type,name
vehicle,#vehicle_boct_mil_boat_tactical_raft_wz_blk
vehicle,#veh_ultimate_turret_wz
vehicle,#vehicle_t8_drone_recon_wz
vehicle,#vehicle_boct_mil_boat_tactical_raft_wz_blk_pc
vehicle,#vehicle_t8_mil_helicopter_gunship_wz_infiltration
vehicle,#vehicle_t8_drone_recon_wz_pc
vehicle,#vehicle_boct_mil_boat_tactical_raft_wz_gry
vehicle,#vehicle_t8_mil_helicopter_light_transport_wz_infil
vehicle,#flying_camera_drone_wz_escape_infil
vehicle,#vehicle_zmb_air_alcatraz_plane
vehicle,#vehicle_t8_mil_helicopter_transport_dark_wz_infiltration
vehicle,#veh_wingsuit_player
vehicle,#vehicle_boct_mil_boat_tactical_raft_wz_gry_pc
vehicle,#vehicle_boct_mil_boat_tactical_raft_wz_odg
vehicle,#vehicle_t8_mil_air_transport_infiltration
vehicle,#vehicle_boct_mil_boat_tactical_raft_wz_odg_pc
vehicle,#vehicle_t8_mil_helicopter_light_transport_wz
vehicle,#hash_7dd2944ddf7cc7e9
model,#wpn_t8_loot_smg_fastburst_mag_mk2_world
model,#wpn_t8_smg_fastfire_sig_01_world
model,#wpn_t8_loot_pistol_auto_sig_02_view
model,#wpn_t8_sniper_sniver_scope_sig_01_world
model,#wpn_t8_sniper_sniver_sig_02_view
model,#wpn_t8_loot_smg_fastburst_sig_02_view
model,#hash_eb2f8fcc553dcd
model,#wpn_t8_tac_rifle_swordfish_mag_view
model,#wpn_t8_loot_smg_fastburst_view
model,#p8_wz_fence_gate_wall_debris_mesh_large
model,#wpn_t8_sniper_koshka_world
model,#attach_t8_wz_pickup_ext_fast_mag
model,#wpn_t8_pistol_standard_sig_01_world
model,#wpn_t8_tac_rifle_swordfish_mag_sig_02_world
model,#wpn_t8_loot_pistol_auto_sig_02_world
model,#wpn_t8_smg_capacity_mk2_world
model,#wpn_t8_loot_melee_amulet_world
model,#wpn_t8_zm_crossbow_impaler_mag_world
model,#veh_t8_mil_helicopter_transport_wz_infiltration
model,#wpn_t8_zm_raygun_mk2_view_orange
model,#wpn_t8_zm_raygun_mk2_world
model,#hash_326cc6a2a2ef6e4
model,#wpn_t8_pistol_standard_sig_02_world
model,#wpn_t8_smg_handling_mag_view
model,#veh_t8_mil_helicopter_light_debris_rotor_blade
model,#wpn_t8_zm_eqp_acid_bomb_projectile
model,#p8_wz_ammo_pickup_shotgun
model,#p8_fxanim_wz_supply_stash_ammo_mod
model,#wpn_t8_sig_grapple_gun_view
model,#wpn_t8_tac_rifle_mid_burst_mk2_world
model,#wpn_t8_sniper_semiauto_view
model,#wpn_t8_sniper_vanguard_world
model,#wpn_t8_ar_heavy_sig_02_view
model,#p8_fxanim_test_concertina_wire_mod
model,#wpn_t8_lmg_plr_mag_sig_02_world
model,#p8_wz_door_01_latch
model,#wpn_t8_smg_mp9_sig_02_mag_world
model,#wpn_t8_knife_bowie_view
model,#wpn_t8_ar_accurate_sig_03_view
model,#wpn_t8_basketball_world
model,#wpn_t8_smg_accurate_mag_sig_01_world
model,#wpn_t8_loot_shotgun_fullauto_mag_view
model,#wpn_t8_ar_accurate_mag_sig_02_world
model,#p8_wz_fence_gate_wall_debris_mesh_small
model,#wpn_t8_zm_akud_view
model,#wpn_t8_sniper_power_semi_world
model,#veh_t8_drone_wasp_piece_wing_rocket_right_mp
model,#wpn_t8_loot_tac_rifle_flechette_world
model,#p8_wz_perk_pickups_consumer
model,#p8_wz_debris_metal_door_scrap_05
model,#p8_wz_debris_metal_door_scrap_04
model,#p8_wz_debris_metal_door_scrap_03
model,#p8_wz_debris_metal_door_scrap_02
model,#wpn_t8_eqp_grenade_concussion_view
model,#veh_t8_mil_helicopter_attack_rockets_attach_wz
model,#wpn_t8_pistol_revolver_mk2_view
model,#p7_fxp_debris_dirt_clod_03_brown
model,#wpn_t8_smg_accurate_mag_sig_02_view
model,#wpn_t8_sniper_vanguard_mag_sig_02_world
model,#hash_8198de4f58b00a0
model,#fx_char_gib_chunk_meat01
model,#wpn_t8_pistol_standard_view
model,#wpn_t8_loot_sniper_locus_view
model,#wpn_t8_ar_stealth_world
model,#veh_t8_drone_rcxd_wires_attach
model,#c_t8_zmb_mob_zombie_body2_g_behead
model,#wpn_t8_zm_ar_lever_action_world
model,#wpn_t8_ar_stealth_mag_world
model,#p8_zm_chaos_ball_01
model,#wpn_t8_tac_rifle_surgeon_sig_01_view
model,#veh_t8_drone_recon
model,#p8_box_electric_commercial_lrg_01_allstates
model,#p8_wz_perk_pickups_lightweight
model,#wpn_t8_ar_accurate_mag_sig_01_world
model,#wpn_t8_lmg_hades_sig_01_view
model,#p8_fxp_zm_energy_portal_alctrz
model,#p8_mp_spe_armor_light
model,#wpn_t8_loot_smg_fastburst_sig_02_world
model,#wpn_t8_loot_tac_rifle_flechette_scope_sig_01_view
model,#wpn_t8_sniper_power_semi_sig_01_view
model,#wpn_t8_ar_heavy_mag_mk2_world
model,#wpn_t8_smg_handling_sig_02_view
model,#p8_wz_perk_pickups_awareness
model,#wpn_t8_loot_shotgun_prec_world
model,#wpn_t8_eqp_grenade_emp_projectile_dead
model,#p8_wz_cu_alchemy_coil
model,#wpn_t8_shotgun_semi_sig_02_view
model,#p8_fxp_fluid_tendril_2_water
model,#wpn_t8_sniper_semiauto_world
model,#wpn_t8_tac_rifle_swordfish_mk2_view
model,#wpn_t8_eqp_tripwire_slingshot_world
model,#wpn_t8_loot_melee_polynesian_club_view
model,#p7_fxp_debris_metal_scrap_01
model,#p7_fxp_debris_metal_scrap_02
model,#hash_c8270a7ccb9fb6c
model,#c_t8_zmb_mob_zombie_body2_s_larm
model,#wpn_t8_tac_rifle_mid_burst_scope_sig_01_world
model,#wpn_t8_tac_rifle_swordfish_scope_view
model,#veh_t8_mil_boat_tactical_raft_gry
model,#wpn_t8_tac_rifle_surgeon_scope_world
model,#wpn_t8_pistol_standard_clip_sig_02_world
model,#wpn_t8_loot_sniper_locus_mag_world
model,#wpn_t8_smg_mp9_sig_01_view
model,#p8_fxp_fluid_splash_mud
model,#wpn_t8_tac_rifle_swordfish_scope_sig_02_world
model,#wpn_t8_lmg_titan_world
model,#wpn_t8_smg_fastfire_mag_world
model,#p7_bucket_plastic_5_gal_closed_green
model,#hash_edda1db9f151043
model,#wpn_t8_pistol_burst_mag_world
model,#veh_t8_drone_recon_wz
model,#wpn_t8_hero_war_machine_world
model,#wpn_t8_smg_handling_mag_mk2_view
model,#wpn_t8_loot_pistol_auto_clip_mk2_world
model,#wpn_t8_tac_rifle_surgeon_mag_sig_02_world
model,#p8_wz_perk_pickups_paranoia
model,#p8_wz_door_01_turbine
model,#wpn_t8_loot_melee_polynesian_club_world
model,#wpn_t8_ar_k57_world
model,#wpn_t8_zm_ar_lever_action_view
model,#p8_wz_perk_pickups_squadlink
model,#p7_ris_fence_gate_wall
model,#fx_rifle_shell
model,#wpn_t8_lmg_plr_mag_sig_02_view
model,#wpn_t8_smg_capacity_mk2_view
model,#wpn_t8_ar_heavy_mk2_world
model,#wpn_t8_shotgun_semi_mag_view
model,#wpn_t8_loot_tac_rifle_flechette_mag_mk2_world
model,#wpn_t8_sniper_koshka_mag_sig_02_view
model,#wpn_t8_sniper_koshka_view
model,#hash_11c392427f075d7e
model,#wpn_t8_launcher_standard_world
model,#wpn_t8_loot_ar_peacekeeper_mag_mk2_view
model,#c_t8_zmb_mob_zombie_body1_g_rlegoff
model,#wpn_t8_loot_tac_rifle_flechette_mag_world
model,#wpn_t8_tac_rifle_mid_burst_mag_view
model,#wpn_t8_smg_handling_mag_sig_02_world
model,#wpn_t8_tac_rifle_swordfish_sig_02_view
model,#wpn_t8_loot_melee_action_figure_view
model,#wpn_t8_eqp_drone_hawk_view
model,#wpn_t8_launcher_standard_stow
model,#wpn_t8_zm_blundergat_world
model,#attach_t8_ar_stealth_bayonet_sig_01_world
model,#hash_13961b9f189661cf
model,#wpn_t8_loot_smg_fastburst_mag_view
model,#wpn_t8_loot_smg_folding_mag_mk2_view
model,#wpn_t8_tac_rifle_surgeon_world
model,#wpn_t8_tac_rifle_swordfish_scope_sig_02_ads
model,#wpn_t8_wpn_lmg_hades_view
model,#wpn_t8_eqp_drone_hawk_world_static
model,#wpn_t8_ar_k57_mag_sig_02_view
model,#wpn_t8_crossbow_special_mag_view
model,#wpn_t8_tac_rifle_swordfish_scope_sig_02_view
model,#wpn_t8_loot_pistol_auto_world
model,#wpn_t8_sniper_power_semi_scope_world
model,#wpn_t8_loot_tac_rifle_flechette_mag_sig_01_view
model,#attach_t8_tac_rifle_mid_burst_uber_world
model,#attach_t8_wz_pickup_hybrid_optic
model,#wpn_t8_smg_accurate_mag_world
model,#wpn_t8_tac_rifle_swordfish_scope_world
model,#wpn_t8_smg_fastfire_mag_sig_01_view
model,#wpn_t8_shotgun_semi_sig_01_world
model,#wpn_t8_loot_smg_folding_mag_world
model,#wpn_t8_smg_accurate_mag_sig_03_world
model,#wpn_t8_pistol_burst_sig_01_world
model,#wpn_t8_eqp_grenade_frag_world
model,#veh_t8_drone_rcxd_decals_attach
model,#hash_16a4ff3fe4cb9636
model,#wpn_t8_tac_rifle_mid_burst_mag_world
model,#p7_book_vintage_open_01_burn
model,#wpn_t8_eqp_smartcover_cover_spawn_panel_left_top_dmg01
model,#veh_t8_mil_air_transport_mp_dark
model,#wpn_t8_smg_accurate_sig_03_world
model,#wpn_t8_loot_tac_rifle_flechette_scope_view
model,#wpn_t8_ar_k57_mag_sig_03_world
model,#wpn_t8_loot_ar_peacekeeper_mag_view
model,#wpn_t8_loot_ar_standard_mk2_view
model,#p8_col_rock_large_04
model,#hash_181a627b8dcf4e2b
model,#wpn_t8_lmg_plr_view_mk2
model,#wpn_t8_shotgun_semi_mag_sig_02_view
model,#wpn_t8_ar_stealth_mag_sig_02_view
model,#wpn_t8_sig_blade_view
model,#veh_t8_mil_helicopter_light_debris_fastrope_bar
model,#attach_t8_ar_stealth_bayonet_view
model,#wpn_t8_loot_lmg_mk48_mk2_world
model,#wpn_t8_ar_fastfire_view
model,#wpn_t8_smg_fastfire_view
model,#attach_t8_optic_reflex_world
model,#p8_fxp_fluid_splash_water
model,#wpn_t8_lmg_titan_sig_02_mag_view
model,#p7_book_vintage_02_burn
model,#veh_t8_mil_boat_tactical_raft_outboard_motor_attach_blk
model,#c_t8_zmb_mob_zombie_body2_g_llegoff
model,#wpn_t8_equip_smartcover_view
model,#wpn_t8_eqp_turret_mini_world
model,#c_t8_zmb_homunculus_fb1_wz
model,#wpn_t8_sniper_sniver_scope_ads_sig_01_view
model,#wpn_t8_tac_rifle_swordfish_world
model,#wpn_t8_loot_smg_fastburst_mag_world
model,#wpn_t8_lmg_plr_sig_01_world
model,#wpn_t8_wz_water_balloon_world
model,#p7_zm_ctl_tool_fireplace_poker
model,#wpn_t8_ar_fastfire_mag_sig_02_view
model,#hash_1b28922a794cfdcb
model,#wpn_t8_loot_lmg_mk48_world
model,#p8_crate_wood_short_02
model,#c_t8_zmb_mob_zombie_head2_cage
model,#p7_can_metal_01
model,#wpn_t8_loot_tac_rifle_flechette_scope_world
model,#wpn_t8_tac_rifle_swordfish_scope_sig_01_view
model,#p8_backpack_military
model,#wpn_t8_sniper_vanguard_mag_sig_02_view
model,#p8_wz_door_01_array
model,#p7_tools_jar_glass_bolts
model,#wpn_t8_loot_smg_fastburst_mk2_world
model,#wpn_t8_smg_handling_view
model,#wpn_t8_tac_rifle_surgeon_scope_view
model,#p8_wz_perk_pickups_outlander
model,#hash_1db994b5fa2794bb
model,#hash_1dc37b90c5f88a46
model,#wpn_t8_loot_tac_rifle_flechette_sig_01_view
model,#p8_fxanim_wz_supply_stash_magic_box_mod
model,#wpn_t8_eqp_flare_gun_view
model,#wpn_t8_melee_hatchet_view
model,#wpn_t8_tac_rifle_mid_burst_mag_mk2_view
model,#wpn_t8_ar_accurate_mag_world
model,#wpn_t8_ar_heavy_mag_view
model,#wpn_t8_lmg_titan_mag_world
model,#hash_1e99caf690b5897c
model,#wpn_t8_ar_accurate_sig_01_world
model,#fx_char_gib_chunk_flesh02
model,#fx_char_gib_chunk_flesh03
model,#wpn_t8_lmg_plr_view
model,#wpn_t8_tac_rifle_swordfish_scope_mk2_view
model,#wpn_t8_smg_handling_sig_02_world
model,#veh_t8_mil_helicopter_attack_rotor_blur_attach
model,#wpn_t8_sniper_sniver_sig_02_world
model,#p8_wz_ep_fishing_pole
model,#p7_tools_jar_glass_nails_screws
model,#wpn_t8_sniper_power_semi_sig_02_view
model,#wpn_t8_sniper_koshka_mk2_view
model,#p8_zm_esc_gondola_lift
model,#wpn_t8_zm_crossbow_view
model,#wpn_t8_loot_shotgun_fullauto_mag_sig_view
model,#attach_t8_tac_rifle_mid_burst_uber_view
model,#wpn_t8_smg_handling_mag_mk2_world
model,#wpn_t8_pistol_burst_mag_sig_01_world
model,#wpn_t8_sniper_power_semi_sig_02_world
model,#p7_books_office_row_02
model,#p7_books_office_row_01
model,#wpn_t8_loot_smg_minigun_mag_world
model,#p8_zm_wall_buy_symbol_01_top
model,#wpn_t8_eqp_grenade_smoke_world
model,#wpn_t8_sniper_vanguard_mk2_view
model,#wpn_t8_smg_handling_sig_01_view
model,#wpn_t8_tac_rifle_mid_burst_scope_view
model,#wpn_t8_eqp_datapad_world
model,#wpn_t8_loot_ar_standard_mag_mk2_view
model,#wpn_t8_loot_sniper_mini14_mag_mk2_view
model,#hash_22e8d1ae72884594
model,#veh_t8_drone_rcxd_a_arm_spawn_model
model,#wpn_t8_tac_rifle_swordfish_scope_ads
model,#wpn_t8_smg_handling_world
model,#wpn_t8_zm_monkey_bomb_view
model,#wpn_t8_shotgun_semi_mag_sig_02_world
model,#wpn_t8_loot_smg_minigun_world
model,#wpn_t8_tac_rifle_swordfish_scope_mk2_world
model,#c_t8_zmb_mob_zombie_body2_g_rlegoff
model,#p7_glassware_whiskey_01
model,#p8_fxp_fluid_splash_blood
model,#wpn_t8_eqp_grenade_emp_view
model,#p7_fir_plywood_plank_4x8_04
model,#wpn_t8_hero_war_machine_projectile
model,#wpn_t8_smg_mp9_mag_view
model,#wpn_t8_sniper_vanguard_sig_01_view
model,#hash_25059d5ba846312d
model,#wpn_t8_loot_ar_standard_mag_mk2_world
model,#attach_t8_optic_holo_world
model,#c_t8_zmb_mob_zombie_body2_g_lowclean
model,#hash_2577e93af00b6194
model,#wpn_t8_sig_annihilator_world
model,#p8_wz_armor_scrap
model,#wpn_t8_pistol_revolver_mk2_world
model,#wpn_t8_zm_mp40_mag_view
model,#c_t8_zmb_mob_zombie_head4_cage
model,#veh_t8_mil_boat_tactical_raft_blk
model,#p8_box_cardboard_d_closed_wet
model,#attach_t8_optic_ironsights_sniper_rear_view
model,#wpn_t8_loot_ar_an94_mag_world
model,#veh_t8_mil_helicopter_light_tail_rotor_blur_attach
model,#wpn_t8_smg_mp9_view
model,#wpn_t8_eqp_smartcover_cover_blue_fac_10
model,#p8_heist_bank_money_bundle_packaged
model,#wpn_t8_ar_heavy_mk2_view
model,#c_t8_zmb_mob_brutus_boss_body
model,#wpn_t8_eqp_datapad_view
model,#p8_wz_door_garage_mechanical_frame_button
model,#hash_28e8d03797747889
model,#wpn_t8_zm_akud_world
model,#wpn_t8_eqp_trophy_system_world
model,#p8_wz_ammo_pickup_rockets
model,#wpn_t8_loot_shotgun_fullauto_mag_mk2_view
model,#wpn_t8_ar_fastfire_mag_world
model,#wpn_t8_zm_raygun_mk2_world_purple
model,#wpn_t8_lmg_plr_mag_sig_01_world
model,#wpn_t8_sniper_sniver_scope_sig_01_view
model,#hash_2a16aa22e8874d06
model,#wpn_t8_pistol_burst_mag_sig_02_world
model,#wpn_t8_smg_capacity_view
model,#wpn_t8_smg_fastfire_mag_sig_02_view
model,#p8_zm_esc_nixie_tubes
model,#wpn_t8_lmg_plr_world_mk2
model,#hash_2a5f03ab9f498e4f
model,#wpn_t8_loot_lmg_mk48_clip_world
model,#wpn_t8_pistol_standard_sig_02_view
model,#wpn_t8_wz_ar_heavy_view
model,#wpn_t8_eqp_grenade_concussion_projectile
model,#wpn_t8_eqp_radar_shroud_gun_world
model,#p8_fxanim_zm_esc_power_station_panel_01_mod
model,#p8_wz_perk_pickups_brawler
model,#wpn_t8_zm_homunculus_world
model,#wpn_t8_loot_sniper_mini14_mag_view
model,#wpn_t8_eqp_smartcover_cover_spawn_panel_left_dmg01
model,#hash_2b297e9be5113fd3
model,#c_t8_zmb_mob_zombie_body2_g_larmoff
model,#attach_t8_wz_pickup_ext_barrel
model,#p7_debris_rockychunks_small_01
model,#p7_debris_rockychunks_small_12
model,#wpn_t8_sniper_sniver_world
model,#wpn_t8_loot_smg_fastburst_mag_mk2_view
model,#wpn_t8_smg_handling_mag_sig_01_view
model,#hash_2bce8292eb632293
model,#veh_t8_mil_helicopter_attack_wz_light
model,#wpn_t8_loot_lmg_mk48_mk2_view
model,#wpn_t8_smg_accurate_sig_02_view
model,#wpn_t8_sig_annihilator_view
model,#p8_fxanim_zm_esc_power_panel_bldg64_03_mod
model,#wpn_t8_smg_mp9_sig_01_world
model,#wpn_t8_eqp_grenade_frag_projectile
model,#wpn_t8_ar_accurate_view
model,#wpn_t8_eqp_semtex_cluster_view
model,#wpn_t8_loot_smg_minigun_mag_view
model,#wpn_t8_wpn_lmg_hades_mag_world
model,#wpn_t8_lmg_titan_sig_01_mag_view
model,#wpn_t8_tac_rifle_mid_burst_mag_sig_01_world
model,#veh_t8_mil_helicopter_light_interior_attach
model,#fx_debris_stone_01
model,#veh_t8_drone_rcxd_handle_spawn_model
model,#wpn_t8_loot_melee_coinbag_view
model,#p8_wz_cu_typewriter_vintage
model,#p8_box_electric_commercial_sml_01_allstates
model,#wpn_t8_shotgun_semi_sig_02_world
model,#wpn_t8_sniper_koshka_mag_sig_02_world
model,#c_t8_zmb_mob_zombie_body2_s_lleg
model,#fx_axis_createfx
model,#wpn_t8_loot_smg_vmp_view
model,#wpn_t8_smg_mp9_sig_02_mag_view
model,#p7_gib_chunk_fat
model,#c_t8_zmb_mob_brutus_head
model,#wpn_t8_loot_sniper_locus_world
model,#wpn_t8_lmg_plr_world
model,#wpn_t8_smg_capacity_mag_sig_02_world
model,#p8_box_cardboard_c_closed
model,#hash_3021ed625cacf7b1
model,#attach_t8_wz_pickup_foregrip
model,#wpn_t8_pistol_burst_world
model,#wpn_t8_zm_crossbow_impaler_projectile
model,#veh_t8_mil_helicopter_light_debris_skids
model,#wpn_t8_eqp_turret_mini_mount_fx
model,#veh_t8_drone_rcxd_wheel_left_attach
model,#c_t8_zmb_mob_zombie_body2_g_upclean
model,#wpn_t8_tac_rifle_mid_burst_sig_01_view
model,#hash_31771af97bf3d0d5
model,#wpn_t8_wpn_lmg_hades_world
model,#p7_mou_snow_chunk_01
model,#p7_mou_snow_chunk_04
model,#wpn_t8_eqp_grenade_emp_projectile
model,#wpn_t8_loot_ar_an94_world
model,#wpn_t8_loot_ar_standard_sig_02_world
model,#wpn_t8_shotgun_semi_mag_sig_01_world
model,#p8_wz_perk_pickups_engineer
model,#wpn_t8_smg_accurate_world
model,#wpn_t8_lmg_titan_sig_02_view
model,#wpn_t8_tac_rifle_mid_burst_scope_ads_sig_02_view
model,#wpn_t8_eqp_concertina_wire_world
model,#wpn_t8_loot_smg_vmp_mag_view
model,#wpn_t8_loot_tac_rifle_damageburst_mag_view
model,#wpn_t8_loot_pistol_auto_clip_world
model,#wpn_t8_loot_shotgun_fullauto_mag_mk2_world
model,#wpn_t8_loot_pistol_auto_clip_sig_02_world
model,#veh_t8_drone_wasp_piece_body_mp
model,#wpn_t8_loot_smg_folding_view
model,#wpn_t8_eqp_turret_mini_camera_fx
model,#attach_t8_ar_stealth_bayonet_sig_02_view
model,#veh_t8_drone_rcxd_wheel_attach_mp_light
model,#attach_t8_loot_smg_vmp_fast_mag_world
model,#wpn_t8_tac_rifle_swordfish_sig_01_view
model,#wpn_t8_smg_mp9_world
model,#wpn_t8_loot_sniper_mini14_world
model,#veh_t8_mil_helicopter_light_decals_attach
model,#wpn_t8_zm_mp40_mag_world
model,#wpn_t8_tac_rifle_swordfish_mag_mk2_world
model,#wpn_t8_pistol_standard_clip_world
model,#wpn_t8_pistol_revolver_sig_02_view
model,#wpn_t8_smg_capacity_mag_world
model,#wpn_t8_lmg_titan_sig_01_view
model,#wpn_t8_mil_drone_dart_world
model,#wpn_t8_eqp_semtex_cluster_world
model,#veh_t8_drone_rcxd_wheel_attach
model,#veh_t8_mil_helicopter_light_bench_black_attach
model,#wpn_t8_loot_ar_double_barrel_mag_view
model,#hash_363cce898063083f
model,#wpn_t8_ar_stealth_mag_mk2_view
model,#veh_t8_mil_boat_tactical_raft_dead_odg
model,#wpn_t8_smg_fastfire_mk2_view
model,#wpn_t8_lmg_plr_mag_view
model,#wpn_t8_tac_rifle_surgeon_scope_ads_sig_02_view
model,#veh_t8_mil_boat_tactical_raft_outboard_motor_attach_odg
model,#wpn_t8_eqp_semtex_cluster_projectile
model,#wpn_t8_zm_crossbow_impaler_mag_view
model,#wpn_t8_loot_tac_rifle_damageburst_world
model,#wpn_t8_loot_tac_rifle_flechette_scope_ads_sig_01_view
model,#p7_medical_surgical_tools_knife
model,#attach_t8_optic_float_dot_world
model,#veh_t8_mil_helicopter_light_seat_attach
model,#wpn_t8_ar_k57_mag_mk2_world
model,#p8_fxp_fluid_droplet_blood
model,#wpn_t8_shotgun_pump_mk2_view
model,#veh_t8_mil_helicopter_attack_rockets_attach
model,#p8_wz_cu_respirator
model,#wpn_t8_loot_tac_rifle_flechette_mag_sig_01_world
model,#p8_fxanim_wz_supply_stash_01_mod
model,#wpn_t8_loot_ar_standard_mag_world
model,#wpn_t8_smg_mp9_sig_02_view
model,#wpn_t8_pistol_standard_clip_sig_02_view
model,#wpn_t8_smg_capacity_mag_sig_01_view
model,#c_t8_zmb_mob_zombie_body1
model,#c_t8_zmb_mob_zombie_body2
model,#wpn_t8_eqp_turret_mini_prop_spawn_model_panel_lt
model,#wpn_t8_ar_k57_mag_mk2_view
model,#wpn_t8_eqp_turret_mini_prop_spawn_model_panel_rt
model,#p7_water_container_plastic_small_yellow
model,#wpn_t8_crossbow_special_projectile
model,#wpn_t8_smg_accurate_sig_03_view
model,#p8_wz_ammo_pickup_338
model,#wpn_t8_melee_hatchet_world
model,#wpn_t8_loot_melee_slay_bell_world
model,#wpn_t8_loot_ar_peacekeeper_world
model,#wpn_t8_zm_raygun_mk2_world_blue
model,#wpn_t8_tac_rifle_mid_burst_scope_mk2_ads
model,#wpn_t8_loot_ar_peacekeeper_mag_world
model,#veh_t8_mil_helicopter_light_bench_attach
model,#wpn_t8_zm_blundergat_view
model,#wpn_t8_sniper_vanguard_sig_02_world
model,#wpn_t8_eqp_molotov_view
model,#wpn_t8_loot_pistol_auto_view
model,#wpn_t8_eqp_grenade_emp_world
model,#wpn_t8_smg_fastfire_mag_sig_01_world
model,#wpn_t8_lmg_plr_sig_02_world
model,#hash_3bea45124bec7d5b
model,#veh_t8_mil_helicopter_light_debris_fuselage
model,#wpn_t8_sniper_power_semi_mag_view
model,#p8_fxanim_wz_target_dummy_01_mod
model,#c_t8_zmb_mob_brutus_body
model,#p7_gib_chunk_flesh_01
model,#p7_gib_chunk_flesh_03
model,#p7_gib_chunk_flesh_02
model,#wpn_t8_loot_sniper_locus_mag_view
model,#wpn_t8_smg_accurate_sig_01_view
model,#wpn_t8_crossbow_special_world
model,#c_t8_zmb_mob_zombie_body2_s_rleg
model,#p7_toolbox_handheld_small_red
model,#wpn_t8_sniper_vanguard_sig_01_world
model,#wpn_t8_ar_accurate_sig_01_view
model,#hash_3d920e7ddbaee55d
model,#wpn_t8_lmg_titan_mag_view
model,#wpn_t8_loot_melee_slay_bell_view
model,#wpn_t8_ar_galil_mag_view
model,#p8_heist_bank_money_bundle_01
model,#p8_heist_bank_money_bundle_02
model,#c_t8_zmb_mob_zombie_body1_g_llegoff
model,#wpn_t8_ar_stealth_mk2_view
model,#p8_fxp_fluid_tendril_1_water
model,#wpn_t8_ar_k57_sig_02_view
model,#wpn_t8_zm_lmg_mg08_world
model,#wpn_t8_pistol_burst_mag_sig_01_view
model,#wpn_t8_zm_mp40_world
model,#hash_3ecd8791fe2c8363
model,#wpn_t8_smg_fastfire_mag_mk2_world
model,#p8_zm_zod_magazine
model,#wpn_t8_loot_shotgun_fullauto_sig_view
model,#wpn_t8_shotgun_pump_sig_01_world
model,#p7_fir_ball_sports_basketball
model,#wpn_t8_smg_accurate_mag_view
model,#wpn_t8_pistol_standard_world
model,#wpn_t8_tac_rifle_mid_burst_world
model,#wpn_t8_grapple_gun_projectile
model,#wpn_t8_zm_lmg_mg08_mag_world
model,#wpn_t8_ar_fastfire_sig_01_view
model,#veh_t8_mil_helicopter_light_debris_tail
model,#veh_t8_drone_wasp_piece_wing_rocket_left_mp
model,#wpn_t8_pistol_burst_mag_sig_02_view
model,#wpn_t8_ar_accurate_sig_02_view
model,#wpn_t8_zm_lmg_mg08_view
model,#wpn_t8_sniper_koshka_mag_view
model,#p7_gib_chunk_bone_01
model,#p7_gib_chunk_bone_03
model,#p7_gib_chunk_bone_02
model,#wpn_t8_launcher_standard_projectile_view
model,#wpn_t8_loot_smg_fastburst_mag_sig_02_world
model,#hash_418c075f73d35766
model,#wpn_t8_ar_k57_view
model,#attach_t8_ar_stealth_bayonet_sig_02_world
model,#wpn_t8_equip_smartcover_world
model,#wpn_t8_shotgun_pump_sig_01_view
model,#wpn_t8_eqp_turret_mini_view
model,#fx_bullet_chain_blur
model,#wpn_t8_lmg_plr_mag_world
model,#wpn_t8_lmg_plr_sig_02_view
model,#wpn_t8_tac_rifle_mid_burst_scope_ads_sig_01_view
model,#veh_t8_mil_air_transport_cargo_bay_attach
model,#wpn_t8_tac_rifle_mid_burst_mag_sig_02_view
model,#wpn_t8_lmg_hades_mag_sig_01_world
model,#wpn_t8_smg_fastfire_sig_01_view
model,#wpn_t8_shotgun_pump_sig_02_world
model,#wpn_t8_wz_spork_view
model,#wpn_t8_zm_freeze_gun_world_upgraded
model,#hash_43c7aff3bdb16eac
model,#wpn_t8_hero_war_machine_view
model,#wpn_t8_ar_k57_mag_view
model,#veh_t8_drone_rcxd_bumper_spawn_model
model,#veh_t8_mil_boat_tactical_raft_outboard_motor_attach
model,#p8_wz_perk_pickups_deadsilence
model,#wpn_t8_loot_pistol_auto_clip_sig_02_view
model,#wpn_t8_eqp_grenade_smoke_projectile
model,#p7_zm_ver_toilet_vintage_no_lid
model,#wpn_t8_smg_handling_mk2_world
model,#wpn_t8_loot_melee_stop_sign_view
model,#p7_medicine_bottles_clump
model,#wpn_t8_smg_capacity_mag_sig_02_view
model,#wpn_t8_tac_rifle_surgeon_mag_sig_01_view
model,#veh_t8_drone_rcxd_wheel_spawn_model
model,#wpn_t8_pistol_burst_view
model,#wpn_t8_ar_accurate_sig_03_world
model,#wpn_t8_loot_shotgun_prec_view
model,#c_t8_zmb_mob_zombie_body1_g_blegsoff
model,#wpn_t8_ar_stealth_sig_01_world
model,#wpn_t8_loot_sniper_mini14_view
model,#wpn_t8_loot_smg_folding_mag_mk2_world
model,#c_t8_zmb_mob_brutus_boss_head
model,#wpn_t8_shotgun_semi_sig_01_view
model,#wpn_t8_loot_smg_vmp_world
model,#wpn_t8_ar_accurate_mag_sig_01_view
model,#wpn_t8_wpn_lmg_hades_mag_view
model,#attach_t8_lmg_hades_snake_base_sig_01_view
model,#wpn_t8_loot_smg_vmp_mag_world
model,#wpn_t8_ar_stealth_mk2_world
model,#c_t8_zmb_mob_brutus_boss_baton
model,#attach_t8_wz_pickup_suppressor
model,#hash_4856656fba9d331e
model,#wpn_t8_loot_shotgun_fullauto_mk2_view
model,#wpn_t8_pistol_burst_mag_view
model,#veh_t8_mil_helicopter_light_transport_warzone_dest
model,#wpn_t8_loot_melee_amulet_prop
model,#wpn_t8_shotgun_pump_world
model,#fx_pistol_shell_blur
model,#wpn_t8_ar_fastfire_mag_sig_01_world
model,#wpn_t8_loot_smg_fastburst_mk2_view
model,#wpn_t8_loot_lmg_mk48_view
model,#c_t8_zmb_mob_zombie_body1_g_rarmoff
model,#wpn_t8_sig_bow_world
model,#wpn_t8_loot_sniper_mini14_mag_world
model,#p8_wz_door_01
model,#wpn_t8_shotgun_pump_mk2_world
model,#wpn_t8_loot_tac_rifle_flechette_sig_01_world
model,#p8_wz_supply_stash_health_lvl3
model,#p8_wz_supply_stash_health_lvl2
model,#wpn_t8_loot_shotgun_fullauto_mag_sig_world
model,#hash_4acf86ecef26787e
model,#p8_fxanim_wz_rollup_door_medium_mod
model,#wpn_t8_loot_melee_stop_sign_world
model,#collision_clip_wall_256x256x10
model,#wpn_t8_ar_k57_mag_sig_02_world
model,#wpn_t8_eqp_trophy_system_static
model,#c_t8_zmb_mob_zombie_body1_g_larmoff
model,#p8_wz_ammo_pickup_556
model,#wpn_t8_tac_rifle_mid_burst_sig_02_world
model,#p7_fxp_debris_dirt_clod_01_brown
model,#wpn_t8_loot_smg_folding_mag_view
model,#wpn_t8_ar_fastfire_mag_sig_01_view
model,#wpn_t8_loot_ar_peacekeeper_mk2_world
model,#p8_wz_perk_pickups_reinforced
model,#wpn_t8_tac_rifle_surgeon_scope_sig_02_view
model,#wpn_t8_crossbow_special_view
model,#wpn_t8_eqp_turret_mini_leg_fx
model,#attach_t8_wz_pickup_pistol_grip
model,#wpn_t8_sig_flamethrower_world
model,#wpn_t8_loot_sniper_mini14_mk2_world
model,#fx_char_gib_chunk_bone02
model,#fx_char_gib_chunk_bone03
model,#fx_char_gib_chunk_bone01
model,#c_t8_zmb_mob_zombie_body2_s_rarm
model,#wpn_t8_sniper_vanguard_mag_mk2_world
model,#wpn_t8_zm_freeze_gun_view_upgraded
model,#p8_wz_cu_keychain
model,#wpn_t8_tac_rifle_mid_burst_scope_mk2_world
model,#p8_zm_wall_buy_symbol_01
model,#wpn_t8_loot_shotgun_fullauto_mk2_world
model,#wpn_t8_loot_shotgun_fullauto_sig_world
model,#p8_fxanim_zm_esc_power_station_panel_02_mod
model,#wpn_t8_tac_rifle_mid_burst_scope_mk2_view
model,#wpn_t8_loot_ar_standard_mag_view
model,#p8_fxanim_zm_esc_power_station_panel_03_mod
model,#wpn_t8_smg_fastfire_mk2_world
model,#veh_t8_mil_helicopter_attack_engine_exhaust_attach
model,#p8_heist_duffel_bag_set_open
model,#wpn_t8_loot_pistol_auto_clip_mk2_view
model,#skybox_default_day
model,#wpn_t8_tac_rifle_mid_burst_sig_01_world
model,#wpn_t8_tac_rifle_swordfish_view
model,#wpn_t8_smg_accurate_mag_sig_03_view
model,#wpn_t8_shotgun_pump_view
model,#wpn_t8_pistol_revolver_view
model,#c_t8_c_zom_avagadro_fb
model,#hash_4fe041e08384c49f
model,#wpn_t8_ar_accurate_mag_sig_03_world
model,#wpn_t8_sniper_koshka_mag_mk2_view
model,#p8_wz_door_01_farm
model,#c_t8_zmb_mob_zombie_body1_g_lowclean
model,#wpn_t8_zm_crossbow_impaler_world
model,#wpn_t8_loot_lmg_mk48_clip_mk2_view
model,#wpn_t8_zm_tomahawk_view
model,#wpn_t8_smg_accurate_mag_sig_02_world
model,#wpn_t8_ar_stealth_sig_02_view
model,#wpn_t8_eqp_flare_gun_world
model,#wpn_t8_tac_rifle_surgeon_sig_02_world
model,#p7_book_vintage_02
model,#p7_book_vintage_05
model,#p8_crate_wood_milk_01
model,#c_t8_zmb_mob_brutus_boss_helmet
model,#p8_wz_ammo_pickup_50
model,#wpn_t8_loot_tac_rifle_flechette_view
model,#attach_t8_lmg_hades_snake_base_sig_01_world
model,#veh_t8_mil_boat_tactical_raft_odg
model,#wpn_t8_tac_rifle_swordfish_mag_sig_02_view
model,#p8_hijacked_rubber_bumper_02
model,#wpn_t8_sniper_power_semi_mag_world
model,#wpn_t8_eqp_grenade_concussion_projectile_dead
model,#p7_medical_gauze_roll_sealed
model,#wpn_t8_pistol_standard_clip_view
model,#wpn_t8_pistol_revolver_world
model,#wpn_t8_smg_handling_mag_sig_01_world
model,#wpn_t8_tac_rifle_surgeon_mag_view
model,#wpn_t8_eqp_smartcover_cover_spawn_panel_right_dmg01
model,#p8_zm_esc_nixie_tubes_on
model,#wpn_t8_ar_stealth_mag_mk2_world
model,#p7_medicine_bottle_single
model,#wpn_t8_ar_heavy_mag_mk2_view
model,#wpn_t8_loot_tac_rifle_flechette_scope_mk2_view
model,#wpn_t8_ar_k57_mag_world
model,#wpn_t8_smg_fastfire_mag_view
model,#wpn_t8_ar_fastfire_world
model,#wpn_t8_ar_heavy_mag_world
model,#hash_54d1187fdf17b452
model,#wpn_t8_smg_mp9_mag_world
model,#veh_t8_mil_boat_tactical_raft_dead_blk
model,#wpn_t8_loot_melee_zombie_arm_world
model,#p8_mp_spe_armor_medium
model,#wpn_t8_loot_melee_amulet_view
model,#veh_t8_drone_rcxd_decals_attach_mp_light
model,#wpn_t8_loot_melee_gift_axe_world
model,#hash_55c23dab9051b8fb
model,#wpn_t8_smg_capacity_sig_01_view
model,#wpn_t8_tac_rifle_mid_burst_mag_mk2_world
model,#hash_5613f0194f5128f9
model,#wpn_t8_wz_water_balloon_view
model,#wpn_t8_loot_tac_rifle_flechette_mk2_world
model,#wpn_t8_smg_fastfire_mag_mk2_view
model,#p8_box_electric_commercial_sml_01
model,#attach_t8_wz_pickup_stock
model,#wpn_t8_shotgun_semi_world
model,#wpn_t8_pistol_burst_sig_02_world
model,#attach_t8_optic_red_dot_world
model,#fx_bullet_chain
model,#veh_t8_mil_helicopter_attack_decals_attach_mp_light
model,#wpn_t8_sniper_sniver_view
model,#wpn_t8_smg_fastfire_sig_02_view
model,#p7_box_cardboard_c_closed
model,#wpn_t8_smg_capacity_sig_01_world
model,#wpn_t8_loot_tac_rifle_flechette_mag_view
model,#p8_fxanim_wz_supply_stash_health_mod
model,#wpn_t8_smg_capacity_sig_02_view
model,#wpn_t8_zm_lmg_mg08_mag_view
model,#wpn_t8_sniper_koshka_mag_world
model,#wpn_t8_launcher_standard_view
model,#wpn_t8_zm_raygun_mk2_view
model,#wpn_t8_sniper_power_semi_mag_sig_01_view
model,#wpn_t8_lmg_plr_mag_world_mk2
model,#p7_book_vintage_03_burn
model,#hash_58286cd1d8b65b63
model,#wpn_t8_loot_pirate_cutlass_view
model,#wpn_t8_tac_rifle_mid_burst_sig_02_view
model,#wpn_t8_ar_k57_sig_03_view
model,#wpn_t8_loot_tac_rifle_damageburst_mag_world
model,#hash_58f38cb5e7d46a62
model,#wpn_t8_sig_bow_projectile
model,#wpn_t8_sig_flamethrower_view
model,#attach_t8_wz_pickup_fast_mag
model,#p7_spl_toy_beach_ball_01
model,#veh_t8_mil_helicopter_light_fire_extinguisher_attach
model,#wpn_t8_wz_ar_heavy_world
model,#p8_wz_blackjack_cache
model,#wpn_t8_ar_fastfire_sig_02_world
model,#wpn_t8_zm_mp40_view
model,#wpn_t8_ar_stealth_view
model,#wpn_t8_loot_tac_rifle_flechette_scope_sig_01_world
model,#wpn_t8_lmg_titan_sig_01_world
model,#wpn_t8_sniper_semiauto_mag_view
model,#wpn_t8_loot_pistol_auto_clip_view
model,#wpn_t8_smg_capacity_mag_mk2_view
model,#wpn_t8_zm_crossbow_world
model,#p8_wz_perk_pickups_looter
model,#wpn_t8_loot_melee_hammer_demo_view
model,#p8_wz_supply_stash_ammo_blackmarket_decal
model,#veh_t8_mil_helicopter_attack_rotor_blur_attach_mp_dark
model,#wpn_t8_loot_ar_an94_view
model,#p7_gib_chunk_meat_01
model,#p7_gib_chunk_meat_02
model,#p7_gib_chunk_meat_03
model,#p8_fxp_fluid_clump_mud
model,#hash_5cfb80bde1c055ac
model,#wpn_t8_smg_capacity_world
model,#wpn_t8_ar_fastfire_mag_view
model,#veh_t8_drone_rcxd_wheel_left_attach_mp_light
model,#p8_wz_ammo_pickup_762
model,#wpn_t8_tac_rifle_mid_burst_view
model,#wpn_t8_tac_rifle_swordfish_sig_02_world
model,#wpn_t8_lmg_titan_view
model,#c_t8_zmb_mob_zombie_body1_g_upclean
model,#wpn_t8_loot_ar_double_barrel_view
model,#wpn_t8_eqp_tripwire_slingshot_view
model,#wpn_t8_sniper_vanguard_mag_world
model,#wpn_t8_eqp_drone_hawk_world
model,#wpn_t8_eqp_heal_aid_world
model,#wpn_t8_loot_melee_gift_axe_view
model,#wpn_t8_loot_ar_peacekeeper_mk2_view
model,#wpn_t8_eqp_molotov_world
model,#wpn_t8_zm_crossbow_impaler_view
model,#p8_zm_esc_generator_lrg
model,#veh_t8_turret_mini
model,#wpn_t8_smg_capacity_sig_02_world
model,#p8_fxp_fluid_droplet_mud
model,#p7_fxp_debris_rock_01
model,#p7_fxp_debris_rock_02
model,#p7_fxp_debris_rock_03
model,#wpn_t8_zm_raygun_mk2_world_orange
model,#wpn_t8_loot_ar_an94_mag_view
model,#wpn_t8_ar_galil_mag_world
model,#wpn_t8_sniper_koshka_mag_mk2_world
model,#wpn_t8_tac_rifle_swordfish_mk2_world
model,#hash_614592ab57592df6
model,#p8_wz_door_01_assylum
model,#p7_fxp_debris_car_glass_shatter_02
model,#p7_fxp_debris_car_glass_shatter_03
model,#p7_fxp_debris_car_glass_shatter_01
model,#wpn_t8_loot_sniper_mini14_mag_mk2_world
model,#wpn_t8_loot_sniper_mini14_mk2_view
model,#p7_fxp_debris_wood_splinter_02
model,#p7_fxp_debris_wood_splinter_03
model,#p7_fxp_debris_wood_splinter_01
model,#fx_pistol_shell
model,#wpn_t8_loot_smg_folding_mk2_view
model,#wpn_t8_zm_spork_world
model,#hash_61d19335b4846949
model,#wpn_t8_zm_raygun_mk2_view_purple
model,#wpn_t8_tac_rifle_mid_burst_scope_sig_02_world
model,#attach_t8_optic_ironsights_sniper_front_view
model,#wpn_t8_loot_tac_rifle_flechette_scope_mk2_world
model,#p8_mp_spe_armor_heavy
model,#wpn_t8_loot_smg_minigun_view
model,#wpn_t8_zm_eqp_acid_bomb_view
model,#p7_fxp_debris_dirt_clod_02_brown
model,#wpn_t8_loot_ar_peacekeeper_view
model,#p8_wz_fence_gate_wall_debris_horizontal_pole
model,#wpn_t8_smg_accurate_sig_02_world
model,#hash_6283dbe68a37cf13
model,#flying_camera_drone_model
model,#wpn_t8_sniper_semiauto_bullet_01_view
model,#veh_t8_drone_attacker_blockout_attachment
model,#wpn_t8_loot_tac_rifle_flechette_scope_ads_view
model,#wpn_t8_loot_smg_folding_mk2_world
model,#wpn_t8_tac_rifle_surgeon_mag_sig_02_view
model,#wpn_t8_pistol_burst_sig_01_view
model,#hash_638ad0ee7af51140
model,#p8_fxp_fluid_droplet_water
model,#wpn_t8_eqp_grenade_concussion_world
model,#wpn_t8_knife_bowie_world
model,#veh_t8_mil_helicopter_light_engine_exhaust_attach
model,#wpn_t8_loot_tac_rifle_flechette_mag_mk2_view
model,#wpn_t8_smg_handling_mag_world
model,#wpn_t8_smg_fastfire_mag_sig_02_world
model,#wpn_t8_zm_eqp_wraith_fire_view
model,#p8_fxp_fluid_clump_water
model,#hash_64f979abfe77e44d
model,#tag_flash
model,#wpn_t8_loot_smg_folding_world
model,#wpn_t8_zm_raygun_mk2_view_blue
model,#attach_t8_loot_tac_rifle_flechette_dbal_mk2_view
model,#wpn_t8_tac_rifle_mid_burst_scope_sig_01_view
model,#wpn_t8_loot_pistol_auto_mk2_world
model,#c_zom_der_hellhound_fb
model,#p7_ra2_gold_coin
model,#wpn_t8_lmg_plr_mag_view_mk2
model,#wpn_t8_smg_fastfire_sig_02_world
model,#wpn_t8_ar_accurate_world
model,#p7_box_copy_paper_sheet
model,#wpn_t8_zm_eqp_wraith_fire_projectile
model,#wpn_t8_knife_bowie_bloody_world
model,#wpn_t8_loot_ar_standard_view
model,#c_t8_zmb_mob_zombie_body2_g_rarmoff
model,#p8_fxanim_zm_esc_power_panel_bldg64_04_mod
model,#wpn_t8_eqp_grenade_frag_view
model,#wpn_t8_sniper_vanguard_mag_mk2_view
model,#wpn_t8_zm_eqp_wraith_fire_world
model,#wpn_t8_smg_handling_mag_sig_02_view
model,#wpn_t8_lmg_hades_sig_01_world
model,#p8_wz_cu_lion_pauldron
model,#wpn_t8_sniper_koshka_sig_02_world
model,#veh_t8_mil_helicopter_light_main_rotor_blur_attach
model,#wpn_t8_ar_accurate_mag_sig_02_view
model,#wpn_t8_mil_drone_dart_view
model,#wpn_t8_eqp_smartcover_cover_spawn_panel_right_top_dmg01
model,#wpn_t8_tac_rifle_mid_burst_scope_sig_02_view
model,#wpn_t8_smg_handling_mk2_view
model,#wpn_t8_tac_rifle_surgeon_scope_sig_01_view
model,#wpn_t8_zm_monkey_bomb_world
model,#veh_t8_mil_boat_tactical_raft_decal_attach
model,#wpn_t8_smg_mp9_sig_02_world
model,#wpn_t8_smg_handling_sig_01_world
model,#wpn_t8_loot_melee_coinbag_world
model,#wpn_t8_pistol_revolver_sig_01_world
model,#wpn_t8_sniper_power_semi_mag_sig_02_view
model,#p8_wz_door_01_wood
model,#wpn_t8_eqp_concertina_wire_view
model,#wpn_t8_smg_fastfire_world
model,#attach_t8_ar_stealth_bayonet_world
model,#wpn_t8_ar_fastfire_sig_02_view
model,#wpn_t8_eqp_sensor_dart_gun_view
model,#wpn_t8_loot_smg_fastburst_world
model,#wpn_t8_ar_stealth_sig_01_view
model,#wpn_t8_tac_rifle_mid_burst_scope_ads
model,#wpn_t8_ar_k57_mag_sig_03_view
model,#wpn_t8_sniper_koshka_mk2_world
model,#wpn_t8_loot_melee_zombie_arm_view
model,#wpn_t8_sniper_power_semi_view
model,#wpn_t8_sig_bow_dw_world
model,#p8_wz_perk_pickups_medic
model,#wpn_t8_ar_accurate_mag_sig_03_view
model,#veh_t8_mil_helicopter_light_cockpit_attach
model,#tag_origin
model,#wpn_t8_tac_rifle_mid_burst_mag_sig_01_view
model,#hash_6dfb688111729541
model,#veh_t8_mil_boat_tactical_raft_dead_gry
model,#wpn_t8_tac_rifle_mid_burst_scope_world
model,#wpn_t8_lmg_plr_sig_01_view
model,#p8_wz_cu_hat_tanker
model,#veh_t8_mil_boat_tactical_raft_outboard_motor_attach_gry
model,#p8_wz_ammo_pickup_9mm
model,#wpn_t8_ar_k57_sig_03_world
model,#p8_fire_extinguisher_01
model,#wpn_t8_tac_rifle_mid_burst_mag_sig_02_world
model,#veh_t8_mil_helicopter_light_dest_attach
model,#wpn_t8_smg_capacity_mag_mk2_world
model,#veh_t8_mil_helicopter_light_transport_warzone_black_dest
model,#veh_t8_mil_air_transport_mp_light
model,#wpn_t8_lmg_plr_mag_sig_01_view
model,#attach_t8_wz_pickup_ext_mag
model,#c_t8_zmb_mob_brutus_baton
model,#wpn_t8_loot_pirate_cutlass_world
model,#veh_t8_drone_recon_mp_dark
model,#wpn_t8_sniper_vanguard_sig_02_view
model,#wpn_t8_smg_capacity_mag_sig_01_world
model,#wpn_t8_pistol_burst_sig_02_view
model,#wpn_t8_loot_lmg_mk48_clip_view
model,#wpn_t8_ar_stealth_mag_sig_02_world
model,#hash_702802e42e14d89a
model,#wpn_t8_tac_rifle_surgeon_scope_sig_02_world
model,#wpn_t8_smg_accurate_mag_sig_01_view
model,#wpn_t8_tac_rifle_surgeon_mag_world
model,#p8_fire_extinguisher_01_dmg_01
model,#p7_fxp_debris_newspaper_01
model,#c_t8_zmb_mob_brutus_helmet
model,#wpn_t8_eqp_trophy_system_view
model,#wpn_t8_ar_k57_sig_02_world
model,#p7_zm_ctl_book_vintage_row_03
model,#p7_zm_ctl_book_vintage_row_01
model,#wpn_t8_sig_blade_world
model,#wpn_t8_loot_ar_standard_world
model,#p8_wz_perk_pickups_ironlungs
model,#p7_bottle_glass_wine_broken_02
model,#wpn_t8_loot_lmg_mk48_clip_mk2_world
model,#p8_wz_fence_gate_wall_debris_vertical_pole
model,#wpn_t8_zm_homunculus_view
model,#wpn_t8_loot_shotgun_fullauto_view
model,#wpn_t8_eqp_turret_mini_gun_fx
model,#c_t8_zmb_mob_zombie_body1_g_behead
model,#wpn_t8_tac_rifle_swordfish_mag_mk2_view
model,#hash_728a20ade096cd5e
model,#wpn_t8_tac_rifle_swordfish_scope_mk2_ads
model,#wpn_t8_loot_ar_standard_sig_02_view
model,#wpn_t8_shotgun_pump_sig_02_view
model,#wpn_t8_sniper_semiauto_mag_world
model,#wpn_t8_sniper_vanguard_mk2_world
model,#wpn_t8_tac_rifle_swordfish_mag_sig_01_view
model,#wpn_t8_sniper_koshka_sig_02_view
model,#attach_t8_optic_ironsights_sniper_front_world
model,#wpn_t8_loot_melee_hammer_demo_world
model,#wpn_t8_launcher_standard_projectile_world
model,#wpn_t8_lmg_hades_mag_sig_01_view
model,#wpn_t8_loot_tac_rifle_flechette_projectile
model,#attach_t8_wz_pickup_laser
model,#wpn_t8_zm_tomahawk_world
model,#wpn_t8_smg_accurate_sig_01_world
model,#p8_zm_wall_buy_symbol_01_middle
model,#wpn_t8_pistol_revolver_sig_01_view
model,#wpn_t8_ar_k57_mk2_view
model,#hash_7474cf83dfcc308f
model,#wpn_t8_sig_grapple_gun_world
model,#wpn_t8_ar_fastfire_mag_sig_02_world
model,#wpn_t8_loot_ar_standard_mag_sig_02_world
model,#wpn_t8_tac_rifle_surgeon_view
model,#wpn_t8_sniper_power_semi_mag_sig_02_world
model,#c_t8_zmb_homunculus_fb1
model,#wpn_t8_loot_ar_standard_mk2_world
model,#wpn_t8_pistol_standard_sig_01_view
model,#wpn_t8_loot_melee_action_figure_world
model,#wpn_t8_ar_galil_world
model,#wpn_t8_shotgun_semi_mag_world
model,#attach_t8_optic_acog_world
model,#p8_wz_cu_mugshot
model,#wpn_t8_loot_ar_peacekeeper_mag_mk2_world
model,#p7_ammo_resupply_02_box
model,#p8_wz_perk_pickups_skulker
model,#wpn_t8_sniper_vanguard_view
model,#veh_t8_drone_rcxd_motor_spawn_model
model,#p8_wz_perk_pickups_stimulant
model,#wpn_t8_ar_galil_view
model,#wpn_t8_eqp_heal_aid_view
model,#wpn_t8_loot_shotgun_fullauto_world
model,#hash_77a8c49b43311746
model,#wpn_t8_shotgun_semi_mag_sig_01_view
model,#hash_7810807da4371cd4
model,#p8_fxanim_zm_esc_power_panel_bldg64_01_mod
model,#wpn_t8_knife_bowie_bloody_view
model,#p8_office_papers_stack_sml
model,#attach_t8_ar_stealth_bayonet_sig_01_view
model,#wpn_t8_ar_accurate_mag_view
model,#veh_t8_mil_boat_tactical_raft_dead_decal_attach
model,#wpn_t8_shotgun_semi_view
model,#p8_box_electric_commercial_lrg_01
model,#hash_78e2433b0e35ed54
model,#wpn_t8_loot_shotgun_fullauto_mag_world
model,#wpn_t8_ar_heavy_sig_02_world
model,#wpn_t8_sniper_vanguard_mag_view
model,#wpn_t8_pistol_revolver_sig_02_world
model,#wpn_t8_loot_ar_standard_mag_sig_02_view
model,#hash_7993a2ab8da404cb
model,#wpn_t8_ar_k57_mk2_world
model,#wpn_t8_ar_stealth_sig_02_world
model,#wpn_t8_ar_stealth_mag_view
model,#wpn_t8_smg_capacity_mag_view
model,#veh_t8_drone_recon_mp_light
model,#wpn_t8_eqp_sensor_dart_gun_world
model,#p8_fxp_titan_link
model,#wpn_t8_basketball_view
model,#wpn_t8_ar_fastfire_sig_01_world
model,#wpn_t8_loot_smg_fastburst_mag_sig_02_view
model,#wpn_t8_loot_tac_rifle_flechette_mk2_view
model,#wpn_t8_lmg_titan_sig_02_world
model,#p8_fxanim_wz_supply_stash_ammo_blackmarket_mod
model,#wpn_t8_shotgun_pump_ammo_base_red_shell
model,#p8_wz_ammo_pickup_45acp
model,#wpn_t8_zm_akud_clip_world
model,#wpn_t8_tac_rifle_mid_burst_mk2_view
model,#p8_wz_door_01_farm_double
model,#p8_wz_perk_pickups_bloody_tracker
model,#p8_wz_spray_can_camo_single
model,#p7_wz_debris_wood_board_splinter_01
model,#p7_wz_debris_wood_board_splinter_02
model,#p7_wz_debris_wood_board_splinter_03
model,#wpn_t8_zm_eqp_acid_bomb_world
model,#wpn_t8_sig_bow_view
model,#wpn_t8_tac_rifle_surgeon_sig_02_view
model,#c_t8_zmb_mob_zombie_body2_g_blegsoff
model,#wpn_t8_tac_rifle_surgeon_scope_ads_view
model,#p7_office_paper_sheet_10
model,#p7_office_paper_sheet_12
model,#p7_office_paper_sheet_09
model,#p7_office_paper_sheet_08
model,#p7_office_paper_sheet_03
model,#wpn_t8_ar_accurate_sig_02_world
model,#p7_ban_chainlink
model,#wpn_t8_loot_tac_rifle_damageburst_view
model,#hash_7e5926c1dc91f53a
model,#wpn_t8_loot_ar_double_barrel_mag_world
model,#wpn_t8_smg_accurate_view
model,#wpn_t8_loot_pistol_auto_mk2_view
model,#wpn_t8_loot_ar_double_barrel_world
model,#wpn_t8_crossbow_special_mag_world
model,#veh_t8_mil_helicopter_attack_decals_attach
model,#wpn_t8_tac_rifle_swordfish_mag_world
model,#hash_7f7d71b2383800fb
model,#fx_rifle_shell_blur
model,#wpn_t8_lmg_titan_mag_drop_world
model,#p8_wz_cu_bottle
model,#veh_t8_mil_helicopter_attack_wz_dark
aitype,#spawner_boct_brutus_special_wz
aitype,#spawner_boct_zombie_mob_wz
aitype,#spawner_boct_brutus_wz
aitype,#spawner_boct_avogadro
aitype,#spawner_boct_zombie_dog_wz
character,#c_t8_zmb_mob_brutus
character,#c_t8_c_zom_avagadro
character,#c_t8_zmb_mob_zombie2
character,#c_t8_zmb_mob_zombie1
character,#c_zom_der_hellhound
character,#hash_7d386db97cc99867
xmodelalias,#hash_5aa4d137981ca017
weapon,#tr_powersemi_t8_operator_wz
weapon,#launcher_standard_operator_t8_wz
weapon,#hash_1212239b99e197c
weapon,#lmg_spray_t8_gold_wz
weapon,#eq_slow_grenade_wz
weapon,#tr_midburst_t8_wz
weapon,#sig_blade_wz
weapon,#melee_slaybell_t8_wz
weapon,#hash_3a56659cea54a13
weapon,#eq_hawk_wz
weapon,#spork_alcatraz_wz
weapon,#pistol_burst_t8_gold_wz
weapon,#tr_powersemi_t8_gold_wz
weapon,#gadget_health_regen_large_wz
weapon,#frag_grenade_wz
weapon,#eq_tripwire_wz
weapon,#shotgun_precision_t8_wz
weapon,#sniper_fastrechamber_t8_gold_wz
weapon,#smg_fastfire_t8_operator_wz
weapon,#lmg_double_t8_wz
weapon,#ar_stealth_t8_operator_wz
weapon,#tr_leveraction_t8_wz
weapon,#eq_emp_grenade_wz
weapon,#melee_zombiearm_t8_wz
weapon,#sniper_powersemi_t8_gold_wz
weapon,#ultimate_turret_wz
weapon,#sniper_powerbolt_t8_wz
weapon,#tomahawk_t8_wz
weapon,#homunculus_wz
weapon,#ray_gun_mk2x_wz
weapon,#gadget_health_regen_squad_wz
weapon,#pistol_revolver_t8_wz
weapon,#sniper_quickscope_t8_operator_wz
weapon,#tr_damageburst_t8_wz
weapon,#hash_17136c65a119f6b5
weapon,#ar_fastfire_t8_wz
weapon,#dog_ai_defaultmelee_wz
weapon,#melee_coinbag_t8_wz
weapon,#shotgun_pump_t8_wz
weapon,#smg_handling_t8_wz
weapon,#smg_fastburst_t8_wz
weapon,#waterballoon_wz
weapon,#tr_midburst_t8_operator_wz
weapon,#basketball_wz
weapon,#melee_cutlass_t8_wz
weapon,#flare_gun_veh_wz
weapon,#smg_capacity_t8_wz
weapon,#smg_handling_t8_gold_wz
weapon,#smg_mp40_t8_wz
weapon,#wingsuit_camera_turret
weapon,#pistol_standard_t8_wz
weapon,#turret_bo3_mil_vtol_nrc
weapon,#sig_bow_quickshot_wz
weapon,#shotgun_pump_t8_gold_wz
weapon,#ray_gun_mk2_wz
weapon,#drone_squadron_turret
weapon,#smg_folding_t8_wz
weapon,#melee_bowie_wz
weapon,#lmg_standard_t8_gold_wz
weapon,#melee_stopsign_t8_wz
weapon,#smg_accurate_t8_wz
weapon,#hero_flamethrower_wz
weapon,#trophy_system_wz
weapon,#tr_midburst_t8_gold_wz
weapon,#lmg_standard_t8_operator_wz
weapon,#ar_damage_t8_wz
weapon,#melee_secretsanta_t8_wz
weapon,#hash_2f2b5d4837fb0d6f
weapon,#dart_wz
weapon,#hash_2f47f966ebc641aa
weapon,#sniper_quickscope_t8_wz
weapon,#ar_fastfire_t8_operator_wz
weapon,#smg_standard_t8_gold_wz
weapon,#shotgun_semiauto_t8_wz
weapon,#lmg_heavy_t8_gold_wz
weapon,#tomahawk_t8_wz_pandemic
weapon,#melee_club_t8_wz
weapon,#lmg_spray_t8_operator_wz
weapon,#tr_longburst_t8_gold_wz
weapon,#smg_folding_t8_gold_wz
weapon,#ray_gun_mk2z_wz
weapon,#spectre_grenade_wz
weapon,#recon_car_wz
weapon,#eq_grapple_wz
weapon,#hatchet_wz
weapon,#willy_pete_wz_spring_holiday
weapon,#ww_crossbow_t8_wz
weapon,#sniper_quickscope_t8_gold_wz
weapon,#ar_accurate_t8_wz
weapon,#sniper_locus_t8_wz
weapon,#ability_smart_cover_wz
weapon,#pistol_fullauto_t8_wz
weapon,#tr_longburst_t8_operator_wz
weapon,#melee_bowie_bloody_wz
weapon,#zombie_ai_defaultmelee_wz
weapon,#ar_fastfire_t8_gold_wz
weapon,#pistol_revolver_t8_operator_wz
weapon,#hash_4a84799f658c20de
weapon,#melee_demohammer_t8_wz
weapon,#hash_4cb37bd801a58532
weapon,#sniper_mini14_t8_wz
weapon,#eq_molotov_wz
weapon,#gadget_health_regen_medium_wz
weapon,#lmg_spray_t8_wz
weapon,#smg_accurate_t8_operator_wz
weapon,#pistol_burst_t8_wz
weapon,#ar_damage_t8_gold_wz
weapon,#shotgun_semiauto_t8_gold_wz
weapon,#ww_freezegun_t8_upgraded_wz
weapon,#flare_gun_wz
weapon,#ar_galil_t8_wz
weapon,#ww_crossbow_impaler_t8_wz
weapon,#pistol_revolver_t8_gold_wz
weapon,#lmg_heavy_t8_wz
weapon,#melee_actionfigure_t8_wz
weapon,#hero_annihilator_wz
weapon,#tr_longburst_t8_wz
weapon,#hero_pineapplegun_wz
weapon,#gadget_health_regen_small_wz
weapon,#smg_fastfire_t8_wz
weapon,#eq_sensor_wz
weapon,#shotgun_fullauto_t8_wz
weapon,#ar_an94_t8_wz
weapon,#smg_fastburst_t8_gold_wz
weapon,#ar_stealth_t8_wz
weapon,#tr_flechette_t8_wz
weapon,#ww_random_ray_gun1_wz
weapon,#launcher_standard_t8_wz
weapon,#willy_pete_wz
weapon,#willy_pete_zm
weapon,#lmg_standard_t8_wz
weapon,#smg_minigun_t8_wz
weapon,#smg_vmp_t8_wz
weapon,#ar_modular_t8_wz
weapon,#special_crossbow_t8_wz
weapon,#sniper_fastrechamber_t8_wz
weapon,#ww_blundergat_t8_wz
weapon,#eq_cluster_semtex_grenade_wz
weapon,#tr_powersemi_t8_wz
weapon,#smg_fastfire_t8_gold_wz
weapon,#cymbal_monkey_wz
weapon,#ray_gun_mk2y_wz
weapon,#ar_standard_t8_gold_wz
weapon,#ar_peacekeeper_t8_wz
weapon,#eq_acid_bomb_wz
weapon,#sniper_damagesemi_t8_wz
weapon,#sniper_powersemi_t8_wz
weapon,#pistol_standard_t8_gold_wz
weapon,#ar_modular_t8_gold_wz
weapon,#gun_ultimate_turret_wz
weapon,#sniper_fastrechamber_t8_operator_wz
weapon,#eq_concertina_wire_wz
weapon,#eq_wraith_fire_wz
weapon,#hash_716325846a60c18a
weapon,#lmg_stealth_t8_wz
weapon,#hash_726654fa44075f96
weapon,#melee_amuletfist_t8_wz
weapon,#ar_accurate_t8_gold_wz
weapon,#sniper_powerbolt_t8_gold_wz
weapon,#ar_stealth_t8_gold_wz
weapon,#ar_doublebarrel_t8_wz
weapon,#brutus_special_melee
weapon,#smg_accurate_t8_gold_wz
weapon,#hash_7a0108792f3d8ef0
weapon,#hash_7a1ffe2704307abc
weapon,#ar_standard_t8_wz
weapon,#hash_7b51aae9dc4309d3
weapon,#smg_standard_t8_wz
weapon,#hash_7ce568de41aecc59
weapon,#smg_capacity_t8_gold_wz
weapon,#player_air_vehicle1_main_turret_3rd_person
gesture,#ges_snowball
gesture,#ges_emp_grenade
gesture,#hash_1ec9e66bcf52e6f
gesture,#hash_23b376504d24026
gesture,#hash_370d633554241bd
gesture,#hash_5386b723938dfda
gesture,#ges_mantle_money_bag
gesture,#hash_7dbd3abee204d13
gesture,#hash_a441022dff960a1
gesture,#hash_ca9f6eaf8c31080
gesture,#hash_cfb73df44ba5e62
gesture,#hash_d1d6fdf44d73dfc
gesture,#hash_e88f702b7e4b63b
gesture,#hash_e971f20ac75b82f
gesture,#hash_ec34df0b71bb77b
gesture,#hash_f264b6414b116ce
gesture,#hash_14c5499ec7d674dd
gesture,#f_fishing_out
gesture,#hash_168a152b4f0d3144
gesture,#hash_16a08c2f8260633d
gesture,#hash_173ba2b4ca0e8199
gesture,#hash_17554528c1686dc2
gesture,#hash_17c5e694770e00c2
gesture,#hash_188becc3f8251b44
gesture,#hash_1899e337cf8ca0ed
gesture,#ges_prone_to_crouch
gesture,#hash_1b2024cb5b1c0d05
gesture,#ges_slide
gesture,#hash_1cf949d2ba2f8ca9
gesture,#hash_1ecbeacffe984bd5
gesture,#hash_1fc824c1e15e3a03
gesture,#hash_2031cb3032b3f0e1
gesture,#hash_23a74fdb403c65f0
gesture,#hash_25459d2d6c7d1983
gesture,#hash_25ca8c01687da100
gesture,#ges_mantle_light
gesture,#hash_277749aab1c80810
gesture,#hash_28b69502ef3c7133
gesture,#hash_29294fbe01509baa
gesture,#hash_29325044378408d6
gesture,#hash_2951924f2da6b199
gesture,#ges_crouch_to_prone
gesture,#ges_grapple_cancel
gesture,#hash_2a8c10ae8d5f9497
gesture,#ges_slide_sig_bow
gesture,#hash_2bc187c75a694a23
gesture,#hash_2c3c06d8a6ce6b18
gesture,#hash_2c9d84c169cdce08
gesture,#hash_2db35510f08ffab9
gesture,#f_fishing_loop
gesture,#hash_2e47b291b3b3894b
gesture,#hash_2e605597500da80d
gesture,#m_fishing_in
gesture,#hash_31b39ada47daabc0
gesture,#hash_3492157394db1b9f
gesture,#hash_352ea8912f2ed8e6
gesture,#hash_3804828f76f10dff
gesture,#hash_383bf900de88e4ba
gesture,#ges_frag_grenade
gesture,#hash_3ff9244d2a3870ff
gesture,#hash_4195b95d799b650a
gesture,#hash_41b17f6fabff8d0f
gesture,#hash_438d88e73de1728d
gesture,#hash_44eac644559882bd
gesture,#hash_44f44510328af252
gesture,#ges_swim_idle
gesture,#m_fishing_cancel
gesture,#m_fishing_out
gesture,#hash_46afad994b8c9ac9
gesture,#ges_mantle_sig_bow
gesture,#hash_471e4c66f376cbfc
gesture,#hash_480da4bb836fe06b
gesture,#hash_4acb9aab9e9c7b10
gesture,#hash_4be2cbe62c1d19dd
gesture,#hash_4c0b1ede708c9e65
gesture,#hash_4c34962941265b15
gesture,#ges_slow_grenade
gesture,#hash_4ede6191b1c3fa5a
gesture,#hash_539fb900e65baea9
gesture,#hash_549393b57527b767
gesture,#hash_54fa5a1bddce671b
gesture,#hash_55cf4dc39d40ff59
gesture,#hash_5723248289b2a00b
gesture,#hash_57cc89f900a2ab63
gesture,#ges_sticky_grenade
gesture,#hash_5847985e796a5a33
gesture,#hash_58e34a1b1bf8f677
gesture,#hash_5949628a0af3855d
gesture,#hash_595dd2813164fe86
gesture,#hash_59631efd72346b10
gesture,#hash_5978ec5df41627d4
gesture,#m_fishing_loop
gesture,#hash_5b4fad814f846575
gesture,#hash_5be3e5303dfe56c4
gesture,#hash_5fc92d184e61127f
gesture,#hash_6043a58c32fa3036
gesture,#ges_mantle
gesture,#hash_617fadee1c721d6c
gesture,#hash_61d5e8f78a0507d4
gesture,#hash_620fd5b2e40db92f
gesture,#hash_62a2373d6a3a13b3
gesture,#hash_631d58f8a00f8f72
gesture,#f_fishing_cancel
gesture,#hash_65b7bf0d6961793f
gesture,#hash_6639719b9613a7ca
gesture,#hash_665ea4d179fcfda7
gesture,#hash_673ff86c60537c98
gesture,#ges_snowball_bare_hands
gesture,#hash_6c7eb9c46a29de0a
gesture,#ges_snowball_throw
gesture,#hash_6cb0845b6cb5730e
gesture,#hash_6eef63089f041c93
gesture,#hash_6f0028368e5de29e
gesture,#hash_7093a5284df6cb30
gesture,#hash_725a866804d93fa3
gesture,#hash_72ab5f0b20eb9fcf
gesture,#hash_72b23b0b20f18151
gesture,#hash_72c7873f779ae2cc
gesture,#hash_737c099cdff11ea2
gesture,#hash_747ca2b8a32ffba9
gesture,#hash_748b564be20f26fa
gesture,#hash_75ebfc135f681a76
gesture,#ges_slide_knife_loadout
gesture,#hash_7787d2f6d88f7395
gesture,#hash_7a1745a21676ae16
gesture,#hash_7ab592b68c4535a5
gesture,#hash_7b668e6c3cf73bd0
gesture,#hash_7bd0aa12b2a5b23a
gesture,#ges_grapple_fire
gesture,#f_fishing_in
gesture,#hash_7da3f8c1244624b4
gesture,#ges_mantle_knife_loadout
gesture,#hash_7fc13be092570638
gesturetable,#hash_5bf0af11f628e09
gesturetable,#hash_c613111b2c030f4
gesturetable,#hash_d8faf36cfded1ef
gesturetable,#gestable_grapple_cancel
gesturetable,#hash_12e7b4bd7bcafd95
gesturetable,#gestable_grapple_fire
gesturetable,#gestable_drone_hawk
gesturetable,#gestable_sensor
gesturetable,#hash_1c7a0d4453000817
gesturetable,#gestable_hatchet_pullback
gesturetable,#gestable_hatchet_throw
gesturetable,#hash_2e66d71bf64bcd83
gesturetable,#gestable_drone_hawk_fire
gesturetable,#hash_35f36fd131d1cbf6
gesturetable,#hash_3d5c1516995abd99
gesturetable,#hash_441ca49fc989c533
gesturetable,#hash_472d6af900d8e082
gesturetable,#gestable_sensor_fire
gesturetable,#gestable_grapple_fail
gesturetable,#hash_5c7b37fc29441fbc
gesturetable,#gestable_stun_reaction
gesturetable,#hash_6d99b1d1aea3123d
gesturetable,#gestable_grapple_idle
gesturetable,#gestable_snowball_pullback
gesturetable,#hash_7e54e4c0fdc5b747
gesturetable,#gestable_snowball_throw
rumble,#bow_draw_loop
rumble,#reload_clipin
rumble,#defaultweapon_melee
rumble,#grenade_launcher_fire
rumble,#assault_fire_semi
rumble,#grapple_fire
rumble,#grapple_collision
rumble,#lmg_adsfire
rumble,#grapple_detach
rumble,#sniper_rechamber
rumble,#smg_fire
rumble,#hash_1b194e26c256036c
rumble,#grapple_reel
rumble,#assault_adsfire
rumble,#smg_adsfire
rumble,#bow_fire
rumble,#pullout_small
rumble,#barrel_explosion
rumble,#hash_29dda3d6a80b7a2c
rumble,#reload_medium
rumble,#shotgun_fire
rumble,#sniper_adsfire
rumble,#hash_322cc8a226215312
rumble,#lmg_fire
rumble,#assault_fire
rumble,#pistol_adsfire
rumble,#hash_3a5bdaaa0b187aa9
rumble,#bow_draw
rumble,#hash_40192bc096b73db2
rumble,#grapple_miss
rumble,#pistol_fire
rumble,#fishing_rumble
rumble,#sniper_fire
rumble,#crossbow_fire
rumble,#grenade_rumble
rumble,#grenade_throw
rumble,#defaultweapon_fire
rumble,#weapon_raise_quick
rumble,#veh_collision_heavy
rumble,#tr_fire
rumble,#reload_clipout
rumble,#veh_collision_light
rumble,#launcher_fire
rumble,#shotgun_adsfire
rumble,#hash_772f3a128d16acc3
rumble,#hash_77ffe9536b3bac5c
rumble,#reload_large
rumble,#wz_brutus_footsteps
rumble,#grapple_hit
rumble,#tr_fire_semi
rumble,#reload_small
rumble,#tr_adsfire
rumble,#hash_7fbdfa5ac7cedfc9
shellshock,#shellshock_blur
shellshock,#tankblast
shellshock,#explosion_shock
shellshock,#shellshock_blur_pc
statuseffect,#shock_zm_trap
statuseffect,#stunned_slow_grenade_wz_pc
statuseffect,#hash_2608bf886a137e8e
statuseffect,#microwave_dot
statuseffect,#avogadro_shock_slowed
statuseffect,#stunned_slow_grenade_wz
statuseffect,#wound_purifier
statuseffect,#dot_purifier_wz
xcam,#ui_cam_icon_ar_standard
xcam,#ui_cam_cac_smg_accurate
xcam,#ui_cam_cac_launcher_standard
xcam,#ui_cam_cac_smg_fastfire
xcam,#hash_4db2879ee703afb
xcam,#ui_cam_cac_smg_handling
xcam,#hash_a2953940aa14190
xcam,#hash_b9dc782c4ecc8d8
xcam,#hash_bc51465dc452a2d
xcam,#ui_cam_cac_ar_damage
xcam,#ui_cam_icon_ar_accurate
xcam,#ui_cam_icon_ar_damage
xcam,#ui_cam_cac_lmg_double
xcam,#hash_113157817117ee4d
xcam,#ui_cam_cac_equip_concussion
xcam,#ui_cam_cac_smg_minigun
xcam,#hash_11906cf7b0117071
xcam,#ui_cam_cac_equip_emp
xcam,#hash_12ae1b2ebc36aaf5
xcam,#ui_cam_cac_lmg_spray
xcam,#ui_cam_cac_shotgun_semiauto
xcam,#ui_cam_cac_ar_an94
xcam,#ui_cam_cac_lmg_stealth
xcam,#hash_19b0136d0b752c5e
xcam,#ui_cam_icon_lmg_cqb
xcam,#hash_1ba8d9c6f7d61883
xcam,#ui_cam_cac_equip_smoke
xcam,#hash_1cd470a3f8328c6d
xcam,#ui_cam_cac_tr_powersemi
xcam,#ui_cam_icon_ar_marksman
xcam,#hash_22bb849f5016a769
xcam,#ui_cam_icon_smg_capacity
xcam,#ui_cam_icon_lmg_heavy
xcam,#hash_24924ce5fa767491
xcam,#ui_cam_cac_pistol_fullauto
xcam,#ui_cam_cac_hero_annihilator
xcam,#hash_2547de4f2204205b
xcam,#ui_cam_cac_ar_accurate
xcam,#hash_260474c4e2fe2689
xcam,#hash_2663ad7452f8b0ca
xcam,#ui_cam_cac_sniper_fastrechamber
xcam,#hash_280980eb3790a627
xcam,#ui_cam_icon_smg_fastfire
xcam,#ui_cam_cac_hero_pineapplegun
xcam,#hash_2a03d768c4b81568
xcam,#hash_2c7729bf50a3d403
xcam,#hash_2f819e28c35869cd
xcam,#hash_320401c602936d0f
xcam,#ui_cam_icon_special_crossbow
xcam,#hash_3387fe4e35c99821
xcam,#ui_cam_cac_ar_standard
xcam,#ui_cam_cac_sniper_quickscope
xcam,#ui_cam_cac_ar_stealth
xcam,#ui_cam_icon_shotgun_semiauto
xcam,#hash_38f6827505fa8ae0
xcam,#ui_cam_cac_smg_vmp
xcam,#ui_cam_cac_equip_incendiary
xcam,#hash_3aa41d20b9712012
xcam,#hash_3acdd9333263ab42
xcam,#ui_cam_cac_sniper_damagesemi
xcam,#ui_cam_cac_shotgun_pump
xcam,#hash_3d4941641616e95c
xcam,#ui_cam_cac_pistol_revolver
xcam,#hash_3e8571e76d35fbc4
xcam,#ui_cam_icon_ar_an94
xcam,#hash_4008e6e46e66b13e
xcam,#hash_40dc0f5074bce9d3
xcam,#ui_cam_icon_sniper_quickscope
xcam,#hash_437126d8dc00ed65
xcam,#ui_cam_icon_smg_standard
xcam,#hash_438f1e86c8cd21f4
xcam,#ui_cam_cac_sniper_powerbolt
xcam,#ui_cam_cac_ar_modular
xcam,#hash_47cd480757c242da
xcam,#hash_49ac0e33c10b7b98
xcam,#ui_cam_cac_sniper_locus
xcam,#ui_cam_cac_equip_semtex
xcam,#hash_4ae568f9358e0a98
xcam,#ui_cam_cac_shotgun_precision
xcam,#hash_4b735fdfb3d9cfb3
xcam,#hash_4b88e4084eecacd2
xcam,#hash_4bb33dafd051a5c0
xcam,#hash_4c52178dd6886a99
xcam,#hash_4e9a910c37f05cb4
xcam,#ui_cam_icon_pistol_burst
xcam,#ui_cam_icon_shotgun_fullauto
xcam,#ui_cam_cac_tr_leveraction
xcam,#hash_5754220eabc95457
xcam,#ui_cam_cac_sniper_powersemi
xcam,#hash_5a36991b2da1ef84
xcam,#hash_5a7ca5fcf93274d8
xcam,#hash_5acf8f7ff2a5b78d
xcam,#ui_cam_cac_equip_trophy
xcam,#hash_5c160c82046c9725
xcam,#hash_5d2f2ef54f0d7348
xcam,#ui_cam_cac_tr_longburst
xcam,#ui_cam_cac_pistol_standard
xcam,#ui_cam_cac_smg_capacity
xcam,#ui_cam_cac_sniper_mini14
xcam,#ui_cam_icon_sniper_powerbolt
xcam,#ui_cam_cac_shotgun_fullauto
xcam,#hash_6115148ca46835b4
xcam,#hash_629d3892f0c59533
xcam,#ui_cam_cac_smg_folding
xcam,#hash_63b0369032196801
xcam,#ui_cam_icon_pistol_standard
xcam,#hash_6452d5e24cf3b836
xcam,#ui_cam_cac_smg_standard
xcam,#ui_cam_cac_equip_frag
xcam,#ui_cam_cac_ar_peacekeeper
xcam,#hash_6d836fd8325ac81e
xcam,#ui_cam_icon_ar_galil
xcam,#hash_6de55aba96dc852e
xcam,#ui_cam_cac_pistol_burst
xcam,#hash_6f4633e53eebee2f
xcam,#hash_708de109c1d50988
xcam,#ui_cam_cac_equip_axe
xcam,#hash_7211e9b88c267b99
xcam,#ui_cam_icon_launcher_standard
xcam,#ui_cam_cac_smg_mp40
xcam,#ui_cam_cac_lmg_heavy
xcam,#ui_cam_cac_ar_doublebarrel
xcam,#ui_cam_cac_smg_fastburst
xcam,#ui_cam_icon_shotgun_pump
xcam,#ui_cam_icon_pistol_fullauto
xcam,#ui_cam_cac_ar_galil
xcam,#ui_cam_icon_shotgun_precision
xcam,#ui_cam_cac_ar_fastfire
xcam,#hash_7c6f1d8717f77fe6
xcam,#ui_cam_cac_tr_midburst
xcam,#ui_cam_cac_lmg_standard
xcam,#ui_cam_cac_tr_flechette
xcam,#ui_cam_cac_special_crossbow
destructible,#hash_17dc430faeeb7b43
destructible,#p8_box_electric_commercial_sml_01_ddef
destructible,#p8_box_electric_commercial_lrg_01_ddef
destructible,#hash_5347e90f8847665f
destructible,#hash_683ec7141d50ad59
destructible,#hash_6d3d542cb4745c53
destructible,#hash_7c5fa188836c7f45
destructible,#hash_7eb2c20fa0e6e924
xanim,#ai_zombie_base_walk_au_v10_pain_chest_f
xanim,#vm_smg_fastfire_putaway_quick
xanim,#vm_lmg_mg08_pullout
xanim,#vm_smg_fastfire_fire_last
xanim,#vm_grapple_gun_idle_brawler_additive
xanim,#vm_pistol_auto_reload
xanim,#vm_slaybell_pullout
xanim,#vm_smg_minigun_sprint_in
xanim,#pt_knife_stand_stick
xanim,#hash_53f49190bf3bba
xanim,#vm_shotgun_full_auto_swim_uw_putaway
xanim,#vm_lmg_mk48_reload
xanim,#vm_ar_accurate_inspect
xanim,#vm_bowie_knife_t8_crawl_r
xanim,#vm_bowie_knife_t8_crawl_l
xanim,#vm_bowie_knife_t8_crawl_b
xanim,#vm_bowie_knife_t8_crawl_f
xanim,#vm_raygun_fire_ads
xanim,#vm_smg_folding_first_raise
xanim,#hash_8fc955d47f80a2
xanim,#hash_a0cab8ca9439ff
xanim,#ai_zombie_base_walk_au_v5_pain_chest_f
xanim,#ai_t8_zm_zombie_base_walk_jump_up_catwlk_160
xanim,#pt_recon_sensor_dart_fingers_l
xanim,#ai_t8_zm_zombie_base_walk_jump_up_catwlk_128
xanim,#hash_cf539b9179b230
xanim,#vm_smg_minigun_first_raise
xanim,#pt_pistol_swim_raise
xanim,#vm_grapple_gun_pullout_fast_brawler
xanim,#vm_ar_accurate_walk_f
xanim,#hash_efb53e7d0d20d8
xanim,#vm_basketball_hand_pose_l
xanim,#vm_basketball_hand_pose_r
xanim,#hash_f9b03f0ac42987
xanim,#vm_launcher_standard_t8_hand_pose_l
xanim,#vm_launcher_standard_t8_hand_pose_r
xanim,#vm_ww_akud_gunbutt_swipe
xanim,#vm_emp_grenade_pullpin_bare_hands
xanim,#ai_t8_zm_avogadro_melee_attack_v1
xanim,#vm_scorpion_pullout_quick
xanim,#ai_t8_zm_mob_zombie_dog_stun_out
xanim,#pt_rifle_t8_tr_midburst_prone_reload_partial
xanim,#vm_war_machine_ads_base_up
xanim,#hash_13d5378c1b0c267
xanim,#mm_bow_fem_crouch_fire_cancel
xanim,#pt_melee_gift_axe_crouch_swipe
xanim,#vm_zom_wraith_fire_throw_rh
xanim,#vm_koshka_sprint_in
xanim,#pt_rifle_t8_ar_modular_crouch_reload
xanim,#vm_koshka_swim_from_land
xanim,#hash_17be5fb2a9dff42
xanim,#vm_shotgun_pump_ads_base_down
xanim,#vm_tr_midburst_hand_pose_l
xanim,#vm_tr_midburst_hand_pose_r
xanim,#vm_pistol_burst_putaway
xanim,#vm_sniper_fast_rechamber_swim_uw_in
xanim,#vm_smg_folding_sprint_in
xanim,#hash_1c685b28649dca2
xanim,#vm_ar_double_barrel_gunbutt_swipe
xanim,#pt_sniper_fastrechamber_stand_reload_partial
xanim,#vm_smg_accurate_fire_intro
xanim,#hash_1dd4c632e329b42
xanim,#vm_basketball_swim_uw_putaway
xanim,#hash_1f40909bb41c100
xanim,#hash_20d0c2051706a2b
xanim,#vm_grapple_gun_reel_in_additive
xanim,#vm_lmg_mg08_fire_last
xanim,#vm_sniper_fast_rechamber_jump_land
xanim,#vm_tr_flechette_fire_ads
xanim,#hash_21d5bad39f5ca69
xanim,#vm_sensor_dart_cancel
xanim,#hash_23757499345d55e
xanim,#hash_240cdf4713d1e89
xanim,#vm_launcher_standard_t8_pullout
xanim,#vm_koshka_pullout
xanim,#vm_ww_akud_crawl_in
xanim,#pt_rifle_stand_raise
xanim,#pt_money_bag_crouch_putaway
xanim,#vm_mp40_reload
xanim,#pt_smart_cover_crouch_hold_idle
xanim,#vm_sniper_fast_rechamber_gunbutt_swipe
xanim,#vm_sensor_dart_pullout_bare_hands_additive
xanim,#ai_t8_zm_zombie_dog_pro_trv_mantle_up_36_dn_128
xanim,#pt_rifle_t8_ar_damage_crouch_reload_partial
xanim,#vm_sniper_locus_t8_crawl_r
xanim,#vm_sniper_locus_t8_crawl_l
xanim,#vm_sniper_locus_t8_crawl_f
xanim,#vm_sniper_locus_t8_crawl_b
xanim,#ai_t8_zm_zombie_base_walk_mantle_up_128_dn_36
xanim,#vm_koshka_jump_land
xanim,#vm_pistol_standard_crawl_in
xanim,#vm_homunculus_idle
xanim,#vm_ww_freezegun_idle_empty
xanim,#vm_t8_swim_sig_bow_l_additive
xanim,#vm_ar_an94_t8_fall
xanim,#ai_zombie_base_run_ad_v21_pain_chest_f
xanim,#pt_rifle_t8_ar_damage_prone_inspect
xanim,#ai_zombie_zod_crawl_stunned_electrobolt_a
xanim,#pt_tr_flechette_t8_prone_reload_empty
xanim,#vm_smg_minigun_gunbutt_swipe
xanim,#pt_tripwire_male_stand_fire
xanim,#vm_ar_standard_sprint_in
xanim,#vm_sig_bow_wz_draw_cancel
xanim,#vm_concertina_wire_hand_pose_r
xanim,#vm_concertina_wire_hand_pose_l
xanim,#hash_31a1d1c7617eda6
xanim,#ai_t8_zm_mob_brutus_headpain
xanim,#pt_rifle_t8_smg_accurate_prone_inspect
xanim,#vm_sticky_grenade_loop_bare_hands_additive
xanim,#vm_ww_blundergat_sprint_pullout
xanim,#vm_tr_flechette_gunbutt_swipe
xanim,#vm_zom_raygun_mk2_crawl_l
xanim,#vm_zom_raygun_mk2_crawl_f
xanim,#vm_zom_raygun_mk2_crawl_b
xanim,#vm_zom_raygun_mk2_crawl_r
xanim,#vm_shotgun_full_auto_gunbutt_swipe
xanim,#vm_titan_fire_ads
xanim,#hash_362fe50ebc7406b
xanim,#vm_smg_accurate_fall
xanim,#pt_demo_hammer_crouch_inspect
xanim,#hash_3c41f584e0741f0
xanim,#pt_smart_cover_stand_raise
xanim,#ai_zombie_base_walk_ad_v23_pain_chest_f
xanim,#mm_bow_fem_prone_fire_cancel
xanim,#hash_3db8408cd43cccd
xanim,#vm_shotgun_full_auto_fire_intro
xanim,#vm_mp9_idle_empty
xanim,#hash_3e0cb3eea3664c5
xanim,#hash_3e9033c13156e27
xanim,#vm_slow_grenade_throw
xanim,#pt_rifle_t8_ar_stealth_crouch_reload
xanim,#vm_smg_accurate_jump_land
xanim,#vm_trophy_system_t8_hand_ads_up
xanim,#vm_sniper_damagesemi_sprint_pullout
xanim,#vm_sniper_locus_t8_reload
xanim,#hash_44b5200072b33bf
xanim,#vm_ar_peacekeeper_t8_swim_uw_pullout
xanim,#vm_sniper_mini14_idle_empty
xanim,#vm_ar_peacekeeper_t8_ads_base_down
xanim,#ai_t8_zm_mob_brutus_boardsmash_a
xanim,#ai_t8_zm_mob_brutus_boardsmash_c
xanim,#ai_t8_zm_mob_brutus_boardsmash_b
xanim,#hash_46c072e0bc7c78d
xanim,#vm_argus_t8_pullout
xanim,#vm_pistol_revolver_lastshot
xanim,#vm_ar_stealth_pullout
xanim,#vm_katana_crawl_r
xanim,#vm_katana_crawl_b
xanim,#hash_487778ed4820c32
xanim,#vm_katana_crawl_f
xanim,#vm_katana_crawl_l
xanim,#vm_sticky_grenade_cancel
xanim,#pt_bow_prone_flashed_loop
xanim,#vm_grapple_gun_reel_in
xanim,#vm_smg_accurate_reload
xanim,#ai_zombie_base_sprint_ad_v22_pain_chest_f
xanim,#vm_zom_raygun_mk2_reload_empty
xanim,#pt_rifle_t8_ar_stealth_prone_reload_partial
xanim,#pt_rifle_t8_smg_handling_crouch_reload
xanim,#vm_ar_double_barrel_pullout
xanim,#vm_ar_standard_reload_empty_quick
xanim,#vm_bowie_knife_t8_sprint_out
xanim,#vm_special_crossbow_sprint_in
xanim,#vm_lmg_mg08_first_raise
xanim,#hash_4faf2c2b86e6ac9
xanim,#vm_smg_folding_sprint_putaway
xanim,#pt_zom_arm_stand_firstraise
xanim,#vm_mp40_swim_uw_putaway
xanim,#pt_slaybell_prone_melee
xanim,#vm_grapple_gun_idle_generic_additive
xanim,#vm_smg_fastfire_gunbutt_swipe
xanim,#vm_tr_swordfish_first_raise
xanim,#ai_t8_zombie_base_stn_taunt_04
xanim,#vm_demo_hammer_hand_pose_l
xanim,#vm_demo_hammer_hand_pose_r
xanim,#vm_ww_freezegun_sprint_putaway
xanim,#hash_56742cf9eaf0da6
xanim,#vm_smg_minigun_fire
xanim,#vm_ar_k57_fire_intro
xanim,#vm_koshka_crawl_f
xanim,#vm_koshka_crawl_b
xanim,#vm_koshka_crawl_l
xanim,#vm_koshka_crawl_r
xanim,#vm_polynesian_club_t8_first_raise
xanim,#pt_sniper_fastrechamber_prone_reload_partial
xanim,#pb_zodiac_driver_reverse_left
xanim,#hash_5b7add11bbb27c5
xanim,#vm_t8_PRONE_TO_CROUCH_knife_loadout
xanim,#vm_ww_freezegun_swim_uw_putaway
xanim,#ai_zombie_base_run_au_v5_pain_chest_f
xanim,#vm_bowie_knife_t8_first_raise
xanim,#vm_ar_k57_swim_uw_pullout
xanim,#vm_war_machine_fall
xanim,#vm_raygun_reload
xanim,#hash_5ef054a3b13088f
xanim,#vm_t8_swim_sig_bow_b_additive
xanim,#vm_sniper_damagesemi_crawl_in
xanim,#pt_pistol_swim_putaway
xanim,#pt_pistol_standard_prone_reload_partial
xanim,#ai_t8_zm_zombie_base_walk_mantle_up_36_dn_240
xanim,#pt_melee_gift_axe_crouch_idle
xanim,#pt_melee_gift_axe_stand_inspect
xanim,#vm_ar_peacekeeper_t8_sprint_in
xanim,#pt_rifle_t8_smg_fastburst_stand_reload
xanim,#vm_sniper_locus_t8_crawl_out
xanim,#vm_sniper_damagesemi_sprint_out
xanim,#vm_mp40_sprint_in
xanim,#vm_titan_jump
xanim,#vm_t8_mini_crossbow_walk_f
xanim,#pt_demo_hammer_crouch_putaway
xanim,#vm_action_figure_melee_out
xanim,#hash_65cbe9192f9c3d2
xanim,#vm_tr_power_semi_sprint_in
xanim,#pt_annihilator_stand_fire
xanim,#vm_ar_galil_crawl_r
xanim,#vm_ar_galil_crawl_l
xanim,#vm_ar_galil_crawl_b
xanim,#vm_ar_galil_crawl_f
xanim,#hash_67f5d04bc733a6c
xanim,#vm_lmg_heavy_crawl_b
xanim,#vm_lmg_heavy_crawl_f
xanim,#vm_lmg_heavy_crawl_l
xanim,#vm_lmg_heavy_crawl_r
xanim,#vm_tr_power_semi_crawl_r
xanim,#vm_tr_power_semi_crawl_l
xanim,#vm_tr_power_semi_crawl_b
xanim,#vm_tr_power_semi_crawl_f
xanim,#vm_war_machine_jump_land
xanim,#hash_6a64dfd3400033a
xanim,#hash_6aaec38775ab1f0
xanim,#pt_rifle_t8_smg_handling_stand_firstraise
xanim,#vm_pistol_revolver_swim_uw_pullout
xanim,#hash_6c21489e9941252
xanim,#ai_zombie_base_walk_ad_v22_pain_chest_f
xanim,#vm_ww_freezegun_jump
xanim,#ai_zombie_base_walk_ad_v1_pain_chest_f
xanim,#pt_shotgun_precision_t8_prone_rechamber
xanim,#vm_titan_pullout_quick
xanim,#pt_rifle_t8_smg_capacity_crouch_inspect
xanim,#vm_pistol_revolver_jump_land
xanim,#hash_705818a0cfed6af
xanim,#hash_7161d310d63bf48
xanim,#vm_sniper_power_semi_reload_empty
xanim,#vm_ar_lever_action_putaway_quick
xanim,#vm_pistol_revolver_sprint_in
xanim,#hash_746139db34c8ff1
xanim,#vm_sniper_power_semi_sprint_loop
xanim,#hash_751443639eec146
xanim,#pt_trophy_system_crouch_hold_idle
xanim,#vm_mp40_ads_base_down
xanim,#vm_slow_grenade_loop_bare_hands_additive
xanim,#vm_special_crossbow_first_raise
xanim,#vm_lmg_mg08_crawl_l
xanim,#vm_lmg_mg08_crawl_b
xanim,#vm_lmg_mg08_crawl_f
xanim,#vm_lmg_mg08_crawl_r
xanim,#hash_76721dd817b1411
xanim,#vm_tr_midburst_putaway
xanim,#pt_scorpion_crouch_fire_hold
xanim,#vm_polynesian_club_t8_crawl_l
xanim,#vm_polynesian_club_t8_crawl_b
xanim,#vm_polynesian_club_t8_crawl_f
xanim,#vm_polynesian_club_t8_crawl_r
xanim,#vm_grapple_gun_fire_loop_brawler
xanim,#hash_781463578f045f5
xanim,#vm_ar_standard_crawl_out
xanim,#pt_rifle_t8_smg_capacity_stand_reload
xanim,#vm_action_figure_idle
xanim,#hash_78af49a0bcbb72c
xanim,#hash_79104013375e100
xanim,#vm_ar_accurate_ads_base_up
xanim,#hash_7db4837e9114abc
xanim,#vm_ar_standard_putaway_quick
xanim,#pt_rifle_t8_smg_handling_crouch_firstraise
xanim,#pt_rifle_swim_fire
xanim,#vm_katana_sprint_out
xanim,#ai_t8_zm_zombie_base_crawl_despawn_01
xanim,#hash_7fbcd31bd463d8f
xanim,#pt_rifle_fem_prone_fire
xanim,#vm_special_crossbow_inspect
xanim,#ai_zombie_base_sprint_ad_v5
xanim,#ai_zombie_base_sprint_ad_v1
xanim,#ai_zombie_base_sprint_ad_v2
xanim,#ai_t8_zm_zombie_base_reach_up_01
xanim,#ai_zombie_base_sprint_au_v21_pain_chest_f
xanim,#hash_8460ab34850fc1a
xanim,#p8_fxanim_wz_supply_stash_health_open_anim
xanim,#ai_t8_zm_zombie_base_dog_trot_turn_l_90
xanim,#hash_85cb19f15ddbaec
xanim,#vm_shotgun_semiauto_first_raise
xanim,#vm_shotgun_full_auto_sprint_putaway
xanim,#pt_grenade_crouch_throw
xanim,#pt_drone_hawk_prone_raise_rh
xanim,#vm_shotgun_pump_fall
xanim,#hash_89c0f095b5b3ac0
xanim,#vm_shotgun_full_auto_crawl_in
xanim,#hash_8b67ec7a106173f
xanim,#pt_launcher_prone_melee
xanim,#hash_8d4fee18428f3f3
xanim,#vm_ar_accurate_sprint_out
xanim,#vm_raygun_ads_base_down
xanim,#vm_ar_an94_t8_putaway_quick
xanim,#vm_koshka_swim_uw_in
xanim,#hash_8faaca812c737f7
xanim,#ai_zombie_base_walk_ad_v19_pain_chest_f
xanim,#pt_grenade_prone_throw
xanim,#vm_sniper_damagesemi_ads_is_down
xanim,#vm_tripwire_fire_hold
xanim,#pt_concertina_wire_crouch_throw
xanim,#pt_money_bag_prone_putaway
xanim,#pt_lmg_stand_spray_firstraise
xanim,#vm_ar_k57_jump
xanim,#pt_demo_hammer_stand_putaway
xanim,#vm_smg_minigun_swim_uw_putaway
xanim,#vm_slaybell_melee_miss
xanim,#hash_956f3dc65edf006
xanim,#vm_shotgun_semiauto_sprint_in
xanim,#vm_polynesian_club_t8_melee_miss
xanim,#vm_ar_k57_sprint_putaway
xanim,#vm_launcher_standard_t8_crawl_l
xanim,#vm_launcher_standard_t8_crawl_b
xanim,#vm_launcher_standard_t8_crawl_f
xanim,#vm_launcher_standard_t8_crawl_r
xanim,#vm_emp_grenade_cancel_additive
xanim,#hash_97cbaac63c9763a
xanim,#pt_annihilator_crouch_fire
xanim,#vm_pistol_burst_sprint_loop
xanim,#hash_996c15904eb054a
xanim,#pt_an94_t8_prone_reload_empty
xanim,#vm_ar_lever_action_idle
xanim,#hash_9d88bd2d40a4770
xanim,#hash_9e1acb4574bcf4a
xanim,#vm_snowball_throw_additive
xanim,#vm_hades_pullout_quick
xanim,#vm_grapple_gun_fire_loop_additive
xanim,#pt_rifle_t8_tr_midburst_crouch_reload
xanim,#hash_a013b0459fccdc9
xanim,#vm_incendiary_throw_quick
xanim,#hash_a09ae2055c0a76e
xanim,#pt_zom_arm_crouch_melee
xanim,#hash_a12a26e7651def9
xanim,#pb_zodiac_driver_idle
xanim,#vm_bare_hands_t8_swim_uw_sprint_loop
xanim,#vm_ww_akud_sprint_loop
xanim,#pt_basketball_stand_raise
xanim,#vm_tr_flechette_sprint_putaway
xanim,#pt_rifle_t8_ar_fastfire_crouch_inspect
xanim,#vm_scorpion_fire_intro
xanim,#pt_smart_cover_stand_hold_idle
xanim,#vm_smg_handling_sprint_pullout
xanim,#vm_ar_peacekeeper_t8_putaway_quick
xanim,#pt_rifle_t8_ar_damage_prone_reload
xanim,#hash_a5765ad2e32b0fa
xanim,#hash_a5934fffa76dc54
xanim,#vm_lmg_mg08_inspect
xanim,#vm_smg_fastburst_fire_3
xanim,#vm_smg_fastburst_fire_2
xanim,#hash_a8a75b0c5f12248
xanim,#vm_mp9_sprint_loop
xanim,#vm_katana_putaway_quick
xanim,#vm_smg_fastburst_uw_putaway
xanim,#vm_ar_k57_walk_f
xanim,#vm_smg_fastburst_hand_pose_l
xanim,#vm_smg_fastburst_hand_pose_r
xanim,#hash_b0f875c69dbf274
xanim,#vm_katana_ads_base_up
xanim,#pt_stop_sign_stand_melee
xanim,#vm_pistol_standard_inspect
xanim,#hash_b231e14ab715071
xanim,#vm_titan_crawl_out
xanim,#vm_special_crossbow_gunbutt_swipe
xanim,#vm_smg_capacity_pullout_quick
xanim,#pt_grenade_stand_throw
xanim,#vm_sig_bow_wz_fire_ads
xanim,#vm_smg_minigun_sprint_pullout
xanim,#hash_b5a7fdd36827a8b
xanim,#pt_melee_gift_axe_stand_putaway
xanim,#vm_ar_double_barrel_fall
xanim,#vm_ar_damage_reload
xanim,#pt_tripwire_male_prone_putaway
xanim,#vm_tr_power_semi_sprint_pullout
xanim,#vm_sniper_locus_t8_sprint_putaway
xanim,#vm_smg_minigun_fire_ads
xanim,#vm_lmg_mk48_fire_ads
xanim,#hash_b795527fe22ba50
xanim,#vm_smg_accurate_swim_uw_putaway
xanim,#vm_smg_fastburst_ads_base_down
xanim,#vm_ar_stealth_crawl_in
xanim,#pt_brawler_prone_raise
xanim,#hash_b9fdc126a1d42bf
xanim,#vm_slow_grenade_loop_additive
xanim,#ai_t8_zm_zombie_base_walk_attack_08
xanim,#ai_t8_zm_zombie_base_walk_attack_02
xanim,#ai_t8_zm_zombie_base_walk_attack_01
xanim,#vm_t8_mini_crossbow_putaway_quick
xanim,#vm_purifier_t8_putaway_quick
xanim,#vm_lmg_mk48_pullout
xanim,#vm_basketball_melee_out
xanim,#vm_purifier_t8_sprint_out
xanim,#vm_zom_arm_ads_base_down
xanim,#hash_bef38d878913e58
xanim,#mm_bow_fem_stand_fire_cancel
xanim,#vm_sniper_mini14_reload_empty
xanim,#vm_ww_akud_crawl_out
xanim,#vm_war_machine_fire_ads
xanim,#vm_smg_handling_crawl_out
xanim,#hash_c04f8da58c549b8
xanim,#vm_shotgun_pump_swim_to_land
xanim,#ai_t8_zm_mob_brutus_boss_attack_low_01
xanim,#ai_t8_zm_mob_brutus_boss_attack_low_02
xanim,#hash_c13c9d502fce423
xanim,#vm_launcher_standard_t8_ads_base_up
xanim,#vm_grapple_gun_pullout_fast_generic_additive
xanim,#hash_c2825489db34ff8
xanim,#pt_pistol_prone_putaway
xanim,#hash_c585d8f96480599
xanim,#vm_launcher_standard_t8_inspect
xanim,#vm_ar_accurate_fire_intro_ads
xanim,#vm_demo_hammer_pullout_quick
xanim,#hash_c849b218b354fd3
xanim,#vm_smg_fastburst_putaway
xanim,#pt_basketball_prone_melee
xanim,#vm_ar_standard_pullout_quick
xanim,#hash_c9fde586ad63f63
xanim,#hash_cb494747f8a8d96
xanim,#vm_tripwire_fire_2_wz
xanim,#pt_rifle_t8_tr_midburst_stand_reload
xanim,#hash_ccaf2368f4dea08
xanim,#vm_sig_bow_wz_putaway_quick
xanim,#vm_ww_blundergat_ads_base_up
xanim,#vm_sniper_vanguard_gunbutt_swipe
xanim,#vm_pistol_revolver_reload_out
xanim,#vm_ar_damage_fall
xanim,#vm_scorpion_idle
xanim,#vm_sniper_power_semi_reload
xanim,#vm_supply_pod_jump_land
xanim,#vm_ar_peacekeeper_t8_fire_ads
xanim,#ai_t8_zm_mob_brutus_boss_idle_a
xanim,#hash_cf6fc5227b53ac6
xanim,#vm_ar_lever_action_ads_base_up
xanim,#vm_argus_t8_fire_ads
xanim,#vm_sniper_damagesemi_sprint_in
xanim,#vm_ar_k57_fire_ads
xanim,#hash_d181ff24f5bc0b2
xanim,#vm_sticky_grenade_pullpin_bare_hands
xanim,#hash_d38917e99c98851
xanim,#vm_ar_standard_ads_base_up
xanim,#vm_sniper_locus_t8_ads_scope_up
xanim,#vm_sticky_grenade_cancel_bare_hands_additive
xanim,#vm_zom_arm_sprint_in
xanim,#vm_ar_damage_crawl_in
xanim,#vm_ar_k57_gunbutt_swipe
xanim,#vm_annihilator_t8_fall
xanim,#pt_demo_hammer_prone_raise
xanim,#vm_tomahawk_sig_bow_pull
xanim,#vm_zom_arm_idle
xanim,#vm_sniper_damagesemi_crawl_out
xanim,#ai_t8_zm_mob_brutus_boss_ground_slam
xanim,#pt_rifle_t8_tr_longburst_prone_reload
xanim,#hash_d8777c326b42070
xanim,#vm_titan_sprint_in
xanim,#pt_scorpion_prone_fire_hold
xanim,#pt_slaybell_stand_melee
xanim,#vm_ar_damage_swim_uw_pullout
xanim,#vm_sniper_mini14_pullout_quick
xanim,#ai_zombie_base_run_turn_45_l_v2
xanim,#vm_shotgun_pump_inspect
xanim,#vm_scorpion_ads_base_down
xanim,#vm_stop_sign_melee_miss
xanim,#hash_de8217b97aceeff
xanim,#vm_shotgun_semiauto_fall
xanim,#vm_lmg_mk48_ads_base_up
xanim,#vm_sniper_vanguard_hand_pose_r
xanim,#vm_sniper_vanguard_hand_pose_l
xanim,#hash_e1fc0654b547601
xanim,#vm_frag_throw_quick
xanim,#ai_zombie_base_sprint_turn_45_l_v2
xanim,#pt_rifle_t8_lmg_heavy_crouch_firstraise
xanim,#ai_zombie_base_run_ad_v22_pain_chest_f
xanim,#vm_sniper_mini14_sprint_in
xanim,#hash_e4d72123cd995e2
xanim,#vm_zom_raygun_mk2_fire
xanim,#vm_titan_putaway
xanim,#vm_ar_k57_swim_uw_putaway
xanim,#vm_slow_grenade_loop_bare_hands
xanim,#vm_smg_fastfire_fire_ads_intro
xanim,#pt_sniper_quickscope_crouch_reload
xanim,#pt_basketball_prone_raise
xanim,#vm_polynesian_club_t8_sprint_in
xanim,#vm_tr_flechette_sprint_out
xanim,#vm_demo_hammer_pullout
xanim,#hash_ea1dab018995b83
xanim,#pt_money_bag_stand_firstraise
xanim,#vm_tr_swordfish_fire_last_ads
xanim,#vm_pirate_cutlass_idle
xanim,#ai_zombie_base_walk_ad_v24_pain_chest_f
xanim,#hash_ea7e542d670fc1b
xanim,#vm_ar_accurate_crawl_in
xanim,#vm_sniper_power_semi_inspect
xanim,#ai_zombie_base_crawl_sprint_v2
xanim,#ai_zombie_base_crawl_sprint_v1
xanim,#vm_sniper_vanguard_inspect
xanim,#vm_sniper_mini14_jump_land
xanim,#hash_ec23df19501e5cb
xanim,#vm_smg_handling_gunbutt_swipe
xanim,#vm_tr_flechette_sprint_in
xanim,#hash_ed4a66155a1bebd
xanim,#hash_ed69694fc21aaf4
xanim,#vm_smg_fastfire_fire_intro
xanim,#hash_ee9706ba59682ad
xanim,#vm_pistol_standard_ads_base_down
xanim,#hash_ef3564a0bfc0877
xanim,#pt_knife_stand_putaway
xanim,#pt_rifle_t8_smg_capacity_stand_first_raise
xanim,#vm_lmg_heavy_crawl_out
xanim,#hash_f0edb5b84bfcab8
xanim,#vm_ar_accurate_pullout
xanim,#ai_t8_zm_zombie_base_walk_mantle_up_36_dn_128
xanim,#pt_rifle_t8_smg_capacity_crouch_first_raise
xanim,#vm_grapple_gun_fire_loop_generic
xanim,#vm_smg_handling_uw_putaway
xanim,#mm_bow_fem_prone_first_raise
xanim,#vm_ar_damage_putaway
xanim,#vm_tr_flechette_sprint_loop
xanim,#vm_basketball_throw_out
xanim,#pt_pistol_stand_raise
xanim,#vm_mp40_idle
xanim,#hash_f6b73158b696c39
xanim,#vm_shotgun_full_auto_pullout
xanim,#vm_demo_hammer_crawl_b
xanim,#vm_demo_hammer_crawl_f
xanim,#vm_demo_hammer_crawl_l
xanim,#vm_demo_hammer_crawl_r
xanim,#pt_rifle_t8_smg_standard_crouch_reload_partial
xanim,#vm_t8_swim_out
xanim,#hash_f813458f4e6d1c0
xanim,#vm_pirate_cutlass_ads_base_up
xanim,#vm_lmg_mk48_sprint_out
xanim,#vm_polynesian_club_t8_melee_in
xanim,#vm_ar_k57_inspect
xanim,#vm_pistol_revolver_gunbutt_swipe
xanim,#pt_health_regen_prone_pullout
xanim,#pt_rifle_t8_smg_accurate_stand_inspect
xanim,#hash_fb5e9380fc098e7
xanim,#vm_ar_an94_t8_sprint_pullout
xanim,#vm_argus_t8_swim_uw_pullout
xanim,#hash_fcbc769ff92f837
xanim,#hash_fce8aa52bbb3a40
xanim,#pt_tr_flechette_t8_stand_inspect
xanim,#ai_t8_zm_mob_brutus_boss_attack_swingleft
xanim,#hash_febf418085b2d9b
xanim,#vm_sniper_locus_t8_inspect
xanim,#pt_trophy_system_prone_throw
xanim,#hash_ffe65fa5f7a3b06
xanim,#vm_pistol_auto_jump_land
xanim,#vm_annihilator_t8_rechamber_ads
xanim,#pt_sniper_double_stand_shoot
xanim,#pt_pirate_cutlass_stand_inspect
xanim,#vm_pistol_burst_reload_empty
xanim,#vm_smg_vmp_t8_crawl_out
xanim,#pt_rifle_t8_tr_longburst_crouch_inspect
xanim,#vm_t8_mini_crossbow_ads_base_up
xanim,#pt_stop_sign_crouch_melee
xanim,#ai_t8_zm_zombie_base_run_mantle_up_36_dn_240
xanim,#vm_health_regen_idle_wz
xanim,#hash_107c0bffc6370ae4
xanim,#vm_t8_mini_crossbow_fire
xanim,#vm_shotgun_pump_sprint_putaway
xanim,#vm_ar_galil_first_raise
xanim,#pb_rifle_t8_smg_fastburst_prone_inspect
xanim,#vm_ww_blundergat_hand_pose_r
xanim,#vm_ww_blundergat_hand_pose_l
xanim,#vm_tomahawk_sig_bow_loop_additive
xanim,#vm_lmg_heavy_fire_intro
xanim,#vm_tr_damageburst_t8_ads_base_down
xanim,#hash_10c34b00c2661bc7
xanim,#vm_ar_an94_t8_fire_last
xanim,#vm_smg_folding_hand_pose_l
xanim,#vm_smg_folding_hand_pose_r
xanim,#pt_pirate_cutlass_stand_firstraise
xanim,#vm_smg_fastburst_fire_last_ads
xanim,#vm_sniper_damagesemi_idle
xanim,#ai_zombie_base_dth_l_chest_hvy_00
xanim,#vm_ww_akud_fire_hold_intro
xanim,#vm_zom_wraith_fire_cancel_rh
xanim,#vm_mini_turret_drop
xanim,#vm_smg_fastburst_sprint_loop
xanim,#vm_t8_swim_out_additive
xanim,#vm_ar_accurate_idle
xanim,#hash_11330b28f300f243
xanim,#vm_smg_capacity_reload
xanim,#vm_t8_tablet_putaway
xanim,#vm_ar_double_barrel_putaway_quick
xanim,#vm_lmg_mg08_ads_base_up
xanim,#hash_115275b5e699223c
xanim,#vm_snowball_cancel_additive
xanim,#ai_zombie_base_walk_au_v6_pain_chest_f
xanim,#pt_rifle_t8_ar_modular_stand_inspect
xanim,#vm_pistol_revolver_crawl_out
xanim,#vm_tak5_idle
xanim,#hash_119f0b07a96d45df
xanim,#vm_smg_handling_reload
xanim,#pt_rifle_t8_ar_fastfire_stand_inspect
xanim,#pt_rifle_t8_smg_fastfire_crouch_inspect
xanim,#vm_mp9_first_raise
xanim,#vm_lmg_heavy_sprint_pullout
xanim,#vm_war_machine_sprint_in
xanim,#vm_annihilator_t8_crawl_out
xanim,#vm_mp40_gunbutt_swipe
xanim,#vm_pistol_standard_fire
xanim,#vm_mp9_pullout_quick
xanim,#ai_zombie_base_walk_turn_45_r_v2
xanim,#pt_launcher_stand_reload_empty
xanim,#vm_tactical_idle
xanim,#pt_sniper_quickscope_prone_reload
xanim,#vm_sniper_locus_t8_fire_ads
xanim,#hash_1235fef32c812455
xanim,#vm_frag_grenade_cancel_additive
xanim,#vm_ar_damage_hand_pose_r
xanim,#vm_ar_damage_hand_pose_l
xanim,#vm_tr_midburst_pullout_quick
xanim,#vm_pistol_standard_crawl_out
xanim,#ai_zombie_base_run_turn_90_l_v3
xanim,#vm_tr_swordfish_hand_pose_r
xanim,#vm_tr_swordfish_hand_pose_l
xanim,#hash_125eb99888ad8931
xanim,#hash_1261c26d1bc75d04
xanim,#vm_ar_fastfire_sprint_out
xanim,#hash_1277abe2f19520a3
xanim,#vm_shotgun_pump_reload_loop
xanim,#vm_grapple_gun_putaway_additive
xanim,#vm_special_crossbow_crawl_out
xanim,#vm_ww_akud_putaway
xanim,#vm_mp40_sprint_putaway
xanim,#vm_titan_swim_uw_putaway
xanim,#vm_tr_swordfish_swim_from_land
xanim,#vm_sig_bow_mantle
xanim,#hash_12d8d714bfc1cb79
xanim,#pt_money_bag_crouch_melee_miss
xanim,#vm_mp9_idle
xanim,#vm_lmg_mg08_gunbutt_swipe
xanim,#hash_12e2f32a6c724d25
xanim,#vm_tr_midburst_reload_empty
xanim,#hash_12f0e090b9e030d7
xanim,#vm_shotgun_full_auto_reload_empty
xanim,#vm_war_machine_gunbutt_swipe
xanim,#vm_smg_folding_swim_uw_putaway
xanim,#vm_tr_flechette_crawl_r
xanim,#vm_tr_flechette_crawl_b
xanim,#vm_tr_flechette_crawl_f
xanim,#vm_tr_flechette_crawl_l
xanim,#hash_13210ebee78acf0f
xanim,#vm_pistol_standard_sprint_loop
xanim,#vm_smg_handling_ads_base_down
xanim,#hash_133f2d8fda814367
xanim,#vm_smart_cover_jump
xanim,#ai_zombie_base_crawl_jump_down_160
xanim,#vm_war_machine_swim_uw_idle
xanim,#vm_emp_grenade_pullpin_bare_hands_additive
xanim,#hash_1346e3ed32b2ad80
xanim,#vm_ar_peacekeeper_t8_pullout
xanim,#vm_ww_akud_fire
xanim,#vm_sniper_vanguard_walk_f
xanim,#ai_zombie_base_crawl_jump_down_128
xanim,#pt_knife_prone_putaway
xanim,#pt_rifle_t8_smg_handling_stand_reload_partial
xanim,#vm_lmg_mg08_sprint_in
xanim,#vm_sniper_damagesemi_fire_ads
xanim,#vm_smart_cover_ads_up
xanim,#hash_13a6e4b545ff34e8
xanim,#pt_rifle_t8_ar_modular_crouch_firstraise
xanim,#vm_argus_t8_ads_base_down
xanim,#vm_slaybell_walk_f
xanim,#pt_scorpion_prone_fire_cancel
xanim,#pt_rifle_t8_ar_stealth_prone_inspect
xanim,#vm_grapple_gun_reel_in_brawler
xanim,#pt_rifle_t8_ar_fastfire_prone_reload
xanim,#vm_shotgun_semiauto_swim_to_land
xanim,#vm_pistol_revolver_ads_base_up
xanim,#vm_sniper_vanguard_swim_to_land
xanim,#vm_pistol_burst_sprint_in
xanim,#vm_tr_damageburst_t8_gunbutt_swipe
xanim,#pt_rifle_crouch_melee_bayonet
xanim,#vm_ar_stealth_swim_from_land
xanim,#hash_1409ffea46aeeeb7
xanim,#vm_mp9_fire_ads
xanim,#vm_bowie_knife_t8_hand_pose_r
xanim,#vm_bowie_knife_t8_hand_pose_l
xanim,#vm_action_figure_first_raise
xanim,#vm_titan_fire_ads_intro
xanim,#hash_142a4f66826e6bb4
xanim,#vm_war_machine_crawl_b
xanim,#vm_war_machine_crawl_f
xanim,#vm_war_machine_crawl_l
xanim,#vm_war_machine_crawl_r
xanim,#vm_tr_damageburst_t8_swim_uw_pullout
xanim,#ai_t8_zm_avogadro_ranged_attack_v1
xanim,#vm_sniper_power_semi_idle
xanim,#vm_argus_t8_sprint_in
xanim,#vm_pistol_standard_jump_land
xanim,#vm_annihilator_t8_jump_land
xanim,#hash_14643480a00f97b1
xanim,#ai_zm_dlc1_zombie_jump_up_lowg_v1
xanim,#vm_pistol_auto_pullout
xanim,#vm_tak5_drop
xanim,#vm_tr_power_semi_sprint_out
xanim,#pt_annihilator_stand_firstraise
xanim,#vm_sniper_fast_rechamber_reload
xanim,#pt_pirate_cutlass_crouch_pullout
xanim,#hash_14bc9b4d01b75a83
xanim,#vm_smg_capacity_fire_ads
xanim,#vm_sticky_grenade_cancel_sig_bow
xanim,#vm_ar_an94_t8_jump
xanim,#vm_sniper_fast_rechamber_sprint_loop
xanim,#ai_zombie_base_run_ad_v8_pain_chest_f
xanim,#vm_mini_turret_idle
xanim,#vm_slaybell_sprint_putaway
xanim,#hash_14e8b37a7664d527
xanim,#vm_tr_flechette_sprint_pullout
xanim,#vm_sig_bow_ads_base_down
xanim,#vm_t8_mini_crossbow_sprint_pullout
xanim,#vm_tr_midburst_fire_ads
xanim,#mm_bow_fem_crouch_fire_loop
xanim,#pt_knife_prone_melee_swipe
xanim,#vm_hades_ads_base_down
xanim,#hash_1517c83deaad0f69
xanim,#vm_smg_vmp_t8_reload
xanim,#vm_ar_stealth_inspect
xanim,#vm_zom_raygun_mk2_sprint_out
xanim,#ai_zombie_base_run_ad_v8
xanim,#ai_zombie_base_run_ad_v1
xanim,#ai_zombie_base_run_ad_v2
xanim,#ai_zombie_base_run_ad_v4
xanim,#ai_zombie_base_run_ad_v7
xanim,#vm_slow_grenade_sig_bow_pullpin_additive
xanim,#vm_launcher_standard_t8_idle
xanim,#vm_grapple_gun_fire_brawler_additive
xanim,#vm_smg_fastfire_pullout
xanim,#vm_locus_walk_f
xanim,#pt_pistol_standard_prone_reload
xanim,#vm_sniper_locus_t8_swim_uw_putaway
xanim,#hash_154ae0256197e659
xanim,#vm_war_machine_sprint_pullout
xanim,#hash_1550653dbee3e57a
xanim,#hash_1550f1c21c29dac8
xanim,#vm_purifier_t8_sprint_putaway
xanim,#vm_demo_hammer_sprint_out
xanim,#ai_t8_zm_zombie_base_warzone_door_hit_01
xanim,#vm_stop_sign_inspect
xanim,#hash_156f686b5ed580c5
xanim,#pt_rifle_t8_ar_stealth_crouch_reload_partial
xanim,#vm_sticky_grenade_pullpin
xanim,#vm_sniper_power_semi_walk_f
xanim,#vm_mp9_walk_f_ads
xanim,#ai_zombie_base_run_mantle_over_36
xanim,#vm_smg_vmp_t8_fire_intro
xanim,#pt_tripwire_male_swim_fire_enter
xanim,#vm_ww_blundergat_crawl_out
xanim,#ai_zombie_base_run_mantle_over_72
xanim,#ai_zombie_base_run_mantle_over_48
xanim,#pt_rifle_t8_ar_galil_crouch_firstraise
xanim,#pt_pirate_cutlass_stand_swipe
xanim,#hash_15a40e0a401e95d4
xanim,#ai_zombie_base_run_mantle_over_96
xanim,#vm_no_weapon_idle
xanim,#hash_15b278203af0e04f
xanim,#vm_sig_bow_wz_pullout
xanim,#vm_ar_k57_jump_land
xanim,#vm_lmg_mg08_ads_base_down
xanim,#hash_15dc91796dccb42e
xanim,#vm_titan_pullout
xanim,#vm_frag_ads_down
xanim,#pt_launcher_crouch_reload_empty
xanim,#pt_lmg_prone_spray_inspect
xanim,#vm_purifier_t8_crawl_out
xanim,#vm_tr_damageburst_t8_putaway
xanim,#vm_koshka_reload_empty
xanim,#vm_sniper_power_semi_lastshot_ads
xanim,#vm_frag_grenade_pullpin_bare_hands
xanim,#vm_sniper_fast_rechamber_putaway
xanim,#vm_ar_accurate_fire_intro
xanim,#vm_ar_peacekeeper_t8_idle
xanim,#vm_shotgun_pump_sprint_pullout
xanim,#vm_health_regen_ads_down
xanim,#vm_shotgun_pump_sprint_in
xanim,#vm_tactical_ads_up
xanim,#vm_special_crossbow_sprint_pullout
xanim,#vm_tr_flechette_crawl_out
xanim,#pt_rifle_t8_smg_handling_stand_inspect
xanim,#vm_bowie_knife_t8_crawl_in
xanim,#pt_grenade_stand_hold_fire
xanim,#vm_ar_peacekeeper_t8_crawl_l
xanim,#vm_ar_peacekeeper_t8_crawl_f
xanim,#vm_ar_peacekeeper_t8_crawl_b
xanim,#vm_ar_peacekeeper_t8_crawl_r
xanim,#vm_lmg_mg08_fire_intro
xanim,#vm_basketball_jump
xanim,#vm_ar_accurate_fall
xanim,#vm_ar_accurate_swim_from_land
xanim,#vm_smg_accurate_ads_base_up
xanim,#ai_zombie_base_walk_ad_v3
xanim,#ai_zombie_base_walk_ad_v2
xanim,#ai_zombie_base_walk_ad_v1
xanim,#ai_zombie_base_walk_ad_v7
xanim,#ai_zombie_base_walk_ad_v6
xanim,#ai_zombie_base_walk_ad_v5
xanim,#ai_zombie_base_walk_ad_v4
xanim,#pt_demo_hammer_prone_firstraise
xanim,#pt_pistol_crouch_putaway
xanim,#vm_ww_blundergat_ads_base_down
xanim,#hash_16c55d3e32cf6aff
xanim,#hash_16da0261442d9b85
xanim,#pt_slaybell_crouch_inspect
xanim,#pt_bow_crouch_melee
xanim,#vm_sniper_power_semi_lastshot
xanim,#vm_frag_grenade_cancel_bare_hands_additive
xanim,#vm_war_machine_sprint_loop
xanim,#ai_t8_zm_zombie_base_walk_jump_up_96
xanim,#vm_raygun_crawl_out
xanim,#ai_t8_zm_zombie_base_walk_jump_up_48
xanim,#ai_t8_zm_zombie_base_walk_jump_up_72
xanim,#vm_tr_midburst_sprint_out
xanim,#hash_171cdae7230f5ad9
xanim,#ai_t8_zm_zombie_base_walk_jump_up_36
xanim,#vm_sticky_grenade_loop_sig_bow
xanim,#pt_zom_arm_crouch_inspect
xanim,#ai_zombie_base_sprint_au_v2_pain_chest_f
xanim,#vm_annihilator_t8_swim_uw_idle
xanim,#vm_ar_k57_first_raise
xanim,#vm_basketball_melee_swipe
xanim,#hash_173717ae6ae45b6b
xanim,#vm_smg_fastburst_reload
xanim,#vm_ar_lever_action_sprint_loop
xanim,#ai_zombie_base_walk_au_pain_head_v1
xanim,#vm_demo_hammer_first_raise
xanim,#vm_katana_first_raise
xanim,#vm_argus_t8_sprint_pullout
xanim,#vm_slaybell_idle
xanim,#vm_demo_hammer_jump
xanim,#vm_grapple_gun_idle_l_generic
xanim,#vm_frag_grenade_cancel
xanim,#vm_grapple_gun_fire
xanim,#hash_17855e632a62d259
xanim,#vm_zom_wraith_fire_cancel_rh_additive
xanim,#ai_t8_zm_zombie_base_attack_01
xanim,#ai_t8_zm_zombie_base_attack_03
xanim,#ai_t8_zm_zombie_base_attack_02
xanim,#hash_179a8ca43140c480
xanim,#hash_179a90a43140cb4c
xanim,#hash_179a9aa43140dc4a
xanim,#hash_179a9ca43140dfb0
xanim,#ai_zombie_base_walk_ad_v23
xanim,#ai_zombie_base_walk_ad_v22
xanim,#ai_zombie_base_walk_ad_v21
xanim,#ai_zombie_base_walk_ad_v20
xanim,#ai_zombie_base_walk_ad_v25
xanim,#ai_zombie_base_walk_ad_v24
xanim,#vm_raygun_sprint_pullout
xanim,#ai_zombie_base_walk_ad_v19
xanim,#hash_17aa31180840af81
xanim,#ai_t8_zm_zombie_base_run_jump_up_48
xanim,#vm_ww_akud_hand_pose_r
xanim,#vm_ww_akud_hand_pose_l
xanim,#ai_t8_zm_zombie_base_run_jump_up_72
xanim,#pb_zodiac_driver_turn_r
xanim,#pb_zodiac_driver_turn_l
xanim,#hash_17b936d7376483a1
xanim,#vm_polynesian_club_t8_crawl_out
xanim,#ai_t8_zm_zombie_base_run_jump_up_36
xanim,#hash_17c847f1cfca2a41
xanim,#vm_zom_arm_first_raise
xanim,#vm_scorpion_fall
xanim,#vm_zom_raygun_mk2_idle
xanim,#ai_t8_zm_zombie_base_run_jump_up_96
xanim,#vm_argus_t8_gunbutt_swipe
xanim,#hash_17df82fb2399e5c8
xanim,#vm_lmg_mg08_sprint_raise
xanim,#pt_rifle_stand_putaway
xanim,#vm_tr_damageburst_t8_inspect
xanim,#pt_rifle_t8_ar_damage_stand_reload
xanim,#vm_smg_minigun_crawl_out
xanim,#vm_tomahawk_sig_bow_cancel_additive
xanim,#vm_ar_an94_t8_swim_uw_putaway
xanim,#pt_grenade_swim_throw
xanim,#vm_homunculus_pullpin
xanim,#pt_bow_prone_melee
xanim,#vm_ar_stealth_fall
xanim,#vm_lmg_mg08_fire
xanim,#vm_ar_double_barrel_sprint_in
xanim,#hash_18490a212deadbf7
xanim,#vm_argus_t8_swim_uw_putaway
xanim,#hash_18556bebce47ed5c
xanim,#vm_shotgun_semiauto_gunbutt_swipe
xanim,#vm_sniper_power_semi_ads_iron_sights_down
xanim,#hash_1865f3344bedcaf6
xanim,#vm_ww_akud_pullout
xanim,#vm_ar_standard_gunbutt_swipe
xanim,#vm_mp40_putaway
xanim,#pt_launcher_stand_fire
xanim,#pt_pirate_cutlass_crouch_putaway
xanim,#hash_187d096c7018d849
xanim,#vm_smg_fastfire_ads_base_up
xanim,#vm_grapple_gun_reel_loop_u_brawler_additive
xanim,#pt_melee_gift_axe_prone_firstraise
xanim,#vm_katana_walk_f
xanim,#vm_mp9_fall
xanim,#ai_zombie_base_sprint_turn_180_r_v3
xanim,#hash_18c534852f49279a
xanim,#vm_smg_fastfire_sprint_pullout
xanim,#ai_t8_zm_zombie_dog_pro_trv_jump_dn_32
xanim,#ai_t8_zm_zombie_dog_pro_trv_jump_dn_64
xanim,#vm_trophy_system_t8_fire
xanim,#pt_money_bag_crouch_raise
xanim,#vm_annihilator_t8_first_raise
xanim,#hash_18f329a169ddb23b
xanim,#hash_18f4de6cb593d0e4
xanim,#vm_smg_capacity_walk_f
xanim,#vm_sniper_power_semi_fire
xanim,#ai_t8_zm_zombie_base_run_mantle_up_36_dn_128
xanim,#ai_zombie_smash_react_f_flatonback
xanim,#pt_rifle_swim_idle_gunbutt_melee
xanim,#vm_sniper_power_semi_pullout
xanim,#vm_polynesian_club_t8_ads_base_down
xanim,#vm_concertina_wire_ads_up
xanim,#vm_smg_handling_sprint_putaway
xanim,#ai_t8_zm_zombie_base_dog_trot_turn_r_180
xanim,#vm_ar_standard_crawl_in
xanim,#hash_194fba30eed1523e
xanim,#hash_19550e61a03cdded
xanim,#hash_19565885048bc4ef
xanim,#vm_emp_grenade_loop_bare_hands
xanim,#vm_koshka_pullout_quick
xanim,#vm_sticky_grenade_pullpin_additive
xanim,#vm_sniper_vanguard_rechamber
xanim,#pt_rifle_t8_smg_folding_crouch_first_raise
xanim,#vm_scorpion_jump_land
xanim,#vm_tr_swordfish_crawl_in
xanim,#vm_lmg_mk48_sprint_pullout
xanim,#vm_ar_standard_sprint_pullout
xanim,#hash_19a6e56c69bf853d
xanim,#pt_pirate_cutlass_prone_firstraise
xanim,#vm_bowie_knife_t8_melee_miss
xanim,#vm_tr_damageburst_t8_reload
xanim,#vm_war_machine_swim_uw_in
xanim,#vm_sig_bow_wz_idle_ads
xanim,#vm_smg_fastburst_inspect
xanim,#vm_smg_folding_sprint_out
xanim,#vm_zom_raygun_mk2_walk_f
xanim,#vm_sniper_vanguard_fall
xanim,#hash_19ee3f5536dc7032
xanim,#vm_tripwire_fire_hold_loop_4
xanim,#vm_tripwire_fire_hold_loop_2
xanim,#vm_tripwire_fire_hold_loop_3
xanim,#pt_rifle_t8_smg_fastfire_stand_inspect
xanim,#pt_rifle_t8_ar_galil_stand_inspect
xanim,#pt_grenade_stand_prime
xanim,#pt_lmg_standard_t8_crouch_firstraise
xanim,#vm_frag_grenade_throw_additive
xanim,#vm_stop_sign_melee_in
xanim,#hash_1a06e7b213357f60
xanim,#ai_zombie_base_sprint_turn_90_r_v2
xanim,#hash_1a245e539390d58a
xanim,#hash_1a41daf70044250b
xanim,#vm_money_bag_t8_sprint_in
xanim,#pt_rifle_t8_smg_fasburst_prone_reload
xanim,#ai_t8_zm_zombie_base_run_jump_up_catwlk_160
xanim,#hash_1a5dc4376acbfcf7
xanim,#pt_pirate_cutlass_prone_putaway
xanim,#ai_t8_zm_zombie_base_run_jump_up_catwlk_128
xanim,#vm_shotgun_semiauto_ads_base_up
xanim,#hash_1a7a308990c12048
xanim,#ai_t8_zm_mob_brutus_walk_jump_dn_72
xanim,#ai_t8_zm_mob_brutus_walk_jump_dn_48
xanim,#hash_1a96addbd7e50980
xanim,#ai_t8_zm_mob_brutus_walk_jump_dn_36
xanim,#vm_shotgun_pump_ads_base_up
xanim,#vm_smart_cover_idle_empty
xanim,#pt_rifle_stand_melee_gunbutt_swipe
xanim,#ai_t8_zm_mob_brutus_walk_jump_dn_96
xanim,#hash_1ac2e113daf32140
xanim,#pt_sniper_quickscope_crouch_inspect
xanim,#vm_slaybell_first_raise
xanim,#vm_grapple_gun_fire_generic_additive
xanim,#vm_smg_folding_fire_intro_ads
xanim,#pt_demo_hammer_crouch_firstraise
xanim,#vm_lmg_mg08_swim_uw_pullout
xanim,#pt_pistol_stand_melee_gunbutt_strike
xanim,#ai_zombie_base_sprint_au_v2
xanim,#ai_zombie_base_sprint_au_v1
xanim,#vm_zom_arm_putaway
xanim,#pt_rifle_t8_smg_standard_prone_inspect
xanim,#vm_sniper_vanguard_swim_uw_pullout
xanim,#vm_zom_raygun_mk2_sprint_putaway
xanim,#vm_ar_accurate_putaway
xanim,#vm_grapple_gun_putaway_generic
xanim,#vm_raygun_crawl_f
xanim,#vm_raygun_crawl_b
xanim,#vm_raygun_crawl_l
xanim,#vm_raygun_crawl_r
xanim,#vm_tr_flechette_putaway
xanim,#vm_grapple_gun_idle_d_brawler
xanim,#hash_1b364ed055fa81ad
xanim,#pt_rifle_swim_putaway
xanim,#vm_ar_lever_action_crawl_in
xanim,#vm_war_machine_putaway
xanim,#pb_rifle_t8_ar_stealth_stand_first_raise
xanim,#vm_trophy_system_t8_fire_hold
xanim,#vm_ar_galil_reload_empty
xanim,#ai_t8_zm_zombie_dog_pro_trv_mantle_up_36_dn_240
xanim,#vm_tr_damageburst_t8_ads_base_up
xanim,#vm_sniper_power_semi_sprint_in
xanim,#vm_ar_peacekeeper_t8_sprint_pullout
xanim,#vm_ww_freezegun_gunbutt_swipe
xanim,#vm_tripwire_fire_hold_4
xanim,#vm_tripwire_fire_hold_3
xanim,#vm_tripwire_fire_hold_2
xanim,#hash_1c09e1f54974bf62
xanim,#pt_sniper_quickscope_prone_inspect
xanim,#vm_sticky_grenade_throw_bare_hands
xanim,#vm_action_figure_sprint_out
xanim,#vm_sniper_mini14_first_raise
xanim,#pb_atv_passenger_fire
xanim,#ai_zombie_base_run_ad_v4_pain_chest_f
xanim,#vm_slaybell_swim_pullout
xanim,#pt_rifle_t8_ar_standard_crouch_reload_partial
xanim,#pt_basketball_crouch_throw
xanim,#vm_grapple_gun_reel_out_brawler
xanim,#hash_1c5c8e7c601ac214
xanim,#vm_emp_grenade_throw_bare_hands
xanim,#vm_snowball_loop_bare_hands
xanim,#vm_slow_grenade_sig_bow_cancel_additive
xanim,#pt_pistol_burst_prone_reload_partial
xanim,#vm_grapple_gun_reel_loop_l
xanim,#vm_grapple_gun_reel_loop_d
xanim,#vm_grapple_gun_reel_loop_u
xanim,#vm_grapple_gun_reel_loop_r
xanim,#pt_stop_sign_stand_first_raise
xanim,#hash_1c9e751d7b906360
xanim,#hash_1c9e931d7b90965a
xanim,#hash_1ca22c90f3bb528a
xanim,#vm_ar_damage_fire_last
xanim,#hash_1cb1b3e2abcf3e81
xanim,#hash_1cbd4eca7ac5d451
xanim,#pt_rifle_t8_smg_fastburst_crouch_reload_partial
xanim,#ai_t8_zm_mob_brutus_boss_stun_loop
xanim,#pt_scorpion_stand_fire_cancel
xanim,#vm_tr_damageburst_t8_fire_ads_last
xanim,#vm_hades_fire_ads_intro
xanim,#ai_zombie_base_sprint_ad_v21_pain_chest_f
xanim,#pt_tripwire_male_prone_fire
xanim,#pt_pistol_crouch_raise
xanim,#vm_slow_grenade_cancel
xanim,#vm_smg_folding_sprint_pullout
xanim,#vm_bare_hands_t8_swim_tw_sprint_loop
xanim,#vm_tr_flechette_inspect
xanim,#vm_stop_sign_idle
xanim,#vm_grapple_gun_fire_generic
xanim,#pt_pirate_cutlass_crouch_idle
xanim,#ai_t8_zm_avogadro_sprint_v1
xanim,#vm_scorpion_walk_f
xanim,#ai_zombie_base_walk_turn_180_r_v3
xanim,#vm_katana_melee_out
xanim,#vm_ar_accurate_fire_ads
xanim,#pt_demo_hammer_stand_inspect
xanim,#vm_lmg_mk48_sprint_in
xanim,#vm_ww_freezegun_crawl_in
xanim,#vm_t8_swim_in
xanim,#vm_ar_fastfire_swim_uw_pullout
xanim,#vm_tr_swordfish_sprint_pullout
xanim,#vm_smg_fastfire_sprint_in
xanim,#vm_concertina_wire_fall
xanim,#vm_tr_power_semi_sprint_putaway
xanim,#pt_ar_peacekeeper_t8_prone_reload_empty
xanim,#hash_1de00077bd892bc2
xanim,#vm_mp9_walk_f
xanim,#vm_tr_flechette_reload_empty
xanim,#ai_t8_zm_zombie_base_run_jump_down_72
xanim,#ai_t8_zm_zombie_base_run_jump_down_48
xanim,#vm_sniper_fast_rechamber_reload_empty
xanim,#pt_rifle_swim_fire_over
xanim,#pt_rifle_t8_smg_folding_crouch_reload_empty
xanim,#hash_1dff778d4a5fd0ab
xanim,#vm_t8_swim_sig_bow_out
xanim,#ai_zombie_base_dth_r_chest_hvy_01
xanim,#ai_t8_zm_zombie_base_run_jump_down_36
xanim,#pt_lmg_standard_t8_stand_inspect
xanim,#pt_rifle_t8_tr_longburst_stand_inspect
xanim,#vm_t8_swim_idle_static_additive
xanim,#vm_stop_sign_sprint_pullout
xanim,#ai_t8_zm_zombie_base_run_jump_down_96
xanim,#ai_zombie_base_walk_au_v13
xanim,#ai_zombie_base_walk_au_v12
xanim,#ai_zombie_base_walk_au_v11
xanim,#ai_zombie_base_walk_au_v10
xanim,#ai_zombie_base_walk_au_v15
xanim,#ai_zombie_base_walk_au_v23
xanim,#ai_zombie_base_walk_au_v20
xanim,#ai_zombie_base_walk_au_v21
xanim,#vm_frag_grenade_cancel_bare_hands
xanim,#pt_rifle_t8_ar_modular_crouch_reload_empty
xanim,#vm_sniper_mini14_idle
xanim,#hash_1e45bda7d2667064
xanim,#vm_titan_ads_base_down
xanim,#hash_1e4cac8781a6830e
xanim,#vm_sig_bow_wz_sprint_pullout
xanim,#vm_snowball_pullpin_bare_hands
xanim,#vm_lmg_mk48_swim_uw_pullout
xanim,#vm_special_crossbow_putaway_quick
xanim,#vm_zom_raygun_mk2_hand_pose_r
xanim,#vm_zom_raygun_mk2_hand_pose_l
xanim,#vm_ar_double_barrel_reload
xanim,#hash_1e88a29282b9c0e4
xanim,#vm_sig_bow_wz_first_raise
xanim,#vm_special_crossbow_hand_pose_l
xanim,#vm_special_crossbow_hand_pose_r
xanim,#vm_tr_flechette_swim_uw_pullout
xanim,#pt_rifle_t8_ar_accurate_stand_reload_partial
xanim,#pt_concertina_wire_prone_putaway
xanim,#vm_zom_arm_swim_putaway
xanim,#pt_money_bag_stand_melee_miss
xanim,#vm_katana_swim_uw_pullout
xanim,#hash_1ee4ac76f1f9ab50
xanim,#pt_launcher_prone_raise
xanim,#vm_lmg_heavy_sprint_out
xanim,#vm_barehands_unstoppable_force_out
xanim,#pt_sniper_quickscope_crouch_first_raise
xanim,#vm_sniper_fast_rechamber_idle
xanim,#vm_slow_grenade_pullpin_bare_hands_additive
xanim,#pt_rifle_t8_tr_longburst_stand_reload
xanim,#vm_tr_power_semi_swim_uw_putaway
xanim,#vm_smg_handling_fire_ads
xanim,#vm_smg_fastburst_sprint_out
xanim,#pt_rifle_t8_smg_folding_prone_reload_empty
xanim,#vm_tr_power_semi_first_raise
xanim,#vm_raygun_pullout
xanim,#hash_1f8b328dfcaf9c4d
xanim,#vm_smg_fastburst_gunbutt_swipe
xanim,#pt_shotgun_precision_t8_prone_pullout
xanim,#hash_1f999f5b6a0382bf
xanim,#hash_1fa9a343138df134
xanim,#vm_launcher_standard_t8_fire_ads
xanim,#ai_zombie_base_sprint_ad_v5_pain_chest_f
xanim,#vm_grapple_gun_putaway_brawler_additive
xanim,#pt_launcher_crouch_inspect
xanim,#vm_war_machine_ads_base_down
xanim,#hash_1ff8c49c04aea90f
xanim,#vm_launcher_standard_t8_gunbutt_swipe
xanim,#vm_tr_swordfish_reload_am
xanim,#vm_sniper_mini14_crawl_out
xanim,#vm_pistol_burst_ads_base_up
xanim,#vm_tak5_loop
xanim,#pt_action_figure_stand_idle
xanim,#vm_smg_minigun_pullout_quick
xanim,#vm_drone_hawk_fire_additive
xanim,#vm_tr_power_semi_reload_empty
xanim,#vm_smg_vmp_t8_inspect
xanim,#vm_smg_fastfire_sprint_out
xanim,#vm_mgl_putaway
xanim,#hash_207a6b95544a27aa
xanim,#vm_supply_pod_first_raise
xanim,#vm_pirate_cutlass_putaway
xanim,#ai_zombie_smash_react_f_upontoback
xanim,#vm_grapple_gun_reel_out_additive
xanim,#vm_purifier_t8_swim_uw_pullout
xanim,#ai_zombie_base_dog_run_turn_90_left
xanim,#pt_rifle_t8_ar_standard_stand_reload_partial
xanim,#vm_smg_fastfire_inspect
xanim,#vm_tr_flechette_pullout_quick
xanim,#pt_smart_cover_crouch_raise
xanim,#hash_20d67099b47133dd
xanim,#vm_concertina_wire_jump
xanim,#pt_slaybell_stand_idle
xanim,#vm_titan_hand_pose_r
xanim,#vm_titan_hand_pose_l
xanim,#ai_t8_zm_mob_brutus_sprint_a
xanim,#vm_stop_sign_crawl_in
xanim,#vm_pistol_burst_fire
xanim,#hash_211f68e3d7bd99ea
xanim,#vm_t8_swim_sig_bow_in_additive
xanim,#vm_zom_raygun_mk2_ads_base_down
xanim,#vm_ar_stealth_ads_base_up
xanim,#hash_2137f75e81dc7c86
xanim,#pt_rifle_t8_smg_folding_stand_reload
xanim,#vm_shotgun_full_auto_sprint_out
xanim,#vm_PRONE_TO_CROUCH_sig_bow
xanim,#vm_supply_pod_jump
xanim,#vm_argus_t8_putaway
xanim,#vm_purifier_t8_first_raise
xanim,#vm_grapple_gun_fire_loop
xanim,#vm_ar_standard_fire_intro_ads
xanim,#pt_turret_mini_prone_hold_idle
xanim,#hash_21882602e725edfb
xanim,#vm_hades_first_raise
xanim,#vm_tomahawk_sig_bow_cancel
xanim,#vm_action_figure_hand_pose_r
xanim,#vm_action_figure_hand_pose_l
xanim,#vm_zom_arm_melee_miss
xanim,#vm_slow_grenade_pullpin_additive
xanim,#ai_t8_zm_zombie_base_sprint_mantle_over_36
xanim,#hash_21bed694be96d469
xanim,#vm_katana_dash_in
xanim,#vm_pistol_auto_walk_f
xanim,#hash_21ec92374c750d78
xanim,#vm_katana_melee_miss
xanim,#vm_sig_bow_wz_crawl_in
xanim,#hash_220af3201914cecf
xanim,#vm_launcher_standard_t8_sprint_out
xanim,#vm_pistol_burst_sprint_putaway
xanim,#vm_ar_accurate_sprint_pullout
xanim,#vm_bowie_knife_mp_drop_attack
xanim,#vm_smart_cover_fire_hold
xanim,#vm_sig_bow_wz_sprint_putaway
xanim,#vm_ar_galil_sprint_raise
xanim,#vm_hades_sprint_drop
xanim,#ai_t8_zm_zombie_base_walk_react_l_05
xanim,#ai_t8_zm_zombie_base_walk_react_l_04
xanim,#ai_t8_zm_zombie_base_walk_react_l_03
xanim,#ai_t8_zm_zombie_base_walk_react_l_02
xanim,#ai_t8_zm_zombie_base_walk_react_l_01
xanim,#ai_t8_zm_mob_brutus_walk_jump_up_96
xanim,#ai_t8_zm_mob_brutus_walk_jump_up_72
xanim,#ai_t8_zm_mob_brutus_walk_jump_up_48
xanim,#ai_t8_zm_mob_brutus_walk_jump_up_36
xanim,#vm_sensor_dart_fire_sig_bow
xanim,#hash_2260f7454ea0561f
xanim,#vm_pistol_auto_sprint_loop
xanim,#pt_ruin_grapple_gun_prone_pullout
xanim,#pt_rifle_t8_smg_folding_stand_inspect
xanim,#pt_rifle_t8_smg_fastfire_prone_inspect
xanim,#vm_lmg_mk48_ads_base_down
xanim,#ai_zombie_base_dog_run_start
xanim,#hash_229dbe947bf7533e
xanim,#hash_22c673fe468262c9
xanim,#vm_mp9_fire_ads_intro
xanim,#vm_zom_raygun_mk2_first_raise
xanim,#vm_mp9_pullout
xanim,#vm_ar_damage_sprint_in
xanim,#vm_koshka_fall
xanim,#vm_launcher_standard_t8_ads_base_down
xanim,#vm_sig_bow_wz_draw_ads
xanim,#pt_rifle_t8_ar_damage_crouch_reload
xanim,#vm_ar_stealth_putaway_quick
xanim,#vm_grapple_gun_reel_loop_d_brawler
xanim,#hash_231dc887eaab47d4
xanim,#hash_2338e5cc5785a3df
xanim,#vm_ar_lever_action_fire
xanim,#hash_233dec25b30abe34
xanim,#hash_233fd42a1a4e3f73
xanim,#pt_recon_sensor_gun_prone_fire
xanim,#ai_t8_zm_avogadro_arrival
xanim,#vm_ar_k57_ads_base_up
xanim,#vm_ar_double_barrel_fire_last
xanim,#pt_rifle_t8_ar_modular_stand_reload
xanim,#vm_tr_damageburst_t8_sprint_in
xanim,#pt_money_bag_stand_melee
xanim,#vm_t8_mini_crossbow_reload
xanim,#ai_t8_zm_mob_brutus_sprint_jump_dn_96
xanim,#ai_t8_zm_mob_brutus_walk_jump_dn_128
xanim,#ai_t8_zm_mob_brutus_sprint_jump_dn_36
xanim,#vm_emp_grenade_cancel_bare_hands_additive
xanim,#hash_23f9f9931564a5af
xanim,#ai_t8_zm_mob_brutus_sprint_jump_dn_48
xanim,#ai_t8_zm_mob_brutus_sprint_jump_dn_72
xanim,#vm_slow_grenade_rh_loop
xanim,#pt_rifle_crouch_melee_gunbutt
xanim,#pt_slaybell_prone_inspect
xanim,#ai_zombie_base_dog_death_hit_back
xanim,#vm_pistol_revolver_walk_f
xanim,#ai_t8_zm_zombie_base_run_jump_down_128
xanim,#vm_grapple_gun_reel_loop_r_brawler
xanim,#vm_scorpion_reload
xanim,#ai_direwolf_base_idle_howl
xanim,#vm_grapple_gun_fire_brawler
xanim,#vm_ar_an94_t8_reload_empty
xanim,#hash_2489d8ca43bc24ea
xanim,#pt_rifle_t8_smg_fastburst_prone_reload_partial
xanim,#ai_t8_zm_zombie_base_run_buffed_01
xanim,#pt_slaybell_stand_firstraise
xanim,#vm_grapple_gun_idle_d_brawler_additive
xanim,#vm_pistol_revolver_fall
xanim,#pt_turret_mini_crouch_putaway
xanim,#vm_special_crossbow_sprint_loop
xanim,#hash_24c20660c5654150
xanim,#hash_24c2ec0f9c0bdb15
xanim,#vm_slaybell_ads_base_down
xanim,#vm_smg_vmp_t8_sprint_putaway
xanim,#hash_24ca0270fd431cdf
xanim,#vm_pistol_standard_crawl_l
xanim,#vm_pistol_standard_crawl_b
xanim,#vm_pistol_standard_crawl_f
xanim,#vm_pistol_standard_crawl_r
xanim,#hash_24e0056187705992
xanim,#vm_tr_midburst_reload
xanim,#ai_zombie_base_sprint_au_v22_pain_chest_f
xanim,#vm_tr_swordfish_crawl_out
xanim,#vm_smg_handling_putaway
xanim,#pt_smart_cover_stand_putaway
xanim,#hash_2526975bad8ad19f
xanim,#hash_2534ba609f8627db
xanim,#pt_rifle_t8_ar_modular_prone_reload_empty
xanim,#pt_ruin_grapple_gun_putaway
xanim,#vm_launcher_standard_t8_sprint_pullout
xanim,#vm_tr_swordfish_swim_uw_pullout
xanim,#vm_katana_jump_land
xanim,#vm_ar_damage_pullout_sprint
xanim,#vm_shotgun_semiauto_ads_base_down
xanim,#vm_ar_lever_action_sprint_out
xanim,#vm_pirate_cutlass_swim_uw_pullout
xanim,#hash_2579e33ea1701d90
xanim,#vm_tr_power_semi_jump
xanim,#vm_lmg_mk48_sprint_putaway
xanim,#vm_tr_swordfish_idle
xanim,#hash_25a2a6fce4103559
xanim,#vm_ar_standard_jump
xanim,#hash_25af96da4fe82e13
xanim,#pt_rifle_t8_ar_standard_prone_reload_partial
xanim,#vm_smg_folding_crawl_out
xanim,#vm_virtual_tablet_putaway
xanim,#vm_ar_lever_action_putaway
xanim,#pt_rifle_t8_tr_midburst_crouch_inspect
xanim,#vm_katana_hand_pose_l
xanim,#vm_katana_hand_pose_r
xanim,#vm_smg_capacity_putaway_quick
xanim,#pt_rifle_t8_ar_galil_prone_inspect
xanim,#pt_shotgun_precision_t8_stand_reload_empty
xanim,#hash_25e761630d14a692
xanim,#vm_shotgun_pump_sprint_out
xanim,#hash_25fea17045b8bbd4
xanim,#hash_261585cc81536bc8
xanim,#vm_mini_turret_hand_pose_r
xanim,#vm_mini_turret_hand_pose_l
xanim,#vm_sniper_power_semi_putaway
xanim,#vm_smg_folding_pullout_quick
xanim,#pt_grenade_swim_prime
xanim,#vm_tr_flechette_fire
xanim,#vm_koshka_sprint_out
xanim,#vm_slaybell_inspect
xanim,#pt_ruin_grapple_gun_prone_putaway
xanim,#vm_special_crossbow_swim_pullout
xanim,#vm_slaybell_crawl_r
xanim,#vm_slaybell_crawl_l
xanim,#vm_slaybell_crawl_b
xanim,#vm_slaybell_crawl_f
xanim,#hash_265a488af5cb27c2
xanim,#vm_sniper_mini14_sprint_pullout
xanim,#vm_tr_flechette_ads_base_up
xanim,#vm_smg_folding_inspect
xanim,#vm_basketball_crawl_in
xanim,#vm_pistol_standard_swim_uw_putaway
xanim,#hash_268ba48e3fbd4759
xanim,#hash_268cdd677926de6c
xanim,#vm_ar_k57_fire
xanim,#vm_launcher_standard_t8_swim_from_land
xanim,#vm_smart_cover_fire
xanim,#vm_pistol_standard_gunbutt_swipe
xanim,#vm_frag_grenade_throw_bare_hands
xanim,#hash_26bad9185f3cec54
xanim,#ai_t8_zm_mob_brutus_walk_a
xanim,#vm_koshka_putaway_quick
xanim,#vm_snowball_loop_bare_hands_additive
xanim,#vm_sniper_fast_rechamber_fire
xanim,#vm_grapple_gun_reel_loop_brawler_additive
xanim,#vm_money_bag_t8_sprint_out
xanim,#vm_t8_base_slide
xanim,#hash_26e5a1e328c20d74
xanim,#hash_26e74688c8818c0d
xanim,#vm_action_figure_sprint_loop
xanim,#pt_money_bag_crouch_melee
xanim,#pt_drone_hawk_stand_raise_rh
xanim,#pt_action_figure_prone_idle
xanim,#ai_zombie_base_run_turn_180_r_v2
xanim,#pt_rifle_t8_smg_vmp_prone_reload
xanim,#hash_27086463723dd3de
xanim,#pt_rifle_t8_ar_accurate_prone_reload_partial
xanim,#vm_smg_vmp_t8_hand_pose_l
xanim,#vm_smg_vmp_t8_hand_pose_r
xanim,#vm_ww_akud_reload
xanim,#vm_argus_t8_first_raise
xanim,#hash_275d2e272722ca22
xanim,#vm_frag_pullpin
xanim,#vm_smg_fastfire_reload
xanim,#hash_276f7ff6c97a2c4f
xanim,#ai_zombie_smash_react_b_faceplant
xanim,#hash_277c60f50ce6e3a2
xanim,#pt_rifle_prone_putaway
xanim,#vm_t8_swim_sig_bow_in
xanim,#vm_sniper_mini14_pullout
xanim,#vm_shotgun_pump_swim_uw_in
xanim,#vm_shotgun_semiauto_inspect
xanim,#pt_rifle_swim_reload_rearclip
xanim,#vm_sniper_mini14_lastshot
xanim,#vm_shotgun_semiauto_sprint_out
xanim,#ai_zombie_base_crawl_mantle_over_128
xanim,#hash_27c2a6ad87515262
xanim,#vm_ar_galil_jump
xanim,#vm_money_bag_t8_inspect
xanim,#vm_tr_swordfish_ads_base_up
xanim,#vm_tr_damageburst_t8_first_raise
xanim,#vm_tr_midburst_fire_intro_ads
xanim,#vm_smg_handling_hand_pose_r
xanim,#vm_smg_handling_hand_pose_l
xanim,#vm_ar_an94_t8_swim_uw_pullout
xanim,#vm_mp40_fire_last_ads
xanim,#hash_2807ae088419d32b
xanim,#vm_lmg_mk48_pullout_quick
xanim,#vm_pirate_cutlass_taunt
xanim,#ai_t8_zombie_base_walk_pain_03
xanim,#ai_t8_zombie_base_walk_pain_02
xanim,#ai_t8_zombie_base_walk_pain_01
xanim,#ai_t8_zombie_base_walk_pain_05
xanim,#ai_t8_zombie_base_walk_pain_04
xanim,#pt_trophy_system_prone_putaway
xanim,#vm_slow_grenade_pullpin
xanim,#vm_combat_knife_t8_walk_f
xanim,#hash_2850586259540a7d
xanim,#hash_285635aafb197380
xanim,#vm_tr_swordfish_gunbutt_swipe
xanim,#ai_zombie_base_walk_au_pain_legs_v1
xanim,#hash_285dff9dcd5c6f6f
xanim,#vm_grapple_gun_fire_loop_generic_additive
xanim,#ai_zombie_base_sprint_ad_v22
xanim,#ai_zombie_base_sprint_ad_v23
xanim,#ai_zombie_base_sprint_ad_v21
xanim,#ai_zombie_base_sprint_ad_v24
xanim,#vm_ar_accurate_swim_uw_pullout
xanim,#hash_28856b762d087d13
xanim,#p8_fxanim_wz_supply_stash_health_used_anim
xanim,#pt_sniper_fastrechamber_prone_reload
xanim,#vm_lmg_mk48_crawl_l
xanim,#vm_lmg_mk48_crawl_b
xanim,#vm_lmg_mk48_crawl_f
xanim,#vm_lmg_mk48_crawl_r
xanim,#pt_knife_stand_inspect
xanim,#vm_38_special_fall
xanim,#vm_pirate_cutlass_hand_pose_l
xanim,#vm_pirate_cutlass_hand_pose_r
xanim,#vm_slaybell_putaway
xanim,#ai_t8_zm_zombie_base_crawl_mantle_up_80_dn_36
xanim,#vm_zom_monkey_bomb_idle
xanim,#vm_sniper_damagesemi_pullout
xanim,#pt_hold_swim_raise
xanim,#pt_rifle_t8_tr_midburst_crouch_reload_partial
xanim,#pt_shotgun_precision_t8_stand_firstraise
xanim,#vm_ar_peacekeeper_t8_hand_pose_r
xanim,#vm_ar_peacekeeper_t8_hand_pose_l
xanim,#pt_stop_sign_crouch_inspect
xanim,#vm_spork_pullout
xanim,#pt_an94_t8_prone_reload
xanim,#hash_2913815c4641a7de
xanim,#pt_tripwire_male_swim_fire
xanim,#vm_t8_tablet_ads_down
xanim,#vm_smg_folding_putaway
xanim,#pb_rifle_t8_ar_stealth_crouch_first_raise
xanim,#vm_tr_midburst_fall
xanim,#vm_smg_minigun_crawl_r
xanim,#vm_smg_minigun_crawl_f
xanim,#vm_smg_minigun_crawl_b
xanim,#vm_smg_minigun_crawl_l
xanim,#vm_annihilator_t8_pullout
xanim,#vm_ar_lever_action_swim_uw_putaway
xanim,#vm_ar_an94_t8_ads_base_up
xanim,#pt_pistol_burst_crouch_reload_partial
xanim,#hash_2985396b78831d11
xanim,#hash_298697ca305f9016
xanim,#vm_war_machine_sprint_out
xanim,#vm_ar_standard_inspect
xanim,#vm_smg_handling_reload_empty
xanim,#pt_pistol_standard_stand_reload
xanim,#vm_sniper_vanguard_sprint_out
xanim,#vm_sniper_vanguard_putaway_quick
xanim,#vm_tr_swordfish_ads_base_down
xanim,#pt_drone_hawk_stand_throw
xanim,#vm_sniper_fast_rechamber_inspect
xanim,#hash_29e0415001938ab1
xanim,#pt_annihilator_crouch_firstraise
xanim,#vm_slow_grenade_sig_bow_loop
xanim,#vm_ar_fastfire_crawl_out
xanim,#vm_smg_vmp_t8_fire
xanim,#vm_slow_grenade_pullpin_bare_hands
xanim,#hash_2a12008a395320a5
xanim,#vm_tr_power_semi_ads_base_up
xanim,#vm_stop_sign_crawl_out
xanim,#vm_ww_freezegun_reload_empty
xanim,#hash_2a2bd44041c4529f
xanim,#vm_grapple_gun_idle_r_brawler_additive
xanim,#hash_2a2cd0b8f3175324
xanim,#hash_2a341de816e518cd
xanim,#vm_ar_fastfire_sprint_loop
xanim,#vm_demo_hammer_walk_f
xanim,#vm_tr_midburst_gunbutt_swipe
xanim,#vm_spork_melee_miss
xanim,#vm_raygun_sprint_in
xanim,#vm_stop_sign_sprint_loop
xanim,#hash_2a4942d4ba74c2bc
xanim,#vm_ar_double_barrel_putaway
xanim,#hash_2a4d05195c90f66d
xanim,#hash_2a5578047e7dd352
xanim,#vm_spork_sprint_out
xanim,#vm_lmg_mg08_swim_uw_putaway
xanim,#vm_ar_standard_fall
xanim,#pt_rifle_t8_smg_capacity_prone_reload
xanim,#vm_shotgun_pump_idle
xanim,#vm_koshka_idle
xanim,#vm_smg_fastfire_fire_last_ads
xanim,#pt_pirate_cutlass_crouch_firstraise
xanim,#vm_pirate_cutlass_crawl_r
xanim,#vm_pirate_cutlass_crawl_b
xanim,#vm_pirate_cutlass_crawl_f
xanim,#vm_pirate_cutlass_crawl_l
xanim,#pt_lmg_stand_spray_inspect
xanim,#vm_ar_accurate_sprint_in
xanim,#vm_shotgun_semiauto_swim_from_land
xanim,#vm_sniper_damagesemi_first_raise
xanim,#vm_special_crossbow_fire_intro
xanim,#vm_ar_stealth_pullout_quick
xanim,#vm_hades_crawl_in
xanim,#hash_2acd47e2d1024a2d
xanim,#ai_zombie_base_dog_death_front
xanim,#vm_ww_blundergat_walk_f
xanim,#vm_purifier_t8_gunbutt_swipe
xanim,#hash_2ad42246abf71b59
xanim,#vm_slow_grenade_rh_pullpin_additive
xanim,#vm_tr_swordfish_swim_to_land
xanim,#ai_t8_zm_zombie_base_dog_trot_turn_r_90
xanim,#hash_2ae0adda9b1c69a5
xanim,#vm_ar_peacekeeper_t8_sprint_putaway
xanim,#vm_smg_capacity_idle
xanim,#vm_ar_lever_action_rechamber_ads
xanim,#ai_t8_zm_zombie_base_walk_jump_down_96
xanim,#hash_2af01d47c61a2539
xanim,#ai_t8_zm_zombie_base_walk_jump_down_72
xanim,#ai_t8_zm_zombie_base_walk_jump_down_48
xanim,#vm_ar_an94_t8_ads_base_down
xanim,#hash_2afbc43a7fa2be2f
xanim,#ai_t8_zm_zombie_base_walk_jump_down_36
xanim,#vm_smg_capacity_inspect
xanim,#vm_sniper_vanguard_sprint_loop
xanim,#vm_mp40_fire_ads
xanim,#vm_grapple_gun_idle_generic
xanim,#pt_pistol_stand_putaway
xanim,#hash_2b22f8c4d99d5350
xanim,#vm_special_crossbow_pullout
xanim,#hash_2b2c397f8e2ca39e
xanim,#vm_sticky_grenade_cancel_bare_hands
xanim,#pt_basketball_prone_putaway
xanim,#vm_virtual_tablet_pullout
xanim,#vm_annihilator_t8_sprint_in
xanim,#vm_lmg_mg08_idle
xanim,#pt_pistol_raygun_prone_reload
xanim,#pt_rifle_t8_smg_capacity_crouch_reload_empty
xanim,#pt_scorpion_crouch_fire_intro
xanim,#vm_ww_blundergat_sprint_putaway
xanim,#vm_koshka_sprint_loop
xanim,#vm_ar_an94_t8_reload
xanim,#vm_sniper_locus_t8_sprint_in
xanim,#pt_ar_peacekeeper_t8_stand_reload_empty
xanim,#vm_ar_peacekeeper_t8_reload_quick
xanim,#pt_scorpion_stand_fire_intro
xanim,#pt_demo_hammer_prone_melee
xanim,#pt_rifle_swim_idle_gunbutt_over
xanim,#pt_knife_crouch_stick
xanim,#vm_tr_swordfish_fire_ads
xanim,#hash_2bb18b5c1cbdfad7
xanim,#hash_2bbb9b31f489907a
xanim,#vm_tr_power_semi_ads_base_down
xanim,#vm_tak5_ads_base_down
xanim,#vm_sniper_damagesemi_putaway_quick
xanim,#vm_smg_accurate_crawl_in
xanim,#hash_2bedd183b920ebd7
xanim,#vm_ar_standard_sprint_putaway
xanim,#vm_shotgun_semiauto_reload_empty
xanim,#hash_2c1c6d2902e1ceb7
xanim,#pt_rifle_t8_smg_standard_prone_reload
xanim,#vm_sniper_fast_rechamber_rechamber
xanim,#vm_tr_power_semi_pullout
xanim,#vm_ww_blundergat_swim_uw_putaway
xanim,#vm_ar_double_barrel_sprint_pullout
xanim,#hash_2c4c60666e31d7fc
xanim,#hash_2c57bc358e0a0569
xanim,#vm_smg_minigun_sprint_out
xanim,#vm_hades_fire
xanim,#vm_ar_damage_pullout_quick
xanim,#hash_2c6fee21520f48bd
xanim,#vm_shotgun_full_auto_crawl_b
xanim,#vm_shotgun_full_auto_crawl_f
xanim,#vm_shotgun_full_auto_crawl_l
xanim,#vm_shotgun_full_auto_crawl_r
xanim,#vm_pistol_burst_first_raise
xanim,#ai_zombie_base_run_ad_v14_pain_chest_f
xanim,#hash_2c8339be1dc51385
xanim,#vm_tr_swordfish_fall
xanim,#hash_2ca4bec91e8b5652
xanim,#hash_2ca4d0c91e8b74e8
xanim,#pt_shotgun_precision_t8_prone_putaway
xanim,#vm_38_special_jump
xanim,#hash_2cbc78484a4fec0d
xanim,#vm_smg_fastburst_idle
xanim,#vm_ar_stealth_swim_uw_pullout
xanim,#vm_tr_flechette_idle
xanim,#hash_2ccc0637c438c13e
xanim,#vm_special_crossbow_crawl_b
xanim,#vm_special_crossbow_crawl_f
xanim,#vm_special_crossbow_crawl_l
xanim,#vm_special_crossbow_crawl_r
xanim,#vm_ww_blundergat_jump
xanim,#mm_bow_fem_prone_fire_enter
xanim,#ai_zombie_base_sprint_turn_135_l_v2
xanim,#pt_slaybell_prone_firstraise
xanim,#vm_pistol_standard_ads_base_up
xanim,#vm_pistol_burst_reload
xanim,#pt_pistol_crouch_melee_gunbutt_strike
xanim,#vm_grapple_gun_reel_loop_r_additive
xanim,#hash_2d213f6b5d2e2378
xanim,#hash_2d214d6b5d2e3b42
xanim,#vm_ar_standard_pullout
xanim,#ai_zombie_base_walk_au_v1
xanim,#ai_zombie_base_walk_au_v2
xanim,#ai_zombie_base_walk_au_v3
xanim,#ai_zombie_base_walk_au_v4
xanim,#ai_zombie_base_walk_au_v5
xanim,#ai_zombie_base_walk_au_v6
xanim,#ai_zombie_base_walk_au_v7
xanim,#ai_zombie_base_walk_au_v8
xanim,#vm_pistol_burst_crawl_out
xanim,#vm_zom_arm_melee_in
xanim,#vm_ar_stealth_jump
xanim,#pt_launcher_stand_melee
xanim,#vm_sig_bow_wz_uw_pullout
xanim,#hash_2d5723100103ee82
xanim,#pt_rifle_t8_smg_standard_prone_reload_partial
xanim,#pt_rifle_swim_raise_over
xanim,#vm_tr_midburst_idle
xanim,#vm_koshka_first_raise
xanim,#vm_grapple_gun_idle_additive_u
xanim,#vm_grapple_gun_idle_additive_r
xanim,#vm_grapple_gun_idle_additive_l
xanim,#vm_grapple_gun_idle_additive_d
xanim,#ai_zombie_base_walk_au_v2_pain_chest_f
xanim,#vm_pistol_burst_swim_uw_pullout
xanim,#vm_sniper_vanguard_ads_iron_sights_down
xanim,#vm_ar_k57_pullout
xanim,#vm_sniper_damagesemi_swim_pullout
xanim,#ai_t8_zm_zombie_base_stn_idle_react_l_04
xanim,#ai_t8_zm_zombie_base_stn_idle_react_l_05
xanim,#ai_t8_zm_zombie_base_stn_idle_react_l_01
xanim,#ai_t8_zm_zombie_base_stn_idle_react_l_02
xanim,#ai_t8_zm_zombie_base_stn_idle_react_l_03
xanim,#pt_lmg_standard_t8_stand_reload
xanim,#hash_2da727aa8532d42a
xanim,#vm_grapple_gun_reel_loop_l_brawler
xanim,#vm_molotov_ads_up
xanim,#vm_ar_fastfire_sprint_in
xanim,#vm_war_machine_pullout_quick
xanim,#vm_pistol_revolver_sprint_putaway
xanim,#vm_smart_cover_walk_f
xanim,#ai_t8_zm_zombie_base_crawl_jump_down_256
xanim,#ai_t8_zm_zombie_base_crawl_buffed_01
xanim,#vm_demo_hammer_swim_pullout
xanim,#pt_scorpion_stand_firstraise
xanim,#hash_2dfb9d8471a64963
xanim,#vm_lmg_mk48_swim_uw_putaway
xanim,#vm_stop_sign_pullout_quick
xanim,#vm_t8_tablet_hand_pose_r
xanim,#vm_t8_tablet_hand_pose_l
xanim,#vm_molotov_throw
xanim,#pt_lmg_crouch_spray_inspect
xanim,#ai_zombie_base_fast_sprint_01_pain_chest_f
xanim,#vm_mp9_putaway_quick
xanim,#hash_2e2bd8c8b6cb6ed4
xanim,#pt_rifle_t8_smg_folding_prone_first_raise
xanim,#ai_zombie_base_sprint_turn_45_r_v2
xanim,#vm_ar_damage_idle
xanim,#ai_t8_zm_zombie_dog_pro_trv_mantle_up_240_dn_36
xanim,#vm_tr_midburst_swim_uw_pullout
xanim,#hash_2e43d49b13f6077d
xanim,#hash_2e48682862c5f299
xanim,#vm_pistol_burst_pullout
xanim,#vm_tr_midburst_sprint_putaway
xanim,#ai_zombie_base_run_turn_45_r_v2
xanim,#vm_tr_swordfish_jump_land
xanim,#vm_katana_sprint_loop
xanim,#vm_titan_ads_base_up
xanim,#hash_2e6b185ceaa4dcc8
xanim,#hash_2e71d079243d42bd
xanim,#vm_peacekeeper_t8_fall
xanim,#vm_ar_lever_action_inspect
xanim,#pt_rifle_t8_ar_stealth_prone_reload
xanim,#vm_peacekeeper_t8_jump_land
xanim,#vm_ar_fastfire_crawl_in
xanim,#vm_t8_swim_sig_bow_idle_static_additive
xanim,#vm_smg_capacity_hand_pose_r
xanim,#vm_smg_capacity_hand_pose_l
xanim,#vm_basketball_walk_f
xanim,#hash_2ea401cc0aa37ac2
xanim,#pt_drone_hawk_prone_idle
xanim,#ai_t8_zm_mob_brutus_run_arrival_2
xanim,#pt_pirate_cutlass_prone_inspect
xanim,#vm_lmg_heavy_sprint_putaway
xanim,#vm_raygun_first_raise
xanim,#mm_bow_fem_swim_fire_cancel
xanim,#vm_smg_fastfire_hand_pose_r
xanim,#vm_smg_fastfire_hand_pose_l
xanim,#pt_drone_hawk_stand_raise
xanim,#vm_t8_mini_crossbow_crawl_l
xanim,#vm_t8_mini_crossbow_crawl_b
xanim,#vm_t8_mini_crossbow_crawl_f
xanim,#vm_t8_mini_crossbow_crawl_r
xanim,#pt_pistol_swim_reload
xanim,#vm_scorpion_crawl_out
xanim,#vm_zom_arm_melee_out
xanim,#vm_ar_lever_action_pullout_quick
xanim,#vm_slow_grenade_cancel_additive
xanim,#vm_tr_damageburst_t8_putaway_quick
xanim,#vm_sniper_vanguard_pullout_quick
xanim,#pt_drone_hawk_prone_idle_rh
xanim,#pt_drone_hawk_stand_idle_rh
xanim,#vm_sniper_locus_t8_ads_scope_down
xanim,#pt_rifle_t8_smg_capacity_crouch_reload
xanim,#hash_2f55d26d2a0ec46e
xanim,#hash_2f7e1ecd0009a704
xanim,#hash_2f7e9937849d78b9
xanim,#hash_2f8bc20d933e12c9
xanim,#vm_tr_power_semi_jump_land
xanim,#vm_sniper_power_semi_crawl_out
xanim,#hash_2f95afa148fff404
xanim,#hash_2f981bd40bf18727
xanim,#vm_basketball_crawl_r
xanim,#vm_basketball_crawl_f
xanim,#vm_basketball_crawl_b
xanim,#vm_basketball_crawl_l
xanim,#pt_an94_t8_prone_inspect
xanim,#vm_t8_mini_crossbow_crawl_out
xanim,#vm_grapple_gun_idle_u_brawler
xanim,#vm_smg_minigun_ads_base_up
xanim,#vm_tripwire_fire_4
xanim,#vm_tripwire_fire_3
xanim,#vm_tripwire_fire_2
xanim,#vm_mp9_ads_base_up
xanim,#vm_sniper_locus_t8_idle
xanim,#vm_smg_fastburst_fire_ads
xanim,#ai_t8_zm_mob_brutus_sprint_jump_up_128
xanim,#vm_tr_power_semi_putaway
xanim,#hash_2ff3c1f06aabc68c
xanim,#vm_ar_k57_crawl_f
xanim,#vm_ar_k57_crawl_b
xanim,#vm_ar_k57_crawl_l
xanim,#vm_ar_k57_crawl_r
xanim,#hash_2ff7136b73e7ce31
xanim,#ai_t8_zm_mob_brutus_sprint_jump_up_160
xanim,#vm_sniper_fast_rechamber_swim_from_land
xanim,#pt_rifle_t8_smg_vmp_stand_reload_empty
xanim,#pt_rifle_t8_ar_galil_crouch_reload
xanim,#pt_shotgun_precision_t8_prone_reload_empty
xanim,#vm_pistol_burst_ads_base_down
xanim,#vm_action_figure_melee_miss
xanim,#hash_301f9821a64d9f29
xanim,#vm_shotgun_semiauto_sprint_loop
xanim,#vm_ww_akud_crawl_l
xanim,#vm_ww_akud_crawl_f
xanim,#vm_ww_akud_crawl_b
xanim,#vm_ww_akud_crawl_r
xanim,#vm_annihilator_t8_sprint_pullout
xanim,#pt_basketball_stand_putaway
xanim,#vm_sig_bow_wz_draw_loop_ads
xanim,#vm_ar_fastfire_putaway_quick
xanim,#vm_pistol_standard_sprint_in
xanim,#ai_zombie_smash_react_b_forwardtoface
xanim,#vm_ar_lever_action_sprint_in
xanim,#pt_smart_cover_stand_hold_fire
xanim,#vm_ar_double_barrel_fire_intro
xanim,#vm_tr_midburst_jump_land
xanim,#vm_pistol_revolver_reload_in
xanim,#vm_smg_minigun_sprint_loop
xanim,#vm_frag_grenade_loop_additive
xanim,#vm_mp40_inspect
xanim,#vm_sniper_vanguard_crawl_out
xanim,#ai_zombie_base_run_au_v20_pain_chest_f
xanim,#pt_rifle_swim_reload_partial
xanim,#hash_30b0feaec1aed85f
xanim,#vm_money_bag_t8_sprint_loop
xanim,#pt_turret_mini_crouch_fire
xanim,#vm_annihilator_t8_swim_uw_f
xanim,#vm_ww_blundergat_fall
xanim,#vm_koshka_swim_uw_pullout
xanim,#hash_30e537002515739d
xanim,#vm_frag_grenade_loop_bare_hands_additive
xanim,#vm_ar_double_barrel_ads_base_down
xanim,#vm_pistol_burst_hand_pose_r
xanim,#vm_pistol_burst_hand_pose_l
xanim,#hash_3126873efcc0576c
xanim,#vm_zom_raygun_mk2_sprint_in
xanim,#hash_313570687b47113f
xanim,#vm_zom_arm_sprint_putaway
xanim,#vm_lmg_mg08_putaway
xanim,#vm_basketball_sprint_pullout
xanim,#vm_shotgun_pump_crawl_b
xanim,#vm_shotgun_pump_crawl_f
xanim,#vm_shotgun_pump_crawl_l
xanim,#vm_shotgun_pump_crawl_r
xanim,#hash_31411d752d76760a
xanim,#vm_purifier_t8_crawl_in
xanim,#vm_launcher_standard_t8_sprint_putaway
xanim,#hash_314645f6a7642efb
xanim,#vm_tr_swordfish_swim_uw_putaway
xanim,#vm_slow_grenade_sig_bow_loop_additive
xanim,#pt_sniper_fastrechamber_crouch_reload
xanim,#vm_ar_damage_reload_empty
xanim,#hash_316cebb62ee09787
xanim,#void
xanim,#vm_purifier_t8_ads_base_down
xanim,#pb_pistol_prone_gunbutt_melee
xanim,#pt_lmg_standard_t8_crouch_inspect
xanim,#hash_3190188c9d289eb1
xanim,#vm_hades_sprint_raise
xanim,#vm_special_crossbow_fire_ads
xanim,#vm_war_machine_swim_to_land
xanim,#vm_t8_mini_crossbow_jump_land
xanim,#vm_stop_sign_crawl_r
xanim,#vm_stop_sign_crawl_l
xanim,#vm_stop_sign_crawl_f
xanim,#vm_stop_sign_crawl_b
xanim,#pt_money_bag_crouch_idle
xanim,#vm_sniper_fast_rechamber_sprint_out
xanim,#vm_smg_fastfire_uw_pullout
xanim,#vm_ar_galil_sprint_in
xanim,#hash_31ee4528e5196667
xanim,#vm_mp9_gunbutt_swipe
xanim,#vm_money_bag_t8_melee_in
xanim,#hash_32113bfb7557ab24
xanim,#vm_mp9_inspect
xanim,#p8_fxanim_wz_supply_stash_magic_box_open_anim
xanim,#pt_trophy_system_crouch_throw
xanim,#vm_shotgun_semiauto_pullout
xanim,#vm_war_machine_sprint_putaway
xanim,#vm_mp40_ads_base_up
xanim,#hash_3244507479e2a491
xanim,#vm_pistol_burst_jump
xanim,#vm_sig_bow_wz_putaway
xanim,#vm_ar_double_barrel_swim_uw_putaway
xanim,#vm_lmg_heavy_hand_pose_r
xanim,#vm_lmg_heavy_hand_pose_l
xanim,#pt_rifle_t8_smg_fastfire_stand_firstraise
xanim,#hash_3282e0464b4b8fd2
xanim,#pt_zom_arm_stand_inspect
xanim,#pt_drone_hawk_prone_cancel_rh
xanim,#vm_smg_capacity_fire
xanim,#vm_mp9_jump_land
xanim,#vm_smg_folding_gunbutt_swipe
xanim,#vm_ar_an94_t8_first_raise
xanim,#hash_32a25feb55ed40e4
xanim,#pt_turret_mini_crouch_raise
xanim,#vm_money_bag_t8_ads_base_down
xanim,#vm_smg_accurate_gunbutt_swipe
xanim,#ai_zombie_base_crawl_jump_up_36
xanim,#hash_32be2f8dcd646316
xanim,#vm_smg_minigun_sprint_putaway
xanim,#vm_tr_midburst_inspect
xanim,#ai_zombie_base_crawl_jump_up_72
xanim,#vm_smg_fastburst_putaway_quick
xanim,#vm_t8_mini_crossbow_crawl_in
xanim,#ai_zombie_base_crawl_jump_up_48
xanim,#vm_stop_sign_ads_base_up
xanim,#ai_zombie_base_crawl_jump_up_96
xanim,#vm_lmg_heavy_putaway
xanim,#hash_32e8df5fbe4a434e
xanim,#vm_sniper_vanguard_pullout
xanim,#vm_sensor_dart_idle_additive
xanim,#vm_shotgun_semiauto_pullout_quick
xanim,#vm_sniper_vanguard_jump_land
xanim,#pt_shotgun_swim_rechamber
xanim,#ai_zombie_smash_react_f_doublebounce
xanim,#vm_launcher_standard_t8_putaway
xanim,#vm_tr_swordfish_fire_ads_intro
xanim,#vm_purifier_t8_pullout
xanim,#hash_335664b1d849bec5
xanim,#vm_slaybell_melee_in
xanim,#vm_prone_to_crouch_additive
xanim,#vm_mp40_hand_pose_l
xanim,#vm_mp40_hand_pose_r
xanim,#ai_zombie_base_dth_f_chest_hvy_00
xanim,#pt_pistol_burst_stand_reload
xanim,#pt_rifle_t8_smg_accurate_crouch_firstraise
xanim,#vm_t8_swim_sig_bow_idle_static
xanim,#ai_t8_zm_zombie_dog_pro_trv_mantle_up_36_dn_80
xanim,#vm_money_bag_t8_crawl_out
xanim,#hash_3382d55f4b704d79
xanim,#pt_rifle_t8_smg_fastburst_stand_reload_partial
xanim,#hash_33a7554f7e4e3dff
xanim,#hash_33b371ef9d19db54
xanim,#hash_33b57470b663e1a7
xanim,#vm_smg_accurate_fire_intro_ads
xanim,#vm_smg_fastfire_putaway
xanim,#ai_t8_zm_zombie_base_walk_react_r_05
xanim,#ai_t8_zm_zombie_base_walk_react_r_04
xanim,#ai_t8_zm_zombie_base_walk_react_r_01
xanim,#ai_t8_zm_zombie_base_walk_react_r_03
xanim,#ai_t8_zm_zombie_base_walk_react_r_02
xanim,#ai_zombie_smash_react_getup_a
xanim,#ai_zombie_smash_react_getup_b
xanim,#pt_drone_hawk_stand_throw_rh
xanim,#pt_action_figure_stand_fire
xanim,#pt_demo_hammer_prone_idle
xanim,#hash_33df6f76bb38a5cc
xanim,#pt_pistol_burst_stand_reload_partial
xanim,#vm_sniper_damagesemi_sprint_loop
xanim,#pb_rifle_stand_gunbutt_melee
xanim,#vm_action_figure_sprint_putaway
xanim,#pt_rifle_t8_smg_standard_crouch_reload
xanim,#vm_tr_damageburst_t8_sprint_putaway
xanim,#vm_tr_midburst_ads_up
xanim,#vm_launcher_standard_t8_sprint_loop
xanim,#pt_tripwire_male_stand_raise
xanim,#vm_trophy_system_t8_sprint_raise
xanim,#mm_bow_fem_stand_fire_enter
xanim,#vm_tr_midburst_sprint_loop
xanim,#pt_rifle_t8_ar_stealth_stand_inspect
xanim,#vm_CROUCH_TO_PRONE_sig_bow
xanim,#vm_sig_bow_wz_draw_loop
xanim,#vm_locus_fall
xanim,#hash_34776245e293971c
xanim,#vm_shotgun_pump_rechamber_ads
xanim,#pt_rifle_crouch_shoot
xanim,#vm_grapple_gun_reel_in_generic_additive
xanim,#hash_349de95aed10d030
xanim,#vm_zom_wraith_fire_pullpin_additive
xanim,#hash_34b3bd1c6797fdfd
xanim,#vm_sniper_fast_rechamber_pullout_quick
xanim,#vm_bowie_knife_t8_ads_base_down
xanim,#vm_ar_k57_hand_pose_l
xanim,#vm_ar_k57_hand_pose_r
xanim,#vm_argus_t8_reload_empty
xanim,#hash_34e1aae7dc24caa2
xanim,#vm_zom_raygun_mk2_jump
xanim,#vm_ar_fastfire_walk_f
xanim,#vm_annihilator_t8_jump
xanim,#vm_slaybell_melee_out
xanim,#vm_purifier_t8_sprint_pullout
xanim,#vm_pirate_cutlass_sprint_in
xanim,#vm_ar_double_barrel_crawl_r
xanim,#vm_ar_double_barrel_crawl_l
xanim,#vm_ar_double_barrel_crawl_b
xanim,#vm_ar_double_barrel_crawl_f
xanim,#hash_354b33ed3a9abd8a
xanim,#vm_ar_k57_reload_empty
xanim,#vm_concertina_wire_walk_f
xanim,#vm_smg_fastfire_fire
xanim,#vm_smg_fastburst_sprint_pullout
xanim,#hash_3573935ce4eb6dcb
xanim,#vm_smg_capacity_pullout
xanim,#vm_zom_wraith_fire_cancel_additive
xanim,#vm_smg_folding_fire
xanim,#vm_pirate_cutlass_sprint_putaway
xanim,#pt_rifle_t8_ar_galil_stand_reload
xanim,#vm_launcher_standard_t8_reload_empty
xanim,#vm_shotgun_full_auto_first_raise
xanim,#ai_zombie_base_run_ad_v12_pain_chest_f
xanim,#vm_slaybell_crawl_in
xanim,#vm_grapple_gun_idle_u_brawler_additive
xanim,#vm_zom_raygun_mk2_jump_fall
xanim,#hash_35b06d96e142f408
xanim,#hash_35b0e3f04f530454
xanim,#vm_ar_standard_putaway
xanim,#pt_concertina_wire_stand_raise
xanim,#vm_ar_galil_fire_ads
xanim,#hash_35cc43000ff36786
xanim,#hash_35cc53000ff382b6
xanim,#hash_35cc57000ff38982
xanim,#hash_35cc5d000ff393b4
xanim,#vm_sensor_dart_throw_additive
xanim,#vm_ar_standard_swim_uw_pullout
xanim,#pt_slaybell_crouch_putaway
xanim,#pt_smart_cover_crouch_hold_fire
xanim,#vm_snowball_throw_bare_hands_additive
xanim,#vm_ar_double_barrel_hand_pose_l
xanim,#vm_ar_double_barrel_hand_pose_r
xanim,#hash_36101c4b355a9760
xanim,#hash_3612a83c224bc723
xanim,#pt_pistol_burst_crouch_reload
xanim,#vm_tripwire_fire_hold_loop
xanim,#vm_sniper_fast_rechamber_pullout
xanim,#vm_ar_double_barrel_reload_fast
xanim,#vm_sticky_grenade_throw
xanim,#ai_t8_zm_zombie_dog_pro_trv_mantle_72
xanim,#ai_t8_zm_zombie_dog_pro_trv_mantle_48
xanim,#pt_knife_prone_raise
xanim,#vm_grapple_gun_idle_d_generic
xanim,#ai_t8_zm_zombie_dog_pro_trv_mantle_36
xanim,#ai_t8_zm_mob_brutus_boss_stun_in
xanim,#hash_368048321c7cca09
xanim,#ai_t8_zm_zombie_dog_pro_trv_mantle_96
xanim,#hash_368edca50489f10d
xanim,#vm_smart_cover_ads_down
xanim,#pt_recon_sensor_gun_stand_fire
xanim,#ai_t8_zm_avogadro_exit
xanim,#vm_ar_damage_first_raise
xanim,#vm_sniper_fast_rechamber_crawl_out
xanim,#pt_smart_cover_prone_hold_idle
xanim,#vm_pistol_auto_gunbutt_swipe
xanim,#vm_tr_midburst_swim_from_land
xanim,#hash_36ae1202384e5b70
xanim,#vm_pistol_revolver_lastshot_ads
xanim,#vm_lmg_mg08_fire_ads_intro
xanim,#vm_ar_damage_sprint_loop
xanim,#hash_36cadb1b2afd2c93
xanim,#ai_zombie_base_sprint_turn_90_l_v2
xanim,#vm_tr_midburst_swim_uw_putaway
xanim,#vm_zom_monkey_bomb_throw
xanim,#vm_ar_k57_sprint_in
xanim,#vm_katana_jump
xanim,#vm_raygun_swim_uw_putaway
xanim,#hash_36d9f8bf3cae0012
xanim,#vm_shotgun_pump_putaway_quick
xanim,#vm_koshka_sprint_putaway
xanim,#vm_tr_swordfish_sprint_putaway
xanim,#hash_3710f913230e4dc0
xanim,#vm_smg_vmp_t8_uw_pullout
xanim,#vm_stop_sign_sprint_in
xanim,#vm_argus_t8_fire
xanim,#pt_bow_stand_melee
xanim,#pt_slaybell_prone_idle
xanim,#vm_molotov_pullpin_loop
xanim,#vm_hades_gunbutt_swipe
xanim,#vm_grapple_gun_pullout_fast
xanim,#vm_titan_first_raise
xanim,#vm_grapple_gun_reel_loop_generic
xanim,#hash_377c11714c48e694
xanim,#vm_hades_crawl_out
xanim,#hash_37875d7751b6a874
xanim,#vm_tr_power_semi_fall
xanim,#pt_melee_gift_axe_prone_inspect
xanim,#vm_sniper_vanguard_crawl_in
xanim,#vm_concertina_wire_jump_land
xanim,#vm_hades_reload_empty
xanim,#pt_sniper_quickscope_prone_reload_partial
xanim,#mm_bow_fem_swim_fire_exit
xanim,#pt_rifle_t8_smg_fastburst_firstraise
xanim,#vm_sniper_mini14_lastshot_ads
xanim,#hash_37f56e36ed9a30f1
xanim,#hash_37ff863c79454d6e
xanim,#hash_3801b622c3d7596a
xanim,#hash_3801b822c3d75cd0
xanim,#hash_380f4b067de3d14a
xanim,#vm_sniper_damagesemi_reload_in
xanim,#hash_38353c49e7715300
xanim,#hash_3844801c13db6594
xanim,#hash_38575747507b2120
xanim,#ai_zombie_base_dog_run_turn_180_left
xanim,#vm_annihilator_t8_fire_ads
xanim,#pt_rifle_t8_smg_standard_crouch_inspect
xanim,#vm_lmg_heavy_reload_empty
xanim,#pt_melee_gift_axe_crouch_inspect
xanim,#vm_pistol_revolver_fire_ads
xanim,#vm_smg_fastfire_reload_empty_quick
xanim,#hash_38a39fdd47eb496f
xanim,#vm_ww_freezegun_fire
xanim,#vm_smg_accurate_idle
xanim,#ai_t8_zm_zombie_base_dog_trot_01
xanim,#pt_pistol_standard_stand_reload_partial
xanim,#vm_sniper_locus_t8_fire
xanim,#ai_t8_zm_mob_brutus_boss_stun_out
xanim,#vm_raygun_putaway
xanim,#vm_grapple_gun_fire_fail_brawler
xanim,#pt_pistol_prone_inspect
xanim,#vm_slaybell_fall
xanim,#vm_pistol_burst_crawl_l
xanim,#vm_pistol_burst_crawl_b
xanim,#vm_pistol_burst_crawl_f
xanim,#vm_pistol_burst_crawl_r
xanim,#ai_t8_zm_avogadro_pain_long
xanim,#vm_grapple_gun_idle_l_generic_additive
xanim,#vm_tr_swordfish_reload_empty_am
xanim,#pt_crouch_shoot_pistol
xanim,#ai_zombie_base_walk_turn_90_l_v2
xanim,#vm_sniper_vanguard_sprint_pullout
xanim,#vm_lmg_mg08_sprint_loop
xanim,#vm_ar_double_barrel_inspect
xanim,#hash_3942cd63102a8453
xanim,#vm_war_machine_idle
xanim,#hash_394b8c0ab6071c5a
xanim,#ai_zombie_base_death_v1
xanim,#pt_annihilator_prone_fire
xanim,#pt_recon_sensor_dart_putaway
xanim,#pt_money_bag_crouch_firstraise
xanim,#vm_scorpion_pullout
xanim,#vm_ar_damage_ads_base_up
xanim,#vm_smg_capacity_crawl_out
xanim,#pt_rifle_t8_smg_fastfire_crouch_reload_partial
xanim,#vm_titan_fire
xanim,#hash_39902bdc530691d6
xanim,#hash_3994b799cdd6958a
xanim,#vm_pistol_auto_ads_base_up
xanim,#vm_ar_k57_sprint_pullout
xanim,#ai_zombie_base_walk_ad_v5_pain_chest_f
xanim,#pt_rifle_t8_smg_vmp_stand_reload
xanim,#ai_t8_zm_mob_brutus_jump_down_232
xanim,#vm_sniper_locus_t8_putaway
xanim,#vm_ar_galil_fall
xanim,#hash_39e8a6cfa55e6793
xanim,#vm_smg_vmp_t8_first_raise
xanim,#vm_t8_swim_in_additive
xanim,#hash_3a0023020fdb8c55
xanim,#vm_ar_fastfire_sprint_pullout
xanim,#hash_3a23809676962808
xanim,#pt_rifle_t8_smg_standard_stand_reload
xanim,#vm_shotgun_semiauto_swim_uw_putaway
xanim,#pt_rifle_t8_ar_fastfire_prone_inspect
xanim,#vm_special_crossbow_sprint_putaway
xanim,#vm_zom_arm_inspect
xanim,#ai_zombie_base_win_attack_arm_l_out
xanim,#pt_rifle_crouch_raise
xanim,#pt_basketball_prone_idle
xanim,#hash_3a449b830a98fad1
xanim,#vm_t8_swim_sig_bow_out_additive
xanim,#hash_3a63b2986c9b8353
xanim,#vm_sniper_damagesemi_crawl_r
xanim,#vm_sniper_damagesemi_crawl_l
xanim,#vm_sniper_damagesemi_crawl_f
xanim,#vm_sniper_damagesemi_crawl_b
xanim,#hash_3a86e2b21b9082ae
xanim,#vm_ww_blundergat_pullout_quick
xanim,#hash_3a9bd929afe65c8a
xanim,#vm_money_bag_t8_idle
xanim,#vm_smg_handling_idle
xanim,#vm_lmg_mk48_hand_pose_l
xanim,#vm_lmg_mk48_hand_pose_r
xanim,#pt_launcher_prone_reload_empty
xanim,#vm_pistol_auto_fire
xanim,#vm_purifier_t8_crawl_l
xanim,#vm_purifier_t8_crawl_f
xanim,#vm_purifier_t8_crawl_b
xanim,#vm_purifier_t8_crawl_r
xanim,#hash_3ad53ce4990249ca
xanim,#vm_mp9_putaway
xanim,#hash_3b0cc5164809dfa1
xanim,#vm_pistol_standard_reload_empty
xanim,#vm_smg_accurate_putaway
xanim,#vm_mp9_sprint_pullout
xanim,#vm_raygun_walk_f
xanim,#vm_ar_accurate_crawl_out
xanim,#vm_frag_grenade_loop
xanim,#pt_trophy_system_prone_hold_idle
xanim,#vm_purifier_t8_walk_f
xanim,#vm_zom_arm_sprint_pullout
xanim,#hash_3b48d6842e36193b
xanim,#pt_zom_arm_stand_idle
xanim,#vm_tr_power_semi_fire_ads
xanim,#vm_ar_an94_t8_pullout_quick
xanim,#vm_ar_an94_t8_pullout
xanim,#ai_t8_zm_mob_brutus_attack_03
xanim,#ai_t8_zm_mob_brutus_attack_02
xanim,#ai_t8_zm_mob_brutus_attack_01
xanim,#pt_one_handed_gun_male_prone_fire
xanim,#ai_t8_zm_zombie_dog_pro_trv_jump_dn_128
xanim,#pt_rifle_t8_smg_handling_stand_reload
xanim,#ai_t8_zm_zombie_dog_pro_trv_jump_dn_160
xanim,#pt_lmg_standard_t8_prone_reload
xanim,#hash_3bcabaa193ccd026
xanim,#hash_3bcb015167179b51
xanim,#vm_smg_vmp_t8_pullout_quick
xanim,#vm_smg_handling_uw_pullout
xanim,#vm_spork_crawl_in
xanim,#vm_ar_peacekeeper_t8_sprint_out
xanim,#pt_pistol_prone_raise
xanim,#vm_grapple_gun_reel_in_brawler_additive
xanim,#vm_pistol_revolver_jump
xanim,#vm_drone_hawk_cancel
xanim,#pt_concertina_wire_stand_putaway
xanim,#vm_annihilator_t8_swim_uw_pullout
xanim,#hash_3c3a72b59f06b1cb
xanim,#vm_ar_stealth_walk_f
xanim,#hash_3c49932c579dc18b
xanim,#vm_tactical_throw_quick
xanim,#vm_polynesian_club_t8_sprint_out
xanim,#vm_hades_swim_uw_pullout
xanim,#pt_launcher_stand_putaway
xanim,#hash_3c6f8e3bba7645aa
xanim,#vm_smg_folding_fire_intro
xanim,#vm_tripwire_hand_pose_r
xanim,#vm_tripwire_hand_pose_l
xanim,#ai_t8_zm_zombie_base_warzone_door_hit_01_end
xanim,#pt_money_bag_stand_idle
xanim,#vm_smg_fastburst_fire
xanim,#vm_sniper_locus_t8_sprint_loop
xanim,#vm_zom_arm_crawl_out
xanim,#vm_sensor_dart_fire_bare_hands
xanim,#vm_zom_arm_walk_f
xanim,#vm_ar_peacekeeper_t8_fire
xanim,#hash_3ccad51022419516
xanim,#ai_zombie_base_crawl_death_v1
xanim,#vm_smg_fastburst_pullout
xanim,#vm_spork_sprint_in
xanim,#mm_bow_fem_prone_fire_exit
xanim,#vm_shotgun_full_auto_sprint_in
xanim,#pt_crossbow_t8_first_raise_stand
xanim,#vm_ar_galil_ads_base_down
xanim,#vm_demo_hammer_ads_base_up
xanim,#vm_t8_mini_crossbow_ads_base_down
xanim,#vm_smg_fastfire_sprint_putaway
xanim,#vm_titan_sprint_raise
xanim,#vm_ar_damage_putaway_sprint
xanim,#ai_zombie_base_dth_b_chest_hvy_00
xanim,#vm_sniper_vanguard_swim_uw_putaway
xanim,#vm_smg_fastburst_reload_empty
xanim,#vm_smg_capacity_swim_from_land
xanim,#pt_rifle_t8_smg_vmp_prone_reload_partial
xanim,#vm_grapple_gun_idle
xanim,#hash_3d327510ce30445b
xanim,#pt_trophy_system_crouch_putaway
xanim,#hash_3d4f085aadb95b52
xanim,#hash_3d539bfbaf5013cc
xanim,#vm_ww_blundergat_gunbutt_swipe
xanim,#vm_zom_arm_sprint_out
xanim,#vm_hades_crawl_r
xanim,#vm_hades_crawl_b
xanim,#vm_hades_crawl_f
xanim,#vm_hades_crawl_l
xanim,#hash_3d74f2c73a6eb5b4
xanim,#pt_shotgun_precision_t8_stand_reload
xanim,#vm_crouch_to_prone
xanim,#ai_zombie_base_dog_death_hit_right
xanim,#vm_frag_idle
xanim,#vm_tr_flechette_hand_pose_l
xanim,#vm_tr_flechette_hand_pose_r
xanim,#vm_pirate_cutlass_sprint_loop
xanim,#pt_tr_flechette_t8_stand_reload_empty
xanim,#pt_rifle_t8_tr_midburst_stand_inspect
xanim,#pt_knife_crouch_raise
xanim,#vm_grapple_gun_fire_fail_brawler_additive
xanim,#hash_3e056aca8b7bfc77
xanim,#vm_smg_thompson_jump_land
xanim,#ai_t8_zm_zombie_base_stn_despawn_02
xanim,#vm_ww_freezegun_hand_pose_r
xanim,#vm_ww_freezegun_hand_pose_l
xanim,#vm_zom_raygun_mk2_gunbutt_swipe
xanim,#vm_shotgun_full_auto_sprint_loop
xanim,#vm_mp9_reload_empty
xanim,#vm_ar_an94_t8_hand_pose_l
xanim,#vm_ar_an94_t8_hand_pose_r
xanim,#vm_demo_hammer_melee_out
xanim,#pt_smart_cover_prone_raise
xanim,#pt_rifle_t8_tr_midburst_prone_inspect
xanim,#pt_rifle_t8_smg_folding_crouch_inspect
xanim,#vm_ar_an94_t8_fire_ads
xanim,#vm_mp9_reload
xanim,#vm_slow_grenade_sig_bow_cancel
xanim,#vm_zom_arm_jump_land
xanim,#vm_grapple_gun_reel_out_generic
xanim,#vm_pirate_cutlass_melee_miss
xanim,#vm_smg_fastburst_crawl_b
xanim,#vm_smg_fastburst_crawl_f
xanim,#vm_smg_fastburst_crawl_l
xanim,#vm_smg_fastburst_crawl_r
xanim,#vm_sniper_fast_rechamber_putaway_quick
xanim,#mm_bow_fem_crouch_fire_exit
xanim,#ai_t8_zm_zombie_base_attack_high_01
xanim,#ai_t8_zm_zombie_base_attack_high_03
xanim,#vm_smg_folding_putaway_quick
xanim,#vm_emp_grenade_loop
xanim,#pt_rifle_prone_concussed_loop
xanim,#vm_smg_accurate_sprint_loop
xanim,#pt_slaybell_prone_putaway
xanim,#vm_grapple_gun_reel_out_brawler_additive
xanim,#hash_3eb0dc087a62f7eb
xanim,#hash_3eb3861736a8b4df
xanim,#vm_shotgun_full_auto_sprint_pullout
xanim,#vm_sniper_locus_t8_sprint_pullout
xanim,#vm_grapple_gun_fire_fail_generic
xanim,#vm_purifier_t8_jump
xanim,#vm_raygun_ads_base_up
xanim,#vm_ar_stealth_ads_base_down
xanim,#vm_ar_stealth_sprint_out
xanim,#vm_shotgun_full_auto_ads_base_up
xanim,#vm_tr_swordfish_jump
xanim,#pt_demo_hammer_stand_raise
xanim,#pt_shotgun_precision_t8_stand_pullout
xanim,#ai_zombie_base_run_au_v22_pain_chest_f
xanim,#pt_grenade_prone_prime
xanim,#pt_rifle_t8_smg_standard_stand_reload_partial
xanim,#ai_t8_zm_zombie_base_run_mantle_up_80_dn_36
xanim,#vm_smg_handling_idle_swim
xanim,#vm_ar_stealth_crawl_out
xanim,#pt_war_machine_stand_fire
xanim,#vm_argus_t8_putaway_quick
xanim,#vm_slaybell_sprint_in
xanim,#vm_mp40_fire_ads_intro
xanim,#vm_war_machine_swim_uw_putaway
xanim,#ai_t8_zombie_base_attack_ranged_01
xanim,#pt_pistol_stand_firstraise
xanim,#pt_pirate_cutlass_prone_idle
xanim,#pt_rifle_t8_ar_galil_stand_firstraise
xanim,#pt_concertina_wire_prone_raise
xanim,#pt_rifle_t8_smg_folding_stand_reload_empty
xanim,#hash_3f75c15aa6fa3fcc
xanim,#vm_zom_arm_crawl_l
xanim,#vm_zom_arm_crawl_f
xanim,#vm_zom_arm_crawl_b
xanim,#vm_zom_arm_crawl_r
xanim,#vm_ar_k57_fire_intro_ads
xanim,#vm_action_figure_fall
xanim,#vm_zom_raygun_mk2_putaway
xanim,#vm_polynesian_club_t8_swim_pullout
xanim,#hash_3f98a5c7d9930100
xanim,#vm_ar_peacekeeper_t8_pullout_quick
xanim,#ai_t8_zm_avogadro_ranged_attack_v1_loop
xanim,#vm_annihilator_t8_sprint_putaway
xanim,#vm_sniper_mini14_fall
xanim,#vm_slaybell_jump_land
xanim,#pt_rifle_t8_ar_standard_prone_reload
xanim,#vm_grapple_gun_fire_loop_brawler_additive
xanim,#vm_koshka_reload
xanim,#hash_3fe911ae24408e44
xanim,#hash_3ffd73dbd4c9cacd
xanim,#pt_rifle_t8_ar_galil_prone_reload
xanim,#pt_lmg_standard_t8_prone_inspect
xanim,#vm_money_bag_t8_melee_miss
xanim,#hash_4024801561b75319
xanim,#hash_402828edbe022b5b
xanim,#vm_stop_sign_pullout
xanim,#vm_purifier_t8_fall
xanim,#vm_tr_swordfish_fire_intro
xanim,#vm_ar_k57_reload
xanim,#hash_40651f898858be62
xanim,#ai_zombie_base_dog_idle
xanim,#vm_sig_bow_wz_sprint_loop
xanim,#vm_zom_wraith_fire_throw_rh_additive
xanim,#vm_sticky_grenade_loop_bare_hands
xanim,#vm_ar_fastfire_gunbutt_swipe
xanim,#vm_ar_peacekeeper_t8_crawl_in
xanim,#vm_mini_turret_ads_up
xanim,#vm_ar_fastfire_fire
xanim,#vm_tr_damageburst_t8_fire
xanim,#ai_zombie_base_sprint_ad_v2_pain_chest_f
xanim,#hash_40c5c04d30f7e3f1
xanim,#vm_frag_grenade_rh_loop
xanim,#vm_pirate_cutlass_ads_base_down
xanim,#ai_zombie_base_sprint_au_v20_pain_chest_f
xanim,#vm_war_machine_fire
xanim,#vm_hades_walk_f
xanim,#vm_ar_peacekeeper_t8_reload_empty
xanim,#vm_ar_k57_putaway_quick
xanim,#pt_concertina_wire_stand_throw
xanim,#hash_4130e6367af159bb
xanim,#vm_smg_thompson_fall
xanim,#vm_smg_minigun_idle
xanim,#pt_tr_flechette_t8_stand_reload
xanim,#hash_414b1968b318b5ca
xanim,#vm_shotgun_semiauto_idle
xanim,#vm_pistol_auto_idle
xanim,#hash_416eede6c09d0e2c
xanim,#hash_417be02a42bcb551
xanim,#ai_t8_zm_mob_brutus_sprint_mantle_128
xanim,#vm_sniper_vanguard_jump
xanim,#vm_grapple_gun_fire_additive
xanim,#vm_ar_standard_sprint_out
xanim,#ai_zombie_base_dog_run_turn_90_right
xanim,#vm_launcher_standard_t8_crawl_in
xanim,#vm_ar_stealth_sprint_putaway
xanim,#pt_launcher_prone_putaway
xanim,#vm_hades_inspect
xanim,#vm_frag_throw
xanim,#vm_ar_accurate_swim_uw_putaway
xanim,#ai_zombie_base_walk_turn_135_l_v3
xanim,#hash_41c1e2d2f0e4a7ef
xanim,#vm_lmg_heavy_gunbutt_swipe
xanim,#hash_41c73140c0f59df2
xanim,#ai_t8_zm_zombie_base_walk_mantle_over_128
xanim,#vm_smg_vmp_t8_sprint_in
xanim,#vm_raygun_swim_uw_pullout
xanim,#vm_ar_peacekeeper_t8_putaway
xanim,#hash_41f9278ebab293e1
xanim,#vm_tr_swordfish_inspect
xanim,#vm_smg_folding_reload_empty
xanim,#vm_ar_an94_t8_fire_ads_last
xanim,#hash_4204c20878241739
xanim,#vm_ar_standard_fire_intro
xanim,#hash_420dc29f590898c4
xanim,#vm_zom_wraith_fire_pullpin_rh
xanim,#hash_421fdf50c068c7fc
xanim,#vm_titan_crawl_r
xanim,#vm_titan_crawl_b
xanim,#vm_titan_crawl_f
xanim,#vm_titan_crawl_l
xanim,#vm_demo_hammer_sprint_putaway
xanim,#vm_mp40_pullout_quick
xanim,#pt_basketball_crouch_melee
xanim,#vm_sticky_grenade_loop_additive
xanim,#hash_425298766e1fb0cb
xanim,#vm_pistol_revolver_swim_uw_putaway
xanim,#vm_ww_blundergat_sprint_in
xanim,#vm_lmg_mk48_fire_intro
xanim,#pt_melee_gift_axe_stand_swipe
xanim,#hash_42612abf42e7aa3b
xanim,#vm_spork_crawl_out
xanim,#vm_sniper_locus_t8_reload_empty
xanim,#vm_sensor_dart_pullout_sig_bow
xanim,#vm_ar_lever_action_reload_empty
xanim,#vm_sensor_dart_throw
xanim,#vm_mp9_jump
xanim,#vm_tr_flechette_swim_uw_putaway
xanim,#pt_melee_gift_axe_stand_raise
xanim,#ai_zombie_base_walk_au_v13_pain_chest_f
xanim,#vm_sensor_dart_idle_bare_hands
xanim,#vm_smg_minigun_inspect
xanim,#vm_tr_swordfish_walk_f
xanim,#vm_mp40_sprint_pullout
xanim,#vm_smg_fastburst_uw_pullout
xanim,#vm_slow_grenade_loop
xanim,#pt_basketball_crouch_putaway
xanim,#hash_433b7d8d773b67aa
xanim,#vm_ar_damage_inspect
xanim,#vm_slow_grenade_rh_cancel_additive
xanim,#vm_ww_akud_sprint_putaway
xanim,#vm_pistol_standard_swim_from_land
xanim,#vm_ar_stealth_hand_pose_r
xanim,#vm_ar_stealth_hand_pose_l
xanim,#vm_snowball_pullpin_additive
xanim,#hash_43606f8bf6deb70a
xanim,#pt_stop_sign_prone_melee
xanim,#vm_launcher_standard_t8_crawl_out
xanim,#hash_43692732922266bc
xanim,#hash_436b3b2793a25d46
xanim,#pt_zom_arm_stand_melee
xanim,#vm_peacekeeper_t8_jump
xanim,#pt_rifle_t8_smg_vmp_crouch_reload
xanim,#ai_t8_zm_zombie_base_walk_jump_up_128
xanim,#vm_t8_slide_knife_loadout
xanim,#pt_basketball_stand_throw
xanim,#ai_t8_zm_zombie_base_walk_mantle_up_36_dn_80
xanim,#ai_zombie_base_walk_au_v21_pain_chest_f
xanim,#hash_439f9b7e64bd7827
xanim,#vm_pistol_burst_sprint_out
xanim,#vm_smg_fastfire_first_raise
xanim,#vm_pirate_cutlass_crawl_out
xanim,#ai_t8_zm_avogadro_run_v1
xanim,#vm_prone_to_crouch
xanim,#vm_katana_sprint_putaway
xanim,#ai_t8_zm_mob_brutus_death
xanim,#vm_stop_sign_putaway
xanim,#vm_bowie_knife_t8_ads_base_up
xanim,#vm_pirate_cutlass_swim_uw_putaway
xanim,#vm_smg_fastfire_ads_base_down
xanim,#hash_4438ae27f392801e
xanim,#vm_shotgun_semiauto_swim_uw_pullout
xanim,#hash_44446aa766a8b10b
xanim,#vm_zom_monkey_bomb_pullpin
xanim,#pt_lmg_heavy_t8_prone_reload
xanim,#hash_4449ea495502dfbe
xanim,#vm_money_bag_t8_putaway
xanim,#hash_4452091481bcdd1d
xanim,#vm_money_bag_t8_sprint_putaway
xanim,#hash_4459030c8c6b52c8
xanim,#vm_tr_swordfish_crawl_l
xanim,#vm_tr_swordfish_crawl_f
xanim,#vm_tr_swordfish_crawl_b
xanim,#vm_tr_swordfish_crawl_r
xanim,#vm_slow_grenade_throw_additive
xanim,#vm_ar_an94_t8_crawl_in
xanim,#hash_44824240bc7b0c60
xanim,#vm_shotgun_full_auto_idle
xanim,#vm_bowie_knife_t8_sprint_in
xanim,#vm_sniper_mini14_reload
xanim,#vm_ar_stealth_swim_uw_putaway
xanim,#pt_melee_gift_axe_stand_firstraise
xanim,#vm_pistol_auto_sprint_putaway
xanim,#vm_sniper_mini14_sprint_out
xanim,#pt_rifle_t8_smg_handling_prone_inspect
xanim,#hash_44aec554ca394367
xanim,#vm_zom_wraith_fire_loop
xanim,#vm_ar_an94_t8_inspect
xanim,#vm_sniper_vanguard_reload
xanim,#ai_t8_zm_mob_brutus_stun_loop
xanim,#vm_sniper_damagesemi_ads_is_up
xanim,#vm_ar_fastfire_reload
xanim,#vm_tr_swordfish_pullout
xanim,#vm_ww_freezegun_sprint_loop
xanim,#ai_zombie_base_dog_run_attack
xanim,#vm_38_special_jump_land
xanim,#vm_titan_sprint_out
xanim,#vm_sig_bow_wz_uw_putaway
xanim,#vm_ar_k57_fire_last
xanim,#ai_t8_zm_mob_brutus_ground_slam
xanim,#vm_trophy_system_t8_sprint_drop
xanim,#vm_ar_k57_sprint_out
xanim,#vm_sniper_fast_rechamber_walk_f
xanim,#vm_sniper_power_semi_swim_uw_putaway
xanim,#vm_hades_putaway_quick
xanim,#vm_tr_midburst_walk_f
xanim,#hash_45349fd5cf156883
xanim,#ai_t8_zm_zombie_base_run_mantle_up_36_dn_80
xanim,#vm_smg_folding_idle
xanim,#vm_scorpion_putaway_quick
xanim,#vm_sniper_fast_rechamber_jump
xanim,#vm_zom_wraith_fire_pullpin_rh_additive
xanim,#vm_sniper_damagesemi_reload_out
xanim,#vm_pistol_standard_sprint_pullout
xanim,#hash_455d4c5413bd2d6b
xanim,#ai_zombie_base_run_turn_135_l_v2
xanim,#vm_annihilator_t8_fire
xanim,#ai_zombie_base_run_au_v2_pain_chest_f
xanim,#hash_45718148e6349e64
xanim,#vm_sniper_power_semi_gunbutt_swipe
xanim,#pt_concertina_wire_prone_throw
xanim,#vm_mp9_crawl_r
xanim,#vm_mp9_crawl_f
xanim,#vm_mp9_crawl_b
xanim,#vm_mp9_crawl_l
xanim,#vm_sticky_grenade_throw_bare_hands_additive
xanim,#vm_lmg_mk48_putaway_quick
xanim,#vm_mp40_idle_empty
xanim,#vm_tr_damageburst_t8_sprint_loop
xanim,#hash_45acb044a54334dc
xanim,#hash_45ad2200e4075a21
xanim,#vm_sensor_dart_idle_sig_bow
xanim,#vm_war_machine_swim_uw_f
xanim,#vm_ar_an94_t8_gunbutt_swipe
xanim,#vm_tr_midburst_swim_to_land
xanim,#mm_bow_fem_stand_first_raise
xanim,#vm_basketball_melee_in
xanim,#vm_ar_standard_sprint_loop
xanim,#vm_ar_stealth_fire_ads
xanim,#vm_homunculus_ads_base_down
xanim,#vm_locus_jump
xanim,#hash_460523c5e8d5a6f2
xanim,#vm_smg_handling_sprint_out
xanim,#vm_pirate_cutlass_sprint_out
xanim,#ai_t8_zm_zombie_base_walk_mantle_up_240_dn_36
xanim,#ai_t8_zombie_base_run_pain_01
xanim,#vm_basketball_ads_base_up
xanim,#vm_ar_lever_action_pullout
xanim,#vm_scorpion_sprint_raise
xanim,#vm_ar_lever_action_swim_uw_pullout
xanim,#vm_grapple_gun_reel_out_generic_additive
xanim,#vm_ar_lever_action_walk_f
xanim,#hash_46673d87f914e5d5
xanim,#hash_466801bfdf4594c1
xanim,#hash_4668ca3cc3713523
xanim,#hash_466a9d5dfb841d42
xanim,#vm_tr_flechette_first_raise
xanim,#vm_smg_handling_sprint_in
xanim,#pt_rifle_prone_melee_gunbutt
xanim,#vm_sniper_vanguard_rechamber_ads
xanim,#pt_demo_hammer_stand_melee
xanim,#pt_smart_cover_prone_putaway
xanim,#hash_4689b44ec723cbdb
xanim,#vm_smg_minigun_reload_empty
xanim,#ai_t8_zombie_base_attack_ranged_01_high
xanim,#pt_pirate_cutlass_stand_putaway
xanim,#vm_lmg_heavy_inspect
xanim,#vm_ar_standard_first_raise
xanim,#hash_46aaf41e5136647a
xanim,#vm_frag_grenade_pullpin
xanim,#vm_slow_grenade_sig_bow_pullpin
xanim,#hash_46ad28cb52e5e618
xanim,#vm_tr_damageburst_t8_idle
xanim,#pt_pistol_raygun_crouch_reload
xanim,#vm_demo_hammer_swim_putaway
xanim,#vm_pistol_standard_swim_uw_pullout
xanim,#ai_t8_zm_zombie_base_crawl_reach_up_01
xanim,#vm_shotgun_full_auto_reload
xanim,#vm_basketball_sprint_loop
xanim,#vm_annihilator_t8_walk_f
xanim,#vm_sniper_power_semi_sprint_putaway
xanim,#vm_smg_vmp_t8_putaway_quick
xanim,#vm_ar_stealth_sprint_in
xanim,#vm_argus_t8_hand_pose_l
xanim,#vm_argus_t8_hand_pose_r
xanim,#hash_47449765b1d8ebe4
xanim,#hash_4745561c3587a0e9
xanim,#vm_polynesian_club_t8_crawl_in
xanim,#vm_sniper_fast_rechamber_ads_ironsights_down
xanim,#vm_shotgun_pump_sprint_loop
xanim,#vm_money_bag_t8_ads_base_up
xanim,#pt_slaybell_stand_putaway
xanim,#vm_pistol_burst_gunbutt_swipe
xanim,#ai_zombie_smash_react_r_jackiespinleft
xanim,#hash_475e26db88690efb
xanim,#pt_lever_action_stand_shoot
xanim,#ai_zombie_base_run_turn_180_l_v2
xanim,#ai_zombie_base_run_au_v24_pain_chest_f
xanim,#pt_rifle_t8_tr_longburst_crouch_reload
xanim,#vm_concertina_wire_fire_hold_cancel
xanim,#hash_4794941bde742810
xanim,#hash_47ad26d8694903db
xanim,#pt_money_bag_prone_firstraise
xanim,#pt_pirate_cutlass_crouch_swipe
xanim,#hash_47c1c09ef9b61ffa
xanim,#vm_ar_an94_t8_fire
xanim,#pt_hold_swim_throw
xanim,#hash_47d0869838fd0f91
xanim,#hash_47d30c701a3ae08b
xanim,#vm_demo_hammer_sprint_pullout
xanim,#vm_grapple_gun_reel_loop_l_additive
xanim,#vm_ar_fastfire_fire_intro
xanim,#hash_47e45cc620f60b01
xanim,#vm_action_figure_inspect
xanim,#vm_semtex_pullpin
xanim,#vm_zom_raygun_mk2_fire_shotgun
xanim,#vm_sig_bow_gunbutt_swipe
xanim,#hash_481eabf2fc121d9e
xanim,#vm_polynesian_club_t8_idle
xanim,#vm_lmg_mg08_sprint_out
xanim,#pt_rifle_t8_ar_accurate_stand_reload
xanim,#vm_ar_accurate_ads_base_down
xanim,#vm_lmg_heavy_crawl_in
xanim,#hash_483b98dc1a6de217
xanim,#vm_tr_flechette_reload
xanim,#vm_smg_accurate_inspect
xanim,#vm_war_machine_putaway_quick
xanim,#ai_t8_zm_mob_brutus_attack_swingleft
xanim,#vm_health_regen_hand_pose_l
xanim,#vm_health_regen_hand_pose_r
xanim,#hash_4853d7391ee0c008
xanim,#vm_launcher_standard_t8_walk_f
xanim,#vm_shotgun_full_auto_ads_base_down
xanim,#pt_trophy_system_stand_putaway
xanim,#vm_tactical_throw
xanim,#hash_487d7ae9f45b2c08
xanim,#vm_smg_accurate_fire
xanim,#vm_t8_mini_crossbow_sprint_putaway
xanim,#vm_mp9_swim_uw_putaway
xanim,#vm_ar_standard_reload_quick
xanim,#vm_t8_mini_crossbow_fall
xanim,#hash_48a07b79ecec5c93
xanim,#vm_sniper_vanguard_sprint_putaway
xanim,#ai_zombie_base_crawl_jump_down_48
xanim,#vm_mini_turret_ads_down
xanim,#vm_ar_double_barrel_sprint_putaway
xanim,#ai_zombie_base_crawl_jump_down_72
xanim,#vm_argus_t8_ads_base_up
xanim,#vm_special_crossbow_fire_ads_intro
xanim,#vm_pistol_burst_fire_ads
xanim,#ai_zombie_base_crawl_jump_down_36
xanim,#vm_titan_crawl_in
xanim,#vm_trophy_system_t8_hand_ads_down
xanim,#vm_demo_hammer_crawl_out
xanim,#vm_polynesian_club_t8_sprint_loop
xanim,#vm_shotgun_full_auto_fire
xanim,#ai_zombie_base_run_au_v1_pain_chest_f
xanim,#pt_money_bag_prone_raise
xanim,#hash_48d8aeec9690876e
xanim,#vm_pirate_cutlass_sprint_pullout
xanim,#pt_money_bag_prone_melee
xanim,#vm_lmg_heavy_ads_base_up
xanim,#vm_shotgun_semiauto_fire
xanim,#vm_grapple_gun_idle_u_generic
xanim,#vm_pistol_standard_first_raise
xanim,#vm_purifier_t8_sprint_in
xanim,#pb_zodiac_driver_reverse
xanim,#ai_zombie_base_run_au_v11_pain_chest_f
xanim,#hash_492109ecd6ab65f6
xanim,#ai_zombie_base_crawl_jump_up_160
xanim,#hash_492dfacf68233b9d
xanim,#hash_4938adc46f80b8c3
xanim,#vm_grapple_gun_reel_loop_generic_additive
xanim,#hash_49408809bc7c5690
xanim,#vm_mp40_reload_empty
xanim,#pb_atv_passenger_enter_rifle
xanim,#vm_sniper_mini14_swim_uw_putaway
xanim,#vm_smg_capacity_first_raise
xanim,#vm_tr_damageburst_t8_hand_pose_l
xanim,#vm_tr_damageburst_t8_hand_pose_r
xanim,#pt_recon_sensor_dart_pullout
xanim,#vm_ar_stealth_putaway
xanim,#hash_496aa3d0e983dc97
xanim,#vm_war_machine_swim_uw_pullout
xanim,#vm_ar_standard_reload
xanim,#hash_497643d618215906
xanim,#mm_bow_fem_crouch_fire_enter
xanim,#pt_launcher_stand_inspect
xanim,#ai_t8_zm_zombie_dog_pro_trv_jump_up_160
xanim,#ai_t8_zm_zombie_dog_pro_trv_jump_up_128
xanim,#vm_lmg_heavy_ads_base_down
xanim,#vm_smg_capacity_sprint_out
xanim,#vm_sniper_power_semi_ads_iron_sights_up
xanim,#vm_katana_fall
xanim,#ai_t8_zm_zombie_base_walk_react_b_05
xanim,#ai_t8_zm_zombie_base_walk_react_b_04
xanim,#ai_t8_zm_zombie_base_walk_react_b_01
xanim,#ai_t8_zm_zombie_base_walk_react_b_03
xanim,#ai_t8_zm_zombie_base_walk_react_b_02
xanim,#pt_knife_fem_stand_melee_swipe
xanim,#vm_launcher_standard_t8_fall
xanim,#vm_argus_t8_sprint_out
xanim,#ai_zombie_base_dog_run_jump_256
xanim,#vm_polynesian_club_t8_putaway
xanim,#vm_tripwire_idle_3
xanim,#vm_tripwire_idle_2
xanim,#vm_tripwire_idle_4
xanim,#hash_49e3163adc59febb
xanim,#hash_49e319c6379a5765
xanim,#hash_49e32bc6379a75fb
xanim,#hash_49e489af19dbad11
xanim,#hash_49e6534d679ae517
xanim,#vm_shotgun_semiauto_crawl_in
xanim,#vm_sniper_vanguard_sprint_in
xanim,#vm_emp_grenade_cancel
xanim,#pt_basketball_crouch_raise
xanim,#pt_rifle_prone_inspect
xanim,#hash_49f748c23b033b4f
xanim,#vm_lmg_mg08_sprint_drop
xanim,#vm_frag_grenade_throw_bare_hands_additive
xanim,#vm_pistol_revolver_sprint_pullout
xanim,#vm_basketball_sprint_out
xanim,#vm_pistol_standard_fall
xanim,#vm_ar_fastfire_idle
xanim,#pt_smart_cover_prone_hold_fire
xanim,#vm_money_bag_t8_melee_out
xanim,#pt_sniper_quickscope_stand_reload
xanim,#vm_sniper_vanguard_first_raise
xanim,#vm_ar_peacekeeper_t8_swim_uw_putaway
xanim,#vm_snowball_pullpin
xanim,#pb_tak5_stand_loop_wz
xanim,#hash_4a55a58ff47de886
xanim,#vm_raygun_sprint_out
xanim,#hash_4a61021a2de4d870
xanim,#hash_4a61bf1ab401fa70
xanim,#vm_sensor_dart_fire_bare_hands_additive
xanim,#vm_money_bag_t8_crawl_in
xanim,#vm_ar_k57_putaway
xanim,#vm_slaybell_jump
xanim,#pt_rifle_t8_ar_damage_stand_firstraise
xanim,#vm_tr_midburst_fire_intro
xanim,#vm_koshka_jump
xanim,#vm_virtual_tablet_idle
xanim,#ai_t8_zm_zombie_base_crawl_mantle_up_36_dn_80
xanim,#hash_4aa7557809b6c0e9
xanim,#hash_4aabd5d5aab8d22e
xanim,#vm_grapple_gun_putaway
xanim,#vm_ar_fastfire_swim_uw_putaway
xanim,#hash_4af7c5b761ee9ef7
xanim,#vm_shotgun_semiauto_reload
xanim,#ai_t8_zm_mob_brutus_walk_mantle_36
xanim,#vm_shotgun_full_auto_putaway
xanim,#vm_spork_swim_pullout
xanim,#ai_t8_zm_mob_brutus_walk_mantle_72
xanim,#vm_ar_stealth_gunbutt_swipe
xanim,#ai_t8_zm_mob_brutus_walk_mantle_40
xanim,#ai_t8_zm_mob_brutus_walk_mantle_48
xanim,#hash_4b21722e8c76f7ac
xanim,#hash_4b22a9576a824bed
xanim,#vm_sticky_grenade_throw_additive
xanim,#ai_t8_zm_mob_brutus_walk_mantle_96
xanim,#vm_demo_hammer_sprint_in
xanim,#vm_ar_an94_t8_sprint_putaway
xanim,#vm_sniper_fast_rechamber_sprint_pullout
xanim,#ai_t8_zombie_base_run_attack_16
xanim,#ai_t8_zombie_base_run_attack_18
xanim,#vm_grapple_gun_putaway_generic_additive
xanim,#ai_t8_zombie_base_run_attack_02
xanim,#ai_t8_zombie_base_run_attack_01
xanim,#ai_t8_zm_mob_brutus_boss_attack_low_double_01
xanim,#vm_mp9_sprint_out
xanim,#vm_special_crossbow_idle
xanim,#vm_sniper_vanguard_swim_uw_in
xanim,#vm_ww_akud_fire_ads
xanim,#vm_tr_flechette_ads_base_down
xanim,#vm_ar_peacekeeper_t8_crawl_out
xanim,#pt_stop_sign_crouch_first_raise
xanim,#vm_tripwire_ads_base_up
xanim,#hash_4bce1e258712afd6
xanim,#vm_raygun_sprint_loop
xanim,#vm_stop_sign_putaway_quick
xanim,#hash_4be76869d1f45b31
xanim,#ai_zombie_smash_react_f
xanim,#vm_smg_minigun_fire_intro_ads
xanim,#vm_hades_fire_ads
xanim,#hash_4bfe4dd6aca2a00c
xanim,#vm_koshka_putaway
xanim,#ai_zombie_base_crawl_v1
xanim,#vm_grapple_gun_idle_l_brawler
xanim,#vm_ar_fastfire_putaway
xanim,#vm_ww_blundergat_jump_land
xanim,#vm_smg_handling_first_raise
xanim,#vm_sniper_fast_rechamber_hand_pose_r
xanim,#vm_sniper_fast_rechamber_hand_pose_l
xanim,#vm_smg_handling_sprint_loop
xanim,#vm_38_special_walk_f
xanim,#hash_4c73204ed306d674
xanim,#vm_scorpion_gunbutt_strike
xanim,#vm_purifier_t8_hand_pose_r
xanim,#vm_purifier_t8_hand_pose_l
xanim,#pt_turret_mini_stand_fire
xanim,#pt_rifle_stand_firstraise
xanim,#vm_t8_mini_crossbow_jump
xanim,#vm_basketball_sprint_in
xanim,#pt_an94_t8_crouch_reload_empty
xanim,#vm_mp40_fire
xanim,#pt_melee_gift_axe_prone_raise
xanim,#pt_knife_prone_inspect
xanim,#vm_ar_peacekeeper_t8_reload
xanim,#vm_argus_t8_inspect
xanim,#vm_ar_lever_action_crawl_out
xanim,#vm_pistol_standard_fire_ads
xanim,#ai_zombie_base_walk_au_v20_pain_chest_f
xanim,#hash_4cc78d4264df2801
xanim,#vm_shotgun_pump_hand_pose_r
xanim,#vm_shotgun_pump_hand_pose_l
xanim,#vm_ar_double_barrel_crawl_in
xanim,#hash_4cf7d8158232a37e
xanim,#vm_sensor_dart_pullout_bare_hands
xanim,#ai_zombie_base_walk_turn_45_l_v2
xanim,#hash_4d0592baf4e11294
xanim,#pt_action_figure_prone_inspect
xanim,#vm_snowball_cancel_bare_hands
xanim,#vm_argus_t8_rechamber_ads
xanim,#vm_scorpion_fire_hold
xanim,#pt_rifle_t8_smg_handling_prone_reload_partial
xanim,#hash_4d30bb828b7bdfa4
xanim,#vm_pistol_standard_walk_f
xanim,#hash_4d339377764fc97b
xanim,#vm_emp_grenade_pullpin
xanim,#pt_rifle_t8_ar_fastfire_crouch_firstraise
xanim,#vm_smg_fastfire_uw_putaway
xanim,#vm_ar_peacekeeper_t8_first_raise
xanim,#ai_t8_zm_avogadro_pain_short
xanim,#vm_sniper_mini14_inspect
xanim,#vm_ar_peacekeeper_t8_sprint_loop
xanim,#hash_4d8393614f77d8e0
xanim,#hash_4d87e2403e494523
xanim,#vm_sniper_mini14_crawl_r
xanim,#vm_sniper_mini14_crawl_l
xanim,#vm_sniper_mini14_crawl_b
xanim,#vm_sniper_mini14_crawl_f
xanim,#pt_turret_mini_stand_raise
xanim,#hash_4d944bc826439142
xanim,#pt_demo_hammer_stand_melee_miss
xanim,#vm_shotgun_semiauto_putaway_quick
xanim,#hash_4da6bc8f0e864d3f
xanim,#vm_ar_k57_ads_base_down
xanim,#vm_titan_sprint_drop
xanim,#vm_smg_capacity_jump
xanim,#hash_4db6637d279b7f03
xanim,#vm_ar_an94_t8_idle
xanim,#vm_shotgun_semiauto_sprint_pullout
xanim,#pt_knife_prone_stick
xanim,#mm_bow_fem_swim_fire_loop
xanim,#vm_t8_mini_crossbow_sprint_in
xanim,#hash_4ded53f9da6a1a68
xanim,#vm_tr_flechette_putaway_quick
xanim,#vm_sniper_power_semi_jump
xanim,#vm_mp9_swim_uw_pullout
xanim,#vm_sticky_grenade_throw_sig_bow
xanim,#ai_zombie_base_walk_au_v12_pain_chest_f
xanim,#vm_pistol_standard_jump
xanim,#vm_demo_hammer_melee_miss
xanim,#vm_ar_galil_crawl_out
xanim,#ai_t8_zm_zombie_dog_pro_trv_mantle_up_128_dn_36
xanim,#vm_basketball_jump_land
xanim,#vm_slaybell_swim_putaway
xanim,#vm_bowie_knife_t8_sprint_loop
xanim,#hash_4e47c7f12c4675ea
xanim,#pt_lmg_standard_t8_crouch_reload
xanim,#vm_hades_sprint_loop
xanim,#hash_4e5d0e17419c7ac0
xanim,#hash_4e5d2c17419cadba
xanim,#vm_money_bag_t8_swim_pullout
xanim,#pt_sniper_fastrechamber_crouch_inspect
xanim,#pt_shotgun_precision_t8_stand_inspect
xanim,#vm_smg_accurate_ads_base_down
xanim,#vm_t8_mantle_over_additive
xanim,#hash_4e9054f6fd8e9938
xanim,#vm_stop_sign_ads_base_down
xanim,#vm_mp40_pullout
xanim,#vm_smg_fastfire_reload_quick
xanim,#vm_smg_fastfire_idle
xanim,#vm_ar_accurate_putaway_quick
xanim,#hash_4ea7464fc1c639e3
xanim,#vm_t8_swim_l_additive
xanim,#vm_smg_fastfire_pullout_quick
xanim,#vm_ar_galil_ads_base_up
xanim,#vm_ar_lever_action_first_raise
xanim,#hash_4ecc3321dc07e130
xanim,#hash_4ed52ea6d74616f9
xanim,#vm_smg_accurate_sprint_putaway
xanim,#pt_rifle_t8_smg_standard_stand_inspect
xanim,#vm_smg_capacity_swim_uw_putaway
xanim,#hash_4ee2a8dc1095f771
xanim,#vm_special_crossbow_pullout_quick
xanim,#vm_ww_akud_fire_hold_loop
xanim,#ai_zombie_base_crawl_idle_v1
xanim,#vm_ar_fastfire_hand_pose_r
xanim,#vm_ar_fastfire_hand_pose_l
xanim,#vm_grapple_gun_reel_loop_l_brawler_additive
xanim,#vm_pistol_auto_swim_uw_pullout
xanim,#vm_smg_handling_ads_base_up
xanim,#hash_4f1bc6ef57d486ef
xanim,#vm_zom_arm_swim_pullout
xanim,#vm_ar_double_barrel_first_raise
xanim,#vm_spork_taunt
xanim,#pt_money_bag_crouch_inspect
xanim,#vm_sniper_fast_rechamber_swim_to_land
xanim,#vm_emp_grenade_pullpin_additive
xanim,#hash_4f4b25bea8e1a558
xanim,#hash_4f4c7040e9359bc7
xanim,#ai_zombie_base_walk_ad_v25_pain_chest_f
xanim,#vm_pistol_auto_sprint_pullout
xanim,#vm_smg_fastfire_reload_empty
xanim,#vm_ww_freezegun_walk_f
xanim,#hash_4f62d636b6bc4906
xanim,#vm_slaybell_ads_base_up
xanim,#vm_ar_fastfire_fire_ads_intro
xanim,#vm_mp40_putaway_quick
xanim,#vm_smg_vmp_t8_fire_ads
xanim,#pt_rifle_t8_ar_galil_crouch_inspect
xanim,#vm_trophy_system_t8_fire_hold_cancel
xanim,#pt_rifle_t8_smg_vmp_prone_inspect
xanim,#vm_sig_bow_mantle_additive
xanim,#vm_sniper_mini14_putaway
xanim,#vm_ar_double_barrel_fire
xanim,#hash_500269e9631009e7
xanim,#vm_pistol_auto_lastshot
xanim,#ai_t8_zm_mob_brutus_boss_headpain
xanim,#vm_shotgun_pump_reload_out
xanim,#ai_t8_zm_zombie_base_walk_mantle_up_80_dn_36
xanim,#hash_5022f1d3f2751254
xanim,#vm_tr_power_semi_crawl_in
xanim,#vm_ar_peacekeeper_t8_ads_base_up
xanim,#vm_shotgun_pump_swim_uw_putaway
xanim,#vm_t8_mini_crossbow_swim_uw_putaway
xanim,#vm_shotgun_full_auto_putaway_quick
xanim,#pt_rifle_t8_smg_folding_stand_first_raise
xanim,#vm_action_figure_sprint_pullout
xanim,#vm_katana_sprint_pullout
xanim,#vm_demo_hammer_idle
xanim,#pt_grenade_crouch_prime
xanim,#vm_hades_fire_intro
xanim,#pt_rifle_t8_smg_fastfire_prone_reload_partial
xanim,#vm_shotgun_pump_fire
xanim,#hash_506f56745130cd98
xanim,#hash_507dbe7a59ebf57f
xanim,#pt_rifle_t8_ar_accurate_crouch_reload
xanim,#vm_shotgun_pump_first_raise
xanim,#hash_508e0bd0d9ed5667
xanim,#vm_ar_accurate_reload
xanim,#vm_ar_lever_action_sprint_putaway
xanim,#vm_tr_damageburst_t8_pullout_quick
xanim,#vm_sniper_power_semi_pullout_quick
xanim,#hash_50c7d3e68f3c4e80
xanim,#vm_snowball_throw_bare_hands
xanim,#pt_knife_crouch_putaway
xanim,#pt_ar_peacekeeper_t8_prone_reload
xanim,#vm_ww_akud_rechamber
xanim,#vm_pistol_auto_hand_pose_l
xanim,#vm_pistol_auto_hand_pose_r
xanim,#vm_ar_accurate_jump_land
xanim,#vm_sensor_dart_cancel_bare_hands_additive
xanim,#vm_zom_wraith_fire_pullpin
xanim,#pt_bow_stand_flashed_loop
xanim,#vm_smg_capacity_fire_intro_ads
xanim,#vm_slaybell_crawl_out
xanim,#vm_tr_swordfish_pullout_quick
xanim,#pt_melee_gift_axe_prone_idle
xanim,#hash_5144e3d557b62fed
xanim,#vm_sniper_mini14_jump
xanim,#vm_pistol_burst_swim_uw_putaway
xanim,#vm_raygun_idle
xanim,#ai_t8_zm_mob_brutus_jump_up_128
xanim,#vm_sniper_damagesemi_swim_putaway
xanim,#vm_war_machine_walk_f
xanim,#pt_demo_hammer_crouch_melee_miss
xanim,#pt_drone_hawk_prone_raise
xanim,#vm_smg_folding_sprint_loop
xanim,#vm_annihilator_t8_putaway
xanim,#hash_5189be52e3231812
xanim,#vm_trophy_system_t8_walk_f
xanim,#vm_sniper_power_semi_crawl_r
xanim,#vm_sniper_power_semi_crawl_b
xanim,#vm_sniper_power_semi_crawl_f
xanim,#vm_sniper_power_semi_crawl_l
xanim,#hash_51994b03a21b0327
xanim,#vm_lmg_heavy_sprint_in
xanim,#vm_ar_lever_action_reload
xanim,#vm_tr_midburst_putaway_quick
xanim,#hash_51cafee06f835ad2
xanim,#pt_rifle_t8_lmg_heavy_prone_inspect
xanim,#vm_ar_galil_fire_intro
xanim,#vm_ar_accurate_fire
xanim,#vm_mp40_crawl_f
xanim,#vm_mp40_crawl_b
xanim,#vm_mp40_crawl_l
xanim,#vm_sniper_vanguard_fire
xanim,#vm_mp40_crawl_r
xanim,#vm_sniper_vanguard_reload_empty
xanim,#ai_zombie_base_dog_traverse_down_190
xanim,#ai_zombie_base_dog_traverse_down_184
xanim,#vm_raygun_crawl_in
xanim,#ai_zombie_base_dog_traverse_down_127
xanim,#ai_zombie_base_dog_traverse_down_126
xanim,#hash_52076f25e809a9e1
xanim,#vm_zom_raygun_mk2_fire_ads
xanim,#vm_smg_capacity_reload_empty
xanim,#ai_zombie_base_dog_traverse_down_96
xanim,#vm_hades_ads_base_up
xanim,#vm_t8_mini_crossbow_hand_pose_l
xanim,#vm_t8_mini_crossbow_hand_pose_r
xanim,#pt_sniper_double_prone_shoot
xanim,#ai_t8_zombie_base_super_sprint_05
xanim,#ai_t8_zombie_base_super_sprint_04
xanim,#ai_t8_zombie_base_super_sprint_01
xanim,#ai_t8_zombie_base_super_sprint_03
xanim,#ai_t8_zombie_base_super_sprint_02
xanim,#ai_zombie_base_dog_traverse_down_40
xanim,#ai_zombie_base_dog_traverse_down_48
xanim,#vm_ar_standard_swim_uw_putaway
xanim,#ai_zombie_base_dog_traverse_down_72
xanim,#pt_rifle_t8_smg_accurate_prone_reload_partial
xanim,#vm_action_figure_ads_base_up
xanim,#vm_ar_k57_crawl_in
xanim,#ai_zombie_base_sprint_ad_v23_pain_chest_f
xanim,#ai_zombie_base_walk_au_v7_pain_chest_f
xanim,#vm_polynesian_club_t8_hand_pose_r
xanim,#vm_polynesian_club_t8_hand_pose_l
xanim,#hash_527c9cea8b7b8022
xanim,#vm_pistol_auto_sprint_out
xanim,#vm_action_figure_putaway
xanim,#vm_zom_arm_pullout
xanim,#ai_t8_zm_zombie_base_walk_jump_down_128
xanim,#ai_zombie_base_run_ad_v24_pain_chest_f
xanim,#vm_bowie_knife_t8_putaway
xanim,#vm_ar_standard_fire_last
xanim,#pt_rifle_t8_ar_damage_stand_reload_partial
xanim,#vm_mp40_sprint_out
xanim,#vm_grapple_gun_pullout_fast_brawler_additive
xanim,#pt_rifle_t8_tr_longburst_crouch_firstraise
xanim,#ai_t8_zm_mob_brutus_idle_a
xanim,#vm_titan_idle
xanim,#vm_shotgun_semiauto_walk_f
xanim,#hash_52d80a2a6249f441
xanim,#ai_t8_zm_mob_brutus_jump_down_127
xanim,#hash_52ded19282500173
xanim,#vm_smg_handling_crawl_in
xanim,#ai_zombie_base_walk_ad_v20_pain_chest_f
xanim,#pt_knife_t8_stand_firstraise
xanim,#ai_t8_zm_mob_brutus_jump_down_184
xanim,#vm_mp9_fire_intro
xanim,#vm_mp40_swim_uw_pullout
xanim,#ai_zombie_smash_react_l_legsoutright
xanim,#ai_t8_zm_zombie_base_dog_trot_turn_l_180
xanim,#hash_5312bfa7a836d16a
xanim,#vm_lmg_heavy_pullout
xanim,#vm_tr_flechette_pullout
xanim,#vm_smg_handling_fire_ads_intro
xanim,#vm_t8_mini_crossbow_sprint_out
xanim,#hash_534903f83a06f218
xanim,#vm_sniper_power_semi_sprint_pullout
xanim,#ai_t8_zm_mob_brutus_stun_in
xanim,#vm_sniper_damagesemi_hand_pose_l
xanim,#vm_sniper_damagesemi_hand_pose_r
xanim,#vm_ar_double_barrel_pullout_quick
xanim,#vm_katana_ads_base_down
xanim,#vm_sig_bow_wz_pullout_quick
xanim,#pt_rifle_t8_smg_accurate_crouch_inspect
xanim,#vm_tr_swordfish_reload_empty
xanim,#vm_ww_freezegun_ads_base_up
xanim,#vm_ww_akud_first_raise
xanim,#hash_538e14365ba76524
xanim,#vm_argus_t8_crawl_in
xanim,#vm_lmg_mk48_first_raise
xanim,#vm_money_bag_t8_first_raise
xanim,#vm_ww_freezegun_pullout
xanim,#vm_sensor_dart_pullout
xanim,#vm_ar_stealth_fire
xanim,#ai_t8_zm_zombie_base_run_mantle_up_128_dn_36
xanim,#vm_ar_damage_swim_uw_putaway
xanim,#vm_ar_lever_action_crawl_r
xanim,#vm_ar_lever_action_crawl_l
xanim,#vm_ar_lever_action_crawl_b
xanim,#vm_ar_lever_action_crawl_f
xanim,#pt_rifle_t8_smg_vmp_crouch_inspect
xanim,#vm_tr_power_semi_gunbutt_swipe
xanim,#vm_tomahawk_sig_bow_loop
xanim,#vm_koshka_swim_to_land
xanim,#hash_53dff4b40faa2621
xanim,#pt_tripwire_male_crouch_fire
xanim,#hash_540218209154f9e1
xanim,#ai_zombie_base_run_turn_90_r_v2
xanim,#pt_rifle_swim_reload_over_partial
xanim,#pt_rifle_t8_ar_fastfire_crouch_reload
xanim,#ai_t8_zm_zombie_base_run_jump_up_128
xanim,#vm_ar_accurate_sprint_putaway
xanim,#vm_tr_damageburst_t8_sprint_pullout
xanim,#vm_spork_idle
xanim,#vm_ar_damage_sprint_out
xanim,#mm_bow_fem_stand_pullout
xanim,#hash_542783722f7790ae
xanim,#vm_zom_wraith_fire_cancel
xanim,#pb_rifle_t8_smg_fastburst_stand_inspect
xanim,#vm_pistol_revolver_inspect
xanim,#vm_tr_power_semi_swim_from_land
xanim,#vm_sniper_damagesemi_sprint_putaway
xanim,#vm_purifier_t8_ads_base_up
xanim,#vm_sniper_locus_t8_hand_pose_l
xanim,#vm_sniper_locus_t8_hand_pose_r
xanim,#pt_rifle_t8_ar_modular_stand_reload_empty
xanim,#vm_mp9_fire
xanim,#vm_bowie_knife_t8_idle
xanim,#pt_ar_fastfire_fingers_l
xanim,#ai_zombie_base_run_ad_v11_pain_chest_f
xanim,#vm_war_machine_hand_pose_r
xanim,#vm_war_machine_hand_pose_l
xanim,#pt_basketball_prone_throw
xanim,#vm_smg_vmp_t8_ads_up
xanim,#vm_smg_accurate_sprint_pullout
xanim,#hash_54759c2f5e9b945e
xanim,#pt_drone_hawk_stand_cancel
xanim,#vm_zom_raygun_mk2_fire_shotgun_ads
xanim,#pt_stop_sign_stand_inspect
xanim,#vm_pistol_auto_crawl_r
xanim,#vm_pistol_auto_crawl_b
xanim,#vm_pistol_auto_crawl_f
xanim,#vm_pistol_auto_crawl_l
xanim,#vm_tr_power_semi_hand_pose_r
xanim,#vm_tr_power_semi_hand_pose_l
xanim,#vm_smg_fastfire_swim_from_land
xanim,#hash_549c400dc54bb270
xanim,#hash_549d29fab7ff709c
xanim,#vm_t8_mini_crossbow_gunbutt_swipe
xanim,#pt_zom_arm_prone_inspect
xanim,#vm_ar_accurate_reload_empty
xanim,#vm_ar_damage_fire
xanim,#hash_54d480c17d7ff2bf
xanim,#vm_annihilator_t8_sprint_out
xanim,#hash_54e0dae921547e7d
xanim,#hash_54fbd6cb4aefb905
xanim,#vm_emp_grenade_loop_additive
xanim,#vm_smg_fastburst_crawl_in
xanim,#ai_t8_zm_zombie_base_stn_idle_react_b_02
xanim,#ai_t8_zm_zombie_base_stn_idle_react_b_03
xanim,#ai_t8_zm_zombie_base_stn_idle_react_b_01
xanim,#ai_t8_zm_zombie_base_stn_idle_react_b_04
xanim,#ai_t8_zm_zombie_base_stn_idle_react_b_05
xanim,#hash_552fb83d91fca640
xanim,#vm_smg_folding_fire_last
xanim,#vm_sniper_mini14_swim_uw_pullout
xanim,#pt_pistol_standard_crouch_reload
xanim,#vm_tomahawk_sig_bow_pull_additive
xanim,#vm_shotgun_semiauto_crawl_out
xanim,#pt_launcher_prone_inspect
xanim,#vm_tr_swordfish_swim_uw_in
xanim,#vm_ar_fastfire_sprint_putaway
xanim,#vm_smg_fastfire_crawl_out
xanim,#hash_5588d5ab18d108ea
xanim,#pt_basketball_crouch_idle
xanim,#vm_snowball_cancel_bare_hands_additive
xanim,#vm_pistol_revolver_first_raise
xanim,#ai_zombie_base_fast_sprint_02_pain_chest_f
xanim,#vm_tr_midburst_swim_uw_in
xanim,#pt_rifle_t8_lmg_heavy_crouch_inspect
xanim,#vm_hades_swim_uw_putaway
xanim,#vm_shotgun_pump_swim_uw_pullout
xanim,#vm_polynesian_club_t8_pullout
xanim,#vm_ar_lever_action_jump
xanim,#hash_55e554fc8270462f
xanim,#vm_action_figure_crawl_r
xanim,#vm_action_figure_crawl_l
xanim,#vm_action_figure_crawl_b
xanim,#vm_action_figure_crawl_f
xanim,#hash_55fabac40fd5f442
xanim,#mm_bow_fem_stand_fire_exit
xanim,#vm_bowie_knife_t8_melee_miss_2
xanim,#pt_melee_gift_axe_stand_idle
xanim,#hash_561694a5d8afa04d
xanim,#vm_snowball_loop
xanim,#hash_561b1af86caf5f2e
xanim,#ai_t8_zm_zombie_base_run_mantle_up_240_dn_36
xanim,#pt_rifle_t8_smg_fastfire_stand_reload
xanim,#vm_grapple_gun_pullout_fast_generic
xanim,#vm_pistol_auto_sprint_in
xanim,#hash_5660108ed615fa17
xanim,#ai_zombie_base_sprint_ad_v1_pain_chest_f
xanim,#vm_annihilator_t8_gunbutt_swipe
xanim,#vm_katana_taunt
xanim,#pt_pistol_standard_crouch_reload_partial
xanim,#hash_5670de36176d37d1
xanim,#vm_smg_vmp_t8_reload_empty
xanim,#pt_lmg_swim_reload
xanim,#vm_shotgun_pump_lastshot
xanim,#hash_56bf1d79b86481d7
xanim,#pt_pistol_swim_melee_gunbutt
xanim,#pt_lmg_heavy_t8_crouch_reload
xanim,#vm_titan_gunbutt_swipe
xanim,#pt_sniper_fastrechamber_stand_reload
xanim,#vm_bowie_knife_t8_melee_out
xanim,#vm_mp9_ads_base_down
xanim,#hash_56dc5f7b8d688e09
xanim,#pt_shotgun_precision_t8_stand_rechamber
xanim,#ai_t8_zm_mob_brutus_walk_jump_up_128
xanim,#vm_special_crossbow_crawl_in
xanim,#vm_sig_bow_wz_crawl_out
xanim,#hash_56fa4c95e56b139b
xanim,#ai_t8_zm_mob_brutus_walk_jump_up_160
xanim,#vm_action_figure_jump
xanim,#pt_hold_swim_putaway
xanim,#vm_pistol_revolver_sprint_out
xanim,#vm_zom_wraith_fire_loop_rh_additive
xanim,#vm_ar_fastfire_first_raise
xanim,#hash_5712ae82e15b5246
xanim,#hash_57130c0940d7f19e
xanim,#pt_rifle_t8_ar_galil_crouch_reload_partial
xanim,#vm_ar_stealth_reload
xanim,#vm_titan_swim_uw_pullout
xanim,#hash_572dab9c3745d26c
xanim,#vm_lmg_mg08_reload_empty
xanim,#vm_sig_bow_idle_to_alt
xanim,#hash_573a309856ca3c75
xanim,#vm_ar_fastfire_pullout
xanim,#vm_drone_hawk_idle_additive
xanim,#vm_mp40_fire_intro
xanim,#pt_shotgun_precision_t8_stand_putaway
xanim,#vm_tr_midburst_crawl_f
xanim,#vm_tr_midburst_crawl_b
xanim,#vm_tr_midburst_crawl_l
xanim,#vm_tr_midburst_crawl_r
xanim,#vm_spork_sprint_loop
xanim,#vm_mp9_fire_last_ads
xanim,#pt_rifle_t8_smg_vmp_crouch_reload_empty
xanim,#hash_579969ee6591d136
xanim,#hash_57a40f5ee2dd665e
xanim,#pt_sniper_quickscope_stand_first_raise
xanim,#vm_sensor_dart_cancel_sig_bow
xanim,#vm_drone_hawk_idle
xanim,#pt_one_handed_gun_male_stand_fire
xanim,#pt_rifle_t8_ar_modular_prone_inspect
xanim,#pt_drone_hawk_prone_cancel
xanim,#vm_t8_swim_idle_static
xanim,#vm_mp9_crawl_out
xanim,#vm_combat_knife_t8_fall
xanim,#hash_57fc99fd2722856f
xanim,#hash_58067eeec3f04fd6
xanim,#hash_580ddc50651460c6
xanim,#vm_bowie_knife_t8_sprint_putaway
xanim,#vm_frag_ads_up
xanim,#vm_ar_accurate_jump
xanim,#hash_5822a2fd69f3dc2c
xanim,#hash_58256eb98cba3e8d
xanim,#vm_scorpion_putaway
xanim,#vm_smg_folding_swim_uw_pullout
xanim,#vm_spork_swim_putaway
xanim,#vm_t8_swim_sig_bow_r_additive
xanim,#vm_ar_galil_fire_intro_ads
xanim,#vm_money_bag_t8_hand_pose_r
xanim,#vm_money_bag_t8_hand_pose_l
xanim,#vm_shotgun_full_auto_swim_uw_pullout
xanim,#pt_scorpion_prone_fire_intro
xanim,#vm_lmg_mg08_putaway_quick
xanim,#hash_5849184e50198d77
xanim,#vm_tr_damageburst_t8_fire_last
xanim,#ai_t8_zm_zombie_dog_pro_trv_mantle_128
xanim,#vm_frag_grenade_rh_loop_additive
xanim,#pt_scorpion_crouch_fire_cancel
xanim,#pt_concertina_wire_crouch_raise
xanim,#pt_rifle_t8_ar_damage_crouch_firstraise
xanim,#hash_587b634e193ce7d7
xanim,#ai_t8_zm_mob_brutus_sprint_mantle_72
xanim,#vm_ar_galil_putaway
xanim,#vm_tr_midburst_crawl_out
xanim,#ai_t8_zm_mob_brutus_sprint_mantle_48
xanim,#ai_t8_zm_mob_brutus_sprint_mantle_40
xanim,#ai_t8_zm_mob_brutus_sprint_mantle_36
xanim,#hash_5896f8cda8d8cc4a
xanim,#vm_ar_standard_jump_land
xanim,#vm_sniper_fast_rechamber_rechamber_ads
xanim,#p8_fxanim_wz_supply_stash_ammo_open_anim
xanim,#pt_ruin_grapple_gun_pullout
xanim,#vm_basketball_sprint_putaway
xanim,#ai_t8_zm_mob_brutus_sprint_mantle_96
xanim,#vm_smg_fastfire_sprint_loop
xanim,#hash_58bc80913fb98756
xanim,#hash_58c410d2f8053463
xanim,#vm_concertina_wire_fire
xanim,#p8_fxanim_wz_supply_stash_01_open_anim
xanim,#vm_sniper_locus_t8_gunbutt_swipe
xanim,#vm_ar_double_barrel_crawl_out
xanim,#vm_smg_capacity_swim_uw_pullout
xanim,#hash_58f66e91d58e927d
xanim,#vm_ww_blundergat_sprint_loop
xanim,#ai_zombie_base_walk_ad_v2_pain_chest_f
xanim,#vm_ar_galil_sprint_loop
xanim,#pt_money_bag_stand_raise
xanim,#vm_katana_putaway
xanim,#vm_zom_arm_sprint_loop
xanim,#vm_smg_handling_inspect
xanim,#ai_zombie_base_crawl_mantle_over_96
xanim,#vm_hades_sprint_out
xanim,#vm_sniper_locus_t8_crawl_in
xanim,#ai_zombie_base_crawl_mantle_over_48
xanim,#vm_slaybell_sprint_pullout
xanim,#vm_smg_fastburst_sprint_putaway
xanim,#vm_sniper_locus_t8_sprint_out
xanim,#pt_tripwire_male_stand_putaway
xanim,#ai_zombie_base_crawl_mantle_over_72
xanim,#vm_smg_folding_fire_ads
xanim,#hash_595d1d80a5d66f36
xanim,#vm_smg_accurate_reload_empty
xanim,#vm_titan_putaway_quick
xanim,#ai_zombie_base_crawl_mantle_over_36
xanim,#vm_sniper_mini14_fire_ads
xanim,#hash_596f0a455b253f66
xanim,#vm_tr_power_semi_idle
xanim,#hash_597300a13a497c5a
xanim,#vm_lmg_heavy_first_raise
xanim,#ai_t8_zm_zombie_base_dog_run_25
xanim,#vm_ar_double_barrel_sprint_loop
xanim,#vm_pistol_burst_sprint_pullout
xanim,#vm_ar_damage_fire_ads
xanim,#pt_ruin_grapple_gun_prone_idle
xanim,#vm_pistol_auto_first_raise
xanim,#pt_scorpion_stand_fire
xanim,#vm_smg_vmp_t8_swim_from_land
xanim,#hash_59be0be782f16bda
xanim,#vm_launcher_standard_t8_swim_uw_pullout
xanim,#pt_an94_t8_stand_reload
xanim,#vm_lmg_mk48_crawl_in
xanim,#hash_59cf4159918eee18
xanim,#ai_zombie_smash_react_b_deadfallknee
xanim,#vm_zom_arm_jump
xanim,#hash_5a095eb36177a48b
xanim,#vm_titan_fire_intro
xanim,#vm_basketball_pass
xanim,#hash_5a24fb3c3c445099
xanim,#vm_smg_vmp_t8_sprint_out
xanim,#hash_5a55ecdbc152b628
xanim,#ai_t8_zm_zombie_base_run_despawn_01
xanim,#pt_demo_hammer_crouch_melee
xanim,#hash_5a8118edd4aef736
xanim,#vm_ar_galil_swim_uw_putaway
xanim,#hash_5aa328c5cb00b98f
xanim,#hash_5aacc7f4ccbd514a
xanim,#pt_pistol_swim_fire
xanim,#hash_5abe10680e4bea90
xanim,#hash_5ac2a6b098a8c842
xanim,#pt_turret_mini_stand_hold_idle
xanim,#hash_5ad323560efa67ec
xanim,#hash_5ad326a0f37df535
xanim,#hash_5ad397e2a334c051
xanim,#vm_frag_grenade_rh_pullpin_additive
xanim,#vm_mini_turret_hold_fire
xanim,#vm_lmg_mk48_reload_empty
xanim,#pt_prone_shoot_pistol
xanim,#ai_t8_zm_zombie_base_crawl_mantle_up_128_dn_36
xanim,#hash_5b0b7fb62776e0ce
xanim,#vm_spork_ads_base_down
xanim,#vm_zom_arm_ads_base_up
xanim,#vm_zom_wraith_fire_throw_additive
xanim,#vm_sniper_vanguard_putaway
xanim,#vm_ar_lever_action_ads_base_down
xanim,#hash_5b2675b27731a08d
xanim,#vm_ar_peacekeeper_t8_reload_empty_quick
xanim,#pt_drone_hawk_prone_throw_rh
xanim,#vm_grapple_gun_reel_loop_additive
xanim,#vm_grapple_gun_reel_loop_r_brawler_additive
xanim,#ai_zombie_base_walk_au_v4_pain_chest_f
xanim,#vm_smg_capacity_ads_base_up
xanim,#hash_5b620231495b8242
xanim,#vm_special_crossbow_fire
xanim,#pt_rifle_t8_ar_damage_prone_reload_partial
xanim,#p8_fxanim_wz_supply_stash_01_used_anim
xanim,#vm_sniper_power_semi_jump_land
xanim,#vm_tr_midburst_crawl_in
xanim,#vm_demo_hammer_ads_base_down
xanim,#vm_pistol_burst_lastshot
xanim,#ai_zombie_base_dog_death_front_a
xanim,#vm_pistol_burst_walk_f
xanim,#vm_ar_k57_sprint_loop
xanim,#pt_demo_hammer_prone_putaway
xanim,#vm_smg_accurate_fire_ads
xanim,#vm_ar_galil_idle
xanim,#vm_lmg_mg08_fire_ads
xanim,#ai_zombie_base_dog_death_hit_left
xanim,#pt_pistol_crouch_inspect
xanim,#vm_ar_galil_gunbutt_swipe
xanim,#vm_crouch_to_prone_additive
xanim,#ai_zombie_base_run_au_v21_pain_chest_f
xanim,#vm_hades_sprint_in
xanim,#pt_rifle_swim_raise
xanim,#vm_pistol_burst_fall
xanim,#vm_pistol_burst_idle_empty
xanim,#vm_shotgun_pump_gunbutt_swipe
xanim,#vm_war_machine_jump
xanim,#hash_5c1f0ff8aa33f430
xanim,#pt_sniper_fastrechamber_stand_first_raise
xanim,#vm_ar_stealth_jump_land
xanim,#vm_scorpion_fire
xanim,#vm_ar_damage_swim_from_land
xanim,#hash_5c44f8775cbb7de5
xanim,#vm_slaybell_sprint_out
xanim,#mm_bow_fem_swim_fire_enter
xanim,#vm_smart_cover_hand_pose_l
xanim,#vm_smart_cover_hand_pose_r
xanim,#vm_pistol_auto_putaway
xanim,#vm_polynesian_club_t8_swim_putaway
xanim,#hash_5c870affb12df66d
xanim,#vm_ww_akud_rechamber_ads
xanim,#vm_pistol_revolver_fire
xanim,#vm_ar_damage_walk_f
xanim,#hash_5ca8b8df47376d7d
xanim,#vm_hades_pullout
xanim,#vm_ar_lever_action_fire_ads
xanim,#vm_tr_damageburst_t8_swim_uw_putaway
xanim,#vm_grapple_gun_idle_r_brawler
xanim,#vm_katana_dash
xanim,#vm_smg_vmp_t8_sprint_pullout
xanim,#vm_combat_knife_t8_jump
xanim,#vm_annihilator_t8_hand_pose_r
xanim,#vm_annihilator_t8_hand_pose_l
xanim,#vm_ar_accurate_sprint_loop
xanim,#vm_emp_grenade_throw_additive
xanim,#hash_5ce1a92c18099bbe
xanim,#vm_smg_fastburst_fire_intro
xanim,#vm_barehands_unstoppable_force_in
xanim,#vm_zom_wraith_fire_loop_rh
xanim,#vm_smart_cover_fire_hold_cancel
xanim,#vm_ar_lever_action_hand_pose_r
xanim,#vm_ar_lever_action_hand_pose_l
xanim,#hash_5d033d1005104920
xanim,#vm_sensor_dart_idle
xanim,#hash_5d083fdb40c2ee58
xanim,#pt_rifle_t8_smg_accurate_stand_reload
xanim,#vm_smg_minigun_pullout
xanim,#vm_grapple_gun_reel_loop_u_brawler
xanim,#ai_t8_zm_mob_zombie_dog_stun_in
xanim,#vm_smg_fastburst_sprint_in
xanim,#vm_grapple_gun_idle_additive
xanim,#pt_rifle_prone_melee_bayonet
xanim,#vm_pistol_auto_crawl_in
xanim,#hash_5d8302d9947cac23
xanim,#vm_argus_t8_lastshot
xanim,#pt_rifle_t8_smg_capacity_prone_inspect
xanim,#ai_t8_zm_mob_brutus_walk_mantle_128
xanim,#pt_rifle_t8_smg_handling_prone_reload
xanim,#vm_sniper_power_semi_crawl_in
xanim,#pt_rifle_t8_ar_accurate_prone_reload
xanim,#vm_pistol_auto_crawl_out
xanim,#hash_5dc6dcedf8ed7059
xanim,#hash_5dc6e0edf8ed7725
xanim,#hash_5dc6e6edf8ed8157
xanim,#hash_5dc6ecedf8ed8b89
xanim,#hash_5dcbe31b1adbea4f
xanim,#pt_drone_hawk_prone_throw
xanim,#vm_tr_power_semi_crawl_out
xanim,#vm_sniper_mini14_gunbutt_swipe
xanim,#hash_5de2093c97782190
xanim,#vm_war_machine_crawl_out
xanim,#pt_an94_t8_stand_reload_empty
xanim,#pt_ar_peacekeeper_t8_stand_reload
xanim,#hash_5e0efd8a1992ee58
xanim,#vm_grapple_gun_idle_r_generic
xanim,#vm_ar_standard_reload_empty
xanim,#hash_5e24a60d3f5e4a19
xanim,#hash_5e25341b5b979e47
xanim,#vm_sticky_grenade_cancel_additive
xanim,#pt_rifle_t8_ar_fastfire_stand_firstraise
xanim,#pt_rifle_t8_smg_fastfire_stand_reload_partial
xanim,#vm_annihilator_t8_swim_uw_putaway
xanim,#hash_5e55b05b9e86947a
xanim,#vm_demo_hammer_putaway
xanim,#hash_5e5911bda32d3758
xanim,#hash_5e694f59ec0b1fb1
xanim,#vm_ar_accurate_gunbutt_swipe
xanim,#pt_rifle_t8_tr_midburst_prone_reload
xanim,#vm_ar_k57_reload_quick
xanim,#vm_tr_midburst_sprint_pullout
xanim,#pt_tr_flechette_t8_prone_reload
xanim,#hash_5ea89a39c637b1a0
xanim,#vm_pistol_auto_inspect
xanim,#vm_pistol_revolver_putaway
xanim,#pt_rifle_crouch_putaway
xanim,#hash_5eb96bbc2b14afc2
xanim,#ai_zombie_base_walk_turn_135_r_v2
xanim,#hash_5ed3f05ac6382819
xanim,#hash_5edd7741dab032f3
xanim,#vm_smg_accurate_crawl_out
xanim,#pt_sniper_fastrechamber_stand_shoot
xanim,#vm_ww_blundergat_crawl_l
xanim,#vm_ww_blundergat_crawl_f
xanim,#vm_ww_blundergat_crawl_b
xanim,#vm_ww_blundergat_crawl_r
xanim,#hash_5f00fe6da8e1b63b
xanim,#ai_t8_zm_mob_brutus_jump_across_128
xanim,#vm_tr_swordfish_putaway_quick
xanim,#vm_smg_accurate_hand_pose_l
xanim,#vm_smg_accurate_hand_pose_r
xanim,#hash_5f257f95a29989c7
xanim,#pt_an94_t8_crouch_inspect
xanim,#pt_trophy_system_prone_raise
xanim,#hash_5f5be19e46ba6654
xanim,#vm_drone_hawk_fire
xanim,#hash_5f860554904749ad
xanim,#hash_5f98f3619c86e53c
xanim,#ai_zombie_base_idle_ad_v1
xanim,#vm_raygun_inspect
xanim,#pt_rifle_t8_ar_modular_prone_reload
xanim,#vm_locus_jump_land
xanim,#vm_tr_damageburst_t8_pullout
xanim,#vm_lmg_mg08_fall
xanim,#pt_turret_mini_prone_raise
xanim,#vm_smg_vmp_t8_idle
xanim,#vm_war_machine_pullout
xanim,#vm_bare_hands_swim_uw_sprint_loop
xanim,#vm_emp_grenade_throw_bare_hands_additive
xanim,#pt_rifle_t8_smg_capacity_prone_reload_empty
xanim,#vm_smg_capacity_fire_intro
xanim,#vm_sniper_locus_t8_first_raise
xanim,#vm_sensor_dart_cancel_bare_hands
xanim,#ai_zombie_base_walk_au_v1_pain_chest_f
xanim,#vm_lmg_mg08_jump_land
xanim,#vm_koshka_crawl_out
xanim,#vm_lmg_heavy_fire_ads
xanim,#pt_knife_stand_raise
xanim,#vm_shotgun_pump_pullout
xanim,#vm_tr_power_semi_swim_uw_pullout
xanim,#vm_smg_capacity_sprint_pullout
xanim,#pt_lmg_standard_t8_stand_firstraise
xanim,#pt_shotgun_precision_t8_prone_inspect
xanim,#pt_melee_gift_axe_prone_swipe
xanim,#vm_tr_swordfish_sprint_loop
xanim,#vm_ww_blundergat_idle
xanim,#hash_6062a8147810df28
xanim,#hash_60804dde64da8a1a
xanim,#vm_sig_bow_wz_sprint_in
xanim,#hash_608e8742d3e26b04
xanim,#vm_supply_pod_sprint_out
xanim,#hash_6091ea2d7982228a
xanim,#vm_shotgun_pump_pullout_quick
xanim,#vm_ar_damage_pullout
xanim,#hash_609d2a863d96afd0
xanim,#vm_zom_raygun_mk2_crawl_in
xanim,#vm_ar_accurate_crawl_r
xanim,#vm_ar_accurate_crawl_f
xanim,#vm_ar_accurate_crawl_b
xanim,#vm_ar_accurate_crawl_l
xanim,#pt_scorpion_prone_firstraise
xanim,#vm_ar_accurate_first_raise
xanim,#vm_sniper_damagesemi_inspect
xanim,#pt_concertina_wire_crouch_putaway
xanim,#vm_bowie_knife_t8_crawl_out
xanim,#vm_homunculus_throw
xanim,#pt_scorpion_crouch_fire
xanim,#vm_lmg_heavy_swim_uw_putaway
xanim,#vm_sniper_power_semi_fall
xanim,#vm_pirate_cutlass_first_raise
xanim,#pt_launcher_crouch_fire
xanim,#pt_sniper_fastrechamber_crouch_first_raise
xanim,#vm_ar_an94_t8_crawl_r
xanim,#vm_ar_an94_t8_crawl_l
xanim,#vm_ar_an94_t8_crawl_f
xanim,#vm_ar_an94_t8_crawl_b
xanim,#vm_ww_blundergat_swim_uw_pullout
xanim,#ai_zombie_smash_react_l_jackiespinright
xanim,#vm_snowball_throw
xanim,#vm_smg_capacity_overheat
xanim,#vm_ww_freezegun_jump_land
xanim,#vm_demo_hammer_crawl_in
xanim,#vm_spork_hand_pose_l
xanim,#vm_spork_hand_pose_r
xanim,#vm_raygun_hand_pose_r
xanim,#vm_raygun_hand_pose_l
xanim,#vm_polynesian_club_t8_sprint_putaway
xanim,#vm_ww_blundergat_putaway
xanim,#vm_ar_galil_inspect
xanim,#vm_smg_handling_fire
xanim,#vm_ww_blundergat_fire_ads
xanim,#hash_6140a0b280a18a5b
xanim,#hash_6143110107f85a3c
xanim,#vm_lmg_mg08_jump
xanim,#vm_sig_bow_wz_gunbutt_swipe
xanim,#vm_spork_ads_base_up
xanim,#vm_launcher_standard_t8_sprint_in
xanim,#vm_smg_accurate_sprint_in
xanim,#vm_action_figure_walk_f
xanim,#vm_stop_sign_sprint_out
xanim,#vm_ar_stealth_bayonet_miss
xanim,#hash_619cf581283877fc
xanim,#vm_ar_k57_fall
xanim,#hash_61a62cfca4fbbb04
xanim,#vm_polynesian_club_t8_ads_base_up
xanim,#pt_slaybell_crouch_raise
xanim,#vm_sticky_grenade_loop
xanim,#pt_rifle_t8_smg_fastfire_crouch_reload
xanim,#vm_purifier_t8_idle
xanim,#vm_tr_midburst_first_raise
xanim,#vm_sniper_fast_rechamber_crawl_in
xanim,#vm_smg_vmp_t8_pullout
xanim,#pt_tripwire_male_prone_raise
xanim,#hash_61e298017939778d
xanim,#vm_hades_fire_last
xanim,#vm_pirate_cutlass_crawl_in
xanim,#vm_sniper_mini14_sprint_putaway
xanim,#vm_sticky_grenade_pullpin_sig_bow
xanim,#hash_62045675a55a75c1
xanim,#vm_shotgun_pump_crawl_out
xanim,#pt_rifle_t8_tr_midburst_crouch_firstraise
xanim,#pt_rifle_t8_tr_longburst_stand_reload_partial
xanim,#vm_tr_power_semi_inspect
xanim,#vm_smg_vmp_t8_putaway
xanim,#vm_pistol_revolver_crawl_r
xanim,#vm_pistol_revolver_crawl_l
xanim,#vm_pistol_revolver_crawl_b
xanim,#vm_pistol_revolver_crawl_f
xanim,#hash_623066eb78e958f4
xanim,#vm_smg_capacity_jump_land
xanim,#ai_t8_zm_avogadro_walk_v1
xanim,#hash_6267d1481cdfdfce
xanim,#ai_zombie_base_walk_turn_90_r_v2
xanim,#hash_6280a79159385e5c
xanim,#vm_ar_fastfire_swim_from_land
xanim,#vm_smart_cover_idle
xanim,#hash_6298a97a7e2a0fcb
xanim,#hash_62a014340b07deb2
xanim,#vm_ar_double_barrel_swim_uw_pullout
xanim,#pt_lever_action_crouch_shoot
xanim,#hash_62be93a4adbdad27
xanim,#vm_drone_hawk_pullout_additive
xanim,#hash_62c860dcfaed49fd
xanim,#hash_62d0c2da70e6f343
xanim,#hash_62d3e2f75a0ec993
xanim,#vm_scorpion_crawl_in
xanim,#vm_grapple_gun_idle_brawler
xanim,#vm_koshka_swim_uw_putaway
xanim,#pt_rifle_t8_smg_handling_crouch_inspect
xanim,#pt_sniper_double_crouch_shoot
xanim,#vm_sniper_mini14_putaway_quick
xanim,#hash_630cba2404123089
xanim,#hash_631066e7a7217f88
xanim,#vm_pistol_revolver_hand_pose_r
xanim,#vm_pistol_revolver_hand_pose_l
xanim,#vm_t8_swim_b_additive
xanim,#vm_purifier_t8_jump_land
xanim,#vm_smg_fastburst_pullout_quick
xanim,#ai_t8_zm_zombie_dog_pro_trv_mantle_up_80_dn_36
xanim,#ai_t8_zm_zombie_base_crawl_mantle_up_36_dn_128
xanim,#pt_launcher_crouch_melee
xanim,#vm_annihilator_t8_swim_to_land
xanim,#hash_637072caf664ab67
xanim,#vm_basketball_pullout
xanim,#vm_koshka_rechamber
xanim,#hash_63af29df06fbc73f
xanim,#vm_titan_jump_land
xanim,#hash_63d534ed5df8ac75
xanim,#vm_ar_damage_crawl_l
xanim,#vm_ar_damage_crawl_f
xanim,#vm_ar_damage_crawl_b
xanim,#vm_ar_damage_crawl_r
xanim,#vm_ar_stealth_idle
xanim,#vm_ar_k57_crawl_out
xanim,#hash_63f33ec179f0e6a8
xanim,#hash_640e4e8348474a0b
xanim,#vm_sniper_fast_rechamber_fire_ads_ironsights
xanim,#vm_ww_freezegun_swim_from_land
xanim,#hash_64282601c24b0566
xanim,#hash_642a4b43655b39ac
xanim,#vm_shotgun_semiauto_jump
xanim,#vm_basketball_ads_base_down
xanim,#vm_sensor_dart_fall
xanim,#vm_basketball_crawl_out
xanim,#hash_64473e4476f71b4f
xanim,#vm_t8_tablet_ads_up
xanim,#vm_koshka_inspect
xanim,#vm_pistol_auto_jump
xanim,#hash_645574dd7a2df58c
xanim,#vm_smg_folding_crawl_in
xanim,#vm_smg_fastburst_ads_base_up
xanim,#ai_zombie_base_dog_traverse_up_40
xanim,#ai_zombie_base_dog_traverse_up_48
xanim,#hash_647370527fda47fa
xanim,#mm_bow_fem_stand_fire_loop
xanim,#vm_demo_hammer_sprint_loop
xanim,#hash_64ec3125c460c8a5
xanim,#hash_64f347acb3764574
xanim,#hash_64f99c2933f31e2a
xanim,#vm_mp40_crawl_out
xanim,#vm_shotgun_full_auto_crawl_out
xanim,#hash_65049f0911dcc357
xanim,#ai_zombie_base_walk_ad_v6_pain_chest_f
xanim,#vm_ar_an94_t8_sprint_loop
xanim,#vm_pistol_burst_inspect
xanim,#hash_651ac5107d3df417
xanim,#vm_ar_stealth_fire_intro_ads
xanim,#vm_ar_lever_action_rechamber
xanim,#pt_sniper_fastrechamber_stand_inspect
xanim,#vm_grapple_gun_reel_loop_d_brawler_additive
xanim,#vm_purifier_t8_putaway
xanim,#vm_ww_freezegun_crawl_l
xanim,#vm_ww_freezegun_crawl_f
xanim,#vm_ww_freezegun_crawl_b
xanim,#vm_ww_freezegun_crawl_r
xanim,#pt_rifle_t8_smg_standard_crouch_firstraise
xanim,#vm_launcher_standard_t8_putaway_quick
xanim,#pt_pistol_burst_prone_reload
xanim,#hash_6590b0078b3c6f56
xanim,#pt_sniper_fastrechamber_prone_inspect
xanim,#vm_spork_crawl_r
xanim,#vm_spork_crawl_b
xanim,#vm_spork_crawl_f
xanim,#vm_spork_crawl_l
xanim,#ai_zombie_base_run_au_v4_pain_chest_f
xanim,#vm_pirate_cutlass_pullout
xanim,#vm_ww_freezegun_ads_base_down
xanim,#hash_65c1d4b79fd09613
xanim,#vm_tactical_ads_down
xanim,#vm_katana_sprint_in
xanim,#vm_basketball_idle
xanim,#pt_pirate_cutlass_stand_idle
xanim,#vm_ar_k57_idle
xanim,#vm_sig_bow_wz_crawl_f
xanim,#vm_sig_bow_wz_crawl_b
xanim,#vm_sig_bow_wz_crawl_l
xanim,#vm_sig_bow_wz_crawl_r
xanim,#vm_grapple_gun_reel_out
xanim,#vm_pistol_burst_idle
xanim,#pt_shotgun_precision_t8_prone_reload
xanim,#hash_6605240228b4b3e9
xanim,#vm_hades_fire_ads_last
xanim,#hash_661059752033b0ba
xanim,#vm_sensor_dart_pullout_additive
xanim,#vm_stop_sign_sprint_putaway
xanim,#pt_rifle_t8_smg_accurate_prone_reload
xanim,#vm_ar_an94_t8_jump_land
xanim,#vm_annihilator_t8_ads_base_down
xanim,#hash_66409c080ea9c7b2
xanim,#vm_zom_wraith_fire_loop_additive
xanim,#vm_sniper_power_semi_sprint_out
xanim,#hash_6656bbffba9ee519
xanim,#vm_tr_damageburst_t8_crawl_r
xanim,#vm_tr_damageburst_t8_crawl_l
xanim,#vm_tr_damageburst_t8_crawl_f
xanim,#vm_tr_damageburst_t8_crawl_b
xanim,#vm_smg_fastfire_fire_ads
xanim,#vm_slow_grenade_cancel_bare_hands
xanim,#vm_slow_grenade_throw_bare_hands_additive
xanim,#vm_shotgun_semiauto_crawl_b
xanim,#vm_shotgun_semiauto_crawl_f
xanim,#vm_shotgun_semiauto_crawl_l
xanim,#vm_shotgun_semiauto_crawl_r
xanim,#hash_667fab947568f70d
xanim,#hash_668951cfd6184ce4
xanim,#vm_smg_vmp_t8_crawl_in
xanim,#vm_sniper_mini14_walk_f
xanim,#vm_frag_grenade_loop_bare_hands
xanim,#ai_zombie_base_walk_ad_v7_pain_chest_f
xanim,#pt_rifle_t8_smg_fastburst_crouch_reload
xanim,#vm_ww_freezegun_sprint_pullout
xanim,#hash_66ad0a2dbc043f58
xanim,#vm_ww_akud_sprint_in
xanim,#vm_pistol_auto_lastshot_ads
xanim,#vm_shotgun_semiauto_fire_ads
xanim,#vm_shotgun_pump_rechamber
xanim,#hash_66c1db358b85ab92
xanim,#pt_rifle_t8_smg_accurate_crouch_reload
xanim,#vm_shotgun_full_auto_fire_ads_intro
xanim,#vm_zom_raygun_mk2_first_raise_alt
xanim,#vm_purifier_t8_sprint_loop
xanim,#ai_t8_zm_zombie_base_dog_run_jump_40
xanim,#vm_argus_t8_sprint_putaway
xanim,#vm_annihilator_t8_ads_base_up
xanim,#vm_tr_damageburst_t8_reload_empty
xanim,#vm_frag_grenade_rh_cancel_additive
xanim,#vm_ww_blundergat_sprint_out
xanim,#vm_smg_handling_fire_intro
xanim,#hash_672b6b478b7d27a3
xanim,#vm_smg_accurate_walk_f
xanim,#pt_ww_freezegun_t8_prone_reload
xanim,#pt_rifle_swim_putaway_over
xanim,#ai_t8_zm_mob_brutus_jump_down_97
xanim,#vm_koshka_sprint_pullout
xanim,#hash_6753e9b1e5a0dcfc
xanim,#vm_grapple_gun_pullout_fast_additive
xanim,#vm_basketball_throw_in
xanim,#vm_zom_raygun_mk2_crawl_out
xanim,#vm_annihilator_t8_swim_from_land
xanim,#hash_6796c7a474078e6c
xanim,#vm_pistol_standard_putaway
xanim,#hash_67a59997a47ba3ac
xanim,#pt_action_figure_prone_fire
xanim,#hash_67b350a606a40b09
xanim,#pt_rifle_t8_smg_accurate_stand_reload_partial
xanim,#vm_grapple_gun_fire_fail
xanim,#vm_grapple_gun_reel_loop_u_additive
xanim,#hash_67ce80f0f9d0e1a1
xanim,#vm_smg_fastburst_fire_ads_intro
xanim,#pt_pistol_raygun_stand_reload
xanim,#vm_ar_double_barrel_ads_base_up
xanim,#vm_koshka_fire
xanim,#vm_titan_reload_empty
xanim,#vm_pistol_standard_pullout
xanim,#vm_t8_mantle_over
xanim,#hash_67f2e63152a76cd5
xanim,#hash_67f509614189951a
xanim,#hash_67f729063f528809
xanim,#pt_drone_hawk_stand_cancel_rh
xanim,#vm_smg_vmp_t8_gunbutt_swipe
xanim,#ai_zombie_base_run_turn_135_r_v2
xanim,#vm_sniper_fast_rechamber_sprint_putaway
xanim,#hash_6858a79b665284d6
xanim,#vm_slow_grenade_throw_bare_hands
xanim,#vm_sniper_locus_t8_rechamber_ads
xanim,#vm_purifier_t8_swim_uw_putaway
xanim,#vm_koshka_crawl_in
xanim,#vm_tr_power_semi_walk_f
xanim,#vm_pistol_revolver_sprint_loop
xanim,#vm_ar_damage_crawl_out
xanim,#vm_sniper_damagesemi_pullout_quick
xanim,#vm_shotgun_full_auto_pullout_quick
xanim,#vm_snowball_pullpin_bare_hands_additive
xanim,#hash_688713ef66943f5c
xanim,#vm_pistol_standard_sprint_out
xanim,#vm_scorpion_sprint_out
xanim,#vm_t8_swim_r_additive
xanim,#ai_zombie_base_dog_run_turn_180_right
xanim,#vm_zom_arm_crawl_in
xanim,#hash_68c0c0525a97bffa
xanim,#vm_lmg_heavy_idle
xanim,#vm_ar_fastfire_crawl_l
xanim,#vm_ar_fastfire_crawl_f
xanim,#vm_ar_fastfire_crawl_b
xanim,#vm_ar_fastfire_crawl_r
xanim,#vm_ar_an94_t8_putaway
xanim,#hash_6902d04dad85aae7
xanim,#vm_ar_galil_putaway_quick
xanim,#vm_koshka_gunbutt_swipe
xanim,#ai_zombie_base_run_au_v13_pain_chest_f
xanim,#pt_rifle_t8_smg_fastfire_prone_reload
xanim,#vm_lmg_mk48_fire
xanim,#pt_sniper_fastrechamber_stand_rechamber
xanim,#vm_sig_bow_wz_idle
xanim,#vm_launcher_standard_t8_swim_uw_putaway
xanim,#vm_ar_double_barrel_idle
xanim,#vm_koshka_fire_ads_iron_sights
xanim,#hash_69540500ba6f8c31
xanim,#hash_6957135bceb8c2a9
xanim,#vm_t8_mini_crossbow_firstraise
xanim,#hash_696cac9697dbba33
xanim,#vm_shotgun_full_auto_fire_ads
xanim,#vm_smg_folding_reload
xanim,#ai_t8_zm_avogadro_idle_v1
xanim,#vm_action_figure_melee_in
xanim,#pt_ar_peacekeeper_t8_prone_inspect
xanim,#vm_sniper_fast_rechamber_crawl_b
xanim,#vm_sniper_fast_rechamber_crawl_f
xanim,#vm_sniper_fast_rechamber_crawl_l
xanim,#vm_sniper_fast_rechamber_crawl_r
xanim,#vm_raygun_fire
xanim,#vm_smg_capacity_crawl_b
xanim,#vm_smg_capacity_crawl_f
xanim,#vm_smg_capacity_crawl_l
xanim,#vm_smg_capacity_crawl_r
xanim,#ai_zombie_base_traverse_ground_climbout_fast
xanim,#vm_slaybell_hand_pose_l
xanim,#vm_slaybell_hand_pose_r
xanim,#vm_smg_minigun_crawl_in
xanim,#vm_smg_minigun_ads_base_down
xanim,#mm_bow_fem_prone_fire_loop
xanim,#ai_zombie_base_walk_ad_v4_pain_chest_f
xanim,#hash_6a0ed401df336744
xanim,#vm_zom_raygun_mk2_sprint_loop
xanim,#vm_koshka_hand_pose_l
xanim,#vm_koshka_hand_pose_r
xanim,#vm_raygun_gunbutt_swipe
xanim,#ai_t8_zm_zombie_base_stn_idle_react_r_02
xanim,#ai_t8_zm_zombie_base_stn_idle_react_r_03
xanim,#ai_t8_zm_zombie_base_stn_idle_react_r_01
xanim,#ai_t8_zm_zombie_base_stn_idle_react_r_04
xanim,#ai_t8_zm_zombie_base_stn_idle_react_r_05
xanim,#vm_sensor_dart_cancel_additive
xanim,#hash_6a3bbf9a818141e2
xanim,#vm_basketball_swim_uw_pullout
xanim,#pt_smart_cover_crouch_putaway
xanim,#hash_6a6e204a914204a7
xanim,#ai_zombie_smash_react_r_legsoutleft
xanim,#vm_tr_midburst_pullout
xanim,#vm_smart_cover_jump_land
xanim,#vm_pistol_standard_reload
xanim,#hash_6a8ea7d6634fa1a2
xanim,#hash_6a988d2f4434c3a7
xanim,#vm_tr_swordfish_fire_last
xanim,#vm_smg_minigun_hand_pose_l
xanim,#vm_smg_minigun_hand_pose_r
xanim,#pt_pistol_fullauto_stand_inspect
xanim,#vm_shotgun_semiauto_sprint_putaway
xanim,#hash_6ab782c0c652a8f6
xanim,#vm_zom_raygun_mk2_ads_base_up
xanim,#pt_pistol_prone_melee_bayonet
xanim,#ai_t8_zm_mob_brutus_lock_magicbox
xanim,#vm_lmg_heavy_swim_uw_pullout
xanim,#hash_6aee7f79ef78b411
xanim,#hash_6af1cc0a89f9a246
xanim,#hash_6afa2a710bbe8d2c
xanim,#hash_6b0c0a176e470f86
xanim,#vm_annihilator_t8_idle
xanim,#pt_slaybell_prone_raise
xanim,#vm_pistol_auto_fire_ads
xanim,#vm_t8_swim_sig_bow_f
xanim,#vm_t8_swim_sig_bow_b
xanim,#vm_t8_swim_sig_bow_l
xanim,#vm_t8_swim_sig_bow_r
xanim,#vm_smg_vmp_t8_ads_down
xanim,#vm_smg_fastburst_crawl_out
xanim,#hash_6b3e5213dcaf083f
xanim,#hash_6b3ff8e6d92f635f
xanim,#vm_sniper_mini14_hand_pose_l
xanim,#vm_sniper_mini14_hand_pose_r
xanim,#vm_scorpion_fire_cancel
xanim,#hash_6b474f4693dad7f3
xanim,#vm_lmg_mk48_gunbutt_swipe
xanim,#vm_money_bag_t8_swim_putaway
xanim,#vm_t8_swim_f_additive
xanim,#vm_smg_accurate_pullout
xanim,#vm_action_figure_crawl_in
xanim,#hash_6b673630f51f1b25
xanim,#vm_bowie_knife_t8_taunt
xanim,#pt_rifle_t8_tr_longburst_prone_reload_partial
xanim,#vm_katana_swim_uw_putaway
xanim,#vm_sniper_damagesemi_gunbutt_swipe
xanim,#vm_demo_hammer_inspect
xanim,#ai_zombie_base_run_ad_v2_pain_chest_f
xanim,#pb_tak5_stand_putaway_wz
xanim,#vm_lmg_mk48_putaway
xanim,#vm_smart_cover_fall
xanim,#pt_an94_t8_stand_inspect
xanim,#vm_annihilator_t8_swim_uw_out
xanim,#vm_smg_fastfire_crawl_r
xanim,#vm_smg_fastfire_crawl_b
xanim,#vm_smg_fastfire_crawl_f
xanim,#vm_smg_fastfire_crawl_l
xanim,#pt_shotgun_precision_t8_prone_firstraise
xanim,#hash_6bd7c1a7f0a41201
xanim,#vm_sniper_vanguard_ads_iron_sights_up
xanim,#hash_6bf2ee9adea9e23b
xanim,#hash_6c0b4b87984fa47d
xanim,#vm_sniper_fast_rechamber_swim_uw_putaway
xanim,#vm_mp9_sprint_putaway
xanim,#vm_lmg_mg08_walk_f
xanim,#hash_6c293e2d1d7e4470
xanim,#hash_6c2aaae0718d5f9b
xanim,#vm_smg_accurate_crawl_b
xanim,#vm_smg_accurate_crawl_f
xanim,#vm_smg_accurate_crawl_l
xanim,#vm_smg_accurate_crawl_r
xanim,#vm_hades_putaway
xanim,#vm_ww_blundergat_fire
xanim,#vm_mp9_sprint_in
xanim,#pt_launcher_crouch_putaway
xanim,#vm_health_regen_ads_up
xanim,#pt_shotgun_stand_shoot
xanim,#vm_katana_pullout_quick
xanim,#hash_6c61f5032a97314f
xanim,#hash_6c690b51f5595bfe
xanim,#hash_6c856c13547b0136
xanim,#hash_6c8d7b0a750dee82
xanim,#vm_ar_damage_gunbutt_swipe
xanim,#ai_t8_zm_mob_brutus_death_a
xanim,#vm_slaybell_sprint_loop
xanim,#vm_ww_blundergat_crawl_in
xanim,#vm_pistol_revolver_idle
xanim,#vm_sig_bow_wz_draw
xanim,#pt_money_bag_stand_inspect
xanim,#vm_pistol_burst_jump_land
xanim,#vm_shotgun_pump_reload_in
xanim,#hash_6cbe550cc919c29f
xanim,#hash_6cc87d71efa6ae9c
xanim,#vm_stop_sign_melee_out
xanim,#pt_rifle_t8_smg_capacity_stand_inspect
xanim,#vm_ar_lever_action_sprint_pullout
xanim,#vm_shotgun_pump_fire_ads
xanim,#vm_special_crossbow_sprint_out
xanim,#vm_ww_akud_sprint_out
xanim,#hash_6d19afe55fa0a4f0
xanim,#vm_annihilator_t8_crawl_in
xanim,#vm_tripwire_putaway
xanim,#hash_6d27af1780c32a80
xanim,#vm_ar_double_barrel_sprint_out
xanim,#pt_sniper_quickscope_stand_reload_partial
xanim,#vm_tak5_hand_pose_l
xanim,#vm_tak5_hand_pose_r
xanim,#vm_ww_freezegun_idle
xanim,#hash_6d573df3d6f42550
xanim,#vm_molotov_idle
xanim,#vm_sensor_dart_idle_bare_hands_additive
xanim,#pt_ww_freezegun_t8_crouch_reload
xanim,#vm_grapple_gun_fire_fail_generic_additive
xanim,#vm_ar_fastfire_reload_empty
xanim,#vm_tr_power_semi_reload
xanim,#vm_smg_capacity_sprint_in
xanim,#vm_sig_bow_ads_base_up
xanim,#hash_6d9a94696708ecea
xanim,#vm_concertina_wire_ads_down
xanim,#pt_knife_crouch_inspect
xanim,#vm_shotgun_semiauto_hand_pose_r
xanim,#vm_shotgun_semiauto_hand_pose_l
xanim,#vm_smart_cover_fire_hold_loop
xanim,#hash_6db8459ead832c53
xanim,#pt_rifle_t8_smg_accurate_crouch_reload_partial
xanim,#vm_argus_t8_crawl_out
xanim,#vm_shotgun_semiauto_putaway
xanim,#hash_6de44a00b154abd1
xanim,#vm_smg_vmp_t8_sprint_loop
xanim,#pt_rifle_t8_ar_fastfire_stand_reload_partial
xanim,#vm_demo_hammer_jump_land
xanim,#vm_sniper_mini14_sprint_loop
xanim,#hash_6dfa6300f522dea6
xanim,#vm_peacekeeper_t8_walk_f
xanim,#pb_tak5_stand_pullout_wz
xanim,#pt_melee_gift_axe_prone_putaway
xanim,#vm_special_crossbow_swim_putaway
xanim,#vm_tr_midburst_fire
xanim,#pt_turret_mini_prone_putaway
xanim,#hash_6e3331b06341a6a1
xanim,#ai_zombie_base_sprint_au_v25_pain_chest_f
xanim,#hash_6e3c0fd055871555
xanim,#vm_grapple_gun_idle_r_generic_additive
xanim,#ai_zombie_base_run_ad_v23_pain_chest_f
xanim,#vm_ar_stealth_sprint_pullout
xanim,#vm_t8_swim_sig_bow_f_additive
xanim,#hash_6e5982dbb3282fa9
xanim,#hash_6e75bce6030752c1
xanim,#vm_tripwire_putaway_2
xanim,#pt_rifle_t8_lmg_heavy_stand_inspect
xanim,#pt_demo_hammer_stand_firstraise
xanim,#pt_rifle_t8_smg_folding_crouch_reload
xanim,#vm_ar_standard_walk_f
xanim,#pt_rifle_swim_reload
xanim,#ai_zombie_base_run_au_v9_pain_chest_f
xanim,#vm_ar_fastfire_inspect
xanim,#vm_zom_raygun_mk2_pullout
xanim,#hash_6ed5db40cd7a86d9
xanim,#vm_pistol_standard_hand_pose_l
xanim,#vm_pistol_standard_hand_pose_r
xanim,#hash_6edfb0c9da4d7923
xanim,#pt_rifle_t8_tr_longburst_crouch_reload_partial
xanim,#vm_basketball_fall
xanim,#vm_grapple_gun_reel_in_generic
xanim,#pt_rifle_t8_tr_midburst_stand_firstraise
xanim,#vm_ar_standard_fire
xanim,#vm_trophy_system_t8_hand_pose_r
xanim,#vm_trophy_system_t8_hand_pose_l
xanim,#vm_war_machine_crawl_in
xanim,#pt_sniper_quickscope_crouch_reload_partial
xanim,#hash_6f2ec26d78d43b95
xanim,#vm_war_machine_first_raise
xanim,#vm_ww_akud_ads_base_down
xanim,#hash_6f375097859df0bc
xanim,#hash_6f49e7393df45523
xanim,#ai_t8_zm_zombie_base_walk_react_f_01
xanim,#ai_t8_zm_zombie_base_walk_react_f_03
xanim,#ai_t8_zm_zombie_base_walk_react_f_02
xanim,#ai_t8_zm_zombie_base_walk_react_f_05
xanim,#ai_t8_zm_zombie_base_walk_react_f_04
xanim,#vm_sniper_power_semi_putaway_quick
xanim,#vm_t8_mini_crossbow_reload_empty
xanim,#vm_argus_t8_swim_from_land
xanim,#hash_6f8f103fbe7c7018
xanim,#pt_slaybell_stand_raise
xanim,#vm_ar_galil_walk_f
xanim,#vm_t8_crouch_to_prone_knife_loadout
xanim,#vm_scorpion_swim_uw_putaway
xanim,#hash_6fcef677b0281e23
xanim,#vm_grapple_gun_putaway_brawler
xanim,#hash_6fdd120ebfdef5d4
xanim,#vm_stop_sign_hand_pose_l
xanim,#vm_stop_sign_hand_pose_r
xanim,#vm_scorpion_swim_uw_pullout
xanim,#ai_t8_zm_mob_zombie_dog_stun_loop
xanim,#pt_rifle_t8_ar_modular_crouch_inspect
xanim,#vm_bowie_knife_t8_swim_putaway
xanim,#pt_rifle_t8_smg_capacity_stand_reload_empty
xanim,#vm_snowball_cancel
xanim,#vm_scorpion_jump
xanim,#vm_lmg_mk48_crawl_out
xanim,#vm_pistol_burst_crawl_in
xanim,#vm_sniper_power_semi_first_raise
xanim,#vm_sniper_damagesemi_fire
xanim,#vm_grapple_gun_idle_d_generic_additive
xanim,#vm_lmg_mg08_reload
xanim,#vm_sniper_vanguard_swim_from_land
xanim,#vm_lmg_heavy_fire
xanim,#vm_scorpion_sprint_loop
xanim,#pt_trophy_system_stand_throw
xanim,#pt_rifle_t8_ar_fastfire_crouch_reload_partial
xanim,#vm_t8_mini_crossbow_swim_uw_pullout
xanim,#hash_7092acf0e32375c4
xanim,#vm_smg_capacity_gunbutt_swipe
xanim,#vm_demo_hammer_melee_in
xanim,#vm_lmg_mg08_pullout_quick
xanim,#vm_sniper_damagesemi_putaway
xanim,#pb_zodiac_driver_reverse_right
xanim,#vm_ar_double_barrel_fire_ads
xanim,#vm_special_crossbow_reload
xanim,#hash_70d8f897f8c5196c
xanim,#vm_tr_midburst_ads_down
xanim,#vm_tr_swordfish_fire
xanim,#pt_launcher_stand_raise
xanim,#vm_spork_putaway
xanim,#vm_money_bag_t8_pullout
xanim,#vm_ar_damage_ads_base_down
xanim,#vm_smg_accurate_first_raise
xanim,#vm_smg_capacity_sprint_loop
xanim,#vm_polynesian_club_t8_sprint_pullout
xanim,#vm_ww_blundergat_pullout
xanim,#hash_712afd81e84aef90
xanim,#vm_smg_capacity_putaway
xanim,#vm_frag_grenade_throw
xanim,#vm_ar_standard_crawl_l
xanim,#vm_ar_standard_crawl_f
xanim,#vm_ar_standard_crawl_b
xanim,#vm_ar_standard_crawl_r
xanim,#vm_concertina_wire_idle_empty
xanim,#vm_zom_monkey_bomb_hand_pose_l
xanim,#vm_zom_monkey_bomb_hand_pose_r
xanim,#vm_brm_grip_reload_empty_quick_ext
xanim,#vm_tr_power_semi_swim_to_land
xanim,#vm_argus_t8_crawl_f
xanim,#vm_argus_t8_crawl_b
xanim,#vm_argus_t8_crawl_l
xanim,#vm_argus_t8_crawl_r
xanim,#hash_715b632f315ad1c0
xanim,#hash_715b812f315b04ba
xanim,#hash_715b8f032b7f7fda
xanim,#vm_lmg_heavy_fire_ads_intro
xanim,#vm_pistol_revolver_crawl_in
xanim,#vm_stop_sign_first_raise
xanim,#vm_pistol_revolver_ads_base_down
xanim,#vm_smg_fastburst_fire_last
xanim,#hash_717dca4a306b8c14
xanim,#vm_ar_k57_reload_empty_quick
xanim,#vm_mp40_crawl_in
xanim,#vm_pistol_auto_reload_empty
xanim,#vm_t8_mini_crossbow_putaway
xanim,#vm_snowball_loop_additive
xanim,#vm_smg_minigun_swim_uw_pullout
xanim,#vm_ww_blundergat_first_raise
xanim,#hash_71cf50209593b857
xanim,#vm_ar_accurate_hand_pose_l
xanim,#vm_ar_accurate_hand_pose_r
xanim,#vm_t8_mini_crossbow_pullout
xanim,#vm_ar_standard_idle
xanim,#pt_stop_sign_crouch_melee_miss
xanim,#hash_7215bae33489f294
xanim,#ai_t8_zm_mob_brutus_stun_out
xanim,#vm_emp_grenade_loop_bare_hands_additive
xanim,#vm_ar_stealth_first_raise
xanim,#pt_turret_mini_crouch_hold_idle
xanim,#vm_t8_swim_l
xanim,#vm_t8_swim_f
xanim,#vm_t8_swim_b
xanim,#vm_t8_swim_r
xanim,#vm_ar_fastfire_pullout_quick
xanim,#vm_war_machine_swim_from_land
xanim,#hash_725bdfca69361012
xanim,#hash_72665eadf20f2e15
xanim,#hash_726978db7bfd335a
xanim,#vm_slow_grenade_rh_loop_additive
xanim,#vm_titan_sprint_loop
xanim,#vm_grapple_gun_reel_loop_d_additive
xanim,#hash_727063b0919ac1fb
xanim,#vm_ar_an94_t8_sprint_in
xanim,#vm_titan_swim_uw_in
xanim,#vm_molotov_ads_down
xanim,#vm_ar_double_barrel_reload_empty
xanim,#ai_zombie_base_idle_au_v1
xanim,#vm_tr_power_semi_fire
xanim,#vm_action_figure_pullout
xanim,#ai_zombie_base_walk_ad_v21_pain_chest_f
xanim,#vm_bowie_knife_t8_pullout
xanim,#pt_pistol_stand_shoot
xanim,#pt_rifle_t8_smg_folding_prone_reload
xanim,#hash_730ba54c63c181e2
xanim,#pt_ruin_grapple_gun_prone_fire
xanim,#pt_concertina_wire_prone_idle
xanim,#hash_7318470cbb04f0bf
xanim,#vm_ar_standard_fire_ads_last
xanim,#pt_rifle_t8_ar_damage_stand_inspect
xanim,#vm_trophy_system_t8_fire_hold_loop
xanim,#vm_purifier_t8_pullout_quick
xanim,#ai_t8_zombie_base_run_pain_move_l_01
xanim,#vm_pistol_auto_swim_uw_putaway
xanim,#ai_t8_zm_zombie_base_run_mantle_over_128
xanim,#vm_ww_akud_idle
xanim,#ai_zombie_base_sprint_ad_v24_pain_chest_f
xanim,#vm_sniper_fast_rechamber_first_raise
xanim,#vm_zom_wraith_fire_throw
xanim,#ai_t8_zm_mob_brutus_lock_perkmachine
xanim,#hash_737a636aa5b3f27b
xanim,#vm_ww_freezegun_fire_ads
xanim,#vm_tr_damageburst_t8_sprint_out
xanim,#pt_rifle_t8_ar_galil_stand_reload_partial
xanim,#vm_ar_galil_sprint_out
xanim,#ai_t8_zm_mob_brutus_sprint_jump_dn_128
xanim,#ai_t8_zm_mob_brutus_sprint_jump_dn_160
xanim,#pt_launcher_prone_fire
xanim,#vm_special_crossbow_reload_fast
xanim,#vm_mp9_crawl_in
xanim,#pt_slaybell_stand_inspect
xanim,#ai_t8_zm_zombie_base_crawl_mantle_up_240_dn_36
xanim,#vm_smg_fastburst_first_raise
xanim,#hash_73cd6dcdc5514ed3
xanim,#vm_sniper_fast_rechamber_ads_ironsights_up
xanim,#vm_spork_first_raise
xanim,#pt_sniper_fastrechamber_prone_rechamber
xanim,#vm_sniper_locus_t8_pullout
xanim,#pt_an94_t8_prone_firstraise
xanim,#vm_tr_power_semi_sprint_loop
xanim,#vm_lmg_heavy_pullout_quick
xanim,#vm_scorpion_crawl_b
xanim,#vm_scorpion_crawl_f
xanim,#vm_scorpion_crawl_l
xanim,#vm_scorpion_crawl_r
xanim,#hash_7410d89b444d9d85
xanim,#hash_7411a9c69e7de932
xanim,#pt_an94_t8_crouch_reload
xanim,#ai_t8_zm_zombie_base_walk_mantle_over_72
xanim,#vm_koshka_rechamber_ads
xanim,#ai_t8_zm_zombie_base_walk_mantle_over_48
xanim,#ai_t8_zm_zombie_base_walk_mantle_over_40
xanim,#ai_t8_zm_zombie_base_walk_mantle_over_36
xanim,#hash_7432236d26440784
xanim,#vm_t8_mantle_over_knife_loadout
xanim,#pt_scorpion_prone_fire
xanim,#ai_t8_zm_zombie_base_walk_mantle_over_96
xanim,#hash_744b1cc6066ec758
xanim,#vm_scorpion_sprint_in
xanim,#vm_ww_freezegun_fall
xanim,#vm_tactical_pullpin
xanim,#vm_ar_accurate_pullout_quick
xanim,#hash_7462d8607ebc9feb
xanim,#vm_tr_flechette_crawl_in
xanim,#hash_746c47f274f7ee70
xanim,#vm_smg_minigun_fire_intro
xanim,#vm_ar_standard_hand_pose_r
xanim,#vm_ar_standard_hand_pose_l
xanim,#hash_74717037571c4917
xanim,#vm_ar_galil_crawl_in
xanim,#vm_bowie_knife_t8_sprint_pullout
xanim,#vm_ar_stealth_sprint_loop
xanim,#hash_74824341f51b6a11
xanim,#vm_ww_blundergat_reload_empty
xanim,#vm_ww_freezegun_crawl_out
xanim,#pt_rifle_stand_inspect
xanim,#vm_mp40_sprint_loop
xanim,#hash_74938eba257c6b4e
xanim,#hash_74a9c07e9bc2de34
xanim,#vm_annihilator_t8_crawl_l
xanim,#vm_annihilator_t8_crawl_b
xanim,#vm_annihilator_t8_crawl_f
xanim,#vm_annihilator_t8_crawl_r
xanim,#pt_basketball_stand_idle
xanim,#pt_rifle_t8_ar_modular_stand_firstraise
xanim,#vm_zom_raygun_mk2_jump_land
xanim,#hash_74d004a1f6e06eb3
xanim,#vm_mp40_fire_last
xanim,#vm_grapple_gun_idle_u_generic_additive
xanim,#vm_combat_knife_t8_jump_land
xanim,#pt_pistol_stand_inspect
xanim,#vm_war_machine_swim_uw_out
xanim,#pt_ruin_grapple_gun_idle
xanim,#vm_titan_fall
xanim,#vm_scorpion_sprint_drop
xanim,#vm_ar_galil_fire
xanim,#vm_action_figure_jump_land
xanim,#vm_tr_damageburst_t8_crawl_in
xanim,#pt_ww_freezegun_t8_stand_reload
xanim,#vm_ar_damage_fire_intro
xanim,#vm_lmg_mg08_crawl_out
xanim,#vm_ar_stealth_reload_empty
xanim,#ai_t8_zm_mob_brutus_boss_run_a
xanim,#pt_tr_flechette_t8_prone_inspect
xanim,#pt_rifle_t8_smg_handling_crouch_reload_partial
xanim,#pt_rifle_t8_ar_damage_crouch_inspect
xanim,#vm_action_figure_sprint_in
xanim,#hash_759e5bd9a76d6aaf
xanim,#hash_75c57c014066a59e
xanim,#vm_t8_tablet_pullout
xanim,#pt_trophy_system_crouch_raise
xanim,#vm_pistol_auto_fall
xanim,#vm_ar_peacekeeper_t8_inspect
xanim,#pt_rifle_t8_smg_standard_stand_firstraise
xanim,#ai_zombie_base_dth_tesla_a
xanim,#hash_76042a8860d5ba0a
xanim,#vm_argus_t8_reload
xanim,#vm_titan_walk_f
xanim,#vm_sniper_fast_rechamber_swim_uw_pullout
xanim,#vm_ww_akud_ads_base_up
xanim,#vm_smg_minigun_putaway
xanim,#pt_basketball_stand_melee
xanim,#hash_763568f56ec7fd3b
xanim,#vm_grapple_gun_reel_loop
xanim,#vm_tak5_pullout
xanim,#pt_rifle_t8_tr_longburst_stand_firstraise
xanim,#vm_smg_folding_ads_base_up
xanim,#pt_rifle_t8_ar_fastfire_prone_reload_partial
xanim,#hash_764fce2f1192a0a8
xanim,#ai_zombie_base_run_ad_v1_pain_chest_f
xanim,#ai_zombie_base_crawl_attack_v2
xanim,#ai_zombie_base_crawl_attack_v1
xanim,#ai_zombie_base_run_ad_v11
xanim,#ai_zombie_base_run_ad_v12
xanim,#ai_zombie_base_run_ad_v14
xanim,#vm_tr_damageburst_t8_fire_ads
xanim,#ai_zombie_base_run_ad_v21
xanim,#ai_zombie_base_run_ad_v20
xanim,#ai_zombie_base_run_ad_v23
xanim,#ai_zombie_base_run_ad_v22
xanim,#ai_zombie_base_run_ad_v24
xanim,#vm_ww_blundergat_reload
xanim,#hash_766d0e9b232c126d
xanim,#vm_smg_handling_pullout
xanim,#vm_argus_t8_idle
xanim,#pt_lmg_spray_t8_crouch_firstraise
xanim,#vm_t8_mini_crossbow_sprint_loop
xanim,#vm_ar_k57_fire_ads_last
xanim,#hash_768880e98bbdfdd2
xanim,#hash_7699085fcb64bf9b
xanim,#hash_769d6740cf867258
xanim,#vm_ww_freezegun_sprint_out
xanim,#vm_mp40_first_raise
xanim,#vm_annihilator_t8_swim_uw_in
xanim,#vm_ar_lever_action_jump_land
xanim,#pt_pistol_stand_weapon_inspect
xanim,#vm_lmg_mk48_fire_ads_intro
xanim,#hash_76dabeed260af215
xanim,#ai_zombie_base_walk_au_v8_pain_chest_f
xanim,#pt_rifle_stand_fire
xanim,#hash_76e0ef08bbbd13cc
xanim,#vm_tr_swordfish_sprint_in
xanim,#vm_shotgun_pump_swim_from_land
xanim,#hash_7702d3975636ede9
xanim,#vm_ar_damage_putaway_quick
xanim,#pt_rifle_prone_raise
xanim,#hash_770b76a75475d036
xanim,#pt_rifle_t8_ar_standard_stand_reload
xanim,#ai_zombie_base_fast_sprint_01
xanim,#ai_zombie_base_fast_sprint_02
xanim,#vm_barehands_unstoppable_force_loop
xanim,#hash_771ae860ea897285
xanim,#vm_grapple_gun_idle_u
xanim,#vm_grapple_gun_idle_r
xanim,#vm_grapple_gun_idle_d
xanim,#vm_grapple_gun_idle_l
xanim,#vm_special_crossbow_ads_base_down
xanim,#vm_lmg_mk48_sprint_loop
xanim,#vm_raygun_sprint_putaway
xanim,#vm_argus_t8_rechamber
xanim,#hash_774cbaffbb1749b0
xanim,#vm_ar_galil_swim_uw_pullout
xanim,#ai_t8_zm_avogadro_ranged_attack_v1_end
xanim,#vm_smg_capacity_fall
xanim,#ai_zombie_base_walk_turn_180_l_v3
xanim,#vm_sniper_vanguard_idle
xanim,#pt_melee_gift_axe_crouch_firstraise
xanim,#vm_mp9_fire_last
xanim,#vm_supply_pod_jump_fall
xanim,#pt_pirate_cutlass_crouch_inspect
xanim,#vm_concertina_wire_fire_hold_loop
xanim,#hash_779274c0570ed91e
xanim,#hash_77944a54b3e8b1c7
xanim,#vm_bare_hands_swim_tw_sprint_loop
xanim,#vm_emp_grenade_cancel_bare_hands
xanim,#ai_zombie_base_run_au_v23_pain_chest_f
xanim,#vm_sig_bow_wz_sprint_out
xanim,#vm_pistol_burst_lastshot_ads
xanim,#vm_scorpion_ads_base_up
xanim,#pt_concertina_wire_stand_idle
xanim,#vm_polynesian_club_t8_taunt
xanim,#hash_77e478e0b812a6af
xanim,#vm_titan_inspect
xanim,#vm_tak5_ads_base_up
xanim,#vm_katana_crawl_in
xanim,#vm_smg_capacity_crawl_in
xanim,#vm_grapple_gun_reel_loop_brawler
xanim,#vm_special_crossbow_ads_base_up
xanim,#ai_t8_zm_mob_brutus_jump_across_256
xanim,#vm_smg_folding_pullout
xanim,#ai_zombie_base_sprint_au_v1_pain_chest_f
xanim,#pt_ar_peacekeeper_t8_stand_inspect
xanim,#hash_7826f13d16334d8a
xanim,#vm_ar_standard_ads_base_down
xanim,#vm_ar_galil_jump_land
xanim,#vm_grapple_gun_fire_fail_additive
xanim,#vm_tr_power_semi_putaway_quick
xanim,#hash_7838082198d21958
xanim,#hash_78380b2198d21e71
xanim,#hash_784b4650cc2a982d
xanim,#vm_drone_hawk_pullout
xanim,#pt_rifle_t8_smg_accurate_stand_firstraise
xanim,#vm_tr_swordfish_putaway
xanim,#vm_sniper_power_semi_swim_uw_pullout
xanim,#vm_smg_thompson_walk_f
xanim,#vm_sniper_locus_t8_putaway_quick
xanim,#hash_78a81feb6eab148d
xanim,#pt_action_figure_stand_inspect
xanim,#vm_lmg_mk48_idle
xanim,#pt_concertina_wire_crouch_idle
xanim,#vm_ar_galil_pullout
xanim,#vm_hades_idle
xanim,#vm_pistol_standard_sprint_putaway
xanim,#vm_sticky_grenade_pullpin_bare_hands_additive
xanim,#vm_smg_folding_crawl_l
xanim,#vm_smg_folding_crawl_b
xanim,#vm_smg_folding_crawl_f
xanim,#vm_smg_folding_crawl_r
xanim,#vm_scorpion_first_raise
xanim,#ai_zombie_base_run_au_v24
xanim,#ai_zombie_base_run_au_v20
xanim,#ai_zombie_base_run_au_v21
xanim,#ai_zombie_base_run_au_v22
xanim,#ai_zombie_base_run_au_v23
xanim,#hash_79240d7a1b3e2bb6
xanim,#vm_frag_grenade_pullpin_additive
xanim,#ai_zombie_base_run_au_v11
xanim,#ai_zombie_base_run_au_v13
xanim,#vm_smg_accurate_swim_uw_pullout
xanim,#pt_rifle_t8_ar_stealth_stand_reload
xanim,#hash_79362ac69217ff5f
xanim,#ai_t8_zm_mob_brutus_boss_death
xanim,#vm_sniper_fast_rechamber_sprint_in
xanim,#hash_794bc0fe75967c04
xanim,#p8_fxanim_wz_supply_stash_magic_box_used_anim
xanim,#vm_drone_hawk_cancel_additive
xanim,#pt_demo_hammer_crouch_raise
xanim,#hash_7968dc335f364990
xanim,#vm_katana_crawl_out
xanim,#vm_shotgun_pump_crawl_in
xanim,#hash_798aa6396f49f441
xanim,#vm_shotgun_pump_putaway
xanim,#vm_ar_stealth_crawl_f
xanim,#vm_ar_stealth_crawl_b
xanim,#vm_ar_stealth_crawl_l
xanim,#vm_ar_stealth_crawl_r
xanim,#vm_bowie_knife_t8_melee_in
xanim,#vm_smg_handling_crawl_l
xanim,#vm_smg_handling_crawl_f
xanim,#vm_smg_handling_crawl_b
xanim,#vm_smg_handling_crawl_r
xanim,#vm_smg_folding_ads_base_down
xanim,#vm_ww_freezegun_swim_uw_pullout
xanim,#vm_annihilator_t8_sprint_loop
xanim,#vm_tr_swordfish_reload
xanim,#hash_79cc048259e1568a
xanim,#vm_sniper_locus_t8_swim_uw_pullout
xanim,#vm_argus_t8_sprint_loop
xanim,#ai_zombie_base_walk_au_v11_pain_chest_f
xanim,#hash_79edcf4bf6daa9dc
xanim,#hash_79f45fa0586c8347
xanim,#pt_zom_arm_prone_idle
xanim,#pt_launcher_crouch_raise
xanim,#pt_slaybell_crouch_firstraise
xanim,#ai_t8_zm_mob_brutus_boss_walk_a
xanim,#vm_ar_lever_action_gunbutt_swipe
xanim,#vm_sniper_mini14_crawl_in
xanim,#vm_mp9_hand_pose_l
xanim,#vm_mp9_hand_pose_r
xanim,#vm_zom_monkey_bomb_ads_up
xanim,#ai_t8_zm_mob_brutus_run_a
xanim,#vm_demo_hammer_putaway_quick
xanim,#vm_molotov_pullpin
xanim,#ai_t8_zm_zombie_base_stn_idle_react_f_04
xanim,#ai_t8_zm_zombie_base_stn_idle_react_f_05
xanim,#ai_t8_zm_zombie_base_stn_idle_react_f_02
xanim,#ai_t8_zm_zombie_base_stn_idle_react_f_03
xanim,#ai_t8_zm_zombie_base_stn_idle_react_f_01
xanim,#vm_tr_midburst_jump
xanim,#vm_ar_an94_t8_crawl_out
xanim,#hash_7a73a753b56eb14e
xanim,#vm_sig_bow_wz_hand_pose_r
xanim,#vm_sig_bow_wz_hand_pose_l
xanim,#vm_sig_bow_wz_draw_cancel_ads
xanim,#vm_polynesian_club_t8_melee_out
xanim,#pt_rifle_t8_tr_longburst_prone_inspect
xanim,#pt_scorpion_crouch_firstraise
xanim,#hash_7a9d5f01020e24e4
xanim,#hash_7a9e7328c2eaf31b
xanim,#hash_7aa37e3d7adf1611
xanim,#ai_zombie_base_walk_au_v3_pain_chest_f
xanim,#pt_sniper_fastrechamber_crouch_rechamber
xanim,#vm_t8_base_slide_sig_bow
xanim,#vm_emp_grenade_throw
xanim,#vm_sniper_mini14_fire
xanim,#pt_drone_hawk_stand_idle
xanim,#vm_annihilator_t8_rechamber
xanim,#vm_ww_blundergat_putaway_quick
xanim,#vm_spork_melee_out
xanim,#vm_special_crossbow_putaway
xanim,#hash_7af07e7d8344dca2
xanim,#vm_sniper_locus_t8_rechamber
xanim,#vm_lmg_heavy_sprint_loop
xanim,#vm_ar_galil_reload
xanim,#ai_t8_zm_mob_brutus_run_exit_3
xanim,#ai_t8_zm_mob_brutus_run_exit_2
xanim,#ai_t8_zm_mob_brutus_run_exit_1
xanim,#ai_t8_zm_mob_brutus_run_exit_7
xanim,#ai_t8_zm_mob_brutus_run_exit_6
xanim,#ai_t8_zm_mob_brutus_run_exit_4
xanim,#ai_t8_zm_mob_brutus_run_exit_9
xanim,#ai_t8_zm_mob_brutus_run_exit_8
xanim,#vm_ar_double_barrel_walk_f
xanim,#vm_bowie_knife_t8_swim_pullout
xanim,#hash_7b2aaab228d39d21
xanim,#vm_t8_mini_crossbow_pullout_quick
xanim,#hash_7b2be4c1c55108f6
xanim,#vm_pistol_revolver_reload_loop
xanim,#ai_t8_zm_avogadro_pain_med
xanim,#pt_pirate_cutlass_stand_pullout
xanim,#pt_rifle_t8_ar_standard_crouch_reload
xanim,#pt_trophy_system_stand_hold_idle
xanim,#vm_frag_grenade_pullpin_bare_hands_additive
xanim,#hash_7b80739c8e85ce61
xanim,#vm_sniper_locus_t8_pullout_quick
xanim,#pt_money_bag_prone_idle
xanim,#hash_7b866c22ddd7d97d
xanim,#pt_lmg_heavy_t8_stand_reload
xanim,#pt_rifle_stand_melee_bayonet
xanim,#ai_zombie_base_run_ad_v20_pain_chest_f
xanim,#ai_t8_zm_mob_brutus_sprint_jump_up_96
xanim,#vm_pistol_standard_idle_empty
xanim,#vm_ar_fastfire_ads_base_up
xanim,#hash_7babeee6e1413f88
xanim,#vm_money_bag_t8_crawl_l
xanim,#vm_money_bag_t8_crawl_b
xanim,#vm_money_bag_t8_crawl_f
xanim,#vm_money_bag_t8_crawl_r
xanim,#pt_pirate_cutlass_prone_pullout
xanim,#ai_t8_zm_mob_brutus_sprint_jump_up_32
xanim,#ai_t8_zm_mob_brutus_sprint_jump_up_36
xanim,#ai_t8_zm_mob_brutus_sprint_jump_up_48
xanim,#pt_recon_sensor_dart_idle
xanim,#ai_t8_zm_mob_brutus_sprint_jump_up_72
xanim,#hash_7bdc9ffd28b08d8f
xanim,#vm_money_bag_t8_sprint_pullout
xanim,#pt_rifle_t8_ar_stealth_crouch_inspect
xanim,#vm_supply_pod_pullout
xanim,#ai_zombie_base_crawl_dth_tesla_a
xanim,#vm_concertina_wire_fire_hold
xanim,#ai_zombie_base_sprint_turn_180_l_v2
xanim,#vm_ww_freezegun_first_raise
xanim,#vm_ww_freezegun_sprint_in
xanim,#vm_ar_fastfire_ads_base_down
xanim,#pt_rifle_t8_ar_accurate_crouch_reload_partial
xanim,#vm_action_figure_ads_base_down
xanim,#hash_7c3ed6728eca1661
xanim,#vm_zom_raygun_mk2_sprint_pullout
xanim,#hash_7c566300f425134d
xanim,#hash_7c60da8ad2077d70
xanim,#pt_turret_mini_stand_putaway
xanim,#vm_basketball_putaway
xanim,#hash_7c8928e6df95887c
xanim,#vm_t8_mini_crossbow_idle
xanim,#hash_7c91c41283dbfd25
xanim,#ai_zombie_zod_stunned_electrobolt_a
xanim,#ai_zombie_base_sprint_au_v25
xanim,#ai_zombie_base_sprint_au_v22
xanim,#ai_zombie_base_sprint_au_v21
xanim,#ai_zombie_base_sprint_au_v20
xanim,#vm_spork_melee_in
xanim,#pb_rifle_t8_smg_fastburst_crouch_inspect
xanim,#pt_money_bag_stand_putaway
xanim,#vm_tr_swordfish_sprint_out
xanim,#mm_bow_fem_prone_pullout
xanim,#pt_rifle_prone_fire
xanim,#vm_zom_monkey_bomb_ads_down
xanim,#pt_rifle_stand_concussed_loop
xanim,#vm_t8_mini_crossbow_fire_ads
xanim,#ai_t8_zm_zombie_base_crawl_mantle_up_36_dn_240
xanim,#ai_zombie_base_walk_ad_v3_pain_chest_f
xanim,#hash_7cfd5145ed097dbe
xanim,#vm_smg_vmp_t8_uw_putaway
xanim,#vm_pistol_auto_swim_from_land
xanim,#vm_frag_throwback
xanim,#vm_smg_capacity_sprint_putaway
xanim,#vm_smg_thompson_jump
xanim,#pt_rifle_t8_ar_galil_prone_reload_partial
xanim,#ai_zombie_base_run_ad_v7_pain_chest_f
xanim,#vm_katana_idle
xanim,#pt_rifle_t8_smg_vmp_stand_inspect
xanim,#pt_rifle_t8_tr_midburst_stand_reload_partial
xanim,#vm_supply_pod_sprint_loop
xanim,#hash_7d5854dd72379fee
xanim,#ai_zombie_base_dog_run_attack_low
xanim,#hash_7d6086dc8dc7ddbd
xanim,#hash_7d64fcc7689566ed
xanim,#vm_tr_power_semi_pullout_quick
xanim,#hash_7d73da287b769236
xanim,#hash_7d7a50d20aa42320
xanim,#vm_lmg_mk48_inspect
xanim,#vm_smg_accurate_sprint_out
xanim,#hash_7d88d74673e4e400
xanim,#vm_smg_capacity_ads_base_down
xanim,#hash_7d9c66034011c5da
xanim,#vm_lmg_mg08_crawl_in
xanim,#vm_lmg_heavy_putaway_quick
xanim,#vm_supply_pod_sprint_in
xanim,#vm_launcher_standard_t8_pullout_quick
xanim,#vm_katana_melee_in
xanim,#ai_t8_zombie_base_sprint_attack_01
xanim,#ai_t8_zombie_base_sprint_attack_02
xanim,#ai_t8_zombie_base_sprint_attack_16
xanim,#ai_t8_zombie_base_sprint_attack_18
xanim,#vm_slow_grenade_cancel_bare_hands_additive
xanim,#vm_shotgun_semiauto_jump_land
xanim,#pt_rifle_stand_shoot
xanim,#vm_pistol_standard_idle
xanim,#pt_pirate_cutlass_prone_swipe
xanim,#vm_ar_galil_sprint_drop
xanim,#hash_7e235b73ea802a2e
xanim,#pt_sniper_fastrechamber_crouch_reload_partial
xanim,#pt_trophy_system_stand_raise
xanim,#vm_sig_bow_wz_fire
xanim,#hash_7e47248fd75cdd8b
xanim,#vm_sniper_vanguard_crawl_l
xanim,#vm_sniper_vanguard_crawl_b
xanim,#vm_sniper_vanguard_crawl_f
xanim,#vm_sniper_vanguard_crawl_r
xanim,#pt_rifle_t8_ar_fastfire_stand_reload
xanim,#hash_7e52055ab29a68b9
xanim,#pt_rifle_t8_ar_stealth_stand_reload_partial
xanim,#hash_7e5f548fa6dac1bd
xanim,#ai_zombie_base_walk_au_v15_pain_chest_f
xanim,#vm_ww_akud_sprint_pullout
xanim,#vm_t8_tablet_idle
xanim,#vm_tr_damageburst_t8_crawl_out
xanim,#vm_ww_freezegun_putaway
xanim,#pt_rifle_prone_melee
xanim,#vm_ar_double_barrel_reload_empty_fast
xanim,#hash_7ea72e3f5a736d6a
xanim,#ai_zombie_base_walk_au_v23_pain_chest_f
xanim,#vm_ar_an94_t8_sprint_out
xanim,#pt_rifle_t8_lmg_heavy_stand_firstraise
xanim,#pt_money_bag_prone_melee_miss
xanim,#ai_t8_zm_zombie_dog_pro_trv_jump_up_32
xanim,#vm_sniper_power_semi_hand_pose_l
xanim,#vm_sniper_power_semi_hand_pose_r
xanim,#vm_ar_standard_fire_ads
xanim,#p8_fxanim_wz_supply_stash_ammo_used_anim
xanim,#ai_t8_zm_zombie_dog_pro_trv_jump_up_64
xanim,#pt_scorpion_stand_fire_hold
xanim,#hash_7eee3272ac31c0cb
xanim,#ai_zombie_base_sprint_turn_135_r_v2
xanim,#hash_7ef62c46740f4abf
xanim,#hash_7ef64246740f7021
xanim,#ai_zombie_base_run_au_v9
xanim,#ai_zombie_base_run_au_v4
xanim,#ai_zombie_base_run_au_v5
xanim,#ai_zombie_base_run_au_v2
xanim,#ai_zombie_base_run_au_v1
xanim,#hash_7f09327a5765951d
xanim,#vm_homunculus_ads_base_up
xanim,#vm_pistol_auto_ads_base_down
xanim,#vm_pistol_revolver_pullout
xanim,#vm_tr_midburst_sprint_in
xanim,#vm_ar_stealth_fire_intro
xanim,#vm_grapple_gun_idle_l_brawler_additive
xanim,#hash_7f35e573b0aac72b
xanim,#vm_zom_arm_hand_pose_r
xanim,#vm_zom_arm_hand_pose_l
xanim,#hash_7f46c3d027235588
xanim,#pt_sniper_quickscope_stand_inspect
xanim,#pt_trophy_system_fingers_l
xanim,#pt_trophy_system_fingers_r
xanim,#hash_7f4a62af699d8072
xanim,#vm_smg_accurate_pullout_quick
xanim,#vm_smg_fastfire_crawl_in
xanim,#pt_turret_mini_prone_fire
xanim,#hash_7f7c3b569ebc2d77
xanim,#pt_slaybell_crouch_melee
xanim,#hash_7f8d3a055da1d314
xanim,#vm_tr_power_semi_swim_uw_in
xanim,#vm_sniper_damagesemi_reload_loop
xanim,#vm_smg_accurate_jump
xanim,#vm_smg_vmp_t8_crawl_r
xanim,#vm_smg_vmp_t8_crawl_l
xanim,#vm_smg_vmp_t8_crawl_f
xanim,#vm_smg_vmp_t8_crawl_b
xanim,#vm_t8_base_slide_additive
xanim,#hash_7fb530051d03b590
xanim,#hash_7fb58f0da8abb15a
xanim,#vm_launcher_standard_t8_first_raise
xanim,#vm_ar_fastfire_fire_ads
xanim,#vm_action_figure_crawl_out
xanim,#hash_7fcec59d2a4fe9e9
xanim,#hash_7fd4789e3282d36d
xanim,#vm_ar_peacekeeper_t8_fire_last
xanim,#vm_ar_peacekeeper_t8_gunbutt_swipe
xanim,#vm_argus_t8_pullout_quick
xanim,#hash_7fea80cd2bf19cc2
scriptbundle,#flare_gun_wz_item
scriptbundle,#artillerysettings_ultimate_turret_wz
scriptbundle,#activecamoinfo_t8_sig_lmg_heavy_seventies_van
scriptbundle,#cu33_list
scriptbundle,#activecamoinfo_t8_sig_ar_accurate_postapocalyptic
scriptbundle,#activecamoinfo_t8_sig_shotgun_pump_police
scriptbundle,#melee_zombiearm_t8_item
scriptbundle,#sniper_damagesemi_t8_item
scriptbundle,#firing_range_list_ammo
scriptbundle,#ammo_stash_slot2_dlc1
scriptbundle,#perk_item_drifter
scriptbundle,#zodiac_wz_vehicle_black
scriptbundle,#wz_escape_dest_sub_list_item_default
scriptbundle,#guns_gold_parent_dlc1
scriptbundle,#boxing_gym_list_guns
scriptbundle,#smg_folding_t8_item
scriptbundle,#activecamoinfo_t8_kill_counter_zm
scriptbundle,#guns_zombie
scriptbundle,#spectre_grenade_wz_customsettings
scriptbundle,#activecamoinfo_t8_kill_counter_wz
scriptbundle,#hydro_list_guns
scriptbundle,#resource_item_paint_list
scriptbundle,#wz_open_skyscrapers_wallbuy_guns_list_ambush
scriptbundle,#tr_powersemi_t8_operator_item
scriptbundle,#pistol_burst_t8_gold_item
scriptbundle,#wz_escape_list_guns_special_island
scriptbundle,#supply_stash_zombie_equipment
scriptbundle,#cu34_item
scriptbundle,#itemlist_smoke_grenade
scriptbundle,#ability_dog_mp_scoreevents
scriptbundle,#supply_stash_slot2_heavymetal
scriptbundle,#attachment_list_low_ambush
scriptbundle,#supply_stash_slot1_dlc1_limit_high_world_value
scriptbundle,#guns_gold_lmgs
scriptbundle,#activecamoinfo_t8_fast_direct_action_kills
scriptbundle,#supply_stash_parent_big_team_battle
scriptbundle,#armor_item_small
scriptbundle,#eq_concertina_wire_scoreevents
scriptbundle,#sniper_quickscope_t8_item
scriptbundle,#guns_ars
scriptbundle,#supply_stash_slot1_dlc1
scriptbundle,#ar_galil_t8_wallbuy_item
scriptbundle,#gear_list_good_ambush
scriptbundle,#sniper_locus_t8_item
scriptbundle,#supply_stash_slot1_closequarters
scriptbundle,#health_item_large
scriptbundle,#armor_item_medium
scriptbundle,#activecamoinfo_t8_kill_counter
scriptbundle,#activecamoinfo_t8_sig_lmg_spray_venom_wz
scriptbundle,#activecamoinfo_t8_sig_lmg_spray_venom_zm
scriptbundle,#wz_escape_dest_shipwreck_list_items
scriptbundle,#closequarters_guns
scriptbundle,#tr_powersemi_t8_item
scriptbundle,#activecamoinfo_t8_ar_fastfire
scriptbundle,#supply_drop_stash_parent_dlc1_limit_world_high_vaue
scriptbundle,#guns_gold_trs
scriptbundle,#smg_handling_t8_gold_item
scriptbundle,#reddot_wz_item
scriptbundle,#activecamoinfo_t8_sig_smg_capacity_spaceshuttle_wz
scriptbundle,#tr_longburst_t8_wallbuy_item
scriptbundle,#activecamoinfo_t8_sig_smg_capacity_spaceshuttle_zm
scriptbundle,#supply_drop_stash_parent_pandemic
scriptbundle,#hero_annihilator_scoreevents
scriptbundle,#supply_stash_zombie_health
scriptbundle,#smg_fastburst_t8_gold_item
scriptbundle,#activecamoinfo_t8_smg_standard_wz
scriptbundle,#activecamoinfo_t8_smg_standard_zm
scriptbundle,#hellhound_gold_guns
scriptbundle,#resource_item_paint_list_furniture_solo
scriptbundle,#asylum_list_guns
scriptbundle,#health_list_med
scriptbundle,#cash_item_500
scriptbundle,#activecamoinfo_t8_fast_direct_action_kills_symbiosis
scriptbundle,#activecamoinfo_t8_sig_smg_fastfire_voyage_zm
scriptbundle,#consumable_list_good
scriptbundle,#activecamoinfo_t8_sig_smg_fastfire_voyage_wz
scriptbundle,#support_structure_list_guns
scriptbundle,#activecamoinfo_t8_direct_action_kills_solarflare
scriptbundle,#spectre_sword_list
scriptbundle,#ambush_v2_guns
scriptbundle,#sniper_powersemi_t8_wallbuy_item
scriptbundle,#smg_capacity_t8_gold_item
scriptbundle,#tr_leveraction_t8_wallbuy_item
scriptbundle,#wz_escape_outside_list_item_default
scriptbundle,#zombie_itemlist_ammo_list
scriptbundle,#fxb8_zm_char_brutus
scriptbundle,#itemlist_cymbol_monkey
scriptbundle,#hellhound_base_itemlist_all
scriptbundle,#health_item_medium
scriptbundle,#activecamoinfo_t8_direct_action_kills_zombie_flick
scriptbundle,#homunculus_wz_item
scriptbundle,#melee_coinbag_t8_item
scriptbundle,#activecamoinfo_t8_darkmatter_wz
scriptbundle,#activecamoinfo_t8_darkmatter_zm
scriptbundle,#smg_folding_t8_wallbuy_item
scriptbundle,#global_list_guns_small
scriptbundle,#wz_escape_dest_shipwreck_list_item_default
scriptbundle,#ar_stealth_t8_item
scriptbundle,#smg_accurate_t8_wallbuy_item
scriptbundle,#gear_list_low
scriptbundle,#wz_escape_wallbuy_guns_list
scriptbundle,#trophy_system_wz_item
scriptbundle,#sniper_fastrechamber_t8_wallbuy_item
scriptbundle,#supply_stash_slot2_closequarters
scriptbundle,#health_list_low
scriptbundle,#activecamoinfo_t8_smg_accurate_wz
scriptbundle,#activecamoinfo_t8_smg_accurate_zm
scriptbundle,#cu15_list
scriptbundle,#activecamoinfo_t8_direct_action_kills_alt_zm
scriptbundle,#blackjack_ammo_stash_parent_placeholder
scriptbundle,#activecamoinfo_t8_direct_action_kills_alt_wz
scriptbundle,#activecamoinfo_t8_sig_pistol_fullauto_arcade
scriptbundle,#hawk_wz_item
scriptbundle,#supply_stash_slot5_heavymetal
scriptbundle,#activecamoinfo_t8_direct_action_kills_wz
scriptbundle,#concertina_wire_wz_item
scriptbundle,#activecamoinfo_t8_direct_action_kills_zm
scriptbundle,#attachment_list_good_ambush
scriptbundle,#waspsettings_mp
scriptbundle,#sniper_powerbolt_t8_wallbuy_item
scriptbundle,#ammo_stash_slot4_dlc1
scriptbundle,#tr_leveraction_t8_item
scriptbundle,#equipment_list_good
scriptbundle,#zombie_itemlist_close_quarters
scriptbundle,#activecamoinfo_t8_sig_sniper_powerbolt_viking
scriptbundle,#tomahawk_t8_wz_item_pandemic
scriptbundle,#smg_accurate_t8_item
scriptbundle,#lmg_spray_t8_item
scriptbundle,#sniper_fastrechamber_t8_operator_item
scriptbundle,#supply_stash_operator_mod_weapons
scriptbundle,#player_helicopter_passenger1_anims
scriptbundle,#perk_item_doublejump
scriptbundle,#activecamoinfo_t8_kills_without_dying_retro_vegas_neon
scriptbundle,#activecamoinfo_t8_ar_accurate
scriptbundle,#wz_escape_dest_cellhouse_list_items
scriptbundle,#supply_stash_slot4_heavymetal
scriptbundle,#ammo_type_9mm_item
scriptbundle,#eq_molotov_mp_scoreevents
scriptbundle,#ar_accurate_t8_wallbuy_item
scriptbundle,#activecamoinfo_t8_take_it_personally
scriptbundle,#supply_drop_stash_parent_dlc1_cash
scriptbundle,#ray_gun_mk2z_t8_item
scriptbundle,#sniperscope_wz_item
scriptbundle,#zombie_itemlist_escape
scriptbundle,#equipment_list_zombie_no_acid
scriptbundle,#sniper_powersemi_t8_gold_item
scriptbundle,#reflex_wz_item
scriptbundle,#sniper_quickscope_t8_wallbuy_item
scriptbundle,#sparrow_wz_item
scriptbundle,#cu35_list_escape
scriptbundle,#activecamoinfo_t8_sig_shotgun_pump_police_zm
scriptbundle,#activecamoinfo_t8_sig_shotgun_pump_police_wz
scriptbundle,#ar_stealth_t8_operator_item
scriptbundle,#recon_car_scoreevents
scriptbundle,#perk_item_ironlungs
scriptbundle,#concussion_wz_item
scriptbundle,#melee_weapons
scriptbundle,#sniper_mini14_t8_item
scriptbundle,#health_item_small
scriptbundle,#activecamoinfo_t8_sig_lmg_heavy_seventies_van_wz
scriptbundle,#supply_stash_slot1_heavymetal
scriptbundle,#activecamoinfo_t8_sig_lmg_heavy_seventies_van_zm
scriptbundle,#farmtown_list_guns
scriptbundle,#equipment_list_med
scriptbundle,#global_list_outdoor_event_water_balloon
scriptbundle,#ar_stealth_t8_gold_item
scriptbundle,#activecamoinfo_t8_sig_tr_longburst_scrimshaw_zm
scriptbundle,#perk_item_outlander
scriptbundle,#activecamoinfo_t8_sig_tr_longburst_scrimshaw_wz
scriptbundle,#activecamoinfo_t8_sig_ar_accurate_postapocalyptic_zm
scriptbundle,#supply_stash_specialist_weapons
scriptbundle,#ambush_v2_supply_stash_slot2
scriptbundle,#ambush_v2_supply_stash_slot1
scriptbundle,#activecamoinfo_t8_sig_ar_accurate_postapocalyptic_wz
scriptbundle,#smg_fastfire_t8_gold_item
scriptbundle,#wz_escape_list_ammo
scriptbundle,#gear_list_med
scriptbundle,#activecamoinfo_t8_fast_direct_action_kills_spinal
scriptbundle,#shotgun_semiauto_t8_gold_item
scriptbundle,#factory_list_guns
scriptbundle,#activecamoinfo_t8_pistol_standard
scriptbundle,#sniper_powerbolt_t8_gold_item
scriptbundle,#wz_escape_supply_stash_parent_flare_guns
scriptbundle,#activecamoinfo_t8_shotgun_semiauto_zm
scriptbundle,#activecamoinfo_t8_shotgun_semiauto_wz
scriptbundle,#shrapnel_mini_turret
scriptbundle,#fishing_hole_items
scriptbundle,#equipment_list_low_ambush
scriptbundle,#melee_bloody_bowie_t8_item
scriptbundle,#cu08_list_escape
scriptbundle,#guns_gold_trs_dlc1
scriptbundle,#supply_drop_stash_parent_dlc1_flare_gun_heroes
scriptbundle,#c_t8_zmb_mob_brutus_boss_dst_def
scriptbundle,#damageeffecttype_flash
scriptbundle,#activecamoinfo_t8_sig_smg_fastfire_voyage
scriptbundle,#wz_escape_wallbuy_guns_smg
scriptbundle,#cu34_list_escape
scriptbundle,#sniper_quickscope_t8_gold_item
scriptbundle,#character_unlock_seraph_annihilator
scriptbundle,#dart_scoreevents
scriptbundle,#ammo_type_762_item
scriptbundle,#activecamoinfo_t8_sig_tr_flechette_rivermonster_wz
scriptbundle,#activecamoinfo_t8_sig_tr_flechette_rivermonster_zm
scriptbundle,#perk_item_medic
scriptbundle,#supply_stash_slot3_heavy_metal_heroes
scriptbundle,#activecamoinfo_t8_smg_accurate
scriptbundle,#activecamoinfo_t8_kills_without_dying_alt
scriptbundle,#ammo_stash_slot5_dlc1
scriptbundle,#activecamoinfo_t8_gold_zm
scriptbundle,#eq_frag_grenade_mp_scoreevents
scriptbundle,#activecamoinfo_t8_gold_wz
scriptbundle,#activecamoinfo_t8_sig_sniper_powerbolt_viking_zm
scriptbundle,#activecamoinfo_t8_shotgun_semiauto
scriptbundle,#ammo_type_45_item
scriptbundle,#emp_grenade_wz_item
scriptbundle,#activecamoinfo_t8_sig_sniper_powerbolt_viking_wz
scriptbundle,#wz_escape_dest_parade_grounds_list_items
scriptbundle,#tr_midburst_t8_gold_item
scriptbundle,#zombie_poster_ee_list
scriptbundle,#melee_spork_t8_item
scriptbundle,#zm_brutus_special_settings
scriptbundle,#ambush_v2_supply_stash_parent
scriptbundle,#train_station_list_guns
scriptbundle,#ammo_stash_parent_dlc1_limit_world_high_value
scriptbundle,#equipment_list_low
scriptbundle,#guns_gold_shotguns
scriptbundle,#ray_gun_mk2_t8_item
scriptbundle,#sensor_custom_settings_wz
scriptbundle,#acog_plus_wz_item
scriptbundle,#ammo_stash_slot6_limit_world_high_value
scriptbundle,#pistol_fullauto_t8_item
scriptbundle,#lighthouse_list_guns
scriptbundle,#firing_range_list_guns_event_special
scriptbundle,#pistol_revolver_t8_gold_item
scriptbundle,#zombie_supply_stash_ee_parent
scriptbundle,#resource_item_paint_list_solo
scriptbundle,#hero_pineapplegun_scoreevents
scriptbundle,#smg_fastfire_t8_item
scriptbundle,#activecamoinfo_t8_sig_tr_powersemi_rustymech_zm
scriptbundle,#activecamoinfo_t8_sig_tr_powersemi_rustymech_wz
scriptbundle,#ambush_guns_gold
scriptbundle,#cu28_item
scriptbundle,#global_list_outdoor_event_parent
scriptbundle,#guns_lmgs
scriptbundle,#consumable_list_good_ambush
scriptbundle,#smg_capacity_t8_wallbuy_item
scriptbundle,#activecamoinfo_t8_kills_without_dying
scriptbundle,#smg_standard_t8_gold_item
scriptbundle,#guns_ars_dlc1
scriptbundle,#guns_gold_ars
scriptbundle,#tr_longburst_t8_operator_item
scriptbundle,#lmg_standard_t8_wallbuy_item
scriptbundle,#construction_list_guns
scriptbundle,#guns_gold_parent
scriptbundle,#firing_range_list_parent_event
scriptbundle,#activecamoinfo_t8_direct_action_kills_shattered_wz
scriptbundle,#player_turret_zodiac_driver_anims
scriptbundle,#activecamoinfo_t8_direct_action_kills_shattered_zm
scriptbundle,#guns_gold_pistols
scriptbundle,#sniper_powersemi_t8_item
scriptbundle,#melee_secretsanta_t8_item
scriptbundle,#tr_midburst_t8_item
scriptbundle,#extbarrel_wz_item
scriptbundle,#activecamoinfo_t8_sig_shotgun_fullauto_construction
scriptbundle,#lmg_heavy_t8_gold_item
scriptbundle,#zombie_itemlist_ammo_close_quarters
scriptbundle,#ammo_list_good
scriptbundle,#activecamoinfo_t8_sig_tr_flechette_rivermonster
scriptbundle,#activecamoinfo_t8_objective_kills_zm
scriptbundle,#activecamoinfo_t8_objective_kills_wz
scriptbundle,#smg_handling_t8_wallbuy_item
scriptbundle,#farm_list_guns
scriptbundle,#barricade_wz_item
scriptbundle,#holo_wz_item
scriptbundle,#acid_bomb_wz_item
scriptbundle,#supply_stash_flare_guns
scriptbundle,#activecamoinfo_t8_kill_counter_party_rock_wz
scriptbundle,#activecamoinfo_t8_kill_counter_party_rock_zm
scriptbundle,#melee_actionfigure_t8_item
scriptbundle,#shotgun_pump_t8_item
scriptbundle,#ar_damage_t8_wallbuy_item
scriptbundle,#wz_escape_dest_powerhouse_list_item_default
scriptbundle,#consumable_list_med_ambush
scriptbundle,#activecamoinfo_t8_fast_direct_action_kills_treasure_wz
scriptbundle,#consumable_list_low
scriptbundle,#activecamoinfo_t8_fast_direct_action_kills_treasure_zm
scriptbundle,#activecamoinfo_t8_ar_accurate_wz
scriptbundle,#activecamoinfo_t8_ar_accurate_zm
scriptbundle,#armor_shard_item
scriptbundle,#pistol_revolver_t8_item
scriptbundle,#firing_range_list_item_default_small_event
scriptbundle,#wz_escape_supply_stash_parent
scriptbundle,#ammo_stash_slot3_dlc1
scriptbundle,#c_t8_zmb_mob_brutus_dst_def
scriptbundle,#flamethrower_wz_item
scriptbundle,#zombie_supply_stash_guns_gold_or_purple
scriptbundle,#activecamoinfo_t8_darkmatter_classic_dark
scriptbundle,#allistairs_folly_t8_item
scriptbundle,#sensor_dart_wz_item
scriptbundle,#hellhound_itemlist_r
scriptbundle,#warmachine_wz_item
scriptbundle,#cluster_semtex_wz_item
scriptbundle,#activecamoinfo_t8_diamond_zm
scriptbundle,#activecamoinfo_t8_diamond_wz
scriptbundle,#smg_standard_t8_wallbuy_item
scriptbundle,#wz_escape_zodiac
scriptbundle,#activecamoinfo_t8_fast_direct_action_kills_phased_zm
scriptbundle,#activecamoinfo_t8_fast_direct_action_kills_phased_wz
scriptbundle,#activecamoinfo_t8_sig_sniper_quickscope_zombies
scriptbundle,#ambush_guns
scriptbundle,#ar_accurate_t8_gold_item
scriptbundle,#activecamoinfo_t8_sig_tr_midburst_bomber_wz
scriptbundle,#activecamoinfo_t8_sig_tr_midburst_bomber
scriptbundle,#activecamoinfo_t8_sig_tr_midburst_bomber_zm
scriptbundle,#pistol_standard_t8_gold_item
scriptbundle,#melee_bowie_t8_item
scriptbundle,#wz_escape_list_consumable
scriptbundle,#perk_item_deadsilence
scriptbundle,#blackjack_ammo_stash_parent_holiday
scriptbundle,#supply_stash_parent_dlc1_flare_guns
scriptbundle,#gadget_smart_cover_scoreevents
scriptbundle,#guns_launchers_dlc1_limit_world_high_value
scriptbundle,#activecamoinfo_t8_fast_direct_action_kills_circle_slice_zm
scriptbundle,#activecamoinfo_t8_fast_direct_action_kills_circle_slice_wz
scriptbundle,#brutus_gold_guns
scriptbundle,#annihilator_wz_item
scriptbundle,#health_stash_parent
scriptbundle,#smg_fastburst_t8_item
scriptbundle,#ammo_stash_slot1_dlc1_with_conc
scriptbundle,#ray_gun_mk2x_t8_item
scriptbundle,#consumable_list_med
scriptbundle,#activecamoinfo_t8_sig_tr_longburst_scrimshaw
scriptbundle,#activecamoinfo_t8_rapid_kills_zm
scriptbundle,#activecamoinfo_t8_rapid_kills_wz
scriptbundle,#blundergat_wz_item
scriptbundle,#activecamoinfo_t8_fast_direct_action_kills_mystic_wz
scriptbundle,#activecamoinfo_t8_fast_direct_action_kills_mystic_zm
scriptbundle,#perk_item_squadlink
scriptbundle,#cu32_list_escape
scriptbundle,#ar_galil_t8_item
scriptbundle,#ar_modular_t8_gold_item
scriptbundle,#lmg_standard_t8_item
scriptbundle,#zombie_bathtub_ee_list
scriptbundle,#guns_snipers
scriptbundle,#activecamoinfo_t8_direct_action_kills_115
scriptbundle,#activecamoinfo_t8_fast_direct_action_kills_spinal_wz
scriptbundle,#activecamoinfo_t8_fast_direct_action_kills_spinal_zm
scriptbundle,#ar_standard_t8_item
scriptbundle,#activecamoinfo_t8_sig_ar_damage_fighter_plane_zm
scriptbundle,#activecamoinfo_t8_sig_ar_damage_fighter_plane_wz
scriptbundle,#health_list_low_hardcore
scriptbundle,#zombie_itemlist_pandemic
scriptbundle,#smg_minigun_t8_item
scriptbundle,#lmg_double_t8_item
scriptbundle,#sniper_fastrechamber_t8_item
scriptbundle,#foregrip_wz_item
scriptbundle,#wz_escape_resource_item_paint_list
scriptbundle,#supply_stash_slot4_closequarters
scriptbundle,#tr_powersemi_t8_wallbuy_item
scriptbundle,#activecamoinfo_t8_darkmatter
scriptbundle,#ammo_type_rocket_item
scriptbundle,#tripwire_custom_settings_wz
scriptbundle,#activecamoinfo_t8_sig_smg_accurate_darkunicorn
scriptbundle,#eq_sensor_dart_scoreevents
scriptbundle,#cu14_item
scriptbundle,#zm_zombie_settings_wz
scriptbundle,#firing_range_list_items_event
scriptbundle,#equipment_list_good_no_cluster_conc
scriptbundle,#zombie_itemlist_ammo
scriptbundle,#ar_damage_t8_item
scriptbundle,#sig_bow_scoreevents
scriptbundle,#rivertown_list_guns
scriptbundle,#ar_modular_t8_wallbuy_item
scriptbundle,#ammo_type_338_item
scriptbundle,#guns_gold_parent_dlc1_limit_world_high_value
scriptbundle,#firing_range_list_guns_event
scriptbundle,#ammo_type_556_item
scriptbundle,#clearing_list_guns
scriptbundle,#cu_escape_list
scriptbundle,#smg_mp40_t8_wallbuy_item
scriptbundle,#perk_item_bloody_tracker
scriptbundle,#guns_pistols
scriptbundle,#guns_lmgs_dlc1
scriptbundle,#blackjack_ammo_stash_parent_guns
scriptbundle,#shotgun_precision_t8_item
scriptbundle,#perk_item_reinforced
scriptbundle,#supply_stash_operator_mod_weapons_ambush
scriptbundle,#shotgun_semiauto_t8_item
scriptbundle,#wz_escape_dest_parade_grounds_list_item_default
scriptbundle,#perk_item_brawler
scriptbundle,#zombie_itemlist_hzc
scriptbundle,#activecamoinfo_t8_direct_action_kills_solarflare_wz
scriptbundle,#activecamoinfo_t8_direct_action_kills_solarflare_zm
scriptbundle,#recon_car_wz_item
scriptbundle,#ar_peacekeeper_t8_item
scriptbundle,#graveyard_list_guns
scriptbundle,#activecamoinfo_t8_sig_ar_damage_fighter_plane
scriptbundle,#supply_stash_slot5_dlc1
scriptbundle,#gear_list_good
scriptbundle,#activecamoinfo_t8_gold_classic
scriptbundle,#guns_gold_snipers_dlc1
scriptbundle,#activecamoinfo_t8_sig_ar_modular_faberge_wz
scriptbundle,#activecamoinfo_t8_sig_ar_modular_faberge_zm
scriptbundle,#cu31_item
scriptbundle,#default_traversal_extents_zm
scriptbundle,#lmg_standard_t8_operator_item
scriptbundle,#smg_fastburst_t8_wallbuy_item
scriptbundle,#supply_drop_slot3_heavy_metal_heroes
scriptbundle,#equipment_list_zombie
scriptbundle,#wz_open_skyscrapers_wallbuy_guns_smg
scriptbundle,#activecamoinfo_t8_sig_sniper_powersemi_vietnam_zm
scriptbundle,#activecamoinfo_t8_sig_sniper_powersemi_vietnam_wz
scriptbundle,#wz_escape_wallbuy_guns_shotgun
scriptbundle,#activecamoinfo_t8_kills_without_dying_retro_vegas_neon_wz
scriptbundle,#activecamoinfo_t8_kills_without_dying_retro_vegas_neon_zm
scriptbundle,#wz_escape_list_attachment
scriptbundle,#zm_brutus_settings
scriptbundle,#firing_range_list_attachment
scriptbundle,#ultimate_turret_mp_scoreevents
scriptbundle,#wz_escape_dest_docks_list_items
scriptbundle,#firing_range_list_health
scriptbundle,#player_quad_passenger_anims
scriptbundle,#melee_slaybell_t8_item
scriptbundle,#sig_blade_wz_item
scriptbundle,#advmag_wz_item
scriptbundle,#cu16_list
scriptbundle,#laser_sight_wz_item
scriptbundle,#activecamoinfo_t8_direct_action_kills_brains_zm
scriptbundle,#activecamoinfo_t8_direct_action_kills_brains_wz
scriptbundle,#activecamoinfo_t8_showstopper
scriptbundle,#heavymetal_guns
scriptbundle,#cu33_item
scriptbundle,#tr_midburst_t8_operator_item
scriptbundle,#melee_demohammer_t8_item
scriptbundle,#wz_escape_death_circles_default
scriptbundle,#health_item_squad
scriptbundle,#avogadro_base_itemlist_all
scriptbundle,#equipment_list_zombie_ambush
scriptbundle,#suppressor_wz_item
scriptbundle,#activecamoinfo_t8_sig_pistol_burst_raven_zm
scriptbundle,#eq_hatchet_mp_scoreevents
scriptbundle,#brutus_base_itemlist_all
scriptbundle,#activecamoinfo_t8_sig_pistol_burst_raven_wz
scriptbundle,#supply_stash_slot4_dlc1_with_conc
scriptbundle,#wz_escape_list_guns
scriptbundle,#hijacked_list_guns
scriptbundle,#ammo_type_12ga_item
scriptbundle,#eq_tripwire_scoreevents
scriptbundle,#guns_pistols_dlc1
scriptbundle,#resource_item_paint_stack_10
scriptbundle,#helicopter_wz_bundle_settings
scriptbundle,#supply_stash_parent_dlc1_cash
scriptbundle,#ammo_list_med
scriptbundle,#ar_fastfire_t8_item
scriptbundle,#activecamoinfo_t8_lmg_standard
scriptbundle,#activecamoinfo_t8_rapid_kills
scriptbundle,#closequarters_guns_gold
scriptbundle,#nuketown_list_guns
scriptbundle,#activecamoinfo_t8_sig_ar_stealth_vampire
scriptbundle,#cu08_list
scriptbundle,#ar_fastfire_t8_wallbuy_item
scriptbundle,#dart_wz_item
scriptbundle,#guns_smgs_dlc1
scriptbundle,#activecamoinfo_t8_sig_smg_fastburst_diy
scriptbundle,#activecamoinfo_t8_pistol_standard_zm
scriptbundle,#activecamoinfo_t8_pistol_standard_wz
scriptbundle,#supply_stash_slot5_closequarters
scriptbundle,#supply_stash_parent_pandemic
scriptbundle,#c_t8_zmb_mob_zombie2_gib_def
scriptbundle,#supply_stash_slot3_dlc1
scriptbundle,#supply_stash_parent_dlc1
scriptbundle,#activecamoinfo_t8_headshot
scriptbundle,#ar_standard_t8_wallbuy_item
scriptbundle,#activecamoinfo_t8_sig_smg_accurate_darkunicorn_wz
scriptbundle,#activecamoinfo_t8_sig_smg_accurate_darkunicorn_zm
scriptbundle,#vehicle_list_zodiac_wz
scriptbundle,#ammo_type_rocket_double_item
scriptbundle,#activecamoinfo_t8_gold
scriptbundle,#eq_grapple_mp_scoreevents
scriptbundle,#molotov_wz_item
scriptbundle,#hero_flamethrower_scoreevents
scriptbundle,#cu33_list_escape
scriptbundle,#guns_snipers_dlc1
scriptbundle,#ammo_stash_slot1_dlc1
scriptbundle,#firing_range_list_item_default_event
scriptbundle,#cu15_item
scriptbundle,#guns_launchers
scriptbundle,#zodiac_wz_vehicle_odg
scriptbundle,#activecamoinfo_t8_sig_smg_capacity_spaceshuttle
scriptbundle,#attachment_list_med_closequarters
scriptbundle,#ambush_guns_operator
scriptbundle,#ar_modular_t8_item
scriptbundle,#cu12_item
scriptbundle,#activecamoinfo_t8_sig_smg_handling_hunter_wz
scriptbundle,#activecamoinfo_t8_sig_smg_handling_hunter_zm
scriptbundle,#tomahawk_t8_wz_item
scriptbundle,#activecamoinfo_t8_sig_tr_powersemi_rustymech
scriptbundle,#melee_cutlass_t8_item
scriptbundle,#eq_cluster_semtex_scoreevents
scriptbundle,#wz_open_skyscrapers_wallbuy_guns_shotgun
scriptbundle,#zombie_supply_stash_ee_parent_solo
scriptbundle,#activecamoinfo_t8_sig_ar_standard_adventure_zm
scriptbundle,#activecamoinfo_t8_sig_ar_standard_adventure_wz
scriptbundle,#loc_armor_medium
scriptbundle,#wz_escape_list_gear
scriptbundle,#lmg_stealth_t8_item
scriptbundle,#molotov_custom_settings
scriptbundle,#ar_stealth_t8_wallbuy_item
scriptbundle,#ultimate_turret_wz_item
scriptbundle,#ww_crossbow_impaler_t8_item
scriptbundle,#supply_stash_slot3_heavymetal
scriptbundle,#fastmag_wz_item
scriptbundle,#guns_trs_dlc1
scriptbundle,#activecamoinfo_t8_direct_action_kills_zombie_flick_zm
scriptbundle,#activecamoinfo_t8_direct_action_kills_zombie_flick_wz
scriptbundle,#air_transport_infiltration_wz_bundle_settings
scriptbundle,#ammo_list_low
scriptbundle,#activecamoinfo_t8_sig_pistol_revolver_cyberpunk
scriptbundle,#tr_powersemi_t8_gold_item
scriptbundle,#guns_gold_ars_dlc1
scriptbundle,#shotgun_pump_t8_gold_item
scriptbundle,#activecamoinfo_t8_fast_direct_action_kills_apb
scriptbundle,#backpack_item
scriptbundle,#supply_stash_slot3_closequarters
scriptbundle,#ar_fastfire_t8_gold_item
scriptbundle,#lmg_spray_t8_wallbuy_item
scriptbundle,#supply_stash_slot2_dlc1
scriptbundle,#guns_gold_smgs_dlc1
scriptbundle,#shotgun_fullauto_t8_wallbuy_item
scriptbundle,#frag_grenade_wz_item
scriptbundle,#ambush_supply_stash_slot4
scriptbundle,#ambush_supply_stash_slot5
scriptbundle,#ambush_supply_stash_slot1
scriptbundle,#ambush_supply_stash_slot2
scriptbundle,#ambush_supply_stash_slot3
scriptbundle,#supply_stash_zombie_items
scriptbundle,#wz_escape_death_circles_one_circle
scriptbundle,#activecamoinfo_t8_direct_action_kills_fractalflames_wz
scriptbundle,#activecamoinfo_t8_direct_action_kills_fractalflames_zm
scriptbundle,#firing_range_list_parent_small_event
scriptbundle,#acog_wz_item
scriptbundle,#damageeffecttype_fire
scriptbundle,#zodiac_wz_vehicle_grey
scriptbundle,#tritium_wz_item
scriptbundle,#loc_armor_small
scriptbundle,#armor_item_large
scriptbundle,#world_base_event_parent
scriptbundle,#wind_turbine_list_guns
scriptbundle,#array_list_guns
scriptbundle,#shotgun_pump_t8_wallbuy_item
scriptbundle,#smoke_grenade_wz_item_spring_holiday
scriptbundle,#special_crossbow_t8_item
scriptbundle,#activecamoinfo_t8_diamond
scriptbundle,#wraithfire_wz_item
scriptbundle,#hatchet_wz_item
scriptbundle,#supply_drop_stash_parent_dlc1_heroes
scriptbundle,#wz_escape_wallbuy_guns_zombie
scriptbundle,#consumable_list_low_ambush
scriptbundle,#activecamoinfo_t8_sig_pistol_fullauto_arcade_zm
scriptbundle,#activecamoinfo_t8_sig_pistol_fullauto_arcade_wz
scriptbundle,#activecamoinfo_t8_direct_action_kills_celestial
scriptbundle,#dockyard_list_guns
scriptbundle,#wz_escape_list_equipment
scriptbundle,#supply_stash_slot4_dlc1
scriptbundle,#wz_open_skyscrapers_wallbuy_guns_list_closequarters
scriptbundle,#guns_gold_lmgs_dlc1
scriptbundle,#perk_item_looter
scriptbundle,#spectre_rising_stash
scriptbundle,#zodiac_boat_bundle_settings
scriptbundle,#emp_grenade_custom_settings_wz
scriptbundle,#wingsuitanims
scriptbundle,#wz_escape_wallbuy_guns_ar
scriptbundle,#smg_handling_t8_item
scriptbundle,#tr_longburst_t8_gold_item
scriptbundle,#wz_escape_wallbuy_guns_tr
scriptbundle,#cu16_item
scriptbundle,#wz_escape_dest_industries_list_item_default
scriptbundle,#loot_locker_parent_ccf
scriptbundle,#death_of_orion_t8_item
scriptbundle,#shotgun_fullauto_t8_item
scriptbundle,#sig_blade_scoreevents
scriptbundle,#default_shrapnel_settings
scriptbundle,#equipment_list_good_ambush_v2
scriptbundle,#ammo_stash_parent_dlc1_cash
scriptbundle,#storage_list
scriptbundle,#stock_wz_item
scriptbundle,#pistol_standard_t8_item
scriptbundle,#perk_item_paranoia
scriptbundle,#ammo_stash_parent_dlc1
scriptbundle,#perk_item_lightweight
scriptbundle,#smg_vmp_t8_item
scriptbundle,#activecamoinfo_t8_kill_counter_party_rock
scriptbundle,#perk_item_stimulant
scriptbundle,#wz_escape_list_health
scriptbundle,#cymbal_monkey_wz_item
scriptbundle,#resource_item_paint
scriptbundle,#melee_amuletfist_t8_item
scriptbundle,#activecamoinfo_t8_direct_action_kills_fractalflames
scriptbundle,#loot_locker_parent_ambush
scriptbundle,#guns_smgs
scriptbundle,#activecamoinfo_t8_showstopper_wz
scriptbundle,#activecamoinfo_t8_showstopper_zm
scriptbundle,#activecamoinfo_t8_sig_ar_standard_adventure
scriptbundle,#zombie_supply_stash_quest_parent
scriptbundle,#zombie_equipment_itemlist_pandemic
scriptbundle,#wz_open_skyscrapers_wallbuy_none
scriptbundle,#activecamoinfo_t8_lmg_standard_wz
scriptbundle,#activecamoinfo_t8_lmg_standard_zm
scriptbundle,#eq_slow_grenade_scoreevents
scriptbundle,#tr_flechette_t8_item
scriptbundle,#wz_default_list_health
scriptbundle,#smg_mp40_t8_item
scriptbundle,#activecamoinfo_t8_direct_action_kills_brains
scriptbundle,#guns_launchers_dlc1
scriptbundle,#activecamoinfo_t8_objective_kills
scriptbundle,#health_list_good
scriptbundle,#activecamoinfo_t8_sig_smg_handling_hunter
scriptbundle,#perk_item_engineer
scriptbundle,#ammo_type_762_double_item
scriptbundle,#activecamoinfo_t8_direct_action_kills_115_zm
scriptbundle,#activecamoinfo_t8_direct_action_kills_115_wz
scriptbundle,#grapple_custom_settings
scriptbundle,#activecamoinfo_t8_sig_pistol_burst_raven
scriptbundle,#test_weapon_testing_list_2
scriptbundle,#attachment_list_med_ambush
scriptbundle,#avogadro_gold_guns
scriptbundle,#guns_shotguns
scriptbundle,#activecamoinfo_t8_kills_without_dying_wz
scriptbundle,#activecamoinfo_t8_kills_without_dying_zm
scriptbundle,#activecamoinfo_t8_ar_fastfire_zm
scriptbundle,#activecamoinfo_t8_sig_pistol_revolver_cyberpunk_wz
scriptbundle,#firing_range_list_consumable
scriptbundle,#activecamoinfo_t8_sig_pistol_revolver_cyberpunk_zm
scriptbundle,#activecamoinfo_t8_ar_fastfire_wz
scriptbundle,#melee_club_t8_item
scriptbundle,#blackjack_stash_parent
scriptbundle,#activecamoinfo_t8_sig_shotgun_fullauto_construction_zm
scriptbundle,#activecamoinfo_t8_sig_shotgun_fullauto_construction_wz
scriptbundle,#ar_standard_t8_gold_item
scriptbundle,#activecamoinfo_t8_direct_action_kills_celestial_zm
scriptbundle,#activecamoinfo_t8_fast_direct_action_kills_circle_slice
scriptbundle,#activecamoinfo_t8_direct_action_kills_celestial_wz
scriptbundle,#activecamoinfo_t8_sig_sniper_fastrechamber_western
scriptbundle,#wz_ball
scriptbundle,#extmag_wz_item
scriptbundle,#grapple_wz_item
scriptbundle,#activecamoinfo_t8_fast_direct_action_kills_phased
scriptbundle,#heavymetal_guns_gold
scriptbundle,#pistol_revolver_t8_operator_item
scriptbundle,#attachment_list_good_closequarters
scriptbundle,#ammo_type_45_double_item
scriptbundle,#activecamoinfo_t8_sig_ar_modular_porcelain_wz
scriptbundle,#activecamoinfo_t8_sig_ar_modular_porcelain_zm
scriptbundle,#lmg_heavy_t8_wallbuy_item
scriptbundle,#consumable_list_low_closequarters
scriptbundle,#cu35_item
scriptbundle,#smg_accurate_t8_gold_item
scriptbundle,#supply_stash_parent_dlc1_limit_world_high_value
scriptbundle,#activecamoinfo_t8_fast_direct_action_kills_apb_wz
scriptbundle,#smg_fastfire_t8_wallbuy_item
scriptbundle,#activecamoinfo_t8_fast_direct_action_kills_apb_zm
scriptbundle,#lmg_spray_t8_operator_item
scriptbundle,#smg_folding_t8_gold_item
scriptbundle,#activecamoinfo_t8_darkmatter_classic_red
scriptbundle,#smg_accurate_t8_operator_item
scriptbundle,#supply_drop_stash_parent_dlc1
scriptbundle,#activecamoinfo_t8_diamond_classic
scriptbundle,#firing_range_list_gear
scriptbundle,#attachment_list_low
scriptbundle,#smg_standard_t8_item
scriptbundle,#activecamoinfo_t8_sig_lmg_spray_venom
scriptbundle,#activecamoinfo_t8_sig_smg_fastburst_diy_wz
scriptbundle,#activecamoinfo_t8_sig_smg_fastburst_diy_zm
scriptbundle,#activecamoinfo_t8_direct_action_kills_alt
scriptbundle,#eq_hawk_scoreevents
scriptbundle,#wz_escape_outside_list_items
scriptbundle,#pistol_burst_t8_item
scriptbundle,#activecamoinfo_t8_smg_standard
scriptbundle,#activecamoinfo_t8_direct_action_kills
scriptbundle,#activecamoinfo_t8_fast_direct_action_kills_treasure
scriptbundle,#zombie_supply_stash_parent
scriptbundle,#ar_doublebarrel_t8_item
scriptbundle,#ar_accurate_t8_item
scriptbundle,#launcher_standard_t8_item
scriptbundle,#supply_drop_operator_or_specialist
scriptbundle,#activecamoinfo_t8_sig_sniper_fastrechamber_western_zm
scriptbundle,#sniper_fastrechamber_t8_gold_item
scriptbundle,#activecamoinfo_t8_sig_sniper_fastrechamber_western_wz
scriptbundle,#cu08_item
scriptbundle,#test_weapon_testing_list
scriptbundle,#zombie_supply_stash_ee_parent_duo
scriptbundle,#activecamoinfo_t8_cyberpunk
scriptbundle,#wz_escape_dest_cellhouse_list_item_default
scriptbundle,#firing_range_list_armor_shards
scriptbundle,#activecamoinfo_t8_headshot_alt
scriptbundle,#wz_zombie_dog_settings
scriptbundle,#wz_escape_dest_docks_list_item_default
scriptbundle,#zombie_itemlist_escape_hzc
scriptbundle,#activecamoinfo_t8_sig_sniper_quickscope_zombies_zm
scriptbundle,#lmg_spray_t8_gold_item
scriptbundle,#diner_list_guns
scriptbundle,#attachment_list_good
scriptbundle,#activecamoinfo_t8_sig_sniper_quickscope_zombies_wz
scriptbundle,#heavymetal_guns_operator
scriptbundle,#activecamoinfo_t8_sig_ar_stealth_vampire_zm
scriptbundle,#activecamoinfo_t8_sig_ar_stealth_vampire_wz
scriptbundle,#firing_range_list_equipment
scriptbundle,#sniper_quickscope_t8_operator_item
scriptbundle,#estate_list_guns
scriptbundle,#activecamoinfo_t8_headshot_zm
scriptbundle,#activecamoinfo_t8_sig_ar_modular_porcelain
scriptbundle,#activecamoinfo_t8_headshot_wz
scriptbundle,#ammo_type_556_double_item
scriptbundle,#supply_stash_zombie_armor
scriptbundle,#cu32_item
scriptbundle,#guns_gold_snipers
scriptbundle,#ambush_v2_supply_stash_weapons
scriptbundle,#loot_locker_parent
scriptbundle,#wz_escape_dest_sub_list_items
scriptbundle,#wz_escape_list_armor_shards
scriptbundle,#zombie_supply_stash_raygun_mk_variants
scriptbundle,#activecamoinfo_t8_take_it_personally_wz
scriptbundle,#flare_gun_veh_wz_item
scriptbundle,#activecamoinfo_t8_take_it_personally_zm
scriptbundle,#activecamoinfo_t8_sig_ar_modular_faberge
scriptbundle,#resource_item_paint_list_outdoor
scriptbundle,#guns_shotguns_dlc1
scriptbundle,#smg_capacity_t8_item
scriptbundle,#player_helicopter_passenger5_anims
scriptbundle,#trip_wire_wz_item
scriptbundle,#smoke_grenade_wz_item
scriptbundle,#attachment_list_med
scriptbundle,#ar_an94_t8_item
scriptbundle,#activecamoinfo_t8_fast_direct_action_kills_mystic
scriptbundle,#health_list_good_nothing
scriptbundle,#perk_item_consumer
scriptbundle,#tr_longburst_t8_item
scriptbundle,#wz_escape_dest_new_industries_list_items
scriptbundle,#sniper_powerbolt_t8_item
scriptbundle,#health_stash_slot4
scriptbundle,#health_stash_slot2
scriptbundle,#health_stash_slot3
scriptbundle,#health_stash_slot1
scriptbundle,#ambush_v2_blackjack_ammo_stash_guns
scriptbundle,#activecamoinfo_t8_fast_direct_action_kills_zm
scriptbundle,#activecamoinfo_t8_fast_direct_action_kills_wz
scriptbundle,#firing_range_list_equipment_event_special
scriptbundle,#zombie_infected_itemlist
scriptbundle,#shotgun_semiauto_t8_wallbuy_item
scriptbundle,#supply_stash_slot_limit_world_high_value
scriptbundle,#supply_stash_zombie_perks
scriptbundle,#ar_fastfire_t8_operator_item
scriptbundle,#firing_range_list_guns
scriptbundle,#activecamoinfo_t8_sig_sniper_powersemi_vietnam
scriptbundle,#zombie_raygun_mk2_itemlist
scriptbundle,#wz_escape_wallbuy_guns_sniper
scriptbundle,#melee_stopsign_t8_item
scriptbundle,#guns_trs
scriptbundle,#heavy_metal_heroes_list_guns_dlc1
scriptbundle,#tr_midburst_t8_wallbuy_item
scriptbundle,#supply_stash_slot3_dlc1_limit_world_high_value
scriptbundle,#lmg_heavy_t8_item
scriptbundle,#activecamoinfo_t8_fast_direct_action_kills_symbiosis_zm
scriptbundle,#activecamoinfo_t8_fast_direct_action_kills_symbiosis_wz
scriptbundle,#wz_escape_wallbuy_guns_lmg
scriptbundle,#supply_stash_parent_close_quarters
scriptbundle,#activecamoinfo_t8_kills_without_dying_alt_zm
scriptbundle,#activecamoinfo_t8_kills_without_dying_alt_wz
scriptbundle,#gear_list_good_nothing
scriptbundle,#perk_item_awareness
scriptbundle,#lmg_double_t8_wallbuy_item
scriptbundle,#supply_stash_operator_mod_weapons_closequarters
scriptbundle,#zombie_supply_stash_wonder_weapons
scriptbundle,#ar_damage_t8_gold_item
scriptbundle,#zombie_apoc_event_homunculus_list
scriptbundle,#wz_waterballoon
scriptbundle,#ambush_v2_guns_gold
scriptbundle,#fracking_list_guns
scriptbundle,#activecamoinfo_t8_headshot_alt_wz
scriptbundle,#pistol_grip_wz_item
scriptbundle,#smg_fastfire_t8_operator_item
scriptbundle,#activecamoinfo_t8_headshot_alt_zm
scriptbundle,#tr_damageburst_t8_item
scriptbundle,#cu32_list
scriptbundle,#killstreak_ultimate_turret_wz
scriptbundle,#wz_open_skyscrapers_wallbuy_guns_sniper
scriptbundle,#activecamoinfo_t8_direct_action_kills_shattered
scriptbundle,#ray_gun_mk2y_t8_item
scriptbundle,#zombie_itemlist
scriptbundle,#lmg_standard_t8_gold_item
scriptbundle,#wraith_fire_custom_settings
scriptbundle,#ww_winters_fury_t8_item
scriptbundle,#guns_gold_smgs
scriptbundle,#supply_stash_slot2_dlc1_limit_world_high_value
scriptbundle,#spectre_grenade_wz_item
scriptbundle,#blackjack_ammo_stash_guns
scriptbundle,#ammo_type_50cal_item
scriptbundle,#cu11_item
scriptbundle,#c_54i_grunt_fx_table
scriptbundle,#loc_armor_large
scriptbundle,#wz_escape_wallbuy_guns_list_closequarters
scriptbundle,#wz_escape_dest_powerhouse_list_items
scriptbundle,#supply_stash_gold_guns
scriptbundle,#supply_stash_parent_heavy_metal_heroes
scriptbundle,#launcher_standard_operator_t8_item
scriptbundle,#activecamoinfo_t8_cyberpunk_wz
scriptbundle,#activecamoinfo_t8_cyberpunk_zm
string,#mpui/stalker
string,#hash_95c5021b448b56
string,#mpui/extclip_desc
string,#mpui/fmj_desc
string,#hash_9ed2158d57e594
string,#mpui/supply_desc
string,#mpui/dualoptic
string,#mpui/fastreload2_desc
string,#zmui/fmj_desc
string,#menu/camo_loot_zombie_maitai
string,#hash_40c47b72c083914
string,#mpui/camo_active_take_it_personally
string,#mpui/camo_flectarn
string,#wz/attach_extbarrel
string,#hash_4938f240cc79a5a
string,#hash_4baf5d49abad672
string,#killstreak/earned_auto_turret
string,#mpui/extclip2
string,#hash_5be026b2781b8c9
string,#hash_5d7eb1442a4f213
string,#hash_5f887938a94adb9
string,#weapon/lmg_spray_t8
string,#menu/camo_loot_scratchnsniff
string,#weapon/tr_flechette_t8
string,#mpui/quickdraw2_desc
string,#mpui/stalker2_desc
string,#weapon/shotgun_pump_t8
string,#weapon/smg_accurate_t8
string,#mpui/extclip
string,#hash_870732dcf823d00
string,#menu/camo_loot_roadhouse
string,#menu/camo_loot_trifecta
string,#weapon/melee_cutlass_t8
string,#weapon/ar_stealth_t8
string,#mpui/fastreload2
string,#hash_c0c2aecab7c9830
string,#mpui/damage2_desc
string,#hash_d8622d38b0078a8
string,#hash_e2971bbfafcfe66
string,#weapon/ar_fastfire_t8
string,#mpui/fastlockon_desc
string,#weapon/fraggrenade
string,#hash_ee567911dd1ce83
string,#menu/camo_loot_circuitboard
string,#weapon/ar_accurate_t8
string,#mpui/vzoom
string,#hash_11416e3dffba8d50
string,#mpui/mk
string,#menu/camo_loot_fractalized
string,#hash_11687cdf537985b2
string,#mpui/ir
string,#mpui/is
string,#mpui/gl
string,#mpui/dw
string,#mpui/camo_dante
string,#mpui/sf
string,#mpui/rf
string,#hash_11cfa6d5f521dede
string,#mpui/no_attachment
string,#wz/attach_pistol_grip
string,#script/call_elevator
string,#mpui/uber
string,#weapon/smg_handling_t8
string,#mpui/barrelchoke_desc
string,#hash_13f64b913a8510ce
string,#weapon/trophy_system
string,#weapon/ar_fastfire_t8_operator
string,#wz/medical_stash
string,#weapon/ar_galil_t8
string,#menu/camo_active_treasure
string,#weapon/gadget_cleanse
string,#weapon/ar_peacekeeper_t8
string,#mpui/camo_redhex
string,#hash_15cf0d46af70291b
string,#mpui/null
string,#hash_161c216ed83a1283
string,#mpui/grip
string,#hash_166b7f0f8f0d22fc
string,#mpui/suppressed_desc
string,#hash_17783814d047454c
string,#menu/camo_loot_fullsuite
string,#mpui/no_attachment_desc
string,#hash_189d868d756bb77d
string,#menu/camo_loot_goosebumps
string,#weapon/tr_damageburst_t8
string,#mpui/uber_desc
string,#mpui/camo_active_rapid_kills
string,#hash_1943b05edbb6e818
string,#weapon/willy_pete
string,#hash_1960a6223dd21d1a
string,#mpui/barrelchoke
string,#zmweapon/homunculus
string,#weapon/flare_gun_veh_wz
string,#hash_1bf992decba13b2b
string,#hash_1c067a1967345eb9
string,#hash_1c07c87a45375aaf
string,#mpui/camo_integer
string,#zmui/mms_desc
string,#mpui/steadyaim2
string,#hash_1ec02a95496f3883
string,#hash_1f373462224d3160
string,#hash_1f502b29576cdf19
string,#weapon/melee_club_t8
string,#weapon/flare_gun_wz
string,#menu/camo_loot_benjamins
string,#weapon/lmg_standard_t8_operator
string,#hash_2149088a4b93efa2
string,#wz/attach_laser_sight
string,#menu/camo_loot_fearhaze
string,#zmweapon/ww_crossbow_t8
string,#weapon/melee_secretsanta_t8
string,#menu/camo_loot_seaflake
string,#wz/attach_acog
string,#menu/camo_loot_astronomy
string,#weapon/acid_bomb
string,#hash_23184906a849ac54
string,#hash_239b4d30eb78175e
string,#wz/attach_stock
string,#weapon/sig_blade
string,#mpui/camo_jungle
string,#mpui/dualoptic_desc
string,#weapon/ar_an94_t8
string,#mpui/camo_huntsman
string,#hash_246c7d9118b22299
string,#hash_24a3e0f402bfd000
string,#menu/camo_loot_masks
string,#weapon/eq_emp_grenade
string,#menu/camo_loot_shimmer
string,#hash_25811ef8abc80b1f
string,#mpui/elo_desc
string,#hash_25c8019a42576b8f
string,#hash_25d3f454e864bb4a
string,#weapon/molotov
string,#menu/camo_loot_picnic_royale
string,#hash_25fc6c872fa95f5e
string,#hash_2628f8facd7d3398
string,#mpui/pistolscope
string,#hash_26adc6b84f143b29
string,#eq_concertina_wire/name
string,#mpui/fmj2_desc
string,#hash_28f8d698fe4d79d2
string,#zmui/high_caliber_2_desc
string,#mpui/holdbreath_desc
string,#hash_29965b65bca9cd7b
string,#weapon/sniper_powersemi_t8
string,#mpui/camo_active_kill_counter
string,#hash_2a634db8501d93aa
string,#hash_2aa6fa1848766679
string,#weapon/smg_fastfire_operator
string,#weapon/ar_doublebarrel_t8
string,#hash_2b0e1f9a3a18912b
string,#hash_2b0fae1c09a3d8a9
string,#hash_2b2096d421c8cd24
string,#hash_2b27d20d2cfc1069
string,#hash_2b3d791eb05ec296
string,#mpui/camo_ardent
string,#mpui/acog_desc
string,#hash_2b9883e118f9fa0b
string,#weapon/sniper_quickscope_t8_operator
string,#weapon/pistol_revolver_t8_operator
string,#mpui/stabilizer_desc
string,#mpui/holdbreath
string,#weapon/wraith_fire
string,#menu/camo_active_mystic
string,#weapon/launcher_standard_t8
string,#hash_2d003d6a1240093c
string,#weapon/grapple
string,#hash_2d85a60f366822d1
string,#hash_2d93e9364b720411
string,#mpui/reflex
string,#weapon/melee_coinbag_t8
string,#hash_2f3db08411548b58
string,#hash_2f6eb9c102b831ad
string,#mpui/camo_burnt
string,#hash_2f951a0817f78b9d
string,#mpui/fmj2
string,#hash_3041bf105b58c16a
string,#mpui/ir_desc
string,#hash_30ebd9a564f8adc2
string,#hash_30f532e9051a3691
string,#hash_310ad55f171e194e
string,#hash_31e9d057a03398bf
string,#weapon/ar_standard_t8
string,#hash_3262d00bd8c46e0d
string,#hash_3279150dc6bd1b3b
string,#hash_328a07093267e5d5
string,#mpui/camo_snowjob
string,#weapon/sig_bow
string,#menu/camo_active_brains
string,#hash_33c5a3d6ed967788
string,#hash_33f013eacb53964c
string,#mpui/holo_desc
string,#mpui/quickdraw2
string,#hash_360742434808cf8e
string,#hash_3640fdfd426ba4b4
string,#hash_366888e106b2bbb3
string,#menu/camo_active_115
string,#wz/attach_extclip
string,#hash_36b0f4217f0831b8
string,#hash_36be4a2f9e325b50
string,#mpui/fmj
string,#wz/attach_suppressed
string,#hash_3824d76b4a721017
string,#hash_38698d6863661eb6
string,#menu/camo_loot_dinoglyphs
string,#zmui/fmj2_desc
string,#weapon/sniper_mini14_t8
string,#menu/camo_loot_streetrace
string,#mpui/killcounter
string,#mpui/extbarrel2
string,#mpui/grip_desc
string,#mpui/reticle_color_1
string,#hash_3a1ebd341ba4f3f8
string,#mpui/camo_active_showstopper
string,#mpui/reddot_desc
string,#hash_3ae42f7d6eabab5a
string,#weapon/ar_damage_t8
string,#hash_3b4f78132d7e832c
string,#mpui/camo_darkmatter
string,#smartcover/name
string,#weapon/special_crossbow_t8
string,#hash_3ca968dee9e5dc02
string,#menu/camo_active_spinal
string,#hash_3ccf9bf5cc21aeb3
string,#hash_3d26eb8dafae98e9
string,#zmui/suppressor_desc
string,#mpui/tacknife
string,#menu/camo_loot_chrysalis
string,#menu/camo_loot_cherryblossom
string,#hash_3e42591da1c1538f
string,#mpui/steadyaim_desc
string,#mpui/camo_chameleon
string,#mpui/gl_desc
string,#menu/camo_loot_jellymaw
string,#hash_3ef744e8fe8025ee
string,#zmweapon/impaler
string,#mpui/is_desc
string,#weapon/bowie
string,#killstreak/dart
string,#mpui/fastlockon
string,#mpui/extbarrel
string,#hash_414ce3af89eedef1
string,#mpui/mixclip_desc
string,#weapon/pistol_burst_t8
string,#script/armor_item_large
string,#mpui/elo
string,#menu/camo_loot_datamine
string,#mpui/damage_desc
string,#hash_420861c64b6e9e7c
string,#weapon/tr_powersemi_t8
string,#hash_42b309155f05e081
string,#mpui/supply
string,#menu/camo_loot_blueup
string,#mpui/camo_jungletek
string,#zombie/cymbal_monkey
string,#hash_43b0cfc850dbcc04
string,#mpui/camo_bliss
string,#mpui/suppressed
string,#hash_452fd06faf792671
string,#killstreak/auto_turret_hacked
string,#weapon/sniper_fastrechamber_t8
string,#hash_458fcfd4caae9ae2
string,#mpui/hipgrip_desc
string,#weapon/water_balloon
string,#mpui/holo
string,#mpui/quickdraw_desc
string,#weapon/shotgun_precision_t8
string,#weapon/smg_vmp_t8
string,#weapon/melee_amuletfist_t8
string,#wz/attach_adv_mag
string,#hash_4830a0bf0b737bd1
string,#hash_4911d1f708fff427
string,#hash_4911d2f708fff5da
string,#hash_4911d3f708fff78d
string,#mpui/adsreload_desc
string,#weapon/melee_slaybell_t8
string,#hash_4973da5ba484b2ae
string,#weapon/melee_stopsign_t8
string,#script/armor_item_small
string,#hash_49e88c8053d4f73e
string,#mpui/camo_heatstroke
string,#weapon/lmg_spray_t8_operator
string,#hash_4a584bc8c443f246
string,#menu/camo_loot_dogfight
string,#hash_4b105b524a93b53d
string,#hash_4c2bbe6f91c1ca94
string,#hash_4c9bf18ebd4aa256
string,#hash_4d048d939c70cad9
string,#weapon/launcher_standard_operator_t8
string,#mpui/quickdraw
string,#hash_4dff11036295b59f
string,#hash_4e413fbdde10b051
string,#menu/camo_loot_afterglow
string,#mpui/extclip2_desc
string,#hash_4ed6f1ab0cbc899b
string,#mpui/sf_desc
string,#hash_4f0d8ebb363015e0
string,#hash_4f23c6ecb321fa19
string,#weapon/sniper_powerbolt_t8
string,#mpui/camo_fear
string,#weapon/tr_powersemi_operator
string,#weapon/sensor_dart
string,#hash_506621193b404166
string,#mpui/vzoom_desc
string,#menu/camo_loot_smokeblast
string,#weapon/tripwire
string,#mpui/camo_gold
string,#mpui/none
string,#hash_52dbecc9f5d7600a
string,#mpui/camo_diamond
string,#weapon/melee_actionfigure_t8
string,#mpui/speedreloader_desc
string,#mpui/extrapellets
string,#weapon/tr_longburst_t8_operator
string,#menu/camo_loot_megalodon
string,#hash_552e95261f2d04be
string,#weapon/lmg_double_t8
string,#zmui/extrapellets_desc
string,#hash_556fbdaebf02d158
string,#zmui/high_caliber_desc
string,#hash_560d002c6e40e5df
string,#menu/camo_loot_vice
string,#weapon/basketball
string,#hash_56d772673f98a87b
string,#hash_5704bb4aa4b8696b
string,#weapon/ar_modular_t8
string,#mpui/steadyaim2_desc
string,#menu/camo_loot_bacon
string,#hash_58b7aeee47f428da
string,#mpui/reflex_desc
string,#hash_595d5ff7c52d0f12
string,#zmweapon/ww_freezegun_t8_upgraded
string,#weapon/smg_standard_t8
string,#mpui/grip2
string,#weapon/tr_longburst_t8
string,#mpui/hipgrip
string,#mpui/camo_arctic
string,#hash_5acae5f224c146a9
string,#mpui/adsreload
string,#hash_5b1189ff13cd8b59
string,#weapon/sniper_damagesemi_t8
string,#mpui/camo_battle
string,#weapon/hero_pineapplegun
string,#hash_5c28147c226eb600
string,#weapon/sniper_locus_t8
string,#mpui/mixclip
string,#mpui/mms_desc
string,#weapon/lmg_heavy_t8
string,#weapon/tomahawk_t8
string,#hash_5dc620aa9640e528
string,#hash_5e2c81adb5a5264a
string,#hash_5e6231434add15a2
string,#hash_5e6ae4119dda43e0
string,#mpui/camo_contagious
string,#hash_5f17105e484faba8
string,#mpui/extrapellets_desc
string,#hash_5ff76c7784c93de4
string,#mpui/fastreload_desc
string,#weapon/ar_stealth_t8_operator
string,#hash_6063cd6ae0f6ce28
string,#hash_607993fb651c3014
string,#zmweapon/spork_knife
string,#mpui/camo_interpol
string,#mpui/extbarrel2_desc
string,#script/armor_item_medium
string,#zmui/barrelchoke_desc
string,#mpui/steadyaim
string,#hash_62503932e1d53a87
string,#mpui/reddot
string,#hash_627f640830ae263b
string,#menu/camo_loot_america
string,#hash_629d187300caa85d
string,#hash_62b7667af7867ca0
string,#feature/gun_tag
string,#mpui/camo_6speed
string,#weapon/shotgun_fullauto_t8
string,#mpui/clantag
string,#killstreak/invalid_location
string,#mpui/burst2_desc
string,#mpui/pistolscope_desc
string,#hash_652798c8c39df5b0
string,#hash_6541feae026c1180
string,#weapon/gadget_health_regen_large
string,#weapon/smg_fastfire_t8
string,#menu/camo_loot_ww2
string,#weapon/pistol_revolver_t8
string,#wz/attach_reddot
string,#hash_6655ed86a78c6d8c
string,#hash_665fcaf288735f26
string,#weapon/melee_zombiearm_t8
string,#wz/attach_foregrip
string,#hash_66d33b296eb64fbc
string,#mpui/stalker2
string,#hash_67c263ce5bc83093
string,#wz/spectre_rising_stash
string,#hash_688a1b241ffb922e
string,#hash_68aa6bf5db640dde
string,#weapon/lmg_standard_t8
string,#mpui/extbarrel_desc
string,#hash_6911b319f54dc1ed
string,#mpui/fastreload
string,#hash_694b66b1b888e2a8
string,#weapon/ultimate_turret_desc
string,#weapon/shotgun_semiauto_t8
string,#weapon/sticky_grenade
string,#hash_6a4930978aef6c45
string,#mpui/burst2
string,#weapon/tr_midburst_operator
string,#weapon/smg_capacity_t8
string,#hash_6aee422878d572b9
string,#hash_6b8f87d007d03e59
string,#hash_6bd8bb04c57868ff
string,#menu/camo_loot_donuts
string,#weapon/tr_leveraction_t8
string,#hash_6c8d7834e1591a50
string,#weapon/smg_accurate_t8_operator
string,#weapon/tr_midburst_t8
string,#mpui/camo_wmd
string,#menu/camo_loot_smooch
string,#killstreak/dart_desc
string,#mpui/camo_active_objective_kills
string,#hash_6e86b49d6d5196af
string,#hash_6fc8012ad54d50c7
string,#mpui/rangefinder
string,#wz/equipment_stash
string,#weapon/sniper_fastrechamber_t8_operator
string,#mpui/stabilizer
string,#mpui/reticle_default
string,#hash_709fb6b7fdde6aa8
string,#hash_714cce81de873f11
string,#mpui/acog
string,#weapon/pistol_fullauto_t8
string,#mpui/damage2
string,#weapon/gadget_health_regen_medium
string,#menu/camo_loot_connected
string,#weapon/pistol_standard_t8
string,#hash_71f5a4b28e790da2
string,#weapon/melee_demohammer_t8
string,#weapon/smg_mp40
string,#weapon/hero_annihilator
string,#hash_7495ad4d2269f0d1
string,#hash_74978fc95bfb2bfd
string,#weapon/hatchet
string,#mpui/stalker_desc
string,#weapon/gadget_health_regen_small
string,#hash_7564cce16f4274f6
string,#weapon/sniper_quickscope_t8
string,#weapon/hero_flamethrower
string,#mpui/damage
string,#hash_758d93baadbc199d
string,#wz/attach_fastmag
string,#wz/attach_acog_plus
string,#mpui/camo_active_kills_without_dying
string,#mpui/camo_ash
string,#hash_768c5aeecc2d7cc4
string,#mpui/grip2_desc
string,#weapon/lmg_stealth_t8
string,#hash_7725a43a5e8755ad
string,#hash_7793b727a6a89304
string,#menu/camo_loot_cyberpunk
string,#menu/camo_active_celestial
string,#killstreak/auto_turret_inbound
string,#menu/camo_loot_citrus
string,#mpui/rf_desc
string,#mpui/mk_desc
string,#hash_78ae51044520d606
string,#hash_78b448d799b46550
string,#hash_78d753143b405d88
string,#wz/blackjackstash
string,#weapon/ultimate_turret
string,#mpui/speedreloader
string,#mpui/dw_desc
string,#menu/camo_loot_disavowed
string,#mpui/camo_active_headshots
string,#zmweapon/blundergat
string,#mpui/rangefinder_desc
string,#killstreak/auto_turret_not_available
string,#feature/gun_emblem
string,#weapon/smg_folding_t8
string,#hash_7bf8bcf55e2bd26e
string,#hash_7c209aedac76fe39
string,#mpui/mms
string,#hash_7d24166bf7f8b2f7
string,#hash_7d3e69af1a992cec
string,#menu/camo_loot_greengradient
string,#mpui/camo_woodlums
string,#weapon/hawk
string,#hash_7dbf9926c8866a51
string,#weapon/smg_minigun_t8
string,#hash_7e31505384e0837a
string,#mpui/tacknife_desc
string,#menu/camo_loot_paradise
string,#weapon/smg_fastburst_t8
string,#menu/camo_loot_plasmadrive
fx,#fire/fx_ability_fire_immolation_wing_wasp
fx,#hash_b8eef5b25515059
fx,#fire/fx_ability_fire_immolation_wasp
fx,#hash_10138d6ad6687c27
fx,#hash_10dd6da6249fb08d
fx,#hash_17ad4f3bc2ca132c
fx,#vehicle/fx8_vdest_heli_tail_destroyed
fx,#electric/fx_ability_elec_surge_short_turret
fx,#blood/fx8_blood_cam_gib_spray_zm
fx,#hash_21e2ff6136bedeca
fx,#hash_25c1e3b03689a0aa
fx,#killstreaks/fx_sentinel_exp_2
fx,#hash_355d8db7f649041c
fx,#hash_393af8cc20b1e2b0
fx,#hash_39711d7ecdf33418
fx,#hash_3c9948ab313a6483
fx,#explosions/fx8_exp_elec_equip_sm
fx,#hash_4470d9d4063cf878
fx,#hash_4470dad4063cfa2b
fx,#hash_4470dcd4063cfd91
fx,#hash_461e71ea94d3f253
fx,#hash_4c24e997afad36e0
fx,#electric/fx_ability_elec_startup_wasp
fx,#hash_4e3dc7da8f681079
fx,#hash_4e40eada8f6a81c9
fx,#hash_4e55cdda8f7cac8c
fx,#hash_4ecb7eec753ad761
fx,#light/fx_light_veh_wasp_under
fx,#hash_57034716c105e41e
fx,#hash_59422cff58693587
fx,#destruct/fx_vdest_debris_elec_surge_sm_os
fx,#hash_64d43fb1450e72b3
fx,#hash_64d440b1450e7466
fx,#hash_64dbfc4253f51c17
fx,#hash_64ec68c9214ac883
fx,#hash_66478d394cf5596d
fx,#hash_678ac7747906c1ae
fx,#hash_679cb2457e735297
fx,#hash_6ad36dd4e650a170
fx,#hash_721990bf03bf0871
fx,#vehicle/fx8_vdest_heli_rotor_destroyed
fx,#light/fx_light_veh_wasp
fx,#hash_77f73383183665cc
fx,#hash_77f7368318366ae5
fx,#electric/fx_ability_elec_surge_short_wasp
fx,#hash_7aba2f333cd1bff9
fx,#hash_7b951deec27b35c1
fx,#hash_7d69ee9822b45157
radiant_exploder,#fx_exploder_fireworks_ee
radiant_exploder,#hash_445857a97b4d24cc
soundalias,#hash_47728f971c8122
soundalias,#dst_dest_glo_paper_02_d0
soundalias,#hash_c0ef347f1bc1d8
soundalias,#dst_xlight
soundalias,#amb_metal_stress_wreck
soundalias,#amb_waves
soundalias,#dst_propane_tank_lfe
soundalias,#hash_23d308f71a291b7
soundalias,#pfx_spark_sub_ramses
soundalias,#dst_palet_wood
soundalias,#amb_metal_hits
soundalias,#uin_wz_attach_fmj
soundalias,#zmb_box_move
soundalias,#hash_318d7935a026c04
soundalias,#dst_cover_concrete
soundalias,#evt_supply_stash_open
soundalias,#uin_wz_perk_flak
soundalias,#evt_garage_button_press
soundalias,#dst_typewriter
soundalias,#fly_pickup_armor_repair_plate
soundalias,#hash_3f50ce10b5ed7f8
soundalias,#hash_4092b1743752abd
soundalias,#dst_gas_pipe_lp
soundalias,#pfx_t8_spark_med
soundalias,#amb_chain_body_hang
soundalias,#wpn_bball_pickup_plr
soundalias,#evt_nixie_clock_on
soundalias,#evt_nixie_clock_lp
soundalias,#mus_homunculus_dance
soundalias,#uin_wz_attach_fastmag
soundalias,#fly_pickup_ammo_rocket
soundalias,#fly_pickup_health_medium
soundalias,#veh_dart_wall_imp
soundalias,#dst_fish_tank
soundalias,#hash_637ac2afa6be31d
soundalias,#exp_concussive_large_flux_l
soundalias,#exp_concussive_large_flux_r
soundalias,#hash_6a97a2aee9eb2f4
soundalias,#fly_drop_armor
soundalias,#veh_dart_lfe
soundalias,#fly_pickup_recon_car
soundalias,#amb_ocean_splash
soundalias,#pfx_water_drip
soundalias,#dst_transformer_lfe
soundalias,#evt_metal_gate
soundalias,#hash_8d020e5460f4a95
soundalias,#exp_barrel_lfe
soundalias,#wpn_bball_pickup
soundalias,#zmb_box_electricity
soundalias,#exp_electrical_large_flux_l
soundalias,#exp_electrical_large_flux_r
soundalias,#exp_incindiary_large_hdr
soundalias,#pfx_spark_sml
soundalias,#evt_nixie_clock_open
soundalias,#amb_light_buzz
soundalias,#amb_air_blend
soundalias,#uin_wz_attach_fasthand
soundalias,#hash_ba5815eb0dc4d97
soundalias,#hash_bbcb177c1a91739
soundalias,#dst_hydrant_destroyed
soundalias,#exp_incindiary_small_lfe
soundalias,#evt_skydive_parachute_open
soundalias,#amb_song_birds
soundalias,#veh_dart_moving
soundalias,#amb_thunder_rumble
soundalias,#exp_concussive_large
soundalias,#vox_homun_scream_exert_homu
soundalias,#hash_d956db2a914514e
soundalias,#uin_wz_attach_ads_rld
soundalias,#amb_wind_gust_lighthouse
soundalias,#hash_dc15a80ef6629c9
soundalias,#hash_dc5a87ff79146e2
soundalias,#amb_crow_caw
soundalias,#fly_step_chain_link_npc
soundalias,#fly_drop_blade
soundalias,#evt_ammo_stash_open
soundalias,#exp_concussive_large_concussion
soundalias,#hash_10aa83cbbee3a039
soundalias,#uin_wz_attach_lasersight
soundalias,#pfx_spark_blue_loop
soundalias,#hash_11b3d5b6c9701a29
soundalias,#veh_dart_ground_imp_layer
soundalias,#exp_electrical_large_sweet
soundalias,#hash_12c454ce7caf69e3
soundalias,#evt_nixie_clock_scroll
soundalias,#fly_dart_put_away_plr
soundalias,#hash_13363893c4e80884
soundalias,#hash_134bc3c2ce6ed759
soundalias,#dst_glass_radar_pane_hit
soundalias,#veh_dart_ground_imp
soundalias,#amb_clock_tick
soundalias,#evt_death_circle_weak
soundalias,#amb_vending_machine
soundalias,#zmb_box_weapon_spin
soundalias,#amb_rand_dove
soundalias,#zmb_sq_souls_release
soundalias,#amb_rand_birds
soundalias,#uin_killcam_start
soundalias,#fly_golden_spork_first_raise
soundalias,#fly_step_glass_npc
soundalias,#zmb_box_unlock
soundalias,#amb_candles_lp
soundalias,#uin_endgame_player_eliminated
soundalias,#amb_wind_gust_loud
soundalias,#uin_wz_attach_hical
soundalias,#amb_rattlesnake
soundalias,#hash_1888189da515efed
soundalias,#pfx_spark_thin
soundalias,#hash_18937830921192bb
soundalias,#amb_light_flicker
soundalias,#amb_fireworks
soundalias,#evt_player_swiped
soundalias,#evt_door_dest_mtl
soundalias,#hash_19bb894d039e8441
soundalias,#amb_respirator
soundalias,#exp_barrel
soundalias,#dst_water_bottle
soundalias,#uin_wz_attach_barrel
soundalias,#amb_cloth_loop
soundalias,#evt_nixie_clock_switch
soundalias,#wpn_dart_throw_plr
soundalias,#amb_tarp_flap
soundalias,#uin_endgame_team_eliminated
soundalias,#fly_step_glass_plr
soundalias,#amb_air_blend_far
soundalias,#hash_1c4290ca92541819
soundalias,#amb_bee_flyby
soundalias,#hash_1d6749937f39ac9f
soundalias,#hash_1d6e8d28eabdb1fb
soundalias,#amb_freezer_hiss
soundalias,#amb_turbine
soundalias,#pfx_spark_orange_loop
soundalias,#uin_ac130_alarm_missile_incoming
soundalias,#uin_wz_perk_lightweight
soundalias,#amb_plastic_flag
soundalias,#amb_old_machinery
soundalias,#pfx_spark_shower_lng_far
soundalias,#fly_step_puddle_plr
soundalias,#dst_nitrogen_tank_leak
soundalias,#uin_wz_perk_select
soundalias,#hash_1fdd6b546a0aec39
soundalias,#hash_1fe6b3c0296ec414
soundalias,#dst_fern
soundalias,#evt_transmission
soundalias,#hash_200e28bcd26bab77
soundalias,#hash_200e2ebcd26bb5a9
soundalias,#pfx_spark_shower_shrt
soundalias,#zmb_magicbox_leave
soundalias,#fly_pickup_dart
soundalias,#hash_213d63821681c484
soundalias,#uin_warzone_waypoint_rmv
soundalias,#evt_deploy_plr
soundalias,#hash_215e1891b2952ace
soundalias,#wpn_dart_alert
soundalias,#pfx_spark_bounce
soundalias,#fly_step_gravel_plr
soundalias,#evt_zone_collapsed_lp
soundalias,#hash_22c88cff01a4691b
soundalias,#exp_incindiary_small
soundalias,#evt_health_stash_open_ds
soundalias,#amb_wind_gust
soundalias,#amb_metal_creak
soundalias,#evt_skydive_wind_light
soundalias,#dst_dest_glo_fire_extinguisher_d0
soundalias,#fly_dart_raise_plr
soundalias,#hash_247a4142a39001fe
soundalias,#fly_drop_carver
soundalias,#uin_killcam_oneshot_for_duck
soundalias,#uin_crate_interact_ds
soundalias,#fly_drop_generic
soundalias,#fly_step_wreckage_npc
soundalias,#uin_wz_perk_reveal
soundalias,#dst_server_glass
soundalias,#amb_chain_creak
soundalias,#amb_chain_hang_forward
soundalias,#uin_wz_attach_silencer_on
soundalias,#amb_taut_cables
soundalias,#exp_concussive_small_concussion
soundalias,#hash_271fe54d919e7355
soundalias,#amb_flag
soundalias,#amb_chain_loop
soundalias,#amb_thunder_strike
soundalias,#hash_284cef5dead435f4
soundalias,#uin_wz_attach_remove
soundalias,#veh_dart_moving_close
soundalias,#uin_wz_perk_ghost
soundalias,#evt_supply_crush
soundalias,#hash_29268bf56efb4333
soundalias,#fly_pickup_health_small
soundalias,#dst_paper
soundalias,#fly_dart_first_raise_plr
soundalias,#fly_dart_raise_npc
soundalias,#uin_wz_perk_coldblood
soundalias,#hash_29f2a9f49833dfaf
soundalias,#fly_step_chain_link_plr
soundalias,#evt_supply_drop_open_ds
soundalias,#evt_spk_reveal
soundalias,#pfx_spark_med_far
soundalias,#uin_warzone_waypoint_place
soundalias,#exp_transformer_flux_r
soundalias,#exp_transformer_flux_l
soundalias,#amb_chain_rattle
soundalias,#evt_door_dest_wood
soundalias,#dst_dest_reel2reel_01_dp_d0
soundalias,#dst_dest_reel2reel_01_dp_d1
soundalias,#dst_dest_reel2reel_01_dp_d2
soundalias,#hash_2df6e9ea7bd98b2e
soundalias,#hash_2dfe7f7f7939c1a7
soundalias,#exp_incindiary_large_lfe
soundalias,#exp_mp_propane_tank_explo
soundalias,#evt_elevator_start
soundalias,#exp_redbarrel
soundalias,#uin_wz_perk_dexterity
soundalias,#dst_server_power
soundalias,#zmb_sq_souls_impact
soundalias,#hash_2f906af4529152ca
soundalias,#dst_foodstand
soundalias,#evt_armor_plate_repair
soundalias,#evt_incendiary_fire_barrel_sm
soundalias,#exp_concussive_small
soundalias,#evt_incendiary_fire_barrel_lg
soundalias,#amb_water_drip
soundalias,#hash_30b39bd35f0f458a
soundalias,#exp_barrel_close
soundalias,#amb_light_buzz_floor
soundalias,#evt_death_circle_3d
soundalias,#hash_31e198eb0f1615d3
soundalias,#amb_height_looper_mountain_bck
soundalias,#evt_wz_bounty_success
soundalias,#fly_pickup_ammo_shotgun
soundalias,#uin_endgame_screen_exit
soundalias,#evt_plane_door_open
soundalias,#fly_step_sludge_plr
soundalias,#veh_dart_ground_death
soundalias,#zmb_box_poof
soundalias,#evt_supply_stash_open_ds
soundalias,#dst_spark_bounces
soundalias,#amb_freezer
soundalias,#mpl_infection_trans_vox
soundalias,#dst_rock_large
soundalias,#hash_34d23b3283073edf
soundalias,#exp_electrical_small_spark
soundalias,#amb_sea_bug
soundalias,#fly_pickup_cymbal_monkey
soundalias,#veh_dart_explo
soundalias,#fly_pickup_ammo
soundalias,#evt_health_stash_open
soundalias,#evt_portal_spawn
soundalias,#pfx_water_splash
soundalias,#evt_garage_close_lrg
soundalias,#mus_jukebox_04
soundalias,#mus_jukebox_05
soundalias,#mus_jukebox_02
soundalias,#mus_jukebox_03
soundalias,#mus_jukebox_00
soundalias,#mus_jukebox_01
soundalias,#mpl_health_regen_loop_plr
soundalias,#evt_pot_of_gold_open
soundalias,#exp_supply_panels_lfe
soundalias,#hash_3aac2b186a891568
soundalias,#hash_3afd4d1b541b9c32
soundalias,#fly_step_puddle_npc
soundalias,#uin_wz_attach_burstcount
soundalias,#dst_solar_flux_l
soundalias,#dst_solar_flux_r
soundalias,#hash_3b6983b084cfef53
soundalias,#amb_wind_country_2d
soundalias,#fly_dart_put_away_npc
soundalias,#hash_3c7b9b222c1518b3
soundalias,#evt_cooler_deflate_half
soundalias,#amb_cafeteria_wind
soundalias,#hash_3d8e094251310d8c
soundalias,#zmb_ann_vox_laugh_r
soundalias,#zmb_ann_vox_laugh_l
soundalias,#evt_ammo_stash_open_ds
soundalias,#exp_barrel_flux_r
soundalias,#exp_barrel_flux_l
soundalias,#evt_elevator_button
soundalias,#uin_wz_attach_lasersight_on
soundalias,#evt_wallbuy_pickup
soundalias,#hash_3fb30e7a85b2bf7e
soundalias,#hash_4129cf9133e09d53
soundalias,#hash_41752ea044912974
soundalias,#hash_41def4c864993224
soundalias,#uin_wz_attach_reflex
soundalias,#fly_pickup_ammo_can
soundalias,#evt_nixie_clock_scroll_swt
soundalias,#evt_garage_close_med
soundalias,#vox_homun_deploy_exert_homu
soundalias,#hash_43052a90488ebe28
soundalias,#dst_hydrant_end_loop
soundalias,#dst_gas_canister_open
soundalias,#exp_nitrogen_tank_lfe
soundalias,#amb_light_buzz_bulb
soundalias,#amb_tv_static
soundalias,#evt_alarm_lp
soundalias,#amb_light_doctor
soundalias,#pfx_spark_generic
soundalias,#hash_44d2ef3dd5fd9389
soundalias,#fly_pickup_carver
soundalias,#pfx_light_buzz
soundalias,#evt_garage_open_lrg
soundalias,#hash_456af38afaef9d77
soundalias,#hash_456af98afaefa7a9
soundalias,#hash_45a7a48cb45a4711
soundalias,#amb_water_lapping_lp
soundalias,#evt_portal_spawn_lfe
soundalias,#uin_wz_attach_grip
soundalias,#amb_fireplace
soundalias,#uin_wz_perk_bloody_tracker
soundalias,#wpn_dart_pullback_npc
soundalias,#vox_homun_scream_exert_homu_0
soundalias,#amb_distant_thunder
soundalias,#dst_garbage_bag
soundalias,#fly_drop_armor_repair_plate
soundalias,#fly_pickup_attachment
soundalias,#uin_wz_perk_outlander
soundalias,#exp_barrel_fire
soundalias,#evt_supply_smoke_lp
soundalias,#uin_wz_perk_looter
soundalias,#exp_electrical_small
soundalias,#exp_supply_panels
soundalias,#evt_wallbuy_reveal
soundalias,#uin_wz_perk_gungho
soundalias,#evt_zone_collapsing_lp
soundalias,#dst_pipe_water
soundalias,#uin_wz_attach_mags
soundalias,#hash_4b98472de9aeb14b
soundalias,#dst_dest_glo_paper_04_d0
soundalias,#exp_concussive_small_lfe
soundalias,#exp_nitrogen_flux_r
soundalias,#exp_nitrogen_flux_l
soundalias,#fly_pickup_ammo_box
soundalias,#uin_wz_perk_depleted
soundalias,#hash_4ca3d2aaa573f1c8
soundalias,#evt_garage_open_med
soundalias,#dst_solar_panel_lrg
soundalias,#uin_quick_menu_swap
soundalias,#fly_drop_health
soundalias,#uin_wz_attach_bayonet
soundalias,#dst_solar_panel_lfe
soundalias,#hash_4d502bdeb4927a45
soundalias,#amb_hawk
soundalias,#hash_4daf674ba4990bbd
soundalias,#wpn_dart_throw_npc
soundalias,#amb_seagulls
soundalias,#hash_4e6961a19e5fb87f
soundalias,#uin_wz_attach_rapid
soundalias,#dst_propane_tank_explo
soundalias,#hash_4ed3cdc53c2c1be8
soundalias,#uin_wz_perk_deadsilence
soundalias,#evt_elevator_move
soundalias,#amb_buried_piano
soundalias,#pfx_water_valve_gush
soundalias,#dst_pipe_steam
soundalias,#zmb_sq_souls_lp
soundalias,#veh_dart_wall_imp_spark
soundalias,#hash_4ffd8ac85d3a7cbb
soundalias,#dst_glass_pane
soundalias,#hash_502143ea058b74a5
soundalias,#hash_5056eec5b47aced1
soundalias,#hash_507f05c5b49c47fa
soundalias,#amb_balloon_pop
soundalias,#veh_dart_decay
soundalias,#uin_wz_perk_resistance
soundalias,#hash_51a9b856a9474bab
soundalias,#amb_freezer_air
soundalias,#exp_electrical_large
soundalias,#pfx_spark_generic_far
soundalias,#uin_wz_perk_engineer
soundalias,#dst_dest_glo_paper_01_d0
soundalias,#hash_52944a6e1c546d69
soundalias,#amb_height_looper_mountain_fnt
soundalias,#veh_dart_close_explo
soundalias,#fly_dart_first_raise_npc
soundalias,#dst_server
soundalias,#dst_pipe_steam_pop
soundalias,#dst_garbage_bag_02
soundalias,#amb_raven_flap
soundalias,#fly_step_cornfield_npc
soundalias,#uin_wz_attach_knife
soundalias,#uin_wz_attach_dragon
soundalias,#hash_553c8042d558151c
soundalias,#fly_step_rickety_stairs_npc
soundalias,#dst_wood
soundalias,#uin_wz_perk_paranoia
soundalias,#pfx_spark_bounce_blue
soundalias,#evt_magic_box_open
soundalias,#hash_56f62705c6a2bcb6
soundalias,#fly_pickup_quest
soundalias,#dst_steam_pipe_lp
soundalias,#fly_pickup_blade
soundalias,#hash_58764968f3c2ac18
soundalias,#hash_5895e40634201f13
soundalias,#exp_electrical_large_spark
soundalias,#exp_concussive_large_lfe
soundalias,#dst_hotdog_cart
soundalias,#hash_59160cfd21d602bb
soundalias,#hash_5967fbc1c06f1e75
soundalias,#dst_fire_extinguisher
soundalias,#fly_step_cornfield_plr
soundalias,#evt_nixie_clock_confirm
soundalias,#dst_dest_gascan_01_dp_d0
soundalias,#hash_5a5d41e351c3ff44
soundalias,#hash_5b18895703fba823
soundalias,#amb_bridge_creak_l
soundalias,#amb_bridge_creak_r
soundalias,#hash_5b61a75f0e35645c
soundalias,#hash_5b61b4187c83253d
soundalias,#pfx_prj_impact_bounce
soundalias,#evt_death_circle_med
soundalias,#uin_wz_attach_barrelchoke
soundalias,#evt_spawn_horn
soundalias,#hash_5bd814a5820fcc6d
soundalias,#evt_supply_drop
soundalias,#dst_transformer_explo
soundalias,#evt_garage_close_small
soundalias,#hash_5d1942a5d01cbcb3
soundalias,#veh_dart_vox
soundalias,#hash_5e6b9bc4fc8f9ce9
soundalias,#exp_nitrogen_tank_explo
soundalias,#evt_death_stash_open
soundalias,#mus_nixie_clock
soundalias,#dst_generic_glass_large
soundalias,#amb_wind_interior_2d
soundalias,#hash_5f11cf35c7a26267
soundalias,#amb_metal_stress_light
soundalias,#evt_player_swiped_victim_armor
soundalias,#fly_pickup_armor_light
soundalias,#hash_5f99276d742fee75
soundalias,#amb_rope_creak
soundalias,#fly_pickup_paintcan
soundalias,#dst_hydrant_destroyed_loop
soundalias,#amb_train_station_interior
soundalias,#hash_6003deec54d1f40e
soundalias,#hash_600407e2ddeadb75
soundalias,#hash_6016218bb20f0147
soundalias,#evt_death_circle_strong
soundalias,#veh_dart_ground_imp_water
soundalias,#amb_tree_leaves
soundalias,#exp_electrical_large_lfe
soundalias,#hash_60ca8e0af0a82277
soundalias,#fly_drop_backpack
soundalias,#amb_pump
soundalias,#fly_pickup_armor_heavy
soundalias,#evt_supply_drop_open
soundalias,#fly_pickup_generic
soundalias,#hash_619bf069e410b863
soundalias,#evt_wingsuit_deploy
soundalias,#hash_61fc4fa3eeafcf07
soundalias,#pfx_spark_blue_loop_loud
soundalias,#p_dest_paper_stack02
soundalias,#p_dest_paper_stack01
soundalias,#fly_drop_paintcan
soundalias,#pfx_splash_lrg
soundalias,#fly_pickup_weapon
soundalias,#amb_flies
soundalias,#pfx_spark_lrg
soundalias,#fly_step_gravel_npc
soundalias,#amb_water_lap
soundalias,#fly_bump_chainlink
soundalias,#hash_63fbf9092aee8735
soundalias,#evt_player_swiped_armor
soundalias,#hash_64441bbb83e130e9
soundalias,#hash_6478a83645f93f08
soundalias,#pfx_spark_shower_lng
soundalias,#evt_elevator_button_bell
soundalias,#evt_skydive_wind_heavy
soundalias,#hash_6560397aabc76c2f
soundalias,#exp_incindiary_large
soundalias,#amb_buoy
soundalias,#hash_66edd342df7791fd
soundalias,#pfx_spark_xlrg
soundalias,#amb_netting_flap
soundalias,#uin_wz_attach_stock
soundalias,#evt_elevator_stop
soundalias,#hash_67c1a48c899c0d83
soundalias,#exp_incindiary_small_hdr
soundalias,#fly_drop_weapon
soundalias,#fly_step_mattress_npc
soundalias,#hash_689f11fd8983d1a6
soundalias,#hash_68dca998cd97982b
soundalias,#amb_tarp_flap_far
soundalias,#hash_694b6b5d665c7a5e
soundalias,#fly_pickup_backpack
soundalias,#dst_dest_jun_typewriter_d0
soundalias,#pfx_splash_med
soundalias,#amb_sea_st
soundalias,#mus_homunculus_dance_lp
soundalias,#dst_luggage
soundalias,#hash_6a884eb910cabddf
soundalias,#dst_generic_glass_crack
soundalias,#hash_6b4fa8bf14690e0c
soundalias,#uin_wz_attach_suppress
soundalias,#evt_nixie_clock_off
soundalias,#uin_wz_perk_scavenger
soundalias,#dst_generic_glass_med
soundalias,#amb_roach_skitter
soundalias,#hash_6d40de6f3e747fb1
soundalias,#dst_electronics_elc_sm
soundalias,#pfx_spark_med
soundalias,#hash_6dc82e099759d89d
soundalias,#amb_cooler_lp
soundalias,#fly_step_mattress_plr
soundalias,#hash_6e471fde121d0263
soundalias,#amb_toilet_loop
soundalias,#fly_pickup_health_large
soundalias,#hash_6ec7551baac57d63
soundalias,#amb_water_pipe
soundalias,#hash_6f3539d2ca988304
soundalias,#pfx_spark_ladder
soundalias,#evt_magic_box_open_ds
soundalias,#wpn_dart_pullback_plr
soundalias,#amb_bridge_wind_r
soundalias,#amb_bridge_wind_l
soundalias,#veh_dart_timer_alert
soundalias,#evt_death_stash_open_ds
soundalias,#amb_beetle_flyby
soundalias,#pfx_spark_pop
soundalias,#amb_air_at_sea
soundalias,#fly_step_sludge_npc
soundalias,#amb_water_lapping_dock
soundalias,#fly_step_wreckage_plr
soundalias,#dst_trash_bag
soundalias,#fly_pickup_armor_medium
soundalias,#hash_73073b4c3a019b51
soundalias,#uin_wz_perk_teamlink
soundalias,#amb_fly_single
soundalias,#uin_wz_perk_medic
soundalias,#uin_wz_perk_aware
soundalias,#fly_drop_recon_car
soundalias,#pfx_flies
soundalias,#amb_glitched_screen_quiet
soundalias,#amb_air_lighthouse
soundalias,#evt_player_swiped_victim
soundalias,#hash_757c35cbad846c27
soundalias,#amb_chain_hang_back
soundalias,#fly_step_rickety_stairs_plr
soundalias,#evt_garage_open_small
soundalias,#pfx_t8_spark_sm
soundalias,#hash_770c96a35322e11d
soundalias,#dst_dest_reel2reel_02_dp_d0
soundalias,#hash_7741043df21d9fc8
soundalias,#exp_electrical_small_lfe
soundalias,#evt_pot_of_gold_empty
soundalias,#exp_incindiary_large_flux_l
soundalias,#exp_incindiary_large_flux_r
soundalias,#fly_pickup_health_tak
soundalias,#dst_wood_crate
soundalias,#uin_final_jump
soundalias,#amb_metal_stress_lrg
soundalias,#dst_generic_glass_small
soundalias,#hash_7ac5fa6568de2461
soundalias,#hash_7ad11f626a94fdd5
soundalias,#veh_dart_gibbed
soundalias,#dst_glass_radar_pane_break
soundalias,#wpn_bball_bounce_default
soundalias,#evt_cooler_deflate_whole
soundalias,#uin_clear_to_jump
soundalias,#fly_golden_spork_first_raise_npc
soundalias,#wpn_dart_snap_plr
soundalias,#mus_prison_underscore
soundalias,#mus_roundstart_3d
soundalias,#vox_homun_deploy_exert_homu_0
soundalias,#evt_elevator_lfe
soundalias,#uin_crate_interact
soundalias,#hash_7d7670b1795f586f
soundalias,#exp_incindiary_large_decay
soundalias,#zmb_box_implode
soundalias,#evt_pot_of_gold_poof
soundalias,#evt_fan_break
soundalias,#hash_7f067d9322e18ffa
soundalias,#hash_7f118ea3a4874268
soundalias,#amb_water_lap_lp
soundalias,#fly_pickup_carver_swt
soundalias,#exp_barrel_dist
soundalias,#hash_7ff007fca6ac13d7
client_fx,#zm_ai/fx8_dog_tail_glow
client_fx,#weapon/fx8_amulet_impact
client_fx,#hash_516658693b0a89
client_fx,#weapon/fx_trail_grenade
client_fx,#impacts/fx8_proj_impact_water_lg
client_fx,#impacts/fx8_proj_impact_water_sm
client_fx,#hash_15b4dac776370f0
client_fx,#hash_16259ac7769a402
client_fx,#hash_212c7fc08851dc9
client_fx,#hash_220ecb384b33e41
client_fx,#hash_227d8b384b93af3
client_fx,#zm_ai/fx8_avo_elec_aura_weakened
client_fx,#fire/fx_ability_fire_immolation_wing_wasp
client_fx,#hash_296bd2fdeae92fd
client_fx,#zm_ai/fx8_cata_elec_aura
client_fx,#explosions/fx8_exp_grenade_default
client_fx,#hash_331c80e7d24798d
client_fx,#hash_338b40e7d2a763f
client_fx,#impacts/fx8_bul_impact_default_xsm
client_fx,#impacts/fx_bul_impact_heavy_head_nonfatal_exit
client_fx,#weapon/fx8_shellejects_rifle
client_fx,#impacts/fx8_bul_impact_default_xlg
client_fx,#impacts/fx8_bul_impact_blood_head_nonfatal
client_fx,#impacts/fx8_bul_impact_robot_limb_nonfatal
client_fx,#explosions/fx8_exp_rocket_sand
client_fx,#zm_weapons/fx8_blundersplat_muzzleflash_3p
client_fx,#hash_4763d0764efa8db
client_fx,#impacts/fx8_bul_impact_water_xlg
client_fx,#impacts/fx8_bul_impact_water_xsm
client_fx,#hash_5a5f94494f33afb
client_fx,#hash_5b4e0c241c75dae
client_fx,#hash_5f99e40139885a5
client_fx,#weapon/fx8_hero_bow_lnchr_trail_sm
client_fx,#hash_629053b4b8f0d36
client_fx,#hash_62f074d527f46c0
client_fx,#weapon/fx8_impact_secretsanta
client_fx,#impacts/fx8_bul_impact_default_lg
client_fx,#hash_74e56c28b177827
client_fx,#hash_764c40cff30dca5
client_fx,#impacts/fx8_bul_impact_default_sm
client_fx,#hash_79c8c484e20daab
client_fx,#hash_7f5b0cb274778c8
client_fx,#impacts/fx8_flechette_impact_metal
client_fx,#player/fx_plyr_jump_dust_dirt
client_fx,#hash_88dadfc0ec8d186
client_fx,#explosions/fx8_exp_rocket_glass
client_fx,#impacts/fx_bul_impact_pwr_armor_lg
client_fx,#hash_a2ebf392514d1ee
client_fx,#weapon/fx8_shellejects_pistol
client_fx,#hash_a86840611a72cf6
client_fx,#hash_b8eef5b25515059
client_fx,#hash_bdda185a72afa43
client_fx,#hash_bde9396a806f8d4
client_fx,#hash_c1d8a8510116b13
client_fx,#fire/fx_ability_fire_immolation_wasp
client_fx,#weapon/fx8_hero_flamethrower_begin_3p_uw
client_fx,#hash_cf369fc45d208c9
client_fx,#hash_d185de6377a14df
client_fx,#hash_d2629ebd9cb2c7a
client_fx,#impacts/fx8_bul_impact_metal_xtreme
client_fx,#player/fx8_plyr_speed_distort_lg_emitter
client_fx,#impacts/fx_bul_impact_boss_body_nonfatal_exit
client_fx,#hash_e3577c605255044
client_fx,#impacts/fx_bul_impact_boss_body_nonfatal
client_fx,#hash_ec6dc3f4ab5794e
client_fx,#vehicle/fx8_treadfx_grass_peel
client_fx,#weapon/fx8_hero_sig_disrupt_tripwire
client_fx,#vehicle/fx8_treadfx_sand_peel
client_fx,#vehicle/fx8_treadfx_default_peel
client_fx,#hash_f6f89bc69374228
client_fx,#hash_fbadfbe7348ad4d
client_fx,#hash_fc0cbbe734cf6ff
client_fx,#killstreaks/fx_sentinel_exp
client_fx,#hash_ffe98ef7723c875
client_fx,#hash_1008bbbc9ba91883
client_fx,#hash_10138d6ad6687c27
client_fx,#explosions/fx8_exp_grenade_wood
client_fx,#hash_106e1868ca02f8e8
client_fx,#hash_10dd6da6249fb08d
client_fx,#hash_112d651de6c6d69e
client_fx,#weapon/fx8_hero_sig_disrupt_sentry_barrel
client_fx,#hash_1143213424c72197
client_fx,#hash_1176402c6ca472a1
client_fx,#hash_117d2c2c6caa6f53
client_fx,#hash_11c84a4f2b0183f9
client_fx,#explosions/fx_exp_grenade_water_shllw
client_fx,#impacts/fx8_bul_impact_concrete_sm
client_fx,#impacts/fx8_bul_impact_concrete_lg
client_fx,#impacts/fx8_bul_impact_metal_sm
client_fx,#impacts/fx8_bul_impact_metal_lg
client_fx,#impacts/fx8_bul_impact_blood_head_nonfatal_exit
client_fx,#hash_12b801a1dd9b7dc1
client_fx,#hash_12b944b36953a819
client_fx,#hash_12c0d224e578c92a
client_fx,#impacts/fx8_grapple_release_glass
client_fx,#hash_13988fd86e6dd82a
client_fx,#hash_13b3ca38b1f1aa80
client_fx,#hash_142591980890a38f
client_fx,#hash_1434955656432bd4
client_fx,#weapon/fx8_muz_ar_dmg_1p
client_fx,#weapon/fx8_muz_ar_dmg_3p
client_fx,#zm_ai/fx8_avo_elec_projectile
client_fx,#impacts/fx8_grapple_impact_snow
client_fx,#player/fx_plyr_water_splash_sm
client_fx,#hash_154c2663026efcbb
client_fx,#weapon/fx8_muz_ar_mod_1p
client_fx,#weapon/fx8_muz_ar_mod_3p
client_fx,#destruct/fx_dest_window_glass_edge
client_fx,#hash_1581bc9a3084d7b8
client_fx,#hash_1587c89a308957ca
client_fx,#explosions/fx8_exp_grenade_semtex_dirt
client_fx,#hash_16a3a68137d3e7d9
client_fx,#hash_172532aa2914fe12
client_fx,#impacts/fx8_grapple_release_concrete
client_fx,#hash_175dde33dcb60f21
client_fx,#hash_178d7ecae7aaf9c9
client_fx,#hash_178d9e4ac566deb5
client_fx,#impacts/fx8_bul_impact_gravel_lg
client_fx,#impacts/fx8_bul_impact_gravel_sm
client_fx,#hash_17ad4f3bc2ca132c
client_fx,#impacts/fx8_bul_impact_blood_limb_zm
client_fx,#explosions/fx8_exp_grenade_semtex_glass
client_fx,#hash_18b7f732ac5279df
client_fx,#tools/fx_null
client_fx,#hash_18c1125f21810b5b
client_fx,#impacts/fx8_bul_impact_default_xtreme
client_fx,#vehicle/fx8_vdest_heli_tail_destroyed
client_fx,#impacts/fx8_bul_impact_thin_metal_xsm
client_fx,#vehicle/fx8_treadfx_grass_tread_emit
client_fx,#hash_19853317668e7ce8
client_fx,#impacts/fx8_bul_impact_robot_head_fatal_exit
client_fx,#impacts/fx8_bul_impact_thin_metal_xlg
client_fx,#hash_19bce9bfe29a95e1
client_fx,#hash_19c3d5bfe2a09293
client_fx,#hash_19fd67d4066e7da5
client_fx,#hash_1a48f6d4aa3ddc81
client_fx,#impacts/fx8_bul_impact_robot_body_fatal
client_fx,#hash_1a61f16f38e7e93d
client_fx,#hash_1aa7ac96383615da
client_fx,#impacts/fx_bul_impact_boss_body_fatal
client_fx,#hash_1bb2804cee53800d
client_fx,#impacts/fx_bul_impact_heavy_head_fatal
client_fx,#hash_1bdd0dedebd76ddb
client_fx,#maps/zm_escape/fx8_alcatraz_brut_spawn
client_fx,#vehicle/fx8_treadfx_sand_tread_emit
client_fx,#electric/fx_ability_elec_surge_short_turret
client_fx,#smoke/fx8_column_md_green
client_fx,#weapon/fx8_shellejects_saw
client_fx,#impacts/fx8_grapple_release_metal
client_fx,#blood/fx8_blood_cam_gib_spray_zm
client_fx,#killstreaks/fx_sentinel_lights
client_fx,#hash_1d5309639cb42250
client_fx,#impacts/fx8_bul_impact_dirt_sm
client_fx,#impacts/fx_bul_impact_armor_head_nonfatal
client_fx,#impacts/fx8_bul_impact_dirt_lg
client_fx,#impacts/fx_bul_impact_heavy_head_fatal_exit
client_fx,#hash_1ea133523dd8ae2d
client_fx,#hash_1ed24b24750582b0
client_fx,#hash_1ed95724750bb5c2
client_fx,#impacts/fx8_bul_impact_glass_xlg
client_fx,#impacts/fx_bul_impact_armor_head_fatal
client_fx,#hash_1f25f4f83c579a98
client_fx,#hash_1f307b4dd0a54b4d
client_fx,#impacts/fx8_bul_impact_glass_xsm
client_fx,#player/fx_plyr_land_dust_xlg
client_fx,#weapon/fx8_trail_crossbow_impaler
client_fx,#weapon/fx8_muz_smg_mp40_1p
client_fx,#weapon/fx8_muz_smg_mp40_3p
client_fx,#hash_206ff3cdaa6dbb81
client_fx,#hash_20b6c2a57c7b374f
client_fx,#hash_2147dab1373ff1d8
client_fx,#weapon/fx_hero_arm_blade_death_sparks
client_fx,#hash_21e2ff6136bedeca
client_fx,#impacts/fx_bul_impact_blood_body_fatal
client_fx,#hash_21f9281b0c6faa93
client_fx,#hash_22422ba79bd4eaaa
client_fx,#hash_224ed66be5768225
client_fx,#impacts/fx8_flechette_impact_dirt
client_fx,#vehicle/fx8_treadfx_concrete_tread_emit
client_fx,#hash_247c28b43c001b30
client_fx,#hash_24886715795bf94d
client_fx,#impacts/fx8_bul_impact_robot_body_nonfatal_exit
client_fx,#impacts/fx8_bul_impact_blood_limb_fatal_exit
client_fx,#zm_ai/fx8_dog_eye_glow
client_fx,#hash_24e2c7fb0b7375eb
client_fx,#hash_24fb9f1cba33a365
client_fx,#hash_251b3417b0b3f2c8
client_fx,#player/fx8_plyr_emote_homunc_green_end
client_fx,#hash_257cab7973b26272
client_fx,#impacts/fx8_grapple_impact_concrete
client_fx,#explosions/fx_exp_equipment_lg
client_fx,#hash_25c1e3b03689a0aa
client_fx,#impacts/fx8_grapple_impact_water
client_fx,#impacts/fx8_bul_impact_dirt_xtreme
client_fx,#explosions/fx_exp_grenade_water_surface_deep
client_fx,#impacts/fx_bul_impact_armor_body_fatal
client_fx,#impacts/fx_bul_impact_boss_head_nonfatal_exit
client_fx,#zm_ai/fx8_cata_water_aura
client_fx,#hash_26d0cedbeb39c5dd
client_fx,#weapon/fx8_hero_bow_lnchr_exp_bot_trail_emitter
client_fx,#hash_275a3539d38c5d92
client_fx,#impacts/fx8_bul_impact_metal_xsm
client_fx,#impacts/fx8_bul_impact_metal_xlg
client_fx,#impacts/fx8_bul_impact_water_xtreme
client_fx,#weapon/fx_trail_hatchet
client_fx,#hash_28a2464b588c7c85
client_fx,#vehicle/fx8_treadfx_concrete_skid_emit
client_fx,#impacts/fx8_bul_impact_robot_body_nonfatal
client_fx,#impacts/fx_bul_impact_boss_head_nonfatal
client_fx,#hash_29bd1ba4daf07a85
client_fx,#hash_29c327a4daf4fa97
client_fx,#hash_2a176525fb2a80e9
client_fx,#hash_2a275ff8389b08ed
client_fx,#hash_2a2e4bf838a1059f
client_fx,#hash_2a3b8c34c3324630
client_fx,#destruct/fx_dest_paper
client_fx,#impacts/fx8_grapple_impact_metal
client_fx,#killstreaks/fx_sentinel_exp_2
client_fx,#explosions/fx8_exp_grenade_snow
client_fx,#hash_2b3a857498481375
client_fx,#hash_2b4f0b7b45b86a3d
client_fx,#weapon/fx8_hero_sig_disrupt_trophy
client_fx,#hash_2b7cffbaa8412ded
client_fx,#weapon/fx8_muz_smg_acc_1p
client_fx,#weapon/fx8_muz_smg_acc_3p
client_fx,#hash_2bb1f5748a596228
client_fx,#hash_2bb901748a5f953a
client_fx,#explosions/fx8_exp_grenade_semtex_wood
client_fx,#explosions/fx8_exp_grenade_semtex_metal
client_fx,#vehicle/fx8_treadfx_mud_peel
client_fx,#hash_2cf426fd6fec8605
client_fx,#hash_2d5f8b9ec33ebeb8
client_fx,#hash_2db73e5540237e87
client_fx,#impacts/fx8_bul_impact_robot_limb_fatal_exit
client_fx,#hash_2e1eeb3b57ed7872
client_fx,#hash_2e27dbff115bc358
client_fx,#hash_2e3a479308a09bbe
client_fx,#hash_2f0d90d4922be0a2
client_fx,#impacts/fx_bul_impact_heavy_body_nonfatal_exit
client_fx,#impacts/fx8_grapple_release_snow
client_fx,#impacts/fx8_grapple_release_water
client_fx,#zm_ai/fx8_dog_torso_glow
client_fx,#hash_30e4475ecc854c5d
client_fx,#impacts/fx8_bul_impact_glass_xtreme
client_fx,#impacts/fx8_grapple_impact_dirt
client_fx,#hash_3202c49913ee49a7
client_fx,#weapon/fx8_shellejects_sniper
client_fx,#hash_3259aa4abd8d4b2a
client_fx,#hash_32768e5f2ffd176a
client_fx,#impacts/fx8_flechette_impact_wood
client_fx,#hash_32e4b681d6be4af7
client_fx,#hash_33076bd630a2b54d
client_fx,#hash_330d57d630a6feff
client_fx,#explosions/fx8_exp_grenade_glass
client_fx,#hash_3366ec5ecfaa3b8c
client_fx,#hash_336df85ecfb06e9e
client_fx,#hash_339f559e197ee782
client_fx,#hash_33a2cdf9cac52e00
client_fx,#weapon/fx8_muz_rocket_xm_3p
client_fx,#impacts/fx8_bul_impact_blood_body_fatal_exit
client_fx,#weapon/fx8_muz_rocket_xm_1p
client_fx,#hash_346d44ac745e9c5f
client_fx,#hash_34b41822449c3cbc
client_fx,#impacts/fx_bul_impact_heavy_body_nonfatal
client_fx,#impacts/fx8_bul_impact_thin_metal_sm
client_fx,#hash_355d8db7f649041c
client_fx,#impacts/fx8_bul_impact_thin_metal_lg
client_fx,#weapon/fx8_hero_sig_disrupt_sensor
client_fx,#hash_372f2ddcfdc4290c
client_fx,#explosions/fx_exp_grenade_default
client_fx,#zm_weapons/fx8_www_impact
client_fx,#impacts/fx_bul_impact_snow_sm
client_fx,#impacts/fx8_flechette_impact_snow
client_fx,#vehicle/fx8_treadfx_snow_skid_emit
client_fx,#hash_3910e1afacfd15c8
client_fx,#hash_393af8cc20b1e2b0
client_fx,#hash_39711d7ecdf33418
client_fx,#zm_ai/fx8_dog_belly_glow
client_fx,#hash_39f792e9b01a7b72
client_fx,#weapon/fx8_muz_smg_fastburst_3p
client_fx,#weapon/fx8_muz_smg_fastburst_1p
client_fx,#vehicle/fx8_treadfx_asphalt_tread_emit
client_fx,#vehicle/fx8_treadfx_dirt_skid_emit
client_fx,#hash_3a8f6fe1917d7180
client_fx,#hash_3acfb55cea84214b
client_fx,#explosions/fx8_exp_grenade_water_surface_deep
client_fx,#vehicle/fx8_treadfx_mud_tread_emit
client_fx,#impacts/fx8_bul_impact_blood_head_fatal
client_fx,#hash_3c501ea0c64b9112
client_fx,#hash_3c57dfb36101e138
client_fx,#hash_3c5debb36106614a
client_fx,#hash_3c75a7a102caa32e
client_fx,#hash_3c8de4d7e67d297c
client_fx,#hash_3c9948ab313a6483
client_fx,#hash_3d4d6663770c0e14
client_fx,#hash_3d70aa7090b628a2
client_fx,#hash_3dc7d36c5af8f770
client_fx,#hash_3dcedf6c5aff2a82
client_fx,#hash_3e014af37ce6e996
client_fx,#weapon/fx8_hero_bow_lnchr_impact
client_fx,#explosions/fx_vexp_hunter_death
client_fx,#impacts/fx8_bul_impact_blood_limb_nonfatal_exit
client_fx,#hash_3e99f483a765a91e
client_fx,#hash_3f210a924e439b20
client_fx,#impacts/fx8_flechette_impact_blood_body_nonfatal
client_fx,#hash_3f9e861a8394a8a3
client_fx,#impacts/fx_bul_impact_armor_body_fatal_exit
client_fx,#impacts/fx8_bul_impact_concrete_xlg
client_fx,#impacts/fx8_bul_impact_concrete_xsm
client_fx,#vehicle/fx8_treadfx_snow_peel
client_fx,#weapon/fx8_hero_bow_lnchr_impact_sm
client_fx,#vehicle/fx8_treadfx_asphalt_peel
client_fx,#weapon/fx8_muz_ar_stand_3p
client_fx,#weapon/fx8_hero_flamethrower_begin_1p_uw
client_fx,#hash_412865923c8a9321
client_fx,#impacts/fx_bul_impact_armor_head_fatal_exit
client_fx,#hash_415b461b7420c6d2
client_fx,#explosions/fx8_exp_elec_equip_sm
client_fx,#hash_41e504ff09d88af9
client_fx,#hash_41ec10ff09debe0b
client_fx,#hash_43160181273732c9
client_fx,#hash_4332487354121bb0
client_fx,#hash_4339547354184ec2
client_fx,#impacts/fx8_bul_impact_blood_body_fatal
client_fx,#impacts/fx8_bul_impact_sand_xsm
client_fx,#weapon/fx8_muz_ar_dbl_3p
client_fx,#weapon/fx8_muz_ar_dbl_1p
client_fx,#impacts/fx8_bul_impact_sand_xlg
client_fx,#hash_4470d9d4063cf878
client_fx,#hash_4470dad4063cfa2b
client_fx,#hash_4470dcd4063cfd91
client_fx,#hash_4475fd2c32ab3987
client_fx,#hash_44bfb7adcbcad0a3
client_fx,#weapon/fx_turret_shelleject_expel
client_fx,#hash_4592dd6248ca5a34
client_fx,#vehicle/fx8_treadfx_snow_tread_emit
client_fx,#impacts/fx8_flechette_impact_concrete
client_fx,#explosions/fx8_exp_grenade_concussion
client_fx,#impacts/fx_bul_impact_armor_body_nonfatal
client_fx,#hash_461e71ea94d3f253
client_fx,#impacts/fx_bul_impact_heavy_body_fatal_exit
client_fx,#hash_4832e3189fb91189
client_fx,#hash_488c269c991ab501
client_fx,#explosions/fx8_exp_grenade_semtex_snow
client_fx,#hash_48fb9ee1ee3ee40d
client_fx,#hash_49028ae1ee44e0bf
client_fx,#vehicle/fx_treadfx_asphalt_skid_emit
client_fx,#hash_4933e5187e51b392
client_fx,#hash_496068abb95ab99e
client_fx,#hash_4973de04558acdb1
client_fx,#hash_49f757cf24efc395
client_fx,#vehicle/fx_treadfx_snow_skid_emit
client_fx,#hash_4a16c70e0c0fb2e0
client_fx,#hash_4ae2cd6f01640504
client_fx,#hash_4ae9b96f016a01b6
client_fx,#impacts/fx8_grapple_release_default
client_fx,#hash_4b4aee8e54600f6e
client_fx,#explosions/fx8_exp_grenade_concrete
client_fx,#hash_4bfca9124b4b177e
client_fx,#impacts/fx8_bul_impact_blood_head_fatal_exit
client_fx,#hash_4c24e997afad36e0
client_fx,#hash_4c65dd7d31d1fe1f
client_fx,#electric/fx_ability_elec_startup_wasp
client_fx,#hash_4c6db7c911290f94
client_fx,#impacts/fx_bul_impact_boss_head_fatal
client_fx,#impacts/fx_bul_impact_robot_body_nonfatal
client_fx,#hash_4cfe9475f47d6ca2
client_fx,#zm_ai/fx8_avo_elec_aura_main
client_fx,#impacts/fx_bul_impact_heavy_head_nonfatal
client_fx,#hash_4dc7067c776b35c1
client_fx,#hash_4dcdf27c77713273
client_fx,#hash_4dfe5bc7d0d3b538
client_fx,#vehicle/fx8_treadfx_default_skid_emit
client_fx,#hash_4e3dc7da8f681079
client_fx,#hash_4e40eada8f6a81c9
client_fx,#hash_4e55cdda8f7cac8c
client_fx,#impacts/fx_bul_impact_body_armor_lg
client_fx,#hash_4ea61edbf963eba5
client_fx,#explosions/fx8_exp_rocket_default
client_fx,#hash_4ecb7eec753ad761
client_fx,#weapon/fx8_muz_ar_fast_3p
client_fx,#weapon/fx8_muz_ar_fast_1p
client_fx,#hash_4f1fd4a87c6562ec
client_fx,#impacts/fx_flesh_hit_knife_zmb
client_fx,#weapon/fx8_muz_smg_cap_3p
client_fx,#weapon/fx8_muz_smg_cap_1p
client_fx,#hash_505391476800a162
client_fx,#hash_50a6b2497d454910
client_fx,#hash_50f68fe648b17f84
client_fx,#hash_50fd7be648b77c36
client_fx,#maps/zm_escape/fx8_alcatraz_brut_shock
client_fx,#impacts/fx8_bul_impact_blood_limb_nonfatal
client_fx,#impacts/fx_bul_impact_armor_body_nonfatal_exit
client_fx,#impacts/fx8_bul_impact_snow_xlg
client_fx,#impacts/fx8_bul_impact_snow_xsm
client_fx,#hash_51fd2e4fd2a2144c
client_fx,#weapon/fx8_trail_crossbow
client_fx,#impacts/fx8_bul_impact_blood_body_nonfatal_exit
client_fx,#weapon/fx8_muz_smg_stand_3p
client_fx,#hash_52332cffeca78b79
client_fx,#weapon/fx8_muz_smg_stand_1p
client_fx,#zm_ai/fx8_dog_death_exp
client_fx,#hash_52b72106328a3a23
client_fx,#hash_52c22f3d0a38c679
client_fx,#light/fx_light_veh_wasp_under
client_fx,#player/fx_plyr_footstep_dust_dirt
client_fx,#hash_532e319b69427908
client_fx,#impacts/fx8_bul_impact_robot_limb_fatal
client_fx,#hash_53e10878cd6a6eef
client_fx,#hash_543425999181bd24
client_fx,#hash_543b11999187b9d6
client_fx,#explosions/fx8_exp_grenade_semtex_default
client_fx,#impacts/fx8_bul_impact_blood_limb_fatal
client_fx,#weapon/fx8_equip_ied_impact
client_fx,#impacts/fx8_bul_impact_blood_body_nonfatal_zm
client_fx,#impacts/fx8_bul_impact_wood_xsm
client_fx,#impacts/fx8_knife_impact_bone
client_fx,#impacts/fx8_bul_impact_wood_xlg
client_fx,#hash_55efa71212ad7d38
client_fx,#explosions/fx8_exp_grenade_sand
client_fx,#impacts/fx8_flechette_impact_sand
client_fx,#hash_56bc7cb424f56060
client_fx,#hash_56d686428c6fbe1e
client_fx,#weapon/fx8_hero_flamethrower_tip_3p
client_fx,#weapon/fx8_hero_flamethrower_tip_1p
client_fx,#hash_57034716c105e41e
client_fx,#vehicle/fx_treadfx_asphalt_peel
client_fx,#impacts/fx_bul_impact_heavy_body_fatal
client_fx,#hash_5797e5e407d06708
client_fx,#vehicle/fx8_treadfx_default_tread_emit
client_fx,#zm_ai/fx8_zombie_eye_glow_red
client_fx,#explosions/fx8_exp_grenade_semtex_sand
client_fx,#weapon/fx8_muz_ar_galil_3p
client_fx,#weapon/fx8_muz_ar_galil_1p
client_fx,#vehicle/fx8_treadfx_grass_skid_emit
client_fx,#explosions/fx8_exp_rocket_snow
client_fx,#hash_58c3f4e29e8a3e5f
client_fx,#hash_59174ad01884a794
client_fx,#hash_59422cff58693587
client_fx,#hash_5965b1535a7f73a1
client_fx,#hash_59885e48a17d8b10
client_fx,#vehicle/fx8_treadfx_water_peel
client_fx,#impacts/fx8_flechette_impact_mud
client_fx,#explosions/fx8_exp_grenade_mud
client_fx,#impacts/fx8_bul_impact_mud_lg
client_fx,#impacts/fx8_bul_impact_mud_sm
client_fx,#hash_5b083e6f46033f8f
client_fx,#hash_5b5415ce941d25ac
client_fx,#hash_5b5b21ce942358be
client_fx,#weapon/fx8_muz_md_suppressed_1p
client_fx,#weapon/fx8_muz_md_suppressed_3p
client_fx,#hash_5c1d405afbb88ee2
client_fx,#impacts/fx8_bul_impact_gravel_xlg
client_fx,#impacts/fx8_bul_impact_gravel_xsm
client_fx,#hash_5cd53390aecf909e
client_fx,#hash_5ce9f224ee5c9c63
client_fx,#hash_5d138e5b1ee09264
client_fx,#hash_5d2892efd9b021dd
client_fx,#hash_5d8233ecf44eb12c
client_fx,#explosions/fx8_exp_grenade_semtex_mud
client_fx,#weapon/fx8_hero_flamethrower_end_3p
client_fx,#impacts/fx8_bul_impact_water_sm
client_fx,#weapon/fx8_muz_smg_hand_1p
client_fx,#weapon/fx8_muz_smg_hand_3p
client_fx,#impacts/fx8_bul_impact_water_lg
client_fx,#hash_5ecb415812805fdb
client_fx,#explosions/fx_exp_grenade_water
client_fx,#weapon/fx8_hero_sig_disrupt_smartcover
client_fx,#impacts/fx_bul_impact_armor_head_nonfatal_exit
client_fx,#vehicle/fx8_treadfx_asphalt_skid_emit
client_fx,#hash_5fa1874396786bd7
client_fx,#hash_5fc376e533776975
client_fx,#hash_5fca82e5337d9c87
client_fx,#weapon/fx8_trail_grenade
client_fx,#weapon/fx8_trail_balloon
client_fx,#impacts/fx8_bul_impact_robot_head_nonfatal_exit
client_fx,#vehicle/fx8_treadfx_water_skid_emit
client_fx,#weapon/fx8_trail_flechette
client_fx,#destruct/fx_vdest_debris_elec_surge_sm_os
client_fx,#hash_61a9925d9f249536
client_fx,#impacts/fx8_bul_impact_mud_xsm
client_fx,#zm_weapons/fx8_blundersplat_muzzleflash
client_fx,#weapon/fx8_muz_sm_pistol_3p
client_fx,#weapon/fx8_muz_sm_pistol_1p
client_fx,#impacts/fx8_bul_impact_mud_xlg
client_fx,#player/fx_plyr_jump_dust
client_fx,#impacts/fx8_bul_impact_glass_sm
client_fx,#impacts/fx8_bul_impact_glass_lg
client_fx,#impacts/fx8_bul_impact_snow_lg
client_fx,#impacts/fx8_bul_impact_snow_sm
client_fx,#impacts/fx8_bul_impact_dirt_xlg
client_fx,#impacts/fx8_bul_impact_dirt_xsm
client_fx,#impacts/fx8_bul_impact_blood_body_nonfatal
client_fx,#hash_64467e6e01d0fc09
client_fx,#hash_644d8a6e01d72f1b
client_fx,#impacts/fx_bul_impact_boss_body_fatal_exit
client_fx,#hash_64d43fb1450e72b3
client_fx,#hash_64d440b1450e7466
client_fx,#hash_64dbfc4253f51c17
client_fx,#hash_64e1620c35bc9720
client_fx,#hash_64ec68c9214ac883
client_fx,#hash_657f265d329326a7
client_fx,#impacts/fx8_bul_impact_wood_sm
client_fx,#impacts/fx8_bul_impact_wood_lg
client_fx,#hash_65e853ef0aab6fec
client_fx,#hash_65e952dd71f12095
client_fx,#hash_66478d394cf5596d
client_fx,#vehicle/fx8_treadfx_sand_skid_emit
client_fx,#explosions/fx8_exp_grenade_semtex_concrete
client_fx,#explosions/fx8_exp_rocket_mud
client_fx,#hash_67011999846855a3
client_fx,#explosions/fx8_exp_rocket_metal
client_fx,#weapon/fx8_muz_lg_shtgun_1p
client_fx,#weapon/fx8_muz_lg_shtgun_3p
client_fx,#hash_678ac7747906c1ae
client_fx,#hash_679cb2457e735297
client_fx,#weapon/fx8_muz_smg_fast_1p
client_fx,#hash_67faa39a3612d911
client_fx,#weapon/fx8_muz_smg_fast_3p
client_fx,#hash_68018f9a3618d5c3
client_fx,#zm_weapons/fx8_tomahawk_impact
client_fx,#weapon/fx8_shellejects_shotgun
client_fx,#hash_68d916dee315b7f5
client_fx,#impacts/fx8_bul_impact_blood_corpse_nonfatal
client_fx,#vehicle/fx8_treadfx_mud_skid_emit
client_fx,#impacts/fx_bul_impact_blood_head_fatal
client_fx,#hash_69d22e0758f90514
client_fx,#hash_69d91a0758ff01c6
client_fx,#weapon/fx8_hero_sig_disrupt_rcxd
client_fx,#hash_6a1cd8812aa0419b
client_fx,#impacts/fx8_grapple_release_dirt
client_fx,#hash_6accb3311c2c042f
client_fx,#hash_6ad36dd4e650a170
client_fx,#explosions/fx8_exp_grenade_dirt
client_fx,#hash_6b374ceaf54c60b8
client_fx,#hash_6b577cb8373ca5b7
client_fx,#impacts/fx8_flechette_impact_gravel
client_fx,#hash_6bf7ac34e2bc6567
client_fx,#hash_6c52feaf52ade157
client_fx,#light/fx8_light_spot_brutus_flicker
client_fx,#hash_6c7ae381de64a8d8
client_fx,#weapon/fx8_hero_flamethrower_begin_3p
client_fx,#weapon/fx8_hero_flamethrower_begin_1p
client_fx,#explosions/fx8_exp_rocket_wood
client_fx,#weapon/fx8_hero_sig_disrupt_hawk
client_fx,#maps/zm_escape/fx8_alcatraz_brut_gas
client_fx,#hash_6d1df188763b8ed2
client_fx,#weapon/fx_muz_veh_minigun_lg_3p
client_fx,#hash_6d42a10bff69a7cc
client_fx,#hash_6d49ad0bff6fdade
client_fx,#weapon/fx_hero_annhilatr_glint
client_fx,#weapon/fx8_muz_ar_acc_3p
client_fx,#weapon/fx8_muz_ar_acc_1p
client_fx,#explosions/fx8_exp_rocket_concrete
client_fx,#impacts/fx8_knife_impact_blood
client_fx,#player/fx8_plyr_speed_distort_sm_emitter
client_fx,#player/fx_plyr_land_dust_dirt_xlg
client_fx,#vehicle/fx8_treadfx_dirt_tread_emit
client_fx,#hash_6f2c651fcb460b80
client_fx,#hash_6f2e1d8c5ebb6a3b
client_fx,#explosions/fx8_exp_rocket_dirt
client_fx,#hash_6fec94225bb3270f
client_fx,#zm_ai/fx8_dog_eye_single
client_fx,#impacts/fx8_bul_impact_robot_head_nonfatal
client_fx,#impacts/fx8_bul_impact_sand_lg
client_fx,#impacts/fx8_grapple_impact_glass
client_fx,#impacts/fx8_bul_impact_sand_sm
client_fx,#vehicle/fx8_treadfx_concrete_peel
client_fx,#hash_71a14ada69baef03
client_fx,#hash_721990bf03bf0871
client_fx,#impacts/fx8_flechette_impact_default
client_fx,#hash_72434c8ee049e010
client_fx,#hash_7271dc48af4c3421
client_fx,#hash_7282363a66bd14e2
client_fx,#impacts/fx8_bul_impact_robot_limb_nonfatal_exit
client_fx,#hash_72a0432ca99a31b6
client_fx,#impacts/fx8_bul_impact_blood_body_fatal_zm
client_fx,#weapon/fx8_amulet_impact_robot
client_fx,#impacts/fx_bul_impact_boss_head_fatal_exit
client_fx,#vehicle/fx8_vdest_heli_rotor_destroyed
client_fx,#impacts/fx8_flechette_impact_glass
client_fx,#player/fx_plyr_footstep_dust
client_fx,#impacts/fx8_bounce_equip_dust
client_fx,#vehicle/fx8_treadfx_dirt_peel
client_fx,#hash_74e27053381609ee
client_fx,#hash_74e38c410df710a4
client_fx,#hash_74f4eba6adba4f0f
client_fx,#impacts/fx8_grapple_impact_default
client_fx,#hash_758a432509c14ea9
client_fx,#hash_758eeb6bda18f834
client_fx,#hash_75914f2509c781bb
client_fx,#hash_7617d177b746e9bd
client_fx,#hash_762e655f123759cd
client_fx,#hash_7634515f123ba37f
client_fx,#hash_7640e06584066fc4
client_fx,#impacts/fx8_bul_impact_concrete_xtreme
client_fx,#light/fx_light_veh_wasp
client_fx,#zm_weapons/fx8_tomahawk_trail
client_fx,#hash_77d0b79144a0734d
client_fx,#player/fx8_plyr_emote_homunc_end
client_fx,#hash_77f73383183665cc
client_fx,#hash_77f7368318366ae5
client_fx,#weapon/fx8_trail_rocket_xm
client_fx,#zm_ai/fx8_dog_head_glow
client_fx,#explosions/fx8_exp_grenade_metal
client_fx,#hash_798dcbbd3197bd7d
client_fx,#weapon/fx8_amulet_impact_bone
client_fx,#hash_7a5a60f6b3962bb8
client_fx,#hash_7a73163f6174d540
client_fx,#hash_7a7a223f617b0852
client_fx,#hash_7aa749f5bbcbbed8
client_fx,#electric/fx_ability_elec_surge_short_wasp
client_fx,#hash_7aba2f333cd1bff9
client_fx,#explosions/fx8_exp_grenade_water
client_fx,#hash_7b8b92cce00702a9
client_fx,#hash_7b951deec27b35c1
client_fx,#impacts/fx8_bul_impact_snow_xtreme
client_fx,#impacts/fx8_bul_impact_robot_body_fatal_exit
client_fx,#hash_7cb4e6e4ffb7bc9c
client_fx,#weapon/fx8_hero_sig_disrupt_sentry
client_fx,#weapon/fx8_hero_flamethrower_blocked
client_fx,#hash_7d69ee9822b45157
client_fx,#weapon/fx8_hero_sig_disrupt_hawk_wing
client_fx,#weapon/fx8_hero_bow_lnchr_trail_emit_sm
client_fx,#hash_7e975b3b6810769b
client_fx,#hash_7eb83bfaf39d4b3f
client_fx,#hash_7edcc6c60385d08e
client_fx,#impacts/fx_bul_impact_robot_head_nonfatal
client_fx,#impacts/fx8_bul_impact_robot_head_fatal