type,name
vehicle,#veh_mini_turret_zm
model,#wpn_t8_zm_elixir_bottle_ultra_world
model,#wpn_t8_loot_smg_fastburst_mag_mk2_world
model,#p8_zm_vapor_altar_icon_01_bandolierbandit
model,#attach_t8_sniper_power_semi_hical_sig_02_world
model,#attach_t8_pistol_revolver_stabilzer_mk2_view
model,#wpn_t8_smg_fastfire_sig_01_world
model,#attach_t8_pistol_standard_dbal_world
model,#wpn_t8_loot_pistol_auto_sig_02_view
model,#wpn_t8_sniper_sniver_scope_sig_01_world
model,#attach_t8_sniper_koshka_fast_mag_01_mk2_view
model,#attach_t8_pistol_standard_fmj_02_muzzle_sig_02_view
model,#attach_t8_charm_lava_lamp_view
model,#attach_t8_smg_fastfire_ext_mag_sig_02_view
model,#attach_t8_loot_ar_peacekeeper_handguard_mk2_world
model,#hash_928733068ac26c
model,#wpn_t8_sniper_sniver_sig_02_view
model,#wpn_t8_loot_shotgun_fullauto_mag_sig_world_xtra
model,#wpn_t8_loot_smg_fastburst_sig_02_view
model,#hash_cfd01f0f76489f
model,#hash_eb2f8fcc553dcd
model,#wpn_t8_tac_rifle_swordfish_mag_view
model,#attach_t8_tac_rifle_swordfish_hical_sig_02_view
model,#wpn_t8_loot_smg_fastburst_view
model,#attach_t8_loot_sniper_mini14_grip_world
model,#hash_f6d8bcedb2711c
model,#attach_t8_ar_k57_suppressor_view
model,#p8_zm_vapor_altar_icon_01_etherealrazor
model,#attach_t8_loot_shotgun_fullauto_foregrip_02_sig_view
model,#wpn_t8_sniper_koshka_world
model,#attach_t8_smg_capacity_ext_mag_01_mk2_world
model,#attach_t8_ar_k57_mag_mixclip_sig_02_view
model,#attach_t8_loot_ar_an94_dbal_view
model,#wpn_t8_zm_melee_hammer_lvl1_view
model,#attach_t8_smg_fastfire_dbal_02_view
model,#attach_t8_loot_smg_folding_stock_mk2_world
model,#wpn_t8_pistol_standard_sig_01_world
model,#attach_t8_sniper_sniver_bolt_uber_view
model,#attach_t8_smg_fastfire_barrel_sig_02_view
model,#wpn_t8_sniper_vanguard_sig_01_scope_world
model,#wpn_t8_tac_rifle_swordfish_mag_sig_02_world
model,#attach_t8_loot_shotgun_prec_extbarrel_view
model,#c_t8_bo_3rd_male_head4_white
model,#attach_t8_sniper_power_semi_handguard_sig_02_view
model,#c_t8_zmb_mob_hero_richtofen_torso1_armorlight1
model,#attach_t8_loot_ar_standard_suppressor_mk2_view
model,#attach_t8_smg_capacity_handguard_01_world
model,#c_t8_zmb_mob_hero_richtofen_lowerbody2
model,#c_t8_zmb_ofc_hero_takeo_head1_cst
model,#attach_t8_loot_shotgun_fullauto_quickdraw_02_mk2_world
model,#attach_t8_ar_fastfire_stock_world
model,#wpn_t8_loot_pistol_auto_sig_02_world
model,#attach_t8_ar_fastfire_barrel_sig_01_view
model,#wpn_t8_loot_sniper_mini14_scope_mk2_view
model,#collision_geo_256x256x10_standard
model,#c_t8_bo_3rd_male_body1_white
model,#wpn_t8_smg_capacity_mk2_world
model,#c_t8_zmb_mob_hero_nikolai_viewlegs1_cst
model,#wpn_t8_loot_knife_ballistic_karambit_dw_view
model,#wpn_t8_zm_perk_bottle_mulekick_view
model,#c_t8_zmb_ofc_hero_dempsey_torso1_cst
model,#hash_2af666bd8b7591f
model,#attach_t8_charm_base
model,#attach_t8_loot_lmg_mk48_fmj_world
model,#p8_zm_vapor_altar_icon_01_blaze_phase
model,#attach_t8_ar_stealth_silencer_mk2_world
model,#attach_t8_smg_fastfire_dbal_02_world
model,#attach_t8_loot_smg_minigun_grip_view
model,#attach_t8_smg_capacity_bolt_mk2_world
model,#attach_t8_loot_tac_rifle_flechette_ext_mag_mk2_world
model,#p8_fxp_zm_scepter_sun_lvl1
model,#p8_fxp_zm_scepter_sun_lvl2
model,#c_t8_zmb_dlc0_hero_bruno_viewlegs1_cst
model,#attach_t8_loot_shotgun_fullauto_foregrip_sig_view
model,#attach_t8_loot_lmg_mk48_stock_02_mk2_view
model,#attach_t8_loot_shotgun_fullauto_ext_mag_world_xtra
model,#attach_t8_charm_duck_seraph_view
model,#wpn_t8_zm_melee_staff_ra_lvl1_view
model,#attach_t8_pistol_standard_ext_mag_world
model,#attach_t8_loot_pistol_auto_ext_fast_mag_sig_02_view
model,#wpn_t8_pistol_standard_sig_02_world
model,#wpn_t8_smg_accurate_handguard_01_sig_02_view
model,#wpn_t8_zm_melee_sword_projectile
model,#wpn_t8_smg_handling_mag_view
model,#attach_t8_shotgun_pump_loader_assist_mk2_world
model,#wpn_t8_zm_eqp_acid_bomb_projectile
model,#attach_t8_smg_accurate_stock_sig_03_world
model,#attach_t8_lmg_plr_hical_01_view_mk2
model,#attach_t8_charm_plant_melon_view
model,#hash_431e390e13ede41
model,#wpn_t8_sig_grapple_gun_view
model,#wpn_t8_sniper_power_semi_scope_ads_view
model,#wpn_t8_zm_pistol_webly_view
model,#wpn_t8_tac_rifle_mid_burst_mk2_world
model,#attach_t8_ar_accurate_grip_sig_02_view
model,#c_t8_zmb_1stclass_male_body3_g_rlegoff
model,#wpn_t8_sniper_semiauto_view
model,#attach_t8_loot_smg_fastburst_foregrip_world
model,#hash_47aa90bedb27e20
model,#attach_t8_ar_k57_ext_mag_mixclip_sig_03_world
model,#wpn_t8_sniper_koshka_scope_sig_02_view
model,#hash_48b6eb3c1063509
model,#wpn_t8_sniper_vanguard_world
model,#c_t8_zmb_mob_hero_richtofen_head1_cst
model,#wpn_t8_ar_heavy_sig_02_view
model,#c_t8_zmb_mob_hero_dempsey_viewlegs1_cst
model,#wpn_t8_zm_perk_bottle_secretsauce_world
model,#c_t8_zmb_dlc1_hero_gypsy_viewlegs1
model,#wpn_t8_lmg_plr_mag_sig_02_world
model,#c_t8_zmb_dlc0_zombie_male_body3_g_rarmoff
model,#attach_t8_smg_capacity_barrel_view
model,#c_t8_zmb_hero_scarlett_torso1_armorheavy1
model,#wpn_t8_smg_mp9_sig_02_mag_world
model,#attach_t8_loot_pistol_auto_ext_fast_mag_mk2_view
model,#wpn_t8_zm_perk_bottle_blaze_view
model,#c_t8_zmb_mob_hero_dempsey_torso1_armormedium1
model,#wpn_t8_loot_sniper_locus_scope_ads_view
model,#wpn_t8_ar_accurate_sig_03_view
model,#attach_t8_shotgun_pump_stock_world
model,#attach_t8_ar_k57_mag_mixclip_mk2_world
model,#attach_t8_ar_galil_stock_world
model,#c_t8_zmb_dlc1_hero_gunslinger_torso1_viewbody1
model,#attach_t8_ar_k57_grip_mk2_world
model,#attach_t8_sniper_sniver_ext_mag_world
model,#attach_t8_loot_smg_minigun_ext_mag_02_view
model,#attach_t8_ar_accurate_foregrip_sig_03_world
model,#wpn_t8_smg_accurate_mag_sig_01_world
model,#attach_t8_charm_oni_mask_view
model,#attach_t8_ar_heavy_hical01_world
model,#attach_t8_pistol_revolver_barrel_01_mk2_view
model,#c_t8_zmb_mob_hero_richtofen_torso1_viewbody1_cst
model,#attach_t8_ar_stealth_silencer_long_view
model,#wpn_t8_sniper_sniver_scope_ads_sig_02_view
model,#wpn_t8_loot_shotgun_fullauto_mag_view
model,#wpn_t8_ar_accurate_mag_sig_02_world
model,#c_t8_zmb_3rdclass_male_body1_g_rlegoff
model,#c_t8_zmb_ofc_hero_richtofen_torso1_viewbody1_cst
model,#wpn_t8_sniper_power_semi_world
model,#attach_t8_optic_ironsights_sniper_koshka_front_view
model,#p8_fxp_fluid_splash_water_dark
model,#collision_wall_512x512x10_standard
model,#wpn_t8_sniper_koshka_scope_world
model,#attach_t8_tac_rifle_surgeon_dbal_world
model,#attach_t8_loot_shotgun_fullauto_stock_02_sig_world
model,#attach_t8_ar_k57_foregrip_mk2_world
model,#attach_t8_loot_pistol_auto_ext_mag_sig_02_world
model,#attach_t8_pistol_revolver_barrel_02_mk2_world
model,#attach_t8_sniper_koshka_grip_01_view
model,#attach_t8_optic_acog_ads
model,#attach_t8_sniper_sniver_ext_mag_view
model,#attach_t8_loot_ar_standard_stock_sig_02_view
model,#attach_t8_smg_handling_stock02_world
model,#attach_t8_loot_tac_rifle_damageburst_foregrip_world
model,#wpn_t8_loot_tac_rifle_flechette_world
model,#collision_geo_ramp_standard
model,#wpn_t8_zm_melee_chakram_lvl3_dw_projectile
model,#attach_t8_loot_smg_vmp_foregrip_view
model,#attach_t8_lmg_titan_muzzle_world
model,#c_t8_zmb_mob_hero_dempsey_arms1_cst
model,#attach_t8_ar_k57_mag_mixclip_sig_02_world
model,#attach_t8_shotgun_pump_grip_mk2_world
model,#hash_717cb71cdcd204e
model,#attach_t8_sniper_sniver_stock_sig_02_view
model,#wpn_t8_zm_perk_bottle_stronghold_view
model,#attach_t8_ar_accurate_ext_mag_sig_03_world
model,#hash_74596fbc6dede0c
model,#attach_t8_sniper_power_semi_foregrip_view
model,#attach_t8_smg_capacity_ext_mag_02_sig_02_world
model,#wpn_t8_loot_shotgun_fullauto_mag_mk2_world_xtra
model,#attach_t8_tac_rifle_swordfish_barrel_sig_02_view
model,#wpn_t8_loot_sniper_mini14_scope_world
model,#wpn_t8_loot_sniper_locus_scope_world
model,#hash_77e5592a1324a47
model,#attach_t8_tac_rifle_mid_burst_dbal_02_world
model,#wpn_t8_pistol_revolver_mk2_view
model,#attach_t8_charm_plant_eggplant_view
model,#attach_t8_ar_accurate_grip_sig_02_world
model,#attach_t8_tac_rifle_surgeon_upper_02_sig_02_view
model,#wpn_t8_smg_accurate_mag_sig_02_view
model,#collision_player_wall_128x128x10
model,#wpn_t8_sniper_vanguard_mag_sig_02_world
model,#attach_t8_loot_shotgun_fullauto_stock_sig_view
model,#attach_t8_loot_tac_rifle_flechette_quickdraw_mk2_world
model,#attach_t8_tac_rifle_swordfish_grip_mk2_view
model,#hash_8198de4f58b00a0
model,#c_t8_zmb_dlc0_hero_diego_lowerbody1_viewbody1_cst
model,#fx_char_gib_chunk_meat01
model,#attach_t8_loot_shotgun_fullauto_quickdraw_mk2_view
model,#attach_t8_loot_sniper_locus_fast_mag_01_world
model,#wpn_t7_grenade_incendiary_world
model,#c_t8_bo_hero_johnson_arms1_viewbody
model,#attach_t8_charm_avocado_toast_view
model,#attach_t8_loot_ar_double_barrel_dbal_01_view
model,#attach_t8_tac_rifle_mid_burst_dbal_01_mk2_world
model,#wpn_t8_pistol_standard_view
model,#attach_t8_loot_smg_folding_bolt_02_mk2_world
model,#wpn_t8_loot_sniper_locus_view
model,#wpn_t8_ar_stealth_world
model,#c_t8_zmb_ofc_hero_richtofen_torso1_armormedium1
model,#fx
model,#wpn_t8_zm_melee_chakram_lvl3_dw_view
model,#attach_t8_smg_capacity_dbal_world
model,#attach_t8_sniper_koshka_dbal_02_world
model,#attach_t8_loot_ar_peacekeeper_grip_view
model,#collision_geo_cylinder_32x128_standard
model,#attach_t8_loot_ar_double_barrel_ext_mag_02_view
model,#attach_t8_charm_bomb_rockget_view
model,#wpn_t8_zm_ar_lever_action_world
model,#hash_8ddcb4921f79567
model,#c_t8_zmb_ofc_hero_richtofen_lowerbody1_viewbody1_cst
model,#wpn_t8_ar_stealth_mag_world
model,#anim_zm_barricade_board_collision
model,#c_t8_zmb_dlc0_hero_scarlett_head1_cst
model,#c_t8_zmb_dlc0_hero_bruno_torso1_cst
model,#attach_t8_loot_lmg_mk48_suppressor_mk2_view
model,#wpn_t8_zm_perk_bottle_bandolier_world
model,#hash_92c137d74a8c95c
model,#hash_94892650abab274
model,#attach_t8_shotgun_pump_grip_sig2_world
model,#attach_t8_loot_shotgun_prec_extclip_view
model,#attach_t8_ar_heavy_grip_view
model,#attach_t8_pistol_revolver_hical_mk2_world
model,#attach_t8_smg_handling_fastmag02_mk2_world
model,#attach_t8_smg_handling_foregrip_view
model,#wpn_t8_zm_eqp_grenade_frag_view
model,#wpn_t8_tac_rifle_surgeon_sig_01_view
model,#attach_t8_sniper_power_semi_hical_sig_02_view
model,#attach_t8_loot_tac_rifle_flechette_silencer_sig_01_view
model,#attach_t8_ar_galil_silencer_view
model,#c_t8_zmb_dlc0_hero_stanton_torso1_viewbody1_cst
model,#wpn_t8_sniper_power_semi_scope_ads_sig_01_view
model,#attach_t8_ar_k57_ext_mag_mk2_view
model,#wpn_t8_ar_accurate_mag_sig_01_world
model,#attach_t8_ar_heavy_grip_sig_02_view
model,#c_t8_zmb_hero_scarlett_viewarms1_cst
model,#wpn_t8_lmg_hades_sig_01_view
model,#attach_t8_smg_fastfire_stock_mk2_world
model,#attach_t8_ar_fastfire_dbal_01_view
model,#wpn_t8_zm_perk_totem_electric_burst_view
model,#attach_t8_loot_smg_vmp_stock_world
model,#hash_a1cdb64f75cc38a
model,#attach_t8_tac_rifle_mid_burst_dbal_02_view
model,#attach_t8_loot_smg_minigun_fmj_01_world
model,#c_t8_zmb_mob_hero_richtofen_arms2
model,#hash_a493c1171bfe95a
model,#wpn_t8_loot_smg_fastburst_sig_02_world
model,#attach_t8_loot_sniper_mini14_foregrip_uber_bipod_mk2_world
model,#attach_t8_smg_accurate_grip_01_sig_03_view
model,#attach_t8_loot_smg_minigun_dbal_01_world
model,#c_t8_zmb_dlc0_hero_scarlett_arms1_cst
model,#wpn_t8_loot_tac_rifle_flechette_scope_sig_01_view
model,#attach_t8_tac_rifle_mid_burst_ext_mag_world
model,#attach_t8_pistol_standard_fmj_01_view
model,#attach_t8_shotgun_pump_handguard_view
model,#c_t8_zmb_hero_diego_torso1_armorlight1
model,#c_t8_zmb_dlc1_hero_gypsy_head1
model,#c_t8_zmb_ofc_hero_richtofen_torso1_armorlight1
model,#attach_t8_loot_shotgun_fullauto_stock_02_sig_view
model,#wpn_t8_sniper_power_semi_sig_01_view
model,#attach_t8_smg_fastfire_dbal_01_mk2_world
model,#hash_ae8b9c158ba081e
model,#wpn_t8_ar_heavy_mag_mk2_world
model,#wpn_t8_smg_handling_mag_dw_world
model,#attach_t8_loot_tac_rifle_damageburst_upper_view
model,#attach_t8_loot_tac_rifle_damageburst_handguard_world
model,#p8_zm_vapor_altar_icon_01_victorioustortoise
model,#attach_t8_ar_fastfire_barrel_world
model,#attach_t8_loot_smg_folding_dbal_mk2_world
model,#attach_t8_sniper_power_semi_foregrip_world
model,#hash_b1687dade670604
model,#attach_t8_tac_rifle_swordfish_hical_mk2_world
model,#wpn_t8_zm_elixir_liquid_whimsical_world
model,#attach_t8_ar_heavy_hical02_sig_02_world
model,#hash_b2d2af43486297c
model,#wpn_t8_smg_handling_sig_02_view
model,#attach_t8_loot_sniper_semiauto_ext_fix_mag_view
model,#attach_t8_pistol_burst_suppressor_view
model,#wpn_t8_loot_shotgun_prec_world
model,#hash_b6257f9ef468a90
model,#attach_t8_ar_heavy_fast_mag_world
model,#attach_t8_loot_smg_folding_stabilizer_mk2_view
model,#attach_t8_ar_fastfire_bolt_world
model,#attach_t8_ar_fastfire_dbal_01_world
model,#attach_t8_sniper_power_semi_hical_world
model,#wpn_t8_shotgun_semi_sig_02_view
model,#attach_t8_loot_shotgun_fullauto_ext_mag_sig_view
model,#attach_t8_loot_shotgun_fullauto_ext_mag_world
model,#attach_t8_loot_ar_an94_ext_fast_mag_view
model,#c_t8_zmb_3rdclass_male_body3_s_lleg
model,#p8_fxp_fluid_tendril_2_water
model,#hash_bdac57b9bd1c242
model,#attach_t8_shotgun_pump_foregrip_mk2_world
model,#attach_t8_loot_pistol_auto_grip_view
model,#attach_t8_lmg_titan_grip_world
model,#wpn_t8_sniper_semiauto_world
model,#c_t8_zmb_mob_hero_dempsey_torso1_viewbody1_cst
model,#c_t8_zmb_mob_hero_nikolai_torso1_armorheavy1
model,#attach_t8_loot_ar_standard_grip_sig_02_view
model,#wpn_t8_zm_eqp_turret_mini_view
model,#attach_t8_ar_accurate_ext_mag_world
model,#wpn_t8_tac_rifle_swordfish_mk2_view
model,#attach_t8_loot_ar_standard_suppressor_world
model,#attach_t8_loot_pistol_auto_stock_mk2_view
model,#attach_t8_lmg_plr_hical_02_view
model,#attach_t8_loot_smg_folding_stabilizer_mk2_world
model,#attach_t8_shotgun_semi_grip_view
model,#attach_t8_pistol_standard_ext_mag_plate_view
model,#c_t8_zmb_hero_diego_lowerbody1_cst
model,#p7_zm_vending_sleight
model,#attach_t8_loot_tac_rifle_damageburst_grip_view
model,#attach_t8_loot_tac_rifle_damageburst_ext_fast_mag_world
model,#attach_t8_pistol_burst_foregrip_world
model,#wpn_t8_tac_rifle_mid_burst_scope_sig_01_world
model,#attach_t8_loot_smg_fastburst_fast_mag_world
model,#wpn_t8_tac_rifle_swordfish_scope_view
model,#attach_t8_loot_pistol_auto_hical_bolt_world
model,#wpn_t7_loot_smg_nailgun_nail_world
model,#collision_geo_64x64x128_standard
model,#p8_fxp_doorbuy_void
model,#c_t8_bo_hero_johnson_viewlegs1
model,#attach_t8_charm_donut_horn_view
model,#attach_t8_ar_heavy_mag_fastreload_mk2_view
model,#wpn_t8_zm_melee_dw_hand_cannon_lvl2_world
model,#c_t8_zmb_ofc_hero_nikolai_head1_cst
model,#wpn_t8_zm_melee_sword_lvl2_view
model,#attach_t8_smg_capacity_barrel_sig_02_view
model,#attach_t8_charm_skateboard_view
model,#attach_t8_tac_rifle_mid_burst_uber_mk2_view
model,#attach_t8_tac_rifle_mid_burst_ext_mag_view
model,#attach_t8_ar_fastfire_grip_02_sig_02_view
model,#hash_d6ea723f7e2c3b3
model,#wpn_t8_tac_rifle_surgeon_scope_world
model,#wpn_t8_pistol_standard_clip_sig_02_world
model,#wpn_t8_loot_sniper_locus_mag_world
model,#attach_t8_sniper_koshka_grip_01_mk2_view
model,#wpn_t8_smg_mp9_sig_01_view
model,#attach_t8_loot_tac_rifle_damageburst_ext_mag_view
model,#hash_dcbde11430ba19c
model,#p8_fxp_fluid_splash_mud
model,#wpn_t8_sniper_vanguard_sig_01_scope_view
model,#attach_t8_smg_mp9_stock_world
model,#attach_t8_loot_shotgun_fullauto_ext_mag_mk2_view
model,#c_t8_bo_3rd_female_body1_black
model,#c_t8_zmb_hero_stanton_torso1_viewbody1_cst
model,#attach_t8_smg_capacity_grip_mk2_world
model,#attach_t8_ar_galil_grip_world
model,#attach_t8_loot_smg_fastburst_fast_mag_mk2_view
model,#attach_t8_lmg_hades_snake_uber_sig_01_view
model,#hash_e27161ed13e4b05
model,#attach_t8_loot_ar_standard_bolt_hical_view
model,#hash_e361b4cf716ce1f
model,#attach_t8_lmg_plr_fastmag_sig_02_world
model,#wpn_t8_tac_rifle_swordfish_scope_sig_02_world
model,#attach_t8_loot_ar_peacekeeper_ext_mag_view
model,#hash_e56ca8c7a082355
model,#wpn_t8_lmg_titan_world
model,#attach_t8_sniper_sniver_stabilizer_view
model,#wpn_t8_smg_fastfire_mag_world
model,#attach_t8_lmg_titan_stock_view
model,#attach_t8_tac_rifle_surgeon_grip_view
model,#attach_t8_smg_handling_stock02_mk2_world
model,#c_t8_zmb_mob_hero_takeo_viewarms1_cst
model,#c_t8_zmb_dlc0_hero_diego_arms1_viewbody1_cst
model,#attach_t8_ar_k57_ext_mag_full_view
model,#wpn_t8_sniper_power_semi_scope_view
model,#attach_t8_loot_lmg_mk48_fastmag_mk2_world
model,#hash_ea75e76fbed1239
model,#attach_t8_tac_rifle_surgeon_grip_world
model,#attach_t8_tac_rifle_swordfish_suppressor_world
model,#c_t8_zmb_ofc_hero_takeo_arms1_cst
model,#attach_t8_smg_capacity_ext_mag_01_uber_view
model,#c_t8_zmb_hero_diego_lowerbody1_viewbody1_cst
model,#attach_t8_loot_shotgun_fullauto_stock_world
model,#attach_t8_ar_fastfire_grip_02_world
model,#c_t8_mp_spe_ruin_body1_skin1
model,#attach_t8_ar_stealth_charging_handle_view
model,#c_t8_zmb_mob_hero_richtofen_arms1_viewbody1_cst
model,#attach_t8_ar_heavy_hical01_mk2_view
model,#wpn_t8_pistol_burst_mag_world
model,#attach_t8_shotgun_pump_loader_assist_world
model,#attach_t8_ar_accurate_compensator_sig_03_world
model,#c_t8_zmb_ofc_hero_dempsey_viewlegs1_cst
model,#wpn_t8_zm_smg_primary_mag_world
model,#wpn_t8_smg_handling_mag_mk2_view
model,#hash_f302a64073b2ddd
model,#attach_t8_ar_stealth_hi_cal_mk2_view
model,#wpn_t8_loot_pistol_auto_clip_mk2_world
model,#wpn_t8_tac_rifle_surgeon_mag_sig_02_world
model,#hash_f3d28724a9e0a01
model,#c_t8_zmb_hero_scarlett_torso1_viewbody1_cst
model,#hash_f633ec85464ece3
model,#hash_f70e028fcd247ee
model,#wpn_t8_zm_perk_totem_bandolier_bandit_world
model,#attach_t8_shotgun_pump_handguard_muzzle_world
model,#attach_t8_ar_k57_ext_mag_mixclip_full_sig_03_view
model,#hash_fa42de0fd4cef67
model,#c_t8_zmb_ofc_hero_richtofen_head1_cst
model,#attach_t8_tac_rifle_mid_burst_foregrip_sig_01_world
model,#wpn_t8_ar_k57_world
model,#attach_t8_ar_k57_dbal_sig_03_world
model,#wpn_t8_zm_ar_lever_action_view
model,#attach_t8_sniper_power_semi_grip_view
model,#fx_rifle_shell
model,#attach_t8_lmg_hades_barrel_view
model,#c_t8_zmb_ofc_hero_richtofen_torso1_armorheavy1
model,#hash_101fb544c3bdfd10
model,#attach_t8_pistol_revolver_stabilzer_view
model,#wpn_t8_lmg_plr_mag_sig_02_view
model,#attach_t8_loot_ar_an94_upper_world
model,#wpn_t8_smg_capacity_mk2_view
model,#attach_t8_loot_lmg_mk48_barrel_mk2_view
model,#wpn_t8_ar_heavy_mk2_world
model,#attach_t8_ar_galil_dbal_world
model,#attach_t8_smg_capacity_dbal_sig_02_view
model,#attach_t8_loot_shotgun_fullauto_quickdraw_view
model,#wpn_t8_shotgun_semi_mag_view
model,#c_t8_zmb_ofc_hero_nikolai_torso1_viewbody1_cst
model,#hash_109bc28aed59206f
model,#attach_t8_ar_k57_ext_mag_full_mk2_view
model,#wpn_t8_loot_tac_rifle_flechette_mag_mk2_world
model,#c_t8_bo_hero_johnson_arms1
model,#attach_t8_smg_fastfire_ext_fast_mag_sig_02_world
model,#p8_fxp_fluid_fall_1_water_dark
model,#attach_t8_loot_smg_vmp_fast_mag_view
model,#attach_t8_loot_sniper_mini14_fmj_mk2_view
model,#attach_t8_tac_rifle_mid_burst_grip_world
model,#attach_t8_loot_shotgun_fullauto_ext_mag_mk2_world
model,#attach_t8_ar_stealth_barrel_long_mk2_world
model,#c_t8_zmb_1stclass_male_body2_g_rlegoff
model,#hash_10fe1a504547800b
model,#hash_1105b73b947783d9
model,#attach_t8_ar_k57_mag_mixclip_mk2_view
model,#attach_t8_tac_rifle_swordfish_foregrip_world
model,#attach_t8_smg_accurate_suppressor_world
model,#attach_t8_loot_smg_vmp_grip_world
model,#wpn_t8_sniper_koshka_mag_sig_02_view
model,#c_t8_zmb_ofc_hero_nikolai_torso1_armorlight1
model,#attach_t8_shotgun_pump_choke_muzzle_mk2_world
model,#attach_t8_ar_heavy_grip_sig_02_world
model,#attach_t8_shotgun_pump_handguard_muzzle_mk2_world
model,#attach_t8_tac_rifle_mid_burst_grip_view
model,#wpn_t8_zm_melee_dw_hand_cannon_lvl1_view
model,#wpn_t8_sniper_koshka_view
model,#attach_t8_loot_sniper_mini14_fmj_world
model,#wpn_t8_smg_handling_mag_dw_mk2_world
model,#hash_119efad0e2723234
model,#attach_t8_sniper_koshka_mag_fastreload_view
model,#hash_11b707a395b415f7
model,#hash_11c0b360872f01a6
model,#hash_11c392427f075d7e
model,#attach_t8_ar_stealth_silencer_mk2_view
model,#wpn_t8_launcher_standard_world
model,#attach_t8_loot_smg_vmp_foregrip_world
model,#hash_11df427d55242071
model,#c_t8_zmb_dlc1_hero_gunslinger_torso1
model,#attach_t8_loot_tac_rifle_flechette_silencer_mk2_view
model,#wpn_t8_loot_ar_peacekeeper_mag_mk2_view
model,#c_t8_zmb_dlc0_hero_diego_head1_cst
model,#wpn_t8_loot_tac_rifle_flechette_mag_world
model,#attach_t8_ar_stealth_silencer_long_world
model,#attach_t8_loot_pistol_auto_fmj_lower_sig_02_world
model,#attach_t8_loot_pistol_auto_grip_sig_02_world
model,#attach_t8_smg_accurate_handguard_01_sig_03_view
model,#attach_t8_smg_capacity_ext_mag_03_sig_02_world
model,#wpn_t8_tac_rifle_mid_burst_mag_view
model,#hash_123a8e047bf49009
model,#hash_123bd7709405a2c1
model,#attach_t8_loot_tac_rifle_flechette_silencer_mk2_world
model,#c_t8_zmb_mob_hero_richtofen_torso1_cst_novials
model,#attach_t8_loot_tac_rifle_flechette_foregrip_view
model,#attach_t8_charm_monty_bar_view
model,#attach_t8_ar_k57_mag_mixclip_sig_03_view
model,#c_t8_zmb_mob_hero_richtofen_lowerbody2_viewbody2
model,#wpn_t8_smg_handling_mag_sig_02_world
model,#attach_t8_loot_ar_peacekeeper_handguard_mk2_view
model,#wpn_t8_smg_handling_mag_sig_02_dw_world
model,#wpn_t8_tac_rifle_swordfish_sig_02_view
model,#attach_t8_ar_stealth_barrel_long_world
model,#attach_t8_loot_smg_fastburst_bolt_02_mk2_view
model,#attach_t8_ar_heavy_barrel_world
model,#attach_t8_loot_ar_peacekeeper_upper_world
model,#attach_t8_loot_smg_fastburst_drum_mag_world
model,#c_t8_zmb_hero_bruno_viewarms1_cst
model,#p8_zm_zod_ice_chunk_med_01
model,#wpn_t8_zm_perk_bottle_zombshell_view
model,#hash_130d5e8846887511
model,#attach_t8_ar_stealth_hi_cal_sig_02_view
model,#attach_t8_ar_heavy_fmj_01_mag_mk2_world
model,#wpn_t8_launcher_standard_stow
model,#attach_t8_loot_smg_folding_bolt_02_world
model,#hash_1365d9d369c8afe4
model,#c_t8_zmb_hero_scarlett_torso1_armormedium1
model,#attach_t8_loot_ar_peacekeeper_silencer_world
model,#attach_t8_ar_heavy_bolt_view
model,#attach_t8_loot_ar_peacekeeper_bolt_mk2_world
model,#attach_t8_lmg_hades_barrel_world
model,#attach_t8_loot_smg_fastburst_drum_mag_sig_02_view
model,#c_t8_zmb_dlc0_hero_diego_arms1_cst
model,#attach_t8_tac_rifle_swordfish_handguard_view
model,#collision_wall_256x256x10_standard
model,#attach_t8_ar_stealth_bayonet_sig_01_world
model,#hash_13961b9f189661cf
model,#c_t8_zmb_mob_hero_nikolai_lowerbody1_cst
model,#attach_t8_loot_pistol_auto_ext_fast_mag_mk2_world
model,#wpn_t8_loot_smg_fastburst_mag_view
model,#attach_t8_charm_plant_peach_view
model,#attach_t8_loot_tac_rifle_flechette_silencer_world
model,#wpn_t7_grenade_semtex_projectile
model,#wpn_t8_loot_smg_folding_mag_mk2_view
model,#wpn_t8_tac_rifle_surgeon_world
model,#attach_t8_charm_pufferfish_view
model,#attach_t8_ar_heavy_barrel_view
model,#attach_t8_loot_lmg_mk48_foregrip_mk2_view
model,#wpn_t8_tac_rifle_swordfish_scope_sig_02_ads
model,#attach_t8_tac_rifle_mid_burst_foregrip_mk2_view
model,#attach_t8_tac_rifle_surgeon_fmj_02_mag_world
model,#attach_t8_loot_smg_fastburst_fast_mag_mk2_world
model,#wpn_t7_mingun_world
model,#attach_t8_tac_rifle_swordfish_burst_count_mk2_world
model,#hash_1459ad28e7bc15dd
model,#wpn_t8_zm_perk_bottle_deadshot_view
model,#attach_t8_loot_smg_fastburst_foregrip_view
model,#attach_t8_optic_mms_view
model,#attach_t8_loot_pistol_auto_fmj_lower_view
model,#attach_t8_shotgun_semi_strobe_view
model,#wpn_t8_wpn_lmg_hades_view
model,#attach_t8_charm_teabag_view
model,#wpn_t8_ar_k57_mag_sig_02_view
model,#attach_t8_sniper_sniver_foregrip_world
model,#attach_t8_lmg_titan_hipfire_handguard_world
model,#c_t8_bo_hero_russman_arms1_viewbody
model,#wpn_t8_crossbow_special_mag_view
model,#c_t8_zmb_mob_hero_nikolai_viewarms1_cst
model,#wpn_t8_tac_rifle_swordfish_scope_sig_02_view
model,#attach_t8_ar_fastfire_barrel_view
model,#wpn_t8_loot_pistol_auto_world
model,#attach_t8_loot_lmg_mk48_suppressor_view
model,#attach_t8_lmg_plr_barrel_sig_02_world
model,#attach_t8_tac_rifle_mid_burst_foregrip_world
model,#attach_t8_loot_tac_rifle_flechette_uber_sig_01_world
model,#wpn_t8_zm_elixir_liquid_rare_world
model,#attach_t8_loot_tac_rifle_flechette_barrel_view
model,#attach_t8_loot_ar_peacekeeper_grip_world
model,#attach_t8_smg_capacity_barrel_sig_02_world
model,#wpn_t8_sniper_power_semi_scope_world
model,#attach_t8_charm_steel_ball_view
model,#attach_t8_loot_sniper_mini14_ext_mag_01_world
model,#attach_t8_charm_pine_tree_view
model,#attach_t8_tac_rifle_swordfish_suppressor_sig_02_view
model,#wpn_t8_loot_tac_rifle_flechette_mag_sig_01_view
model,#attach_t8_tac_rifle_surgeon_bolt_view
model,#c_t8_zmb_dlc0_hero_scarlett_arms1_viewbody1_cst
model,#wpn_t8_sniper_sniver_scope_world
model,#attach_t8_lmg_hades_ext_mag_world
model,#attach_t8_tac_rifle_mid_burst_uber_world
model,#attach_t8_ar_heavy_grip_world
model,#p8_zm_door_buy_symbol_01
model,#attach_t8_loot_pistol_auto_ext_mag_world
model,#wpn_t8_zm_perk_totem_stamin_up_view
model,#attach_t8_shotgun_pump_ammo_steelpellets_dragon_world
model,#attach_t8_smg_fastfire_fast_mag_sig_02_world
model,#wpn_t8_smg_accurate_mag_world
model,#attach_t8_smg_mp9_bolt_world
model,#attach_t8_optic_holo_view
model,#wpn_t8_tac_rifle_swordfish_scope_world
model,#wpn_t8_smg_fastfire_mag_sig_01_view
model,#wpn_t8_shotgun_semi_sig_01_world
model,#c_t8_zmb_3rdclass_male_body3_s_rleg
model,#wpn_t8_loot_smg_folding_mag_world
model,#wpn_t8_smg_accurate_mag_sig_03_world
model,#attach_t8_ar_k57_grip_sig_03_view
model,#wpn_t8_pistol_burst_sig_01_world
model,#attach_t8_loot_ar_peacekeeper_grip_mk2_view
model,#attach_t8_loot_tac_rifle_flechette_foregrip_world
model,#hash_1687191e7953ff30
model,#wpn_t8_eqp_grenade_frag_world
model,#c_t8_zmb_dlc4_hero_misty_arms1
model,#attach_t8_lmg_plr_grip_view_mk2
model,#attach_t8_loot_smg_fastburst_stock_mk2_view
model,#attach_t8_loot_smg_folding_grip_01_mk2_view
model,#attach_t8_loot_lmg_mk48_stock_02_view
model,#wpn_t8_tac_rifle_mid_burst_mag_world
model,#attach_t8_loot_smg_minigun_fmj_01_view
model,#attach_t8_loot_shotgun_fullauto_quickdraw_sig_world
model,#wpn_t8_zm_perk_bottle_blaze_world
model,#wpn_t8_loot_shotgun_fullauto_mag_mk2_view_xtra
model,#attach_t8_smg_handling_stock02_sig_01_view
model,#attach_t8_tac_rifle_mid_burst_stock_02_world
model,#wpn_t8_zm_eqp_claymore_world
model,#wpn_t8_smg_accurate_sig_03_world
model,#wpn_t8_loot_tac_rifle_flechette_scope_view
model,#c_t8_zmb_hero_scarlett_viewlegs1_cst
model,#wpn_t8_ar_k57_mag_sig_03_world
model,#attach_t8_loot_smg_folding_bolt_01_world
model,#hash_174f4bd6d85019aa
model,#wpn_t8_zm_melee_chakram_lvl1_view
model,#attach_t8_sniper_koshka_grip_02_sig_02_world
model,#c_t8_zmb_mob_hero_takeo_torso1_viewbody1_cst
model,#hash_175deb70a02991a0
model,#wpn_t8_loot_ar_peacekeeper_mag_view
model,#wpn_t8_loot_ar_standard_mk2_view
model,#wpn_t8_zm_perk_bottle_timeslip_view
model,#attach_t8_pistol_burst_ext_mag_02_sig_02_view
model,#attach_t8_tac_rifle_swordfish_grip_view
model,#c_t8_bo_3rd_male_head1_asian
model,#attach_t8_pistol_revolver_quickdraw_hammer_mk2_view
model,#attach_t8_tac_rifle_surgeon_upper_01_view
model,#hash_17a1f443504a6fa5
model,#attach_t8_lmg_hades_grip_view
model,#attach_t8_smg_fastburst_dbal_sig_02_view
model,#p7_zm_power_up_max_ammo
model,#c_t8_zmb_dlc0_hero_scarlett_viewarms1_cst
model,#attach_t8_ar_heavy_bolt_mk2_world
model,#attach_t8_loot_ar_peacekeeper_ext_fast_mag_view
model,#attach_t8_loot_ar_peacekeeper_upper_mk2_view
model,#c_t8_zmb_hero_bruno_head1_cst
model,#hash_17f0afc768498710
model,#attach_t8_smg_capacity_handguard_01_mk2_view
model,#attach_t8_sniper_koshka_dbal_01_mk2_view
model,#hash_181a627b8dcf4e2b
model,#attach_t8_loot_tac_rifle_flechette_stock_mk2_world
model,#attach_t8_pistol_standard_fmj_02_hammer_view
model,#wpn_t8_lmg_plr_view_mk2
model,#attach_t8_loot_ar_double_barrel_ext_barrel_view
model,#wpn_t8_shotgun_semi_mag_sig_02_view
model,#wpn_t8_ar_stealth_mag_sig_02_view
model,#hash_18599c23acb9c67b
model,#attach_t8_ar_k57_stock_mk2_world
model,#hash_185ae1f05ee3ad0c
model,#c_t8_zmb_hero_diego_arms1_cst
model,#attach_t8_charm_keytar_view
model,#attach_t8_ar_stealth_fast_mag_view
model,#attach_t8_pistol_standard_uber_view_sig02
model,#wpn_t8_zm_melee_staff_ra_lvl3_world
model,#attach_t8_ar_stealth_bayonet_view
model,#hash_188709e9ac11fc07
model,#wpn_t8_loot_lmg_mk48_mk2_world
model,#wpn_t8_ar_fastfire_view
model,#attach_t8_loot_ar_standard_grip_mk2_view
model,#c_t8_zmb_dlc0_hero_bruno_head1_cst
model,#c_t8_zmb_ofc_hero_nikolai_viewarms1_cst
model,#attach_t8_tac_rifle_mid_burst_ext_mag_mk2_view
model,#wpn_t8_smg_fastfire_view
model,#attach_t8_loot_smg_fastburst_suppressor_world
model,#wpn_t8_sniper_semiauto_scope_ads_view
model,#hash_190c0139dd1181d3
model,#attach_t8_sniper_koshka_dbal_02_sig_02_view
model,#attach_t8_pistol_burst_ext_mag_01_view
model,#attach_t8_ar_stealth_stock_01_world
model,#attach_t8_loot_shotgun_fullauto_foregrip_02_world
model,#attach_t8_ar_k57_ext_mag_mixclip_mk2_view
model,#attach_t8_smg_fastfire_barrel_mk2_world
model,#attach_t8_loot_ar_double_barrel_foregrip_view
model,#hash_198556816977fb65
model,#hash_1997e87b9378e140
model,#attach_t8_loot_sniper_semiauto_fast_mag_world
model,#attach_t8_optic_reflex_world
model,#wpn_t8_zm_pistol_webly_world_dw
model,#wpn_t8_lmg_titan_sig_02_mag_view
model,#wpn_t8_zm_elixir_liquid_common_world
model,#attach_t8_smg_fastfire_fast_mag_mk2_world
model,#c_t8_zmb_mob_hero_takeo_torso1_armorlight1
model,#hash_19e63b7f4aab0870
model,#wpn_t8_sniper_sniver_scope_ads_view
model,#c_t8_zmb_1stclass_male_body3_g_rarmoff
model,#wpn_t8_zm_perk_totem_bloodwolf_view
model,#wpn_t8_zm_melee_staff_ra_lvl2_world
model,#wpn_t8_zm_perk_totem_blaze_view
model,#hash_1a3214ece4381edb
model,#attach_t8_loot_smg_fastburst_barrel_muzzle_sig_02_world
model,#attach_t8_ar_stealth_bayonet_mk2_view
model,#c_t8_zmb_mob_hero_richtofen_head2
model,#attach_t8_ar_stealth_silencer_long_sig_02_view
model,#attach_t8_optic_ironsights_sniper_rear_world
model,#attach_t8_pistol_burst_dbal_01_sig_02_view
model,#wpn_t8_sniper_sniver_scope_ads_sig_01_view
model,#hash_1a9c61220b99e44a
model,#wpn_t8_tac_rifle_swordfish_world
model,#wpn_t8_loot_smg_fastburst_mag_world
model,#attach_t8_tac_rifle_surgeon_fmj_01_mag_view
model,#attach_t8_sniper_koshka_grip_02_mk2_view
model,#attach_t8_loot_sniper_locus_ext_mag_01_world
model,#attach_t8_sniper_koshka_fast_mag_01_view
model,#hash_1aceb8c50e0cb8b8
model,#attach_t8_loot_knife_ballistic_blade_projectile
model,#wpn_t8_lmg_plr_sig_01_world
model,#hash_1b099a5dd5de9249
model,#c_t8_zmb_hero_scarlett_torso1_armorlight1
model,#wpn_t8_ar_fastfire_mag_sig_02_view
model,#p8_fxp_fluid_droplet_blood_dark_half_hirez
model,#wpn_t8_loot_lmg_mk48_world
model,#attach_t8_loot_ar_peacekeeper_upper_view
model,#attach_t8_pistol_standard_suppressor_world_sig02
model,#attach_t8_ar_k57_dbal_mk2_world
model,#attach_t8_loot_tac_rifle_damageburst_bolt_view
model,#attach_t8_loot_pistol_auto_stock_view
model,#attach_t8_loot_ar_peacekeeper_foregrip_mk2_world
model,#attach_t8_tac_rifle_surgeon_bipod_sig_02_world
model,#wpn_t8_zm_perk_totem_mule_kick_world
model,#attach_t8_loot_sniper_mini14_foregrip_world
model,#zm_collision_perks1
model,#attach_t8_loot_shotgun_prec_rapidfire_view
model,#attach_t8_tac_rifle_surgeon_fast_mag_view
model,#attach_t8_loot_ar_peacekeeper_foregrip_view
model,#hash_1bdd9b75c99850af
model,#wpn_t8_loot_tac_rifle_flechette_scope_world
model,#c_t8_zmb_mob_hero_dempsey_lowerbody1_cst
model,#wpn_t8_tac_rifle_swordfish_scope_sig_01_view
model,#attach_t8_ar_k57_stock_world
model,#attach_t8_loot_tac_rifle_flechette_rapidfire_mk2_world
model,#c_t8_zmb_dlc1_hero_brigadier_torso1_viewbody1
model,#c_t8_zmb_dlc0_hero_diego_torso1_armormedium1
model,#attach_t8_loot_ar_standard_handguard_fmj_mk2_view
model,#attach_t8_loot_smg_folding_grip_01_world
model,#attach_t8_charm_surfboard_view
model,#attach_t8_loot_knife_ballistic_blades_dw_world
model,#attach_t8_pistol_standard_fmj_02_muzzle_sig_01_view
model,#hash_1c683849ea6e8666
model,#attach_t8_sniper_koshka_stock_mk2_world
model,#attach_t8_smg_accurate_grip_01_view
model,#hash_1ca647ab69698bcc
model,#attach_t8_loot_sniper_mini14_grip_mk2_view
model,#c_t8_zmb_ofc_hero_takeo_viewlegs1_cst
model,#attach_t8_pistol_revolver_hical_sig_02_world
model,#wpn_t8_sniper_vanguard_mag_sig_02_view
model,#wpn_t7_none_view
model,#attach_t8_sniper_power_semi_ext_mag_01_view
model,#attach_t8_ar_k57_foregrip_sig_03_world
model,#attach_t8_loot_smg_fastburst_ext_mag_mk2_world
model,#hash_1d1c3f2ee1cc398e
model,#p8_fxp_fluid_tendril_2_blood
model,#wpn_t8_zm_melee_sword_lvl3_world
model,#attach_t8_loot_sniper_semiauto_hical_02_view
model,#wpn_t8_zm_perk_totem_deadshot_view
model,#hash_1d655669030e83de
model,#wpn_t8_loot_smg_fastburst_mk2_world
model,#attach_t8_ar_k57_grip_mk2_view
model,#hash_1d86335c0bdfefe7
model,#attach_t8_pistol_burst_ext_mag_01_world
model,#wpn_t8_smg_handling_view
model,#wpn_t8_tac_rifle_surgeon_scope_view
model,#attach_t8_smg_accurate_mag_view
model,#attach_t8_pistol_standard_ext_mag_plate_world
model,#wpn_t8_loot_tac_rifle_flechette_sig_01_view
model,#c_t8_zmb_dlc0_hero_bruno_torso1_armormedium1
model,#attach_t8_loot_lmg_mk48_stock_02_mk2_world
model,#attach_t8_sniper_vanguard_stock_world
model,#attach_t8_ar_stealth_charging_handle_mk2_view
model,#attach_t8_ar_stealth_charging_handle_mk2_world
model,#attach_t8_loot_shotgun_fullauto_ext_mag_view_xtra
model,#attach_t8_sniper_koshka_loader_base_view
model,#wpn_t8_tac_rifle_mid_burst_mag_mk2_view
model,#hash_1e56fdd8224814f7
model,#wpn_t8_ar_accurate_mag_world
model,#hash_1e631fdbae9b8c43
model,#attach_t8_sniper_sniver_stock_sig_02_world
model,#c_t8_zmb_hero_stanton_lowerbody1_cst
model,#attach_t8_ar_stealth_stock_01_view
model,#wpn_t8_ar_heavy_mag_view
model,#wpn_t8_lmg_titan_mag_world
model,#hash_1e9ac8e56e5b1260
model,#wpn_t8_ar_accurate_sig_01_world
model,#fx_char_gib_chunk_flesh02
model,#fx_char_gib_chunk_flesh03
model,#attach_t8_ar_k57_suppressor_mk2_world
model,#attach_t8_ar_accurate_grip_sig_03_view
model,#attach_t8_loot_ar_standard_barrel_view
model,#attach_t8_tac_rifle_mid_burst_uber_mk2_world
model,#wpn_t8_lmg_plr_view
model,#c_t8_zmb_hero_stanton_torso1_armorlight1
model,#wpn_t8_tac_rifle_swordfish_scope_mk2_view
model,#wpn_t8_smg_handling_sig_02_world
model,#attach_t8_pistol_revolver_scope_ads_sig_02_view
model,#wpn_t8_loot_shotgun_fullauto_mag_world_xtra
model,#tag_origin_animate
model,#p7_zm_power_up_double_points
model,#hash_1f21e63fb93e6a9a
model,#c_t8_zmb_hero_diego_torso1_cst
model,#wpn_t8_sniper_sniver_sig_02_world
model,#attach_t8_ar_galil_foregrip_world
model,#attach_t8_loot_ar_standard_handguard_fmj_view
model,#attach_t8_loot_ar_an94_stock_world
model,#wpn_t7_grenade_zmb_semtex_projectile
model,#wpn_t8_zm_perk_totem_victorious_tortoise_view
model,#attach_t8_tac_rifle_mid_burst_dbal_01_view
model,#attach_t8_ar_heavy_mag_fastreload_world
model,#wpn_t8_sniper_power_semi_sig_02_view
model,#hash_1f9155520efd5208
model,#attach_t8_charm_basketball_william
model,#hash_1fa57192e2482d39
model,#attach_t8_ar_stealth_charging_handle_world
model,#wpn_t8_sniper_koshka_mk2_view
model,#attach_t8_shotgun_semi_dbal_02_world
model,#attach_t8_shotgun_semi_ext_mag_02_world
model,#attach_t8_tac_rifle_swordfish_burstcount_sig_02_world
model,#attach_t8_ar_accurate_grip_sig_01_view
model,#attach_t8_loot_smg_fastburst_foregrip_sig_02_view
model,#attach_t8_loot_ar_standard_bolt_hical_mk2_view
model,#attach_t8_smg_capacity_ext_mag_03_view
model,#attach_t8_smg_fastfire_ext_mag_world
model,#attach_t8_loot_shotgun_fullauto_foregrip_view
model,#attach_t8_loot_ar_standard_stock_world
model,#attach_t8_loot_smg_folding_foregrip_mk2_view
model,#attach_t8_loot_lmg_mk48_fmj_mk2_world
model,#attach_t8_ar_heavy_fmj_01_mag_mk2_view
model,#c_t8_zmb_dlc0_hero_bruno_lowerbody1_viewbody1_cst
model,#attach_t8_charm_shotgun_round_view
model,#attach_t8_lmg_titan_ext_mag_view
model,#attach_t8_lmg_plr_barrel_view_mk2
model,#attach_t8_shotgun_semi_foregrip_view
model,#attach_t8_charm_hula_girl_view
model,#c_t8_bo_hero_stuhlinger_arms1
model,#attach_t8_tac_rifle_surgeon_bipod_world
model,#attach_t8_optic_rmr_view
model,#hash_2093b1a6aa7b93f0
model,#attach_t8_loot_shotgun_fullauto_ext_mag_sig_world
model,#attach_t8_ar_k57_suppressor_sig_02_world
model,#attach_t8_loot_smg_fastburst_barrel_muzzle_sig_02_view
model,#attach_t8_tac_rifle_mid_burst_foregrip_mk2_world
model,#wpn_t8_lmg_titan_stock_armored_world
model,#c_t8_zmb_mob_hero_richtofen_torso2_viewbody2
model,#wpn_t8_loot_shotgun_fullauto_mag_sig_view
model,#attach_t8_pistol_burst_slide_view
model,#attach_t8_smg_fastfire_grip_view
model,#attach_t8_loot_shotgun_fullauto_ext_mag_mk2_view_xtra
model,#attach_t8_sniper_koshka_barrel_view
model,#attach_t8_loot_shotgun_fullauto_stock_mk2_view
model,#attach_t8_pistol_revolver_quickdraw_mk2_world
model,#attach_t8_tac_rifle_mid_burst_uber_view
model,#wpn_t8_smg_handling_mag_mk2_world
model,#wpn_t8_pistol_burst_mag_sig_01_world
model,#attach_t8_lmg_hades_uber_world
model,#wpn_t8_eqp_supply_pod_projectile_view
model,#wpn_t8_sniper_power_semi_sig_02_world
model,#attach_t8_loot_ar_double_barrel_dbal_02_world
model,#attach_t8_sniper_sniver_suppressor_view
model,#p8_zm_powerup_full_power
model,#wpn_t8_loot_smg_minigun_mag_world
model,#attach_t8_smg_accurate_handguard_02_view
model,#attach_t8_ar_k57_ext_mag_sig_03_view
model,#p8_zm_wall_buy_symbol_01_top
model,#hash_21f2c53df5456809
model,#attach_t8_loot_sniper_locus_bipod_world
model,#attach_t8_loot_smg_fastburst_ext_mag_world
model,#attach_t8_smg_handling_silencer_mk2_world
model,#wpn_t8_sniper_vanguard_mk2_view
model,#attach_t8_sniper_koshka_dbal_01_sig_02_view
model,#attach_t8_loot_smg_fastburst_suppressor_sig_02_world
model,#attach_t8_sniper_koshka_dbal_01_view
model,#wpn_t8_smg_handling_sig_01_view
model,#attach_t8_loot_ar_standard_ext_mag_mk2_world
model,#wpn_t8_sniper_sniver_scope_sig_02_world
model,#wpn_t8_loot_tac_rifle_damageburst_rail_view
model,#wpn_t8_tac_rifle_mid_burst_scope_view
model,#c_t8_zmb_dlc1_hero_butler_arms1_viewbody1
model,#c_t8_zmb_3rdclass_male_body1_g_upclean
model,#collision_wall_128x128x10_standard
model,#attach_t8_smg_fastfire_stock_sig_02_world
model,#attach_t8_lmg_hades_grip_world
model,#attach_t8_loot_smg_fastburst_stock_view
model,#wpn_t8_loot_ar_standard_mag_mk2_view
model,#wpn_t8_zm_elixir_bottle_ultra_view
model,#wpn_t8_sniper_vanguard_scope_mk2_world
model,#wpn_t7_zmb_bubblegum_world
model,#attach_t8_pistol_revolver_hical_world
model,#attach_t8_pistol_revolver_scope_ads_mk2_view
model,#c_t8_zmb_mob_hero_dempsey_torso1_cst
model,#p8_fxanim_zm_zod_staff_ra_mod
model,#wpn_t8_loot_sniper_mini14_mag_mk2_view
model,#attach_t8_loot_lmg_mk48_hical_world
model,#c_t8_zmb_dlc0_hero_diego_torso1_armorlight1
model,#attach_t8_smg_handling_foregrip_world
model,#attach_t8_loot_sniper_semiauto_stock_view
model,#c_t8_zmb_dlc0_hero_scarlett_torso1_armormedium1
model,#attach_t8_loot_lmg_mk48_hical_mk2_view
model,#attach_t8_ar_stealth_charging_handle_sig_02_world
model,#wpn_t8_zm_smg_primary_mag_view
model,#hash_232dfc6537ffd7a4
model,#wpn_t8_tac_rifle_swordfish_scope_ads
model,#attach_t8_ar_stealth_silencer_long_sig_02_world
model,#attach_t8_loot_ar_an94_bolt_view
model,#wpn_t8_smg_handling_world
model,#attach_t8_loot_smg_fastburst_drum_mag_mk2_view
model,#attach_t8_charm_lucky_cat_view
model,#wpn_t8_smg_accurate_handguard_02_sig_02_world
model,#c_t8_zmb_mob_hero_nikolai_torso1_armormedium1
model,#c_t8_zmb_3rdclass_male_head4
model,#c_t8_zmb_3rdclass_male_head1
model,#c_t8_zmb_3rdclass_male_head2
model,#c_t8_zmb_3rdclass_male_head3
model,#attach_t8_pistol_revolver_uber_mk2_world
model,#attach_t8_loot_knife_ballistic_blades_world
model,#collision_player_wall_256x256x10
model,#attach_t8_ar_fastfire_barrel_sig_01_world
model,#attach_t8_pistol_revolver_barrel_01_mk2_world
model,#wpn_t8_shotgun_semi_mag_sig_02_world
model,#hash_23cf0f51eddb0e61
model,#attach_t8_smg_mp9_barrel_01_world
model,#wpn_t8_smg_handling_sig_02_dw_world
model,#c_t8_zmb_dlc0_hero_bruno_arms1_cst
model,#attach_t8_pistol_revolver_barrel_01_view
model,#wpn_t8_loot_smg_minigun_world
model,#attach_t8_ar_k57_foregrip_mk2_view
model,#attach_t8_shotgun_pump_speedreloader_view
model,#attach_t8_charm_ufo_view
model,#attach_t8_pistol_standard_ext_mag_plate_world_sig
model,#attach_t8_lmg_plr_hical_02_world
model,#attach_t8_smg_accurate_stock_view
model,#attach_t8_charm_plush_shark_view
model,#c_t8_zmb_dlc0_hero_bruno_torso1_viewbody1_cst
model,#wpn_t8_tac_rifle_swordfish_scope_mk2_world
model,#c_t8_zmb_mob_hero_richtofen_viewarms2
model,#attach_t8_ar_k57_grip_world
model,#wpn_t8_zm_elixir_bottle_rare_view
model,#hash_24446ae81898c167
model,#attach_t8_pistol_revolver_barrel_01_sig_02_view
model,#wpn_t8_zm_perk_bottle_quickrevive_world
model,#attach_t8_ar_accurate_grip_view
model,#p8_fxp_fluid_splash_blood
model,#attach_t8_sniper_power_semi_foregrip_sig_02_view
model,#wpn_t8_sniper_semiauto_scope_view
model,#c_t8_zmb_dlc0_hero_diego_viewlegs1_cst
model,#wpn_t8_zm_perk_bottle_winterswail_view
model,#attach_t8_smg_accurate_grip_01_sig_03_world
model,#wpn_t8_tac_rifle_swordfish_rail_mk2_view
model,#wpn_t8_tac_rifle_swordfish_rail_view
model,#attach_t8_loot_tac_rifle_flechette_silencer_view
model,#attach_t8_loot_ar_peacekeeper_ext_fast_mag_mk2_view
model,#wpn_t8_hero_war_machine_projectile
model,#wpn_t8_smg_mp9_mag_view
model,#wpn_t8_sniper_vanguard_sig_01_view
model,#wpn_t8_smg_handling_sig_01_dw_world
model,#attach_t8_tac_rifle_swordfish_handguard_sig_02_view
model,#c_t8_zmb_hero_stanton_lowerbody1_viewbody1_cst
model,#wpn_t8_loot_ar_standard_mag_mk2_world
model,#attach_t8_ar_k57_dbal_sig_02_view
model,#wpn_t7_shock_charge_view
model,#attach_t8_optic_holo_world
model,#attach_t8_lmg_titan_stock_armored_view
model,#hash_25665f804fbface5
model,#hash_2577e93af00b6194
model,#attach_t8_loot_smg_vmp_barrel_world
model,#attach_t8_sniper_koshka_stock_mk2_view
model,#c_t8_zmb_mob_hero_nikolai_torso1_viewbody1_cst
model,#p8_fxp_zm_scepter_beacon_sphere_top
model,#attach_t8_tac_rifle_swordfish_burst_count_world
model,#attach_t8_loot_pistol_auto_ext_fast_mag_sig_02_world
model,#attach_t8_charm_crab_view
model,#wpn_t8_zm_elixir_bottle_base_world
model,#wpn_t8_pistol_revolver_mk2_world
model,#c_t8_zmb_dlc1_hero_butler_torso1
model,#wpn_t8_loot_shotgun_fullauto_mag_view_xtra
model,#wpn_t8_zm_mp40_mag_view
model,#attach_t8_charm_pillow_showstopper_view
model,#c_t8_zmb_1stclass_male_body1_g_larmoff
model,#attach_t8_ar_stealth_stock_01_mk2_view
model,#hash_263a9ae3e7d28f7c
model,#attach_t8_tac_rifle_swordfish_handguard_mk2_view
model,#attach_t8_charm_petrock_view
model,#hash_267c188047a95a4a
model,#attach_t8_loot_smg_vmp_silencer_world
model,#hash_268a3e95e5416532
model,#collision_geo_64x64x256_standard
model,#c_t8_zmb_1stclass_male_body2_g_rarmoff
model,#c_t8_zmb_dlc4_hero_misty_lowerbody1
model,#c_t8_zmb_hero_diego_torso1_armorheavy1
model,#attach_t8_tac_rifle_surgeon_fmj_02_mag_sig_02_world
model,#attach_t8_loot_pistol_auto_hical_barrel_mk2_world
model,#attach_t8_smg_capacity_ext_mag_01_mk2_view
model,#attach_t8_optic_ironsights_sniper_rear_view
model,#attach_t8_pistol_revolver_barrel_02_view
model,#attach_t8_smg_handling_fastmag01_mk2_world
model,#attach_t8_tac_rifle_surgeon_upper_02_world
model,#attach_t8_charm_9mm_view
model,#attach_t8_smg_accurate_stock_sig_02_world
model,#attach_t8_loot_ar_peacekeeper_ext_mag_world
model,#attach_t8_sniper_koshka_grip_02_world
model,#c_t8_zmb_mob_hero_dempsey_lowerbody1_viewbody1_cst
model,#attach_t8_loot_smg_folding_hybrid_mag_mk2_view
model,#attach_t8_tac_rifle_swordfish_hical_world
model,#attach_t8_tac_rifle_swordfish_handguard_mk2_world
model,#wpn_t8_loot_ar_an94_mag_world
model,#hash_273932bba6214a78
model,#attach_t8_loot_lmg_mk48_foregrip_mk2_world
model,#attach_t8_loot_sniper_mini14_ext_mag_01_view
model,#c_t8_zmb_dlc1_hero_gypsy_arms1
model,#attach_t8_lmg_plr_ext_mag_view_mk2
model,#c_t8_zmb_mob_hero_zombie_blood_arms1_viewbody1
model,#wpn_t8_smg_mp9_view
model,#attach_t8_loot_smg_fastburst_fast_mag_view
model,#p8_zm_vapor_altar_icon_01_quickrevive
model,#wpn_t8_zm_knife_bowie_world
model,#c_t8_zmb_1stclass_male_body2_g_upclean
model,#hash_27d4522c6e9f7264
model,#c_t8_bo_hero_johnson_torso1
model,#attach_t8_lmg_plr_grip_view
model,#c_t8_bo_hero_russman_lowerbody1_viewbody
model,#attach_t8_pistol_revolver_scope_sig_02_world
model,#hash_27f8acb1598af8c2
model,#attach_t8_ar_k57_ext_mag_mixclip_view
model,#wpn_t8_ar_heavy_mk2_view
model,#attach_t8_loot_ar_standard_ext_mag_full_mk2_view
model,#wpn_t8_zm_perk_totem_bloodwolf_world
model,#attach_t8_loot_ar_peacekeeper_upper_mk2_world
model,#c_t8_zmb_1stclass_male_body3_g_llegoff
model,#hash_286141787702ad96
model,#attach_t8_tac_rifle_swordfish_burst_count_mk2_view
model,#c_t8_bo_hero_johnson_lowerbody1_viewbody
model,#attach_t8_smg_fastfire_handguard_sig_02_world
model,#attach_t8_pistol_revolver_stock_view
model,#hash_28a5dd8542d1a7f6
model,#c_t8_bo_hero_russman_torso1_armorheavy
model,#attach_t8_lmg_plr_grip_handle_world_mk2
model,#attach_t8_lmg_plr_bolt_handle_world
model,#attach_t8_smg_accurate_handguard_02_world
model,#hash_291537d4ca38f223
model,#hash_291dd4cafd81b697
model,#wpn_t8_zm_perk_totem_revive_view
model,#c_t8_zmb_hero_bruno_torso1_armorheavy1
model,#wpn_t8_eqp_trophy_system_world
model,#p7_dogtags_enemy_ruin
model,#wpn_t8_zm_perk_bottle_victorioustortoise_view
model,#attach_t8_loot_ar_double_barrel_stock_view
model,#attach_t8_pistol_burst_dbal_02_view
model,#wpn_t8_loot_shotgun_fullauto_mag_mk2_view
model,#wpn_t8_ar_fastfire_mag_world
model,#attach_t8_charm_skeleton_key_view
model,#attach_t8_charm_codfish_view
model,#attach_t8_smg_mp9_barrel_01_view
model,#p8_zm_zod_ice_chunk_sml_01
model,#wpn_t8_lmg_plr_mag_sig_01_world
model,#attach_t8_loot_smg_folding_hybrid_mag_world
model,#p7_zm_power_up_firesale
model,#wpn_t8_sniper_sniver_scope_sig_01_view
model,#c_t8_zmb_1stclass_male_body2_g_lowclean
model,#attach_t8_ar_stealth_stock_01_mk2_world
model,#c_t8_zmb_3rdclass_male_body3_s_larm
model,#wpn_t8_pistol_burst_mag_sig_02_world
model,#wpn_t8_smg_capacity_view
model,#attach_t8_loot_sniper_mini14_ext_mag_01_mk2_world
model,#wpn_t8_smg_fastfire_mag_sig_02_view
model,#hash_2a3a1589f014df5b
model,#attach_t8_tac_rifle_swordfish_bolt_mk2_view
model,#c_t8_zmb_1stclass_male_body3_g_larmoff
model,#c_t8_zmb_1stclass_male_body3_g_blegsoff
model,#attach_t8_charm_specialist_ruin
model,#wpn_t8_lmg_plr_world_mk2
model,#wpn_t8_loot_lmg_mk48_clip_world
model,#wpn_t8_pistol_standard_sig_02_view
model,#c_t8_zmb_dlc0_zombie_male_body3_g_larmoff
model,#attach_t8_ar_heavy_hical02_mk2_view
model,#attach_t8_loot_lmg_mk48_barrel_muzzle_world
model,#attach_t8_loot_smg_minigun_fmj_02_view
model,#attach_t8_smg_accurate_stock_sig_01_world
model,#attach_t8_loot_shotgun_fullauto_stock_sig_world
model,#attach_t8_smg_fastfire_barrel_world
model,#hash_2ab2489823b27381
model,#attach_t8_smg_handling_stock02_sig_02_view
model,#attach_t8_loot_sniper_locus_bolt_01_view
model,#attach_t8_smg_handling_fastmag02_view
model,#attach_t8_loot_pistol_auto_fast_mag_world
model,#attach_t8_shotgun_pump_handguard_muzzle_view
model,#attach_t8_loot_tac_rifle_flechette_uber_world
model,#attach_t8_charm_plant_banana_view
model,#wpn_t8_zm_homunculus_world
model,#attach_t8_loot_ar_double_barrel_stock_world
model,#wpn_t8_loot_sniper_mini14_mag_view
model,#attach_t8_smg_fastfire_ext_fast_mag_mk2_world
model,#hash_2b2d65220fcd34ce
model,#p7_debris_rockychunks_small_01
model,#wpn_t8_sniper_koshka_scope_view
model,#p7_debris_rockychunks_small_12
model,#attach_t8_loot_sniper_mini14_foregrip_uber_world
model,#attach_t8_loot_pistol_auto_reflex_view
model,#attach_t8_ar_k57_ext_mag_mixclip_world
model,#attach_t8_loot_ar_standard_handguard_fmj_sig_02_world
model,#wpn_t8_sniper_sniver_world
model,#wpn_t8_loot_smg_fastburst_mag_mk2_view
model,#attach_t8_ar_fastfire_dbal_02_view
model,#attach_t8_lmg_plr_bolt_handle_view_mk2
model,#hash_2b92ff0a9c783717
model,#attach_t8_smg_accurate_mag_world
model,#c_t8_zmb_dlc0_hero_scarlett_torso1_cst
model,#hash_2ba9f00ce402e16a
model,#attach_t8_tac_rifle_swordfish_barrel_view
model,#collision_geo_128x128x128_standard
model,#wpn_t8_smg_handling_mag_sig_01_view
model,#attach_t8_loot_smg_fastburst_fast_mag_sig_02_view
model,#hash_2bcc645a8ca4eb5a
model,#attach_t8_lmg_plr_ext_mag_world_mk2
model,#c_t8_zmb_mob_hero_takeo_viewlegs1_cst
model,#attach_t8_smg_fastfire_grip_mk2_view
model,#attach_t8_loot_ar_double_barrel_ext_mag_01_world
model,#wpn_t8_loot_lmg_mk48_mk2_view
model,#wpn_t8_smg_accurate_sig_02_view
model,#attach_t8_ar_accurate_foregrip_world
model,#wpn_t8_zm_elixir_bottle_epic_world
model,#attach_t8_smg_handling_foregrip_mk2_world
model,#c_t8_zmb_hero_bruno_lowerbody1_viewbody1_cst
model,#attach_t8_pistol_revolver_hical_view
model,#attach_t8_smg_capacity_bolt_sig_02_view
model,#attach_t8_lmg_plr_foregrip_view
model,#attach_t8_ar_fastfire_bolt_view
model,#wpn_t8_smg_mp9_sig_01_world
model,#attach_t8_shotgun_pump_speedreloader_mk2_view
model,#attach_t8_lmg_plr_grip_world_mk2
model,#attach_t8_loot_smg_minigun_ext_mag_01_view
model,#c_t8_bo_hero_russman_head1
model,#wpn_t8_eqp_grenade_frag_projectile
model,#wpn_t8_ar_accurate_view
model,#hash_2c9b928f3ac9145f
model,#wpn_t8_eqp_semtex_cluster_view
model,#attach_t8_ar_stealth_stock_01_sig_02_view
model,#attach_t8_loot_ar_peacekeeper_bolt_world
model,#wpn_t8_loot_smg_minigun_mag_view
model,#attach_t8_sniper_sniver_bolt_view
model,#wpn_t8_zm_perk_totem_dying_wish_world
model,#c_t8_bo_hero_stuhlinger_arms1_viewbody
model,#wpn_t8_wpn_lmg_hades_mag_world
model,#wpn_t8_lmg_titan_sig_01_mag_view
model,#wpn_t8_tac_rifle_mid_burst_mag_sig_01_world
model,#attach_t8_charm_paintshop_view
model,#hash_2d1ef5ee6642d5a7
model,#attach_t8_ar_stealth_hi_cal_mk2_world
model,#fx_debris_stone_01
model,#attach_t8_tac_rifle_swordfish_burst_count_view
model,#c_t8_zmb_dlc0_zombie_male_body3_g_upclean
model,#attach_t8_loot_tac_rifle_flechette_barrel_world
model,#wpn_t8_zm_melee_chakram_lvl2_world
model,#attach_t8_smg_capacity_handguard_02_mk2_world
model,#wpn_t8_zm_perk_totem_phd_slider_view
model,#c_t8_zmb_ofc_hero_dempsey_head1
model,#attach_t8_ar_k57_stock_view
model,#attach_t8_optic_thermal_view
model,#attach_t8_ar_fastfire_dbal_02_world
model,#attach_t8_loot_sniper_mini14_suppressor_world
model,#wpn_t8_sniper_koshka_scope_ads_mk2_view
model,#attach_t8_smg_accurate_mag_sig_03_view
model,#c_t8_zmb_dlc1_hero_brigadier_torso1
model,#p8_fxp_zm_scepter_beacon_sphere
model,#wpn_t8_shotgun_semi_sig_02_world
model,#attach_t8_sniper_koshka_dbal_01_sig_02_world
model,#attach_t8_ar_stealth_stock_02_sig_02_view
model,#attach_t8_smg_handling_foregrip_sig_02_world
model,#attach_t8_ar_k57_suppressor_sig_03_view
model,#hash_2e1fba164e0d131a
model,#veh_t8_zm_turret_mini_dest
model,#hash_2e439118e5095e0f
model,#attach_t8_loot_lmg_mk48_fmj_view
model,#veh_t8_zm_turret_mini_dead
model,#hash_2e6c7738235b008b
model,#attach_t8_loot_pistol_auto_stock_world
model,#attach_t8_pistol_burst_ext_mag_02_view
model,#wpn_t8_sniper_koshka_mag_sig_02_world
model,#fx_axis_createfx
model,#attach_t8_charm_sniper_round_view
model,#attach_t8_sniper_sniver_bolt_handle_view
model,#attach_t8_charm_snowglobe
model,#attach_t8_smg_capacity_ext_mag_02_mk2_view
model,#attach_t8_loot_shotgun_prec_suppressor_view
model,#attach_t8_tac_rifle_mid_burst_dbal_01_world
model,#attach_t8_loot_ar_double_barrel_ext_barrel_world
model,#wpn_t8_smg_handling_mag_sig_01_dw_view
model,#wpn_t8_loot_smg_vmp_view
model,#attach_t8_shotgun_semi_ext_mag_02_view
model,#attach_t8_smg_fastfire_grip_sig_02_world
model,#hash_2f7b4143678bd984
model,#wpn_t7_grenade_zmb_semtex_world
model,#attach_t8_smg_fastfire_stock_mk2_view
model,#wpn_t8_smg_mp9_sig_02_mag_view
model,#hash_2f98797d58f2f522
model,#attach_t8_loot_ar_standard_grip_world
model,#attach_t8_loot_smg_fastburst_foregrip_sig_02_world
model,#wpn_t8_zm_perk_bottle_zombshell_world
model,#p7_gib_chunk_fat
model,#wpn_t8_zm_melee_chakram_lvl3_dw_world
model,#hash_2fad34648bd8d3d7
model,#wpn_t8_loot_sniper_locus_world
model,#attach_t8_sniper_koshka_grip_02_sig_02_view
model,#wpn_t8_lmg_plr_world
model,#c_t8_zmb_dlc0_zombie_male_body3
model,#attach_t8_loot_tac_rifle_damageburst_foregrip_view
model,#attach_t8_loot_smg_folding_grip_02_mk2_view
model,#wpn_t8_zm_perk_bottle_stronghold_world
model,#wpn_t8_smg_capacity_mag_sig_02_world
model,#attach_t8_loot_sniper_semiauto_ext_fix_mag_world
model,#attach_t8_loot_shotgun_fullauto_stock_02_view
model,#attach_t8_smg_capacity_ext_mag_02_mk2_world
model,#attach_t8_loot_smg_fastburst_fast_mag_sig_02_world
model,#hash_3056ed9ea24931c4
model,#attach_t8_loot_shotgun_fullauto_foregrip_02_mk2_world
model,#wpn_t8_pistol_burst_world
model,#c_t8_zmb_dlc0_hero_scarlett_lowerbody1_cst
model,#attach_t8_loot_sniper_semiauto_grip_world
model,#attach_t8_ar_fastfire_grip_01_view
model,#c_t8_zmb_1stclass_male_body2_g_blegsoff
model,#wpn_t8_zm_perk_totem_stone_cold_stronghold_view
model,#attach_t8_smg_fastfire_handguard_view
model,#attach_t8_tac_rifle_mid_burst_ext_mag_mk2_world
model,#hash_30bab13b2e7d501f
model,#attach_t8_loot_smg_minigun_ext_mag_01_world
model,#attach_t8_ar_accurate_barrel_view
model,#wpn_t8_zm_perk_totem_stamin_up_world
model,#wpn_t8_loot_knife_ballistic_blade_view
model,#attach_t8_tac_rifle_swordfish_foregrip_sig_02_view
model,#wpn_t8_smg_handling_dw_mk2_world
model,#wpn_t8_eqp_turret_mini_mount_fx
model,#attach_t8_smg_handling_stock02_sig_02_world
model,#wpn_t8_sniper_vanguard_sig_02_scope_world
model,#attach_t8_shotgun_pump_handguard_world
model,#attach_t8_loot_smg_folding_bolt_01_mk2_view
model,#hash_312789b77020d4dd
model,#c_t8_bo_hero_misty_arms1_viewbody1
model,#c_t8_zmb_dlc0_hero_stanton_arms1_cst
model,#attach_t8_loot_tac_rifle_flechette_stock_world
model,#p8_zm_vapor_altar_icon_01_deathperception
model,#wpn_t8_tac_rifle_mid_burst_sig_01_view
model,#attach_t8_charm_violin_view
model,#attach_t8_pistol_burst_dbal_01_world
model,#c_t8_mp_spe_ruin_head1_skin1
model,#wpn_t8_zm_melee_chakram_lvl1_dw_projectile
model,#attach_t8_loot_lmg_mk48_barrel_mk2_world
model,#wpn_t8_zm_pistol_webly_view_dw
model,#c_t8_bo_hero_johnson_torso1_armorlight
model,#wpn_t8_wpn_lmg_hades_world
model,#attach_t8_smg_mp9_magwell_view
model,#attach_t8_pistol_revolver_barrel_02_world
model,#c_t8_zmb_dlc1_hero_gunslinger_viewlegs1
model,#hash_31d6d4769623ba21
model,#attach_t8_smg_handling_fastmag01_view
model,#wpn_t8_zm_elixir_bottle_rare_world
model,#c_t8_zmb_dlc1_hero_gypsy_arms1_viewbody1
model,#c_t8_zmb_3rdclass_male_body1_g_blegsoff
model,#wpn_t8_loot_ar_an94_world
model,#attach_t8_shotgun_pump_ammo_steelpellets_dragon_view
model,#wpn_t8_loot_ar_standard_sig_02_world
model,#wpn_t8_shotgun_semi_mag_sig_01_world
model,#attach_t8_pistol_revolver_barrel_02_mk2_view
model,#c_t8_bo_hero_stuhlinger_torso1_armorlight
model,#attach_t8_ar_accurate_mag_pouch_world
model,#hash_325c6bd57e2a5a28
model,#attach_t8_tac_rifle_surgeon_bipod_view
model,#wpn_t8_smg_accurate_world
model,#wpn_t8_lmg_titan_sig_02_view
model,#attach_t8_loot_sniper_mini14_grip_view
model,#attach_t8_ar_fastfire_grip_02_sig_02_world
model,#wpn_t8_tac_rifle_mid_burst_scope_ads_sig_02_view
model,#hash_3296935b3e964199
model,#attach_t8_ar_stealth_stock_02_world
model,#wpn_t8_loot_smg_vmp_mag_view
model,#attach_t8_lmg_plr_hical_01_world
model,#c_t8_zmb_dlc1_hero_butler_arms1
model,#wpn_t8_loot_tac_rifle_damageburst_mag_view
model,#wpn_t8_loot_pistol_auto_clip_world
model,#wpn_t8_loot_shotgun_fullauto_mag_mk2_world
model,#wpn_t8_loot_pistol_auto_clip_sig_02_world
model,#attach_t8_smg_mp9_ext_mag_world
model,#attach_t8_sniper_koshka_mag_mk2_world
model,#attach_t8_ar_stealth_charging_handle_sig_02_view
model,#c_t8_zmb_3rdclass_male_body1_g_lowclean
model,#wpn_t8_loot_smg_folding_view
model,#hash_337e9b2051145298
model,#wpn_t8_loot_sniper_mini14_scope_mk2_world
model,#hash_338653831c32e1b0
model,#wpn_t8_zm_eqp_grenade_frag_projectile
model,#collision_geo_sphere_32_standard
model,#wpn_t8_eqp_turret_mini_camera_fx
model,#attach_t8_ar_stealth_bayonet_sig_02_view
model,#attach_t8_ar_k57_ext_mag_mixclip_full_view
model,#attach_t8_charm_pink_dice_view
model,#attach_t8_smg_mp9_rapid_fire_world
model,#c_t8_bo_hero_stuhlinger_viewlegs1
model,#attach_t8_sniper_vanguard_stock_mk2_view
model,#attach_t8_pistol_revolver_scope_sig_02_view
model,#attach_t8_loot_smg_vmp_fast_mag_world
model,#wpn_t8_tac_rifle_swordfish_sig_01_view
model,#attach_t8_loot_tac_rifle_flechette_ext_mag_mk2_view
model,#attach_t8_shotgun_pump_loader_assist_view
model,#attach_t8_tac_rifle_mid_burst_suppressor_world
model,#wpn_t8_smg_mp9_world
model,#attach_t8_sniper_koshka_mag_world
model,#p8_fxp_fluid_splash_blood_dark_half_hirez
model,#attach_t8_loot_tac_rifle_flechette_quickdraw_view
model,#p7_zm_power_up_nuke
model,#wpn_t8_loot_sniper_mini14_world
model,#attach_t8_sniper_koshka_loader_base_sig_02_world
model,#wpn_t8_loot_sniper_mini14_scope_view
model,#hash_3495f5066103a38e
model,#wpn_t8_zm_melee_chakram_lvl2_dw_world
model,#attach_t8_tac_rifle_mid_burst_stock_02_mk2_view
model,#attach_t8_tac_rifle_surgeon_handguard_view
model,#wpn_t8_zm_mp40_mag_world
model,#attach_t8_smg_capacity_bolt_mk2_view
model,#attach_t8_pistol_revolver_stock_mk2_world
model,#attach_t8_smg_capacity_handguard_01_view
model,#wpn_t8_loot_shotgun_fullauto_mag_sig_view_xtra
model,#attach_t8_smg_capacity_handguard_01_mk2_world
model,#attach_t8_shotgun_semi_ext_mag_02_full_view
model,#hash_34f79aa3480d214a
model,#hash_35003570cbce186a
model,#c_t8_zmb_hero_scarlett_lowerbody1_viewbody1_cst
model,#wpn_t8_zm_pistol_webly_prop_animate
model,#attach_t8_loot_tac_rifle_damageburst_foregrip_02_world
model,#wpn_t8_tac_rifle_swordfish_mag_mk2_world
model,#attach_t8_loot_tac_rifle_flechette_quickdraw_sig_01_world
model,#wpn_t7_none_world
model,#wpn_t8_pistol_standard_clip_world
model,#p8_zm_wall_buy_symbol_01_reverse
model,#attach_t8_pistol_revolver_uber_mk2_view
model,#attach_t8_lmg_plr_grip_handle_world
model,#hash_354339e4ba39e528
model,#hash_35477038e34f5c7b
model,#wpn_t8_pistol_revolver_sig_02_view
model,#wpn_t8_smg_capacity_mag_world
model,#wpn_t8_lmg_titan_sig_01_view
model,#wpn_t8_zm_elixir_bottle_common_world
model,#attach_t8_loot_sniper_semiauto_hical_01_view
model,#attach_t8_loot_ar_standard_handguard_fmj_sig_02_view
model,#wpn_t8_zm_perk_bottle_bloodwolf_view
model,#attach_t8_sniper_sniver_stabilizer_world
model,#attach_t8_loot_pistol_auto_stock_sig_02_world
model,#attach_t8_loot_ar_an94_fast_mag_guard_world
model,#hash_35af34f21f75c966
model,#c_t8_zmb_dlc0_hero_stanton_lowerbody1_viewbody1_cst
model,#attach_t8_loot_tac_rifle_flechette_dbal_sig_01_world
model,#attach_t8_loot_ar_standard_grip_sig_02_world
model,#c_t8_zmb_1stclass_male_body1_g_rarmoff
model,#wpn_t8_eqp_semtex_cluster_world
model,#c_t8_zmb_dlc1_hero_gunslinger_lowerbody1
model,#attach_t8_loot_ar_standard_suppressor_sig_02_view
model,#attach_t8_smg_capacity_ext_mag_03_sig_02_view
model,#wpn_t8_tac_rifle_swordfish_rail_mk2_world
model,#hash_360d382d1244b45e
model,#wpn_t8_loot_ar_double_barrel_mag_view
model,#p8_zm_door_buy_top
model,#attach_t8_loot_pistol_auto_fast_mag_mk2_world
model,#wpn_t8_zm_pistol_webly_world
model,#wpn_t8_zm_perk_totem_phd_slider_world
model,#c_t8_zmb_dlc1_hero_butler_lowerbody1
model,#wpn_t8_zm_melee_chakram_lvl1_dw_view
model,#wpn_t8_ar_stealth_mag_mk2_view
model,#attach_t8_smg_capacity_ext_mag_01_view
model,#attach_t8_loot_shotgun_prec_suppressor_world
model,#attach_t8_shotgun_semi_dbal_02_view
model,#wpn_t8_smg_fastfire_mk2_view
model,#wpn_t8_lmg_plr_mag_view
model,#wpn_t8_tac_rifle_surgeon_scope_ads_sig_02_view
model,#hash_368d5a1bebb25bb2
model,#attach_t8_loot_shotgun_prec_extbarrel_world
model,#hash_36969fd4e5bd168d
model,#attach_t8_shotgun_pump_foregrip_view
model,#attach_t8_smg_fastburst_dbal_mk2_world
model,#wpn_t8_zm_perk_totem_winters_wail_world
model,#attach_t8_sniper_power_semi_hical_view
model,#c_t8_zmb_ofc_hero_richtofen_arms1_viewbody1_cst
model,#attach_t8_smg_mp9_stock_view
model,#c_t8_zmb_dlc1_hero_brigadier_head1
model,#attach_t8_smg_accurate_quickdraw_base_view
model,#attach_t8_sniper_koshka_dbal_02_view
model,#wpn_t8_loot_tac_rifle_damageburst_world
model,#attach_t8_sniper_power_semi_dbal_sig_02_world
model,#wpn_t8_loot_tac_rifle_flechette_scope_ads_sig_01_view
model,#attach_t8_optic_thermal_ads
model,#c_t8_zmb_mob_hero_nikolai_torso1_cst
model,#attach_t8_loot_ar_double_barrel_hical_view
model,#attach_t8_loot_pistol_auto_fast_mag_sig_02_world
model,#attach_t8_lmg_plr_ext_mag_view
model,#attach_t8_ar_galil_ext_mag_view
model,#attach_t8_optic_float_dot_world
model,#attach_t8_charm_plant_pineapple_view
model,#attach_t8_smg_accurate_stock_sig_01_view
model,#attach_t8_pistol_burst_ext_mag_02_world
model,#attach_t8_pistol_revolver_scope_ads_view
model,#c_t8_zmb_dlc0_hero_diego_lowerbody1_cst
model,#wpn_t8_ar_k57_mag_mk2_world
model,#wpn_t8_zm_perk_bottle_etherealrazor_view
model,#p8_fxp_fluid_droplet_blood
model,#wpn_t8_shotgun_pump_mk2_view
model,#attach_t8_tac_rifle_swordfish_grip_mk2_world
model,#p8_fxp_fluid_splash_water_dark_hirez
model,#attach_t8_tac_rifle_mid_burst_dbal_02_mk2_world
model,#c_t8_zmb_dlc0_hero_bruno_arms1_viewbody1_cst
model,#wpn_t8_zm_melee_chakram_lvl3_world
model,#attach_t8_lmg_plr_hical_01_sig_02_view
model,#attach_t8_smg_fastfire_barrel_view
model,#attach_t8_sniper_power_semi_stabilizer_world
model,#attach_t8_tac_rifle_swordfish_barrel_sig_02_world
model,#c_t8_zmb_mob_hero_richtofen_lowerbody1_cst
model,#attach_t8_charm_ice_cream
model,#attach_t8_shotgun_pump_grip_sig2_view
model,#c_t8_zmb_dlc0_hero_scarlett_lowerbody1_viewbody1_cst
model,#attach_t8_loot_smg_folding_foregrip_world
model,#attach_t8_ar_heavy_grip_mk2_view
model,#hash_383a6f12ab732f84
model,#attach_t8_smg_accurate_grip_02_world
model,#wpn_t8_loot_tac_rifle_flechette_mag_sig_01_world
model,#wpn_t8_loot_ar_standard_mag_world
model,#attach_t8_loot_ar_peacekeeper_ext_fast_mag_world
model,#wpn_t8_smg_mp9_sig_02_view
model,#hash_389e839a97f9bb4a
model,#wpn_t8_pistol_standard_clip_sig_02_view
model,#attach_t8_ar_stealth_hi_cal_sig_01_world
model,#wpn_t8_smg_capacity_mag_sig_01_view
model,#wpn_t8_eqp_turret_mini_prop_spawn_model_panel_lt
model,#wpn_t8_zm_morphine_syrette_view
model,#attach_t8_ar_k57_foregrip_world
model,#p8_zm_vapor_altar_icon_01_mulekick
model,#attach_t8_sniper_power_semi_handguard_sig_02_world
model,#hash_38ea0c76d2ee821c
model,#p8_zm_door_buy_triangles
model,#attach_t8_smg_accurate_suppressor_view
model,#wpn_t8_ar_k57_mag_mk2_view
model,#wpn_t8_eqp_turret_mini_prop_spawn_model_panel_rt
model,#attach_t8_smg_fastfire_dbal_01_sig_02_view
model,#attach_t8_loot_shotgun_prec_stock_view
model,#attach_t8_smg_capacity_dbal_view
model,#wpn_t8_crossbow_special_projectile
model,#p8_fxp_fluid_tendril_1_blood
model,#c_t8_bo_hero_misty_torso1_armorheavy
model,#attach_t8_smg_fastfire_barrel_mk2_view
model,#wpn_t8_smg_accurate_sig_03_view
model,#attach_t8_loot_shotgun_fullauto_stock_02_mk2_world
model,#c_t8_bo_hero_johnson_viewarms1
model,#attach_t8_loot_ar_peacekeeper_stock_mk2_view
model,#c_t8_zmb_dlc1_hero_gunslinger_arms1_viewbody1
model,#attach_t8_loot_ar_standard_ext_mag_mk2_view
model,#attach_t8_smg_accurate_handguard_02_sig_03_view
model,#attach_t8_shotgun_semi_barrel_view
model,#attach_t8_loot_ar_peacekeeper_grip_mk2_world
model,#attach_t8_loot_shotgun_fullauto_stock_02_mk2_view
model,#attach_t8_smg_accurate_handguard_01_view
model,#hash_3a0392fbbf22157b
model,#attach_t8_loot_ar_peacekeeper_silencer_mk2_view
model,#hash_3a0c8be6ac46350a
model,#attach_t8_smg_mp9_magwell_world
model,#attach_t8_ar_heavy_barrel_mk2_world
model,#attach_t8_ar_heavy_fast_mag_sig_02_world
model,#attach_t8_loot_tac_rifle_flechette_stock_sig_01_view
model,#attach_t8_smg_fastfire_dbal_02_mk2_view
model,#p8_zm_power_door_symbol_01
model,#hash_3a2cf714fdd42f52
model,#wpn_t8_tac_rifle_swordfish_rail_world
model,#attach_t8_charm_pixel_alien
model,#hash_3a4809b04f1f6327
model,#attach_t8_loot_tac_rifle_flechette_rapidfire_sig_01_world
model,#c_t8_zmb_hero_stanton_viewlegs1_cst
model,#wpn_t8_loot_ar_peacekeeper_world
model,#attach_t8_loot_sniper_locus_ext_mag_01_view
model,#attach_t8_shotgun_pump_handguard_mk2_world
model,#attach_t8_smg_fastfire_dbal_02_mk2_world
model,#attach_t8_loot_smg_fastburst_stock_sig_02_world
model,#attach_t8_smg_fastfire_grip_sig_02_view
model,#attach_t8_ar_accurate_barrel_sig_03_world
model,#c_t8_zmb_ofc_hero_dempsey_arms1_cst
model,#wpn_t8_tac_rifle_mid_burst_scope_mk2_ads
model,#attach_t8_pistol_burst_hammer_world
model,#attach_t8_pistol_revolver_barrel_02_sig_02_view
model,#wpn_t8_loot_ar_peacekeeper_mag_world
model,#attach_t8_tac_rifle_swordfish_bolt_world
model,#attach_t8_loot_knife_ballistic_blade_dw_projectile
model,#attach_t8_sniper_koshka_loader_base_world
model,#attach_t8_loot_ar_an94_upper_view
model,#c_t8_zmb_hero_diego_viewlegs1_cst
model,#hash_3ad5aa4ad60d3bd2
model,#c_t8_zmb_dlc4_hero_misty_head1
model,#attach_t8_smg_accurate_quickdraw_sig_03_view
model,#attach_t8_loot_sniper_mini14_fmj_view
model,#c_t8_zmb_mob_hero_takeo_torso1_armormedium1
model,#attach_t8_loot_smg_vmp_grip_view
model,#attach_t8_loot_smg_vmp_ext_mag_view
model,#attach_t8_pistol_revolver_quickdraw_thumbrest_view
model,#attach_t8_charm_lil_ray_view
model,#zombie_pickup_minigun
model,#wpn_t8_sniper_vanguard_scope_mk2_view
model,#attach_t8_loot_smg_folding_dbal_mk2_view
model,#wpn_t8_sniper_vanguard_sig_02_world
model,#wpn_t8_loot_sniper_mini14_scope_ads
model,#c_t8_bo_3rd_female_head2_black
model,#wpn_t8_eqp_molotov_view
model,#attach_t8_ar_k57_mag_mixclip_sig_03_world
model,#attach_t8_smg_handling_foregrip_sig_01_world
model,#wpn_t8_loot_pistol_auto_view
model,#attach_t8_lmg_plr_foregrip_sig_01_world
model,#hash_3b75810340f15d55
model,#wpn_t7_grenade_zmb_semtex_view
model,#attach_t8_loot_shotgun_fullauto_quickdraw_02_mk2_view
model,#wpn_t8_smg_fastfire_mag_sig_01_world
model,#attach_t8_loot_smg_fastburst_stock_mk2_world
model,#wpn_t8_zm_perk_bottle_bandolier_view
model,#attach_t8_pistol_burst_suppressor_sig_02_view
model,#wpn_t8_lmg_plr_sig_02_world
model,#attach_t8_loot_pistol_auto_hical_barrel_world
model,#hash_3bc49711d6fa6daf
model,#c_t8_zmb_dlc4_hero_misty_torso1
model,#attach_t8_ar_galil_mount_view
model,#attach_t8_lmg_plr_hical_01_view
model,#hash_3bea45124bec7d5b
model,#attach_t8_loot_shotgun_fullauto_foregrip_02_mk2_view
model,#wpn_t8_sniper_power_semi_mag_view
model,#attach_t8_pistol_standard_fmj_01_view_sig02
model,#attach_t8_pistol_standard_fmj_01_view_sig01
model,#p8_zm_power_up_bonfire_sale
model,#attach_t8_ar_k57_suppressor_mk2_view
model,#attach_t8_loot_ar_an94_silencer_world
model,#attach_t8_loot_shotgun_prec_stock_world
model,#wpn_t8_zm_melee_staff_ra_lvl1_world
model,#hash_3c3d2bf8e3cf4b47
model,#c_t8_zmb_hero_stanton_head1_cst
model,#c_t8_zmb_dlc0_hero_bruno_torso1_armorlight1
model,#attach_t8_tac_rifle_surgeon_bipod_sig_02_view
model,#attach_t8_loot_tac_rifle_damageburst_fast_mag_world
model,#attach_t8_tac_rifle_swordfish_bolt_view
model,#wpn_t8_sniper_power_semi_scope_sig_02_view
model,#attach_t8_tac_rifle_surgeon_fmj_01_mag_sig_02_view
model,#attach_t8_smg_fastfire_stock_world
model,#p7_gib_chunk_flesh_01
model,#p7_gib_chunk_flesh_03
model,#p7_gib_chunk_flesh_02
model,#attach_t8_smg_accurate_grip_02_sig_03_world
model,#hash_3c68e849f706bddb
model,#attach_t8_lmg_titan_grip_view
model,#wpn_t8_loot_sniper_locus_mag_view
model,#wpn_t8_zm_ar_primary_mag_view
model,#hash_3c90f7be9ac3a5ca
model,#wpn_t8_smg_accurate_sig_01_view
model,#c_t8_zmb_hero_stanton_viewarms1_cst
model,#hash_3cb7eebd32f7bbb2
model,#attach_t8_loot_tac_rifle_flechette_dbal_world
model,#hash_3ce31625dd829532
model,#attach_t8_ar_galil_dbal_fmj_strap_world
model,#c_t8_zmb_dlc0_hero_bruno_torso1_armorheavy1
model,#attach_t8_smg_fastfire_barrel_sig_02_world
model,#p8_zm_vapor_altar_icon_01_winterswail
model,#attach_t8_smg_handling_stock02_mk2_view
model,#attach_t8_charm_marley_twin_view
model,#wpn_t8_crossbow_special_world
model,#c_t8_zmb_3rdclass_male_body1
model,#attach_t8_smg_fastfire_dbal_01_view
model,#attach_t8_sniper_koshka_fast_mag_01_mk2_world
model,#p8_mov_zm_zod_dual_knives_diego_01
model,#c_t8_zmb_mob_hero_nikolai_head1_cst
model,#wpn_t8_sniper_vanguard_sig_01_world
model,#p8_zm_vapor_altar_icon_01_deadshot
model,#wpn_t8_ar_accurate_sig_01_view
model,#wpn_t8_zm_perk_totem_bandolier_bandit_view
model,#wpn_t7_zmb_bubblegum_view
model,#wpn_t8_lmg_titan_mag_view
model,#wpn_t8_loot_knife_ballistic_blade_projectile
model,#attach_t8_loot_smg_fastburst_bolt_02_sig_02_view
model,#c_t8_zmb_hero_scarlett_torso1_cst
model,#c_t8_bo_hero_stuhlinger_torso1_armorheavy
model,#wpn_t8_ar_galil_mag_view
model,#attach_t8_loot_smg_folding_bolt_01_view
model,#c_t8_bo_hero_stuhlinger_head1
model,#c_t8_zmb_mob_hero_zombie_blood_torso1
model,#hash_3de9878cd1eb6691
model,#wpn_t8_zm_perk_bottle_deadshot_world
model,#attach_t8_smg_handling_grip_world
model,#wpn_t8_zm_perk_totem_ethereal_razor_view
model,#wpn_t8_ar_stealth_mk2_view
model,#attach_t8_loot_tac_rifle_flechette_foregrip_mk2_view
model,#attach_t8_loot_ar_peacekeeper_stock_mk2_world
model,#attach_t8_loot_sniper_mini14_stock_01_mk2_view
model,#p8_fxp_fluid_tendril_1_water
model,#wpn_t8_ar_k57_sig_02_view
model,#wpn_t8_zm_lmg_mg08_world
model,#hash_3e8bbd7ed3ca90c4
model,#c_t8_zmb_dlc0_hero_scarlett_torso1_viewbody1_cst
model,#hash_3eafb195e4c13708
model,#wpn_t8_pistol_burst_mag_sig_01_view
model,#attach_t8_ar_stealth_hi_cal_view
model,#wpn_t8_zm_mp40_world
model,#c_nrc_gen_g_rlegspawn
model,#attach_t8_loot_sniper_semiauto_foregrip_view
model,#attach_t8_lmg_plr_ext_mag_world
model,#attach_t8_charm_outhouse_view
model,#hash_3ef6ce176fc9150b
model,#attach_t8_loot_smg_fastburst_bolt_02_world
model,#attach_t8_smg_fastfire_handguard_mk2_view
model,#wpn_t8_zm_elixir_bottle_common_view
model,#wpn_t8_smg_fastfire_mag_mk2_world
model,#attach_t8_pistol_burst_foregrip_view
model,#attach_t8_smg_capacity_barrel_world
model,#wpn_t8_loot_shotgun_fullauto_sig_view
model,#wpn_t8_shotgun_pump_sig_01_world
model,#c_t8_zmb_hero_diego_torso1_armormedium1
model,#attach_t8_tac_rifle_mid_burst_stock_02_mk2_world
model,#attach_t8_smg_fastfire_dbal_01_world
model,#hash_3f8c7f94e71d2126
model,#attach_t8_loot_pistol_auto_fmj_lower_world
model,#wpn_t8_tac_rifle_swordfish_rail_sig_02_view
model,#attach_t8_lmg_hades_silencer_view
model,#attach_t8_tac_rifle_mid_burst_stock_01_mk2_world
model,#c_t8_zmb_dlc0_hero_scarlett_torso1_armorlight1
model,#wpn_t8_smg_accurate_mag_view
model,#wpn_t8_pistol_standard_world
model,#wpn_t8_tac_rifle_mid_burst_world
model,#attach_t8_tac_rifle_surgeon_upper_01_sig_02_world
model,#wpn_t8_zm_lmg_mg08_mag_world
model,#attach_t8_optic_mms_world
model,#wpn_t8_ar_fastfire_sig_01_view
model,#attach_t8_shotgun_pump_grip_mk2_view
model,#collision_player_wall_64x64x10
model,#wpn_t8_eqp_spray_paint_can_world
model,#attach_t8_charm_zombie_saletag
model,#hash_4041accbd32e6fe1
model,#c_t8_bo_hero_russman_viewlegs1
model,#attach_t8_ar_heavy_fast_mag_view
model,#wpn_t8_pistol_burst_mag_sig_02_view
model,#wpn_t8_ar_accurate_sig_02_view
model,#hash_407fb8a991e723ef
model,#wpn_t8_zm_lmg_mg08_view
model,#attach_t8_smg_capacity_handguard_01_sig_02_world
model,#hash_40c2afaf4bf21b7a
model,#attach_t8_sniper_koshka_stock_world
model,#wpn_t8_sniper_koshka_mag_view
model,#attach_t8_loot_smg_fastburst_stock_sig_02_view
model,#c_t8_zmb_ofc_hero_takeo_lowerbody1_cst
model,#p7_gib_chunk_bone_01
model,#p7_gib_chunk_bone_03
model,#p7_gib_chunk_bone_02
model,#attach_t8_sniper_power_semi_handguard_view
model,#wpn_t8_launcher_standard_projectile_view
model,#attach_t8_loot_tac_rifle_flechette_stock_view
model,#hash_41043c08e8b575a9
model,#wpn_t8_loot_smg_fastburst_mag_sig_02_world
model,#attach_t8_loot_sniper_locus_stock_01_world
model,#attach_t8_sniper_sniver_foregrip_view
model,#hash_413c489d64a3e199
model,#attach_t8_ar_stealth_silencer_long_mk2_view
model,#c_t8_zmb_dlc0_hero_bruno_viewarms1_cst
model,#attach_t8_ar_fastfire_stock_view
model,#attach_t8_ar_heavy_fmj_01_mag_sig_02_view
model,#p8_zm_vapor_altar_icon_01_electricburst
model,#attach_t8_loot_ar_an94_grip_world
model,#attach_t8_loot_smg_vmp_ext_mag_world
model,#wpn_t7_launch_xm53_world_projectile
model,#c_t8_zmb_mob_hero_nikolai_lowerbody1_viewbody1_cst
model,#attach_t8_loot_ar_standard_suppressor_view
model,#attach_t8_tac_rifle_surgeon_dbal_view
model,#attach_t8_ar_galil_ext_mag_world
model,#wpn_t8_ar_k57_view
model,#attach_t8_charm_duck_base_view
model,#attach_t8_sniper_koshka_stock_sig_02_view
model,#attach_t8_loot_smg_fastburst_drum_mag_mk2_world
model,#wpn_t8_zm_elixir_bottle_whimsical_view
model,#attach_t8_sniper_koshka_grip_02_view
model,#attach_t8_lmg_plr_foregrip_view_mk2
model,#c_t8_zmb_3rdclass_male_body3_s_rarm
model,#attach_t8_ar_stealth_bayonet_sig_02_world
model,#attach_t8_loot_ar_an94_grip_view
model,#c_t8_zmb_ofc_hero_nikolai_torso1_armorheavy1
model,#hash_41f59b674f291566
model,#hash_41f99b072ac0b965
model,#wpn_t8_shotgun_pump_sig_01_view
model,#wpn_t8_zm_shotgun_trenchgun_view
model,#wpn_t8_lmg_plr_mag_world
model,#wpn_t8_lmg_plr_sig_02_view
model,#hash_422022451ae8a46a
model,#attach_t8_smg_fastfire_ext_fast_mag_sig_02_view
model,#attach_t8_lmg_plr_hical_01_sig_02_world
model,#attach_t8_pistol_burst_hammer_sig_02_view
model,#attach_t8_pistol_revolver_hical_mk2_view
model,#c_t8_zmb_mob_hero_richtofen_torso1_armorheavy1
model,#hash_4278c6057196b979
model,#attach_t8_loot_sniper_mini14_suppressor_mk2_world
model,#c_t8_zmb_ofc_hero_nikolai_torso1_armormedium1
model,#c_t8_bo_hero_stuhlinger_torso1
model,#wpn_t8_tac_rifle_mid_burst_scope_ads_sig_01_view
model,#attach_t8_sniper_vanguard_stock_mk2_world
model,#attach_t8_smg_capacity_handguard_02_mk2_view
model,#attach_t8_ar_k57_dbal_mk2_view
model,#c_t8_bo_hero_misty_torso1_armormedium
model,#attach_t8_loot_ar_standard_barrel_world
model,#wpn_t8_tac_rifle_mid_burst_mag_sig_02_view
model,#hash_4306a2f5898cfe40
model,#wpn_t8_lmg_hades_mag_sig_01_world
model,#attach_t8_loot_shotgun_prec_rapidfire_world
model,#c_t8_bo_hero_russman_torso1_armorlight
model,#wpn_t8_smg_fastfire_sig_01_view
model,#c_t8_bo_hero_stuhlinger_viewarms1
model,#attach_t8_loot_ar_an94_foregrip_world
model,#attach_t8_loot_shotgun_prec_grip_world
model,#wpn_t8_sniper_power_semi_scope_ads_sig_02_view
model,#attach_t8_sniper_koshka_loader_base_mk2_world
model,#c_t8_zmb_hero_stanton_torso1_armorheavy1
model,#attach_t8_ar_accurate_mag_pouch_view
model,#attach_t8_optic_mms_ads
model,#wpn_t8_shotgun_pump_sig_02_world
model,#attach_t8_ar_k57_ext_mag_mixclip_full_mk2_view
model,#attach_t8_loot_smg_minigun_rf_world
model,#attach_t8_tac_rifle_swordfish_hical_view
model,#attach_t8_shotgun_pump_ammo_steelpellets_view
model,#p7_dogtags_friendly_ruin
model,#wpn_t8_zm_melee_staff_ra_lvl3_view
model,#attach_t8_smg_handling_grip_view
model,#wpn_t8_eqp_stem_shot_view
model,#attach_t8_loot_tac_rifle_flechette_foregrip_mk2_world
model,#hash_43ab5125aadadc90
model,#attach_t8_ar_accurate_compensator_view
model,#attach_t8_loot_ar_an94_silencer_view
model,#attach_t8_loot_smg_minigun_rf_view
model,#attach_t8_loot_smg_folding_stabilizer_view
model,#attach_t8_loot_ar_an94_dbal_world
model,#wpn_t8_sniper_vanguard_sig_02_scope_view
model,#wpn_t8_zm_perk_bottle_mulekick_world
model,#c_t8_zmb_dlc4_hero_misty_viewarms1
model,#hash_43ebe7a658d8a5f6
model,#c_t8_zmb_mob_hero_zombie_blood_viewarms1
model,#attach_t8_shotgun_pump_stock_mk2_view
model,#attach_t8_tac_rifle_mid_burst_stock_01_view
model,#wpn_t8_ar_k57_mag_view
model,#attach_t8_sniper_koshka_stock_sig_02_world
model,#c_t8_zmb_hero_bruno_viewlegs1_cst
model,#attach_t8_ar_accurate_ext_mag_sig_03_view
model,#attach_t8_lmg_plr_bolt_handle_world_mk2
model,#attach_t8_shotgun_pump_ammo_steelpellets_world
model,#attach_t8_tac_rifle_surgeon_fmj_01_mag_sig_02_world
model,#wpn_t8_zm_elixir_bottle_legendary_view
model,#p7_zm_power_up_insta_kill
model,#attach_t8_ar_galil_grip_view
model,#wpn_t8_loot_pistol_auto_clip_sig_02_view
model,#attach_t8_pistol_standard_fmj_01_world
model,#attach_t8_loot_shotgun_fullauto_quickdraw_sig_view
model,#attach_t8_sniper_sniver_suppressor_world
model,#wpn_t8_smg_handling_mk2_world
model,#hash_44c788d7a086470f
model,#attach_t8_tac_rifle_mid_burst_dbal_01_mk2_view
model,#hash_44d12ad193c25a29
model,#attach_t8_loot_smg_minigun_foregrip_view
model,#attach_t8_loot_tac_rifle_flechette_stock_sig_01_world
model,#hash_44faaaade16692b3
model,#attach_t8_pistol_revolver_quickdraw_thumbrest_mk2_view
model,#attach_t8_launcher_standard_extra_ammo_view
model,#attach_t8_pistol_standard_suppressor_view
model,#p8_zm_vapor_altar_icon_01_dyingwish
model,#wpn_t8_loot_knife_ballistic_dw_view
model,#wpn_t8_smg_capacity_mag_sig_02_view
model,#attach_t8_ar_k57_ext_mag_view
model,#attach_t8_tac_rifle_swordfish_suppressor_sig_02_world
model,#attach_t8_loot_smg_folding_bolt_02_mk2_view
model,#wpn_t8_tac_rifle_surgeon_mag_sig_01_view
model,#attach_t8_smg_accurate_grip_02_sig_03_view
model,#attach_t8_loot_smg_fastburst_drum_mag_view
model,#hash_4599a46cda427fec
model,#attach_t8_optic_acog_view
model,#attach_t8_charm_pocket_watch
model,#wpn_t8_pistol_burst_view
model,#attach_t8_tac_rifle_surgeon_handguard_world
model,#attach_t8_lmg_plr_fastmag_view_mk2
model,#wpn_t8_ar_accurate_sig_03_world
model,#wpn_t8_loot_shotgun_prec_view
model,#attach_t8_loot_knife_ballistic_blades_view
model,#attach_t8_loot_ar_peacekeeper_handguard_view
model,#attach_t8_loot_ar_peacekeeper_silencer_view
model,#attach_t8_loot_ar_peacekeeper_silencer_mk2_world
model,#attach_t8_loot_ar_double_barrel_dbal_01_world
model,#attach_t8_loot_pistol_auto_hical_bolt_mk2_view
model,#hash_46048d53c2f7c8fc
model,#attach_t8_loot_sniper_locus_bolt_01_world
model,#wpn_t8_ar_stealth_sig_01_world
model,#c_t8_bo_hero_stuhlinger_torso1_viewbody
model,#hash_461bedf51e286709
model,#c_t8_bo_hero_stuhlinger_lowerbody1
model,#wpn_t8_loot_sniper_mini14_view
model,#attach_t8_loot_smg_folding_foregrip_mk2_world
model,#wpn_t8_loot_smg_folding_mag_mk2_world
model,#wpn_t8_zm_smg_thompson_world
model,#attach_t8_tac_rifle_surgeon_fmj_01_mag_world
model,#attach_t8_loot_ar_peacekeeper_foregrip_mk2_view
model,#attach_t8_loot_ar_standard_handguard_fmj_mk2_world
model,#attach_t8_loot_pistol_auto_reflex_mk2_view
model,#p8_zm_red_floatie_duck
model,#hash_46e238298a14ec52
model,#wpn_t8_shotgun_semi_sig_01_view
model,#c_t8_mp_spe_buffer_head1
model,#attach_t8_loot_tac_rifle_damageburst_fast_mag_view
model,#wpn_t8_loot_smg_vmp_world
model,#p7_zm_vending_nuke
model,#attach_t8_loot_pistol_auto_ext_mag_sig_02_view
model,#attach_t8_loot_ar_standard_fast_mag_mk2_world
model,#attach_t8_shotgun_pump_handguard_muzzle_mk2_view
model,#c_t8_zmb_dlc1_hero_gypsy_torso1_viewbody1
model,#c_t8_zmb_hero_bruno_lowerbody1_cst
model,#attach_t8_ar_k57_mag_mixclip_view
model,#hash_4755efd0b3292af5
model,#wpn_t8_ar_accurate_mag_sig_01_view
model,#attach_t8_loot_smg_fastburst_bolt_01_view
model,#attach_t8_ar_k57_dbal_sig_02_world
model,#wpn_t8_zm_perk_totem_bomb_view
model,#wpn_t8_wpn_lmg_hades_mag_view
model,#attach_t8_lmg_hades_snake_base_sig_01_view
model,#attach_t8_ar_stealth_fast_mag_sig_02_world
model,#attach_t8_loot_pistol_auto_grip_mk2_view
model,#hash_4786db89aeebad58
model,#wpn_t8_zm_elixir_bottle_base_view
model,#attach_t8_loot_ar_double_barrel_dbal_02_view
model,#attach_t8_ar_galil_dbal_view
model,#wpn_t8_smg_handling_mag_dw_view
model,#c_t8_bo_hero_misty_torso1_armorlight
model,#attach_t8_sniper_koshka_mag_view
model,#hash_4807101dedb973cb
model,#attach_t8_tac_rifle_swordfish_handguard_world
model,#attach_t8_tac_rifle_mid_burst_dbal_02_mk2_view
model,#wpn_t8_loot_smg_vmp_mag_world
model,#wpn_t8_ar_stealth_mk2_world
model,#attach_t8_loot_smg_fastburst_foregrip_mk2_world
model,#wpn_t8_smg_handling_mag_sig_01_dw_world
model,#attach_t8_ar_stealth_stock_02_sig_02_world
model,#attach_t8_lmg_plr_grip_sig_02_view
model,#hash_4844510b7b3cc0e8
model,#attach_t8_ar_heavy_bolt_world
model,#wpn_t8_loot_shotgun_fullauto_mk2_view
model,#c_t8_zmb_dlc0_zombie_male_body3_g_blegsoff
model,#wpn_t8_zm_smg_primary_view
model,#attach_t8_ar_galil_handguard_view
model,#attach_t8_loot_ar_an94_fast_mag_guard_view
model,#wpn_t8_zm_perk_bottle_phdslider_world
model,#hash_48b9cc05f01aeb92
model,#wpn_t8_pistol_burst_mag_view
model,#attach_t8_loot_sniper_mini14_foregrip_uber_mk2_world
model,#attach_t8_loot_lmg_mk48_suppressor_world
model,#attach_t8_loot_ar_standard_barrel_sig_02_world
model,#hash_492b0ac085040d13
model,#attach_t8_smg_fastfire_dbal_01_sig_02_world
model,#attach_t8_ar_stealth_stock_02_mk2_view
model,#attach_t8_loot_ar_standard_suppressor_mk2_world
model,#attach_t8_loot_tac_rifle_flechette_dbal_mk2_world
model,#attach_t8_pistol_burst_ext_mag_02_sig_02_world
model,#attach_t8_loot_smg_fastburst_ext_mag_sig_02_view
model,#wpn_t8_shotgun_pump_world
model,#fx_pistol_shell_blur
model,#wpn_t8_zm_perk_bottle_victorioustortoise_world
model,#attach_t8_lmg_plr_barrel_view
model,#c_t8_zmb_1stclass_male_body3_g_lowclean
model,#wpn_t8_ar_fastfire_mag_sig_01_world
model,#attach_t8_loot_smg_folding_grip_01_view
model,#attach_t8_lmg_plr_barrel_sig_02_view
model,#wpn_t8_loot_smg_fastburst_mk2_view
model,#attach_t8_pistol_revolver_barrel_02_sig_02_world
model,#p7_zm_vending_ads
model,#attach_t8_shotgun_pump_ammo_steelpellets_mk2_world
model,#attach_t8_charm_snowman
model,#attach_t8_ar_galil_mount_world
model,#wpn_t8_loot_lmg_mk48_view
model,#hash_49f3edb2c019195c
model,#c_t8_zmb_dlc0_hero_stanton_torso1_armorlight1
model,#attach_t8_loot_lmg_mk48_fastmag_world
model,#p8_zm_vapor_altar_icon_01_secretsauce
model,#attach_t8_smg_fastburst_dbal_sig_02_world
model,#wpn_t8_loot_sniper_mini14_mag_world
model,#wpn_t8_shotgun_pump_mk2_world
model,#attach_t8_tac_rifle_mid_burst_suppressor_mk2_world
model,#wpn_t8_loot_tac_rifle_flechette_sig_01_world
model,#attach_t8_loot_smg_fastburst_bolt_01_world
model,#wpn_t8_ar_accurate_prop_animate
model,#attach_t8_smg_handling_stock02_sig_01_world
model,#attach_t8_loot_pistol_auto_hical_barrel_sig_02_world
model,#attach_t8_smg_handling_stock02_view
model,#wpn_t8_loot_shotgun_fullauto_mag_sig_world
model,#wpn_t8_zm_perk_bottle_dyingwish_view
model,#attach_t8_tac_rifle_surgeon_fmj_02_mag_sig_02_view
model,#wpn_t8_zm_perk_bottle_staminup_view
model,#attach_t8_ar_accurate_ext_mag_view
model,#attach_t8_shotgun_semi_strobe_world
model,#c_t8_zmb_dlc1_hero_butler_viewarms1
model,#wpn_t8_zm_knife_01_view
model,#attach_t8_loot_ar_standard_ext_fast_mag_mk2_view
model,#attach_t8_charm_dog_view
model,#attach_t8_sniper_power_semi_dbal_sig_02_view
model,#attach_t8_sniper_sniver_hical_barrel_world
model,#attach_t8_loot_pistol_auto_stock_sig_02_view
model,#attach_t8_smg_capacity_ext_mag_02_view
model,#hash_4b4e7b73860f7be7
model,#collision_wall_32x32x10_standard
model,#hash_4b75abfba2cbc586
model,#wpn_t8_ar_k57_mag_sig_02_world
model,#c_t8_zmb_dlc0_zombie_male_body3_g_llegoff
model,#wpn_t8_sniper_sniver_scope_sig_02_view
model,#wpn_t8_sniper_koshka_scope_ads_view
model,#attach_t8_ar_k57_mag_mixclip_world
model,#hash_4bb1423e19a6759d
model,#hash_4bb1cb274e18c7f7
model,#hash_4bd0ef23ebd802b6
model,#wpn_t8_tac_rifle_mid_burst_sig_02_world
model,#wpn_t8_loot_knife_ballistic_view
model,#hash_4bde76e81247c093
model,#p7_fxp_debris_dirt_clod_01_brown
model,#c_t8_zmb_mob_hero_zombie_blood_viewlegs1
model,#attach_t8_loot_lmg_mk48_stock_01_mk2_world
model,#wpn_t8_loot_smg_folding_mag_view
model,#attach_t8_ar_heavy_hical02_view
model,#hash_4bfc867b77b3f663
model,#attach_t8_loot_smg_folding_stock_view
model,#wpn_t8_zm_melee_chakram_lvl2_dw_projectile
model,#wpn_t8_ar_fastfire_mag_sig_01_view
model,#attach_t8_ar_heavy_hical02_sig_02_view
model,#wpn_t8_loot_ar_peacekeeper_mk2_world
model,#wpn_t8_tac_rifle_surgeon_scope_sig_02_view
model,#attach_t8_tac_rifle_swordfish_burstcount_sig_02_view
model,#c_t8_zmb_1stclass_male_body3_g_upclean
model,#wpn_t8_crossbow_special_view
model,#wpn_t8_eqp_turret_mini_leg_fx
model,#attach_t8_ar_galil_bolt_view
model,#attach_t8_ar_fastfire_grip_01_world
model,#c_t8_zmb_mob_hero_richtofen_torso1_armormedium1
model,#attach_t8_loot_smg_fastburst_bolt_02_mk2_world
model,#c_t8_zmb_ofc_hero_richtofen_arms1_cst
model,#attach_t8_loot_sniper_mini14_suppressor_mk2_view
model,#hash_4c9210941a39dda9
model,#attach_t8_loot_sniper_mini14_grip_mk2_world
model,#attach_t8_ar_galil_barrel_view
model,#c_t8_zmb_dlc0_hero_diego_torso1_cst
model,#wpn_t8_zm_perk_bottle_electricburst_view
model,#c_t8_zmb_hero_bruno_torso1_armormedium1
model,#hash_4cd72799d5c84077
model,#wpn_t8_loot_sniper_mini14_mk2_world
model,#attach_t8_loot_ar_standard_fast_mag_view
model,#attach_t8_loot_sniper_semiauto_hical_02_world
model,#hash_4cf3a777d4ad61be
model,#attach_t8_loot_tac_rifle_flechette_barrel_sig_01_view
model,#attach_t8_loot_ar_double_barrel_ext_mag_01_view
model,#attach_t8_loot_tac_rifle_damageburst_stock_world
model,#p8_zm_vapor_altar_zeus_lightning_bolt_03
model,#p8_zm_vapor_altar_zeus_lightning_bolt_02
model,#p8_zm_vapor_altar_zeus_lightning_bolt_01
model,#p8_zm_vapor_altar_zeus_lightning_bolt_04
model,#p8_zm_vapor_altar_icon_01_bloodwolf
model,#attach_t8_ar_k57_foregrip_sig_03_view
model,#c_t8_zmb_hero_diego_viewarms1_cst
model,#fx_char_gib_chunk_bone02
model,#fx_char_gib_chunk_bone03
model,#fx_char_gib_chunk_bone01
model,#attach_t8_loot_smg_fastburst_quickdraw_mk2_world
model,#attach_t8_loot_tac_rifle_flechette_ext_mag_view
model,#wpn_t8_sniper_vanguard_mag_mk2_world
model,#hash_4d753130e0ee6d2b
model,#attach_t8_pistol_revolver_scope_mk2_world
model,#attach_t8_tac_rifle_surgeon_upper_01_world
model,#wpn_t8_tac_rifle_mid_burst_scope_mk2_world
model,#p8_zm_wall_buy_symbol_01
model,#attach_t8_loot_ar_standard_stock_view
model,#wpn_t8_loot_shotgun_fullauto_mk2_world
model,#attach_t8_loot_ar_double_barrel_fmj_world
model,#attach_t8_smg_fastfire_grip_mk2_world
model,#attach_t8_ar_stealth_silencer_world
model,#c_t8_zmb_3rdclass_male_body1_g_larmoff
model,#zombie_pickup_perk_bottle
model,#wpn_t8_loot_tac_rifle_damageburst_rail_world
model,#attach_t8_shotgun_semi_ext_mag_01_world
model,#hash_4e26faca52678f91
model,#wpn_t8_zm_perk_totem_blaze_world
model,#c_t8_zmb_dlc1_hero_butler_torso1_viewbody1
model,#c_t8_zmb_ofc_hero_richtofen_lowerbody1_cst
model,#p8_fxp_zm_scepter_sun
model,#wpn_t8_loot_shotgun_fullauto_sig_world
model,#c_t8_zmb_dlc0_hero_diego_torso1_armorheavy1
model,#attach_t8_ar_accurate_dbal_view
model,#attach_t8_ar_fastfire_grip_02_view
model,#wpn_t8_tac_rifle_mid_burst_scope_mk2_view
model,#wpn_t8_loot_ar_standard_mag_view
model,#wpn_t8_smg_fastfire_mk2_world
model,#attach_t8_pistol_burst_suppressor_sig_02_world
model,#wpn_t8_sniper_power_semi_scope_sig_02_world
model,#attach_t8_loot_smg_folding_foregrip_view
model,#attach_t8_loot_shotgun_prec_grip_view
model,#c_t8_zmb_ofc_hero_richtofen_torso1_cst
model,#attach_t8_loot_lmg_mk48_foregrip_world
model,#attach_t8_loot_sniper_mini14_stock_01_world
model,#hash_4ee8c28b76acff1f
model,#attach_t8_loot_smg_fastburst_suppressor_view
model,#attach_t8_lmg_titan_muzzle_extension_world
model,#c_t8_zmb_mob_hero_dempsey_torso1_armorlight1
model,#wpn_t8_zm_perk_bottle_etherealrazor_world
model,#wpn_t8_loot_pistol_auto_clip_mk2_view
model,#attach_t8_tac_rifle_swordfish_hical_mk2_view
model,#hash_4f200f3601614d48
model,#attach_t8_sniper_power_semi_ext_mag_02_view
model,#collision_geo_512x512x512_standard
model,#attach_t8_pistol_revolver_scope_mk2_view
model,#attach_t8_ar_stealth_silencer_long_mk2_world
model,#attach_t8_charm_banana_funtime_view
model,#wpn_t8_tac_rifle_mid_burst_sig_01_world
model,#attach_t8_loot_shotgun_fullauto_foregrip_world
model,#wpn_t8_tac_rifle_swordfish_view
model,#wpn_t8_smg_accurate_mag_sig_03_view
model,#wpn_t8_shotgun_pump_view
model,#attach_t8_smg_fastfire_handguard_sig_02_view
model,#c_t8_zmb_dlc4_hero_misty_viewlegs1
model,#hash_4fc4acf4a263d949
model,#wpn_t8_pistol_revolver_view
model,#attach_t8_sniper_sniver_stock_world
model,#c_t8_zmb_dlc1_hero_brigadier_viewbody1
model,#attach_t8_tac_rifle_swordfish_handguard_sig_02_world
model,#hash_4fe041e08384c49f
model,#collision_geo_128x128x10_standard
model,#wpn_t8_zm_perk_totem_victorious_tortoise_world
model,#attach_t8_smg_fastfire_fast_mag_view
model,#hash_4fea9523d7e11920
model,#wpn_t8_sniper_semiauto_scope_world
model,#attach_t8_loot_pistol_auto_hical_barrel_mk2_view
model,#attach_t8_pistol_burst_ext_mag_01_sig_02_world
model,#wpn_t8_ar_accurate_mag_sig_03_world
model,#wpn_t8_sniper_koshka_mag_mk2_view
model,#wpn_t8_loot_knife_ballistic_world
model,#attach_t8_sniper_koshka_barrel_world
model,#attach_t8_loot_smg_vmp_barrel_view
model,#hash_507dc43766341c29
model,#attach_t8_loot_smg_fastburst_quickdraw_sig_02_world
model,#attach_t8_shotgun_semi_dbal_01_view
model,#hash_50a0382a42b3dbdb
model,#attach_t8_loot_ar_standard_fast_mag_world
model,#attach_t8_loot_tac_rifle_damageburst_silencer_view
model,#wpn_t8_loot_lmg_mk48_clip_mk2_view
model,#attach_t8_sniper_power_semi_dbal_world
model,#c_t8_zmb_dlc0_hero_stanton_lowerbody1_cst
model,#attach_t8_ar_k57_dbal_sig_03_view
model,#hash_50caeccbd884d0a2
model,#attach_t8_ar_galil_barrel_world
model,#attach_t8_loot_tac_rifle_damageburst_handguard_view
model,#attach_t8_loot_pistol_auto_grip_mk2_world
model,#attach_t8_smg_mp9_ext_mag_view
model,#attach_t8_smg_capacity_handguard_02_view
model,#hash_50ecb6e7251f59a0
model,#attach_t8_smg_mp9_dbal_view
model,#attach_t8_sniper_koshka_loader_base_sig_02_view
model,#attach_t8_loot_smg_folding_bolt_01_mk2_world
model,#wpn_t8_smg_accurate_mag_sig_02_world
model,#wpn_t8_ar_stealth_sig_02_view
model,#attach_t8_loot_ar_standard_ext_mag_view
model,#wpn_t8_zm_ar_primary_view
model,#attach_t8_tac_rifle_swordfish_suppressor_view
model,#attach_t8_ar_stealth_fast_mag_world
model,#wpn_t8_tac_rifle_surgeon_sig_02_world
model,#wpn_t8_smg_handling_sig_02_dw_view
model,#hash_516ea4aa61441654
model,#attach_t8_optic_ironsights_sniper_koshka_front_world
model,#c_t8_bo_hero_russman_viewarms1
model,#collision_geo_32x32x128_standard
model,#attach_t8_loot_ar_peacekeeper_ext_fast_mag_mk2_world
model,#wpn_t8_loot_knife_ballistic_blade_dw_view
model,#attach_t8_loot_smg_fastburst_bolt_02_sig_02_world
model,#wpn_t8_loot_tac_rifle_flechette_view
model,#wpn_t8_sniper_power_semi_scope_sig_01_view
model,#attach_t8_sniper_koshka_stock_view
model,#attach_t8_pistol_standard_ext_mag_sig_02_view
model,#attach_t8_pistol_burst_dbal_02_world
model,#wpn_t8_smg_accurate_handguard_02_sig_02_view
model,#attach_t8_lmg_hades_snake_base_sig_01_world
model,#wpn_t8_smg_handling_dw_mk2_view
model,#wpn_t8_zm_perk_bottle_staminup_world
model,#wpn_t8_tac_rifle_swordfish_mag_sig_02_view
model,#attach_t8_ar_stealth_hi_cal_world
model,#attach_t8_optic_reflex_view
model,#wpn_t8_sniper_power_semi_mag_world
model,#attach_t8_lmg_hades_uber_sig_01_world
model,#attach_t8_sniper_power_semi_foregrip_sig_02_world
model,#c_t8_zmb_mob_hero_zombie_blood_head1
model,#c_t8_zmb_hero_bruno_torso1_armorlight1
model,#hash_526bd5c3bd968d9c
model,#attach_t8_ar_stealth_fast_mag_sig_02_view
model,#wpn_t8_pistol_standard_clip_view
model,#attach_t8_loot_shotgun_fullauto_foregrip_mk2_view
model,#wpn_t8_zm_melee_sword_lvl1_world
model,#c_t8_zmb_dlc0_hero_stanton_torso1_cst
model,#collision_geo_256x256x256_standard
model,#collision_geo_32x32x10_standard
model,#wpn_t8_zm_melee_dw_hand_cannon_lvl3_world
model,#attach_t8_lmg_plr_bolt_handle_view
model,#wpn_t8_zm_melee_chakram_lvl2_dw_view
model,#c_t8_zmb_dlc1_hero_gunslinger_lowerbody1_viewbody1
model,#wpn_t8_pistol_revolver_world
model,#attach_t8_loot_smg_fastburst_bolt_01_sig_02_world
model,#wpn_t8_zm_homunculus_patty_view
model,#attach_t8_loot_tac_rifle_flechette_quickdraw_mk2_view
model,#hash_531068a31b86efd6
model,#attach_t8_loot_ar_standard_ext_mag_full_view
model,#wpn_t8_smg_handling_mag_sig_01_world
model,#attach_t8_ar_heavy_fast_mag_mk2_view
model,#hash_536106a6ad45205c
model,#attach_t8_shotgun_pump_foregrip_mk2_view
model,#wpn_t8_tac_rifle_surgeon_mag_view
model,#attach_t8_lmg_titan_ext_mag_world
model,#wpn_t8_zm_perk_totem_dying_wish_view
model,#attach_t8_loot_tac_rifle_flechette_quickdraw_sig_01_view
model,#attach_t8_loot_ar_standard_fast_mag_mk2_view
model,#attach_t8_loot_smg_fastburst_foregrip_mk2_view
model,#attach_t8_ar_accurate_grip_sig_01_world
model,#c_t8_zmb_dlc1_hero_butler_head1
model,#attach_t8_charm_cartoon_bomb_view
model,#c_t8_zmb_hero_diego_torso1_viewbody1_cst
model,#wpn_t8_zm_perk_bottle_dyingwish_world
model,#wpn_t8_zm_melee_chakram_lvl1_world
model,#wpn_t8_ar_stealth_mag_mk2_world
model,#attach_t8_ar_k57_dbal_view
model,#attach_t8_loot_pistol_auto_grip_sig_02_view
model,#attach_t8_loot_smg_fastburst_bolt_01_mk2_world
model,#wpn_t8_ar_heavy_mag_mk2_view
model,#wpn_t8_loot_tac_rifle_flechette_scope_mk2_view
model,#attach_t8_loot_sniper_locus_stock_01_view
model,#wpn_t8_ar_k57_mag_world
model,#attach_t8_loot_tac_rifle_flechette_rapidfire_sig_01_view
model,#attach_t8_loot_smg_fastburst_ext_mag_sig_02_world
model,#attach_t8_smg_handling_silencer_world
model,#wpn_t8_smg_fastfire_mag_view
model,#tag_ik_target_right
model,#attach_t8_loot_shotgun_fullauto_stock_mk2_world
model,#attach_t8_loot_lmg_mk48_barrel_muzzle_view
model,#wpn_t8_ar_fastfire_world
model,#attach_t8_smg_capacity_grip_sig_02_view
model,#wpn_t8_ar_heavy_mag_world
model,#attach_t8_loot_ar_an94_foregrip_view
model,#attach_t8_loot_tac_rifle_flechette_dbal_sig_01_view
model,#attach_t8_loot_shotgun_fullauto_stock_view
model,#attach_t8_smg_fastfire_ext_fast_mag_world
model,#wpn_t8_zm_eqp_claymore_view
model,#attach_t8_charm_s_demon_view
model,#wpn_t8_smg_mp9_mag_world
model,#attach_t8_ar_accurate_barrel_world
model,#c_t8_zmb_dlc0_zombie_male_body1_s_rleg
model,#attach_t8_shotgun_pump_grip_world
model,#attach_t8_ar_k57_suppressor_world
model,#collision_geo_32x32x32_standard
model,#attach_t8_ar_accurate_compensator_sig_03_view
model,#c_t8_zmb_mob_hero_dempsey_torso1_armorheavy1
model,#attach_t8_loot_ar_standard_ext_mag_world
model,#attach_t8_pistol_revolver_uber_view
model,#c_t8_zmb_dlc0_hero_stanton_arms1_viewbody1_cst
model,#attach_t8_loot_smg_fastburst_quickdraw_sig_02_view
model,#wpn_t8_zm_perk_bottle_bloodwolf_world
model,#attach_t8_ar_k57_ext_mag_mixclip_sig_02_world
model,#wpn_t8_zm_eqp_turret_mini_world
model,#c_t8_zmb_dlc1_hero_brigadier_lowerbody1_viewbody1
model,#attach_t8_loot_tac_rifle_damageburst_upper_world
model,#wpn_t8_zm_melee_hammer_lvl3_world
model,#wpn_t8_sniper_koshka_scope_mk2_view
model,#attach_t8_lmg_plr_fastmag_world
model,#c_t8_zmb_3rdclass_male_body1_g_llegoff
model,#attach_t8_ar_heavy_hical01_sig_02_view
model,#hash_55c23dab9051b8fb
model,#wpn_t8_smg_capacity_sig_01_view
model,#attach_t8_smg_fastfire_stock_view
model,#hash_55d3307bf572fa57
model,#attach_t8_sniper_koshka_dbal_02_mk2_world
model,#wpn_t8_tac_rifle_mid_burst_mag_mk2_world
model,#c_t8_zmb_ofc_hero_takeo_torso1_cst
model,#attach_t8_loot_shotgun_fullauto_quickdraw_02_view
model,#attach_t8_sniper_power_semi_grip_world
model,#wpn_t8_zm_perk_bottle_quickrevive_view
model,#attach_t8_charm_flat_earth_view
model,#wpn_t8_loot_tac_rifle_flechette_mk2_world
model,#wpn_t8_smg_fastfire_mag_mk2_view
model,#wpn_t8_zm_perk_totem_stone_cold_stronghold_world
model,#c_t8_bo_3rd_male_body1_asian
model,#wpn_t8_shotgun_semi_world
model,#attach_t8_lmg_hades_uber_view
model,#hash_56908035bef3e73c
model,#wpn_t8_pistol_burst_sig_02_world
model,#attach_t8_optic_red_dot_world
model,#attach_t8_pistol_revolver_uber_sig_02_view
model,#attach_t8_loot_sniper_mini14_stock_02_mk2_view
model,#c_t8_zmb_dlc0_zombie_male_head4
model,#fx_bullet_chain
model,#attach_t8_charm_bo4_emblem_view
model,#wpn_t7_shock_charge_world
model,#wpn_t8_sniper_sniver_view
model,#wpn_t8_smg_fastfire_sig_02_view
model,#attach_t8_loot_ar_standard_ext_mag_sig_02_view
model,#attach_t8_loot_smg_fastburst_quickdraw_world
model,#c_t8_zmb_mob_hero_richtofen_viewlegs2
model,#attach_t8_loot_lmg_mk48_dbal_mk2_view
model,#attach_t8_loot_smg_minigun_dbal_02_view
model,#hash_572f81a0ea954b7c
model,#hash_5732e5bf69525602
model,#wpn_t8_smg_capacity_sig_01_world
model,#wpn_t8_loot_tac_rifle_flechette_mag_view
model,#wpn_t8_smg_capacity_sig_02_view
model,#wpn_t8_smg_accurate_handguard_01_sig_02_world
model,#attach_t8_loot_ar_peacekeeper_stock_world
model,#c_t8_zmb_ofc_hero_dempsey_torso1_armorlight1
model,#attach_t8_lmg_plr_foregrip_sig_01_view
model,#wpn_t8_zm_lmg_mg08_mag_view
model,#wpn_t8_sniper_koshka_mag_world
model,#attach_t8_shotgun_pump_loader_assist_mk2_view
model,#c_t8_zmb_dlc0_hero_diego_viewarms1_cst
model,#zombie_z_money_icon
model,#wpn_t8_zm_ar_primary_mag_world
model,#wpn_t8_launcher_standard_view
model,#attach_t8_lmg_hades_turbo_1_view
model,#c_t8_zmb_dlc0_hero_stanton_torso1_armorheavy1
model,#attach_t8_smg_handling_silencer_sig_02_view
model,#hash_580422fbb60e4757
model,#wpn_t8_sniper_power_semi_mag_sig_01_view
model,#wpn_t8_lmg_plr_mag_world_mk2
model,#hash_581617f5ef05e446
model,#attach_t8_loot_pistol_auto_fast_mag_mk2_view
model,#attach_t8_loot_ar_standard_fast_mag_sig_02_view
model,#wpn_t8_zm_melee_hammer_lvl2_world
model,#wpn_t8_tac_rifle_mid_burst_sig_02_view
model,#hash_587a36b391235c2a
model,#wpn_t8_ar_k57_sig_03_view
model,#wpn_t8_zm_melee_dw_hand_cannon_lvl3_view
model,#attach_t8_charm_toilet_view
model,#attach_t8_lmg_plr_fastmag_sig_02_view
model,#wpn_t8_loot_tac_rifle_damageburst_mag_world
model,#attach_t8_loot_lmg_mk48_fastmag_mk2_view
model,#c_t8_bo_hero_johnson_lowerbody1
model,#c_t8_zmb_dlc1_hero_gunslinger_viewarms1
model,#attach_t8_smg_handling_fastmag01_mk2_view
model,#attach_t8_ar_heavy_fmj_01_mag_world
model,#attach_t8_tac_rifle_mid_burst_stock_01_world
model,#attach_t8_optic_float_dot_view
model,#hash_590c397bfccf6f87
model,#attach_t8_pistol_burst_hammer_sig_02_world
model,#p8_rock_mantle
model,#attach_t8_loot_smg_folding_stock_world
model,#c_t8_zmb_mob_hero_takeo_lowerbody1_cst
model,#hash_59553a4b8a44295b
model,#attach_t8_loot_ar_standard_ext_mag_full_sig_02_view
model,#p8_wz_ep_coin
model,#attach_t8_loot_shotgun_fullauto_stock_02_world
model,#attach_t8_loot_tac_rifle_flechette_silencer_sig_01_world
model,#attach_t8_smg_fastfire_fast_mag_mk2_view
model,#attach_t8_loot_pistol_auto_ext_fast_mag_view
model,#attach_t8_loot_shotgun_fullauto_foregrip_mk2_world
model,#wpn_t8_zm_knife_bowie_view
model,#attach_t8_smg_accurate_grip_02_view
model,#wpn_t8_ar_heavy_world
model,#attach_t8_tac_rifle_mid_burst_foregrip_sig_02_view
model,#attach_t8_ar_heavy_hical01_sig_02_world
model,#attach_t8_loot_ar_standard_ext_fast_mag_view
model,#attach_t8_loot_sniper_locus_upper_01_world
model,#c_t8_zmb_mob_hero_richtofen_viewarms1_cst
model,#attach_t8_tac_rifle_mid_burst_suppressor_view
model,#wpn_t7_mingun_view
model,#hash_5a12bb8800447297
model,#attach_t8_loot_tac_rifle_damageburst_stock_view
model,#p7_zm_vending_marathon
model,#p8_zm_vapor_altar_icon_01_phdslider
model,#c_t8_zmb_hero_bruno_torso1_viewbody1_cst
model,#attach_t8_loot_tac_rifle_damageburst_grip_world
model,#c_t8_zmb_mob_hero_takeo_torso1_armorheavy1
model,#hash_5a72c5da575376c6
model,#attach_t8_ar_heavy_fast_mag_sig_02_view
model,#wpn_t8_ar_fastfire_sig_02_world
model,#c_t8_zmb_hero_diego_head1_cst
model,#hash_5aaa366c4a3c066f
model,#wpn_t8_zm_perk_totem_revive_world
model,#attach_t8_loot_tac_rifle_flechette_rapidfire_mk2_view
model,#c_t8_zmb_1stclass_male_body2_g_llegoff
model,#attach_t8_loot_smg_folding_hybrid_mag_view
model,#c_t8_zmb_dlc1_hero_gypsy_viewarms1
model,#wpn_t8_zm_mp40_view
model,#wpn_t8_ar_stealth_view
model,#wpn_t8_loot_tac_rifle_flechette_scope_sig_01_world
model,#wpn_t8_lmg_titan_sig_01_world
model,#hash_5afb310856b03062
model,#attach_t8_lmg_plr_grip_sig_02_world
model,#wpn_t8_sniper_semiauto_mag_view
model,#attach_t8_loot_pistol_auto_reflex_world
model,#p7_zm_vending_widows_wine
model,#wpn_t8_sniper_sniver_scope_view
model,#attach_t8_ar_k57_stock_sig_03_view
model,#wpn_t8_loot_pistol_auto_clip_view
model,#attach_t8_tac_rifle_surgeon_fast_mag_sig_02_view
model,#attach_t8_pistol_burst_dbal_01_sig_02_world
model,#attach_t8_loot_smg_vmp_dbal_view
model,#attach_t8_pistol_revolver_scope_view
model,#wpn_t8_smg_capacity_mag_mk2_view
model,#wpn_t8_zm_perk_totem_winters_wail_view
model,#attach_t8_loot_shotgun_fullauto_foregrip_02_view
model,#attach_t8_tac_rifle_swordfish_bolt_mk2_world
model,#attach_t8_pistol_standard_ext_mag_view
model,#attach_t8_charm_steak_view
model,#c_t8_zmb_ofc_hero_takeo_arms1_viewbody1_cst
model,#attach_t8_loot_lmg_mk48_stock_01_mk2_view
model,#attach_t8_smg_accurate_suppressor_pink_view
model,#p8_zm_zod_ice_chunk_lrg_01
model,#c_t8_zmb_hero_stanton_arms1_cst
model,#attach_t8_ar_k57_dbal_world
model,#hash_5c0facde3350ea2c
model,#attach_t8_tac_rifle_mid_burst_foregrip_view
model,#c_t8_zmb_mob_hero_takeo_arms1_cst
model,#attach_t8_tac_rifle_swordfish_hical_sig_02_world
model,#attach_t8_shotgun_pump_grip_view
model,#attach_t8_loot_sniper_mini14_stock_01_view
model,#attach_t8_pistol_burst_dbal_02_sig_02_view
model,#wpn_t8_loot_ar_an94_view
model,#hash_5c8de21d4f0f62ec
model,#attach_t8_pistol_standard_fmj_01_world_sig01
model,#attach_t8_pistol_standard_fmj_01_world_sig02
model,#viewmodel_default
model,#attach_t8_ar_heavy_barrel_mk2_view
model,#hash_5cacc4a0c65d7952
model,#attach_t8_loot_shotgun_fullauto_ext_mag_mk2_world_xtra
model,#attach_t8_loot_smg_fastburst_suppressor_mk2_view
model,#hash_5cc5adfc37aa4efc
model,#p7_gib_chunk_meat_01
model,#p7_gib_chunk_meat_02
model,#p7_gib_chunk_meat_03
model,#attach_t8_tac_rifle_surgeon_handguard_sig_02_view
model,#p8_fxp_fluid_clump_mud
model,#c_t8_zmb_hero_scarlett_arms1_cst
model,#attach_t8_ar_k57_foregrip_view
model,#attach_t8_loot_tac_rifle_flechette_foregrip_sig_01_view
model,#attach_t8_pistol_standard_ext_mag_plate_view_sig
model,#attach_t8_ar_k57_grip_sig_03_world
model,#attach_t8_loot_sniper_locus_silencer_01_view
model,#attach_t8_smg_accurate_handguard_01_sig_03_world
model,#attach_t8_loot_sniper_mini14_foregrip_mk2_view
model,#c_t8_zmb_hero_stanton_torso1_cst
model,#c_nrc_gen_g_larmspawn
model,#attach_t8_ar_galil_bolt_world
model,#wpn_t8_smg_capacity_world
model,#attach_t8_loot_lmg_mk48_foregrip_view
model,#attach_t8_smg_fastburst_dbal_view
model,#hash_5d64f2c9c46a3ab7
model,#attach_t8_loot_smg_vmp_dbal_world
model,#wpn_t8_ar_fastfire_mag_view
model,#hash_5d74377b6d3d717a
model,#attach_t8_loot_pistol_auto_ext_mag_mk2_world
model,#attach_t8_loot_tac_rifle_flechette_foregrip_sig_01_world
model,#attach_t8_pistol_burst_hammer_view
model,#p7_fxp_weapon_bullet_case_shotgun
model,#attach_t8_loot_tac_rifle_flechette_rapidfire_view
model,#wpn_t8_tac_rifle_mid_burst_view
model,#wpn_t8_tac_rifle_swordfish_sig_02_world
model,#attach_t8_sniper_koshka_grip_01_mk2_world
model,#attach_t8_pistol_standard_ext_mag_sig_02_world
model,#attach_t8_ar_galil_stock_view
model,#hash_5dd6c20194714feb
model,#wpn_t8_zm_elixir_bottle_legendary_world
model,#attach_t8_optic_red_dot_ads
model,#wpn_t8_lmg_titan_view
model,#c_t8_zmb_ofc_hero_dempsey_lowerbody1_viewbody1_cst
model,#attach_t8_lmg_plr_foregrip_world_mk2
model,#attach_t8_loot_smg_vmp_silencer_view
model,#attach_t8_sniper_power_semi_ext_mag_01_world
model,#wpn_t8_eqp_spray_paint_can_view
model,#attach_t8_lmg_plr_hical_02_view_mk2
model,#attach_t8_ar_heavy_mag_fastreload_sig_02_view
model,#c_t8_bo_hero_johnson_torso1_armorheavy
model,#wpn_t8_loot_ar_double_barrel_view
model,#attach_t8_smg_accurate_stock_sig_02_view
model,#hash_5e7f95fc402bc5f8
model,#attach_t8_smg_capacity_ext_mag_03_world
model,#wpn_t8_sniper_vanguard_scope_ads_mk2_view
model,#wpn_t8_sniper_koshka_scope_mk2_world
model,#wpn_t8_sniper_vanguard_mag_world
model,#attach_t8_smg_fastfire_grip_world
model,#attach_t8_shotgun_semi_grip_world
model,#c_t8_zmb_3rdclass_male_body1_g_rarmoff
model,#attach_t8_charm_duck_ruin_view
model,#attach_t8_loot_knife_ballistic_blades_dw_view
model,#attach_t8_smg_accurate_handguard_02_sig_03_world
model,#attach_t8_loot_tac_rifle_damageburst_bolt_world
model,#attach_t8_ar_stealth_silencer_long_sig_01_view
model,#attach_t8_charm_beer
model,#hash_5f372317ee1d1ca7
model,#c_gen_direwolf_fb
model,#wpn_t8_loot_ar_peacekeeper_mk2_view
model,#attach_t8_charm_junogotchi_view
model,#wpn_t8_eqp_molotov_world
model,#attach_t8_smg_handling_stock01_view
model,#attach_t8_sniper_koshka_mag_fastreload_mk2_view
model,#attach_t8_shotgun_pump_ammo_steelpellets_mk2_view
model,#attach_t8_loot_tac_rifle_flechette_barrel_sig_01_world
model,#attach_t8_pistol_standard_uber_view
model,#hash_5fc20af59e7e2a90
model,#attach_t8_loot_smg_folding_bolt_02_view
model,#c_t8_zmb_mob_hero_nikolai_arms1_viewbody1_cst
model,#hash_5fe0ba0b1c3b3312
model,#c_t8_zmb_ofc_hero_dempsey_arms1_viewbody1_cst
model,#attach_t8_ar_stealth_fast_mag_mk2_world
model,#wpn_t8_smg_capacity_sig_02_world
model,#attach_t8_smg_fastfire_dbal_02_sig_02_view
model,#attach_t8_ar_stealth_barrel_long_sig_02_view
model,#attach_t8_loot_smg_fastburst_bolt_01_sig_02_view
model,#p8_fxp_fluid_droplet_mud
model,#attach_t8_loot_sniper_mini14_stock_02_mk2_world
model,#p7_fxp_debris_rock_01
model,#p7_fxp_debris_rock_02
model,#p7_fxp_debris_rock_03
model,#hash_605d0fb9840287f3
model,#wpn_t8_loot_ar_an94_mag_view
model,#wpn_t8_ar_galil_mag_world
model,#hash_606981d94850008d
model,#wpn_t8_sniper_koshka_mag_mk2_world
model,#attach_t8_loot_smg_folding_dbal_world
model,#attach_t8_loot_sniper_mini14_foregrip_uber_bipod_view
model,#attach_t8_loot_lmg_mk48_barrel_view
model,#attach_t8_sniper_koshka_dbal_01_mk2_world
model,#attach_t8_shotgun_pump_handguard_mk2_view
model,#wpn_t8_tac_rifle_swordfish_mk2_world
model,#attach_t8_loot_shotgun_fullauto_foregrip_02_sig_world
model,#p7_zm_bgb_bubble_purple
model,#attach_t8_smg_capacity_grip_sig_02_world
model,#c_t8_zmb_mob_hero_dempsey_arms1_viewbody1_cst
model,#p7_fxp_debris_car_glass_shatter_02
model,#p7_fxp_debris_car_glass_shatter_03
model,#p7_fxp_debris_car_glass_shatter_01
model,#attach_t8_shotgun_pump_foregrip_world
model,#wpn_t8_loot_sniper_mini14_mag_mk2_world
model,#wpn_t8_loot_sniper_mini14_mk2_view
model,#attach_t8_ar_accurate_compensator_world
model,#p7_fxp_debris_wood_splinter_02
model,#p7_fxp_debris_wood_splinter_03
model,#p7_fxp_debris_wood_splinter_01
model,#wpn_t8_zm_perk_totem_mule_kick_view
model,#hash_61744883b76f3dc5
model,#fx_pistol_shell
model,#attach_t8_ar_heavy_mag_fastreload_sig_02_world
model,#attach_t8_charm_salty_shaker_view
model,#attach_t8_ar_stealth_bayonet_mk2_world
model,#attach_t8_smg_handling_stock01_mk2_world
model,#attach_t8_ar_galil_foregrip_view
model,#c_t8_zmb_ofc_hero_nikolai_arms1_viewbody1_cst
model,#hash_6193940b8150efbf
model,#wpn_t8_loot_smg_folding_mk2_view
model,#wpn_t8_zm_melee_hammer_lvl1_world
model,#attach_t8_ar_galil_silencer_world
model,#wpn_t8_tac_rifle_mid_burst_scope_sig_02_world
model,#attach_t8_optic_ironsights_sniper_front_view
model,#attach_t8_sniper_koshka_grip_02_mk2_world
model,#attach_t8_smg_handling_fastmag02_world
model,#wpn_t8_loot_tac_rifle_flechette_scope_mk2_world
model,#attach_t8_pistol_revolver_uber_world
model,#attach_t8_tac_rifle_surgeon_upper_02_sig_02_world
model,#wpn_t8_zm_melee_staff_ra_lvl2_view
model,#attach_t8_loot_shotgun_fullauto_quickdraw_02_world
model,#wpn_t8_loot_smg_minigun_view
model,#wpn_t8_zm_eqp_acid_bomb_view
model,#wpn_t8_loot_ar_peacekeeper_view
model,#attach_t8_loot_shotgun_fullauto_quickdraw_02_sig_view
model,#c_t8_zmb_mob_hero_richtofen_arms1_cst
model,#wpn_t8_smg_accurate_sig_02_world
model,#attach_t8_loot_smg_fastburst_quickdraw_mk2_view
model,#attach_t8_tac_rifle_swordfish_foregrip_mk2_view
model,#attach_t8_optic_thermal_world_sml
model,#wpn_t8_sniper_semiauto_bullet_01_view
model,#attach_t8_tac_rifle_surgeon_bolt_world
model,#attach_t8_charm_earf_view
model,#attach_t8_sniper_koshka_mag_fastreload_mk2_world
model,#attach_t8_ar_stealth_stock_02_view
model,#attach_t8_smg_fastfire_ext_fast_mag_view
model,#attach_t8_sniper_koshka_dbal_02_mk2_view
model,#hash_62efae5b84395a3e
model,#hash_62f31d50448d8657
model,#attach_t8_smg_accurate_suppressor_sig_03_world
model,#p8_zm_power_door_top
model,#wpn_t8_loot_tac_rifle_flechette_scope_ads_view
model,#hash_6320718d5c8a02ec
model,#attach_t8_lmg_titan_muzzle_view
model,#attach_t8_loot_sniper_locus_fast_mag_01_view
model,#wpn_t8_zm_melee_chakram_lvl1_dw_world
model,#wpn_t8_loot_smg_folding_mk2_world
model,#wpn_t8_tac_rifle_surgeon_mag_sig_02_view
model,#attach_t8_smg_handling_foregrip_mk2_view
model,#attach_t8_loot_smg_fastburst_bolt_02_view
model,#wpn_t8_pistol_burst_sig_01_view
model,#attach_t8_smg_handling_stock01_sig_02_world
model,#hash_6385d93307137c94
model,#attach_t8_smg_fastfire_ext_mag_sig_02_world
model,#attach_t8_sniper_koshka_fast_mag_01_world
model,#attach_t8_smg_accurate_handguard_01_world
model,#attach_t8_smg_capacity_handguard_01_sig_02_view
model,#p8_fxp_fluid_droplet_water
model,#attach_t8_loot_pistol_auto_hical_barrel_sig_02_view
model,#attach_t8_ar_k57_stock_sig_03_world
model,#attach_t8_shotgun_pump_choke_muzzle_world
model,#wpn_t8_zm_elixir_bottle_whimsical_world
model,#attach_t8_smg_accurate_stock_world
model,#attach_t8_charm_earth_view
model,#attach_t8_loot_ar_peacekeeper_handguard_world
model,#hash_6419ef8f96879b88
model,#attach_t8_optic_rmr_world
model,#hash_6434a13b47ae7d64
model,#wpn_t8_loot_knife_ballistic_dw_world
model,#wpn_t8_loot_tac_rifle_flechette_mag_mk2_view
model,#p8_zm_vapor_altar_icon_01_stonecoldstronghold
model,#wpn_t8_smg_handling_mag_world
model,#wpn_t8_zm_shotgun_trenchgun_world
model,#c_t8_zmb_mob_hero_zombie_blood_lowerbody1_viewbody1
model,#attach_t8_loot_smg_fastburst_ext_mag_mk2_view
model,#c_t8_mp_spe_buffer_body1
model,#c_t8_zmb_dlc0_hero_scarlett_viewlegs1_cst
model,#attach_t8_smg_fastfire_stock_sig_02_view
model,#attach_t8_loot_tac_rifle_flechette_ext_mag_sig_01_world
model,#attach_t8_smg_mp9_bolt_view
model,#attach_t8_loot_ar_standard_bolt_hical_world
model,#attach_t8_charm_toilet_gold_view
model,#wpn_t8_smg_fastfire_mag_sig_02_world
model,#attach_t8_shotgun_pump_choke_muzzle_mk2_view
model,#wpn_t8_zm_eqp_wraith_fire_view
model,#attach_t8_loot_smg_fastburst_stock_world
model,#attach_t8_optic_thermal_view_sml
model,#attach_t8_pistol_revolver_hical_sig_02_view
model,#p8_zm_vapor_altar_icon_01_zombshell
model,#c_t8_zmb_dlc1_hero_gypsy_torso1
model,#hash_654758ccfb669020
model,#attach_t8_loot_sniper_mini14_foregrip_view
model,#wpn_t8_loot_smg_folding_world
model,#attach_t8_tac_rifle_swordfish_foregrip_view
model,#attach_t8_loot_tac_rifle_flechette_dbal_mk2_view
model,#wpn_t8_tac_rifle_mid_burst_scope_sig_01_view
model,#attach_t8_loot_ar_an94_ext_fast_mag_world
model,#wpn_t8_loot_pistol_auto_mk2_world
model,#c_t8_zmb_dlc1_hero_butler_lowerbody1_viewbody1
model,#attach_t8_ar_heavy_grip_mk2_world
model,#attach_t8_loot_tac_rifle_flechette_uber_view
model,#attach_t8_sniper_sniver_hical_barrel_view
model,#attach_t8_ar_stealth_stock_01_sig_02_world
model,#attach_t8_ar_k57_suppressor_sig_02_view
model,#attach_t8_ar_accurate_mag_pouch_sig_01_view
model,#c_t8_zmb_dlc1_hero_gunslinger_arms1
model,#c_t8_bo_hero_russman_lowerbody1
model,#attach_t8_loot_pistol_auto_fast_mag_sig_02_view
model,#c_t8_zmb_1stclass_male_body2_g_larmoff
model,#attach_t8_pistol_revolver_stabilzer_world
model,#c_t8_zmb_dlc1_hero_brigadier_lowerbody1
model,#p7_ra2_gold_coin
model,#wpn_t8_loot_sniper_locus_scope_view
model,#wpn_t8_lmg_plr_mag_view_mk2
model,#attach_t8_optic_red_dot_view
model,#wpn_t8_smg_fastfire_sig_02_world
model,#attach_t8_lmg_hades_turbo_1_world
model,#wpn_t8_sniper_vanguard_scope_view
model,#c_t8_zmb_dlc0_zombie_male_body1_s_lleg
model,#attach_t8_sniper_sniver_bolt_handle_world
model,#attach_t8_smg_accurate_mag_sig_03_world
model,#p7_zm_vending_revive
model,#attach_t8_loot_pistol_auto_stock_mk2_world
model,#p8_fxp_perk_stronghold
model,#attach_t8_lmg_hades_uber_sig_01_view
model,#attach_t8_tac_rifle_mid_burst_stock_01_mk2_view
model,#attach_t8_loot_tac_rifle_flechette_dbal_view
model,#wpn_t7_grenade_incendiary_projectile
model,#wpn_t8_ar_accurate_world
model,#wpn_t8_zm_eqp_wraith_fire_projectile
model,#wpn_t8_zm_elixir_liquid_base_world
model,#attach_t8_ar_stealth_silencer_view
model,#attach_t8_loot_lmg_mk48_stock_02_world
model,#attach_t8_loot_ar_standard_grip_mk2_world
model,#attach_t8_tac_rifle_mid_burst_grip_mk2_world
model,#wpn_t8_zm_perk_totem_deadshot_world
model,#wpn_t8_zm_smg_primary_world
model,#attach_t8_loot_smg_minigun_dbal_01_view
model,#attach_t8_charm_crystals_view
model,#wpn_t8_loot_ar_standard_view
model,#hash_67d1958d52840a7f
model,#attach_t8_loot_lmg_mk48_fmj_mk2_view
model,#attach_t8_ar_k57_grip_view
model,#wpn_t8_eqp_grenade_frag_view
model,#attach_t8_loot_smg_fastburst_bolt_01_mk2_view
model,#p8_zm_powerup_rush_point
model,#attach_t8_ar_heavy_hical01_view
model,#attach_t8_ar_accurate_mag_pouch_sig_01_world
model,#c_t8_zmb_ofc_hero_dempsey_lowerbody1_cst
model,#collision_geo_512x512x10_standard
model,#attach_t8_sniper_sniver_bolt_uber_world
model,#wpn_t8_sniper_vanguard_mag_mk2_view
model,#hash_686577022ae8d0c9
model,#wpn_t8_zm_elixir_liquid_epic_world
model,#hash_688ffe6b8c13519a
model,#attach_t8_loot_tac_rifle_flechette_uber_mk2_world
model,#attach_t8_smg_capacity_grip_view
model,#c_t8_bo_hero_johnson_torso1_viewbody
model,#wpn_t8_zm_eqp_wraith_fire_world
model,#attach_t8_loot_sniper_mini14_stock_02_world
model,#attach_t8_tac_rifle_surgeon_handguard_sig_02_world
model,#wpn_t8_smg_handling_mag_sig_02_view
model,#attach_t8_ar_heavy_barrel_sig_02_view
model,#attach_t8_smg_handling_foregrip_sig_02_view
model,#attach_t8_loot_ar_double_barrel_foregrip_world
model,#wpn_t8_lmg_hades_sig_01_world
model,#wpn_t8_smg_handling_sig_01_dw_view
model,#attach_t8_pistol_standard_uber_world_sig02
model,#wpn_t8_zm_elixir_liquid_legendary_world
model,#wpn_t8_sniper_koshka_sig_02_world
model,#hash_690d616e2e7fc722
model,#hash_690f0aab85a33aa1
model,#attach_t8_pistol_burst_foregrip_sig_02_world
model,#attach_t8_smg_fastfire_ext_mag_mk2_view
model,#wpn_t8_ar_accurate_mag_sig_02_view
model,#hash_696b87483c5537a9
model,#c_t8_bo_hero_russman_torso1_viewbody
model,#c_t8_zmb_ofc_hero_takeo_viewarms1_cst
model,#hash_6976f051e32fdc9c
model,#attach_t8_ar_k57_ext_mag_sig_02_view
model,#attach_t8_sniper_koshka_barrel_mk2_view
model,#attach_t8_shotgun_pump_stock_view
model,#attach_t8_tac_rifle_mid_burst_grip_mk2_view
model,#attach_t8_tac_rifle_swordfish_grip_world
model,#attach_t8_ar_accurate_grip_sig_03_world
model,#attach_t8_loot_tac_rifle_flechette_stock_mk2_view
model,#attach_t8_ar_k57_ext_mag_mk2_world
model,#attach_t8_loot_smg_folding_dbal_view
model,#wpn_t8_tac_rifle_mid_burst_scope_sig_02_view
model,#c_t8_zmb_1stclass_male_body3
model,#c_t8_zmb_1stclass_male_body2
model,#c_t8_zmb_1stclass_male_body1
model,#attach_t8_smg_handling_silencer_mk2_view
model,#attach_t8_ar_galil_dbal_fmj_strap_view
model,#attach_t8_lmg_plr_grip_handle_view
model,#wpn_t8_smg_handling_mk2_view
model,#c_t8_zmb_ofc_hero_nikolai_lowerbody1_viewbody1_cst
model,#attach_t8_smg_capacity_dbal_sig_02_world
model,#wpn_t8_tac_rifle_surgeon_scope_sig_01_view
model,#hash_6a4e76de400c3b7c
model,#p7_zm_power_up_carpenter
model,#attach_t8_loot_shotgun_prec_extclip_world
model,#attach_t8_pistol_standard_dbal_view
model,#c_t8_zmb_dlc0_hero_bruno_lowerbody1_cst
model,#attach_t8_lmg_plr_fastmag_view
model,#wpn_t8_zm_perk_totem_ethereal_razor_world
model,#hash_6a800a740c509ca0
model,#wpn_t8_smg_mp9_sig_02_world
model,#wpn_t8_smg_handling_sig_01_world
model,#c_t8_zmb_ofc_hero_takeo_torso1_armorlight1
model,#hash_6aa0f93d53d01d73
model,#hash_6aa101f858c025f2
model,#c_t8_zmb_mob_hero_richtofen_torso1_cst
model,#attach_t8_shotgun_semi_ext_mag_01_view
model,#attach_t8_optic_thermal_world
model,#attach_t8_loot_pistol_auto_ext_mag_mk2_view
model,#attach_t8_sniper_koshka_mag_fastreload_world
model,#p8_zm_power_door_triangles
model,#attach_t8_ar_k57_suppressor_sig_03_world
model,#c_t8_zmb_dlc0_hero_stanton_torso1_armormedium1
model,#attach_t8_loot_sniper_semiauto_stock_world
model,#hash_6af9235d5ba511f7
model,#attach_t8_ar_accurate_foregrip_view
model,#attach_t8_pistol_standard_uber_world
model,#c_t8_zmb_ofc_hero_richtofen_viewlegs1_cst
model,#c_t8_zmb_dlc0_hero_scarlett_torso1_armorheavy1
model,#attach_t8_loot_shotgun_fullauto_ext_mag_view
model,#hash_6b377f38d84b2eba
model,#attach_t8_ar_stealth_barrel_long_view
model,#attach_t8_loot_tac_rifle_flechette_ext_mag_sig_01_view
model,#attach_t8_loot_sniper_semiauto_grip_view
model,#hash_6b5cb63cf100ea51
model,#wpn_t8_pistol_revolver_sig_01_world
model,#defaultweapon
model,#attach_t8_smg_fastfire_handguard_mk2_world
model,#attach_t8_pistol_standard_fmj_02_muzzle_sig_02_world
model,#attach_t8_smg_capacity_ext_mag_01_uber_world
model,#attach_t8_pistol_revolver_stock_mk2_view
model,#attach_t8_smg_accurate_quickdraw_base_world
model,#attach_t8_loot_lmg_mk48_hical_mk2_world
model,#hash_6bb7d4ac0d4e3a1b
model,#attach_t8_smg_capacity_bolt_view
model,#wpn_t8_sniper_power_semi_mag_sig_02_view
model,#attach_t8_ar_k57_ext_mag_mixclip_sig_02_view
model,#attach_t8_loot_smg_folding_grip_02_mk2_world
model,#c_t8_zmb_dlc4_hero_misty_torso1_viewbody1
model,#hash_6bdacdf855cada45
model,#attach_t8_smg_accurate_quickdraw_sig_03_world
model,#c_t8_zmb_mob_hero_dempsey_viewarms1_cst
model,#p8_zm_vapor_altar_icon_01_staminup
model,#c_t8_zmb_mob_hero_richtofen_arms2_viewbody2
model,#attach_t8_sniper_koshka_barrel_mk2_world
model,#hash_6c2222e50edd90be
model,#hash_6c3627071cb1dca2
model,#wpn_t8_smg_fastfire_world
model,#attach_t8_ar_stealth_bayonet_world
model,#hash_6c4576cff0deb186
model,#attach_t8_loot_sniper_locus_silencer_01_world
model,#wpn_t8_ar_fastfire_sig_02_view
model,#attach_t8_loot_lmg_mk48_hical_view
model,#attach_t8_loot_pistol_auto_fmj_lower_sig_02_view
model,#wpn_t8_loot_smg_fastburst_world
model,#wpn_t8_ar_stealth_sig_01_view
model,#attach_t8_pistol_revolver_stock_world
model,#attach_t8_loot_sniper_semiauto_hical_01_world
model,#c_t8_zmb_hero_stanton_torso1_armormedium1
model,#attach_t8_smg_handling_stock01_sig_01_world
model,#attach_t8_shotgun_semi_dbal_01_world
model,#wpn_t8_tac_rifle_mid_burst_scope_ads
model,#wpn_t8_loot_sniper_mini14_scope_mk2_ads
model,#wpn_t8_ar_k57_mag_sig_03_view
model,#wpn_t8_smg_handling_dw_world
model,#wpn_t8_sniper_koshka_mk2_world
model,#hash_6d5101b881fc16a0
model,#attach_t8_ar_heavy_mag_fastreload_mk2_world
model,#c_t8_zmb_3rdclass_male_body1_g_behead
model,#attach_t8_lmg_plr_barrel_world
model,#projectile_s5rocket
model,#attach_t8_sniper_sniver_stock_view
model,#wpn_t8_sniper_power_semi_view
model,#attach_t8_loot_ar_an94_barrel_view
model,#attach_t8_charm_pizza_view
model,#attach_t8_pistol_burst_slide_world
model,#wpn_t8_zm_spoon_view
model,#attach_t8_smg_fastfire_ext_mag_mk2_world
model,#c_t8_zmb_dlc1_hero_gunslinger_head1
model,#wpn_t8_ar_accurate_mag_sig_03_view
model,#attach_t8_ar_accurate_dbal_sig_03_world
model,#attach_t8_ar_accurate_dbal_sig_03_view
model,#tag_origin
model,#wpn_t8_tac_rifle_mid_burst_mag_sig_01_view
model,#attach_t8_loot_sniper_semiauto_fmj_world
model,#attach_t8_loot_tac_rifle_flechette_ext_mag_world
model,#p7_zm_vending_three_gun
model,#attach_t8_loot_pistol_auto_fmj_lower_mk2_world
model,#wpn_t8_tac_rifle_swordfish_rail_sig_02_world
model,#wpn_t8_tac_rifle_mid_burst_scope_world
model,#p7_zm_sta_gibs_chunk_bone
model,#attach_t8_lmg_titan_muzzle_extension_view
model,#attach_t8_loot_ar_double_barrel_ext_mag_02_world
model,#attach_t8_sniper_vanguard_stock_sig_02_view
model,#c_t8_zmb_mob_hero_takeo_lowerbody1_viewbody1_cst
model,#wpn_t8_lmg_plr_sig_01_view
model,#attach_t8_loot_tac_rifle_damageburst_ext_mag_world
model,#attach_t8_pistol_burst_dbal_02_sig_02_world
model,#attach_t8_shotgun_semi_foregrip_world
model,#c_t8_bo_hero_johnson_head1
model,#wpn_t8_ar_k57_sig_03_world
model,#attach_t8_smg_capacity_ext_mag_02_world
model,#hash_6eb7662bc2e37b3d
model,#attach_t8_ar_heavy_fmj_01_mag_view
model,#attach_t8_tac_rifle_surgeon_fast_mag_sig_02_world
model,#c_t8_zmb_ofc_hero_takeo_torso1_armormedium1
model,#attach_t8_loot_smg_vmp_stock_view
model,#attach_t8_charm_frag_view
model,#wpn_t8_tac_rifle_mid_burst_mag_sig_02_world
model,#attach_t8_tac_rifle_mid_burst_stock_02_view
model,#wpn_t8_zm_perk_totem_time_slip_world
model,#hash_6f07c99cede416b9
model,#wpn_t8_smg_capacity_mag_mk2_world
model,#attach_t8_charm_basketball_hoop_view
model,#attach_t8_loot_sniper_mini14_foregrip_uber_view
model,#attach_t8_sniper_vanguard_stock_view
model,#attach_t8_loot_ar_standard_fast_mag_sig_02_world
model,#hash_6f3e8c589e1a4d98
model,#attach_t8_loot_tac_rifle_damageburst_ext_fast_mag_view
model,#attach_t8_smg_handling_fastmag01_world
model,#fx_char_gib_chunk_fat
model,#wpn_t8_lmg_plr_mag_sig_01_view
model,#attach_t8_loot_ar_an94_barrel_world
model,#wpn_t8_loot_knife_ballistic_blade_world
model,#wpn_t8_zm_perk_bottle_deathperception_world
model,#hash_6f68d4588d37eb0d
model,#hash_6f770d810af0226d
model,#c_t8_zmb_ofc_hero_takeo_torso1_viewbody1_cst
model,#attach_t8_ar_stealth_hi_cal_sig_02_world
model,#attach_t8_smg_capacity_grip_world
model,#hash_6f90383e8519afb9
model,#hash_6f9ad3807adc1260
model,#attach_t8_loot_pistol_auto_fmj_lower_mk2_view
model,#attach_t8_charm_computer_teeth_view
model,#wpn_t8_sniper_vanguard_sig_02_view
model,#attach_t8_loot_lmg_mk48_dbal_view
model,#collision_wall_64x64x10_standard
model,#wpn_t8_smg_capacity_mag_sig_01_world
model,#attach_t8_smg_handling_foregrip_sig_01_view
model,#attach_t8_tac_rifle_mid_burst_foregrip_sig_02_world
model,#c_t8_zmb_mob_hero_nikolai_torso1_armorlight1
model,#wpn_t8_pistol_burst_sig_02_view
model,#wpn_t8_loot_lmg_mk48_clip_view
model,#attach_t8_pistol_revolver_scope_world
model,#attach_t8_pistol_standard_fmj_02_hammer_world
model,#wpn_t8_ar_stealth_mag_sig_02_world
model,#attach_t8_lmg_plr_hical_02_sig_02_view
model,#c_t8_zmb_dlc0_hero_stanton_head1_cst
model,#hash_702802e42e14d89a
model,#attach_t8_ar_heavy_fmj_01_mag_sig_02_world
model,#c_t8_zmb_dlc1_hero_brigadier_viewarms1
model,#attach_t8_loot_ar_standard_stock_sig_02_world
model,#hash_706fd3355f69a94c
model,#attach_t8_loot_ar_standard_handguard_fmj_world
model,#attach_t8_ar_heavy_hical02_world
model,#attach_t8_charm_ak_unicorn_view
model,#wpn_t8_tac_rifle_surgeon_scope_sig_02_world
model,#wpn_t8_smg_accurate_mag_sig_01_view
model,#attach_t8_loot_smg_minigun_fmj_02_world
model,#c_t8_zmb_mob_hero_zombie_blood_arms1
model,#wpn_t8_tac_rifle_surgeon_mag_world
model,#attach_t8_shotgun_semi_barrel_world
model,#attach_t8_smg_mp9_silencer_view
model,#attach_t8_ar_heavy_barrel_sig_02_world
model,#wpn_t8_zm_melee_dw_hand_cannon_lvl2_view
model,#attach_t8_pistol_burst_foregrip_sig_02_view
model,#attach_t8_smg_fastburst_dbal_world
model,#attach_t8_loot_ar_standard_ext_fast_mag_world
model,#attach_t8_loot_tac_rifle_damageburst_silencer_world
model,#wpn_t8_ar_k57_sig_02_world
model,#attach_t8_loot_shotgun_fullauto_quickdraw_02_sig_world
model,#attach_t8_loot_sniper_locus_upper_01_view
model,#attach_t8_loot_sniper_semiauto_foregrip_world
model,#attach_t8_loot_smg_folding_grip_02_world
model,#attach_t8_loot_sniper_mini14_stock_02_view
model,#hash_717e4baa0c5ec3c6
model,#attach_t8_loot_pistol_auto_fast_mag_view
model,#wpn_t8_loot_ar_standard_world
model,#c_t8_zmb_dlc0_zombie_male_body3_g_rlegoff
model,#attach_t8_smg_capacity_ext_mag_02_sig_02_view
model,#attach_t8_loot_smg_fastburst_suppressor_mk2_world
model,#attach_t8_smg_handling_silencer_view
model,#attach_t8_tac_rifle_mid_burst_foregrip_sig_01_view
model,#c_t8_zmb_ofc_hero_richtofen_viewarms1_cst
model,#wpn_t8_loot_lmg_mk48_clip_mk2_world
model,#attach_t8_lmg_hades_ext_mag_view
model,#attach_t8_ar_k57_ext_mag_world
model,#wpn_t8_zm_homunculus_view
model,#wpn_t8_loot_shotgun_fullauto_view
model,#wpn_t8_eqp_turret_mini_gun_fx
model,#attach_t8_sniper_power_semi_stabilizer_view
model,#attach_t8_smg_fastfire_ext_mag_view
model,#wpn_t8_zm_perk_totem_electric_burst_world
model,#attach_t8_loot_tac_rifle_flechette_quickdraw_world
model,#attach_t8_ar_heavy_hical01_mk2_world
model,#hash_72447fa984cd9b7f
model,#attach_t8_sniper_sniver_bolt_world
model,#wpn_t8_zm_perk_bottle_timeslip_world
model,#hash_7253d78c43dd8fbf
model,#c_t8_zmb_hero_bruno_torso1_cst
model,#attach_t8_loot_tac_rifle_damageburst_foregrip_02_view
model,#wpn_t7_grenade_incendiary_view
model,#c_t8_zmb_ofc_hero_nikolai_lowerbody1_cst
model,#wpn_t8_tac_rifle_swordfish_mag_mk2_view
model,#hash_728a20ade096cd5e
model,#attach_t8_sniper_koshka_mag_mk2_view
model,#hash_7294a5c8740a7de6
model,#attach_t8_loot_shotgun_fullauto_quickdraw_mk2_world
model,#wpn_t8_zm_melee_sword_lvl3_view
model,#wpn_t8_zm_elixir_liquid_ultra_world
model,#wpn_t8_tac_rifle_swordfish_scope_mk2_ads
model,#wpn_t8_sniper_koshka_scope_ads_sig_02_view
model,#wpn_t8_loot_ar_standard_sig_02_view
model,#attach_t8_loot_ar_peacekeeper_bolt_mk2_view
model,#attach_t8_smg_fastfire_dbal_02_sig_02_world
model,#c_t8_zmb_hero_bruno_arms1_viewbody1_cst
model,#wpn_t8_sniper_vanguard_scope_ads_sig_02_view
model,#wpn_t8_shotgun_pump_sig_02_view
model,#wpn_t8_zm_perk_bottle_deathperception_view
model,#attach_t8_pistol_revolver_quickdraw_world
model,#wpn_t8_sniper_semiauto_mag_world
model,#attach_t8_loot_sniper_semiauto_fmj_view
model,#wpn_t8_sniper_vanguard_mk2_world
model,#c_t8_zmb_mob_hero_richtofen_torso2
model,#attach_t8_loot_pistol_auto_reflex_mk2_world
model,#attach_t8_loot_pistol_auto_hical_bolt_sig_02_view
model,#attach_t8_smg_handling_stock01_sig_02_view
model,#wpn_t8_tac_rifle_swordfish_mag_sig_01_view
model,#wpn_t8_sniper_koshka_sig_02_view
model,#attach_t8_optic_ironsights_sniper_front_world
model,#wpn_t8_sniper_vanguard_scope_ads_view
model,#attach_t8_lmg_plr_grip_world
model,#wpn_t8_launcher_standard_projectile_world
model,#wpn_t8_lmg_hades_mag_sig_01_view
model,#wpn_t8_loot_tac_rifle_flechette_projectile
model,#attach_t8_pistol_revolver_stabilzer_mk2_world
model,#attach_t8_ar_stealth_fast_mag_mk2_view
model,#attach_t8_smg_mp9_silencer_world
model,#wpn_t8_smg_accurate_sig_01_world
model,#c_t8_zmb_hero_scarlett_arms1_viewbody1_cst
model,#p8_zm_wall_buy_symbol_01_middle
model,#wpn_t8_zm_perk_bottle_phdslider_view
model,#wpn_t8_pistol_revolver_sig_01_view
model,#attach_t8_loot_sniper_mini14_suppressor_view
model,#attach_t8_smg_handling_fastmag02_mk2_view
model,#attach_t8_loot_pistol_auto_hical_barrel_view
model,#wpn_t8_zm_melee_chakram_lvl3_view
model,#wpn_t8_ar_k57_mk2_view
model,#wpn_t8_sig_grapple_gun_world
model,#c_t8_zmb_ofc_hero_nikolai_torso1_cst
model,#attach_t8_smg_mp9_rapid_fire_view
model,#attach_t8_lmg_plr_foregrip_world
model,#wpn_t8_ar_fastfire_mag_sig_02_world
model,#attach_t8_smg_capacity_grip_mk2_view
model,#hash_74a99553c1cb3c25
model,#c_t8_zmb_dlc1_hero_butler_viewlegs1
model,#attach_t8_smg_fastfire_handguard_world
model,#hash_74c0d39320a3bb27
model,#c_t8_zmb_dlc0_hero_diego_torso1_viewbody1_cst
model,#wpn_t8_loot_ar_standard_mag_sig_02_world
model,#wpn_t8_tac_rifle_surgeon_view
model,#hash_74eb886b9094721f
model,#attach_t8_loot_smg_minigun_foregrip_world
model,#attach_t8_tac_rifle_mid_burst_suppressor_mk2_view
model,#wpn_t8_sniper_power_semi_mag_sig_02_world
model,#attach_t8_smg_accurate_suppressor_sig_03_view
model,#wpn_t8_zm_perk_bottle_winterswail_world
model,#c_t8_zmb_dlc1_hero_gypsy_lowerbody1
model,#c_t8_zmb_homunculus_fb1
model,#attach_t8_loot_pistol_auto_hical_bolt_mk2_world
model,#wpn_t8_loot_ar_standard_mk2_world
model,#wpn_t8_pistol_standard_sig_01_view
model,#attach_t8_loot_pistol_auto_ext_mag_view
model,#attach_t8_loot_shotgun_fullauto_foregrip_sig_world
model,#wpn_t8_zm_elixir_bottle_epic_view
model,#wpn_t8_ar_galil_world
model,#attach_t8_sniper_power_semi_handguard_world
model,#wpn_t8_zm_eqp_grenade_frag_world
model,#attach_t8_loot_tac_rifle_flechette_uber_mk2_view
model,#attach_t8_smg_handling_stock01_sig_01_view
model,#attach_t8_smg_handling_silencer_sig_02_world
model,#attach_t8_loot_lmg_mk48_stock_01_world
model,#attach_t8_ar_heavy_hical02_mk2_world
model,#wpn_t8_shotgun_semi_mag_world
model,#attach_t8_optic_acog_world
model,#attach_t8_loot_lmg_mk48_stock_01_view
model,#attach_t8_ar_accurate_dbal_world
model,#wpn_t8_loot_ar_peacekeeper_mag_mk2_world
model,#c_t8_zmb_mob_hero_takeo_torso1_cst
model,#attach_t8_smg_capacity_handguard_02_world
model,#attach_t8_lmg_plr_hical_02_world_mk2
model,#attach_t8_loot_smg_folding_stock_mk2_view
model,#attach_t8_pistol_burst_slide_sig_02_view
model,#c_t8_bo_hero_stuhlinger_lowerbody1_viewbody
model,#attach_t8_loot_ar_standard_stock_mk2_world
model,#c_t8_zmb_mob_hero_dempsey_head1_cst
model,#attach_t8_loot_ar_double_barrel_hical_world
model,#attach_t8_ar_stealth_barrel_long_mk2_view
model,#attach_t8_loot_lmg_mk48_fastmag_view
model,#c_t8_zmb_dlc0_hero_stanton_viewlegs1_cst
model,#attach_t8_shotgun_pump_choke_muzzle_view
model,#wpn_t8_sniper_vanguard_view
model,#c_t8_zmb_mob_hero_richtofen_viewlegs1_cst
model,#hash_77358e4e6865f955
model,#attach_t8_loot_sniper_mini14_fmj_mk2_world
model,#hash_7743f59ed307c45b
model,#attach_t8_pistol_burst_dbal_01_view
model,#wpn_t8_ar_galil_view
model,#c_t8_zmb_ofc_hero_dempsey_torso1_armormedium1
model,#attach_t8_lmg_titan_hipfire_handguard_view
model,#attach_t8_lmg_hades_silencer_world
model,#wpn_t8_loot_shotgun_fullauto_world
model,#attach_t8_sniper_koshka_dbal_01_world
model,#wpn_t8_shotgun_semi_mag_sig_01_view
model,#attach_t8_loot_sniper_semiauto_fast_mag_view
model,#hash_77ce4d30228b6e7e
model,#char_ger_zombieeye
model,#wpn_t8_zm_melee_sword_lvl1_view
model,#c_t8_zmb_hero_stanton_arms1_viewbody1_cst
model,#hash_77ef8294c44076f1
model,#attach_t8_ar_galil_upper_world
model,#attach_t8_pistol_revolver_uber_sig_02_world
model,#hash_7810807da4371cd4
model,#attach_t8_ar_k57_stock_mk2_view
model,#attach_t8_lmg_plr_fastmag_world_mk2
model,#c_t8_bo_hero_russman_torso1
model,#attach_t8_loot_ar_standard_grip_view
model,#hash_7877cb6301d17015
model,#attach_t8_ar_stealth_bayonet_sig_01_view
model,#attach_t8_lmg_plr_barrel_world_mk2
model,#wpn_t8_ar_accurate_mag_view
model,#wpn_t8_zm_perk_totem_time_slip_view
model,#attach_t8_loot_smg_minigun_dbal_02_world
model,#wpn_t8_smg_handling_mag_sig_02_dw_view
model,#attach_t8_tac_rifle_swordfish_barrel_world
model,#c_t8_zmb_ofc_hero_dempsey_viewarms1_cst
model,#wpn_t8_shotgun_semi_view
model,#attach_t8_loot_lmg_mk48_barrel_world
model,#attach_t8_sniper_koshka_grip_01_world
model,#c_t8_zmb_hero_scarlett_head1_cst
model,#wpn_t8_loot_shotgun_fullauto_mag_world
model,#attach_t8_loot_ar_standard_barrel_sig_02_view
model,#wpn_t8_ar_heavy_sig_02_world
model,#wpn_t8_sniper_vanguard_mag_view
model,#attach_t8_sniper_koshka_loader_base_mk2_view
model,#attach_t8_smg_accurate_grip_01_world
model,#attach_t8_smg_accurate_stock_sig_03_view
model,#hash_790da161eeab689f
model,#attach_t8_ar_accurate_foregrip_sig_03_view
model,#wpn_t8_loot_knife_ballistic_karambit_dw_world
model,#attach_t8_lmg_plr_hical_02_sig_02_world
model,#wpn_t8_pistol_revolver_sig_02_world
model,#p8_zm_vapor_altar_icon_01_timeslip
model,#attach_t8_loot_ar_standard_ext_mag_sig_02_world
model,#attach_t8_loot_ar_an94_stock_view
model,#collision_geo_64x64x10_standard
model,#p8_zm_powerup_free_perk_02
model,#hash_79769e0efa9d4f07
model,#attach_t8_tac_rifle_surgeon_fast_mag_world
model,#attach_t8_lmg_titan_stock_world
model,#attach_t8_loot_sniper_locus_bipod_view
model,#wpn_t8_loot_ar_standard_mag_sig_02_view
model,#attach_t8_pistol_standard_suppressor_world
model,#hash_7993a2ab8da404cb
model,#attach_t8_sniper_power_semi_dbal_view
model,#attach_t8_loot_pistol_auto_grip_world
model,#c_t8_zmb_1stclass_male_body1_g_upclean
model,#hash_79bac601e4bfa9e9
model,#attach_t8_loot_ar_standard_barrel_mk2_view
model,#hash_79c6cbc4bb16426d
model,#hash_79d1853347d2ef2b
model,#wpn_t8_ar_k57_mk2_world
model,#c_t8_zmb_ofc_hero_takeo_lowerbody1_viewbody1_cst
model,#attach_t8_lmg_plr_grip_handle_view_mk2
model,#hash_79e70b5c6c641d96
model,#wpn_t8_ar_stealth_sig_02_world
model,#hash_79ee06c636e21ccd
model,#c_t8_zmb_dlc1_hero_brigadier_arms1
model,#attach_t8_tac_rifle_surgeon_fmj_02_mag_view
model,#c_t8_zmb_dlc1_hero_brigadier_viewlegs1
model,#c_t8_zmb_ofc_hero_nikolai_viewlegs1_cst
model,#c_t8_zmb_ofc_hero_nikolai_arms1_cst
model,#hash_7a376d01022e2ff3
model,#wpn_t8_zm_melee_sword_lvl2_world
model,#attach_t8_lmg_plr_hical_01_world_mk2
model,#wpn_t8_eqp_stem_shot_world
model,#hash_7a63c69745de86e4
model,#attach_t8_smg_capacity_ext_mag_01_world
model,#attach_t8_smg_fastfire_fast_mag_sig_02_view
model,#attach_t8_loot_ar_peacekeeper_bolt_view
model,#wpn_t8_ar_stealth_mag_view
model,#wpn_t8_smg_capacity_mag_view
model,#attach_t8_sniper_vanguard_stock_sig_02_world
model,#attach_t8_smg_accurate_suppressor_pink_world
model,#hash_7a9c3d33e56b00ba
model,#collision_geo_64x64x64_standard
model,#c_t8_bo_hero_johnson_torso1_armormedium
model,#attach_t8_pistol_revolver_quickdraw_hammer_view
model,#p8_fxp_titan_link
model,#attach_t8_charm_tanuki_view
model,#attach_t8_shotgun_pump_stock_mk2_world
model,#hash_7af8b5eb397d87f6
model,#attach_t8_loot_smg_folding_grip_02_view
model,#attach_t8_loot_sniper_mini14_foregrip_uber_bipod_mk2_view
model,#attach_t8_ar_k57_ext_mag_mixclip_full_sig_02_view
model,#c_t8_zmb_mob_hero_zombie_blood_lowerbody1
model,#c_t8_zmb_mob_hero_nikolai_arms1_cst
model,#attach_t8_sniper_koshka_dbal_02_sig_02_world
model,#wpn_t8_zm_morphine_syrette_world
model,#wpn_t8_ar_heavy_view
model,#c_t8_zmb_hero_scarlett_lowerbody1_cst
model,#p8_zm_ice_shard_01f
model,#p8_zm_ice_shard_01g
model,#p8_zm_ice_shard_01d
model,#p8_zm_ice_shard_01e
model,#p8_zm_ice_shard_01b
model,#p8_zm_ice_shard_01c
model,#p8_zm_ice_shard_01a
model,#p8_zm_ice_shard_01j
model,#p8_zm_ice_shard_01h
model,#p8_zm_ice_shard_01i
model,#hash_7b45143133a16384
model,#wpn_t8_ar_fastfire_sig_01_world
model,#attach_t8_pistol_burst_ext_mag_01_sig_02_view
model,#wpn_t8_loot_smg_fastburst_mag_sig_02_view
model,#wpn_t8_loot_tac_rifle_flechette_mk2_view
model,#wpn_t8_lmg_titan_sig_02_world
model,#c_t8_zmb_hero_diego_arms1_viewbody1_cst
model,#attach_t8_pistol_burst_slide_sig_02_world
model,#attach_t8_loot_sniper_mini14_ext_mag_01_mk2_view
model,#attach_t8_ar_accurate_barrel_sig_03_view
model,#wpn_t8_shotgun_pump_ammo_base_red_shell
model,#attach_t8_loot_smg_fastburst_quickdraw_view
model,#attach_t8_ar_heavy_mag_fastreload_view
model,#attach_t8_ar_k57_ext_mag_mixclip_mk2_world
model,#attach_t8_smg_capacity_bolt_sig_02_world
model,#attach_t8_ar_heavy_fast_mag_mk2_world
model,#attach_t8_smg_mp9_dbal_world
model,#wpn_t8_tac_rifle_mid_burst_mk2_view
model,#c_t8_zmb_mob_hero_zombie_blood_torso1_viewbody1
model,#c_t8_zmb_ofc_hero_dempsey_torso1_armorheavy1
model,#attach_t8_loot_sniper_mini14_foregrip_uber_mk2_view
model,#attach_t8_loot_ar_peacekeeper_stock_view
model,#p7_zm_sta_gibs_arm_r
model,#wpn_t8_zm_eqp_acid_bomb_world
model,#attach_t8_smg_fastfire_dbal_01_mk2_view
model,#wpn_t8_tac_rifle_surgeon_sig_02_view
model,#hash_7d0f5b4dc7078da9
model,#attach_t8_pistol_revolver_barrel_01_sig_02_world
model,#hash_7d1a841d43f853cd
model,#wpn_t8_zm_ar_primary_world
model,#attach_t8_ar_k57_ext_mag_mixclip_sig_03_view
model,#attach_t8_ar_stealth_stock_02_mk2_world
model,#attach_t8_tac_rifle_swordfish_foregrip_sig_02_world
model,#c_t8_zmb_mob_hero_takeo_arms1_viewbody1_cst
model,#attach_t8_smg_handling_stock01_world
model,#wpn_t8_tac_rifle_surgeon_scope_ads_view
model,#attach_t8_smg_fastfire_ext_fast_mag_mk2_view
model,#c_t8_zmb_dlc1_hero_gypsy_lowerbody1_viewbody1
model,#c_t8_bo_hero_russman_torso1_armormedium
model,#wpn_t8_ar_accurate_sig_02_world
model,#attach_t8_loot_pistol_auto_hical_bolt_view
model,#c_t8_bo_hero_russman_arms1
model,#attach_t8_loot_ar_standard_ext_fast_mag_mk2_world
model,#c_t8_zmb_dlc0_hero_stanton_viewarms1_cst
model,#c_t8_zmb_dlc0_zombie_male_body3_g_lowclean
model,#wpn_t8_loot_tac_rifle_damageburst_view
model,#p7_zm_sta_gibs_head
model,#attach_t8_loot_smg_fastburst_ext_mag_view
model,#c_t8_zmb_ofc_hero_dempsey_torso1_viewbody1_cst
model,#attach_t8_loot_ar_standard_suppressor_sig_02_world
model,#attach_t8_smg_fastfire_fast_mag_world
model,#attach_t8_ar_stealth_hi_cal_sig_01_view
model,#attach_t8_ar_galil_handguard_world
model,#wpn_t8_loot_ar_double_barrel_mag_world
model,#wpn_t8_smg_handling_dw_view
model,#wpn_t8_smg_accurate_view
model,#c_t8_zmb_mob_hero_takeo_head1_cst
model,#c_t8_zmb_hero_bruno_arms1_cst
model,#attach_t8_tac_rifle_surgeon_upper_01_sig_02_view
model,#collision_geo_sphere_64_standard
model,#c_t8_zmb_dlc4_hero_misty_lowerbody1_viewbody1
model,#hash_7e9dd414aa0ff1a3
model,#wpn_t8_zm_melee_dw_hand_cannon_lvl1_world
model,#attach_t8_sniper_power_semi_ext_mag_02_world
model,#attach_t8_ar_heavy_bolt_mk2_view
model,#tag_ik_target_left
model,#wpn_t8_zm_perk_totem_bomb_world
model,#hash_7ec3841ea843ab99
model,#attach_t8_pistol_burst_suppressor_world
model,#wpn_t8_zm_homunculus_patty_world
model,#wpn_t8_zm_melee_hammer_lvl3_view
model,#attach_t8_loot_ar_standard_barrel_mk2_world
model,#wpn_t8_loot_pistol_auto_mk2_view
model,#wpn_t8_loot_ar_double_barrel_world
model,#attach_t8_smg_handling_stock01_mk2_view
model,#wpn_t8_loot_knife_ballistic_blade_dw_world
model,#wpn_t8_crossbow_special_mag_world
model,#attach_t8_loot_ar_standard_stock_mk2_view
model,#c_t8_bo_hero_stuhlinger_torso1_armormedium
model,#wpn_t8_zm_melee_hammer_lvl2_view
model,#c_t8_zmb_ofc_hero_takeo_torso1_armorheavy1
model,#hash_7f0a441b51b1816a
model,#attach_t8_charm_20_side_dice_view
model,#attach_t8_loot_ar_an94_bolt_world
model,#wpn_t8_tac_rifle_swordfish_mag_world
model,#attach_t8_loot_sniper_mini14_foregrip_mk2_world
model,#attach_t8_smg_capacity_bolt_world
model,#attach_t8_launcher_standard_extra_ammo_world
model,#attach_t8_loot_smg_fastburst_suppressor_sig_02_view
model,#attach_t8_loot_smg_minigun_ext_mag_02_world
model,#fx_rifle_shell_blur
model,#attach_t8_pistol_revolver_barrel_01_world
model,#wpn_t8_lmg_titan_mag_drop_world
model,#hash_7f85bfc287ef6ac2
model,#attach_t8_optic_thermal_ads_sml
model,#wpn_t8_zm_melee_chakram_lvl2_view
model,#attach_t8_loot_smg_folding_stabilizer_world
model,#attach_t8_pistol_standard_suppressor_view_sig02
model,#attach_t8_smg_fastburst_dbal_mk2_view
model,#attach_t8_ar_galil_upper_view
model,#attach_t8_loot_ar_peacekeeper_foregrip_world
model,#attach_t8_loot_ar_standard_bolt_hical_mk2_world
model,#c_t8_zmb_mob_hero_richtofen_lowerbody1_viewbody1_cst
model,#attach_t8_tac_rifle_surgeon_upper_02_view
model,#attach_t8_loot_tac_rifle_flechette_uber_sig_01_view
model,#wpn_t8_zm_perk_bottle_secretsauce_view
model,#attach_t8_loot_ar_double_barrel_fmj_view
model,#wpn_t8_sniper_koshka_scope_sig_02_world
model,#wpn_t8_zm_perk_bottle_electricburst_world
model,#wpn_t8_zm_knife_01_world
aitype,#spawner_zm_wolf_ally
character,#c_t8_bo_3rd_male4
character,#c_t8_bo_3rd_male1
character,#c_t8_zmb_1stclass_male2
character,#c_t8_zmb_1stclass_male1
character,#c_t8_zmb_dlc0_zombie_male3_frontend
character,#hash_296a2437d42f6a54
character,#c_t8_mp_spe_ruin1_skin1
character,#hash_5485d8593d4db74b
character,#character_sp_direwolf
character,#c_t8_zmb_1stclass_male3_frontend
character,#c_t8_bo_3rd_female2
character,#c_t8_zmb_3rdclass_male1_frontend
xmodelalias,#hash_612e15b05a54b6c5
weapon,#zombie_perk_bottle_death_perception
weapon,#hero_chakram_lv1_zm
weapon,#hash_2394c41f048f7d2
weapon,#shotgun_trenchgun_t8_upgraded_grenade_zm
weapon,#eq_molotov_extra_zm
weapon,#zombie_perk_bottle_tortoise
weapon,#zombie_perk_bottle_deadshot
weapon,#zombie_perk_totem_slider
weapon,#smg_handling_t8_upgraded_lh_zm
weapon,#acog_ar_damage_t8_upgraded_zm
weapon,#frag_grenade_zm
weapon,#zombie_bgb_use
weapon,#smg_capacity_t8_upgraded_zm
weapon,#dualoptic_tr_powersemi_t8_upgraded_zm
weapon,#eq_wraith_fire_extra_zm
weapon,#lmg_double_t8_zm
weapon,#hash_d0f29de78e218ad
weapon,#wraith_fire_fire_small_zm
weapon,#dualoptic_ar_damage_t8_upgraded_zm
weapon,#hero_scepter_lv2_zm
weapon,#tr_leveraction_t8_zm
weapon,#ar_modular_t8_upgraded_zm
weapon,#tr_flechette_t8_upgraded_zm
weapon,#ges_plyr_gesture008
weapon,#ges_plyr_gesture009
weapon,#ges_plyr_gesture004
weapon,#ges_plyr_gesture005
weapon,#ges_plyr_gesture006
weapon,#ges_plyr_gesture007
weapon,#ges_plyr_gesture000
weapon,#ges_plyr_gesture001
weapon,#ges_plyr_gesture002
weapon,#ges_plyr_gesture003
weapon,#smg_drum_pistol_t8_zm
weapon,#special_ballisticknife_t8_lh_upgraded_lh_zm
weapon,#acog_sniper_powerbolt_t8_upgraded_zm
weapon,#acog_tr_powersemi_t8_upgraded_zm
weapon,#zombie_perk_bottle_marathon
weapon,#homunculus_zm
weapon,#acog_sniper_fastrechamber_t8_upgraded_zm
weapon,#zombie_perk_bottle_zombshell
weapon,#ar_an94_t8_upgraded_zm
weapon,#ar_doublebarrel_t8_upgraded_zm
weapon,#special_ballisticknife_t8_dw_upgraded_dw_zm
weapon,#hash_155cc0a9ba3c3260
weapon,#zombie_perk_totem_death_perception
weapon,#special_ballisticknife_t8_lh_upgraded_zm
weapon,#dualoptic_ar_fastfire_t8_upgraded_zm
weapon,#ar_stealth_t8_upgraded_zm
weapon,#hero_sword_pistol_lh_lv3_zm
weapon,#smg_handling_t8_upgraded_dw_zm
weapon,#shotgun_trenchgun_t8_zm
weapon,#hero_sword_pistol_lv2_zm
weapon,#eq_frag_grenade_extra_zm
weapon,#launcher_standard_t8_upgraded_zm
weapon,#sniper_mini14_t8_upgraded_zm
weapon,#shotgun_pump_t8_upgraded_zm
weapon,#lmg_double_t8_upgraded_zm
weapon,#pistol_topbreak_t8_zm
weapon,#smg_mp40_t8_zm
weapon,#acog_tr_damageburst_t8_upgraded_zm
weapon,#zombie_perk_totem_dying_wish
weapon,#pistol_topbreak_t8_lh_upgraded_zm
weapon,#smg_mp40_t8_upgraded_zm
weapon,#hash_23cc1f9c16b375c3
weapon,#zombie_perk_bottle_cherry
weapon,#zombie_perk_totem_winters_wail
weapon,#zombie_perk_bottle_wolf_protector
weapon,#ar_standard_t8_upgraded_zm
weapon,#hero_chakram_lv2_zm
weapon,#mini_turret_zm
weapon,#hero_hammer_lv3_zm
weapon,#claymore_zm
weapon,#hero_hammer_lv3_bolt_zm
weapon,#wraith_fire_fire_zm
weapon,#hero_hammer_lv1_zm
weapon,#pistolscope_smg_fastburst_t8_upgraded_zm
weapon,#zombie_perk_bottle_cooldown
weapon,#zombie_perk_totem_ethereal_razor
weapon,#zombie_perk_bottle_death_dash
weapon,#tr_midburst_t8_upgraded_zm
weapon,#hash_305e5faa9ecb625a
weapon,#knife_zm
weapon,#dualoptic_ar_accurate_t8_upgraded_zm
weapon,#acog_lmg_heavy_t8_upgraded_zm
weapon,#ar_peacekeeper_t8_upgraded_zm
weapon,#zombie_perk_totem_death_dash
weapon,#dualoptic_lmg_heavy_t8_upgraded_zm
weapon,#lmg_heavy_t8_upgraded_zm
weapon,#sniper_damagesemi_t8_upgraded_zm
weapon,#bowie_flourish_zm
weapon,#smg_vmp_t8_upgraded_zm
weapon,#smg_standard_t8_upgraded_zm
weapon,#zombie_perk_bottle_widows_wine
weapon,#acog_ar_accurate_t8_upgraded_zm
weapon,#special_crossbow_t8_upgraded_zm
weapon,#zombie_fists_bowie_zm
weapon,#zombie_perk_totem_stronghold
weapon,#zombie_perk_bottle_revive
weapon,#smg_handling_t8_upgraded_zm
weapon,#tr_powersemi_t8_upgraded_zm
weapon,#none
weapon,#smg_folding_t8_upgraded_zm
weapon,#ar_mg1909_t8_upgraded_zm
weapon,#wolf_ally_defaultmelee_zm
weapon,#tr_leveraction_t8_upgraded_zm
weapon,#zombie_bgb_grab
weapon,#zombie_perk_bottle_mystery
weapon,#sniper_fastrechamber_t8_upgraded_zm
weapon,#pistol_burst_t8_upgraded_zm
weapon,#zombie_fists_zm
weapon,#zombie_perk_bottle_bandolier
weapon,#lmg_standard_t8_upgraded_zm
weapon,#pistolscope_pistol_revolver_t8_upgraded_zm
weapon,#zombie_perk_totem_wolf_protector
weapon,#tr_damageburst_t8_upgraded_zm
weapon,#acog_sniper_locus_t8_upgraded_zm
weapon,#hash_4565adf3abc61ea3
weapon,#zombie_perk_totem_deadshot
weapon,#hero_sword_pistol_lv1_zm
weapon,#smg_minigun_t8_upgraded_zm
weapon,#syrette_zm
weapon,#sniper_locus_t8_upgraded_zm
weapon,#dualoptic_tr_flechette_t8_upgraded_zm
weapon,#claymore_extra_zm
weapon,#sniper_powerbolt_t8_upgraded_zm
weapon,#zombie_perk_totem_timeslip
weapon,#shotgun_semiauto_t8_upgraded_zm
weapon,#dualoptic_smg_accurate_t8_upgraded_zm
weapon,#dualoptic_sniper_damagesemi_t8_upgraded_zm
weapon,#pistol_fullauto_t8_upgraded_zm
weapon,#smg_accurate_t8_upgraded_zm
weapon,#zombie_perk_bottle_ethereal_razor
weapon,#shotgun_fullauto_t8_upgraded_zm
weapon,#dualoptic_ar_an94_t8_upgraded_zm
weapon,#hero_hammer_lv2_zm
weapon,#hero_chakram_lh_lv2_zm
weapon,#hero_chakram_lv3_zm
weapon,#hero_chakram_lh_lv1_zm
weapon,#wraith_fire_fire_tall_zm
weapon,#special_ballisticknife_t8_dw_upgraded_zm
weapon,#shotgun_trenchgun_t8_upgraded_zm
weapon,#dualoptic_sniper_powerbolt_t8_upgraded_zm
weapon,#sticky_grenade_zm
weapon,#zombie_perk_bottle_slider
weapon,#eq_acid_bomb_extra_zm
weapon,#eq_frag_grenade_zm
weapon,#gun_mini_turret_zm
weapon,#acog_ar_stealth_t8_upgraded_zm
weapon,#proximity_grenade_zm
weapon,#bowie_knife_zm
weapon,#dualoptic_lmg_standard_t8_upgraded_zm
weapon,#acog_lmg_standard_t8_upgraded_zm
weapon,#hash_5e07292c519531e6
weapon,#zombie_perk_bottle_stronghold
weapon,#zombie_perk_totem_quick_revive
weapon,#hero_scepter_lv3_zm
weapon,#ar_galil_t8_upgraded_zm
weapon,#acog_sniper_quickscope_t8_upgraded_zm
weapon,#acog_tr_midburst_t8_upgraded_zm
weapon,#zombie_perk_bottle_additionalprimaryweapon
weapon,#zombie_perk_totem_tortoise
weapon,#hero_scepter_lv1_zm
weapon,#frag_grenade_extra_zm
weapon,#zombie_perk_totem_staminup
weapon,#acog_ar_modular_t8_upgraded_zm
weapon,#sniper_quickscope_t8_upgraded_zm
weapon,#ar_damage_t8_upgraded_zm
weapon,#wraith_fire_steam_zm
weapon,#pistol_revolver_t8_upgraded_zm
weapon,#tr_longburst_t8_upgraded_zm
weapon,#wraith_fire_fire_wall_zm
weapon,#acog_ar_galil_t8_upgraded_zm
weapon,#eq_acid_bomb_zm
weapon,#zombie_perk_totem_electric_burst
weapon,#smg_fastfire_t8_upgraded_zm
weapon,#defaultweapon
weapon,#smg_drum_pistol_t8_upgraded_zm
weapon,#lmg_stealth_t8_upgraded_zm
weapon,#lmg_spray_t8_upgraded_zm
weapon,#ar_fastfire_t8_upgraded_zm
weapon,#dualoptic_sniper_mini14_t8_upgraded_zm
weapon,#zombie_builder_zm
weapon,#zombie_perk_totem_bandolier
weapon,#hero_sword_pistol_lv3_zm
weapon,#hero_sword_pistol_lh_lv2_zm
weapon,#sniper_powersemi_t8_upgraded_zm
weapon,#homunculus_leprechaun_zm
weapon,#eq_wraith_fire_zm
weapon,#shotgun_precision_t8_upgraded_zm
weapon,#hero_sword_pistol_lh_lv1_zm
weapon,#dualoptic_sniper_powersemi_t8_upgraded_zm
weapon,#smg_fastburst_t8_upgraded_zm
weapon,#pistol_standard_t8_upgraded_zm
weapon,#acog_tr_longburst_t8_upgraded_zm
weapon,#dualoptic_tr_longburst_t8_upgraded_zm
weapon,#pistolscope_special_crossbow_t8_upgraded_zm
weapon,#dualoptic_lmg_spray_t8_upgraded_zm
weapon,#zombie_perk_bottle_dying_wish
weapon,#ar_accurate_t8_upgraded_zm
weapon,#pistol_topbreak_t8_upgraded_zm
weapon,#zombie_perk_totem_mule_kick
weapon,#zombie_perk_totem_zombshell
weapon,#acog_smg_accurate_t8_upgraded_zm
weapon,#hero_chakram_lh_lv3_zm
weapon,#ar_mg1909_t8_zm
weapon,#dualoptic_smg_fastfire_t8_upgraded_zm
weapon,#minigun_zm
weapon,#sticky_grenade_widows_wine_zm
weapon,#acog_sniper_damagesemi_t8_upgraded_zm
weapon,#sticky_grenade_extra_zm
gesture,#hash_2be999d4577155
gesture,#hash_2c591be52034fe
gesture,#hash_ac8fdcc4d0c4df
gesture,#hash_1172f5fb14a7967
gesture,#hash_1ec9e66bcf52e6f
gesture,#hash_23b376504d24026
gesture,#hash_2dca78aa83a8fe7
gesture,#hash_4199c88328ebf6b
gesture,#ges_zombie_perk_totem_stronghold
gesture,#hash_820b1973727c1e6
gesture,#hash_912cf6252c90ae6
gesture,#hash_9f9a72bef795b82
gesture,#hash_a079d470c270b1e
gesture,#hash_b36135d99e74c97
gesture,#hash_c68c3966afc1838
gesture,#hash_c9191ad04ac315e
gesture,#hash_e88f702b7e4b63b
gesture,#hash_ebdfd2e2c5b69e0
gesture,#hash_ed30bc30390a918
gesture,#hash_f20b1af039b5683
gesture,#hash_1173f39f547ceb0c
gesture,#hash_123398c8f4256bf5
gesture,#hash_15bca899095e0ac7
gesture,#hash_168a152b4f0d3144
gesture,#hash_16a08c2f8260633d
gesture,#hash_17216e1ac1ec510c
gesture,#hash_1789646c7972b41a
gesture,#hash_188becc3f8251b44
gesture,#hash_1899e337cf8ca0ed
gesture,#hash_19a4e0dd2c3a00fc
gesture,#ges_prone_to_crouch
gesture,#hash_1b2024cb5b1c0d05
gesture,#ges_slide
gesture,#hash_1cf949d2ba2f8ca9
gesture,#hash_1d31a66b65b4c3b9
gesture,#hash_1d72601ea82b5e9d
gesture,#hash_1f7864ede99aa0a6
gesture,#hash_1fc824c1e15e3a03
gesture,#hash_201c0cea2cb52221
gesture,#hash_2031cb3032b3f0e1
gesture,#hash_20733fd047cc6e25
gesture,#ges_zombie_perk_totem_tortoise
gesture,#ges_spray_sig_bow
gesture,#hash_25459d2d6c7d1983
gesture,#hash_2582e722b3a1a442
gesture,#ges_mantle_light
gesture,#hash_265addc48b157f26
gesture,#hash_277749aab1c80810
gesture,#hash_28f0793e09940914
gesture,#hash_29294fbe01509baa
gesture,#ges_crouch_to_prone
gesture,#hash_2b7d26b34ba84194
gesture,#hash_2bc187c75a694a23
gesture,#hash_2c9d84c169cdce08
gesture,#hash_2db0411b1623ff0c
gesture,#hash_2e605597500da80d
gesture,#hash_2e8db90a005efa62
gesture,#hash_2fc84347f5d0daad
gesture,#hash_3125767a38612dff
gesture,#hash_31635d04875e1cfc
gesture,#hash_32ab0fc03902aa70
gesture,#hash_33c39854b9443d3e
gesture,#hash_3492157394db1b9f
gesture,#hash_36907853b5c02fe8
gesture,#hash_381dc7924aafa1c8
gesture,#hash_383bf900de88e4ba
gesture,#ges_blinded_sig_bow
gesture,#hash_3aa7543743488b4e
gesture,#hash_3b18c19eaec1e8bc
gesture,#hash_3be06afdbc9d08df
gesture,#ges_frag_grenade
gesture,#hash_3e43c350d8ac9124
gesture,#hash_3eaedf08eeba477e
gesture,#hash_3ee51ba1fb22bf59
gesture,#hash_3ff9244d2a3870ff
gesture,#hash_41efc8e7c48604db
gesture,#ges_zipline
gesture,#hash_436d867514c10336
gesture,#hash_4420cb9a0bde6ad3
gesture,#hash_44b08a09b146b051
gesture,#ges_swim_idle
gesture,#hash_47beaf0edef8a487
gesture,#hash_4ac4e3b42e1e833b
gesture,#hash_4acb9aab9e9c7b10
gesture,#hash_4cd9286d0856fb40
gesture,#ges_zombie_perk_totem_timeslip
gesture,#hash_4ede6191b1c3fa5a
gesture,#ges_zombie_perk_totem_bandolier
gesture,#ges_slide_scepter
gesture,#hash_525cd772951bf3b7
gesture,#ges_zombie_perk_totem_zombshell
gesture,#ges_zombie_perk_totem_staminup
gesture,#hash_54fa5a1bddce671b
gesture,#hash_55cf4dc39d40ff59
gesture,#hash_55d0a63257bcebde
gesture,#ges_shocked_brawler
gesture,#ges_sticky_grenade
gesture,#hash_59864197f9e87477
gesture,#hash_5b13ec449ca82698
gesture,#hash_5b45d119c3d55092
gesture,#hash_5be3e5303dfe56c4
gesture,#hash_5eec485567e867d5
gesture,#hash_6043a58c32fa3036
gesture,#ges_mantle
gesture,#hash_616ad30705863a0f
gesture,#hash_617fadee1c721d6c
gesture,#hash_61d5e8f78a0507d4
gesture,#hash_620fd5b2e40db92f
gesture,#hash_634f6524a19ac719
gesture,#hash_63529c6676b6e323
gesture,#hash_63d2dede332771b0
gesture,#hash_64da05c8f849f837
gesture,#hash_657b9939d20f938c
gesture,#hash_657b9a39d20f953f
gesture,#ges_zombie_perk_totem_slider
gesture,#hash_680372e1c561b3d7
gesture,#hash_69a9a979ac464afd
gesture,#hash_6c0b7b24b828b624
gesture,#hash_6cb0845b6cb5730e
gesture,#ges_slide_dw
gesture,#ges_zombie_perk_totem_deadshot
gesture,#hash_6de11426e5eacdd9
gesture,#hash_6e62bc01b1a17834
gesture,#hash_6eef63089f041c93
gesture,#hash_6f206602fb335ee8
gesture,#hash_6f88c3fac536b9a7
gesture,#hash_6ff88da3b5d00a82
gesture,#hash_703f5554bddd2a35
gesture,#ges_slide_bare_hands
gesture,#hash_72c7873f779ae2cc
gesture,#hash_72fc01b60fbb4361
gesture,#hash_73711fce46bc91f4
gesture,#hash_737c099cdff11ea2
gesture,#hash_748d1f9f094e3d32
gesture,#hash_748dd0aaaab43c4d
gesture,#ges_default
gesture,#hash_75a3e68dd368472a
gesture,#hash_75b71331eb33adba
gesture,#hash_75ebfc135f681a76
gesture,#hash_766394d496daa88d
gesture,#hash_77391852b1af94d0
gesture,#hash_78138fd2a6161b18
gesture,#hash_78e9edb84304873a
gesture,#ges_mantle_bare_hands
gesture,#ges_blinded
gesture,#hash_7ab592b68c4535a5
gesture,#hash_7b7b11e03f671448
gesture,#hash_7bd0aa12b2a5b23a
gesture,#hash_7c6c225ccfbb35c5
gesture,#hash_7da3f8c1244624b4
gesture,#hash_7e713c06424ea399
gesturetable,#gestable_zombie_perk_totem_bandolier
gesturetable,#hash_5bf0af11f628e09
gesturetable,#hash_64adcbea2675f93
gesturetable,#gestable_perk_bottle
gesturetable,#hash_b2ba7b185c19e00
gesturetable,#hash_c60213ae74e7962
gesturetable,#hash_12e7b4bd7bcafd95
gesturetable,#gestable_zombie_perk_totem_slider
gesturetable,#hash_25a7f85a920927db
gesturetable,#hash_27037aa28365071b
gesturetable,#hash_28930cf8792aef8d
gesturetable,#hash_295c315a1a762dd0
gesturetable,#hash_2be683364acbb578
gesturetable,#hash_2fb58235c639fe1f
gesturetable,#gestable_default
gesturetable,#hash_35f36fd131d1cbf6
gesturetable,#gestable_blinded_reaction
gesturetable,#hash_386510305a1d019c
gesturetable,#gestable_zombie_perk_totem_zombshell
gesturetable,#hash_441ca49fc989c533
gesturetable,#hash_46ea00b5df08a1e0
gesturetable,#hash_472d6af900d8e082
gesturetable,#hash_58f2b08adaec406b
gesturetable,#hash_5aa7d0f3f3ff2dcc
gesturetable,#gestable_zombie_perk_totem_tortoise
gesturetable,#gestable_zombie_perk_totem_timeslip
gesturetable,#gestable_zombie_perk_totem_deadshot
gesturetable,#hash_7305a424a78fe1ac
gesturetable,#hash_762838126dccff15
gesturetable,#hash_7785271647edb059
gesturetable,#gestable_zombie_perk_totem_stronghold
gesturetable,#hash_7e54e4c0fdc5b747
gesturetable,#gestable_zombie_perk_totem_staminup
rumble,#zm_weap_scepter_ray_rumble
rumble,#reload_clipin
rumble,#defaultweapon_melee
rumble,#zm_weap_chakram_catch_rumble
rumble,#damage_heavy
rumble,#assault_fire_semi
rumble,#talon_spike
rumble,#grapple_fire
rumble,#lmg_adsfire
rumble,#zm_weap_swordpistol_melee_rumble
rumble,#sniper_rechamber
rumble,#smg_fire
rumble,#grapple_reel
rumble,#zm_weap_swordpistol_melee_hit_rumble
rumble,#zm_weap_swordpistol_shoot_rumble
rumble,#assault_adsfire
rumble,#zm_weap_scepter_plant_rumble
rumble,#zm_weap_chakram_melee_rumble
rumble,#zm_weap_chakram_whirlwind_rumble
rumble,#smg_adsfire
rumble,#zm_weap_scepter_melee_rumble
rumble,#pullout_small
rumble,#barrel_explosion
rumble,#reload_medium
rumble,#shotgun_fire
rumble,#zm_weap_scepter_planted_idle_rumble
rumble,#mini_turret_plant
rumble,#sniper_adsfire
rumble,#fmj2_penetration
rumble,#hash_322cc8a226215312
rumble,#lmg_fire
rumble,#heavygun_fire
rumble,#zm_weap_hammer_slam_rumble
rumble,#assault_fire
rumble,#pistol_adsfire
rumble,#hash_3a5bdaaa0b187aa9
rumble,#zm_weap_chakram_melee_hit_rumble
rumble,#grapple_miss
rumble,#pistol_fire
rumble,#zm_weap_chakram_throw_rumble
rumble,#zm_weap_hammer_storm_rumble
rumble,#zm_weap_hammer_swipe_hit_rumble
rumble,#sniper_fire
rumble,#zm_weap_swordpistol_special_rumble
rumble,#grenade_rumble
rumble,#grenade_throw
rumble,#defaultweapon_fire
rumble,#weapon_raise_quick
rumble,#tr_fire
rumble,#reload_clipout
rumble,#launcher_fire
rumble,#ac130_40mm_fire
rumble,#zm_weap_scepter_melee_hit_rumble
rumble,#shotgun_adsfire
rumble,#zm_weap_special_activate_rumble
rumble,#reload_large
rumble,#zm_weap_scepter_ray_hit_rumble
rumble,#tr_fire_semi
rumble,#reload_small
rumble,#tr_adsfire
shellshock,#pain_zm
shellshock,#frag_grenade_mp
shellshock,#grief_stab_zm
shellshock,#explosion_shock
shellshock,#zombie_death
shellshock,#explosion_zm
statuseffect,#suppress_uber
statuseffect,#hash_2608bf886a137e8e
statuseffect,#dot_dragonbreath
xcam,#ui_cam_icon_ar_standard
xcam,#ui_cam_cac_smg_accurate
xcam,#ui_cam_cac_launcher_standard
xcam,#ui_cam_cac_smg_fastfire
xcam,#ui_cam_draft_common
xcam,#hash_50e122b7eecb2eb
xcam,#ui_cam_cac_smg_handling
xcam,#hash_986e89a97bdca6d
xcam,#hash_b9dc782c4ecc8d8
xcam,#hash_bc51465dc452a2d
xcam,#ui_scene_cam_bruno_main
xcam,#ui_cam_icon_ar_cqb
xcam,#ui_scene_cam_zm_factions_artifact_overview
xcam,#ui_cam_cac_ar_damage
xcam,#ui_cam_icon_ar_accurate
xcam,#ui_cam_icon_ar_damage
xcam,#ui_cam_cac_equip_shockcharge
xcam,#ui_cam_cac_lmg_double
xcam,#hash_113157817117ee4d
xcam,#ui_cam_cac_smg_minigun
xcam,#hash_11906cf7b0117071
xcam,#ui_cam_draft_common_zoom
xcam,#hash_12ae1b2ebc36aaf5
xcam,#hash_12d9c84320ae2ca1
xcam,#ui_cam_cac_lmg_spray
xcam,#ui_cam_cac_shotgun_semiauto
xcam,#ui_cam_icon_pistol_shotgun
xcam,#ui_cam_cac_ar_an94
xcam,#ui_cam_cac_lmg_stealth
xcam,#ui_cam_cac_special_knife
xcam,#hash_1a3262e868e5cbac
xcam,#ui_cam_icon_lmg_cqb
xcam,#hash_1cd470a3f8328c6d
xcam,#ui_cam_icon_special_knife
xcam,#ui_cam_cac_tr_powersemi
xcam,#ui_scene_cam_zm_factions_fl_lore
xcam,#ui_cam_icon_ar_marksman
xcam,#ui_cam_icon_smg_capacity
xcam,#ui_cam_icon_lmg_heavy
xcam,#hash_24924ce5fa767491
xcam,#ui_cam_cac_pistol_fullauto
xcam,#ui_cam_cac_ar_accurate
xcam,#hash_2663ad7452f8b0ca
xcam,#ui_cam_cac_sniper_fastrechamber
xcam,#hash_280980eb3790a627
xcam,#ui_scene_cam_zm_factions_tn_completion
xcam,#ui_cam_icon_smg_fastfire
xcam,#ui_scene_cam_helicopter
xcam,#ui_scene_cam_zm_factions_artifact_all
xcam,#hash_2c7729bf50a3d403
xcam,#ui_cam_cac_pistol_topbreak
xcam,#ui_scene_cam_diego_main
xcam,#ui_scene_cam_zm_factions_bf_lore
xcam,#hash_320401c602936d0f
xcam,#ui_cam_icon_special_crossbow
xcam,#ui_cam_cac_ar_standard
xcam,#ui_cam_cac_sniper_quickscope
xcam,#ui_cam_cac_ar_mg1909
xcam,#ui_cam_cac_ar_stealth
xcam,#ui_scene_cam_zm_factions_tn_callings
xcam,#ui_cam_icon_shotgun_semiauto
xcam,#ui_cam_cac_smg_vmp
xcam,#ui_cam_cac_equip_incendiary
xcam,#ui_scene_cam_stanton_main
xcam,#hash_3acdd9333263ab42
xcam,#ui_cam_cac_sniper_damagesemi
xcam,#ui_cam_cac_shotgun_pump
xcam,#hash_3d4941641616e95c
xcam,#ui_cam_cac_pistol_revolver
xcam,#ui_cam_icon_ar_an94
xcam,#hash_4008e6e46e66b13e
xcam,#hash_40dc0f5074bce9d3
xcam,#ui_scene_cam_zm_aar
xcam,#ui_cam_icon_sniper_quickscope
xcam,#hash_437126d8dc00ed65
xcam,#ui_cam_icon_smg_standard
xcam,#hash_438f1e86c8cd21f4
xcam,#ui_cam_cac_sniper_powerbolt
xcam,#ui_cam_cac_ar_modular
xcam,#hash_47cd480757c242da
xcam,#ui_scene_cam_zm_factions_bf_completion
xcam,#hash_49273e299e112fe0
xcam,#ui_cam_cac_sniper_locus
xcam,#ui_scene_cam_zm_factions_tn_lore
xcam,#ui_cam_cac_equip_semtex
xcam,#hash_4ae568f9358e0a98
xcam,#ui_cam_cac_shotgun_precision
xcam,#hash_4b735fdfb3d9cfb3
xcam,#hash_4b88e4084eecacd2
xcam,#hash_4bb33dafd051a5c0
xcam,#hash_4e9a910c37f05cb4
xcam,#ui_cam_icon_pistol_burst
xcam,#hash_509b186bafdbb9d8
xcam,#ui_cam_icon_shotgun_fullauto
xcam,#ui_cam_cac_tr_leveraction
xcam,#ui_cam_cac_sniper_powersemi
xcam,#hash_5a36991b2da1ef84
xcam,#hash_5a7ca5fcf93274d8
xcam,#ui_scene_cam_zm_factions_db_callings
xcam,#hash_5acf8f7ff2a5b78d
xcam,#hash_5d2f2ef54f0d7348
xcam,#ui_cam_cac_tr_longburst
xcam,#ui_scene_cam_zm_factions_fl_completion
xcam,#ui_cam_cac_pistol_standard
xcam,#ui_cam_cac_smg_capacity
xcam,#ui_cam_cac_sniper_mini14
xcam,#ui_cam_icon_sniper_powerbolt
xcam,#c_zombies_menu_frozen_moment_cam_09
xcam,#c_zombies_menu_frozen_moment_cam_08
xcam,#c_zombies_menu_frozen_moment_cam_03
xcam,#c_zombies_menu_frozen_moment_cam_02
xcam,#c_zombies_menu_frozen_moment_cam_01
xcam,#c_zombies_menu_frozen_moment_cam_07
xcam,#c_zombies_menu_frozen_moment_cam_06
xcam,#c_zombies_menu_frozen_moment_cam_05
xcam,#c_zombies_menu_frozen_moment_cam_04
xcam,#ui_cam_cac_shotgun_fullauto
xcam,#ui_scene_cam_zm_lab
xcam,#hash_629d3892f0c59533
xcam,#ui_cam_cac_smg_folding
xcam,#ui_cam_icon_pistol_standard
xcam,#ui_scene_cam_zm_factions_db_completion
xcam,#ui_cam_cac_smg_standard
xcam,#ui_cam_cac_equip_frag
xcam,#ui_cam_cac_shotgun_trenchgun
xcam,#ui_cam_cac_ar_peacekeeper
xcam,#ui_cam_cac_smg_drum_pistol
xcam,#ui_scene_cam_zm_factions_bf_callings
xcam,#ui_scene_cam_zm_factions_db_lore
xcam,#hash_6d836fd8325ac81e
xcam,#ui_cam_icon_ar_galil
xcam,#ui_cam_cac_pistol_burst
xcam,#ui_scene_cam_zm_factions_artifact_align
xcam,#hash_70e5f82d7b779883
xcam,#hash_7211e9b88c267b99
xcam,#ui_cam_icon_launcher_standard
xcam,#ui_cam_cac_smg_mp40
xcam,#ui_cam_cac_lmg_heavy
xcam,#ui_cam_cac_ar_doublebarrel
xcam,#ui_cam_cac_smg_fastburst
xcam,#ui_cam_icon_shotgun_pump
xcam,#ui_cam_icon_pistol_fullauto
xcam,#ui_scene_cam_scarlett_main
xcam,#ui_cam_cac_ar_galil
xcam,#ui_scene_cam_helicopter2
xcam,#ui_scene_cam_helicopter3
xcam,#ui_scene_cam_helicopter4
xcam,#ui_scene_cam_zm_book
xcam,#ui_cam_icon_shotgun_precision
xcam,#ui_cam_cac_ar_fastfire
xcam,#ui_cam_cac_tr_midburst
xcam,#ui_cam_cac_lmg_standard
xcam,#ui_cam_cac_tr_flechette
xcam,#ui_cam_cac_special_crossbow
xcam,#ui_scene_cam_zm_factions_fl_callings
destructible,#hash_6d70dbc4d949841f
xanim,#vm_smg_drum_pistol_reload_empty
xanim,#vm_mp9_ads_reflex_up
xanim,#vm_smg_vmp_t8_ads_reflex_down
xanim,#vm_pistol_webley_dw_walk_f
xanim,#vm_minigun_t7_sprint_out
xanim,#vm_smg_fastfire_putaway_quick
xanim,#hash_368ab7c377e294
xanim,#vm_lmg_mg08_pullout
xanim,#vm_smg_fastfire_fire_last
xanim,#hash_4239aa1c302d99
xanim,#vm_ar_galil_reload_ext
xanim,#vm_pistol_auto_reload
xanim,#vm_smg_minigun_sprint_in
xanim,#vm_ar_peacekeeper_t8_first_raise_grip
xanim,#vm_shotgun_full_auto_swim_uw_putaway
xanim,#vm_lmg_mk48_reload
xanim,#vm_ar_accurate_inspect
xanim,#vm_smg_folding_first_raise
xanim,#vm_pistol_webley_fire_ads
xanim,#hash_a0cab8ca9439ff
xanim,#hash_cf539b9179b230
xanim,#vm_ar_peacekeeper_t8_ads_ir_up
xanim,#vm_smg_minigun_first_raise
xanim,#hash_dcc88ebc1e6aa9
xanim,#pt_pistol_swim_raise
xanim,#vm_smg_handling_ads_reflex_down
xanim,#vm_ar_accurate_walk_f
xanim,#hash_f63ffb73bf8e5d
xanim,#vm_launcher_standard_t8_hand_pose_l
xanim,#vm_launcher_standard_t8_hand_pose_r
xanim,#vm_perk_totem_blaze
xanim,#vm_ballistic_knife_t8_pullout
xanim,#ai_t8_zm_mob_zombie_dog_stun_out
xanim,#hash_128a2a85238283d
xanim,#hash_128a4a852382ba3
xanim,#pt_rifle_t8_tr_midburst_prone_reload_partial
xanim,#vm_brawler_t8_sprint_in
xanim,#vm_zom_wraith_fire_throw_rh
xanim,#vm_tr_flechette_ads_ir_down
xanim,#vm_koshka_sprint_in
xanim,#pt_rifle_t8_ar_modular_crouch_reload
xanim,#hash_16972b945cd0323
xanim,#vm_t8_PRONE_TO_CROUCH_dw_ballistic
xanim,#vm_koshka_swim_from_land
xanim,#vm_ar_fastfire_ads_reflex_down
xanim,#vm_shotgun_pump_ads_base_down
xanim,#vm_tr_midburst_hand_pose_l
xanim,#vm_tr_midburst_hand_pose_r
xanim,#vm_mp9_ads_ir_down
xanim,#hash_18ae694c332864f
xanim,#vm_pistol_burst_putaway
xanim,#vm_sniper_fast_rechamber_swim_uw_in
xanim,#vm_titan_ads_acog_upper_down
xanim,#vm_tr_midburst_reload_empty_grip
xanim,#hash_1b7abbd22aea272
xanim,#vm_smg_folding_sprint_in
xanim,#vm_titan_reload_empty_ext
xanim,#vm_ar_damage_ads_acog_upper_down
xanim,#vm_ar_double_barrel_gunbutt_swipe
xanim,#pt_sniper_fastrechamber_stand_reload_partial
xanim,#vm_smg_accurate_fire_intro
xanim,#vm_perk_bottle_t7_ads_down
xanim,#pt_hold_prone_throw
xanim,#hash_1f40909bb41c100
xanim,#hash_20d0c2051706a2b
xanim,#vm_lmg_mg08_fire_last
xanim,#vm_sniper_fast_rechamber_jump_land
xanim,#vm_tr_flechette_fire_ads
xanim,#hash_21d5bad39f5ca69
xanim,#vm_shotgun_trench_pullout
xanim,#hash_2368cf54b701c53
xanim,#vm_sniper_vanguard_reload_empty_fmj
xanim,#hash_2415782c833c649
xanim,#vm_launcher_standard_t8_pullout
xanim,#vm_koshka_pullout
xanim,#pt_rifle_stand_raise
xanim,#vm_mp40_reload
xanim,#vm_sniper_fast_rechamber_gunbutt_swipe
xanim,#hash_28cbfaec7dcd6e3
xanim,#ai_t8_zm_zombie_dog_pro_trv_mantle_up_36_dn_128
xanim,#pt_rifle_t8_ar_damage_crouch_reload_partial
xanim,#vm_sniper_locus_t8_crawl_r
xanim,#vm_sniper_locus_t8_crawl_l
xanim,#vm_sniper_locus_t8_crawl_f
xanim,#vm_sniper_locus_t8_crawl_b
xanim,#hash_29a024ab5c4ae13
xanim,#vm_ar_stealth_ads_ir_down
xanim,#vm_zom_sword_pistol_dw_sprint_out
xanim,#vm_koshka_jump_land
xanim,#vm_pistol_standard_crawl_in
xanim,#vm_tr_damageburst_t8_reload_empty_fastmag
xanim,#vm_homunculus_idle
xanim,#hash_2b7956bbe7d08f8
xanim,#vm_ar_an94_t8_fall
xanim,#pt_rifle_t8_ar_damage_prone_inspect
xanim,#hash_2d863691d79907a
xanim,#hash_2dfd44bde113320
xanim,#hash_2e493004e1bab25
xanim,#vm_sniper_vanguard_fire_ads
xanim,#pt_tr_flechette_t8_prone_reload_empty
xanim,#vm_smg_minigun_gunbutt_swipe
xanim,#vm_ar_standard_sprint_in
xanim,#vm_titan_inspect_ext
xanim,#vm_sniper_vanguard_reload_fmj
xanim,#vm_smg_handling_dw_crawl_out
xanim,#hash_31a1d1c7617eda6
xanim,#pt_rifle_t8_smg_accurate_prone_inspect
xanim,#vm_sticky_grenade_loop_bare_hands_additive
xanim,#vm_tr_flechette_gunbutt_swipe
xanim,#vm_shotgun_full_auto_gunbutt_swipe
xanim,#vm_tr_midburst_reload_ext_empty
xanim,#vm_titan_fire_ads
xanim,#pt_hold_stand_raise
xanim,#vm_smg_drum_pistol_fire_intro
xanim,#vm_tr_swordfish_ads_thermal_up
xanim,#vm_smg_accurate_fall
xanim,#hash_3b3ecf40838a6df
xanim,#vm_shotgun_full_auto_fire_intro
xanim,#vm_mp9_idle_empty
xanim,#hash_3e0cb3eea3664c5
xanim,#vm_koshka_ads_elo_down
xanim,#pt_rifle_t8_ar_stealth_crouch_reload
xanim,#vm_smg_vmp_t8_reload_empty_extclip
xanim,#vm_zom_combat_knife_melee_stab
xanim,#vm_smg_accurate_jump_land
xanim,#vm_pistol_auto_ads_reflex_down
xanim,#hash_423f58d2dab5164
xanim,#vm_sniper_damagesemi_sprint_pullout
xanim,#vm_sniper_locus_t8_reload
xanim,#hash_44b5200072b33bf
xanim,#vm_ar_peacekeeper_t8_swim_uw_pullout
xanim,#vm_sniper_mini14_idle_empty
xanim,#vm_ar_peacekeeper_t8_ads_base_down
xanim,#vm_zom_chakram_dw_swim_out
xanim,#vm_argus_t8_pullout
xanim,#vm_pistol_revolver_lastshot
xanim,#pt_bowie_crouch_putaway
xanim,#vm_ar_stealth_pullout
xanim,#vm_pistol_webley_sprint_loop
xanim,#pt_hold_stand_throw
xanim,#vm_sticky_grenade_cancel
xanim,#pt_bow_prone_flashed_loop
xanim,#vm_ar_galil_inspect_grip
xanim,#vm_smg_accurate_reload
xanim,#pt_rifle_t8_ar_stealth_prone_reload_partial
xanim,#vm_ar_an94_t8_ads_mms_up
xanim,#pt_rifle_t8_smg_handling_crouch_reload
xanim,#vm_ar_double_barrel_pullout
xanim,#vm_ar_standard_reload_empty_quick
xanim,#vm_shotgun_trench_swim_uw_pullout
xanim,#vm_special_crossbow_sprint_in
xanim,#vm_lmg_mg08_first_raise
xanim,#vm_ar_standard_ads_base_up_mms
xanim,#vm_smg_folding_sprint_putaway
xanim,#vm_mp40_swim_uw_putaway
xanim,#vm_shotgun_trench_sprint_in
xanim,#vm_pistol_webley_jump
xanim,#vm_smg_fastfire_gunbutt_swipe
xanim,#vm_lmg_mk48_fire_ads_acog
xanim,#vm_tr_swordfish_first_raise
xanim,#vm_sniper_fast_rechamber_rechamber_rf_grip
xanim,#vm_zom_chakram_dw_swim_uw_putaway
xanim,#hash_55ccfda952edd0a
xanim,#pt_dw_stand_firstraise
xanim,#vm_smg_minigun_fire
xanim,#vm_ar_k57_fire_intro
xanim,#vm_koshka_crawl_f
xanim,#vm_koshka_crawl_b
xanim,#vm_koshka_crawl_l
xanim,#vm_koshka_crawl_r
xanim,#vm_smg_handling_hand_pose_l_grip
xanim,#pt_sniper_fastrechamber_prone_reload_partial
xanim,#vm_mp9_fire_ads_acog
xanim,#vm_shocked_in_brawler_additive
xanim,#vm_ar_k57_swim_uw_pullout
xanim,#hash_5ef054a3b13088f
xanim,#vm_sniper_damagesemi_crawl_in
xanim,#pt_pistol_swim_putaway
xanim,#pt_pistol_standard_prone_reload_partial
xanim,#vm_zom_scepter_ads_base_down
xanim,#vm_ar_peacekeeper_t8_sprint_in
xanim,#vm_sniper_mini14_reload_empty_hip
xanim,#pt_rifle_t8_smg_fastburst_stand_reload
xanim,#vm_sniper_locus_t8_crawl_out
xanim,#vm_sniper_damagesemi_sprint_out
xanim,#vm_mp40_sprint_in
xanim,#vm_titan_jump
xanim,#vm_ar_damage_ads_acog_lower_up
xanim,#hash_651fb324e6a4dab
xanim,#hash_65cbe9192f9c3d2
xanim,#vm_ar_k57_fire_ads_intro_acog
xanim,#vm_tr_power_semi_sprint_in
xanim,#vm_ballistic_knife_t8_dw_melee_l_finisher
xanim,#vm_ar_galil_crawl_r
xanim,#vm_ar_galil_crawl_l
xanim,#vm_ar_galil_crawl_b
xanim,#vm_ar_galil_crawl_f
xanim,#pt_sniper_quickscope_prone_reload_fmj
xanim,#vm_lmg_heavy_crawl_b
xanim,#vm_lmg_heavy_crawl_f
xanim,#vm_lmg_heavy_crawl_l
xanim,#vm_lmg_heavy_crawl_r
xanim,#vm_tr_power_semi_crawl_r
xanim,#vm_tr_power_semi_crawl_l
xanim,#vm_tr_power_semi_crawl_b
xanim,#vm_tr_power_semi_crawl_f
xanim,#ai_direwolf_base_run_turn_l_90
xanim,#vm_hades_fire_ads_last_acog
xanim,#vm_sniper_mini14_gunbutt_swipe_stalker
xanim,#vm_ballistic_knife_t8_dw_ads_base_down
xanim,#hash_6a2ff05563fb613
xanim,#vm_ar_k57_reload_ext
xanim,#pt_rifle_t8_smg_handling_stand_firstraise
xanim,#vm_pistol_revolver_swim_uw_pullout
xanim,#hash_6c21489e9941252
xanim,#hash_6c3ed936dae095d
xanim,#pt_shotgun_precision_t8_prone_rechamber
xanim,#hash_6e036a0a89d2c22
xanim,#vm_titan_pullout_quick
xanim,#pt_rifle_t8_smg_capacity_crouch_inspect
xanim,#vm_pistol_revolver_jump_land
xanim,#hash_705818a0cfed6af
xanim,#hash_70590197f42bdf3
xanim,#pf_melee
xanim,#vm_smg_folding_reload_empty_hybrid
xanim,#vm_sniper_power_semi_reload_empty
xanim,#pt_brawler_prone_putaway
xanim,#vm_sniper_vanguard_fire_ads_acog
xanim,#vm_pistol_webley_dw_first_raise
xanim,#hash_7389be24ffaf042
xanim,#vm_ar_lever_action_putaway_quick
xanim,#vm_tr_midburst_ads_acog_upper_up
xanim,#vm_pistol_revolver_sprint_in
xanim,#vm_ar_peacekeeper_t8_fire_ads_acog
xanim,#vm_sniper_power_semi_sprint_loop
xanim,#vm_ar_standard_ads_base_up_reflex
xanim,#vm_mp40_ads_base_down
xanim,#vm_ar_standard_fire_ads_intro_reflex
xanim,#vm_special_crossbow_first_raise
xanim,#vm_lmg_mg08_crawl_l
xanim,#vm_lmg_mg08_crawl_b
xanim,#vm_lmg_mg08_crawl_f
xanim,#vm_lmg_mg08_crawl_r
xanim,#vm_tr_midburst_putaway
xanim,#vm_perk_bottle_rh
xanim,#hash_781463578f045f5
xanim,#vm_ar_standard_crawl_out
xanim,#pt_rifle_t8_smg_capacity_stand_reload
xanim,#vm_smg_folding_ads_elo_up
xanim,#pt_staff_crouch_fire
xanim,#vm_ar_accurate_ads_base_up
xanim,#hash_7da86184202be15
xanim,#hash_7db4837e9114abc
xanim,#vm_ar_standard_putaway_quick
xanim,#pt_rifle_t8_smg_handling_crouch_firstraise
xanim,#pt_rifle_swim_fire
xanim,#hash_7e60119b546c31d
xanim,#vm_perk_totem_quick_revive
xanim,#hash_7fbcd31bd463d8f
xanim,#vm_smg_handling_dw_reload_empty_l
xanim,#vm_smg_handling_dw_reload_empty_r
xanim,#vm_special_crossbow_inspect
xanim,#hash_81a0e9c9e62281c
xanim,#vm_sniper_power_semi_ads_holo_up
xanim,#vm_ar_accurate_ads_ir_down
xanim,#hash_8460ab34850fc1a
xanim,#vm_minigun_t7_jump_land
xanim,#vm_ar_standard_fire_ads_last_ir
xanim,#vm_lmg_mk48_reload_fast
xanim,#vm_tr_power_semi_ads_ir_down
xanim,#vm_shotgun_semiauto_first_raise
xanim,#pt_dw_swim_raise_over
xanim,#hash_8833498be0672a9
xanim,#vm_shotgun_full_auto_sprint_putaway
xanim,#pt_grenade_crouch_throw
xanim,#vm_shotgun_pump_fall
xanim,#hash_89c0f095b5b3ac0
xanim,#vm_shotgun_full_auto_crawl_in
xanim,#pt_launcher_prone_melee
xanim,#hash_8b7fbdfbe0aa97f
xanim,#hash_8d4fee18428f3f3
xanim,#hash_8dbcbf6b59a46b3
xanim,#vm_ar_accurate_sprint_out
xanim,#vm_ar_an94_t8_putaway_quick
xanim,#vm_koshka_swim_uw_in
xanim,#vm_zom_hammer_putaway
xanim,#hash_90413d1afb65139
xanim,#vm_sniper_fast_rechamber_reload_grip
xanim,#pt_grenade_prone_throw
xanim,#vm_ballistic_knife_t8_dw_ads_base_up
xanim,#vm_sniper_damagesemi_ads_is_down
xanim,#hash_93b4ea82c300228
xanim,#pt_lmg_stand_spray_firstraise
xanim,#vm_ar_k57_jump
xanim,#vm_smg_minigun_swim_uw_putaway
xanim,#vm_smg_handling_reload_fast
xanim,#vm_shotgun_semiauto_sprint_in
xanim,#vm_ar_k57_sprint_putaway
xanim,#vm_launcher_standard_t8_crawl_l
xanim,#vm_launcher_standard_t8_crawl_b
xanim,#vm_launcher_standard_t8_crawl_f
xanim,#vm_launcher_standard_t8_crawl_r
xanim,#vm_sniper_mini14_reload_hip
xanim,#hash_97cbaac63c9763a
xanim,#vm_pistol_burst_sprint_loop
xanim,#hash_996c15904eb054a
xanim,#pt_dw_stand_melee_gunbutt
xanim,#vm_pistol_auto_reload_mixclip
xanim,#pt_staff_crouch_raise
xanim,#pt_an94_t8_prone_reload_empty
xanim,#vm_ar_lever_action_idle
xanim,#hash_9d40ff16880adfd
xanim,#hash_9d88bd2d40a4770
xanim,#ai_direwolf_base_trot
xanim,#vm_hades_pullout_quick
xanim,#pt_rifle_t8_tr_midburst_crouch_reload
xanim,#hash_9fc2f0807a51361
xanim,#hash_a013b0459fccdc9
xanim,#vm_incendiary_throw_quick
xanim,#vm_sniper_damagesemi_ads_base_up
xanim,#hash_a12a26e7651def9
xanim,#vm_zom_bowie_knife_melee_stab
xanim,#hash_a1590241d402f29
xanim,#vm_bare_hands_t8_swim_uw_sprint_loop
xanim,#vm_ballistic_knife_t8_putaway
xanim,#vm_zom_sword_pistol_dw_slide_lvl2
xanim,#vm_zom_sword_pistol_dw_slide_lvl3
xanim,#vm_tr_flechette_sprint_putaway
xanim,#pt_rifle_t8_ar_fastfire_crouch_inspect
xanim,#vm_smg_handling_sprint_pullout
xanim,#vm_smg_fastburst_ads_holo_up
xanim,#pt_dw_swim_fire_rightarm
xanim,#vm_ar_peacekeeper_t8_putaway_quick
xanim,#vm_ar_damage_hand_pose_l_grip
xanim,#pt_rifle_t8_ar_damage_prone_reload
xanim,#vm_pistol_shotty_dw_lh_reload_empty
xanim,#vm_lmg_mg08_inspect
xanim,#vm_smg_fastburst_fire_3
xanim,#vm_smg_fastburst_fire_2
xanim,#vm_sniper_fast_rechamber_ads_base_down
xanim,#vm_ar_k57_ads_acog_up
xanim,#pb_fem_lobby_zm_pos_01
xanim,#pb_fem_lobby_zm_pos_04
xanim,#vm_mp9_sprint_loop
xanim,#vm_sniper_damagesemi_ads_holo_up
xanim,#vm_tr_damageburst_t8_inspect_grip
xanim,#vm_smg_drum_pistol_sprint_in
xanim,#vm_smg_handling_dw_idle_l
xanim,#vm_smg_handling_dw_idle_r
xanim,#vm_smg_fastburst_uw_putaway
xanim,#vm_zom_hammer_hand_pose_l
xanim,#vm_zom_hammer_hand_pose_r
xanim,#vm_ar_k57_walk_f
xanim,#vm_smg_fastburst_hand_pose_l
xanim,#vm_smg_fastburst_hand_pose_r
xanim,#vm_pistol_webley_dw_ads_base_down
xanim,#vm_lmg_heavy_ads_holo_down
xanim,#vm_pistol_standard_inspect
xanim,#vm_tr_midburst_ads_reflex_up
xanim,#vm_smg_fastfire_ads_reflex_down
xanim,#vm_titan_crawl_out
xanim,#vm_special_crossbow_gunbutt_swipe
xanim,#vm_smg_capacity_pullout_quick
xanim,#pt_grenade_stand_throw
xanim,#vm_smg_minigun_sprint_pullout
xanim,#hash_b5a7fdd36827a8b
xanim,#hash_b5aa53195353735
xanim,#vm_ar_double_barrel_fall
xanim,#vm_ar_damage_reload
xanim,#vm_tr_power_semi_sprint_pullout
xanim,#vm_sniper_locus_t8_sprint_putaway
xanim,#vm_smg_minigun_fire_ads
xanim,#vm_lmg_mk48_fire_ads
xanim,#hash_b795527fe22ba50
xanim,#vm_smg_accurate_swim_uw_putaway
xanim,#vm_t8_swim_idle_static_dw
xanim,#vm_smg_fastburst_ads_base_down
xanim,#vm_ar_stealth_crawl_in
xanim,#pt_brawler_prone_raise
xanim,#vm_lmg_mk48_pullout
xanim,#vm_pistol_webley_sprint_out
xanim,#vm_tr_damageburst_t8_ads_acog_lower_down
xanim,#hash_bef38d878913e58
xanim,#vm_sniper_mini14_reload_empty
xanim,#vm_smg_handling_crawl_out
xanim,#hash_c04f8da58c549b8
xanim,#vm_zom_chakram_dw_ads_base_down
xanim,#vm_shotgun_pump_swim_to_land
xanim,#vm_titan_ads_reflex_down
xanim,#vm_launcher_standard_t8_ads_base_up
xanim,#pt_pistol_prone_putaway
xanim,#pt_rifle_t8_ar_modular_crouch_reload_ext_empty
xanim,#vm_ballistic_knife_t8_ads_base_down
xanim,#hash_c585d8f96480599
xanim,#pt_ballistic_knife_t8_stand_fire_r
xanim,#pt_ballistic_knife_t8_stand_fire_l
xanim,#vm_launcher_standard_t8_inspect
xanim,#vm_ar_accurate_fire_intro_ads
xanim,#vm_ar_accurate_fire_ads_intro_acog
xanim,#vm_tr_damageburst_t8_ads_reflex_down
xanim,#vm_smg_fastburst_putaway
xanim,#vm_ar_accurate_reload_fmj
xanim,#vm_smg_vmp_t8_ads_holo_up
xanim,#vm_ar_standard_pullout_quick
xanim,#vm_claymore_handpose_l
xanim,#vm_claymore_handpose_r
xanim,#pt_rifle_t8_tr_midburst_stand_reload
xanim,#hash_ccaf2368f4dea08
xanim,#vm_sniper_vanguard_gunbutt_swipe
xanim,#vm_pistol_revolver_reload_out
xanim,#vm_ar_damage_fall
xanim,#vm_sniper_power_semi_reload
xanim,#vm_pistol_webley_putaway
xanim,#vm_tr_damageburst_t8_reload_empty_quick
xanim,#vm_ar_peacekeeper_t8_fire_ads
xanim,#hash_cf6fc5227b53ac6
xanim,#vm_ar_lever_action_ads_base_up
xanim,#vm_argus_t8_fire_ads
xanim,#vm_sniper_damagesemi_sprint_in
xanim,#vm_zom_chakram_dw_crawl_r
xanim,#vm_zom_chakram_dw_crawl_l
xanim,#vm_zom_chakram_dw_crawl_b
xanim,#vm_zom_chakram_dw_crawl_f
xanim,#vm_ar_k57_fire_ads
xanim,#vm_sticky_grenade_pullpin_bare_hands
xanim,#vm_ar_standard_ads_base_up
xanim,#vm_sniper_locus_t8_ads_scope_up
xanim,#vm_sticky_grenade_cancel_bare_hands_additive
xanim,#vm_ar_an94_t8_ads_mms_down
xanim,#vm_ar_damage_crawl_in
xanim,#vm_ar_k57_gunbutt_swipe
xanim,#vm_hades_first_raise_grip
xanim,#hash_d544ce8c639a5f1
xanim,#pt_dw_prone_raise
xanim,#vm_sniper_mini14_ads_iron_sights_down
xanim,#vm_ar_k57_ads_elo_down
xanim,#vm_sniper_damagesemi_crawl_out
xanim,#pt_rifle_t8_tr_longburst_prone_reload
xanim,#vm_titan_sprint_in
xanim,#vm_ar_damage_swim_uw_pullout
xanim,#vm_sniper_mini14_pullout_quick
xanim,#vm_shotgun_pump_inspect
xanim,#vm_special_crossbow_ads_pistol_scope_lower_up
xanim,#vm_ar_damage_reload_fmj_grip
xanim,#hash_de8217b97aceeff
xanim,#vm_shotgun_semiauto_fall
xanim,#pt_dw_swim_reload_over
xanim,#vm_lmg_mk48_ads_base_up
xanim,#vm_sniper_vanguard_hand_pose_r
xanim,#vm_sniper_vanguard_hand_pose_l
xanim,#vm_frag_throw_quick
xanim,#vm_shotgun_trench_sprint_out
xanim,#pt_rifle_t8_lmg_heavy_crouch_firstraise
xanim,#vm_smg_fastfire_fire_ads_holo
xanim,#vm_sniper_mini14_sprint_in
xanim,#vm_zom_staff_crawl_in
xanim,#vm_titan_putaway
xanim,#vm_ar_k57_swim_uw_putaway
xanim,#hash_e6be199f11be19d
xanim,#vm_smg_fastfire_fire_ads_intro
xanim,#hash_e704c6bf9ec674d
xanim,#pt_sniper_quickscope_crouch_reload
xanim,#pt_chakram_stand_r_melee
xanim,#vm_tr_flechette_sprint_out
xanim,#vm_tr_swordfish_fire_last_ads
xanim,#hash_ea7e542d670fc1b
xanim,#vm_ar_accurate_crawl_in
xanim,#vm_sniper_power_semi_inspect
xanim,#vm_sniper_vanguard_inspect
xanim,#p_zombie_perkacola_drink
xanim,#vm_sniper_mini14_jump_land
xanim,#vm_smg_handling_gunbutt_swipe
xanim,#vm_perk_elixir_legendary
xanim,#vm_tr_flechette_sprint_in
xanim,#hash_ed69694fc21aaf4
xanim,#hash_edacb491e6a0f2d
xanim,#vm_smg_fastfire_fire_intro
xanim,#vm_sniper_locus_t8_ads_ir_up
xanim,#vm_pistol_standard_ads_base_down
xanim,#vm_shotgun_trench_jump_land
xanim,#pt_rifle_t8_smg_capacity_stand_first_raise
xanim,#vm_lmg_heavy_crawl_out
xanim,#vm_zom_combat_knife_melee_swipe
xanim,#vm_pistol_webley_dw_swim_uw_pullout
xanim,#hash_f0edb5b84bfcab8
xanim,#vm_zom_packapunch_base_hand_l
xanim,#vm_zom_packapunch_base_hand_r
xanim,#vm_ar_accurate_pullout
xanim,#vm_ar_double_barrel_ads_reflex_up
xanim,#vm_perk_bottle
xanim,#pt_rifle_t8_smg_capacity_crouch_first_raise
xanim,#vm_grapple_gun_fire_loop_generic
xanim,#vm_smg_handling_uw_putaway
xanim,#vm_ar_damage_putaway
xanim,#vm_tr_flechette_sprint_loop
xanim,#pt_pistol_stand_raise
xanim,#ai_direwolf_base_trot_turn_r_180
xanim,#vm_ar_accurate_fire_ads_acog
xanim,#pt_dw_crouch_raise
xanim,#vm_mp40_idle
xanim,#vm_sniper_power_semi_ads_holo_down
xanim,#vm_shotgun_full_auto_pullout
xanim,#pt_staff_stand_melee
xanim,#hash_f727814c0504cb9
xanim,#pt_rifle_t8_smg_standard_crouch_reload_partial
xanim,#vm_t8_swim_out
xanim,#vm_lmg_mk48_sprint_out
xanim,#vm_ar_k57_inspect
xanim,#vm_pistol_revolver_gunbutt_swipe
xanim,#pt_rifle_t8_smg_accurate_stand_inspect
xanim,#vm_ar_an94_t8_sprint_pullout
xanim,#vm_argus_t8_swim_uw_pullout
xanim,#vm_ar_damage_reload_grip
xanim,#hash_fcbc769ff92f837
xanim,#p8_fxanim_mp_eqp_trophy_system_world_open_anim
xanim,#vm_sniper_fast_rechamber_pullout_grip
xanim,#ai_direwolf_base_run_attack_single
xanim,#pt_tr_flechette_t8_stand_inspect
xanim,#hash_fedc41ab10780fd
xanim,#hash_fedc61ab1078463
xanim,#vm_smg_fastburst_ads_elo_down
xanim,#vm_sniper_locus_t8_inspect
xanim,#vm_tr_midburst_ads_holo_up
xanim,#vm_pistol_auto_jump_land
xanim,#pt_rifle_prone_knife_swipe
xanim,#vm_smg_drum_pistol_reload
xanim,#pt_sniper_double_stand_shoot
xanim,#vm_t8_swim_out_dw
xanim,#vm_smg_drum_pistol_sprint_pullout
xanim,#vm_pistol_revolver_pullout_grip
xanim,#vm_zom_combat_knife_idle
xanim,#vm_pistol_burst_reload_empty
xanim,#vm_smg_vmp_t8_crawl_out
xanim,#pt_rifle_t8_tr_longburst_crouch_inspect
xanim,#vm_shotgun_pump_reload_quick_loop
xanim,#vm_zom_sword_pistol_ads_base_up
xanim,#hash_10828a902d3be559
xanim,#vm_shotgun_trench_lastshot
xanim,#vm_shotgun_pump_sprint_putaway
xanim,#vm_ar_galil_reload_empty_ext
xanim,#vm_ar_galil_first_raise
xanim,#pb_rifle_t8_smg_fastburst_prone_inspect
xanim,#vm_lmg_heavy_fire_intro
xanim,#hash_10b35373bd29d8fb
xanim,#vm_zom_hammer_sprint_putaway
xanim,#vm_tr_damageburst_t8_ads_base_down
xanim,#hash_10c34b00c2661bc7
xanim,#vm_ar_an94_t8_fire_last
xanim,#vm_smg_folding_hand_pose_l
xanim,#vm_smg_folding_hand_pose_r
xanim,#vm_smg_fastburst_fire_last_ads
xanim,#vm_sniper_damagesemi_idle
xanim,#vm_zom_wraith_fire_cancel_rh
xanim,#vm_tr_midburst_ads_elo_up
xanim,#vm_sniper_fast_rechamber_inspect_grip
xanim,#vm_claymore_hold_fire_in
xanim,#vm_smg_fastburst_sprint_loop
xanim,#vm_t8_swim_out_additive
xanim,#vm_ar_accurate_idle
xanim,#vm_smg_capacity_reload
xanim,#vm_ar_double_barrel_putaway_quick
xanim,#vm_lmg_mg08_ads_base_up
xanim,#vm_smg_handling_reload_fast_2_switch
xanim,#vm_lmg_heavy_fire_ads_acog
xanim,#pt_rifle_t8_ar_modular_stand_inspect
xanim,#vm_ar_accurate_ads_mms_down
xanim,#vm_pistol_revolver_crawl_out
xanim,#vm_zom_chakram_dw_throw_l
xanim,#pt_rifle_t8_smg_handling_dw_stand_inspect
xanim,#hash_119dbfda7718aa5f
xanim,#hash_119f0b07a96d45df
xanim,#vm_smg_accurate_fire_ads_intro_acog
xanim,#vm_sniper_locus_t8_ads_reflex_down
xanim,#vm_smg_handling_reload
xanim,#pt_rifle_t8_ar_fastfire_stand_inspect
xanim,#vm_zom_sword_pistol_dw_sprint_loop_lvl2
xanim,#vm_zom_sword_pistol_dw_sprint_loop_lvl3
xanim,#vm_brawler_t8_crawl_out
xanim,#vm_tr_power_semi_ads_ir_up
xanim,#pt_rifle_t8_smg_fastfire_crouch_inspect
xanim,#vm_mp9_first_raise
xanim,#vm_lmg_heavy_sprint_pullout
xanim,#vm_pistol_webley_dw_fire_l
xanim,#vm_pistol_webley_dw_fire_r
xanim,#vm_mp40_gunbutt_swipe
xanim,#vm_zom_scepter_sprint_loop
xanim,#vm_pistol_standard_fire
xanim,#vm_mp9_pullout_quick
xanim,#vm_zom_sword_pistol_dw_pullout
xanim,#vm_sniper_vanguard_ads_acog_up
xanim,#hash_120fc6d75ff8d8a3
xanim,#pt_launcher_stand_reload_empty
xanim,#pt_sniper_quickscope_prone_reload
xanim,#vm_sniper_locus_t8_fire_ads
xanim,#vm_frag_grenade_cancel_additive
xanim,#vm_ar_damage_hand_pose_r
xanim,#vm_ar_damage_hand_pose_l
xanim,#vm_tr_midburst_pullout_quick
xanim,#vm_pistol_standard_crawl_out
xanim,#ai_direwolf_base_trot_turn_r_90
xanim,#vm_tr_swordfish_hand_pose_r
xanim,#vm_tr_swordfish_hand_pose_l
xanim,#hash_125eb99888ad8931
xanim,#hash_1261c26d1bc75d04
xanim,#vm_ar_fastfire_sprint_out
xanim,#hash_126ad94470732def
xanim,#vm_shotgun_pump_reload_loop
xanim,#ai_t8_zm_mnsn_direwolf_pro_trv_jump_dn_128
xanim,#vm_special_crossbow_crawl_out
xanim,#ai_t8_zm_mnsn_direwolf_pro_trv_jump_dn_160
xanim,#hash_12bb38791fca38f2
xanim,#vm_ar_damage_ads_reddot_lower_up
xanim,#vm_mp40_sprint_putaway
xanim,#vm_titan_swim_uw_putaway
xanim,#vm_tr_swordfish_swim_from_land
xanim,#hash_12d8d714bfc1cb79
xanim,#ai_wolf_ally_base_run_attack_low
xanim,#vm_mp9_idle
xanim,#vm_lmg_mg08_gunbutt_swipe
xanim,#vm_tr_midburst_reload_empty
xanim,#hash_12f0e090b9e030d7
xanim,#vm_shotgun_full_auto_reload_empty
xanim,#vm_tr_power_semi_ads_acog_lower_up
xanim,#vm_ar_damage_reload_fmj
xanim,#vm_smg_folding_swim_uw_putaway
xanim,#vm_tr_flechette_crawl_r
xanim,#vm_tr_flechette_crawl_b
xanim,#vm_tr_flechette_crawl_f
xanim,#vm_tr_flechette_crawl_l
xanim,#vm_pistol_standard_sprint_loop
xanim,#vm_ballistic_knife_t8_dw_idle_l
xanim,#vm_ballistic_knife_t8_dw_idle_r
xanim,#hash_1330e1d65136886d
xanim,#vm_pistol_webley_ads_base_up
xanim,#vm_smg_handling_ads_base_down
xanim,#vm_ar_peacekeeper_t8_pullout
xanim,#vm_sniper_vanguard_walk_f
xanim,#pt_rifle_t8_smg_handling_stand_reload_partial
xanim,#vm_lmg_mg08_sprint_in
xanim,#vm_sniper_fast_rechamber_reload_empty_mixclip
xanim,#vm_sniper_damagesemi_fire_ads
xanim,#vm_hades_ads_scanner_down
xanim,#pt_rifle_t8_ar_modular_crouch_firstraise
xanim,#vm_argus_t8_ads_base_down
xanim,#pt_rifle_t8_ar_stealth_prone_inspect
xanim,#pt_rifle_t8_ar_fastfire_prone_reload
xanim,#vm_shotgun_semiauto_swim_to_land
xanim,#vm_pistol_revolver_ads_base_up
xanim,#vm_sniper_vanguard_swim_to_land
xanim,#vm_pistol_burst_sprint_in
xanim,#pt_ballistic_knife_t8_swim_pullout
xanim,#vm_ar_fastfire_ads_elo_down
xanim,#vm_tr_damageburst_t8_gunbutt_swipe
xanim,#pt_rifle_crouch_melee_bayonet
xanim,#vm_ar_stealth_swim_from_land
xanim,#vm_mp9_fire_ads
xanim,#pt_rifle_stand_knife_swipe
xanim,#vm_ar_k57_hand_pose_grip
xanim,#pt_dw_swim_putaway
xanim,#vm_titan_fire_ads_intro
xanim,#vm_tr_damageburst_t8_swim_uw_pullout
xanim,#pt_hammer_stand_fire
xanim,#vm_zom_packapunch_ads_base_up
xanim,#vm_sniper_power_semi_idle
xanim,#vm_lmg_mk48_ads_holo_down
xanim,#vm_mp9_ads_holo_up
xanim,#vm_pistol_webley_dw_crawl_out
xanim,#vm_argus_t8_sprint_in
xanim,#vm_pistol_standard_jump_land
xanim,#vm_shotgun_full_auto_reload_mixclip
xanim,#vm_pistol_auto_pullout
xanim,#pt_rifle_t8_smg_handling_dw_crouch_inspect
xanim,#vm_tr_power_semi_sprint_out
xanim,#ai_direwolf_base_run
xanim,#vm_ar_k57_ads_acog_down
xanim,#vm_shotgun_semiauto_reload_extclip2
xanim,#vm_sniper_fast_rechamber_reload
xanim,#hash_14bc9b4d01b75a83
xanim,#vm_tr_power_semi_ads_holo_down
xanim,#vm_sniper_fast_rechamber_reload_mixclip
xanim,#vm_smg_capacity_fire_ads
xanim,#vm_sticky_grenade_cancel_sig_bow
xanim,#vm_ar_an94_t8_jump
xanim,#vm_sniper_fast_rechamber_sprint_loop
xanim,#vm_mini_turret_idle
xanim,#vm_tr_flechette_sprint_pullout
xanim,#vm_tr_midburst_fire_ads
xanim,#vm_cqw_grip_reload_quick_ext
xanim,#vm_hades_ads_base_down
xanim,#vm_pistol_revolver_reload_quick
xanim,#hash_1517c83deaad0f69
xanim,#vm_smg_vmp_t8_reload
xanim,#vm_ar_stealth_inspect
xanim,#vm_ar_double_barrel_fire_mms
xanim,#vm_slow_grenade_sig_bow_pullpin_additive
xanim,#hash_1533c72a0b06d435
xanim,#vm_launcher_standard_t8_idle
xanim,#vm_smg_fastfire_pullout
xanim,#vm_locus_walk_f
xanim,#pt_pistol_standard_prone_reload
xanim,#vm_sniper_locus_t8_swim_uw_putaway
xanim,#hash_154ae0256197e659
xanim,#hash_1550f1c21c29dac8
xanim,#hash_1557e63951f7168f
xanim,#pt_rifle_t8_ar_stealth_crouch_reload_partial
xanim,#pt_hammer_crouch_putaway
xanim,#vm_sticky_grenade_pullpin
xanim,#vm_ballistic_knife_t8_dw_reload_l
xanim,#vm_ballistic_knife_t8_dw_reload_r
xanim,#vm_sniper_power_semi_walk_f
xanim,#vm_mp9_walk_f_ads
xanim,#vm_smg_vmp_t8_fire_intro
xanim,#pt_rifle_t8_ar_galil_crouch_firstraise
xanim,#vm_ar_k57_jump_land
xanim,#hash_15cc2498f6020774
xanim,#vm_lmg_mg08_ads_base_down
xanim,#hash_15d12b662ec0b3bc
xanim,#hash_15d12d662ec0b722
xanim,#hash_15d12e662ec0b8d5
xanim,#hash_15dc91796dccb42e
xanim,#vm_titan_pullout
xanim,#vm_frag_ads_down
xanim,#p_knife_stand_rifle
xanim,#pt_launcher_crouch_reload_empty
xanim,#pt_lmg_prone_spray_inspect
xanim,#vm_sniper_damagesemi_ads_acog_lower_up
xanim,#vm_tr_damageburst_t8_putaway
xanim,#vm_koshka_reload_empty
xanim,#vm_sniper_power_semi_lastshot_ads
xanim,#vm_frag_grenade_pullpin_bare_hands
xanim,#vm_lmg_mk48_reload_empty_fast
xanim,#hash_161cf65769aee01f
xanim,#vm_sniper_fast_rechamber_putaway
xanim,#vm_ar_accurate_fire_intro
xanim,#vm_ar_peacekeeper_t8_idle
xanim,#vm_ar_k57_fire_ads_holo
xanim,#vm_shotgun_pump_sprint_pullout
xanim,#vm_shotgun_pump_sprint_in
xanim,#vm_sniper_damagesemi_ads_base_down
xanim,#vm_hades_ads_holo_down
xanim,#vm_special_crossbow_sprint_pullout
xanim,#vm_t8_swim_brawler_out
xanim,#hash_1656fcb4c6f66dbc
xanim,#pt_sword_pistol_stand_raise
xanim,#vm_tr_flechette_crawl_out
xanim,#pt_rifle_t8_smg_handling_stand_inspect
xanim,#hash_167222fc3156ecbb
xanim,#vm_sniper_fast_rechamber_ads_ironsights_down_mp
xanim,#pt_grenade_stand_hold_fire
xanim,#vm_ar_peacekeeper_t8_crawl_l
xanim,#vm_ar_peacekeeper_t8_crawl_f
xanim,#vm_ar_peacekeeper_t8_crawl_b
xanim,#vm_ar_peacekeeper_t8_crawl_r
xanim,#vm_lmg_mg08_fire_intro
xanim,#vm_smg_drum_pistol_jump
xanim,#vm_ar_accurate_fall
xanim,#vm_ar_galil_ads_reflex_down
xanim,#vm_ar_accurate_swim_from_land
xanim,#vm_tr_midburst_ads_thermal_down
xanim,#vm_smg_accurate_ads_base_up
xanim,#pt_pistol_crouch_putaway
xanim,#hash_16bd64cb7dd4e15c
xanim,#pt_dw_stand_full_putaway
xanim,#vm_sniper_power_semi_lastshot
xanim,#vm_frag_grenade_cancel_bare_hands_additive
xanim,#vm_pistol_burst_ads_reflex_up
xanim,#vm_zom_sword_pistol_dw_hand_pose_l
xanim,#vm_zom_sword_pistol_dw_hand_pose_r
xanim,#vm_tr_midburst_sprint_out
xanim,#hash_1715bfce19cc4565
xanim,#pt_chakram_stand_firstraise
xanim,#pt_hammer_crouch_melee
xanim,#hash_171cdae7230f5ad9
xanim,#hash_171d3a07d3d32bbb
xanim,#vm_sticky_grenade_loop_sig_bow
xanim,#vm_ar_k57_first_raise
xanim,#vm_smg_fastburst_reload
xanim,#vm_ar_lever_action_sprint_loop
xanim,#vm_titan_ads_holo_up
xanim,#vm_smg_fastburst_hand_pose_l_grip
xanim,#vm_zom_scepter_fire
xanim,#vm_pistol_webley_dw_ads_base_up
xanim,#vm_argus_t8_sprint_pullout
xanim,#vm_shotgun_trench_first_raise
xanim,#hash_176358a132432d5e
xanim,#vm_frag_grenade_cancel
xanim,#vm_smg_drum_pistol_sprint_out
xanim,#vm_zom_wraith_fire_cancel_rh_additive
xanim,#hash_179a1e8b1f18d997
xanim,#hash_179f74faffa5bfbb
xanim,#hash_17aa31180840af81
xanim,#vm_ar_peacekeeper_t8_ads_reflex_down
xanim,#vm_ballistic_knife_t8_melee_l_finisher
xanim,#vm_argus_t8_gunbutt_swipe
xanim,#vm_lmg_mg08_sprint_raise
xanim,#pt_rifle_stand_putaway
xanim,#vm_tr_damageburst_t8_inspect
xanim,#pt_rifle_t8_ar_damage_stand_reload
xanim,#vm_smg_minigun_crawl_out
xanim,#vm_ar_an94_t8_swim_uw_putaway
xanim,#vm_sniper_locus_t8_ads_elo_down
xanim,#vm_t8_swim_b_dw_ballistic
xanim,#pt_grenade_swim_throw
xanim,#vm_homunculus_pullpin
xanim,#vm_ar_stealth_fall
xanim,#vm_lmg_mg08_fire
xanim,#vm_ar_double_barrel_sprint_in
xanim,#ai_direwolf_base_trv_jump_down_96
xanim,#hash_18490a212deadbf7
xanim,#vm_argus_t8_swim_uw_putaway
xanim,#vm_mp9_inspect_mixclip
xanim,#vm_sniper_vanguard_ads_base_up
xanim,#vm_shotgun_semiauto_gunbutt_swipe
xanim,#vm_shotgun_trench_sprint_pullout
xanim,#vm_sniper_power_semi_ads_iron_sights_down
xanim,#ai_direwolf_base_trv_jump_down_40
xanim,#ai_direwolf_base_trv_jump_down_48
xanim,#vm_ar_standard_gunbutt_swipe
xanim,#vm_mp40_putaway
xanim,#ai_direwolf_base_trv_jump_down_72
xanim,#pt_launcher_stand_fire
xanim,#vm_zom_chakram_dw_fall
xanim,#hash_187d096c7018d849
xanim,#vm_smg_fastfire_ads_base_up
xanim,#vm_slide_bare_hands
xanim,#vm_smg_handling_dw_putaway_quick
xanim,#vm_smg_fastfire_ads_holo_down
xanim,#vm_shotgun_pump_ads_elo_down
xanim,#vm_mp9_fall
xanim,#hash_18c534852f49279a
xanim,#vm_smg_fastfire_sprint_pullout
xanim,#vm_pistol_webley_sprint_pullout
xanim,#hash_18e89d353709c608
xanim,#vm_smg_capacity_ads_elo_up
xanim,#hash_18f4de6cb593d0e4
xanim,#vm_smg_capacity_walk_f
xanim,#pt_chakram_crouch_putaway
xanim,#vm_pistol_webley_dw_sprint_out
xanim,#vm_sniper_power_semi_fire
xanim,#pt_rifle_swim_idle_gunbutt_melee
xanim,#vm_sniper_power_semi_pullout
xanim,#hash_192172b1f7b9870f
xanim,#hash_192173b1f7b988c2
xanim,#vm_tr_damageburst_t8_ads_reflex_up
xanim,#hash_192b27bc08896d3d
xanim,#hash_192e4f0c50865a95
xanim,#vm_smg_handling_sprint_putaway
xanim,#vm_ar_standard_crawl_in
xanim,#hash_19550e61a03cdded
xanim,#vm_koshka_pullout_quick
xanim,#vm_sticky_grenade_pullpin_additive
xanim,#vm_sniper_vanguard_rechamber
xanim,#vm_t8_mantle_over_bare_hands_additive
xanim,#pt_rifle_t8_smg_folding_crouch_first_raise
xanim,#vm_tr_swordfish_crawl_in
xanim,#vm_lmg_mk48_sprint_pullout
xanim,#vm_smg_fastfire_reload_extclip
xanim,#vm_ar_standard_sprint_pullout
xanim,#vm_tr_damageburst_t8_reload
xanim,#vm_smg_fastburst_inspect
xanim,#vm_perk_totem_stronghold
xanim,#vm_smg_folding_sprint_out
xanim,#vm_ballistic_knife_t8_melee_l_out
xanim,#vm_sniper_vanguard_fall
xanim,#pt_rifle_t8_smg_fastfire_stand_inspect
xanim,#pt_rifle_t8_ar_galil_stand_inspect
xanim,#pt_grenade_stand_prime
xanim,#pt_lmg_standard_t8_crouch_firstraise
xanim,#vm_frag_grenade_throw_additive
xanim,#vm_smg_capacity_reload_empty_ext
xanim,#vm_minigun_t7_fire
xanim,#hash_1a245e539390d58a
xanim,#hash_1a2b3616c174097b
xanim,#pt_rifle_t8_smg_fasburst_prone_reload
xanim,#hash_1a5dc4376acbfcf7
xanim,#hash_1a68c8fa267c1bfd
xanim,#vm_shotgun_semiauto_ads_base_up
xanim,#vm_sniper_damagesemi_ads_acog_down
xanim,#pt_ballistic_knife_t8_stand_melee_stick
xanim,#vm_shotgun_pump_ads_base_up
xanim,#pt_rifle_stand_melee_gunbutt_swipe
xanim,#vm_ar_stealth_ads_acog_down
xanim,#pt_sniper_quickscope_crouch_inspect
xanim,#hash_1ad11e48202e5cb3
xanim,#vm_ar_stealth_ads_elo_down
xanim,#vm_grapple_gun_fire_generic_additive
xanim,#vm_smg_folding_fire_intro_ads
xanim,#vm_lmg_mg08_swim_uw_pullout
xanim,#pt_pistol_stand_melee_gunbutt_strike
xanim,#vm_pistol_revolver_gunbutt_swipe_grip
xanim,#pt_rifle_t8_smg_standard_prone_inspect
xanim,#vm_sniper_vanguard_swim_uw_pullout
xanim,#vm_sniper_power_semi_ads_mms_down
xanim,#vm_ar_accurate_putaway
xanim,#hash_1b16fddcf12d90d1
xanim,#pt_lmg_standard_t8_stand_reload_ext
xanim,#vm_smg_drum_pistol_pullout
xanim,#vm_tr_flechette_putaway
xanim,#hash_1b364ed055fa81ad
xanim,#pt_rifle_swim_putaway
xanim,#hash_1b4ca7d5da95a71b
xanim,#vm_ar_lever_action_crawl_in
xanim,#pb_rifle_t8_ar_stealth_stand_first_raise
xanim,#pt_brawler_stand_inspect
xanim,#vm_pistol_revolver_hand_pose_l_grip
xanim,#vm_ar_galil_reload_empty
xanim,#ai_t8_zm_zombie_dog_pro_trv_mantle_up_36_dn_240
xanim,#vm_minigun_t7_walk_f
xanim,#vm_tr_damageburst_t8_ads_base_up
xanim,#vm_lmg_heavy_ads_acog_upper_down
xanim,#vm_ar_stealth_ads_reflex_up
xanim,#vm_ar_an94_t8_ads_ir_up
xanim,#vm_sniper_power_semi_sprint_in
xanim,#vm_ar_peacekeeper_t8_sprint_pullout
xanim,#vm_tr_damageburst_t8_ads_acog_down
xanim,#pt_sniper_quickscope_prone_inspect
xanim,#vm_sticky_grenade_throw_bare_hands
xanim,#vm_sniper_mini14_first_raise
xanim,#hash_1c38e6cf5288cf14
xanim,#vm_sniper_fast_rechamber_hand_pose_l_grip
xanim,#pt_rifle_t8_ar_standard_crouch_reload_partial
xanim,#vm_mp9_fire_ads_intro_acog
xanim,#hash_1c5c8e7c601ac214
xanim,#vm_slow_grenade_sig_bow_cancel_additive
xanim,#pt_rifle_t8_smg_fastfire_prone_reload_fastmag_partial
xanim,#vm_t8_PRONE_TO_CROUCH_bare_hands
xanim,#vm_ar_hotchkiss_fire_intro_ads
xanim,#pt_pistol_burst_prone_reload_partial
xanim,#vm_grapple_gun_reel_loop_l
xanim,#vm_grapple_gun_reel_loop_d
xanim,#vm_grapple_gun_reel_loop_u
xanim,#vm_grapple_gun_reel_loop_r
xanim,#pt_sword_pistol_crouch_putaway
xanim,#hash_1ca22c90f3bb528a
xanim,#vm_perk_elixir_additive
xanim,#vm_ar_damage_fire_last
xanim,#vm_sniper_vanguard_ads_base_down
xanim,#hash_1cb1822adf8b6567
xanim,#hash_1cb1b3e2abcf3e81
xanim,#vm_tr_power_semi_ads_reflex_down
xanim,#pt_ballistic_knife_t8_swim_first_raise
xanim,#vm_smg_drum_pistol_ads_base_up
xanim,#pt_rifle_t8_smg_fastburst_crouch_reload_partial
xanim,#hash_1ccfdc7e84d2488c
xanim,#vm_tr_power_semi_ads_reflex_up
xanim,#vm_ar_damage_ads_holo_down
xanim,#vm_sniper_vanguard_reload_ads
xanim,#vm_ar_standard_reload_ext
xanim,#vm_tr_damageburst_t8_fire_ads_last
xanim,#vm_hades_fire_ads_intro
xanim,#vm_brawler_t8_sprint_loop
xanim,#vm_smg_fastfire_fire_ads_holo_intro
xanim,#hash_1d09cca0f605dde9
xanim,#vm_zom_sword_pistol_dw_slide_additive
xanim,#pt_pistol_crouch_raise
xanim,#vm_ballistic_knife_t8_dw_sprint_loop
xanim,#vm_molotov_pullpin_zm
xanim,#vm_smg_accurate_ads_acog_lower_down
xanim,#vm_ar_stealth_ads_acog_lower_down
xanim,#vm_smg_folding_sprint_pullout
xanim,#vm_bare_hands_t8_swim_tw_sprint_loop
xanim,#vm_tr_flechette_inspect
xanim,#vm_koshka_ads_acog_lower_up
xanim,#vm_grapple_gun_fire_generic
xanim,#vm_smg_handling_dw_gunbutt_miss
xanim,#vm_ar_accurate_fire_ads
xanim,#hash_1d83dd52c2c434be
xanim,#vm_smg_handling_dw_crawl_r
xanim,#vm_smg_handling_dw_crawl_f
xanim,#vm_smg_handling_dw_crawl_b
xanim,#vm_smg_handling_dw_crawl_l
xanim,#vm_lmg_mk48_sprint_in
xanim,#vm_ballistic_knife_t8_fire_r
xanim,#vm_t8_swim_in
xanim,#vm_ar_fastfire_swim_uw_pullout
xanim,#vm_tr_swordfish_sprint_pullout
xanim,#vm_smg_fastfire_sprint_in
xanim,#vm_tr_power_semi_sprint_putaway
xanim,#pt_ar_peacekeeper_t8_prone_reload_empty
xanim,#pt_ballistic_knife_t8_stand_reload_l
xanim,#pt_ballistic_knife_t8_stand_reload_r
xanim,#hash_1de00077bd892bc2
xanim,#vm_mp9_walk_f
xanim,#vm_koshka_reload_empty_fmj
xanim,#vm_tr_flechette_reload_empty
xanim,#vm_sniper_fast_rechamber_reload_empty
xanim,#pt_rifle_swim_fire_over
xanim,#pt_rifle_t8_smg_folding_crouch_reload_empty
xanim,#hash_1dfe7076857d8428
xanim,#pt_lmg_standard_t8_stand_inspect
xanim,#pt_rifle_t8_tr_longburst_stand_inspect
xanim,#vm_t8_swim_idle_static_additive
xanim,#vm_frag_grenade_cancel_bare_hands
xanim,#vm_lmg_mk48_ads_holo_up
xanim,#pt_rifle_t8_ar_modular_crouch_reload_empty
xanim,#vm_sniper_mini14_idle
xanim,#vm_titan_ads_base_down
xanim,#vm_ar_double_barrel_reload_ext
xanim,#vm_ar_galil_fire_ads_acog
xanim,#vm_ar_double_barrel_ads_holo_down
xanim,#vm_lmg_mk48_swim_uw_pullout
xanim,#vm_special_crossbow_putaway_quick
xanim,#vm_ar_double_barrel_reload
xanim,#vm_sniper_power_semi_fire_ads
xanim,#vm_cqw_grip_reload_empty_quick_ext
xanim,#vm_special_crossbow_hand_pose_l
xanim,#vm_special_crossbow_hand_pose_r
xanim,#vm_ar_hotchkiss_ads_base_up
xanim,#vm_tr_flechette_swim_uw_pullout
xanim,#vm_smg_handling_dw_fire_intro_r
xanim,#vm_smg_handling_dw_fire_intro_l
xanim,#pt_rifle_t8_ar_accurate_stand_reload_partial
xanim,#vm_lmg_mk48_ads_mms_up
xanim,#vm_ar_k57_fire_ads_holo_last
xanim,#vm_mp9_fire_ads_ir
xanim,#vm_sniper_mini14_ads_iron_sights_up
xanim,#pb_grenade_dive_prone
xanim,#hash_1ee94d3f26f64847
xanim,#vm_shock_charge_idle
xanim,#pt_launcher_prone_raise
xanim,#vm_koshka_ads_ir_down
xanim,#vm_lmg_heavy_sprint_out
xanim,#vm_barehands_unstoppable_force_out
xanim,#vm_zipline_in
xanim,#pt_hammer_stand_putaway
xanim,#pt_sniper_quickscope_crouch_first_raise
xanim,#vm_sniper_fast_rechamber_idle
xanim,#pt_rifle_t8_tr_longburst_stand_reload
xanim,#vm_sniper_locus_t8_reload_empty_quick
xanim,#vm_tr_power_semi_swim_uw_putaway
xanim,#vm_smg_handling_fire_ads
xanim,#vm_smg_fastburst_sprint_out
xanim,#vm_brawler_t8_idle
xanim,#vm_claymore_idle
xanim,#vm_ar_stealth_fire_ads_acog
xanim,#pt_rifle_t8_smg_folding_prone_reload_empty
xanim,#vm_tr_power_semi_first_raise
xanim,#vm_sniper_locus_t8_ads_acog_lower_down
xanim,#vm_smg_fastburst_gunbutt_swipe
xanim,#pt_shotgun_precision_t8_prone_pullout
xanim,#hash_1f999f5b6a0382bf
xanim,#vm_launcher_standard_t8_fire_ads
xanim,#pt_launcher_crouch_inspect
xanim,#vm_launcher_standard_t8_gunbutt_swipe
xanim,#pt_chakram_stand_raise
xanim,#vm_smg_drum_pistol_fire_last
xanim,#vm_smg_capacity_ads_reflex_up
xanim,#vm_tr_swordfish_reload_am
xanim,#vm_sniper_mini14_crawl_out
xanim,#pt_lmg_standard_t8_prone_reload_ext
xanim,#vm_pistol_burst_ads_base_up
xanim,#vm_sniper_fast_rechamber_rechamber_ads_uber
xanim,#vm_zom_hammer_melee_loop
xanim,#vm_ar_stealth_reload_empty_quick
xanim,#hash_204ce751d45575df
xanim,#vm_smg_minigun_pullout_quick
xanim,#vm_tr_power_semi_fire_ads_acog
xanim,#vm_tr_power_semi_reload_empty
xanim,#vm_smg_vmp_t8_inspect
xanim,#vm_t8_swim_brawler_f_additive
xanim,#vm_smg_fastfire_sprint_out
xanim,#vm_sniper_power_semi_ads_hybrid_upper_down
xanim,#hash_2075b8413f5dc25b
xanim,#hash_20800f733423c5a8
xanim,#pt_brawler_crouch_firstraise
xanim,#pt_rifle_t8_ar_standard_stand_reload_partial
xanim,#vm_smg_fastfire_inspect
xanim,#vm_tr_flechette_pullout_quick
xanim,#vm_brawler_t8_first_raise
xanim,#vm_smg_accurate_ads_acog_lower_up
xanim,#vm_titan_hand_pose_r
xanim,#vm_titan_hand_pose_l
xanim,#vm_smg_minigun_ads_elo_down
xanim,#vm_zom_sword_pistol_dw_first_raise
xanim,#vm_tr_flechette_ads_holo_up
xanim,#vm_sniper_power_semi_reload_empty_ext2
xanim,#vm_pistol_burst_fire
xanim,#vm_perk_elixir_common_rh
xanim,#vm_ar_stealth_ads_base_up
xanim,#vm_smg_minigun_ads_reflex_down
xanim,#pt_rifle_t8_smg_folding_stand_reload
xanim,#vm_shotgun_full_auto_sprint_out
xanim,#vm_tr_swordfish_ads_holo_down
xanim,#vm_argus_t8_putaway
xanim,#vm_ar_standard_fire_intro_ads
xanim,#pt_turret_mini_prone_hold_idle
xanim,#hash_21804fd14cdf3441
xanim,#hash_21882602e725edfb
xanim,#vm_hades_first_raise
xanim,#vm_ar_an94_t8_fire_ads_acog
xanim,#vm_zom_sword_pistol_ads_base_down
xanim,#vm_sniper_mini14_ads_hybrid_lower_up
xanim,#vm_koshka_fire_ads
xanim,#vm_pistol_auto_walk_f
xanim,#hash_21ec92374c750d78
xanim,#vm_tr_swordfish_fire_ads_acog
xanim,#hash_220af3201914cecf
xanim,#vm_launcher_standard_t8_sprint_out
xanim,#vm_pistol_burst_sprint_putaway
xanim,#vm_ar_accurate_sprint_pullout
xanim,#vm_sniper_vanguard_ads_acog_lower_down
xanim,#vm_ar_double_barrel_hand_pose_l_grip
xanim,#vm_ar_galil_sprint_raise
xanim,#vm_hades_sprint_drop
xanim,#hash_22518cb90c6ef434
xanim,#hash_225794efb9dc4d46
xanim,#hash_2260f7454ea0561f
xanim,#vm_ballistic_knife_t8_dw_crawl_out
xanim,#hash_226dacc333be8d55
xanim,#hash_226e95f14d48f956
xanim,#vm_pistol_auto_sprint_loop
xanim,#vm_pistol_burst_reload_ext
xanim,#pt_rifle_t8_smg_folding_stand_inspect
xanim,#pt_rifle_t8_smg_fastfire_prone_inspect
xanim,#vm_lmg_mk48_ads_base_down
xanim,#hash_229dbe947bf7533e
xanim,#vm_ballistic_knife_t8_ads_base_up
xanim,#vm_zom_hammer_sprint_in
xanim,#hash_22c673fe468262c9
xanim,#vm_mp9_fire_ads_intro
xanim,#vm_mp9_pullout
xanim,#vm_shocked_out_brawler_additive
xanim,#vm_ar_damage_sprint_in
xanim,#vm_koshka_fall
xanim,#vm_launcher_standard_t8_ads_base_down
xanim,#pt_rifle_t8_ar_damage_crouch_reload
xanim,#vm_ar_stealth_putaway_quick
xanim,#hash_232833c811155a56
xanim,#vm_ar_lever_action_fire
xanim,#hash_233fd42a1a4e3f73
xanim,#vm_ar_k57_ads_base_up
xanim,#vm_ar_double_barrel_fire_last
xanim,#vm_koshka_ads_acog_down
xanim,#pt_rifle_t8_ar_modular_stand_reload
xanim,#hash_2385915f30c072ab
xanim,#vm_tr_damageburst_t8_sprint_in
xanim,#pf_pain
xanim,#pt_staff_crouch_melee
xanim,#hash_23f57b149824f059
xanim,#hash_23f9f9931564a5af
xanim,#vm_pistol_auto_reload_empty_fastreload
xanim,#pt_rifle_crouch_melee_gunbutt
xanim,#hash_24168fcbb9d3015c
xanim,#vm_perk_elixir_rh_additive
xanim,#vm_pistol_revolver_walk_f
xanim,#vm_ar_an94_t8_ads_reflex_up
xanim,#vm_perk_totem_bandolier
xanim,#vm_smg_drum_pistol_gunbutt_swipe
xanim,#hash_2473d5f637292f70
xanim,#ai_t8_zm_mnsn_direwolf_pro_trv_jump_up_32
xanim,#vm_ar_an94_t8_reload_empty
xanim,#hash_2489d8ca43bc24ea
xanim,#pt_rifle_t8_smg_fastburst_prone_reload_partial
xanim,#vm_smg_accurate_ads_reflex_up
xanim,#ai_t8_zm_mnsn_direwolf_pro_trv_jump_up_64
xanim,#pt_dw_swim_melee_gunbutt
xanim,#vm_pistol_revolver_fall
xanim,#pt_turret_mini_crouch_putaway
xanim,#vm_special_crossbow_sprint_loop
xanim,#pt_sniper_quickscope_stand_reload_fmj
xanim,#vm_morphine_syrette_idle
xanim,#vm_brawler_t8_fall
xanim,#vm_smg_vmp_t8_sprint_putaway
xanim,#vm_pistol_standard_crawl_l
xanim,#vm_pistol_standard_crawl_b
xanim,#vm_pistol_standard_crawl_f
xanim,#vm_pistol_standard_crawl_r
xanim,#hash_24e0056187705992
xanim,#vm_tr_midburst_reload
xanim,#vm_ar_galil_fire_ads_ir
xanim,#vm_tr_swordfish_crawl_out
xanim,#vm_smg_handling_putaway
xanim,#vm_ar_k57_ads_acog_lower_down
xanim,#hash_2526975bad8ad19f
xanim,#vm_pistol_webley_reload
xanim,#vm_ar_hotchkiss_fire_intro
xanim,#pt_rifle_prone_bowie_swipe
xanim,#pt_rifle_t8_ar_modular_prone_reload_empty
xanim,#vm_launcher_standard_t8_sprint_pullout
xanim,#vm_tr_swordfish_swim_uw_pullout
xanim,#vm_ar_damage_pullout_sprint
xanim,#vm_shotgun_semiauto_ads_base_down
xanim,#vm_ar_standard_reload_fast_ext
xanim,#vm_ar_lever_action_sprint_out
xanim,#pt_brawler_stand_raise
xanim,#vm_perk_elixir_ultra
xanim,#vm_tr_power_semi_reload_quick
xanim,#hash_2579e33ea1701d90
xanim,#vm_tr_power_semi_jump
xanim,#vm_smg_accurate_ads_ir_up
xanim,#vm_lmg_mk48_sprint_putaway
xanim,#vm_tr_swordfish_idle
xanim,#hash_25a44a3ad768841a
xanim,#vm_ar_standard_jump
xanim,#pt_rifle_t8_ar_standard_prone_reload_partial
xanim,#vm_smg_folding_crawl_out
xanim,#vm_ar_hotchkiss_ads_base_down
xanim,#vm_smg_handling_dw_fire_last_r
xanim,#vm_smg_handling_dw_fire_last_l
xanim,#vm_ar_lever_action_putaway
xanim,#pt_rifle_t8_tr_midburst_crouch_inspect
xanim,#vm_smg_capacity_putaway_quick
xanim,#pt_rifle_t8_ar_galil_prone_inspect
xanim,#hash_25e408535dd0a52e
xanim,#pt_shotgun_precision_t8_stand_reload_empty
xanim,#hash_25e761630d14a692
xanim,#vm_shotgun_pump_sprint_out
xanim,#vm_ar_k57_putaway_grip
xanim,#hash_25fe85f1e23638d3
xanim,#vm_lmg_heavy_ads_ir_up
xanim,#vm_mini_turret_hand_pose_r
xanim,#vm_mini_turret_hand_pose_l
xanim,#vm_smg_vmp_t8_reload_extclip
xanim,#vm_sniper_power_semi_putaway
xanim,#vm_smg_folding_pullout_quick
xanim,#vm_smg_accurate_fire_ads_acog
xanim,#pt_grenade_swim_prime
xanim,#vm_tr_flechette_fire
xanim,#vm_koshka_sprint_out
xanim,#hash_264a57c2e556314d
xanim,#vm_special_crossbow_swim_pullout
xanim,#vm_sniper_mini14_sprint_pullout
xanim,#vm_tr_flechette_ads_base_up
xanim,#vm_smg_folding_inspect
xanim,#vm_pistol_standard_swim_uw_putaway
xanim,#vm_shocked_out_brawler
xanim,#vm_smg_fastfire_reload_fastmag
xanim,#hash_268ba48e3fbd4759
xanim,#hash_268cdd677926de6c
xanim,#hash_2692af04abf2a41a
xanim,#vm_ar_k57_fire
xanim,#vm_launcher_standard_t8_swim_from_land
xanim,#pt_lmg_heavy_t8_crouch_reload_fast
xanim,#vm_pistol_standard_gunbutt_swipe
xanim,#vm_frag_grenade_throw_bare_hands
xanim,#vm_brawler_t8_pullout
xanim,#vm_pistol_burst_ads_reflex_down
xanim,#vm_koshka_putaway_quick
xanim,#vm_sniper_fast_rechamber_fire
xanim,#vm_t8_base_slide
xanim,#hash_26e5a1e328c20d74
xanim,#vm_zom_scepter_idle
xanim,#hash_26f0897b9960738c
xanim,#pt_rifle_t8_smg_vmp_prone_reload
xanim,#vm_tr_swordfish_ads_acog_upper_down
xanim,#hash_27086463723dd3de
xanim,#hash_270e4a14e242a3d8
xanim,#pt_rifle_t8_ar_accurate_prone_reload_partial
xanim,#vm_zom_hammer_melee_out
xanim,#vm_pistol_webley_dw_hand_pose_l
xanim,#vm_pistol_webley_dw_hand_pose_r
xanim,#vm_smg_vmp_t8_hand_pose_l
xanim,#vm_smg_vmp_t8_hand_pose_r
xanim,#vm_argus_t8_first_raise
xanim,#vm_frag_pullpin
xanim,#vm_smg_fastfire_reload
xanim,#vm_perk_totem_slider
xanim,#hash_277c60f50ce6e3a2
xanim,#pt_rifle_prone_putaway
xanim,#vm_sniper_mini14_pullout
xanim,#vm_pistol_webley_inspect
xanim,#vm_brawler_t8_jump_land
xanim,#vm_shotgun_pump_swim_uw_in
xanim,#vm_shotgun_semiauto_inspect
xanim,#pt_rifle_swim_reload_rearclip
xanim,#vm_tr_flechette_ads_ir_up
xanim,#vm_sniper_mini14_lastshot
xanim,#vm_shotgun_semiauto_sprint_out
xanim,#vm_ar_galil_jump
xanim,#vm_tr_swordfish_ads_base_up
xanim,#vm_sniper_mini14_reload_ext
xanim,#vm_tr_damageburst_t8_first_raise
xanim,#vm_tr_midburst_fire_intro_ads
xanim,#vm_tr_flechette_gunbutt_swipe_grip
xanim,#vm_smg_handling_hand_pose_r
xanim,#vm_smg_handling_hand_pose_l
xanim,#vm_smg_drum_pistol_sprint_putaway
xanim,#vm_ar_an94_t8_swim_uw_pullout
xanim,#hash_27ff6d8d102a5097
xanim,#vm_mp40_fire_last_ads
xanim,#vm_zipline_out_additive
xanim,#pt_bowie_stand_putaway
xanim,#hash_280ee6e892fc687f
xanim,#vm_lmg_mk48_pullout_quick
xanim,#vm_smg_accurate_ads_ir_down
xanim,#hash_2850586259540a7d
xanim,#vm_tr_swordfish_gunbutt_swipe
xanim,#hash_285dff9dcd5c6f6f
xanim,#vm_smg_handling_dw_hand_pose_l
xanim,#vm_smg_handling_dw_hand_pose_r
xanim,#pt_chakram_crouch_whirlwind
xanim,#vm_grapple_gun_fire_loop_generic_additive
xanim,#vm_ar_accurate_swim_uw_pullout
xanim,#vm_t8_swim_brawler_b_additive
xanim,#vm_ar_damage_ads_reddot_down
xanim,#pt_sniper_fastrechamber_prone_reload
xanim,#vm_lmg_mk48_crawl_l
xanim,#vm_lmg_mk48_crawl_b
xanim,#vm_lmg_mk48_crawl_f
xanim,#vm_lmg_mk48_crawl_r
xanim,#vm_zom_staff_crawl_out
xanim,#vm_smg_fastburst_fire_ads_intro_pistolscope
xanim,#vm_tr_midburst_reload_ext_grip
xanim,#vm_sniper_damagesemi_pullout
xanim,#pt_hold_swim_raise
xanim,#pt_rifle_t8_tr_midburst_crouch_reload_partial
xanim,#pt_shotgun_precision_t8_stand_firstraise
xanim,#vm_shotgun_trench_rechamber_ads
xanim,#vm_ar_peacekeeper_t8_hand_pose_r
xanim,#vm_ar_peacekeeper_t8_hand_pose_l
xanim,#vm_sniper_locus_t8_ads_ir_down
xanim,#pt_an94_t8_prone_reload
xanim,#vm_zom_chakram_dw_miss_r
xanim,#hash_2913815c4641a7de
xanim,#vm_smg_folding_putaway
xanim,#pb_rifle_t8_ar_stealth_crouch_first_raise
xanim,#vm_tr_midburst_fall
xanim,#vm_argus_t8_reload_empty_ext
xanim,#vm_smg_minigun_crawl_r
xanim,#vm_smg_minigun_crawl_f
xanim,#vm_smg_minigun_crawl_b
xanim,#vm_smg_minigun_crawl_l
xanim,#vm_minigun_t7_sprint_in
xanim,#vm_ar_lever_action_swim_uw_putaway
xanim,#vm_ar_an94_t8_ads_base_up
xanim,#pt_pistol_burst_crouch_reload_partial
xanim,#vm_smg_drum_pistol_fall
xanim,#hash_2985396b78831d11
xanim,#hash_298697ca305f9016
xanim,#pt_brawler_crouch_inspect
xanim,#vm_sniper_mini14_ads_holo_up
xanim,#vm_ar_standard_inspect
xanim,#vm_smg_handling_reload_empty
xanim,#pt_pistol_standard_stand_reload
xanim,#vm_hades_ads_scanner_up
xanim,#vm_sniper_vanguard_sprint_out
xanim,#hash_29bbea0e4aa40f84
xanim,#hash_29c2cb796271ab2c
xanim,#vm_sniper_vanguard_putaway_quick
xanim,#vm_tr_swordfish_ads_base_down
xanim,#vm_pistol_webley_gunbutt_swipe
xanim,#vm_sniper_fast_rechamber_inspect
xanim,#hash_29db872460650d4e
xanim,#hash_29e0415001938ab1
xanim,#vm_slow_grenade_sig_bow_loop
xanim,#vm_ar_fastfire_crawl_out
xanim,#hash_29f84088b4dcb1f2
xanim,#hash_29fe374518d64742
xanim,#vm_ar_double_barrel_reload_empty_ext
xanim,#vm_smg_vmp_t8_fire
xanim,#vm_ar_galil_ads_acog_down
xanim,#vm_zom_chakram_dw_jump
xanim,#vm_tr_power_semi_ads_base_up
xanim,#hash_2a2bd44041c4529f
xanim,#vm_spyder_dw_lh_swim_uw_idle
xanim,#vm_ar_fastfire_sprint_loop
xanim,#vm_claymore_pullout
xanim,#vm_tr_midburst_gunbutt_swipe
xanim,#vm_ar_double_barrel_putaway
xanim,#hash_2a4d05195c90f66d
xanim,#hash_2a5578047e7dd352
xanim,#pt_hammer_stand_firstraise
xanim,#vm_lmg_mg08_swim_uw_putaway
xanim,#pt_chakram_crouch_l_throw
xanim,#vm_ar_standard_fall
xanim,#hash_2a7edac511e99103
xanim,#pt_rifle_t8_smg_capacity_prone_reload
xanim,#vm_shotgun_pump_idle
xanim,#vm_koshka_idle
xanim,#vm_smg_fastfire_fire_last_ads
xanim,#hash_2a9f2a8e8e55fd0f
xanim,#vm_pistol_webley_crawl_in
xanim,#vm_ballistic_knife_t8_dw_hand_pose_r
xanim,#vm_ballistic_knife_t8_dw_hand_pose_l
xanim,#pt_lmg_stand_spray_inspect
xanim,#vm_ar_accurate_sprint_in
xanim,#vm_shotgun_semiauto_swim_from_land
xanim,#vm_sniper_damagesemi_first_raise
xanim,#vm_special_crossbow_fire_intro
xanim,#vm_ar_stealth_pullout_quick
xanim,#vm_hades_crawl_in
xanim,#hash_2acd47e2d1024a2d
xanim,#hash_2ad142bf8c08493c
xanim,#hash_2ad42246abf71b59
xanim,#hash_2ad9f99110611bd0
xanim,#vm_tr_swordfish_swim_to_land
xanim,#vm_ar_peacekeeper_t8_sprint_putaway
xanim,#vm_smg_capacity_idle
xanim,#vm_ar_lever_action_rechamber_ads
xanim,#vm_sniper_fast_rechamber_reload_empty_rf_grip
xanim,#vm_ballistic_knife_t8_sprint_in
xanim,#vm_ar_hotchkiss_first_raise
xanim,#vm_ar_an94_t8_ads_base_down
xanim,#hash_2afbc43a7fa2be2f
xanim,#vm_smg_capacity_inspect
xanim,#vm_ar_galil_ads_ir_down
xanim,#vm_sniper_vanguard_sprint_loop
xanim,#vm_mp40_fire_ads
xanim,#pt_pistol_stand_putaway
xanim,#vm_special_crossbow_pullout
xanim,#hash_2b2c99c8babdd110
xanim,#vm_sticky_grenade_cancel_bare_hands
xanim,#vm_lmg_mg08_idle
xanim,#hash_2b45fbd026511c36
xanim,#vm_pistol_standard_lastshot
xanim,#pt_rifle_t8_smg_capacity_crouch_reload_empty
xanim,#vm_zom_chakram_dw_slide
xanim,#vm_koshka_sprint_loop
xanim,#vm_ballistic_knife_t8_dw_putaway
xanim,#vm_ar_an94_t8_reload
xanim,#vm_sniper_locus_t8_sprint_in
xanim,#pt_ar_peacekeeper_t8_stand_reload_empty
xanim,#vm_ar_peacekeeper_t8_reload_quick
xanim,#pt_rifle_swim_idle_gunbutt_over
xanim,#vm_sniper_fast_rechamber_fire_ads_grip
xanim,#vm_tr_swordfish_fire_ads
xanim,#vm_tr_power_semi_ads_base_down
xanim,#vm_smg_vmp_t8_ads_reflex_up
xanim,#vm_sniper_damagesemi_putaway_quick
xanim,#vm_smg_accurate_crawl_in
xanim,#ai_t8_zm_mnsn_direwolf_pro_trv_mantle_128
xanim,#vm_ar_standard_sprint_putaway
xanim,#vm_ar_standard_reload_empty_ext
xanim,#vm_pistol_webley_dw_jump_land
xanim,#vm_shotgun_semiauto_reload_empty
xanim,#hash_2c1478fc4792ade3
xanim,#pt_rifle_t8_smg_standard_prone_reload
xanim,#vm_sniper_fast_rechamber_rechamber
xanim,#vm_tr_power_semi_pullout
xanim,#vm_t8_swim_l_dw_ballistic
xanim,#vm_sniper_vanguard_ads_ir_down
xanim,#pt_sword_pistol_crouch_raise
xanim,#hash_2c3ca0d00562d462
xanim,#vm_ar_double_barrel_sprint_pullout
xanim,#vm_ballistic_knife_t8_first_raise
xanim,#vm_zod_bubble_gum_ads_up
xanim,#vm_smg_minigun_sprint_out
xanim,#vm_CROUCH_TO_PRONE_bare_hands
xanim,#vm_hades_fire
xanim,#vm_ar_damage_pullout_quick
xanim,#hash_2c6fee21520f48bd
xanim,#vm_shotgun_full_auto_crawl_b
xanim,#vm_shotgun_full_auto_crawl_f
xanim,#vm_shotgun_full_auto_crawl_l
xanim,#vm_shotgun_full_auto_crawl_r
xanim,#vm_pistol_burst_first_raise
xanim,#vm_smg_handling_reload_empty_fast
xanim,#vm_smg_handling_dw_crawl_in
xanim,#vm_tr_swordfish_fall
xanim,#hash_2ca4bec91e8b5652
xanim,#hash_2ca4d0c91e8b74e8
xanim,#pt_shotgun_precision_t8_prone_putaway
xanim,#vm_sniper_damagesemi_ads_mms_up
xanim,#vm_smg_fastburst_idle
xanim,#vm_ar_stealth_swim_uw_pullout
xanim,#vm_tr_flechette_idle
xanim,#vm_brawler_t8_sprint_pullout
xanim,#hash_2ccc0637c438c13e
xanim,#vm_zom_bowie_knife_melee_swipe
xanim,#vm_special_crossbow_crawl_b
xanim,#vm_special_crossbow_crawl_f
xanim,#vm_special_crossbow_crawl_l
xanim,#vm_special_crossbow_crawl_r
xanim,#vm_pistol_standard_ads_base_up
xanim,#vm_pistol_burst_reload
xanim,#pt_pistol_crouch_melee_gunbutt_strike
xanim,#vm_zom_sword_pistol_dw_fire
xanim,#vm_grapple_gun_reel_loop_r_additive
xanim,#pt_ballistic_knife_t8_prone_fire
xanim,#hash_2d213f6b5d2e2378
xanim,#hash_2d214d6b5d2e3b42
xanim,#vm_ar_standard_pullout
xanim,#vm_pistol_burst_crawl_out
xanim,#vm_pistol_webley_jump_land
xanim,#vm_ar_stealth_jump
xanim,#pt_launcher_stand_melee
xanim,#hash_2d44720b743f09a1
xanim,#vm_mp9_reload_fast
xanim,#pt_rifle_t8_smg_standard_prone_reload_partial
xanim,#pt_rifle_swim_raise_over
xanim,#vm_tr_midburst_idle
xanim,#vm_smg_drum_pistol_putaway
xanim,#hash_2d75d22e5c84270e
xanim,#vm_koshka_first_raise
xanim,#vm_sniper_vanguard_ads_acog_lower_up
xanim,#pt_staff_stand_putaway_empty
xanim,#vm_pistol_burst_swim_uw_pullout
xanim,#vm_sniper_vanguard_ads_iron_sights_down
xanim,#vm_ar_k57_pullout
xanim,#vm_sniper_damagesemi_swim_pullout
xanim,#vm_sniper_locus_t8_ads_mms_down
xanim,#pt_lmg_standard_t8_stand_reload
xanim,#hash_2da527f76ffee791
xanim,#vm_molotov_ads_up
xanim,#vm_ar_fastfire_sprint_in
xanim,#vm_pistol_revolver_sprint_putaway
xanim,#hash_2dc1a4566c7e0d14
xanim,#vm_perk_elixir_common
xanim,#vm_sniper_vanguard_ads_mms_down
xanim,#hash_2dfb9d8471a64963
xanim,#vm_lmg_mk48_swim_uw_putaway
xanim,#pt_staff_stand_fire
xanim,#vm_ballistic_knife_t8_dw_sprint_out
xanim,#vm_molotov_throw
xanim,#pt_lmg_crouch_spray_inspect
xanim,#vm_mp9_putaway_quick
xanim,#vm_ar_standard_reload_empty_fast
xanim,#hash_2e2bd8c8b6cb6ed4
xanim,#vm_ar_an94_t8_ads_reflex_down
xanim,#pt_rifle_t8_smg_folding_prone_first_raise
xanim,#vm_ar_damage_idle
xanim,#ai_t8_zm_zombie_dog_pro_trv_mantle_up_240_dn_36
xanim,#vm_tr_midburst_swim_uw_pullout
xanim,#hash_2e43d49b13f6077d
xanim,#vm_pistol_burst_pullout
xanim,#vm_tr_midburst_sprint_putaway
xanim,#vm_tr_swordfish_jump_land
xanim,#pt_staff_stand_raise
xanim,#vm_titan_ads_base_up
xanim,#vm_peacekeeper_t8_fall
xanim,#vm_smg_fastburst_reload_empty_fast
xanim,#vm_ar_lever_action_inspect
xanim,#pt_rifle_t8_ar_stealth_prone_reload
xanim,#hash_2e7fd42457344ddb
xanim,#vm_peacekeeper_t8_jump_land
xanim,#hash_2e8d8cdf37d279ec
xanim,#vm_ar_fastfire_crawl_in
xanim,#vm_smg_capacity_hand_pose_r
xanim,#vm_smg_capacity_hand_pose_l
xanim,#vm_smg_drum_pistol_pullout_quick
xanim,#hash_2ea401cc0aa37ac2
xanim,#vm_lmg_heavy_sprint_putaway
xanim,#vm_smg_fastfire_hand_pose_r
xanim,#vm_smg_fastfire_hand_pose_l
xanim,#vm_zom_sword_pistol_dw_jump_land
xanim,#pt_pistol_swim_reload
xanim,#vm_ar_lever_action_pullout_quick
xanim,#vm_tr_damageburst_t8_putaway_quick
xanim,#vm_sniper_vanguard_pullout_quick
xanim,#vm_claymore_fire
xanim,#vm_sniper_locus_t8_ads_scope_down
xanim,#pt_rifle_t8_smg_fastfire_crouch_reload_fastmag_partial
xanim,#pt_rifle_t8_smg_capacity_crouch_reload
xanim,#hash_2f55d26d2a0ec46e
xanim,#vm_shotgun_full_auto_reload_empty_mixclip
xanim,#hash_2f7e9937849d78b9
xanim,#hash_2f8bc20d933e12c9
xanim,#vm_tr_power_semi_jump_land
xanim,#vm_sniper_power_semi_crawl_out
xanim,#pt_ballistic_knife_t8_swim_fire
xanim,#pt_an94_t8_prone_inspect
xanim,#vm_smg_minigun_ads_base_up
xanim,#vm_mp9_ads_base_up
xanim,#vm_sniper_locus_t8_idle
xanim,#vm_smg_fastburst_fire_ads
xanim,#vm_tr_power_semi_putaway
xanim,#vm_sniper_fast_rechamber_fire_ads_uber
xanim,#hash_2ff3c1f06aabc68c
xanim,#vm_ar_k57_crawl_f
xanim,#vm_ar_k57_crawl_b
xanim,#vm_ar_k57_crawl_l
xanim,#vm_ar_k57_crawl_r
xanim,#hash_2ff7136b73e7ce31
xanim,#vm_sniper_fast_rechamber_swim_from_land
xanim,#pt_rifle_t8_smg_vmp_stand_reload_empty
xanim,#pt_rifle_t8_ar_galil_crouch_reload
xanim,#vm_ballistic_knife_t8_dw_melee_l
xanim,#pt_shotgun_precision_t8_prone_reload_empty
xanim,#vm_pistol_burst_ads_base_down
xanim,#vm_sniper_fast_rechamber_ads_acog_upper_down
xanim,#vm_shotgun_semiauto_sprint_loop
xanim,#vm_ar_hotchkiss_inspect
xanim,#vm_ar_fastfire_putaway_quick
xanim,#hash_306349593e61fdc8
xanim,#vm_pistol_standard_sprint_in
xanim,#vm_ar_lever_action_sprint_in
xanim,#vm_ar_double_barrel_fire_intro
xanim,#vm_tr_midburst_jump_land
xanim,#vm_pistol_revolver_reload_in
xanim,#vm_t8_swim_in_dw
xanim,#vm_zom_sword_pistol_dw_jump
xanim,#vm_smg_minigun_sprint_loop
xanim,#vm_frag_grenade_loop_additive
xanim,#vm_mp40_inspect
xanim,#vm_sniper_vanguard_crawl_out
xanim,#pt_rifle_swim_reload_partial
xanim,#pt_turret_mini_crouch_fire
xanim,#hash_30d54bdb65031804
xanim,#vm_ar_damage_inspect_grip
xanim,#vm_koshka_swim_uw_pullout
xanim,#vm_frag_grenade_loop_bare_hands_additive
xanim,#hash_30f7163eb7244f43
xanim,#vm_ar_double_barrel_ads_base_down
xanim,#vm_ballistic_knife_t8_dw_pullout
xanim,#vm_pistol_burst_hand_pose_r
xanim,#vm_pistol_burst_hand_pose_l
xanim,#vm_ar_peacekeeper_t8_ads_ir_down
xanim,#vm_argus_t8_reload_empty_quick
xanim,#hash_31319c533e686ef3
xanim,#hash_313570687b47113f
xanim,#vm_lmg_mg08_putaway
xanim,#vm_shotgun_pump_crawl_b
xanim,#vm_shotgun_pump_crawl_f
xanim,#vm_shotgun_pump_crawl_l
xanim,#vm_shotgun_pump_crawl_r
xanim,#vm_launcher_standard_t8_sprint_putaway
xanim,#vm_tr_swordfish_swim_uw_putaway
xanim,#vm_smg_drum_pistol_crawl_out
xanim,#vm_slow_grenade_sig_bow_loop_additive
xanim,#pt_sniper_fastrechamber_crouch_reload
xanim,#vm_brawler_t8_taunt
xanim,#vm_ar_damage_reload_empty
xanim,#void
xanim,#vm_smg_fastburst_ads_reflex_up
xanim,#hash_317538caef8f120b
xanim,#vm_ar_an94_t8_fire_ads_holo
xanim,#pb_pistol_prone_gunbutt_melee
xanim,#pt_lmg_standard_t8_crouch_inspect
xanim,#hash_3190188c9d289eb1
xanim,#vm_hades_sprint_raise
xanim,#hash_3193f98e94a03ac5
xanim,#vm_sniper_mini14_reload_empty_ext
xanim,#vm_t8_swim_out_dw_ballistic
xanim,#vm_zom_chakram_dw_slide_additive
xanim,#vm_special_crossbow_fire_ads
xanim,#vm_zom_chakram_dw_jump_land
xanim,#vm_sniper_fast_rechamber_sprint_out
xanim,#vm_smg_fastfire_uw_pullout
xanim,#vm_ar_galil_sprint_in
xanim,#hash_31ec8b42982a6582
xanim,#vm_mp9_gunbutt_swipe
xanim,#ai_direwolf_base_idle
xanim,#pt_chakram_crouch_raise
xanim,#vm_zom_chakram_dw_swim_uw_pullout
xanim,#hash_32113bfb7557ab24
xanim,#vm_brawler_t8_hand_pose_l
xanim,#vm_brawler_t8_hand_pose_r
xanim,#vm_shocked_in_brawler
xanim,#vm_mp9_inspect
xanim,#vm_zom_combat_knife_ads_base_down
xanim,#vm_claymore_quick_pullout
xanim,#vm_shotgun_semiauto_pullout
xanim,#vm_mp40_ads_base_up
xanim,#vm_pistol_burst_jump
xanim,#vm_ar_double_barrel_swim_uw_putaway
xanim,#vm_shotgun_trench_ads_base_up
xanim,#vm_zom_chakram_dw_walk_f
xanim,#vm_lmg_heavy_hand_pose_r
xanim,#vm_lmg_heavy_hand_pose_l
xanim,#pt_rifle_t8_smg_fastfire_stand_firstraise
xanim,#hash_3282e0464b4b8fd2
xanim,#vm_smg_capacity_fire
xanim,#vm_mp9_jump_land
xanim,#vm_smg_folding_gunbutt_swipe
xanim,#vm_ar_an94_t8_first_raise
xanim,#vm_smg_handling_reload_fast_2
xanim,#pt_turret_mini_crouch_raise
xanim,#vm_brawler_t8_putaway
xanim,#vm_smg_accurate_gunbutt_swipe
xanim,#hash_32be2f8dcd646316
xanim,#vm_smg_minigun_sprint_putaway
xanim,#vm_smg_vmp_t8_ads_ir_up
xanim,#vm_tr_midburst_inspect
xanim,#vm_ar_galil_ads_reflex_up
xanim,#vm_smg_fastburst_putaway_quick
xanim,#vm_shotgun_trench_putaway_quick
xanim,#viewmodel_claymore_idle
xanim,#hash_32daec553910789f
xanim,#vm_lmg_heavy_putaway
xanim,#vm_sniper_vanguard_pullout
xanim,#vm_morphine_syrette_revive
xanim,#vm_shotgun_semiauto_pullout_quick
xanim,#vm_sniper_vanguard_jump_land
xanim,#pt_shotgun_swim_rechamber
xanim,#hash_3345624479a5e3ea
xanim,#vm_sniper_fast_rechamber_rechamber_ads_grip
xanim,#vm_launcher_standard_t8_putaway
xanim,#vm_tr_swordfish_fire_ads_intro
xanim,#vm_prone_to_crouch_additive
xanim,#vm_mp40_hand_pose_l
xanim,#vm_mp40_hand_pose_r
xanim,#ai_direwolf_base_dth_f
xanim,#ai_direwolf_base_dth_b
xanim,#ai_direwolf_base_dth_l
xanim,#ai_direwolf_base_dth_r
xanim,#vm_ar_hotchkiss_gunbutt_swipe
xanim,#hash_33644753a3672a6b
xanim,#vm_tr_flechette_fire_intro_ads_acog
xanim,#pt_pistol_burst_stand_reload
xanim,#pt_rifle_t8_smg_accurate_crouch_firstraise
xanim,#hash_337cece7342a33fa
xanim,#vm_shock_charge_ads_up
xanim,#hash_338117af8a7a1b6e
xanim,#ai_t8_zm_zombie_dog_pro_trv_mantle_up_36_dn_80
xanim,#vm_ar_an94_t8_reload_empty_fast
xanim,#pt_rifle_t8_smg_fastburst_stand_reload_partial
xanim,#vm_smg_accurate_fire_intro_ads
xanim,#vm_smg_fastfire_putaway
xanim,#vm_ar_hotchkiss_jump
xanim,#hash_33df6f76bb38a5cc
xanim,#pt_pistol_burst_stand_reload_partial
xanim,#vm_sniper_damagesemi_sprint_loop
xanim,#pb_rifle_stand_gunbutt_melee
xanim,#pt_rifle_t8_smg_standard_crouch_reload
xanim,#vm_tr_damageburst_t8_sprint_putaway
xanim,#vm_tr_midburst_ads_up
xanim,#vm_launcher_standard_t8_sprint_loop
xanim,#vm_ar_hotchkiss_sprint_in
xanim,#vm_ar_fastfire_ads_reflex_up
xanim,#vm_zom_hammer_idle
xanim,#hash_342910c2c19880a5
xanim,#viewmodel_default_idle
xanim,#vm_tr_midburst_sprint_loop
xanim,#hash_343e3c9fbca1314a
xanim,#pt_rifle_t8_ar_stealth_stand_inspect
xanim,#vm_zom_chakram_dw_sprint_pullout
xanim,#vm_ballistic_knife_t8_sprint_out
xanim,#hash_346fc6ca1c4836b4
xanim,#vm_locus_fall
xanim,#vm_ar_standard_fire_ads_ir
xanim,#vm_shotgun_pump_rechamber_ads
xanim,#pt_rifle_crouch_shoot
xanim,#vm_grapple_gun_reel_in_generic_additive
xanim,#hash_349de95aed10d030
xanim,#vm_zom_wraith_fire_pullpin_additive
xanim,#vm_sniper_fast_rechamber_pullout_quick
xanim,#vm_ar_k57_hand_pose_l
xanim,#vm_ar_k57_hand_pose_r
xanim,#vm_argus_t8_reload_empty
xanim,#vm_ar_fastfire_walk_f
xanim,#vm_ballistic_knife_t8_idle_r
xanim,#vm_ballistic_knife_t8_idle_l
xanim,#vm_zom_combat_knife_ads_base_up
xanim,#vm_ar_stealth_ads_ir_up
xanim,#vm_minigun_t7_reload_empty
xanim,#vm_shotgun_semiauto_reload_empty_extclip2
xanim,#vm_shotgun_pump_fire_ads_reflex
xanim,#vm_pistol_standard_lastshot_ads
xanim,#vm_ar_double_barrel_crawl_r
xanim,#vm_ar_double_barrel_crawl_l
xanim,#vm_ar_double_barrel_crawl_b
xanim,#vm_ar_double_barrel_crawl_f
xanim,#vm_ar_k57_reload_empty
xanim,#vm_ar_an94_t8_ads_ir_down
xanim,#vm_t8_swim_brawler_r_additive
xanim,#vm_smg_fastfire_fire
xanim,#vm_smg_fastburst_sprint_pullout
xanim,#hash_3573935ce4eb6dcb
xanim,#vm_smg_capacity_pullout
xanim,#vm_zom_wraith_fire_cancel_additive
xanim,#vm_smg_folding_fire
xanim,#vm_sniper_fast_rechamber_ads_acog_lower_up
xanim,#pt_rifle_t8_ar_galil_stand_reload
xanim,#vm_launcher_standard_t8_reload_empty
xanim,#hash_35a3371cfbae38bc
xanim,#hash_35a33a1cfbae3dd5
xanim,#vm_shotgun_full_auto_first_raise
xanim,#hash_35b06d96e142f408
xanim,#vm_ar_standard_putaway
xanim,#pb_fem_lobby_mp_pos_03
xanim,#vm_ar_galil_fire_ads
xanim,#vm_titan_ads_mms_down
xanim,#vm_ar_standard_swim_uw_pullout
xanim,#vm_sniper_locus_t8_ads_elo_up
xanim,#vm_ar_double_barrel_hand_pose_l
xanim,#vm_ar_double_barrel_hand_pose_r
xanim,#hash_36101c4b355a9760
xanim,#hash_3612a83c224bc723
xanim,#vm_ar_stealth_ads_acog_lower_up
xanim,#pt_pistol_burst_crouch_reload
xanim,#vm_zom_chakram_dw_swim_in
xanim,#vm_smg_vmp_t8_ads_elo_up
xanim,#vm_shotgun_trench_hand_pose_r
xanim,#vm_shotgun_trench_hand_pose_l
xanim,#vm_sniper_fast_rechamber_pullout
xanim,#vm_ar_double_barrel_reload_fast
xanim,#hash_365753506cf02a25
xanim,#vm_sticky_grenade_throw
xanim,#vm_sniper_mini14_ads_holo_down
xanim,#hash_368edca50489f10d
xanim,#vm_sniper_mini14_ads_ir_down
xanim,#vm_tr_power_semi_ads_mms_down
xanim,#vm_ar_damage_first_raise
xanim,#vm_sniper_fast_rechamber_crawl_out
xanim,#vm_pistol_auto_gunbutt_swipe
xanim,#vm_tr_midburst_swim_from_land
xanim,#vm_pistol_revolver_lastshot_ads
xanim,#vm_lmg_mg08_fire_ads_intro
xanim,#vm_ar_damage_sprint_loop
xanim,#vm_ar_peacekeeper_t8_ads_reflex_up
xanim,#vm_tr_midburst_swim_uw_putaway
xanim,#vm_ar_k57_sprint_in
xanim,#hash_36d9f8bf3cae0012
xanim,#vm_shotgun_pump_putaway_quick
xanim,#hash_36f4833bb7959369
xanim,#vm_ar_standard_fire_ads_holo
xanim,#pt_dw_swim_raise
xanim,#vm_zom_packapunch_idle
xanim,#vm_koshka_sprint_putaway
xanim,#vm_pistol_webley_fire
xanim,#vm_tr_swordfish_sprint_putaway
xanim,#vm_smg_vmp_t8_uw_pullout
xanim,#vm_argus_t8_fire
xanim,#pt_dw_stand_full_pullout
xanim,#vm_smg_handling_dw_inspect
xanim,#vm_ar_an94_t8_reload_quick
xanim,#vm_molotov_pullpin_loop
xanim,#vm_hades_gunbutt_swipe
xanim,#vm_zom_sword_pistol_dw_walk_f
xanim,#vm_perk_totem_staminup
xanim,#vm_titan_first_raise
xanim,#vm_t8_mantle_over_bare_hands
xanim,#vm_grapple_gun_reel_loop_generic
xanim,#hash_377c11714c48e694
xanim,#vm_smg_accurate_hand_pose_l_grip
xanim,#vm_hades_crawl_out
xanim,#vm_tr_power_semi_fall
xanim,#vm_pistol_webley_sprint_putaway
xanim,#vm_shotgun_semiauto_reload_empty_extclip
xanim,#pt_rifle_t8_smg_fastfire_crouch_reload_fastmag
xanim,#vm_sniper_vanguard_crawl_in
xanim,#vm_t8_swim_r_dw
xanim,#vm_minigun_t7_sprint_loop
xanim,#pt_ballistic_knife_t8_swim_putaway
xanim,#vm_hades_reload_empty
xanim,#vm_ar_fastfire_fire_uber
xanim,#pt_sniper_quickscope_prone_reload_partial
xanim,#vm_sniper_power_semi_ads_base_down
xanim,#pt_rifle_t8_smg_fastburst_firstraise
xanim,#vm_sniper_mini14_lastshot_ads
xanim,#hash_37f56e36ed9a30f1
xanim,#hash_37ff1244dbee3ac3
xanim,#hash_37ff863c79454d6e
xanim,#hash_38133fb45a855347
xanim,#vm_sniper_damagesemi_reload_in
xanim,#hash_38250133f88f0a6a
xanim,#vm_hades_ads_elo_up
xanim,#hash_38575747507b2120
xanim,#vm_tr_midburst_ads_acog_lower_up
xanim,#hash_3876c7d241ec075a
xanim,#pt_rifle_t8_smg_standard_crouch_inspect
xanim,#vm_lmg_heavy_reload_empty
xanim,#vm_pistol_revolver_fire_ads
xanim,#vm_smg_fastfire_reload_empty_quick
xanim,#vm_smg_accurate_idle
xanim,#hash_38a8edfcf6439f36
xanim,#hash_38aa0c0975d222e4
xanim,#pt_pistol_standard_stand_reload_partial
xanim,#vm_sniper_locus_t8_fire
xanim,#pt_dw_swim_reload
xanim,#pt_pistol_prone_inspect
xanim,#vm_pistol_burst_crawl_l
xanim,#vm_pistol_burst_crawl_b
xanim,#vm_pistol_burst_crawl_f
xanim,#vm_pistol_burst_crawl_r
xanim,#ai_t8_face_zombie_generic_attack_01
xanim,#ai_t8_face_zombie_generic_attack_02
xanim,#vm_lmg_mk48_ads_reflex_down
xanim,#vm_tr_swordfish_reload_empty_am
xanim,#pt_crouch_shoot_pistol
xanim,#vm_sniper_vanguard_sprint_pullout
xanim,#vm_lmg_mg08_sprint_loop
xanim,#vm_morphine_syrette_ads_base_down
xanim,#vm_ar_double_barrel_inspect
xanim,#ai_t8_zm_zod_homunculus_jump_up_01
xanim,#vm_shotgun_trench_lastshot_ads
xanim,#vm_shotgun_trench_reload_loop
xanim,#vm_ar_damage_ads_base_up
xanim,#vm_smg_capacity_crawl_out
xanim,#pt_rifle_t8_smg_fastfire_crouch_reload_partial
xanim,#vm_titan_fire
xanim,#hash_39902bdc530691d6
xanim,#hash_3994b799cdd6958a
xanim,#vm_pistol_auto_ads_base_up
xanim,#vm_ar_k57_sprint_pullout
xanim,#pt_rifle_t8_smg_vmp_stand_reload
xanim,#vm_sniper_locus_t8_putaway
xanim,#pt_dw_crouch_putaway
xanim,#vm_ar_galil_fall
xanim,#hash_39dfcd4a92e13bc3
xanim,#vm_smg_vmp_t8_first_raise
xanim,#vm_t8_swim_in_additive
xanim,#hash_3a0023020fdb8c55
xanim,#pt_lmg_heavy_t8_stand_reload_fast
xanim,#vm_ar_fastfire_sprint_pullout
xanim,#pt_rifle_t8_smg_standard_stand_reload
xanim,#vm_shotgun_semiauto_swim_uw_putaway
xanim,#pt_rifle_t8_ar_fastfire_prone_inspect
xanim,#vm_special_crossbow_sprint_putaway
xanim,#pt_rifle_crouch_raise
xanim,#hash_3a49e6b06b16be5c
xanim,#vm_shotgun_full_auto_ads_reflex_down
xanim,#vm_sniper_damagesemi_crawl_r
xanim,#vm_sniper_damagesemi_crawl_l
xanim,#vm_sniper_damagesemi_crawl_f
xanim,#vm_sniper_damagesemi_crawl_b
xanim,#vm_tr_midburst_fire_ads_acog
xanim,#hash_3a86e2b21b9082ae
xanim,#vm_tr_swordfish_fire_ads_reflex_intro
xanim,#vm_tr_flechette_ads_reflex_up
xanim,#hash_3a9bd929afe65c8a
xanim,#vm_shotgun_trench_rechamber
xanim,#vm_smg_handling_idle
xanim,#vm_ar_hotchkiss_pullout
xanim,#vm_lmg_mk48_hand_pose_l
xanim,#vm_lmg_mk48_hand_pose_r
xanim,#pt_launcher_prone_reload_empty
xanim,#vm_pistol_auto_fire
xanim,#hash_3ae3029f109f21e9
xanim,#hash_3aed1aa715bef19e
xanim,#vm_smg_capacity_ads_holo_up
xanim,#vm_zod_bubble_gum_ads_down
xanim,#vm_mp9_putaway
xanim,#hash_3b0cc5164809dfa1
xanim,#vm_pistol_standard_reload_empty
xanim,#vm_smg_accurate_putaway
xanim,#vm_mp9_sprint_pullout
xanim,#vm_smg_handling_reload_fast_2_switch_bolt
xanim,#vm_ar_accurate_crawl_out
xanim,#vm_frag_grenade_loop
xanim,#vm_sniper_locus_t8_reload_empty_ext
xanim,#vm_ar_hotchkiss_reload
xanim,#vm_perk_elixir_rare
xanim,#hash_3b5181066d7e9677
xanim,#pt_ballistic_knife_t8_prone_inspect
xanim,#vm_sniper_power_semi_reload_ext
xanim,#vm_shotgun_semiauto_ads_reflex_down
xanim,#vm_tr_power_semi_fire_ads
xanim,#vm_ar_an94_t8_pullout_quick
xanim,#vm_ar_an94_t8_pullout
xanim,#pt_one_handed_gun_male_prone_fire
xanim,#pt_rifle_t8_smg_handling_stand_reload
xanim,#vm_mp9_ads_elo_up
xanim,#pt_lmg_standard_t8_prone_reload
xanim,#vm_ballistic_knife_t8_dw_fire_r
xanim,#vm_ballistic_knife_t8_dw_fire_l
xanim,#hash_3bcb015167179b51
xanim,#pt_staff_stand_plant
xanim,#vm_zom_hammer_sprint_out
xanim,#vm_pistol_webley_first_raise
xanim,#vm_smg_vmp_t8_pullout_quick
xanim,#vm_smg_handling_uw_pullout
xanim,#vm_shotgun_semiauto_hand_pose_l_grip
xanim,#vm_ar_peacekeeper_t8_sprint_out
xanim,#vm_smg_drum_pistol_walk_f
xanim,#pt_pistol_prone_raise
xanim,#vm_pistol_revolver_jump
xanim,#vm_lmg_heavy_ads_reflex_up
xanim,#hash_3c3a72b59f06b1cb
xanim,#vm_ar_stealth_walk_f
xanim,#pb_male_lobby_wz_pos_01
xanim,#pb_male_lobby_wz_pos_02
xanim,#pb_male_lobby_wz_pos_03
xanim,#pb_male_lobby_wz_pos_04
xanim,#pb_male_lobby_wz_pos_05
xanim,#pb_male_lobby_wz_pos_06
xanim,#vm_tr_damageburst_t8_ads_ir_down
xanim,#vm_t8_swim_brawler_in
xanim,#hash_3c49932c579dc18b
xanim,#vm_mp9_ads_reflex_down
xanim,#vm_hades_swim_uw_pullout
xanim,#pt_launcher_stand_putaway
xanim,#hash_3c6f8e3bba7645aa
xanim,#vm_smg_handling_dw_sprint_out
xanim,#vm_perk_bottle_t7_ads_up
xanim,#vm_smg_folding_fire_intro
xanim,#vm_tr_swordfish_fire_ads_acog_intro
xanim,#vm_pistol_webley_dw_idle_r
xanim,#vm_pistol_webley_dw_idle_l
xanim,#vm_claymore_sprint
xanim,#vm_smg_fastburst_fire
xanim,#vm_sniper_locus_t8_sprint_loop
xanim,#pt_sniper_quickscope_stand_reload_partial_fmj
xanim,#vm_ar_peacekeeper_t8_fire
xanim,#hash_3cbfa8c543c9947d
xanim,#hash_3cbfaac543c997e3
xanim,#vm_ar_damage_ads_holo_up
xanim,#vm_smg_fastburst_pullout
xanim,#pt_brawler_stand_firstraise
xanim,#vm_shotgun_full_auto_sprint_in
xanim,#pt_crossbow_t8_first_raise_stand
xanim,#vm_ar_galil_ads_base_down
xanim,#hash_3ceac595178eb515
xanim,#vm_smg_fastfire_sprint_putaway
xanim,#vm_titan_sprint_raise
xanim,#vm_ar_damage_putaway_sprint
xanim,#vm_sniper_vanguard_swim_uw_putaway
xanim,#vm_smg_fastburst_reload_empty
xanim,#vm_smg_capacity_swim_from_land
xanim,#pt_rifle_t8_smg_vmp_prone_reload_partial
xanim,#vm_ar_hotchkiss_fire_ads
xanim,#vm_sniper_vanguard_ads_mms_up
xanim,#hash_3d4f085aadb95b52
xanim,#hash_3d525767f058db81
xanim,#vm_zom_scepter_fire_loop
xanim,#vm_tr_flechette_ads_mms_down
xanim,#vm_hades_crawl_r
xanim,#vm_hades_crawl_b
xanim,#vm_hades_crawl_f
xanim,#vm_hades_crawl_l
xanim,#hash_3d74f2c73a6eb5b4
xanim,#pt_shotgun_precision_t8_stand_reload
xanim,#vm_crouch_to_prone
xanim,#vm_tr_midburst_first_raise_foregrip
xanim,#hash_3d9d4a77856440a9
xanim,#vm_sniper_vanguard_ads_holo_down
xanim,#vm_frag_idle
xanim,#vm_tr_flechette_hand_pose_l
xanim,#vm_tr_flechette_hand_pose_r
xanim,#pt_tr_flechette_t8_stand_reload_empty
xanim,#pt_rifle_t8_tr_midburst_stand_inspect
xanim,#vm_tr_power_semi_ads_acog_down
xanim,#hash_3e056aca8b7bfc77
xanim,#vm_smg_drum_pistol_crawl_r
xanim,#vm_smg_drum_pistol_crawl_b
xanim,#vm_smg_drum_pistol_crawl_f
xanim,#vm_smg_drum_pistol_crawl_l
xanim,#vm_smg_thompson_jump_land
xanim,#vm_shotgun_full_auto_sprint_loop
xanim,#vm_mp9_reload_empty
xanim,#pt_chakram_stand_l_throw
xanim,#vm_ar_an94_t8_hand_pose_l
xanim,#vm_ar_an94_t8_hand_pose_r
xanim,#hash_3e38a7bd234bc272
xanim,#pt_rifle_t8_tr_midburst_prone_inspect
xanim,#hash_3e4561ffeae353dd
xanim,#pt_rifle_t8_smg_folding_crouch_inspect
xanim,#vm_ar_an94_t8_fire_ads
xanim,#vm_tr_swordfish_fire_ads_acog_last
xanim,#vm_mp9_reload
xanim,#vm_slow_grenade_sig_bow_cancel
xanim,#vm_perk_elixir_rare_rh
xanim,#vm_grapple_gun_reel_out_generic
xanim,#vm_smg_fastburst_crawl_b
xanim,#vm_smg_fastburst_crawl_f
xanim,#vm_smg_fastburst_crawl_l
xanim,#vm_smg_fastburst_crawl_r
xanim,#vm_sniper_fast_rechamber_putaway_quick
xanim,#vm_smg_folding_putaway_quick
xanim,#pt_rifle_prone_concussed_loop
xanim,#pt_rifle_t8_smg_handling_crouch_reload_partial_fast
xanim,#vm_smg_accurate_sprint_loop
xanim,#vm_sniper_locus_t8_ads_acog_lower_up
xanim,#vm_smg_handling_dw_first_raise
xanim,#vm_ar_hotchkiss_pullout_quick
xanim,#hash_3eb0dc087a62f7eb
xanim,#pt_rifle_stand_bowie_stick
xanim,#vm_shotgun_full_auto_sprint_pullout
xanim,#hash_3ebeb78b13897d25
xanim,#vm_sniper_locus_t8_sprint_pullout
xanim,#vm_grapple_gun_fire_fail_generic
xanim,#vm_ar_accurate_hand_pose_l_grip
xanim,#vm_ar_stealth_ads_base_down
xanim,#vm_ar_stealth_sprint_out
xanim,#vm_sniper_fast_rechamber_reload_empty_grip
xanim,#vm_shotgun_full_auto_ads_base_up
xanim,#vm_tr_swordfish_jump
xanim,#hash_3f1511a99ab8cb47
xanim,#vm_smg_handling_ads_holo_down
xanim,#pt_shotgun_precision_t8_stand_pullout
xanim,#vm_sniper_locus_t8_ads_acog_up
xanim,#pt_grenade_prone_prime
xanim,#pt_rifle_t8_smg_standard_stand_reload_partial
xanim,#vm_smg_handling_idle_swim
xanim,#vm_ar_fastfire_reload_empty_fast
xanim,#vm_ar_stealth_crawl_out
xanim,#pt_war_machine_stand_fire
xanim,#vm_argus_t8_putaway_quick
xanim,#vm_mp40_fire_ads_intro
xanim,#hash_3f49755091c5dc37
xanim,#vm_zom_packapunch_knucklecrack
xanim,#vm_sniper_damagesemi_hand_pose_l_grip
xanim,#hash_3f60e7c9104205a0
xanim,#pt_pistol_stand_firstraise
xanim,#vm_shotgun_trench_jump
xanim,#pt_rifle_t8_ar_galil_stand_firstraise
xanim,#pt_rifle_t8_smg_folding_stand_reload_empty
xanim,#hash_3f75c15aa6fa3fcc
xanim,#ai_direwolf_base_run_start
xanim,#vm_ar_k57_fire_intro_ads
xanim,#vm_tr_damageburst_t8_hand_pose_l_grip
xanim,#hash_3fa6c0a688f9f017
xanim,#vm_sniper_vanguard_reload_empty_ads
xanim,#vm_ar_peacekeeper_t8_pullout_quick
xanim,#vm_sniper_mini14_fall
xanim,#pt_rifle_t8_ar_standard_prone_reload
xanim,#vm_koshka_reload
xanim,#hash_3fe911ae24408e44
xanim,#hash_3ff5c5ed8c78e595
xanim,#vm_smg_capacity_fire_ads_acog
xanim,#pt_rifle_t8_ar_galil_prone_reload
xanim,#pt_lmg_standard_t8_prone_inspect
xanim,#hash_4024801561b75319
xanim,#pt_ballistic_knife_t8_swim_reload
xanim,#vm_tr_swordfish_fire_intro
xanim,#vm_ar_k57_reload
xanim,#vm_shotgun_trench_fire_ads
xanim,#vm_pistol_webley_walk_f
xanim,#vm_shotgun_trench_sprint_putaway
xanim,#vm_ar_peacekeeper_t8_inspect_grip
xanim,#vm_zom_wraith_fire_throw_rh_additive
xanim,#hash_409546f0ed9874e6
xanim,#vm_sticky_grenade_loop_bare_hands
xanim,#vm_ar_hotchkiss_sprint_raise
xanim,#vm_ar_fastfire_gunbutt_swipe
xanim,#vm_ar_peacekeeper_t8_crawl_in
xanim,#vm_mini_turret_ads_up
xanim,#vm_pistol_webley_crawl_out
xanim,#vm_sniper_mini14_ads_base_down
xanim,#vm_smg_accurate_ads_acog_down
xanim,#vm_ar_k57_ads_holo_down
xanim,#vm_ar_fastfire_fire
xanim,#vm_zom_hammer_sprint_pullout
xanim,#vm_tr_damageburst_t8_fire
xanim,#hash_40c5c04d30f7e3f1
xanim,#vm_frag_grenade_rh_loop
xanim,#vm_hades_walk_f
xanim,#hash_40ffc592f9c1cdd7
xanim,#pt_sword_pistol_stand_melee_swipe_lvl1
xanim,#vm_tr_flechette_fire_ads_holo
xanim,#vm_ar_fastfire_reload_fast
xanim,#hash_4109a0c858e6aea5
xanim,#vm_ar_peacekeeper_t8_reload_empty
xanim,#vm_ar_k57_putaway_quick
xanim,#vm_tr_flechette_reload_empty_grip
xanim,#vm_zom_hammer_pullout
xanim,#vm_smg_thompson_fall
xanim,#vm_smg_minigun_idle
xanim,#pt_tr_flechette_t8_stand_reload
xanim,#hash_414b1968b318b5ca
xanim,#vm_shotgun_semiauto_idle
xanim,#vm_pistol_auto_idle
xanim,#vm_tr_flechette_first_raise_grip
xanim,#vm_pistol_burst_ads_elo_up
xanim,#hash_4168b772c9743ea5
xanim,#vm_gesture_test_right_hand
xanim,#vm_shotgun_full_auto_fire_ads_reflex
xanim,#vm_sniper_vanguard_jump
xanim,#vm_ar_standard_sprint_out
xanim,#vm_launcher_standard_t8_crawl_in
xanim,#vm_ar_stealth_sprint_putaway
xanim,#vm_perk_bottle_t7_idle
xanim,#pt_launcher_prone_putaway
xanim,#vm_hades_inspect
xanim,#ai_t8_zm_mnsn_direwolf_trv_run_jump_40
xanim,#vm_zom_hammer_ads_base_up
xanim,#vm_frag_throw
xanim,#vm_ar_accurate_swim_uw_putaway
xanim,#hash_41c1e2d2f0e4a7ef
xanim,#vm_lmg_heavy_gunbutt_swipe
xanim,#hash_41c73140c0f59df2
xanim,#vm_smg_vmp_t8_sprint_in
xanim,#pt_smg_drum_pistol_crouch_shoot
xanim,#vm_ar_peacekeeper_t8_putaway
xanim,#vm_ar_hotchkiss_sprint_loop
xanim,#vm_tr_swordfish_inspect
xanim,#vm_smg_folding_reload_empty
xanim,#vm_ar_an94_t8_fire_ads_last
xanim,#vm_ar_standard_fire_intro
xanim,#vm_zom_wraith_fire_pullpin_rh
xanim,#pt_smg_drum_pistol_stand_shoot
xanim,#vm_titan_crawl_r
xanim,#vm_titan_crawl_b
xanim,#vm_titan_crawl_f
xanim,#vm_titan_crawl_l
xanim,#pt_knife_stand_first_raise
xanim,#vm_mp40_pullout_quick
xanim,#vm_sticky_grenade_loop_additive
xanim,#vm_pistol_revolver_swim_uw_putaway
xanim,#vm_lmg_mk48_fire_intro
xanim,#hash_42612abf42e7aa3b
xanim,#hash_426f08be8d7a2fdb
xanim,#vm_claymore_empty_idle
xanim,#vm_ballistic_knife_t8_hand_pose_l
xanim,#vm_ballistic_knife_t8_hand_pose_r
xanim,#vm_sniper_locus_t8_reload_empty
xanim,#vm_ar_hotchkiss_sprint_drop
xanim,#vm_pistol_webley_dw_swim_uw_putaway
xanim,#vm_ar_lever_action_reload_empty
xanim,#pt_sniper_quickscope_crouch_reload_fmj
xanim,#vm_mp9_jump
xanim,#vm_tr_flechette_swim_uw_putaway
xanim,#vm_gesture_test
xanim,#vm_smg_minigun_inspect
xanim,#vm_tr_swordfish_walk_f
xanim,#vm_mp40_sprint_pullout
xanim,#hash_43202cae0cfa1d33
xanim,#vm_smg_fastburst_uw_pullout
xanim,#vm_sniper_power_semi_ads_hybrid_lower_down
xanim,#vm_ar_damage_inspect
xanim,#vm_pistol_standard_swim_from_land
xanim,#vm_ar_stealth_hand_pose_r
xanim,#vm_ar_stealth_hand_pose_l
xanim,#vm_shotgun_trench_fall
xanim,#vm_launcher_standard_t8_crawl_out
xanim,#vm_tr_swordfish_fire_ads_reflex_last
xanim,#vm_lmg_heavy_ads_acog_lower_up
xanim,#vm_peacekeeper_t8_jump
xanim,#pt_rifle_t8_smg_vmp_crouch_reload
xanim,#vm_smg_capacity_reload_ext
xanim,#vm_pistol_burst_sprint_out
xanim,#hash_43b361b28313beee
xanim,#vm_argus_t8_ads_elo_up
xanim,#vm_smg_fastfire_first_raise
xanim,#hash_43d37ba4b54a6d33
xanim,#vm_ar_hotchkiss_walk_f
xanim,#vm_prone_to_crouch
xanim,#hash_43f2099b5cae2e05
xanim,#vm_ar_double_barrel_ads_holo_up
xanim,#vm_smg_fastburst_inspect_grip
xanim,#vm_sniper_fast_rechamber_ads_scanner_up
xanim,#vm_smg_minigun_ads_holo_up
xanim,#vm_smg_fastfire_ads_base_down
xanim,#hash_4438ae27f392801e
xanim,#hash_443ab393fd679a7b
xanim,#vm_shotgun_semiauto_swim_uw_pullout
xanim,#pt_lmg_heavy_t8_prone_reload
xanim,#vm_zom_chakram_dw_swipe_r
xanim,#ai_t8_zm_zod_homunculus_idle_01
xanim,#vm_tr_swordfish_crawl_l
xanim,#vm_tr_swordfish_crawl_f
xanim,#vm_tr_swordfish_crawl_b
xanim,#vm_tr_swordfish_crawl_r
xanim,#vm_ar_an94_t8_crawl_in
xanim,#hash_44824240bc7b0c60
xanim,#vm_shotgun_full_auto_idle
xanim,#hash_44865fdbbc8a1a73
xanim,#vm_sniper_mini14_reload
xanim,#vm_ar_stealth_swim_uw_putaway
xanim,#vm_ar_peacekeeper_t8_ads_elo_up
xanim,#vm_pistol_auto_sprint_putaway
xanim,#vm_sniper_mini14_sprint_out
xanim,#pt_dw_swim_melee_gunbutt_over
xanim,#vm_smg_capacity_fire_ads_intro_acog
xanim,#vm_tr_midburst_inspect_grip
xanim,#pt_rifle_t8_smg_handling_prone_inspect
xanim,#vm_sniper_mini14_first_raise_grip
xanim,#hash_44aec554ca394367
xanim,#vm_zom_wraith_fire_loop
xanim,#vm_hades_fire_ads_acog
xanim,#vm_ar_an94_t8_inspect
xanim,#vm_sniper_vanguard_reload
xanim,#vm_smg_fastburst_fire_ads_intro_elo
xanim,#vm_sniper_damagesemi_ads_is_up
xanim,#vm_ar_fastfire_reload
xanim,#vm_tr_swordfish_pullout
xanim,#vm_titan_sprint_out
xanim,#vm_ar_k57_fire_last
xanim,#vm_sniper_locus_t8_ads_mms_up
xanim,#hash_450212a4a35fecfc
xanim,#vm_ar_k57_sprint_out
xanim,#vm_sniper_fast_rechamber_walk_f
xanim,#vm_smg_accurate_ads_acog_up
xanim,#vm_sniper_power_semi_swim_uw_putaway
xanim,#vm_hades_putaway_quick
xanim,#vm_tr_midburst_walk_f
xanim,#vm_smg_fastburst_ads_elo_up
xanim,#vm_smg_folding_idle
xanim,#vm_hades_reload_empty_adv_mag
xanim,#vm_sniper_fast_rechamber_jump
xanim,#vm_zom_wraith_fire_pullpin_rh_additive
xanim,#vm_sniper_damagesemi_reload_out
xanim,#vm_pistol_standard_sprint_pullout
xanim,#vm_zom_sword_pistol_dw_sprint_in
xanim,#vm_claymore_sprint_in
xanim,#vm_sniper_power_semi_gunbutt_swipe
xanim,#vm_mp9_crawl_r
xanim,#vm_mp9_crawl_f
xanim,#vm_mp9_crawl_b
xanim,#vm_mp9_crawl_l
xanim,#hash_459056889cd9e4be
xanim,#hash_4591d8a2591beec7
xanim,#vm_sticky_grenade_throw_bare_hands_additive
xanim,#vm_lmg_mk48_putaway_quick
xanim,#hash_45a1b96613db1fa5
xanim,#vm_mp40_idle_empty
xanim,#vm_tr_damageburst_t8_sprint_loop
xanim,#hash_45ad2200e4075a21
xanim,#vm_smg_handling_ads_reflex_up
xanim,#viewmodel_default_fire
xanim,#vm_ar_an94_t8_gunbutt_swipe
xanim,#vm_tr_midburst_swim_to_land
xanim,#vm_tr_flechette_ads_mms_up
xanim,#vm_ar_standard_sprint_loop
xanim,#vm_ar_stealth_fire_ads
xanim,#vm_homunculus_ads_base_down
xanim,#vm_locus_jump
xanim,#vm_smg_handling_sprint_out
xanim,#vm_ar_standard_fire_ads_reflex_last
xanim,#ai_t8_zm_zod_homunculus_deploy_01
xanim,#vm_ar_lever_action_pullout
xanim,#pt_sword_pistol_crouch_melee_swipe_lvl1
xanim,#hash_463787bf9ebd201d
xanim,#vm_ar_lever_action_swim_uw_pullout
xanim,#vm_hades_ads_elo_down
xanim,#vm_grapple_gun_reel_out_generic_additive
xanim,#vm_ar_lever_action_walk_f
xanim,#hash_4651d0e3dd4b5dde
xanim,#vm_pistol_standard_ads_reflex_up
xanim,#hash_46673d87f914e5d5
xanim,#vm_tr_flechette_first_raise
xanim,#vm_smg_handling_sprint_in
xanim,#pt_rifle_prone_melee_gunbutt
xanim,#vm_sniper_vanguard_rechamber_ads
xanim,#vm_smg_handling_dw_reload_r
xanim,#vm_smg_handling_dw_reload_l
xanim,#vm_smg_minigun_reload_empty
xanim,#hash_469968b90061f04a
xanim,#vm_lmg_heavy_inspect
xanim,#vm_ar_standard_first_raise
xanim,#hash_46aaf41e5136647a
xanim,#vm_frag_grenade_pullpin
xanim,#vm_slow_grenade_sig_bow_pullpin
xanim,#hash_46ad28cb52e5e618
xanim,#vm_tr_damageburst_t8_idle
xanim,#vm_tr_midburst_reload_ext
xanim,#vm_ar_hotchkiss_fall
xanim,#vm_pistol_standard_swim_uw_pullout
xanim,#ai_t8_face_zombie_generic_pain_01
xanim,#vm_shotgun_full_auto_reload
xanim,#vm_t8_PRONE_TO_CROUCH_bare_hands_additive
xanim,#vm_sniper_power_semi_sprint_putaway
xanim,#vm_shotgun_trench_walk_f
xanim,#vm_tr_damageburst_t8_ads_acog_up
xanim,#vm_smg_vmp_t8_putaway_quick
xanim,#vm_tr_power_semi_reload_fmj
xanim,#vm_ar_stealth_sprint_in
xanim,#vm_argus_t8_hand_pose_l
xanim,#vm_argus_t8_hand_pose_r
xanim,#vm_pistol_auto_reload_fastreload
xanim,#vm_ar_k57_ads_acog_lower_up
xanim,#vm_smg_handling_reload_empty_fast_2
xanim,#hash_47449765b1d8ebe4
xanim,#hash_4745561c3587a0e9
xanim,#vm_ar_stealth_fire_intro_ads_acog
xanim,#vm_shotgun_pump_sprint_loop
xanim,#vm_pistol_burst_gunbutt_swipe
xanim,#pt_lever_action_stand_shoot
xanim,#vm_incendiary_ads_up
xanim,#pt_rifle_t8_tr_longburst_crouch_reload
xanim,#viewmodel_default_putaway
xanim,#hash_47880dd4d8027ec7
xanim,#vm_zom_scepter_putaway
xanim,#hash_4791589ff2a8cbc4
xanim,#vm_ar_hotchkiss_crawl_out
xanim,#vm_smg_fastfire_ads_elo_up
xanim,#ai_direwolf_base_run_turn_l_180
xanim,#vm_ar_hotchkiss_putaway
xanim,#pt_sniper_quickscope_prone_reload_partial_fmj
xanim,#vm_brawler_t8_ads_base_up
xanim,#hash_47bf01f6ebf141bf
xanim,#vm_ar_an94_t8_fire
xanim,#pt_hold_swim_throw
xanim,#vm_shotgun_semiauto_ads_reflex_up
xanim,#vm_grapple_gun_reel_loop_l_additive
xanim,#vm_ar_fastfire_fire_intro
xanim,#vm_semtex_pullpin
xanim,#vm_perk_totem_zombshell
xanim,#vm_sniper_fast_rechamber_ads_acog_upper_up
xanim,#hash_481eabf2fc121d9e
xanim,#vm_lmg_mg08_sprint_out
xanim,#pt_rifle_t8_ar_accurate_stand_reload
xanim,#vm_ar_accurate_ads_base_down
xanim,#vm_lmg_heavy_crawl_in
xanim,#hash_483a8761a5ff3b93
xanim,#pt_ballistic_knife_t8_prone_melee_stick
xanim,#vm_tr_flechette_reload
xanim,#vm_smg_accurate_inspect
xanim,#vm_pistol_webley_sprint_in
xanim,#vm_launcher_standard_t8_walk_f
xanim,#vm_shotgun_full_auto_ads_base_down
xanim,#vm_perk_totem_tortoise
xanim,#hash_487d7ae9f45b2c08
xanim,#vm_smg_accurate_fire
xanim,#pt_dw_swim_fire_leftarm
xanim,#hash_4889d471b292c639
xanim,#vm_mp9_swim_uw_putaway
xanim,#vm_perk_totem_mule_kick
xanim,#vm_ar_standard_reload_quick
xanim,#vm_sniper_vanguard_ads_acog_down
xanim,#hash_48a07b79ecec5c93
xanim,#vm_sniper_vanguard_sprint_putaway
xanim,#vm_tr_flechette_inspect_grip
xanim,#hash_48a8138d94838288
xanim,#vm_mini_turret_ads_down
xanim,#vm_ar_double_barrel_sprint_putaway
xanim,#ai_t8_zm_zod_homunculus_attack_01
xanim,#vm_tr_midburst_ads_elo_down
xanim,#vm_argus_t8_ads_base_up
xanim,#vm_special_crossbow_fire_ads_intro
xanim,#vm_pistol_burst_fire_ads
xanim,#hash_48b8ae34c82da2f1
xanim,#hash_48b8b834c82db3ef
xanim,#vm_titan_crawl_in
xanim,#vm_shotgun_full_auto_fire
xanim,#hash_48d8aeec9690876e
xanim,#vm_ballistic_knife_t8_dw_crawl_l
xanim,#vm_ballistic_knife_t8_dw_crawl_f
xanim,#vm_ballistic_knife_t8_dw_crawl_b
xanim,#vm_ballistic_knife_t8_dw_crawl_r
xanim,#vm_perk_bottle_t7_drink
xanim,#vm_lmg_heavy_ads_base_up
xanim,#hash_4907cb4382d3c40b
xanim,#vm_zom_staff_crawl_r
xanim,#vm_zom_staff_crawl_l
xanim,#vm_zom_staff_crawl_b
xanim,#vm_zom_staff_crawl_f
xanim,#vm_shotgun_semiauto_fire
xanim,#vm_pistol_standard_first_raise
xanim,#pt_rifle_t8_smg_handling_stand_reload_partial_fast
xanim,#vm_sniper_power_semi_reload_empty_ext
xanim,#hash_49297d17a9faceab
xanim,#hash_4938adc46f80b8c3
xanim,#vm_grapple_gun_reel_loop_generic_additive
xanim,#hash_49408809bc7c5690
xanim,#vm_mp40_reload_empty
xanim,#vm_ar_stealth_ads_elo_up
xanim,#vm_sniper_mini14_swim_uw_putaway
xanim,#vm_smg_capacity_first_raise
xanim,#vm_tr_damageburst_t8_hand_pose_l
xanim,#vm_tr_damageburst_t8_hand_pose_r
xanim,#vm_ar_stealth_putaway
xanim,#vm_zom_chakram_dw_putaway
xanim,#vm_ar_standard_reload
xanim,#hash_49767a2bf6465bbf
xanim,#pt_launcher_stand_inspect
xanim,#vm_lmg_heavy_ads_base_down
xanim,#vm_ar_hotchkiss_swim_uw_putaway
xanim,#vm_smg_capacity_sprint_out
xanim,#vm_perk_totem_ethereal_razor_rh
xanim,#vm_tr_swordfish_ads_acog_lower_down
xanim,#vm_sniper_power_semi_ads_iron_sights_up
xanim,#vm_launcher_standard_t8_fall
xanim,#vm_argus_t8_sprint_out
xanim,#vm_ar_standard_reload_fast
xanim,#hash_49e3163adc59febb
xanim,#hash_49e6534d679ae517
xanim,#vm_shotgun_semiauto_crawl_in
xanim,#vm_sniper_vanguard_sprint_in
xanim,#pt_rifle_prone_inspect
xanim,#hash_49f748c23b033b4f
xanim,#vm_pistol_webley_dw_sprint_in
xanim,#vm_lmg_mg08_sprint_drop
xanim,#vm_frag_grenade_throw_bare_hands_additive
xanim,#vm_ar_fastfire_ads_holo_up
xanim,#vm_pistol_revolver_sprint_pullout
xanim,#vm_pistol_standard_fall
xanim,#vm_ar_fastfire_idle
xanim,#pt_sniper_quickscope_stand_reload
xanim,#vm_sniper_vanguard_first_raise
xanim,#vm_ar_peacekeeper_t8_swim_uw_putaway
xanim,#vm_ar_stealth_ads_acog_up
xanim,#pt_rifle_t8_smg_handling_prone_reload_fast
xanim,#hash_4a55a58ff47de886
xanim,#hash_4a65fad8a01f1674
xanim,#vm_ar_k57_ads_reflex_up
xanim,#hash_4a7134dd3906334d
xanim,#vm_ar_k57_putaway
xanim,#pt_rifle_t8_ar_damage_stand_firstraise
xanim,#vm_sniper_power_semi_fire_ads_reflex
xanim,#vm_tr_midburst_fire_intro
xanim,#vm_shotgun_pump_inspect_grip
xanim,#vm_koshka_jump
xanim,#hash_4a94d76a0e7c0fb7
xanim,#hash_4aa7557809b6c0e9
xanim,#vm_tr_midburst_ads_thermal_up
xanim,#ai_direwolf_base_trot_turn_l_90
xanim,#vm_ar_fastfire_swim_uw_putaway
xanim,#vm_shotgun_semiauto_reload
xanim,#hash_4b10b36f72e96dac
xanim,#vm_shotgun_full_auto_putaway
xanim,#vm_ar_stealth_gunbutt_swipe
xanim,#vm_t8_swim_brawler_in_additive
xanim,#vm_sticky_grenade_throw_additive
xanim,#hash_4b4dbb96dc38203e
xanim,#vm_ar_an94_t8_sprint_putaway
xanim,#vm_sniper_fast_rechamber_sprint_pullout
xanim,#hash_4b6a40ec817da14e
xanim,#vm_mp9_sprint_out
xanim,#vm_special_crossbow_idle
xanim,#vm_sniper_vanguard_swim_uw_in
xanim,#vm_smg_vmp_t8_ads_elo_down
xanim,#vm_tr_flechette_ads_base_down
xanim,#vm_ar_damage_ads_reddot_lower_down
xanim,#vm_ar_peacekeeper_t8_crawl_out
xanim,#hash_4bb20f00364b5a67
xanim,#pt_rifle_t8_ar_modular_stand_reload_ext_empty
xanim,#vm_sniper_mini14_reload_ads
xanim,#vm_shotgun_trench_crawl_in
xanim,#hash_4be76869d1f45b31
xanim,#vm_t8_swim_brawler_r
xanim,#vm_t8_swim_brawler_l
xanim,#vm_t8_swim_brawler_f
xanim,#vm_t8_swim_brawler_b
xanim,#vm_smg_handling_ads_elo_down
xanim,#vm_smg_minigun_fire_intro_ads
xanim,#vm_hades_fire_ads
xanim,#vm_koshka_putaway
xanim,#vm_ar_fastfire_putaway
xanim,#vm_smg_handling_first_raise
xanim,#pt_ballistic_knife_t8_swim_melee
xanim,#vm_sniper_fast_rechamber_hand_pose_r
xanim,#vm_sniper_fast_rechamber_hand_pose_l
xanim,#vm_ar_standard_fire_ads_holo_last
xanim,#vm_smg_handling_sprint_loop
xanim,#vm_ar_double_barrel_ads_mms_down
xanim,#hash_4c6f10e8e43d4a2b
xanim,#hash_4c73204ed306d674
xanim,#vm_smg_drum_pistol_fire_intro_ads
xanim,#pt_turret_mini_stand_fire
xanim,#pt_rifle_stand_firstraise
xanim,#pt_an94_t8_crouch_reload_empty
xanim,#vm_mp40_fire
xanim,#pt_ballistic_knife_t8_prone_first_raise
xanim,#vm_ar_peacekeeper_t8_reload
xanim,#vm_argus_t8_inspect
xanim,#vm_ar_lever_action_crawl_out
xanim,#hash_4cbfaf6f26a21c35
xanim,#vm_pistol_standard_fire_ads
xanim,#hash_4cc78d4264df2801
xanim,#pt_rifle_t8_smg_handling_stand_reload_fast
xanim,#vm_shotgun_pump_hand_pose_r
xanim,#vm_shotgun_pump_hand_pose_l
xanim,#vm_smg_drum_pistol_hand_pose_l
xanim,#vm_smg_drum_pistol_hand_pose_r
xanim,#vm_sniper_power_semi_ads_ir_down
xanim,#vm_ar_double_barrel_crawl_in
xanim,#vm_smg_minigun_ads_holo_down
xanim,#vm_t8_swim_brawler_idle_static
xanim,#vm_perk_totem_winters_wail_rh
xanim,#vm_argus_t8_rechamber_ads
xanim,#vm_pistol_revolver_putaway_grip
xanim,#pt_rifle_t8_smg_handling_prone_reload_partial
xanim,#hash_4d30bb828b7bdfa4
xanim,#vm_pistol_standard_walk_f
xanim,#pt_rifle_t8_ar_fastfire_crouch_firstraise
xanim,#vm_smg_fastfire_uw_putaway
xanim,#vm_titan_ads_mms_up
xanim,#vm_ar_peacekeeper_t8_first_raise
xanim,#vm_sniper_mini14_inspect
xanim,#vm_ar_peacekeeper_t8_sprint_loop
xanim,#hash_4d87e2403e494523
xanim,#vm_sniper_mini14_crawl_r
xanim,#vm_sniper_mini14_crawl_l
xanim,#vm_sniper_mini14_crawl_b
xanim,#vm_sniper_mini14_crawl_f
xanim,#pt_turret_mini_stand_raise
xanim,#vm_zom_bowie_knife_ads_base_down
xanim,#vm_shotgun_semiauto_putaway_quick
xanim,#vm_ar_k57_ads_base_down
xanim,#vm_titan_sprint_drop
xanim,#vm_smg_capacity_jump
xanim,#hash_4db6637d279b7f03
xanim,#vm_ar_an94_t8_idle
xanim,#hash_4db8e4973cea74ea
xanim,#vm_shotgun_semiauto_sprint_pullout
xanim,#vm_sniper_mini14_ads_hybrid_upper_down
xanim,#pt_lmg_heavy_t8_prone_reload_fast
xanim,#vm_tr_damageburst_t8_reload_fastmag
xanim,#vm_ballistic_knife_t8_dw_inspect
xanim,#hash_4de6ae91122134a4
xanim,#hash_4ded53f9da6a1a68
xanim,#vm_tr_flechette_putaway_quick
xanim,#vm_sniper_power_semi_jump
xanim,#vm_mp9_swim_uw_pullout
xanim,#vm_titan_ads_ir_up
xanim,#vm_sticky_grenade_throw_sig_bow
xanim,#vm_ballistic_knife_t8_sprint_pullout
xanim,#vm_t8_swim_b_dw
xanim,#vm_pistol_standard_jump
xanim,#vm_ar_galil_crawl_out
xanim,#vm_incendiary_idle
xanim,#ai_t8_zm_zombie_dog_pro_trv_mantle_up_128_dn_36
xanim,#vm_zom_chakram_dw_idle_l
xanim,#vm_zom_chakram_dw_idle_r
xanim,#vm_ar_accurate_ads_acog_up
xanim,#pt_lmg_standard_t8_crouch_reload
xanim,#vm_hades_sprint_loop
xanim,#hash_4e5d0e17419c7ac0
xanim,#hash_4e5d2c17419cadba
xanim,#pt_bowie_prone_putaway
xanim,#pt_sniper_fastrechamber_crouch_inspect
xanim,#pt_shotgun_precision_t8_stand_inspect
xanim,#vm_smg_accurate_ads_base_down
xanim,#vm_t8_mantle_over_additive
xanim,#vm_ar_an94_t8_fire_ads_acog_last
xanim,#vm_smg_handling_ads_elo_up
xanim,#vm_tr_flechette_pullout_grip
xanim,#vm_mp40_pullout
xanim,#vm_smg_fastfire_reload_quick
xanim,#vm_smg_fastfire_idle
xanim,#hash_4ea2874a407d17d0
xanim,#vm_ar_accurate_putaway_quick
xanim,#hash_4ea7464fc1c639e3
xanim,#vm_sniper_locus_t8_ads_base_down
xanim,#vm_t8_swim_l_additive
xanim,#vm_smg_fastfire_pullout_quick
xanim,#vm_shotgun_trench_ads_base_down
xanim,#vm_ar_galil_ads_base_up
xanim,#vm_ar_lever_action_first_raise
xanim,#vm_smg_accurate_sprint_putaway
xanim,#pt_rifle_t8_smg_standard_stand_inspect
xanim,#vm_smg_capacity_swim_uw_putaway
xanim,#hash_4ee2a8dc1095f771
xanim,#vm_special_crossbow_pullout_quick
xanim,#vm_brawler_t8_walk_f
xanim,#vm_ar_fastfire_hand_pose_r
xanim,#vm_ar_fastfire_hand_pose_l
xanim,#hash_4f0e6abd2f56ca7c
xanim,#vm_pistol_auto_swim_uw_pullout
xanim,#vm_smg_handling_ads_base_up
xanim,#hash_4f1bc6ef57d486ef
xanim,#vm_ar_double_barrel_first_raise
xanim,#hash_4f275dcac7951af5
xanim,#vm_titan_ads_acog_upper_up
xanim,#vm_sniper_fast_rechamber_swim_to_land
xanim,#vm_spyder_dw_lh_fire
xanim,#hash_4f4b25bea8e1a558
xanim,#vm_tr_swordfish_ads_reflex_up
xanim,#hash_4f4c7040e9359bc7
xanim,#vm_ar_an94_t8_reload_fast
xanim,#vm_pistol_auto_sprint_pullout
xanim,#vm_smg_fastfire_reload_empty
xanim,#hash_4f62d636b6bc4906
xanim,#vm_sniper_mini14_fire_ads_acog
xanim,#hash_4f860fa6ecf8dba2
xanim,#vm_ar_fastfire_fire_ads_intro
xanim,#vm_claymore_sprint_out
xanim,#ai_t8_face_zombie_generic_death_01
xanim,#vm_smg_minigun_ads_reflex_up
xanim,#hash_4fae5ce7b334dc7f
xanim,#vm_mp40_putaway_quick
xanim,#ai_t8_zm_mnsn_direwolf_pro_trv_mantle_96
xanim,#ai_t8_zm_mnsn_direwolf_pro_trv_mantle_72
xanim,#ai_t8_zm_mnsn_direwolf_pro_trv_mantle_48
xanim,#vm_smg_vmp_t8_fire_ads
xanim,#ai_t8_zm_mnsn_direwolf_pro_trv_mantle_36
xanim,#vm_pistol_auto_reload_empty_fastreload_mix
xanim,#vm_zom_sword_pistol_dw_idle_l
xanim,#vm_zom_sword_pistol_dw_idle_r
xanim,#vm_perk_totem_bandolier_rh
xanim,#pt_rifle_t8_ar_galil_crouch_inspect
xanim,#vm_t8_swim_in_dw_additive
xanim,#pt_rifle_t8_smg_vmp_prone_inspect
xanim,#vm_sniper_mini14_putaway
xanim,#vm_ar_double_barrel_fire
xanim,#vm_smg_drum_pistol_swim_uw_pullout
xanim,#vm_shotgun_trench_swim_uw_putaway
xanim,#vm_pistol_auto_lastshot
xanim,#vm_shotgun_pump_reload_out
xanim,#vm_smg_capacity_ads_reflex_down
xanim,#pt_knife_crouch_first_raise
xanim,#vm_tr_power_semi_crawl_in
xanim,#vm_ar_peacekeeper_t8_ads_base_up
xanim,#vm_shotgun_pump_swim_uw_putaway
xanim,#vm_ar_k57_first_raise_grip
xanim,#vm_shotgun_full_auto_putaway_quick
xanim,#pt_rifle_t8_smg_folding_stand_first_raise
xanim,#vm_slide_bare_hands_additive
xanim,#vm_tr_damageburst_t8_reload_quick
xanim,#vm_ar_accurate_reload_empty_fmj
xanim,#pt_grenade_crouch_prime
xanim,#vm_hades_fire_intro
xanim,#pt_rifle_t8_smg_fastfire_prone_reload_partial
xanim,#vm_shotgun_pump_fire
xanim,#hash_506ff06ad05cd219
xanim,#vm_smg_handling_ads_mms_down
xanim,#pt_rifle_t8_ar_accurate_crouch_reload
xanim,#vm_shotgun_pump_first_raise
xanim,#hash_5087ed29551be063
xanim,#vm_ar_accurate_reload
xanim,#vm_ar_lever_action_sprint_putaway
xanim,#hash_50a0bfe44cf9aef2
xanim,#pb_rifle_endgame_1stplace_idle
xanim,#vm_tr_damageburst_t8_pullout_quick
xanim,#vm_zom_bowie_knife_idle
xanim,#vm_sniper_mini14_ads_base_up
xanim,#vm_sniper_power_semi_pullout_quick
xanim,#pt_dw_crouch_melee_gunbutt
xanim,#pt_ar_peacekeeper_t8_prone_reload
xanim,#vm_ar_damage_reload_empty_fmj_grip
xanim,#vm_pistol_auto_hand_pose_l
xanim,#vm_pistol_auto_hand_pose_r
xanim,#vm_smg_minigun_ads_elo_up
xanim,#vm_lmg_heavy_hand_pose_l_grip
xanim,#vm_ar_accurate_jump_land
xanim,#hash_50fddcb3d6da174b
xanim,#vm_zom_wraith_fire_pullpin
xanim,#pt_hammer_stand_melee
xanim,#pt_bow_stand_flashed_loop
xanim,#vm_smg_capacity_fire_intro_ads
xanim,#pt_sword_pistol_stand_firstraise
xanim,#vm_tr_swordfish_pullout_quick
xanim,#hash_514233c47e520820
xanim,#vm_sniper_mini14_jump
xanim,#vm_pistol_burst_swim_uw_putaway
xanim,#vm_smg_handling_dw_pullout
xanim,#vm_sniper_damagesemi_swim_putaway
xanim,#hash_517513ed860bd195
xanim,#vm_smg_folding_sprint_loop
xanim,#pt_shotgun_stand_firstraise
xanim,#vm_ar_fastfire_ads_elo_up
xanim,#vm_sniper_power_semi_crawl_r
xanim,#vm_sniper_power_semi_crawl_b
xanim,#vm_sniper_power_semi_crawl_f
xanim,#vm_sniper_power_semi_crawl_l
xanim,#hash_51994b03a21b0327
xanim,#vm_lmg_heavy_sprint_in
xanim,#vm_ar_lever_action_reload
xanim,#vm_tr_midburst_putaway_quick
xanim,#vm_titan_ads_acog_lower_down
xanim,#vm_spray_can_sig_bow
xanim,#vm_ballistic_knife_t8_reload_r
xanim,#hash_51cafee06f835ad2
xanim,#pt_rifle_t8_lmg_heavy_prone_inspect
xanim,#vm_lmg_heavy_ads_reflex_down
xanim,#vm_ar_galil_fire_intro
xanim,#vm_ar_accurate_fire
xanim,#vm_mp40_crawl_f
xanim,#vm_mp40_crawl_b
xanim,#vm_mp40_crawl_l
xanim,#vm_sniper_vanguard_fire
xanim,#vm_mp40_crawl_r
xanim,#vm_sniper_vanguard_reload_empty
xanim,#vm_ar_galil_ads_acog_up
xanim,#vm_pistol_standard_reload_ext
xanim,#hash_52076f25e809a9e1
xanim,#vm_tr_flechette_reload_empty_quick
xanim,#hash_520f9afacbdd8ff2
xanim,#vm_smg_capacity_reload_empty
xanim,#vm_sniper_fast_rechamber_fire_ads_acog
xanim,#vm_hades_ads_base_up
xanim,#pt_sniper_double_prone_shoot
xanim,#vm_tr_swordfish_ads_thermal_down
xanim,#vm_ar_standard_swim_uw_putaway
xanim,#pt_rifle_t8_smg_accurate_prone_reload_partial
xanim,#vm_health_regen_idle
xanim,#vm_smg_handling_ads_holo_up
xanim,#vm_ar_k57_crawl_in
xanim,#hash_527c9cea8b7b8022
xanim,#vm_pistol_auto_sprint_out
xanim,#vm_ar_standard_fire_last
xanim,#pt_rifle_t8_ar_damage_stand_reload_partial
xanim,#vm_mp40_sprint_out
xanim,#pt_rifle_t8_tr_longburst_crouch_firstraise
xanim,#vm_titan_idle
xanim,#vm_shotgun_semiauto_walk_f
xanim,#vm_pistol_auto_reload_empty_mixclip
xanim,#hash_52ded19282500173
xanim,#vm_smg_handling_crawl_in
xanim,#vm_mp9_fire_intro
xanim,#vm_mp40_swim_uw_pullout
xanim,#vm_lmg_heavy_pullout
xanim,#hash_531afd9946d2ff87
xanim,#vm_tr_flechette_pullout
xanim,#vm_smg_handling_fire_ads_intro
xanim,#vm_zom_sword_pistol_dw_sprint_loop
xanim,#hash_53448fcf35bd128f
xanim,#pb_grenade_dive_prone_land
xanim,#vm_sniper_power_semi_sprint_pullout
xanim,#vm_sniper_damagesemi_hand_pose_l
xanim,#vm_sniper_damagesemi_hand_pose_r
xanim,#vm_ar_double_barrel_pullout_quick
xanim,#vm_brawler_t8_sprint_out
xanim,#viewmodel_default_pullout
xanim,#pt_rifle_t8_smg_accurate_crouch_inspect
xanim,#vm_tr_swordfish_reload_empty
xanim,#hash_538e14365ba76524
xanim,#vm_argus_t8_crawl_in
xanim,#vm_lmg_mk48_first_raise
xanim,#vm_koshka_ads_acog_up
xanim,#vm_ar_stealth_fire
xanim,#vm_ar_damage_swim_uw_putaway
xanim,#vm_t8_swim_brawler_idle_static_additive
xanim,#hash_53b86aa30a8ac183
xanim,#vm_ar_lever_action_crawl_r
xanim,#vm_ar_lever_action_crawl_l
xanim,#vm_ar_lever_action_crawl_b
xanim,#vm_ar_lever_action_crawl_f
xanim,#pt_rifle_t8_smg_vmp_crouch_inspect
xanim,#vm_mp9_ads_ir_up
xanim,#vm_tr_flechette_ads_reflex_down
xanim,#vm_tr_power_semi_gunbutt_swipe
xanim,#vm_koshka_swim_to_land
xanim,#viewmodel_default_ads_down
xanim,#hash_53dff4b40faa2621
xanim,#hash_540218209154f9e1
xanim,#vm_sniper_damagesemi_ads_acog_up
xanim,#pt_rifle_swim_reload_over_partial
xanim,#vm_ar_damage_ads_acog_lower_down
xanim,#hash_54108db8d6a8a122
xanim,#pt_rifle_t8_ar_fastfire_crouch_reload
xanim,#vm_ar_accurate_sprint_putaway
xanim,#vm_tr_damageburst_t8_sprint_pullout
xanim,#vm_ar_damage_sprint_out
xanim,#vm_zom_wraith_fire_cancel
xanim,#vm_koshka_ads_elo_up
xanim,#pb_rifle_t8_smg_fastburst_stand_inspect
xanim,#vm_pistol_revolver_inspect
xanim,#vm_tr_power_semi_swim_from_land
xanim,#vm_sniper_damagesemi_sprint_putaway
xanim,#vm_sniper_locus_t8_hand_pose_l
xanim,#vm_sniper_locus_t8_hand_pose_r
xanim,#pt_rifle_t8_ar_modular_stand_reload_empty
xanim,#hash_544d0af94ac2bdd0
xanim,#vm_mp9_fire
xanim,#pt_ar_fastfire_fingers_l
xanim,#vm_smg_vmp_t8_ads_up
xanim,#vm_smg_accurate_sprint_pullout
xanim,#vm_perk_elixir_classic_rh
xanim,#vm_pistol_auto_crawl_r
xanim,#vm_pistol_auto_crawl_b
xanim,#vm_pistol_auto_crawl_f
xanim,#vm_pistol_auto_crawl_l
xanim,#vm_smg_handling_dw_gunbutt_swipe
xanim,#vm_tr_power_semi_hand_pose_r
xanim,#vm_tr_power_semi_hand_pose_l
xanim,#vm_koshka_reload_fmj
xanim,#vm_smg_fastfire_swim_from_land
xanim,#hash_549c400dc54bb270
xanim,#hash_549d29fab7ff709c
xanim,#vm_sniper_power_semi_ads_ir_up
xanim,#vm_smg_fastburst_ads_holo_down
xanim,#pt_rifle_t8_smg_fastfire_stand_reload_fastmag_partial
xanim,#vm_ar_accurate_reload_empty
xanim,#vm_ar_damage_fire
xanim,#hash_54d480c17d7ff2bf
xanim,#hash_54e0dae921547e7d
xanim,#hash_54ebd3f84b2e7ae4
xanim,#hash_54f737c3918c9863
xanim,#vm_pistol_burst_reload_empty_ext
xanim,#vm_zom_packapunch_ads_base_down
xanim,#vm_minigun_t7_putaway_quick
xanim,#vm_zom_hammer_walk_f
xanim,#vm_shotgun_pump_fire_ads_rf
xanim,#vm_sniper_locus_t8_reload_ext
xanim,#vm_smg_fastburst_crawl_in
xanim,#vm_hades_ads_reflex_down
xanim,#hash_552fb83d91fca640
xanim,#vm_minigun_t7_fall
xanim,#vm_perk_bottle_rh_additive
xanim,#pt_chakram_stand_putaway
xanim,#hash_554b45a5c74afcbf
xanim,#vm_smg_folding_fire_last
xanim,#vm_sniper_mini14_swim_uw_pullout
xanim,#pt_pistol_standard_crouch_reload
xanim,#vm_shotgun_semiauto_crawl_out
xanim,#vm_smg_handling_dw_sprint_pullout
xanim,#pt_launcher_prone_inspect
xanim,#vm_tr_swordfish_swim_uw_in
xanim,#vm_zom_scepter_hand_pose_l
xanim,#vm_zom_scepter_hand_pose_r
xanim,#vm_ar_fastfire_sprint_putaway
xanim,#vm_pistol_standard_ads_reflex_down
xanim,#vm_smg_fastfire_crawl_out
xanim,#vm_zom_hammer_slam
xanim,#vm_pistol_revolver_first_raise
xanim,#vm_sniper_mini14_reload_empty_ads
xanim,#hash_559f1b284540326d
xanim,#vm_sniper_fast_rechamber_reload_empty_rf
xanim,#vm_tr_midburst_swim_uw_in
xanim,#pt_rifle_t8_lmg_heavy_crouch_inspect
xanim,#hash_55bb1d9f97f80209
xanim,#vm_hades_swim_uw_putaway
xanim,#vm_shotgun_pump_swim_uw_pullout
xanim,#vm_titan_ads_ir_down
xanim,#vm_t8_swim_f_dw_ballistic
xanim,#vm_ar_lever_action_jump
xanim,#vm_lmg_heavy_ads_acog_upper_up
xanim,#ai_t8_face_zombie_generic_idle_01
xanim,#hash_560df04f9f0adf18
xanim,#hash_561012cb9a80456d
xanim,#pt_rifle_t8_smg_fastfire_stand_reload
xanim,#hash_5636de5c315260c9
xanim,#vm_pistol_auto_sprint_in
xanim,#vm_ballistic_knife_t8_inspect
xanim,#pt_pistol_standard_crouch_reload_partial
xanim,#vm_smg_vmp_t8_reload_empty
xanim,#vm_pistol_webley_dw_fall
xanim,#pt_lmg_swim_reload
xanim,#vm_shotgun_pump_lastshot
xanim,#vm_tr_power_semi_ads_mms_up
xanim,#pt_pistol_swim_melee_gunbutt
xanim,#pt_lmg_heavy_t8_crouch_reload
xanim,#vm_titan_gunbutt_swipe
xanim,#pt_sniper_fastrechamber_stand_reload
xanim,#hash_56d7602677e64548
xanim,#vm_mp9_ads_base_down
xanim,#vm_shotgun_trench_inspect
xanim,#pt_shotgun_precision_t8_stand_rechamber
xanim,#vm_special_crossbow_crawl_in
xanim,#vm_sniper_locus_t8_fire_ads_acog
xanim,#pt_hold_swim_putaway
xanim,#vm_pistol_revolver_sprint_out
xanim,#vm_zom_wraith_fire_loop_rh_additive
xanim,#vm_ar_fastfire_first_raise
xanim,#hash_57130c0940d7f19e
xanim,#pt_rifle_t8_ar_galil_crouch_reload_partial
xanim,#vm_minigun_t7_pullout
xanim,#vm_ar_stealth_reload
xanim,#vm_titan_swim_uw_pullout
xanim,#vm_titan_ads_holo_down
xanim,#hash_572dab9c3745d26c
xanim,#vm_lmg_mg08_reload_empty
xanim,#pt_hold_crouch_throw
xanim,#vm_ar_fastfire_pullout
xanim,#vm_smg_handling_dw_slide_additive
xanim,#vm_mp40_fire_intro
xanim,#pt_shotgun_precision_t8_stand_putaway
xanim,#vm_smg_folding_ads_reflex_down
xanim,#vm_tr_midburst_crawl_f
xanim,#vm_tr_midburst_crawl_b
xanim,#vm_tr_midburst_crawl_l
xanim,#vm_tr_midburst_crawl_r
xanim,#vm_tr_swordfish_ads_acog_upper_up
xanim,#vm_lmg_heavy_fire_ads_intro_acog
xanim,#vm_mp9_fire_last_ads
xanim,#pt_sword_pistol_crouch_alt_fire
xanim,#vm_tr_swordfish_ads_scanner_up
xanim,#pt_rifle_t8_smg_vmp_crouch_reload_empty
xanim,#hash_57994c4ed7b92323
xanim,#pf_death
xanim,#pt_sniper_quickscope_stand_first_raise
xanim,#hash_57ad0af6aa107968
xanim,#vm_ar_accurate_ads_reflex_down
xanim,#hash_57ba799e19fd40d1
xanim,#pt_rifle_stand_bowie_swipe
xanim,#vm_tr_swordfish_ads_holo_up
xanim,#pt_one_handed_gun_male_stand_fire
xanim,#pt_rifle_t8_ar_modular_prone_inspect
xanim,#vm_t8_swim_idle_static
xanim,#vm_mp9_crawl_out
xanim,#vm_sniper_fast_rechamber_reload_empty_mixclip_grip
xanim,#vm_smg_fastburst_ads_reflex_down
xanim,#vm_sniper_power_semi_fire_ads_acog
xanim,#vm_frag_ads_up
xanim,#vm_ar_accurate_jump
xanim,#hash_5822a2fd69f3dc2c
xanim,#vm_zom_hammer_fire_alt
xanim,#vm_smg_folding_swim_uw_pullout
xanim,#vm_ar_galil_fire_intro_ads
xanim,#vm_ar_damage_ads_mms_down
xanim,#vm_shotgun_full_auto_swim_uw_pullout
xanim,#vm_lmg_mg08_putaway_quick
xanim,#vm_shotgun_trench_crawl_out
xanim,#hash_5849184e50198d77
xanim,#ai_t8_zm_mnsn_direwolf_pro_trv_jump_up_160
xanim,#vm_tr_damageburst_t8_fire_last
xanim,#vm_tr_flechette_reload_quick
xanim,#ai_t8_zm_mnsn_direwolf_pro_trv_jump_up_128
xanim,#hash_5859b72b0aff35e8
xanim,#vm_frag_grenade_rh_loop_additive
xanim,#hash_5861b15de5ed4889
xanim,#pt_rifle_t8_ar_damage_crouch_firstraise
xanim,#ai_t8_zm_zod_homunculus_dth_01
xanim,#vm_ar_galil_putaway
xanim,#vm_tr_midburst_crawl_out
xanim,#vm_shocked_loop_brawler
xanim,#vm_tr_power_semi_ads_acog_up
xanim,#vm_ar_standard_jump_land
xanim,#vm_sniper_fast_rechamber_rechamber_ads
xanim,#vm_sniper_fast_rechamber_rechamber_rf
xanim,#vm_zom_chakram_dw_sprint_out
xanim,#vm_smg_fastfire_sprint_loop
xanim,#vm_tr_swordfish_ads_acog_lower_up
xanim,#vm_sniper_locus_t8_gunbutt_swipe
xanim,#pt_rifle_t8_tr_midburst_stand_firstraise_foregrip
xanim,#vm_lmg_heavy_reload_empty_fast
xanim,#vm_ar_double_barrel_crawl_out
xanim,#hash_58eac08f1b63ed35
xanim,#vm_smg_capacity_swim_uw_pullout
xanim,#vm_incendiary_pullpin
xanim,#vm_zipline_loop_additive
xanim,#vm_smg_accurate_ads_reflex_down
xanim,#vm_ar_galil_sprint_loop
xanim,#vm_smg_handling_inspect
xanim,#vm_smg_accurate_reload_empty_ext
xanim,#vm_hades_sprint_out
xanim,#vm_pistol_webley_swim_uw_pullout
xanim,#vm_sniper_locus_t8_crawl_in
xanim,#vm_smg_fastburst_sprint_putaway
xanim,#vm_sniper_locus_t8_sprint_out
xanim,#vm_ar_hotchkiss_reload_empty
xanim,#vm_smg_folding_fire_ads
xanim,#hash_595d1d80a5d66f36
xanim,#vm_smg_accurate_reload_empty
xanim,#vm_titan_putaway_quick
xanim,#vm_sniper_mini14_fire_ads
xanim,#vm_smg_handling_dw_ads_down
xanim,#vm_minigun_t7_idle
xanim,#vm_tr_power_semi_idle
xanim,#pt_chakram_crouch_r_melee
xanim,#hash_597300a13a497c5a
xanim,#vm_lmg_heavy_first_raise
xanim,#vm_ar_double_barrel_sprint_loop
xanim,#vm_claymore_fire_last
xanim,#vm_pistol_burst_sprint_pullout
xanim,#vm_ar_damage_fire_ads
xanim,#vm_pistol_auto_first_raise
xanim,#pt_hold_prone_raise
xanim,#vm_smg_vmp_t8_swim_from_land
xanim,#vm_sniper_vanguard_reload_hip
xanim,#vm_launcher_standard_t8_swim_uw_pullout
xanim,#pt_an94_t8_stand_reload
xanim,#vm_lmg_mk48_crawl_in
xanim,#hash_59cf4159918eee18
xanim,#vm_ballistic_knife_t8_crawl_in
xanim,#vm_lmg_mk48_ads_mms_down
xanim,#hash_5a095eb36177a48b
xanim,#pt_staff_crouch_putaway
xanim,#vm_titan_fire_intro
xanim,#vm_morphine_syrette_hand_pose_l
xanim,#vm_morphine_syrette_hand_pose_r
xanim,#vm_smg_vmp_t8_sprint_out
xanim,#vm_zom_scepter_sprint_pullout
xanim,#vm_ar_damage_fire_ads_holo
xanim,#vm_pistol_webley_dw_jump
xanim,#vm_ar_galil_swim_uw_putaway
xanim,#vm_tr_midburst_ads_holo_down
xanim,#vm_ar_peacekeeper_t8_ads_mms_up
xanim,#vm_t8_swim_idle_static_dw_ballistic
xanim,#hash_5aacc7f4ccbd514a
xanim,#hash_5abb8f82160f0c95
xanim,#pt_pistol_swim_fire
xanim,#pt_turret_mini_stand_hold_idle
xanim,#pt_ballistic_knife_t8_stand_inspect
xanim,#hash_5ad323560efa67ec
xanim,#hash_5ad326a0f37df535
xanim,#hash_5ad397e2a334c051
xanim,#vm_frag_grenade_rh_pullpin_additive
xanim,#vm_mini_turret_hold_fire
xanim,#vm_lmg_mk48_reload_empty
xanim,#pt_prone_shoot_pistol
xanim,#hash_5af14747fff03053
xanim,#vm_ar_damage_ads_reddot_upper_up
xanim,#vm_zom_wraith_fire_throw_additive
xanim,#vm_sniper_vanguard_putaway
xanim,#vm_ar_lever_action_ads_base_down
xanim,#vm_hades_reload_empty_grip
xanim,#vm_tr_flechette_fire_ads_acog
xanim,#hash_5b2675b27731a08d
xanim,#vm_ar_peacekeeper_t8_reload_empty_quick
xanim,#vm_sniper_locus_t8_ads_base_up
xanim,#hash_5b4c2299b489dedb
xanim,#vm_smg_drum_pistol_ads_base_down
xanim,#vm_smg_capacity_ads_base_up
xanim,#vm_special_crossbow_fire
xanim,#pt_rifle_t8_ar_damage_prone_reload_partial
xanim,#vm_sniper_power_semi_jump_land
xanim,#vm_tr_midburst_crawl_in
xanim,#hash_5b7b6c4a1f1adf92
xanim,#pt_sword_pistol_stand_putaway
xanim,#vm_argus_t8_ads_reflex_down
xanim,#vm_ar_k57_ads_reflex_down
xanim,#vm_ballistic_knife_t8_dw_melee_l_finisher_out
xanim,#vm_pistol_burst_lastshot
xanim,#vm_pistol_burst_walk_f
xanim,#vm_ar_k57_sprint_loop
xanim,#vm_smg_accurate_fire_ads
xanim,#vm_ar_galil_idle
xanim,#vm_lmg_mg08_fire_ads
xanim,#vm_lmg_mk48_hand_pose_l_grip
xanim,#pt_pistol_crouch_inspect
xanim,#vm_ar_galil_gunbutt_swipe
xanim,#vm_crouch_to_prone_additive
xanim,#vm_hades_sprint_in
xanim,#ai_direwolf_base_run_turn_r_180
xanim,#pt_rifle_swim_raise
xanim,#vm_pistol_burst_fall
xanim,#vm_pistol_burst_idle_empty
xanim,#hash_5c04d5750527487f
xanim,#vm_shotgun_pump_gunbutt_swipe
xanim,#vm_smg_fastfire_reload_empty_fastmag
xanim,#pt_sniper_fastrechamber_stand_first_raise
xanim,#vm_ar_stealth_jump_land
xanim,#vm_sniper_damagesemi_reload_fast_empty
xanim,#vm_ar_damage_swim_from_land
xanim,#pt_hold_stand_putaway
xanim,#vm_special_crossbow_ads_pistol_scope_lower_down
xanim,#vm_pistol_auto_putaway
xanim,#vm_zom_hammer_ads_base_down
xanim,#vm_pistol_revolver_fire
xanim,#vm_ar_damage_walk_f
xanim,#vm_shock_charge_throw
xanim,#hash_5ca8b8df47376d7d
xanim,#vm_sniper_vanguard_ads_ir_up
xanim,#vm_hades_pullout
xanim,#vm_CROUCH_TO_PRONE_bare_hands_additive
xanim,#vm_ar_lever_action_fire_ads
xanim,#vm_tr_damageburst_t8_swim_uw_putaway
xanim,#pt_ballistic_knife_t8_stand_fire
xanim,#hash_5cb081ddf471f196
xanim,#vm_morphine_syrette_ads_base_up
xanim,#vm_smg_vmp_t8_sprint_pullout
xanim,#vm_ar_accurate_sprint_loop
xanim,#hash_5ce1a92c18099bbe
xanim,#vm_smg_fastburst_fire_intro
xanim,#vm_barehands_unstoppable_force_in
xanim,#vm_smg_drum_pistol_idle
xanim,#vm_zom_wraith_fire_loop_rh
xanim,#vm_ar_galil_ads_ir_up
xanim,#vm_ar_lever_action_hand_pose_r
xanim,#vm_ar_lever_action_hand_pose_l
xanim,#hash_5d033d1005104920
xanim,#vm_sniper_fast_rechamber_ads_reflex_down
xanim,#pt_rifle_t8_smg_accurate_stand_reload
xanim,#vm_smg_minigun_pullout
xanim,#vm_ar_hotchkiss_putaway_quick
xanim,#ai_t8_zm_mob_zombie_dog_stun_in
xanim,#vm_sniper_vanguard_ads_holo_up
xanim,#vm_smg_fastburst_sprint_in
xanim,#pt_rifle_prone_melee_bayonet
xanim,#vm_pistol_auto_crawl_in
xanim,#vm_perk_totem_deadshot
xanim,#vm_mp9_ads_elo_down
xanim,#hash_5da200186c3985f3
xanim,#vm_argus_t8_lastshot
xanim,#pt_rifle_t8_smg_capacity_prone_inspect
xanim,#pt_rifle_t8_smg_handling_prone_reload
xanim,#vm_sniper_power_semi_crawl_in
xanim,#pt_rifle_t8_ar_accurate_prone_reload
xanim,#vm_ar_fastfire_ads_holo_down
xanim,#vm_pistol_auto_crawl_out
xanim,#vm_tr_power_semi_crawl_out
xanim,#vm_sniper_mini14_gunbutt_swipe
xanim,#p8_fxanim_zm_zod_staff_ra_float_anim
xanim,#vm_shotgun_pump_ads_elo_up
xanim,#pt_an94_t8_stand_reload_empty
xanim,#pt_ar_peacekeeper_t8_stand_reload
xanim,#pf_casual_idle
xanim,#vm_ar_standard_reload_empty
xanim,#vm_argus_t8_reload_quick
xanim,#hash_5e25341b5b979e47
xanim,#vm_sticky_grenade_cancel_additive
xanim,#pt_rifle_t8_ar_fastfire_stand_firstraise
xanim,#pt_rifle_t8_smg_fastfire_stand_reload_partial
xanim,#hash_5e674e33fe203eac
xanim,#hash_5e694f59ec0b1fb1
xanim,#vm_koshka_ads_base_down
xanim,#vm_ar_accurate_gunbutt_swipe
xanim,#pt_rifle_t8_tr_midburst_prone_reload
xanim,#vm_ar_k57_reload_quick
xanim,#vm_svg100_fire_ads_acog
xanim,#vm_tr_midburst_sprint_pullout
xanim,#pt_tr_flechette_t8_prone_reload
xanim,#pt_brawler_stand_putaway
xanim,#vm_pistol_auto_inspect
xanim,#vm_pistol_revolver_putaway
xanim,#pt_rifle_crouch_putaway
xanim,#hash_5eb96bbc2b14afc2
xanim,#vm_zom_scepter_melee
xanim,#vm_brawler_t8_sprint_putaway
xanim,#hash_5ed3f05ac6382819
xanim,#hash_5ed5bb1b3d170f00
xanim,#vm_smg_accurate_crawl_out
xanim,#pt_sniper_fastrechamber_stand_shoot
xanim,#vm_koshka_fire_ads_acog
xanim,#vm_tr_swordfish_putaway_quick
xanim,#vm_smg_accurate_hand_pose_l
xanim,#vm_smg_accurate_hand_pose_r
xanim,#hash_5f2833afa378d72b
xanim,#pt_an94_t8_crouch_inspect
xanim,#pt_ballistic_knife_t8_stand_first_raise
xanim,#vm_perk_totem_staminup_rh
xanim,#vm_zom_sword_pistol_dw_reload_alt
xanim,#pt_ballistic_knife_t8_stand_melee
xanim,#vm_zom_sword_pistol_dw_sprint_putaway
xanim,#hash_5f98f3619c86e53c
xanim,#vm_tr_power_semi_ads_holo_up
xanim,#vm_perk_elixir_ultra_rh
xanim,#pt_rifle_t8_ar_modular_prone_reload
xanim,#vm_locus_jump_land
xanim,#vm_tr_damageburst_t8_pullout
xanim,#vm_lmg_mg08_fall
xanim,#pt_turret_mini_prone_raise
xanim,#vm_smg_vmp_t8_idle
xanim,#vm_ar_damage_ads_acog_upper_up
xanim,#vm_bare_hands_swim_uw_sprint_loop
xanim,#vm_ballistic_knife_t8_sprint_loop
xanim,#vm_shotgun_full_auto_fire_ads_reflex_intro
xanim,#pt_rifle_t8_smg_capacity_prone_reload_empty
xanim,#vm_titan_reload_ext
xanim,#vm_smg_fastburst_reload_fast
xanim,#pt_rifle_t8_smg_handling_crouch_reload_fast
xanim,#vm_smg_capacity_fire_intro
xanim,#vm_sniper_locus_t8_first_raise
xanim,#vm_lmg_mg08_jump_land
xanim,#vm_koshka_crawl_out
xanim,#vm_tr_flechette_hand_pose_grip
xanim,#vm_smg_accurate_reload_ext
xanim,#vm_lmg_heavy_fire_ads
xanim,#vm_shotgun_pump_pullout
xanim,#vm_tr_power_semi_swim_uw_pullout
xanim,#vm_smg_capacity_sprint_pullout
xanim,#vm_smg_fastfire_ads_reflex_up
xanim,#pt_lmg_standard_t8_stand_firstraise
xanim,#pt_shotgun_precision_t8_prone_inspect
xanim,#vm_tr_power_semi_ads_acog_lower_down
xanim,#vm_tr_swordfish_sprint_loop
xanim,#hash_6062a8147810df28
xanim,#hash_6078c17802f7c109
xanim,#hash_60804dde64da8a1a
xanim,#hash_60858149dc7db022
xanim,#vm_incendiary_throwback
xanim,#vm_shotgun_pump_pullout_quick
xanim,#vm_ar_damage_pullout
xanim,#vm_ar_accurate_crawl_r
xanim,#vm_ar_accurate_crawl_f
xanim,#vm_ar_accurate_crawl_b
xanim,#vm_ar_accurate_crawl_l
xanim,#vm_ar_accurate_first_raise
xanim,#pt_hold_prone_putaway
xanim,#vm_sniper_damagesemi_inspect
xanim,#hash_60c2cb0bbc248815
xanim,#vm_homunculus_throw
xanim,#vm_zom_chakram_dw_hit
xanim,#vm_lmg_heavy_swim_uw_putaway
xanim,#vm_sniper_power_semi_fall
xanim,#pt_launcher_crouch_fire
xanim,#pt_sniper_fastrechamber_crouch_first_raise
xanim,#vm_ar_an94_t8_crawl_r
xanim,#vm_ar_an94_t8_crawl_l
xanim,#vm_ar_an94_t8_crawl_f
xanim,#vm_ar_an94_t8_crawl_b
xanim,#vm_lmg_heavy_ads_acog_lower_down
xanim,#vm_smg_capacity_overheat
xanim,#vm_ar_galil_inspect
xanim,#vm_smg_handling_fire
xanim,#vm_lmg_mg08_jump
xanim,#vm_launcher_standard_t8_sprint_in
xanim,#vm_smg_accurate_sprint_in
xanim,#hash_618037f904ffd0c6
xanim,#vm_ar_stealth_bayonet_miss
xanim,#hash_619b8e08018e9734
xanim,#vm_ar_k57_fall
xanim,#vm_minigun_t7_ads_base_down
xanim,#hash_61a62cfca4fbbb04
xanim,#vm_ar_accurate_ads_holo_up
xanim,#vm_sticky_grenade_loop
xanim,#pt_rifle_t8_smg_fastfire_crouch_reload
xanim,#vm_tr_midburst_first_raise
xanim,#vm_sniper_fast_rechamber_crawl_in
xanim,#vm_smg_vmp_t8_pullout
xanim,#pt_hold_crouch_raise
xanim,#vm_hades_fire_last
xanim,#vm_sniper_mini14_sprint_putaway
xanim,#vm_pistol_webley_pullout
xanim,#vm_smg_fastfire_reload_empty_extclip
xanim,#vm_sticky_grenade_pullpin_sig_bow
xanim,#vm_zom_sword_pistol_dw_putaway
xanim,#vm_shotgun_pump_crawl_out
xanim,#pt_rifle_t8_tr_midburst_crouch_firstraise
xanim,#vm_ar_accurate_ads_mms_up
xanim,#pt_rifle_t8_tr_longburst_stand_reload_partial
xanim,#vm_tr_power_semi_inspect
xanim,#vm_smg_vmp_t8_putaway
xanim,#vm_pistol_revolver_crawl_r
xanim,#vm_pistol_revolver_crawl_l
xanim,#vm_pistol_revolver_crawl_b
xanim,#vm_pistol_revolver_crawl_f
xanim,#hash_623066eb78e958f4
xanim,#vm_smg_capacity_jump_land
xanim,#vm_ar_an94_t8_reload_empty_quick
xanim,#hash_624ebe0482ad4a4f
xanim,#vm_smg_fastfire_ads_elo_down
xanim,#vm_zom_hammer_first_raise
xanim,#hash_6267d1481cdfdfce
xanim,#vm_sniper_mini14_ads_hybrid_lower_down
xanim,#vm_ar_fastfire_swim_from_land
xanim,#hash_62ab93eedebe3246
xanim,#vm_ar_double_barrel_swim_uw_pullout
xanim,#pt_lever_action_crouch_shoot
xanim,#hash_62d0c2da70e6f343
xanim,#vm_tr_damageburst_t8_reload_ext
xanim,#vm_koshka_swim_uw_putaway
xanim,#vm_sniper_fast_rechamber_ads_base_up
xanim,#vm_smg_capacity_ads_mms_up
xanim,#pt_rifle_t8_smg_handling_crouch_inspect
xanim,#pt_sniper_double_crouch_shoot
xanim,#vm_sniper_locus_t8_reload_quick
xanim,#vm_sniper_mini14_putaway_quick
xanim,#vm_tr_swordfish_ads_reflex_down
xanim,#hash_631ec35c13722d4c
xanim,#hash_631ec65c13723265
xanim,#vm_pistol_revolver_hand_pose_r
xanim,#vm_pistol_revolver_hand_pose_l
xanim,#vm_t8_swim_b_additive
xanim,#vm_tr_midburst_fire_intro_ads_acog
xanim,#vm_smg_fastburst_pullout_quick
xanim,#ai_t8_zm_zombie_dog_pro_trv_mantle_up_80_dn_36
xanim,#vm_ar_peacekeeper_t8_ads_elo_down
xanim,#pt_launcher_crouch_melee
xanim,#vm_koshka_ads_acog_lower_down
xanim,#vm_ballistic_knife_t8_melee_l_in
xanim,#vm_koshka_rechamber
xanim,#hash_63af29df06fbc73f
xanim,#vm_ballistic_knife_t8_melee_l
xanim,#vm_titan_jump_land
xanim,#vm_ar_damage_crawl_l
xanim,#vm_ar_damage_crawl_f
xanim,#vm_ar_damage_crawl_b
xanim,#vm_ar_damage_crawl_r
xanim,#vm_ar_stealth_idle
xanim,#vm_ar_k57_crawl_out
xanim,#ai_direwolf_base_trot_turn_l_180
xanim,#vm_zom_scepter_fire_out
xanim,#hash_63f33ec179f0e6a8
xanim,#vm_sniper_power_semi_ads_base_up
xanim,#vm_sniper_fast_rechamber_fire_ads_ironsights
xanim,#hash_6418f742edf0b703
xanim,#vm_shotgun_semiauto_jump
xanim,#pt_hammer_crouch_firstraise
xanim,#vm_hades_ads_holo_up
xanim,#vm_koshka_inspect
xanim,#vm_pistol_auto_jump
xanim,#hash_645574dd7a2df58c
xanim,#hash_6460f0ac9dff0a5a
xanim,#vm_t8_swim_in_dw_ballistic
xanim,#vm_smg_folding_crawl_in
xanim,#vm_smg_fastburst_ads_base_up
xanim,#vm_smg_handling_dw_slide
xanim,#hash_647370527fda47fa
xanim,#vm_zom_sword_pistol_dw_fire_alt
xanim,#vm_smg_handling_ads_mms_up
xanim,#vm_ar_accurate_ads_ir_up
xanim,#pt_sword_pistol_stand_alt_fire
xanim,#vm_sniper_fast_rechamber_fire_grip
xanim,#hash_64f99c2933f31e2a
xanim,#vm_mp40_crawl_out
xanim,#vm_shotgun_full_auto_crawl_out
xanim,#vm_smg_drum_pistol_fire
xanim,#pt_pistol_crouch_melee_bayonet
xanim,#vm_ar_an94_t8_sprint_loop
xanim,#vm_pistol_burst_inspect
xanim,#hash_651ac5107d3df417
xanim,#vm_ar_stealth_fire_intro_ads
xanim,#vm_smg_vmp_t8_ads_holo_down
xanim,#vm_perk_totem_electric_burst
xanim,#vm_sniper_damagesemi_ads_acog_lower_down
xanim,#vm_ar_lever_action_rechamber
xanim,#vm_pistol_webley_swim_uw_putaway
xanim,#pt_sniper_fastrechamber_stand_inspect
xanim,#hash_654b2a606396a595
xanim,#pt_rifle_t8_smg_standard_crouch_firstraise
xanim,#vm_launcher_standard_t8_putaway_quick
xanim,#hash_6574c8a96de9bb7e
xanim,#pt_pistol_burst_prone_reload
xanim,#hash_6590b0078b3c6f56
xanim,#pt_sniper_fastrechamber_prone_inspect
xanim,#vm_perk_totem_mule_kick_rh
xanim,#vm_tr_damageburst_t8_ads_holo_down
xanim,#ai_direwolf_exposed_run_thru_melee_short_f_01
xanim,#ai_direwolf_exposed_run_thru_melee_short_f_00
xanim,#vm_pistol_burst_ads_elo_down
xanim,#vm_ar_k57_idle
xanim,#vm_sniper_power_semi_ads_mms_up
xanim,#vm_pistol_burst_idle
xanim,#pt_shotgun_precision_t8_prone_reload
xanim,#hash_6605240228b4b3e9
xanim,#vm_hades_fire_ads_last
xanim,#hash_661059752033b0ba
xanim,#vm_t8_swim_r_dw_ballistic
xanim,#pt_rifle_t8_smg_accurate_prone_reload
xanim,#vm_ar_an94_t8_jump_land
xanim,#pt_staff_stand_putaway
xanim,#vm_zom_scepter_sprint_putaway
xanim,#hash_664924a4f43134dd
xanim,#vm_zom_wraith_fire_loop_additive
xanim,#vm_brawler_t8_jump
xanim,#vm_perk_elixir_legendary_rh
xanim,#vm_sniper_power_semi_sprint_out
xanim,#vm_pistol_webley_dw_putaway
xanim,#hash_665edc41404e8321
xanim,#vm_tr_damageburst_t8_crawl_r
xanim,#vm_tr_damageburst_t8_crawl_l
xanim,#vm_tr_damageburst_t8_crawl_f
xanim,#vm_tr_damageburst_t8_crawl_b
xanim,#vm_smg_fastfire_fire_ads
xanim,#vm_ar_stealth_reload_quick
xanim,#vm_shotgun_semiauto_crawl_b
xanim,#vm_shotgun_semiauto_crawl_f
xanim,#vm_shotgun_semiauto_crawl_l
xanim,#vm_shotgun_semiauto_crawl_r
xanim,#vm_ballistic_knife_t8_dw_first_raise
xanim,#hash_668951cfd6184ce4
xanim,#vm_lmg_mk48_fire_ads_intro_acog
xanim,#vm_smg_vmp_t8_crawl_in
xanim,#vm_sniper_mini14_walk_f
xanim,#vm_frag_grenade_loop_bare_hands
xanim,#pt_rifle_t8_smg_fastburst_crouch_reload
xanim,#hash_66ad0a2dbc043f58
xanim,#vm_hades_ads_reflex_up
xanim,#vm_pistol_auto_lastshot_ads
xanim,#hash_66bb78d2ab301a68
xanim,#vm_shotgun_semiauto_fire_ads
xanim,#vm_shotgun_pump_rechamber
xanim,#pt_staff_stand_firstraise
xanim,#vm_smg_vmp_t8_ads_ir_down
xanim,#pt_rifle_t8_smg_accurate_crouch_reload
xanim,#vm_ar_an94_t8_first_raise_grip
xanim,#vm_shotgun_full_auto_fire_ads_intro
xanim,#vm_sniper_mini14_ads_ir_up
xanim,#vm_mp9_fire_ads_holo
xanim,#vm_argus_t8_sprint_putaway
xanim,#vm_tr_damageburst_t8_reload_empty
xanim,#vm_frag_grenade_rh_cancel_additive
xanim,#vm_smg_handling_fire_intro
xanim,#hash_672b6b478b7d27a3
xanim,#vm_smg_accurate_walk_f
xanim,#vm_lmg_heavy_ads_ir_down
xanim,#hash_6735ff4d93b34c0d
xanim,#pt_rifle_swim_putaway_over
xanim,#vm_tr_damageburst_t8_ads_acog_lower_up
xanim,#vm_koshka_sprint_pullout
xanim,#vm_tr_damageburst_t8_ads_ir_up
xanim,#hash_6753e9b1e5a0dcfc
xanim,#vm_tr_midburst_reload_ext_empty_grip
xanim,#hash_6796c7a474078e6c
xanim,#vm_sniper_fast_rechamber_fire_uber
xanim,#vm_pistol_standard_putaway
xanim,#hash_67a59997a47ba3ac
xanim,#hash_67ae75e642fed4a4
xanim,#vm_ar_peacekeeper_t8_reload_empty_fastmag
xanim,#pt_rifle_t8_smg_accurate_stand_reload_partial
xanim,#vm_zom_scepter_pullout
xanim,#hash_67c58252f8577a9c
xanim,#vm_grapple_gun_reel_loop_u_additive
xanim,#hash_67ce80f0f9d0e1a1
xanim,#vm_smg_fastburst_fire_ads_intro
xanim,#vm_ar_double_barrel_ads_base_up
xanim,#vm_koshka_fire
xanim,#vm_titan_reload_empty
xanim,#vm_ar_peacekeeper_t8_ads_mms_down
xanim,#vm_pistol_standard_pullout
xanim,#vm_t8_mantle_over
xanim,#hash_67f509614189951a
xanim,#hash_680f9d6a681b8602
xanim,#hash_6812929d87f3be6a
xanim,#vm_smg_vmp_t8_gunbutt_swipe
xanim,#hash_6844b189ea8ebeb9
xanim,#vm_sniper_fast_rechamber_sprint_putaway
xanim,#vm_zom_chakram_dw_crawl_out
xanim,#hash_6863ecb392ce402d
xanim,#vm_sniper_locus_t8_rechamber_ads
xanim,#vm_koshka_crawl_in
xanim,#hash_686a2bb06df72bd5
xanim,#vm_tr_power_semi_walk_f
xanim,#vm_pistol_revolver_sprint_loop
xanim,#vm_ar_accurate_ads_acog_lower_up
xanim,#vm_ar_damage_crawl_out
xanim,#vm_sniper_damagesemi_pullout_quick
xanim,#vm_shotgun_full_auto_pullout_quick
xanim,#vm_pistol_standard_sprint_out
xanim,#pt_ballistic_knife_t8_prone_putaway
xanim,#vm_t8_swim_r_additive
xanim,#vm_lmg_heavy_idle
xanim,#vm_koshka_reload_quick
xanim,#vm_zom_scepter_sprint_out
xanim,#vm_ar_fastfire_crawl_l
xanim,#vm_ar_fastfire_crawl_f
xanim,#vm_ar_fastfire_crawl_b
xanim,#vm_ar_fastfire_crawl_r
xanim,#vm_ar_an94_t8_putaway
xanim,#vm_ar_galil_putaway_quick
xanim,#vm_koshka_gunbutt_swipe
xanim,#vm_koshka_ads_base_up
xanim,#vm_t8_swim_brawler_out_additive
xanim,#pt_rifle_t8_smg_fastfire_prone_reload
xanim,#vm_lmg_mk48_fire
xanim,#hash_69375688f96168cb
xanim,#pt_sniper_fastrechamber_stand_rechamber
xanim,#vm_launcher_standard_t8_swim_uw_putaway
xanim,#vm_ar_double_barrel_idle
xanim,#vm_koshka_fire_ads_iron_sights
xanim,#hash_6957135bceb8c2a9
xanim,#vm_shotgun_full_auto_fire_ads
xanim,#vm_smg_folding_reload
xanim,#ai_direwolf_base_run_turn_r_90
xanim,#hash_699ec2efbb71f285
xanim,#vm_zipline_loop
xanim,#pt_ar_peacekeeper_t8_prone_inspect
xanim,#vm_sniper_fast_rechamber_crawl_b
xanim,#vm_sniper_fast_rechamber_crawl_f
xanim,#vm_sniper_fast_rechamber_crawl_l
xanim,#vm_sniper_fast_rechamber_crawl_r
xanim,#vm_zom_hammer_melee
xanim,#pt_rifle_t8_smg_handling_prone_reload_partial_fast
xanim,#vm_smg_capacity_crawl_b
xanim,#vm_smg_capacity_crawl_f
xanim,#vm_smg_capacity_crawl_l
xanim,#vm_smg_capacity_crawl_r
xanim,#hash_69d034685b994a0f
xanim,#vm_perk_elixir_epic_rh
xanim,#vm_sniper_fast_rechamber_rechamber_uber
xanim,#pt_pistol_stand_melee_bayonet
xanim,#vm_smg_minigun_crawl_in
xanim,#vm_smg_minigun_ads_base_down
xanim,#hash_6a18347f7638dcfc
xanim,#pt_hammer_crouch_raise
xanim,#vm_ar_damage_ads_reddot_upper_down
xanim,#vm_sniper_fast_rechamber_ads_ironsights_up_mp
xanim,#vm_ar_k57_ads_elo_up
xanim,#vm_tr_swordfish_fire_ads_reflex
xanim,#vm_ar_galil_fire_intro_ads_ir
xanim,#vm_ar_standard_ads_base_down_ir
xanim,#hash_6a32620e74e56531
xanim,#vm_koshka_hand_pose_l
xanim,#vm_koshka_hand_pose_r
xanim,#hash_6a3bbf9a818141e2
xanim,#vm_sniper_damagesemi_ads_mms_down
xanim,#vm_zom_chakram_dw_crawl_in
xanim,#vm_smg_handling_dw_putaway
xanim,#vm_ar_stealth_ads_reflex_down
xanim,#hash_6a6e204a914204a7
xanim,#hash_6a73a04bf3fa597a
xanim,#vm_tr_midburst_pullout
xanim,#vm_pistol_standard_reload
xanim,#hash_6a8ea7d6634fa1a2
xanim,#vm_argus_t8_ads_elo_down
xanim,#vm_tr_swordfish_fire_last
xanim,#vm_smg_minigun_hand_pose_l
xanim,#vm_smg_minigun_hand_pose_r
xanim,#pt_pistol_fullauto_stand_inspect
xanim,#vm_shotgun_semiauto_sprint_putaway
xanim,#vm_zod_bubble_gum_eat
xanim,#hash_6ac4f719dc3de49c
xanim,#pt_pistol_prone_melee_bayonet
xanim,#vm_shotgun_trench_reload_in
xanim,#vm_t8_swim_l_dw
xanim,#ai_direwolf_base_dth_f_a
xanim,#vm_pistol_auto_reload_fastreload_mix
xanim,#vm_lmg_heavy_swim_uw_pullout
xanim,#hash_6af1cc0a89f9a246
xanim,#hash_6b0c0a176e470f86
xanim,#hash_6b1408eedfb7a23c
xanim,#pt_hammer_stand_raise
xanim,#vm_pistol_auto_fire_ads
xanim,#vm_smg_vmp_t8_ads_down
xanim,#vm_smg_fastburst_crawl_out
xanim,#hash_6b3ff8e6d92f635f
xanim,#vm_sniper_mini14_hand_pose_l
xanim,#vm_sniper_mini14_hand_pose_r
xanim,#vm_lmg_mk48_gunbutt_swipe
xanim,#vm_t8_swim_f_additive
xanim,#vm_shotgun_pump_hand_pose_l_grip
xanim,#vm_smg_accurate_pullout
xanim,#hash_6b66cceb8268aeb3
xanim,#vm_smg_handling_dw_sprint_in
xanim,#pt_rifle_t8_tr_longburst_prone_reload_partial
xanim,#vm_sniper_damagesemi_gunbutt_swipe
xanim,#vm_lmg_mk48_ads_elo_down
xanim,#hash_6b87a31a29b1e90b
xanim,#vm_zom_hammer_sprint_loop
xanim,#vm_lmg_mk48_putaway
xanim,#hash_6b969d2907402c71
xanim,#hash_6b9e8e879c9ef15b
xanim,#hash_6bafcdaccda5152a
xanim,#vm_pistol_webley_idle
xanim,#vm_pistol_webley_dw_pullout
xanim,#pt_ballistic_knife_t8_stand_reload
xanim,#pt_an94_t8_stand_inspect
xanim,#vm_smg_fastfire_crawl_r
xanim,#vm_smg_fastfire_crawl_b
xanim,#vm_smg_fastfire_crawl_f
xanim,#vm_smg_fastfire_crawl_l
xanim,#pt_shotgun_precision_t8_prone_firstraise
xanim,#vm_tr_midburst_ads_acog_lower_down
xanim,#hash_6bd7c1a7f0a41201
xanim,#hash_6bdc57aec543de1b
xanim,#vm_sniper_vanguard_ads_iron_sights_up
xanim,#hash_6bf2ee9adea9e23b
xanim,#vm_sniper_fast_rechamber_swim_uw_putaway
xanim,#vm_mp9_sprint_putaway
xanim,#vm_lmg_mg08_walk_f
xanim,#hash_6c293e2d1d7e4470
xanim,#hash_6c2afea1ad17e140
xanim,#hash_6c2affa1ad17e2f3
xanim,#hash_6c2b00a1ad17e4a6
xanim,#hash_6c2b01a1ad17e659
xanim,#hash_6c2b02a1ad17e80c
xanim,#hash_6c2b03a1ad17e9bf
xanim,#hash_6c2b04a1ad17eb72
xanim,#hash_6c2b05a1ad17ed25
xanim,#hash_6c2b06a1ad17eed8
xanim,#hash_6c2b07a1ad17f08b
xanim,#vm_smg_accurate_crawl_b
xanim,#vm_smg_accurate_crawl_f
xanim,#vm_smg_accurate_crawl_l
xanim,#vm_smg_accurate_crawl_r
xanim,#hash_6c2e81a1ad1af5b0
xanim,#hash_6c2e82a1ad1af763
xanim,#hash_6c2e83a1ad1af916
xanim,#hash_6c2e84a1ad1afac9
xanim,#hash_6c2e85a1ad1afc7c
xanim,#hash_6c2e86a1ad1afe2f
xanim,#hash_6c2e87a1ad1affe2
xanim,#hash_6c2e88a1ad1b0195
xanim,#hash_6c2e8ba1ad1b06ae
xanim,#hash_6c2e8ca1ad1b0861
xanim,#vm_hades_putaway
xanim,#hash_6c320aa1ad1e1452
xanim,#hash_6c320ba1ad1e1605
xanim,#hash_6c388fa1ad2361ff
xanim,#hash_6c3892a1ad236718
xanim,#hash_6c3893a1ad2368cb
xanim,#hash_6c3894a1ad236a7e
xanim,#hash_6c3895a1ad236c31
xanim,#hash_6c3897a1ad236f97
xanim,#hash_6c3898a1ad23714a
xanim,#hash_6c3899a1ad2372fd
xanim,#hash_6c3c13a1ad267822
xanim,#hash_6c3c14a1ad2679d5
xanim,#hash_6c3c15a1ad267b88
xanim,#hash_6c3c16a1ad267d3b
xanim,#hash_6c3c17a1ad267eee
xanim,#hash_6c3c18a1ad2680a1
xanim,#hash_6c3c19a1ad268254
xanim,#hash_6c3c1aa1ad268407
xanim,#hash_6c3c1ba1ad2685ba
xanim,#hash_6c3c1ca1ad26876d
xanim,#hash_6c3f80a1ad296730
xanim,#hash_6c3f81a1ad2968e3
xanim,#hash_6c3f82a1ad296a96
xanim,#hash_6c3f83a1ad296c49
xanim,#hash_6c3f84a1ad296dfc
xanim,#hash_6c3f85a1ad296faf
xanim,#hash_6c3f86a1ad297162
xanim,#hash_6c3f87a1ad297315
xanim,#hash_6c3f8aa1ad29782e
xanim,#hash_6c3f8ba1ad2979e1
xanim,#hash_6c4303a1ad2c7ba0
xanim,#hash_6c4304a1ad2c7d53
xanim,#hash_6c4305a1ad2c7f06
xanim,#hash_6c4306a1ad2c80b9
xanim,#hash_6c4307a1ad2c826c
xanim,#hash_6c4308a1ad2c841f
xanim,#hash_6c4309a1ad2c85d2
xanim,#hash_6c430aa1ad2c8785
xanim,#hash_6c430fa1ad2c9004
xanim,#hash_6c4310a1ad2c91b7
xanim,#vm_mp9_sprint_in
xanim,#pt_launcher_crouch_putaway
xanim,#hash_6c576a03d629c9b4
xanim,#pt_shotgun_stand_shoot
xanim,#vm_shotgun_full_auto_ads_reflex_up
xanim,#vm_ar_damage_gunbutt_swipe
xanim,#ai_direwolf_base_trv_jump_up_40
xanim,#ai_direwolf_base_trv_jump_up_48
xanim,#vm_pistol_revolver_idle
xanim,#pt_rifle_t8_smg_handling_dw_prone_inspect
xanim,#vm_pistol_burst_jump_land
xanim,#vm_shotgun_pump_reload_in
xanim,#vm_shotgun_pump_reload_sl
xanim,#pt_rifle_t8_smg_capacity_stand_inspect
xanim,#vm_ar_lever_action_sprint_pullout
xanim,#vm_smg_handling_dw_jump_land
xanim,#vm_shotgun_pump_fire_ads
xanim,#vm_special_crossbow_sprint_out
xanim,#hash_6d19afe55fa0a4f0
xanim,#vm_ar_double_barrel_sprint_out
xanim,#vm_shotgun_semiauto_reload_extclip
xanim,#pt_sniper_quickscope_stand_reload_partial
xanim,#ai_direwolf_base_trv_jump_down_190
xanim,#ai_direwolf_base_trv_jump_down_184
xanim,#vm_ballistic_knife_t8_fire_last_r
xanim,#vm_ar_k57_pullout_grip
xanim,#ai_direwolf_base_trv_jump_down_127
xanim,#ai_direwolf_base_trv_jump_down_126
xanim,#vm_molotov_idle
xanim,#vm_grapple_gun_fire_fail_generic_additive
xanim,#hash_6d6b5f6b8552c17e
xanim,#hash_6d6b606b8552c331
xanim,#vm_ar_fastfire_reload_empty
xanim,#vm_tr_power_semi_reload
xanim,#vm_smg_capacity_sprint_in
xanim,#vm_smg_drum_pistol_fire_last_ads
xanim,#vm_pistol_standard_reload_empty_ext
xanim,#vm_shotgun_semiauto_hand_pose_r
xanim,#vm_shotgun_semiauto_hand_pose_l
xanim,#pt_rifle_t8_smg_accurate_crouch_reload_partial
xanim,#vm_argus_t8_crawl_out
xanim,#pt_lmg_standard_t8_crouch_reload_ext
xanim,#hash_6dcb367e623b1930
xanim,#ai_t8_zm_zod_homunculus_throw_loop_01
xanim,#vm_shotgun_semiauto_putaway
xanim,#vm_smg_vmp_t8_sprint_loop
xanim,#pt_rifle_t8_ar_fastfire_stand_reload_partial
xanim,#vm_tr_midburst_hand_pose_l_grip
xanim,#vm_sniper_mini14_sprint_loop
xanim,#vm_ar_fastfire_fire_ads_holo
xanim,#vm_sniper_damagesemi_ads_holo_down
xanim,#vm_peacekeeper_t8_walk_f
xanim,#vm_pistol_auto_ads_reflex_up
xanim,#vm_special_crossbow_swim_putaway
xanim,#vm_tr_midburst_fire
xanim,#pt_turret_mini_prone_putaway
xanim,#hash_6e3331b06341a6a1
xanim,#vm_ar_damage_reload_empty_grip
xanim,#vm_ar_standard_reload_empty_fast_ext
xanim,#vm_ar_stealth_sprint_pullout
xanim,#vm_zom_scepter_first_raise
xanim,#vm_ar_hotchkiss_sprint_out
xanim,#vm_smg_handling_dw_sprint_loop
xanim,#vm_sniper_mini14_ads_hybrid_upper_up
xanim,#vm_incendiary_throw
xanim,#hash_6e752ba1159d9d77
xanim,#hash_6e779eef7d2d8a36
xanim,#vm_mp9_reload_empty_fast
xanim,#pt_rifle_t8_lmg_heavy_stand_inspect
xanim,#pt_ballistic_knife_t8_prone_melee
xanim,#pt_rifle_t8_smg_folding_crouch_reload
xanim,#vm_ar_standard_walk_f
xanim,#vm_ballistic_knife_reload_empty
xanim,#pt_rifle_swim_reload
xanim,#vm_ar_fastfire_inspect
xanim,#vm_pistol_standard_hand_pose_l
xanim,#vm_pistol_standard_hand_pose_r
xanim,#pt_rifle_t8_tr_midburst_crouch_firstraise_foregrip
xanim,#hash_6edfb0c9da4d7923
xanim,#pt_rifle_t8_tr_longburst_crouch_reload_partial
xanim,#vm_grapple_gun_reel_in_generic
xanim,#hash_6f003e2c0c488a54
xanim,#pt_rifle_t8_tr_midburst_stand_firstraise
xanim,#vm_ar_standard_fire
xanim,#hash_6f269ea8cecd928b
xanim,#pt_sniper_quickscope_crouch_reload_partial
xanim,#vm_ballistic_knife_t8_dw_crawl_in
xanim,#hash_6f2ec26d78d43b95
xanim,#vm_sniper_power_semi_putaway_quick
xanim,#vm_argus_t8_swim_from_land
xanim,#vm_ar_k57_reload_empty_ext
xanim,#vm_ar_galil_ads_acog_lower_up
xanim,#vm_ar_galil_walk_f
xanim,#pt_hold_crouch_putaway
xanim,#vm_zom_scepter_fire_in
xanim,#vm_brawler_t8_crawl_in
xanim,#vm_zom_chakram_dw_sprint_putaway
xanim,#ai_t8_zm_mob_zombie_dog_stun_loop
xanim,#vm_perk_totem_blaze_rh
xanim,#vm_shotgun_trench_crawl_l
xanim,#vm_shotgun_trench_crawl_f
xanim,#vm_shotgun_trench_crawl_b
xanim,#vm_shotgun_trench_crawl_r
xanim,#pt_rifle_t8_ar_modular_crouch_inspect
xanim,#vm_ballistic_knife_t8_crawl_r
xanim,#vm_ballistic_knife_t8_crawl_l
xanim,#vm_ballistic_knife_t8_crawl_f
xanim,#vm_ballistic_knife_t8_crawl_b
xanim,#vm_smg_capacity_ads_mms_down
xanim,#vm_ballistic_knife_t8_dw_sprint_pullout
xanim,#pt_rifle_t8_smg_capacity_stand_reload_empty
xanim,#vm_pistol_webley_dw_crawl_in
xanim,#vm_sniper_vanguard_reload_empty_hip
xanim,#pt_ballistic_knife_t8_swim_melee_stick
xanim,#vm_lmg_mk48_crawl_out
xanim,#vm_pistol_burst_crawl_in
xanim,#vm_sniper_power_semi_first_raise
xanim,#vm_sniper_damagesemi_fire
xanim,#vm_lmg_mg08_reload
xanim,#vm_sniper_vanguard_swim_from_land
xanim,#vm_lmg_heavy_fire
xanim,#pt_rifle_t8_ar_fastfire_crouch_reload_partial
xanim,#hash_7092acf0e32375c4
xanim,#vm_smg_capacity_gunbutt_swipe
xanim,#vm_tr_power_semi_reload_empty_fmj
xanim,#vm_t8_dw_slide
xanim,#pf_alert_idle
xanim,#vm_smg_handling_first_raise_fast
xanim,#vm_lmg_mg08_pullout_quick
xanim,#vm_sniper_damagesemi_putaway
xanim,#vm_smg_handling_dw_jump
xanim,#hash_70c509e20c1a849f
xanim,#vm_zom_chakram_dw_ads_base_up
xanim,#vm_smg_capacity_ads_holo_down
xanim,#vm_ar_galil_ads_acog_lower_down
xanim,#vm_ar_double_barrel_fire_ads
xanim,#vm_special_crossbow_reload
xanim,#vm_tr_midburst_ads_down
xanim,#vm_tr_swordfish_fire
xanim,#pt_launcher_stand_raise
xanim,#hash_710132b54c34e674
xanim,#vm_ar_damage_ads_base_down
xanim,#vm_smg_accurate_first_raise
xanim,#vm_zod_bubble_gum_idle
xanim,#hash_711032ab0abf2771
xanim,#vm_sniper_fast_rechamber_first_raise_grip
xanim,#vm_smg_capacity_sprint_loop
xanim,#vm_zom_sword_pistol_dw_reload
xanim,#vm_smg_drum_pistol_jump_land
xanim,#vm_smg_capacity_putaway
xanim,#vm_frag_grenade_throw
xanim,#vm_ar_standard_crawl_l
xanim,#vm_ar_standard_crawl_f
xanim,#vm_ar_standard_crawl_b
xanim,#vm_ar_standard_crawl_r
xanim,#vm_brm_grip_reload_empty_quick_ext
xanim,#vm_tr_power_semi_swim_to_land
xanim,#vm_argus_t8_crawl_f
xanim,#vm_argus_t8_crawl_b
xanim,#vm_argus_t8_crawl_l
xanim,#vm_argus_t8_crawl_r
xanim,#vm_lmg_heavy_fire_ads_intro
xanim,#vm_pistol_revolver_crawl_in
xanim,#vm_claymore_hold_fire
xanim,#vm_pistol_revolver_ads_base_down
xanim,#vm_smg_fastburst_fire_last
xanim,#hash_717dca4a306b8c14
xanim,#vm_ar_k57_reload_empty_quick
xanim,#vm_mp40_crawl_in
xanim,#vm_pistol_auto_reload_empty
xanim,#vm_smg_minigun_swim_uw_pullout
xanim,#hash_71c048cb105a4be3
xanim,#hash_71cf50209593b857
xanim,#hash_71d86a7e53c9c626
xanim,#vm_t8_swim_f_dw
xanim,#hash_71dfa239cf35015d
xanim,#vm_smg_handling_dw_pullout_quick
xanim,#vm_tr_damageburst_t8_reload_empty_ext
xanim,#vm_ar_accurate_hand_pose_l
xanim,#vm_ar_accurate_hand_pose_r
xanim,#vm_ar_standard_ads_base_up_holo
xanim,#vm_ar_standard_idle
xanim,#vm_zom_sword_pistol_dw_ads_base_up
xanim,#vm_perk_totem_death_perception
xanim,#vm_zipline_in_additive
xanim,#vm_ar_stealth_first_raise
xanim,#hash_7219d3701f76daed
xanim,#pt_turret_mini_crouch_hold_idle
xanim,#vm_t8_swim_l
xanim,#vm_t8_swim_f
xanim,#vm_t8_swim_b
xanim,#vm_t8_swim_r
xanim,#vm_ar_fastfire_pullout_quick
xanim,#vm_shotgun_trench_putaway
xanim,#hash_7249236d1e5c2dfe
xanim,#vm_shotgun_trench_reload_out
xanim,#hash_725253585939db34
xanim,#vm_titan_sprint_loop
xanim,#vm_grapple_gun_reel_loop_d_additive
xanim,#vm_ar_an94_t8_sprint_in
xanim,#vm_perk_elixir_whimsical
xanim,#hash_7284857fecb18b27
xanim,#vm_shotgun_trench_pullout_quick
xanim,#vm_titan_swim_uw_in
xanim,#pt_ballistic_knife_t8_prone_pullout
xanim,#vm_molotov_ads_down
xanim,#hash_72b56baaa12f7c33
xanim,#vm_perk_elixir_epic
xanim,#vm_pistol_webley_fall
xanim,#vm_ar_damage_ads_mms_up
xanim,#vm_ar_double_barrel_reload_empty
xanim,#vm_tr_power_semi_fire
xanim,#vm_zom_chakram_dw_first_raise
xanim,#vm_shotgun_trench_idle
xanim,#pt_pistol_stand_shoot
xanim,#pt_rifle_t8_smg_folding_prone_reload
xanim,#hash_730ba54c63c181e2
xanim,#vm_ar_hotchkiss_crawl_r
xanim,#vm_ar_hotchkiss_crawl_b
xanim,#vm_ar_hotchkiss_crawl_f
xanim,#vm_ar_hotchkiss_crawl_l
xanim,#vm_ar_standard_fire_ads_last
xanim,#pt_rifle_t8_ar_damage_stand_inspect
xanim,#vm_pistol_auto_swim_uw_putaway
xanim,#vm_sniper_fast_rechamber_first_raise
xanim,#vm_zom_wraith_fire_throw
xanim,#vm_perk_totem_dying_wish
xanim,#vm_ar_hotchkiss_jump_land
xanim,#hash_737a636aa5b3f27b
xanim,#vm_tr_damageburst_t8_sprint_out
xanim,#pt_rifle_t8_ar_galil_stand_reload_partial
xanim,#vm_smg_drum_pistol_crawl_in
xanim,#vm_ar_galil_sprint_out
xanim,#hash_738e346bc806197d
xanim,#vm_pistol_webley_ads_base_down
xanim,#vm_ar_standard_ads_base_down_reflex
xanim,#pt_launcher_prone_fire
xanim,#vm_special_crossbow_reload_fast
xanim,#vm_mp9_crawl_in
xanim,#vm_ar_damage_reload_fast
xanim,#vm_smg_fastburst_first_raise
xanim,#vm_pistol_webley_crawl_l
xanim,#vm_pistol_webley_crawl_f
xanim,#vm_pistol_webley_crawl_b
xanim,#vm_pistol_webley_crawl_r
xanim,#vm_ar_accurate_ads_reflex_up
xanim,#vm_smg_drum_pistol_fire_ads
xanim,#pt_sniper_fastrechamber_prone_rechamber
xanim,#vm_perk_elixir_classic
xanim,#vm_lmg_mk48_ads_elo_up
xanim,#vm_sniper_locus_t8_pullout
xanim,#pt_an94_t8_prone_firstraise
xanim,#vm_ar_an94_t8_fire_ads_holo_last
xanim,#vm_ar_peacekeeper_t8_hand_pose_l_grip
xanim,#vm_tr_power_semi_sprint_loop
xanim,#vm_lmg_heavy_pullout_quick
xanim,#vm_minigun_t7_putaway
xanim,#hash_7410d89b444d9d85
xanim,#pt_an94_t8_crouch_reload
xanim,#vm_koshka_rechamber_ads
xanim,#vm_smg_capacity_ads_elo_down
xanim,#vm_perk_totem_timeslip
xanim,#vm_ar_accurate_pullout_quick
xanim,#vm_tr_flechette_crawl_in
xanim,#hash_746c47f274f7ee70
xanim,#vm_smg_minigun_fire_intro
xanim,#vm_ar_standard_hand_pose_r
xanim,#vm_ar_standard_hand_pose_l
xanim,#vm_ar_galil_crawl_in
xanim,#hash_747889711f3fc574
xanim,#vm_ar_stealth_sprint_loop
xanim,#hash_74824341f51b6a11
xanim,#pt_rifle_stand_inspect
xanim,#vm_hades_inspect_uber
xanim,#vm_mp40_sprint_loop
xanim,#hash_74938eba257c6b4e
xanim,#vm_ar_standard_ads_base_down_holo
xanim,#hash_74a9c07e9bc2de34
xanim,#vm_tr_swordfish_ads_scanner_down
xanim,#pt_rifle_t8_ar_modular_stand_firstraise
xanim,#hash_74c8919dbb7ba5c0
xanim,#vm_mp40_fire_last
xanim,#vm_zom_chakram_dw_sprint_in
xanim,#pt_pistol_stand_inspect
xanim,#pt_sword_pistol_stand_bite
xanim,#vm_sniper_mini14_hand_pose_l_grip
xanim,#vm_titan_fall
xanim,#vm_pistol_webley_dw_reload_r
xanim,#vm_pistol_webley_dw_reload_l
xanim,#hash_75263337ebe7aa17
xanim,#vm_ar_galil_fire
xanim,#ai_direwolf_base_run_1
xanim,#ai_direwolf_base_run_2
xanim,#vm_tr_damageburst_t8_crawl_in
xanim,#vm_shotgun_semiauto_inspect_grip
xanim,#vm_ar_damage_fire_intro
xanim,#vm_lmg_mg08_crawl_out
xanim,#vm_sniper_damagesemi_fire_ads_last
xanim,#vm_lmg_mk48_ads_reflex_up
xanim,#vm_ar_stealth_reload_empty
xanim,#vm_sniper_fast_rechamber_ads_acog_lower_down
xanim,#vm_shotgun_trench_gunbutt_swipe
xanim,#pt_tr_flechette_t8_prone_inspect
xanim,#pt_ballistic_knife_t8_stand_putaway
xanim,#pt_rifle_t8_smg_handling_crouch_reload_partial
xanim,#vm_zom_scepter_plant
xanim,#vm_smg_drum_pistol_sprint_loop
xanim,#pt_rifle_t8_ar_damage_crouch_inspect
xanim,#vm_ar_damage_ads_reddot_up
xanim,#hash_759e5bd9a76d6aaf
xanim,#vm_zom_chakram_dw_inspect
xanim,#vm_smg_vmp_t8_reload_quick
xanim,#vm_pistol_auto_fall
xanim,#vm_smg_folding_ads_reflex_up
xanim,#vm_ar_peacekeeper_t8_inspect
xanim,#hash_75f01084f999e32b
xanim,#hash_75f01e84f999faf5
xanim,#pt_rifle_t8_smg_standard_stand_firstraise
xanim,#viewmodel_default_ads_up
xanim,#vm_ar_damage_reload_empty_fast
xanim,#vm_smg_folding_ads_elo_down
xanim,#vm_argus_t8_reload
xanim,#vm_ar_accurate_ads_holo_down
xanim,#vm_titan_walk_f
xanim,#vm_sniper_fast_rechamber_swim_uw_pullout
xanim,#vm_smg_minigun_putaway
xanim,#vm_koshka_ads_ir_up
xanim,#vm_sniper_locus_t8_ads_reflex_up
xanim,#pt_rifle_t8_tr_longburst_stand_firstraise
xanim,#vm_smg_folding_ads_base_up
xanim,#pt_rifle_t8_ar_fastfire_prone_reload_partial
xanim,#hash_764fce2f1192a0a8
xanim,#vm_tr_damageburst_t8_fire_ads
xanim,#vm_tr_damageburst_t8_ads_holo_up
xanim,#vm_smg_handling_pullout
xanim,#vm_argus_t8_idle
xanim,#pt_lmg_spray_t8_crouch_firstraise
xanim,#vm_ar_k57_fire_ads_last
xanim,#vm_zom_chakram_dw_sprint_loop
xanim,#hash_7699085fcb64bf9b
xanim,#vm_ballistic_knife_t8_dw_melee_l_finisher_in
xanim,#vm_mp40_first_raise
xanim,#vm_smg_drum_pistol_first_raise
xanim,#vm_t8_swim_out_dw_additive
xanim,#vm_ar_lever_action_jump_land
xanim,#pt_pistol_stand_weapon_inspect
xanim,#vm_lmg_mk48_fire_ads_intro
xanim,#vm_t8_crouch_to_prone_dw_ballistic
xanim,#vm_perk_totem_winters_wail
xanim,#hash_76dabeed260af215
xanim,#pt_rifle_stand_fire
xanim,#vm_tr_swordfish_sprint_in
xanim,#vm_shotgun_pump_swim_from_land
xanim,#vm_pistol_webley_dw_sprint_loop
xanim,#vm_ar_damage_putaway_quick
xanim,#vm_ar_galil_fire_intro_ads_acog
xanim,#pt_rifle_prone_raise
xanim,#pt_rifle_t8_ar_standard_stand_reload
xanim,#vm_barehands_unstoppable_force_loop
xanim,#hash_772e90c265eb9436
xanim,#vm_special_crossbow_ads_base_down
xanim,#vm_lmg_mk48_sprint_loop
xanim,#vm_argus_t8_rechamber
xanim,#vm_zom_bowie_knife_ads_base_up
xanim,#vm_ar_galil_swim_uw_pullout
xanim,#vm_pistol_webley_dw_crawl_r
xanim,#vm_pistol_webley_dw_crawl_l
xanim,#vm_pistol_webley_dw_crawl_f
xanim,#vm_pistol_webley_dw_crawl_b
xanim,#vm_smg_capacity_fall
xanim,#vm_sniper_vanguard_idle
xanim,#vm_ballistic_knife_t8_crawl_out
xanim,#vm_mp9_fire_last
xanim,#hash_779274c0570ed91e
xanim,#hash_77944a54b3e8b1c7
xanim,#vm_sniper_locus_t8_ads_acog_down
xanim,#vm_bare_hands_swim_tw_sprint_loop
xanim,#vm_zod_bubble_gum_pop
xanim,#hash_77bfe349b6179172
xanim,#vm_pistol_burst_lastshot_ads
xanim,#p8_fxanim_mp_eqp_trophy_system_world_anim
xanim,#pt_sword_pistol_crouch_bite
xanim,#vm_titan_inspect
xanim,#vm_smg_capacity_crawl_in
xanim,#vm_special_crossbow_ads_base_up
xanim,#vm_tr_power_semi_reload_empty_quick
xanim,#vm_smg_folding_pullout
xanim,#pt_ar_peacekeeper_t8_stand_inspect
xanim,#hash_7826f13d16334d8a
xanim,#vm_ar_standard_ads_base_down
xanim,#vm_ar_galil_jump_land
xanim,#hash_7833c1d1bffe01c3
xanim,#vm_tr_power_semi_putaway_quick
xanim,#vm_brawler_t8_crawl_r
xanim,#vm_brawler_t8_crawl_f
xanim,#vm_brawler_t8_crawl_b
xanim,#vm_brawler_t8_crawl_l
xanim,#vm_pistol_revolver_fire_ads_scope
xanim,#pt_rifle_t8_smg_accurate_stand_firstraise
xanim,#pb_fem_lobby_wz_pos_06
xanim,#pb_fem_lobby_wz_pos_05
xanim,#pb_fem_lobby_wz_pos_04
xanim,#pb_fem_lobby_wz_pos_03
xanim,#pb_fem_lobby_wz_pos_02
xanim,#pb_fem_lobby_wz_pos_01
xanim,#vm_ar_k57_fire_ads_acog
xanim,#hash_787574d05645583b
xanim,#vm_tr_swordfish_putaway
xanim,#vm_smg_drum_pistol_swim_uw_putaway
xanim,#hash_7888632af6d9f228
xanim,#vm_perk_totem_deadshot_rh
xanim,#vm_sniper_power_semi_swim_uw_pullout
xanim,#vm_smg_thompson_walk_f
xanim,#hash_7898372af568b2fd
xanim,#pt_ballistic_knife_t8_stand_pullout
xanim,#vm_sniper_locus_t8_putaway_quick
xanim,#hash_78a81feb6eab148d
xanim,#vm_argus_t8_ads_reflex_up
xanim,#vm_sniper_power_semi_ads_hybrid_upper_up
xanim,#vm_lmg_mk48_idle
xanim,#vm_ar_galil_pullout
xanim,#vm_hades_idle
xanim,#vm_pistol_standard_sprint_putaway
xanim,#vm_sticky_grenade_pullpin_bare_hands_additive
xanim,#vm_smg_folding_crawl_l
xanim,#vm_smg_folding_crawl_b
xanim,#vm_smg_folding_crawl_f
xanim,#vm_smg_folding_crawl_r
xanim,#ai_t8_zm_zod_homunculus_jump_down_01
xanim,#vm_frag_grenade_pullpin_additive
xanim,#vm_smg_accurate_swim_uw_pullout
xanim,#pt_rifle_t8_ar_stealth_stand_reload
xanim,#vm_sniper_fast_rechamber_sprint_in
xanim,#vm_pistol_webley_dw_sprint_pullout
xanim,#hash_7950b76740b87f2f
xanim,#hash_7968dc335f364990
xanim,#vm_argus_t8_reload_ext
xanim,#vm_shotgun_pump_crawl_in
xanim,#pt_dw_prone_melee_gunbutt
xanim,#vm_shotgun_pump_putaway
xanim,#vm_ar_stealth_crawl_f
xanim,#vm_ar_stealth_crawl_b
xanim,#vm_ar_stealth_crawl_l
xanim,#vm_ar_stealth_crawl_r
xanim,#vm_zom_sword_pistol_dw_slide
xanim,#vm_shocked_loop_brawler_additive
xanim,#vm_smg_handling_crawl_l
xanim,#vm_smg_handling_crawl_f
xanim,#vm_smg_handling_crawl_b
xanim,#vm_smg_handling_crawl_r
xanim,#vm_smg_folding_ads_base_down
xanim,#vm_sniper_fast_rechamber_fire_ads
xanim,#vm_perk_totem_dying_wish_rh
xanim,#ai_direwolf_base_howl
xanim,#vm_tr_swordfish_reload
xanim,#vm_sniper_locus_t8_swim_uw_pullout
xanim,#vm_argus_t8_sprint_loop
xanim,#pt_rifle_t8_smg_fastfire_prone_reload_fastmag
xanim,#hash_79f45fa0586c8347
xanim,#vm_claymore_putaway
xanim,#pt_launcher_crouch_raise
xanim,#vm_ar_lever_action_gunbutt_swipe
xanim,#vm_sniper_power_semi_ads_hybrid_lower_up
xanim,#vm_titan_ads_reflex_up
xanim,#vm_tr_midburst_ads_reflex_down
xanim,#vm_sniper_mini14_crawl_in
xanim,#vm_titan_fire_ads_acog
xanim,#vm_mp9_hand_pose_l
xanim,#vm_mp9_hand_pose_r
xanim,#vm_smg_fastfire_fire_last_ads_holo
xanim,#vm_ar_hotchkiss_idle
xanim,#hash_7a4425c90ca63d99
xanim,#vm_tr_midburst_jump
xanim,#pt_medical_injection_prone_fire_rh
xanim,#vm_ar_an94_t8_crawl_out
xanim,#vm_ar_double_barrel_ads_reflex_down
xanim,#vm_smg_vmp_t8_reload_quick_empty
xanim,#pt_rifle_t8_tr_longburst_prone_inspect
xanim,#pt_staff_crouch_plant
xanim,#hash_7a9d5f01020e24e4
xanim,#pb_male_lobby_zm_pos_01
xanim,#pb_male_lobby_zm_pos_02
xanim,#pb_male_lobby_zm_pos_03
xanim,#pb_male_lobby_zm_pos_04
xanim,#pb_male_lobby_zm_pos_05
xanim,#pb_male_lobby_zm_pos_06
xanim,#pt_sniper_fastrechamber_crouch_rechamber
xanim,#hash_7aa4fba8f9ff0235
xanim,#vm_sniper_mini14_fire
xanim,#vm_shotgun_pump_fire_rf
xanim,#vm_special_crossbow_putaway
xanim,#vm_mp9_ads_holo_down
xanim,#vm_sniper_locus_t8_rechamber
xanim,#vm_lmg_heavy_sprint_loop
xanim,#vm_ar_galil_reload
xanim,#hash_7afd9ca249ae9ddd
xanim,#vm_ar_double_barrel_walk_f
xanim,#vm_titan_fire_ads_holo
xanim,#vm_tr_flechette_ads_holo_down
xanim,#pt_hammer_crouch_fire
xanim,#vm_ar_accurate_ads_acog_down
xanim,#vm_pistol_revolver_reload_loop
xanim,#vm_t8_swim_brawler_l_additive
xanim,#pt_rifle_t8_ar_standard_crouch_reload
xanim,#vm_frag_grenade_pullpin_bare_hands_additive
xanim,#vm_sniper_locus_t8_pullout_quick
xanim,#pt_lmg_heavy_t8_stand_reload
xanim,#pt_rifle_stand_melee_bayonet
xanim,#vm_pistol_standard_idle_empty
xanim,#vm_ar_fastfire_ads_base_up
xanim,#hash_7ba2227a0b7df67a
xanim,#hash_7bacc8e3238ddc49
xanim,#pt_dw_prone_putaway
xanim,#vm_mini_turret_fire
xanim,#vm_zom_chakram_dw_hand_pose_l
xanim,#vm_zom_chakram_dw_hand_pose_r
xanim,#pt_chakram_stand_whirlwind
xanim,#vm_smg_folding_reload_hybrid
xanim,#hash_7bdc9ffd28b08d8f
xanim,#pt_rifle_t8_ar_stealth_crouch_inspect
xanim,#hash_7c0014b79299d017
xanim,#ai_direwolf_base_run_jump_across_256
xanim,#vm_brawler_t8_ads_base_down
xanim,#vm_ar_fastfire_ads_base_down
xanim,#pt_rifle_t8_ar_accurate_crouch_reload_partial
xanim,#vm_zom_sword_pistol_dw_ads_base_down
xanim,#pt_rifle_t8_smg_fastfire_stand_reload_fastmag
xanim,#ai_t8_zm_mnsn_direwolf_pro_trv_jump_dn_32
xanim,#ai_t8_zm_mnsn_direwolf_pro_trv_jump_dn_64
xanim,#vm_ar_hotchkiss_crawl_in
xanim,#pt_turret_mini_stand_putaway
xanim,#vm_zom_sword_pistol_dw_sprint_pullout
xanim,#vm_smg_handling_fire_ads_holo
xanim,#vm_tr_midburst_ads_acog_upper_down
xanim,#hash_7c8928e6df95887c
xanim,#hash_7c91c41283dbfd25
xanim,#hash_7c9de411b1d5d865
xanim,#pb_rifle_t8_smg_fastburst_crouch_inspect
xanim,#vm_tr_damageburst_t8_fire_ads_acog
xanim,#vm_tr_swordfish_sprint_out
xanim,#pt_rifle_prone_fire
xanim,#vm_zom_chakram_dw_pullout
xanim,#vm_minigun_t7_jump
xanim,#pt_medical_injection_stand_fire_rh
xanim,#pt_rifle_stand_concussed_loop
xanim,#vm_perk_bottle_additive
xanim,#vm_sniper_fast_rechamber_ads_reflex_up
xanim,#vm_ar_peacekeeper_t8_reload_fastmag
xanim,#vm_smg_vmp_t8_uw_putaway
xanim,#vm_pistol_auto_swim_from_land
xanim,#vm_ar_standard_fire_ads_reflex
xanim,#vm_ar_hotchkiss_swim_uw_pullout
xanim,#vm_frag_throwback
xanim,#vm_ballistic_knife_t8_dw_sprint_in
xanim,#vm_smg_capacity_sprint_putaway
xanim,#vm_smg_thompson_jump
xanim,#pt_rifle_t8_ar_galil_prone_reload_partial
xanim,#vm_lmg_heavy_ads_holo_up
xanim,#vm_koshka_reload_empty_quick
xanim,#vm_incendiary_ads_down
xanim,#pt_rifle_t8_smg_vmp_stand_inspect
xanim,#vm_zom_hammer_melee_in
xanim,#pt_rifle_t8_tr_midburst_stand_reload_partial
xanim,#hash_7d5854dd72379fee
xanim,#vm_ar_damage_reload_empty_fmj
xanim,#hash_7d64fa8ae4f4bd61
xanim,#vm_zipline_out
xanim,#vm_tr_power_semi_pullout_quick
xanim,#vm_lmg_mk48_inspect
xanim,#vm_smg_accurate_sprint_out
xanim,#hash_7d88d74673e4e400
xanim,#pt_sword_pistol_fingers_l
xanim,#vm_ar_standard_ads_base_down_mms
xanim,#vm_smg_capacity_ads_base_down
xanim,#hash_7d9c66034011c5da
xanim,#vm_lmg_mg08_crawl_in
xanim,#vm_lmg_heavy_putaway_quick
xanim,#vm_perk_totem_electric_burst_rh
xanim,#hash_7dc3dcb3c6b4a3e1
xanim,#vm_sniper_power_semi_reload_ext2
xanim,#vm_shock_charge_ads_down
xanim,#vm_pistol_webley_hand_pose_r
xanim,#vm_pistol_webley_hand_pose_l
xanim,#vm_t8_dw_slide_additive
xanim,#vm_launcher_standard_t8_pullout_quick
xanim,#vm_shotgun_semiauto_jump_land
xanim,#vm_ar_standard_ads_base_up_ir
xanim,#pf_firing
xanim,#pt_rifle_stand_shoot
xanim,#vm_sniper_fast_rechamber_ads_scanner_down
xanim,#vm_pistol_standard_idle
xanim,#hash_7e1823ae1f9bd7a3
xanim,#vm_ar_fastfire_reload_empty_uber
xanim,#vm_ar_galil_sprint_drop
xanim,#hash_7e235b73ea802a2e
xanim,#pt_sniper_fastrechamber_crouch_reload_partial
xanim,#hash_7e450bacb0cdd4e9
xanim,#pt_dw_swim_putaway_over
xanim,#vm_sniper_vanguard_crawl_l
xanim,#vm_sniper_vanguard_crawl_b
xanim,#vm_sniper_vanguard_crawl_f
xanim,#vm_sniper_vanguard_crawl_r
xanim,#pt_rifle_t8_ar_fastfire_stand_reload
xanim,#hash_7e52055ab29a68b9
xanim,#pt_rifle_t8_ar_stealth_stand_reload_partial
xanim,#hash_7e5f548fa6dac1bd
xanim,#hash_7e7ca83194b2eff9
xanim,#vm_tr_damageburst_t8_crawl_out
xanim,#pt_ballistic_knife_t8_prone_reload
xanim,#pt_rifle_prone_melee
xanim,#vm_shotgun_trench_sprint_loop
xanim,#vm_ar_double_barrel_reload_empty_fast
xanim,#hash_7ea2371086975228
xanim,#vm_minigun_t7_pullout_quick
xanim,#vm_ar_an94_t8_sprint_out
xanim,#pt_rifle_t8_lmg_heavy_stand_firstraise
xanim,#vm_tr_midburst_reload_grip
xanim,#hash_7ec56349ad9ee9ad
xanim,#vm_shotgun_trench_fire
xanim,#vm_sniper_power_semi_hand_pose_l
xanim,#vm_sniper_power_semi_hand_pose_r
xanim,#vm_ar_standard_fire_ads
xanim,#vm_sniper_fast_rechamber_rechamber_grip
xanim,#vm_ar_hotchkiss_fire
xanim,#hash_7ee677f5e2645180
xanim,#hash_7eee3272ac31c0cb
xanim,#hash_7ef62c46740f4abf
xanim,#hash_7ef64246740f7021
xanim,#vm_ar_double_barrel_ads_mms_up
xanim,#pt_sniper_quickscope_crouch_reload_partial_fmj
xanim,#vm_homunculus_ads_base_up
xanim,#vm_pistol_auto_ads_base_down
xanim,#vm_pistol_revolver_pullout
xanim,#hash_7f1ae2cda7c4583a
xanim,#vm_tr_midburst_sprint_in
xanim,#vm_ar_stealth_fire_intro
xanim,#hash_7f46c3d027235588
xanim,#pt_sniper_quickscope_stand_inspect
xanim,#hash_7f4a62af699d8072
xanim,#vm_minigun_t7_ads_base_up
xanim,#vm_titan_ads_acog_lower_up
xanim,#vm_smg_accurate_pullout_quick
xanim,#vm_ar_accurate_ads_acog_lower_down
xanim,#vm_smg_fastfire_crawl_in
xanim,#vm_ar_k57_ads_holo_up
xanim,#pt_turret_mini_prone_fire
xanim,#vm_zom_scepter_sprint_in
xanim,#hash_7f8d3a055da1d314
xanim,#vm_smg_fastfire_ads_holo_up
xanim,#vm_tr_power_semi_swim_uw_in
xanim,#vm_sniper_damagesemi_reload_loop
xanim,#vm_smg_drum_pistol_inspect
xanim,#vm_smg_accurate_jump
xanim,#vm_smg_vmp_t8_crawl_r
xanim,#vm_smg_vmp_t8_crawl_l
xanim,#vm_smg_vmp_t8_crawl_f
xanim,#vm_smg_vmp_t8_crawl_b
xanim,#vm_t8_base_slide_additive
xanim,#hash_7fb530051d03b590
xanim,#vm_launcher_standard_t8_first_raise
xanim,#vm_ar_fastfire_fire_ads
xanim,#hash_7fd4789e3282d36d
xanim,#vm_ar_peacekeeper_t8_fire_last
xanim,#vm_ar_peacekeeper_t8_gunbutt_swipe
xanim,#vm_argus_t8_pullout_quick
xanim,#vm_perk_totem_ethereal_razor
xanim,#vm_sniper_fast_rechamber_reload_mixclip_grip
scriptbundle,#activecamoinfo_t8_sig_lmg_heavy_seventies_van
scriptbundle,#activecamoinfo_t8_sig_ar_accurate_postapocalyptic
scriptbundle,#activecamoinfo_t8_sig_shotgun_pump_police
scriptbundle,#weapondeathfx_soul
scriptbundle,#ofc_nikolai
scriptbundle,#activecamoinfo_t8_kill_counter_zm
scriptbundle,#scene_frontend_t8_stanton
scriptbundle,#activecamoinfo_t8_kill_counter_wz
scriptbundle,#aib_t8_zm_zod_homunculus_jump_down_01
scriptbundle,#charm_plant_melon
scriptbundle,#charm_car_freshener
scriptbundle,#ability_dog_mp_scoreevents
scriptbundle,#seraph
scriptbundle,#c_t8_mp_spe_ruin1_fx_def_1
scriptbundle,#activecamoinfo_t8_fast_direct_action_kills
scriptbundle,#bruno
scriptbundle,#russman
scriptbundle,#scene_frontend_zm_elixir_lab_book
scriptbundle,#zm_lab_150np_discount
scriptbundle,#activecamoinfo_t8_kill_counter
scriptbundle,#activecamoinfo_t8_sig_lmg_spray_venom_wz
scriptbundle,#scene_frontend_t8_zm_male_team_3_diego
scriptbundle,#activecamoinfo_t8_sig_lmg_spray_venom_zm
scriptbundle,#swatpolice
scriptbundle,#activecamoinfo_t8_ar_fastfire
scriptbundle,#charm_banana_funtime
scriptbundle,#activecamoinfo_t8_sig_smg_capacity_spaceshuttle_wz
scriptbundle,#engineer
scriptbundle,#activecamoinfo_t8_sig_smg_capacity_spaceshuttle_zm
scriptbundle,#charm_surfboard
scriptbundle,#charm_lava_lamp
scriptbundle,#activecamoinfo_t8_smg_standard_wz
scriptbundle,#activecamoinfo_t8_smg_standard_zm
scriptbundle,#charm_outhouse
scriptbundle,#activecamoinfo_t8_fast_direct_action_kills_symbiosis
scriptbundle,#activecamoinfo_t8_sig_smg_fastfire_voyage_zm
scriptbundle,#scene_frontend_t8_zm_aar_psychic
scriptbundle,#activecamoinfo_t8_sig_smg_fastfire_voyage_wz
scriptbundle,#activecamoinfo_t8_direct_action_kills_solarflare
scriptbundle,#charm_junogotchi
scriptbundle,#scene_frontend_t8_zm_male_team_0_dempsey
scriptbundle,#activecamoinfo_t8_direct_action_kills_zombie_flick
scriptbundle,#nomad
scriptbundle,#activecamoinfo_t8_darkmatter_wz
scriptbundle,#activecamoinfo_t8_darkmatter_zm
scriptbundle,#charm_lucky_cat
scriptbundle,#activecamoinfo_t8_smg_accurate_wz
scriptbundle,#activecamoinfo_t8_smg_accurate_zm
scriptbundle,#activecamoinfo_t8_direct_action_kills_alt_zm
scriptbundle,#activecamoinfo_t8_direct_action_kills_alt_wz
scriptbundle,#activecamoinfo_t8_sig_pistol_fullauto_arcade
scriptbundle,#activecamoinfo_t8_direct_action_kills_wz
scriptbundle,#activecamoinfo_t8_direct_action_kills_zm
scriptbundle,#charm_snowman
scriptbundle,#activecamoinfo_t8_sig_sniper_powerbolt_viking
scriptbundle,#activecamoinfo_t8_kills_without_dying_retro_vegas_neon
scriptbundle,#activecamoinfo_t8_ar_accurate
scriptbundle,#eq_molotov_mp_scoreevents
scriptbundle,#activecamoinfo_t8_take_it_personally
scriptbundle,#activecamoinfo_t8_sig_shotgun_pump_police_zm
scriptbundle,#activecamoinfo_t8_sig_shotgun_pump_police_wz
scriptbundle,#charm_oni_mask
scriptbundle,#activecamoinfo_t8_sig_lmg_heavy_seventies_van_wz
scriptbundle,#activecamoinfo_t8_sig_lmg_heavy_seventies_van_zm
scriptbundle,#activecamoinfo_t8_sig_tr_longburst_scrimshaw_zm
scriptbundle,#activecamoinfo_t8_sig_tr_longburst_scrimshaw_wz
scriptbundle,#activecamoinfo_t8_sig_ar_accurate_postapocalyptic_zm
scriptbundle,#activecamoinfo_t8_sig_ar_accurate_postapocalyptic_wz
scriptbundle,#activecamoinfo_t8_fast_direct_action_kills_spinal
scriptbundle,#activecamoinfo_t8_pistol_standard
scriptbundle,#zm_lab_rhodium_roundup
scriptbundle,#activecamoinfo_t8_shotgun_semiauto_zm
scriptbundle,#activecamoinfo_t8_shotgun_semiauto_wz
scriptbundle,#shrapnel_mini_turret
scriptbundle,#misty
scriptbundle,#activecamoinfo_t8_sig_smg_fastfire_voyage
scriptbundle,#charm_bo4_emblem
scriptbundle,#scene_frontend_t8_zm_male_team_0
scriptbundle,#scene_frontend_t8_zm_male_team_1
scriptbundle,#scene_frontend_t8_zm_male_team_2
scriptbundle,#scene_frontend_t8_zm_male_team_3
scriptbundle,#scene_frontend_t8_zm_male_team_4
scriptbundle,#scene_frontend_t8_zm_male_team_5
scriptbundle,#charm_donut_horn
scriptbundle,#activecamoinfo_t8_sig_tr_flechette_rivermonster_wz
scriptbundle,#activecamoinfo_t8_sig_tr_flechette_rivermonster_zm
scriptbundle,#charm_lil_ray
scriptbundle,#weapondeathfx_default
scriptbundle,#weapondeathfx_anime
scriptbundle,#activecamoinfo_t8_smg_accurate
scriptbundle,#activecamoinfo_t8_kills_without_dying_alt
scriptbundle,#activecamoinfo_t8_gold_zm
scriptbundle,#eq_frag_grenade_mp_scoreevents
scriptbundle,#activecamoinfo_t8_gold_wz
scriptbundle,#activecamoinfo_t8_sig_sniper_powerbolt_viking_zm
scriptbundle,#activecamoinfo_t8_shotgun_semiauto
scriptbundle,#activecamoinfo_t8_sig_sniper_powerbolt_viking_wz
scriptbundle,#bot_tacstate_zm_default
scriptbundle,#diego
scriptbundle,#scene_frontend_t8_wz_male_unlock
scriptbundle,#zm_lab_selenium_selection
scriptbundle,#charm_specialist_ruin
scriptbundle,#scene_frontend_t8_zm_male_team_3_nikolai
scriptbundle,#scene_frontend_t8_male_customization
scriptbundle,#activecamoinfo_t8_sig_tr_powersemi_rustymech_zm
scriptbundle,#activecamoinfo_t8_sig_tr_powersemi_rustymech_wz
scriptbundle,#charm_steelballs
scriptbundle,#activecamoinfo_t8_kills_without_dying
scriptbundle,#scene_frontend_t8_zm_male_team_1_takeo
scriptbundle,#activecamoinfo_t8_direct_action_kills_shattered_wz
scriptbundle,#bot_tacstate_zm_laststand
scriptbundle,#activecamoinfo_t8_direct_action_kills_shattered_zm
scriptbundle,#damageeffecttype_electrical
scriptbundle,#charm_marley_twin
scriptbundle,#scene_frontend_t8_zombies
scriptbundle,#charm_crystal
scriptbundle,#activecamoinfo_t8_sig_shotgun_fullauto_construction
scriptbundle,#activecamoinfo_t8_sig_tr_flechette_rivermonster
scriptbundle,#activecamoinfo_t8_objective_kills_zm
scriptbundle,#activecamoinfo_t8_objective_kills_wz
scriptbundle,#scene_frontend_t8_zm_male_team_1_bruno
scriptbundle,#weapondeathfx_raven
scriptbundle,#zm_base_difficulty
scriptbundle,#activecamoinfo_t8_kill_counter_party_rock_wz
scriptbundle,#activecamoinfo_t8_kill_counter_party_rock_zm
scriptbundle,#zm_lab_titanium_treble
scriptbundle,#charm_monty_bar
scriptbundle,#activecamoinfo_t8_fast_direct_action_kills_treasure_wz
scriptbundle,#activecamoinfo_t8_fast_direct_action_kills_treasure_zm
scriptbundle,#activecamoinfo_t8_ar_accurate_wz
scriptbundle,#activecamoinfo_t8_ar_accurate_zm
scriptbundle,#scene_frontend_t8_zm_fem_team_0_scarlett
scriptbundle,#ofc_takeo
scriptbundle,#aib_t8_zm_zod_homunculus_deploy_01
scriptbundle,#charm_s_demon
scriptbundle,#activecamoinfo_t8_darkmatter_classic_dark
scriptbundle,#zm_lab_beryllium_bundle
scriptbundle,#scene_frontend_zm_elixir_lab
scriptbundle,#activecamoinfo_t8_diamond_zm
scriptbundle,#activecamoinfo_t8_diamond_wz
scriptbundle,#charm_grenade
scriptbundle,#activecamoinfo_t8_fast_direct_action_kills_phased_zm
scriptbundle,#activecamoinfo_t8_fast_direct_action_kills_phased_wz
scriptbundle,#activecamoinfo_t8_sig_sniper_quickscope_zombies
scriptbundle,#charm_hula_girl
scriptbundle,#scarlett
scriptbundle,#activecamoinfo_t8_sig_tr_midburst_bomber_wz
scriptbundle,#activecamoinfo_t8_sig_tr_midburst_bomber
scriptbundle,#activecamoinfo_t8_sig_tr_midburst_bomber_zm
scriptbundle,#charm_shark
scriptbundle,#stuhlinger
scriptbundle,#scene_frontend_t8_helicopter
scriptbundle,#activecamoinfo_t8_fast_direct_action_kills_circle_slice_zm
scriptbundle,#activecamoinfo_t8_fast_direct_action_kills_circle_slice_wz
scriptbundle,#activecamoinfo_t8_sig_tr_longburst_scrimshaw
scriptbundle,#activecamoinfo_t8_rapid_kills_zm
scriptbundle,#activecamoinfo_t8_rapid_kills_wz
scriptbundle,#activecamoinfo_t8_fast_direct_action_kills_mystic_wz
scriptbundle,#activecamoinfo_t8_fast_direct_action_kills_mystic_zm
scriptbundle,#charm_ice_cream
scriptbundle,#activecamoinfo_t8_direct_action_kills_115
scriptbundle,#activecamoinfo_t8_fast_direct_action_kills_spinal_wz
scriptbundle,#activecamoinfo_t8_fast_direct_action_kills_spinal_zm
scriptbundle,#p8_fxanim_mp_eqp_trophy_system_world_bundle
scriptbundle,#activecamoinfo_t8_sig_ar_damage_fighter_plane_zm
scriptbundle,#activecamoinfo_t8_sig_ar_damage_fighter_plane_wz
scriptbundle,#charm_ufo
scriptbundle,#activecamoinfo_t8_darkmatter
scriptbundle,#charm_violin
scriptbundle,#activecamoinfo_t8_sig_smg_accurate_darkunicorn
scriptbundle,#weapondeathfx_electric
scriptbundle,#charm_duck_seraph
scriptbundle,#aib_t8_zm_zod_homunculus_idle_01
scriptbundle,#charm_petrock
scriptbundle,#scene_frontend_t8_wz_male_team_0
scriptbundle,#scene_frontend_t8_wz_male_team_1
scriptbundle,#scene_frontend_t8_wz_male_team_2
scriptbundle,#scene_frontend_t8_wz_male_team_3
scriptbundle,#scene_frontend_t8_wz_male_team_4
scriptbundle,#scene_frontend_t8_wz_male_team_5
scriptbundle,#fxb8_zm_char_wolf
scriptbundle,#charm_sniper_round
scriptbundle,#activecamoinfo_t8_direct_action_kills_solarflare_wz
scriptbundle,#activecamoinfo_t8_direct_action_kills_solarflare_zm
scriptbundle,#scene_frontend_t8_diego
scriptbundle,#activecamoinfo_t8_sig_ar_damage_fighter_plane
scriptbundle,#marlton
scriptbundle,#charm_duck_ruin
scriptbundle,#activecamoinfo_t8_gold_classic
scriptbundle,#activecamoinfo_t8_sig_ar_modular_faberge_wz
scriptbundle,#weapondeathfx_nature
scriptbundle,#activecamoinfo_t8_sig_ar_modular_faberge_zm
scriptbundle,#ruin
scriptbundle,#default_traversal_extents_zm
scriptbundle,#charm_9mm
scriptbundle,#zm_wolf_ally_settings
scriptbundle,#activecamoinfo_t8_sig_sniper_powersemi_vietnam_zm
scriptbundle,#weapondeathfx_water
scriptbundle,#activecamoinfo_t8_sig_sniper_powersemi_vietnam_wz
scriptbundle,#activecamoinfo_t8_kills_without_dying_retro_vegas_neon_wz
scriptbundle,#activecamoinfo_t8_kills_without_dying_retro_vegas_neon_zm
scriptbundle,#scene_frontend_t8_wz_fem_team_1
scriptbundle,#scene_frontend_t8_wz_fem_team_0
scriptbundle,#scene_frontend_t8_wz_fem_team_3
scriptbundle,#scene_frontend_t8_wz_fem_team_2
scriptbundle,#scene_frontend_t8_wz_fem_team_5
scriptbundle,#scene_frontend_t8_wz_fem_team_4
scriptbundle,#aib_t8_zm_zod_homunculus_jump_up_01
scriptbundle,#activecamoinfo_t8_direct_action_kills_brains_zm
scriptbundle,#activecamoinfo_t8_direct_action_kills_brains_wz
scriptbundle,#activecamoinfo_t8_showstopper
scriptbundle,#charm_beer
scriptbundle,#scene_frontend_inspection_fem
scriptbundle,#weapondeathfx_lava
scriptbundle,#activecamoinfo_t8_sig_pistol_burst_raven_zm
scriptbundle,#charm_salty_shaker
scriptbundle,#activecamoinfo_t8_sig_pistol_burst_raven_wz
scriptbundle,#charm_toilet_gold
scriptbundle,#shaw
scriptbundle,#activecamoinfo_t8_lmg_standard
scriptbundle,#charm_plant_pineapple
scriptbundle,#activecamoinfo_t8_rapid_kills
scriptbundle,#activecamoinfo_t8_sig_ar_stealth_vampire
scriptbundle,#charm_basketball_william
scriptbundle,#charm_pink_dice
scriptbundle,#charm_tanuki
scriptbundle,#activecamoinfo_t8_sig_smg_fastburst_diy
scriptbundle,#charm_pizza
scriptbundle,#activecamoinfo_t8_pistol_standard_zm
scriptbundle,#scene_frontend_t8_helicopter_fem
scriptbundle,#activecamoinfo_t8_pistol_standard_wz
scriptbundle,#weapondeathfx_rainbow
scriptbundle,#weapondeathfx_ice
scriptbundle,#weapondeathfx_stuffing
scriptbundle,#activecamoinfo_t8_headshot
scriptbundle,#zm_lab_tungsten_tripler
scriptbundle,#activecamoinfo_t8_sig_smg_accurate_darkunicorn_wz
scriptbundle,#activecamoinfo_t8_sig_smg_accurate_darkunicorn_zm
scriptbundle,#charm_dog
scriptbundle,#activecamoinfo_t8_gold
scriptbundle,#scene_frontend_t8_zm_male_team_1_butler
scriptbundle,#weapondeathfx_fireworks
scriptbundle,#weapondeathfx_comic
scriptbundle,#activecamoinfo_t8_sig_smg_capacity_spaceshuttle
scriptbundle,#zm_inventory_zodt8
scriptbundle,#p8_fxanim_zm_zod_staff_ra_bundle
scriptbundle,#activecamoinfo_t8_sig_smg_handling_hunter_wz
scriptbundle,#activecamoinfo_t8_sig_smg_handling_hunter_zm
scriptbundle,#activecamoinfo_t8_sig_tr_powersemi_rustymech
scriptbundle,#activecamoinfo_t8_sig_ar_standard_adventure_zm
scriptbundle,#scene_frontend_t8_zm_male_team_2_stanton
scriptbundle,#activecamoinfo_t8_sig_ar_standard_adventure_wz
scriptbundle,#scene_frontend_t8_bruno
scriptbundle,#wraith_fire_custom_settings_zm
scriptbundle,#ofc_richtofen
scriptbundle,#activecamoinfo_t8_direct_action_kills_zombie_flick_zm
scriptbundle,#activecamoinfo_t8_direct_action_kills_zombie_flick_wz
scriptbundle,#activecamoinfo_t8_sig_pistol_revolver_cyberpunk
scriptbundle,#activecamoinfo_t8_fast_direct_action_kills_apb
scriptbundle,#scene_frontend_t8_scarlett
scriptbundle,#charm_toilet
scriptbundle,#charm_steak
scriptbundle,#scene_frontend_t8_zm_male_team_0_brigadier
scriptbundle,#charm_shotgun_shell
scriptbundle,#activecamoinfo_t8_direct_action_kills_fractalflames_wz
scriptbundle,#activecamoinfo_t8_direct_action_kills_fractalflames_zm
scriptbundle,#damageeffecttype_fire
scriptbundle,#charm_20_sided_dice
scriptbundle,#activecamoinfo_t8_diamond
scriptbundle,#activecamoinfo_t8_sig_pistol_fullauto_arcade_zm
scriptbundle,#activecamoinfo_t8_sig_pistol_fullauto_arcade_wz
scriptbundle,#activecamoinfo_t8_direct_action_kills_celestial
scriptbundle,#charm_codfish
scriptbundle,#charm_computer_teeth
scriptbundle,#scene_frontend_t8_wz_fem_unlock
scriptbundle,#zm_inventory_escape
scriptbundle,#charm_skeleton_key
scriptbundle,#charm_ak_unicorn
scriptbundle,#zm_inventory_towers
scriptbundle,#charm_flat_earth
scriptbundle,#charm_paintshop
scriptbundle,#ofc_dempsey
scriptbundle,#charm_crab
scriptbundle,#activecamoinfo_t8_kill_counter_party_rock
scriptbundle,#scene_frontend_t8_zm_fem_team_3_psychic
scriptbundle,#weapondeathfx_blackhole
scriptbundle,#charm_pocket_watch
scriptbundle,#activecamoinfo_t8_direct_action_kills_fractalflames
scriptbundle,#activecamoinfo_t8_showstopper_wz
scriptbundle,#activecamoinfo_t8_showstopper_zm
scriptbundle,#charm_plant_banana
scriptbundle,#activecamoinfo_t8_sig_ar_standard_adventure
scriptbundle,#activecamoinfo_t8_lmg_standard_wz
scriptbundle,#activecamoinfo_t8_lmg_standard_zm
scriptbundle,#activecamoinfo_t8_direct_action_kills_brains
scriptbundle,#activecamoinfo_t8_objective_kills
scriptbundle,#activecamoinfo_t8_sig_smg_handling_hunter
scriptbundle,#charm_snowglobe
scriptbundle,#zm_base_difficulty_zstandard
scriptbundle,#activecamoinfo_t8_direct_action_kills_115_zm
scriptbundle,#activecamoinfo_t8_direct_action_kills_115_wz
scriptbundle,#activecamoinfo_t8_sig_pistol_burst_raven
scriptbundle,#activecamoinfo_t8_kills_without_dying_wz
scriptbundle,#weaponcharm_default
scriptbundle,#activecamoinfo_t8_kills_without_dying_zm
scriptbundle,#activecamoinfo_t8_ar_fastfire_zm
scriptbundle,#activecamoinfo_t8_sig_pistol_revolver_cyberpunk_wz
scriptbundle,#activecamoinfo_t8_sig_pistol_revolver_cyberpunk_zm
scriptbundle,#activecamoinfo_t8_ar_fastfire_wz
scriptbundle,#activecamoinfo_t8_sig_shotgun_fullauto_construction_zm
scriptbundle,#activecamoinfo_t8_sig_shotgun_fullauto_construction_wz
scriptbundle,#activecamoinfo_t8_direct_action_kills_celestial_zm
scriptbundle,#activecamoinfo_t8_fast_direct_action_kills_circle_slice
scriptbundle,#activecamoinfo_t8_direct_action_kills_celestial_wz
scriptbundle,#activecamoinfo_t8_sig_sniper_fastrechamber_western
scriptbundle,#fxd8_zm_char_zombie_base_body
scriptbundle,#activecamoinfo_t8_fast_direct_action_kills_phased
scriptbundle,#activecamoinfo_t8_sig_ar_modular_porcelain_wz
scriptbundle,#activecamoinfo_t8_sig_ar_modular_porcelain_zm
scriptbundle,#activecamoinfo_t8_fast_direct_action_kills_apb_wz
scriptbundle,#activecamoinfo_t8_fast_direct_action_kills_apb_zm
scriptbundle,#activecamoinfo_t8_darkmatter_classic_red
scriptbundle,#activecamoinfo_t8_diamond_classic
scriptbundle,#charm_avocado_toast
scriptbundle,#c_t8_zmb_dlc0_zombie_male1_gib_def
scriptbundle,#charm_duck
scriptbundle,#activecamoinfo_t8_sig_lmg_spray_venom
scriptbundle,#activecamoinfo_t8_sig_smg_fastburst_diy_wz
scriptbundle,#activecamoinfo_t8_sig_smg_fastburst_diy_zm
scriptbundle,#activecamoinfo_t8_direct_action_kills_alt
scriptbundle,#activecamoinfo_t8_smg_standard
scriptbundle,#activecamoinfo_t8_direct_action_kills
scriptbundle,#activecamoinfo_t8_fast_direct_action_kills_treasure
scriptbundle,#charm_earth
scriptbundle,#aib_t8_zm_zod_homunculus_attack_01
scriptbundle,#activecamoinfo_t8_sig_sniper_fastrechamber_western_zm
scriptbundle,#activecamoinfo_t8_sig_sniper_fastrechamber_western_wz
scriptbundle,#activecamoinfo_t8_cyberpunk
scriptbundle,#scene_frontend_t8_zm_male_team_2_richtofen
scriptbundle,#activecamoinfo_t8_headshot_alt
scriptbundle,#charm_cartoon_bomb
scriptbundle,#charm_earf
scriptbundle,#activecamoinfo_t8_sig_sniper_quickscope_zombies_zm
scriptbundle,#activecamoinfo_t8_sig_sniper_quickscope_zombies_wz
scriptbundle,#activecamoinfo_t8_sig_ar_stealth_vampire_zm
scriptbundle,#activecamoinfo_t8_sig_ar_stealth_vampire_wz
scriptbundle,#activecamoinfo_t8_headshot_zm
scriptbundle,#activecamoinfo_t8_sig_ar_modular_porcelain
scriptbundle,#activecamoinfo_t8_headshot_wz
scriptbundle,#zm_lab_palladium_package
scriptbundle,#sentientevents
scriptbundle,#charm_pixel_alien
scriptbundle,#zm_lab_argon_array
scriptbundle,#aib_t8_zm_zod_homunculus_dth_01
scriptbundle,#charm_keytar
scriptbundle,#activecamoinfo_t8_take_it_personally_wz
scriptbundle,#activecamoinfo_t8_take_it_personally_zm
scriptbundle,#activecamoinfo_t8_sig_ar_modular_faberge
scriptbundle,#scene_frontend_inspection_male
scriptbundle,#charm_zombie_saletag
scriptbundle,#charm_bomb_rockget
scriptbundle,#charm_plant_peach
scriptbundle,#weapondeathfx_money
scriptbundle,#activecamoinfo_t8_fast_direct_action_kills_mystic
scriptbundle,#molotov_custom_settings_zm
scriptbundle,#activecamoinfo_t8_fast_direct_action_kills_zm
scriptbundle,#activecamoinfo_t8_fast_direct_action_kills_wz
scriptbundle,#aib_t8_zm_zod_homunculus_throw_loop_01
scriptbundle,#activecamoinfo_t8_sig_sniper_powersemi_vietnam
scriptbundle,#scene_frontend_zm_callings
scriptbundle,#zm_lab_carbon_combo
scriptbundle,#charm_teabag
scriptbundle,#charm_pufferfish
scriptbundle,#weapondeathfx_confetti
scriptbundle,#activecamoinfo_t8_fast_direct_action_kills_symbiosis_zm
scriptbundle,#activecamoinfo_t8_fast_direct_action_kills_symbiosis_wz
scriptbundle,#charm_plant_eggplant
scriptbundle,#activecamoinfo_t8_kills_without_dying_alt_zm
scriptbundle,#activecamoinfo_t8_kills_without_dying_alt_wz
scriptbundle,#charm_basketball_hoop
scriptbundle,#activecamoinfo_t8_headshot_alt_wz
scriptbundle,#charm_skateboard
scriptbundle,#activecamoinfo_t8_headshot_alt_zm
scriptbundle,#activecamoinfo_t8_direct_action_kills_shattered
scriptbundle,#charm_pillow_showstopper
scriptbundle,#scene_frontend_t8_zm_male_team_2_gunslinger
scriptbundle,#scene_frontend_t8_fem_customization
scriptbundle,#c_t8_zmb_3rdclass_male_gib_def
scriptbundle,#activecamoinfo_t8_cyberpunk_wz
scriptbundle,#activecamoinfo_t8_cyberpunk_zm
talent,#defaulttalent
material,#specialty_ads_zombies
material,#black
material,#white
string,#zmtrials/repackaged_desc
string,#zombie/perk_wolf_protector_keyboard
string,#mpui/stalker
string,#hash_95c5021b448b56
string,#mpui/extclip_desc
string,#mpui/fmj_desc
string,#hash_113ac1693186335
string,#mpui/supply_desc
string,#mp/waiting_for_teams
string,#zmtrials/shielded
string,#zmtrials/ride_shotgun
string,#hash_1cc4303a4301c66
string,#mpui/dualoptic
string,#hash_2414bbb5dc29221
string,#mpui/fastreload2_desc
string,#zmui/fmj_desc
string,#hash_33f9ba586bfea9f
string,#hash_35c65bc2ace6e2e
string,#menu/camo_loot_zombie_maitai
string,#zmweapon/tr_leveraction_t8_upgraded
string,#hash_3c4637f13f09707
string,#zombie/perk_death_dash
string,#zmtrials/pack_it_in_desc
string,#hash_40c47b72c083914
string,#hash_433ab97f430c7be
string,#mpui/camo_active_take_it_personally
string,#hash_44bfe0ecd80c6d8
string,#mp/rampage
string,#zmweapon/ar_fastfire_t8_upgraded
string,#hash_47b85b5f86fbeff
string,#mpui/camo_flectarn
string,#weapon/defaultweapon
string,#hash_4d31b9e2bfe7386
string,#hash_4d5216db6f1d60b
string,#mpui/extclip2
string,#hash_4f496d07ff6de69
string,#hash_57c3251d6df56d4
string,#hash_58835b1180a6fe3
string,#zmtrials/unhealthy
string,#hash_5be026b2781b8c9
string,#hash_5d6b3a4351a86c7
string,#hash_5d7eb1442a4f213
string,#hash_6521de8792989da
string,#menu/camo_loot_scratchnsniff
string,#mpui/quickdraw2_desc
string,#mpui/stalker2_desc
string,#hash_75f98ebcf669654
string,#hash_7658eaa76903af0
string,#zmweapon/smg_fastburst_t8_upgraded
string,#mp/friendly_fire_will_not
string,#mpui/extclip
string,#hash_870732dcf823d00
string,#menu/camo_loot_roadhouse
string,#menu/camo_loot_trifecta
string,#zmweapon/sniper_quickscope_t8_upgraded
string,#hash_a3f529029c76943
string,#hash_a64dc7b49e4e8b8
string,#zmtrials/cat_fight_desc
string,#zmtrials/heads_up_deactivated
string,#mpui/fastreload2
string,#zmtrials/shotgun_wedding
string,#zmweapon/sniper_damagesemi_t8_upgraded
string,#hash_c0c2aecab7c9830
string,#hash_c25b25867cae22d
string,#mpui/damage2_desc
string,#hash_c35f5d2925fdda1
string,#zmtrials/perk_up
string,#weapon/hero_hammer
string,#mp/host_ended_game
string,#zmtrials/unhealthy_desc
string,#zmtrials/head_games
string,#hash_d8622d38b0078a8
string,#hash_de300c470db85c8
string,#zmweapon/ar_accurate_t8_upgraded
string,#hash_e2971bbfafcfe66
string,#hash_e2ea7c626d786da
string,#hash_e3c6806da3a5e83
string,#hash_e3c6906da3a6036
string,#hash_e3c6a06da3a61e9
string,#hash_e3c6b06da3a639c
string,#hash_e3c6c06da3a654f
string,#hash_e3c6d06da3a6702
string,#hash_e3c6e06da3a68b5
string,#hash_e3c6f06da3a6a68
string,#hash_e3c7006da3a6c1b
string,#hash_e3f6a06da3c97c0
string,#hash_e3f6b06da3c9973
string,#hash_e3f6c06da3c9b26
string,#hash_e3f6d06da3c9cd9
string,#hash_e3f6e06da3c9e8c
string,#hash_e3f6f06da3ca03f
string,#hash_e3f7006da3ca1f2
string,#hash_e3f7106da3ca3a5
string,#hash_e3f7406da3ca8be
string,#hash_e3f7506da3caa71
string,#zmtrials/ix_lives_desc
string,#hash_e42ed06da3fac30
string,#hash_e42ee06da3fade3
string,#hash_e42ef06da3faf96
string,#hash_e42f006da3fb149
string,#hash_e42f106da3fb2fc
string,#hash_e42f206da3fb4af
string,#hash_e42f306da3fb662
string,#hash_e42f406da3fb815
string,#hash_e42fb06da3fc3fa
string,#hash_e42fc06da3fc5ad
string,#hash_e467906da42cfeb
string,#mpui/fastlockon_desc
string,#weapon/fraggrenade
string,#hash_ee567911dd1ce83
string,#hash_f1198f8984cdf5e
string,#menu/camo_loot_circuitboard
string,#hash_f3454a4ccde8884
string,#zmtrials/board_to_death_desc
string,#weapon/ar_mg1909_t8
string,#hash_fb402ff44f08e0d
string,#hash_fb9837a686bdd40
string,#zmweapon/tr_damageburst_t8_upgraded
string,#zmtrials/artifacts_of_life_desc
string,#hash_fcacde729e8f906
string,#mpui/vzoom
string,#hash_105d44d51d562bcb
string,#hash_10b276fac753c556
string,#zmtrials/unpacked_desc
string,#hash_10c853c67454fff6
string,#zmweapon/shotgun_semiauto_t8_upgraded
string,#hash_11416e3dffba8d50
string,#mpui/mk
string,#menu/camo_loot_fractalized
string,#mpui/ir
string,#mpui/is
string,#mpui/gl
string,#hash_1173887b9ed28a4e
string,#mpui/dw
string,#mpui/camo_dante
string,#hash_11889275d187d335
string,#zmtrials/unsinkable
string,#hash_11a8b8a2620ca3af
string,#hash_11aebc3c53980d11
string,#mpui/sf
string,#mpui/rf
string,#hash_11cfa6d5f521dede
string,#mpui/no_attachment
string,#hash_11e84dbaee12f12d
string,#mpui/uber
string,#hash_12e1aab6522356bf
string,#hash_135c709adddc1d4c
string,#zmweapon/smg_folding_t8_upgraded
string,#zmtrials/defend_the_arena_desc
string,#mpui/barrelchoke_desc
string,#hash_13f479bc83629356
string,#hash_13f64b913a8510ce
string,#hash_140e279f96f7355f
string,#hash_1431bdde60bbe56c
string,#hash_1443820ee47af9cd
string,#menu/camo_active_treasure
string,#hash_14e32bf4f4789fbf
string,#hash_152b44c1e36f8f03
string,#hash_159da9be94076f66
string,#mpui/camo_redhex
string,#hash_15cf0d46af70291b
string,#hash_15d03eda3802d8ab
string,#mpui/null
string,#hash_15fb628e8e1e14cb
string,#hash_16245ae627ba6651
string,#zmweapon/smg_mp40_t8_upgraded
string,#mpui/grip
string,#hash_166b7f0f8f0d22fc
string,#zmweapon/shotgun_trenchgun_t8_upgraded
string,#hash_170ae9542e9ccea5
string,#zmweapon/tr_flechette_t8_upgraded
string,#hash_174cd9f5c45ff611
string,#mpui/suppressed_desc
string,#hash_17783814d047454c
string,#zmweapon/sniper_powersemi_t8_upgraded
string,#menu/camo_loot_fullsuite
string,#zmweapon/shotgun_precision_t8_upgraded
string,#zmtrials/fore
string,#mpui/no_attachment_desc
string,#mp/change_class_next_spawn
string,#hash_1869d963fd636a2e
string,#hash_1879c4efe154b7db
string,#menu/camo_loot_goosebumps
string,#mp/match_starting_in
string,#hash_190dd5ec5f5612c1
string,#mpui/uber_desc
string,#mpui/camo_active_rapid_kills
string,#hash_1960a6223dd21d1a
string,#zmtrials/well_equipped
string,#mpui/barrelchoke
string,#hash_19e29bd4de29fc15
string,#hash_1b0ecbf1397ca0b7
string,#hash_1b140e9372db8aa2
string,#zmweapon/shotgun_fullauto_t8_upgraded
string,#zmtrials/better_late_than_lever
string,#zmweapon/homunculus
string,#hash_1c07c87a45375aaf
string,#hash_1c6692a42ac7bc04
string,#hash_1c6b3ac49cbd0fce
string,#hash_1c89127cb3720861
string,#mpui/camo_integer
string,#hash_1d7a5994ac492832
string,#hash_1d8bf96eb831687a
string,#hash_1dc524ac624a1ab1
string,#zmtrials/easy_tiger
string,#zmui/mms_desc
string,#mpui/steadyaim2
string,#zombie/perk_ethereal_razor_keyboard
string,#hash_1edaf6a1bff5d72f
string,#hash_1ede7e0a996d091e
string,#weapon/hero_sword_pistol
string,#zmtrials/never_say_lever
string,#hash_1f65f161716fb57b
string,#zmtrials/into_the_pit_desc
string,#zmtrials/waterlogged_desc
string,#hash_2013d9c66d651329
string,#hash_2013e8b5b00c8a3f
string,#platform/press_to_spawn
string,#hash_2045bfcb4ec0b4ad
string,#menu/camo_loot_benjamins
string,#hash_2110391e7e7586d0
string,#hash_211bb263a0e77c99
string,#hash_2126b7bbe14bc6d6
string,#hash_212e47b34d8aab85
string,#menu/camo_loot_fearhaze
string,#zmtrials/level_headed
string,#hash_225d82c14158c283
string,#menu/camo_loot_seaflake
string,#hash_226b2946aba0ee8d
string,#hash_228c7aed5b4aa8ac
string,#hash_22cfe7bdf1f0a2e6
string,#menu/camo_loot_astronomy
string,#hash_2303e09b25647ced
string,#hash_230598ae0d4fd24e
string,#weapon/acid_bomb
string,#hash_2312d26f516aac1c
string,#hash_23184906a849ac54
string,#hash_23b5c70b94829eec
string,#hash_23b9460b9485ac90
string,#hash_23b9470b9485ae43
string,#hash_23b9480b9485aff6
string,#hash_23b9490b9485b1a9
string,#hash_23b94a0b9485b35c
string,#hash_23b94b0b9485b50f
string,#hash_23b94c0b9485b6c2
string,#hash_23b94d0b9485b875
string,#hash_23b9540b9485c45a
string,#hash_23b9550b9485c60d
string,#hash_23bc4b0b9487eae6
string,#hash_23bc4c0b9487ec99
string,#hash_23bc510b9487f518
string,#hash_23bc520b9487f6cb
string,#hash_23bc530b9487f87e
string,#hash_23bc540b9487fa31
string,#hash_23bc550b9487fbe4
string,#hash_23bc560b9487fd97
string,#hash_23bc570b9487ff4a
string,#hash_23bc580b948800fd
string,#mp/roundend
string,#mpui/camo_jungle
string,#zmweapon/pistol_topbreak_t8_upgraded
string,#mpui/dualoptic_desc
string,#hash_241f9cad1edf2fb9
string,#mpui/camo_huntsman
string,#hash_246c7d9118b22299
string,#hash_247f17f522492991
string,#hash_24a3e0f402bfd000
string,#zmweapon/ar_modular_t8_upgraded
string,#menu/camo_loot_masks
string,#zmtrials/magic_trick_desc
string,#hash_24d7a11f11523cca
string,#hash_253fa05b6436b54c
string,#menu/camo_loot_shimmer
string,#hash_25811ef8abc80b1f
string,#weapon/smg_drum_pistol_t8
string,#zmtrials/press_start_desc
string,#zmweapon/pistol_revolver_t8_upgraded
string,#mpui/elo_desc
string,#zmtrials/closed_for_business_desc
string,#hash_25d3f454e864bb4a
string,#weapon/molotov
string,#menu/camo_loot_picnic_royale
string,#hash_25fc6c872fa95f5e
string,#zmweapon/ar_standard_t8_upgraded
string,#hash_2628f8facd7d3398
string,#hash_263a5ffc86935a00
string,#zmweapon/ar_an94_upgraded
string,#hash_2673809df8c33919
string,#mpui/pistolscope
string,#hash_268e464278a2f8ff
string,#hash_26adc6b84f143b29
string,#hash_2745ea06a4f8e7fd
string,#hash_2823448d77d3b887
string,#hash_282905b6967d0716
string,#hash_282b1c9acf3429df
string,#hash_289f1ec940a22d13
string,#mpui/fmj2_desc
string,#hash_28d56dd1d7b2bb1c
string,#mp/halftime
string,#hash_28f8d698fe4d79d2
string,#zmui/high_caliber_2_desc
string,#hash_2972d212e8a2b07f
string,#mpui/holdbreath_desc
string,#hash_29bb507c115b3be1
string,#mpui/camo_active_kill_counter
string,#zmtrials/fore_desc
string,#hash_2a634db8501d93aa
string,#hash_2a88e974fda8ab23
string,#hash_2aa6fa1848766679
string,#hash_2aac97940a325bb2
string,#hash_2afe1c9235ce67ab
string,#hash_2b0fae1c09a3d8a9
string,#zmtrials/into_the_pit
string,#hash_2b27d20d2cfc1069
string,#hash_2b3d791eb05ec296
string,#hash_2b3de11ad126b0d1
string,#mpui/camo_ardent
string,#hash_2b6aa6ccfc4ac021
string,#mpui/acog_desc
string,#zmtrials/fast_times
string,#mp/connected
string,#zmtrials/pooped_desc
string,#zmtrials/the_grand_finale
string,#hash_2c33190105c2ca8b
string,#mpui/stabilizer_desc
string,#mpui/holdbreath
string,#hash_2c4658872516da90
string,#weapon/wraith_fire
string,#menu/camo_active_mystic
string,#hash_2d003d6a1240093c
string,#zmtrials/shoot_straight
string,#hash_2d5b3e718f0d39f0
string,#hash_2d85a60f366822d1
string,#hash_2dc36277fb350dc4
string,#hash_2e4649f30237c1de
string,#mpui/reflex
string,#zmweapon/ar_peacekeeper_t8_upgraded
string,#hash_2f6eb9c102b831ad
string,#zombie/perk_death_dash_keyboard
string,#mpui/camo_burnt
string,#hash_2fc7aa2eda41187f
string,#mpui/fmj2
string,#zmweapon/ar_galil_t8_upgraded
string,#zmweapon/smg_accurate_t8_upgraded
string,#hash_2fe7fcd79edff0a8
string,#zmtrials/slowpoke
string,#hash_3041bf105b58c16a
string,#mp/score_limit_reached
string,#mpui/ir_desc
string,#hash_30becf08ae85b7b5
string,#hash_30ca104ae7125b99
string,#zmweapon/ar_stealth_t8_upgraded
string,#hash_30f532e9051a3691
string,#hash_30f600e52b287acf
string,#zmweapon/sniper_mini14_t8_upgraded
string,#zmtrials/pack_it_in
string,#hash_31952300837d21df
string,#hash_31e9d057a03398bf
string,#hash_3208f3e9ab5ee990
string,#hash_3209df1e6f3b704a
string,#zmtrials/heads_up
string,#hash_3279150dc6bd1b3b
string,#hash_327e81e6ede21cd5
string,#mpui/camo_snowjob
string,#zmweapon/smg_drum_pistol_t8_upgraded
string,#hash_330aad17af7067dd
string,#menu/camo_active_brains
string,#hash_3322cee3cd1eaf5f
string,#zmweapon/tr_midburst_t8_upgraded
string,#hash_3367be9cb3de4426
string,#hash_33c5a3d6ed967788
string,#hash_33f013eacb53964c
string,#weapon/incendiary_grenade
string,#hash_3408e555887fd0de
string,#weapon/proximity_grenade
string,#zmtrials/artifacts_of_life
string,#hash_34a417201bd40701
string,#hash_34a741ede3224fef
string,#hash_34e7f6acc853038c
string,#mpui/holo_desc
string,#hash_35337d8baa964355
string,#hash_35756e2d40596ac1
string,#hash_35809bbdfb9330a3
string,#zmtrials/feeling_trapped_desc
string,#hash_35e44d431b990a79
string,#mpui/quickdraw2
string,#hash_360742434808cf8e
string,#hash_3640fdfd426ba4b4
string,#hash_3661a8e8a8a5365b
string,#hash_366888e106b2bbb3
string,#menu/camo_active_115
string,#hash_368cabad6d5a6a99
string,#hash_36be4a2f9e325b50
string,#mpui/fmj
string,#hash_36dd348e1d001463
string,#zmtrials/you_made_your_points_desc
string,#hash_37705bc03bf50c48
string,#hash_37bf874d1c086636
string,#hash_37ca7d0a170ecb94
string,#zmweapon/lmg_standard_t8_upgraded
string,#zmweapon/smg_capacity_t8_upgraded
string,#hash_3824d76b4a721017
string,#hash_3847f14b6f3e878d
string,#hash_3852e5ce7f95a8f1
string,#hash_38698d6863661eb6
string,#menu/camo_loot_dinoglyphs
string,#zmui/fmj2_desc
string,#zmweapon/special_crossbow_upgraded
string,#menu/camo_loot_streetrace
string,#mpui/killcounter
string,#mpui/extbarrel2
string,#zmtrials/engine_room_rumble
string,#mpui/grip_desc
string,#mpui/reticle_color_1
string,#hash_3a063977a514dc83
string,#hash_3a126573362283f2
string,#zmtrials/perk_allergy
string,#mpui/camo_active_showstopper
string,#weapon/shotgun_trenchgun_t8
string,#mpui/reddot_desc
string,#zmtrials/unpacked
string,#hash_3ae42f7d6eabab5a
string,#mp/round_limit_reached
string,#hash_3b86b85e0bb6f737
string,#hash_3b8f0e4e0f3e0673
string,#mpui/camo_darkmatter
string,#hash_3baff445117f4215
string,#hash_3c2c23140f315698
string,#zmweapon/smg_standard_t8_upgraded
string,#hash_3c45fab1ceb9fb96
string,#zmweapon/smg_fastfire_t8_upgraded
string,#hash_3ca968dee9e5dc02
string,#menu/camo_active_spinal
string,#zmtrials/the_whole_ix_yards
string,#hash_3d26eb8dafae98e9
string,#zmtrials/shoot_straight_desc
string,#zmtrials/open_sesame
string,#zombie/perk_zombshell_keyboard
string,#zmui/suppressor_desc
string,#zmtrials/shoot_from_the_hip
string,#mpui/tacknife
string,#menu/camo_loot_chrysalis
string,#menu/camo_loot_cherryblossom
string,#hash_3e42591da1c1538f
string,#mpui/steadyaim_desc
string,#hash_3e8d6be650bb8045
string,#mpui/camo_chameleon
string,#mpui/gl_desc
string,#menu/camo_loot_jellymaw
string,#zmtrials/powerless_desc
string,#mpui/is_desc
string,#hash_3f7a39709c472e40
string,#hash_3f7a3a709c472ff3
string,#hash_3f7a3b709c4731a6
string,#hash_3f7a3c709c473359
string,#hash_3f7a3e709c4736bf
string,#hash_3f7a3f709c473872
string,#hash_3f7a40709c473a25
string,#hash_3f7a45709c4742a4
string,#hash_3f7a46709c474457
string,#hash_3f7dbc709c4a42b0
string,#hash_3f7dbd709c4a4463
string,#hash_3f7dbe709c4a4616
string,#hash_3f7dbf709c4a47c9
string,#hash_3f7dc0709c4a497c
string,#hash_3f7dc1709c4a4b2f
string,#hash_3f7dc2709c4a4ce2
string,#hash_3f7dc3709c4a4e95
string,#hash_3f7dca709c4a5a7a
string,#hash_3f7dcb709c4a5c2d
string,#hash_3f8141709c4d5a86
string,#hash_3f8142709c4d5c39
string,#hash_3f8147709c4d64b8
string,#hash_3f8148709c4d666b
string,#hash_3f8149709c4d681e
string,#hash_3f814a709c4d69d1
string,#hash_3f814b709c4d6b84
string,#hash_3f814c709c4d6d37
string,#hash_3f814d709c4d6eea
string,#hash_3f814e709c4d709d
string,#hash_3f84cf709c5081a7
string,#weapon/hero_scepter
string,#hash_3fdd7d51454854c9
string,#zmtrials/engine_room_rumble_desc
string,#hash_402b2fd4a880c8d5
string,#hash_40500dfc3dffbf0b
string,#hash_40cccac56698bbcf
string,#mpui/fastlockon
string,#mpui/extbarrel
string,#hash_414ce3af89eedef1
string,#hash_415e5f11a4e4cf72
string,#mpui/mixclip_desc
string,#hash_416c0321eb197ee8
string,#hash_41bdafe80992b867
string,#hash_41d2d10a19d5e162
string,#zmtrials/door_man
string,#mpui/elo
string,#menu/camo_loot_datamine
string,#mpui/damage_desc
string,#hash_420861c64b6e9e7c
string,#hash_4223b5afbb7d9d13
string,#zombie/perk_zombshell
string,#zmtrials/ix_lives
string,#hash_4296912594fa3c42
string,#mpui/supply
string,#hash_43062aaa02d5d217
string,#menu/camo_loot_blueup
string,#mpui/camo_jungletek
string,#zmtrials/head_games_desc
string,#hash_43b0cfc850dbcc04
string,#hash_43c5dc7745aea596
string,#mpui/camo_bliss
string,#hash_4445fe38241c1416
string,#hash_4454479f9a5e2f4c
string,#hash_44a299bf99de3fc8
string,#hash_44d2f08d113be3e0
string,#mp/waiting_to_spawn
string,#zmtrials/shoot_from_the_hip_desc
string,#mpui/suppressed
string,#zmtrials/repackaged
string,#hash_4529358b5e1cbf65
string,#hash_452fd06faf792671
string,#zmtrials/the_grand_finale_desc
string,#hash_454f0740bcbad400
string,#hash_45b36a3eb813b45d
string,#hash_45cb73ced891c9ca
string,#mpui/hipgrip_desc
string,#hash_46190369166fdf1d
string,#mpui/holo
string,#mpui/quickdraw_desc
string,#hash_467d8bdf8ad02176
string,#zmtrials/missing_the_points_desc
string,#zmweapon/ar_mg1909_t8_upgraded
string,#zmtrials/unsinkable_desc
string,#hash_473dacfacca48116
string,#hash_47b852659704200c
string,#mp/waiting_for_players
string,#hash_47d77a590180224b
string,#hash_48c14c4d6d2739f3
string,#mpui/adsreload_desc
string,#hash_49325acaa25b7b62
string,#mp/intermission
string,#hash_495e61136d1a8a18
string,#hash_4973da5ba484b2ae
string,#zmtrials/never_say_lever_desc
string,#hash_49d5ec18cbcd8431
string,#hash_49e88c8053d4f73e
string,#zmtrials/waterlogged
string,#mpui/camo_heatstroke
string,#hash_4a584bc8c443f246
string,#menu/camo_loot_dogfight
string,#hash_4abb03b57a547954
string,#zmtrials/better_late_than_lever_desc
string,#zmtrials/give_it_your_best_shotgun_desc
string,#hash_4b105b524a93b53d
string,#mp/players_forfeited
string,#hash_4b47c0453bea448b
string,#zmweapon/none
string,#zmtrials/missing_the_points
string,#hash_4c11426c62518769
string,#weapon/mini_turret
string,#hash_4c2bbe6f91c1ca94
string,#hash_4cf81372651ff044
string,#hash_4d048d939c70cad9
string,#hash_4d2064193f627324
string,#mpui/quickdraw
string,#zmtrials/perk_up_desc
string,#zmweapon/shotgun_pump_t8_upgraded
string,#zmweapon/bowie
string,#hash_4dff11036295b59f
string,#mp/time_limit_reached
string,#menu/camo_loot_afterglow
string,#mpui/extclip2_desc
string,#hash_4ed6f1ab0cbc899b
string,#mpui/sf_desc
string,#hash_4f0d8ebb363015e0
string,#zmweapon/lmg_heavy_t8_upgraded
string,#hash_4f19b46ba3c91f3d
string,#hash_4f23c6ecb321fa19
string,#weapon/minigun
string,#hash_4f6592650a2a5f47
string,#hash_4f7ba54fd8d544e0
string,#mp/ended_game
string,#zmtrials/shields_up_desc
string,#hash_50186cf704217ba7
string,#mpui/camo_fear
string,#hash_50558b5bb603d49a
string,#hash_506621193b404166
string,#mpui/vzoom_desc
string,#hash_509c207dd61a1010
string,#hash_509c217dd61a11c3
string,#hash_509c227dd61a1376
string,#hash_509c237dd61a1529
string,#hash_509c247dd61a16dc
string,#hash_509c257dd61a188f
string,#hash_509c267dd61a1a42
string,#hash_509c277dd61a1bf5
string,#hash_509c287dd61a1da8
string,#hash_509c297dd61a1f5b
string,#hash_509f237dd61c4b00
string,#hash_509f247dd61c4cb3
string,#hash_509f257dd61c4e66
string,#hash_509f277dd61c51cc
string,#hash_509f287dd61c537f
string,#hash_509f297dd61c5532
string,#hash_509f2a7dd61c56e5
string,#hash_509f2d7dd61c5bfe
string,#hash_509f2e7dd61c5db1
string,#hash_50a2ac7dd61f69a2
string,#hash_50a6297dd62273e0
string,#hash_50a62a7dd6227593
string,#hash_50a6317dd6228178
string,#hash_50a6327dd622832b
string,#hash_50a6337dd62284de
string,#hash_50a6347dd6228691
string,#hash_50a6357dd6228844
string,#hash_50a6367dd62289f7
string,#hash_50a6377dd6228baa
string,#hash_50a6387dd6228d5d
string,#menu/camo_loot_smokeblast
string,#mpui/camo_gold
string,#zmweapon/sniper_locus_t8_upgraded
string,#zmtrials/ix_minutes_of_hell_desc
string,#hash_51c5c4c086e10933
string,#mpui/none
string,#hash_51f2ce5521044126
string,#hash_521f545be597e1dd
string,#hash_525b738abc05f2e5
string,#hash_52add90a13f97149
string,#mp/opponent_forfeiting_in
string,#mpui/camo_diamond
string,#hash_52e079a39f348e1b
string,#zmtrials/weapon_roulette_desc
string,#hash_53312ce351118dea
string,#mp/you_will_respawn
string,#mpui/speedreloader_desc
string,#mpui/extrapellets
string,#zmweapon/lmg_spray_t8_upgraded
string,#mp/switching_sides_caps
string,#menu/camo_loot_megalodon
string,#zmtrials/perks_of_the_job_desc
string,#zmtrials/shotgun_wedding_desc
string,#zombie/perk_ethereal_razor
string,#weapon/lmg_double_t8
string,#zmui/extrapellets_desc
string,#hash_556fbdaebf02d158
string,#hash_5585afd07d9abe93
string,#hash_558f1b6c18e268a8
string,#hash_559659e3129018db
string,#zmtrials/defend_the_temple
string,#zmui/high_caliber_desc
string,#hash_560d002c6e40e5df
string,#menu/camo_loot_vice
string,#hash_566498ca0044aee2
string,#hash_569c87a91821557d
string,#hash_56df244e4d364594
string,#zmweapon/pistol_burst_t8_upgraded
string,#hash_5702dad2a92e9ae4
string,#mpui/last_stand
string,#zmtrials/lever_again
string,#zmtrials/defend_the_temple_desc
string,#hash_581816623d4cf8a4
string,#mpui/steadyaim2_desc
string,#menu/camo_loot_bacon
string,#weapon/hero_chakram
string,#hash_58a35778e95f4ce6
string,#hash_58b7aeee47f428da
string,#mpui/reflex_desc
string,#mp/spawn_next_round
string,#mpui/grip2
string,#zmtrials/powerless
string,#hash_5a7ae26c4971aef4
string,#mpui/hipgrip
string,#mpui/camo_arctic
string,#hash_5acae5f224c146a9
string,#hash_5acbe3e462e77ebb
string,#mpui/adsreload
string,#zombie/perk_wolf_protector
string,#hash_5b58f54598d827db
string,#mp_enemies_eliminated
string,#mpui/camo_battle
string,#hash_5ba4f6bd62a74330
string,#hash_5bb3517d2db4f389
string,#zmtrials/defend_the_arena
string,#hash_5bee0d394b63ef8c
string,#mp/overtime
string,#hash_5c28147c226eb600
string,#hash_5c29c4800541018f
string,#hash_5c4bf26b01b252bd
string,#zmtrials/shall_we_dance
string,#hash_5caca63ea5d79d4f
string,#mpui/mixclip
string,#mpui/mms_desc
string,#hash_5d10d89526e79efa
string,#hash_5d1d7585c39b1b15
string,#zmweapon/smg_minigun_t8_upgraded
string,#zmtrials/cat_fight
string,#hash_5d81af6a5a2795d3
string,#hash_5dc620aa9640e528
string,#hash_5e2c81adb5a5264a
string,#zmtrials/whats_the_point
string,#hash_5e6ae4119dda43e0
string,#zmtrials/ride_shotgun_desc
string,#zmtrials/pooped
string,#mpui/camo_contagious
string,#hash_5edf8aa8c17053b0
string,#hash_5ef081161d940834
string,#hash_5f17105e484faba8
string,#hash_5f365feca6b22e8a
string,#mpui/extrapellets_desc
string,#zmtrials/shields_up
string,#weapon/syrette
string,#zmtrials/magic_trick
string,#hash_5fca199af03b1501
string,#hash_5ff4184a20005456
string,#zmtrials/heads_up_desc
string,#hash_60190025ba3997f4
string,#mpui/fastreload_desc
string,#hash_6063cd6ae0f6ce28
string,#zmtrials/open_sesame_desc
string,#hash_607993fb651c3014
string,#mpui/camo_interpol
string,#mpui/extbarrel2_desc
string,#hash_60e017e8be940e6c
string,#hash_6125190ec3d58d24
string,#zmtrials/heads_up_deactivated_desc
string,#zmui/barrelchoke_desc
string,#hash_61d49252aae8c746
string,#mpui/steadyaim
string,#hash_62503932e1d53a87
string,#mpui/reddot
string,#hash_6262fb7516ec5b8c
string,#hash_6262fc7516ec5d3f
string,#hash_6262ff7516ec6258
string,#hash_6263007516ec640b
string,#hash_6263017516ec65be
string,#hash_6263027516ec6771
string,#hash_6263037516ec6924
string,#hash_6263047516ec6ad7
string,#hash_6263057516ec6c8a
string,#hash_6263067516ec6e3d
string,#hash_6266897516ef82ad
string,#hash_6269ed7516f26270
string,#hash_6269ee7516f26423
string,#hash_6269f07516f26789
string,#hash_6269f17516f2693c
string,#hash_6269f27516f26aef
string,#hash_6269f37516f26ca2
string,#hash_6269f47516f26e55
string,#hash_6269f77516f2736e
string,#hash_6269f87516f27521
string,#hash_626d707516f576e0
string,#hash_626d717516f57893
string,#hash_626d727516f57a46
string,#hash_626d737516f57bf9
string,#hash_626d747516f57dac
string,#hash_626d757516f57f5f
string,#hash_626d767516f58112
string,#hash_626d777516f582c5
string,#hash_626d7c7516f58b44
string,#hash_626d7d7516f58cf7
string,#zmweapon/tr_longburst_t8_upgraded
string,#hash_6273e8b67129d687
string,#hash_627f640830ae263b
string,#hash_62883f895b889bbf
string,#menu/camo_loot_america
string,#hash_629d187300caa85d
string,#hash_62e5639262d1db05
string,#zmtrials/level_headed_desc
string,#zmtrials/weapon_roulette
string,#hash_6339a2cd4107c7a8
string,#feature/gun_tag
string,#mpui/camo_6speed
string,#zmtrials/crawling_with_zombies_desc
string,#hash_63c97d43f0da6036
string,#mpui/clantag
string,#hash_642160b2ebf55dd2
string,#mpui/burst2_desc
string,#zmtrials/press_start
string,#zmweapon/launcher_standard_t8_upgraded
string,#hash_64f8fb4f2cfa3d8a
string,#hash_6514f206d5d2c57f
string,#mpui/pistolscope_desc
string,#hash_652798c8c39df5b0
string,#hash_652b072deeb9df88
string,#hash_6549dfc2889aed92
string,#zmtrials/lever_again_desc
string,#menu/camo_loot_ww2
string,#zmweapon/smg_handling_t8_upgraded
string,#hash_6655ab6e9517c0f2
string,#hash_665fcaf288735f26
string,#hash_66b8122b30dbda20
string,#hash_66b8132b30dbdbd3
string,#hash_66b8142b30dbdd86
string,#hash_66b8152b30dbdf39
string,#hash_66b8162b30dbe0ec
string,#hash_66b8172b30dbe29f
string,#hash_66b8182b30dbe452
string,#hash_66b8192b30dbe605
string,#hash_66b81e2b30dbee84
string,#hash_66b81f2b30dbf037
string,#hash_66bb9c2b30defa75
string,#hash_66be9a2b30e12ce6
string,#hash_66be9b2b30e12e99
string,#hash_66bea02b30e13718
string,#hash_66bea12b30e138cb
string,#hash_66bea32b30e13c31
string,#hash_66bea42b30e13de4
string,#hash_66bea52b30e13f97
string,#hash_66bea62b30e1414a
string,#hash_66bea72b30e142fd
string,#hash_66c21f2b30e444bc
string,#hash_66c2202b30e4466f
string,#hash_66c2232b30e44b88
string,#hash_66c2242b30e44d3b
string,#hash_66c2252b30e44eee
string,#hash_66c2262b30e450a1
string,#hash_66c2272b30e45254
string,#hash_66c2282b30e45407
string,#hash_66c2292b30e455ba
string,#hash_66c22a2b30e4576d
string,#hash_66d33b296eb64fbc
string,#mpui/stalker2
string,#hash_67afe13d603b7c17
string,#hash_67e9b1725f4892d0
string,#zmtrials/perk_o_late_desc
string,#zmtrials/slowpoke_desc
string,#hash_688a1b241ffb922e
string,#hash_68aa6bf5db640dde
string,#hash_68f57be57b8709f5
string,#mpui/extbarrel_desc
string,#zmtrials/well_equipped_desc
string,#zmweapon/sniper_fastrechamber_t8_upgraded
string,#mpui/fastreload
string,#hash_694b66b1b888e2a8
string,#zmweapon/sniper_powerbolt_t8_upgraded
string,#hash_69a926893da551ac
string,#zmtrials/whats_the_point_desc
string,#zmtrials/perk_o_late
string,#zmtrials/packing_heat_desc
string,#weapon/sticky_grenade
string,#hash_6a4930978aef6c45
string,#zmtrials/packing_heat
string,#mpui/burst2
string,#hash_6a9be845c6452ca0
string,#zmtrials/easy_tiger_desc
string,#hash_6ac1cbe3ee259a81
string,#zmtrials/the_whole_ix_yards_desc
string,#hash_6ae39edd46d28071
string,#hash_6aee422878d572b9
string,#zmtrials/creeper_desc
string,#hash_6ba927d11e82009f
string,#menu/camo_loot_donuts
string,#hash_6c3ce176afd81e0e
string,#weapon/tr_leveraction_t8
string,#hash_6c8d7834e1591a50
string,#zmweapon/smg_vmp_upgraded
string,#hash_6cc233d0cb3d3c29
string,#hash_6d2530f930efc11c
string,#hash_6d4dfef6d1036517
string,#mpui/camo_wmd
string,#menu/camo_loot_smooch
string,#mpui/camo_active_objective_kills
string,#hash_6e7a39a94051d947
string,#hash_6e86b49d6d5196af
string,#hash_6ead493757653891
string,#weapon/claymore
string,#hash_6f01423f46111946
string,#hash_6f1912fbe9dfe352
string,#zmtrials/fast_times_desc
string,#hash_6fadb10365fc3bee
string,#mpui/rangefinder
string,#zmweapon/ar_doublebarrel_upgraded
string,#mpui/stabilizer
string,#zmweapon/ar_damage_t8_upgraded
string,#hash_7042938200bbf8eb
string,#mpui/reticle_default
string,#hash_709fb6b7fdde6aa8
string,#hash_70da6c04bd088333
string,#hash_714cce81de873f11
string,#mpui/acog
string,#zmweapon/special_ballisticknife_t8_upgraded
string,#mpui/damage2
string,#hash_71ac572216fa0d76
string,#zmtrials/perks_of_the_job
string,#menu/camo_loot_connected
string,#hash_71daff3020a0070e
string,#hash_71df11dbf2e35745
string,#zmtrials/ix_minutes_of_hell
string,#mp/match_tie
string,#zmtrials/closed_for_business
string,#zmweapon/lmg_stealth_t8_upgraded
string,#weapon/smg_mp40
string,#hash_73027543dca42482
string,#hash_73105a864c05ceea
string,#hash_7311ba12d382bab4
string,#mp/match_starting
string,#hash_73e16e17352f2fb5
string,#zmweapon/tr_powersemi_t8_upgraded
string,#hash_74978fc95bfb2bfd
string,#zmtrials/feeling_trapped
string,#hash_74b00507470ca672
string,#mpui/stalker_desc
string,#hash_752c1c5c6c09ad22
string,#hash_752c1d5c6c09aed5
string,#hash_752c1e5c6c09b088
string,#hash_752c1f5c6c09b23b
string,#hash_752c205c6c09b3ee
string,#hash_752c215c6c09b5a1
string,#hash_752c225c6c09b754
string,#hash_752c235c6c09b907
string,#hash_752c245c6c09baba
string,#hash_7564cce16f4274f6
string,#hash_75732690582a853a
string,#mpui/damage
string,#hash_758d93baadbc199d
string,#mpui/camo_active_kills_without_dying
string,#weapon/pistol_topbreak_t8
string,#mpui/camo_ash
string,#hash_768c5aeecc2d7cc4
string,#mpui/grip2_desc
string,#hash_7725a43a5e8755ad
string,#zmtrials/crawling_with_zombies
string,#hash_777f682f8c48d07d
string,#zmweapon/lmg_double_t8_upgraded
string,#menu/camo_loot_cyberpunk
string,#menu/camo_active_celestial
string,#zmtrials/creeper
string,#menu/camo_loot_citrus
string,#mpui/rf_desc
string,#mpui/mk_desc
string,#hash_78b448d799b46550
string,#mp/waiting_to_spawn_ss
string,#hash_78d753143b405d88
string,#hash_78fab15695ef9758
string,#hash_7a03aebfbbd5553b
string,#zmweapon/pistol_standard_t8_upgraded
string,#mpui/speedreloader
string,#mpui/dw_desc
string,#menu/camo_loot_disavowed
string,#hash_7a803cf62eec9897
string,#mpui/camo_active_headshots
string,#hash_7ac7f8c163dc6d89
string,#zmtrials/perk_allergy_desc
string,#mpui/rangefinder_desc
string,#hash_7b070a13d922f413
string,#zmtrials/shall_we_dance_desc
string,#hash_7b9c8543bd5b051c
string,#zmtrials/you_made_your_points
string,#feature/gun_emblem
string,#hash_7bf8bcf55e2bd26e
string,#zmtrials/board_to_death
string,#hash_7c257fd95d0f18fa
string,#zmweapon/pistol_fullauto_t8_upgraded
string,#hash_7c9932ec97180186
string,#mpui/mms
string,#zmtrials/door_man_desc
string,#mp/round_draw
string,#hash_7d3e69af1a992cec
string,#zmtrials/give_it_your_best_shotgun
string,#menu/camo_loot_greengradient
string,#mpui/camo_woodlums
string,#zmtrials/shielded_desc
string,#hash_7e02c915b04f83eb
string,#hash_7e1d8af0e13c62d7
string,#hash_7e31505384e0837a
string,#mpui/tacknife_desc
string,#hash_7e639eaeecc873fe
string,#menu/camo_loot_paradise
string,#hash_7ebea2becf0c1aee
string,#hash_7ee2f55273bf91f8
string,#hash_7f60e043a8757876
string,#hash_7f6d2a324bfa6338
string,#menu/camo_loot_plasmadrive
eventstring,#medal_received
eventstring,#score_event
eventstring,#loot_contract_complete
eventstring,#player_spawned
eventstring,#mp_weekly_challenge_complete
eventstring,#player_callout_colon
eventstring,#gun_level_complete
eventstring,#prematch_timer_ended
eventstring,#mp_daily_challenge_complete
eventstring,#killstreak_received
eventstring,#rank_up
eventstring,#loot_contract_progress
eventstring,#create_prematch_timer
eventstring,#player_callout
eventstring,#challenge_complete
objective,#hash_28d5f57c2309090
objective,#objective_zm_tutorial
objective,#hash_179c67d4ccb9f19f
objective,#hash_228d7ebefd8c2600
objective,#hash_2b0ffc46eaa608c5
objective,#hash_3a35084ee8c333b2
objective,#hash_423a75e2700a53ab
objective,#hash_5cfdced70a5a5948
objective,#hash_649649ac2d1051cb
objective,#hash_683cf7d37afcc3ae
objective,#hash_7ca5f00291d9fb74
objective,#hash_7fd7394d5e139808
fx,#blood/fx8_blood_cam_gib_spray_zm
fx,#_t6/misc/fx_zombie_cola_dtap_on
fx,#hash_311a865a91014b22
fx,#zombie/fx_bgb_anywhere_but_here_teleport_aoe_kill_zmb
fx,#hash_3215f91a276a69ec
fx,#weapon/fx8_equip_light_os
fx,#hash_3937ef26298b6caf
fx,#hash_3c9948ab313a6483
fx,#zm_weapons/fx8_equip_mltv_fire_human_torso_loop_zm
fx,#wz/fx8_zm_box_marker_rainbow
fx,#hash_4c24e997afad36e0
fx,#hash_4e3dc7da8f681079
fx,#hash_4e40eada8f6a81c9
fx,#hash_4e55cdda8f7cac8c
fx,#hash_57034716c105e41e
fx,#hash_59422cff58693587
fx,#hash_5aa1120d061d1f6c
fx,#zombie/fx_bgb_anywhere_but_here_teleport_zmb
fx,#hash_66478d394cf5596d
fx,#light/fx8_light_plyr_base
fx,#zombie/fx_bgb_anywhere_but_here_teleport_aoe_zmb
fx,#hash_7b951deec27b35c1
fx,#hash_7d69ee9822b45157
fx,#weapon/fx_hero_annhilatr_death_blood
lui_elem,#zm_hint_text
lui_elem,#zm_towers_pap_hud
lui_elem,#zm_towers_challenges_hud
lui_elem,#zm_towers_crowd_meter
lui_elem,#zm_arcade_timer
lui_elem,#zm_tut_hint_text
lui_elem,#self_revive_visuals
lui_elem,#zm_zod_wonderweapon_quest
lui_elem,#zm_trial_weapon_locked
lui_elem,#zm_build_progress
lui_elem,#zm_laststand_client
lui_elem,#self_revive_visuals_rush
lui_elem,#zm_location
lui_elem,#zm_arcade_keys
lui_elem,#zm_red_challenges_hud
lui_elem,#zm_trial_timer
lui_elem,#zm_game_over
lui_elem,#zm_game_timer
soundalias,#wpn_smg_accurate_lfe_npc
soundalias,#fly_ar_modular_bolt_back_npc
soundalias,#mpl_player_heartbeat
soundalias,#fly_step_crouch_walk_lt_npc_metalthin
soundalias,#fly_step_cardboard_plr
soundalias,#wpn_smg_capacity_uber_rapid_lfe_killcam_npc
soundalias,#fly_step_prone_npc_glass
soundalias,#hash_1dea3b0bec8138
soundalias,#hash_1dee3b0bec8804
soundalias,#hash_1def3b0bec89b7
soundalias,#hash_1df13b0bec8d1d
soundalias,#fly_lstep_crouch_run_npc_sand
soundalias,#fly_qstep_run_plr_metalhollow
soundalias,#wpn_ar_galil_act_npc
soundalias,#hash_23a46c16dc340e
soundalias,#hash_25a49f5aabb867
soundalias,#hash_2c86df002469ab
soundalias,#fly_land_lt_plr_snow_sec
soundalias,#hash_3149d15650685c
soundalias,#fly_land_fast_npc_heavy_rubber
soundalias,#fly_slide_plr_grass
soundalias,#fly_ballistic_knife_first_raise
soundalias,#wpn_tr_damageburst_sup_lfe_plr
soundalias,#wpn_ar_peacekeeper_rf_sup_ads_npc
soundalias,#fly_land_plr_lt_bark
soundalias,#fly_qstep_crouch_run_plr_plastic
soundalias,#fly_takeoff_plr_metalcatwalk
soundalias,#fly_land_slow_plr_lt_metal
soundalias,#fly_qstep_sprint_lt_npc_metalhollow
soundalias,#hash_6c58fef273fb70
soundalias,#hash_752f40d629b1de
soundalias,#fly_land_slow_plr_lt_bodyarmor
soundalias,#fly_land_lt_plr_snow
soundalias,#fly_qstep_crouch_run_plr_plaster
soundalias,#fly_step_crouch_run_lt_npc_ice
soundalias,#fly_step_prone_lt_plr_ceramic
soundalias,#fly_qstep_sprint_lt_plr_rock_swt
soundalias,#wpn_ar_peacekeeper_rf_lfe_killcam_npc
soundalias,#zmb_step_crouch_run_npc_dirt
soundalias,#hash_8fad746bc7cedb
soundalias,#fly_land_lt_plr_bodyarmor
soundalias,#fly_land_imp_med_lt_plr_brick
soundalias,#prj_bullet_impact_xtreme_grass
soundalias,#wpn_smg_accurate_uber_sup_killcam_lfe_npc
soundalias,#fly_qstep_crouch_run_npc_glasscar
soundalias,#hash_aa6ce090b5e920
soundalias,#wpn_rocket_explode_lfe_plr
soundalias,#wpn_smg_fastburst_sup_lfe_plr
soundalias,#fly_lstep_prone_lt_npc_ceramic
soundalias,#fly_start_wall_lt_plr_rock
soundalias,#fly_qstep_crouch_walk_plr_flesh
soundalias,#wpn_lmg_stealth_uber_sup_fire_killcam_npc
soundalias,#fly_slide_npc_snow
soundalias,#fly_lstep_crouch_run_npc_metalthin
soundalias,#prj_brass_impact_gren_case_ceramic
soundalias,#hash_ce3a1be44d4de8
soundalias,#fly_stance_prone2crouch_lt_plr_metalthin
soundalias,#hash_d260e2c229e6cc
soundalias,#fly_step_run_lt_plr_metalthin
soundalias,#fly_flechette_bolt_forward
soundalias,#hash_dc571037809971
soundalias,#fly_bump_barrel
soundalias,#wpn_tr_longburst_sup_upg_lfe_plr
soundalias,#prj_brass_impact_plr_gren_case_water
soundalias,#hash_f10ece08eb7d5b
soundalias,#wpn_ar_accurate_ads_killcam_npc
soundalias,#fly_step_run_plr_rock
soundalias,#fly_qstep_walk_lt_plr_watershallow
soundalias,#wpn_smg_flux_l_plr_pap
soundalias,#wpn_tr_longburst_uber_act_npc
soundalias,#wpn_ar_damage_lfe_killcam_npc
soundalias,#zmb_rush_defend_end
soundalias,#fly_land_damage_lt_plr
soundalias,#wpn_smg_handling_lh_fire_killcam_plr
soundalias,#wpn_ar_peacekeeper_rf_fire_killcam_plr
soundalias,#prj_bolt_impact_metal
soundalias,#fly_snipe_fast_cyl_in_npc
soundalias,#wpn_smg_int_augment_loop
soundalias,#fly_land_imp_fast_heavy_glasscar
soundalias,#fly_slide_heavy_gravel
soundalias,#hash_12b8ab55c6ba9ca
soundalias,#fly_wpn_grab_rattle
soundalias,#wpn_tr_longburst_upg_uber_fire_pap_npc
soundalias,#fly_step_sprint_lt_plr_water
soundalias,#chr_burn_start
soundalias,#hash_137e2d0ccce7331
soundalias,#fly_qstep_crouch_run_lt_npc_metalhollow
soundalias,#fly_qstep_prone_npc_ceramic
soundalias,#fly_qstep_run_lt_plr_glasscar
soundalias,#zmb_ai_catalyst_spawn_water
soundalias,#wpn_pistol_fullauto_d_rf2_lfe_plr
soundalias,#fly_step_crouch_walk_lt_npc_metal
soundalias,#zmb_step_catalyst_plasma_walk_wood
soundalias,#fly_step_crouch_run_heavy_grass
soundalias,#hash_153ba0b0e6aa3f6
soundalias,#fly_longburst_mag_out
soundalias,#hash_156f93d64c60ff3
soundalias,#fly_step_crouch_run_npc_ice
soundalias,#fly_qstep_sprint_heavy_rubber
soundalias,#fly_land_imp_med_lt_plr_asphalt
soundalias,#fly_slide_npc_carpet
soundalias,#prj_brass_impact_sniper_rock
soundalias,#wpn_smg_handling_sup_lh_act_plr
soundalias,#fly_land_imp_fast_lt_plr_mud
soundalias,#fly_weight_run_heavy
soundalias,#fly_land_npc_glasscar
soundalias,#hash_16e73ecbae12534
soundalias,#wpn_smg_fastburst_rf_act_plr
soundalias,#hash_170b658a31fd826
soundalias,#fly_snipe_locus_bolt_forward
soundalias,#fly_sniper_quick_inspect
soundalias,#fly_lstep_crouch_walk_npc_paintedmetal
soundalias,#wpn_pistol_topbreak_fire_npc
soundalias,#wpn_ar_accurate_fire_killcam_plr
soundalias,#fly_qstep_walk_heavy_dirt
soundalias,#fly_qstep_crouch_walk_lt_plr_grass
soundalias,#fly_trav_high_loud_npc
soundalias,#fly_step_prone_lt_plr_rubber
soundalias,#prj_bolt_impact_player
soundalias,#wpn_ar_damage_lfe_plr
soundalias,#fly_land_imp_fast_heavy_plaster
soundalias,#wpn_pistol_topbreak_fire_act_npc
soundalias,#fly_step_prone_heavy_metalcatwalk
soundalias,#wpn_tr_longburst_fire_npc
soundalias,#wpn_smg_standard_silencer_fire_killcam_npc
soundalias,#hash_1908853ed2137ec
soundalias,#hash_192acb5aedf8bb3
soundalias,#fly_step_walk_npc_plaster
soundalias,#evt_nuke_flash
soundalias,#fly_qstep_crouch_run_lt_plr_glassbulletproof
soundalias,#fly_step_walk_npc_plastic
soundalias,#fly_step_walk_plr_wood
soundalias,#hash_1a44edac322e1b8
soundalias,#zmb_step_blight_walk_watershallow
soundalias,#fly_lstep_crouch_walk_npc_metalhollow
soundalias,#fly_land_imp_fast_heavy_plastic
soundalias,#fly_land_imp_med_heavy_metalhollow
soundalias,#fly_qstep_crouch_walk_heavy_mud
soundalias,#wpn_generic_clip_bounce_asphalt
soundalias,#fly_step_crouch_walk_heavy_metalhollow
soundalias,#hash_1bd81725dee72cb
soundalias,#fly_step_sprint_npc_sand
soundalias,#hash_1c44292209e79cf
soundalias,#prj_hatchet_impact_ceramic
soundalias,#wpn_ar_an94_sup_act_killcam_npc
soundalias,#wpn_lmg_stealth_uber_lfe_killcam_plr
soundalias,#wpn_lmg_spray_lfe_plr
soundalias,#fly_land_imp_fast_plr_cushion
soundalias,#fly_sniper_shell_out_npc
soundalias,#fly_start_wall_lt_plr_metalcatwalk
soundalias,#wpn_tr_damageburst_fire_dist_npc
soundalias,#fly_land_slow_npc_heavy_flesh
soundalias,#fly_shotgun_argus_mag_out
soundalias,#fly_lstep_run_npc_brick
soundalias,#wpn_smg_fastburst_lfe_plr
soundalias,#fly_shotgun_semi_bolt_back_npc
soundalias,#hash_1e3919469fa8e6e
soundalias,#hash_1e4fd2f302dbd48
soundalias,#hash_1e4fe2f302dbefb
soundalias,#hash_1e4ff2f302dc0ae
soundalias,#hash_1e5002f302dc261
soundalias,#hash_1e5012f302dc414
soundalias,#hash_1e5022f302dc5c7
soundalias,#hash_1e5032f302dc77a
soundalias,#hash_1e5042f302dc92d
soundalias,#fly_step_run_lt_plr_default
soundalias,#fly_qstep_sprint_heavy_rock_swt
soundalias,#hash_1e83ba7c1ffc31f
soundalias,#fly_land_lt_npc_bark
soundalias,#wpn_smg_folding_fire_killcam_npc
soundalias,#fly_bike_bell
soundalias,#fly_ar_damage_mag_in
soundalias,#prj_brass_impact_large_default
soundalias,#zmb_step_standard_walk_ice
soundalias,#fly_smg_handling_mag_in_raise
soundalias,#prj_brass_impact_small_paintedmetal
soundalias,#fly_lstep_run_lt_npc_glasscar
soundalias,#fly_qstep_crouch_run_plr_ice
soundalias,#fly_land_npc_dirt
soundalias,#fly_qstep_crouch_run_lt_npc_wood
soundalias,#wpn_ar_fastfire_upg_fire_act_plr
soundalias,#hash_2007e867c0efcb2
soundalias,#wpn_smg_handling_sup_lh_lfe_killcam_plr
soundalias,#hash_209fcf3a415ee2b
soundalias,#fly_land_lt_plr_bark_sec
soundalias,#wpn_smg_accurate_uber_killcam_fire_plr
soundalias,#fly_land_fast_plr_lt_fruit
soundalias,#wpn_ar_mg1909_fire_dist_npc
soundalias,#hash_2194424fa831545
soundalias,#phy_impact_flesh_flesh
soundalias,#prj_brass_impact_sniper_default
soundalias,#fly_step_crouch_run_lt_plr_dirt
soundalias,#fly_step_walk_lt_plr_cloth
soundalias,#fly_lstep_sprint_npc_mud
soundalias,#fly_lstep_walk_npc_rock
soundalias,#fly_leap_takeoff_lt_plr
soundalias,#wpn_ar_an94_sup_fire_act_plr
soundalias,#pfx_wood_fire_lrg
soundalias,#fly_step_crouch_walk_plr_metalcar
soundalias,#fly_step_walk_npc_brick
soundalias,#wpn_lmg_heavy_lfe_killcam_npc
soundalias,#wpn_smg_handling_lh_fire_npc
soundalias,#hash_24e24d9a9d6e77c
soundalias,#hash_24f33888cb74e49
soundalias,#prj_brass_impact_shell_foliage
soundalias,#fly_step_prone_npc_snow
soundalias,#fly_step_crouch_walk_heavy_bark
soundalias,#fly_step_crouch_run_npc_rock
soundalias,#zmb_bgb_mindblown_gore
soundalias,#pfx_spark_sub_ramses
soundalias,#fly_qland_lt_npc_glassbulletproof
soundalias,#fly_step_walk_heavy_asphalt
soundalias,#hash_26e147a9fbdc9d0
soundalias,#wpn_tr_longburst_uber_fire_dist_npc
soundalias,#fly_qstep_prone_npc_cloth
soundalias,#hash_278657c1af0c01c
soundalias,#fly_takeoff_npc_water
soundalias,#fly_melee_swipealt_fist
soundalias,#zmb_step_blight_run_cloth
soundalias,#fly_qstep_crouch_run_lt_npc_mud
soundalias,#hash_28f5bc7f739d6ae
soundalias,#wpn_smg_versatile_rapid_act_killcam_plr
soundalias,#fly_qstep_run_plr_asphalt
soundalias,#fly_qboot_land_soft_npc
soundalias,#wpn_ar_peacekeeper_lfe_killcam_npc
soundalias,#fly_qstep_crouch_walk_heavy_snow
soundalias,#wpn_grenade_launch_bounce_cushion
soundalias,#fly_slide_lt_plr_carpet
soundalias,#wpn_tr_damageburst_lfe_npc
soundalias,#fly_land_lt_plr_glasscar
soundalias,#fly_step_run_plr_ceramic
soundalias,#hash_2b7d3c08361ddcf
soundalias,#wpn_wwgrenade_cocoon_stop
soundalias,#wpn_ar_mg1909_lfe_killcam_plr
soundalias,#fly_start_wall_lt_plr_ice
soundalias,#fly_slide_lt_plr_tallgrass
soundalias,#hash_2cbd8478d2568fd
soundalias,#hash_2cf57fddd2d1e4d
soundalias,#wpn_rocket_blend_plr
soundalias,#wpn_pistol_revolver_fire_dist_npc
soundalias,#fly_lmg_double_release_npc
soundalias,#fly_step_sprint_plr_bark
soundalias,#pfx_ac_fan_dirt
soundalias,#zmb_vapor_dyingwish_end
soundalias,#bik_ct_intro
soundalias,#hash_2f5f70bc1aa25be
soundalias,#fly_land_imp_fast_lt_plr_glass
soundalias,#wpn_lmg_stealth_sup_ads_plr
soundalias,#fly_takeoff_lt_plr_default
soundalias,#fly_qstep_prone_lt_plr_water
soundalias,#fly_step_walk_lt_plr_metalcatwalk
soundalias,#wpn_smg_drum_fire_killcam_plr
soundalias,#hash_31582f0a35dc065
soundalias,#fly_land_fast_npc_lt_watershallow
soundalias,#exp_semtex_lfe
soundalias,#prj_brass_impact_small_bark
soundalias,#zmb_ai_bfather_death_exp_close
soundalias,#fly_qstep_crouch_run_lt_plr_rock
soundalias,#fly_ar_damage_bolt_release_npc
soundalias,#fly_qstep_crouch_run_lt_npc_dirt
soundalias,#fly_lstep_run_lt_npc_concrete
soundalias,#hash_32d22d4ba4f5623
soundalias,#wpn_grenade_launch_bounce_grass
soundalias,#fly_land_imp_fast_plr_mud
soundalias,#hash_333705d6a8d1d38
soundalias,#wpn_ar_fastfire_fire_killcam_npc
soundalias,#fly_step_crouch_run_heavy_carpet
soundalias,#hash_33a0a0e026f7ac7
soundalias,#hash_33b39f8ddb82f5d
soundalias,#wpn_ar_doublebarrel_fire_dist_npc
soundalias,#fly_lmg_standard_bolt_release
soundalias,#hash_340c85714fd5cc2
soundalias,#fly_bump_potedplant
soundalias,#fly_lstep_walk_npc_flesh
soundalias,#wpn_tr_longburst_ads_npc
soundalias,#wpn_smg_handling_sup_fire_killcam_plr
soundalias,#prj_bulletspray_impact_sandbag
soundalias,#hash_359966b8a31a191
soundalias,#wpn_grenade_explode_bark
soundalias,#fly_crossbow_mag_out
soundalias,#fly_qstep_crouch_run_lt_npc_paper
soundalias,#prj_bullet_impact_dist_dirt
soundalias,#fly_step_crouch_walk_plr_gravel
soundalias,#fly_qstep_sprint_heavy_wood
soundalias,#fly_qstep_sprint_npc_concrete
soundalias,#fly_land_imp_rapid_lt_plr_metalthin
soundalias,#fly_step_crouch_run_lt_npc_glassbulletproof
soundalias,#hash_37c55c7660aa3f8
soundalias,#fly_step_run_plr_cloth
soundalias,#fly_melee_imp_battleshield_npc_metal
soundalias,#prj_bolt_impact_glass
soundalias,#fly_land_fast_npc_heavy_carpet
soundalias,#wpn_smg_vtile_rapid_sup_lfe_killcam_plr
soundalias,#fly_step_crouch_run_lt_npc_brick
soundalias,#fly_qstep_crouch_run_plr_flesh
soundalias,#wpn_lmg_int_augment_loop
soundalias,#fly_lboot_npc
soundalias,#fly_qstep_crouch_run_lt_plr_fruit
soundalias,#hash_3a307590a88ab28
soundalias,#fly_m16_mag_out_npc
soundalias,#wpn_grenade_explode_glass
soundalias,#fly_melee_swipe_victim_rifle
soundalias,#hash_3acb84230aa37b8
soundalias,#hash_3ad039f4559485a
soundalias,#wpn_ar_fastfire_lfe_killcam_plr
soundalias,#wpn_tr_longburst_sup_upg_killcam_act_plr
soundalias,#fly_step_sprint_lt_npc_rock
soundalias,#fly_lstep_crouch_run_lt_npc_metalthin
soundalias,#zmb_step_catalyst_step_swt
soundalias,#fly_qstep_crouch_run_npc_asphalt
soundalias,#wpn_pistol_burst_rf_ads_killcam_plr
soundalias,#fly_land_imp_rapid_lt_plr_metalcatwalk
soundalias,#fly_qstep_crouch_run_heavy_rock
soundalias,#prj_brass_impact_large_fruit
soundalias,#hash_3d8329b0e702480
soundalias,#fly_38_spin
soundalias,#wpn_fast_bolt_fire_pap_sup_npc
soundalias,#wpn_smg_folding_fire_plr
soundalias,#pfx_steam_sputter
soundalias,#wpn_tr_powersemi_sup_ads_npc
soundalias,#hash_3f1c29488cd2ef5
soundalias,#wpn_smg_handling_sup_ads_killcam_plr
soundalias,#hash_3f50280b457389b
soundalias,#fly_melee_imp_battleshield_npc_riot
soundalias,#fly_melee_imp_metal_npc_rock
soundalias,#wpn_lmg_double_lfe_killcam_plr
soundalias,#hash_3fd9775a5c7e2d1
soundalias,#wpn_ar_modular_sup_lfe_npc
soundalias,#fly_land_imp_fast_heavy_watershallow
soundalias,#fly_land_slow_npc_lt_paintedmetal
soundalias,#wpn_lmg_spray_sup_fire_pap_npc
soundalias,#fly_qstep_run_lt_npc_rock
soundalias,#fly_sniper_quick_mag_in_npc
soundalias,#fly_step_cardboard_npc
soundalias,#wpn_lmg_silencer_plr_decay
soundalias,#hash_411a057089a56c3
soundalias,#fly_takeoff_lt_plr_bark
soundalias,#chr_burn_start_light_end
soundalias,#fly_step_sprint_plr_tallgrass
soundalias,#bik_intro_c
soundalias,#fly_snipe_fast_cyl_in_inspect
soundalias,#fly_step_prone_heavy_glassbulletproof
soundalias,#fly_qstep_walk_npc_sand
soundalias,#fly_qstep_run_plr_cushion
soundalias,#fly_gear_sprint_heavy
soundalias,#fly_slide_npc_glass
soundalias,#fly_leap_sprint_lt_plr_cushion
soundalias,#fly_qstep_run_lt_npc_default
soundalias,#wpn_shotgun_semiauto_fire_npc
soundalias,#fly_qstep_sprint_lt_npc_grass
soundalias,#wpn_pistol_fullauto_ads_npc
soundalias,#prj_bullet_impact_player_by
soundalias,#fly_melee_swipe_player_knife
soundalias,#fly_lstep_sprint_npc_watershallow
soundalias,#zmb_bgb_plainsight_end
soundalias,#hash_444f738bd1d3fd8
soundalias,#hash_44bf969111ff37f
soundalias,#fly_step_walk_plr_gravel
soundalias,#hash_44e0433798d902b
soundalias,#fly_start_wall_lt_plr_carpet
soundalias,#fly_step_crouch_run_lt_plr_metalhollow
soundalias,#wpn_lmg_single_npc_decay
soundalias,#wpn_tr_midburst_sup_fire_npc
soundalias,#fly_land_fast_plr_heavy_water
soundalias,#fly_qstep_sprint_lt_npc_ceramic
soundalias,#fly_boot_run_npc
soundalias,#hash_4570ec3b251aab4
soundalias,#fly_melee_imp_battleshield_glass
soundalias,#hash_459af17918c8210
soundalias,#fly_step_walk_lt_plr_glassbulletproof
soundalias,#fly_qstep_walk_plr_concrete
soundalias,#fly_step_dirt
soundalias,#prj_brass_impact_shell_glass
soundalias,#wpn_smg_mp40_fire_killcam_plr
soundalias,#fly_qstep_crouch_run_lt_npc_fruit
soundalias,#hash_472ae0986557ff0
soundalias,#fly_step_sprint_plr_fruit
soundalias,#fly_melee_lunge_player_battleshield
soundalias,#wpn_tr_flechette_sup_ads_npc
soundalias,#wpn_grenade_launch_bounce_gravel
soundalias,#fly_slide_lt_plr_metalcar
soundalias,#wpn_ar_doublebarrel_ads_plr
soundalias,#wpn_smg_accurate_uber_sup_killcam_ads_npc
soundalias,#fly_qstep_crouch_run_plr_bark
soundalias,#wpn_concussion_bounce_cushion
soundalias,#fly_land_lt_plr_glass
soundalias,#prj_crossbow_impact_asphault
soundalias,#hash_49b3f6070d064fc
soundalias,#fly_shotgun_semi_mag_in
soundalias,#prj_hatchet_impact_plastic
soundalias,#fly_step_prone_plr_bodyarmor
soundalias,#hash_4ac10c7ca6c1773
soundalias,#fly_lstep_sprint_lt_npc_concrete
soundalias,#fly_step_crouch_walk_heavy_ice
soundalias,#hash_4b19e77f9496803
soundalias,#pfx_t8_spark_med
soundalias,#prj_bullet_impact_piano
soundalias,#phy_street_cone_bounce
soundalias,#hash_4b5a740671f8de9
soundalias,#fly_land_imp_fast_plr_metalthin
soundalias,#fly_lstep_run_npc_ceramic
soundalias,#zmb_spawn_powerup_loop
soundalias,#wpn_shotgun_auto_lfe
soundalias,#fly_step_grate_plr
soundalias,#prj_hatchet_impact_dirt
soundalias,#fly_qstep_walk_lt_plr_fruit
soundalias,#wpn_rocket_explode_dist
soundalias,#prj_hatchet_impact_plaster
soundalias,#fly_melee_imp_metal_riot
soundalias,#fly_land_lt_plr_glass_sec
soundalias,#fly_takeoff_lt_npc_asphalt
soundalias,#fly_qstep_walk_npc_concrete
soundalias,#fly_step_run_npc_gravel
soundalias,#fly_land_lt_npc_metal
soundalias,#fly_qstep_sprint_npc_dirt
soundalias,#fly_step_sprint_lt_plr_brick_swt
soundalias,#hash_4e4fb20d2bd4b7c
soundalias,#phy_impact_rock_small
soundalias,#hash_4e60da483c2fc49
soundalias,#fly_qstep_sprint_heavy_ice
soundalias,#chr_swimming_uw_stroke_left_npc
soundalias,#fly_step_shells_sweet
soundalias,#fly_takeoff_npc_asphalt
soundalias,#fly_land_slow_npc_lt_rubber
soundalias,#fly_pistol_standard_mag_in_npc
soundalias,#fly_step_walk_heavy_foliage
soundalias,#fly_step_walk_lt_plr_fruit
soundalias,#fly_step_sprint_plr_paintedmetal
soundalias,#wpn_grenade_bounce_fruit
soundalias,#fly_leap_sprint_lt_plr_metalthin
soundalias,#hash_52e90dea5b5f8a5
soundalias,#wpn_smg_handling_fire_pap_npc
soundalias,#fly_qstep_crouch_run_heavy_foliage
soundalias,#fly_lstep_walk_npc_paintedmetal
soundalias,#wpn_tr_longburst_sup_upg_uber_fire_pap_npc
soundalias,#prj_bullet_dirt_ricochet
soundalias,#hash_5387af9d9b1a9c3
soundalias,#hash_53d439a5f711b1d
soundalias,#fly_qstep_crouch_walk_plr_dirt
soundalias,#zmb_step_crouch_walk_npc_cloth
soundalias,#fly_land_fast_npc_heavy_foliage
soundalias,#fly_step_crouch_run_npc_fruit
soundalias,#fly_land_plr_sand_sec
soundalias,#zmb_step_blight_run_wood
soundalias,#fly_step_walk_lt_npc_gravel
soundalias,#fly_qstep_crouch_run_npc_gravel
soundalias,#hash_54ef5a002d01b16
soundalias,#prj_bolt_impact_ice
soundalias,#fly_qstep_sprint_plr_plastic
soundalias,#fly_lstep_walk_npc_metalcatwalk
soundalias,#prj_brass_impact_plr_gren_case_foliage
soundalias,#prj_crossbow_impact_metal_car
soundalias,#fly_qstep_sprint_plr_plaster
soundalias,#phy_impact_glass_flesh
soundalias,#wpn_ar_stealth_sup_fire_pap_plr
soundalias,#fly_land_slow_npc_lt_rock
soundalias,#fly_qstep_prone_plr_metalhollow
soundalias,#zmb_switch_flip_trap_alarm_reset
soundalias,#fly_smg_capacity_mag_out_npc
soundalias,#wpn_ar_doublebarrel_ads_npc
soundalias,#prj_brass_impact_small_wood
soundalias,#wpn_smg_fastfire_uber_act_plr
soundalias,#wpn_smg_handling_sup_rh_fire_npc
soundalias,#fly_slide_heavy_cloth
soundalias,#hash_58f4712b8f10319
soundalias,#fly_step_walk_lt_npc_rock
soundalias,#hash_5a1966a8dd7581a
soundalias,#wpn_tr_damageburst_fire_plr
soundalias,#wpn_lmg_flux_r_plr_pap
soundalias,#fly_qstep_run_lt_npc_fruit
soundalias,#zmb_player_electrocuted_oneshot
soundalias,#hash_5b21b7c645692f8
soundalias,#fly_qstep_run_plr_foliage
soundalias,#fly_qstep_prone_npc_bark
soundalias,#wpn_shotgun_precision_fire_dist_npc
soundalias,#fly_slide_heavy_rubber
soundalias,#fly_smg_capacity_mag_out
soundalias,#fly_land_slow_npc_heavy_dirt_big
soundalias,#fly_qstep_walk_lt_npc_plaster
soundalias,#fly_start_wall_lt_plr_paper
soundalias,#fly_lstep_crouch_walk_npc_cushion
soundalias,#hash_5c90778ba80d16f
soundalias,#zmb_step_crouch_walk_npc_cushion
soundalias,#fly_peacekeeper_bolt_release_npc
soundalias,#hash_5ce7f1ca3fb95f6
soundalias,#fly_qstep_walk_lt_npc_plastic
soundalias,#fly_land_imp_rapid_lt_plr_paper
soundalias,#fly_pistol_auto_slide_back
soundalias,#wpn_grenade_bounce_glass
soundalias,#hash_5d9117cb05c92ff
soundalias,#hash_5dd5f8fe53377d6
soundalias,#zmb_ai_catalyst_water_death
soundalias,#prj_brass_impact_wraith_metal
soundalias,#wpn_rpg_fire_lfe_npc
soundalias,#fly_lstep_crouch_walk_lt_npc_glassbulletproof
soundalias,#bik_ct_skirmishoutro_prophet
soundalias,#fly_land_slow_npc_heavy_ceramic
soundalias,#fly_slide_lt_npc_rock
soundalias,#wpn_smg_fastfire_uber_fire_plr
soundalias,#zmb_key_pickup
soundalias,#fly_step_walk_lt_npc_plaster
soundalias,#fly_slide_plr_concrete
soundalias,#wpn_smg_capacity_uber_fire_killcam_plr
soundalias,#fly_shotgun_semi_strobe_flash_npc
soundalias,#fly_land_imp_med_lt_plr_cushion
soundalias,#fly_step_crouch_run_npc_ceramic
soundalias,#hash_604a352d8b21845
soundalias,#bik_zm_voyage_load_lsrs
soundalias,#hash_6064261162c8a2e
soundalias,#wpn_assault_flux_l_plr_pap
soundalias,#wpn_smg_capacity_uber_rapid_ads_npc
soundalias,#fly_step_sprint_heavy_wood
soundalias,#prj_bullet_explode_wood
soundalias,#fly_step_crouch_walk_plr_bodyarmor
soundalias,#prj_bolt_impact_armor_heavy_fatal
soundalias,#fly_step_walk_lt_npc_plastic
soundalias,#fly_qstep_sprint_plr_asphalt_swt
soundalias,#fly_land_slow_plr_heavy_dirt
soundalias,#wpn_tr_flechette_fire_pap_plr
soundalias,#fly_step_crouch_walk_npc_cushion
soundalias,#fly_lstep_sprint_lt_npc_glasscar
soundalias,#wpn_pistol_topbreak_fire_dist_npc
soundalias,#wpn_ar_galil_sup_fire_ads_plr
soundalias,#fly_step_crouch_run_lt_plr_fruit
soundalias,#wpn_lmg_int_augment_loop_slow
soundalias,#fly_land_fast_plr_lt_metalthin
soundalias,#hash_642a96bf07c35be
soundalias,#wpn_sfb_lfe_plr
soundalias,#wpn_smg_accurate_uber_sup_killcam_lfe_plr
soundalias,#hash_644b7ac0840c800
soundalias,#hash_64660bb932c70f1
soundalias,#vox_rush_door_open_mult_rush_0
soundalias,#fly_start_wall_lt_plr_gravel
soundalias,#hash_64a7568a64977d7
soundalias,#fly_step_sprint_plr_metalthin
soundalias,#hash_64c8183cf5cba56
soundalias,#wpn_pistol_revolver_fire_pap_plr
soundalias,#fly_step_crouch_walk_npc_ceramic
soundalias,#fly_step_crouch_walk_plr_flesh
soundalias,#hash_6524e0d8170763c
soundalias,#wpn_tr_midburst_sup_killcam_fire_plr
soundalias,#prj_bolt_impact_snow
soundalias,#zmb_hit_alert
soundalias,#zmb_blocker_door_lp
soundalias,#fly_land_slow_npc_heavy_metalthin
soundalias,#wpn_grenade_bounce_gravel
soundalias,#hash_6664e0b7672935b
soundalias,#wpn_smg_mp40_lfe_plr
soundalias,#fly_land_imp_rapid_heavy_bodyarmor
soundalias,#fly_takeoff_lt_plr_rock
soundalias,#hash_66eccb6765ec58e
soundalias,#hash_6706ff6c46f4e20
soundalias,#phy_impact_heavy_metal
soundalias,#fly_takeoff_lt_plr_ceramic
soundalias,#hash_67d98f6c47a1e27
soundalias,#fly_lmg_spray_bolt_forward
soundalias,#fly_land_imp_med_heavy_flesh
soundalias,#fly_land_heavy_default
soundalias,#wpn_smg_capacity_act_plr
soundalias,#fly_qstep_crouch_run_heavy_ceramic
soundalias,#wpn_ar_stealth_act_killcam_npc
soundalias,#chr_swimming_stroke_left_uw_plr
soundalias,#fly_land_slow_npc_lt_metalcar
soundalias,#prj_bullet_explode_dirt
soundalias,#fly_lstep_sprint_lt_npc_metalthin
soundalias,#fly_step_run_npc_glasscar
soundalias,#hash_6994288fa160411
soundalias,#wpn_shotgun_precision_fire_npc_pap
soundalias,#prj_brass_impact_gren_case_snow
soundalias,#fly_qstep_run_plr_fruit
soundalias,#fly_lstep_run_npc_metalhollow
soundalias,#hash_6acf6a27a20654f
soundalias,#zmb_hit_alert_fatal
soundalias,#wpn_smg_handling_fire_npc
soundalias,#hash_6ba80241168d8ee
soundalias,#fly_step_walk_lt_plr_metalcar
soundalias,#fly_land_slow_npc_heavy_snow
soundalias,#fly_takeoff_plr_paper
soundalias,#hash_6cc846e4e1c2f04
soundalias,#chr_water_impact_m
soundalias,#chr_water_impact_f
soundalias,#chr_water_impact_r
soundalias,#chr_water_impact_s
soundalias,#fly_start_wall_lt_plr_fruit
soundalias,#prj_brass_impact_small_dirt
soundalias,#fly_lstep_sprint_lt_npc_water
soundalias,#wpn_tr_longburst_upg_uber_killcam_lfe_plr
soundalias,#wpn_wwgrenade_cocoon_lp
soundalias,#hash_6e6217ac6bf3676
soundalias,#fly_qstep_prone_lt_npc_foliage
soundalias,#fly_land_imp_fast_plr_glasscar
soundalias,#hash_6efaa8f9e28ce02
soundalias,#wpn_lmg_spray_belt_npc
soundalias,#hash_6f46fc3a01ffe8b
soundalias,#fly_lstep_walk_lt_npc_metalthin
soundalias,#wpn_melee_fist_whoosh_plr
soundalias,#fly_qstep_crouch_walk_npc_water
soundalias,#fly_step_prone_plr_gravel
soundalias,#fly_demo_hammer_inspect_78
soundalias,#wpn_tr_longburst_sup_upg_act_npc
soundalias,#wpn_lmg_heavy_uber_ads_plr
soundalias,#prj_bullet_impact_xtreme_bottle
soundalias,#hash_711ae3ab73a8323
soundalias,#fly_land_plr_ice
soundalias,#wpn_pistol_burst_sup_lfe_killcam_plr
soundalias,#hash_71214ba848d67a0
soundalias,#hash_71215ba848d6953
soundalias,#hash_71216ba848d6b06
soundalias,#hash_71218ba848d6e6c
soundalias,#hash_71219ba848d701f
soundalias,#hash_7121aba848d71d2
soundalias,#hash_7121bba848d7385
soundalias,#wpn_smg_capacity_rapid_fire_npc
soundalias,#fly_demo_hammer_inspect_91
soundalias,#wpn_smg_fastburst_sup_fire_plr
soundalias,#fly_lstep_crouch_walk_npc_paper
soundalias,#fly_qstep_prone_plr_mud
soundalias,#fly_boot_land_soft_npc
soundalias,#hash_734b74ae52328ba
soundalias,#fly_melee_lunge_player_knife
soundalias,#wpn_betty_blend
soundalias,#fly_step_crouch_walk_lt_npc_sand
soundalias,#prj_bullet_impact_xtreme_mud
soundalias,#fly_qstep_crouch_walk_lt_npc_paintedmetal
soundalias,#prj_brass_impact_shell_wood
soundalias,#prj_bullet_impact_xtreme_metal_car
soundalias,#wpn_lmg_stealth_sup_fire_plr
soundalias,#wpn_smg_handling_sup_fire_npc
soundalias,#fly_qstep_sprint_plr_glass
soundalias,#wpn_ar_standard_ads_killcam_npc
soundalias,#wpn_grenade_explode_brick
soundalias,#wpn_tr_midburst_sup_killcam_lfe_npc
soundalias,#wpn_betty_explode_lfe
soundalias,#hash_770f149696bef40
soundalias,#phy_impact_glass_glass
soundalias,#fly_land_imp_fast_plr_metalhollow
soundalias,#fly_qstep_sprint_npc_metalthin
soundalias,#zmb_vocals_zombie_death_whimsy
soundalias,#fly_qstep_crouch_run_npc_concrete
soundalias,#fly_takeoff_plr_rock
soundalias,#zmb_step_standard_walk_sand
soundalias,#amb_molotov_bottle
soundalias,#wpn_smg_fastfire_act_killcam_plr
soundalias,#fly_trav_over_sideways_left
soundalias,#wpn_lmg_stealth_uber_ads_plr
soundalias,#fly_lstep_sprint_lt_npc_asphalt
soundalias,#prj_bullet_impact_xtreme_snow
soundalias,#hash_79531a76eedf645
soundalias,#hash_7975231891c78e2
soundalias,#hash_797b757a8957307
soundalias,#fly_step_sprint_plr_cloth
soundalias,#wpn_ar_peacekeeper_rf_ads_npc
soundalias,#fly_boot_soft_run_plr
soundalias,#chr_health_laststand_loop
soundalias,#wpn_mini14_ads_plr
soundalias,#zmb_zombie_spawn
soundalias,#wpn_crossbow_fire_plr_pap
soundalias,#hash_7b5a69dc3723dbc
soundalias,#prj_brass_impact_shell_sand
soundalias,#fly_step_sprint_lt_npc_asphalt
soundalias,#hash_7bb31f4a25cf34a
soundalias,#fly_land_plr_wood_sec
soundalias,#fly_step_run_npc_metalcar
soundalias,#fly_start_sci_wall_lt_plr
soundalias,#pfx_water_drip
soundalias,#fly_smg_mp40_mag_out_npc
soundalias,#fly_land_imp_fast_lt_plr_default
soundalias,#wpn_ar_modular_sup_fire_npc
soundalias,#prj_crack
soundalias,#fly_qstep_run_lt_npc_metalthin
soundalias,#wpn_smg_handling_sup_ads_killcam_npc
soundalias,#zmb_step_crouch_run_npc_default
soundalias,#fly_qstep_sprint_lt_plr_wood
soundalias,#fly_step_crouch_walk_lt_npc_concrete
soundalias,#wpn_concussion_shock_loop_end
soundalias,#mpl_turret_kill
soundalias,#fly_melee_swipealt_victim_knife
soundalias,#fly_qstep_sprint_lt_npc_wood
soundalias,#wpn_melee_sword_flourish_npc
soundalias,#fly_lstep_crouch_run_npc_metalcar
soundalias,#wpn_smg_drum_lfe_killcam_plr
soundalias,#pfx_fire_fuel_sm
soundalias,#fly_land_slow_npc_heavy_default
soundalias,#prj_bullet_impact_canvas
soundalias,#fly_takeoff_npc_glassbulletproof
soundalias,#fly_step_run_plr_default
soundalias,#hash_802df120f08aef2
soundalias,#wpn_smg_accurate_sup_ads_plr
soundalias,#fly_land_npc_concrete
soundalias,#zmb_step_crouch_walk_npc_glass
soundalias,#wpn_damagesemi_fire_plr
soundalias,#wpn_pistol_standard_sup_lfe
soundalias,#hash_8132cb0a2eb7ba2
soundalias,#zmb_step_blight_walk_brick
soundalias,#hash_814603dc964e600
soundalias,#fly_shotgun_argus_ping
soundalias,#fly_land_imp_fast_heavy_metalhollow
soundalias,#fly_melee_imp_fist_metal
soundalias,#fly_land_fast_plr_heavy_sand
soundalias,#fly_step_crouch_run_npc_default
soundalias,#fly_qstep_crouch_run_npc_dirt
soundalias,#wpn_grenade_explode_dist
soundalias,#wpn_grenade_explode_dirt
soundalias,#phy_impact_ceramic_nobreak
soundalias,#fly_crossbow_mag_out_npc
soundalias,#hash_837b6287349b1ec
soundalias,#hash_837df1a0e7f5a34
soundalias,#fly_qstep_sprint_plr_paper
soundalias,#zmb_step_blight_run_sand
soundalias,#wpn_lmg_stealth_uber_lfe1_npc
soundalias,#fly_step_crouch_run_plr_metalcar
soundalias,#hash_847551a45057a5b
soundalias,#wpn_ar_stealth_rapid_act_npc
soundalias,#fly_step_prone_lt_npc_paintedmetal
soundalias,#wpn_hatchet_throw_plr
soundalias,#fly_land_imp_med_plr_bark
soundalias,#hash_856eff3d330d0aa
soundalias,#fly_qland_npc_metalcatwalk
soundalias,#wpn_assault_flux_r_plr_pap
soundalias,#fly_land_fast_plr_heavy_metalcar
soundalias,#fly_qstep_walk_npc_tallgrass
soundalias,#wpn_lmg_stealth_int_augment_burst_npc
soundalias,#fly_lstep_sprint_npc_gravel
soundalias,#fly_land_heavy_concrete
soundalias,#fly_step_walk_lt_npc_bark
soundalias,#fly_step_crouch_walk_heavy_fruit
soundalias,#fly_an94_mag_out
soundalias,#fly_melee_imp_metal_npc_metal
soundalias,#fly_qstep_prone_plr_snow
soundalias,#zmb_step_catalyst_electric_run_wood
soundalias,#fly_lstep_sprint_lt_npc_gravel
soundalias,#fly_step_crouch_run_heavy_water
soundalias,#wpn_ar_standard_fire_pap_npc
soundalias,#fly_land_lt_npc_watershallow
soundalias,#wpn_ultimate_turret_lfe_plr
soundalias,#hash_89074ee71c33980
soundalias,#wpn_shotgun_precision_sup_fire_npc
soundalias,#hash_896d6fb83a76211
soundalias,#hash_898937bfbfa4128
soundalias,#fly_takeoff_plr_sand
soundalias,#fly_step_prone_heavy_watershallow
soundalias,#phy_impact_hard_metal
soundalias,#hash_8af0bcd341f2b8e
soundalias,#fly_lacnt_walk_npc
soundalias,#fly_step_crouch_walk_heavy_water
soundalias,#fly_qstep_crouch_walk_lt_plr_concrete
soundalias,#exp_semtex_cluster_bomb_decay
soundalias,#hash_8b98dee71e6690f
soundalias,#fly_qstep_walk_npc_glassbulletproof
soundalias,#fly_riotshield_melee_disable
soundalias,#wpn_smoke_bounce_mud
soundalias,#fly_lstep_walk_lt_npc_asphalt
soundalias,#fly_step_prone_lt_npc_grass
soundalias,#wpn_smg_versatile_ads_killcam_plr
soundalias,#hash_8c3c96b2c21aef7
soundalias,#fly_peacekeeper_tap
soundalias,#zmb_ai_bfather_sac_exp
soundalias,#prj_hatchet_impact_ice
soundalias,#fly_land_imp_fast_heavy_metalcar
soundalias,#hash_8ce2edaa11ace83
soundalias,#fly_flechette_mag_in_npc
soundalias,#wpn_melee_battleshield_whoosh_npc
soundalias,#fly_stop_tech_wall_lt_plr
soundalias,#zmb_step_standard_walk_plastic
soundalias,#wpn_tr_longburst_suppressed_killcam_ads_npc
soundalias,#fly_gear_walk_stop_plr
soundalias,#fly_step_crouch_walk_npc_bodyarmor
soundalias,#fly_step_run_plr_fruit
soundalias,#hash_8dfb27cd6cfe308
soundalias,#prj_brass_impact_gren_case_paintedmetal
soundalias,#fly_land_slow_plr_heavy_cushion
soundalias,#zmb_step_standard_walk_plaster
soundalias,#hash_8e3d093ab39514c
soundalias,#fly_qstep_walk_lt_plr_flesh
soundalias,#fly_step_sprint_npc_glass
soundalias,#pfx_water_drip_concrete
soundalias,#prj_hatchet_impact_plate
soundalias,#fly_takeoff_lt_npc_ceramic
soundalias,#fly_step_wall_lt_plr_damage
soundalias,#fly_qstep_crouch_walk_heavy_metalhollow
soundalias,#fly_lstep_crouch_walk_npc_flesh
soundalias,#chr_melee_tinitus
soundalias,#fly_slide_npc_flesh
soundalias,#wpn_smg_capacity_uber_act_plr
soundalias,#wpn_smg_versatile_silencer_lfe_killcam_npc
soundalias,#fly_step_crouch_walk_plr_brick
soundalias,#prj_bullet_impact_xtreme_metal_thin
soundalias,#hash_8ffbc59cfa042a1
soundalias,#fly_land_fast_plr_lt_ice
soundalias,#fly_step_sprint_heavy_sand
soundalias,#prj_bullet_impact_concrete
soundalias,#fly_lmg_standard_mag_lock
soundalias,#wpn_smg_capacity_rapid_lfe_plr
soundalias,#hash_9163b07e92ec304
soundalias,#fly_land_heavy_plastic
soundalias,#pfx_fire_lrg_no_occ
soundalias,#wpn_tr_flechette_sup_fire_ads_plr
soundalias,#fly_qstep_sprint_heavy_tallgrass
soundalias,#hash_927a810f1e34175
soundalias,#wpn_tr_damageburst_killcam_ads_npc
soundalias,#wpn_tr_powersemi_fire_pap_plr
soundalias,#fly_lstep_crouch_run_npc_cushion
soundalias,#prj_bullet_impact_player_low
soundalias,#prj_hatchet_impact_teddybear
soundalias,#fly_leap_sprint_lt_plr_sand
soundalias,#fly_land_heavy_plaster
soundalias,#wpn_smg_accurate_uber_fire_plr
soundalias,#prj_brass_impact_shell_rubber
soundalias,#hash_9408fcc3e792b63
soundalias,#fly_land_imp_fast_lt_plr_carpet
soundalias,#fly_step_prone_heavy_rock
soundalias,#pfx_dirt_metal_gust
soundalias,#wpn_sfb_fire_npc
soundalias,#wpn_lmg_double_ads_plr
soundalias,#zmb_step_catalyst_water_walk_wood
soundalias,#hash_9560c6233711dc7
soundalias,#wpn_smg_vtile_rapid_sup_fire_killcam_npc
soundalias,#fly_land_plr_lt_default
soundalias,#fly_slide_heavy_plaster
soundalias,#fly_step_run_lt_npc_watershallow
soundalias,#fly_acnt_sprint_igc_lt_plr
soundalias,#fly_land_imp_rapid_lt_plr_default
soundalias,#hash_9706ec621a5879a
soundalias,#wpn_ar_modular_sup_act_plr
soundalias,#fly_land_slow_npc_heavy_concrete
soundalias,#fly_qstep_sprint_lt_plr_tallgrass
soundalias,#fly_m16_mag_in_npc
soundalias,#fly_step_crouch_walk_lt_npc_flesh
soundalias,#fly_qstep_walk_plr_metalhollow
soundalias,#fly_qstep_walk_plr_glasscar
soundalias,#hash_97d77c621b02141
soundalias,#fly_slide_heavy_plastic
soundalias,#fly_molotov_light
soundalias,#wpn_concussion_bounce_paintedmetal
soundalias,#wpn_smg_mp40_act_npc
soundalias,#hash_98fdc5d2970fff0
soundalias,#fly_lstep_crouch_run_npc_flesh
soundalias,#wpn_smg_accurate_act_killcam_npc
soundalias,#fly_step_crouch_run_npc_grass
soundalias,#fly_qstep_crouch_walk_npc_asphalt
soundalias,#fly_qstep_prone_lt_npc_dirt
soundalias,#wpn_ar_standard_silencer_lfe_npc
soundalias,#hash_99f29d148da91b4
soundalias,#fly_takeoff_npc_metalthin
soundalias,#hash_9a96e0946d0cdf0
soundalias,#fly_land_slow_npc_lt_asphalt
soundalias,#hash_9af87ea23ed88ec
soundalias,#wpn_smg_handling_sup_rh_lfe_plr
soundalias,#mpl_death_by_weapon_sniper
soundalias,#prj_brass_impact_wraith_ceramic
soundalias,#fly_qstep_sprint_heavy_cloth
soundalias,#zmb_vocals_catalyst_electric_attack_melee
soundalias,#fly_step_wall_lt_plr_default
soundalias,#fly_melee_imp_battleshield_plastic
soundalias,#fly_lmg_double_tap
soundalias,#fly_land_fast_plr_heavy_wood
soundalias,#fly_qstep_run_heavy_brick
soundalias,#hash_9d3038f27f9a39d
soundalias,#fly_step_sprint_lt_plr_metalthin
soundalias,#fly_qstep_sprint_plr_cloth
soundalias,#fly_lgear_sprint_lt_npc
soundalias,#vox_rush_incoming_boss_rush_0
soundalias,#fly_step_wall_lt_plr_asphalt
soundalias,#wpn_pistol_burst_fire_dist_npc
soundalias,#fly_qstep_sprint_heavy_plaster
soundalias,#fly_land_imp_med_plr_plastic
soundalias,#hash_a09e4d086518fb3
soundalias,#prj_hatchet_impact_bark
soundalias,#fly_gear_run_start_heavy
soundalias,#prj_brass_impact_sniper_plastic
soundalias,#hash_a1cdb853ed08df1
soundalias,#wpn_mini14_uber_fire_plr
soundalias,#wpn_smg_folding_sup_ads_npc
soundalias,#hash_a2452bc39a7c34b
soundalias,#fly_start_wall_lt_plr_bark
soundalias,#fly_qstep_sprint_heavy_plastic
soundalias,#fly_step_walk_plr_carpet
soundalias,#zmb_step_standard_sprint_mud
soundalias,#fly_land_imp_med_plr_plaster
soundalias,#fly_melee_lungealt_sword
soundalias,#fly_land_lt_plr_ice
soundalias,#prj_hatchet_impact_vase
soundalias,#prj_brass_impact_large_rock
soundalias,#prj_brass_impact_sniper_plaster
soundalias,#fly_land_heavy_carpet
soundalias,#fly_land_fast_plr_lt_ceramic
soundalias,#fly_end_wall_lt_plr_plastic
soundalias,#fly_riotshield_melee_swing
soundalias,#hash_a502345b29f6431
soundalias,#wpn_lmg_stealth_sup_ads_killcam_plr
soundalias,#fly_land_fast_plr_heavy_cloth
soundalias,#fly_end_wall_lt_plr_plaster
soundalias,#wpn_grenade_bounce_flesh
soundalias,#hash_a566bbd820d547a
soundalias,#hash_a574cfe5bf4b6f5
soundalias,#fly_takeoff_lt_npc_metalthin
soundalias,#fly_step_run_plr_brick
soundalias,#hash_a61ec8712f22d0e
soundalias,#fly_lstep_crouch_walk_npc_sand
soundalias,#zmb_ai_catalyst_electric_death_swt
soundalias,#fly_leap_sprint_lt_plr_mud
soundalias,#hash_a77eee2fb98e6e6
soundalias,#wpn_generic_clip_bounce_bark
soundalias,#fly_step_run_lt_npc_rock
soundalias,#wpn_smg_flux_l_npc_pap
soundalias,#prj_bolt_impact_teddybear
soundalias,#hash_a885639e54707c3
soundalias,#hash_a8b0e89f8a8fcc4
soundalias,#fly_qstep_crouch_run_lt_npc_snow
soundalias,#wpn_ar_standard_silencer_fire_pap_npc
soundalias,#fly_thermal_scope
soundalias,#fly_step_crouch_walk_npc_ice
soundalias,#prj_brass_impact_large_glassbulletproof
soundalias,#fly_takeoff_lt_plr_cushion
soundalias,#fly_qland_npc_fruit
soundalias,#fly_qstep_prone_lt_npc_asphalt
soundalias,#fly_step_crouch_walk_npc_watershallow
soundalias,#fly_smg_accurate_bolt_release
soundalias,#fly_step_prone_plr_paper
soundalias,#amb_rattle_barrel
soundalias,#prj_crossbow_impact_snow
soundalias,#fly_qstep_run_heavy_rock
soundalias,#hash_ab2c828d78c9703
soundalias,#fly_step_run_heavy_default
soundalias,#fly_cloth_land_rapid_plr
soundalias,#hash_ac0e821ccd5eace
soundalias,#wpn_tr_midburst_ads_npc
soundalias,#zmb_step_catalyst_corrosive_run_default
soundalias,#pfx_spark_sml
soundalias,#fly_melee_lunge_ballistic
soundalias,#fly_qstep_run_lt_npc_plastic
soundalias,#fly_qstep_walk_npc_wood
soundalias,#wpn_smg_standard_rapid_fire_dist_npc
soundalias,#zmb_bgb_powerup_respin
soundalias,#fly_takeoff_heavy_asphalt
soundalias,#fly_step_walk_lt_npc_metalcatwalk
soundalias,#zmb_step_catalyst_water_sprint_wood
soundalias,#fly_slide_plr_glassbulletproof
soundalias,#wpn_lmg_spray_fire_pap_plr
soundalias,#hash_af9f1c178356d20
soundalias,#fly_qstep_run_lt_npc_plaster
soundalias,#fly_land_heavy_snow
soundalias,#fly_melee_imp_knife_npc_riot
soundalias,#fly_step_sprint_npc_dirt
soundalias,#wpn_generic_clip_bounce_carpet
soundalias,#fly_slide_plr_glasscar
soundalias,#wpn_pistol_burst_rf_act_killcam_plr
soundalias,#fly_qstep_run_heavy_concrete
soundalias,#zmb_step_standard_walk_paintedmetal
soundalias,#wpn_ar_fastfire_uber_fire_dist_npc
soundalias,#wpn_ar_stealth_sup_lfe_killcam_plr
soundalias,#fly_qstep_crouch_walk_lt_npc_plaster
soundalias,#fly_end_wall_lt_plr_asphalt
soundalias,#fly_qstep_prone_lt_plr_default
soundalias,#hash_b360db611b15eea
soundalias,#fly_qland_lt_npc_default
soundalias,#zmb_step_blight_walk_default
soundalias,#fly_land_imp_fast_lt_plr_gravel
soundalias,#fly_land_npc_plastic
soundalias,#wpn_smg_handling_fire_killcam_npc
soundalias,#fly_qstep_crouch_walk_lt_npc_plastic
soundalias,#vox_powerup_firesale_prst_0
soundalias,#fly_qstep_sprint_heavy_default
soundalias,#fly_land_npc_plaster
soundalias,#fly_land_plr_ice_sec
soundalias,#zmb_step_blight_walk_plastic
soundalias,#fly_qstep_prone_plr_gravel
soundalias,#hash_b590efefcbe75c3
soundalias,#fly_land_plr_lt_paper
soundalias,#fly_land_imp_fast_plr_rock
soundalias,#hash_b622e0efec68c8a
soundalias,#fly_qboot_land_lt_npc
soundalias,#fly_land_plr_lt_metal
soundalias,#wpn_smg_fastfire_uber_lfe_killcam_npc
soundalias,#fly_land_lt_plr_gravel
soundalias,#fly_land_fast_npc_heavy_metalcatwalk
soundalias,#fly_qstep_crouch_run_lt_npc_bodyarmor
soundalias,#fly_qland_lt_npc_paintedmetal
soundalias,#fly_qstep_sprint_lt_plr_brick_swt
soundalias,#fly_step_run_lt_npc_bark
soundalias,#bik_ct_tutobattery_loadingmovie
soundalias,#wpn_mini14_sup_ads_npc
soundalias,#fly_step_crouch_run_heavy_bodyarmor
soundalias,#prj_bolt_impact_asphault
soundalias,#zmb_step_blight_walk_plaster
soundalias,#fly_qstep_walk_npc_metalhollow
soundalias,#fly_land_fast_npc_heavy_cushion
soundalias,#wpn_smg_versatile_rapid_fire_killcam_plr
soundalias,#hash_b8882f7a1c84e32
soundalias,#prj_hatchet_impact_grass
soundalias,#fly_qstep_walk_heavy_paper
soundalias,#wpn_ar_fastfire_upg_fire_lfe_plr
soundalias,#zmb_elixir_common_deactivate
soundalias,#wpn_ar_stealth_fire_pap_plr
soundalias,#fly_slide_npc_metalcatwalk
soundalias,#fly_qstep_prone_heavy_brick
soundalias,#fly_land_imp_med_plr_mud
soundalias,#wpn_rpg_pickup_npc
soundalias,#wpn_ar_accurate_fire_dist_npc
soundalias,#fly_stance_prone2crouch_lt_plr_fruit
soundalias,#fly_step_prone_lt_npc_snow
soundalias,#fly_takeoff_lt_npc_paintedmetal
soundalias,#fly_smg_standard_mag_out_npc
soundalias,#wpn_tr_damageburst_lfe_plr
soundalias,#fly_qstep_crouch_walk_heavy_paintedmetal
soundalias,#wpn_ar_doublebarrel_fire_plr
soundalias,#prj_crossbow_impact_metal_hollow
soundalias,#fly_lstep_crouch_walk_lt_npc_flesh
soundalias,#fly_qstep_crouch_walk_lt_plr_metal
soundalias,#fly_land_imp_fast_lt_plr_metalthin
soundalias,#wpn_generic_clip_bounce_fruit
soundalias,#fly_slide_npc_tallgrass
soundalias,#fly_land_slow_plr_lt_metalcar
soundalias,#fly_bump_table_scoot
soundalias,#fly_step_wall_lt_plr_snow
soundalias,#wpn_grenade_bounce_sand
soundalias,#mpl_turret_deploy
soundalias,#prj_crossbow_impact_metal_thin
soundalias,#fly_qstep_crouch_walk_heavy_cushion
soundalias,#wpn_smg_handling_sup_fire_killcam_npc
soundalias,#hash_be372a1a0712abb
soundalias,#fly_qstep_prone_lt_plr_glassbulletproof
soundalias,#fly_land_fast_npc_lt_gravel
soundalias,#wpn_smg_capacity_fire_pap_plr
soundalias,#fly_land_slow_plr_lt_watershallow
soundalias,#fly_step_crouch_walk_npc_dirt
soundalias,#fly_qstep_walk_npc_dirt
soundalias,#wpn_tr_longburst_suppressed_lfe_plr
soundalias,#fly_land_imp_fast_plr_foliage
soundalias,#hash_bff014baf2ab7d4
soundalias,#fly_step_crouch_walk_plr_paper
soundalias,#fly_land_imp_med_heavy_brick
soundalias,#wpn_grenade_bounce_cushion
soundalias,#hash_c0a7ed3b08cb74e
soundalias,#fly_qstep_sprint_lt_plr_glasscar
soundalias,#fly_qstep_walk_lt_npc_concrete
soundalias,#hash_c0f2c1c090f4bb3
soundalias,#hash_c0fe2102de48413
soundalias,#fly_qstep_run_plr_bodyarmor
soundalias,#wpn_smg_versatile_silencer_ads_killcam_plr
soundalias,#fly_lstep_sprint_npc_metalthin
soundalias,#hash_c19c84b5f1bf274
soundalias,#fly_slide_plr_brick
soundalias,#fly_weight_land_rapid_lt_plr
soundalias,#fly_shotgun_auto_mag_out_npc
soundalias,#fly_qstep_walk_lt_npc_sand
soundalias,#wpn_smg_fastfire_uber_fire_killcam_plr
soundalias,#fly_step_run_lt_npc_ice
soundalias,#phy_canteen_bounce
soundalias,#fly_qstep_prone_heavy_asphalt
soundalias,#fly_land_imp_rapid_plr_concrete
soundalias,#hash_c2e0915befca8a1
soundalias,#wpn_grenade_launch_bounce_snow
soundalias,#fly_step_run_heavy_grass
soundalias,#fly_peacekeeper_bolt_back_npc
soundalias,#fly_land_plr_bark_sec
soundalias,#wpn_tr_longburst_upg_killcam_fire_npc
soundalias,#fly_qstep_crouch_run_lt_plr_glasscar
soundalias,#zmb_step_crouch_run_npc_ceramic
soundalias,#prj_brass_impact_large_metalcatwalk
soundalias,#zmb_step_crouch_walk_npc_glasscar
soundalias,#wpn_tr_flechette_sup_lfe_npc
soundalias,#wpn_ar_fastfire_uber_lfe_killcam_plr
soundalias,#fly_midburst_tap
soundalias,#zmb_blocker_rockwall_break
soundalias,#wpn_tr_longburst_upg_lfe_npc
soundalias,#hash_c698462365b437e
soundalias,#fly_lmg_standard_mag_slide_in_npc
soundalias,#fly_slide_lt_plr_glassbulletproof
soundalias,#fly_qstep_prone_lt_plr_paper
soundalias,#fly_land_imp_med_plr_cushion
soundalias,#wpn_shotgun_precision_sup_fire_plr
soundalias,#zmb_bgb_crate_power
soundalias,#prj_bullet_impact_carpet
soundalias,#wpn_smg_versatile_silencer_act_plr
soundalias,#wpn_tr_midburst_sup_killcam_act_npc
soundalias,#wpn_rpg_fire_dist_npc
soundalias,#bik_ct_skirmishfreeforall_loadingmovie
soundalias,#zmb_step_standard_walk
soundalias,#wpn_tr_longburst_suppressed_act_plr
soundalias,#hash_ca577d3bceb82a5
soundalias,#fly_qstep_prone_npc_metal
soundalias,#exp_emp_rocket_decay
soundalias,#fly_land_lt_npc_glasscar
soundalias,#hash_cb6d6e6e954fd5b
soundalias,#wpn_pistol_fullauto_d_rf2_fire_plr
soundalias,#fly_step_crouch_run_lt_plr_glassbroken
soundalias,#fly_slide_plr_water
soundalias,#wpn_smg_capacity_rapid_fire_plr
soundalias,#hash_ccbe697f2dc15fd
soundalias,#fly_shroud_raise
soundalias,#fly_slide_npc_gravel
soundalias,#fly_step_run_plr_sand
soundalias,#fly_land_plr_brick_sec
soundalias,#wpn_concussion_grenade_explode_flux_r
soundalias,#wpn_concussion_grenade_explode_flux_l
soundalias,#prj_bolt_impact_robot
soundalias,#wpn_mini14_sup_lfe_npc
soundalias,#fly_flechette_tap
soundalias,#fly_qstep_crouch_walk_plr_plaster
soundalias,#fly_lboot_soft_lt_npc
soundalias,#fly_land_imp_fast_plr_metalcatwalk
soundalias,#fly_qstep_walk_plr_sand
soundalias,#wpn_smg_standard_silencer_act_killcam_plr
soundalias,#fly_qstep_run_plr_rock
soundalias,#prj_brass_impact_small_carpet
soundalias,#fly_lstep_prone_npc_foliage
soundalias,#zmb_step_standard_sprint_flesh
soundalias,#fly_land_lt_plr_bark
soundalias,#fly_lstep_walk_npc_mud
soundalias,#wpn_ar_standard_fire_lfe_plr
soundalias,#wpn_ar_modular_act_killcam_plr
soundalias,#phy_impact_wood_foliage
soundalias,#fly_lstep_sprint_lt_npc_bark
soundalias,#fly_step_crouch_run_plr_plastic
soundalias,#fly_qstep_crouch_walk_plr_plastic
soundalias,#fly_lstep_sprint_npc_default
soundalias,#fly_end_wall_lt_plr_mud
soundalias,#fly_land_imp_med_lt_plr_dirt
soundalias,#vox_rush_mult_rising_rush_3
soundalias,#vox_rush_mult_rising_rush_2
soundalias,#vox_rush_mult_rising_rush_1
soundalias,#vox_rush_mult_rising_rush_0
soundalias,#vox_rush_mult_rising_rush_4
soundalias,#fly_lstep_crouch_walk_lt_npc_foliage
soundalias,#mpl_turret_down
soundalias,#fly_qstep_crouch_walk_npc_glasscar
soundalias,#hash_d28045879ef7ce2
soundalias,#fly_step_crouch_walk_plr_metalthin
soundalias,#wpn_molotov_fire
soundalias,#wpn_ar_peacekeeper_sup_fire_pap_plr
soundalias,#fly_lstep_sprint_npc_wood
soundalias,#fly_step_run_plr_flesh
soundalias,#fly_step_crouch_run_plr_plaster
soundalias,#hash_d377c202c27be3f
soundalias,#hash_d38c3c6d3208b19
soundalias,#hash_d3eb5889167e01e
soundalias,#fly_lstep_run_npc_bark
soundalias,#vox_rush_nuke_rush_0
soundalias,#prj_crossbow_impact_canvas
soundalias,#fly_land_fast_npc_lt_concrete
soundalias,#fly_step_prone_heavy_ceramic
soundalias,#wpn_ar_an94_act_killcam_npc
soundalias,#fly_lstep_crouch_walk_npc_gravel
soundalias,#hash_d644e5bde450a1b
soundalias,#fly_stance_prone2crouch_lt_plr_ceramic
soundalias,#fly_qstep_sprint_plr_glasscar
soundalias,#fly_step_walk_npc_dirt
soundalias,#prj_bulletspray_impact_glass
soundalias,#hash_d71afb142235d5a
soundalias,#hash_d71dba92ab8897c
soundalias,#hash_d71f0f7129d7422
soundalias,#hash_d72d56d58722987
soundalias,#fly_qstep_crouch_walk_lt_npc_rock
soundalias,#wpn_tr_damageburst_killcam_lfe_npc
soundalias,#wpn_smg_mp40_act_killcam_plr
soundalias,#fly_bump_chain_door
soundalias,#fly_qstep_crouch_walk_lt_npc_grass
soundalias,#fly_qstep_walk_plr_plaster
soundalias,#fly_step_sprint_lt_plr_foliage
soundalias,#wpn_rpg_raise_npc
soundalias,#prj_bullet_impact_xtreme_brick
soundalias,#fly_slide_plr_gravel
soundalias,#fly_qstep_walk_plr_plastic
soundalias,#wpn_smg_capacity_lfe_killcam_npc
soundalias,#hash_d9b4b93d8b74188
soundalias,#fly_step_run_lt_npc_carpet
soundalias,#hash_d9f5a883bf8f6bf
soundalias,#fly_qstep_walk_heavy_grass
soundalias,#fly_land_slow_plr_heavy_bark
soundalias,#wpn_powersemi_flux_plr_l
soundalias,#wpn_powersemi_flux_plr_r
soundalias,#wpn_smg_minigun_fire_loop_lfe_npc
soundalias,#fly_end_wall_lt_plr_flesh
soundalias,#hash_daa30344dfc0797
soundalias,#wpn_smg_fastfire_act_npc
soundalias,#zmb_full_ammo
soundalias,#fly_lstep_run_lt_npc_metalthin
soundalias,#fly_land_slow_npc_heavy_foliage
soundalias,#fly_lstep_walk_lt_npc_metal
soundalias,#prj_underwater_metal_swt
soundalias,#wpn_sfb_act_npc
soundalias,#fly_slide_heavy_foliage
soundalias,#fly_step_sprint_npc_metal
soundalias,#fly_lstep_crouch_run_lt_npc_sand
soundalias,#wpn_assault_silencer_plr_decay
soundalias,#fly_qstep_prone_lt_npc_metal
soundalias,#hash_ddeb9df44c53676
soundalias,#zmb_step_standard_run_paper
soundalias,#fly_land_plr_lt_tallgrass
soundalias,#fly_qstep_crouch_run_heavy_flesh
soundalias,#fly_qstep_run_lt_plr_foliage
soundalias,#fly_slide_plr_metal
soundalias,#zmb_blocker_debris_escape_lp
soundalias,#fly_qstep_crouch_run_plr_default
soundalias,#fly_step_sprint_lt_plr_cloth
soundalias,#fly_qstep_prone_plr_asphalt
soundalias,#wpn_smg_minigun_flux_plr_r
soundalias,#wpn_smg_minigun_flux_plr_l
soundalias,#fly_land_slow_npc_heavy_asphalt
soundalias,#wpn_smoke_bounce_brick
soundalias,#fly_melee_lunge_victim_pistol_bot
soundalias,#wpn_lmg_double_fire_dist_npc
soundalias,#fly_stance_2prone_npc
soundalias,#fly_step_walk_plr_glass
soundalias,#fly_step_prone_heavy_metalthin
soundalias,#fly_qstep_crouch_run_plr_metalcar
soundalias,#fly_slide_lt_plr_gravel
soundalias,#fly_slide_heavy_tallgrass
soundalias,#fly_qstep_sprint_lt_npc_watershallow
soundalias,#hash_e21297a87189bc1
soundalias,#fly_land_imp_fast_lt_plr_glasscar
soundalias,#fly_step_run_lt_plr_bodyarmor
soundalias,#hash_e28dcab39a97435
soundalias,#fly_qstep_crouch_run_npc_bark
soundalias,#prj_bolt_impact_crate
soundalias,#fly_land_heavy_gravel
soundalias,#zmb_step_standard_walk_concrete
soundalias,#vox_powerup_max_ammo_avoa_0
soundalias,#prj_bolt_impact_armor_heavy
soundalias,#wpn_generic_clip_bounce_plastic
soundalias,#fly_step_run_heavy_water
soundalias,#fly_step_prone_heavy_foliage
soundalias,#prj_brass_impact_sniper_metalhollow
soundalias,#fly_m16_bolt_release_npc
soundalias,#wpn_ar_stealth_rapid_ads_killcam_plr
soundalias,#wpn_generic_clip_bounce_plaster
soundalias,#fly_step_crouch_run_lt_npc_ceramic
soundalias,#fly_lmg_double_tap_npc
soundalias,#fly_land_imp_med_lt_plr_metalcar
soundalias,#fly_smg_folding_bolt_release_npc
soundalias,#fly_end_wall_lt_plr_paper
soundalias,#fly_qstep_crouch_run_lt_npc_paintedmetal
soundalias,#zmb_step_standard_run_grass
soundalias,#fly_qland_lt_npc_mud
soundalias,#fly_step_sprint_npc_metalcatwalk
soundalias,#fly_step_crouch_run_heavy_brick
soundalias,#zmb_step_crouch_walk_npc_default
soundalias,#fly_step_walk_npc_metal
soundalias,#hash_e60a3223cd98bcd
soundalias,#wpn_grenade_launch_bounce_plastic
soundalias,#hash_e65c0bdb3790b2e
soundalias,#fly_wpn_gear_rattle_ads
soundalias,#hash_e6d0d56e16eabaf
soundalias,#wpn_grenade_launch_bounce_plaster
soundalias,#fly_smg_mp40_bolt_back
soundalias,#fly_lstep_run_npc_grass
soundalias,#fly_lstep_sprint_lt_npc_cushion
soundalias,#wpn_tr_leveraction_ads_plr
soundalias,#fly_qland_npc_metalthin
soundalias,#fly_qcloth_sprint_lt_npc
soundalias,#fly_pistol_burst_mag_in
soundalias,#hash_e8c0523051d29b3
soundalias,#pfx_mud_drip
soundalias,#fly_land_fast_npc_lt_ceramic
soundalias,#hash_e994a747679fc33
soundalias,#hash_e9a2c230529a954
soundalias,#pfx_water_spray
soundalias,#hash_ea37a7d6cf6bfb3
soundalias,#fly_qstep_crouch_run_lt_npc_glass
soundalias,#wpn_smg_fastburst_rf_killcam_act_plr
soundalias,#hash_eaaadcaa7851724
soundalias,#fly_qstep_crouch_walk_lt_npc_concrete
soundalias,#fly_qstep_crouch_walk_lt_plr_ice
soundalias,#hash_eb29d6562a7620d
soundalias,#fly_melee_imp_battleshield_riot
soundalias,#exp_hero_bolt_decay
soundalias,#fly_qstep_walk_lt_plr_dirt
soundalias,#fly_qstep_crouch_walk_lt_plr_brick
soundalias,#wpn_lmg_stealth_fire_dist_npc
soundalias,#fly_melee_imp_fist_metalcar
soundalias,#hash_ed07418d6f72a5c
soundalias,#hash_ed559cd70f85631
soundalias,#fly_land_fast_plr_heavy_metalhollow
soundalias,#wpn_lmg_double_fire_plr
soundalias,#prj_brass_impact_sniper_grass
soundalias,#fly_qstep_crouch_run_heavy_metalhollow
soundalias,#hash_ee07a306ed06a25
soundalias,#fly_land_imp_rapid_lt_plr_watershallow
soundalias,#fly_slide_npc_ice
soundalias,#wpn_smg_capacity_uber_fire_killcam_npc
soundalias,#prj_bullet_impact_xtreme_default
soundalias,#wpn_tr_longburst_suppressed_killcam_act_plr
soundalias,#fly_lstep_walk_lt_npc_rubber
soundalias,#wpn_sfb_fire_plr
soundalias,#fly_takeoff_lt_npc_paper
soundalias,#wpn_sniper_quickscope_fire_pap_npc
soundalias,#fly_land_imp_fast_heavy_tallgrass
soundalias,#wpn_ar_modular_sup_act_killcam_npc
soundalias,#hash_efe98ab91a30550
soundalias,#fly_step_walk_npc_metalhollow
soundalias,#hash_f0aa68789628abc
soundalias,#fly_ar_standard_bolt_release
soundalias,#fly_melee_lungealt_player_fist
soundalias,#fly_lstep_crouch_walk_lt_npc_metal
soundalias,#wpn_smg_standard_rapid_fire_npc
soundalias,#fly_smg_capacity_mag_in_start
soundalias,#fly_pistol_standard_slide_forward_npc
soundalias,#zmb_step_standard_sprint_sand
soundalias,#fly_qstep_run_plr_water
soundalias,#fly_lmg_standard_mag_in_npc
soundalias,#fly_land_imp_rapid_lt_plr_bark
soundalias,#wpn_assault_silencer_npc_decay
soundalias,#wpn_ar_peacekeeper_rf_sup_fire_act_plr
soundalias,#fly_qstep_run_plr_paper
soundalias,#wpn_ballistic_knife_fire_dist_npc
soundalias,#fly_qstep_sprint_npc_metalcatwalk
soundalias,#fly_qstep_crouch_walk_npc_paintedmetal
soundalias,#fly_qstep_prone_lt_npc_paper
soundalias,#hash_f3ebb0a1aab0bac
soundalias,#wpn_smg_mp40_lfe_killcam_plr
soundalias,#wpn_lmg_spray_sup_ads_killcam_plr
soundalias,#fly_land_imp_rapid_lt_plr_water
soundalias,#fly_land_imp_med_heavy_gravel
soundalias,#fly_qland_npc_dirt
soundalias,#hash_f481716636fbd91
soundalias,#fly_step_crouch_run_heavy_mud
soundalias,#prj_bullet_impact_xtreme_sand
soundalias,#fly_leap_sprint_lt_plr_paper
soundalias,#fly_qstep_prone_lt_npc_rubber
soundalias,#hash_f53234b8aa9d248
soundalias,#wpn_ar_an94_fire_bo3_plr
soundalias,#zmb_aat_frostbite_frozen_lp
soundalias,#hash_f67f822c154bfbb
soundalias,#hash_f6925bede531bf4
soundalias,#hash_f6c9d6d1d5787e7
soundalias,#fly_snipe_damagesemi_bullet_in_npc
soundalias,#fly_qstep_crouch_run_plr_carpet
soundalias,#fly_step_run_heavy_foliage
soundalias,#wpn_pistol_fire_distant
soundalias,#fly_step_run_lt_npc_bodyarmor
soundalias,#fly_land_slow_npc_lt_metal
soundalias,#fly_step_water_move
soundalias,#wpn_ar_stealth_ads_npc
soundalias,#evt_nuke_dew
soundalias,#fly_step_crouch_run_plr_cushion
soundalias,#fly_qstep_walk_heavy_snow
soundalias,#vox_powerup_nuke_avoa_0
soundalias,#fly_qstep_crouch_run_heavy_brick
soundalias,#wpn_ar_galil_ads_killcam_plr
soundalias,#hash_f9705263cdbae9a
soundalias,#hash_f9797e38b8709b1
soundalias,#fly_lstep_prone_lt_npc_plaster
soundalias,#wpn_tr_midburst_act_plr
soundalias,#hash_fa0daa260b361a8
soundalias,#hash_fa14d87437616df
soundalias,#fly_lstep_prone_lt_npc_plastic
soundalias,#fly_lstep_prone_lt_npc_metal
soundalias,#hash_fb2a1b2932b3127
soundalias,#hash_fbaeda849b4c44b
soundalias,#wpn_smg_handling_sup_rh_fire_pap_npc
soundalias,#fly_takeoff_npc_glass
soundalias,#wpn_no_decay
soundalias,#wpn_rpg_dryfire_npc
soundalias,#fly_takeoff_lt_npc_bark
soundalias,#wpn_ar_stealth_rapid_lfe_plr
soundalias,#fly_smg_accurate_bolt_release_npc
soundalias,#wpn_smg_minigun_fire_loop_dist_npc
soundalias,#fly_peacekeeper_bolt_release
soundalias,#wpn_pistol_burst_act_killcam_plr
soundalias,#fly_melee_swipe_player_sword_h_gore
soundalias,#fly_wpn_gear_rattle
soundalias,#fly_land_imp_rapid_plr_rubber
soundalias,#fly_leap_sprint_lt_plr_plastic
soundalias,#fly_lstep_crouch_run_npc_bodyarmor
soundalias,#hash_ff9dcdaa4183740
soundalias,#hash_ff9dddaa41838f3
soundalias,#hash_ff9dedaa4183aa6
soundalias,#hash_ff9e0daa4183e0c
soundalias,#hash_ff9e1daa4183fbf
soundalias,#hash_ff9e2daa4184172
soundalias,#hash_ff9e3daa4184325
soundalias,#fly_step_crouch_walk_heavy_watershallow
soundalias,#fly_acnt_sprint_npc
soundalias,#hash_ffff6e0300baa98
soundalias,#fly_leap_sprint_lt_plr_plaster
soundalias,#fly_qstep_walk_heavy_asphalt
soundalias,#hash_1004be3e175d3d41
soundalias,#fly_step_prone_lt_plr_carpet
soundalias,#fly_takeoff_npc_paintedmetal
soundalias,#fly_step_sprint_npc_mud
soundalias,#wpn_ar_doublebarrel_fire_npc
soundalias,#fly_takeoff_plr_water
soundalias,#wpn_pistol_revolver_fire_act_npc
soundalias,#pfx_water_runoff
soundalias,#fly_qstep_sprint_heavy_carpet
soundalias,#wpn_pistol_standard_sup_fire_pap_plr
soundalias,#fly_step_sprint_lt_npc_water
soundalias,#fly_pistol_revolver_cylinder_open_npc
soundalias,#fly_knuckle_crack_servo
soundalias,#hash_10253b9a61b0e9d8
soundalias,#fly_qstep_crouch_walk_npc_concrete
soundalias,#fly_step_run_heavy_watershallow
soundalias,#fly_land_imp_med_heavy_rock
soundalias,#fly_qstep_prone_lt_plr_brick
soundalias,#fly_qstep_walk_npc_metal
soundalias,#hash_103563143de5858d
soundalias,#fly_takeoff_npc_paper
soundalias,#fly_lstep_prone_npc_snow
soundalias,#fly_step_prone_lt_npc_fruit
soundalias,#wpn_grenade_explode_tallgrass
soundalias,#wpn_ar_galil_fire_killcam_npc
soundalias,#wpn_flash_effect_end
soundalias,#fly_step_sprint_npc_bark
soundalias,#wpn_smg_handling_ads_plr
soundalias,#fly_land_lt_npc_glassbulletproof
soundalias,#wpn_grenade_bounce_ice
soundalias,#fly_lstep_crouch_run_lt_npc_rubber
soundalias,#vox_powerup_nuke_zmba_0
soundalias,#fly_land_plr_paper_sec
soundalias,#wpn_pistol_auto_silencer_plr_decay
soundalias,#fly_pistol_revolver_cylinder_open
soundalias,#prj_brass_impact_wraith_metalthin
soundalias,#prj_bullet_impact_player_med
soundalias,#hash_106a6c60896eeaa0
soundalias,#hash_106a6d60896eec53
soundalias,#hash_106a6e60896eee06
soundalias,#hash_106a6f60896eefb9
soundalias,#hash_106a7260896ef4d2
soundalias,#fly_lstep_sprint_npc_dirt
soundalias,#wpn_smg_versatile_silencer_ads_killcam_npc
soundalias,#fly_step_prone_npc_mud
soundalias,#zmb_ai_bfather_maggot_imp
soundalias,#wpn_smg_accurate_sup_fire_killcam_plr
soundalias,#hash_1075f6d6c2524599
soundalias,#zmb_spawn_powerup_flux_r
soundalias,#zmb_spawn_powerup_flux_l
soundalias,#fly_end_wall_lt_plr_brick
soundalias,#wpn_reload_smg_clipin_npc
soundalias,#wpn_smg_accurate_act_plr
soundalias,#fly_qstep_prone_lt_npc_cushion
soundalias,#fly_lstep_crouch_walk_npc_bodyarmor
soundalias,#fly_boot_heavy
soundalias,#fly_step_walk_heavy_ice
soundalias,#fly_step_sprint_lt_npc_metalhollow
soundalias,#fly_smg_handling_mag_out
soundalias,#fly_qimpact_sprint_npc
soundalias,#prj_crossbow_impact_bottle
soundalias,#fly_lstep_crouch_run_lt_npc_water
soundalias,#hash_108dacd2ea991193
soundalias,#wpn_smg_capacity_rapid_act_npc
soundalias,#wpn_ar_peacekeeper_sup_lfe_npc
soundalias,#hash_109298f12b15cf72
soundalias,#wpn_ar_peacekeeper_sup_fire_killcam_plr
soundalias,#fly_land_imp_rapid_lt_plr_metal
soundalias,#fly_land_fast_npc_heavy_bodyarmor
soundalias,#fly_boot_soft_lt_plr
soundalias,#hash_10a0353f53e27607
soundalias,#fly_qstep_crouch_run_lt_npc_default
soundalias,#hash_10a416158cd8fd3a
soundalias,#zmb_step_blight_run_fruit
soundalias,#fly_end_wall_lt_plr_glasscar
soundalias,#zmb_step_catalyst_water_run_wood
soundalias,#fly_takeoff_plr_brick
soundalias,#fly_step_crouch_run_heavy_ceramic
soundalias,#wpn_smg_versatile_fire_npc_pap
soundalias,#fly_land_fast_npc_heavy_concrete
soundalias,#fly_land_slow_npc_heavy_fruit
soundalias,#fly_qstep_run_npc_bark
soundalias,#bik_ct_skirmishoutro_nomad
soundalias,#fly_qstep_walk_lt_npc_metalthin
soundalias,#mpl_death_by_weapon_shotgun
soundalias,#wpn_rpg_flux_l_npc_pap
soundalias,#fly_step_walk_heavy_bark
soundalias,#prj_brass_impact_small_metalcar
soundalias,#wpn_pistol_standard_flux_l_pap_npc
soundalias,#hash_10de0a83626c256b
soundalias,#fly_step_prone_lt_npc_water
soundalias,#wpn_smg_standard_fire_killcam_npc
soundalias,#fly_gear_sprint_stop_heavy
soundalias,#fly_takeoff_plr_foliage
soundalias,#fly_start_tech_wall_lt_plr
soundalias,#fly_step_sprint_heavy_grass
soundalias,#hash_10f9ce05115fb881
soundalias,#fly_land_plr_flesh
soundalias,#hash_10fb3759ad30ddd0
soundalias,#wpn_grenade_explode_sand
soundalias,#fly_start_wall_lt_plr_glass
soundalias,#fly_step_sprint_plr_wood
soundalias,#hash_110905c20fd14d5c
soundalias,#wpn_sniper_powerbolt_swat_fire_ads_npc
soundalias,#fly_slide_lt_npc_paper
soundalias,#wpn_smg_accurate_sup_fire_plr
soundalias,#fly_lstep_crouch_walk_lt_npc_bodyarmor
soundalias,#wpn_ar_fastfire_upg_fire_killcam_plr
soundalias,#fly_slide_lt_npc_dirt
soundalias,#zmb_ai_catalyst_electric_death_lfe
soundalias,#fly_powersemi_mag_out_npc
soundalias,#hash_1121c5051180fb4a
soundalias,#fly_step_walk_heavy_grass
soundalias,#fly_land_fast_npc_heavy_paintedmetal
soundalias,#fly_land_imp_med_heavy_ceramic
soundalias,#fly_step_prone_lt_plr_fruit
soundalias,#hash_113c9ec6d9a53c08
soundalias,#wpn_lmg_stealth_uber_sup_belt_npc
soundalias,#fly_qstep_crouch_run_heavy_gravel
soundalias,#fly_step_run_lt_npc_metal
soundalias,#fly_land_lt_plr_carpet
soundalias,#fly_qstep_crouch_walk_plr_foliage
soundalias,#fly_land_fast_plr_lt_paper
soundalias,#hash_114ef7fae27e6f0f
soundalias,#wpn_ar_galil_lfe_killcam_npc
soundalias,#fly_step_sprint_lt_plr_default
soundalias,#wpn_ar_standard_ads_npc
soundalias,#hash_1158ee34b955b940
soundalias,#wpn_smg_silencer_plr_decay
soundalias,#hash_115bde912098f2af
soundalias,#fly_melee_imp_npc_riot
soundalias,#zmb_step_standard_sprint_plastic
soundalias,#hash_1166fd4f32bc9df3
soundalias,#wpn_smg_fastfire_uber_lfe_plr
soundalias,#fly_takeoff_lt_plr_sand
soundalias,#prj_bullet_impact_metal_hollow
soundalias,#fly_cloth_land_rapid_lt_plr
soundalias,#zmb_step_standard_sprint_plaster
soundalias,#hash_11742151eeaa76a9
soundalias,#fly_land_slow_plr_heavy_snow
soundalias,#fly_step_prone_lt_plr_water
soundalias,#exp_semtex_cluster_bomb
soundalias,#fly_step_car
soundalias,#prj_crossbow_impact_wood
soundalias,#hash_1182a2754c307fda
soundalias,#hash_1185c81454f0522e
soundalias,#wpn_smg_versatile_fire_killcam_npc
soundalias,#fly_swt_sprint_heavy
soundalias,#pfx_spark_blue_loop
soundalias,#prj_brass_impact_wraith_foliage
soundalias,#hash_11912c305e1b07b2
soundalias,#fly_qstep_run_heavy_rubber
soundalias,#wpn_smg_accurate_ads_plr
soundalias,#fly_land_slow_plr_heavy_grass
soundalias,#wpn_ar_peacekeeper_sup_lfe_killcam_plr
soundalias,#fly_qstep_sprint_npc_ceramic
soundalias,#fly_step_prone_lt_plr_watershallow
soundalias,#fly_qstep_run_plr_flesh
soundalias,#fly_land_fast_npc_lt_rock
soundalias,#wpn_ar_fastfire_upg_fire_ads_plr
soundalias,#fly_qstep_run_lt_plr_asphalt
soundalias,#fly_land_fast_npc_heavy_rock
soundalias,#fly_step_prone_lt_npc_wood
soundalias,#hash_11b3d5b6c9701a29
soundalias,#fly_slide_lt_npc_rubber
soundalias,#wpn_smg_handling_rh_act_plr
soundalias,#fly_step_run_lt_npc_metalcar
soundalias,#wpn_tr_damageburst_killcam_ads_plr
soundalias,#zmb_step_standard_run_ice
soundalias,#wpn_smg_capacity_rapid_act_killcam_npc
soundalias,#fly_lstep_crouch_run_npc_default
soundalias,#fly_step_sprint_lt_plr_dirt
soundalias,#fly_qstep_sprint_plr_brick
soundalias,#fly_ar_modular_mag_out_npc
soundalias,#fly_step_run_plr_asphalt
soundalias,#hash_11cc0a3f923ef74c
soundalias,#fly_land_fast_plr_lt_paintedmetal
soundalias,#hash_11d338092fefba12
soundalias,#chr_health_laststand_die
soundalias,#prj_brass_impact_wraith_asphalt
soundalias,#fly_qstep_prone_lt_plr_plastic
soundalias,#wpn_grenade_explode_carpet
soundalias,#hash_11e37355fbf9f268
soundalias,#hash_11e37855fbf9fae7
soundalias,#hash_11e37955fbf9fc9a
soundalias,#hash_11e37a55fbf9fe4d
soundalias,#fly_land_fast_npc_heavy_bark
soundalias,#fly_smg_handling_bolt_forward
soundalias,#wpn_ar_modular_fire_pap_npc
soundalias,#hash_11f01ed4b7074670
soundalias,#fly_step_crouch_walk_lt_npc_ice
soundalias,#fly_step_walk_heavy_concrete
soundalias,#hash_11f92c084032ac2e
soundalias,#fly_qstep_crouch_run_heavy_dirt
soundalias,#fly_land_lt_npc_ceramic
soundalias,#fly_qstep_prone_lt_plr_paintedmetal
soundalias,#fly_qstep_prone_lt_plr_plaster
soundalias,#hash_1204bd012199fabf
soundalias,#chr_swimming_uw_ambience
soundalias,#fly_snipe_powerbolt_bolt_forward_npc
soundalias,#hash_12069b51f332e8da
soundalias,#fly_melee_lungealt_fist
soundalias,#wpn_ar_doublebarrel_lfe
soundalias,#fly_land_lt_plr_metalhollow
soundalias,#wpn_concussion_grenade_explode
soundalias,#fly_step_crouch_walk_heavy_paper
soundalias,#fly_lmg_heavy_lid_open
soundalias,#hash_12231a235d45394e
soundalias,#wpn_shotgun_trenchgun_fire_act_plr
soundalias,#fly_step_prone_npc_asphalt
soundalias,#zmb_pts_powerup_spawn
soundalias,#hash_122fa48dbfdb1d04
soundalias,#wpn_smoke_bounce_paintedmetal
soundalias,#fly_step_crouch_walk_heavy_metalcar
soundalias,#fly_land_imp_rapid_heavy_asphalt
soundalias,#fly_melee_imp_knife_wood
soundalias,#hash_1240e4878fa42a6e
soundalias,#fly_start_wall_lt_plr_rubber
soundalias,#hash_124e58c8f26e5f1a
soundalias,#wpn_shotgun_semiauto_lfe
soundalias,#fly_qstep_walk_lt_plr_water
soundalias,#wpn_lmg_double_act_npc
soundalias,#wpn_pistol_int_augment_loop_npc
soundalias,#wpn_shotgun_precision_fire_act_plr
soundalias,#wpn_smg_standard_ads_killcam_npc
soundalias,#fly_step_crouch_walk_heavy_wood
soundalias,#fly_land_fast_plr_heavy_snow
soundalias,#prj_brass_impact_shell_watershallow
soundalias,#fly_lstep_crouch_walk_lt_npc_glass
soundalias,#zmb_vocals_zombie_behind
soundalias,#fly_qstep_crouch_walk_npc_carpet
soundalias,#fly_qstep_crouch_run_heavy_glass
soundalias,#prj_brass_impact_wraith_cushion
soundalias,#fly_step_crouch_run_heavy_glasscar
soundalias,#wpn_rocket_wasp_loop
soundalias,#fly_step_prone_plr_dirt
soundalias,#wpn_smoke_bounce_wood
soundalias,#wpn_lmg_stealth_uber_sup_fire_killcam_plr
soundalias,#wpn_generic_wpn_bounce_sand
soundalias,#fly_melee_lungealt_victim_sword
soundalias,#zmb_step_crouch_walk_npc_brick
soundalias,#zmb_step_crouch_run_npc_grass
soundalias,#fly_stance_prone2crouch_heavy
soundalias,#fly_land_fast_npc_heavy_glasscar
soundalias,#hash_1282aaeb96219278
soundalias,#fly_step_walk_lt_npc_paper
soundalias,#hash_1289fa9f83ebd5f7
soundalias,#wpn_smg_folding_fire_npc
soundalias,#wpn_tr_midburst_sup_act_npc
soundalias,#wpn_grenade_explode_snow
soundalias,#hash_129c454e7047bc28
soundalias,#fly_land_plr_lt_carpet
soundalias,#zmb_step_standard_walk_metalhollow
soundalias,#fly_end_wall_lt_plr_snow
soundalias,#wpn_tr_longburst_upg_uber_ads_npc
soundalias,#wpn_smg_folding_sup_ads_killcam_plr
soundalias,#wpn_smg_silencer_npc_decay
soundalias,#wpn_tr_longburst_uber_lfe_npc
soundalias,#fly_an94_bolt_back
soundalias,#prj_bolt_impact_carpet
soundalias,#fly_qstep_prone_heavy_glasscar
soundalias,#hash_12bc9b41feef37a5
soundalias,#hash_12bdf09c19589699
soundalias,#wpn_smg_handling_sup_rh_act_killcam_plr
soundalias,#prj_hatchet_impact_rubber
soundalias,#fly_qstep_run_plr_dirt
soundalias,#hash_12ca8241fefb4a86
soundalias,#hash_12cc95b2c5402e22
soundalias,#fly_step_crouch_walk_lt_plr_water
soundalias,#wpn_quickscope_act_npc
soundalias,#fly_qstep_crouch_run_npc_plastic
soundalias,#wpn_mini14_uber_act_killcam_npc
soundalias,#fly_step_sprint_lt_plr_rock_swt
soundalias,#hash_12d9cc0e36c67ac8
soundalias,#fly_qstep_crouch_run_npc_plaster
soundalias,#fly_step_wood_pallet_plr
soundalias,#fly_step_walk_plr_cushion
soundalias,#fly_step_prone_heavy_metalcar
soundalias,#hash_12f1538e87627d91
soundalias,#fly_shotgun_auto_mag_in
soundalias,#vox_rush_bat_rush_0
soundalias,#zmb_perk_bandolier_reload
soundalias,#fly_shotgun_auto_bolt_forward_npc
soundalias,#fly_snipe_mini14_mag_out
soundalias,#fly_lstep_crouch_walk_npc_tallgrass
soundalias,#wpn_smg_handling_lh_act_killcam_npc
soundalias,#fly_step_sprint_lt_npc_tallgrass
soundalias,#wpn_ar_standard_act_npc
soundalias,#fly_land_heavy_tallgrass
soundalias,#wpn_mini14_uber_belt_npc
soundalias,#wpn_shotgun_dryfire_npc
soundalias,#hash_131ee67c1fc12121
soundalias,#fly_gear_sprint_stop_npc
soundalias,#zmb_step_blight_run_glasscar
soundalias,#fly_lstep_run_npc_glasscar
soundalias,#prj_bullet_debris_glass
soundalias,#wpn_ar_fastfire_upg_fire_dist_npc
soundalias,#wpn_smg_mp40_lfe_killcam_npc
soundalias,#wpn_ar_accurate_fire_killcam_npc
soundalias,#fly_stance_prone2crouch_lt_plr_brick
soundalias,#fly_land_slow_plr_lt_asphalt
soundalias,#fly_qland_lt_npc_metalcar
soundalias,#prj_brass_impact_plr_gren_case_metal
soundalias,#fly_takeoff_lt_plr_foliage
soundalias,#wpn_smg_standard_silencer_lfe_killcam_npc
soundalias,#fly_land_npc_ice
soundalias,#fly_land_plr_snow
soundalias,#fly_ar_modular_mag_in_npc
soundalias,#fly_qstep_crouch_walk_plr_snow
soundalias,#prj_brass_impact_large_paper
soundalias,#hash_1347dd7c1fe416ea
soundalias,#prj_bolt_impact_sandbag
soundalias,#fly_qland_lt_npc_concrete
soundalias,#hash_134eee8448929f07
soundalias,#wpn_shotgun_semiauto_fire_dist_npc
soundalias,#hash_1355434dd4ee2815
soundalias,#fly_step_crouch_run_lt_npc_snow
soundalias,#fly_lstep_run_npc_paintedmetal
soundalias,#fly_qstep_crouch_run_plr_glassbulletproof
soundalias,#prj_brass_impact_wraith_plastic
soundalias,#fly_qstep_sprint_lt_plr_cloth
soundalias,#fly_qstep_run_npc_metalcatwalk
soundalias,#fly_qstep_prone_npc_sand
soundalias,#hash_1377aa36d8ba27e1
soundalias,#zmb_trials_round_fail
soundalias,#fly_lstep_run_npc_metalcar
soundalias,#prj_brass_impact_gren_case_brick
soundalias,#fly_step_run_heavy_rubber
soundalias,#fly_smg_standard_bolt_back
soundalias,#prj_brass_impact_wraith_plaster
soundalias,#fly_land_lt_plr_concrete
soundalias,#zmb_step_blight_run_paintedmetal
soundalias,#fly_step_crouch_run_lt_plr_bodyarmor
soundalias,#hash_139d6fd0c89d5d6e
soundalias,#fly_smg_accurate_mag_in
soundalias,#hash_13a630d10216c931
soundalias,#hash_13b3f15ea8509e5a
soundalias,#hash_13b4fee5d171cc4c
soundalias,#wpn_smg_standard_fire_pap_plr
soundalias,#wpn_smg_capacity_ads_npc
soundalias,#fly_demo_hammer_inspect_105
soundalias,#fly_takeoff_plr_snow
soundalias,#wpn_smg_minigun_fire_stop_plr
soundalias,#vox_rush_catalysts_rush_0
soundalias,#fly_demo_hammer_inspect_117
soundalias,#wpn_melee_sword_firstraise_plr
soundalias,#fly_qstep_sprint_lt_plr_asphalt_swt
soundalias,#fly_lstep_crouch_run_npc_ice
soundalias,#prj_bolt_impact_wood
soundalias,#fly_lstep_sprint_npc_metalcar
soundalias,#fly_step_prone_plr_water
soundalias,#fly_melee_lunge_player_ballistic
soundalias,#wpn_ar_an94_sup_fire_dist_npc
soundalias,#fly_land_slow_plr_heavy_metalcar
soundalias,#fly_slide_lt_plr_fruit
soundalias,#wpn_wwgrenade_explode_lfe
soundalias,#mus_trials_end_fail_intro
soundalias,#hash_13e33a08f450fcf8
soundalias,#fly_land_imp_med_lt_plr_foliage
soundalias,#fly_takeoff_lt_plr_fruit
soundalias,#hash_13ed9901605d5b72
soundalias,#prj_bullet_impact_xtreme_foliage
soundalias,#wpn_lmg_heavy_uber_fire_pap_npc
soundalias,#hash_13f5cadb537d0076
soundalias,#wpn_pistol_revolver_fire_act_plr
soundalias,#fly_qland_lt_npc_sand
soundalias,#fly_trench_shell_in
soundalias,#fly_step_sprint_plr_sand
soundalias,#prj_brass_impact_plr_gren_case_bark
soundalias,#fly_melee_hit_human_gore_1_plr
soundalias,#fly_qstep_run_npc_tallgrass
soundalias,#wpn_frag_pin_pull_npc
soundalias,#wpn_rocket_explode_close
soundalias,#wpn_pistol_fullauto_ads_killcam_npc
soundalias,#fly_cloth_land_medium_lt_plr
soundalias,#fly_mann_limb_bounce_snow
soundalias,#fly_slide_npc_foliage
soundalias,#hash_141fc832a27328f8
soundalias,#vox_rush_electric_rush_5
soundalias,#vox_rush_electric_rush_4
soundalias,#vox_rush_electric_rush_6
soundalias,#vox_rush_electric_rush_1
soundalias,#vox_rush_electric_rush_0
soundalias,#vox_rush_electric_rush_3
soundalias,#vox_rush_electric_rush_2
soundalias,#fly_slide_lt_plr_sand
soundalias,#fly_lstep_crouch_walk_npc_wood
soundalias,#hash_1423447219c74f90
soundalias,#vox_powerup_full_power_avoa_0
soundalias,#hash_1424f71b1f8f8793
soundalias,#wpn_ar_modular_sup_fire_pap_npc
soundalias,#prj_brass_impact_shell_default
soundalias,#fly_qstep_crouch_walk_npc_paper
soundalias,#prj_brass_impact_shell_metal
soundalias,#fly_step_sprint_lt_npc_metal
soundalias,#fly_step_prone_heavy_dirt
soundalias,#wpn_smoke_bounce_glass
soundalias,#hash_1443bd1df636287c
soundalias,#wpn_smg_standard_rapid_fire_plr
soundalias,#fly_land_fast_npc_lt_glassbulletproof
soundalias,#fly_qstep_run_lt_plr_watershallow
soundalias,#fly_land_lt_npc_rock
soundalias,#fly_takeoff_plr_watershallow
soundalias,#fly_qstep_run_heavy_metalthin
soundalias,#hash_1451991578d4535d
soundalias,#wpn_shotgun_precision_fire_npc
soundalias,#wpn_generic_clip_bounce_foliage
soundalias,#chr_vampire
soundalias,#wpn_lmg_spray_ads_plr
soundalias,#wpn_generic_clip_bounce_metal
soundalias,#fly_step_crouch_run_heavy_cloth
soundalias,#wpn_smg_folding_sup_fire_killcam_npc
soundalias,#fly_land_imp_rapid_heavy_paintedmetal
soundalias,#wpn_rifle_dryfire_plr
soundalias,#fly_step_prone_npc_ceramic
soundalias,#fly_reload_servo
soundalias,#fly_lstep_prone_npc_flesh
soundalias,#fly_step_crouch_walk_npc_gravel
soundalias,#hash_14778d0bd7d9e9c6
soundalias,#prj_hatchet_impact_concrete
soundalias,#exp_claymore_lfe
soundalias,#fly_land_imp_fast_heavy_rubber
soundalias,#fly_land_slow_plr_lt_wood
soundalias,#wpn_shotgun_trenchgun_fire_plr_pap
soundalias,#fly_qstep_crouch_run_plr_wood
soundalias,#hash_148faf2c4a17973a
soundalias,#fly_gear_walk_start_lt_npc
soundalias,#chr_water_impact_f_plr
soundalias,#fly_step_foliage_plr
soundalias,#fly_qstep_prone_lt_npc_rock
soundalias,#fly_step_walk_lt_npc_grass
soundalias,#fly_lstep_walk_lt_npc_mud
soundalias,#wpn_pistol_burst_ads_npc
soundalias,#fly_lstep_crouch_walk_npc_dirt
soundalias,#fly_slide_lt_plr_glass
soundalias,#wpn_sfb_flux_npc_r
soundalias,#wpn_sfb_flux_npc_l
soundalias,#prj_bulletspray_impact_rock
soundalias,#fly_qstep_run_heavy_metalhollow
soundalias,#prj_brass_impact_shell_snow
soundalias,#hash_14c3c571df785326
soundalias,#hash_14c51e7b4642d434
soundalias,#fly_qstep_sprint_plr_water
soundalias,#wpn_lmg_spray_sup_lfe_killcam_npc
soundalias,#hash_14c60724868dce07
soundalias,#wpn_smg_accurate_uber_ads_plr
soundalias,#pfx_paper_trash
soundalias,#fly_qstep_prone_lt_plr_bark
soundalias,#wpn_smg_fastburst_fire_plr
soundalias,#prj_bullet_impact_shield
soundalias,#hash_14e2b3f7af7d64d8
soundalias,#fly_shotgun_semi_strobe_on
soundalias,#hash_14ec8d7ad7071779
soundalias,#wpn_pistol_burst_sup_rf_act_npc
soundalias,#wpn_smg_handling_lh_fire_pap_plr
soundalias,#hash_14f1da7c189eb249
soundalias,#fly_step_prone_lt_npc_cushion
soundalias,#fly_qstep_prone_lt_npc_paintedmetal
soundalias,#wpn_pistol_burst_rf_fire_killcam_npc
soundalias,#hash_14f5104610856f3e
soundalias,#fly_scope_zoom
soundalias,#fly_impact_land_heavy
soundalias,#zmb_step_catalyst_plasma_walk_default
soundalias,#fly_land_slow_npc_heavy_plastic
soundalias,#wpn_lmg_stealth_uber_fire_killcam_npc
soundalias,#fly_step_crouch_run_lt_npc_gravel
soundalias,#wpn_tr_longburst_upg_uber_killcam_ads_npc
soundalias,#zmb_step_blight_run_ceramic
soundalias,#fly_takeoff_npc_metalcatwalk
soundalias,#fly_bump_container
soundalias,#zmb_powerup_vomit_lp
soundalias,#fly_step_crouch_run_npc_plastic
soundalias,#hash_152111a51e8fc9b3
soundalias,#hash_1526074ee2c754ff
soundalias,#zmb_laststand_exit_plr
soundalias,#hash_1526d8fb1ce3fcaf
soundalias,#wpn_pistol_fullauto_d_sup_fire_plr
soundalias,#fly_land_slow_npc_heavy_plaster
soundalias,#fly_step_crouch_walk_plr_water
soundalias,#zmb_step_standard_sprint_default
soundalias,#hash_152e78205dfb6d0e
soundalias,#fly_step_run_npc_wood
soundalias,#fly_qstep_walk_plr_paper
soundalias,#fly_step_crouch_run_plr_glass
soundalias,#fly_land_fast_plr_lt_sand
soundalias,#hash_15445a836e50d65b
soundalias,#fly_lstep_sprint_npc_metalcatwalk
soundalias,#fly_step_crouch_run_npc_plaster
soundalias,#wpn_ar_stealth_rapid_lfe_npc
soundalias,#hash_154e66120027baa7
soundalias,#wpn_shotgun_close_decay
soundalias,#wpn_sniper_mini14_sup_fire_pap_plr
soundalias,#fly_lstep_crouch_walk_npc_ice
soundalias,#fly_qstep_sprint_lt_plr_cushion
soundalias,#wpn_assault_flux_plr_l
soundalias,#wpn_assault_flux_plr_r
soundalias,#fly_melee_imp_wood
soundalias,#fly_land_imp_med_heavy_cloth
soundalias,#fly_land_heavy_metalcatwalk
soundalias,#wpn_ar_doublebarrel_sup_act_plr
soundalias,#zmb_bgb_nysm_end_plr
soundalias,#hash_157a2d5a5d08cab4
soundalias,#hash_157fa82d754f167a
soundalias,#fly_snipe_fast_cyl_in
soundalias,#fly_land_imp_rapid_heavy_ice
soundalias,#fly_qstep_walk_npc_cloth
soundalias,#fly_stance_prone2crouch_lt_plr_concrete
soundalias,#fly_step_sprint_plr_snow
soundalias,#fly_ar_stealth_bolt_back
soundalias,#wpn_ar_standard_silencer_lfe_killcam_plr
soundalias,#zmb_step_standard_sprint_brick
soundalias,#wpn_ar_damage_fire_plr
soundalias,#fly_land_fast_plr_heavy_asphalt
soundalias,#fly_land_slow_plr_lt_fruit
soundalias,#fly_crossbow_inspect_a
soundalias,#hash_15a894eb0949285e
soundalias,#fly_step_sprint_npc_ceramic
soundalias,#wpn_smg_handling_sup_ads_npc
soundalias,#zmb_crafting_fail
soundalias,#fly_qstep_crouch_walk_npc_dirt
soundalias,#hash_15bc81e42224adc5
soundalias,#fly_step_run_lt_npc_snow
soundalias,#fly_step_crouch_run_lt_npc_cushion
soundalias,#fly_step_crouch_walk_plr_glasscar
soundalias,#fly_qstep_crouch_walk_lt_npc_default
soundalias,#wpn_lmg_plr_hdly_decay
soundalias,#wpn_tr_damageburst_sup_fire_pap_plr
soundalias,#fly_step_crouch_walk_lt_npc_bodyarmor
soundalias,#zmb_sq_souls_release
soundalias,#fly_land_plr_lt_flesh
soundalias,#fly_step_prone_heavy_asphalt
soundalias,#hash_15dc759b18d74359
soundalias,#zmb_step_crouch_walk_npc_sand
soundalias,#vox_rush_perk_bandolier_rush_0
soundalias,#fly_step_walk_lt_plr_rock
soundalias,#fly_qstep_walk_lt_npc_rock
soundalias,#fly_demo_hammer_inspect_117_npc
soundalias,#fly_land_imp_rapid_heavy_tallgrass
soundalias,#fly_step_sprint_plr_grass
soundalias,#hash_15e79e6ccd8363d2
soundalias,#fly_slide_plr_bodyarmor
soundalias,#wpn_lmg_stealth_uber_sup_act_killcam_plr
soundalias,#wpn_tr_midburst_sup_fire_plr
soundalias,#fly_boot_npc
soundalias,#fly_melee_imp_metal_npc_riot
soundalias,#zmb_step_blight_run_bark
soundalias,#wpn_tr_damageburst_sup_killcam_act_plr
soundalias,#fly_step_paper_plr
soundalias,#zmb_zombie_head_gib
soundalias,#fly_qstep_crouch_walk_plr_grass
soundalias,#fly_qstep_walk_plr_mud
soundalias,#wpn_ar_accurate_lfe_npc
soundalias,#fly_qstep_walk_heavy_ice
soundalias,#fly_land_plr_glass_sec
soundalias,#fly_step_walk_heavy_fruit
soundalias,#hash_161d687d7e9a2843
soundalias,#fly_melee_imp_battleshield_npc_rock
soundalias,#hash_162260419b597cd3
soundalias,#hash_162b16c9ac1a82df
soundalias,#fly_step_prone_lt_plr_grass
soundalias,#fly_lstep_run_lt_npc_mud
soundalias,#wpn_pistol_fullauto_lfe_killcam_plr
soundalias,#fly_snipe_powerbolt_bolt_forward
soundalias,#hash_16394e69cbfef77b
soundalias,#zmb_step_crouch_run_npc_wood
soundalias,#zmb_player_outofbounds
soundalias,#wpn_generic_wpn_bounce_gravel
soundalias,#fly_step_run_lt_plr_paper
soundalias,#prj_bolt_impact_grass
soundalias,#wpn_ar_standard_silencer_ads_npc
soundalias,#fly_land_imp_rapid_plr_asphalt
soundalias,#fly_step_run_lt_plr_cushion
soundalias,#zmb_ai_catalyst_spawn_electric
soundalias,#hash_16559f0362cc55ed
soundalias,#zmb_ai_bfather_step_run
soundalias,#hash_1658666497c57821
soundalias,#wpn_smg_mp40_act_killcam_npc
soundalias,#wpn_smg_handling_lh_ads_plr
soundalias,#fly_melee_lunge_player_pistol_bot
soundalias,#wpn_shotgun_silencer_fire_plr_decay
soundalias,#wpn_ar_standard_lfe_npc
soundalias,#fly_step_walk_heavy_dirt
soundalias,#fly_qstep_walk_npc_paintedmetal
soundalias,#fly_land_imp_med_plr_wood
soundalias,#fly_qstep_walk_npc_asphalt
soundalias,#fly_melee_imp_arm_blade_npc_rock
soundalias,#fly_qstep_walk_lt_npc_ice
soundalias,#wpn_pistol_flux_l_pap_plr
soundalias,#hash_16805fb50f8e4719
soundalias,#hash_168079b50f8e7347
soundalias,#wpn_tr_longburst_sup_upg_ads_npc
soundalias,#wpn_pistol_fullauto_fire_plr
soundalias,#wpn_smg_standard_fire_killcam_plr
soundalias,#fly_qstep_run_npc_asphalt
soundalias,#fly_lstep_crouch_run_npc_concrete
soundalias,#fly_land_imp_rapid_heavy_sand
soundalias,#hash_16974e20dcde7b5d
soundalias,#wpn_pistol_burst_plr_decay
soundalias,#fly_step_shells_plr
soundalias,#wpn_ar_modular_sup_ads_killcam_plr
soundalias,#fly_step_run_lt_npc_cloth
soundalias,#wpn_ar_accurate_fire_pap_npc
soundalias,#wpn_generic_clip_bounce_mud
soundalias,#fly_melee_imp_fist_npc_metal
soundalias,#fly_lstep_crouch_walk_lt_npc_gravel
soundalias,#fly_pistol_revolver_cylinder_closed_npc
soundalias,#hash_16a9bc5b443a6960
soundalias,#zmb_step_catalyst_plasma_sprint_default
soundalias,#fly_takeoff_plr_cloth
soundalias,#hash_16bcc9e084923eeb
soundalias,#zmb_step_standard_walk_rubber
soundalias,#wpn_generic_wpn_bounce_flesh
soundalias,#zmb_step_standard_run_metal
soundalias,#prj_bolt_impact_sand
soundalias,#fly_step_sprint_heavy_bark
soundalias,#fly_bump_plastic_bin
soundalias,#mpl_death_by_hero_radiation
soundalias,#fly_land_imp_rapid_lt_plr_paintedmetal
soundalias,#fly_snipe_fast_bolt_forward_npc
soundalias,#fly_land_slow_npc_lt_watershallow
soundalias,#fly_qstep_crouch_run_lt_plr_metal
soundalias,#fly_thunder_mag_in
soundalias,#fly_qstep_crouch_run_npc_rock
soundalias,#wpn_rpg_flux_l_plr_pap
soundalias,#hash_16e055528f115f65
soundalias,#wpn_smg_fastfire_ads_killcam_plr
soundalias,#hash_16e2897534fcef31
soundalias,#hash_16e3e429d75efa4b
soundalias,#fly_step_run_plr_metalcatwalk
soundalias,#fly_step_crouch_walk_plr_ceramic
soundalias,#zmb_ai_bfather_death_exp
soundalias,#prj_bulletspray_impact_mud
soundalias,#wpn_lmg_stealth_uber_ads_killcam_plr
soundalias,#wpn_smg_fastburst_sup_ads_npc
soundalias,#fly_bump_weights
soundalias,#prj_brass_impact_small_snow
soundalias,#hash_16fc6b78b596a242
soundalias,#wpn_lmg_int_augment_loop_slow_npc
soundalias,#hash_16fdd0893de17d1d
soundalias,#fly_ar_stealth_tap_npc
soundalias,#fly_lstep_crouch_run_npc_fruit
soundalias,#prj_hatchet_impact_crate
soundalias,#fly_slide_heavy_mud
soundalias,#fly_slide_lt_npc_tallgrass
soundalias,#fly_step_wall_lt_plr_flesh
soundalias,#bik_ct_tutotorque_loadingmovie
soundalias,#wpn_smg_folding_fire_dist_npc
soundalias,#amb_rattle_bouy
soundalias,#fly_step_sprint_lt_npc_watershallow
soundalias,#fly_lstep_sprint_npc_rubber
soundalias,#wpn_tactical_plr_decay
soundalias,#wpn_smg_standard_silencer_lfe_killcam_plr
soundalias,#wpn_pistol_fullauto_lfe_killcam_npc
soundalias,#wpn_smg_standard_fire_dist_npc
soundalias,#wpn_mini14_uber_fire_killcam_plr
soundalias,#hash_17295eb4e67559cc
soundalias,#hash_172e234f7e88c905
soundalias,#fly_step_prone_plr_rubber
soundalias,#hash_1732b1323f11b7bf
soundalias,#fly_land_imp_fast_lt_plr_rubber
soundalias,#hash_174246ddc70537ab
soundalias,#fly_land_imp_rapid_heavy_foliage
soundalias,#wpn_lmg_heavy_fire_killcam_plr
soundalias,#wpn_smg_handling_fire_dist_npc
soundalias,#hash_174b52d5d7bb70ea
soundalias,#wpn_pistol_burst_lfe
soundalias,#fly_step_crouch_walk_heavy_flesh
soundalias,#zmb_ai_bfather_step_close
soundalias,#wpn_tr_damageburst_fire_npc
soundalias,#zmb_step_catalyst_electric_run_default
soundalias,#fly_land_lt_plr_cushion_sec
soundalias,#fly_pistol_standard_mag_out
soundalias,#fly_qstep_crouch_run_lt_npc_carpet
soundalias,#fly_step_prone_heavy_paper
soundalias,#prj_brass_impact_small_rubber
soundalias,#wpn_rpg_flux_r_npc_pap
soundalias,#fly_step_prone_lt_npc_foliage
soundalias,#wpn_mini14_dist_npc
soundalias,#hash_177e51d2789c7826
soundalias,#hash_177e6bd2789ca454
soundalias,#wpn_mini14_sup_act_npc
soundalias,#wpn_smg_fastfire_uber_act_npc
soundalias,#fly_qstep_run_lt_plr_cushion
soundalias,#wpn_tr_longburst_sup_upg_fire_plr
soundalias,#chr_health_laststand_enter
soundalias,#wpn_grenade_explode_metal
soundalias,#fly_lstep_walk_npc_watershallow
soundalias,#wpn_ar_stealth_fire_plr
soundalias,#fly_leap_sprint_lt_plr_bark
soundalias,#fly_takeoff_heavy_rock
soundalias,#wpn_generic_wpn_bounce_water
soundalias,#wpn_smoke_bounce_cloth
soundalias,#fly_qstep_sprint_plr_metal
soundalias,#fly_qstep_crouch_run_heavy_ice
soundalias,#fly_qstep_walk_plr_fruit
soundalias,#fly_step_walk_npc_ice
soundalias,#wpn_smg_capacity_uber_rapid_ads_plr
soundalias,#zmb_blocker_door_purchase_swt
soundalias,#fly_step_sprint_npc_default
soundalias,#wpn_smg_handling_sup_rh_lfe_killcam_plr
soundalias,#wpn_shotgun_silencer_fire_npc_decay
soundalias,#fly_lmg_double_release
soundalias,#fly_step_grass_enter
soundalias,#wpn_smg_handling_act_plr
soundalias,#fly_land_lt_plr_foliage_sec
soundalias,#hash_17d1d4e632c60859
soundalias,#hash_17d6a19ae03ee86c
soundalias,#prj_brass_impact_large_mud
soundalias,#fly_step_sprint_plr_water
soundalias,#prj_brass_impact_large_paintedmetal
soundalias,#wpn_rpg_fire_npc_pap
soundalias,#hash_17e3c1982e8bceaa
soundalias,#fly_step_run_npc_paper
soundalias,#fly_qstep_crouch_walk_lt_plr_flesh
soundalias,#fly_qstep_sprint_npc_snow
soundalias,#fly_qstep_crouch_run_lt_plr_asphalt
soundalias,#fly_land_fast_plr_heavy_fruit
soundalias,#wpn_smg_standard_ads_killcam_plr
soundalias,#wpn_ar_an94_fire_pap_plr
soundalias,#fly_qstep_crouch_run_heavy_concrete
soundalias,#fly_lstep_walk_lt_npc_bodyarmor
soundalias,#hash_1804a10d8b91a61d
soundalias,#wpn_pistol_fullauto_d_sup_lfe_npc
soundalias,#fly_qstep_sprint_heavy_watershallow
soundalias,#fly_lstep_prone_npc_brick
soundalias,#wpn_pistol_burst_sup_ads_npc
soundalias,#fly_lstep_prone_lt_npc_brick
soundalias,#hash_181beaeb5352b037
soundalias,#prj_bullet_impact_sandbag
soundalias,#wpn_lmg_heavy_uber_fire_dist_npc
soundalias,#zmb_step_standard_walk_carpet
soundalias,#wpn_smg_versatile_flux_r_plr_pap
soundalias,#fly_step_sprint_heavy_water
soundalias,#fly_step_walk_lt_plr_rubber
soundalias,#zmb_step_blight_walk_glass
soundalias,#fly_land_imp_fast_lt_plr_wood
soundalias,#wpn_tr_longburst_upg_uber_ads_plr
soundalias,#fly_step_crouch_walk_heavy_plastic
soundalias,#fly_boot_land_rapid_heavy
soundalias,#wpn_tr_longburst_uber_lfe_plr
soundalias,#fly_lstep_sprint_npc_fruit
soundalias,#fly_land_lt_plr_rubber_sec
soundalias,#wpn_ar_stealth_lfe_killcam_npc
soundalias,#wpn_ar_standard_silencer_ads_killcam_npc
soundalias,#fly_boot_sprint_plr
soundalias,#wpn_mini14_uber_act_plr
soundalias,#fly_land_plr_default_sec
soundalias,#fly_lstep_crouch_walk_npc_bark
soundalias,#fly_land_imp_rapid_lt_plr_wood
soundalias,#fly_slide_npc_wood
soundalias,#fly_lstep_run_npc_metalcatwalk
soundalias,#zmb_aat_kilowatt_explode
soundalias,#wpn_smg_handling_rh_fire_npc
soundalias,#fly_step_crouch_walk_heavy_plaster
soundalias,#fly_step_run_heavy_paper
soundalias,#fly_slide_npc_paintedmetal
soundalias,#zmb_bgb_nysm_end
soundalias,#fly_slide_lt_plr_mud
soundalias,#fly_bump_barrel_large
soundalias,#fly_qstep_sprint_lt_npc_cloth
soundalias,#pfx_spark_thin
soundalias,#fly_qland_npc_bodyarmor
soundalias,#fly_land_fast_npc_heavy_flesh
soundalias,#prj_bullet_impact_xtreme_wood
soundalias,#fly_land_plr_lt_brick
soundalias,#fly_step_run_lt_npc_glassbulletproof
soundalias,#hash_18aab7ffde259877
soundalias,#fly_qstep_run_lt_npc_mud
soundalias,#wpn_smg_handling_lh_act_plr
soundalias,#wpn_smg_capacity_uber_rapid_fire_killcam_npc
soundalias,#fly_qstep_run_plr_tallgrass
soundalias,#hash_18b85de980fc7d4c
soundalias,#fly_step_walk_npc_snow
soundalias,#wpn_ar_modular_sup_ads_plr
soundalias,#hash_18c3ff3ac15baf9e
soundalias,#fly_land_imp_rapid_lt_plr_gravel
soundalias,#zmb_step_catalyst_water_walk_default
soundalias,#fly_step_run_lt_plr_fruit
soundalias,#vox_event_magicbox_prst_0
soundalias,#wpn_smg_vtile_rapid_sup_act_plr
soundalias,#fly_step_wood_creak_npc
soundalias,#wpn_pistol_revolver_fire_ads_npc
soundalias,#phy_impact_default
soundalias,#fly_qstep_run_plr_asphalt_swt
soundalias,#fly_qstep_crouch_run_plr_gravel
soundalias,#fly_qstep_crouch_run_plr_bodyarmor
soundalias,#wpn_smg_accurate_uber_sup_lfe_plr
soundalias,#hash_18e5c65ffaa5b0d4
soundalias,#fly_qstep_crouch_walk_plr_metal
soundalias,#hash_18ef196f75a55967
soundalias,#fly_start_wall_lt_plr_plaster
soundalias,#fly_step_run_npc_glassbulletproof
soundalias,#fly_land_fast_plr_heavy_bark
soundalias,#fly_land_fast_npc_lt_paintedmetal
soundalias,#fly_lstep_run_lt_npc_rock
soundalias,#wpn_smg_fastfire_fire_killcam_plr
soundalias,#zmb_step_standard_run_water
soundalias,#fly_step_walk_lt_plr_plaster
soundalias,#hash_18fe00878a42c52b
soundalias,#wpn_lmg_stealth_fire_npc
soundalias,#fly_step_wall_lt_plr_mud
soundalias,#hash_1900c7de624e21b1
soundalias,#hash_19013ad26f08008e
soundalias,#fly_slide_plr_wood
soundalias,#hash_1906477bc4e3dce4
soundalias,#fly_qboot_soft_run_lt_npc
soundalias,#fly_step_walk_lt_plr_plastic
soundalias,#fly_step_crouch_run_npc_sand
soundalias,#fly_step_walk_plr_metalthin
soundalias,#fly_step_crouch_run_lt_npc_carpet
soundalias,#fly_start_wall_lt_plr_plastic
soundalias,#hash_191ff361b2a52032
soundalias,#hash_19256a45f95a1c0c
soundalias,#vox_powerup_max_ammo_zmba_0
soundalias,#fly_lstep_sprint_npc_glass
soundalias,#wpn_ar_galil_sup_act_killcam_plr
soundalias,#fly_melee_swipe_victim_sword_h
soundalias,#hash_1937ff5f6bdcdb25
soundalias,#fly_slide_plr_mud
soundalias,#zmb_step_blight_run_metal
soundalias,#bik_ct_tutonomad_loadingmovie
soundalias,#fly_demo_hammer_inspect_1
soundalias,#hash_194c2ba620a4bb2b
soundalias,#wpn_tr_damageburst_ads_plr
soundalias,#fly_step_walk_lt_plr_concrete
soundalias,#hash_194f0ab538eb0ced
soundalias,#wpn_smg_folding_sup_act_plr
soundalias,#fly_step_chain_door
soundalias,#fly_lstep_walk_lt_npc_default
soundalias,#hash_195d2c1856878d5c
soundalias,#fly_land_imp_med_plr_sand
soundalias,#fly_land_slow_npc_heavy_tallgrass
soundalias,#hash_1964c0c13ca2c496
soundalias,#evt_player_swiped
soundalias,#fly_melee_lunge_player_sword
soundalias,#fly_step_sprint_npc_carpet
soundalias,#fly_qstep_crouch_run_lt_npc_gravel
soundalias,#prj_bulletspray_impact_concrete
soundalias,#fly_lstep_sprint_lt_npc_glassbulletproof
soundalias,#prj_crossbow_impact_sandbag
soundalias,#hash_197010dfbc5d2059
soundalias,#fly_land_imp_fast_lt_plr_dirt
soundalias,#zmb_step_standard_walk_ceramic
soundalias,#chr_swimming_ow_exit_plr
soundalias,#prj_bullet_impact_metal
soundalias,#prj_bullet_impact_flesh
soundalias,#fly_step_prone_lt_plr_metal
soundalias,#fly_lmg_heavy_lid_close
soundalias,#fly_melee_lunge_victim_ballistic
soundalias,#fly_an94_mag_in_npc
soundalias,#prj_bullet_impact_xtreme_metal
soundalias,#fly_land_fast_npc_lt_dirt_big
soundalias,#wpn_lmg_spray_fire_killcam_plr
soundalias,#fly_land_damage_plr
soundalias,#fly_qstep_prone_plr_cushion
soundalias,#hash_199de7173fb36de6
soundalias,#prj_bulletspray_impact_paintedmetal
soundalias,#wpn_lmg_silencer_npc_decay
soundalias,#fly_stance_prone2crouch_lt_plr_gravel
soundalias,#fly_step_crouch_run_lt_npc_fruit
soundalias,#hash_19aa5e49eb566701
soundalias,#fly_lstep_run_npc_foliage
soundalias,#hash_19ae002045387c47
soundalias,#hash_19b37c3454f86a4a
soundalias,#wpn_grenade_bounce_grass
soundalias,#fly_land_fast_npc_lt_glasscar
soundalias,#hash_19b7564e62a8f633
soundalias,#zmb_electrocute_zombie
soundalias,#wpn_smg_folding_ads_killcam_plr
soundalias,#fly_land_fast_plr_lt_metalcatwalk
soundalias,#fly_start_wall_lt_plr_concrete
soundalias,#fly_land_imp_rapid_heavy_gravel
soundalias,#fly_qstep_crouch_run_lt_plr_mud
soundalias,#fly_gear_walk_lt_npc
soundalias,#prj_brass_impact_shell_cushion
soundalias,#prj_brass_impact_shell_ceramic
soundalias,#fly_lstep_prone_lt_npc_wood
soundalias,#fly_qstep_run_npc_metalhollow
soundalias,#zmb_step_catalyst_plasma_run_default
soundalias,#wpn_grenade_explode_gravel
soundalias,#fly_land_plr_lt_rock
soundalias,#wpn_smg_fastburst_killcam_lfe_npc
soundalias,#wpn_assault_npc_pap_decay
soundalias,#hash_19f72f0ea40cc1b9
soundalias,#wpn_smg_handling_sup_lfe_npc
soundalias,#prj_crossbow_impact_fruit
soundalias,#fly_step_crouch_run_heavy_metalcatwalk
soundalias,#wpn_ar_stealth_rapid_fire_killcam_plr
soundalias,#fly_qstep_sprint_lt_npc_dirt
soundalias,#hash_1a02d7b54019ea31
soundalias,#hash_1a08cdb60dbc8afc
soundalias,#zmb_step_standard_run_wood
soundalias,#fly_slide_npc_grass
soundalias,#prj_brass_impact_gren_case_plastic
soundalias,#fly_lboot_land_soft_lt_npc
soundalias,#fly_lstep_crouch_run_npc_ceramic
soundalias,#fly_snipe_fast_first_raise_npc
soundalias,#hash_1a18abc53bc9c89a
soundalias,#fly_land_slow_plr_lt_glass
soundalias,#fly_shotgun_semi_strobe_off_npc
soundalias,#prj_brass_impact_gren_case_plaster
soundalias,#fly_smg_mini_mag_in
soundalias,#wpn_smg_standard_silencer_ads_plr
soundalias,#fly_qboot_soft_run_npc
soundalias,#fly_step_walk_lt_plr_paper
soundalias,#fly_shotgun_argus_wheel_npc
soundalias,#wpn_ar_stealth_fire_pap_npc
soundalias,#fly_lstep_prone_npc_rubber
soundalias,#fly_midburst_grip_raise
soundalias,#hash_1a35a5f5779bd90e
soundalias,#fly_snipe_powerbolt_mag_in_npc
soundalias,#fly_step_crouch_run_plr_bark
soundalias,#prj_bolt_impact_plastic
soundalias,#fly_step_prone_lt_plr_tallgrass
soundalias,#chr_finish_gen
soundalias,#wpn_smg_handling_rh_act_npc
soundalias,#prj_bolt_impact_plaster
soundalias,#fly_qstep_walk_npc_carpet
soundalias,#hash_1a55007d065f5fa1
soundalias,#fly_qstep_run_lt_npc_cloth
soundalias,#wpn_smg_versatile_rapid_ads_npc
soundalias,#fly_mann_limb_bounce_water
soundalias,#fly_qstep_crouch_run_lt_npc_concrete
soundalias,#wpn_tr_longburst_killcam_fire_plr
soundalias,#fly_qboot_soft_sprint_npc
soundalias,#fly_boot_land_rapid_plr
soundalias,#fly_step_run_plr_gravel
soundalias,#chr_swimming_ow_stroke_left_npc
soundalias,#hash_1a6d93fcd4338b36
soundalias,#wpn_sniper_powerbolt_fire_plr
soundalias,#fly_qstep_prone_lt_plr_dirt
soundalias,#exp_rocket_wasp_blend
soundalias,#wpn_pistol_burst_sup_act_killcam_plr
soundalias,#hash_1a803e11d51a60ac
soundalias,#hash_1a81456bb009dd87
soundalias,#fly_step_run_plr_bark
soundalias,#chr_tinitus_loop_silent
soundalias,#wpn_tr_flechette_fire_npc
soundalias,#wpn_betty_explode_flux_l
soundalias,#wpn_betty_explode_flux_r
soundalias,#wpn_smg_capacity_uber_rapid_fire_plr
soundalias,#fly_step_crouch_run_lt_npc_glass
soundalias,#wpn_smg_fastburst_rf_killcam_lfe_plr
soundalias,#fly_qstep_walk_heavy_metalcatwalk
soundalias,#hash_1a8f28dfeb00862b
soundalias,#fly_qstep_sprint_lt_plr_metalcar
soundalias,#fly_step_sprint_heavy_ceramic
soundalias,#zmb_step_standard_run_plaster
soundalias,#hash_1a9304cb8fdafdf7
soundalias,#prj_bulletspray_impact_cloth
soundalias,#wpn_powersemi_fire_plr
soundalias,#fly_qstep_run_heavy_watershallow
soundalias,#fly_bump_wirefence
soundalias,#wpn_tr_midburst_fire_pap_plr
soundalias,#zmb_step_standard_run_plastic
soundalias,#fly_qstep_prone_npc_asphalt
soundalias,#amb_rattle_car_alarm
soundalias,#wpn_ar_doublebarrel_sup_fire_ads_plr
soundalias,#hash_1aa446a2e73fb407
soundalias,#fly_boot_land_medium_lt_plr
soundalias,#wpn_ar_standard_fire_killcam_npc
soundalias,#wpn_smg_versatile_silencer_lfe_killcam_plr
soundalias,#zmb_step_crouch_run_npc_asphalt
soundalias,#prj_hatchet_impact_foliage
soundalias,#fly_qstep_crouch_run_plr_cloth
soundalias,#wpn_ar_peacekeeper_rf_fire_pap_npc
soundalias,#wpn_lmg_spray_fire_npc
soundalias,#fly_qstep_prone_heavy_paintedmetal
soundalias,#fly_melee_imp_arm_blade_npc
soundalias,#wpn_grenade_explode_foliage
soundalias,#hash_1abfac1fc37cc0af
soundalias,#hash_1ac0f57f9ded1d42
soundalias,#fly_step_walk_heavy_default
soundalias,#hash_1ac701bdb402d0c9
soundalias,#wpn_shotgun_precision_npc_lfe
soundalias,#fly_land_npc_metalthin
soundalias,#hash_1acf35480bdff5c7
soundalias,#fly_stance_prone2crouch_plr
soundalias,#fly_start_wall_lt_plr_asphalt
soundalias,#wpn_sniper_powerbolt_flux_npc_r
soundalias,#wpn_sniper_powerbolt_flux_npc_l
soundalias,#fly_qland_lt_npc_snow
soundalias,#fly_gear_run_start_npc
soundalias,#fly_qstep_sprint_lt_plr_bodyarmor
soundalias,#hash_1ae2b9e82519851b
soundalias,#fly_melee_imp_knife_metalcar
soundalias,#prj_brass_impact_plr_gren_case_ice
soundalias,#fly_land_imp_med_plr_snow
soundalias,#fly_land_heavy_brick
soundalias,#fly_step_prone_heavy_brick
soundalias,#wpn_lmg_spray_act_killcam_plr
soundalias,#fly_step_crouch_run_lt_plr_paper
soundalias,#fly_melee_imp_riot
soundalias,#fly_step_crouch_walk_plr_dirt
soundalias,#fly_qstep_run_heavy_brick_swt
soundalias,#fly_land_slow_npc_heavy_metalcatwalk
soundalias,#fly_step_walk_lt_npc_paintedmetal
soundalias,#fly_qstep_walk_plr_default
soundalias,#fly_qstep_crouch_run_lt_npc_metalthin
soundalias,#fly_lstep_walk_npc_default
soundalias,#fly_lstep_run_lt_npc_flesh
soundalias,#zmb_step_standard_run_metalhollow
soundalias,#fly_bump_wood
soundalias,#fly_qstep_sprint_lt_plr_ice
soundalias,#fly_step_prone_plr_tallgrass
soundalias,#fly_land_plr_rubber_sec
soundalias,#hash_1b38f290b90e668c
soundalias,#fly_end_wall_lt_plr_wood
soundalias,#hash_1b3bbc7e4e043492
soundalias,#zmb_bgb_idleeyes_start
soundalias,#zmb_step_blight_walk_tallgrass
soundalias,#wpn_tr_damageburst_sup_fire_pap_npc
soundalias,#fly_qstep_crouch_run_lt_npc_watershallow
soundalias,#fly_step_crouch_walk_lt_plr_paper
soundalias,#hash_1b58003f901a8bbe
soundalias,#fly_slide_lt_plr_flesh
soundalias,#fly_step_crouch_run_heavy_metalhollow
soundalias,#prj_brass_impact_wraith_sand
soundalias,#wpn_tr_damageburst_plr_decay
soundalias,#fly_sniper_shell_in_plr
soundalias,#hash_1b7696dac1ae23e0
soundalias,#fly_step_crouch_walk_lt_plr_brick
soundalias,#wpn_generic_wpn_bounce_plaster
soundalias,#wpn_smg_folding_lfe_killcam_npc
soundalias,#fly_land_lt_plr_wood
soundalias,#fly_lstep_walk_lt_npc_fruit
soundalias,#hash_1b87a97da17f27f1
soundalias,#fly_qstep_crouch_run_heavy_glasscar
soundalias,#zmb_step_standard_sprint
soundalias,#wpn_smg_handling_rh_lfe_npc
soundalias,#wpn_tr_powersemi_act_npc
soundalias,#fly_qstep_prone_lt_npc_fruit
soundalias,#wpn_generic_wpn_bounce_plastic
soundalias,#fly_land_npc_flesh
soundalias,#fly_step_prone_npc_default
soundalias,#fly_slide_lt_npc_plaster
soundalias,#fly_qstep_run_heavy_glasscar
soundalias,#wpn_tr_midburst_killcam_act_npc
soundalias,#wpn_melee_rifle_whoosh_plr
soundalias,#wpn_grenade_bounce_ceramic
soundalias,#fly_slide_lt_npc_plastic
soundalias,#fly_acnt_run_npc
soundalias,#wpn_tr_longburst_upg_fire_pap_plr
soundalias,#wpn_smg_fastburst_rf_fire_dist_npc
soundalias,#fly_land_plr_wood
soundalias,#hash_1bd3def3d7cc0c71
soundalias,#fly_lstep_crouch_walk_lt_npc_wood
soundalias,#fly_stance_stand2crouch_npc
soundalias,#fly_lstep_prone_lt_npc_flesh
soundalias,#fly_stance_prone2crouch_lt_plr_ice
soundalias,#hash_1be8e60f8cb2c819
soundalias,#hash_1bea438e713034a1
soundalias,#zmb_vocals_catalyst_plasma_ambient
soundalias,#fly_land_fast_npc_heavy_grass
soundalias,#hash_1bed6ae03e92a9c6
soundalias,#fly_land_plr_rubber
soundalias,#wpn_ar_an94_fire_act_plr
soundalias,#fly_step_crouch_walk_lt_plr_glasscar
soundalias,#chr_swimming_ow_stroke_npc
soundalias,#fly_qstep_sprint_heavy_brick
soundalias,#hash_1c026479dd44dec2
soundalias,#fly_shotgun_pump_pull_npc
soundalias,#fly_step_crouch_run_plr_carpet
soundalias,#fly_step_walk_npc_carpet
soundalias,#fly_lstep_crouch_run_lt_npc_cushion
soundalias,#wpn_ar_galil_sup_lfe_killcam_plr
soundalias,#fly_step_crouch_walk_plr_cushion
soundalias,#fly_land_plr_bodyarmor
soundalias,#zmb_vocals_catalyst_electric_pain
soundalias,#fly_melee_imp_glass
soundalias,#wpn_grenade_bounce_concrete
soundalias,#wpn_ar_modular_sup_ads_killcam_npc
soundalias,#wpn_smoke_bounce_plaster
soundalias,#wpn_concussion_bounce_cloth
soundalias,#fly_qstep_prone_lt_plr_watershallow
soundalias,#fly_qstep_sprint_heavy_rock
soundalias,#zmb_bgb_alchemical_ammoget
soundalias,#fly_qstep_prone_heavy_wood
soundalias,#wpn_smoke_bounce_plastic
soundalias,#fly_land_npc_metalhollow
soundalias,#fly_land_slow_npc_heavy_gravel
soundalias,#fly_slide_lt_npc_mud
soundalias,#wpn_quickscope_dryfire_plr
soundalias,#fly_land_npc_watershallow
soundalias,#fly_step_wall_lt_plr_sand
soundalias,#fly_stance_prone2crouch_lt_plr_flesh
soundalias,#hash_1c48ae76edf4eb95
soundalias,#wpn_lmg_stealth_uber_sup_lfe_plr
soundalias,#fly_lstep_walk_lt_npc_rock
soundalias,#pfx_fire_fall_follow
soundalias,#wpn_smg_handling_rh_fire_plr
soundalias,#fly_jump_takeoff_cloth_lt_plr
soundalias,#fly_step_run_lt_npc_default
soundalias,#fly_land_plr_asphalt
soundalias,#fly_step_sprint_npc_rubber
soundalias,#wpn_lmg_stealth_sup_lfe_npc
soundalias,#fly_lstep_sprint_npc_flesh
soundalias,#fly_step_walk_npc_paintedmetal
soundalias,#fly_slide_heavy_ceramic
soundalias,#fly_step_sprint_lt_npc_metalcar
soundalias,#fly_land_imp_fast_heavy_default
soundalias,#hash_1c80e697e3448ace
soundalias,#fly_qstep_walk_lt_plr_gravel
soundalias,#hash_1c87e7a9ae70d4d8
soundalias,#fly_mann_limb_bounce_metal
soundalias,#fly_melee_lunge_player_sword_swt
soundalias,#fly_qstep_crouch_walk_npc_default
soundalias,#fly_land_slow_plr_heavy_sand
soundalias,#fly_land_imp_med_lt_plr_grass
soundalias,#wpn_ar_accurate_ads_killcam_plr
soundalias,#wpn_smg_capacity_uber_rapid_fire_killcam_plr
soundalias,#prj_bullet_impact_asphalt
soundalias,#wpn_ar_an94_sup_lfe_killcam_plr
soundalias,#fly_qweight_sprint_lt_npc
soundalias,#hash_1c9fb3f782c4ce81
soundalias,#fly_land_fast_plr_heavy_paintedmetal
soundalias,#fly_qstep_crouch_walk_heavy_glassbulletproof
soundalias,#wpn_grenade_launch_bounce_sand
soundalias,#prj_hatchet_impact_metal_car
soundalias,#wpn_tr_midburst_killcam_fire_npc
soundalias,#fly_qstep_prone_npc_mud
soundalias,#wpn_mini14_uber_fire_killcam_npc
soundalias,#zmb_aat_kilowatt_stunned_lp
soundalias,#fly_step_sprint_plr_plastic
soundalias,#wpn_smoke_hiss_start
soundalias,#fly_step_prone_lt_npc_mud
soundalias,#wpn_assault_plr_decay
soundalias,#fly_land_fast_plr_lt_cloth
soundalias,#fly_step_crouch_run_lt_plr_glassbulletproof
soundalias,#hash_1ccb0081812e6fe5
soundalias,#fly_qstep_run_plr_metal
soundalias,#wpn_smg_drum_fire_plr
soundalias,#hash_1cd3d98944f124d3
soundalias,#wpn_pistol_standard_auto_ads_plr
soundalias,#fly_lmg_double_drum_out_npc
soundalias,#fly_step_sprint_plr_plaster
soundalias,#fly_leap_gear_takeoff_lt_plr
soundalias,#pfx_fire_fall
soundalias,#fly_qstep_crouch_run_npc_sand
soundalias,#hash_1ce7bd1eff62fe6a
soundalias,#fly_slide_npc_dirt
soundalias,#fly_qland_lt_npc_dirt
soundalias,#hash_1ceae9d30242d833
soundalias,#wpn_ar_peacekeeper_rf_sup_ads_killcam_npc
soundalias,#fly_qstep_run_npc_rubber
soundalias,#fly_step_walk_heavy_wood
soundalias,#bik_ct_skirmishoutro_ajax
soundalias,#wpn_smg_capacity_uber_lfe_npc
soundalias,#pfx_steam_hiss
soundalias,#fly_qstep_walk_lt_plr_snow
soundalias,#fly_lmg_double_drum_out
soundalias,#hash_1cff10a33e27d06c
soundalias,#fly_qland_lt_npc_rubber
soundalias,#mpl_battleshield_first_raise
soundalias,#fly_end_wall_lt_plr_damage
soundalias,#wpn_pistol_auto_silencer_npc_decay
soundalias,#fly_step_crouch_run_npc_concrete
soundalias,#hash_1d0fa7d0b164ff2d
soundalias,#wpn_grenade_bounce_bark
soundalias,#wpn_powersemi_dryfire_plr
soundalias,#fly_slide_lt_npc_concrete
soundalias,#hash_1d21db4c10c445df
soundalias,#wpn_pistol_revolver_npc_lfe
soundalias,#fly_step_prone_plr_concrete
soundalias,#zmb_step_standard_run_metalthin
soundalias,#zmb_spawn_walla
soundalias,#fly_lstep_run_npc_metal
soundalias,#fly_land_slow_npc_heavy_metalhollow
soundalias,#fly_jump_takeoff_cloth_heavy
soundalias,#fly_lstep_prone_npc_plastic
soundalias,#fly_lstep_sprint_lt_npc_ice
soundalias,#fly_takeoff_lt_plr_ice
soundalias,#wpn_tr_damageburst_sup_killcam_fire_npc
soundalias,#fly_slide_lt_plr_brick
soundalias,#fly_step_walk_npc_gravel
soundalias,#fly_land_fast_plr_lt_rubber
soundalias,#fly_qstep_sprint_lt_npc_foliage
soundalias,#zmb_attack_underwater_whoosh
soundalias,#fly_lstep_prone_npc_plaster
soundalias,#fly_leap_sprint_lt_plr_dirt
soundalias,#prj_brass_impact_wraith_watershallow
soundalias,#wpn_pistol_pap_plr_decay
soundalias,#fly_land_slow_npc_heavy_mud
soundalias,#hash_1d4e04cfd248494b
soundalias,#wpn_grenade_explode_ice
soundalias,#hash_1d4f8bfa59d7b20d
soundalias,#wpn_tr_longburst_suppressed_fire_plr
soundalias,#fly_melee_lunge_victim_sword
soundalias,#fly_lstep_run_lt_npc_foliage
soundalias,#hash_1d5b549664e71a5e
soundalias,#fly_land_lt_plr_rock_sec
soundalias,#zmb_step_blight_run_metalthin
soundalias,#vox_powerup_doublepoints_ward_0
soundalias,#wpn_grenade_launch_bounce_paper
soundalias,#fly_qstep_prone_lt_npc_flesh
soundalias,#hash_1d778df0a6f0fa4a
soundalias,#wpn_ar_fastfire_upg_lfe_killcam_plr
soundalias,#hash_1d7f1c64b55f333d
soundalias,#hash_1d85120cb9570544
soundalias,#fly_land_plr_lt_fruit
soundalias,#hash_1d8c2364b569c97e
soundalias,#hash_1d92771191bc47aa
soundalias,#fly_lstep_prone_lt_npc_concrete
soundalias,#fly_ar_accurate_bolt_release
soundalias,#hash_1d95f73ddc71d2aa
soundalias,#fly_step_prone_plr_ceramic
soundalias,#amb_rattle_vending
soundalias,#wpn_smg_standard_rapid_fire_killcam_plr
soundalias,#wpn_rocket_explode_plr
soundalias,#zmb_step_standard_run_brick
soundalias,#wpn_smg_fastburst_rf_ads_npc
soundalias,#zmb_ai_bfather_step_swt
soundalias,#fly_land_imp_fast_heavy_wood
soundalias,#fly_land_imp_rapid_plr_glasscar
soundalias,#wpn_flashbang_button_npc_3
soundalias,#wpn_flashbang_button_npc_2
soundalias,#fly_qstep_crouch_walk_npc_gravel
soundalias,#fly_lstep_crouch_run_lt_npc_paper
soundalias,#zmb_step_standard_sprint_fruit
soundalias,#hash_1dcc31591c2fdd97
soundalias,#wpn_lmg_double_lfe_npc
soundalias,#hash_1dd133e224ce9db0
soundalias,#wpn_ar_peacekeeper_lfe_killcam_plr
soundalias,#fly_stance_prone2crouch_lt_plr_paper
soundalias,#hash_1de51e5d8dde28d5
soundalias,#wpn_smg_handling_lh_fire_killcam_npc
soundalias,#vox_powerup_max_ammo_ward_0
soundalias,#fly_stance_prone2crouch_lt_plr_water
soundalias,#wpn_ar_doublebarrel_fire_act_plr
soundalias,#fly_step_gondola_exit
soundalias,#fly_qstep_sprint_lt_plr_grass
soundalias,#fly_qstep_crouch_run_lt_plr_default
soundalias,#fly_step_crouch_walk_plr_mud
soundalias,#wpn_smg_drum_lfe_plr
soundalias,#fly_step_sprint_heavy_brick
soundalias,#hash_1e09ffaefee74883
soundalias,#wpn_concussion_bounce_flesh
soundalias,#prj_brass_impact_plr_gren_case_asphalt
soundalias,#fly_ar_damage_tap
soundalias,#fly_stance_prone2crouch_lt_plr_wood
soundalias,#fly_lstep_run_npc_wood
soundalias,#wpn_ar_stealth_rapid_act_killcam_npc
soundalias,#hash_1e1dd7b0b33366ee
soundalias,#zmb_blocker_powerdoor_purchase_swt
soundalias,#wpn_ar_fastfire_fire_plr
soundalias,#fly_impact_land_medium_plr
soundalias,#hash_1e2f98e2ae984089
soundalias,#zmb_vocals_zombie_taunt
soundalias,#fly_land_imp_fast_lt_plr_water
soundalias,#zmb_step_standard_sprint_bark
soundalias,#fly_land_imp_fast_heavy_dirt
soundalias,#prj_bulletspray_impact_crate
soundalias,#fly_step_walk_plr_watershallow
soundalias,#fly_step_tarp_npc
soundalias,#fly_snipe_powerbolt_mag_out
soundalias,#hash_1e45ed83f46d65e8
soundalias,#wpn_smg_handling_sup_ads_plr
soundalias,#fly_qstep_prone_lt_npc_glass
soundalias,#hash_1e52e78581ed8ae6
soundalias,#fly_shotgun_argus_lever_close_npc
soundalias,#fly_lmg_double_pull_npc
soundalias,#mpl_ultimate_turret_lockon_enemy
soundalias,#prj_bullet_impact_paintedmetal
soundalias,#fly_qstep_walk_npc_metalcatwalk
soundalias,#wpn_ar_modular_ads_npc
soundalias,#fly_lstep_prone_npc_mud
soundalias,#fly_step_crouch_run_lt_npc_foliage
soundalias,#fly_qstep_sprint_plr_asphalt
soundalias,#wpn_lmg_heavy_uber_lfe_plr
soundalias,#fly_ar_fastfire_mag_in
soundalias,#wpn_smg_vtile_rapid_sup_ads_killcam_npc
soundalias,#fly_lstep_sprint_lt_npc_ceramic
soundalias,#hash_1e69c4f5d92635a3
soundalias,#fly_pistol_standard_hammer
soundalias,#pfx_spark_orange_loop
soundalias,#fly_generic_first_raise_plr
soundalias,#fly_land_lt_plr_default_sec
soundalias,#fly_lstep_run_npc_sand
soundalias,#wpn_ar_fastfire_uber_act_npc
soundalias,#wpn_tr_midburst_sup_killcam_ads_plr
soundalias,#wpn_ar_fastfire_ads_killcam_npc
soundalias,#zmb_step_blight_run_metalhollow
soundalias,#prj_hatchet_impact_snow
soundalias,#bik_zm_mansion_load_lsrs
soundalias,#hash_1e9c8e5515df0054
soundalias,#chr_ignite
soundalias,#wpn_pistol_pap_npc_decay
soundalias,#fly_land_fast_npc_lt_default
soundalias,#fly_stance_prone2crouch_lt_plr_dirt
soundalias,#wpn_smg_drum_act_plr
soundalias,#fly_step_crouch_run_plr_gravel
soundalias,#hash_1eafdf46ffbf2308
soundalias,#wpn_smg_standard_rapid_ads_killcam_npc
soundalias,#hash_1ebed3dc9530047c
soundalias,#fly_step_tarp
soundalias,#prj_bullet_debris_water
soundalias,#fly_step_crouch_run_plr_ice
soundalias,#wpn_ar_peacekeeper_sup_fire_act_plr
soundalias,#hash_1ecd2ac66453549d
soundalias,#fly_step_walk_plr_metalcatwalk
soundalias,#wpn_lmg_stealth_sup_act_plr
soundalias,#hash_1edcaf646f2a3cb0
soundalias,#fly_step_wall_lt_plr_brick
soundalias,#fly_cloth_land_medium_plr
soundalias,#hash_1ee1bf0efc8e2739
soundalias,#wpn_smg_versatile_act_plr
soundalias,#fly_takeoff_npc_bodyarmor
soundalias,#prj_bullet_impact_player
soundalias,#fly_step_sprint_lt_npc_gravel
soundalias,#fly_melee_imp_battleshield_npc_plastic
soundalias,#fly_step_walk_heavy_snow
soundalias,#wpn_lmg_stealth_sup_lfe_killcam_npc
soundalias,#wpn_tr_midburst_fire_pap_npc
soundalias,#fly_qstep_crouch_walk_plr_bodyarmor
soundalias,#hash_1ef92197fd662c52
soundalias,#hash_1efb13c58018efc1
soundalias,#hash_1efd744485d4d3c6
soundalias,#wpn_smg_accurate_sup_act_killcam_plr
soundalias,#fly_land_fast_npc_lt_metalhollow
soundalias,#fly_step_run_plr_dirt
soundalias,#fly_smg_mp40_mag_out
soundalias,#hash_1f0bb27e1278b979
soundalias,#fly_pistol_auto_mag_out
soundalias,#wpn_grenade_explode_wood_heavy
soundalias,#zmb_step_crouch_run_npc_water
soundalias,#fly_qstep_sprint_plr_grass
soundalias,#fly_qstep_crouch_walk_heavy_ceramic
soundalias,#fly_step_sprint_lt_plr_ice
soundalias,#wpn_pistol_fullauto_fire_npc
soundalias,#wpn_generic_wpn_bounce_grass
soundalias,#fly_qstep_sprint_heavy_brick_swt
soundalias,#wpn_sfb_silencer_fire_act_npc
soundalias,#fly_step_sprint_plr_cushion
soundalias,#fly_gear_sprint_plr
soundalias,#prj_bullet_impact_foliage
soundalias,#hash_1f2ffba7c651e8e7
soundalias,#fly_step_crouch_run_lt_npc_metalthin
soundalias,#wpn_lmg_double_ads_killcam_plr
soundalias,#hash_1f34764952394247
soundalias,#vox_rush_jolting_jacks_rush_0
soundalias,#hash_1f38c8a221171909
soundalias,#prj_bolt_impact_canvas
soundalias,#wpn_tr_longburst_suppressed_ads_npc
soundalias,#fly_takeoff_lt_plr_glasscar
soundalias,#wpn_smg_minigun_fire_loop_plr
soundalias,#fly_combat_knife_first_raise
soundalias,#fly_land_plr_lt_ice
soundalias,#fly_qland_npc_glasscar
soundalias,#fly_step_sprint_plr_glasscar
soundalias,#fly_gear_run_start_plr
soundalias,#wpn_ar_galil_sup_fire_killcam_npc
soundalias,#hash_1f5661ca267c4111
soundalias,#pfx_spark_shower_lng_far
soundalias,#wpn_ar_fastfire_upg_lfe_npc
soundalias,#wpn_ar_galil_fire_act_plr
soundalias,#fly_bump_car_int
soundalias,#fly_takeoff_lt_npc_water
soundalias,#hash_1f67b09146238a0b
soundalias,#wpn_ar_int_augment_loop
soundalias,#zmb_step_standard_sprint_ceramic
soundalias,#wpn_pistol_standard_auto_lfe_plr
soundalias,#fly_mann_limb_bounce_ice
soundalias,#fly_step_crouch_walk_lt_plr_metalthin
soundalias,#fly_qstep_run_heavy_grass
soundalias,#fly_step_run_plr_watershallow
soundalias,#fly_boot_soft_heavy
soundalias,#prj_bolt_impact_metal_thin
soundalias,#fly_qstep_walk_npc_paper
soundalias,#hash_1f8030bfb7140abd
soundalias,#prj_brass_impact_small_concrete
soundalias,#wpn_pistol_silencer_plr_decay
soundalias,#wpn_ar_peacekeeper_rf_fire_ads_plr
soundalias,#fly_tesla_sniper_bolt
soundalias,#hash_1f95962f613f3e49
soundalias,#fly_qstep_run_lt_plr_rubber
soundalias,#zmb_step_standard_run_paintedmetal
soundalias,#fly_qstep_crouch_run_lt_plr_water
soundalias,#wpn_lmg_flux_l_npc_pap
soundalias,#wpn_smg_fire_distant
soundalias,#hash_1fa4be2474b0c451
soundalias,#fly_step_walk_heavy_cushion
soundalias,#wpn_ar_fastfire_upg_fire_killcam_npc
soundalias,#fly_cloth_land_medium_heavy
soundalias,#prj_brass_impact_gren_case_gravel
soundalias,#fly_smg_mp40_bolt_release
soundalias,#wpn_smg_handling_rh_ads_killcam_plr
soundalias,#fly_land_imp_med_plr_asphalt
soundalias,#fly_smg_standard_bolt_forward_npc
soundalias,#fly_qstep_prone_npc_rock
soundalias,#wpn_smg_versatile_act_npc
soundalias,#fly_lstep_prone_npc_sand
soundalias,#fly_land_plr_lt_metalcar
soundalias,#hash_1fd4db1cc8f30bc7
soundalias,#hash_1fd6cfadba9a1794
soundalias,#wpn_tr_flechette_sup_fire_pap_npc
soundalias,#fly_land_imp_rapid_heavy_dirt
soundalias,#wpn_tr_longburst_killcam_fire_npc
soundalias,#prj_brass_impact_sniper_dirt
soundalias,#fly_step_walk_heavy_sand
soundalias,#fly_slide_npc_default
soundalias,#vox_event_dogstart_avoa_0
soundalias,#hash_1ff2252786f4be49
soundalias,#wpn_ar_stealth_fire_killcam_npc
soundalias,#fly_land_plr_tallgrass
soundalias,#zmb_bgb_idleeyes_loop
soundalias,#wpn_smg_thompson_ads_killcam_plr
soundalias,#wpn_generic_wpn_bounce_metal
soundalias,#zmb_crafting_start
soundalias,#fly_flechette_bolt_forward_npc
soundalias,#fly_qstep_sprint_lt_npc_mud
soundalias,#fly_qstep_crouch_walk_plr_ceramic
soundalias,#prj_hatchet_impact_player
soundalias,#fly_step_prone_lt_plr_flesh
soundalias,#fly_leap_sprint_lt_plr_metalcar
soundalias,#prj_crossbow_impact_foliage
soundalias,#fly_lstep_crouch_walk_lt_npc_paintedmetal
soundalias,#hash_202adf43e18a0ce1
soundalias,#fly_land_imp_med_heavy_fruit
soundalias,#amb_rattle_bottles
soundalias,#fly_step_wood_board_exit
soundalias,#hash_20390beb643a7a7b
soundalias,#wpn_ar_accurate_act_plr
soundalias,#fly_qstep_prone_heavy_cushion
soundalias,#hash_203def3afc50886e
soundalias,#fly_step_run_npc_metalhollow
soundalias,#wpn_smg_fastburst_killcam_fire_npc
soundalias,#wpn_tr_longburst_upg_act_npc
soundalias,#fly_lstep_crouch_walk_lt_npc_watershallow
soundalias,#exp_emp_rocket_blend
soundalias,#fly_land_slow_npc_heavy_bodyarmor
soundalias,#hash_204f467a54fd0163
soundalias,#fly_land_slow_plr_heavy_tallgrass
soundalias,#fly_snipe_locus_mag_out_npc
soundalias,#prj_bullet_impact_headshot_player
soundalias,#wpn_ar_an94_fire_sup_pap_npc
soundalias,#wpn_lmg_double_lfe_killcam_npc
soundalias,#prj_brass_impact_gren_case_grass
soundalias,#fly_melee_lungealt_player_sword_gore
soundalias,#fly_qland_npc_tallgrass
soundalias,#hash_20650472ef21a01f
soundalias,#fly_leap_sprint_lt_plr_metalhollow
soundalias,#wpn_grenade_throw_servo
soundalias,#fly_qstep_prone_plr_metalcatwalk
soundalias,#fly_step_walk_npc_sand
soundalias,#zmb_armor_receive
soundalias,#prj_brass_impact_sniper_carpet
soundalias,#fly_qboot_sprint_lt_plr
soundalias,#wpn_smg_accurate_ads_killcam_plr
soundalias,#hash_208e293410d2c937
soundalias,#fly_land_slow_npc_heavy_bark
soundalias,#wpn_tr_longburst_uber_killcam_lfe_npc
soundalias,#hash_20920c5cec43b538
soundalias,#fly_step_run_lt_npc_paper
soundalias,#fly_land_imp_fast_plr_brick
soundalias,#fly_land_slow_plr_lt_cloth
soundalias,#fly_land_plr_lt_cloth
soundalias,#hash_20a4c06dd3e98c50
soundalias,#wpn_smg_fastburst_rf_killcam_act_npc
soundalias,#hash_20ab579f72197a42
soundalias,#hash_20b03d00cf71cd6f
soundalias,#pfx_spark_shower_shrt
soundalias,#wpn_smg_handling_act_npc
soundalias,#fly_land_imp_med_plr_flesh
soundalias,#hash_20bcf9879383ba9d
soundalias,#wpn_smg_capacity_uber_rapid_act_npc
soundalias,#fly_land_plr_lt_cushion
soundalias,#fly_lstep_walk_lt_npc_flesh
soundalias,#fly_qstep_crouch_walk_plr_paintedmetal
soundalias,#bik_ct_skirmishdomination_loadingmovie
soundalias,#wpn_shotgun_precision_sup_fire_act_plr
soundalias,#fly_land_fast_plr_lt_carpet
soundalias,#fly_qstep_crouch_run_heavy_glassbulletproof
soundalias,#hash_20d3ba58aed1899b
soundalias,#fly_land_imp_fast_lt_plr_snow
soundalias,#hash_20da8559b643f07e
soundalias,#zmb_step_blight_walk_wood
soundalias,#zmb_step_standard_walk_grass
soundalias,#fly_qstep_crouch_run_heavy_wood
soundalias,#wpn_ar_stealth_rapid_ads_npc
soundalias,#prj_hatchet_impact_cushion
soundalias,#wpn_smg_fastburst_sup_lfe_npc
soundalias,#hash_20e959b94b4ec75c
soundalias,#fly_qstep_crouch_walk_heavy_brick
soundalias,#fly_qstep_walk_plr_wood
soundalias,#fly_step_stair_metal_exit
soundalias,#hash_20f0a48eae0f8e33
soundalias,#fly_smg_folding_bolt_back_npc
soundalias,#phy_plastic_bucket_bounce
soundalias,#fly_lstep_walk_lt_npc_carpet
soundalias,#fly_melee_lunge_knife_bot
soundalias,#fly_qstep_sprint_lt_npc_asphalt
soundalias,#fly_melee_swipealt_player_knife
soundalias,#fly_takeoff_heavy_ice
soundalias,#fly_step_crouch_walk_lt_npc_snow
soundalias,#hash_21082a47937f87d6
soundalias,#fly_land_imp_fast_heavy_ice
soundalias,#wpn_ar_fastfire_upg_fire_npc
soundalias,#wpn_pistol_fullauto_d_sup_lfe_plr
soundalias,#fly_qstep_walk_lt_npc_dirt
soundalias,#fly_step_run_heavy_rock
soundalias,#hash_2114de8cc1923757
soundalias,#hash_2115cf4219860fd0
soundalias,#fly_step_sprint_heavy_gravel
soundalias,#fly_step_crouch_walk_plr_bark
soundalias,#wpn_ar_peacekeeper_fire_killcam_plr
soundalias,#fly_qland_npc_grass
soundalias,#fly_land_fast_plr_heavy_rubber
soundalias,#hash_2132d956f0566d39
soundalias,#chr_heart_beat_duck
soundalias,#fly_lstep_run_lt_npc_default
soundalias,#zmb_board_slam_lfe
soundalias,#prj_brass_impact_plr_gren_case_sand
soundalias,#fly_smg_accurate_bolt_back
soundalias,#fly_land_imp_med_heavy_default
soundalias,#fly_qstep_crouch_run_lt_plr_foliage
soundalias,#fly_land_slow_npc_lt_metalthin
soundalias,#fly_qstep_crouch_run_npc_fruit
soundalias,#hash_214bc183869aa465
soundalias,#fly_land_imp_rapid_plr_dirt
soundalias,#fly_lstep_run_npc_cushion
soundalias,#wpn_lmg_stealth_ads_killcam_plr
soundalias,#wpn_tr_damageburst_killcam_act_npc
soundalias,#fly_qstep_prone_lt_npc_carpet
soundalias,#wpn_ar_stealth_fire_dist_npc
soundalias,#zmb_vocals_bfather_attack_melee
soundalias,#fly_qland_lt_npc_bark
soundalias,#wpn_hatchet_projectile_lp
soundalias,#fly_step_crouch_run_lt_npc_dirt
soundalias,#fly_land_imp_med_plr_glasscar
soundalias,#fly_qstep_sprint_npc_tallgrass
soundalias,#zmb_bgb_nysm_start
soundalias,#zmb_no_cha_ching
soundalias,#fly_step_gravel_oneshots_plr
soundalias,#fly_qstep_sprint_lt_plr_default
soundalias,#wpn_grenade_explode_rubber
soundalias,#wpn_smg_standard_rapid_fire_killcam_npc
soundalias,#phy_impact_hard_hard
soundalias,#fly_step_null
soundalias,#wpn_assault_silencer_plr_burst_decay
soundalias,#pfx_fountain_small
soundalias,#zmb_sq_souls_complete
soundalias,#wpn_ar_an94_ads_killcam_npc
soundalias,#zmb_step_blight_walk_foliage
soundalias,#wpn_smg_fastfire_fire_dist_npc
soundalias,#wpn_smg_handling_lfe_plr
soundalias,#fly_trav_mid_one_hand_loud_npc
soundalias,#fly_land_imp_med_lt_plr_tallgrass
soundalias,#fly_qstep_crouch_run_lt_plr_glassbroken
soundalias,#zmb_bgb_eyecandy_deactivate
soundalias,#fly_smg_standard_mag_in
soundalias,#zmb_blocker_door_purchase
soundalias,#fly_lstep_sprint_npc_brick
soundalias,#fly_takeoff_plr_ice
soundalias,#fly_step_walk_lt_plr_dirt
soundalias,#wpn_tr_damageburst_sup_ads_npc
soundalias,#fly_lstep_prone_lt_npc_glass
soundalias,#fly_slide_lt_npc_flesh
soundalias,#hash_21bfd3813003fd44
soundalias,#vox_powerup_nuke_ward_0
soundalias,#hash_21c70a14b0f625c9
soundalias,#fly_ar_accurate_mag_out
soundalias,#fly_qstep_sprint_lt_plr_concrete
soundalias,#hash_21ca1978675c2ac3
soundalias,#pfx_spark_bounce
soundalias,#fly_slide_heavy_dirt
soundalias,#prj_crossbow_impact_plastic
soundalias,#wpn_shotgun_dryfire_plr
soundalias,#wpn_ar_stealth_ads_killcam_npc
soundalias,#wpn_smg_handling_sup_rh_fire_pap_plr
soundalias,#prj_crossbow_impact_plaster
soundalias,#fly_takeoff_npc_rubber
soundalias,#prj_brass_impact_gren_case_dirt
soundalias,#hash_21e986b6da76d8da
soundalias,#prj_bolt_impact_ice_crack
soundalias,#fly_land_plr_snow_sec
soundalias,#hash_21f31078677f208c
soundalias,#fly_step_prone_heavy_ice
soundalias,#zmb_character_revived
soundalias,#fly_slide_npc_glasscar
soundalias,#fly_qstep_run_npc_grass
soundalias,#fly_qstep_crouch_walk_lt_npc_metalhollow
soundalias,#fly_land_imp_fast_lt_plr_cloth
soundalias,#fly_lstep_crouch_walk_npc_ceramic
soundalias,#fly_trench_pull
soundalias,#wpn_lmg_heavy_uber_fire_killcam_plr
soundalias,#pfx_gas_pipe_burst
soundalias,#fly_step_crouch_walk_lt_plr_gravel
soundalias,#fly_step_sprint_plr_paper
soundalias,#fly_land_slow_plr_heavy_asphalt
soundalias,#fly_lstep_crouch_walk_npc_concrete
soundalias,#fly_qstep_sprint_plr_glassbulletproof
soundalias,#wpn_lmg_spray_belt_plr
soundalias,#wpn_smg_accurate_act_npc
soundalias,#fly_qstep_prone_plr_default
soundalias,#wpn_lmg_spray_fire_killcam_npc
soundalias,#wpn_lmg_heavy_lfe_killcam_plr
soundalias,#fly_slide_lt_npc_glasscar
soundalias,#hash_2235d780d8672665
soundalias,#prj_brass_impact_wraith_glassbulletproof
soundalias,#fly_mann_limb_bounce_dirt
soundalias,#fly_step_twig_npc
soundalias,#fly_land_lt_npc_asphalt
soundalias,#hash_2244b6348425dc76
soundalias,#pfx_fire_med
soundalias,#hash_22478e79f6ed4610
soundalias,#fly_step_gravel_plr
soundalias,#mpl_turret_servo_plr
soundalias,#fly_step_crouch_run_heavy_metalcar
soundalias,#hash_22506bbd05a3ec9d
soundalias,#fly_lstep_crouch_walk_npc_foliage
soundalias,#fly_step_crouch_run_npc_dirt
soundalias,#fly_pistol_standard_slide_back_npc
soundalias,#zmb_step_standard_run_watershallow
soundalias,#fly_lstep_sprint_npc_foliage
soundalias,#vox_event_robotstart_avoa_0
soundalias,#fly_step_crouch_run_heavy_dirt
soundalias,#hash_2260124934383833
soundalias,#zmb_hit_alert_headshot_fatal
soundalias,#fly_lstep_run_lt_npc_metalhollow
soundalias,#wpn_tr_midburst_killcam_lfe_plr
soundalias,#wpn_lmg_heavy_rf_ads_plr
soundalias,#hash_22683f2751efa299
soundalias,#fly_step_run_heavy_brick
soundalias,#fly_lstep_sprint_npc_water
soundalias,#hash_2272fb0b04a5bfec
soundalias,#fly_land_fast_plr_heavy_grass
soundalias,#wpn_smg_capacity_act_killcam_npc
soundalias,#fly_pistol_revolver_shells_out
soundalias,#fly_slide_plr_asphalt
soundalias,#zmb_step_blight_run_ice
soundalias,#fly_land_slow_plr_heavy_wood
soundalias,#fly_step_crouch_run_heavy_fruit
soundalias,#hash_2283cbfbc6b9e736
soundalias,#wpn_tr_flechette_fire_pap_npc
soundalias,#vox_powerup_full_power_zmba_0
soundalias,#fly_step_crouch_run_heavy_default
soundalias,#zmb_vapor_dyingwish_lp
soundalias,#wpn_smg_handling_sup_lh_act_killcam_plr
soundalias,#fly_land_slow_npc_lt_metalhollow
soundalias,#fly_land_imp_med_lt_plr_paintedmetal
soundalias,#wpn_ar_fastfire_upg_lfe_killcam_npc
soundalias,#hash_22b175417f5ef42e
soundalias,#prj_brass_impact_wraith_mud
soundalias,#phy_impact_wood_flesh
soundalias,#fly_qstep_walk_lt_plr_glasscar
soundalias,#wpn_pistol_burst_sup_lfe_killcam_npc
soundalias,#wpn_pistol_burst_rf_lfe_npc
soundalias,#wpn_ar_peacekeeper_fire_lfe_plr
soundalias,#hash_22be949d5926be12
soundalias,#fly_qstep_crouch_walk_heavy_grass
soundalias,#hash_22c6d6583a1904f5
soundalias,#fly_qstep_crouch_run_plr_ceramic
soundalias,#hash_22cd0f70824fc0a4
soundalias,#fly_step_crouch_run_plr_asphalt
soundalias,#hash_22d42d4273c8ddf7
soundalias,#fly_land_imp_fast_plr_bodyarmor
soundalias,#hash_22d5f860f61b3303
soundalias,#fly_lstep_crouch_run_lt_npc_ice
soundalias,#hash_22db2a0d1a96d6cf
soundalias,#wpn_lmg_stealth_sup_lfe_killcam_plr
soundalias,#wpn_ar_modular_sup_fire_pap_plr
soundalias,#hash_22e57bec7daaa03d
soundalias,#fly_melee_lungealt_victim_sword_gore
soundalias,#fly_land_slow_plr_lt_water
soundalias,#hash_22ec06d14fa01a19
soundalias,#wpn_ar_peacekeeper_rf_fire_npc
soundalias,#prj_bullet_impact_armor_broken
soundalias,#hash_22f42e316df5147c
soundalias,#zmb_step_catalyst_corrosive_walk_default
soundalias,#fly_lstep_run_lt_npc_brick
soundalias,#fly_step_sprint_lt_npc_carpet
soundalias,#hash_22ff6701cf652785
soundalias,#zmb_step_blight_run_metalcar
soundalias,#fly_step_sprint_lt_npc_snow
soundalias,#zmb_crafting_pickup_generic
soundalias,#zmb_step_standard_run_cloth
soundalias,#hash_231247a2406708c7
soundalias,#wpn_pistol_int_augment_loop
soundalias,#fly_stance_prone2crouch_lt_plr_tallgrass
soundalias,#fly_takeoff_lt_npc_metalcatwalk
soundalias,#wpn_frag_pin_pull
soundalias,#wpn_ar_standard_silencer_fire_killcam_plr
soundalias,#fly_generic_down_med_plr
soundalias,#hash_2326c9dfa7e5cd06
soundalias,#fly_land_lt_npc_carpet
soundalias,#fly_takeoff_heavy_grass
soundalias,#hash_2337b105743453ef
soundalias,#fly_lacnt_walk_lt_npc
soundalias,#fly_land_lt_plr_fruit_sec
soundalias,#fly_takeoff_heavy_plaster
soundalias,#fly_qimpact_run_npc
soundalias,#wpn_smg_drum_fire_killcam_npc
soundalias,#prj_crossbow_impact_default
soundalias,#phy_impact_zombie_swt
soundalias,#fly_land_lt_npc_ice
soundalias,#fly_takeoff_heavy_plastic
soundalias,#prj_bulletspray_impact_grass
soundalias,#wpn_ar_mg1909_act_killcam_plr
soundalias,#fly_qstep_walk_heavy_foliage
soundalias,#fly_step_sprint_npc_snow
soundalias,#wpn_smg_capacity_act_npc
soundalias,#prj_bullet_impact_xtreme_piano
soundalias,#fly_step_run_npc_mud
soundalias,#fly_shotgun_argus_lever_close
soundalias,#bik_ct_skirmishhardpoint_loadingmovie
soundalias,#zmb_step_crouch_walk_npc_watershallow
soundalias,#fly_step_run_plr_grass
soundalias,#hash_237090b1b9fd775a
soundalias,#fly_mann_limb_bounce_cloth
soundalias,#fly_land_npc_brick
soundalias,#wpn_smoke_bounce_bark
soundalias,#zmb_step_standard_walk_metalcar
soundalias,#vox_event_magicbox_zmba_0
soundalias,#fly_melee_hit_human_1_npc
soundalias,#zmb_vocals_zombie_death
soundalias,#fly_qstep_walk_lt_plr_asphalt
soundalias,#fly_fall_wind_default_lp
soundalias,#fly_takeoff_heavy_foliage
soundalias,#fly_qstep_sprint_heavy_foliage
soundalias,#prj_brass_impact_wraith_metalcatwalk
soundalias,#fly_step_crouch_run_npc_watershallow
soundalias,#fly_step_crouch_walk_lt_plr_ceramic
soundalias,#hash_23a4660b87f71d78
soundalias,#fly_trav_over_sideways_left_npc
soundalias,#fly_land_fast_plr_heavy_paper
soundalias,#wpn_smg_handling_rh_fire_killcam_plr
soundalias,#wpn_tr_longburst_upg_uber_killcam_lfe_npc
soundalias,#fly_land_slow_plr_heavy_default
soundalias,#fly_uw_move_reload_deep
soundalias,#wpn_lmg_decay_bright_npc
soundalias,#wpn_smg_folding_lfe_plr
soundalias,#fly_step_prone_lt_npc_cloth
soundalias,#hash_23cd3154cfdf6e95
soundalias,#wpn_pistol_burst_act_plr
soundalias,#wpn_pistol_burst_sup_plr_decay
soundalias,#fly_lstep_crouch_walk_lt_npc_carpet
soundalias,#wpn_optic_zoom_out
soundalias,#zmb_step_standard_walk_snow
soundalias,#fly_qstep_crouch_run_lt_plr_metalhollow
soundalias,#fly_qstep_sprint_lt_npc_bodyarmor
soundalias,#fly_qstep_crouch_walk_heavy_metalcatwalk
soundalias,#wpn_shotgun_pump_fire_npc_pap
soundalias,#wpn_tr_midburst_sup_killcam_lfe_plr
soundalias,#zmb_sq_medallion_break
soundalias,#wpn_smg_fastburst_rf_fire_pap_npc
soundalias,#fly_qstep_prone_lt_plr_sand
soundalias,#hash_23eef1d7aa219a01
soundalias,#hash_23ef476e13b5f98f
soundalias,#fly_sniper_quick_inspect_npc
soundalias,#fly_lmg_spray_button
soundalias,#fly_qstep_walk_plr_flesh
soundalias,#fly_melee_lunge_victim_battleshield_hit
soundalias,#fly_qstep_crouch_walk_lt_plr_dirt
soundalias,#evt_wolf_protector_spawn
soundalias,#fly_slide_heavy_fruit
soundalias,#wpn_smg_decay_bright_npc
soundalias,#fly_step_sprint_heavy_cloth
soundalias,#fly_lstep_prone_npc_paintedmetal
soundalias,#wpn_smg_fastburst_killcam_act_plr
soundalias,#fly_land_imp_rapid_heavy_cloth
soundalias,#wpn_smg_fastburst_rf_sup_ads_npc
soundalias,#hash_241421b0e88ddef2
soundalias,#wpn_melee_fist_flourish_npc
soundalias,#fly_qstep_run_lt_plr_brick
soundalias,#wpn_concussion_shock_loop_silent
soundalias,#hash_2420045efcb97732
soundalias,#wpn_lmg_spray_sup_fire_npc
soundalias,#fly_land_lt_npc_flesh
soundalias,#fly_smg_capacity_bolt_forward
soundalias,#wpn_generic_dryfire_plr
soundalias,#hash_242ab350fffa1aba
soundalias,#prj_brass_impact_shell_metalhollow
soundalias,#wpn_tr_powersemi_act_plr
soundalias,#hash_2437a5571b3e9198
soundalias,#fly_lstep_run_lt_npc_snow
soundalias,#hash_243856edb47ca4d5
soundalias,#fly_step_prone_lt_npc_asphalt
soundalias,#zmb_ai_catalyst_spawn_plasma
soundalias,#hash_244b691b0c762704
soundalias,#fly_qstep_crouch_run_lt_npc_sand
soundalias,#hash_24545876afd31c19
soundalias,#fly_land_lt_npc_gravel
soundalias,#fly_lstep_run_npc_plaster
soundalias,#fly_qstep_crouch_run_plr_concrete
soundalias,#wpn_smg_folding_sup_ads_killcam_npc
soundalias,#hash_2469fcfbc231d358
soundalias,#fly_qstep_walk_lt_npc_cushion
soundalias,#fly_step_run_lt_plr_ice
soundalias,#hash_246fc69a635f6f6a
soundalias,#fly_lstep_crouch_run_lt_npc_rock
soundalias,#fly_qstep_sprint_plr_bark
soundalias,#fly_step_run_lt_plr_bark
soundalias,#prj_brass_impact_small_mud
soundalias,#fly_snipe_damagesemi_mag_in_npc
soundalias,#prj_bolt_impact_fruit
soundalias,#fly_step_crouch_run_npc_metalcar
soundalias,#wpn_betty_explode_dist
soundalias,#fly_melee_lungealt_pistol
soundalias,#fly_land_fast_plr_lt_glass
soundalias,#fly_lstep_run_npc_plastic
soundalias,#fly_land_imp_fast_heavy_snow
soundalias,#fly_smg_fastfire_bolt_release_npc
soundalias,#fly_step_crouch_walk_lt_plr_paintedmetal
soundalias,#fly_step_wood_pallet_npc
soundalias,#fly_impact_land_rapid_lt_plr
soundalias,#fly_mag_empty_sweet
soundalias,#hash_2497ca826dcf9f0a
soundalias,#prj_hatchet_impact_armor_heavy_fatal
soundalias,#hash_24a0d34d5e42c18a
soundalias,#fly_melee_swipealt_victim_pistol
soundalias,#zmb_step_standard_run_bark
soundalias,#prj_brass_impact_wraith_dirt
soundalias,#hash_24b7bf338cd40433
soundalias,#wpn_flashbang_button
soundalias,#wpn_melee_sword_whoosh_npc
soundalias,#hash_24be9f9c5da4a7c1
soundalias,#zmb_vocals_catalyst_water_pain
soundalias,#hash_24c68855f9864ba6
soundalias,#fly_step_sprint_npc_plastic
soundalias,#prj_brass_impact_shell_glasscar
soundalias,#prj_bulletspray_impact_player
soundalias,#prj_hatchet_impact_carpet
soundalias,#hash_24d056fe71e2980a
soundalias,#fly_qstep_sprint_lt_plr_rubber
soundalias,#wpn_tr_powersemi_fire_pap_npc
soundalias,#prj_brass_impact_shell_mud
soundalias,#fly_qstep_walk_lt_npc_metalcar
soundalias,#fly_qstep_run_lt_npc_grass
soundalias,#fly_land_lt_npc_paper
soundalias,#prj_bolt_whizby
soundalias,#prj_bolt_impact_cushion
soundalias,#fly_lmg_spray_bolt_forward_npc
soundalias,#zmb_trials_fail
soundalias,#fly_stance_prone2crouch_lt_plr_snow
soundalias,#wpn_quickscope_act_plr
soundalias,#fly_weight_heavy
soundalias,#wpn_ar_mg1909_fire_lfe_plr
soundalias,#fly_step_sprint_npc_plaster
soundalias,#wpn_smg_versatile_rapid_fire_npc
soundalias,#zmb_vocals_zombie_teardown
soundalias,#fly_step_sprint_lt_npc_paper
soundalias,#fly_qstep_sprint_lt_npc_rock
soundalias,#fly_step_crouch_run_lt_npc_rubber
soundalias,#fly_land_lt_plr_foliage
soundalias,#fly_step_prone_npc_wood
soundalias,#fly_step_prone_npc_concrete
soundalias,#hash_250607fa7df23c6a
soundalias,#fly_lstep_walk_lt_npc_paintedmetal
soundalias,#fly_step_crouch_walk_lt_plr_metalcar
soundalias,#fly_step_run_lt_plr_flesh
soundalias,#zmb_break_boards
soundalias,#fly_leap_sprint_lt_plr_watershallow
soundalias,#fly_slide_lt_plr_bark
soundalias,#hash_251623147a33fa1a
soundalias,#fly_land_imp_rapid_heavy_bark
soundalias,#hash_251a3cf4616dc577
soundalias,#prj_brass_impact_shell_water
soundalias,#fly_land_imp_fast_heavy_grass
soundalias,#fly_acnt_run_igc_lt_plr
soundalias,#fly_melee_imp_metal_npc_metalcar
soundalias,#fly_step_sprint_npc_glassbulletproof
soundalias,#fly_qstep_walk_heavy_flesh
soundalias,#prj_hatchet_impact_cloth
soundalias,#fly_stance_prone2crouch_lt_plr_asphalt
soundalias,#fly_qstep_run_lt_plr_bodyarmor
soundalias,#fly_step_crouch_run_heavy_tallgrass
soundalias,#fly_land_slow_npc_lt_cushion
soundalias,#fly_mann_limb_bounce_gravel
soundalias,#hash_25343ce78e1c9c6c
soundalias,#fly_qstep_sprint_lt_plr_bark
soundalias,#wpn_sfb_silencer_fire_npc
soundalias,#wpn_lmg_heavy_uber_act_killcam_plr
soundalias,#hash_253b873970c3897e
soundalias,#fly_step_sprint_npc_metalhollow
soundalias,#wpn_smg_plr_burst_decay
soundalias,#fly_step_crouch_run_plr_bodyarmor
soundalias,#fly_qstep_prone_lt_npc_gravel
soundalias,#wpn_smg_handling_sup_fire_pap_npc
soundalias,#hash_2547ff5b4bbe5f39
soundalias,#fly_land_plr_lt_dirt
soundalias,#zmb_step_catalyst_electric_sprint_wood
soundalias,#fly_land_slow_plr_heavy_foliage
soundalias,#fly_step_sprint_npc_wood
soundalias,#hash_25578b6e3ade4417
soundalias,#hash_25599589edc3e98b
soundalias,#fly_lstep_run_npc_carpet
soundalias,#hash_2564625cf185c6a4
soundalias,#fly_qstep_crouch_run_lt_npc_rubber
soundalias,#fly_qstep_crouch_run_npc_mud
soundalias,#fly_step_crouch_walk_lt_npc_ceramic
soundalias,#fly_step_crouch_walk_npc_rubber
soundalias,#fly_takeoff_lt_npc_metalcar
soundalias,#fly_flechette_tap_npc
soundalias,#hash_2571caa329445cd5
soundalias,#wpn_lmg_heavy_rf_lfe_plr
soundalias,#fly_step_crouch_walk_lt_npc_metalhollow
soundalias,#wpn_smg_accurate_uber_killcam_act_plr
soundalias,#hash_258350c335653e33
soundalias,#fly_land_lt_npc_cloth
soundalias,#fly_step_prone_plr_cloth
soundalias,#fly_qstep_run_heavy_metalcar
soundalias,#wpn_smg_accurate_uber_sup_ads_npc
soundalias,#prj_hatchet_impact_headshot
soundalias,#hash_258e60e915289880
soundalias,#zmb_step_crouch_run_npc_cloth
soundalias,#fly_slide_npc_metalthin
soundalias,#wpn_pistol_fullauto_act_killcam_npc
soundalias,#fly_melee_swipe_victim_sword_h_gore
soundalias,#wpn_smg_accurate_sup_act_plr
soundalias,#fly_prone_mud_heavy
soundalias,#wpn_ar_stealth_sup_act_killcam_plr
soundalias,#fly_qstep_walk_lt_npc_foliage
soundalias,#fly_step_walk_lt_npc_cushion
soundalias,#fly_step_wall_lt_plr_metal
soundalias,#fly_lstep_crouch_run_lt_npc_metalcatwalk
soundalias,#hash_25b617bf48611f30
soundalias,#wpn_smg_accurate_uber_killcam_ads_npc
soundalias,#fly_lmg_heavy_drum_in
soundalias,#wpn_lmg_heavy_lfe1_npc
soundalias,#fly_land_imp_fast_plr_ceramic
soundalias,#hash_25ce4f0381fc29f9
soundalias,#fly_qstep_crouch_walk_heavy_ice
soundalias,#hash_25d27e7a592a24b8
soundalias,#hash_25d27f7a592a266b
soundalias,#hash_25d2807a592a281e
soundalias,#hash_25d2817a592a29d1
soundalias,#hash_25d2827a592a2b84
soundalias,#fly_step_crouch_run_lt_npc_concrete
soundalias,#fly_step_walk_heavy_metalthin
soundalias,#fly_lstep_sprint_npc_ice
soundalias,#chr_heart_beat_ingame
soundalias,#fly_boot_land_soft_lt_npc
soundalias,#fly_land_slow_plr_lt_rubber
soundalias,#fly_qstep_sprint_lt_npc_metalcar
soundalias,#wpn_lmg_heavy_uber_fire_npc
soundalias,#fly_lstep_crouch_run_lt_npc_watershallow
soundalias,#wpn_ar_peacekeeper_ads_killcam_npc
soundalias,#fly_land_imp_rapid_heavy_flesh
soundalias,#fly_step_crouch_walk_heavy_default
soundalias,#fly_vmp_mag_in_npc
soundalias,#fly_lstep_run_npc_metalthin
soundalias,#fly_step_crouch_run_lt_plr_bark
soundalias,#fly_boot_soft_npc
soundalias,#wpn_shotgun_auto_fire_npc_pap
soundalias,#fly_step_prone_plr_fruit
soundalias,#wpn_tr_flechette_fire_ads_plr
soundalias,#hash_261f2e41cc347f9a
soundalias,#fly_lstep_crouch_run_npc_paintedmetal
soundalias,#wpn_smg_drum_act_killcam_plr
soundalias,#prj_bolt_impact_mud
soundalias,#fly_land_imp_med_plr_metalhollow
soundalias,#fly_smg_standard_mag_out
soundalias,#fly_end_wall_lt_plr_rubber
soundalias,#wpn_tr_flechette_sup_fire_plr
soundalias,#fly_step_walk_heavy_paintedmetal
soundalias,#fly_end_wall_lt_plr_glassbulletproof
soundalias,#wpn_smg_fastburst_ads_plr
soundalias,#wpn_generic_wpn_bounce_cushion
soundalias,#hash_263286aedb2eccef
soundalias,#fly_slide_lt_npc_cloth
soundalias,#fly_lstep_sprint_npc_sand
soundalias,#fly_step_walk_lt_plr_flesh
soundalias,#fly_qstep_crouch_run_heavy_snow
soundalias,#wpn_concussion_bounce_asphalt
soundalias,#exp_dart_rocket
soundalias,#fly_step_run_lt_npc_plaster
soundalias,#pfx_sml_rock_impact
soundalias,#hash_265f89350fadd5b4
soundalias,#fly_land_heavy_mud
soundalias,#fly_qstep_prone_lt_plr_snow
soundalias,#fly_qstep_crouch_run_plr_mud
soundalias,#wpn_shotgun_precision_fire_plr
soundalias,#fly_m16_mag_out
soundalias,#fly_melee_imp_npc_metal
soundalias,#fly_land_slow_npc_lt_concrete
soundalias,#fly_step_run_lt_npc_plastic
soundalias,#hash_267ee6600ef4f2a0
soundalias,#fly_land_slow_plr_lt_foliage
soundalias,#wpn_tr_longburst_upg_uber_fire_dist_npc
soundalias,#fly_land_imp_med_heavy_grass
soundalias,#zmb_step_catalyst_run_wood
soundalias,#hash_268633dc86b62018
soundalias,#fly_start_wall_lt_plr_mud
soundalias,#wpn_smg_capacity_uber_fire_npc
soundalias,#fly_land_plr_cloth_sec
soundalias,#zmb_vapor_dyingwish_start
soundalias,#hash_268d6bf3f6f0fe35
soundalias,#wpn_smg_standard_ads_npc
soundalias,#hash_26911f7d228e881b
soundalias,#zmb_ai_bfather_spawn
soundalias,#fly_qstep_crouch_walk_npc_wood
soundalias,#fly_land_slow_npc_lt_flesh
soundalias,#fly_qstep_run_npc_foliage
soundalias,#prj_crossbow_impact_ceramic
soundalias,#fly_slide_lt_plr_watershallow
soundalias,#fly_riotshield_melee_impact_flesh
soundalias,#fly_step_stair_metal_enter
soundalias,#wpn_smg_versatile_silencer_lfe_npc
soundalias,#fly_step_run_npc_paintedmetal
soundalias,#fly_qstep_walk_plr_tallgrass
soundalias,#fly_qland_npc_metal
soundalias,#fly_smg_fastburst_mag_in
soundalias,#fly_qstep_crouch_walk_npc_flesh
soundalias,#hash_26a97e4277df1c77
soundalias,#fly_qstep_walk_lt_plr_glassbulletproof
soundalias,#wpn_lmg_standard_belt_plr
soundalias,#wpn_ar_peacekeeper_sup_ads_npc
soundalias,#wpn_smg_fastburst_rf_killcam_fire_npc
soundalias,#hash_26c6fa2c93053b7f
soundalias,#fly_qstep_sprint_plr_wood
soundalias,#hash_26d38ac0983f64ce
soundalias,#fly_qstep_sprint_lt_npc_cushion
soundalias,#fly_step_run_plr_paintedmetal
soundalias,#wpn_pistol_fullauto_d_sup_fire_npc
soundalias,#fly_land_imp_fast_plr_glass
soundalias,#wpn_tr_longburst_upg_uber_lfe_npc
soundalias,#hash_26f44e1791eadfbd
soundalias,#fly_lstep_prone_lt_npc_foliage
soundalias,#wpn_ar_galil_fire_pap_sup_plr
soundalias,#fly_lstep_sprint_lt_npc_snow
soundalias,#fly_land_fast_plr_lt_brick
soundalias,#fly_shotgun_semi_strobe_flash
soundalias,#wpn_smg_fastfire_uber_ads_npc
soundalias,#zmb_spawn_powerup
soundalias,#fly_leap_sprint_lt_plr_glassbulletproof
soundalias,#zmb_step_blight_run_default
soundalias,#wpn_lmg_stealth_act_killcam_plr
soundalias,#wpn_ar_fastfire_uber_fire_npc
soundalias,#prj_bullet_explode
soundalias,#zmb_aat_plasmatic_explode_swt
soundalias,#fly_land_plr_concrete_sec
soundalias,#hash_271370c5b9078536
soundalias,#fly_ar_standard_bolt_release_npc
soundalias,#wpn_tr_longburst_suppressed_lfe_npc
soundalias,#fly_land_fast_npc_heavy_plaster
soundalias,#wpn_lmg_close_quiet_decay
soundalias,#fly_qstep_walk_lt_npc_carpet
soundalias,#fly_bump_alum_door
soundalias,#wpn_lmg_standard_act_npc
soundalias,#fly_qstep_crouch_walk_npc_metalhollow
soundalias,#fly_qstep_crouch_run_heavy_metal
soundalias,#fly_lstep_prone_lt_npc_rubber
soundalias,#fly_land_plr_cushion_sec
soundalias,#zmb_switch_flip_trap_reset
soundalias,#fly_mann_limb_bounce_plastic
soundalias,#fly_trav_low_over_no_hands
soundalias,#fly_land_lt_plr_plastic_sec
soundalias,#fly_bump_truck
soundalias,#fly_land_fast_npc_heavy_plastic
soundalias,#fly_land_imp_rapid_plr_ceramic
soundalias,#fly_land_fast_npc_lt_metalcatwalk
soundalias,#fly_mann_limb_bounce_plaster
soundalias,#zmb_step_blight_walk_snow
soundalias,#hash_2746f9ee9a33baf4
soundalias,#hash_274f01890c106fa8
soundalias,#fly_land_lt_npc_dirt
soundalias,#wpn_pistol_burst_sup_rf_fire_npc
soundalias,#fly_land_imp_med_lt_plr_metalhollow
soundalias,#prj_brass_impact_shell_dirt
soundalias,#fly_step_sprint_heavy_rubber
soundalias,#fly_gear_walk_stop_npc
soundalias,#fly_land_fast_npc_lt_plastic
soundalias,#wpn_smg_handling_lh_lfe_killcam_npc
soundalias,#wpn_grenade_explode_flux_r
soundalias,#wpn_grenade_explode_flux_l
soundalias,#wpn_concussion_bounce_carpet
soundalias,#fly_land_fast_npc_lt_plaster
soundalias,#wpn_lmg_stealth_sup_fire_pap_npc
soundalias,#fly_qland_npc_damage
soundalias,#wpn_lmg_heavy_ads_plr
soundalias,#hash_27786dfac7fa2c73
soundalias,#fly_qstep_prone_plr_rock
soundalias,#wpn_tr_leveraction_fire_pap_npc
soundalias,#fly_step_crouch_run_npc_bark
soundalias,#fly_takeoff_plr_metal
soundalias,#amb_rattle_chainlink
soundalias,#wpn_smg_fastfire_fire_plr
soundalias,#wpn_lmg_heavy_uber_fire_killcam_npc
soundalias,#wpn_ar_modular_fire_killcam_npc
soundalias,#fly_start_wall_lt_plr_concrete_debris
soundalias,#wpn_ar_an94_sup_fire_plr
soundalias,#fly_land_imp_rapid_lt_plr_rubber
soundalias,#fly_lstep_walk_npc_metalcar
soundalias,#prj_brass_impact_gren_case_metal
soundalias,#fly_qland_npc_glassbulletproof
soundalias,#hash_27c268b7170aef16
soundalias,#hash_27ca0da5116d6dd9
soundalias,#fly_land_imp_rapid_lt_plr_glass
soundalias,#fly_qstep_crouch_run_plr_watershallow
soundalias,#bik_zm_towers_load
soundalias,#hash_27d29c7b82723649
soundalias,#pfx_glass_impact
soundalias,#hash_27dc220231c7b8b3
soundalias,#fly_qland_npc_water
soundalias,#chr_swimming_uw_stroke_npc
soundalias,#zmb_step_blight_walk_gravel
soundalias,#fly_melee_imp_knife_npc_metalcar
soundalias,#fly_takeoff_npc_ceramic
soundalias,#fly_qstep_walk_heavy_wood
soundalias,#wpn_mini14_sup_ads_plr
soundalias,#fly_melee_hit_human_1_plr
soundalias,#fly_m16_bolt_release
soundalias,#wpn_tr_longburst_act_npc
soundalias,#fly_step_crouch_walk_plr_asphalt
soundalias,#fly_land_imp_med_lt_plr_rubber
soundalias,#hash_280584b0bf796172
soundalias,#fly_ar_fastfire_bolt_release_npc
soundalias,#chr_health_lowhealth_enter_lfe
soundalias,#fly_qstep_crouch_walk_lt_plr_bark
soundalias,#fly_step_crouch_run_heavy_snow
soundalias,#hash_28128db0bf83fb19
soundalias,#fly_gear_run_start_lt_npc
soundalias,#zmb_armor_break
soundalias,#fly_step_walk_npc_rubber
soundalias,#wpn_hatchet_throw_npc
soundalias,#zmb_death_nohead_blood
soundalias,#fly_step_wall_lt_plr_glass
soundalias,#fly_ar_damage_mag_in_npc
soundalias,#fly_takeoff_npc_mud
soundalias,#hash_28263de8fa1797aa
soundalias,#fly_qstep_sprint_plr_dirt
soundalias,#fly_melee_lunge_sword
soundalias,#fly_qstep_sprint_lt_plr_plastic
soundalias,#fly_land_imp_rapid_heavy_glasscar
soundalias,#prj_bullet_debris_wood
soundalias,#fly_step_crouch_run_lt_npc_glasscar
soundalias,#fly_step_crouch_run_npc_brick
soundalias,#fly_qstep_sprint_lt_plr_water
soundalias,#wpn_tr_midburst_sup_killcam_act_plr
soundalias,#fly_weight_land_lt_plr
soundalias,#fly_step_walk_heavy_glassbulletproof
soundalias,#fly_step_crouch_run_plr_wood
soundalias,#fly_land_imp_fast_plr_gravel
soundalias,#fly_qstep_sprint_lt_plr_plaster
soundalias,#zmb_step_standard_walk_fruit
soundalias,#fly_lstep_run_npc_fruit
soundalias,#fly_step_walk_lt_npc_mud
soundalias,#prj_brass_impact_shell_metalthin
soundalias,#fly_land_plr_metalhollow
soundalias,#fly_leap_sprint_lt_plr_water
soundalias,#fly_qstep_run_npc_concrete
soundalias,#fly_step_crouch_walk_heavy_concrete
soundalias,#hash_287bd765352a3b15
soundalias,#fly_step_sprint_plr_rubber
soundalias,#hash_28854e62767f1b79
soundalias,#hash_2885703b65520a30
soundalias,#prj_bolt_impact_paintedmetal
soundalias,#fly_qstep_walk_lt_npc_glass
soundalias,#fly_step_walk_heavy_brick
soundalias,#fly_step_walk_lt_plr_metalthin
soundalias,#fly_qstep_prone_lt_plr_metalhollow
soundalias,#wpn_ar_doublebarrel_fire_pap_npc
soundalias,#wpn_tr_longburst_uber_ads_plr
soundalias,#fly_qland_npc_paintedmetal
soundalias,#wpn_grenade_launch_bounce_ice
soundalias,#wpn_betty_explode_decay
soundalias,#fly_qland_npc_plastic
soundalias,#fly_qstep_run_heavy_dirt
soundalias,#fly_qstep_crouch_run_npc_cushion
soundalias,#hash_28c3f2a1399bc5e7
soundalias,#fly_land_npc_rock
soundalias,#fly_qland_npc_plaster
soundalias,#fly_qstep_walk_plr_metalthin
soundalias,#fly_land_heavy_grass
soundalias,#zmb_step_blight_walk_metalcatwalk
soundalias,#wpn_ultimate_turret_fire_npc
soundalias,#prj_brass_impact_large_sand
soundalias,#wpn_ar_peacekeeper_ads_npc
soundalias,#wpn_smg_versatile_rapid_fire_plr
soundalias,#wpn_lmg_stealth_fire_killcam_plr
soundalias,#fly_qland_lt_npc_flesh
soundalias,#hash_28f4330e05650c0e
soundalias,#fly_step_crouch_walk_npc_rock
soundalias,#wpn_smg_folding_lfe_npc
soundalias,#fly_step_run_npc_water
soundalias,#fly_qstep_run_heavy_carpet
soundalias,#fly_qstep_prone_lt_npc_default
soundalias,#fly_land_imp_fast_lt_plr_metalcatwalk
soundalias,#hash_2905a1822194fa4c
soundalias,#zmb_step_standard_walk_water
soundalias,#fly_takeoff_lt_npc_gravel
soundalias,#wpn_mini14_sup_fire_plr
soundalias,#hash_290cd406c9e2c5d5
soundalias,#fly_shotgun_semi_bolt_back
soundalias,#hash_29115811dfd4805d
soundalias,#fly_qstep_sprint_heavy_glasscar
soundalias,#zmb_step_crouch_walk_npc_asphalt
soundalias,#vox_rush_tigers_rush_0
soundalias,#fly_stance_prone2crouch_lt_plr_paintedmetal
soundalias,#wpn_pistol_standard_last_lfe
soundalias,#zmb_step_crouch_run_npc_glass
soundalias,#wpn_tr_leveraction_act_npc
soundalias,#fly_lmg_standard_mag_in
soundalias,#fly_step_crouch_walk_heavy_mud
soundalias,#hash_292c614ac6e1655e
soundalias,#wpn_pistol_burst_sup_rf_ads_npc
soundalias,#wpn_ar_modular_sup_act_npc
soundalias,#fly_land_npc_metalcar
soundalias,#hash_294576f4780dfd2e
soundalias,#fly_qstep_crouch_walk_npc_ice
soundalias,#fly_qstep_walk_lt_plr_ceramic
soundalias,#bik_outro_c
soundalias,#fly_qboot_lt_plr
soundalias,#fly_leap_sprint_lt_plr_fruit
soundalias,#fly_ar_galil_bolt_release
soundalias,#mpl_turret_servo_stop
soundalias,#fly_land_lt_npc_metalcatwalk
soundalias,#fly_step_crouch_walk_npc_foliage
soundalias,#hash_29660b94e72a85e9
soundalias,#wpn_lmg_spray_sup_belt_plr
soundalias,#pfx_fire_lrg
soundalias,#fly_land_slow_npc_heavy_cloth
soundalias,#mpl_ultimate_turret_lockon
soundalias,#fly_smg_mp40_mag_in_npc
soundalias,#hash_296edfd5360e317d
soundalias,#fly_land_imp_rapid_lt_plr_snow
soundalias,#fly_land_lt_npc_metalcar
soundalias,#fly_acnt_sprint_lt_npc
soundalias,#fly_qstep_prone_heavy_metalcar
soundalias,#fly_midburst_bolt_forward_npc
soundalias,#fly_step_prone_plr_metal
soundalias,#fly_qstep_crouch_walk_heavy_dirt
soundalias,#fly_qland_lt_npc_metalcatwalk
soundalias,#hash_298b15841e269958
soundalias,#zmb_bgb_disorderly_weap_switch
soundalias,#wpn_smg_fastburst_sup_killcam_act_plr
soundalias,#prj_crossbow_impact_mud
soundalias,#fly_step_prone_npc_paintedmetal
soundalias,#fly_qstep_crouch_walk_npc_ceramic
soundalias,#fly_melee_lunge_player_rifle
soundalias,#fly_land_npc_paintedmetal
soundalias,#wpn_ar_accurate_lfe_killcam_npc
soundalias,#fly_qland_npc_asphalt
soundalias,#wpn_pistol_standard_fire_plr
soundalias,#fly_takeoff_npc_dirt
soundalias,#fly_zombie_jumpland_soft
soundalias,#wpn_smg_accurate_sup_lfe_killcam_npc
soundalias,#hash_29b768ca9112f85c
soundalias,#zmb_step_blight_walk_sand
soundalias,#hash_29b9e88ea95c2c04
soundalias,#chr_burn_npc_loop1
soundalias,#wpn_damagesemi_flux_plr_l
soundalias,#wpn_damagesemi_flux_plr_r
soundalias,#hash_29bcd286bfde8d88
soundalias,#phy_metal_pan_bounce
soundalias,#fly_generic_down_shrt_plr
soundalias,#prj_brass_impact_sniper_gravel
soundalias,#fly_lstep_crouch_run_lt_npc_asphalt
soundalias,#hash_29c5dc33dea5533b
soundalias,#fly_lstep_run_lt_npc_metal
soundalias,#fly_step_prone_heavy_tallgrass
soundalias,#fly_step_walk_npc_wood
soundalias,#fly_combat_knife_first_raise_npc
soundalias,#fly_step_crouch_walk_plr_rock
soundalias,#wpn_tr_midburst_sup_ads_plr
soundalias,#wpn_smg_handling_act_killcam_npc
soundalias,#hash_29d79717fe7722c1
soundalias,#fly_qstep_crouch_run_lt_plr_metalthin
soundalias,#zmb_step_crouch_walk_npc_metalthin
soundalias,#fly_qstep_crouch_run_lt_npc_water
soundalias,#zmb_step_standard_walk_wood
soundalias,#fly_step_run_npc_fruit
soundalias,#fly_qcloth_npc
soundalias,#fly_step_wall_lt_plr_metalcatwalk
soundalias,#wpn_lmg_heavy_rf_act_plr
soundalias,#hash_29f0a85645359450
soundalias,#fly_lmg_mk48_bolt_forward
soundalias,#hash_29f1f69648493e91
soundalias,#fly_qcloth_lt_npc
soundalias,#hash_29f61a9e9e950ba0
soundalias,#fly_step_sprint_lt_plr_flesh
soundalias,#fly_land_imp_med_heavy_plastic
soundalias,#hash_29fa38b2dc8a3862
soundalias,#wpn_sniper_powerbolt_flux_plr_r
soundalias,#wpn_sniper_powerbolt_flux_plr_l
soundalias,#fly_qstep_sprint_plr_cushion
soundalias,#bik_ct_tutorialajax_loadingmovie
soundalias,#fly_land_imp_med_heavy_plaster
soundalias,#fly_melee_swipealt_victim_sword
soundalias,#wpn_smoke_bounce_snow
soundalias,#fly_impact_land_medium_heavy
soundalias,#wpn_ar_galil_sup_ads_npc
soundalias,#fly_qstep_crouch_run_lt_plr_grass
soundalias,#wpn_ar_doublebarrel_sup_fire_pap_npc
soundalias,#fly_snipe_damagesemi_mag_out
soundalias,#fly_step_walk_lt_plr_asphalt
soundalias,#fly_ar_modular_bolt_back
soundalias,#fly_takeoff_lt_npc_ice
soundalias,#prj_bullet_impact_crate
soundalias,#fly_bump_metal_stall
soundalias,#wpn_lmg_silencer_single_plr_decay
soundalias,#zmb_vocals_catalyst_corrosive_ambient
soundalias,#fly_acnt_sprint_heavy
soundalias,#hash_2a2da386943d9f93
soundalias,#fly_land_imp_rapid_lt_plr_fruit
soundalias,#fly_qstep_crouch_run_heavy_grass
soundalias,#fly_land_imp_med_plr_fruit
soundalias,#wpn_smg_standard_silencer_fire_plr
soundalias,#hash_2a41a08e4cab0a6f
soundalias,#fly_land_npc_metal
soundalias,#fly_land_imp_fast_plr_cloth
soundalias,#fly_step_wall_lt_plr_glasscar
soundalias,#fly_land_fast_npc_heavy_cloth
soundalias,#fly_qstep_prone_heavy_metal
soundalias,#wpn_generic_wpn_bounce_dirt
soundalias,#fly_qstep_walk_plr_cloth
soundalias,#fly_takeoff_lt_npc_foliage
soundalias,#fly_step_crouch_walk_heavy_paintedmetal
soundalias,#wpn_concussion_bounce_rubber
soundalias,#hash_2a5ef70958caddc5
soundalias,#fly_qstep_crouch_walk_lt_npc_paper
soundalias,#hash_2a677045c3791eba
soundalias,#chr_swimming_stroke_uw_plr
soundalias,#fly_qstep_prone_lt_npc_sand
soundalias,#fly_lstep_crouch_run_lt_npc_glassbulletproof
soundalias,#hash_2a7a42443e12c290
soundalias,#fly_qstep_prone_plr_ceramic
soundalias,#zmb_bgb_abh_teleport_in_aoe
soundalias,#fly_takeoff_lt_plr_grass
soundalias,#fly_step_prone_lt_plr_wood
soundalias,#prj_brass_impact_sniper_brick
soundalias,#hash_2a88aebabd6b50e6
soundalias,#hash_2a8fdf85892d3428
soundalias,#hash_2a8fe085892d35db
soundalias,#hash_2a8fe185892d378e
soundalias,#hash_2a8fe285892d3941
soundalias,#hash_2a8fe485892d3ca7
soundalias,#fly_lstep_crouch_walk_lt_npc_ceramic
soundalias,#hash_2a9d100a5cbc7dbe
soundalias,#fly_qland_npc_snow
soundalias,#prj_brass_impact_small_flesh
soundalias,#fly_step_sprint_lt_npc_ceramic
soundalias,#fly_smg_fastfire_mag_out
soundalias,#fly_m16_mag_in
soundalias,#wpn_generic_clip_bounce_glass
soundalias,#hash_2aaaccb1ea754e18
soundalias,#vox_powerup_full_power_ward_0
soundalias,#fly_step_walk_npc_ceramic
soundalias,#fly_step_crouch_run_lt_plr_watershallow
soundalias,#fly_step_wall_lt_plr_bark
soundalias,#fly_step_walk_lt_plr_paintedmetal
soundalias,#wpn_tr_longburst_uber_killcam_fire_npc
soundalias,#wpn_ar_accurate_ads_plr
soundalias,#fly_qstep_walk_heavy_paintedmetal
soundalias,#hash_2abe22777a7a3e19
soundalias,#prj_brass_impact_plr_gren_case_rubber
soundalias,#wpn_lmg_stealth_fire_pap_npc
soundalias,#fly_step_walk_heavy_cloth
soundalias,#prj_brass_impact_large_metalthin
soundalias,#prj_bolt_impact_dirt
soundalias,#fly_takeoff_heavy_water
soundalias,#fly_qstep_sprint_lt_plr_dirt
soundalias,#wpn_ar_fastfire_upg_act_npc
soundalias,#fly_lstep_prone_lt_npc_bark
soundalias,#hash_2ae342cebb1ba3f1
soundalias,#zmb_step_standard_sprint_ice
soundalias,#wpn_assault_close_npc_decay
soundalias,#fly_lstep_walk_lt_npc_water
soundalias,#fly_step_crouch_walk_lt_plr_dirt
soundalias,#zmb_ai_catalyst_plasma_explode_lfe
soundalias,#hash_2af84829e4ec1fa1
soundalias,#fly_step_sprint_lt_plr_glasscar
soundalias,#wpn_pistol_standard_sup_npc_lfe
soundalias,#wpn_smg_standard_sup_fire_pap_plr
soundalias,#fly_qstep_sprint_npc_asphalt
soundalias,#wpn_lmg_standard_belt_npc
soundalias,#zmb_step_blight_walk_fruit
soundalias,#fly_qstep_prone_lt_npc_water
soundalias,#wpn_grenade_launch_bounce_bark
soundalias,#hash_2b13e4d1cbe0576b
soundalias,#fly_melee_swipe_player_rifle
soundalias,#prj_brass_impact_wraith_flesh
soundalias,#fly_step_crouch_run_plr_watershallow
soundalias,#fly_land_fast_plr_lt_rock
soundalias,#wpn_lmg_spray_lfe_npc
soundalias,#fly_step_crouch_run_heavy_metal
soundalias,#fly_melee_lungealt_victim_fist
soundalias,#wpn_damagesemi_ads_npc
soundalias,#wpn_pistol_topbreak_fire_ads_plr
soundalias,#fly_qstep_crouch_walk_npc_snow
soundalias,#exp_molotov_explo
soundalias,#fly_crossbow_mag_in
soundalias,#fly_land_lt_plr_metal
soundalias,#fly_boot_soft_plr
soundalias,#fly_prone_mud_lt_plr
soundalias,#hash_2b366662bb232751
soundalias,#prj_brass_impact_large_brick
soundalias,#fly_melee_imp_metal_plastic
soundalias,#zmb_step_blight_walk_water
soundalias,#fly_step_crouch_run_plr_sand
soundalias,#hash_2b4d16aba2532461
soundalias,#fly_qstep_prone_plr_ice
soundalias,#hash_2b4f33cbc4370dfa
soundalias,#hash_2b51a5e7fc34d027
soundalias,#fly_qstep_prone_heavy_concrete
soundalias,#wpn_concussion_bounce_foliage
soundalias,#prj_brass_impact_small_foliage
soundalias,#wpn_smg_folding_fire_killcam_plr
soundalias,#fly_land_imp_rapid_plr_fruit
soundalias,#fly_lmg_mk48_mag_in
soundalias,#chr_revive_start
soundalias,#fly_step_crouch_run_lt_plr_water
soundalias,#fly_step_run_lt_plr_cloth
soundalias,#hash_2b72e11227299835
soundalias,#vox_powerup_full_power_prst_0
soundalias,#wpn_grenade_bounce_far_earth
soundalias,#hash_2b81ab20b5e3d199
soundalias,#fly_melee_imp_fist_npc_wood
soundalias,#fly_qstep_sprint_npc_glass
soundalias,#hash_2b8ef1f9ba59110b
soundalias,#hash_2b902c34c9ae43f5
soundalias,#fly_qstep_prone_lt_npc_plastic
soundalias,#fly_lboot_soft_sprint_npc
soundalias,#wpn_smg_minigun_fire_start_plr
soundalias,#fly_vmp_bolt_release
soundalias,#fly_step_crouch_run_lt_plr_plastic
soundalias,#wpn_pistol_standard_fire_pap_npc
soundalias,#hash_2ba2186cd1e3c285
soundalias,#fly_step_crouch_run_lt_plr_plaster
soundalias,#fly_qstep_crouch_walk_plr_wood
soundalias,#wpn_ar_peacekeeper_sup_fire_pap_npc
soundalias,#fly_step_brick
soundalias,#fly_step_prone_heavy_cushion
soundalias,#hash_2bbb20b617ddbadd
soundalias,#hash_2bbcacd7512a3d3c
soundalias,#fly_qstep_prone_lt_npc_plaster
soundalias,#hash_2bbe40b6f215d11a
soundalias,#vox_rush_lead_lost_rush_0
soundalias,#fly_slide_plr_carpet
soundalias,#fly_land_fast_plr_heavy_cushion
soundalias,#wpn_smg_handling_sup_lh_fire_pap_npc
soundalias,#phy_book_bounce
soundalias,#wpn_smg_npc_pap_decay
soundalias,#fly_lstep_walk_lt_npc_concrete
soundalias,#prj_brass_impact_shell_gravel
soundalias,#fly_step_run_lt_npc_ceramic
soundalias,#hash_2bdba1273e719953
soundalias,#pfx_spark_med_far
soundalias,#fly_lstep_sprint_npc_carpet
soundalias,#fly_land_fast_plr_heavy_ceramic
soundalias,#fly_body_scoot
soundalias,#hash_2bee6f682e47fa81
soundalias,#fly_lstep_crouch_run_npc_glass
soundalias,#fly_qstep_run_lt_npc_paintedmetal
soundalias,#hash_2bfac5acbaacef62
soundalias,#fly_melee_swipealt_rifle
soundalias,#fly_takeoff_lt_plr_metalcatwalk
soundalias,#hash_2c04668efbb1bc60
soundalias,#wpn_lmg_spray_act_npc
soundalias,#wpn_ar_an94_act_npc
soundalias,#fly_step_sprint_plr_brick
soundalias,#fly_land_imp_fast_lt_plr_ceramic
soundalias,#fly_qstep_run_plr_gravel
soundalias,#fly_qstep_run_heavy_mud
soundalias,#wpn_lmg_stealth_uber_fire_npc
soundalias,#fly_midburst_bolt_back_npc
soundalias,#hash_2c20492866ecb6df
soundalias,#fly_melee_lungealt_knife
soundalias,#fly_snipe_powerbolt_bolt_back
soundalias,#fly_step_walk_lt_npc_flesh
soundalias,#fly_vmp_mag_out
soundalias,#wpn_smg_standard_ads_plr
soundalias,#wpn_damagesemi_fire_pap_npc
soundalias,#hash_2c2d710044ad18e4
soundalias,#fly_qstep_walk_plr_metalcar
soundalias,#fly_takeoff_lt_npc_cloth
soundalias,#fly_qstep_walk_lt_plr_tallgrass
soundalias,#fly_step_sprint_lt_plr_concrete
soundalias,#fly_lstep_run_lt_npc_glass
soundalias,#fly_qstep_run_npc_plaster
soundalias,#fly_start_wall_lt_plr_water
soundalias,#wpn_smg_capacity_uber_rapid_lfe_npc
soundalias,#hash_2c3e1148b03e7932
soundalias,#fly_smg_fastburst_bolt_release
soundalias,#hash_2c3fa144ef7a3fb5
soundalias,#fly_step_walk_npc_bodyarmor
soundalias,#phy_toy_car_bounce
soundalias,#fly_qstep_run_lt_plr_wood
soundalias,#fly_step_crouch_walk_lt_npc_tallgrass
soundalias,#fly_land_lt_plr_concrete_sec
soundalias,#fly_step_walk_lt_npc_dirt
soundalias,#wpn_tr_leveraction_fire_ads_plr
soundalias,#hash_2c5a5310527947d1
soundalias,#prj_bulletspray_debris_dirt
soundalias,#hash_2c5e84688694f166
soundalias,#fly_qstep_run_npc_plastic
soundalias,#wpn_concussion_bounce_rock
soundalias,#fly_takeoff_plr_paintedmetal
soundalias,#fly_land_imp_rapid_plr_sand
soundalias,#fly_takeoff_npc_tallgrass
soundalias,#hash_2c7c5ca636e52f2f
soundalias,#fly_step_crouch_walk_lt_npc_rock
soundalias,#fly_step_sprint_heavy_default
soundalias,#fly_qstep_crouch_run_lt_plr_paintedmetal
soundalias,#pfx_fountain_splash
soundalias,#wpn_ar_doublebarrel_sup_ads_plr
soundalias,#wpn_pistol_burst_rf_fire_plr
soundalias,#wpn_tr_flechette_sup_lfe
soundalias,#prj_brass_impact_wraith_cloth
soundalias,#fly_step_prone_heavy_glass
soundalias,#wpn_smoke_bounce_cushion
soundalias,#wpn_lmg_spray_act_killcam_npc
soundalias,#fly_lstep_crouch_walk_lt_npc_fruit
soundalias,#fly_land_imp_med_lt_plr_fruit
soundalias,#chr_revive_end
soundalias,#fly_land_npc_glass
soundalias,#wpn_pistol_burst_sup_lfe_npc
soundalias,#fly_step_wood_board_enter
soundalias,#hash_2cbe40ced683b2aa
soundalias,#fly_end_wall_lt_plr_glass
soundalias,#hash_2cd115671544989c
soundalias,#fly_lstep_crouch_run_npc_paper
soundalias,#hash_2cd6c02285131884
soundalias,#wpn_tr_longburst_suppressed_act_npc
soundalias,#wpn_smg_vtile_rapid_sup_lfe_killcam_npc
soundalias,#fly_step_crouch_run_plr_snow
soundalias,#fly_bump_bottle
soundalias,#wpn_concussion_bounce_fruit
soundalias,#wpn_smg_accurate_uber_sup_killcam_fire_plr
soundalias,#wpn_smg_folding_sup_act_killcam_npc
soundalias,#fly_step_sprint_heavy_watershallow
soundalias,#hash_2cfd55250917d785
soundalias,#hash_2cff6e0f54681c13
soundalias,#fly_lstep_sprint_lt_npc_fruit
soundalias,#wpn_assault_decay_bright_npc
soundalias,#wpn_ar_fastfire_lfe_killcam_npc
soundalias,#fly_qstep_walk_heavy_tallgrass
soundalias,#wpn_lmg_stealth_sup_fire_pap_plr
soundalias,#fly_qstep_walk_npc_glasscar
soundalias,#fly_qstep_walk_lt_npc_paintedmetal
soundalias,#prj_crossbow_impact_cloth
soundalias,#fly_qland_lt_npc_dirt_big
soundalias,#hash_2d1265adbba422cf
soundalias,#wpn_smg_folding_fire_pap_plr
soundalias,#fly_land_fast_plr_lt_mud
soundalias,#wpn_melee_fist_flourish_plr
soundalias,#fly_melee_swipe_rifle
soundalias,#prj_crossbow_impact_carpet
soundalias,#vox_rush_lead_gained_rush_0
soundalias,#fly_land_lt_plr_metalthin
soundalias,#fly_qstep_walk_plr_paintedmetal
soundalias,#fly_prone_mud_plr
soundalias,#fly_lmg_double_drum_in
soundalias,#wpn_damagesemi_fire_pap_plr
soundalias,#wpn_shotgun_semiauto_fire_act_plr
soundalias,#fly_land_lt_plr_metal_sec
soundalias,#prj_bulletspray_impact_canvas
soundalias,#fly_qstep_walk_heavy_metalthin
soundalias,#hash_2d4c1c50ed1c4969
soundalias,#fly_end_wall_lt_plr_ice
soundalias,#prj_bulletspray_impact_wood
soundalias,#fly_mann_limb_bounce_paper
soundalias,#fly_slide_lt_plr_asphalt
soundalias,#wpn_ar_modular_sup_lfe_plr
soundalias,#fly_qstep_crouch_walk_plr_glass
soundalias,#fly_land_imp_med_plr_cloth
soundalias,#fly_land_imp_fast_heavy_glassbulletproof
soundalias,#hash_2d6bd26060fd41b5
soundalias,#fly_shotgun_semi_mag_out_npc
soundalias,#wpn_lmg_spray_sup_fire_pap_plr
soundalias,#wpn_smg_capacity_lfe_killcam_plr
soundalias,#hash_2d7327c1868d6e0d
soundalias,#hash_2d73f9b311bc8746
soundalias,#prj_bulletspray_impact_gravel
soundalias,#wpn_smg_vtile_rapid_sup_fire_npc
soundalias,#wpn_smg_folding_ads_plr
soundalias,#pfx_gas_pipe_sweet
soundalias,#fly_qstep_run_npc_metal
soundalias,#prj_brass_impact_large_cushion
soundalias,#hash_2d86722dd6f0bfb8
soundalias,#fly_mann_limb_bounce_asphalt
soundalias,#hash_2d8955eb0d75cddb
soundalias,#vox_rush_gegenees_rush_0
soundalias,#wpn_ar_modular_act_plr
soundalias,#wpn_ar_standard_silencer_act_killcam_npc
soundalias,#fly_melee_imp_npc_glass
soundalias,#fly_land_imp_fast_lt_plr_metalhollow
soundalias,#hash_2d956dd01a5a8800
soundalias,#fly_lstep_prone_npc_bark
soundalias,#fly_slide_npc_metal
soundalias,#fly_step_prone_lt_plr_default
soundalias,#wpn_pistol_burst_fire_plr
soundalias,#fly_land_imp_rapid_lt_plr_ceramic
soundalias,#fly_qstep_walk_lt_npc_glasscar
soundalias,#fly_step_run_lt_plr_metalcatwalk
soundalias,#fly_step_walk_npc_flesh
soundalias,#wpn_sfb_act_plr
soundalias,#fly_qstep_crouch_walk_plr_metalhollow
soundalias,#wpn_sniper_powerbolt_swat_dist_npc
soundalias,#hash_2dab916c418501d8
soundalias,#hash_2daccf5b8e3ea224
soundalias,#hash_2daf0bed8e3a45ac
soundalias,#fly_step_prone_lt_plr_plastic
soundalias,#fly_qstep_crouch_run_lt_npc_cloth
soundalias,#fly_stance_2stand_heavy_heavy
soundalias,#wpn_smg_capacity_uber_lfe_killcam_plr
soundalias,#fly_step_crouch_run_npc_water
soundalias,#fly_gear_sprint_npc
soundalias,#fly_flechette_mag_out_npc
soundalias,#wpn_tr_longburst_upg_fire_plr
soundalias,#fly_step_prone_lt_plr_plaster
soundalias,#hash_2ddcd295a40a8458
soundalias,#prj_bulletspray_impact_metal_hollow
soundalias,#wpn_smg_handling_sup_act_npc
soundalias,#fly_slide_heavy_water
soundalias,#prj_bullet_impact_xtreme_plaster
soundalias,#fly_qland_lt_npc_glasscar
soundalias,#prj_bullet_impact_xtreme_plastic
soundalias,#hash_2df6cfa82907542a
soundalias,#fly_step_run_heavy_tallgrass
soundalias,#wpn_pistol_standard_fire_npc
soundalias,#wpn_sniper_powerbolt_fire_act_plr
soundalias,#fly_step_walk_lt_npc_rubber
soundalias,#fly_end_wall_lt_plr_default
soundalias,#hash_2e0cb845c72c1ce6
soundalias,#zmb_step_blight_run_bodyarmor
soundalias,#fly_land_lt_npc_water
soundalias,#hash_2e10aed97a97d76e
soundalias,#wpn_ar_fastfire_uber_fire_killcam_npc
soundalias,#fly_land_fast_plr_heavy_default
soundalias,#zmb_step_crouch_walk_npc_rock
soundalias,#fly_slide_lt_plr_rock
soundalias,#fly_boot_soft_sprint_heavy
soundalias,#fly_melee_impact_2d_flesh
soundalias,#fly_lstep_run_npc_snow
soundalias,#fly_land_lt_plr_brick
soundalias,#fly_land_imp_med_lt_plr_default
soundalias,#wpn_ar_galil_lfe_killcam_plr
soundalias,#fly_land_plr_glass
soundalias,#wpn_melee_ballistic_whoosh_npc
soundalias,#wpn_tr_midburst_sup_act_plr
soundalias,#wpn_pistol_standard_sup_fire_ads_last_plr
soundalias,#prj_brass_impact_wraith_rock
soundalias,#fly_step_crouch_walk_npc_mud
soundalias,#fly_takeoff_lt_npc_default
soundalias,#prj_brass_impact_gren_case_cushion
soundalias,#fly_smg_capacity_bolt_forward_npc
soundalias,#wpn_lmg_heavy_rf_act_npc
soundalias,#fly_step_sprint_lt_npc_mud
soundalias,#wpn_grenade_bounce_snow
soundalias,#pfx_fire_sprinkler_celing
soundalias,#vox_powerup_max_ammo_prst_0
soundalias,#fly_step_walk_npc_paper
soundalias,#fly_gear_sprint_start_lt_plr
soundalias,#hash_2e650cbd96e02bbb
soundalias,#hash_2e685cf0bbe8b2fc
soundalias,#fly_land_fast_plr_heavy_brick
soundalias,#mpl_turret_servo
soundalias,#fly_melee_swipe_sword
soundalias,#zmb_step_blight_walk_paintedmetal
soundalias,#fly_step_crouch_walk_heavy_cloth
soundalias,#fly_lstep_crouch_run_npc_cloth
soundalias,#fly_qstep_walk_lt_npc_ceramic
soundalias,#vox_powerup_firesale_zmba_0
soundalias,#fly_land_imp_rapid_lt_plr_flesh
soundalias,#hash_2e84c9e08a91a1b1
soundalias,#fly_melee_imp_knife_rubber
soundalias,#hash_2e8ac4db53c9ffab
soundalias,#fly_lstep_crouch_walk_npc_glassbulletproof
soundalias,#wpn_smg_fastburst_killcam_ads_plr
soundalias,#fly_lstep_prone_npc_rock
soundalias,#prj_brass_impact_large_plaster
soundalias,#fly_lgear_walk_lt_npc
soundalias,#prj_brass_impact_shell_paper
soundalias,#fly_qstep_crouch_walk_lt_plr_snow
soundalias,#hash_2e9e66cec11dd9b0
soundalias,#fly_qstep_sprint_npc_cloth
soundalias,#exp_hero_bolt_blend
soundalias,#hash_2ea6ea8a97195179
soundalias,#wpn_ar_accurate_ads_npc
soundalias,#hash_2ea846f12033cf4e
soundalias,#fly_step_roof_tile_plr
soundalias,#fly_takeoff_heavy_brick
soundalias,#phy_milkcrate_bounce
soundalias,#fly_qstep_walk_lt_npc_glassbulletproof
soundalias,#wpn_assault_npc_dly_decay
soundalias,#wpn_grenade_explode_flesh
soundalias,#prj_brass_impact_large_plastic
soundalias,#wpn_ar_stealth_sup_fire_pap_npc
soundalias,#wpn_tr_powersemi_fire_act_plr
soundalias,#fly_lmg_spray_bolt_back
soundalias,#fly_pistol_standard_mag_out_npc
soundalias,#fly_step_walk_heavy_metalcatwalk
soundalias,#fly_step_sprint_heavy_glasscar
soundalias,#fly_thunder_mag_out_npc
soundalias,#fly_land_imp_rapid_plr_mud
soundalias,#wpn_pistol_flux_npc_l
soundalias,#wpn_pistol_flux_npc_r
soundalias,#fly_melee_swipe_pistol
soundalias,#fly_step_sprint_heavy_ice
soundalias,#wpn_sniper_quickscope_fire_pap_plr
soundalias,#fly_step_sprint_lt_npc_rubber
soundalias,#fly_midburst_bolt_forward
soundalias,#hash_2ee2595e44a7ec7f
soundalias,#fly_qstep_crouch_walk_lt_npc_dirt
soundalias,#wpn_smg_standard_sup_fire_pap_npc
soundalias,#wpn_lmg_stealth_sup_fire_killcam_plr
soundalias,#hash_2ef2e5af521e9817
soundalias,#fly_ballistic_knife_first_raise_npc
soundalias,#hash_2ef5caafb8f77428
soundalias,#wpn_shotgun_flux_r_plr_pap
soundalias,#hash_2ef7fddd0f97094b
soundalias,#wpn_lmg_heavy_uber_belt_plr
soundalias,#hash_2f00ec3812617698
soundalias,#hash_2f00ed381261784b
soundalias,#hash_2f00ef3812617bb1
soundalias,#exp_dart_rocket_decay
soundalias,#fly_step_walk_npc_cloth
soundalias,#hash_2f069f42ae34164e
soundalias,#fly_pistol_auto_mag_in_npc
soundalias,#fly_land_lt_npc_cushion
soundalias,#hash_2f0f235f7f6fc84d
soundalias,#hash_2f10af5c37b028b4
soundalias,#fly_lmg_mk48_mag_out_npc
soundalias,#fly_qstep_run_lt_npc_water
soundalias,#fly_qstep_walk_lt_plr_glass
soundalias,#hash_2f1e7d828eeec725
soundalias,#fly_qland_lt_npc_ceramic
soundalias,#fly_land_fast_plr_lt_default
soundalias,#fly_melee_hit_human_gore_1_npc
soundalias,#hash_2f2018234a363862
soundalias,#zmb_sq_souls_impact
soundalias,#hash_2f26c0c85a4072ca
soundalias,#hash_2f27efc04089bf7e
soundalias,#fly_step_sprint_plr_bodyarmor
soundalias,#hash_2f2c64828efada06
soundalias,#hash_2f2e254accf24d57
soundalias,#wpn_lmg_heavy_uber_fire_pap_plr
soundalias,#wpn_smoke_grenade_explode_lfe
soundalias,#fly_land_lt_npc_rubber
soundalias,#hash_2f38c03547dacab3
soundalias,#wpn_lmg_double_fire_pap_plr
soundalias,#wpn_rifle_ssw_npc_decay
soundalias,#hash_2f41838644e8b75f
soundalias,#hash_2f43e587981f6b6c
soundalias,#zmb_step_standard_sprint_carpet
soundalias,#fly_qstep_sprint_plr_tallgrass
soundalias,#wpn_smg_fastburst_sup_killcam_fire_plr
soundalias,#wpn_smg_thompson_fire_npc
soundalias,#fly_step_walk_lt_npc_watershallow
soundalias,#fly_lstep_sprint_npc_glassbulletproof
soundalias,#fly_land_plr_lt_metalthin
soundalias,#fly_qboot_sprint_npc
soundalias,#fly_qstep_run_plr_snow
soundalias,#wpn_smoke_bounce_concrete
soundalias,#fly_step_run_heavy_metalcatwalk
soundalias,#wpn_smg_versatile_act_killcam_plr
soundalias,#wpn_grenade_explode_water_2
soundalias,#vox_rush_destroyers_rush_0
soundalias,#fly_step_sprint_lt_npc_grass
soundalias,#hash_2f7e764bdde99118
soundalias,#hash_2f7ea95a0bad2129
soundalias,#hash_2f7ecf86f1cd8043
soundalias,#pfx_water_trickle
soundalias,#prj_brass_impact_small_gravel
soundalias,#fly_qstep_walk_plr_cushion
soundalias,#wpn_smg_accurate_sup_ads_killcam_plr
soundalias,#prj_bulletspray_impact_flesh
soundalias,#fly_gear_walk_stop_lt_plr
soundalias,#fly_step_prone_lt_npc_gravel
soundalias,#zmb_step_blight_run_glass
soundalias,#fly_qstep_crouch_walk_lt_plr_cushion
soundalias,#hash_2f906848d9042292
soundalias,#fly_land_heavy_glasscar
soundalias,#hash_2f9eba3e7c755ccd
soundalias,#hash_2fa09598c980510e
soundalias,#wpn_pistol_burst_npc_decay
soundalias,#fly_qstep_sprint_lt_plr_paintedmetal
soundalias,#wpn_smg_folding_sup_fire_plr
soundalias,#hash_2fa7e6b0278d6321
soundalias,#fly_step_crouch_walk_lt_npc_gravel
soundalias,#fly_step_prone_npc_bark
soundalias,#fly_land_imp_med_heavy_water
soundalias,#chr_water_impact_s_plr
soundalias,#fly_start_wall_lt_plr_wood
soundalias,#vox_rush_marauder_rush_0
soundalias,#fly_smg_standard_bolt_forward
soundalias,#amb_rattle_wood
soundalias,#fly_melee_imp_fist_glass
soundalias,#hash_2fbdc4636d2460f1
soundalias,#fly_qstep_walk_lt_npc_watershallow
soundalias,#fly_land_imp_rapid_heavy_metalthin
soundalias,#hash_2fc939eeea00cda6
soundalias,#zmb_step_standard_sprint_asphalt
soundalias,#prj_crossbow_impact_glass
soundalias,#prj_brass_impact_gren_case_paper
soundalias,#vox_rush_carpenter_rush_0
soundalias,#fly_slide_heavy_snow
soundalias,#fly_ar_fastfire_bolt_release
soundalias,#hash_2fde9cee57190535
soundalias,#fly_land_plr_plastic
soundalias,#fly_land_slow_plr_heavy_metal
soundalias,#fly_pistol_standard_slide_forward
soundalias,#prj_bulletspray_impact_asphalt
soundalias,#prj_hatchet_impact_brick
soundalias,#wpn_tr_damageburst_sup_fire_plr
soundalias,#fly_land_plr_plaster
soundalias,#zmb_step_blight_run_gravel
soundalias,#fly_takeoff_lt_plr_metal
soundalias,#zmb_step_blight_walk_grass
soundalias,#wpn_semtex_decay
soundalias,#fly_step_walk_plr_glasscar
soundalias,#fly_sniper_quick_bolt_forward
soundalias,#fly_qstep_run_lt_plr_default
soundalias,#zmb_step_crouch_run_npc_cushion
soundalias,#fly_qstep_crouch_walk_lt_plr_metalthin
soundalias,#fly_land_imp_rapid_plr_metalhollow
soundalias,#wpn_smoke_bounce_gravel
soundalias,#fly_start_wall_lt_plr_cloth
soundalias,#wpn_smg_vtile_rapid_sup_ads_killcam_plr
soundalias,#wpn_rifle_ssw_plr_decay
soundalias,#fly_start_wall_lt_plr_default
soundalias,#wpn_shotgun_fire_npc_pap_decay
soundalias,#wpn_pistol_fullauto_lfe_plr
soundalias,#wpn_ar_fastfire_lfe_npc
soundalias,#wpn_smg_fastburst_rf_killcam_ads_npc
soundalias,#wpn_lmg_standard_fire_pap_plr
soundalias,#fly_step_run_heavy_metalthin
soundalias,#wpn_lmg_stealth_uber_fire_dist_npc
soundalias,#wpn_smg_fastfire_fire_npc
soundalias,#fly_lstep_crouch_run_lt_npc_flesh
soundalias,#hash_303435624af46923
soundalias,#fly_ar_damage_tap_npc
soundalias,#wpn_smg_fastburst_sup_killcam_fire_npc
soundalias,#vox_rush_nosferatu_rush_0
soundalias,#fly_qstep_prone_heavy_fruit
soundalias,#wpn_ar_fastfire_ads_killcam_plr
soundalias,#zmb_bgb_nysm_loop_plr
soundalias,#zmb_death_gibss
soundalias,#wpn_generic_wpn_bounce_asphalt
soundalias,#fly_step_wall_lt_plr_dirt
soundalias,#zmb_double_points_loop
soundalias,#fly_smg_capacity_bolt_back_npc
soundalias,#hash_3056817796a3c841
soundalias,#wpn_lmg_spray_ads_killcam_plr
soundalias,#fly_takeoff_plr_grass
soundalias,#wpn_rifle_close_decay_npc
soundalias,#mpl_turret_micro_down
soundalias,#wpn_smg_versatile_act_killcam_npc
soundalias,#prj_brass_impact_gren_case_cloth
soundalias,#phy_impact_fruit
soundalias,#wpn_ar_stealth_rapid_fire_plr
soundalias,#wpn_lmg_spray_sup_lfe_killcam_plr
soundalias,#fly_takeoff_lt_plr_glassbulletproof
soundalias,#fly_qstep_walk_heavy_metalhollow
soundalias,#wpn_damagesemi_act_plr
soundalias,#wpn_sniper_mini14_sup_fire_pap_npc
soundalias,#vox_powerup_bonus_points_zmba_0
soundalias,#hash_307565f65d57bffe
soundalias,#hash_307566f65d57c1b1
soundalias,#hash_307567f65d57c364
soundalias,#hash_307568f65d57c517
soundalias,#hash_307569f65d57c6ca
soundalias,#hash_30756af65d57c87d
soundalias,#wpn_smg_capacity_rapid_act_plr
soundalias,#hash_3077c903c6205af3
soundalias,#wpn_smg_fastburst_fire_npc
soundalias,#wpn_smg_fastburst_sup_fire_npc
soundalias,#fly_land_plr_mud_sec
soundalias,#zmb_step_crouch_walk_npc_paper
soundalias,#hash_3084e26c7fa15bac
soundalias,#fly_boot_land_soft_plr
soundalias,#fly_qland_npc_rubber
soundalias,#fly_step_crouch_walk_lt_plr_glass
soundalias,#wpn_sniper_mini14_fire_pap_npc
soundalias,#prj_brass_impact_wraith_metalcar
soundalias,#fly_qstep_crouch_walk_lt_plr_tallgrass
soundalias,#fly_step_water_enter
soundalias,#hash_309ada7d23d76e50
soundalias,#fly_land_imp_fast_heavy_metal
soundalias,#wpn_tr_powersemi_lfe
soundalias,#fly_melee_lunge_knife
soundalias,#wpn_grenade_launch_bounce_dirt
soundalias,#fly_qland_lt_npc_metal
soundalias,#hash_30b5249b7cdbd523
soundalias,#wpn_smg_handling_lfe_killcam_plr
soundalias,#fly_lstep_walk_npc_glass
soundalias,#wpn_ar_peacekeeper_act_killcam_npc
soundalias,#fly_start_wall_lt_plr_dirt
soundalias,#hash_30e5258d747843fe
soundalias,#fly_land_plr_lt_rubber
soundalias,#fly_melee_swipe_victim_knife
soundalias,#hash_30ed74b817ddbbe2
soundalias,#wpn_smg_minigun_fire_loop_npc
soundalias,#fly_step_prone_lt_plr_snow
soundalias,#fly_step_wall_lt_plr_concrete
soundalias,#fly_qland_npc_cloth
soundalias,#evt_spare_change
soundalias,#fly_qstep_prone_heavy_glass
soundalias,#fly_step_walk_plr_paintedmetal
soundalias,#fly_land_imp_med_lt_plr_concrete
soundalias,#hash_30ff98fca1061772
soundalias,#zmb_step_standard_sprint_glassbulletproof
soundalias,#hash_3102fa5cad5f5d59
soundalias,#fly_step_run_lt_plr_snow
soundalias,#hash_3109126d3731f3d2
soundalias,#wpn_lmg_stealth_uber_sup_fire_npc
soundalias,#fly_step_prone_npc_plaster
soundalias,#wpn_sniper_powerbolt_fire_pap_npc
soundalias,#wpn_lmg_heavy_uber_lfe_killcam_plr
soundalias,#wpn_pistol_fullauto_lfe_npc
soundalias,#wpn_rifle_npc_decay
soundalias,#fly_step_prone_lt_npc_dirt
soundalias,#fly_qstep_sprint_heavy_metalcatwalk
soundalias,#wpn_ar_doublebarrel_sup_act_npc
soundalias,#fly_takeoff_heavy_flesh
soundalias,#fly_step_sprint_lt_plr_bodyarmor
soundalias,#fly_takeoff_plr_carpet
soundalias,#fly_step_crouch_walk_heavy_dirt
soundalias,#zmb_spawn_powerup_intro_loop
soundalias,#fly_step_prone_npc_plastic
soundalias,#fly_step_walk_plr_rock
soundalias,#zmb_bgb_fearinheadlights_loop
soundalias,#hash_312343edef77b727
soundalias,#fly_step_sprint_lt_npc_dirt
soundalias,#wpn_tr_powersemi_sup_fire_ads_plr
soundalias,#pfx_glass_fall
soundalias,#fly_ar_galil_mag_in_npc
soundalias,#fly_land_lt_plr_grass_sec
soundalias,#fly_takeoff_lt_plr_water
soundalias,#fly_step_walk_heavy_mud
soundalias,#phy_silverware_bounce
soundalias,#fly_land_slow_plr_heavy_concrete
soundalias,#wpn_concussion_bounce_grass
soundalias,#fly_qstep_crouch_walk_npc_glassbulletproof
soundalias,#wpn_smg_drum_ads_npc
soundalias,#hash_3154fc88e1ddff57
soundalias,#prj_bulletspray_impact_fruit
soundalias,#hash_31633e2fca1bb3d4
soundalias,#fly_qstep_run_npc_cloth
soundalias,#wpn_assault_flux_r_npc_pap
soundalias,#fly_thunder_first_raise_npc
soundalias,#hash_316b2ee2405d9fd7
soundalias,#fly_qstep_run_npc_rock
soundalias,#fly_lstep_prone_lt_npc_snow
soundalias,#hash_317947274dc1151f
soundalias,#fly_takeoff_plr_asphalt
soundalias,#wpn_smg_accurate_sup_lfe_plr
soundalias,#wpn_smg_accurate_sup_uber_fire_pap_npc
soundalias,#hash_317dd2f27b40f648
soundalias,#fly_lstep_run_npc_flesh
soundalias,#fly_qprone_water
soundalias,#hash_31801cf830bddcf0
soundalias,#fly_end_wall_lt_plr_ceramic
soundalias,#fly_step_prone_heavy_glasscar
soundalias,#fly_qboot_run_lt_npc
soundalias,#zmb_step_catalyst_electric_sprint_default
soundalias,#prj_bullet_impact_rock
soundalias,#wpn_ar_galil_act_killcam_npc
soundalias,#prj_brass_impact_sniper_paintedmetal
soundalias,#wpn_ar_standard_fire_act_plr
soundalias,#wpn_ar_stealth_sup_ads_plr
soundalias,#exp_emp_rocket_mid
soundalias,#wpn_pistol_flux_l_pap_npc
soundalias,#wpn_smg_capacity_fire_dist_npc
soundalias,#fly_takeoff_lt_npc_bodyarmor
soundalias,#fly_qstep_run_lt_plr_carpet
soundalias,#fly_step_prone_plr_flesh
soundalias,#fly_qstep_sprint_lt_plr_paper
soundalias,#hash_31aa56f3a214faaf
soundalias,#hash_31ab11fa85039c2d
soundalias,#hash_31ab61885cbdd8d4
soundalias,#fly_lstep_run_lt_npc_wood
soundalias,#prj_hatchet_impact_asphault
soundalias,#hash_31b0d5e356bb8815
soundalias,#fly_step_crouch_walk_heavy_glassbulletproof
soundalias,#wpn_ar_doublebarrel_act_npc
soundalias,#fly_step_sprint_lt_npc_glassbulletproof
soundalias,#fly_land_plr_lt_metalhollow
soundalias,#fly_slide_heavy_cushion
soundalias,#fly_weight_run_plr
soundalias,#fly_step_sprint_lt_plr_brick
soundalias,#prj_brass_impact_shell_asphalt
soundalias,#fly_leap_sprint_lt_plr_cloth
soundalias,#fly_qstep_run_lt_plr_grass
soundalias,#wpn_ar_peacekeeper_rf_ads_killcam_npc
soundalias,#hash_31f3a7b026edd76d
soundalias,#zmb_step_standard_sprint_tallgrass
soundalias,#wpn_lmg_stealth_uber_lfe_npc
soundalias,#fly_smg_fastburst_bolt_release_npc
soundalias,#fly_melee_lungealt_victim_sword_swt
soundalias,#fly_slide_plr_metalthin
soundalias,#wpn_generic_wpn_bounce_glass
soundalias,#hash_32099d5449d2e677
soundalias,#fly_qstep_walk_heavy_ceramic
soundalias,#wpn_grenade_bounce_paintedmetal
soundalias,#fly_land_imp_rapid_lt_plr_tallgrass
soundalias,#fly_land_slow_npc_lt_default
soundalias,#wpn_shotgun_auto_fire_act_plr
soundalias,#fly_land_damage_heavy
soundalias,#fly_step_sprint_lt_npc_cushion
soundalias,#wpn_tr_longburst_suppressed_killcam_ads_plr
soundalias,#fly_lstep_walk_lt_npc_sand
soundalias,#zmb_switch_flip
soundalias,#wpn_pistol_burst_sup_act_plr
soundalias,#fly_step_sprint_heavy_fruit
soundalias,#fly_step_walk_lt_plr_bodyarmor
soundalias,#fly_melee_imp_metal_npc_glass
soundalias,#hash_32365d9a3eae9e88
soundalias,#fly_uw_move_reload
soundalias,#hash_32382c52b69fd5d0
soundalias,#fly_qstep_run_plr_glass
soundalias,#prj_brass_impact_large_flesh
soundalias,#hash_323b4088b371a135
soundalias,#phy_impact_metal_cart
soundalias,#hash_32412743fde2866e
soundalias,#prj_bullet_metal_ricochet_armor
soundalias,#prj_bullet_metal_ricochet_warlord
soundalias,#wpn_tr_damageburst_sup_killcam_ads_npc
soundalias,#hash_324a48852f53b74e
soundalias,#hash_324ea4906c278672
soundalias,#wpn_smg_capacity_uber_act_npc
soundalias,#hash_3250c2b8874b3171
soundalias,#fly_lmg_mk48_mag_out
soundalias,#hash_32534f140be4bf0a
soundalias,#wpn_smg_accurate_uber_act_plr
soundalias,#hash_32565b6fe96b2660
soundalias,#hash_3259424d6bad92fa
soundalias,#fly_qstep_crouch_walk_lt_plr_mud
soundalias,#wpn_quickscope_flux_npc_l
soundalias,#wpn_quickscope_flux_npc_r
soundalias,#hash_32640b37bf254ae1
soundalias,#wpn_sniper_powersemi_fire_pap_plr
soundalias,#fly_leap_sprint_lt_plr_paintedmetal
soundalias,#hash_3268de2ac4cc4cb7
soundalias,#fly_qstep_walk_lt_npc_gravel
soundalias,#fly_lacnt_sprint_lt_npc
soundalias,#wpn_pistol_burst_sup_fire_npc
soundalias,#fly_step_sprint_plr_asphalt
soundalias,#fly_qland_lt_npc_glass
soundalias,#wpn_ar_an94_fire_sup_pap_plr
soundalias,#vox_powerup_instakill_avoa_0
soundalias,#wpn_smg_fastburst_killcam_ads_npc
soundalias,#fly_step_walk_heavy_plastic
soundalias,#wpn_smg_mp40_ads_npc
soundalias,#fly_step_crouch_run_heavy_cushion
soundalias,#fly_qstep_prone_heavy_ceramic
soundalias,#fly_melee_swipe_victim_sword_gore
soundalias,#mpl_turret_lost_enemy
soundalias,#hash_328969601ff814cd
soundalias,#wpn_ar_peacekeeper_rf_sup_fire_ads_plr
soundalias,#fly_qstep_sprint_plr_default
soundalias,#fly_land_plr_fruit
soundalias,#fly_qstep_sprint_lt_npc_paintedmetal
soundalias,#fly_land_lt_npc_snow
soundalias,#fly_qstep_run_lt_plr_plastic
soundalias,#fly_step_run_heavy_metal
soundalias,#wpn_fast_bolt_fire_pap_plr
soundalias,#wpn_lmg_standard_lfe_npc
soundalias,#fly_step_walk_heavy_plaster
soundalias,#fly_land_imp_med_plr_metalthin
soundalias,#fly_zombie_ground_climbout
soundalias,#prj_brass_impact_shell_carpet
soundalias,#hash_32addffcb093534c
soundalias,#fly_slide_npc_glassbulletproof
soundalias,#wpn_ar_mg1909_ads_npc
soundalias,#hash_32bbea85aab9c6e5
soundalias,#fly_land_imp_med_heavy_metalcar
soundalias,#fly_qstep_run_lt_plr_plaster
soundalias,#hash_32c70febb86c6814
soundalias,#hash_32ca2e17c5a0f6a4
soundalias,#hash_32cc900aa28da3ae
soundalias,#hash_32cd4af5d1caeeae
soundalias,#fly_step_run_npc_grass
soundalias,#wpn_grenade_bounce_wood
soundalias,#wpn_lmg_spray_sup_ads_plr
soundalias,#hash_32d48acd1252236b
soundalias,#hash_32d84c33e3afe185
soundalias,#fly_qboot_npc
soundalias,#wpn_smg_capacity_fire_plr
soundalias,#fly_land_slow_npc_lt_ceramic
soundalias,#zmb_fasttravel_teleport_end_plr
soundalias,#wpn_pistol_auto_plr_decay
soundalias,#fly_qland_lt_npc_cloth
soundalias,#fly_lstep_sprint_lt_npc_metalcar
soundalias,#fly_land_slow_plr_lt_carpet
soundalias,#hash_32f5db12406f1f15
soundalias,#wpn_smg_mp40_act_plr
soundalias,#fly_land_imp_med_lt_plr_watershallow
soundalias,#wpn_ar_an94_sup_ads_killcam_plr
soundalias,#wpn_smg_folding_ads_npc
soundalias,#fly_qstep_crouch_walk_lt_plr_paintedmetal
soundalias,#fly_qstep_sprint_lt_npc_metal
soundalias,#wpn_lmg_heavy_rf_act_killcam_plr
soundalias,#wpn_smoke_sparks
soundalias,#fly_slide_heavy_paintedmetal
soundalias,#fly_step_run_plr_tallgrass
soundalias,#fly_qstep_crouch_run_lt_plr_dirt
soundalias,#hash_331f95231299ba40
soundalias,#fly_qstep_walk_lt_plr_metalcar
soundalias,#zmb_step_crouch_run_npc_snow
soundalias,#fly_slide_heavy_default
soundalias,#fly_lstep_prone_lt_npc_cushion
soundalias,#fly_snipe_mini14_mag_in
soundalias,#fly_qland_npc_wood
soundalias,#fly_qstep_walk_heavy_gravel
soundalias,#hash_3338a7c6f223d4d4
soundalias,#fly_land_slow_npc_lt_cloth
soundalias,#hash_3339ee2cc583d14b
soundalias,#wpn_shotgun_pump_fire_dist_npc
soundalias,#wpn_pistol_burst_rf_lfe_killcam_npc
soundalias,#hash_333dfa4dae527a89
soundalias,#zmb_ai_bfather_step_sprint
soundalias,#fly_qstep_crouch_run_plr_dirt
soundalias,#fly_qstep_prone_plr_watershallow
soundalias,#wpn_tr_longburst_sup_upg_lfe_npc
soundalias,#fly_qstep_crouch_walk_plr_glassbulletproof
soundalias,#zmb_step_blight_walk_metal
soundalias,#fly_step_prone_lt_plr_sand
soundalias,#wpn_lmg_heavy_uber_ads_killcam_plr
soundalias,#wpn_smg_handling_sup_rh_lfe_killcam_npc
soundalias,#wpn_pistol_standard_sup_fire_ads_plr
soundalias,#hash_337186cd40b7ccfa
soundalias,#zmb_fasttravel_teleport_lp_plr
soundalias,#fly_land_slow_npc_lt_fruit
soundalias,#fly_melee_imp_fist_npc_plastic
soundalias,#hash_337c269313064983
soundalias,#fly_ar_standard_mag_out
soundalias,#hash_338111ee45bb0709
soundalias,#wpn_ar_peacekeeper_act_npc
soundalias,#zmb_fasttravel_teleport_start_npc
soundalias,#fly_bump_irongate
soundalias,#hash_3392950fafaed0e0
soundalias,#fly_land_imp_rapid_heavy_ceramic
soundalias,#wpn_smg_standard_silencer_lfe_npc
soundalias,#wpn_grenade_explode_plastic
soundalias,#fly_slide_plr_snow
soundalias,#fly_lstep_walk_npc_gravel
soundalias,#fly_qstep_run_lt_npc_wood
soundalias,#zmb_step_standard_sprint_paper
soundalias,#wpn_ar_fastfire_upg_act_killcam_plr
soundalias,#hash_33a78d5342636638
soundalias,#hash_33aa08ee45ddfcd2
soundalias,#hash_33acd39f2de6b070
soundalias,#fly_step_crouch_walk_plr_concrete
soundalias,#hash_33b6a998603c309d
soundalias,#hash_33be138718c77011
soundalias,#wpn_grenade_explode_plaster
soundalias,#fly_land_imp_fast_lt_plr_metal
soundalias,#fly_takeoff_plr_ceramic
soundalias,#hash_33c5e3222e38a6ff
soundalias,#hash_33c641330dc1896e
soundalias,#wpn_smg_handling_lh_ads_killcam_plr
soundalias,#fly_lstep_walk_npc_cloth
soundalias,#wpn_smg_handling_rh_ads_npc
soundalias,#fly_step_walk_lt_npc_tallgrass
soundalias,#fly_melee_lunge_player_fist_bot
soundalias,#fly_qstep_crouch_walk_lt_npc_water
soundalias,#hash_33d5bd333da33f5c
soundalias,#fly_takeoff_lt_plr_dirt
soundalias,#fly_qstep_crouch_walk_plr_cloth
soundalias,#fly_land_slow_npc_heavy_water
soundalias,#wpn_pistol_burst_rf_fire_dist_npc
soundalias,#fly_qstep_prone_lt_plr_ice
soundalias,#fly_land_damage_lt_npc
soundalias,#fly_bump_dishes
soundalias,#fly_qstep_walk_lt_plr_rubber
soundalias,#fly_takeoff_npc_cloth
soundalias,#fly_land_imp_rapid_lt_plr_asphalt
soundalias,#hash_34078e54c95907a8
soundalias,#fly_qstep_sprint_lt_npc_concrete
soundalias,#fly_step_walk_lt_npc_metalthin
soundalias,#wpn_smg_mp40_fire_pap_plr
soundalias,#fly_land_npc_mud
soundalias,#fly_stance_prone2crouch_lt_npc
soundalias,#hash_340e94f110e4ffdb
soundalias,#fly_peacekeeper_mag_out
soundalias,#wpn_smg_handling_sup_lh_ads_npc
soundalias,#hash_341647f7ed1d5bf9
soundalias,#hash_34171fbe73f22788
soundalias,#fly_melee_swipe_sword_h
soundalias,#wpn_grenade_explode_rock
soundalias,#fly_lmg_spray_mag_in
soundalias,#fly_boot_soft_run_heavy
soundalias,#fly_qstep_prone_npc_fruit
soundalias,#fly_step_roof_tile_npc
soundalias,#fly_step_sprint_npc_ice
soundalias,#fly_step_run_heavy_glasscar
soundalias,#fly_qstep_prone_plr_metalcar
soundalias,#prj_bullet_impact_teddybear
soundalias,#wpn_smg_capacity_rapid_ads_killcam_npc
soundalias,#zmb_bgb_abh_teleport_in
soundalias,#hash_3440329f5031bb0c
soundalias,#wpn_smg_capacity_uber_overheat
soundalias,#fly_slide_plr_default
soundalias,#wpn_lmg_spray_lfe_killcam_npc
soundalias,#wpn_smoke_bounce_sand
soundalias,#hash_34549007527ea0e6
soundalias,#fly_qstep_sprint_lt_plr_sand
soundalias,#zmb_bgb_mindblown_start
soundalias,#fly_peacekeeper_mag_out_npc
soundalias,#wpn_lmg_stealth_uber_act_npc
soundalias,#fly_step_prone_lt_plr_metalthin
soundalias,#fly_land_imp_med_lt_plr_bark
soundalias,#chr_health_lowhealth_loop
soundalias,#hash_345bc8825d6dac11
soundalias,#hash_345dd96a26d8de32
soundalias,#hash_345ddbf77e41d83c
soundalias,#hash_345e3b2d7bb3c0f9
soundalias,#wpn_ar_peacekeeper_rf_act_npc
soundalias,#fly_lstep_crouch_walk_npc_metal
soundalias,#hash_3469f9bac4eedd41
soundalias,#fly_qstep_sprint_lt_npc_paper
soundalias,#wpn_tr_flechette_fire_dist_npc
soundalias,#fly_step_wood_creak_plr
soundalias,#wpn_tr_longburst_uber_killcam_act_npc
soundalias,#fly_lstep_prone_npc_grass
soundalias,#wpn_smg_accurate_uber_killcam_ads_plr
soundalias,#fly_step_sprint_npc_cloth
soundalias,#wpn_rocket_explode
soundalias,#hash_3480e92173a5788b
soundalias,#fly_land_imp_fast_heavy_cloth
soundalias,#fly_land_plr_default
soundalias,#fly_step_crouch_walk_plr_rubber
soundalias,#hash_348bef3a1ee67c44
soundalias,#fly_step_run_heavy_glassbulletproof
soundalias,#hash_3493150bd78969a6
soundalias,#fly_lstep_run_npc_gravel
soundalias,#zmb_step_standard_sprint_paintedmetal
soundalias,#fly_lstep_walk_npc_ceramic
soundalias,#fly_slide_lt_plr_paintedmetal
soundalias,#hash_349eb2dc92ba42d1
soundalias,#fly_step_sprint_plr_dirt
soundalias,#fly_qstep_walk_heavy_metal
soundalias,#hash_349f606f56a2ae32
soundalias,#fly_demo_hammer_first_raise
soundalias,#fly_qstep_prone_heavy_mud
soundalias,#fly_qstep_crouch_run_lt_plr_plaster
soundalias,#zmb_step_standard_run_snow
soundalias,#wpn_smg_handling_sup_lh_act_killcam_npc
soundalias,#fly_step_wall_lt_plr_cushion
soundalias,#fly_lstep_run_lt_npc_sand
soundalias,#wpn_grenade_bounce_foliage
soundalias,#hash_34acbace007c3d20
soundalias,#fly_step_crouch_run_heavy_wood
soundalias,#fly_step_walk_plr_metal
soundalias,#wpn_tr_longburst_killcam_ads_npc
soundalias,#fly_step_sprint_heavy_metalthin
soundalias,#wpn_grenade_explode_concrete
soundalias,#hash_34baa750a418076b
soundalias,#fly_generic_raise_npc
soundalias,#fly_step_walk_lt_plr_snow
soundalias,#wpn_ar_an94_sup_act_killcam_plr
soundalias,#fly_an94_bolt_release
soundalias,#fly_step_run_plr_cushion
soundalias,#wpn_shotgun_fire_distant
soundalias,#fly_qstep_crouch_run_lt_plr_plastic
soundalias,#fly_qstep_crouch_walk_plr_metalcar
soundalias,#wpn_ar_galil_sup_ads_killcam_plr
soundalias,#fly_land_imp_rapid_heavy_fruit
soundalias,#fly_land_fast_npc_lt_flesh
soundalias,#wpn_lmg_stealth_act_npc
soundalias,#fly_qstep_prone_heavy_rock
soundalias,#wpn_shotgun_auto_fire_plr_pap
soundalias,#wpn_pistol_standard_auto_fire_pap_plr
soundalias,#fly_qstep_crouch_run_lt_npc_ceramic
soundalias,#fly_lstep_run_lt_npc_bodyarmor
soundalias,#prj_bullet_impact_default
soundalias,#fly_melee_lunge_player_knife_bot
soundalias,#prj_brass_impact_large_concrete
soundalias,#hash_34f8468e3b0df397
soundalias,#phy_glass_bottle_bounce
soundalias,#hash_350130cd61d3e472
soundalias,#fly_step_prone_lt_plr_concrete
soundalias,#fly_land_imp_rapid_plr_default
soundalias,#fly_land_imp_rapid_plr_metalthin
soundalias,#fly_pistol_revolver_shells_out_npc
soundalias,#fly_qstep_walk_lt_plr_wood
soundalias,#wpn_tr_midburst_sup_fire_dist_npc
soundalias,#fly_step_run_heavy_ceramic
soundalias,#fly_melee_imp_metal_metal
soundalias,#wpn_ar_peacekeeper_rf_fire_plr
soundalias,#zmb_step_crouch_run_npc_paper
soundalias,#wpn_smg_versatile_silencer_fire_plr
soundalias,#zmb_trials_round_end
soundalias,#fly_powersemi_bolt_forward
soundalias,#fly_lstep_walk_npc_wood
soundalias,#fly_qstep_prone_lt_plr_metalcatwalk
soundalias,#fly_pistol_burst_slide_forward_npc
soundalias,#fly_mann_limb_bounce_rubber
soundalias,#fly_qstep_crouch_walk_lt_npc_metal
soundalias,#wpn_pistol_burst_sup_rf_act_plr
soundalias,#mus_raygun_stinger
soundalias,#fly_melee_imp_arm_blade_npc_metalcar
soundalias,#fly_stance_prone2crouch_lt_plr_foliage
soundalias,#fly_qstep_run_plr_brick
soundalias,#fly_land_slow_plr_lt_ceramic
soundalias,#zmb_step_standard_sprint_cloth
soundalias,#fly_step_crouch_walk_npc_concrete
soundalias,#fly_step_broken_glass_plr
soundalias,#fly_qstep_crouch_walk_plr_cushion
soundalias,#hash_3550d2f720bd9f5f
soundalias,#hash_355775e6af11036e
soundalias,#wpn_ar_mg1909_act_killcam_npc
soundalias,#hash_355e7b9027c27cf1
soundalias,#fly_qstep_sprint_lt_plr_brick
soundalias,#zmb_step_blight_walk_metalthin
soundalias,#wpn_generic_clip_bounce_ceramic
soundalias,#fly_melee_lunge_swt_2d_rifle
soundalias,#fly_takeoff_plr_flesh
soundalias,#zmb_step_standard_run_mud
soundalias,#fly_land_slow_npc_lt_dirt_big
soundalias,#fly_land_imp_med_plr_glassbulletproof
soundalias,#zmb_vocals_bfather_missile
soundalias,#fly_step_crouch_walk_lt_npc_brick
soundalias,#dst_car_bullet_rico
soundalias,#wpn_ar_stealth_sup_ads_npc
soundalias,#wpn_mini14_lfe_plr
soundalias,#fly_qstep_sprint_npc_bark
soundalias,#hash_357a45b04ba8fd3e
soundalias,#wpn_smg_fastfire_uber_fire_killcam_npc
soundalias,#fly_qstep_crouch_walk_lt_plr_sand
soundalias,#fly_shotgun_argus_ping_npc
soundalias,#hash_357dd56398a0227e
soundalias,#wpn_flash_effect_loop
soundalias,#fly_qland_lt_npc_gravel
soundalias,#hash_358730312fff0692
soundalias,#fly_qstep_run_lt_plr_gravel
soundalias,#prj_bullet_impact_grass
soundalias,#fly_lstep_crouch_walk_lt_npc_asphalt
soundalias,#zmb_step_crouch_run_npc_carpet
soundalias,#fly_qstep_walk_npc_default
soundalias,#fly_qstep_crouch_walk_plr_tallgrass
soundalias,#fly_end_wall_lt_plr_cushion
soundalias,#fly_land_slow_npc_heavy_wood
soundalias,#wpn_ar_peacekeeper_fire_act_plr
soundalias,#fly_step_sprint_lt_plr_bark
soundalias,#fly_qstep_walk_npc_mud
soundalias,#fly_land_imp_rapid_heavy_default
soundalias,#zmb_ai_bfather_missile_launch
soundalias,#wpn_powersemi_fire_npc
soundalias,#hash_35b93f5f8e78dff8
soundalias,#hash_35bc8837ac224c93
soundalias,#wpn_melee_impact_generic_plr
soundalias,#fly_fall_wind_rapid_lp
soundalias,#wpn_smg_versatile_fire_pap_plr
soundalias,#hash_35c1bd017b5e9f98
soundalias,#fly_qstep_walk_npc_brick
soundalias,#hash_35cc4a1fe97634da
soundalias,#fly_qstep_crouch_run_npc_snow
soundalias,#fly_qstep_crouch_run_heavy_bark
soundalias,#wpn_pistol_standard_auto_fire_pap_npc
soundalias,#hash_35dd54b0ba28abac
soundalias,#fly_land_slow_npc_lt_wood
soundalias,#fly_land_fast_plr_lt_dirt
soundalias,#wpn_rpg_whizby_lfe
soundalias,#wpn_mini14_fire_npc
soundalias,#hash_35ebee26a517d6e0
soundalias,#prj_brass_impact_small_rock
soundalias,#fly_step_crouch_walk_plr_carpet
soundalias,#hash_35fd6527c96fe9db
soundalias,#wpn_smg_versatile_silencer_fire_npc
soundalias,#fly_qstep_walk_lt_npc_rubber
soundalias,#wpn_smg_standard_silencer_act_plr
soundalias,#fly_land_fast_plr_heavy_ice
soundalias,#fly_qstep_run_plr_carpet
soundalias,#wpn_generic_wpn_bounce_wood
soundalias,#fly_qstep_walk_plr_bodyarmor
soundalias,#fly_qstep_run_lt_npc_watershallow
soundalias,#wpn_tr_damageburst_ads_npc
soundalias,#wpn_mini14_act_plr
soundalias,#prj_brass_impact_small_plastic
soundalias,#hash_3626087ecd356eff
soundalias,#fly_lstep_crouch_walk_npc_mud
soundalias,#fly_qstep_crouch_run_plr_metalhollow
soundalias,#fly_takeoff_plr_gravel
soundalias,#fly_land_slow_plr_heavy_carpet
soundalias,#fly_wpn_handle_high
soundalias,#zmb_step_blight_run_rubber
soundalias,#prj_brass_impact_small_plaster
soundalias,#hash_3633f785c28e8ef3
soundalias,#hash_36378acd462a708b
soundalias,#fly_slide_lt_npc_foliage
soundalias,#fly_slide_lt_npc_wood
soundalias,#wpn_sniper_powerbolt_fire_npc_decay
soundalias,#fly_gear_run_heavy
soundalias,#wpn_smg_standard_silencer_act_killcam_npc
soundalias,#fly_step_crouch_run_lt_plr_cushion
soundalias,#fly_qstep_crouch_run_plr_cushion
soundalias,#wpn_smg_fastburst_rf_fire_npc
soundalias,#zmb_step_catalyst_corrosive_run_wood
soundalias,#fly_melee_lunge_rifle_swt
soundalias,#fly_step_turnstile_enter
soundalias,#fly_land_fast_npc_heavy_glassbulletproof
soundalias,#chr_burn_start_loop
soundalias,#mpl_turret_case_open
soundalias,#fly_end_wall_lt_plr_metalcatwalk
soundalias,#fly_lstep_crouch_run_npc_brick
soundalias,#hash_3661d7ea4ea0fa4e
soundalias,#wpn_ar_standard_act_killcam_npc
soundalias,#fly_melee_swipe_victim_pistol
soundalias,#fly_takeoff_plr_wood
soundalias,#fly_step_sprint_npc_flesh
soundalias,#fly_qstep_prone_npc_plaster
soundalias,#hash_366b9bd7f32c2521
soundalias,#wpn_smg_capacity_rapid_fire_dist_npc
soundalias,#fly_step_walk_npc_metalthin
soundalias,#fly_land_plr_lt_watershallow
soundalias,#fly_qstep_prone_npc_plastic
soundalias,#fly_gear_run_igc_lt_plr
soundalias,#fly_bump_tire
soundalias,#fly_qboot_soft_sprint_lt_npc
soundalias,#fly_step_crouch_walk_plr_grass
soundalias,#fly_smg_handling_bolt_forward_npc
soundalias,#hash_368028edc2f0d343
soundalias,#hash_36806f26140ff261
soundalias,#fly_takeoff_heavy_snow
soundalias,#prj_crack_hero_annihilator
soundalias,#fly_slide_plr_fruit
soundalias,#fly_bump_solid_metal
soundalias,#fly_lboot_land_soft_npc
soundalias,#wpn_grenade_launch_bounce_water
soundalias,#hash_36960248a0a8d637
soundalias,#wpn_generic_clip_bounce_paper
soundalias,#hash_3697284f18c72555
soundalias,#fly_end_wall_lt_plr_metalhollow
soundalias,#hash_369cf7775fb1d566
soundalias,#prj_brass_impact_large_bark
soundalias,#zmb_bgb_plainsight_start
soundalias,#wpn_ar_stealth_sup_fire_npc
soundalias,#fly_qstep_prone_lt_plr_metal
soundalias,#fly_lstep_walk_lt_npc_paper
soundalias,#fly_land_fast_plr_lt_metalhollow
soundalias,#wpn_powersemi_lfe_npc
soundalias,#fly_qstep_crouch_walk_plr_default
soundalias,#fly_step_crouch_walk_plr_metalhollow
soundalias,#hash_36b27cb4e023fd69
soundalias,#prj_crossbow_impact_ice_crack
soundalias,#hash_36b866818d9fd53a
soundalias,#hash_36b99c54cd1d8c78
soundalias,#phy_impact_hard_foliage
soundalias,#fly_land_plr_glassbulletproof
soundalias,#hash_36c45a1b6a06006a
soundalias,#fly_qstep_sprint_lt_plr_snow
soundalias,#hash_36c9f8d6e793cbe5
soundalias,#fly_end_gear_wall_lt_plr
soundalias,#fly_step_run_lt_npc_brick
soundalias,#wpn_smoke_bounce_foliage
soundalias,#wpn_fast_bolt_fire_pap_sup_plr
soundalias,#zmb_step_blight_run_cushion
soundalias,#wpn_rpg_flux_r_plr_pap
soundalias,#zmb_step_blight_walk_bark
soundalias,#hash_36f67ba491a2d2d5
soundalias,#wpn_tr_midburst_lfe_npc
soundalias,#fly_land_imp_fast_plr_metalcar
soundalias,#fly_step_crouch_run_npc_paper
soundalias,#wpn_smg_mp40_fire_npc
soundalias,#wpn_smg_standard_silencer_lfe
soundalias,#zmb_step_crouch_run_npc_glasscar
soundalias,#exp_emp_rocket
soundalias,#hash_371080eb797e2eb4
soundalias,#wpn_mini14_uber_lfe_npc
soundalias,#wpn_smg_fastfire_ads_killcam_npc
soundalias,#fly_step_prone_lt_npc_bark
soundalias,#zmb_step_blight_walk_metalhollow
soundalias,#wpn_lmg_heavy_rf_lfe_npc
soundalias,#wpn_smg_fastburst_rf_sup_act_plr
soundalias,#fly_lstep_sprint_npc_bark
soundalias,#fly_land_npc_dirt_big
soundalias,#hash_37385edd3952de55
soundalias,#hash_373ad7ad3f9e0941
soundalias,#wpn_lmg_heavy_belt_plr
soundalias,#vox_rush_zmb_tigers_rush_0
soundalias,#wpn_smg_accurate_uber_sup_ads_plr
soundalias,#fly_qstep_run_npc_watershallow
soundalias,#wpn_sniper_powerbolt_fire_npc
soundalias,#fly_step_crouch_walk_heavy_bodyarmor
soundalias,#fly_land_imp_med_lt_plr_rock
soundalias,#fly_qstep_sprint_plr_brick_swt
soundalias,#prj_crossbow_impact_paper
soundalias,#fly_boot_run_plr
soundalias,#prj_brass_impact_sniper_metalcar
soundalias,#wpn_grenade_explode_lfe
soundalias,#fly_qstep_walk_heavy_glassbulletproof
soundalias,#fly_qstep_crouch_run_plr_foliage
soundalias,#wpn_lmg_heavy_rf_act_killcam_npc
soundalias,#fly_qstep_walk_npc_bodyarmor
soundalias,#fly_ar_stealth_mag_in_npc
soundalias,#wpn_grenade_launch_bounce_fruit
soundalias,#wpn_smg_versatile_flux_l_plr_pap
soundalias,#fly_land_plr_watershallow
soundalias,#wpn_lmg_heavy_fire_killcam_npc
soundalias,#zmb_step_crouch_walk_npc_concrete
soundalias,#zmb_armor_break_swt
soundalias,#hash_3788e7fc3218f115
soundalias,#hash_378c586a9d186dbe
soundalias,#fly_step_walk_npc_water
soundalias,#wpn_smg_fastburst_fire_dist_npc
soundalias,#fly_qstep_crouch_walk_heavy_rock
soundalias,#prj_hatchet_impact_paintedmetal
soundalias,#wpn_smg_accurate_sup_act_npc
soundalias,#fly_qboot_soft_npc
soundalias,#fly_step_walk_plr_brick
soundalias,#fly_qstep_walk_lt_plr_brick
soundalias,#fly_step_crouch_run_heavy_sand
soundalias,#fly_qstep_sprint_heavy_bodyarmor
soundalias,#fly_zombie_mantle_fast
soundalias,#zmb_step_crouch_walk_npc_bodyarmor
soundalias,#zmb_step_standard_walk_metalcatwalk
soundalias,#fly_qstep_crouch_walk_lt_plr_bodyarmor
soundalias,#hash_37b6bab1a8af8039
soundalias,#fly_smg_fastburst_switch
soundalias,#hash_37bd046aa9367a77
soundalias,#wpn_smg_fastburst_rf_lfe_plr
soundalias,#wpn_powersemi_flux_npc_l
soundalias,#wpn_powersemi_flux_npc_r
soundalias,#hash_37c79a98a5f9899b
soundalias,#fly_qstep_crouch_run_lt_plr_tallgrass
soundalias,#fly_land_imp_fast_heavy_cushion
soundalias,#fly_step_prone_heavy_bodyarmor
soundalias,#fly_mann_limb_bounce_grass
soundalias,#zmb_step_standard_sprint_rubber
soundalias,#fly_qstep_sprint_npc_ice
soundalias,#fly_qstep_run_npc_glass
soundalias,#fly_land_imp_med_heavy_ice
soundalias,#wpn_pistol_revolver_fire_npc
soundalias,#fly_qstep_crouch_run_npc_carpet
soundalias,#wpn_tr_flechette_fire_act_plr
soundalias,#fly_step_run_npc_rubber
soundalias,#wpn_lmg_plr_decay
soundalias,#hash_37f6e1d0ee8912ac
soundalias,#mpl_turret_kill_assist
soundalias,#hash_3803a0c1dee81eac
soundalias,#hash_3803a2c1dee82212
soundalias,#hash_3803a3c1dee823c5
soundalias,#prj_hatchet_impact_robot_fatal
soundalias,#hash_3808a772f84fb5c8
soundalias,#zmb_step_standard_sprint_glass
soundalias,#hash_380aa9e5b46e7fb8
soundalias,#prj_brass_impact_small_fruit
soundalias,#fly_qstep_crouch_walk_lt_plr_metalhollow
soundalias,#prj_brass_impact_large_rubber
soundalias,#wpn_smg_standard_lfe_killcam_npc
soundalias,#fly_trav_low_over_no_hands_npc
soundalias,#prj_bulletspray_impact_teddybear
soundalias,#hash_3819a8b8339adf7d
soundalias,#prj_bullet_impact_robot_headshot
soundalias,#fly_tesla_sniper_mag_in_npc
soundalias,#hash_381fedf0d0b4e431
soundalias,#fly_land_imp_rapid_heavy_snow
soundalias,#fly_step_run_plr_snow
soundalias,#zmb_step_blight_walk_concrete
soundalias,#hash_382c19c8309b1cda
soundalias,#fly_lstep_crouch_walk_npc_default
soundalias,#fly_takeoff_lt_npc_rubber
soundalias,#wpn_lmg_standard_fire_npc
soundalias,#hash_3834ac87a818b998
soundalias,#fly_qstep_crouch_run_npc_cloth
soundalias,#fly_step_crouch_run_lt_plr_cloth
soundalias,#fly_lstep_sprint_npc_tallgrass
soundalias,#fly_slide_npc_watershallow
soundalias,#fly_start_wall_lt_plr_snow
soundalias,#fly_qstep_sprint_plr_snow
soundalias,#vox_powerup_doublepoints_avoa_0
soundalias,#fly_land_imp_fast_heavy_concrete
soundalias,#hash_384eef303dcb73ac
soundalias,#wpn_smg_folding_lfe_killcam_plr
soundalias,#prj_hatchet_impact_canvas
soundalias,#fly_weight_sprint_plr
soundalias,#fly_qstep_prone_lt_npc_bark
soundalias,#fly_land_plr_lt_grass
soundalias,#wpn_generic_clip_bounce_rock
soundalias,#fly_step_sprint_npc_gravel
soundalias,#fly_qstep_crouch_run_heavy_mud
soundalias,#fly_lstep_walk_lt_npc_ice
soundalias,#hash_386103a8c809e377
soundalias,#fly_qstep_crouch_run_npc_metalhollow
soundalias,#fly_land_imp_med_plr_metalcatwalk
soundalias,#fly_lstep_sprint_lt_npc_rubber
soundalias,#fly_lstep_walk_lt_npc_glasscar
soundalias,#fly_acnt_plr
soundalias,#wpn_tr_damageburst_sup_killcam_fire_plr
soundalias,#fly_step_prone_lt_plr_metalcar
soundalias,#hash_3874b1bb58cb3cfd
soundalias,#wpn_smg_versatile_lfe_killcam_npc
soundalias,#wpn_smg_handling_sup_rh_fire_plr
soundalias,#hash_387b5f0186ec3393
soundalias,#fly_melee_swipealt_player_fist
soundalias,#fly_slide_lt_plr_metalhollow
soundalias,#fly_qweight_sprint_npc
soundalias,#wpn_ar_damage_act_killcam_npc
soundalias,#fly_qstep_run_lt_npc_paper
soundalias,#fly_start_wall_lt_plr_metalcar
soundalias,#hash_389108e047b125c7
soundalias,#fly_boot_sprint_npc
soundalias,#fly_qstep_prone_lt_plr_flesh
soundalias,#wpn_generic_wpn_bounce_paintedmetal
soundalias,#fly_qstep_crouch_run_npc_glass
soundalias,#hash_389c501b292014e6
soundalias,#fly_step_sprint_lt_plr_metal
soundalias,#wpn_tr_longburst_upg_uber_lfe_plr
soundalias,#fly_qimpact_lt_npc
soundalias,#fly_qstep_prone_plr_metalthin
soundalias,#fly_lstep_crouch_run_npc_bark
soundalias,#hash_38aea7c1c496f611
soundalias,#hash_38b2faf6781b2a6e
soundalias,#fly_qland_npc_mud
soundalias,#fly_qstep_crouch_run_lt_plr_bark
soundalias,#fly_qstep_prone_lt_npc_mud
soundalias,#hash_38beb7bb7ebf1edb
soundalias,#wpn_grenade_bounce_brick
soundalias,#fly_qstep_run_lt_plr_paintedmetal
soundalias,#fly_melee_imp_plastic
soundalias,#fly_slide_heavy_paper
soundalias,#fly_qstep_sprint_npc_metal
soundalias,#fly_qstep_sprint_heavy_metalthin
soundalias,#fly_step_prone_lt_plr_metalcatwalk
soundalias,#fly_qstep_prone_plr_flesh
soundalias,#fly_land_heavy_hard
soundalias,#prj_bullet_impact_xtreme_flesh
soundalias,#wpn_powersemi_dist_npc
soundalias,#fly_slide_heavy_carpet
soundalias,#fly_qstep_run_lt_npc_tallgrass
soundalias,#wpn_smg_fastburst_rf_ads_plr
soundalias,#fly_land_fast_plr_lt_grass
soundalias,#wpn_smg_handling_lh_act_npc
soundalias,#fly_start_wall_lt_plr_tallgrass
soundalias,#zmb_bgb_plainsight_loop_plr
soundalias,#hash_38eab76c3649b709
soundalias,#fly_lacnt_run_npc
soundalias,#fly_qstep_crouch_walk_heavy_glass
soundalias,#wpn_smg_handling_lh_ads_killcam_npc
soundalias,#prj_brass_impact_wraith_water
soundalias,#wpn_shotgun_pump_npc_lfe
soundalias,#fly_land_heavy_wood
soundalias,#vox_rush_timer_4_rush_0
soundalias,#zmb_step_crouch_run_npc_fruit
soundalias,#fly_land_slow_plr_lt_sand
soundalias,#fly_shotgun_semi_mag_in_npc
soundalias,#fly_slide_lt_npc_grass
soundalias,#wpn_smg_drum_lfe_npc
soundalias,#amb_rattle_metal_deep
soundalias,#wpn_ar_fastfire_uber_fire_pap_npc
soundalias,#wpn_pistol_standard_auto_act_plr
soundalias,#fly_land_imp_rapid_heavy_grass
soundalias,#fly_qstep_crouch_run_lt_npc_metalcar
soundalias,#wpn_tr_midburst_killcam_ads_npc
soundalias,#wpn_tr_longburst_killcam_ads_plr
soundalias,#wpn_sniper_mini14_fire_pap_plr
soundalias,#fly_lstep_crouch_walk_lt_npc_bark
soundalias,#wpn_mini14_sup_dryfire_plr
soundalias,#wpn_smg_versatile_rapid_ads_killcam_npc
soundalias,#fly_trav_low_no_hands_npc
soundalias,#fly_land_fast_plr_heavy_tallgrass
soundalias,#hash_393227df3ee249cf
soundalias,#prj_crossbow_impact_metal
soundalias,#fly_step_broken_glass_npc
soundalias,#zmb_step_standard_run_cushion
soundalias,#wpn_lmg_stealth_sup_lfe_plr
soundalias,#fly_land_plr_paintedmetal
soundalias,#fly_topbreak_shells_out
soundalias,#fly_lstep_walk_lt_npc_glassbulletproof
soundalias,#prj_bolt_impact_paper
soundalias,#wpn_smg_fastfire_lfe_killcam_plr
soundalias,#fly_takeoff_plr_bodyarmor
soundalias,#fly_step_wall_lt_plr_metalthin
soundalias,#fly_land_fast_plr_lt_metal
soundalias,#zmb_step_crouch_run_npc_tallgrass
soundalias,#fly_takeoff_lt_npc_metalhollow
soundalias,#fly_qstep_prone_heavy_flesh
soundalias,#fly_zombie_jumpland_hard_swt
soundalias,#fly_lstep_crouch_run_npc_water
soundalias,#hash_395cb4fe3661a70e
soundalias,#fly_qstep_walk_npc_flesh
soundalias,#hash_39629c9bf5e354b0
soundalias,#wpn_damagesemi_dryfire_plr
soundalias,#zmb_step_blight_run_glassbulletproof
soundalias,#fly_land_imp_rapid_lt_plr_concrete
soundalias,#wpn_ar_an94_sup_lfe_killcam_npc
soundalias,#wpn_ar_peacekeeper_rf_fire_dist_npc
soundalias,#fly_melee_lunge_victim_fist_bot
soundalias,#mus_trials_round_end_intro
soundalias,#fly_ar_stealth_mag_in
soundalias,#wpn_smoke_hiss_end
soundalias,#fly_melee_lungealt_victim_knife
soundalias,#prj_brass_impact_plr_gren_case_ceramic
soundalias,#amb_rattle_car_alarm_dist
soundalias,#hash_39888c62fe1371c6
soundalias,#fly_land_plr_carpet
soundalias,#hash_398b959bf6064ddf
soundalias,#prj_bullet_impact_xtreme_paper
soundalias,#hash_3993cc4754551af2
soundalias,#prj_brass_impact_wraith_snow
soundalias,#wpn_smg_handling_sup_rh_act_plr
soundalias,#prj_hatchet_impact_bottle
soundalias,#fly_gear_heavy
soundalias,#fly_step_prone_heavy_default
soundalias,#hash_39aebe4ef801adde
soundalias,#wpn_ar_galil_fire_killcam_plr
soundalias,#wpn_smg_handling_sup_lh_ads_plr
soundalias,#fly_takeoff_plr_fruit
soundalias,#zmb_insta_kill_loop_off
soundalias,#hash_39be2154e9872319
soundalias,#fly_land_imp_med_heavy_glass
soundalias,#prj_bulletspray_impact_carpet
soundalias,#wpn_smg_accurate_sup_fire_killcam_npc
soundalias,#prj_wheel_damage
soundalias,#fly_step_prone_heavy_cloth
soundalias,#fly_land_imp_fast_heavy_gravel
soundalias,#fly_qstep_sprint_lt_plr_watershallow
soundalias,#prj_brass_impact_sniper_mud
soundalias,#hash_39d3eff98185ab53
soundalias,#fly_lstep_crouch_walk_npc_asphalt
soundalias,#hash_39d55f6c36e3db2a
soundalias,#wpn_smg_capacity_rapid_ads_killcam_plr
soundalias,#prj_bullet_impact_cushion
soundalias,#fly_qstep_crouch_walk_lt_plr_rock
soundalias,#wpn_ar_peacekeeper_rf_sup_lfe_npc
soundalias,#zmb_step_blight_walk_flesh
soundalias,#fly_qstep_walk_npc_glass
soundalias,#fly_land_lt_plr_asphalt_sec
soundalias,#chr_swimming_stroke_ow_plr
soundalias,#phy_impact_metal_metal
soundalias,#fly_snipe_fast_bolt_back
soundalias,#zmb_bgb_powerup_burnedout
soundalias,#fly_qstep_prone_lt_plr_glass
soundalias,#fly_qstep_crouch_walk_lt_npc_ceramic
soundalias,#prj_hatchet_impact_metal_hollow
soundalias,#fly_step_walk_npc_glasscar
soundalias,#hash_3a00405dba421f6c
soundalias,#fly_land_imp_med_plr_dirt
soundalias,#zmb_step_catalyst_electric_walk_wood
soundalias,#hash_3a040e913ff6a2a1
soundalias,#fly_qstep_prone_lt_plr_gravel
soundalias,#fly_land_lt_npc_dirt_big
soundalias,#hash_3a09942ba4a10ca3
soundalias,#fly_slide_plr_metalcatwalk
soundalias,#hash_3a0ca797864b9802
soundalias,#zmb_bgb_bullet_boost
soundalias,#vox_rush_timer_9_rush_0
soundalias,#fly_step_run_npc_cushion
soundalias,#fly_qstep_walk_lt_npc_mud
soundalias,#fly_slide_npc_ceramic
soundalias,#fly_lstep_prone_npc_gravel
soundalias,#zmb_spawn_powerup_intro
soundalias,#wpn_smg_standard_rapid_lfe_npc
soundalias,#fly_melee_lunge_player_pistol
soundalias,#fly_slide_lt_npc_metalhollow
soundalias,#fly_land_imp_rapid_heavy_wood
soundalias,#fly_land_imp_fast_plr_asphalt
soundalias,#wpn_smg_handling_rh_lfe_plr
soundalias,#wpn_smg_fastfire_lfe_killcam_npc
soundalias,#wpn_tr_midburst_sup_killcam_ads_npc
soundalias,#prj_bolt_impact_asphalt
soundalias,#prj_bullet_impact_xtreme_cloth
soundalias,#fly_lstep_run_npc_rock
soundalias,#vox_rush_player_down_rush_0
soundalias,#hash_3a40a0388fe28e21
soundalias,#fly_land_imp_med_plr_rubber
soundalias,#bik_ct_skirmishhsearchndestroy_loadingmovie
soundalias,#fly_takeoff_lt_plr_cloth
soundalias,#fly_land_lt_plr_carpet_sec
soundalias,#fly_step_crouch_run_lt_npc_water
soundalias,#zmb_step_crouch_run_npc_glassbulletproof
soundalias,#fly_land_npc_foliage
soundalias,#fly_takeoff_plr_glassbulletproof
soundalias,#fly_land_lt_npc_sand
soundalias,#hash_3a578c97d37bed50
soundalias,#wpn_generic_wpn_bounce_brick
soundalias,#fly_step_walk_lt_npc_snow
soundalias,#fly_land_fast_npc_lt_brick
soundalias,#wpn_shotgun_trenchgun_fire_plr
soundalias,#fly_land_lt_plr_gravel_sec
soundalias,#fly_takeoff_heavy_glassbulletproof
soundalias,#fly_melee_imp_npc_plastic
soundalias,#zmb_step_standard_run_foliage
soundalias,#fly_qstep_crouch_run_lt_plr_ice
soundalias,#fly_step_run_lt_npc_flesh
soundalias,#wpn_pistol_flux_r_pap_npc
soundalias,#fly_qstep_crouch_walk_npc_metalcar
soundalias,#fly_step_run_lt_plr_watershallow
soundalias,#fly_step_crouch_walk_npc_metalcar
soundalias,#exp_grenade_water_ripple
soundalias,#prj_bullet_impact_fruit
soundalias,#fly_end_wall_lt_plr_dirt_big
soundalias,#fly_lstep_walk_npc_metal
soundalias,#hash_3a917b233e97d009
soundalias,#fly_land_imp_fast_lt_plr_sand
soundalias,#wpn_powersemi_lfe_plr
soundalias,#wpn_ar_peacekeeper_fire_npc
soundalias,#wpn_assault_plr_single_decay
soundalias,#zmb_vocals_zombie_death_nohead
soundalias,#fly_step_crouch_run_npc_snow
soundalias,#fly_midburst_mag_out
soundalias,#fly_lacnt_sprint_npc
soundalias,#hash_3aac3862f216cf1f
soundalias,#fly_smg_folding_bolt_back
soundalias,#hash_3aafe004bb3d565d
soundalias,#wpn_smg_capacity_uber_act_killcam_plr
soundalias,#fly_qstep_sprint_heavy_metal
soundalias,#hash_3abb22a4a2c7e488
soundalias,#fly_slide_npc_water
soundalias,#hash_3abd6de5f29905eb
soundalias,#fly_land_fast_plr_lt_bodyarmor
soundalias,#fly_shotgun_argus_wheel_close
soundalias,#fly_step_sprint_lt_npc_foliage
soundalias,#fly_step_crouch_walk_npc_default
soundalias,#hash_3ac733ad7cb145ec
soundalias,#fly_step_crouch_walk_heavy_ceramic
soundalias,#fly_step_sprint_heavy_metal
soundalias,#wpn_smg_standard_lfe_npc
soundalias,#fly_lstep_walk_lt_npc_dirt
soundalias,#fly_lstep_walk_npc_rubber
soundalias,#fly_stance_prone2crouch_lt_plr_plaster
soundalias,#fly_qstep_sprint_lt_npc_sand
soundalias,#hash_3add419c2360f68f
soundalias,#fly_shotgun_semi_mag_out
soundalias,#fly_ar_accurate_mag_in
soundalias,#fly_bump_wood_board
soundalias,#fly_lstep_walk_npc_dirt
soundalias,#fly_qstep_sprint_plr_ceramic
soundalias,#fly_land_imp_fast_plr_glassbulletproof
soundalias,#fly_step_walk_npc_asphalt
soundalias,#zmb_vocals_bfather_pain
soundalias,#fly_step_crouch_run_plr_flesh
soundalias,#fly_land_imp_fast_heavy_glass
soundalias,#fly_takeoff_plr_default
soundalias,#fly_step_run_lt_npc_glass
soundalias,#prj_brass_impact_plr_gren_case_snow
soundalias,#hash_3aff2c309eca7837
soundalias,#fly_land_fast_plr_lt_glassbulletproof
soundalias,#fly_stance_prone2crouch_lt_plr_plastic
soundalias,#hash_3b02a0ff3745cbce
soundalias,#fly_lstep_crouch_run_npc_wood
soundalias,#fly_slide_heavy_glassbulletproof
soundalias,#fly_step_sprint_lt_plr_glass
soundalias,#prj_bullet_impact_headshot
soundalias,#fly_crossbow_mag_in_npc
soundalias,#fly_slide_lt_npc_metalcatwalk
soundalias,#fly_qstep_walk_npc_rock
soundalias,#fly_step_walk_lt_npc_carpet
soundalias,#wpn_tr_longburst_suppressed_killcam_lfe_plr
soundalias,#prj_brass_impact_gren_case_sand
soundalias,#fly_step_crouch_walk_npc_paintedmetal
soundalias,#fly_lstep_sprint_lt_npc_bodyarmor
soundalias,#zmb_vocals_catalyst_plasma_sprint
soundalias,#fly_ar_standard_mag_out_npc
soundalias,#wpn_pistol_npc_full_decay
soundalias,#fly_slide_heavy_ice
soundalias,#zmb_step_crouch_run_npc_concrete
soundalias,#hash_3b277f4572603015
soundalias,#mpl_turret_micro_startup
soundalias,#wpn_pistol_fullauto_d_fire_pap_npc
soundalias,#fly_bump_stretcher
soundalias,#wpn_ar_modular_fire_pap_plr
soundalias,#fly_lstep_run_npc_bodyarmor
soundalias,#wpn_melee_battleshield_whoosh_plr
soundalias,#prj_brass_impact_plr_gren_case_glass
soundalias,#fly_step_walk_plr_sand
soundalias,#hash_3b4b5c2b98537654
soundalias,#vox_rush_third_gained_rush_0
soundalias,#fly_lstep_walk_npc_carpet
soundalias,#hash_3b59d3c99bac4071
soundalias,#fly_qstep_run_plr_glassbulletproof
soundalias,#wpn_grenade_explode_cloth
soundalias,#wpn_tr_longburst_sup_upg_killcam_lfe_npc
soundalias,#fly_step_run_plr_carpet
soundalias,#fly_weight_run_igc_lt_plr
soundalias,#wpn_smg_accurate_uber_sup_fire_npc
soundalias,#fly_step_walk_plr_rubber
soundalias,#zmb_step_blight_run_paper
soundalias,#fly_qstep_run_heavy_paintedmetal
soundalias,#fly_step_crouch_run_lt_npc_plastic
soundalias,#amb_rattle_tin
soundalias,#wpn_shotgun_trenchgun_lfe
soundalias,#fly_step_crouch_run_lt_npc_plaster
soundalias,#fly_step_crouch_run_plr_metalhollow
soundalias,#fly_step_walk_lt_npc_metal
soundalias,#zmb_step_blight_walk_metalcar
soundalias,#wpn_grenade_explode_fruit
soundalias,#wpn_ar_damage_fire_dist_npc
soundalias,#fly_slide_npc_cloth
soundalias,#fly_qstep_sprint_lt_npc_glassbulletproof
soundalias,#wpn_lmg_spray_lfe1_npc
soundalias,#wpn_smg_fastburst_rf_lfe_npc
soundalias,#fly_land_imp_med_plr_grass
soundalias,#wpn_tr_flechette_lfe_npc
soundalias,#fly_qstep_crouch_walk_plr_gravel
soundalias,#fly_lmg_standard_belt_feed_npc
soundalias,#wpn_pistol_topbreak_lfe
soundalias,#wpn_smg_folding_act_killcam_npc
soundalias,#fly_lstep_prone_lt_npc_sand
soundalias,#fly_land_fast_npc_heavy_brick
soundalias,#fly_step_prone_lt_npc_default
soundalias,#wpn_tr_longburst_fire_dist_npc
soundalias,#fly_step_crouch_run_lt_npc_metalhollow
soundalias,#zmb_blocker_debris_lp
soundalias,#fly_step_wall_lt_plr_metalhollow
soundalias,#wpn_lmg_close_npc_decay
soundalias,#wpn_assault_plr_dly_decay
soundalias,#exp_emp_rocket_lfe
soundalias,#fly_qstep_crouch_run_npc_rubber
soundalias,#fly_step_walk_npc_mud
soundalias,#hash_3bd5967fb037ea63
soundalias,#hash_3bd866eddf387396
soundalias,#zmb_vocals_catalyst_water_death
soundalias,#fly_qstep_crouch_run_plr_glass
soundalias,#wpn_smg_handling_sup_lfe_killcam_npc
soundalias,#fly_qstep_sprint_plr_metalcatwalk
soundalias,#fly_land_imp_rapid_plr_glass
soundalias,#wpn_shotgun_precision_sup_fire_act_npc
soundalias,#zmb_step_standard_walk_cloth
soundalias,#zmb_vocals_catalyst_electric_sprint
soundalias,#wpn_tr_powersemi_sup_act_npc
soundalias,#fly_melee_lunge_victim_sword_swt
soundalias,#prj_brass_impact_large_ice
soundalias,#fly_lstep_crouch_run_npc_glasscar
soundalias,#hash_3bfb2f52882db40e
soundalias,#zmb_bgb_self_medication
soundalias,#fly_lstep_sprint_lt_npc_carpet
soundalias,#hash_3bffb960bb884b3f
soundalias,#hash_3c0241e769a9c378
soundalias,#fly_qstep_walk_npc_bark
soundalias,#wpn_smg_accurate_lfe_killcam_plr
soundalias,#zmb_ai_catalyst_corrosive_death_end
soundalias,#wpn_smg_accurate_fire_killcam_npc
soundalias,#wpn_lmg_heavy_fire_npc
soundalias,#wpn_lmg_stealth_sup_belt_npc
soundalias,#vox_powerup_firesale_ward_0
soundalias,#fly_land_imp_rapid_lt_plr_foliage
soundalias,#fly_qstep_prone_plr_sand
soundalias,#wpn_tr_midburst_sup_lfe_npc
soundalias,#fly_step_walk_heavy_water
soundalias,#fly_takeoff_lt_npc_rock
soundalias,#fly_slide_lt_plr_ice
soundalias,#fly_qstep_crouch_walk_npc_bark
soundalias,#wpn_tr_longburst_killcam_lfe_plr
soundalias,#fly_land_slow_npc_lt_grass
soundalias,#fly_qland_lt_npc_metalhollow
soundalias,#fly_land_fast_plr_heavy_metalthin
soundalias,#hash_3c36bd5d58f29b47
soundalias,#fly_lstep_sprint_lt_npc_paper
soundalias,#fly_boot_land_heavy
soundalias,#hash_3c3e2c2d4e6562b1
soundalias,#pfx_steam_pipe
soundalias,#hash_3c409fad7d67e5f1
soundalias,#fly_qstep_run_lt_npc_brick
soundalias,#hash_3c43f1113766085a
soundalias,#fly_shotgun_semi_bolt_release_npc
soundalias,#hash_3c46aa58a099bafb
soundalias,#hash_3c486a7182519661
soundalias,#fly_lstep_crouch_run_npc_metal
soundalias,#fly_step_sprint_plr_metal
soundalias,#zmb_step_crouch_run_npc_metal
soundalias,#wpn_smoke_bounce_paper
soundalias,#wpn_pistol_revolver_fire_plr
soundalias,#fly_step_prone_heavy_gravel
soundalias,#zmb_vocals_catalyst_plasma_pain
soundalias,#hash_3c5b4c4bbcb2b99f
soundalias,#wpn_lmg_stealth_lfe_plr
soundalias,#fly_lstep_crouch_run_npc_dirt
soundalias,#fly_melee_imp_knife_npc_wood
soundalias,#fly_qstep_run_heavy_paper
soundalias,#chr_water_impact_r_plr
soundalias,#fly_melee_swipe_player_sword
soundalias,#fly_land_heavy_bodyarmor
soundalias,#fly_step_sprint_heavy_cushion
soundalias,#hash_3c6821a13b13a1df
soundalias,#fly_acnt_walk_igc_lt_plr
soundalias,#wpn_lmg_stealth_uber_act_killcam_plr
soundalias,#wpn_lmg_heavy_rf_lfe_killcam_plr
soundalias,#wpn_tr_longburst_upg_killcam_lfe_npc
soundalias,#fly_takeoff_heavy_gravel
soundalias,#wpn_lmg_stealth_uber_belt_npc
soundalias,#fly_step_run_plr_glasscar
soundalias,#prj_crossbow_impact_teddybear
soundalias,#fly_qboot_land_soft_lt_npc
soundalias,#hash_3c75e1a12a3f8143
soundalias,#hash_3c7d64e40cc8325e
soundalias,#hash_3c80cb956b22f175
soundalias,#hash_3c820ee41ebfe7d6
soundalias,#wpn_pistol_burst_fire_pap_npc
soundalias,#fly_lstep_sprint_npc_ceramic
soundalias,#fly_gear_sprint_stop_lt_plr
soundalias,#fly_land_slow_npc_heavy_grass
soundalias,#hash_3c9312c88d0d5081
soundalias,#wpn_ar_modular_lfe_killcam_npc
soundalias,#hash_3c98652db0c467f0
soundalias,#fly_step_run_lt_plr_rock
soundalias,#fly_step_crouch_walk_lt_npc_grass
soundalias,#fly_land_lt_plr_sand_sec
soundalias,#fly_qstep_run_plr_rubber
soundalias,#fly_step_crouch_run_npc_wood
soundalias,#fly_qstep_run_heavy_sand
soundalias,#wpn_lmg_single_plr_decay
soundalias,#fly_step_sprint_lt_npc_metalthin
soundalias,#fly_step_run_npc_concrete
soundalias,#wpn_tr_flechette_sup_fire_pap_plr
soundalias,#fly_stance_prone2crouch_lt_plr_mud
soundalias,#fly_melee_imp_fist_lfe
soundalias,#zmb_ai_bfather_step_wood
soundalias,#wpn_lmg_heavy_belt_npc
soundalias,#fly_lstep_crouch_run_lt_npc_default
soundalias,#hash_3cc4c81fbcc228fc
soundalias,#wpn_tactical_dly_plr_decay
soundalias,#hash_3ccecda12a8b881d
soundalias,#zmb_step_crouch_walk_npc_mud
soundalias,#fly_ar_damage_bolt_back
soundalias,#fly_step_tarp_plr
soundalias,#fly_takeoff_npc_foliage
soundalias,#wpn_rocket_blend
soundalias,#vox_rush_bombers_rush_0
soundalias,#fly_land_plr_lt_ceramic
soundalias,#fly_melee_swipe_fist
soundalias,#wpn_smg_thompson_lfe_npc
soundalias,#prj_bullet_impact_xtreme_concrete
soundalias,#fly_qstep_prone_lt_plr_metalthin
soundalias,#fly_bump_blinds
soundalias,#fly_land_imp_med_lt_plr_glasscar
soundalias,#hash_3cfa03824b9a3d30
soundalias,#hash_3cfd98c8edc20ac3
soundalias,#fly_land_imp_fast_plr_concrete
soundalias,#fly_step_run_npc_metal
soundalias,#hash_3d09210066ee486a
soundalias,#zmb_step_crouch_walk_npc_water
soundalias,#fly_land_imp_rapid_lt_plr_carpet
soundalias,#fly_trav_mid_two_hands
soundalias,#fly_land_heavy_cloth
soundalias,#fly_land_imp_med_heavy_watershallow
soundalias,#hash_3d1cecd38391b6ef
soundalias,#fly_end_wall_lt_plr_concrete
soundalias,#fly_land_fast_plr_lt_foliage
soundalias,#wpn_pistol_plr_full_decay
soundalias,#hash_3d2b5cdbfef7524d
soundalias,#zmb_blocker_rockwall_repair
soundalias,#prj_bulletspray_debris_wood
soundalias,#fly_qstep_walk_plr_grass
soundalias,#fly_gear_sprint_start_npc
soundalias,#pfx_fire_sml
soundalias,#fly_land_imp_med_lt_plr_plastic
soundalias,#prj_bullet_impact_metal_thin
soundalias,#wpn_smg_standard_lfe_killcam_plr
soundalias,#fly_smg_mp40_bolt_back_npc
soundalias,#fly_land_imp_med_lt_plr_plaster
soundalias,#fly_qland_lt_npc_rock
soundalias,#hash_3d52cbce1b056fe4
soundalias,#fly_qboot_sprint_lt_npc
soundalias,#prj_brass_impact_wraith_fruit
soundalias,#hash_3d5c746cc9f84010
soundalias,#hash_3d6385b07e720176
soundalias,#hash_3d65b93848888b00
soundalias,#wpn_lmg_spray_fire_pap_npc
soundalias,#fly_bump_cabinet
soundalias,#fly_lboot_sprint_lt_npc
soundalias,#fly_land_imp_fast_heavy_sand
soundalias,#fly_land_fast_npc_heavy_tallgrass
soundalias,#wpn_grenade_launch_bounce_foliage
soundalias,#fly_land_slow_npc_heavy_cushion
soundalias,#fly_lstep_crouch_run_npc_glassbulletproof
soundalias,#fly_ar_galil_mag_out
soundalias,#fly_trav_high_npc
soundalias,#fly_qstep_run_heavy_tallgrass
soundalias,#fly_gear_sprint_lt_npc
soundalias,#fly_land_imp_fast_heavy_paintedmetal
soundalias,#fly_land_imp_med_plr_water
soundalias,#fly_generic_ads_lower_plr
soundalias,#fly_step_walk_lt_plr_ice
soundalias,#fly_step_walk_plr_foliage
soundalias,#fly_shotgun_pump_pull
soundalias,#fly_step_corr_metal_enter
soundalias,#fly_slide_lt_npc_cushion
soundalias,#fly_trav_low_no_hands
soundalias,#amb_rattle_water
soundalias,#fly_qstep_run_lt_plr_asphalt_swt
soundalias,#hash_3dca026a9596d77a
soundalias,#zmb_step_standard_run_carpet
soundalias,#wpn_sniper_powerbolt_dryfire_npc
soundalias,#fly_stance_prone2crouch_lt_plr_sand
soundalias,#fly_acnt_run_heavy
soundalias,#hash_3de20a8e1b1fafad
soundalias,#fly_qstep_sprint_lt_npc_metalthin
soundalias,#fly_qstep_run_plr_rock_swt
soundalias,#fly_land_fast_plr_heavy_dirt
soundalias,#hash_3deded0150715f80
soundalias,#fly_qstep_walk_lt_plr_carpet
soundalias,#fly_ar_accurate_bolt_back_npc
soundalias,#fly_step_crouch_walk_plr_fruit
soundalias,#fly_land_imp_fast_lt_plr_glassbulletproof
soundalias,#fly_qweight_run_npc
soundalias,#fly_lstep_sprint_npc_paper
soundalias,#wpn_ar_stealth_sup_lfe_killcam_npc
soundalias,#fly_slide_plr_rubber
soundalias,#fly_land_slow_npc_heavy_ice
soundalias,#zmb_vocals_zombie_attack_melee
soundalias,#fly_step_run_plr_foliage
soundalias,#fly_qstep_crouch_walk_plr_metalcatwalk
soundalias,#fly_lmg_heavy_pull
soundalias,#wpn_ar_an94_fire_killcam_plr
soundalias,#wpn_ar_modular_sup_fire_plr
soundalias,#fly_qstep_crouch_walk_npc_foliage
soundalias,#wpn_smg_accurate_uber_lfe_plr
soundalias,#fly_end_wall_lt_plr_foliage
soundalias,#hash_3e3f2adbf0634df8
soundalias,#wpn_ar_peacekeeper_sup_fire_lfe_plr
soundalias,#fly_land_slow_npc_lt_ice
soundalias,#fly_land_plr_rock_sec
soundalias,#fly_step_wall_lt_plr_grass
soundalias,#fly_land_imp_rapid_lt_plr_metalhollow
soundalias,#fly_step_run_lt_plr_grass
soundalias,#prj_bolt_impact_ceramic
soundalias,#hash_3e52ddf2f25e2a39
soundalias,#wpn_pistol_standard_auto_fire_npc
soundalias,#zmb_step_standard_walk_watershallow
soundalias,#fly_lstep_crouch_run_lt_npc_paintedmetal
soundalias,#hash_3e59f3c3b8ddf84b
soundalias,#fly_step_branches_npc
soundalias,#fly_qboot_run_npc
soundalias,#wpn_grenade_explode_player
soundalias,#fly_qstep_run_lt_plr_dirt
soundalias,#wpn_pistol_burst_rf_fire_killcam_plr
soundalias,#hash_3e649f0d4ef5c517
soundalias,#fly_step_walk_lt_plr_grass
soundalias,#wpn_smg_plr_pap_decay
soundalias,#fly_step_wood_stairs_npc
soundalias,#hash_3e6aa4de2156bf1e
soundalias,#fly_melee_imp_battleshield_wood
soundalias,#fly_step_crouch_run_lt_npc_metal
soundalias,#fly_step_prone_lt_plr_paintedmetal
soundalias,#fly_land_imp_rapid_plr_cloth
soundalias,#fly_qstep_crouch_run_lt_plr_glass
soundalias,#wpn_ar_peacekeeper_rf_sup_fire_killcam_npc
soundalias,#wpn_lmg_flux_l_plr_pap
soundalias,#hash_3e7a76d587cd237d
soundalias,#hash_3e7c77c936afd700
soundalias,#wpn_ar_peacekeeper_fire_plr
soundalias,#fly_qstep_crouch_walk_lt_npc_mud
soundalias,#wpn_tr_longburst_upg_uber_killcam_fire_plr
soundalias,#fly_slide_npc_sand
soundalias,#fly_lboot_run_npc
soundalias,#wpn_pistol_burst_rf_fire_npc
soundalias,#exp_rocket_wasp_lfe
soundalias,#wpn_smg_accurate_uber_sup_killcam_fire_npc
soundalias,#fly_melee_lunge_victim_pistol
soundalias,#wpn_smg_fastfire_ads_npc
soundalias,#wpn_tr_powersemi_fire_plr
soundalias,#fly_step_sprint_heavy_metalcar
soundalias,#hash_3eb2820c7835ad6f
soundalias,#fly_step_prone_plr_asphalt
soundalias,#fly_qstep_prone_npc_grass
soundalias,#wpn_smg_fastburst_fire_pap_plr
soundalias,#prj_bulletspray_impact_foliage
soundalias,#wpn_tr_damageburst_killcam_fire_npc
soundalias,#fly_lstep_crouch_walk_lt_npc_dirt
soundalias,#pfx_steam_hollow
soundalias,#wpn_ultimate_turret_lfe_npc
soundalias,#fly_lstep_run_lt_npc_watershallow
soundalias,#fly_lstep_crouch_run_lt_npc_glasscar
soundalias,#wpn_quickscope_dist_npc
soundalias,#wpn_assault_plr_pap_decay
soundalias,#wpn_smg_drum_act_npc
soundalias,#hash_3ede07632065a563
soundalias,#hash_3edffa94df3472a8
soundalias,#hash_3edffb94df34745b
soundalias,#hash_3edffe94df347974
soundalias,#hash_3edfff94df347b27
soundalias,#hash_3ee00094df347cda
soundalias,#hash_3ee00194df347e8d
soundalias,#prj_crossbow_impact_bark
soundalias,#wpn_crossbow_dryfire_plr
soundalias,#fly_takeoff_heavy_metal
soundalias,#hash_3eec4fffca80a373
soundalias,#fly_ar_galil_bolt_back
soundalias,#wpn_generic_wpn_bounce_cloth
soundalias,#fly_lstep_run_lt_npc_grass
soundalias,#fly_qstep_walk_heavy_watershallow
soundalias,#fly_land_imp_rapid_plr_cushion
soundalias,#fly_land_imp_fast_plr_wood
soundalias,#fly_lmg_spray_button_npc
soundalias,#wpn_smoke_pull_pin_plyr
soundalias,#hash_3f0345f204b5579b
soundalias,#prj_bulletspray_impact_metal
soundalias,#fly_leap_sprint_lt_plr_foliage
soundalias,#wpn_damagesemi_act_npc
soundalias,#hash_3f145f02569c722f
soundalias,#fly_slide_lt_npc_ceramic
soundalias,#wpn_smg_versatile_ads_npc
soundalias,#fly_qstep_crouch_run_lt_plr_metalcatwalk
soundalias,#fly_pistol_drum_mag_in
soundalias,#fly_land_slow_plr_heavy_ice
soundalias,#fly_land_imp_rapid_plr_paintedmetal
soundalias,#fly_slide_heavy_metalthin
soundalias,#fly_land_fast_npc_lt_rubber
soundalias,#fly_land_slow_npc_heavy_metalcar
soundalias,#fly_snipe_fast_cyl_out
soundalias,#wpn_tr_damageburst_sup_lfe_npc
soundalias,#wpn_generic_wpn_bounce_carpet
soundalias,#fly_qstep_run_lt_plr_metalthin
soundalias,#wpn_pistol_topbreak_fire_pap_npc
soundalias,#hash_3f3906908a3dd78c
soundalias,#mpl_death_by_falling
soundalias,#fly_land_imp_med_heavy_dirt
soundalias,#fly_qstep_sprint_lt_plr_mud
soundalias,#hash_3f46e44a43bfdb39
soundalias,#fly_land_lt_plr_wood_sec
soundalias,#fly_lstep_crouch_run_npc_carpet
soundalias,#wpn_mini14_sup_lfe_plr
soundalias,#hash_3f4da91ef646c254
soundalias,#fly_step_crouch_run_lt_plr_paintedmetal
soundalias,#fly_melee_swipealt_victim_sword_swt
soundalias,#fly_land_slow_plr_heavy_plaster
soundalias,#fly_melee_imp_knife_riot
soundalias,#fly_boot_land_npc
soundalias,#hash_3f575971cf4fcaf8
soundalias,#fly_qstep_sprint_lt_npc_default
soundalias,#fly_land_slow_plr_heavy_plastic
soundalias,#fly_slide_plr_glass
soundalias,#fly_lgear_run_npc
soundalias,#wpn_smg_capacity_uber_lfe_killcam_npc
soundalias,#wpn_ar_modular_act_killcam_npc
soundalias,#fly_qstep_crouch_run_lt_npc_metal
soundalias,#amb_rattle_chains
soundalias,#wpn_pistol_burst_lfe_killcam_npc
soundalias,#fly_qland_npc_flesh
soundalias,#hash_3f88cffc19d4a171
soundalias,#fly_qstep_walk_npc_plaster
soundalias,#wpn_flashbang_button_3
soundalias,#wpn_flashbang_button_2
soundalias,#fly_melee_imp_metal_wood
soundalias,#fly_lstep_crouch_run_npc_tallgrass
soundalias,#fly_land_imp_med_lt_plr_paper
soundalias,#prj_bullet_impact_headshot_helmet_nodie
soundalias,#wpn_shotgun_precision_sup_fire_plr_pap
soundalias,#hash_3f969a2cbe6bf119
soundalias,#fly_step_run_npc_carpet
soundalias,#mpl_death_by_melee
soundalias,#hash_3fa60e9f0a23f01e
soundalias,#phy_impact_wood_hard
soundalias,#wpn_smg_decay_bright_plr
soundalias,#zmb_step_standard_sprint_metal
soundalias,#prj_hatchet_impact_metal
soundalias,#wpn_lmg_spray_sup_act_npc
soundalias,#hash_3fae73e0dee7787f
soundalias,#zmb_bgb_boardtodeath_imp
soundalias,#fly_qstep_walk_npc_plastic
soundalias,#hash_3fb10dd7204917cc
soundalias,#hash_3fb6ae7f52d40cae
soundalias,#zmb_vocals_zombie_mutate
soundalias,#fly_qstep_run_plr_concrete
soundalias,#fly_qstep_run_lt_plr_glassbulletproof
soundalias,#prj_bulletspray_impact_bottle
soundalias,#fly_vmp_bolt_back_npc
soundalias,#fly_step_prone_lt_npc_rock
soundalias,#fly_qstep_sprint_heavy_metalcar
soundalias,#fly_step_crouch_walk_lt_npc_rubber
soundalias,#hash_3fd7b8a78207e7eb
soundalias,#fly_qboot_sprint_lt_heavy
soundalias,#hash_3fdcab46eb37eff2
soundalias,#prj_brass_impact_small_metalcatwalk
soundalias,#fly_qstep_crouch_run_heavy_watershallow
soundalias,#fly_step_sprint_lt_plr_mud
soundalias,#fly_lstep_sprint_npc_metalhollow
soundalias,#fly_step_crouch_run_plr_mud
soundalias,#fly_lmg_standard_belt_feed
soundalias,#fly_riotshield_melee_swing_cloth
soundalias,#fly_land_plr_lt_mud
soundalias,#wpn_smg_folding_sup_ads_plr
soundalias,#wpn_grenade_launch_bounce_cloth
soundalias,#zmb_sq_medallion_player
soundalias,#fly_qstep_crouch_run_plr_metalthin
soundalias,#fly_qstep_walk_lt_plr_metalcatwalk
soundalias,#wpn_pistol_burst_fire_killcam_plr
soundalias,#chr_swimming_drown_bubbles
soundalias,#fly_stance_prone2crouch_lt_plr_metalhollow
soundalias,#fly_lstep_walk_lt_npc_bark
soundalias,#hash_400c20ca3876aca8
soundalias,#fly_lstep_run_npc_water
soundalias,#fly_qstep_run_lt_npc_ceramic
soundalias,#fly_lmg_mk48_button_npc
soundalias,#wpn_smg_thompson_act_killcam_npc
soundalias,#hash_4013b043d86363b8
soundalias,#hash_4018b90c9ff0fb71
soundalias,#wpn_tr_longburst_upg_uber_act_npc
soundalias,#fly_step_run_npc_brick
soundalias,#hash_4019eb22a78de987
soundalias,#hash_401e6436b5c8dc7c
soundalias,#fly_qstep_run_lt_plr_rock_swt
soundalias,#zmb_step_standard_sprint_water
soundalias,#bik_ct_tutofirebreak_loadingmovie
soundalias,#prj_crossbow_impact_rock
soundalias,#fly_qland_npc_paper
soundalias,#fly_takeoff_npc_glasscar
soundalias,#fly_sniper_quick_mag_out_npc
soundalias,#fly_lstep_sprint_npc_rock
soundalias,#pfx_fire_ceiling_sml
soundalias,#exp_rocket_wasp
soundalias,#fly_qstep_crouch_walk_heavy_asphalt
soundalias,#wpn_tr_longburst_upg_uber_fire_pap_plr
soundalias,#fly_qstep_crouch_walk_plr_rubber
soundalias,#wpn_smg_accurate_uber_sup_act_npc
soundalias,#wpn_ar_mg1909_fire_pap_npc
soundalias,#fly_lmg_spray_mag_out
soundalias,#fly_qstep_crouch_walk_lt_npc_asphalt
soundalias,#fly_step_crouch_walk_npc_flesh
soundalias,#fly_land_imp_rapid_heavy_metalhollow
soundalias,#fly_land_lt_npc_bodyarmor
soundalias,#wpn_pistol_standard_fire_ads_plr
soundalias,#fly_land_imp_med_lt_plr_carpet
soundalias,#wpn_smg_accurate_lfe_killcam_npc
soundalias,#fly_step_prone_npc_paper
soundalias,#fly_land_fast_npc_heavy_metalhollow
soundalias,#wpn_lmg_heavy_uber_lfe1_npc
soundalias,#wpn_lmg_heavy_act_killcam_plr
soundalias,#fly_step_wall_lt_plr_plastic
soundalias,#hash_406dc73d321a6e44
soundalias,#fly_step_prone_lt_npc_ice
soundalias,#wpn_lmg_heavy_rf_fire_plr
soundalias,#zmb_rush_plr_dead_stinger
soundalias,#wpn_ar_damage_lfe_npc
soundalias,#hash_4075736e272e3a75
soundalias,#wpn_smg_flux_r_npc_pap
soundalias,#fly_qstep_walk_lt_npc_fruit
soundalias,#fly_step_wall_lt_plr_plaster
soundalias,#phy_impact_robot_gib
soundalias,#fly_takeoff_npc_metalcar
soundalias,#hash_408e02c541c2392a
soundalias,#wpn_tr_longburst_sup_upg_killcam_lfe_plr
soundalias,#wpn_tr_longburst_upg_killcam_ads_plr
soundalias,#vox_rush_timer_8_rush_0
soundalias,#fly_qstep_prone_npc_paper
soundalias,#wpn_tr_longburst_suppressed_killcam_lfe_npc
soundalias,#fly_step_crouch_walk_npc_tallgrass
soundalias,#fly_step_prone_lt_plr_bark
soundalias,#zmb_ai_catalyst_spawn_burst
soundalias,#wpn_tr_longburst_killcam_act_plr
soundalias,#fly_qstep_sprint_heavy_fruit
soundalias,#mpl_death_by_fire
soundalias,#zmb_step_blight_run_metalcatwalk
soundalias,#wpn_ar_doublebarrel_fire_ads_plr
soundalias,#prj_brass_impact_sniper_sand
soundalias,#hash_40bc4c69c4d089ef
soundalias,#fly_land_fast_npc_lt_dirt
soundalias,#wpn_smg_accurate_ads_killcam_npc
soundalias,#wpn_smg_handling_lh_lfe_plr
soundalias,#hash_40c620334a91d43c
soundalias,#fly_qstep_sprint_lt_npc_fruit
soundalias,#fly_land_imp_rapid_heavy_metalcatwalk
soundalias,#vox_event_dogstart_ward_0
soundalias,#fly_takeoff_npc_watershallow
soundalias,#wpn_lmg_standard_lfe1_npc
soundalias,#hash_40dddabd3c590bac
soundalias,#fly_step_walk_plr_concrete
soundalias,#fly_generic_down_npc
soundalias,#wpn_ar_fastfire_upg_fire_plr
soundalias,#wpn_ar_stealth_fire_npc
soundalias,#hash_40f8a8c1fd876b0a
soundalias,#prj_brass_impact_plr_gren_case_wood
soundalias,#wpn_smg_thompson_fire_plr
soundalias,#fly_qstep_crouch_run_heavy_paintedmetal
soundalias,#fly_zombie_jumpland_hard
soundalias,#vox_powerup_instakill_prst_0
soundalias,#fly_lstep_prone_npc_water
soundalias,#fly_gear_run_npc
soundalias,#fly_takeoff_plr_bark
soundalias,#fly_step_sprint_npc_watershallow
soundalias,#wpn_smg_close_npc_decay
soundalias,#fly_lstep_walk_npc_bodyarmor
soundalias,#hash_412142ec0955b968
soundalias,#fly_step_run_lt_plr_ceramic
soundalias,#phy_impact_wood_wood
soundalias,#fly_step_prone_plr_bark
soundalias,#zmb_blocker_rockwall_slam
soundalias,#wpn_ar_modular_fire_plr
soundalias,#zmb_step_crouch_run_npc_metalthin
soundalias,#wpn_ar_stealth_sup_act_killcam_npc
soundalias,#fly_lstep_sprint_lt_npc_mud
soundalias,#fly_topbreak_open_cylinder
soundalias,#zmb_ai_catalyst_prespawn_blood_splat
soundalias,#fly_lmg_heavy_release_npc
soundalias,#hash_41517b15c6c56e59
soundalias,#hash_4154a89531122966
soundalias,#wpn_tr_longburst_suppressed_killcam_act_npc
soundalias,#wpn_rifle_plr_decay
soundalias,#fly_vmp_mag_out_npc
soundalias,#hash_415fb403a3793c24
soundalias,#wpn_powersemi_act_npc
soundalias,#fly_qstep_sprint_heavy_glass
soundalias,#fly_mann_limb_bounce_foliage
soundalias,#fly_takeoff_plr_glasscar
soundalias,#fly_step_crouch_run_heavy_glass
soundalias,#fly_land_plr_cushion
soundalias,#hash_416ca48eef4b6f95
soundalias,#mpl_turret_lost
soundalias,#fly_lmg_mk48_bolt_back_npc
soundalias,#vox_event_game_over_avoa_0
soundalias,#fly_qstep_crouch_walk_lt_npc_gravel
soundalias,#fly_land_npc_wood
soundalias,#fly_smg_mini_mag_out
soundalias,#wpn_pistol_burst_sup_ads_plr
soundalias,#bik_ct_tutorecon_loadingmovie
soundalias,#wpn_grenade_pull_pin
soundalias,#wpn_pistol_fullauto_act_plr
soundalias,#hash_418fc77d902e685e
soundalias,#fly_melee_imp_metal_metalcar
soundalias,#vox_powerup_carpenter_zmba_0
soundalias,#fly_step_sprint_heavy_paintedmetal
soundalias,#prj_crossbow_impact_vase
soundalias,#fly_step_crouch_walk_plr_ice
soundalias,#hash_41a7f18d0b0cef5d
soundalias,#prj_brass_impact_wraith_grass
soundalias,#fly_qstep_sprint_heavy_concrete
soundalias,#fly_start_wall_lt_plr_metalhollow
soundalias,#fly_step_run_lt_plr_gravel
soundalias,#prj_brass_impact_large_ceramic
soundalias,#wpn_mini14_uber_act_npc
soundalias,#chr_swimming_drown
soundalias,#fly_qstep_run_heavy_metal
soundalias,#hash_41cee949b2ace458
soundalias,#fly_start_wall_lt_plr_metal
soundalias,#fly_trav_low_one_hand
soundalias,#fly_lstep_crouch_run_lt_npc_concrete
soundalias,#wpn_grenade_explode_mud
soundalias,#fly_land_imp_fast_heavy_mud
soundalias,#fly_qstep_prone_npc_cushion
soundalias,#wpn_lmg_stealth_lfe_npc
soundalias,#hash_41e16efbe53d0002
soundalias,#zmb_step_crouch_walk_npc_metal
soundalias,#fly_qstep_sprint_lt_npc_plastic
soundalias,#fly_qstep_crouch_walk_lt_plr_glass
soundalias,#zmb_vocals_catalyst_water_ambient
soundalias,#hash_41f753f278a5bc80
soundalias,#hash_41fb3e93d5327af8
soundalias,#hash_41fcc8b986ea51fd
soundalias,#fly_land_lt_npc_metalhollow
soundalias,#hash_42045ea7d189a8f2
soundalias,#hash_4205acf7a114a58c
soundalias,#prj_crossbow_impact_plate
soundalias,#wpn_ar_peacekeeper_sup_fire_ads_plr
soundalias,#fly_stance_2stand_plr_plr
soundalias,#fly_qstep_sprint_lt_npc_plaster
soundalias,#fly_midburst_mag_out_npc
soundalias,#zmb_crafting_success
soundalias,#fly_impact_land_plr
soundalias,#prj_brass_impact_shell_paintedmetal
soundalias,#wpn_smg_thompson_act_npc
soundalias,#fly_snipe_powerbolt_mag_out_npc
soundalias,#hash_4228721a4fb3314d
soundalias,#zmb_aat_braindecay_explode
soundalias,#hash_422d4c16d3271e5c
soundalias,#hash_422ec5f7a137d51b
soundalias,#fly_lmg_mk48_button
soundalias,#fly_qstep_crouch_run_plr_paintedmetal
soundalias,#wpn_rpg_dryfire_plr
soundalias,#fly_qstep_run_npc_gravel
soundalias,#prj_brass_impact_large_grass
soundalias,#wpn_ar_fastfire_uber_fire_plr
soundalias,#fly_slide_lt_plr_paper
soundalias,#fly_land_imp_med_plr_foliage
soundalias,#wpn_smg_fastfire_uber_fire_npc
soundalias,#wpn_ar_fastfire_ads_npc
soundalias,#wpn_pistol_burst_act_killcam_npc
soundalias,#hash_4251cbc50042710e
soundalias,#hash_42532a99b2dba21e
soundalias,#fly_qland_npc_brick
soundalias,#hash_42552cde3133fb50
soundalias,#fly_smg_fastburst_mag_out_npc
soundalias,#fly_land_slow_plr_lt_brick
soundalias,#wpn_pistol_plr_decay
soundalias,#fly_land_npc_ceramic
soundalias,#hash_426209371bd19e77
soundalias,#fly_land_slow_npc_heavy_paper
soundalias,#fly_step_crouch_run_lt_plr_metalcar
soundalias,#fly_land_imp_med_heavy_rubber
soundalias,#wpn_tr_midburst_act_npc
soundalias,#fly_m16_bolt_back
soundalias,#hash_428193fe1929c91f
soundalias,#fly_step_prone_heavy_grass
soundalias,#prj_bullet_debris_metal_solid
soundalias,#fly_melee_lunge_rifle
soundalias,#wpn_ar_peacekeeper_rf_sup_lfe_killcam_npc
soundalias,#fly_land_imp_fast_lt_plr_foliage
soundalias,#prj_hatchet_impact_sandbag
soundalias,#fly_land_lt_plr_rubber
soundalias,#wpn_tr_powersemi_fire_npc
soundalias,#fly_flechette_mag_out
soundalias,#prj_hatchet_impact_asphalt
soundalias,#fly_qstep_walk_lt_plr_plastic
soundalias,#hash_42a1240300c17858
soundalias,#fly_slide_npc_fruit
soundalias,#fly_step_sprint_lt_npc_cloth
soundalias,#wpn_smg_fastburst_fire_pap_npc
soundalias,#wpn_smg_folding_sup_act_npc
soundalias,#fly_qstep_sprint_lt_npc_flesh
soundalias,#fly_qstep_walk_lt_plr_plaster
soundalias,#hash_42a9afc7d0e1c750
soundalias,#fly_snipe_damagesemi_mag_out_npc
soundalias,#fly_flechette_bolt_back_npc
soundalias,#fly_land_imp_rapid_heavy_plastic
soundalias,#hash_42b6233f3bf004fe
soundalias,#zmb_step_crouch_run_npc_sand
soundalias,#fly_step_prone_plr_default
soundalias,#wpn_lmg_heavy_uber_lfe_killcam_npc
soundalias,#prj_bullet_impact_xtreme_water
soundalias,#wpn_lmg_spray_sup_fire_plr
soundalias,#fly_land_imp_med_heavy_glassbulletproof
soundalias,#fly_step_walk_heavy_bodyarmor
soundalias,#fly_qstep_crouch_walk_plr_concrete
soundalias,#hash_42cb90d7c4d6ad08
soundalias,#fly_slide_lt_plr_cloth
soundalias,#fly_qstep_crouch_walk_lt_npc_sand
soundalias,#fly_snipe_fast_bolt_forward
soundalias,#chr_death
soundalias,#fly_qstep_crouch_walk_lt_plr_gravel
soundalias,#fly_midburst_tap_npc
soundalias,#fly_qstep_prone_plr_concrete
soundalias,#fly_land_imp_rapid_heavy_plaster
soundalias,#fly_lstep_run_npc_concrete
soundalias,#fly_land_npc_grass
soundalias,#fly_step_crouch_walk_plr_default
soundalias,#fly_land_imp_med_plr_default
soundalias,#zmb_step_blight_run_mud
soundalias,#fly_step_prone_lt_plr_gravel
soundalias,#fly_step_crouch_run_npc_cushion
soundalias,#hash_42f5ba6fd50ef75c
soundalias,#wpn_assault_dryfire_plr
soundalias,#hash_43052a90488ebe28
soundalias,#fly_lboot_lt_npc
soundalias,#fly_gear_walk_start_npc
soundalias,#wpn_lmg_standard_fire_uber_npc
soundalias,#wpn_concussion_bounce_sand
soundalias,#wpn_lmg_stealth_lfe_killcam_npc
soundalias,#fly_qstep_sprint_plr_mud
soundalias,#exp_emp_rocket_close
soundalias,#fly_end_wall_lt_plr_gravel
soundalias,#prj_hatchet_impact_robot_headshot
soundalias,#wpn_smg_handling_ads_npc
soundalias,#hash_432c48145a7a8cd4
soundalias,#wpn_ar_an94_act_killcam_plr
soundalias,#hash_433798c34894bca4
soundalias,#fly_qstep_sprint_npc_sand
soundalias,#wpn_assault_silencer_npc_burst_decay
soundalias,#fly_qstep_prone_heavy_metalhollow
soundalias,#hash_4344a1c3489f564b
soundalias,#fly_lstep_sprint_lt_npc_default
soundalias,#zmb_step_standard_run_ceramic
soundalias,#wpn_lmg_heavy_rf_belt_npc
soundalias,#prj_brass_impact_wraith_paintedmetal
soundalias,#fly_land_lt_plr_grass
soundalias,#fly_lstep_prone_npc_default
soundalias,#wpn_smg_handling_lh_fire_plr
soundalias,#fly_step_run_heavy_bark
soundalias,#wpn_lmg_stealth_int_augment_burst
soundalias,#wpn_tr_flechette_sup_ads_plr
soundalias,#fly_lstep_walk_npc_glassbulletproof
soundalias,#fly_land_lt_npc_concrete
soundalias,#hash_437880485e0b98b5
soundalias,#fly_qstep_sprint_lt_npc_glass
soundalias,#fly_qstep_run_lt_npc_gravel
soundalias,#fly_gear_sprint_start_heavy
soundalias,#fly_qstep_prone_npc_default
soundalias,#wpn_smg_folding_sup_lfe_plr
soundalias,#wpn_rpg_whizby
soundalias,#zmb_repair_boards
soundalias,#wpn_generic_clip_bounce_paintedmetal
soundalias,#wpn_smg_versatile_ads_plr
soundalias,#wpn_generic_wpn_bounce_snow
soundalias,#fly_step_prone_lt_plr_metalhollow
soundalias,#fly_land_plr_lt_foliage
soundalias,#fly_land_imp_fast_plr_watershallow
soundalias,#wpn_smg_handling_rh_lfe_killcam_npc
soundalias,#hash_43a1c5d1619a85b0
soundalias,#fly_land_imp_med_plr_ceramic
soundalias,#wpn_smg_fastburst_sup_killcam_lfe_npc
soundalias,#fly_lstep_crouch_run_npc_grass
soundalias,#fly_land_lt_npc_wood
soundalias,#bik_zm_blood_load
soundalias,#wpn_lmg_spray_fire_dist_npc
soundalias,#wpn_ar_stealth_rapid_lfe_killcam_npc
soundalias,#fly_step_walk_lt_npc_glassbulletproof
soundalias,#fly_step_walk_heavy_rubber
soundalias,#fly_end_wall_lt_plr_carpet
soundalias,#fly_qstep_sprint_lt_npc_ice
soundalias,#fly_step_glass
soundalias,#chr_finish_spectre
soundalias,#fly_land_fast_npc_lt_cloth
soundalias,#fly_smg_mp40_mag_in
soundalias,#fly_lmg_standard_mag_out
soundalias,#hash_43d12b47b10cb8e1
soundalias,#fly_slide_heavy_metalcar
soundalias,#wpn_smg_fastfire_uber_lfe_npc
soundalias,#wpn_wwgrenade_cocoon_imp
soundalias,#hash_43d73f7ae95a9667
soundalias,#wpn_smg_fastburst_sup_fire_pap_plr
soundalias,#hash_43da6bc7cac44c13
soundalias,#wpn_smg_handling_lh_lfe_killcam_plr
soundalias,#fly_land_lt_plr_metalcar
soundalias,#hash_43e3605f0d9191ec
soundalias,#fly_smg_handling_mag_in
soundalias,#zmb_step_blight_run_rock
soundalias,#fly_qstep_crouch_walk_plr_mud
soundalias,#fly_lstep_crouch_run_lt_npc_mud
soundalias,#hash_43f11a1fd3fde37a
soundalias,#fly_step_prone_lt_plr_foliage
soundalias,#fly_boot_land_rapid_lt_plr
soundalias,#hash_4403db5c119f4c4f
soundalias,#fly_qstep_sprint_heavy_asphalt
soundalias,#wpn_grenade_explode_asphalt
soundalias,#wpn_ar_peacekeeper_rf_ads_killcam_plr
soundalias,#fly_leap_sprint_lt_plr_rock
soundalias,#prj_bullet_impact_ice
soundalias,#fly_land_lt_plr_glassbulletproof
soundalias,#hash_441a896866a5e1d2
soundalias,#fly_an94_bolt_back_npc
soundalias,#vox_event_zombie_blood_zmba_0
soundalias,#hash_441d0968fcef96de
soundalias,#wpn_shotgun_auto_fire_act_npc
soundalias,#wpn_grenade_bounce_far_wood
soundalias,#hash_4420a954eecc9c8f
soundalias,#wpn_tr_longburst_sup_upg_uber_fire_pap_plr
soundalias,#wpn_sniper_powerbolt_swat_flux_npc_l
soundalias,#wpn_sniper_powerbolt_swat_flux_npc_r
soundalias,#fly_impact_land_medium_lt_plr
soundalias,#hash_442df308ba391f43
soundalias,#fly_lstep_run_npc_watershallow
soundalias,#fly_land_slow_plr_heavy_glasscar
soundalias,#wpn_lmg_stealth_uber_sup_belt_plr
soundalias,#hash_44400c488e1e8a8d
soundalias,#zmb_vocals_bfather_bodyfall_pain
soundalias,#wpn_pistol_standard_sup_fire_act_last_plr
soundalias,#fly_takeoff_npc_brick
soundalias,#fly_melee_imp_npc_rock
soundalias,#fly_land_slow_plr_lt_mud
soundalias,#fly_step_prone_lt_plr_paper
soundalias,#wpn_fast_bolt_fire_pap_npc
soundalias,#wpn_smg_accurate_uber_act_npc
soundalias,#wpn_grenade_explode_grass
soundalias,#hash_445bb104ac11cbe1
soundalias,#wpn_smg_accurate_sup_ads_npc
soundalias,#bik_ct_skirmishcontrol_loadingmovie
soundalias,#prj_brass_impact_small_metalhollow
soundalias,#fly_midburst_mag_in
soundalias,#fly_step_crouch_run_npc_paintedmetal
soundalias,#fly_land_slow_plr_heavy_bodyarmor
soundalias,#fly_step_crouch_walk_heavy_rubber
soundalias,#fly_step_crouch_run_plr_fruit
soundalias,#fly_qstep_crouch_run_heavy_sand
soundalias,#wpn_smg_versatile_fire_killcam_plr
soundalias,#fly_leap_sprint_lt_plr_rubber
soundalias,#prj_crossbow_impact_asphalt
soundalias,#fly_takeoff_npc_cushion
soundalias,#hash_448bc3b1d8f101fe
soundalias,#fly_melee_lungealt_player_rifle
soundalias,#fly_step_crouch_walk_lt_plr_asphalt
soundalias,#fly_land_lt_plr_fruit
soundalias,#fly_melee_lungealt_player_pistol
soundalias,#amb_rattle_foliage
soundalias,#hash_44988b9f17837573
soundalias,#wpn_smg_mp40_ads_plr
soundalias,#fly_step_sprint_heavy_rock
soundalias,#wpn_smg_fastfire_uber_ads_killcam_plr
soundalias,#zmb_step_blight_walk_cushion
soundalias,#wpn_smoke_bounce_water
soundalias,#hash_44afddd09ba25d0f
soundalias,#fly_trench_release
soundalias,#phy_impact_hard_soft
soundalias,#fly_step_walk_lt_npc_asphalt
soundalias,#pfx_spark_generic
soundalias,#fly_melee_swipealt_victim_fist
soundalias,#fly_land_fast_plr_lt_wood
soundalias,#fly_leap_sprint_lt_plr_bodyarmor
soundalias,#fly_step_prone_heavy_metalhollow
soundalias,#zmb_trials_round_begin
soundalias,#wpn_pistol_burst_sup_rf_ads_plr
soundalias,#fly_lmg_heavy_drum_in_npc
soundalias,#hash_44d91ed4d3903e3c
soundalias,#fly_step_gondola_enter
soundalias,#prj_brass_impact_small_glasscar
soundalias,#fly_qland_lt_npc_plaster
soundalias,#fly_swt_heavy
soundalias,#fly_step_prone_plr_metalcatwalk
soundalias,#hash_44e77ea194c89555
soundalias,#wpn_tr_powersemi_sup_fire_act_plr
soundalias,#wpn_assault_npc_single_decay
soundalias,#fly_gear_run_plr
soundalias,#fly_qland_lt_npc_plastic
soundalias,#wpn_smg_versatile_fire_plr_pap
soundalias,#fly_land_imp_med_heavy_snow
soundalias,#evt_nuked
soundalias,#vox_event_magicbox_avoa_0
soundalias,#fly_takeoff_plr_metalcar
soundalias,#wpn_tr_midburst_fire_npc
soundalias,#fly_step_crouch_run_npc_bodyarmor
soundalias,#wpn_tr_longburst_killcam_act_npc
soundalias,#fly_step_crouch_walk_lt_plr_metalcatwalk
soundalias,#fly_slide_lt_npc_brick
soundalias,#fly_step_run_lt_plr_asphalt_swt
soundalias,#wpn_shotgun_auto_fire_plr
soundalias,#fly_qstep_walk_npc_ceramic
soundalias,#fly_takeoff_heavy_mud
soundalias,#wpn_lmg_spray_sup_belt_npc
soundalias,#pfx_fire_incendiary
soundalias,#prj_brass_impact_large_metal
soundalias,#fly_melee_imp_fist_npc_cloth
soundalias,#wpn_generic_clip_bounce_flesh
soundalias,#pfx_light_buzz
soundalias,#fly_slide_lt_plr_glasscar
soundalias,#fly_land_imp_med_lt_plr_ice
soundalias,#fly_step_sprint_npc_fruit
soundalias,#wpn_pistol_fullauto_ads_plr
soundalias,#bik_zm_blood_load_sfx_lsrs
soundalias,#fly_melee_imp_arm_blade_npc_wood
soundalias,#wpn_ar_modular_sup_lfe_killcam_plr
soundalias,#hash_4553ca9b51584855
soundalias,#fly_step_sprint_heavy_bodyarmor
soundalias,#fly_qstep_crouch_walk_lt_plr_cloth
soundalias,#fly_step_walk_lt_plr_wood
soundalias,#fly_lstep_run_lt_npc_gravel
soundalias,#zmb_step_catalyst_water_run_default
soundalias,#fly_step_crouch_run_lt_npc_wood
soundalias,#mpl_turret_servo_stop_plr
soundalias,#fly_step_crouch_run_heavy_bark
soundalias,#fly_qstep_run_plr_grass
soundalias,#fly_boot_run_lt_plr
soundalias,#wpn_tr_midburst_sup_ads_npc
soundalias,#hash_458647ea6251e886
soundalias,#wpn_grenade_launch_bounce_ceramic
soundalias,#wpn_ar_an94_bo3_killcam_npc
soundalias,#zmb_step_crouch_walk_npc_ceramic
soundalias,#fly_mann_limb_bounce_bark
soundalias,#prj_brass_impact_wraith_paper
soundalias,#hash_45979019387072dc
soundalias,#wpn_ar_stealth_act_killcam_plr
soundalias,#wpn_smg_handling_sup_rh_act_killcam_npc
soundalias,#fly_slide_lt_npc_water
soundalias,#wpn_pistol_fullauto_d_rf2_lfe_npc
soundalias,#fly_step_puddle_move_npc
soundalias,#wpn_ultimate_turret_fire_plr
soundalias,#fly_qstep_walk_plr_metal
soundalias,#fly_jump_takeoff_cloth_lt_npc
soundalias,#hash_45abb1814b9faee5
soundalias,#fly_land_imp_med_heavy_paper
soundalias,#vox_rush_stokers_rush_0
soundalias,#wpn_lmg_standard_ads_plr
soundalias,#wpn_ar_doublebarrel_sup_fire_pap_plr
soundalias,#fly_lstep_walk_lt_npc_glass
soundalias,#wpn_smg_mp40_fire_plr
soundalias,#hash_45bed34826e50794
soundalias,#wpn_tr_flechette_sup_act_plr
soundalias,#fly_takeoff_plr_mud
soundalias,#fly_qstep_crouch_walk_npc_fruit
soundalias,#fly_step_run_plr_metal
soundalias,#hash_45c6e48f0a385631
soundalias,#hash_45ccbc4826f11ddb
soundalias,#fly_ar_standard_bolt_back
soundalias,#hash_45cfeeccdae7632e
soundalias,#wpn_pistol_npc_decay
soundalias,#fly_longburst_mag_in
soundalias,#fly_step_crouch_run_plr_default
soundalias,#wpn_smg_thompson_fire_killcam_npc
soundalias,#vox_rush_werewolf_rush_0
soundalias,#wpn_ar_damage_ads_plr
soundalias,#fly_lstep_prone_lt_npc_cloth
soundalias,#wpn_lmg_heavy_rf_fire_npc
soundalias,#prj_brass_impact_shell_ice
soundalias,#fly_lstep_crouch_walk_npc_carpet
soundalias,#wpn_sfb_dryfire_plr
soundalias,#prj_crossbow_impact_dirt
soundalias,#fly_snipe_mini14_mag_in_npc
soundalias,#fly_step_prone_heavy_mud
soundalias,#fly_melee_lungealt_player_sword
soundalias,#fly_leap_sprint_lt_plr_tallgrass
soundalias,#fly_slide_npc_asphalt
soundalias,#wpn_ar_stealth_sup_fire_killcam_plr
soundalias,#wpn_tr_midburst_killcam_fire_plr
soundalias,#fly_qstep_walk_npc_watershallow
soundalias,#wpn_pistol_revolver_fire_pap_npc
soundalias,#hash_4616fcb97d4e1cd3
soundalias,#wpn_ar_peacekeeper_rf_sup_act_killcam_npc
soundalias,#hash_461c2a52574f1496
soundalias,#hash_4629c0998309f98f
soundalias,#hash_462a1b6ee27b9109
soundalias,#fly_equipment_raise
soundalias,#fly_qstep_run_lt_plr_cloth
soundalias,#fly_sniper_quick_mag_out
soundalias,#hash_463880950257032b
soundalias,#wpn_mini14_uber_fire_dist_npc
soundalias,#fly_qstep_walk_lt_npc_wood
soundalias,#fly_qstep_prone_plr_fruit
soundalias,#wpn_smg_handling_sup_fire_plr
soundalias,#fly_slide_lt_plr_ceramic
soundalias,#fly_melee_imp_knife_npc_cloth
soundalias,#fly_melee_imp_metal_surface
soundalias,#zmb_step_standard_walk_cushion
soundalias,#hash_464ce958923d1422
soundalias,#wpn_concussion_bounce_gravel
soundalias,#wpn_quickscope_lfe_npc
soundalias,#fly_qstep_walk_npc_snow
soundalias,#wpn_tr_flechette_act_npc
soundalias,#fly_zombie_mantle_slow
soundalias,#hash_46661e1d0062f53b
soundalias,#wpn_smg_versatile_silencer_ads_plr
soundalias,#hash_466a8654c1af6ac4
soundalias,#fly_land_imp_rapid_lt_plr_glassbulletproof
soundalias,#fly_land_fast_npc_lt_snow
soundalias,#fly_qboot_run_lt_heavy
soundalias,#hash_4678fdf99ebd5f31
soundalias,#amb_rattle_porcelain
soundalias,#wpn_ar_galil_sup_ads_killcam_npc
soundalias,#fly_qstep_walk_lt_plr_metalhollow
soundalias,#fly_takeoff_plr_glass
soundalias,#fly_land_imp_rapid_heavy_concrete
soundalias,#fly_step_crouch_walk_lt_npc_asphalt
soundalias,#prj_brass_impact_wraith_default
soundalias,#wpn_smg_versatile_lfe_plr
soundalias,#fly_land_plr_lt_gravel
soundalias,#wpn_tr_longburst_act_plr
soundalias,#hash_469ce31f90a1603b
soundalias,#fly_melee_lunge_rifle_bot
soundalias,#hash_46a1325fae09566e
soundalias,#fly_lstep_prone_lt_npc_paintedmetal
soundalias,#wpn_lmg_standard_lfe_killcam_plr
soundalias,#vox_homun_scream_exert_homu_0
soundalias,#fly_qstep_sprint_plr_metalhollow
soundalias,#wpn_tr_powersemi_fire_dist_npc
soundalias,#fly_lstep_crouch_walk_lt_npc_cloth
soundalias,#fly_qstep_crouch_run_lt_plr_sand
soundalias,#hash_46b8ed10f80412d0
soundalias,#wpn_smg_fastburst_act_npc
soundalias,#zmb_pts_powerup_lp
soundalias,#fly_step_run_lt_plr_metal
soundalias,#fly_land_imp_rapid_plr_wood
soundalias,#fly_step_crouch_run_lt_plr_gravel
soundalias,#wpn_smg_versatile_rapid_fire_pap_npc
soundalias,#wpn_ar_stealth_sup_ads_killcam_plr
soundalias,#fly_qstep_sprint_npc_plaster
soundalias,#fly_land_heavy_metalhollow
soundalias,#wpn_ar_peacekeeper_sup_fire_killcam_npc
soundalias,#fly_slide_lt_npc_metal
soundalias,#hash_46d9a225edfdc7c8
soundalias,#fly_qstep_crouch_run_lt_npc_metalcatwalk
soundalias,#wpn_melee_sword_flourish_plr
soundalias,#fly_qstep_sprint_npc_plastic
soundalias,#fly_smg_fastfire_mag_out_npc
soundalias,#prj_hatchet_impact_metal_thin
soundalias,#prj_brass_impact_wraith_ice
soundalias,#fly_land_slow_npc_lt_water
soundalias,#hash_46eea6ea1152d66a
soundalias,#hash_46f056a57a30ff39
soundalias,#zmb_hit_alert_headshot
soundalias,#wpn_ar_mg1909_lfe_npc
soundalias,#zmb_vocals_catalyst_corrosive_death
soundalias,#wpn_pistol_burst_ads_plr
soundalias,#fly_qstep_prone_lt_plr_ceramic
soundalias,#wpn_damagesemi_lfe_plr
soundalias,#prj_brass_impact_shell_grass
soundalias,#fly_leap_sprint_lt_plr_ceramic
soundalias,#fly_land_fast_plr_heavy_carpet
soundalias,#fly_land_fast_plr_heavy_watershallow
soundalias,#wpn_concussion_bounce_mud
soundalias,#hash_472ab4eb2a15ea38
soundalias,#fly_qstep_sprint_lt_npc_rubber
soundalias,#fly_qstep_run_npc_default
soundalias,#fly_land_lt_npc_fruit
soundalias,#hash_47359387422ff482
soundalias,#fly_lmg_mk48_bolt_forward_npc
soundalias,#fly_qstep_prone_lt_plr_carpet
soundalias,#hash_4736c768c26918f1
soundalias,#hash_4748f9339d039239
soundalias,#wpn_rifle_dryfire_npc
soundalias,#fly_land_slow_plr_lt_rock
soundalias,#hash_475552ab9c009d41
soundalias,#wpn_generic_clip_bounce_default
soundalias,#hash_475a4a28bea69ada
soundalias,#fly_land_lt_npc_mud
soundalias,#wpn_ar_peacekeeper_sup_lfe_killcam_npc
soundalias,#pfx_fire_embers
soundalias,#fly_trav_mid_one_hand_npc
soundalias,#fly_takeoff_lt_npc_snow
soundalias,#wpn_pistol_burst_rf_lfe
soundalias,#zmb_step_crouch_run_npc_paintedmetal
soundalias,#prj_brass_impact_plr_gren_case_gravel
soundalias,#wpn_smg_accurate_uber_killcam_lfe_npc
soundalias,#fly_end_wall_lt_plr_bark
soundalias,#fly_lstep_prone_npc_cloth
soundalias,#fly_land_slow_plr_heavy_rubber
soundalias,#fly_takeoff_npc_plaster
soundalias,#fly_mann_limb_bounce_default
soundalias,#hash_4799da37095d9e42
soundalias,#hash_479a39008354818d
soundalias,#fly_step_crouch_run_plr_cloth
soundalias,#fly_weight_land_medium_lt_plr
soundalias,#fly_shotgun_auto_bolt_back_npc
soundalias,#zmb_ai_catalyst_corrosive_death
soundalias,#fly_qstep_crouch_run_npc_metalcatwalk
soundalias,#wpn_concussion_bounce_ceramic
soundalias,#wpn_smg_capacity_lfe_plr
soundalias,#fly_step_crouch_walk_lt_npc_metalcatwalk
soundalias,#fly_lstep_sprint_lt_npc_cloth
soundalias,#fly_step_crouch_walk_npc_water
soundalias,#fly_jump_takeoff_cloth_npc
soundalias,#wpn_ar_an94_ads_npc
soundalias,#fly_takeoff_npc_plastic
soundalias,#fly_step_walk_npc_cushion
soundalias,#hash_47c52a8f6e6f222d
soundalias,#zmb_step_blight_run_tallgrass
soundalias,#hash_47c866af05fb07db
soundalias,#prj_bullet_impact_bottle
soundalias,#wpn_reload_smg_clipout_npc
soundalias,#fly_lstep_prone_npc_ceramic
soundalias,#fly_qstep_crouch_walk_lt_npc_bodyarmor
soundalias,#prj_bullet_debris_mud
soundalias,#wpn_damagesemi_fire_npc
soundalias,#fly_qstep_prone_plr_bodyarmor
soundalias,#hash_47daf2b1540ef2e4
soundalias,#wpn_smg_versatile_fire_plr
soundalias,#fly_qstep_crouch_run_heavy_water
soundalias,#fly_qstep_prone_heavy_tallgrass
soundalias,#fly_qstep_prone_heavy_water
soundalias,#fly_qstep_prone_lt_plr_rock
soundalias,#fly_land_plr_lt_sand
soundalias,#fly_qstep_run_npc_ice
soundalias,#fly_step_crouch_walk_lt_npc_dirt
soundalias,#fly_demo_hammer_inspect_1_npc
soundalias,#hash_47e716878313b667
soundalias,#wpn_shotgun_trenchgun_npc_lfe
soundalias,#hash_47eb563302d9bb43
soundalias,#fly_land_slow_plr_heavy_brick
soundalias,#fly_lstep_walk_lt_npc_ceramic
soundalias,#wpn_lmg_stealth_uber_sup_lfe1_npc
soundalias,#fly_qstep_run_npc_fruit
soundalias,#fly_melee_hit_bot_1_npc
soundalias,#fly_land_plr_concrete
soundalias,#hash_47f9503151af5e71
soundalias,#fly_boot_soft_sprint_npc
soundalias,#fly_step_sprint_lt_plr_plastic
soundalias,#amb_rattle_plastic_junk
soundalias,#wpn_smg_standard_rapid_ads_killcam_plr
soundalias,#fly_step_crouch_run_npc_carpet
soundalias,#hash_480e1f7a5e8631cb
soundalias,#fly_qstep_prone_heavy_watershallow
soundalias,#fly_step_sprint_lt_plr_plaster
soundalias,#fly_step_prone_plr_wood
soundalias,#fly_land_slow_plr_lt_tallgrass
soundalias,#fly_step_run_lt_plr_mud
soundalias,#fly_land_lt_plr_paintedmetal_sec
soundalias,#hash_48160983b7946a74
soundalias,#hash_4816cd140aca4326
soundalias,#fly_land_plr_bark
soundalias,#fly_step_crouch_walk_npc_metal
soundalias,#wpn_crossbow_lfe
soundalias,#fly_silent_snapshot
soundalias,#wpn_crossbow_lfe_npc
soundalias,#fly_land_imp_rapid_plr_carpet
soundalias,#hash_4829b94921595ecc
soundalias,#hash_482cac9951f6203b
soundalias,#fly_takeoff_lt_npc_flesh
soundalias,#hash_482e4825ba7f6932
soundalias,#hash_483279edcd11ffbe
soundalias,#hash_4832ef2e6bf1a972
soundalias,#fly_melee_imp_fist_npc_riot
soundalias,#fly_step_crouch_run_lt_npc_bark
soundalias,#hash_483d241cde025578
soundalias,#fly_qstep_crouch_run_heavy_metalcar
soundalias,#fly_slide_heavy_wood
soundalias,#wpn_lmg_stealth_sup_fire_npc
soundalias,#fly_lstep_crouch_walk_lt_npc_sand
soundalias,#wpn_ar_accurate_fire_npc
soundalias,#wpn_smg_handling_sup_lh_lfe_npc
soundalias,#fly_land_slow_plr_lt_metalthin
soundalias,#wpn_pistol_standard_sup_fire_last_plr
soundalias,#hash_4857eadf6e394309
soundalias,#hash_4858aeaf6a608f20
soundalias,#hash_485d990c10b86bcb
soundalias,#prj_bullet_impact_player_high
soundalias,#wpn_sfb_flux_plr_r
soundalias,#wpn_sfb_flux_plr_l
soundalias,#prj_brass_impact_gren_case_mud
soundalias,#fly_lstep_walk_npc_paper
soundalias,#fly_melee_lunge_player_battleshield_hit
soundalias,#fly_land_fast_plr_heavy_concrete
soundalias,#fly_qstep_crouch_walk_lt_npc_foliage
soundalias,#zmb_step_catalyst_water_sprint_default
soundalias,#fly_qstep_crouch_run_lt_plr_bodyarmor
soundalias,#hash_4874aef2eeda4497
soundalias,#wpn_smg_versatile_flux_l_npc_pap
soundalias,#wpn_ar_doublebarrel_fire_pap_plr
soundalias,#fly_step_paper_npc
soundalias,#hash_487e033dd66f829e
soundalias,#hash_487eae19d80ceeb6
soundalias,#wpn_grenade_explode_decay
soundalias,#wpn_smg_accurate_act_killcam_plr
soundalias,#fly_boot_soft_run_lt_plr
soundalias,#hash_4887848f656139d7
soundalias,#fly_melee_swipe_victim_fist
soundalias,#hash_488a9019f3f61482
soundalias,#fly_lstep_sprint_lt_npc_sand
soundalias,#fly_qstep_crouch_walk_lt_plr_plaster
soundalias,#prj_brass_impact_small_ice
soundalias,#fly_qstep_run_lt_npc_glassbulletproof
soundalias,#fly_step_sprint_plr_watershallow
soundalias,#wpn_smg_fastfire_act_killcam_npc
soundalias,#fly_qstep_crouch_walk_lt_plr_plastic
soundalias,#prj_bolt_impact_player_by
soundalias,#hash_48a1d3b44f637ae4
soundalias,#prj_brass_impact_gren_case_bark
soundalias,#fly_stance_2prone_heavy
soundalias,#hash_48a9f5fdb17c1c23
soundalias,#fly_lstep_run_lt_npc_dirt
soundalias,#fly_land_imp_rapid_plr_paper
soundalias,#fly_qstep_sprint_lt_npc_bark
soundalias,#fly_qstep_walk_heavy_default
soundalias,#fly_land_imp_rapid_lt_plr_rock
soundalias,#zmb_blocker_rockwall_float
soundalias,#hash_48bbd24033702f07
soundalias,#wpn_mini14_ads_npc
soundalias,#hash_48c06f846f8752f3
soundalias,#fly_melee_swipealt_victim_sword_gore
soundalias,#wpn_ar_standard_silencer_act_killcam_plr
soundalias,#hash_48cd6bbea014cbbf
soundalias,#fly_lstep_run_npc_tallgrass
soundalias,#wpn_quickscope_ads_plr
soundalias,#wpn_smg_capacity_rapid_fire_killcam_npc
soundalias,#fly_land_plr_plaster_sec
soundalias,#zmb_step_standard_walk_foliage
soundalias,#hash_48d2ecfdb19f11ec
soundalias,#wpn_tr_longburst_uber_ads_npc
soundalias,#fly_takeoff_lt_plr_flesh
soundalias,#fly_takeoff_npc_ice
soundalias,#wpn_smg_fastburst_rf_sup_act_npc
soundalias,#wpn_ar_fastfire_fire_dist_npc
soundalias,#wpn_tr_powersemi_sup_lfe
soundalias,#vox_event_bonfire_sale_prst_0
soundalias,#hash_48e24e7205728d0e
soundalias,#wpn_smoke_bounce_dirt
soundalias,#hash_48edd9dec10e4486
soundalias,#bik_ct_skirmishoutro_torque
soundalias,#wpn_pistol_standard_fire_ads_npc
soundalias,#fly_step_crouch_run_npc_glass
soundalias,#fly_qstep_crouch_walk_npc_cloth
soundalias,#hash_48f7c5d4ad9874c9
soundalias,#hash_48fb58ef79642141
soundalias,#hash_48fba595fbad5271
soundalias,#fly_step_walk_heavy_paper
soundalias,#bik_ct_skirmishoutro_recon
soundalias,#prj_crossbow_impact_crate
soundalias,#wpn_smg_accurate_uber_fire_npc
soundalias,#fly_land_imp_med_lt_plr_metalthin
soundalias,#zmb_step_crouch_walk_npc_gravel
soundalias,#fly_boot_sprint_lt_npc
soundalias,#vox_rush_warden_rush_0
soundalias,#fly_qstep_crouch_run_npc_ice
soundalias,#fly_qland_lt_npc_grass
soundalias,#fly_qstep_sprint_heavy_bark
soundalias,#zmb_step_standard_run_gravel
soundalias,#fly_step_walk_lt_npc_ice
soundalias,#fly_qstep_walk_plr_brick
soundalias,#fly_lmg_standard_mag_slide_in
soundalias,#hash_493036eb658c4d56
soundalias,#fly_step_crouch_walk_npc_metalhollow
soundalias,#fly_qland_npc_dirt_big
soundalias,#fly_qstep_run_heavy_water
soundalias,#fly_step_run_npc_flesh
soundalias,#fly_gear_walk_start_heavy
soundalias,#prj_brass_impact_large_asphalt
soundalias,#prj_hatchet_impact_wood
soundalias,#fly_start_wall_lt_plr_paintedmetal
soundalias,#zmb_step_standard_walk_dirt
soundalias,#zmb_step_crouch_walk_npc_grass
soundalias,#fly_qstep_walk_npc_metalcar
soundalias,#hash_4947c1408bda6206
soundalias,#wpn_ar_fastfire_uber_fire_killcam_plr
soundalias,#hash_494d289ad1934015
soundalias,#hash_49549127c4cc7507
soundalias,#fly_qstep_run_lt_plr_rock
soundalias,#hash_4962c1fec84d779c
soundalias,#fly_bump_vend_small
soundalias,#hash_496b8cbe68458ed1
soundalias,#fly_snipe_damagesemi_bolt_back_npc
soundalias,#fly_step_walk_lt_plr_water
soundalias,#hash_49725b8bf72b6627
soundalias,#wpn_ar_an94_bo3_killcam_plr
soundalias,#fly_qstep_crouch_run_lt_plr_paper
soundalias,#fly_step_crouch_walk_lt_plr_rock
soundalias,#fly_qstep_crouch_run_heavy_glassbroken
soundalias,#fly_qstep_prone_lt_npc_snow
soundalias,#fly_qstep_crouch_run_lt_plr_watershallow
soundalias,#fly_takeoff_lt_plr_paper
soundalias,#fly_qstep_run_lt_npc_glasscar
soundalias,#wpn_grenade_launch_bounce_mud
soundalias,#fly_shotgun_pump_shell_in
soundalias,#fly_step_prone_plr_glassbulletproof
soundalias,#wpn_smg_handling_rh_act_killcam_npc
soundalias,#fly_slide_plr_paintedmetal
soundalias,#wpn_melee_knife_whoosh_plr
soundalias,#prj_brass_impact_shell_metalcatwalk
soundalias,#fly_step_crouch_run_plr_glasscar
soundalias,#fly_pistol_standard_hammer_npc
soundalias,#exp_dart_rocket_blend
soundalias,#fly_step_sprint_npc_grass
soundalias,#fly_step_walk_lt_npc_concrete
soundalias,#fly_takeoff_heavy_carpet
soundalias,#fly_melee_swipe_victim_sword
soundalias,#wpn_melee_sword_firstraise_npc
soundalias,#wpn_concussion_shock_loop_start
soundalias,#fly_step_sprint_lt_plr_watershallow
soundalias,#fly_land_plr_grass_sec
soundalias,#hash_499fa328163cfa80
soundalias,#fly_land_imp_fast_plr_default
soundalias,#fly_step_prone_npc_water
soundalias,#fly_land_imp_fast_lt_plr_tallgrass
soundalias,#prj_bolt_impact_water
soundalias,#fly_takeoff_plr_metalthin
soundalias,#hash_49b557384c826d3b
soundalias,#wpn_ar_doublebarrel_sup_fire_act_plr
soundalias,#fly_lmg_heavy_release
soundalias,#fly_qstep_sprint_heavy_flesh
soundalias,#hash_49bdcf28b85c96bb
soundalias,#wpn_concussion_bounce_default
soundalias,#fly_qstep_walk_plr_water
soundalias,#fly_lstep_crouch_run_lt_npc_ceramic
soundalias,#fly_lstep_crouch_run_npc_rubber
soundalias,#wpn_tr_midburst_ads_plr
soundalias,#fly_boot_run_igc_lt_plr
soundalias,#hash_49dc47e137b48af3
soundalias,#fly_end_wall_lt_plr_rock
soundalias,#wpn_smg_accurate_uber_fire_dist_npc
soundalias,#fly_land_lt_npc_default
soundalias,#fly_qland_npc_watershallow
soundalias,#fly_qstep_walk_heavy_fruit
soundalias,#fly_longburst_mag_out_npc
soundalias,#hash_49e471c486cf4bcf
soundalias,#fly_land_fast_npc_heavy_sand
soundalias,#fly_step_crouch_walk_npc_glass
soundalias,#fly_step_crouch_walk_lt_plr_flesh
soundalias,#fly_snipe_damagesemi_bullet_in
soundalias,#fly_step_walk_npc_glassbulletproof
soundalias,#hash_49f3ade0e52dbe56
soundalias,#hash_49f6994d8b0ce68b
soundalias,#wpn_lmg_heavy_rf_fire_killcam_npc
soundalias,#fly_land_fast_plr_lt_concrete
soundalias,#fly_qstep_sprint_npc_bodyarmor
soundalias,#fly_step_run_lt_plr_asphalt
soundalias,#bik_ct_tutoprophet_loadingmovie
soundalias,#fly_qstep_run_plr_mud
soundalias,#fly_land_plr_foliage
soundalias,#fly_snipe_fast_cyl_in_inspect_npc
soundalias,#wpn_energypistol_plr_decay
soundalias,#hash_4a0f470cb8f3b95b
soundalias,#hash_4a1a2cdc8388374b
soundalias,#fly_qstep_walk_lt_plr_mud
soundalias,#zmb_step_blight_run_flesh
soundalias,#fly_land_heavy_ice
soundalias,#hash_4a22b9fde5712f74
soundalias,#hash_4a24f204802ed81e
soundalias,#hash_4a281f9ab540d2fd
soundalias,#fly_qstep_crouch_walk_npc_sand
soundalias,#fly_slide_lt_plr_cushion
soundalias,#wpn_ar_modular_fire_dist_npc
soundalias,#fly_qstep_crouch_walk_lt_npc_glasscar
soundalias,#fly_pistol_revolver_shells_in
soundalias,#fly_tesla_sniper_mag_in
soundalias,#fly_qstep_crouch_run_npc_default
soundalias,#fly_slide_lt_npc_bodyarmor
soundalias,#fly_qstep_prone_npc_brick
soundalias,#fly_land_slow_plr_lt_bark
soundalias,#wpn_shotgun_auto_fire_npc
soundalias,#wpn_ar_stealth_rapid_ads_plr
soundalias,#fly_step_run_lt_plr_brick
soundalias,#prj_crossbow_impact_ice
soundalias,#wpn_ar_galil_fire_plr
soundalias,#wpn_quickscope_lfe_plr
soundalias,#hash_4a4066bbbe7c79ed
soundalias,#fly_melee_swipealt_sword
soundalias,#fly_land_fast_plr_heavy_metalcatwalk
soundalias,#wpn_smg_standard_silencer_ads_killcam_npc
soundalias,#fly_38_shells_in
soundalias,#fly_step_prone_npc_brick
soundalias,#prj_brass_impact_sniper_watershallow
soundalias,#fly_step_crouch_walk_npc_glassbulletproof
soundalias,#hash_4a4996113f47594b
soundalias,#fly_qstep_run_lt_npc_bodyarmor
soundalias,#exp_hero_bolt_lfe
soundalias,#fly_step_crouch_walk_npc_cloth
soundalias,#bik_zm_blood_load_sfx
soundalias,#fly_step_crouch_run_plr_metalcatwalk
soundalias,#fly_qstep_crouch_walk_npc_mud
soundalias,#wpn_smg_minigun_dryfire_plr
soundalias,#wpn_pistol_burst_fire_npc
soundalias,#fly_prone_water
soundalias,#prj_bullet_impact_plate
soundalias,#fly_qimpact_sprint_lt_npc
soundalias,#fly_land_lt_plr_paper_sec
soundalias,#hash_4a78c2f6ffc0eacf
soundalias,#hash_4a78c3f6ffc0ec82
soundalias,#fly_land_plr_rock
soundalias,#hash_4a7b84869ca29b5a
soundalias,#fly_step_wood_move_intermittent
soundalias,#fly_land_lt_npc_metalthin
soundalias,#fly_step_crouch_walk_lt_npc_default
soundalias,#fly_slide_lt_npc_paintedmetal
soundalias,#fly_takeoff_heavy_wood
soundalias,#hash_4a8fa1f16fc9b340
soundalias,#hash_4a940f19bbaa9fae
soundalias,#phy_impact_hard_wood
soundalias,#wpn_smg_capacity_ads_killcam_plr
soundalias,#hash_4a961eacef1e5c7b
soundalias,#prj_brass_impact_small_sand
soundalias,#fly_land_imp_rapid_plr_metal
soundalias,#fly_snipe_locus_bolt_forward_npc
soundalias,#fly_trav_low_no_hands_loud_npc
soundalias,#fly_38_hammer
soundalias,#hash_4aa0bcf2245645f8
soundalias,#hash_4aa1afbb2e106d39
soundalias,#fly_step_crouch_run_plr_foliage
soundalias,#wpn_smg_fastburst_act_plr
soundalias,#hash_4aa3d85925d52a67
soundalias,#pfx_fire_lantern
soundalias,#wpn_ar_galil_fire_ads_plr
soundalias,#fly_smg_folding_mag_in_npc
soundalias,#hash_4abb3683559760ec
soundalias,#fly_lstep_crouch_walk_lt_npc_snow
soundalias,#wpn_smg_versatile_silencer_ads_npc
soundalias,#wpn_pistol_silencer_npc_decay
soundalias,#wpn_smg_capacity_uber_belt_plr
soundalias,#fly_qstep_prone_lt_plr_glasscar
soundalias,#fly_lmg_standard_mag_out_npc
soundalias,#hash_4acf66bbc681020f
soundalias,#fly_lstep_walk_lt_npc_plastic
soundalias,#fly_step_run_lt_plr_water
soundalias,#fly_step_walk_plr_tallgrass
soundalias,#fly_qstep_crouch_run_lt_plr_cushion
soundalias,#hash_4aec0c3ab1a74a22
soundalias,#fly_takeoff_lt_npc_mud
soundalias,#fly_step_diamond_plate
soundalias,#fly_lstep_walk_lt_npc_plaster
soundalias,#hash_4afd8b94c49061c2
soundalias,#hash_4afeba7a557fe5ce
soundalias,#fly_qboot_lt_heavy
soundalias,#fly_land_lt_plr_rock
soundalias,#fly_midburst_mag_in_npc
soundalias,#fly_step_sprint_lt_plr_glassbulletproof
soundalias,#fly_step_crouch_run_npc_rubber
soundalias,#fly_land_imp_fast_heavy_fruit
soundalias,#hash_4b0f55a9c75d8065
soundalias,#wpn_smg_fastburst_rf_act_npc
soundalias,#prj_bolt_impact_metal_hollow
soundalias,#fly_land_plr_lt_glass
soundalias,#fly_lstep_prone_npc_glass
soundalias,#fly_qstep_crouch_run_npc_ceramic
soundalias,#fly_m16_mag_tap_npc
soundalias,#wpn_lmg_heavy_rf_ads_killcam_plr
soundalias,#fly_land_heavy_dirt
soundalias,#wpn_smg_vtile_rapid_sup_act_killcam_npc
soundalias,#fly_qstep_walk_lt_plr_concrete
soundalias,#hash_4b29f833672a602e
soundalias,#fly_qland_lt_npc_damage
soundalias,#fly_step_run_lt_plr_dirt
soundalias,#hash_4b32936c67bc71e2
soundalias,#fly_takeoff_lt_npc_carpet
soundalias,#hash_4b365f8c599a5f15
soundalias,#fly_bump_desk
soundalias,#wpn_ar_fastfire_act_killcam_npc
soundalias,#fly_step_crouch_walk_npc_carpet
soundalias,#fly_land_imp_med_plr_paper
soundalias,#wpn_ar_standard_silencer_ads_killcam_plr
soundalias,#fly_step_walk_heavy_watershallow
soundalias,#hash_4b54922aa9a7114c
soundalias,#fly_step_crouch_run_heavy_gravel
soundalias,#fly_land_imp_rapid_plr_metalcar
soundalias,#fly_impact_land_lt_plr
soundalias,#fly_land_lt_npc_paintedmetal
soundalias,#fly_qstep_crouch_run_lt_npc_foliage
soundalias,#fly_qstep_run_plr_wood
soundalias,#fly_step_sprint_lt_plr_asphalt_swt
soundalias,#fly_land_heavy_watershallow
soundalias,#hash_4b79bf8a15de9fd8
soundalias,#fly_gear_lt_plr
soundalias,#fly_pistol_revolver_shells_in_npc
soundalias,#fly_land_heavy_ceramic
soundalias,#fly_land_fast_plr_lt_glasscar
soundalias,#fly_qstep_crouch_walk_npc_plastic
soundalias,#fly_step_run_heavy_glass
soundalias,#wpn_pistol_standard_fire_pap_plr
soundalias,#prj_brass_impact_gren_case_wood
soundalias,#hash_4b8d428c3bccb4d4
soundalias,#zmb_vocals_catalyst_water_attack_melee
soundalias,#prj_bulletspray_impact_water
soundalias,#zmb_step_standard_sprint_metalthin
soundalias,#fly_step_crouch_run_lt_plr_asphalt
soundalias,#wpn_ar_mg1909_fire_npc
soundalias,#hash_4ba0b729f6db78ec
soundalias,#fly_takeoff_lt_plr_brick
soundalias,#fly_qstep_crouch_walk_npc_plaster
soundalias,#wpn_smoke_hiss_lp
soundalias,#fly_qstep_run_heavy_asphalt_swt
soundalias,#fly_gear_run_stop_lt_plr
soundalias,#fly_qstep_prone_npc_water
soundalias,#hash_4baefab9ec3f6860
soundalias,#wpn_smg_handling_sup_rh_ads_npc
soundalias,#fly_stance_prone2crouch_lt_plr_metalcatwalk
soundalias,#fly_takeoff_lt_plr_concrete
soundalias,#fly_step_prone_lt_npc_glass
soundalias,#fly_step_prone_plr_paintedmetal
soundalias,#wpn_ar_galil_fire_dist_npc
soundalias,#wpn_smg_accurate_uber_sup_lfe_npc
soundalias,#fly_qstep_walk_plr_glassbulletproof
soundalias,#fly_lstep_walk_npc_cushion
soundalias,#fly_demo_hammer_inspect_91_npc
soundalias,#wpn_smg_vtile_rapid_sup_lfe_npc
soundalias,#fly_lmg_standard_bolt_back_npc
soundalias,#fly_qland_npc_concrete
soundalias,#fly_snipe_damagesemi_bolt_forward_npc
soundalias,#hash_4bcd7325c0d4f34c
soundalias,#wpn_lmg_spray_sup_act_killcam_npc
soundalias,#hash_4bd3c0130f19c8fc
soundalias,#hash_4bd73aac1e9cad42
soundalias,#wpn_ar_damage_fire_npc
soundalias,#zmb_blocker_debris_purchase
soundalias,#hash_4be3d165b66e7ff5
soundalias,#hash_4be7369554d4831a
soundalias,#fly_land_slow_plr_lt_default
soundalias,#fly_qland_npc_metalhollow
soundalias,#hash_4beb4052c990c9cf
soundalias,#fly_step_crouch_run_plr_dirt
soundalias,#hash_4bf175fbccc35e09
soundalias,#fly_qstep_run_lt_plr_metalcar
soundalias,#prj_brass_impact_gren_case_default
soundalias,#prj_crack_annihilator
soundalias,#fly_lstep_sprint_npc_concrete
soundalias,#fly_slide_npc_rock
soundalias,#fly_step_prone_heavy_carpet
soundalias,#fly_qstep_crouch_walk_lt_npc_metalthin
soundalias,#zmb_step_standard_walk_glasscar
soundalias,#prj_brass_impact_shell_rock
soundalias,#wpn_quickscope_fire_plr
soundalias,#fly_qstep_crouch_run_heavy_default
soundalias,#wpn_smg_drum_fire_dist_npc
soundalias,#fly_smg_fastfire_bolt_back_npc
soundalias,#hash_4c3720a4e34a2ba2
soundalias,#amb_rattle_stuff
soundalias,#fly_qland_lt_npc_paper
soundalias,#zmb_death_gibs
soundalias,#hash_4c423bde589af615
soundalias,#fly_takeoff_lt_plr_paintedmetal
soundalias,#prj_brass_impact_shell_bark
soundalias,#wpn_concussion_bounce_dirt
soundalias,#hash_4c53f135ce5a3753
soundalias,#evt_player_death
soundalias,#fly_qstep_crouch_walk_lt_npc_glass
soundalias,#wpn_tr_damageburst_sup_killcam_lfe_plr
soundalias,#fly_qstep_run_heavy_cushion
soundalias,#zmb_step_standard_sprint_grass
soundalias,#wpn_rpg_fire_npc
soundalias,#prj_brass_impact_sniper_ceramic
soundalias,#prj_bullet_impact_dist_metal
soundalias,#prj_crossbow_impact_water
soundalias,#hash_4c745cefa9f31491
soundalias,#fly_qstep_walk_heavy_sand
soundalias,#fly_smg_handling_mag_in_npc
soundalias,#hash_4c7a00c9e1521671
soundalias,#wpn_smg_fastfire_uber_lfe_killcam_plr
soundalias,#wpn_smg_standard_lfe_plr
soundalias,#wpn_grenade_bounce_rock
soundalias,#fly_qland_npc_default
soundalias,#fly_melee_swipe_player_sword_swt
soundalias,#fly_crossbow_first_raise
soundalias,#fly_lstep_crouch_run_npc_snow
soundalias,#fly_qstep_crouch_walk_heavy_glasscar
soundalias,#wpn_ar_standard_fire_plr
soundalias,#hash_4c9be7ae0d0f0bd2
soundalias,#wpn_ar_doublebarrel_sup_fire_plr
soundalias,#hash_4ca44cd6d7aab737
soundalias,#fly_step_run_heavy_paintedmetal
soundalias,#prj_brass_impact_sniper_cloth
soundalias,#wpn_lmg_stealth_sup_act_killcam_plr
soundalias,#prj_bullet_impact_plastic
soundalias,#wpn_lmg_stealth_uber_sup_fire_plr
soundalias,#wpn_smg_standard_rapid_ads_npc
soundalias,#hash_4cb4308317ecf7a6
soundalias,#zmb_step_standard_run_rubber
soundalias,#wpn_smg_accurate_uber_killcam_lfe_plr
soundalias,#fly_melee_swipealt_player_rifle
soundalias,#fly_qstep_walk_lt_npc_flesh
soundalias,#hash_4cc0843626da113b
soundalias,#fly_qstep_crouch_run_heavy_tallgrass
soundalias,#fly_step_run_lt_npc_metalthin
soundalias,#wpn_ar_doublebarrel_sup_ads_npc
soundalias,#hash_4ccbfd7298ad64b3
soundalias,#prj_bullet_impact_plaster
soundalias,#wpn_ar_peacekeeper_sup_ads_killcam_plr
soundalias,#fly_step_walk_plr_grass
soundalias,#fly_qstep_run_heavy_ice
soundalias,#fly_step_run_lt_plr_concrete
soundalias,#hash_4cde66c2c2b89543
soundalias,#fly_land_fast_npc_heavy_wood
soundalias,#fly_step_prone_plr_mud
soundalias,#fly_step_crouch_walk_npc_plaster
soundalias,#fly_qstep_crouch_walk_lt_plr_foliage
soundalias,#fly_land_imp_med_heavy_metal
soundalias,#zmb_ai_catalyst_electric_lp
soundalias,#fly_weight_land_rapid_heavy
soundalias,#fly_step_crouch_walk_npc_plastic
soundalias,#fly_takeoff_heavy_dirt
soundalias,#wpn_smg_fastburst_rf_killcam_lfe_npc
soundalias,#hash_4cfc1c714fa6f474
soundalias,#fly_fall_wind_slow_lp
soundalias,#prj_brass_impact_small_glass
soundalias,#prj_bullet_impact_brick
soundalias,#hash_4cfeda352eade8b8
soundalias,#wpn_ar_modular_lfe_plr
soundalias,#pfx_car_fire
soundalias,#fly_bump_cardboard_sm
soundalias,#mpl_turret_startup
soundalias,#hash_4d08e03e3959928f
soundalias,#hash_4d090c1d805c5cc7
soundalias,#zmb_ai_catalyst_water_buff_lp
soundalias,#wpn_ar_stealth_lfe_plr
soundalias,#hash_4d1726b00a1af32a
soundalias,#wpn_smg_versatile_ads_killcam_npc
soundalias,#fly_land_fast_npc_heavy_fruit
soundalias,#hash_4d2172516b855eaa
soundalias,#fly_lstep_run_lt_npc_fruit
soundalias,#wpn_pistol_burst_act_npc
soundalias,#fly_land_lt_plr_watershallow
soundalias,#fly_shotgun_argus_first_raise_npc
soundalias,#fly_land_slow_npc_heavy_watershallow
soundalias,#pfx_gas_pipe_fire
soundalias,#wpn_lmg_heavy_uber_act_plr
soundalias,#mpl_turret_startup_trans
soundalias,#fly_qstep_sprint_npc_metalcar
soundalias,#fly_step_walk_lt_plr_brick
soundalias,#prj_bolt_impact_bottle
soundalias,#fly_lstep_run_npc_glass
soundalias,#fly_step_sprint_plr_glassbulletproof
soundalias,#fly_jump_takeoff_cloth_plr
soundalias,#hash_4d54ed870acc9a36
soundalias,#fly_step_run_lt_npc_concrete
soundalias,#fly_step_crouch_run_heavy_paper
soundalias,#wpn_smg_fastburst_rf_fire_pap_plr
soundalias,#zmb_powerup_vomit_cleaned
soundalias,#wpn_smg_minigun_flux_npc_l
soundalias,#wpn_smg_versatile_fire_npc
soundalias,#wpn_smg_minigun_flux_npc_r
soundalias,#fly_step_grate_move
soundalias,#zmb_step_standard_sprint_wood
soundalias,#fly_takeoff_plr_rubber
soundalias,#hash_4d72f993ab3784d0
soundalias,#wpn_lmg_stealth_sup_fire_killcam_npc
soundalias,#prj_hatchet_impact_fruit
soundalias,#fly_qland_npc_gravel
soundalias,#wpn_smg_versatile_silencer_act_npc
soundalias,#wpn_tr_damageburst_sup_killcam_ads_plr
soundalias,#fly_boot_sprint_lt_plr
soundalias,#fly_bump_shelf_scoot
soundalias,#wpn_energypistol_npc_decay
soundalias,#wpn_smg_capacity_uber_rapid_act_killcam_plr
soundalias,#hash_4d943f1b7bb61487
soundalias,#zmb_step_crouch_run_npc_metalhollow
soundalias,#wpn_tr_flechette_sup_fire_act_plr
soundalias,#fly_qstep_sprint_heavy_dirt
soundalias,#wpn_pistol_standard_fire_dist_npc
soundalias,#wpn_ar_peacekeeper_act_killcam_plr
soundalias,#wpn_ar_peacekeeper_rf_fire_pap_plr
soundalias,#wpn_pistol_standard_flux_r_pap_npc
soundalias,#prj_crossbow_impact_piano
soundalias,#fly_qstep_run_heavy_bark
soundalias,#fly_step_crouch_run_lt_plr_ice
soundalias,#fly_shotgun_argus_wheel_close_npc
soundalias,#prj_crossbow_impact_sand
soundalias,#wpn_smg_npc_decay
soundalias,#prj_bullet_impact_headshot_helmet_nodie_2d
soundalias,#fly_generic_ads_plr
soundalias,#hash_4dc2ef5c8d5cfd97
soundalias,#hash_4dc32d9a3243996f
soundalias,#fly_land_slow_plr_heavy_metalcatwalk
soundalias,#hash_4dc500486096ddcd
soundalias,#fly_lstep_run_npc_paper
soundalias,#fly_step_crouch_run_npc_metal
soundalias,#fly_land_lt_plr_metalcatwalk
soundalias,#fly_step_sprint_lt_plr_grass
soundalias,#hash_4dd0a956e93a829e
soundalias,#wpn_powersemi_ads_plr
soundalias,#fly_step_prone_lt_plr_ice
soundalias,#hash_4dd6ff9767bddb8a
soundalias,#fly_leap_sprint_lt_plr_flesh
soundalias,#fly_melee_swipealt_player_sword_swt
soundalias,#wpn_tr_longburst_killcam_lfe_npc
soundalias,#prj_brass_impact_small_paper
soundalias,#fly_step_prone_plr_carpet
soundalias,#fly_qstep_crouch_walk_heavy_paper
soundalias,#fly_land_imp_rapid_heavy_metalcar
soundalias,#fly_lstep_walk_npc_snow
soundalias,#fly_melee_imp_knife_plastic
soundalias,#fly_qstep_run_plr_metalcar
soundalias,#fly_lstep_walk_npc_asphalt
soundalias,#vox_rush_stoker_rush_0
soundalias,#wpn_tr_powersemi_sup_act_plr
soundalias,#hash_4e0c4f0c6335ebba
soundalias,#fly_qstep_walk_lt_plr_sand
soundalias,#fly_qstep_run_plr_glasscar
soundalias,#zmb_step_standard_sprint_watershallow
soundalias,#fly_bump_mannequin
soundalias,#fly_step_walk_plr_fruit
soundalias,#fly_step_walk_plr_dirt
soundalias,#fly_melee_imp_metal_npc_surface
soundalias,#fly_qland_npc_carpet
soundalias,#fly_tesla_sniper_mag_out_npc
soundalias,#fly_thunder_release_npc
soundalias,#fly_weight_land_plr
soundalias,#fly_qstep_crouch_walk_lt_plr_asphalt
soundalias,#fly_step_crouch_walk_heavy_cushion
soundalias,#fly_land_imp_rapid_lt_plr_cloth
soundalias,#hash_4e4b0063751f5064
soundalias,#prj_brass_impact_plr_gren_case_paper
soundalias,#hash_4e51b77c9856b79b
soundalias,#wpn_ar_an94_sup_fire_ads_plr
soundalias,#wpn_ar_peacekeeper_rf_sup_fire_npc
soundalias,#fly_qstep_walk_heavy_glass
soundalias,#wpn_lmg_stealth_lfe1_npc
soundalias,#wpn_ar_standard_fire_dist_npc
soundalias,#zmb_step_crouch_walk_npc_bark
soundalias,#fly_qstep_crouch_run_npc_metal
soundalias,#fly_qstep_walk_plr_gravel
soundalias,#fly_shotgun_auto_mag_out
soundalias,#wpn_smg_capacity_rapid_fire_killcam_plr
soundalias,#hash_4e7111181db77985
soundalias,#hash_4e72d0756eca47fb
soundalias,#phy_impact_wood_metal
soundalias,#fly_step_crouch_walk_lt_npc_paintedmetal
soundalias,#wpn_smg_thompson_fire_killcam_plr
soundalias,#fly_land_fast_npc_lt_fruit
soundalias,#prj_bolt_impact_vase
soundalias,#hash_4e8c3ee9bdc06f16
soundalias,#fly_qbody_scoot
soundalias,#wpn_ar_peacekeeper_rf_act_killcam_plr
soundalias,#wpn_tr_longburst_upg_killcam_lfe_plr
soundalias,#hash_4e945febdd4f5ebe
soundalias,#prj_brass_impact_sniper_bark
soundalias,#hash_4e9a24031d727fc4
soundalias,#prj_hatchet_impact_piano
soundalias,#fly_takeoff_npc_bark
soundalias,#fly_step_run_lt_plr_foliage
soundalias,#hash_4eab739c188fca99
soundalias,#hash_4eac52516bb3f227
soundalias,#zmb_step_catalyst_corrosive_sprint_wood
soundalias,#hash_4eaf0b47ad95ff72
soundalias,#prj_bolt_impact_bark
soundalias,#wpn_concussion_shock_loop
soundalias,#wpn_smg_standard_silencer_ads_killcam_plr
soundalias,#wpn_smg_minigun_fire_loop_lfe_plr
soundalias,#hash_4eb6e86b12872200
soundalias,#fly_longburst_bolt_forward_npc
soundalias,#fly_step_prone_heavy_flesh
soundalias,#fly_qstep_walk_lt_plr_paintedmetal
soundalias,#fly_qstep_crouch_walk_lt_npc_fruit
soundalias,#wpn_pistol_burst_sup_rf_lfe
soundalias,#fly_step_prone_heavy_wood
soundalias,#zmb_step_standard_sprint_dirt
soundalias,#hash_4ec9d4993442f923
soundalias,#wpn_smg_accurate_sup_fire_pap_npc
soundalias,#fly_step_prone_npc_cushion
soundalias,#fly_qstep_sprint_plr_watershallow
soundalias,#wpn_pistol_burst_rf_act_npc
soundalias,#fly_acnt_heavy
soundalias,#fly_land_imp_fast_heavy_bark
soundalias,#hash_4ed256422f7f88d3
soundalias,#fly_land_fast_plr_lt_flesh
soundalias,#wpn_ar_stealth_sup_act_npc
soundalias,#fly_step_sprint_npc_bodyarmor
soundalias,#fly_land_plr_foliage_sec
soundalias,#fly_lmg_standard_bolt_back
soundalias,#fly_land_lt_npc_foliage
soundalias,#fly_step_walk_heavy_glass
soundalias,#fly_land_imp_fast_plr_paper
soundalias,#fly_step_crouch_walk_plr_watershallow
soundalias,#vox_rush_player_last_rush_0
soundalias,#fly_lgear_walk_npc
soundalias,#fly_land_fast_plr_heavy_foliage
soundalias,#fly_shotgun_argus_first_raise
soundalias,#hash_4f016aff8088b894
soundalias,#wpn_ar_galil_sup_act_killcam_npc
soundalias,#fly_step_run_npc_dirt
soundalias,#hash_4f08f1a597991f2a
soundalias,#hash_4f0a504702a4798f
soundalias,#wpn_smg_vtile_rapid_sup_act_killcam_plr
soundalias,#wpn_grenade_explode_water
soundalias,#fly_qstep_run_lt_npc_metalcatwalk
soundalias,#wpn_ar_stealth_act_npc
soundalias,#fly_step_corr_metal
soundalias,#hash_4f16ac057a4dcc0a
soundalias,#fly_land_fast_npc_heavy_metalcar
soundalias,#hash_4f1c8f50530147f2
soundalias,#wpn_pistol_standard_npc_lfe
soundalias,#fly_step_crouch_walk_lt_plr_fruit
soundalias,#fly_lstep_crouch_run_lt_npc_carpet
soundalias,#fly_lstep_run_lt_npc_glassbulletproof
soundalias,#fly_ar_fastfire_bolt_back_npc
soundalias,#fly_lstep_run_npc_default
soundalias,#wpn_ar_fastfire_act_killcam_plr
soundalias,#fly_takeoff_lt_plr_snow
soundalias,#fly_step_crouch_run_lt_npc_paper
soundalias,#fly_stance_prone2crouch_lt_plr_bark
soundalias,#prj_brass_impact_small_asphalt
soundalias,#hash_4f3a05dd0046431f
soundalias,#zmb_step_catalyst_sprint_default
soundalias,#prj_bullet_impact_cloth
soundalias,#fly_smg_accurate_mag_in_npc
soundalias,#fly_step_sprint_heavy_mud
soundalias,#hash_4f4290b4105e990c
soundalias,#hash_4f49fe859eaf1775
soundalias,#fly_qstep_prone_npc_wood
soundalias,#chr_swimming_ow_enter_npc
soundalias,#zmb_step_standard_walk_bark
soundalias,#chr_swimming_ow_exit_npc
soundalias,#fly_lstep_crouch_run_lt_npc_fruit
soundalias,#fly_melee_imp_battleshield_npc_glass
soundalias,#fly_step_crouch_walk_heavy_foliage
soundalias,#wpn_lmg_heavy_uber_fire_plr
soundalias,#wpn_melee_shield_plr_default
soundalias,#fly_melee_impact_2d_smack
soundalias,#wpn_smg_versatile_rapid_fire_pap_plr
soundalias,#hash_4f68480bfcc06f40
soundalias,#fly_lboot_soft_run_lt_npc
soundalias,#hash_4f6c4c984acbc393
soundalias,#fly_lstep_sprint_lt_npc_glass
soundalias,#fly_ar_accurate_bolt_back
soundalias,#hash_4f6ff489ecac9a78
soundalias,#hash_4f6ff889ecaca144
soundalias,#hash_4f6ff989ecaca2f7
soundalias,#hash_4f6ffa89ecaca4aa
soundalias,#hash_4f6ffb89ecaca65d
soundalias,#wpn_smg_drum_act_killcam_npc
soundalias,#fly_lmg_reaper_ads
soundalias,#wpn_smg_fastburst_ads_npc
soundalias,#fly_lstep_crouch_walk_npc_plaster
soundalias,#fly_qstep_run_npc_brick
soundalias,#prj_brass_impact_small_cloth
soundalias,#wpn_smoke_grenade_explode
soundalias,#fly_step_crouch_walk_lt_npc_glassbulletproof
soundalias,#fly_qstep_sprint_npc_rock
soundalias,#fly_step_crouch_walk_heavy_glass
soundalias,#hash_4f993ca258f8fd5f
soundalias,#fly_land_plr_lt_snow
soundalias,#zmb_sq_souls_lp
soundalias,#fly_smg_capacity_mag_in
soundalias,#fly_lstep_sprint_lt_npc_watershallow
soundalias,#fly_lstep_crouch_walk_npc_plastic
soundalias,#fly_qstep_walk_heavy_concrete
soundalias,#fly_smg_mini_mag_in_npc
soundalias,#fly_lstep_prone_lt_npc_fruit
soundalias,#fly_step_crouch_run_lt_plr_ceramic
soundalias,#fly_land_npc_rubber
soundalias,#hash_4fb575f168fb7f56
soundalias,#wpn_smg_capacity_fire_killcam_plr
soundalias,#wpn_smg_capacity_uber_ads_npc
soundalias,#hash_4fc070ca097e5b3e
soundalias,#wpn_smg_capacity_ads_killcam_npc
soundalias,#fly_qstep_walk_npc_grass
soundalias,#hash_4fcbb4478929a002
soundalias,#wpn_shotgun_flux_l_npc_pap
soundalias,#fly_bump_glass_pane
soundalias,#wpn_ar_stealth_rapid_fire_killcam_npc
soundalias,#fly_lstep_prone_lt_npc_asphalt
soundalias,#hash_4fd39db52c3ed1d1
soundalias,#fly_land_plr_water
soundalias,#fly_land_slow_plr_heavy_paper
soundalias,#wpn_concussion_bounce_brick
soundalias,#wpn_smg_folding_sup_fire_npc
soundalias,#hash_4fdf8a35225ee4c6
soundalias,#fly_ar_damage_mag_out_npc
soundalias,#fly_lmg_spray_mag_in_npc
soundalias,#wpn_pistol_standard_flux_l_pap_plr
soundalias,#hash_4fed4fb0b8ae8cd0
soundalias,#fly_step_crouch_walk_npc_glasscar
soundalias,#fly_melee_lunge_fist
soundalias,#fly_qland_npc_ceramic
soundalias,#fly_bump_cardboard
soundalias,#fly_lacnt_run_lt_npc
soundalias,#hash_4ff6e9a20808f850
soundalias,#wpn_smg_capacity_uber_fire_plr
soundalias,#fly_land_imp_med_lt_plr_water
soundalias,#fly_melee_imp_knife_cloth
soundalias,#fly_takeoff_lt_npc_brick
soundalias,#fly_qstep_sprint_plr_carpet
soundalias,#hash_50065cecccd1397f
soundalias,#fly_snipe_locus_mag_in
soundalias,#wpn_ar_fastfire_upg_act_killcam_npc
soundalias,#fly_land_imp_fast_plr_bark
soundalias,#fly_ar_modular_mag_out
soundalias,#wpn_pistol_burst_rf_lfe_killcam_plr
soundalias,#wpn_pistol_burst_rf_ads_plr
soundalias,#prj_brass_impact_plr_gren_case_brick
soundalias,#fly_step_crouch_run_heavy_glassbroken
soundalias,#fly_slide_plr_plaster
soundalias,#wpn_tactical_close_decay
soundalias,#wpn_ar_galil_act_killcam_plr
soundalias,#fly_land_imp_fast_lt_plr_concrete
soundalias,#zmb_step_catalyst_sprint_wood
soundalias,#hash_50315ddc80a28fe1
soundalias,#fly_qstep_crouch_walk_plr_sand
soundalias,#fly_slide_plr_plastic
soundalias,#hash_50372b107c46a75d
soundalias,#hash_50374b9681657883
soundalias,#fly_qstep_sprint_lt_npc_water
soundalias,#fly_qstep_crouch_run_plr_grass
soundalias,#fly_qstep_crouch_walk_lt_plr_ceramic
soundalias,#wpn_lmg_spray_sup_act_killcam_plr
soundalias,#wpn_tr_damageburst_sup_killcam_lfe_npc
soundalias,#fly_land_slow_npc_heavy_carpet
soundalias,#fly_land_imp_med_plr_paintedmetal
soundalias,#fly_lstep_prone_lt_npc_dirt
soundalias,#hash_504c64e0ca1782e7
soundalias,#fly_smg_fastburst_bolt_back
soundalias,#fly_step_prone_npc_cloth
soundalias,#wpn_lmg_standard_belt_killcam_npc
soundalias,#hash_505896420537624f
soundalias,#fly_takeoff_plr_plaster
soundalias,#fly_qstep_crouch_walk_lt_npc_rubber
soundalias,#wpn_crossbow_fire_plr
soundalias,#prj_bullet_impact_asphault
soundalias,#fly_slide_heavy_metalcatwalk
soundalias,#fly_takeoff_plr_plastic
soundalias,#zmb_electrocute_zombie_swt
soundalias,#fly_land_slow_plr_heavy_metalthin
soundalias,#hash_50732958ea2c7882
soundalias,#exp_molotov_proj_loop
soundalias,#fly_pistol_auto_mag_out_npc
soundalias,#zmb_step_crouch_run_npc_bark
soundalias,#hash_507f11319e14b6e8
soundalias,#fly_slide_plr_bark
soundalias,#wpn_smg_accurate_ads_npc
soundalias,#fly_qstep_prone_heavy_gravel
soundalias,#hash_50872463c98592ff
soundalias,#hash_5088cd44c4676136
soundalias,#wpn_smg_folding_sup_lfe_killcam_npc
soundalias,#hash_509328253e0c2b81
soundalias,#hash_509424a1c1e57948
soundalias,#wpn_mini14_lfe_npc
soundalias,#fly_step_run_plr_wood
soundalias,#wpn_smg_standard_rapid_ads_plr
soundalias,#wpn_ar_peacekeeper_sup_fire_plr
soundalias,#wpn_rocket_explode_close_plr
soundalias,#hash_509d0d9ffc7f9aed
soundalias,#hash_509f02f967d7c707
soundalias,#fly_snipe_locus_bolt_back_npc
soundalias,#wpn_pistol_burst_sup_rf_fire_plr
soundalias,#wpn_mini14_flux_npc_r
soundalias,#wpn_mini14_flux_npc_l
soundalias,#fly_step_sprint_lt_plr_gravel
soundalias,#hash_50adac837479b4b5
soundalias,#fly_qstep_run_lt_npc_carpet
soundalias,#wpn_smoke_bounce_ceramic
soundalias,#fly_step_walk_npc_fruit
soundalias,#wpn_shotgun_fire_npc_decay
soundalias,#fly_melee_imp_rock
soundalias,#hash_50b9f20bd3efece3
soundalias,#wpn_pistol_burst_sup_act_killcam_npc
soundalias,#fly_melee_lungealt_player_sword_swt
soundalias,#hash_50c0666d9ac5b814
soundalias,#fly_slide_heavy_brick
soundalias,#hash_50c475b6c62e5539
soundalias,#hash_50c484a341cf190c
soundalias,#zmb_step_blight_walk_asphalt
soundalias,#wpn_ar_modular_ads_plr
soundalias,#fly_land_plr_gravel_sec
soundalias,#fly_step_rock_rubble
soundalias,#fly_slide_lt_npc_snow
soundalias,#wpn_rpg_fire_plr
soundalias,#wpn_smg_accurate_sup_fire_npc
soundalias,#zmb_step_standard_sprint_metalcatwalk
soundalias,#wpn_pistol_burst_rf_ads_killcam_npc
soundalias,#fly_qstep_walk_lt_npc_bark
soundalias,#wpn_ar_galil_sup_fire_lfe_plr
soundalias,#fly_melee_imp_knife_rock
soundalias,#fly_step_walk_lt_npc_fruit
soundalias,#fly_slide_heavy_asphalt
soundalias,#fly_step_run_lt_npc_grass
soundalias,#hash_50e1877d5f983866
soundalias,#wpn_ar_stealth_sup_lfe_plr
soundalias,#wpn_pistol_topbreak_fire_pap_plr
soundalias,#zmb_step_standard_run_glass
soundalias,#hash_50eb5531160e21ad
soundalias,#fly_takeoff_npc_grass
soundalias,#hash_50ec834c57bb43f5
soundalias,#wpn_smg_handling_lfe_killcam_npc
soundalias,#fly_qstep_run_lt_npc_bark
soundalias,#wpn_shotgun_auto_fire_dist_npc
soundalias,#mpl_turret_alert
soundalias,#prj_brass_impact_plr_gren_case_default
soundalias,#hash_5102a0f2bed51dea
soundalias,#wpn_frag_pin_pull_alt
soundalias,#hash_5109bfe7da260692
soundalias,#fly_bump_fridge
soundalias,#fly_step_crouch_walk_heavy_rock
soundalias,#bik_ct_skirmishoutro_seraph
soundalias,#fly_step_run_heavy_ice
soundalias,#fly_step_sprint_heavy_glass
soundalias,#mus_trials_round_start_intro
soundalias,#hash_511444f1cf0b4b8c
soundalias,#fly_melee_swipe_player_fist
soundalias,#wpn_shotgun_trenchgun_fire_act_npc
soundalias,#hash_511983b7a548b6f7
soundalias,#fly_weight_walk_igc_lt_plr
soundalias,#fly_melee_lunge_victim_rifle_bot
soundalias,#fly_peacekeeper_bolt_back
soundalias,#fly_step_run_lt_plr_rock_swt
soundalias,#wpn_smg_accurate_uber_ads_npc
soundalias,#hash_512b314b8ab1ea57
soundalias,#fly_land_slow_npc_lt_paper
soundalias,#fly_sniper_quick_bolt_back_npc
soundalias,#fly_step_sprint_lt_npc_flesh
soundalias,#fly_lstep_crouch_walk_lt_npc_grass
soundalias,#wpn_ar_standard_lfe_killcam_plr
soundalias,#fly_qstep_walk_heavy_plaster
soundalias,#fly_qstep_prone_lt_npc_brick
soundalias,#wpn_ar_mg1909_fire_plr
soundalias,#hash_513d42f65d0fa684
soundalias,#wpn_lmg_double_act_plr
soundalias,#fly_land_imp_med_heavy_concrete
soundalias,#fly_qland_lt_npc_cushion
soundalias,#fly_qstep_crouch_walk_npc_bodyarmor
soundalias,#fly_lstep_sprint_lt_npc_foliage
soundalias,#hash_5149b95554c34d7c
soundalias,#fly_step_crouch_run_npc_glassbulletproof
soundalias,#fly_boot_sprint_heavy
soundalias,#hash_515923320741de53
soundalias,#prj_crack_supersonic
soundalias,#wpn_tr_powersemi_lfe_npc
soundalias,#fly_qstep_walk_heavy_plastic
soundalias,#fly_step_container
soundalias,#hash_51616c266c8d2aeb
soundalias,#vox_rush_door_open_all_rush_0
soundalias,#wpn_ar_galil_lfe_npc
soundalias,#fly_bump_car
soundalias,#wpn_sfb_silencer_lfe
soundalias,#hash_516d032dc87c687d
soundalias,#zmb_step_crouch_run_npc_foliage
soundalias,#zmb_step_crouch_run_npc_rock
soundalias,#hash_517a2c345070fd2c
soundalias,#fly_qstep_crouch_walk_plr_watershallow
soundalias,#wpn_smg_fastburst_rf_fire_plr
soundalias,#fly_step_run_heavy_wood
soundalias,#fly_step_crouch_walk_plr_cloth
soundalias,#fly_land_lt_plr_ice_sec
soundalias,#hash_518da284068e3d96
soundalias,#wpn_concussion_bounce_bark
soundalias,#fly_step_crouch_run_heavy_rubber
soundalias,#bik_zm_towers_load_vo
soundalias,#wpn_tr_longburst_upg_fire_pap_npc
soundalias,#zmb_rush_defend_enter
soundalias,#fly_land_fast_npc_heavy_default
soundalias,#fly_step_crouch_walk_lt_npc_glasscar
soundalias,#hash_51a0e143e64e5e20
soundalias,#fly_step_sprint_plr_ice
soundalias,#fly_bump_brick
soundalias,#zmb_step_crouch_walk_npc_metalhollow
soundalias,#hash_51aead48f3d1b20c
soundalias,#wpn_tr_midburst_sup_fire_pap_plr
soundalias,#zmb_vocals_catalyst_corrosive_attack_melee
soundalias,#fly_ar_galil_mag_out_npc
soundalias,#fly_qstep_crouch_walk_heavy_watershallow
soundalias,#prj_brass_impact_shell_concrete
soundalias,#wpn_smg_thompson_act_killcam_plr
soundalias,#fly_lstep_prone_lt_npc_ice
soundalias,#prj_bulletspray_impact_default
soundalias,#wpn_ar_fastfire_fire_pap_plr
soundalias,#fly_step_prone_plr_sand
soundalias,#fly_slide_heavy_concrete
soundalias,#hash_51d6951c5b246ca3
soundalias,#fly_step_run_heavy_plastic
soundalias,#bik_ct_skirmishoutro_crash
soundalias,#fly_step_sprint_lt_npc_ice
soundalias,#wpn_pistol_burst_lfe_npc
soundalias,#fly_land_slow_npc_heavy_rock
soundalias,#fly_lstep_sprint_lt_npc_brick
soundalias,#fly_land_plr_metalthin
soundalias,#prj_brass_impact_plr_gren_case_grass
soundalias,#fly_qstep_prone_npc_flesh
soundalias,#fly_smg_handling_bolt_back_npc
soundalias,#fly_step_run_lt_plr_glasscar
soundalias,#wpn_pistol_burst_sup_act_npc
soundalias,#zmb_step_blight_walk_ice
soundalias,#fly_land_fast_plr_lt_tallgrass
soundalias,#fly_step_run_heavy_plaster
soundalias,#fly_land_plr_metal
soundalias,#fly_start_wall_lt_plr_sand
soundalias,#fly_gear_sprint_stop_plr
soundalias,#prj_bullet_impact_xtreme_sandbag
soundalias,#zmb_rush_monster_incoming
soundalias,#wpn_lmg_close_quiet_npc_decay
soundalias,#hash_5219ba537997b797
soundalias,#fly_step_wall_lt_plr_metalcar
soundalias,#fly_qstep_prone_heavy_plaster
soundalias,#wpn_mini14_uber_ads_plr
soundalias,#hash_522d772806dd98c9
soundalias,#wpn_lmg_stealth_uber_lfe_plr
soundalias,#hash_5235f51ba6f5110c
soundalias,#fly_stance_prone2crouch_lt_plr_carpet
soundalias,#hash_52374bddadbee20c
soundalias,#hash_5239387b9dd7404a
soundalias,#hash_523cdcdb8c03f872
soundalias,#pfx_spark_generic_far
soundalias,#fly_qstep_sprint_npc_cushion
soundalias,#wpn_ar_peacekeeper_rf_sup_fire_plr
soundalias,#prj_bulletspray_impact_brick
soundalias,#hash_524bd0b647d0e838
soundalias,#hash_524bd1b647d0e9eb
soundalias,#hash_524bd2b647d0eb9e
soundalias,#hash_524bd3b647d0ed51
soundalias,#hash_524bd4b647d0ef04
soundalias,#hash_524bd5b647d0f0b7
soundalias,#hash_524bd6b647d0f26a
soundalias,#fly_step_walk_lt_plr_bark
soundalias,#fly_lstep_crouch_walk_lt_npc_metalcar
soundalias,#fly_qstep_prone_heavy_plastic
soundalias,#zmb_ai_bfather_maggot_imp_swt
soundalias,#fly_qstep_crouch_walk_plr_fruit
soundalias,#fly_lstep_sprint_lt_npc_tallgrass
soundalias,#wpn_smg_fastburst_rf_sup_fire_plr
soundalias,#hash_526043740196112f
soundalias,#fly_step_crouch_run_lt_plr_rock
soundalias,#hash_5265e42288d5b3fa
soundalias,#fly_lstep_crouch_walk_npc_grass
soundalias,#fly_slide_heavy_flesh
soundalias,#hash_5270d62d97ea919b
soundalias,#fly_land_slow_npc_heavy_glass
soundalias,#zmb_bgb_disorderly_5seconds
soundalias,#fly_smg_folding_mag_out
soundalias,#fly_gear_run_stop_heavy
soundalias,#fly_lstep_crouch_run_lt_npc_cloth
soundalias,#wpn_smg_accurate_fire_pap_npc
soundalias,#fly_land_slow_plr_heavy_flesh
soundalias,#fly_step_sprint_npc_cushion
soundalias,#wpn_tr_leveraction_act_plr
soundalias,#wpn_smg_close_decay
soundalias,#hash_529a789829b06ae0
soundalias,#fly_land_imp_fast_heavy_brick
soundalias,#zmb_step_catalyst_corrosive_sprint_default
soundalias,#fly_lmg_heavy_pull_npc
soundalias,#fly_qstep_crouch_walk_lt_plr_glasscar
soundalias,#fly_step_sprint_lt_plr_cushion
soundalias,#fly_takeoff_heavy_default
soundalias,#fly_qboot_lt_npc
soundalias,#fly_land_plr_dirt_sec
soundalias,#wpn_smg_capacity_ads_plr
soundalias,#prj_crossbow_impact_concrete
soundalias,#zmb_fasttravel_teleport_end_npc
soundalias,#evt_carpenter_end
soundalias,#prj_hatchet_impact_flesh
soundalias,#phy_impact_soft_flesh
soundalias,#hash_52affe00a068e200
soundalias,#wpn_smg_fastburst_killcam_fire_plr
soundalias,#zmb_vocals_zombie_sprint
soundalias,#fly_land_fast_npc_lt_ice
soundalias,#fly_qstep_sprint_lt_plr_metalcatwalk
soundalias,#wpn_smg_capacity_uber_rapid_act_killcam_npc
soundalias,#prj_brass_impact_small_watershallow
soundalias,#hash_52c6116ac7861899
soundalias,#fly_step_walk_lt_npc_wood
soundalias,#wpn_smg_capacity_uber_lfe_plr
soundalias,#wpn_ar_an94_sup_ads_killcam_npc
soundalias,#wpn_bolt_countdown
soundalias,#wpn_tr_flechette_ads_plr
soundalias,#fly_step_crouch_walk_lt_npc_glass
soundalias,#fly_zombie_hand
soundalias,#fly_ar_modular_bolt_release_npc
soundalias,#phy_impact_metal_glass
soundalias,#fly_step_run_plr_rubber
soundalias,#fly_land_imp_rapid_plr_ice
soundalias,#zmb_board_slam_upgraded
soundalias,#wpn_tr_longburst_suppressed_killcam_fire_plr
soundalias,#fly_38_cyclinder_close
soundalias,#hash_52f402c2fd06ac14
soundalias,#fly_land_imp_med_heavy_paintedmetal
soundalias,#fly_boot_soft_sprint_lt_plr
soundalias,#wpn_crossbow_bubbles
soundalias,#hash_52fe607132603f2b
soundalias,#fly_qstep_crouch_run_lt_npc_rock
soundalias,#hash_530a9d7cb7cafac9
soundalias,#fly_reload_wpn_grab
soundalias,#wpn_ar_peacekeeper_fire_pap_npc
soundalias,#fly_qstep_crouch_walk_lt_npc_flesh
soundalias,#hash_531658e82d2845f7
soundalias,#hash_531770ad2c5bf052
soundalias,#fly_step_run_npc_plaster
soundalias,#fly_step_wall_lt_plr_concrete_debris
soundalias,#fly_step_run_npc_bark
soundalias,#hash_5323dbc27a8c5d62
soundalias,#fly_step_run_npc_plastic
soundalias,#fly_step_crouch_run_heavy_concrete
soundalias,#hash_532f1206813e872d
soundalias,#hash_5330d1fc9ae03536
soundalias,#hash_533340f82ba580c6
soundalias,#wpn_generic_clip_bounce_gravel
soundalias,#fly_land_imp_fast_lt_plr_cushion
soundalias,#prj_hatchet_impact_default
soundalias,#hash_5334b8b67642c705
soundalias,#wpn_smg_fastfire_fire_pap_npc
soundalias,#pfx_ac_fan
soundalias,#hash_5339940744f07fa4
soundalias,#wpn_smg_accurate_sup_fire_pap_plr
soundalias,#wpn_pistol_fullauto_act_npc
soundalias,#fly_lmg_spray_bolt_back_npc
soundalias,#fly_land_imp_rapid_lt_plr_brick
soundalias,#fly_qstep_crouch_run_plr_rock
soundalias,#fly_lstep_run_lt_npc_metalcar
soundalias,#wpn_smg_accurate_uber_sup_killcam_act_plr
soundalias,#fly_lstep_prone_npc_concrete
soundalias,#fly_land_lt_plr_cloth
soundalias,#exp_hero_bolt_close
soundalias,#fly_qstep_walk_lt_plr_cushion
soundalias,#fly_body_scoot_heavy
soundalias,#fly_step_crouch_walk_lt_plr_foliage
soundalias,#prj_brass_impact_wraith_bark
soundalias,#chr_breathing_heartbeat
soundalias,#fly_qstep_prone_heavy_default
soundalias,#hash_536d7b98fe0e5616
soundalias,#fly_lstep_run_lt_npc_paintedmetal
soundalias,#hash_5377ed97790ce865
soundalias,#hash_5379de3c44cfc659
soundalias,#wpn_lmg_heavy_fire_dist_npc
soundalias,#prj_bullet_impact_robot
soundalias,#wpn_ar_stealth_act_plr
soundalias,#wpn_powersemi_act_plr
soundalias,#fly_lstep_run_npc_glassbulletproof
soundalias,#fly_land_lt_plr_asphalt
soundalias,#fly_step_run_lt_npc_sand
soundalias,#fly_qstep_crouch_walk_npc_rubber
soundalias,#hash_5399048b615d8ee2
soundalias,#fly_lboot_sprint_npc
soundalias,#vox_rush_max_ammo_rush_0
soundalias,#hash_539e2c6ee9cfd670
soundalias,#fly_riotshield_impact_knife
soundalias,#hash_53a844a9b2871326
soundalias,#wpn_ar_accurate_act_killcam_plr
soundalias,#fly_melee_imp_metal_npc_wood
soundalias,#fly_smg_mp40_bolt_release_npc
soundalias,#fly_lstep_walk_lt_npc_gravel
soundalias,#wpn_tr_damageburst_killcam_act_plr
soundalias,#fly_step_shells_sweet_plr
soundalias,#fly_qstep_crouch_walk_lt_plr_metalcar
soundalias,#fly_land_slow_npc_lt_tallgrass
soundalias,#wpn_smg_standard_silencer_lfe_plr
soundalias,#evt_player_clawed
soundalias,#wpn_smg_handling_fire_plr
soundalias,#hash_53db91b969a9d12d
soundalias,#wpn_smg_fastfire_uber_fire_dist_npc
soundalias,#fly_land_slow_npc_heavy_metal
soundalias,#zmb_step_blight_run_concrete
soundalias,#zmb_board_slam
soundalias,#hash_53e49ac85b27e1f5
soundalias,#fly_qstep_crouch_walk_lt_npc_bark
soundalias,#fly_qstep_sprint_npc_default
soundalias,#hash_53ea8207208023e0
soundalias,#hash_53ea8507208028f9
soundalias,#prj_crack_override
soundalias,#fly_lstep_crouch_walk_lt_npc_metalthin
soundalias,#fly_land_slow_plr_heavy_cloth
soundalias,#wpn_tr_longburst_sup_upg_fire_npc
soundalias,#fly_step_prone_heavy_fruit
soundalias,#wpn_smg_standard_act_npc
soundalias,#wpn_ar_standard_silencer_fire_lfe_plr
soundalias,#wpn_lmg_spray_sup_lfe_plr
soundalias,#wpn_smg_versatile_rapid_lfe_npc
soundalias,#wpn_smg_fastfire_uber_act_killcam_npc
soundalias,#fly_start_wall_lt_plr_dirt_big
soundalias,#wpn_rpg_loop
soundalias,#fly_qstep_crouch_run_heavy_metalcatwalk
soundalias,#chr_revive_syrette_toss
soundalias,#fly_qland_npc_cushion
soundalias,#wpn_ar_peacekeeper_rf_act_killcam_npc
soundalias,#prj_bulletspray_impact_paper
soundalias,#wpn_smg_thompson_ads_plr
soundalias,#fly_takeoff_heavy_bark
soundalias,#fly_land_imp_fast_heavy_ceramic
soundalias,#wpn_smg_minigun_fire_loop_pap_npc
soundalias,#fly_takeoff_lt_npc_glasscar
soundalias,#wpn_sniper_powerbolt_dist_npc
soundalias,#fly_step_brush_exit
soundalias,#wpn_grenade_throw_cloth
soundalias,#hash_543582fb5e57e440
soundalias,#fly_step_crouch_run_lt_plr_flesh
soundalias,#wpn_smg_drum_fire_pap_npc
soundalias,#hash_543adba0f80676e8
soundalias,#prj_bullet_debris_grass
soundalias,#fly_qstep_sprint_lt_plr_glassbulletproof
soundalias,#zmb_ai_catalyst_spawn_corrosive
soundalias,#fly_shotgun_semi_bolt_release
soundalias,#fly_step_run_heavy_cushion
soundalias,#fly_qstep_crouch_walk_npc_metal
soundalias,#fly_land_imp_med_lt_plr_glassbulletproof
soundalias,#fly_land_fast_npc_heavy_mud
soundalias,#fly_step_gravel_oneshots_npc
soundalias,#hash_5460a8de45586842
soundalias,#hash_5461c605034d279a
soundalias,#fly_step_prone_heavy_snow
soundalias,#hash_5465fea58efcc23e
soundalias,#fly_land_slow_plr_lt_plaster
soundalias,#fly_start_wall_lt_plr_ceramic
soundalias,#fly_qstep_crouch_walk_plr_asphalt
soundalias,#fly_pistol_auto_mag_in
soundalias,#fly_step_crouch_run_npc_tallgrass
soundalias,#fly_land_plr_lt_bodyarmor
soundalias,#chr_burn_loop_overlay
soundalias,#hash_5479c9d4836c428f
soundalias,#fly_step_run_heavy_sand
soundalias,#fly_step_sprint_npc_glasscar
soundalias,#vox_rush_second_gained_rush_0
soundalias,#zmb_step_crouch_run_npc_ice
soundalias,#fly_lstep_run_lt_npc_rubber
soundalias,#amb_rattle_hanging_light
soundalias,#hash_5489b5472a719cd7
soundalias,#fly_ar_fastfire_mag_switch
soundalias,#fly_land_imp_med_heavy_sand
soundalias,#fly_land_slow_plr_lt_plastic
soundalias,#fly_land_npc_default
soundalias,#fly_qstep_crouch_walk_lt_npc_metalcar
soundalias,#fly_trench_pull_npc
soundalias,#fly_step_walk_heavy_metalhollow
soundalias,#fly_lstep_walk_lt_npc_snow
soundalias,#chr_heart_beat
soundalias,#pfx_dirt_impact
soundalias,#fly_shotgun_argus_mag_in_npc
soundalias,#fly_step_prone_npc_dirt
soundalias,#fly_land_slow_npc_lt_bark
soundalias,#hash_54a80d6fdf30273d
soundalias,#fly_melee_swipe_player_sword_gore
soundalias,#wpn_smg_standard_fire_pap_npc
soundalias,#hash_54adb87d474be3d2
soundalias,#fly_trav_mid_two_hands_loud_npc
soundalias,#fly_land_fast_plr_lt_plastic
soundalias,#fly_land_npc_asphalt
soundalias,#prj_brass_impact_wraith_carpet
soundalias,#fly_step_twigs_plr
soundalias,#hash_54cf6bdf44c1c3de
soundalias,#wpn_smg_versatile_fire_sup_pap_npc
soundalias,#fly_land_fast_npc_lt_grass
soundalias,#fly_slide_lt_plr_dirt
soundalias,#fly_end_wall_lt_plr_sand
soundalias,#fly_land_fast_plr_lt_plaster
soundalias,#fly_qstep_walk_heavy_cloth
soundalias,#fly_takeoff_lt_npc_wood
soundalias,#wpn_smg_thompson_lfe_killcam_plr
soundalias,#fly_land_imp_med_heavy_wood
soundalias,#fly_step_truck_off
soundalias,#fly_qstep_walk_plr_bark
soundalias,#fly_qland_lt_npc_brick
soundalias,#hash_550cf3e2fa6289d6
soundalias,#fly_step_sprint_lt_npc_wood
soundalias,#hash_551a95b608ffdf63
soundalias,#fly_qstep_prone_npc_dirt
soundalias,#wpn_pistol_standard_fire_last_plr
soundalias,#fly_land_lt_plr_sand
soundalias,#fly_land_slow_plr_lt_metalhollow
soundalias,#fly_fall_wind_fast_lp
soundalias,#fly_step_sprint_plr_glass
soundalias,#zmb_step_standard_run
soundalias,#hash_55331f21992f25a7
soundalias,#mpl_sniper_skullshot_plr
soundalias,#wpn_shotgun_pump_fire_act_plr
soundalias,#fly_gear_walk_igc_lt_plr
soundalias,#wpn_lmg_standard_ads_killcam_plr
soundalias,#wpn_lmg_heavy_lfe_plr
soundalias,#fly_smg_mini_mag_out_npc
soundalias,#hash_5540fa19f1ea52ed
soundalias,#hash_55437279905e9dc9
soundalias,#hash_554454660eb84b01
soundalias,#wpn_tr_damageburst_act_plr
soundalias,#vox_rush_third_dropped_rush_0
soundalias,#hash_5553bc65aeba83b3
soundalias,#fly_step_walk_lt_npc_glass
soundalias,#fly_takeoff_lt_npc_concrete
soundalias,#prj_brass_impact_gren_case_foliage
soundalias,#hash_555d1a8f64752c29
soundalias,#vox_rush_perk_blood_wolf_rush_0
soundalias,#hash_5566187d94eab0c0
soundalias,#fly_step_walk_lt_npc_glasscar
soundalias,#wpn_concussion_bounce_water
soundalias,#wpn_lmg_silencer_single_npc_decay
soundalias,#fly_melee_swipealt_victim_rifle
soundalias,#prj_brass_impact_shell_cloth
soundalias,#fly_land_plr_lt_glassbulletproof
soundalias,#wpn_smg_folding_sup_lfe_npc
soundalias,#vox_event_zombie_blood_ward_0
soundalias,#fly_melee_imp_npc_cloth
soundalias,#fly_step_crouch_run_lt_npc_sand
soundalias,#hash_5590bcb35a1c2562
soundalias,#fly_step_sprint_plr_default
soundalias,#hash_5593bf710c8c3eb5
soundalias,#zmb_fall_land
soundalias,#wpn_pistol_burst_rf_ads_npc
soundalias,#wpn_crossbow_fire_npc
soundalias,#zmb_step_standard_walk_asphalt
soundalias,#fly_qstep_prone_heavy_paper
soundalias,#wpn_lmg_fire_distant
soundalias,#fly_gear_walk_start_lt_plr
soundalias,#fly_step_walk_lt_plr_glasscar
soundalias,#wpn_shotgun_pump_fire_plr
soundalias,#wpn_pistol_dryfire_plr
soundalias,#fly_leap_sprint_lt_plr_brick
soundalias,#prj_bullet_metal_ricochet_power_armor
soundalias,#fly_land_lt_npc_glass
soundalias,#fly_ar_stealth_bolt_back_npc
soundalias,#fly_step_sprint_plr_concrete
soundalias,#wpn_ar_galil_fire_pap_plr
soundalias,#evt_wolf_protector_despawn
soundalias,#fly_step_crouch_run_lt_npc_metalcatwalk
soundalias,#fly_stance_prone2crouch_lt_plr_default
soundalias,#fly_lstep_sprint_npc_plastic
soundalias,#prj_brass_impact_wraith_rubber
soundalias,#wpn_ar_stealth_rapid_act_plr
soundalias,#fly_melee_lunge_battleshield
soundalias,#wpn_smg_fastburst_sup_fire_pap_npc
soundalias,#wpn_pistol_burst_sup_fire_pap_npc
soundalias,#fly_lstep_sprint_npc_plaster
soundalias,#hash_55e63536dca8a954
soundalias,#wpn_lmg_heavy_act_plr
soundalias,#fly_step_crouch_run_plr_grass
soundalias,#fly_step_crouch_run_lt_plr_rubber
soundalias,#fly_lstep_crouch_walk_lt_npc_metalhollow
soundalias,#fly_step_prone_heavy_sand
soundalias,#hash_5600e4315859cde1
soundalias,#fly_qstep_crouch_walk_npc_glass
soundalias,#wpn_quickscope_flux_plr_l
soundalias,#wpn_quickscope_flux_plr_r
soundalias,#fly_land_fast_npc_lt_sand
soundalias,#hash_560e1cb348d4600f
soundalias,#zmb_ai_catalyst_water_buff_start
soundalias,#fly_step_run_heavy_snow
soundalias,#fly_land_heavy_rock
soundalias,#prj_brass_impact_large_glass
soundalias,#wpn_tr_longburst_upg_act_plr
soundalias,#hash_561ed9ead7417238
soundalias,#zmb_step_catalyst_plasma_run_wood
soundalias,#fly_step_crouch_walk_plr_metalcatwalk
soundalias,#wpn_ar_fastfire_upg_ads_killcam_plr
soundalias,#fly_pistol_revolver_spin_npc
soundalias,#fly_lstep_prone_npc_asphalt
soundalias,#hash_56364325eff3a35b
soundalias,#wpn_assault_fire_distant
soundalias,#phy_impact_metal_foliage
soundalias,#hash_563dce53d4967bb5
soundalias,#fly_pistol_drum_slide_release
soundalias,#prj_bullet_impact_vase
soundalias,#wpn_tac_grenade_twist
soundalias,#fly_lmg_standard_bolt_release_npc
soundalias,#fly_start_wall_lt_plr_watershallow
soundalias,#hash_564a9ba11ff0d576
soundalias,#bik_zm_mansion_load
soundalias,#prj_brass_impact_plr_gren_case_concrete
soundalias,#hash_5650a0b99fb2ce67
soundalias,#fly_mann_limb_bounce_sand
soundalias,#fly_takeoff_heavy_cushion
soundalias,#wpn_assault_decay_bright_plr
soundalias,#wpn_mini14_act_npc
soundalias,#zmb_step_catalyst_corrosive_walk_wood
soundalias,#fly_melee_imp_fist_wood
soundalias,#fly_land_heavy_metalthin
soundalias,#wpn_smg_folding_fire_pap_npc
soundalias,#hash_5668d78ff5408c30
soundalias,#prj_hatchet_impact_robot
soundalias,#fly_peacekeeper_mag_in_npc
soundalias,#wpn_mini14_uber_act_killcam_plr
soundalias,#fly_land_fast_npc_lt_wood
soundalias,#fly_boot_land_lt_npc
soundalias,#prj_bolt_impact_cloth
soundalias,#hash_567c6de5b86a6742
soundalias,#pfx_spark_bounce_blue
soundalias,#fly_qstep_run_lt_npc_dirt
soundalias,#hash_5690f654684c7178
soundalias,#fly_slide_npc_brick
soundalias,#hash_56920d26268d95c6
soundalias,#hash_56924beef8cd87d6
soundalias,#fly_land_imp_fast_plr_snow
soundalias,#fly_slide_lt_plr_metalthin
soundalias,#fly_crossbow_reload_steam
soundalias,#fly_end_wall_lt_plr_paintedmetal
soundalias,#hash_56a7e43b1bd35e41
soundalias,#hash_56a844d12c458a6d
soundalias,#fly_land_slow_npc_heavy_rubber
soundalias,#fly_step_crouch_walk_plr_tallgrass
soundalias,#hash_56b18162f030642d
soundalias,#hash_56b51d75dbec778d
soundalias,#wpn_melee_pistol_whoosh_npc
soundalias,#wpn_tr_longburst_sup_upg_ads_plr
soundalias,#fly_step_crouch_run_lt_plr_metalcatwalk
soundalias,#wpn_concussion_bounce_plastic
soundalias,#hash_56c7031ca8488d14
soundalias,#fly_step_walk_npc_metalcar
soundalias,#zmb_elixir_common_activate
soundalias,#wpn_smg_vtile_rapid_sup_fire_plr
soundalias,#fly_takeoff_lt_npc_metal
soundalias,#fly_qland_lt_npc_asphalt
soundalias,#prj_bullet_impact_xtreme_bark
soundalias,#wpn_ar_modular_act_npc
soundalias,#fly_qimpact_land_lt_npc
soundalias,#hash_56e5f3c67ef5024a
soundalias,#hash_56e6c85242f9f71b
soundalias,#wpn_sfb_silencer_fire_ads_npc
soundalias,#fly_qstep_run_heavy_wood
soundalias,#wpn_concussion_bounce_plaster
soundalias,#hash_56ee622337ec5153
soundalias,#fly_qstep_sprint_heavy_sand
soundalias,#fly_slide_lt_plr_grass
soundalias,#fly_smg_folding_bolt_release
soundalias,#wpn_tr_longburst_sup_upg_killcam_fire_npc
soundalias,#fly_qstep_crouch_run_plr_metal
soundalias,#prj_bullet_impact_xtreme_ceramic
soundalias,#fly_melee_imp_battleshield_npc_metalcar
soundalias,#fly_qweight_npc
soundalias,#fly_lstep_prone_npc_paper
soundalias,#fly_trav_high
soundalias,#zmb_step_crouch_walk_npc_glassbulletproof
soundalias,#wpn_lmg_silencer_plr_hdly_decay
soundalias,#fly_step_wall_lt_plr_rock
soundalias,#fly_qstep_crouch_walk_heavy_water
soundalias,#fly_land_lt_plr_ceramic_sec
soundalias,#fly_qstep_crouch_walk_heavy_bodyarmor
soundalias,#wpn_smg_handling_sup_lh_ads_killcam_npc
soundalias,#fly_qstep_crouch_run_plr_brick
soundalias,#fly_boot_run_lt_npc
soundalias,#fly_step_crouch_run_plr_rubber
soundalias,#hash_5727ee140bd638ad
soundalias,#fly_qstep_walk_heavy_water
soundalias,#wpn_generic_clip_bounce_cushion
soundalias,#wpn_smoke_bounce_grass
soundalias,#fly_land_plr_metalcar
soundalias,#fly_qstep_sprint_plr_rock
soundalias,#hash_5745f0d02768a5d6
soundalias,#fly_land_slow_plr_lt_paper
soundalias,#fly_land_imp_fast_plr_water
soundalias,#hash_5749e3194291a2bd
soundalias,#fly_land_fast_npc_heavy_dirt_big
soundalias,#fly_stance_2stand_npc_npc
soundalias,#zmb_ai_bfather_death_exp_swt
soundalias,#fly_land_imp_rapid_lt_plr_mud
soundalias,#fly_qstep_crouch_run_plr_glassbroken
soundalias,#fly_lstep_crouch_walk_lt_npc_ice
soundalias,#hash_5755957467fab7c0
soundalias,#hash_5755987467fabcd9
soundalias,#hash_57559c7467fac3a5
soundalias,#hash_5759e35e9a8984f8
soundalias,#fly_ar_fastfire_mag_out
soundalias,#fly_melee_swipe_victim_sword_swt
soundalias,#vox_rush_incoming_stoker_rush_0
soundalias,#fly_qstep_crouch_walk_npc_brick
soundalias,#wpn_smg_handling_lh_ads_npc
soundalias,#prj_brass_impact_small_brick
soundalias,#wpn_grenade_launch_bounce_rock
soundalias,#pfx_water_drip_hit
soundalias,#fly_step_run_npc_foliage
soundalias,#hash_5776d0804aa8e8a4
soundalias,#fly_step_prone_lt_npc_plastic
soundalias,#hash_577d7ff52db0c172
soundalias,#fly_step_prone_lt_npc_plaster
soundalias,#wpn_smg_fastburst_rf_sup_fire_npc
soundalias,#prj_brass_impact_wraith_glass
soundalias,#hash_579797ce6390ec3b
soundalias,#fly_land_heavy_metal
soundalias,#fly_ar_accurate_mag_in_npc
soundalias,#prj_hatchet_impact_gravel
soundalias,#zmb_bgb_quacknarok_pop
soundalias,#fly_qstep_crouch_run_npc_metalthin
soundalias,#fly_qimpact_npc
soundalias,#fly_land_imp_fast_plr_tallgrass
soundalias,#wpn_smg_folding_act_npc
soundalias,#wpn_grenade_launch_bounce_default
soundalias,#hash_57b8ae866e696b26
soundalias,#wpn_ar_fastfire_fire_act_plr
soundalias,#fly_start_wall_lt_plr_glasscar
soundalias,#fly_land_imp_rapid_heavy_brick
soundalias,#fly_takeoff_lt_plr_wood
soundalias,#wpn_ar_stealth_sup_fire_killcam_npc
soundalias,#fly_land_slow_npc_heavy_brick
soundalias,#wpn_ar_mg1909_ads_killcam_npc
soundalias,#fly_step_crouch_walk_npc_wood
soundalias,#zmb_step_catalyst_electric_walk_default
soundalias,#prj_bulletspray_impact_shield
soundalias,#fly_takeoff_lt_npc_sand
soundalias,#fly_lstep_run_lt_npc_plastic
soundalias,#fly_step_sprint_lt_npc_bark
soundalias,#fly_step_crouch_run_plr_water
soundalias,#wpn_lmg_spray_sup_lfe_npc
soundalias,#wpn_grenade_launch_bounce_asphalt
soundalias,#fly_qimpact_land_npc
soundalias,#fly_step_sprint_lt_npc_plastic
soundalias,#prj_bullet_explode_rock
soundalias,#fly_lstep_run_lt_npc_plaster
soundalias,#fly_pistol_revolver_inspect
soundalias,#fly_step_sprint_lt_npc_plaster
soundalias,#zmb_step_standard_walk_rock
soundalias,#hash_57fe0473bbf3844a
soundalias,#fly_qstep_run_lt_npc_metalcar
soundalias,#zmb_vocals_zombie_taunt_v1
soundalias,#fly_qstep_prone_lt_plr_mud
soundalias,#hash_5801636f44f2e103
soundalias,#fly_step_crouch_walk_lt_plr_ice
soundalias,#fly_equipment_pickup
soundalias,#hash_5809069e5399f065
soundalias,#fly_smg_capacity_latch
soundalias,#fly_lstep_sprint_npc_grass
soundalias,#hash_5811a6373691e94e
soundalias,#fly_step_walk_lt_npc_foliage
soundalias,#fly_qstep_sprint_lt_npc_metalcatwalk
soundalias,#fly_qstep_sprint_heavy_cushion
soundalias,#bik_zm_mansion_load_c
soundalias,#fly_m16_bolt_back_npc
soundalias,#fly_qstep_walk_lt_npc_asphalt
soundalias,#fly_land_imp_med_plr_bodyarmor
soundalias,#wpn_ar_peacekeeper_rf_fire_act_plr
soundalias,#hash_5825f8c6b6a1ce4e
soundalias,#fly_vmp_bolt_release_npc
soundalias,#vox_rush_timer_2_rush_0
soundalias,#zmb_step_standard_run_concrete
soundalias,#fly_slide_plr_paper
soundalias,#fly_land_imp_fast_plr_fruit
soundalias,#hash_582f8ff97df95bfd
soundalias,#wpn_shotgun_pump_fire_plr_pap
soundalias,#hash_583206f801faf090
soundalias,#fly_land_plr_plastic_sec
soundalias,#fly_step_crouch_run_heavy_watershallow
soundalias,#wpn_ar_damage_fire_killcam_plr
soundalias,#fly_qstep_crouch_walk_heavy_bark
soundalias,#wpn_ballistic_knife_fire_pap_npc
soundalias,#wpn_ar_peacekeeper_fire_pap_plr
soundalias,#wpn_smg_accurate_uber_sup_fire_plr
soundalias,#wpn_ar_modular_ads_killcam_plr
soundalias,#wpn_smg_versatile_lfe_npc
soundalias,#fly_qstep_sprint_heavy_water
soundalias,#fly_qstep_sprint_npc_glasscar
soundalias,#fly_qstep_sprint_lt_plr_rock
soundalias,#fly_step_crouch_walk_heavy_carpet
soundalias,#fly_qstep_crouch_run_lt_npc_glasscar
soundalias,#prj_brass_impact_small_metalthin
soundalias,#wpn_ar_galil_sup_fire_plr
soundalias,#wpn_lmg_heavy_uber_belt_npc
soundalias,#fly_lstep_prone_lt_npc_carpet
soundalias,#wpn_sniper_powerbolt_lfe_plr
soundalias,#fly_qstep_crouch_run_npc_tallgrass
soundalias,#fly_step_walk_lt_npc_metalhollow
soundalias,#hash_585caac9c560188c
soundalias,#wpn_pistol_burst_sup_ads_killcam_plr
soundalias,#prj_bullet_impact_bark
soundalias,#fly_lprone_water
soundalias,#fly_qstep_run_heavy_default
soundalias,#hash_586955a0b41aa838
soundalias,#fly_qstep_sprint_lt_plr_metalthin
soundalias,#wpn_lmg_standard_fire_plr
soundalias,#fly_step_run_heavy_carpet
soundalias,#fly_trav_over_sideways_right_npc
soundalias,#hash_5876763900b72110
soundalias,#hash_587eb1f5f9669cf3
soundalias,#wpn_tr_flechette_act_plr
soundalias,#hash_588047eba8deb34e
soundalias,#fly_step_wall_lt_plr_paper
soundalias,#hash_5885c3c9c583481b
soundalias,#fly_qstep_sprint_npc_mud
soundalias,#fly_qstep_run_heavy_plaster
soundalias,#prj_bullet_debris_rock
soundalias,#prj_bullet_impact_xtreme_vase
soundalias,#fly_step_crouch_walk_lt_plr_metalhollow
soundalias,#fly_qstep_run_npc_flesh
soundalias,#fly_step_prone_lt_npc_flesh
soundalias,#fly_qstep_run_heavy_plastic
soundalias,#fly_qstep_run_heavy_rock_swt
soundalias,#fly_melee_imp_knife_npc_rock
soundalias,#zmb_vocals_zombie_electrocute
soundalias,#fly_takeoff_heavy_glasscar
soundalias,#fly_qstep_crouch_run_plr_glasscar
soundalias,#vox_rush_perk_zombshell_rush_0
soundalias,#fly_weight_sprint_igc_lt_plr
soundalias,#fly_flechette_bolt_back
soundalias,#fly_qstep_run_npc_glassbulletproof
soundalias,#hash_58ba38c3546e91a3
soundalias,#wpn_ar_modular_sup_act_killcam_plr
soundalias,#fly_end_wall_lt_plr_fruit
soundalias,#fly_qstep_prone_heavy_ice
soundalias,#fly_melee_lunge_player_sword_gore
soundalias,#fly_step_run_npc_asphalt
soundalias,#hash_58ccf7065cae9e13
soundalias,#hash_58d3e2978f41dc59
soundalias,#hash_58d4295eac62e09f
soundalias,#bik_zm_voyage_load
soundalias,#fly_takeoff_npc_metalhollow
soundalias,#hash_58d5acf0e2af4fc8
soundalias,#wpn_ar_galil_fire_npc
soundalias,#wpn_tr_leveraction_fire_npc
soundalias,#wpn_smg_accurate_sup_ads_killcam_npc
soundalias,#hash_58db6aa3f67ad987
soundalias,#fly_land_plr_sand
soundalias,#hash_58df62ae7fa7b42b
soundalias,#wpn_smg_accurate_fire_killcam_plr
soundalias,#hash_58e2add5fb2280f5
soundalias,#zmb_ai_catalyst_water_buff_end
soundalias,#fly_land_plr_cloth
soundalias,#fly_qstep_crouch_run_lt_npc_glassbulletproof
soundalias,#fly_qland_npc_ice
soundalias,#fly_ar_bolt_release_sweet
soundalias,#fly_step_prone_plr_watershallow
soundalias,#hash_58f9aece731bf2c5
soundalias,#fly_step_sprint_heavy_carpet
soundalias,#fly_land_heavy_paper
soundalias,#fly_step_run_heavy_bodyarmor
soundalias,#wpn_tr_midburst_killcam_ads_plr
soundalias,#fly_step_brush_move
soundalias,#fly_step_sprint_lt_plr_metalhollow
soundalias,#prj_bullet_impact_xtreme_teddybear
soundalias,#hash_590d39c02548c6ed
soundalias,#wpn_tr_leveraction_fire_dist_npc
soundalias,#fly_qstep_crouch_run_lt_npc_tallgrass
soundalias,#fly_land_slow_plr_heavy_water
soundalias,#fly_land_slow_npc_lt_glasscar
soundalias,#fly_midburst_mag_out_ext_npc
soundalias,#hash_591e44e2f123b8b3
soundalias,#fly_qstep_sprint_npc_gravel
soundalias,#fly_thunder_release
soundalias,#fly_qstep_run_lt_plr_mud
soundalias,#hash_59217edb2063a026
soundalias,#fly_step_walk_lt_plr_foliage
soundalias,#fly_land_imp_med_lt_plr_bodyarmor
soundalias,#wpn_smg_handling_sup_rh_fire_killcam_npc
soundalias,#wpn_ar_galil_ads_killcam_npc
soundalias,#prj_bolt_impact_metal_car
soundalias,#fly_qstep_sprint_lt_npc_carpet
soundalias,#wpn_smg_capacity_uber_fire_dist_npc
soundalias,#fly_takeoff_lt_npc_glass
soundalias,#fly_qstep_prone_npc_paintedmetal
soundalias,#fly_leap_sprint_lt_plr_default
soundalias,#hash_594a3a48f5dfdaf4
soundalias,#fly_qstep_prone_lt_plr_metalcar
soundalias,#fly_land_fast_npc_heavy_ceramic
soundalias,#fly_qstep_walk_lt_plr_paper
soundalias,#wpn_grenade_explode_paper
soundalias,#fly_lstep_crouch_run_lt_npc_dirt
soundalias,#exp_semtex_cluster_bomb_lfe
soundalias,#fly_smg_fastfire_bolt_back
soundalias,#fly_step_crouch_walk_plr_sand
soundalias,#fly_step_sprint_lt_npc_brick
soundalias,#prj_bulletspray_debris_glass
soundalias,#wpn_pistol_standard_lfe
soundalias,#fly_land_slow_plr_lt_grass
soundalias,#wpn_smg_handling_sup_rh_act_npc
soundalias,#wpn_ar_galil_fire_pap_sup_npc
soundalias,#fly_cloth_land_plr
soundalias,#fly_melee_imp_battleshield_cloth
soundalias,#fly_qstep_sprint_plr_metalcar
soundalias,#hash_596c1a0abb473231
soundalias,#wpn_generic_clip_bounce_rubber
soundalias,#wpn_ar_an94_sup_fire_killcam_plr
soundalias,#wpn_smg_thompson_lfe_plr
soundalias,#fly_leap_sprint_lt_plr_asphalt
soundalias,#fly_sniper_quick_bolt_back
soundalias,#fly_land_slow_npc_lt_dirt
soundalias,#zmb_vocals_catalyst_corrosive_sprint
soundalias,#fly_qcloth_land_npc
soundalias,#fly_land_lt_plr_cloth_sec
soundalias,#fly_step_crouch_walk_npc_sand
soundalias,#wpn_pistol_dryfire_npc
soundalias,#fly_qstep_prone_lt_plr_fruit
soundalias,#fly_lstep_walk_lt_npc_grass
soundalias,#fly_step_walk_npc_watershallow
soundalias,#prj_brass_impact_sniper_metalcatwalk
soundalias,#fly_shotgun_argus_mag_in
soundalias,#hash_599d7926ba02838d
soundalias,#zmb_step_standard_sprint_foliage
soundalias,#wpn_lmg_spray_fire_plr
soundalias,#fly_step_run_lt_npc_paintedmetal
soundalias,#fly_step_run_npc_snow
soundalias,#fly_land_fast_plr_heavy_mud
soundalias,#fly_lstep_crouch_run_npc_foliage
soundalias,#fly_step_crouch_run_lt_npc_grass
soundalias,#hash_59ba4c75e050b8b2
soundalias,#wpn_tr_longburst_sup_upg_killcam_ads_npc
soundalias,#wpn_ar_stealth_rapid_fire_npc
soundalias,#hash_59bd39ff3be22c5d
soundalias,#fly_land_fast_plr_lt_bark
soundalias,#fly_qland_lt_npc_water
soundalias,#fly_snipe_fast_bolt_back_npc
soundalias,#fly_snipe_fast_cyl_out_inspect
soundalias,#prj_bullet_impact_rubber
soundalias,#hash_59cf2ce35c6ec7cb
soundalias,#fly_land_lt_plr_ceramic
soundalias,#hash_59d58a8ba253dda4
soundalias,#wpn_mini14_dryfire_plr
soundalias,#fly_qstep_crouch_run_heavy_bodyarmor
soundalias,#wpn_tactical_flux_plr_r
soundalias,#wpn_tactical_flux_plr_l
soundalias,#fly_qstep_sprint_lt_npc_snow
soundalias,#wpn_smg_fastburst_sup_act_npc
soundalias,#wpn_tr_longburst_upg_uber_killcam_act_npc
soundalias,#wpn_smg_capacity_rapid_lfe_killcam_npc
soundalias,#wpn_smg_handling_sup_lh_lfe_plr
soundalias,#hash_5a0daf1711730706
soundalias,#fly_land_imp_rapid_plr_metalcatwalk
soundalias,#fly_takeoff_npc_carpet
soundalias,#fly_qstep_run_lt_plr_concrete
soundalias,#fly_melee_imp_fist_npc_rock
soundalias,#hash_5a2b750ccee46d09
soundalias,#fly_land_plr_lt_concrete
soundalias,#pfx_fire_barrel
soundalias,#fly_qstep_run_npc_paper
soundalias,#fly_qstep_walk_npc_ice
soundalias,#fly_powersemi_mag_in_npc
soundalias,#fly_qstep_run_npc_water
soundalias,#prj_brass_impact_gren_case_asphalt
soundalias,#fly_step_crouch_walk_lt_plr_bodyarmor
soundalias,#fly_step_run_lt_npc_wood
soundalias,#hash_5a430b7f3570e47a
soundalias,#wpn_tr_longburst_sup_upg_killcam_act_npc
soundalias,#hash_5a447e9707f25fc7
soundalias,#wpn_tr_midburst_sup_fire_pap_npc
soundalias,#fly_step_sprint_plr_foliage
soundalias,#wpn_ar_damage_ads_killcam_plr
soundalias,#hash_5a4fdcd1bae02edf
soundalias,#zmb_step_standard_sprint_cushion
soundalias,#fly_melee_swipe_player_pistol
soundalias,#fly_land_fast_npc_heavy_snow
soundalias,#fly_qstep_walk_plr_ceramic
soundalias,#wpn_smg_folding_act_killcam_plr
soundalias,#fly_melee_imp_battleshield_metalcar
soundalias,#hash_5a5b21a497958ba8
soundalias,#wpn_generic_wpn_bounce_bark
soundalias,#wpn_sniper_powerbolt_fire_pap_plr
soundalias,#zmb_step_crouch_run_npc_rubber
soundalias,#hash_5a62f1cbb7dd86ca
soundalias,#fly_boot_land_lt_plr
soundalias,#fly_slide_plr_metalhollow
soundalias,#fly_step_crouch_walk_lt_plr_plastic
soundalias,#prj_brass_impact_small_water
soundalias,#hash_5a6cb965dacf7a35
soundalias,#fly_lstep_crouch_run_lt_npc_gravel
soundalias,#fly_land_plr_lt_paintedmetal
soundalias,#fly_land_npc_bodyarmor
soundalias,#fly_melee_imp_arm_blade_npc_metal
soundalias,#phy_impact_soft_metal
soundalias,#wpn_tr_leveraction_fire_pap_plr
soundalias,#fly_step_prone_heavy_plastic
soundalias,#wpn_ar_an94_sup_fire_npc
soundalias,#fly_qstep_sprint_plr_rubber
soundalias,#hash_5a853e93cfa55683
soundalias,#fly_qstep_run_plr_ceramic
soundalias,#fly_land_imp_med_lt_plr_metal
soundalias,#hash_5a91dffb8344bc93
soundalias,#fly_step_crouch_walk_lt_plr_plaster
soundalias,#zmb_step_standard_run_metalcatwalk
soundalias,#hash_5a95968c38bac0f7
soundalias,#prj_brass_impact_plr_gren_case_plastic
soundalias,#hash_5a985b7aa4476698
soundalias,#hash_5a9eca766f274bcc
soundalias,#hash_5aa45eab2ab681e8
soundalias,#prj_brass_impact_plr_gren_case_plaster
soundalias,#fly_step_prone_heavy_plaster
soundalias,#bik_zm_towers_load_lsrs
soundalias,#zmb_step_crouch_walk_npc_carpet
soundalias,#fly_qstep_walk_heavy_rock
soundalias,#fly_step_walk_lt_plr_watershallow
soundalias,#fly_step_run_npc_ceramic
soundalias,#fly_ar_accurate_tap_npc
soundalias,#wpn_quickscope_ads_npc
soundalias,#prj_brass_impact_small_cushion
soundalias,#fly_pistol_drum_mag_out
soundalias,#prj_brass_impact_large_wood
soundalias,#wpn_shotgun_semiauto_fire_plr
soundalias,#fly_qstep_crouch_run_plr_asphalt
soundalias,#fly_step_walk_plr_mud
soundalias,#wpn_smg_dryfire_npc
soundalias,#wpn_shotgun_precision_fire_plr_pap
soundalias,#fly_bump_barrelcage
soundalias,#hash_5aecdb9615bc3c90
soundalias,#wpn_ar_peacekeeper_fire_ads_plr
soundalias,#fly_land_fast_plr_heavy_rock
soundalias,#fly_land_fast_npc_lt_asphalt
soundalias,#fly_sniper_quick_mag_in
soundalias,#fly_leap_sprint_lt_plr_carpet
soundalias,#fly_takeoff_plr_tallgrass
soundalias,#wpn_smg_fastburst_sup_act_plr
soundalias,#fly_qboot_run_lt_plr
soundalias,#hash_5afb5bd5064c82e4
soundalias,#fly_takeoff_heavy_paintedmetal
soundalias,#fly_lstep_prone_npc_fruit
soundalias,#fly_land_plr_metal_sec
soundalias,#wpn_ar_an94_bo3_npc
soundalias,#fly_qstep_sprint_npc_rubber
soundalias,#fly_step_run_heavy_gravel
soundalias,#fly_ar_modular_mag_in
soundalias,#hash_5b0bbcc8ac2ed1f4
soundalias,#prj_bulletspray_debris_metal
soundalias,#wpn_pistol_fullauto_d_fire_pap_plr
soundalias,#fly_pistol_standard_slide_back
soundalias,#fly_qstep_run_heavy_gravel
soundalias,#wpn_rpg_fire_plr_pap
soundalias,#wpn_pistol_burst_ads_killcam_plr
soundalias,#wpn_shotgun_pump_fire_npc
soundalias,#fly_qstep_sprint_lt_npc_glasscar
soundalias,#fly_qstep_prone_plr_glass
soundalias,#fly_qstep_crouch_run_lt_plr_gravel
soundalias,#fly_takeoff_lt_plr_rubber
soundalias,#wpn_lmg_stealth_sup_act_npc
soundalias,#hash_5b40097cd5daec47
soundalias,#fly_land_fast_plr_heavy_metal
soundalias,#hash_5b473fd984e1a148
soundalias,#bik_ct_powerinnumbers_trailer
soundalias,#hash_5b5423775a4dac3c
soundalias,#prj_brass_impact_gren_case_fruit
soundalias,#fly_step_crouch_walk_npc_fruit
soundalias,#fly_step_grate_npc
soundalias,#fly_step_run_lt_npc_dirt
soundalias,#hash_5b69237ef9d1cbf5
soundalias,#wpn_ar_galil_ads_npc
soundalias,#fly_lstep_crouch_run_lt_npc_bodyarmor
soundalias,#fly_lstep_crouch_walk_lt_npc_water
soundalias,#fly_mann_limb_bounce_flesh
soundalias,#fly_melee_imp_battleshield_rock
soundalias,#fly_melee_lungealt_victim_pistol
soundalias,#fly_qstep_walk_heavy_glasscar
soundalias,#hash_5b810982fd8d2545
soundalias,#hash_5b81be41df5b3056
soundalias,#pfx_prj_impact_bounce
soundalias,#hash_5b8c12691996024b
soundalias,#wpn_lmg_npc_decay
soundalias,#fly_smg_handling_mag_in_raise_npc
soundalias,#zmb_step_standard_run_glassbulletproof
soundalias,#vox_event_bonfire_sale_ward_0
soundalias,#fly_land_plr_lt_glasscar
soundalias,#fly_stance_2prone_plr
soundalias,#fly_step_run_plr_mud
soundalias,#hash_5b9b3dd9f5a094c0
soundalias,#fly_qstep_walk_lt_plr_bark
soundalias,#wpn_ar_modular_lfe_npc
soundalias,#fly_land_lt_plr_flesh_sec
soundalias,#hash_5ba427b8562f5810
soundalias,#fly_thunder_first_raise
soundalias,#hash_5ba6b613dac8e90f
soundalias,#fly_qstep_crouch_walk_lt_plr_default
soundalias,#hash_5baa3024697659bf
soundalias,#fly_land_imp_med_heavy_mud
soundalias,#phy_impact_metal_wood
soundalias,#fly_land_imp_fast_heavy_flesh
soundalias,#fly_step_run_lt_plr_glassbulletproof
soundalias,#fly_end_wall_lt_plr_hard
soundalias,#fly_qstep_crouch_run_lt_plr_ceramic
soundalias,#zmb_vocals_catalyst_electric_ambient
soundalias,#fly_lstep_crouch_walk_npc_brick
soundalias,#fly_land_npc_tallgrass
soundalias,#wpn_lmg_double_belt_plr
soundalias,#fly_step_crouch_walk_lt_npc_watershallow
soundalias,#fly_step_walk_heavy_glasscar
soundalias,#wpn_smg_drum_fire_npc
soundalias,#zmb_step_crouch_walk_npc_plastic
soundalias,#hash_5bd00071eb6e30ff
soundalias,#zmb_step_crouch_walk_npc_plaster
soundalias,#fly_qstep_sprint_lt_plr_metal
soundalias,#hash_5bd764105b990d02
soundalias,#hash_5bd92eb36377f2ac
soundalias,#fly_qstep_crouch_run_heavy_cloth
soundalias,#fly_land_slow_npc_lt_metalcatwalk
soundalias,#fly_step_walk_lt_npc_cloth
soundalias,#fly_stance_prone2crouch_npc
soundalias,#hash_5be1cffe78612f9e
soundalias,#wpn_smg_handling_ads_killcam_plr
soundalias,#prj_bullet_impact_xtreme_fruit
soundalias,#fly_qweight_run_lt_npc
soundalias,#wpn_smg_minigun_act_loop_plr
soundalias,#fly_land_fast_plr_lt_water
soundalias,#fly_qstep_walk_heavy_rubber
soundalias,#wpn_lmg_heavy_fire_pap_npc
soundalias,#fly_takeoff_lt_plr_metalthin
soundalias,#hash_5befe14a2516ec2c
soundalias,#fly_shotgun_pump_release_npc
soundalias,#wpn_grenade_launch_bounce_flesh
soundalias,#fly_step_crouch_run_heavy_flesh
soundalias,#fly_step_sprint_lt_plr_fruit
soundalias,#fly_qstep_crouch_run_lt_npc_cushion
soundalias,#fly_bump_foliage
soundalias,#fly_step_crouch_run_lt_plr_brick
soundalias,#fly_step_wood_board_move
soundalias,#hash_5c0f3b68688da041
soundalias,#fly_lstep_crouch_run_lt_npc_metalhollow
soundalias,#wpn_tr_midburst_sup_lfe_plr
soundalias,#fly_qstep_prone_plr_paper
soundalias,#hash_5c1719895d89fa97
soundalias,#fly_lstep_sprint_lt_npc_metalhollow
soundalias,#fly_step_crouch_run_lt_plr_tallgrass
soundalias,#wpn_sniper_powerbolt_ads_plr
soundalias,#fly_crossbow_inspect_a_npc
soundalias,#fly_qstep_prone_heavy_rubber
soundalias,#wpn_ar_peacekeeper_sup_act_killcam_npc
soundalias,#zmb_step_blight_walk_rock
soundalias,#prj_brass_impact_sniper_rubber
soundalias,#wpn_generic_wpn_bounce_mud
soundalias,#fly_qstep_crouch_walk_heavy_metalcar
soundalias,#fly_qstep_crouch_walk_plr_water
soundalias,#fly_melee_imp_arm_blade_npc_glass
soundalias,#fly_melee_lunge_victim_sword_gore
soundalias,#phy_impact_soft_glass
soundalias,#zmb_bgb_powerup_burnedout_ignite
soundalias,#fly_lstep_crouch_walk_npc_metalcar
soundalias,#fly_land_fast_npc_heavy_watershallow
soundalias,#fly_land_imp_rapid_lt_plr_cushion
soundalias,#wpn_tr_longburst_suppressed_fire_npc
soundalias,#hash_5c4792f6794caeed
soundalias,#hash_5c50afba46c813b4
soundalias,#fly_step_run_lt_plr_sand
soundalias,#fly_snipe_powerbolt_bolt_back_npc
soundalias,#hash_5c60052baa9e510d
soundalias,#fly_sniper_shell_in_npc
soundalias,#hash_5c68d143b435949d
soundalias,#fly_knuckle_crack
soundalias,#hash_5c696f2c3d313f78
soundalias,#fly_qstep_crouch_run_lt_npc_bark
soundalias,#fly_step_walk_lt_plr_ceramic
soundalias,#fly_qstep_prone_lt_npc_ice
soundalias,#chr_swimming_ow_float_plr
soundalias,#fly_leap_sprint_lt_plr_metal
soundalias,#hash_5c80cf54486b2fac
soundalias,#fly_step_corr_metal_exit
soundalias,#hash_5c82c6730419d7cb
soundalias,#hash_5c8a03945d1f4a2f
soundalias,#fly_qstep_run_plr_metalthin
soundalias,#fly_land_fast_npc_heavy_glass
soundalias,#fly_step_walk_npc_tallgrass
soundalias,#hash_5ca3c6db2794d86c
soundalias,#hash_5ca9e854488e5f3b
soundalias,#fly_melee_imp_arm_blade_npc_cloth
soundalias,#fly_lstep_run_npc_mud
soundalias,#fly_step_run_plr_plaster
soundalias,#fly_qland_npc_foliage
soundalias,#hash_5cb0cdd72d99251a
soundalias,#fly_qstep_sprint_npc_watershallow
soundalias,#hash_5cb9b77fff667cbc
soundalias,#fly_step_run_plr_plastic
soundalias,#fly_ar_accurate_tap
soundalias,#wpn_smg_handling_sup_lh_ads_killcam_plr
soundalias,#hash_5cc180500eec56b9
soundalias,#fly_step_crouch_walk_heavy_glasscar
soundalias,#fly_leap_sprint_lt_plr_wood
soundalias,#fly_qweight_lt_npc
soundalias,#fly_step_walk_plr_cloth
soundalias,#wpn_smg_handling_act_killcam_plr
soundalias,#fly_land_npc_glassbulletproof
soundalias,#fly_reload_cloth_lg
soundalias,#wpn_pistol_fullauto_fire_killcam_npc
soundalias,#mpl_death_by_melee_blade
soundalias,#hash_5cd43c49cf6cb96a
soundalias,#wpn_rifle_close_decay
soundalias,#fly_lmg_heavy_drum_out_npc
soundalias,#fly_qstep_crouch_walk_heavy_gravel
soundalias,#prj_hatchet_impact_water
soundalias,#fly_step_crouch_run_lt_npc_mud
soundalias,#fly_step_wood_move
soundalias,#fly_lstep_crouch_walk_lt_npc_plastic
soundalias,#fly_lstep_crouch_walk_lt_npc_concrete
soundalias,#hash_5cedbc4a0a4fb271
soundalias,#fly_reload_equip_grab
soundalias,#fly_stance_stand2crouch_plr
soundalias,#fly_land_imp_med_lt_plr_glass
soundalias,#fly_smg_handling_switch
soundalias,#fly_step_sprint_heavy_paper
soundalias,#fly_step_crouch_run_heavy_asphalt
soundalias,#hash_5d0c2654c1495b42
soundalias,#wpn_tr_damageburst_fire_pap_npc
soundalias,#fly_lstep_crouch_walk_lt_npc_plaster
soundalias,#zmb_vocals_zombie_death_quack
soundalias,#fly_qstep_crouch_walk_lt_npc_wood
soundalias,#fly_land_npc_paper
soundalias,#fly_step_crouch_walk_npc_grass
soundalias,#fly_qstep_sprint_lt_npc_gravel
soundalias,#hash_5d247287573addcb
soundalias,#fly_lmg_standard_mag_slide_out_npc
soundalias,#fly_reload_cloth_sm
soundalias,#bik_ct_skirmishoutro_ruin
soundalias,#fly_step_crouch_run_npc_mud
soundalias,#fly_wpn_handle_low
soundalias,#fly_step_crouch_walk_lt_npc_metalcar
soundalias,#wpn_lmg_stealth_uber_sup_lfe_npc
soundalias,#wpn_lmg_stealth_uber_sup_lfe_killcam_plr
soundalias,#fly_qstep_walk_lt_plr_cloth
soundalias,#fly_land_imp_fast_heavy_paper
soundalias,#fly_step_crouch_walk_lt_plr_carpet
soundalias,#zmb_step_crouch_run_npc_metalcar
soundalias,#fly_bump_steelfence
soundalias,#fly_land_imp_rapid_plr_gravel
soundalias,#fly_land_imp_rapid_heavy_water
soundalias,#fly_land_imp_fast_heavy_water
soundalias,#fly_tommy_mag_out
soundalias,#fly_qstep_run_lt_npc_foliage
soundalias,#prj_brass_impact_small_metal
soundalias,#fly_land_fast_npc_heavy_paper
soundalias,#hash_5d59ed56c41ef474
soundalias,#wpn_rocket_explode_dist_plr
soundalias,#bik_ct_skirmishoutro_battery
soundalias,#fly_end_wall_lt_plr_metalcar
soundalias,#zmb_bgb_plainsight_end_plr
soundalias,#fly_qstep_sprint_lt_plr_ceramic
soundalias,#wpn_ar_mg1909_ads_killcam_plr
soundalias,#fly_vmp_bolt_back
soundalias,#fly_land_npc_snow
soundalias,#hash_5d848551e5efa818
soundalias,#fly_step_walk_lt_plr_metal
soundalias,#zmb_boards_float
soundalias,#hash_5d898619c6dc1a15
soundalias,#wpn_melee_fist_whoosh_npc
soundalias,#hash_5d8e241463c0d2d6
soundalias,#fly_land_imp_med_heavy_asphalt
soundalias,#prj_brass_impact_sniper_ice
soundalias,#fly_ar_modular_bolt_release
soundalias,#hash_5d99b6b2b1ba8b73
soundalias,#fly_land_imp_fast_lt_plr_ice
soundalias,#wpn_ar_an94_sup_fire_lfe_plr
soundalias,#fly_qstep_walk_heavy_bark
soundalias,#wpn_smg_handling_sup_rh_fire_killcam_plr
soundalias,#fly_lstep_prone_npc_dirt
soundalias,#fly_step_prone_plr_brick
soundalias,#fly_step_crouch_run_lt_plr_snow
soundalias,#fly_land_imp_med_heavy_glasscar
soundalias,#fly_land_imp_fast_heavy_bodyarmor
soundalias,#hash_5da84dce0f547004
soundalias,#wpn_lmg_heavy_rf_fire_dist_npc
soundalias,#phy_impact_pool_ball
soundalias,#prj_brass_impact_small_glassbulletproof
soundalias,#fly_qstep_prone_plr_cloth
soundalias,#wpn_sniper_powerbolt_dryfire_plr
soundalias,#hash_5db9a11a5cd25246
soundalias,#fly_lstep_crouch_walk_npc_water
soundalias,#hash_5dbb94fe70e3ad1a
soundalias,#hash_5dbbf45a6a0ae2f6
soundalias,#fly_land_imp_fast_plr_carpet
soundalias,#fly_qstep_sprint_lt_plr_flesh
soundalias,#wpn_smg_thompson_act_plr
soundalias,#wpn_ar_peacekeeper_rf_sup_lfe_killcam_plr
soundalias,#zmb_blocker_powerdoor_purchase
soundalias,#vox_rush_nova_6_rush_0
soundalias,#wpn_pistol_auto_npc_decay
soundalias,#wpn_damagesemi_dist_npc
soundalias,#hash_5dd45a19c71bbacb
soundalias,#fly_acnt_run_lt_npc
soundalias,#fly_land_imp_rapid_plr_water
soundalias,#hash_5dda7bf1dc738ee2
soundalias,#hash_5ddb50e9d7488de6
soundalias,#hash_5ddb6ae9d748ba14
soundalias,#wpn_pistol_burst_sup_ads_killcam_npc
soundalias,#fly_slide_npc_rubber
soundalias,#wpn_smg_drum_ads_killcam_plr
soundalias,#prj_brass_impact_large_dirt
soundalias,#wpn_smg_standard_act_killcam_plr
soundalias,#vox_rush_player_out_rush_0
soundalias,#hash_5de4ed5a6a2ddc25
soundalias,#wpn_ar_fastfire_uber_fire_ads_plr
soundalias,#fly_lstep_crouch_run_lt_npc_metal
soundalias,#fly_ballistic_knife_reload_npc
soundalias,#hash_5dea666162162cf0
soundalias,#fly_melee_imp_fist_smack
soundalias,#wpn_smg_standard_rapid_lfe_killcam_plr
soundalias,#wpn_smg_vtile_rapid_sup_ads_npc
soundalias,#wpn_lmg_standard_fire_uber_killcam_npc
soundalias,#wpn_lmg_spray_sup_fire_killcam_npc
soundalias,#fly_qstep_crouch_walk_plr_bark
soundalias,#wpn_ar_peacekeeper_rf_sup_ads_killcam_plr
soundalias,#fly_land_npc_metalcatwalk
soundalias,#fly_land_lt_plr_water_sec
soundalias,#wpn_ballistic_knife_lfe
soundalias,#prj_bullet_impact_dirt
soundalias,#fly_land_fast_npc_lt_water
soundalias,#wpn_ar_modular_fire_npc
soundalias,#fly_step_sprint_plr_metalcar
soundalias,#hash_5e17cefeae98fb18
soundalias,#hash_5e17cffeae98fccb
soundalias,#hash_5e17d2feae9901e4
soundalias,#hash_5e17d4feae99054a
soundalias,#hash_5e17d5feae9906fd
soundalias,#hash_5e1bd1dbd214ebda
soundalias,#fly_zombie_hand_swt
soundalias,#hash_5e1e162af8490f1d
soundalias,#zmb_step_blight_walk_paper
soundalias,#zmb_step_blight_walk_ceramic
soundalias,#fly_step_walk_lt_npc_water
soundalias,#fly_qstep_run_lt_npc_asphalt
soundalias,#wpn_tr_longburst_suppressed_ads_plr
soundalias,#fly_qstep_sprint_heavy_glassbulletproof
soundalias,#fly_takeoff_heavy_cloth
soundalias,#fly_step_prone_heavy_metal
soundalias,#wpn_pistol_standard_auto_fire_plr
soundalias,#fly_qstep_run_lt_plr_metalcatwalk
soundalias,#fly_step_sprint_lt_plr_paintedmetal
soundalias,#zmb_step_standard_walk_mud
soundalias,#wpn_lmg_standard_fire_uber_plr
soundalias,#fly_qstep_prone_npc_concrete
soundalias,#wpn_rpg_fire_lfe
soundalias,#fly_step_prone_lt_npc_paper
soundalias,#fly_lstep_prone_npc_metal
soundalias,#hash_5e4e6d81b10399dc
soundalias,#mpl_death_by_hero_annihilator
soundalias,#fly_boot_soft_run_npc
soundalias,#fly_trav_over_sideways_left_loud_npc
soundalias,#wpn_ar_doublebarrel_sup_fire_npc
soundalias,#fly_step_sprint_npc_tallgrass
soundalias,#zmb_step_catalyst_walk_default
soundalias,#fly_stance_prone2crouch_lt_plr_glasscar
soundalias,#fly_step_crouch_walk_heavy_metalthin
soundalias,#fly_lstep_crouch_run_lt_npc_foliage
soundalias,#wpn_tr_longburst_upg_uber_killcam_act_plr
soundalias,#fly_lstep_sprint_lt_npc_rock
soundalias,#zmb_bfather_bodyfall
soundalias,#fly_smg_fastfire_mag_in
soundalias,#fly_boot_land_medium_heavy
soundalias,#wpn_lmg_spray_act_plr
soundalias,#hash_5e75b563a3a6e639
soundalias,#fly_stance_2prone_lt_plr
soundalias,#fly_qstep_crouch_walk_plr_rock
soundalias,#fly_peacekeeper_tap_npc
soundalias,#hash_5e8fcf4ded44cdae
soundalias,#hash_5e95188a9e07c39d
soundalias,#fly_gear_sprint_igc_lt_plr
soundalias,#zmb_laststand_enter_plr
soundalias,#fly_step_crouch_walk_npc_metalthin
soundalias,#wpn_concussion_bounce_paper
soundalias,#fly_step_crouch_walk_plr_plastic
soundalias,#fly_qland_npc_glass
soundalias,#prj_bulletspray_impact_asphault
soundalias,#hash_5ea1a2f35d28a53a
soundalias,#fly_step_prone_lt_npc_brick
soundalias,#fly_step_crouch_walk_plr_plaster
soundalias,#wpn_assault_dryfire_npc
soundalias,#wpn_smg_handling_rh_ads_killcam_npc
soundalias,#fly_step_crouch_walk_lt_plr_metal
soundalias,#wpn_lmg_stealth_fire_killcam_npc
soundalias,#fly_qstep_crouch_run_lt_npc_ice
soundalias,#mpl_battleshield_drop
soundalias,#zmb_key_spawn_3d
soundalias,#fly_qstep_run_heavy_asphalt
soundalias,#wpn_tactical_npc_decay
soundalias,#zmb_key_spawn_2d
soundalias,#hash_5ecda0e7edbe0d81
soundalias,#wpn_smoke_bounce_rock
soundalias,#wpn_smg_versatile_rapid_lfe_killcam_npc
soundalias,#fly_step_crouch_run_lt_npc_paintedmetal
soundalias,#hash_5ed9b4b6fd10a0fb
soundalias,#fly_step_run_heavy_metalhollow
soundalias,#hash_5edb3515950dc47e
soundalias,#exp_semtex_cluster_bomb_dist
soundalias,#fly_bump_rebar_concrete
soundalias,#hash_5ee6b5f64f0cf893
soundalias,#fly_qstep_sprint_npc_carpet
soundalias,#prj_brass_impact_shell_plaster
soundalias,#zmb_step_standard_sprint_snow
soundalias,#fly_trav_over_sideways_right_loud_npc
soundalias,#fly_slide_plr_sand
soundalias,#fly_leap_sprint_lt_plr_glass
soundalias,#hash_5eec81f44b043c6d
soundalias,#fly_step_crouch_run_heavy_glassbulletproof
soundalias,#fly_step_crouch_walk_lt_plr_tallgrass
soundalias,#wpn_flashbang_button_npc
soundalias,#fly_land_lt_plr_tallgrass
soundalias,#wpn_lmg_heavy_rf_belt_plr
soundalias,#mpl_reaper_heartbeat
soundalias,#fly_step_twig
soundalias,#fly_step_run_lt_npc_cushion
soundalias,#wpn_smg_versatile_silencer_act_killcam_plr
soundalias,#wpn_rifle_fire_distant
soundalias,#fly_land_heavy_glassbulletproof
soundalias,#fly_qstep_prone_lt_npc_grass
soundalias,#prj_brass_impact_shell_plastic
soundalias,#fly_step_sprint_heavy_tallgrass
soundalias,#fly_step_walk_plr_metalhollow
soundalias,#zmb_step_standard_sprint_concrete
soundalias,#wpn_smg_standard_rapid_act_npc
soundalias,#fly_qstep_crouch_walk_heavy_wood
soundalias,#hash_5f20b8333e9b0336
soundalias,#fly_qstep_sprint_lt_plr_glass
soundalias,#hash_5f23e95790a0dd72
soundalias,#wpn_sniper_powerbolt_fire_ads_npc
soundalias,#wpn_smg_capacity_rapid_lfe_killcam_plr
soundalias,#wpn_ar_standard_silencer_act_npc
soundalias,#wpn_ar_stealth_rapid_act_killcam_plr
soundalias,#fly_step_sprint_heavy_metalhollow
soundalias,#fly_lmg_spray_mag_out_npc
soundalias,#fly_step_walk_npc_glass
soundalias,#fly_qstep_run_lt_npc_concrete
soundalias,#fly_qstep_run_lt_plr_sand
soundalias,#fly_boot_land_plr
soundalias,#fly_lstep_prone_lt_npc_default
soundalias,#fly_takeoff_lt_plr_plastic
soundalias,#wpn_ar_fastfire_uber_ads_killcam_npc
soundalias,#wpn_tr_longburst_upg_ads_npc
soundalias,#wpn_smg_handling_lh_lfe_npc
soundalias,#hash_5f49a33e8266ccf2
soundalias,#wpn_smg_fastburst_sup_killcam_lfe_plr
soundalias,#fly_step_crouch_run_lt_npc_default
soundalias,#fly_takeoff_lt_plr_plaster
soundalias,#fly_land_fast_npc_lt_cushion
soundalias,#bik_ct_interstitial_intro
soundalias,#hash_5f5e401646e53d66
soundalias,#prj_brass_impact_gren_case_flesh
soundalias,#hash_5f72f9a0ee92b897
soundalias,#zmb_plr_toast_stinger
soundalias,#fly_qland_npc_bark
soundalias,#fly_takeoff_npc_wood
soundalias,#wpn_grenade_explode_cushion
soundalias,#hash_5f8b10418353d593
soundalias,#hash_5f8c40f65a34c587
soundalias,#fly_qstep_run_npc_wood
soundalias,#wpn_shotgun_precision_lfe
soundalias,#fly_lstep_crouch_walk_lt_npc_paper
soundalias,#fly_land_lt_plr_flesh
soundalias,#fly_lstep_crouch_run_lt_npc_glass
soundalias,#hash_5f97dc0173120c82
soundalias,#fly_takeoff_npc_metal
soundalias,#hash_5f99374183605534
soundalias,#chr_health_laststand_loop_heart
soundalias,#hash_5f9d68f859ae43db
soundalias,#hash_5fa4c501731c6fc9
soundalias,#wpn_shotgun_precision_sup_fire_npc_pap
soundalias,#wpn_ar_mg1909_fire_killcam_npc
soundalias,#wpn_smg_capacity_uber_rapid_act_plr
soundalias,#fly_land_plr_hard
soundalias,#wpn_tr_damageburst_sup_killcam_act_npc
soundalias,#hash_5fb517dc1b64b4c3
soundalias,#fly_step_sprint_lt_npc_concrete
soundalias,#fly_land_slow_plr_lt_concrete
soundalias,#hash_5fba3151093c55a8
soundalias,#prj_bolt_impact_foliage
soundalias,#prj_brass_impact_sniper_snow
soundalias,#prj_bulletspray_impact_snow
soundalias,#fly_step_sprint_lt_plr_rubber
soundalias,#fly_step_prone_npc_carpet
soundalias,#wpn_ar_peacekeeper_lfe_npc
soundalias,#wpn_smg_minigun_act_loop_npc
soundalias,#wpn_pistol_standard_sup_last_lfe
soundalias,#wpn_pistol_standard_flux_r_pap_plr
soundalias,#wpn_rpg_fire_rocket_oneshot
soundalias,#wpn_powersemi_ads_npc
soundalias,#hash_5fdc717d5f3a541e
soundalias,#wpn_lmg_stealth_belt_plr
soundalias,#fly_lstep_walk_npc_concrete
soundalias,#fly_step_walk_heavy_metalcar
soundalias,#hash_5fe8191e42c841a6
soundalias,#fly_takeoff_npc_sand
soundalias,#fly_land_slow_npc_lt_glassbulletproof
soundalias,#fly_tommy_mag_in
soundalias,#wpn_shotgun_fire_plr_pap_decay
soundalias,#fly_land_lt_plr_paintedmetal
soundalias,#fly_step_run_lt_plr_carpet
soundalias,#fly_land_lt_npc_damage
soundalias,#zmb_step_standard_run_sand
soundalias,#wpn_lmg_stealth_sup_lfe1_npc
soundalias,#fly_step_crouch_run_lt_npc_bodyarmor
soundalias,#wpn_tr_longburst_upg_uber_act_plr
soundalias,#wpn_tr_leveraction_lfe
soundalias,#prj_brass_impact_large_cloth
soundalias,#fly_qstep_run_lt_npc_sand
soundalias,#fly_step_wall_lt_plr_dirt_big
soundalias,#fly_step_walk_lt_plr_sand
soundalias,#wpn_lmg_double_belt_npc
soundalias,#fly_qimpact_run_lt_npc
soundalias,#fly_qstep_run_npc_dirt
soundalias,#fly_ar_damage_mag_out
soundalias,#wpn_ar_mg1909_act_npc
soundalias,#wpn_ar_stealth_fire_killcam_plr
soundalias,#fly_takeoff_lt_plr_asphalt
soundalias,#hash_602ca36f0ec13f32
soundalias,#fly_qstep_prone_npc_foliage
soundalias,#fly_stance_stand2crouch_heavy
soundalias,#hash_60313ff70c87832c
soundalias,#prj_brass_impact_sniper_water
soundalias,#hash_60346eb07fe9b17b
soundalias,#fly_bump_trashcan
soundalias,#wpn_grenade_bounce_cloth
soundalias,#wpn_ar_an94_fire_dist_npc
soundalias,#fly_land_imp_fast_heavy_metalcatwalk
soundalias,#fly_land_imp_rapid_plr_tallgrass
soundalias,#fly_land_imp_med_plr_metalcar
soundalias,#wpn_mini14_uber_fire_pap_npc
soundalias,#exp_claymore
soundalias,#fly_land_plr_metalcatwalk
soundalias,#fly_qstep_sprint_npc_fruit
soundalias,#hash_604d67eea1dc128b
soundalias,#prj_brass_impact_wraith_brick
soundalias,#wpn_smg_handling_sup_act_plr
soundalias,#wpn_sfb_ads_npc
soundalias,#wpn_ar_fastfire_act_npc
soundalias,#fly_smg_fastburst_bolt_back_npc
soundalias,#amb_rattle_metal
soundalias,#wpn_smg_handling_sup_rh_lfe_npc
soundalias,#wpn_melee_shield_npc_knife
soundalias,#fly_lboot_land_npc
soundalias,#hash_60649e8a5086336f
soundalias,#fly_land_slow_npc_lt_foliage
soundalias,#fly_step_crouch_walk_npc_snow
soundalias,#fly_melee_imp_fist_riot
soundalias,#fly_weight_sprint_heavy
soundalias,#fly_takeoff_heavy_glass
soundalias,#fly_step_run_lt_npc_tallgrass
soundalias,#wpn_pistol_standard_auto_lfe_npc
soundalias,#bik_ct_skirmishhkillconfirmed_loadingmovie
soundalias,#fly_qstep_prone_lt_plr_concrete
soundalias,#phy_impact_soft_wood
soundalias,#hash_60863b78cfc1b32d
soundalias,#hash_608973b062999b4d
soundalias,#fly_ar_stealth_mag_out_npc
soundalias,#fly_step_run_npc_sand
soundalias,#fly_land_slow_plr_heavy_metalhollow
soundalias,#fly_step_sprint_plr_rock
soundalias,#wpn_ar_an94_fire_plr
soundalias,#wpn_smg_handling_lfe_npc
soundalias,#fly_lstep_crouch_walk_lt_npc_cushion
soundalias,#fly_acnt_walk_lt_npc
soundalias,#prj_bullet_impact_water
soundalias,#wpn_lmg_stealth_fire_pap_plr
soundalias,#hash_609e561eac078160
soundalias,#hash_60a1e0c9ffee092e
soundalias,#hash_60a3c6c4a5c1794c
soundalias,#fly_step_prone_lt_npc_rubber
soundalias,#fly_qstep_crouch_run_plr_tallgrass
soundalias,#fly_step_shells
soundalias,#prj_brass_impact_gren_case_rubber
soundalias,#wpn_mini14_uber_fire_npc
soundalias,#fly_land_lt_plr_paper
soundalias,#fly_step_prone_lt_plr_cloth
soundalias,#fly_melee_imp_metal
soundalias,#fly_qstep_run_lt_plr_metal
soundalias,#hash_60b95acc295b1008
soundalias,#fly_qstep_run_heavy_fruit
soundalias,#hash_60ca79c23d5cbf12
soundalias,#fly_qstep_sprint_heavy_mud
soundalias,#hash_60cb418fa50e4e02
soundalias,#fly_step_prone_plr_cushion
soundalias,#fly_qstep_walk_lt_npc_snow
soundalias,#hash_60d5c7ee1728dd45
soundalias,#fly_qstep_crouch_walk_npc_rock
soundalias,#fly_smg_capacity_latch_npc
soundalias,#fly_lstep_walk_lt_npc_foliage
soundalias,#fly_land_imp_fast_plr_sand
soundalias,#fly_flechette_mag_in
soundalias,#prj_brass_impact_shell_glassbulletproof
soundalias,#zmb_step_crouch_walk_npc_ice
soundalias,#hash_60f29dadc3c9578c
soundalias,#fly_qland_lt_npc_bodyarmor
soundalias,#fly_lstep_crouch_run_lt_npc_brick
soundalias,#hash_60f6a2072de592cc
soundalias,#wpn_ar_modular_sup_lfe_killcam_npc
soundalias,#fly_takeoff_heavy_concrete
soundalias,#pfx_backdraft
soundalias,#wpn_shotgun_semiauto_fire_plr_pap
soundalias,#wpn_smg_minigun_loop_plr
soundalias,#pfx_wave_crash
soundalias,#wpn_shotgun_pump_lfe
soundalias,#fly_qstep_prone_heavy_metalcatwalk
soundalias,#fly_land_slow_plr_heavy_glassbulletproof
soundalias,#fly_slide_lt_npc_gravel
soundalias,#hash_6124e4ccaf068cd0
soundalias,#vox_rush_timer_1_rush_0
soundalias,#fly_smg_fastburst_mag_in_npc
soundalias,#fly_step_prone_npc_metal
soundalias,#hash_612ef6ccaf0effeb
soundalias,#wpn_pistol_standard_auto_ads_npc
soundalias,#hash_6135b16f29b5ff17
soundalias,#hash_6138bb98313460b9
soundalias,#fly_lstep_sprint_npc_bodyarmor
soundalias,#fly_step_run_lt_plr_brick_swt
soundalias,#wpn_ar_standard_silencer_fire_pap_plr
soundalias,#wpn_lmg_plr_dly_decay
soundalias,#fly_land_imp_med_heavy_metalcatwalk
soundalias,#hash_6149aba0514da9c7
soundalias,#fly_land_lt_plr_plaster
soundalias,#fly_lstep_prone_lt_npc_grass
soundalias,#wpn_ar_doublebarrel_lfe_npc
soundalias,#phy_impact_soft_foliage
soundalias,#fly_land_lt_plr_plastic
soundalias,#fly_land_fast_plr_heavy_gravel
soundalias,#fly_shotgun_argus_wheel
soundalias,#prj_bullet_grass_ricochet
soundalias,#amb_rattle_lockers
soundalias,#prj_bulletspray_impact_sand
soundalias,#zmb_step_blight_run_asphalt
soundalias,#hash_616930029413f2ee
soundalias,#bik_ct_tutocrash_loadingmovie
soundalias,#wpn_smoke_bounce_metal
soundalias,#hash_6170d00b69e97a4f
soundalias,#wpn_ar_peacekeeper_rf_sup_act_npc
soundalias,#prj_brass_impact_gren_case_glass
soundalias,#wpn_smg_handling_sup_lh_act_npc
soundalias,#fly_shotgun_argus_lever_open
soundalias,#fly_qstep_crouch_run_npc_glassbulletproof
soundalias,#fly_qboot_land_npc
soundalias,#fly_shotgun_auto_bolt_forward
soundalias,#fly_qstep_walk_plr_snow
soundalias,#fly_lstep_walk_npc_glasscar
soundalias,#fly_lstep_crouch_walk_npc_metalthin
soundalias,#wpn_lmg_heavy_uber_act_killcam_npc
soundalias,#fly_step_run_lt_npc_metalcatwalk
soundalias,#fly_qstep_crouch_run_npc_bodyarmor
soundalias,#fly_gear_walk_start_plr
soundalias,#zmb_bgb_wall_power
soundalias,#fly_step_run_lt_npc_foliage
soundalias,#fly_mann_limb_bounce_brick
soundalias,#zmb_step_crouch_run_npc_plastic
soundalias,#fly_step_walk_lt_plr_mud
soundalias,#fly_qstep_crouch_walk_plr_glasscar
soundalias,#fly_step_crouch_walk_heavy_gravel
soundalias,#hash_61b7b7931504b718
soundalias,#zmb_step_catalyst_plasma_sprint_wood
soundalias,#fly_qstep_run_heavy_glass
soundalias,#zmb_step_crouch_run_npc_plaster
soundalias,#fly_lstep_run_npc_asphalt
soundalias,#fly_lstep_crouch_walk_npc_cloth
soundalias,#fly_step_crouch_walk_npc_metalcatwalk
soundalias,#fly_qstep_prone_heavy_bark
soundalias,#fly_step_crouch_walk_lt_plr_cloth
soundalias,#fly_takeoff_heavy_sand
soundalias,#fly_step_wall_lt_plr_rubber
soundalias,#fly_qland_npc_rock
soundalias,#fly_land_slow_plr_heavy_paintedmetal
soundalias,#wpn_ar_doublebarrel_sup_lfe
soundalias,#fly_smg_accurate_mag_out_npc
soundalias,#hash_61e0a55df7acf428
soundalias,#prj_brass_impact_plr_gren_case_dirt
soundalias,#fly_lstep_crouch_walk_npc_watershallow
soundalias,#fly_lstep_crouch_run_npc_gravel
soundalias,#phy_impact_metal_barrel
soundalias,#fly_lstep_run_lt_npc_paper
soundalias,#prj_bolt_impact_piano
soundalias,#fly_step_sprint_npc_paintedmetal
soundalias,#fly_land_imp_med_heavy_cushion
soundalias,#hash_61f0b71af805f1eb
soundalias,#wpn_grenade_bounce_asphalt
soundalias,#vox_rush_game_start_rush_4
soundalias,#vox_rush_game_start_rush_3
soundalias,#vox_rush_game_start_rush_2
soundalias,#vox_rush_game_start_rush_1
soundalias,#vox_rush_game_start_rush_0
soundalias,#fly_body_scoot_plr
soundalias,#wpn_grenade_explode_rock_heavy
soundalias,#fly_step_sprint_lt_plr_rock
soundalias,#fly_land_imp_med_plr_metal
soundalias,#wpn_ar_stealth_ads_killcam_plr
soundalias,#fly_step_prone_lt_npc_carpet
soundalias,#fly_step_crouch_walk_lt_plr_wood
soundalias,#fly_qstep_crouch_run_npc_watershallow
soundalias,#fly_land_imp_med_lt_plr_cloth
soundalias,#fly_qstep_run_lt_plr_paper
soundalias,#fly_step_sprint_lt_npc_glasscar
soundalias,#fly_step_walk_lt_plr_gravel
soundalias,#hash_6221aebd22b7c416
soundalias,#pfx_spark_blue_loop_loud
soundalias,#wpn_assault_npc_decay
soundalias,#fly_step_crouch_run_plr_paper
soundalias,#wpn_smg_versatile_rapid_fire_killcam_npc
soundalias,#wpn_smg_handling_rh_lfe_killcam_plr
soundalias,#wpn_generic_wpn_bounce_fruit
soundalias,#zmb_step_crouch_walk_npc_snow
soundalias,#fly_land_slow_npc_heavy_paintedmetal
soundalias,#fly_leap_sprint_lt_plr_gravel
soundalias,#wpn_mini14_uber_lfe_killcam_plr
soundalias,#hash_6243c41fe8b7dfb6
soundalias,#fly_lmg_heavy_belt_feed
soundalias,#wpn_smg_mp40_ads_killcam_npc
soundalias,#wpn_grenade_bounce_rubber
soundalias,#fly_land_slow_npc_lt_sand
soundalias,#fly_step_run_plr_glass
soundalias,#hash_6257a045176ff0d5
soundalias,#fly_land_fast_plr_heavy_glass
soundalias,#wpn_smg_versatile_rapid_act_killcam_npc
soundalias,#fly_land_lt_plr_default
soundalias,#fly_step_crouch_walk_lt_npc_paper
soundalias,#wpn_tr_powersemi_sup_fire_plr
soundalias,#fly_land_plr_gravel
soundalias,#fly_molotov_throw
soundalias,#vox_rush_timer_7_rush_0
soundalias,#wpn_assault_close_decay
soundalias,#fly_qstep_run_npc_cushion
soundalias,#fly_qstep_run_lt_npc_snow
soundalias,#wpn_sfb_silencer_fire_act
soundalias,#fly_lstep_run_lt_npc_cushion
soundalias,#fly_qstep_prone_plr_paintedmetal
soundalias,#wpn_sfb_silencer_fire_ads
soundalias,#fly_slide_npc_cushion
soundalias,#fly_step_walk_npc_default
soundalias,#wpn_ar_fastfire_uber_fire_pap_plr
soundalias,#wpn_ar_galil_sup_act_npc
soundalias,#fly_step_crouch_run_lt_npc_metalcar
soundalias,#hash_62a6e0a396d280a7
soundalias,#hash_62a924bf5223ba29
soundalias,#fly_step_crouch_walk_heavy_metalcatwalk
soundalias,#fly_qstep_run_npc_bodyarmor
soundalias,#hash_62b139f7b306916e
soundalias,#fly_qstep_crouch_walk_lt_npc_ice
soundalias,#fly_qstep_run_lt_npc_metal
soundalias,#hash_62b8124b527ccbb0
soundalias,#fly_thunder_lock_npc
soundalias,#fly_qstep_walk_lt_npc_bodyarmor
soundalias,#wpn_tr_damageburst_sup_fire_npc
soundalias,#zmb_vocals_catalyst_electric_death
soundalias,#fly_lstep_crouch_walk_lt_npc_metalcatwalk
soundalias,#hash_62c8d677b50a8397
soundalias,#fly_land_slow_npc_lt_mud
soundalias,#wpn_smg_capacity_lfe_npc
soundalias,#fly_slide_plr_tallgrass
soundalias,#wpn_pistol_standard_sup_fire_plr
soundalias,#vox_rush_perk_timeslip_rush_0
soundalias,#fly_land_plr_paper
soundalias,#fly_step_prone_lt_plr_glassbulletproof
soundalias,#hash_62d3e58e67656945
soundalias,#fly_fall_wind_med_lp
soundalias,#hash_62d9f98f01b2ef1f
soundalias,#zmb_step_crouch_walk_npc_paintedmetal
soundalias,#fly_step_crouch_run_lt_plr_metal
soundalias,#wpn_lmg_flux_r_npc_pap
soundalias,#fly_melee_lunge_victim_knife
soundalias,#hash_62e50854d73ec5ff
soundalias,#fly_land_imp_fast_plr_ice
soundalias,#hash_62e963114c5e6dd4
soundalias,#hash_62f1c6cbd8716893
soundalias,#wpn_bolt_loop
soundalias,#fly_weight_land_rapid_plr
soundalias,#pfx_splash_lrg
soundalias,#fly_melee_imp_arm_blade_npc_plastic
soundalias,#wpn_smg_accurate_fire_dist_npc
soundalias,#hash_63025313b3e1b077
soundalias,#wpn_betty_explode
soundalias,#wpn_tr_longburst_upg_lfe_plr
soundalias,#fly_slide_lt_plr_snow
soundalias,#hash_6313e50027071e2e
soundalias,#fly_land_slow_plr_heavy_ceramic
soundalias,#prj_bullet_rock_ricochet
soundalias,#wpn_generic_dryfire_npc
soundalias,#wpn_smg_capacity_rapid_ads_npc
soundalias,#prj_bullet_impact_xtreme_ice
soundalias,#wpn_revolver_dryfire_npc
soundalias,#fly_land_slow_npc_lt_bodyarmor
soundalias,#fly_qstep_walk_plr_asphalt
soundalias,#fly_land_slow_plr_heavy_mud
soundalias,#hash_6335df002723fa62
soundalias,#fly_ar_fastfire_bolt_back
soundalias,#pfx_spark_lrg
soundalias,#fly_step_gravel_npc
soundalias,#hash_633e469a652cefe9
soundalias,#wpn_sniper_powerbolt_swat_lfe_npc
soundalias,#hash_6343f4a454bf7ea1
soundalias,#prj_bolt_impact_robot_fatal
soundalias,#wpn_smg_capacity_uber_ads_killcam_plr
soundalias,#fly_qstep_run_plr_cloth
soundalias,#pfx_steam_exhaust
soundalias,#fly_qstep_crouch_walk_lt_npc_glassbulletproof
soundalias,#wpn_smg_folding_ads_killcam_npc
soundalias,#zmb_vocals_bfather_sprint
soundalias,#fly_melee_lunge_player_rifle_bot
soundalias,#prj_brass_impact_small_default
soundalias,#wpn_smg_fastburst_sup_killcam_ads_plr
soundalias,#fly_land_plr_mud
soundalias,#wpn_melee_shield_npc_default
soundalias,#hash_6376b5f7839fc0e4
soundalias,#wpn_ar_modular_sup_fire_dist_npc
soundalias,#wpn_shotgun_semiauto_fire_act_npc
soundalias,#hash_637c5e1579bb239a
soundalias,#vox_rush_defend_start_rush_0
soundalias,#prj_brass_impact_shell_brick
soundalias,#fly_lmg_heavy_drum_out
soundalias,#fly_mann_limb_bounce_ceramic
soundalias,#fly_melee_imp_arm_blade_npc_riot
soundalias,#fly_qstep_run_plr_paintedmetal
soundalias,#fly_land_imp_rapid_plr_watershallow
soundalias,#wpn_smg_standard_rapid_lfe_plr
soundalias,#prj_bolt_impact_default
soundalias,#hash_639b9bedbf5fbfcd
soundalias,#fly_step_crouch_walk_lt_plr_rubber
soundalias,#wpn_smg_standard_fire_npc
soundalias,#hash_63a39e8cd3fb98b6
soundalias,#fly_step_tanker
soundalias,#fly_step_crouch_walk_npc_paper
soundalias,#fly_slide_lt_plr_metal
soundalias,#fly_lstep_sprint_npc_asphalt
soundalias,#wpn_smg_capacity_uber_rapid_lfe_killcam_plr
soundalias,#prj_bullet_wood_ricochet
soundalias,#prj_brass_impact_sniper_metal
soundalias,#wpn_grenade_bounce_far_metal
soundalias,#fly_slide_heavy_watershallow
soundalias,#fly_land_plr_lt_metalcatwalk
soundalias,#wpn_grenade_launch_bounce_brick
soundalias,#fly_takeoff_heavy_metalhollow
soundalias,#wpn_ar_fastfire_fire_ads_plr
soundalias,#fly_lstep_sprint_lt_npc_grass
soundalias,#zmb_step_standard_walk_glass
soundalias,#hash_63d664eafa2517d6
soundalias,#fly_bump_chainlink
soundalias,#fly_weight_plr
soundalias,#hash_63e3667790eb43fa
soundalias,#hash_63e44a86793b4bd9
soundalias,#prj_brass_impact_wraith_concrete
soundalias,#wpn_shotgun_auto_npc_lfe
soundalias,#fly_land_slow_npc_lt_snow
soundalias,#vox_powerup_carpenter_ward_0
soundalias,#fly_step_crouch_walk_heavy_grass
soundalias,#hash_64058a14e674283f
soundalias,#wpn_melee_ballistic_whoosh_plr
soundalias,#fly_slide_plr_metalcar
soundalias,#fly_lstep_crouch_run_npc_metalcatwalk
soundalias,#hash_641286598a33d4e3
soundalias,#fly_sniper_quick_bolt_forward_npc
soundalias,#wpn_smg_accurate_uber_fire_pap_npc
soundalias,#fly_peacekeeper_mag_in
soundalias,#fly_step_prone_plr_foliage
soundalias,#wpn_tr_damageburst_killcam_lfe_plr
soundalias,#hash_6422d3c60594724e
soundalias,#hash_6423b368d67b4926
soundalias,#fly_pistol_revolver_cylinder_closed
soundalias,#fly_step_rocks
soundalias,#wpn_ar_damage_lfe_killcam_plr
soundalias,#fly_qstep_sprint_heavy_asphalt_swt
soundalias,#fly_lstep_sprint_lt_npc_metal
soundalias,#wpn_smg_accurate_fire_pap_plr
soundalias,#fly_land_imp_fast_plr_rubber
soundalias,#wpn_sfb_silencer_lfe_npc
soundalias,#prj_brass_impact_large_water
soundalias,#hash_644205ca526ebade
soundalias,#phy_impact_glass_wood
soundalias,#wpn_sfb_silencer_fire_plr
soundalias,#wpn_concussion_grenade_explode_lfe
soundalias,#hash_6445d27db6e3a34b
soundalias,#prj_crossbow_impact_flesh
soundalias,#wpn_ar_standard_silencer_fire_plr
soundalias,#fly_qstep_crouch_walk_heavy_rubber
soundalias,#prj_brass_impact_sniper_wood
soundalias,#fly_step_walk_heavy_ceramic
soundalias,#hash_6453816e763ab340
soundalias,#fly_qstep_prone_lt_plr_foliage
soundalias,#fly_cloth_land_lt_npc
soundalias,#zmb_aat_plasmatic_burn_lp
soundalias,#vox_rush_power_activated_rush_0
soundalias,#fly_step_run_npc_metalthin
soundalias,#fly_pistol_standard_mag_in
soundalias,#fly_land_heavy_foliage
soundalias,#hash_646c9902f491a337
soundalias,#chr_revive_syrette_stab
soundalias,#hash_646edc1c9bbfbc69
soundalias,#prj_bullet_debris_sand
soundalias,#wpn_tr_longburst_upg_ads_plr
soundalias,#hash_647f83bd50cf1ea5
soundalias,#wpn_pistol_fullauto_act_killcam_plr
soundalias,#fly_land_imp_rapid_heavy_glassbulletproof
soundalias,#fly_step_run_plr_paper
soundalias,#prj_brass_impact_shell_flesh
soundalias,#fly_lstep_crouch_run_npc_plastic
soundalias,#wpn_smg_versatile_rapid_ads_plr
soundalias,#fly_slide_lt_plr_default
soundalias,#bik_ct_skirmishoutro_firebreak
soundalias,#prj_bullet_impact_wood
soundalias,#pfx_spark_shower_lng
soundalias,#fly_lstep_crouch_run_npc_plaster
soundalias,#wpn_grenade_explode_wood
soundalias,#mpl_death_by_ninja
soundalias,#hash_649648779bd089a4
soundalias,#fly_ar_stealth_bolt_release_npc
soundalias,#wpn_lmg_stealth_uber_sup_fire_pap_plr
soundalias,#wpn_pistol_burst_sup_fire_pap_plr
soundalias,#wpn_mini14_uber_ads_killcam_plr
soundalias,#fly_gear_sprint_start_lt_npc
soundalias,#wpn_concussion_bounce_concrete
soundalias,#wpn_concussion_bounce_snow
soundalias,#fly_slide_npc_metalhollow
soundalias,#fly_qstep_walk_lt_plr_rock
soundalias,#fly_step_crouch_run_npc_asphalt
soundalias,#fly_qstep_run_lt_npc_flesh
soundalias,#fly_boot_soft_sprint_lt_npc
soundalias,#zmb_blocker_powerdoor_lp
soundalias,#fly_step_grass_exit
soundalias,#prj_brass_impact_small_grass
soundalias,#fly_longburst_bolt_back_npc
soundalias,#fly_trench_hammer_npc
soundalias,#hash_64bc3969dcff5537
soundalias,#wpn_smg_capacity_uber_rapid_fire_dist_npc
soundalias,#wpn_sfb_dist_npc
soundalias,#fly_lstep_sprint_npc_metal
soundalias,#vox_rush_door_open_single_rush_0
soundalias,#fly_weight_land_medium_plr
soundalias,#phy_impact_wood_soft
soundalias,#prj_bullet_impact_mud
soundalias,#fly_step_prone_plr_grass
soundalias,#hash_64d4577901b565e1
soundalias,#wpn_tr_flechette_ads_npc
soundalias,#vox_rush_defend_complete_rush_0
soundalias,#phy_impact_gib
soundalias,#wpn_tr_midburst_fire_plr
soundalias,#hash_64e159b8b89a3d6b
soundalias,#fly_step_prone_npc_gravel
soundalias,#fly_takeoff_lt_npc_plastic
soundalias,#fly_slide_lt_plr_plastic
soundalias,#fly_step_run_npc_tallgrass
soundalias,#wpn_smg_fastfire_fire_pap_plr
soundalias,#wpn_smoke_bounce_flesh
soundalias,#wpn_tr_leveraction_fire_act_plr
soundalias,#fly_takeoff_lt_npc_plaster
soundalias,#fly_step_run_npc_rock
soundalias,#fly_slide_lt_plr_plaster
soundalias,#wpn_lmg_close_decay
soundalias,#zmb_ai_catalyst_electric_death
soundalias,#prj_bulletspray_impact_cushion
soundalias,#fly_qstep_sprint_plr_flesh
soundalias,#hash_64fce88d5006636e
soundalias,#fly_land_slow_plr_lt_ice
soundalias,#hash_6509c9f7309b5164
soundalias,#prj_hatchet_impact_mud
soundalias,#wpn_wwgrenade_explode
soundalias,#wpn_smoke_bounce_asphalt
soundalias,#wpn_tr_flechette_sup_fire_npc
soundalias,#fly_qstep_walk_lt_npc_tallgrass
soundalias,#fly_smg_standard_bolt_back_npc
soundalias,#wpn_smg_fastburst_rf_sup_ads_plr
soundalias,#fly_lmg_mk48_bolt_back
soundalias,#fly_step_crouch_walk_plr_paintedmetal
soundalias,#wpn_pistol_close_decay_plr
soundalias,#fly_land_slow_npc_heavy_sand
soundalias,#fly_qstep_crouch_run_lt_plr_rubber
soundalias,#wpn_pistol_standard_sup_fire_act_plr
soundalias,#hash_652cf5b63077422e
soundalias,#fly_qstep_prone_lt_plr_asphalt
soundalias,#hash_65344397833671e4
soundalias,#zmb_step_crouch_walk_npc_rubber
soundalias,#fly_step_sprint_lt_npc_sand
soundalias,#hash_653ab2a9214e8409
soundalias,#fly_melee_lungealt_victim_rifle
soundalias,#fly_step_prone_heavy_paintedmetal
soundalias,#hash_65444d67f65a5b06
soundalias,#wpn_ar_mg1909_fire_killcam_plr
soundalias,#fly_step_crouch_run_lt_plr_glass
soundalias,#wpn_tr_longburst_uber_act_plr
soundalias,#bik_zm_office_load
soundalias,#wpn_lmg_stealth_uber_sup_act_plr
soundalias,#fly_land_heavy_fruit
soundalias,#hash_6564f567d07d437e
soundalias,#hash_6565aa9d2802ed59
soundalias,#hash_656c45c2d9579272
soundalias,#prj_brass_impact_gren_case_water
soundalias,#wpn_smg_capacity_uber_belt_killcam_plr
soundalias,#fly_step_prone_heavy_water
soundalias,#fly_qstep_walk_heavy_bodyarmor
soundalias,#fly_lstep_walk_npc_fruit
soundalias,#hash_657aa047b9d35ba2
soundalias,#fly_step_shells_sweet_npc
soundalias,#wpn_smoke_bounce_carpet
soundalias,#fly_qstep_walk_lt_npc_paper
soundalias,#fly_step_prone_heavy_bark
soundalias,#wpn_lmg_npc_pap_decay
soundalias,#fly_gear_run_stop_npc
soundalias,#fly_melee_swipealt_player_sword_gore
soundalias,#fly_takeoff_heavy_metalcar
soundalias,#fly_shotgun_semi_strobe_on_npc
soundalias,#zmb_ai_catalyst_water_lp
soundalias,#fly_qstep_crouch_walk_heavy_foliage
soundalias,#hash_6599b203437e3e9e
soundalias,#fly_qstep_run_lt_npc_metalhollow
soundalias,#fly_qstep_prone_plr_brick
soundalias,#wpn_ar_fastfire_uber_lfe_npc
soundalias,#fly_qstep_crouch_walk_lt_plr_glassbulletproof
soundalias,#prj_bulletspray_debris_plaster
soundalias,#zmb_step_standard_walk_gravel
soundalias,#zmb_step_crouch_walk_npc_flesh
soundalias,#fly_stance_prone2crouch_lt_plr_grass
soundalias,#hash_65b6280d110a38d6
soundalias,#fly_land_imp_med_heavy_bark
soundalias,#fly_trench_release_npc
soundalias,#wpn_lmg_stealth_uber_act_killcam_npc
soundalias,#prj_brass_impact_plr_gren_case_cloth
soundalias,#fly_qstep_crouch_walk_lt_npc_carpet
soundalias,#fly_ar_fastfire_mag_in_npc
soundalias,#prj_brass_impact_large_gravel
soundalias,#fly_step_prone_lt_plr_rock
soundalias,#wpn_pistol_burst_fire_pap_plr
soundalias,#wpn_ar_an94_fire_lfe_plr
soundalias,#wpn_tr_powersemi_fire_ads_plr
soundalias,#wpn_smg_mp40_fire_dist_npc
soundalias,#wpn_sfb_ads_plr
soundalias,#fly_land_imp_med_plr_rock
soundalias,#fly_takeoff_lt_plr_bodyarmor
soundalias,#wpn_lmg_stealth_act_killcam_npc
soundalias,#wpn_tr_flechette_sup_act_npc
soundalias,#fly_qstep_walk_lt_npc_grass
soundalias,#fly_qstep_sprint_heavy_paper
soundalias,#fly_qstep_run_lt_npc_glass
soundalias,#fly_lstep_crouch_walk_npc_rock
soundalias,#wpn_ar_modular_lfe_killcam_plr
soundalias,#fly_takeoff_plr_dirt
soundalias,#fly_stance_prone2crouch_lt_plr_metalcar
soundalias,#fly_qland_lt_npc_metalthin
soundalias,#fly_melee_impact_lfe
soundalias,#wpn_shotgun_precision_sup_npc_lfe
soundalias,#zmb_ai_bfather_step_walk
soundalias,#wpn_smg_thompson_fire_pap_plr
soundalias,#wpn_lmg_standard_act_plr
soundalias,#fly_land_npc_carpet
soundalias,#fly_sniper_shell_out_plr
soundalias,#vox_powerup_doublepoints_zmba_0
soundalias,#fly_melee_imp_fist_cloth
soundalias,#zmb_vocals_catalyst_water_sprint
soundalias,#wpn_ar_stealth_ads_plr
soundalias,#fly_step_turnstile_exit
soundalias,#fly_land_imp_med_lt_plr_metalcatwalk
soundalias,#hash_662f6a9a432c12bf
soundalias,#fly_step_run_npc_default
soundalias,#fly_melee_imp_knife_npc
soundalias,#hash_663c2dcbe3a1da01
soundalias,#fly_slide_lt_npc_metalthin
soundalias,#fly_qstep_walk_lt_plr_metalthin
soundalias,#hash_6648d742e8412594
soundalias,#hash_664adffc1a7e3274
soundalias,#wpn_ar_galil_fire_lfe_plr
soundalias,#prj_hatchet_impact_rock
soundalias,#hash_66518af152b599eb
soundalias,#prj_brass_impact_plr_gren_case_fruit
soundalias,#wpn_ar_peacekeeper_rf_sup_act_killcam_plr
soundalias,#fly_qstep_prone_heavy_dirt
soundalias,#wpn_lmg_double_fire_killcam_npc
soundalias,#fly_takeoff_heavy_fruit
soundalias,#fly_qstep_run_npc_snow
soundalias,#wpn_smg_standard_silencer_fire_killcam_plr
soundalias,#wpn_tr_longburst_upg_uber_fire_npc
soundalias,#hash_66749754f3f93c0c
soundalias,#fly_land_lt_plr_mud
soundalias,#wpn_tr_longburst_upg_killcam_act_npc
soundalias,#wpn_smg_drum_ads_killcam_npc
soundalias,#wpn_ultimate_turret_fire_dist_npc
soundalias,#wpn_lmg_standard_lfe_killcam_npc
soundalias,#fly_end_wall_lt_plr_metalthin
soundalias,#zmb_step_blight_walk_rubber
soundalias,#wpn_grenade_explode
soundalias,#fly_land_imp_rapid_heavy_paper
soundalias,#wpn_smg_minigun_loop_npc
soundalias,#prj_bullet_impact_snow
soundalias,#fly_qstep_sprint_heavy_snow
soundalias,#zmb_step_catalyst_walk_wood
soundalias,#fly_qstep_crouch_walk_lt_plr_paper
soundalias,#mpl_death_by_weapon_fullauto
soundalias,#fly_qstep_crouch_walk_plr_metalthin
soundalias,#fly_step_walk_plr_snow
soundalias,#wpn_concussion_bounce_wood
soundalias,#hash_66a44570c208d088
soundalias,#bik_ct_outro
soundalias,#prj_bulletspray_impact_piano
soundalias,#prj_brass_impact_shell_metalcar
soundalias,#fly_step_prone_lt_npc_concrete
soundalias,#fly_melee_imp_knife_npc_plastic
soundalias,#fly_melee_imp_knife_metal
soundalias,#wpn_grenade_launch_bounce_rubber
soundalias,#fly_leap_sprint_lt_plr_metalcatwalk
soundalias,#fly_step_walk_lt_npc_ceramic
soundalias,#fly_qcloth_run_npc
soundalias,#zmb_step_standard_sprint_metalcar
soundalias,#wpn_smg_standard_rapid_lfe_killcam_npc
soundalias,#fly_qweight_land_npc
soundalias,#fly_step_prone_lt_npc_metal
soundalias,#hash_66dc17c6260010db
soundalias,#fly_land_plr_ceramic
soundalias,#fly_step_prone_plr_glasscar
soundalias,#fly_step_sprint_heavy_asphalt
soundalias,#wpn_smg_thompson_lfe_killcam_npc
soundalias,#fly_qstep_run_heavy_foliage
soundalias,#fly_gear_sprint_lt_plr
soundalias,#hash_66ee4ac3e85007cc
soundalias,#wpn_sniper_powerbolt_lfe_npc
soundalias,#hash_66fa1bb2bf7fb6e9
soundalias,#hash_66faa3220c86c4e5
soundalias,#fly_step_crouch_walk_npc_bark
soundalias,#fly_step_crouch_run_npc_gravel
soundalias,#fly_takeoff_plr_metalhollow
soundalias,#hash_66ffe02b435aa66b
soundalias,#fly_gear_run_start_lt_plr
soundalias,#amb_chaos_ball
soundalias,#wpn_ar_peacekeeper_ads_killcam_plr
soundalias,#fly_land_plr_flesh_sec
soundalias,#fly_lstep_walk_lt_npc_cushion
soundalias,#fly_step_prone_lt_plr_cushion
soundalias,#phy_impact_glass_foliage
soundalias,#fly_qstep_crouch_walk_plr_paper
soundalias,#fly_38_shells_out
soundalias,#vox_rush_doublepoints_rush_0
soundalias,#pfx_spark_xlrg
soundalias,#fly_boot_soft_lt_npc
soundalias,#fly_land_damage_npc
soundalias,#fly_qstep_sprint_plr_ice
soundalias,#fly_land_fast_npc_lt_bark
soundalias,#wpn_smg_standard_silencer_ads_npc
soundalias,#zmb_bgb_abh_teleport_out
soundalias,#wpn_smg_fastfire_uber_ads_plr
soundalias,#fly_land_heavy_flesh
soundalias,#fly_step_walk_heavy_gravel
soundalias,#prj_bullet_impact_xtreme_asphalt
soundalias,#zmb_step_crouch_walk_npc_tallgrass
soundalias,#wpn_quickscope_fire_npc
soundalias,#hash_674c72d6bf621141
soundalias,#prj_bulletspray_impact_metal_thin
soundalias,#wpn_smg_accurate_sup_lfe_npc
soundalias,#wpn_ar_an94_sup_ads_npc
soundalias,#hash_6755b3c577021fff
soundalias,#hash_67683c1901475017
soundalias,#wpn_generic_clip_bounce_dirt
soundalias,#hash_67703c98af36be84
soundalias,#fly_pistol_burst_mag_in_npc
soundalias,#wpn_smg_capacity_uber_rapid_belt_plr
soundalias,#prj_bullet_impact_sand
soundalias,#vox_event_bonfire_sale_zmba_0
soundalias,#hash_6786e6860e324020
soundalias,#fly_land_slow_plr_lt_metalcatwalk
soundalias,#zmb_elixir_common_deny
soundalias,#fly_lstep_run_lt_npc_carpet
soundalias,#wpn_ar_fastfire_fire_killcam_plr
soundalias,#hash_6792766d528554e3
soundalias,#zmb_step_crouch_walk_npc_metalcatwalk
soundalias,#fly_step_crouch_run_plr_paintedmetal
soundalias,#fly_step_walk_npc_foliage
soundalias,#wpn_ar_standard_ads_killcam_plr
soundalias,#fly_step_run_heavy_asphalt
soundalias,#wpn_smg_accurate_fire_plr
soundalias,#fly_step_run_lt_npc_mud
soundalias,#fly_ar_galil_bolt_back_npc
soundalias,#fly_smg_fastburst_mag_out
soundalias,#hash_67a98cba94d45d97
soundalias,#fly_step_branches_plr
soundalias,#hash_67b1ee0ab946d173
soundalias,#wpn_smg_fastburst_rf_sup_lfe_plr
soundalias,#hash_67b7f971ee6f7f9f
soundalias,#wpn_smg_accurate_uber_sup_killcam_ads_plr
soundalias,#fly_step_wood_stairs_plr
soundalias,#fly_slide_heavy_grass
soundalias,#hash_67c2a79494449f9d
soundalias,#wpn_smg_fastburst_sup_killcam_ads_npc
soundalias,#wpn_ar_peacekeeper_rf_sup_fire_killcam_plr
soundalias,#zmb_step_blight_run_carpet
soundalias,#fly_step_sprint_plr_metalcatwalk
soundalias,#hash_67d90ecbc46baf80
soundalias,#wpn_tr_longburst_upg_uber_killcam_fire_npc
soundalias,#fly_qstep_walk_plr_foliage
soundalias,#fly_takeoff_lt_plr_glass
soundalias,#fly_step_sprint_lt_plr_asphalt
soundalias,#fly_land_lt_plr_dirt
soundalias,#fly_qstep_run_heavy_snow
soundalias,#fly_qstep_crouch_walk_plr_ice
soundalias,#fly_qstep_walk_lt_npc_metalcatwalk
soundalias,#zmb_step_standard_walk_bodyarmor
soundalias,#fly_step_walk_npc_bark
soundalias,#wpn_smg_drum_lfe_killcam_npc
soundalias,#fly_qstep_sprint_plr_concrete
soundalias,#fly_snipe_damagesemi_bolt_forward
soundalias,#fly_land_heavy_glass
soundalias,#fly_lstep_sprint_npc_cloth
soundalias,#fly_lstep_walk_npc_bark
soundalias,#fly_land_fast_npc_lt_glass
soundalias,#prj_bullet_impact_robot_fatal
soundalias,#fly_step_prone_lt_npc_ceramic
soundalias,#fly_land_heavy_asphalt
soundalias,#fly_qstep_prone_npc_snow
soundalias,#fly_step_wall_lt_plr_watershallow
soundalias,#wpn_melee_impact_generic_npc
soundalias,#fly_step_sprint_npc_brick
soundalias,#fly_land_fast_npc_lt_foliage
soundalias,#wpn_crossbow_dryfire_npc
soundalias,#fly_smg_folding_first_raise_npc
soundalias,#fly_qstep_prone_plr_glasscar
soundalias,#fly_lstep_crouch_walk_npc_glass
soundalias,#fly_lstep_run_npc_dirt
soundalias,#hash_684666c3bff10fc7
soundalias,#fly_step_mattress_npc
soundalias,#fly_leap_takeoff_cloth_lt_plr
soundalias,#wpn_wwgrenade_explode_swt
soundalias,#zmb_vocals_zombie_crawler
soundalias,#fly_qstep_walk_lt_plr_bodyarmor
soundalias,#fly_gear_plr
soundalias,#fly_step_crouch_walk_lt_plr_default
soundalias,#fly_start_gear_wall_lt_plr
soundalias,#hash_686b41e25622cb04
soundalias,#mpl_death_by_wz_default
soundalias,#wpn_smoke_bounce_ice
soundalias,#fly_qstep_run_heavy_flesh
soundalias,#prj_brass_impact_wraith_wood
soundalias,#fly_qstep_run_plr_plaster
soundalias,#fly_slide_lt_plr_bodyarmor
soundalias,#hash_687cbd9e2492ca78
soundalias,#hash_688511217159dca2
soundalias,#wpn_smg_accurate_uber_fire_pap_plr
soundalias,#prj_crossbow_impact_brick
soundalias,#fly_slide_heavy_metalhollow
soundalias,#prj_brass_impact_sniper_paper
soundalias,#vox_rush_full_power_rush_0
soundalias,#hash_688ef0d0590b1623
soundalias,#hash_689186ce03189a9c
soundalias,#wpn_smg_versatile_fire_pap_npc
soundalias,#prj_hatchet_impact_paper
soundalias,#hash_689d4d00cf60f7f1
soundalias,#fly_qstep_prone_plr_water
soundalias,#fly_lstep_crouch_walk_lt_npc_brick
soundalias,#fly_qstep_crouch_walk_lt_npc_cushion
soundalias,#fly_qstep_run_plr_plastic
soundalias,#fly_step_crouch_walk_lt_npc_cushion
soundalias,#fly_generic_first_raise_npc
soundalias,#fly_slide_plr_rock
soundalias,#prj_brass_impact_gren_case_ice
soundalias,#fly_qstep_run_npc_mud
soundalias,#fly_qstep_crouch_run_npc_wood
soundalias,#fly_fall_zombie
soundalias,#fly_qstep_prone_plr_carpet
soundalias,#wpn_smg_capacity_rapid_ads_plr
soundalias,#hash_68c811850369f20d
soundalias,#wpn_ar_standard_silencer_fire_act_plr
soundalias,#fly_qstep_crouch_walk_heavy_cloth
soundalias,#wpn_pistol_burst_sup_fire_plr
soundalias,#zmb_step_standard_run_fruit
soundalias,#fly_ar_accurate_bolt_release_npc
soundalias,#fly_qstep_crouch_walk_heavy_sand
soundalias,#fly_lstep_sprint_lt_npc_plastic
soundalias,#fly_slide_plr_flesh
soundalias,#fly_land_lt_npc_plaster
soundalias,#wpn_generic_wpn_bounce_paper
soundalias,#wpn_pistol_burst_lfe_killcam_plr
soundalias,#fly_land_imp_rapid_lt_plr_grass
soundalias,#fly_qstep_crouch_walk_npc_grass
soundalias,#fly_snipe_locus_bolt_back
soundalias,#fly_land_lt_npc_plastic
soundalias,#fly_step_crouch_run_lt_plr_carpet
soundalias,#fly_shotgun_auto_mag_in_npc
soundalias,#wpn_sniper_powerbolt_swat_fire_npc
soundalias,#fly_qstep_walk_heavy_carpet
soundalias,#fly_lstep_sprint_lt_npc_plaster
soundalias,#hash_6909f7a4620f7d67
soundalias,#wpn_ar_an94_sup_act_npc
soundalias,#wpn_pistol_close_decay_npc
soundalias,#zmb_step_blight_walk_dirt
soundalias,#fly_step_walk_plr_flesh
soundalias,#fly_powersemi_bolt_back
soundalias,#zmb_blocker_debris_escape_purchase
soundalias,#fly_land_slow_npc_heavy_glasscar
soundalias,#hash_691940bc926ac025
soundalias,#wpn_tr_longburst_sup_upg_killcam_fire_plr
soundalias,#mpl_turret_amb_loop
soundalias,#wpn_generic_clip_bounce_concrete
soundalias,#fly_lstep_sprint_lt_npc_dirt
soundalias,#hash_692f63004e192d34
soundalias,#wpn_pistol_burst_sup_npc_decay
soundalias,#hash_693845f300e0a992
soundalias,#exp_semtex
soundalias,#prj_bullet_impact_xtreme_rock
soundalias,#wpn_smg_standard_fire_plr
soundalias,#fly_land_imp_fast_lt_plr_rock
soundalias,#wpn_lmg_stealth_uber_sup_act_npc
soundalias,#fly_takeoff_npc_gravel
soundalias,#hash_695228ed422b05b0
soundalias,#fly_claymore_plant_npc
soundalias,#fly_qstep_crouch_walk_heavy_fruit
soundalias,#wpn_ar_standard_act_killcam_plr
soundalias,#wpn_pistol_burst_fire_killcam_npc
soundalias,#zmb_fasttravel_teleport_start_plr
soundalias,#fly_melee_lunge_fist_bot
soundalias,#zmb_step_crouch_walk_npc_metalcar
soundalias,#zmb_step_crouch_walk_npc_foliage
soundalias,#fly_land_imp_rapid_plr_snow
soundalias,#hash_69671b54d86128ce
soundalias,#wpn_concussion_pin_pull_alt
soundalias,#fly_land_slow_plr_heavy_watershallow
soundalias,#fly_melee_imp_metal_glass
soundalias,#fly_step_crouch_walk_plr_glassbulletproof
soundalias,#hash_6974063cc0e2f1ae
soundalias,#wpn_melee_cknife_flourish_plr
soundalias,#fly_land_imp_med_lt_plr_mud
soundalias,#fly_snipe_locus_mag_in_npc
soundalias,#fly_step_crouch_run_heavy_plastic
soundalias,#hash_697c25bf42dec58a
soundalias,#fly_qstep_run_heavy_ceramic
soundalias,#wpn_mini14_uber_lfe_plr
soundalias,#fly_lmg_heavy_belt_feed_npc
soundalias,#fly_step_crouch_run_heavy_plaster
soundalias,#fly_cloth_land_lt_plr
soundalias,#prj_bulletspray_impact_rubber
soundalias,#fly_trav_low_over_no_hands_loud_npc
soundalias,#zmb_aat_plasmatic_explode
soundalias,#vox_powerup_instakill_zmba_0
soundalias,#fly_lstep_prone_lt_npc_rock
soundalias,#fly_leap_sprint_lt_plr_ice
soundalias,#wpn_tr_longburst_uber_killcam_fire_plr
soundalias,#hash_69aa00e13025ff93
soundalias,#wpn_grenade_throw
soundalias,#wpn_pistol_standard_sup_fire_ads_npc
soundalias,#fly_step_crouch_run_npc_foliage
soundalias,#zmb_step_standard_run_rock
soundalias,#wpn_lmg_heavy_act_killcam_npc
soundalias,#fly_qstep_crouch_walk_heavy_plastic
soundalias,#wpn_smg_handling_lh_act_killcam_plr
soundalias,#wpn_smg_handling_rh_act_killcam_plr
soundalias,#fly_slide_npc_paper
soundalias,#wpn_mini14_uber_belt_plr
soundalias,#vox_rush_blightfathers_rush_0
soundalias,#fly_qstep_crouch_walk_heavy_plaster
soundalias,#fly_step_walk_lt_plr_carpet
soundalias,#zmb_bgb_powerup_burnedout_lp
soundalias,#fly_step_run_plr_concrete
soundalias,#fly_land_imp_fast_plr_grass
soundalias,#hash_69d7da22279f1458
soundalias,#zmb_bgb_plainsight_loop
soundalias,#fly_qstep_crouch_run_npc_paintedmetal
soundalias,#wpn_ar_standard_silencer_fire_ads_plr
soundalias,#wpn_tr_longburst_upg_killcam_ads_npc
soundalias,#prj_crossbow_impact_gravel
soundalias,#fly_qstep_walk_lt_npc_default
soundalias,#fly_step_walk_heavy_rock
soundalias,#wpn_assault_flux_l_npc_pap
soundalias,#hash_69f1e363cd35d345
soundalias,#fly_slide_lt_plr_metalcatwalk
soundalias,#fly_step_prone_npc_grass
soundalias,#wpn_lmg_plr_pap_decay
soundalias,#wpn_ar_modular_ads_killcam_npc
soundalias,#fly_mann_limb_bounce_concrete
soundalias,#fly_lstep_sprint_npc_cushion
soundalias,#wpn_pistol_burst_rf_act_plr
soundalias,#hash_6a11fab8729aa846
soundalias,#fly_lmg_standard_mag_lock_npc
soundalias,#pfx_splash_med
soundalias,#prj_brass_impact_large_watershallow
soundalias,#fly_qstep_crouch_walk_lt_plr_wood
soundalias,#fly_qstep_prone_plr_foliage
soundalias,#hash_6a22382bba144256
soundalias,#fly_step_prone_plr_plastic
soundalias,#fly_smg_accurate_mag_out
soundalias,#hash_6a2cdf25b1e15466
soundalias,#fly_lstep_crouch_run_lt_npc_wood
soundalias,#fly_step_walk_plr_paper
soundalias,#fly_land_imp_rapid_lt_plr_dirt
soundalias,#wpn_ar_peacekeeper_rf_fire_lfe_plr
soundalias,#hash_6a367e8f8d1cf85b
soundalias,#fly_step_prone_plr_plaster
soundalias,#prj_brass_impact_plr_gren_case_carpet
soundalias,#hash_6a3a7714a2c454fb
soundalias,#fly_qweight_land_lt_npc
soundalias,#hash_6a3b690fa9fd6b13
soundalias,#fly_land_plr_water_sec
soundalias,#wpn_lmg_double_fire_killcam_plr
soundalias,#wpn_tr_longburst_uber_killcam_act_plr
soundalias,#wpn_smg_standard_rapid_act_killcam_npc
soundalias,#fly_land_plr_brick
soundalias,#fly_ar_accurate_mag_out_npc
soundalias,#fly_qstep_crouch_run_lt_plr_wood
soundalias,#fly_pistol_revolver_inspect_npc
soundalias,#fly_qstep_walk_plr_metalcatwalk
soundalias,#prj_bullet_impact_xtreme_canvas
soundalias,#hash_6a5bf6f8e9f858fc
soundalias,#wpn_smg_fastburst_rf_killcam_fire_plr
soundalias,#fly_qstep_sprint_heavy_ceramic
soundalias,#wpn_sniper_powerbolt_fire_act_npc
soundalias,#wpn_tr_longburst_upg_killcam_act_plr
soundalias,#fly_thunder_mag_out
soundalias,#wpn_melee_cknife_flourish_npc
soundalias,#fly_ar_galil_mag_in
soundalias,#prj_bullet_impact_xtreme_glass
soundalias,#hash_6a71ef18601c5e20
soundalias,#hash_6a7406dd5800271a
soundalias,#hash_6a74910b272a166a
soundalias,#hash_6a7913ab2526ed80
soundalias,#fly_land_imp_med_plr_ice
soundalias,#zmb_trials_success
soundalias,#hash_6a82c592275e9318
soundalias,#wpn_smg_fastburst_sup_killcam_act_npc
soundalias,#wpn_smg_minigun_fire_start_npc
soundalias,#wpn_smg_fastfire_lfe_plr
soundalias,#wpn_generic_clip_bounce_grass
soundalias,#phy_pocket_pool_ball
soundalias,#fly_slide_heavy_metal
soundalias,#fly_an94_mag_in
soundalias,#wpn_grenade_launch_bounce_metal
soundalias,#fly_land_fast_plr_lt_watershallow
soundalias,#fly_step_run_heavy_concrete
soundalias,#fly_lstep_walk_lt_npc_metalcatwalk
soundalias,#hash_6aa32cc737673479
soundalias,#hash_6aa5a08377463adb
soundalias,#hash_6aa90f94fff8066b
soundalias,#wpn_smg_versatile_silencer_fire_killcam_plr
soundalias,#wpn_pistol_standard_sup_fire_act_npc
soundalias,#fly_slide_plr_foliage
soundalias,#fly_qstep_crouch_run_heavy_metalthin
soundalias,#prj_brass_impact_gren_case_carpet
soundalias,#wpn_smg_handling_rh_fire_dist_npc
soundalias,#fly_step_crouch_walk_heavy_metal
soundalias,#fly_qstep_run_plr_metalcatwalk
soundalias,#wpn_smg_plr_decay
soundalias,#fly_qstep_sprint_heavy_paintedmetal
soundalias,#wpn_smg_accurate_sup_lfe_killcam_plr
soundalias,#prj_bulletspray_impact_ceramic
soundalias,#hash_6ad33da2b0b2e15a
soundalias,#fly_shotgun_argus_lever_open_npc
soundalias,#wpn_smg_handling_sup_lh_fire_pap_plr
soundalias,#fly_step_crouch_walk_heavy_brick
soundalias,#fly_land_imp_med_heavy_foliage
soundalias,#fly_takeoff_npc_fruit
soundalias,#fly_snipe_fast_cyl_out_inspect_npc
soundalias,#fly_qstep_sprint_npc_grass
soundalias,#fly_start_wall_lt_plr_foliage
soundalias,#fly_lstep_run_lt_npc_metalcatwalk
soundalias,#fly_qstep_crouch_walk_heavy_metalthin
soundalias,#fly_fall_wind_rapid_npc_lp
soundalias,#fly_qstep_prone_heavy_carpet
soundalias,#wpn_pistol_topbreak_fire_ads_npc
soundalias,#hash_6af0eaa117d3fe32
soundalias,#wpn_lmg_double_lfe_plr
soundalias,#fly_land_lt_plr_water
soundalias,#wpn_tr_leveraction_fire_plr
soundalias,#wpn_grenade_bounce_dirt
soundalias,#fly_lstep_crouch_walk_npc_glasscar
soundalias,#hash_6b05b59e32532de1
soundalias,#wpn_grenade_bounce_water
soundalias,#wpn_smg_folding_sup_fire_killcam_plr
soundalias,#hash_6b0bd49433a386ac
soundalias,#hash_6b0ea3263bb4ea8d
soundalias,#fly_step_crouch_walk_lt_plr_snow
soundalias,#fly_step_sprint_npc_rock
soundalias,#fly_step_crouch_walk_plr_metal
soundalias,#fly_step_crouch_run_lt_plr_wood
soundalias,#fly_impact_land_rapid_heavy
soundalias,#fly_qstep_walk_npc_water
soundalias,#hash_6b2323234552fa40
soundalias,#chr_swimming_uw_enter_npc
soundalias,#wpn_lmg_stealth_uber_fire_plr
soundalias,#fly_gear_run_stop_plr
soundalias,#wpn_smg_standard_silencer_fire_npc
soundalias,#fly_fall_wind_rapid_lt_npc_lp
soundalias,#fly_land_lt_plr_brick_sec
soundalias,#hash_6b318cdcfa509fb6
soundalias,#hash_6b3543efa5841745
soundalias,#fly_land_imp_fast_lt_plr_grass
soundalias,#fly_weight_land_medium_heavy
soundalias,#hash_6b3b5346e1822fec
soundalias,#hash_6b3d4fa452359409
soundalias,#wpn_smg_thompson_fire_pap_npc
soundalias,#fly_lstep_sprint_npc_paintedmetal
soundalias,#fly_start_wall_lt_plr_bodyarmor
soundalias,#fly_lstep_walk_lt_npc_tallgrass
soundalias,#wpn_concussion_bounce_ice
soundalias,#fly_qstep_walk_lt_npc_metalhollow
soundalias,#wpn_damagesemi_ads_plr
soundalias,#fly_step_crouch_run_lt_npc_asphalt
soundalias,#hash_6b5900af25bdfc7c
soundalias,#fly_step_crouch_run_npc_metalhollow
soundalias,#fly_lstep_walk_lt_npc_metalcar
soundalias,#hash_6b6581e0cb5e7971
soundalias,#fly_land_fast_npc_lt_carpet
soundalias,#hash_6b6e51efc120277c
soundalias,#wpn_tr_midburst_fire_dist_npc
soundalias,#fly_lstep_crouch_run_npc_rock
soundalias,#wpn_smg_fastfire_lfe_npc
soundalias,#fly_step_catwalk_metal
soundalias,#hash_6b7f4d6ddc95c641
soundalias,#wpn_ar_damage_act_killcam_plr
soundalias,#hash_6b86821e49100ed9
soundalias,#fly_qstep_prone_plr_metal
soundalias,#hash_6b8bc9ee2920eb9a
soundalias,#fly_land_slow_plr_lt_glasscar
soundalias,#fly_step_prone_plr_snow
soundalias,#wpn_rpg_1straise_npc
soundalias,#fly_land_slow_plr_heavy_gravel
soundalias,#fly_lstep_prone_npc_cushion
soundalias,#bik_zm_towers_load_c
soundalias,#hash_6b90c0825a5229a6
soundalias,#hash_6b94d49461f38d67
soundalias,#prj_brass_impact_sniper_cushion
soundalias,#vox_rush_catalyst_rush_0
soundalias,#wpn_smg_versatile_silencer_fire_killcam_npc
soundalias,#fly_step_crouch_walk_lt_npc_water
soundalias,#fly_lstep_walk_npc_metalthin
soundalias,#wpn_lmg_stealth_uber_sup_ads_killcam_plr
soundalias,#fly_qland_lt_npc_tallgrass
soundalias,#fly_step_sprint_heavy_flesh
soundalias,#hash_6ba398c95abec251
soundalias,#fly_reload_cloth_med
soundalias,#fly_lstep_crouch_run_lt_npc_plastic
soundalias,#fly_qstep_prone_heavy_foliage
soundalias,#wpn_smg_capacity_fire_pap_npc
soundalias,#wpn_ar_an94_lfe_killcam_npc
soundalias,#prj_brass_impact_small_ceramic
soundalias,#fly_lstep_walk_npc_plaster
soundalias,#wpn_tr_longburst_upg_uber_killcam_ads_plr
soundalias,#fly_slide_npc_plaster
soundalias,#fly_lstep_walk_npc_plastic
soundalias,#fly_lstep_crouch_run_lt_npc_plaster
soundalias,#wpn_tr_longburst_sup_upg_killcam_ads_plr
soundalias,#fly_land_imp_fast_heavy_asphalt
soundalias,#fly_qstep_crouch_run_heavy_cushion
soundalias,#wpn_tr_flechette_lfe
soundalias,#fly_takeoff_lt_npc_dirt
soundalias,#prj_brass_impact_large_snow
soundalias,#fly_qstep_sprint_plr_sand
soundalias,#fly_land_lt_npc_grass
soundalias,#wpn_ar_modular_sup_fire_killcam_npc
soundalias,#fly_step_crouch_walk_lt_npc_foliage
soundalias,#fly_slide_npc_plastic
soundalias,#hash_6befbc0d214d4a5a
soundalias,#pfx_fire_xlrg
soundalias,#hash_6bf2210b914e7ae4
soundalias,#fly_land_heavy_sand
soundalias,#wpn_lmg_heavy_uber_lfe_npc
soundalias,#fly_takeoff_lt_plr_metalcar
soundalias,#fly_slide_lt_plr_foliage
soundalias,#wpn_smoke_bounce_rubber
soundalias,#wpn_pistol_standard_auto_act_npc
soundalias,#fly_takeoff_lt_npc_grass
soundalias,#fly_lstep_walk_npc_foliage
soundalias,#fly_land_imp_med_lt_plr_snow
soundalias,#hash_6c0569427ab45821
soundalias,#fly_step_run_npc_bodyarmor
soundalias,#fly_melee_imp_metalcar
soundalias,#zmb_pts_powerup_grabbed
soundalias,#fly_qland_npc_metalcar
soundalias,#fly_wpn_gear_rattle_low
soundalias,#hash_6c0a6ccc160712ff
soundalias,#hash_6c0b2f8c01ed862d
soundalias,#fly_stance_stand2crouch_lt_plr
soundalias,#wpn_smg_fastburst_rf_sup_lfe_npc
soundalias,#zmb_bgb_quacknarok_deflate
soundalias,#fly_step_sprint_lt_plr_ceramic
soundalias,#fly_melee_lunge_victim_knife_bot
soundalias,#wpn_tr_longburst_upg_uber_fire_plr
soundalias,#fly_trav_low_one_hand_loud_npc
soundalias,#hash_6c18d42b6a8409f9
soundalias,#fly_step_crouch_run_plr_brick
soundalias,#fly_takeoff_heavy_ceramic
soundalias,#fly_qland_lt_npc_wood
soundalias,#fly_lstep_crouch_run_lt_npc_metalcar
soundalias,#hash_6c3383cc162a3f28
soundalias,#fly_step_walk_lt_npc_bodyarmor
soundalias,#hash_6c368f93d9c4cffe
soundalias,#fly_step_walk_plr_asphalt
soundalias,#fly_step_run_lt_npc_water
soundalias,#fly_lstep_crouch_walk_lt_npc_rock
soundalias,#zmb_switch_flip_trap
soundalias,#fly_qstep_crouch_run_heavy_asphalt
soundalias,#zmb_switch_flip_trap_alarm
soundalias,#hash_6c4d2bd397ee5159
soundalias,#fly_lstep_walk_npc_ice
soundalias,#fly_qstep_run_plr_bark
soundalias,#zmb_double_points_loop_off
soundalias,#fly_step_crouch_run_lt_plr_metalthin
soundalias,#fly_qland_lt_npc_carpet
soundalias,#wpn_ar_an94_sup_lfe_npc
soundalias,#fly_step_prone_npc_ice
soundalias,#hash_6c65a2cd83f253f1
soundalias,#fly_land_fast_npc_heavy_metal
soundalias,#wpn_tactical_decay_bright_plr
soundalias,#wpn_ar_stealth_sup_fire_plr
soundalias,#fly_gear_run_lt_npc
soundalias,#fly_land_lt_plr_mud_sec
soundalias,#wpn_grenade_explode_default
soundalias,#fly_step_walk_plr_bodyarmor
soundalias,#wpn_smg_versatile_fire_dist_npc
soundalias,#fly_riotshield_melee_impact_other
soundalias,#hash_6c828a98d7169610
soundalias,#zmb_ai_catalyst_corrosive_death_lfe
soundalias,#wpn_smg_capacity_fire_killcam_npc
soundalias,#fly_lstep_run_lt_npc_bark
soundalias,#wpn_lmg_heavy_rf_lfe1_npc
soundalias,#hash_6ca295aefe204ef1
soundalias,#wpn_ar_an94_lfe_npc
soundalias,#hash_6ca7d3fca546e05b
soundalias,#fly_qstep_walk_plr_carpet
soundalias,#fly_step_crouch_walk_lt_plr_sand
soundalias,#fly_land_imp_fast_heavy_metalthin
soundalias,#chr_revive_syrette_open
soundalias,#hash_6cbbde352aecd841
soundalias,#fly_qstep_sprint_npc_paper
soundalias,#fly_qstep_crouch_walk_heavy_metal
soundalias,#fly_step_run_npc_watershallow
soundalias,#fly_slide_heavy_sand
soundalias,#wpn_grenade_launch_bounce_concrete
soundalias,#prj_hatchet_impact_ice_crack
soundalias,#fly_qland_npc_sand
soundalias,#wpn_pistol_burst_ads_killcam_npc
soundalias,#hash_6ce060955c489de9
soundalias,#fly_step_crouch_run_lt_npc_cloth
soundalias,#fly_step_crouch_run_heavy_paintedmetal
soundalias,#wpn_ar_an94_fire_ads_plr
soundalias,#hash_6ce604cd7dfea328
soundalias,#zmb_fire_loop
soundalias,#zmb_step_standard_run_asphalt
soundalias,#fly_melee_swipealt_pistol
soundalias,#fly_land_fast_npc_heavy_dirt
soundalias,#hash_6cf02cbf8940ec9e
soundalias,#fly_qstep_prone_lt_plr_rubber
soundalias,#wpn_tr_longburst_upg_fire_dist_npc
soundalias,#wpn_ar_modular_sup_fire_killcam_plr
soundalias,#fly_mann_limb_bounce_cushion
soundalias,#prj_bullet_impact_xtreme_carpet
soundalias,#fly_qstep_crouch_run_npc_flesh
soundalias,#wpn_grenade_launch_bounce_glass
soundalias,#vox_rush_timer_5_rush_0
soundalias,#hash_6d11d5c12bf7946b
soundalias,#fly_stance_2prone_lt_npc
soundalias,#zmb_step_standard_walk_default
soundalias,#wpn_tr_longburst_uber_fire_plr
soundalias,#fly_qstep_run_lt_plr_bark
soundalias,#hash_6d1b59f700f3e107
soundalias,#prj_crossbow_impact_grass
soundalias,#wpn_generic_clip_bounce_snow
soundalias,#hash_6d209bc18dacd5bc
soundalias,#hash_6d20ee025d935109
soundalias,#prj_bullet_impact_xtreme_plate
soundalias,#hash_6d25dccd92a8f8aa
soundalias,#wpn_grenade_bounce_default
soundalias,#hash_6d29baf00c835a98
soundalias,#hash_6d2a4254dd850bd6
soundalias,#fly_lstep_run_npc_rubber
soundalias,#fly_gear_walk_npc
soundalias,#fly_qstep_walk_plr_rock
soundalias,#fly_longburst_bolt_forward
soundalias,#fly_bump_piano
soundalias,#fly_cloth_land_rapid_heavy
soundalias,#hash_6d33c5cd92b50ef1
soundalias,#wpn_smg_npc_burst_decay
soundalias,#wpn_grenade_explode_ceramic
soundalias,#prj_crossbow_impact_cushion
soundalias,#wpn_mini14_flux_plr_r
soundalias,#wpn_mini14_flux_plr_l
soundalias,#fly_powersemi_bolt_back_npc
soundalias,#fly_lstep_crouch_walk_lt_npc_glasscar
soundalias,#zmb_step_standard_sprint_metalhollow
soundalias,#wpn_ar_accurate_fire_pap_plr
soundalias,#vox_event_insanitystart_avoa_0
soundalias,#hash_6d4e4d3606e1dbb8
soundalias,#wpn_ar_stealth_lfe_npc
soundalias,#fly_step_sprint_lt_plr_snow
soundalias,#fly_slide_plr_cloth
soundalias,#fly_land_plr_grass
soundalias,#fly_qstep_sprint_npc_glassbulletproof
soundalias,#fly_land_fast_plr_lt_gravel
soundalias,#hash_6d5eb53d541f7c53
soundalias,#fly_takeoff_heavy_metalthin
soundalias,#fly_qland_lt_npc_fruit
soundalias,#hash_6d6550e8a8585a64
soundalias,#fly_lstep_crouch_walk_npc_rubber
soundalias,#fly_takeoff_heavy_watershallow
soundalias,#fly_qcloth_land_lt_npc
soundalias,#fly_land_npc_gravel
soundalias,#fly_step_sprint_plr_carpet
soundalias,#prj_bullet_impact_paper
soundalias,#fly_step_walk_lt_plr_tallgrass
soundalias,#mpl_death_by_default
soundalias,#fly_midburst_mag_out_ext
soundalias,#fly_takeoff_lt_plr_watershallow
soundalias,#wpn_smg_thompson_ads_killcam_npc
soundalias,#fly_bump_pipe
soundalias,#hash_6d8c2459136f3204
soundalias,#wpn_smg_fastburst_sup_ads_plr
soundalias,#fly_slide_lt_plr_concrete
soundalias,#wpn_grenade_explode_paintedmetal
soundalias,#hash_6da7ae12f538ef5e
soundalias,#dst_electronics_elc_sm
soundalias,#wpn_smg_vtile_rapid_sup_fire_killcam_plr
soundalias,#hash_6db0d159782a86b1
soundalias,#wpn_lmg_stealth_uber_fire_pap_npc
soundalias,#fly_land_plr_paintedmetal_sec
soundalias,#pfx_spark_med
soundalias,#wpn_betty_explode_close
soundalias,#hash_6db9f8279530d54e
soundalias,#fly_slide_lt_npc_bark
soundalias,#fly_shotgun_semi_strobe_off
soundalias,#fly_generic_raise_med_plr
soundalias,#wpn_tr_damageburst_sup_fire_dist_npc
soundalias,#fly_step_sprint_npc_water
soundalias,#fly_slide_npc_mud
soundalias,#vox_rush_perk_ethereal_rush_0
soundalias,#fly_claymore_plant_plr
soundalias,#fly_takeoff_lt_plr_tallgrass
soundalias,#fly_qstep_walk_lt_plr_ice
soundalias,#hash_6dcb30055c61f956
soundalias,#fly_generic_pickup_npc
soundalias,#wpn_lmg_double_act_killcam_plr
soundalias,#fly_step_crouch_walk_lt_npc_mud
soundalias,#zmb_step_blight_run_plastic
soundalias,#prj_bullet_impact_armor
soundalias,#zmb_step_blight_run_plaster
soundalias,#wpn_smg_minigun_start_plr
soundalias,#fly_step_run_plr_water
soundalias,#fly_step_mattress_plr
soundalias,#exp_rocket_wasp_close
soundalias,#fly_lboot_soft_npc
soundalias,#zmb_player_health_drain
soundalias,#fly_land_npc_sand
soundalias,#fly_topbreak_shells_in
soundalias,#fly_qstep_prone_lt_plr_tallgrass
soundalias,#wpn_smg_fastfire_uber_ads_killcam_npc
soundalias,#hash_6dfd09928d3e83ab
soundalias,#hash_6dfd0a928d3e855e
soundalias,#fly_qstep_prone_lt_npc_ceramic
soundalias,#hash_6dfd0b928d3e8711
soundalias,#fly_slide_plr_watershallow
soundalias,#fly_land_heavy_cushion
soundalias,#fly_qstep_walk_lt_plr_grass
soundalias,#fly_smg_handling_bolt_back
soundalias,#wpn_ar_mg1909_fire_act_plr
soundalias,#fly_slide_lt_npc_asphalt
soundalias,#wpn_ar_standard_lfe_killcam_npc
soundalias,#fly_pistol_drum_slide_back
soundalias,#fly_qstep_crouch_run_heavy_fruit
soundalias,#prj_brass_impact_sniper_metalthin
soundalias,#fly_land_slow_plr_lt_dirt
soundalias,#fly_step_crouch_run_lt_plr_sand
soundalias,#fly_takeoff_plr_cushion
soundalias,#fly_qland_lt_npc_ice
soundalias,#hash_6e20a3354103842d
soundalias,#fly_smg_capacity_bolt_back
soundalias,#fly_longburst_bolt_back
soundalias,#wpn_lmg_double_fire_pap_npc
soundalias,#fly_qstep_crouch_walk_lt_npc_snow
soundalias,#wpn_mini14_sup_act_plr
soundalias,#prj_bullet_impact_xtreme_gravel
soundalias,#chr_swimming_ow_float_npc
soundalias,#zmb_vocals_catalyst_corrosive_pain
soundalias,#wpn_smg_handling_sup_act_killcam_plr
soundalias,#exp_dart_rocket_close
soundalias,#fly_step_prone_lt_plr_brick
soundalias,#fly_qstep_prone_lt_plr_cloth
soundalias,#fly_pistol_burst_slide_back_npc
soundalias,#hash_6e4f0b61433472a8
soundalias,#fly_land_imp_med_plr_concrete
soundalias,#fly_step_crouch_run_npc_metalthin
soundalias,#fly_step_sprint_heavy_glassbulletproof
soundalias,#fly_land_plr_ceramic_sec
soundalias,#fly_qstep_walk_lt_npc_metal
soundalias,#fly_land_slow_npc_heavy_dirt
soundalias,#fly_stance_prone2crouch_lt_plr_glassbulletproof
soundalias,#hash_6e79651db7f453c2
soundalias,#hash_6e7c03ff931c7b15
soundalias,#fly_qstep_run_lt_plr_fruit
soundalias,#fly_qstep_run_plr_ice
soundalias,#fly_step_crouch_run_lt_plr_mud
soundalias,#fly_land_plr_lt_water
soundalias,#fly_melee_lunge_pistol
soundalias,#hash_6e8d0be321e69ec7
soundalias,#fly_melee_imp_battleshield_npc_wood
soundalias,#prj_brass_impact_sniper_glasscar
soundalias,#hash_6e9beb090d98b4cc
soundalias,#wpn_ar_fastfire_fire_pap_npc
soundalias,#hash_6ea412ebd1ac5c8f
soundalias,#fly_lstep_crouch_walk_lt_npc_default
soundalias,#fly_ar_standard_bolt_back_npc
soundalias,#hash_6eb41cd4b943138a
soundalias,#fly_step_sprint_heavy_metalcatwalk
soundalias,#fly_lstep_crouch_run_lt_npc_snow
soundalias,#fly_step_run_npc_metalcatwalk
soundalias,#fly_qstep_prone_heavy_grass
soundalias,#fly_land_imp_med_heavy_carpet
soundalias,#fly_land_fast_npc_lt_metalcar
soundalias,#wpn_smg_handling_fire_killcam_plr
soundalias,#wpn_tr_damageburst_sup_ads_plr
soundalias,#fly_step_crouch_run_heavy_ice
soundalias,#fly_step_prone_lt_plr_mud
soundalias,#wpn_tr_longburst_upg_fire_npc
soundalias,#wpn_smg_accurate_uber_sup_killcam_act_npc
soundalias,#fly_land_imp_fast_lt_plr_metalcar
soundalias,#fly_step_prone_plr_metalthin
soundalias,#fly_trench_shell_in_npc
soundalias,#hash_6ef85026ceefbecc
soundalias,#fly_impact_land_rapid_plr
soundalias,#fly_qstep_crouch_walk_npc_tallgrass
soundalias,#hash_6efe0884e72dbfd8
soundalias,#fly_step_prone_npc_flesh
soundalias,#fly_land_imp_med_plr_watershallow
soundalias,#fly_slide_lt_npc_watershallow
soundalias,#wpn_ar_stealth_lfe_killcam_plr
soundalias,#fly_snipe_powerbolt_mag_in
soundalias,#hash_6f0bcda6f7a34c8f
soundalias,#wpn_lmg_standard_fire_pap_npc
soundalias,#vox_powerup_carpenter_prst_0
soundalias,#fly_melee_imp_fist_rock
soundalias,#zmb_step_standard_run_bodyarmor
soundalias,#wpn_lmg_standard_act_killcam_plr
soundalias,#wpn_smg_versatile_rapid_lfe_plr
soundalias,#mpl_battleshield_turret_raise
soundalias,#hash_6f444722fe670a7c
soundalias,#fly_melee_imp_knife_npc_glass
soundalias,#wpn_ar_modular_sup_ads_npc
soundalias,#fly_end_wall_lt_plr_grass
soundalias,#wpn_damagesemi_flux_npc_r
soundalias,#wpn_damagesemi_flux_npc_l
soundalias,#fly_step_prone_lt_npc_sand
soundalias,#wpn_rifle_silencer_npc_decay
soundalias,#wpn_ar_accurate_act_killcam_npc
soundalias,#phy_impact_hard_flesh
soundalias,#wpn_shotgun_precision_sup_lfe
soundalias,#fly_slide_lt_npc_fruit
soundalias,#fly_step_sprint_lt_npc_fruit
soundalias,#wpn_tr_powersemi_sup_lfe_npc
soundalias,#fly_step_run_lt_npc_rubber
soundalias,#zmb_step_blight_run_grass
soundalias,#wpn_pistol_revolver_fire_ads_plr
soundalias,#fly_stance_prone2crouch_lt_plr_watershallow
soundalias,#fly_takeoff_npc_snow
soundalias,#fly_step_wall_lt_plr_foliage
soundalias,#wpn_pistol_topbreak_fire_act_plr
soundalias,#fly_step_run_lt_npc_gravel
soundalias,#fly_takeoff_lt_npc_cushion
soundalias,#fly_snipe_mini14_bolt_forward_npc
soundalias,#hash_6f86fc9b9bf561c3
soundalias,#fly_ar_standard_mag_in_npc
soundalias,#prj_brass_impact_shell_fruit
soundalias,#mpl_turret_alert_enemy
soundalias,#fly_step_sprint_heavy_concrete
soundalias,#fly_land_imp_fast_heavy_rock
soundalias,#uin_perk4_buff_gain
soundalias,#fly_smg_handling_switch_npc
soundalias,#fly_land_imp_fast_lt_plr_brick
soundalias,#fly_step_crouch_run_heavy_foliage
soundalias,#prj_brass_impact_large_foliage
soundalias,#fly_land_imp_med_heavy_tallgrass
soundalias,#wpn_pistol_standard_fire_act_npc
soundalias,#wpn_smg_capacity_uber_ads_plr
soundalias,#fly_gear_sprint_start_plr
soundalias,#wpn_lmg_stealth_fire_plr
soundalias,#hash_6fb13a2019b337c0
soundalias,#fly_qstep_crouch_run_npc_brick
soundalias,#fly_lstep_crouch_run_npc_mud
soundalias,#fly_qstep_prone_heavy_sand
soundalias,#fly_land_lt_plr_dirt_sec
soundalias,#hash_6fb6926cf8ef32ab
soundalias,#wpn_ballistic_knife_fire_npc
soundalias,#wpn_tr_powersemi_ads_plr
soundalias,#fly_smg_folding_mag_in
soundalias,#wpn_tactical_dly_npc_decay
soundalias,#wpn_smg_thompson_ads_npc
soundalias,#wpn_smg_fastburst_lfe_npc
soundalias,#wpn_smg_minigun_fire_loop_pap_plr
soundalias,#fly_qstep_crouch_run_lt_plr_carpet
soundalias,#fly_step_wall_lt_plr_wood
soundalias,#fly_step_run_plr_metalcar
soundalias,#fly_tesla_sniper_bolt_npc
soundalias,#fly_step_crouch_walk_lt_plr_grass
soundalias,#wpn_pistol_burst_rf_act_killcam_npc
soundalias,#wpn_smg_standard_act_killcam_npc
soundalias,#fly_lstep_prone_lt_npc_paper
soundalias,#fly_land_plr_lt_plaster
soundalias,#fly_takeoff_npc_concrete
soundalias,#wpn_tr_midburst_killcam_lfe_npc
soundalias,#prj_brass_impact_plr_gren_case_rock
soundalias,#fly_land_plr_lt_plastic
soundalias,#fly_land_heavy_paintedmetal
soundalias,#wpn_smg_accurate_uber_killcam_fire_npc
soundalias,#fly_melee_swipealt_knife
soundalias,#wpn_grenade_bounce_mud
soundalias,#fly_stance_prone2crouch_lt_plr_rock
soundalias,#fly_qstep_prone_heavy_glassbulletproof
soundalias,#fly_step_crouch_walk_npc_asphalt
soundalias,#hash_70044d39e7f49cdb
soundalias,#fly_step_sprint_plr_gravel
soundalias,#fly_lstep_walk_npc_grass
soundalias,#vox_rush_perk_generic_rush_0
soundalias,#fly_qstep_crouch_run_heavy_rubber
soundalias,#hash_700e279e773ee1ef
soundalias,#fly_lgear_run_lt_npc
soundalias,#zmb_vocals_bfather_death
soundalias,#wpn_tr_longburst_sup_upg_fire_pap_npc
soundalias,#fly_shotgun_pump_release
soundalias,#wpn_grenade_launch_bounce_wood
soundalias,#wpn_smg_drum_ads_plr
soundalias,#wpn_smg_accurate_fire_npc
soundalias,#fly_step_crouch_run_plr_ceramic
soundalias,#wpn_rifle_silencer_plr_decay
soundalias,#hash_703efd8477589f12
soundalias,#hash_7043caeb5d7f018d
soundalias,#hash_70476bb9e4a04d7e
soundalias,#hash_704b51f59b7f8fb4
soundalias,#fly_step_sprint_lt_npc_glass
soundalias,#fly_qstep_run_lt_plr_flesh
soundalias,#fly_step_run_lt_plr_wood
soundalias,#wpn_smg_fastburst_rf_killcam_ads_plr
soundalias,#mpl_turret_exp
soundalias,#wpn_lmg_heavy_lfe_npc
soundalias,#wpn_ar_fastfire_uber_ads_npc
soundalias,#fly_qstep_prone_plr_glassbulletproof
soundalias,#hash_70669238276642b6
soundalias,#wpn_ar_peacekeeper_sup_fire_npc
soundalias,#wpn_smg_accurate_sup_uber_fire_pap_plr
soundalias,#fly_step_run_lt_plr_paintedmetal
soundalias,#wpn_rocket_explode_lfe
soundalias,#hash_707214f37afe1cc7
soundalias,#fly_land_imp_fast_lt_plr_paintedmetal
soundalias,#wpn_smg_versatile_fire_sup_pap_plr
soundalias,#fly_land_imp_rapid_heavy_cushion
soundalias,#fly_qstep_sprint_plr_metalthin
soundalias,#hash_7082b22ffe262b8e
soundalias,#fly_end_wall_lt_plr_bodyarmor
soundalias,#fly_ar_fastfire_mag_out_npc
soundalias,#prj_bolt_impact_gravel
soundalias,#fly_qstep_sprint_npc_foliage
soundalias,#wpn_concussion_bounce_glass
soundalias,#amb_rattle_glasses
soundalias,#fly_lboot_land_lt_npc
soundalias,#fly_qstep_walk_lt_npc_water
soundalias,#wpn_tr_longburst_upg_killcam_fire_plr
soundalias,#fly_lstep_prone_lt_npc_gravel
soundalias,#fly_land_imp_fast_lt_plr_plaster
soundalias,#wpn_shotgun_trenchgun_fire_npc
soundalias,#amb_rattle_corrugated
soundalias,#wpn_smg_handling_sup_lfe_plr
soundalias,#fly_land_fast_npc_lt_tallgrass
soundalias,#wpn_ar_stealth_sup_lfe_npc
soundalias,#zmb_step_standard_walk_flesh
soundalias,#wpn_ar_fastfire_uber_lfe_killcam_npc
soundalias,#prj_whizby
soundalias,#fly_land_lt_npc_tallgrass
soundalias,#fly_trav_mid_one_hand
soundalias,#wpn_ar_doublebarrel_act_plr
soundalias,#fly_slide_heavy_glasscar
soundalias,#hash_70bedc1144ea477e
soundalias,#fly_melee_imp_knife_npc_metal
soundalias,#fly_step_walk_npc_concrete
soundalias,#fly_step_sprint_lt_plr_paper
soundalias,#prj_bulletspray_impact_vase
soundalias,#fly_land_imp_fast_lt_plr_plastic
soundalias,#wpn_ar_stealth_rapid_fire_dist_npc
soundalias,#wpn_smg_standard_rapid_act_plr
soundalias,#fly_mag_pouch_pat
soundalias,#fly_qstep_run_npc_paintedmetal
soundalias,#fly_step_crouch_run_npc_metalcatwalk
soundalias,#wpn_ar_fastfire_uber_fire_lfe_plr
soundalias,#wpn_shotgun_pump_fire_act_npc
soundalias,#fly_land_slow_plr_lt_flesh
soundalias,#fly_qstep_walk_heavy_cushion
soundalias,#fly_qstep_run_heavy_glassbulletproof
soundalias,#fly_qstep_crouch_run_lt_plr_brick
soundalias,#fly_combat_knife_taunt_npc
soundalias,#zmb_step_standard_run_metalcar
soundalias,#prj_bulletspray_impact_bark
soundalias,#wpn_tr_damageburst_act_npc
soundalias,#wpn_smg_handling_sup_rh_ads_killcam_plr
soundalias,#phy_impact_soft_soft
soundalias,#hash_70f9a9cf7b97fc12
soundalias,#hash_70fe8b81642aa17c
soundalias,#fly_trav_mid_two_hands_npc
soundalias,#fly_step_prone_plr_ice
soundalias,#wpn_grenade_launch_bounce_paintedmetal
soundalias,#wpn_smg_mp40_ads_killcam_plr
soundalias,#fly_step_run_plr_glassbulletproof
soundalias,#wpn_smg_drum_fire_pap_plr
soundalias,#wpn_pistol_burst_sup_fire_killcam_npc
soundalias,#pfx_spark_pop
soundalias,#wpn_pistol_fullauto_d_rf2_fire_npc
soundalias,#chr_swimming_stroke_left_ow_plr
soundalias,#fly_step_crouch_run_lt_plr_glasscar
soundalias,#fly_step_crouch_run_lt_plr_foliage
soundalias,#fly_qstep_walk_lt_plr_default
soundalias,#fly_stance_prone2crouch_lt_plr_cushion
soundalias,#fly_trench_hammer
soundalias,#fly_qstep_run_lt_plr_glass
soundalias,#hash_712af9ed7316a31a
soundalias,#vox_rush_marauders_rush_0
soundalias,#fly_step_walk_plr_metalcar
soundalias,#fly_stance_prone2crouch_lt_plr_metal
soundalias,#wpn_tr_leveraction_lfe_npc
soundalias,#wpn_pistol_topbreak_npc_lfe
soundalias,#fly_land_imp_fast_plr_plaster
soundalias,#fly_land_imp_med_lt_plr_gravel
soundalias,#fly_land_imp_med_heavy_bodyarmor
soundalias,#hash_7143a60bb788f943
soundalias,#fly_step_run_heavy_flesh
soundalias,#hash_7149a94dd7ef741f
soundalias,#fly_land_imp_fast_plr_plastic
soundalias,#wpn_ar_fastfire_upg_ads_killcam_npc
soundalias,#fly_qstep_run_npc_glasscar
soundalias,#wpn_ar_an94_lfe_killcam_plr
soundalias,#fly_land_imp_rapid_heavy_mud
soundalias,#prj_hatchet_impact_armor_heavy
soundalias,#zmb_trial_horror_round_start
soundalias,#hash_7163cf2600d77430
soundalias,#hash_7163d12600d77796
soundalias,#hash_7163d22600d77949
soundalias,#hash_7163d32600d77afc
soundalias,#hash_7163d42600d77caf
soundalias,#hash_7163d52600d77e62
soundalias,#hash_7163d62600d78015
soundalias,#fly_powersemi_mag_out
soundalias,#fly_mann_limb_bounce_rock
soundalias,#evt_carpenter
soundalias,#fly_bump_generic_metal
soundalias,#fly_ar_galil_bolt_release_npc
soundalias,#fly_qstep_crouch_run_lt_plr_metalcar
soundalias,#prj_bolt_impact_plate
soundalias,#fly_lstep_crouch_walk_npc_snow
soundalias,#fly_lstep_run_npc_cloth
soundalias,#wpn_claymore_alert
soundalias,#chr_swimming_uw_exit_npc
soundalias,#zmb_step_standard_run_tallgrass
soundalias,#hash_718ca407c3432aa9
soundalias,#fly_stance_stand2crouch_lt_npc
soundalias,#vox_powerup_doublepoints_prst_0
soundalias,#pfx_steam
soundalias,#fly_land_plr_fruit_sec
soundalias,#fly_step_twigs_npc
soundalias,#fly_step_prone_npc_foliage
soundalias,#fly_step_wall_lt_plr_water
soundalias,#vox_rush_blightfather_rush_0
soundalias,#wpn_ar_doublebarrel_sup_lfe_npc
soundalias,#fly_qstep_run_npc_metalthin
soundalias,#fly_step_crouch_walk_heavy_sand
soundalias,#prj_brass_impact_wraith_gravel
soundalias,#wpn_generic_clip_bounce_water
soundalias,#fly_stance_prone2crouch_lt_plr_bodyarmor
soundalias,#wpn_smg_capacity_fire_npc
soundalias,#fly_snipe_damagesemi_bolt_back
soundalias,#fly_step_crouch_walk_npc_brick
soundalias,#wpn_generic_wpn_bounce_ceramic
soundalias,#fly_demo_hammer_first_raise_npc
soundalias,#fly_boot_soft_run_lt_npc
soundalias,#fly_qstep_prone_npc_gravel
soundalias,#vox_powerup_instakill_ward_0
soundalias,#fly_qstep_sprint_lt_plr_gravel
soundalias,#vox_rush_key_acquired_rush_0
soundalias,#hash_71e07a194ab4b939
soundalias,#hash_71e094194ab4e567
soundalias,#fly_ar_stealth_bolt_release
soundalias,#prj_brass_impact_plr_gren_case_flesh
soundalias,#fly_step_run_lt_plr_metalhollow
soundalias,#fly_land_imp_fast_lt_plr_flesh
soundalias,#fly_snipe_mini14_mag_out_npc
soundalias,#hash_71e870d267240c9a
soundalias,#fly_land_imp_rapid_plr_foliage
soundalias,#wpn_tr_powersemi_sup_ads_plr
soundalias,#fly_topbreak_cyclinder_close
soundalias,#bik_ct_interstitial_outro
soundalias,#fly_step_crouch_walk_lt_npc_plastic
soundalias,#wpn_grenade_bounce_metal
soundalias,#fly_step_grass_move
soundalias,#hash_7204b092c976136b
soundalias,#wpn_lmg_double_fire_npc
soundalias,#fly_step_crouch_walk_lt_npc_plaster
soundalias,#fly_gear_run_lt_plr
soundalias,#fly_trav_low_one_hand_npc
soundalias,#wpn_pistol_burst_sup_fire_killcam_plr
soundalias,#wpn_lmg_stealth_uber_sup_ads_plr
soundalias,#hash_722388a8318ca439
soundalias,#hash_72280423150cb566
soundalias,#fly_qstep_crouch_run_lt_plr_concrete
soundalias,#wpn_wwmelee_swing_plr
soundalias,#fly_land_slow_plr_heavy_fruit
soundalias,#fly_step_run_heavy_mud
soundalias,#fly_slide_plr_cushion
soundalias,#fly_generic_pickup_plr
soundalias,#fly_land_plr_lt_wood
soundalias,#fly_step_crouch_walk_plr_snow
soundalias,#fly_step_run_lt_plr_rubber
soundalias,#wpn_ar_an94_fire_npc
soundalias,#wpn_smg_mp40_fire_killcam_npc
soundalias,#fly_land_fast_npc_lt_bodyarmor
soundalias,#hash_724b408f75a54fb5
soundalias,#wpn_melee_rifle_whoosh_npc
soundalias,#wpn_melee_sword_whoosh_plr
soundalias,#fly_step_crouch_run_lt_plr_concrete
soundalias,#fly_lstep_run_lt_npc_water
soundalias,#fly_land_imp_med_plr_tallgrass
soundalias,#bik_ct_tutoruin_loadingmovie
soundalias,#wpn_ar_peacekeeper_rf_fire_killcam_npc
soundalias,#wpn_tr_midburst_killcam_act_plr
soundalias,#hash_7261edcdacf9ae1f
soundalias,#fly_land_imp_fast_heavy_carpet
soundalias,#fly_takeoff_npc_default
soundalias,#fly_qstep_sprint_plr_fruit
soundalias,#fly_acnt_run_plr
soundalias,#hash_726deee6d4eb3307
soundalias,#fly_qstep_walk_plr_ice
soundalias,#hash_7274d97baf6a1cab
soundalias,#fly_lstep_crouch_run_lt_npc_grass
soundalias,#prj_bolt_impact_flesh
soundalias,#fly_land_imp_med_lt_plr_ceramic
soundalias,#fly_step_run_plr_metalhollow
soundalias,#fly_step_prone_plr_metalcar
soundalias,#wpn_lmg_standard_fire_killcam_npc
soundalias,#fly_lstep_walk_npc_tallgrass
soundalias,#zmb_step_crouch_run_npc_flesh
soundalias,#fly_shotgun_auto_bolt_back
soundalias,#fly_land_fast_plr_heavy_plaster
soundalias,#fly_step_walk_plr_ceramic
soundalias,#zmb_step_standard_walk_metalthin
soundalias,#fly_land_imp_fast_lt_plr_asphalt
soundalias,#fly_step_wall_lt_plr_fruit
soundalias,#mpl_battleshield_turret_drop
soundalias,#fly_melee_imp_metal_rock
soundalias,#fly_qstep_run_plr_default
soundalias,#fly_land_fast_plr_heavy_plastic
soundalias,#fly_takeoff_heavy_rubber
soundalias,#prj_bolt_impact_robot_headshot
soundalias,#hash_7292e836c2265a61
soundalias,#fly_qstep_sprint_plr_gravel
soundalias,#hash_7299c66d9e923622
soundalias,#wpn_lmg_spray_sup_act_plr
soundalias,#prj_bulletspray_impact_plastic
soundalias,#wpn_ar_galil_sup_lfe_killcam_npc
soundalias,#fly_step_wall_lt_plr_glassbulletproof
soundalias,#fly_lstep_crouch_run_npc_metalhollow
soundalias,#fly_step_crouch_walk_heavy_snow
soundalias,#fly_qstep_crouch_run_npc_paper
soundalias,#fly_land_imp_fast_lt_plr_bark
soundalias,#fly_step_prone_lt_plr_dirt
soundalias,#hash_72c104c0d3ffa3e2
soundalias,#fly_melee_imp_fist_npc_glass
soundalias,#fly_step_sprint_plr_mud
soundalias,#fly_qstep_prone_lt_npc_concrete
soundalias,#wpn_lmg_npc_dly_decay
soundalias,#fly_midburst_bolt_back
soundalias,#prj_bulletspray_impact_plaster
soundalias,#fly_step_sprint_npc_concrete
soundalias,#hash_72d246b5f70784dc
soundalias,#hash_72d6c1cb43f65fc2
soundalias,#fly_step_sprint_lt_plr_carpet
soundalias,#fly_qcloth_run_lt_npc
soundalias,#wpn_smg_handling_sup_fire_pap_plr
soundalias,#wpn_melee_knife_whoosh_npc
soundalias,#fly_qstep_crouch_walk_lt_npc_cloth
soundalias,#fly_step_crouch_walk_heavy_asphalt
soundalias,#hash_72de9ee1c8236c4f
soundalias,#prj_bulletspray_impact_ice
soundalias,#fly_ar_damage_bolt_back_npc
soundalias,#wpn_smg_standard_rapid_act_killcam_plr
soundalias,#hash_72e6abf07b872d4e
soundalias,#fly_qstep_prone_plr_grass
soundalias,#wpn_tr_longburst_fire_plr
soundalias,#fly_step_run_heavy_metalcar
soundalias,#fly_step_walk_lt_plr_metalhollow
soundalias,#hash_72f11a5e964b7f9f
soundalias,#fly_melee_imp_fist_plastic
soundalias,#fly_land_imp_fast_plr_paintedmetal
soundalias,#zmb_step_blight_run_dirt
soundalias,#fly_generic_raise_shrt_plr
soundalias,#wpn_lmg_double_act_killcam_npc
soundalias,#zmb_step_blight_walk_mud
soundalias,#vox_rush_lightning_hounds_rush_0
soundalias,#chr_tinitus_status_whispers_loop
soundalias,#fly_step_walk_plr_bark
soundalias,#fly_lbody_scoot
soundalias,#fly_land_slow_plr_heavy_rock
soundalias,#zmb_step_crouch_walk_npc_fruit
soundalias,#fly_lstep_walk_lt_npc_watershallow
soundalias,#fly_melee_imp_npc_wood
soundalias,#wpn_ar_fastfire_upg_ads_npc
soundalias,#fly_step_prone_lt_plr_asphalt
soundalias,#fly_lmg_standard_mag_unlock
soundalias,#wpn_ar_galil_sup_fire_act_plr
soundalias,#fly_melee_lunge_pistol_bot
soundalias,#fly_lstep_walk_lt_npc_cloth
soundalias,#fly_step_run_npc_glass
soundalias,#fly_qstep_prone_plr_rubber
soundalias,#fly_step_crouch_run_heavy_rock
soundalias,#hash_7349487b3b75036e
soundalias,#fly_boot_walk_igc_lt_plr
soundalias,#fly_melee_swipe_knife
soundalias,#fly_step_prone_npc_fruit
soundalias,#fly_qstep_prone_lt_npc_cloth
soundalias,#prj_bullet_impact_glass
soundalias,#hash_735b01b14a89357a
soundalias,#fly_lstep_prone_npc_wood
soundalias,#hash_735cb2c1fc34d827
soundalias,#fly_step_sprint_heavy_plastic
soundalias,#fly_land_plr_glasscar
soundalias,#fly_qstep_crouch_walk_plr_carpet
soundalias,#fly_land_fast_plr_lt_asphalt
soundalias,#hash_736bf9dc7ca511e5
soundalias,#fly_step_sprint_heavy_plaster
soundalias,#fly_tommy_bolt_release
soundalias,#wpn_tr_longburst_uber_killcam_ads_npc
soundalias,#hash_737581a90dd6ad9e
soundalias,#wpn_smg_handling_lh_fire_dist_npc
soundalias,#chr_tinitus_loop
soundalias,#wpn_sniper_powerbolt_fire_plr_decay
soundalias,#fly_slide_plr_ceramic
soundalias,#fly_land_imp_rapid_heavy_watershallow
soundalias,#fly_land_imp_rapid_plr_plastic
soundalias,#exp_hero_bolt
soundalias,#fly_step_run_plr_bodyarmor
soundalias,#wpn_sniper_powerbolt_swat_fire_act_npc
soundalias,#fly_qstep_crouch_run_heavy_carpet
soundalias,#wpn_ar_fastfire_fire_lfe_plr
soundalias,#hash_73a15aa2a1915e82
soundalias,#fly_land_imp_rapid_plr_plaster
soundalias,#fly_vmp_mag_in
soundalias,#fly_land_fast_plr_lt_snow
soundalias,#hash_73b66a25abec1fe4
soundalias,#fly_step_sprint_heavy_dirt
soundalias,#fly_melee_imp_battleshield_npc_cloth
soundalias,#hash_73bdb8d7c1dce07f
soundalias,#vox_event_magicbox_ward_0
soundalias,#fly_qstep_prone_npc_rubber
soundalias,#wpn_pistol_fullauto_ads_killcam_plr
soundalias,#hash_73d769f1543f9c98
soundalias,#fly_slide_plr_dirt
soundalias,#zmb_rush_defend_start
soundalias,#phy_impact_hard_glass
soundalias,#wpn_smg_standard_act_plr
soundalias,#zmb_step_standard_sprint_glasscar
soundalias,#fly_smg_standard_mag_in_npc
soundalias,#fly_melee_imp_battleshield_metal
soundalias,#hash_73e7bd86a0d9a549
soundalias,#fly_qstep_crouch_run_plr_sand
soundalias,#fly_takeoff_npc_flesh
soundalias,#fly_step_run_lt_npc_metalhollow
soundalias,#wpn_mini14_uber_lfe_killcam_npc
soundalias,#vox_rush_incoming_heavy_rush_0
soundalias,#hash_73fb61eaec8c133b
soundalias,#vox_event_dogstart_zmba_0
soundalias,#zmb_step_blight_run_foliage
soundalias,#fly_land_fast_npc_lt_paper
soundalias,#fly_pistol_revolver_spin
soundalias,#zmb_bgb_mindblown_pop
soundalias,#fly_land_imp_fast_plr_metal
soundalias,#wpn_tr_longburst_lfe_plr
soundalias,#fly_step_crouch_run_lt_npc_rock
soundalias,#prj_brass_impact_large_carpet
soundalias,#wpn_smg_accurate_uber_lfe_npc
soundalias,#prj_bullet_impact_xtreme_cushion
soundalias,#pfx_steam_large
soundalias,#wpn_ar_fastfire_uber_act_killcam_npc
soundalias,#fly_land_slow_plr_lt_cushion
soundalias,#zmb_powerup_grabbed
soundalias,#fly_land_imp_rapid_plr_bark
soundalias,#prj_brass_impact_wraith_metalhollow
soundalias,#fly_an94_mag_out_npc
soundalias,#vox_rush_wardens_rush_0
soundalias,#mpl_splash_death
soundalias,#fly_step_crouch_run_plr_glassbroken
soundalias,#fly_step_brush_enter
soundalias,#fly_stance_prone2crouch_lt_plr
soundalias,#fly_step_run_lt_plr_plaster
soundalias,#fly_qstep_crouch_walk_lt_npc_metalcatwalk
soundalias,#fly_lgear_sprint_npc
soundalias,#hash_74489aac342af0ce
soundalias,#wpn_shotgun_flux_l_plr_pap
soundalias,#zmb_ai_bfather_spawn_burst
soundalias,#fly_step_sprint_npc_asphalt
soundalias,#fly_stance_prone2crouch_lt_plr_rubber
soundalias,#wpn_lmg_spray_sup_lfe1_npc
soundalias,#fly_step_run_lt_plr_plastic
soundalias,#wpn_shotgun_close_decay_npc
soundalias,#exp_dart_rocket_lfe
soundalias,#fly_acnt_sprint_plr
soundalias,#prj_brass_impact_sniper_concrete
soundalias,#hash_745d0425e521ca9f
soundalias,#zmb_bgb_idleeyes_end
soundalias,#hash_7467357783055c77
soundalias,#wpn_pistol_standard_sup_fire_pap_npc
soundalias,#vox_rush_timer_3_rush_0
soundalias,#zmb_bgb_popshocks_impact
soundalias,#vox_rush_extra_life_rush_0
soundalias,#prj_bolt_impact_concrete
soundalias,#fly_qboot_soft_lt_npc
soundalias,#hash_7474de523243d3e7
soundalias,#prj_brass_impact_wraith_glasscar
soundalias,#fly_step_walk_plr_water
soundalias,#zmb_vocals_zombie_pain
soundalias,#wpn_pistol_standard_sup_fire_npc
soundalias,#fly_qland_lt_npc_foliage
soundalias,#wpn_smoke_bounce_default
soundalias,#fly_step_crouch_run_npc_cloth
soundalias,#wpn_lmg_spray_lfe_killcam_plr
soundalias,#hash_748ddfc8d29dc79d
soundalias,#wpn_lmg_stealth_uber_act_plr
soundalias,#fly_qstep_run_lt_npc_ice
soundalias,#wpn_sfb_lfe_npc
soundalias,#chr_health_lowhealth_exit_lfe
soundalias,#wpn_tr_longburst_sup_upg_fire_pap_plr
soundalias,#fly_cloth_land_heavy
soundalias,#prj_bullet_impact_metal_car
soundalias,#fly_land_imp_rapid_plr_bodyarmor
soundalias,#phy_impact_plastic_barrel
soundalias,#fly_smg_capacity_mag_in_npc
soundalias,#wpn_tr_midburst_sup_killcam_fire_npc
soundalias,#fly_powersemi_bolt_forward_npc
soundalias,#fly_qstep_prone_plr_bark
soundalias,#fly_start_wall_lt_plr_glassbulletproof
soundalias,#fly_step_run_lt_plr_metalcar
soundalias,#hash_74aea58b73aa0f03
soundalias,#fly_step_foliage_npc
soundalias,#wpn_concussion_pin_pull
soundalias,#wpn_generic_wpn_bounce_concrete
soundalias,#fly_qstep_walk_npc_metalthin
soundalias,#fly_qstep_crouch_run_plr_fruit
soundalias,#fly_step_sprint_lt_npc_metalcatwalk
soundalias,#fly_qstep_sprint_npc_paintedmetal
soundalias,#wpn_smg_flux_r_plr_pap
soundalias,#fly_smg_folding_first_raise
soundalias,#fly_end_wall_lt_plr_metal
soundalias,#fly_land_heavy_water
soundalias,#fly_land_fast_plr_heavy_glasscar
soundalias,#zmb_bgb_self_medication_swt
soundalias,#wpn_ar_fastfire_fire_npc
soundalias,#wpn_pistol_standard_fire_act_plr
soundalias,#fly_qstep_crouch_walk_heavy_carpet
soundalias,#fly_qstep_crouch_run_plr_snow
soundalias,#fly_qstep_crouch_run_lt_plr_cloth
soundalias,#zmb_step_standard_run_dirt
soundalias,#fly_step_prone_lt_plr_bodyarmor
soundalias,#fly_land_imp_rapid_lt_plr_glasscar
soundalias,#wpn_tr_powersemi_ads_npc
soundalias,#fly_qstep_prone_plr_plastic
soundalias,#fly_qstep_crouch_walk_heavy_flesh
soundalias,#fly_step_crouch_run_lt_plr_default
soundalias,#zmb_bgb_eyecandy_2
soundalias,#zmb_bgb_eyecandy_3
soundalias,#zmb_bgb_eyecandy_0
soundalias,#zmb_bgb_eyecandy_1
soundalias,#fly_qstep_run_heavy_metalcatwalk
soundalias,#fly_qstep_prone_plr_plaster
soundalias,#fly_lstep_walk_npc_metalhollow
soundalias,#hash_74fbbbe8eb7ba9b4
soundalias,#fly_qstep_crouch_run_plr_water
soundalias,#fly_gear_run_stop_lt_npc
soundalias,#pfx_flies
soundalias,#wpn_tr_longburst_sup_upg_act_plr
soundalias,#fly_qstep_run_lt_plr_ceramic
soundalias,#zmb_step_blight_walk_carpet
soundalias,#fly_step_crouch_walk_plr_foliage
soundalias,#fly_leap_sprint_lt_plr_grass
soundalias,#wpn_shotgun_trenchgun_fire_npc_pap
soundalias,#hash_7517d752ed4c5629
soundalias,#fly_stance_prone2crouch_lt_plr_cloth
soundalias,#zmb_step_standard_run_flesh
soundalias,#fly_step_walk_heavy_metal
soundalias,#fly_step_walk_heavy_flesh
soundalias,#fly_step_run_heavy_dirt
soundalias,#wpn_smg_handling_sup_rh_ads_plr
soundalias,#fly_step_prone_heavy_concrete
soundalias,#wpn_grenade_bounce_plastic
soundalias,#fly_lstep_sprint_npc_snow
soundalias,#fly_qstep_crouch_run_heavy_plastic
soundalias,#pfx_dirt_fall
soundalias,#wpn_rocket_explode_decay
soundalias,#hash_752f186e742e0b70
soundalias,#evt_player_swiped_victim
soundalias,#hash_7531ddd3a5d84d73
soundalias,#chr_water_impact_m_plr
soundalias,#hash_7540f5905279643b
soundalias,#wpn_pistol_burst_sup_lfe
soundalias,#wpn_grenade_bounce_plaster
soundalias,#fly_acnt_walk_npc
soundalias,#fly_land_slow_npc_lt_carpet
soundalias,#fly_qstep_walk_lt_npc_brick
soundalias,#fly_qstep_crouch_run_heavy_plaster
soundalias,#wpn_smg_capacity_uber_ads_killcam_npc
soundalias,#hash_75552cb3fe59c4f0
soundalias,#wpn_ar_standard_silencer_lfe_killcam_npc
soundalias,#fly_qstep_walk_heavy_mud
soundalias,#fly_melee_swipe_victim_sword_h_swt
soundalias,#fly_lstep_run_lt_npc_ice
soundalias,#fly_lstep_prone_npc_carpet
soundalias,#fly_step_walk_npc_grass
soundalias,#fly_land_imp_rapid_plr_rock
soundalias,#wpn_concussion_bounce_metal
soundalias,#chr_swimming_uw_exit_plr
soundalias,#vox_powerup_nuke_prst_0
soundalias,#fly_land_imp_fast_plr_dirt
soundalias,#hash_7573f24e8dc9db95
soundalias,#wpn_ar_galil_sup_lfe_npc
soundalias,#fly_lstep_prone_lt_npc_mud
soundalias,#hash_7574b86409e7bfba
soundalias,#fly_step_sprint_plr_metalhollow
soundalias,#fly_land_fast_npc_heavy_ice
soundalias,#fly_step_wall_lt_plr_paintedmetal
soundalias,#hash_7581c97588a52fcc
soundalias,#fly_step_run_lt_npc_glasscar
soundalias,#fly_takeoff_heavy_tallgrass
soundalias,#fly_bump_branch
soundalias,#hash_758748653eb6f3dd
soundalias,#hash_7589ddd2129a12da
soundalias,#fly_step_walk_lt_plr_cushion
soundalias,#wpn_lmg_standard_fire_dist_npc
soundalias,#wpn_smg_accurate_sup_act_killcam_npc
soundalias,#fly_swt_run_heavy
soundalias,#fly_step_crouch_run_lt_npc_tallgrass
soundalias,#vox_rush_last_dropped_rush_0
soundalias,#hash_7596565f5766c82c
soundalias,#fly_land_fast_npc_heavy_metalthin
soundalias,#hash_75a3ce9f71c6187a
soundalias,#fly_step_walk_lt_npc_metalcar
soundalias,#prj_bullet_impact_xtreme_paintedmetal
soundalias,#fly_land_imp_rapid_plr_flesh
soundalias,#fly_step_sprint_lt_plr_metalcatwalk
soundalias,#prj_brass_impact_plr_gren_case_paintedmetal
soundalias,#fly_qstep_sprint_heavy_gravel
soundalias,#zmb_vapor_electriccherry_activate
soundalias,#hash_75bc55cd943a5f61
soundalias,#hash_75c25aa726f789d8
soundalias,#hash_75c470c6fb775c30
soundalias,#hash_75c54ce9e7ec7c8e
soundalias,#hash_75cec326abaf5e2e
soundalias,#wpn_ar_damage_fire_pap_plr
soundalias,#prj_bullet_impact_xtreme_crate
soundalias,#hash_75d43dbd904a7b64
soundalias,#wpn_smg_standard_silencer_act_npc
soundalias,#wpn_smg_handling_sup_lh_fire_npc
soundalias,#wpn_tr_midburst_lfe_plr
soundalias,#zmb_step_blight_walk_bodyarmor
soundalias,#fly_qstep_crouch_walk_lt_plr_rubber
soundalias,#fly_start_wall_lt_plr_hard
soundalias,#wpn_lmg_stealth_sup_act_killcam_npc
soundalias,#fly_end_wall_lt_plr_water
soundalias,#wpn_ar_galil_sup_fire_killcam_plr
soundalias,#dst_car_bullet_impact
soundalias,#fly_boot_land_medium_plr
soundalias,#hash_760be8a414975f03
soundalias,#fly_snipe_fast_first_raise
soundalias,#fly_step_crouch_walk_plr_glass
soundalias,#zmb_step_crouch_run_npc_brick
soundalias,#hash_76164152ac00f499
soundalias,#wpn_wwmelee_swing_npc
soundalias,#pfx_lrg_rock_impact
soundalias,#wpn_lmg_heavy_act_npc
soundalias,#fly_step_prone_npc_rock
soundalias,#fly_qstep_run_plr_brick_swt
soundalias,#prj_bulletspray_impact_plate
soundalias,#fly_crossbow_first_raise_npc
soundalias,#prj_bulletspray_impact_dirt
soundalias,#hash_762f1a12ce841811
soundalias,#prj_bullet_debris_plaster
soundalias,#fly_boot_plr
soundalias,#wpn_generic_clip_bounce_ice
soundalias,#fly_boot_lt_npc
soundalias,#fly_takeoff_heavy_paper
soundalias,#fly_land_npc_water
soundalias,#wpn_lmg_stealth_uber_sup_fire_pap_npc
soundalias,#wpn_ar_standard_silencer_fire_npc
soundalias,#fly_shotgun_pump_shell_in_npc
soundalias,#wpn_smg_folding_act_plr
soundalias,#wpn_smg_capacity_uber_rapid_ads_killcam_npc
soundalias,#wpn_smg_versatile_rapid_act_plr
soundalias,#fly_qstep_sprint_npc_brick
soundalias,#zmb_step_standard_sprint_bodyarmor
soundalias,#zmb_step_standard_walk_paper
soundalias,#wpn_shotgun_semiauto_fire_npc_pap
soundalias,#wpn_lmg_standard_fire_killcam_plr
soundalias,#fly_qstep_sprint_lt_npc_brick
soundalias,#wpn_tr_damageburst_sup_act_plr
soundalias,#fly_qstep_prone_heavy_bodyarmor
soundalias,#fly_step_crouch_run_npc_flesh
soundalias,#fly_step_walk_heavy_carpet
soundalias,#hash_766d98322db5ad49
soundalias,#fly_qstep_run_lt_npc_rubber
soundalias,#fly_qstep_walk_npc_fruit
soundalias,#zmb_bgb_plainsight_start_plr
soundalias,#hash_7672fb324781ed40
soundalias,#fly_slide_npc_bark
soundalias,#wpn_smg_handling_sup_rh_ads_killcam_npc
soundalias,#fly_land_slow_plr_lt_glassbulletproof
soundalias,#fly_lstep_crouch_walk_lt_npc_rubber
soundalias,#hash_76786ebda1b32302
soundalias,#fly_qstep_crouch_walk_heavy_default
soundalias,#fly_land_fast_npc_lt_mud
soundalias,#wpn_smg_dryfire_plr
soundalias,#hash_768e4675279fd741
soundalias,#fly_step_crouch_walk_lt_npc_carpet
soundalias,#fly_qstep_crouch_walk_npc_metalcatwalk
soundalias,#wpn_lmg_heavy_uber_act_npc
soundalias,#prj_bullet_debris_metal
soundalias,#fly_land_fast_npc_heavy_asphalt
soundalias,#prj_bullet_debris_dirt
soundalias,#fly_step_crouch_walk_lt_npc_bark
soundalias,#fly_smg_accurate_bolt_back_npc
soundalias,#fly_qstep_walk_heavy_brick
soundalias,#hash_76a30cadb0de376f
soundalias,#fly_snipe_damagesemi_mag_in
soundalias,#fly_step_run_npc_cloth
soundalias,#fly_pistol_burst_mag_out_npc
soundalias,#wpn_ar_stealth_rapid_lfe_killcam_plr
soundalias,#zmb_step_blight_run_water
soundalias,#fly_lboot_run_lt_npc
soundalias,#wpn_shotgun_precision_fire_act_npc
soundalias,#fly_step_shells_npc
soundalias,#fly_step_run_plr_metalthin
soundalias,#wpn_pistol_revolver_lfe
soundalias,#wpn_lmg_stealth_uber_fire_pap_plr
soundalias,#hash_76b81efa56accd04
soundalias,#wpn_ar_accurate_lfe_killcam_plr
soundalias,#wpn_generic_wpn_bounce_default
soundalias,#fly_land_npc_damage
soundalias,#zmb_step_standard_walk_brick
soundalias,#wpn_grenade_bounce_paper
soundalias,#wpn_lmg_stealth_ads_plr
soundalias,#fly_qstep_crouch_walk_npc_watershallow
soundalias,#wpn_smg_handling_rh_fire_pap_npc
soundalias,#wpn_smg_minigun_start_npc
soundalias,#hash_76d6aa5c69fd8795
soundalias,#vox_rush_firesale_rush_0
soundalias,#fly_lstep_sprint_lt_npc_paintedmetal
soundalias,#prj_brass_impact_sniper_fruit
soundalias,#fly_land_fast_plr_heavy_bodyarmor
soundalias,#fly_smg_fastfire_bolt_release
soundalias,#pfx_t8_spark_sm
soundalias,#prj_bulletspray_impact_metal_car
soundalias,#fly_qstep_crouch_run_lt_npc_grass
soundalias,#wpn_ar_accurate_act_npc
soundalias,#fly_qstep_crouch_run_lt_plr_snow
soundalias,#hash_76ef7b326512e734
soundalias,#zmb_bgb_mindblown_sizzle
soundalias,#wpn_melee_pistol_whoosh_plr
soundalias,#fly_lstep_crouch_run_npc_watershallow
soundalias,#hash_76f3610d44ee9895
soundalias,#fly_step_sprint_npc_paper
soundalias,#wpn_mini14_fire_plr
soundalias,#hash_76fdf01024356b15
soundalias,#fly_takeoff_heavy_bodyarmor
soundalias,#fly_step_prone_plr_rock
soundalias,#fly_qcloth_sprint_npc
soundalias,#fly_takeoff_lt_npc_watershallow
soundalias,#fly_qstep_prone_plr_wood
soundalias,#fly_ballistic_knife_reload
soundalias,#fly_melee_lungealt_player_knife
soundalias,#fly_lmg_standard_mag_unlock_npc
soundalias,#wpn_smg_folding_sup_act_killcam_plr
soundalias,#fly_bump_cupboard
soundalias,#fly_land_npc_fruit
soundalias,#fly_qstep_crouch_run_lt_plr_flesh
soundalias,#hash_772a669736a2058f
soundalias,#hash_772ab13062131d53
soundalias,#hash_772ab23062131f06
soundalias,#hash_772d382b4b7ec727
soundalias,#fly_step_walk_lt_plr_default
soundalias,#hash_773687faa30e86c0
soundalias,#wpn_tr_longburst_uber_killcam_lfe_plr
soundalias,#fly_step_prone_npc_sand
soundalias,#fly_qstep_walk_plr_watershallow
soundalias,#fly_step_walk_lt_npc_sand
soundalias,#fly_end_wall_lt_plr_dirt
soundalias,#fly_riotshield_zm_impact_zombies
soundalias,#fly_bump_phone_booth
soundalias,#fly_step_crouch_walk_lt_plr_watershallow
soundalias,#zmb_cha_ching_loud
soundalias,#wpn_smg_capacity_rapid_lfe_npc
soundalias,#wpn_smg_versatile_lfe_killcam_plr
soundalias,#hash_77681032a92712e1
soundalias,#hash_77685dbe32665d47
soundalias,#fly_qstep_prone_plr_tallgrass
soundalias,#fly_slide_heavy_bodyarmor
soundalias,#prj_bullet_metal_ricochet
soundalias,#prj_bolt_impact_headshot
soundalias,#prj_bulletspray_debris_rock
soundalias,#fly_qstep_prone_lt_plr_wood
soundalias,#bik_zm_voyage_load_c
soundalias,#fly_land_imp_fast_plr_flesh
soundalias,#fly_qstep_prone_lt_npc_wood
soundalias,#fly_step_run_lt_npc_fruit
soundalias,#fly_qstep_prone_heavy_metalthin
soundalias,#fly_step_metal
soundalias,#phy_impact_foliage_flesh
soundalias,#fly_snipe_mini14_bolt_back
soundalias,#zmb_step_standard_sprint_gravel
soundalias,#fly_step_wall_lt_plr_ceramic
soundalias,#hash_77940582c8b497e5
soundalias,#wpn_generic_clip_bounce_brick
soundalias,#zmb_cha_ching
soundalias,#prj_brass_impact_sniper_glass
soundalias,#hash_779f7761e3796d1b
soundalias,#fly_qstep_prone_npc_carpet
soundalias,#wpn_ar_damage_act_plr
soundalias,#fly_melee_lunge_victim_rifle
soundalias,#prj_hatchet_impact_glass
soundalias,#fly_bump_bike
soundalias,#fly_qstep_crouch_walk_lt_plr_water
soundalias,#fly_land_slow_plr_lt_paintedmetal
soundalias,#hash_77bbce60ff9de838
soundalias,#fly_land_imp_fast_lt_plr_paper
soundalias,#wpn_grenade_bounce_carpet
soundalias,#fly_crossbow_reload
soundalias,#wpn_lmg_standard_act_killcam_npc
soundalias,#fly_lmg_mk48_mag_in_npc
soundalias,#fly_qstep_crouch_walk_lt_npc_brick
soundalias,#hash_77ce9306b948dda3
soundalias,#wpn_ar_peacekeeper_fire_killcam_npc
soundalias,#fly_qstep_sprint_npc_water
soundalias,#fly_lstep_run_lt_npc_asphalt
soundalias,#fly_slide_lt_plr_water
soundalias,#fly_end_wall_lt_plr_watershallow
soundalias,#fly_step_crouch_run_plr_rock
soundalias,#fly_qstep_run_lt_plr_metalhollow
soundalias,#fly_land_plr_dirt
soundalias,#chr_health_lowhealth_enter
soundalias,#wpn_generic_wpn_bounce_rubber
soundalias,#hash_77ff9858b3d9f45e
soundalias,#fly_smg_folding_mag_out_npc
soundalias,#wpn_ar_damage_fire_killcam_npc
soundalias,#fly_qstep_run_lt_npc_cushion
soundalias,#fly_step_crouch_run_lt_plr_grass
soundalias,#wpn_smg_thompson_fire_dist_npc
soundalias,#hash_780eb56539502a18
soundalias,#hash_780fdef830b81679
soundalias,#hash_781121cee8e0c895
soundalias,#fly_lstep_sprint_lt_npc_wood
soundalias,#fly_step_puddle_move_plr
soundalias,#wpn_smg_minigun_fire_stop_npc
soundalias,#wpn_smg_handling_lh_fire_pap_npc
soundalias,#hash_781f97aebb7a4da8
soundalias,#wpn_lmg_heavy_ads_killcam_plr
soundalias,#wpn_lmg_int_augment_loop_npc
soundalias,#fly_step_crouch_run_lt_npc_watershallow
soundalias,#fly_takeoff_lt_plr_gravel
soundalias,#wpn_ar_stealth_sup_act_plr
soundalias,#wpn_smg_versatile_flux_r_npc_pap
soundalias,#fly_step_wall_lt_plr_ice
soundalias,#fly_qstep_walk_npc_cushion
soundalias,#fly_land_heavy_rubber
soundalias,#fly_land_fast_plr_lt_metalcar
soundalias,#fly_step_sprint_npc_metalthin
soundalias,#fly_slide_lt_npc_glass
soundalias,#fly_lstep_prone_lt_npc_water
soundalias,#wpn_ar_an94_ads_killcam_plr
soundalias,#fly_trav_over_sideways_right
soundalias,#fly_step_wall_lt_plr_carpet
soundalias,#wpn_smg_handling_ads_killcam_npc
soundalias,#hash_784949219d3c17e6
soundalias,#fly_leap_sprint_lt_plr_glasscar
soundalias,#zmb_step_crouch_run_npc_mud
soundalias,#fly_boot_run_heavy
soundalias,#fly_lstep_crouch_walk_npc_fruit
soundalias,#fly_end_wall_lt_plr_tallgrass
soundalias,#fly_qstep_prone_plr_dirt
soundalias,#vox_rush_timer_10_rush_0
soundalias,#fly_land_lt_plr_hard
soundalias,#bik_ct_tutoseraph_loadingmovie
soundalias,#fly_step_prone_heavy_rubber
soundalias,#fly_slide_npc_concrete
soundalias,#hash_7878865e42c5c712
soundalias,#fly_land_imp_rapid_heavy_glass
soundalias,#wpn_ar_fastfire_uber_act_killcam_plr
soundalias,#wpn_ar_galil_sup_fire_npc
soundalias,#fly_qstep_walk_lt_plr_foliage
soundalias,#fly_qstep_sprint_lt_plr_metalhollow
soundalias,#fly_qstep_crouch_walk_lt_plr_fruit
soundalias,#hash_7895481930e0ecbd
soundalias,#phy_impact_metal_flesh
soundalias,#fly_ar_stealth_tap
soundalias,#fly_pistol_auto_slide_back_npc
soundalias,#fly_slide_lt_plr_rubber
soundalias,#wpn_tr_longburst_uber_killcam_ads_plr
soundalias,#chr_swimming_ow_enter_plr
soundalias,#fly_step_crouch_walk_lt_plr_mud
soundalias,#fly_mann_limb_bounce_glass
soundalias,#wpn_ar_peacekeeper_sup_act_killcam_plr
soundalias,#zmb_step_blight_run_snow
soundalias,#zmb_step_standard_walk_tallgrass
soundalias,#wpn_tr_damageburst_fire_pap_plr
soundalias,#phy_impact_plastic_small
soundalias,#wpn_lmg_heavy_fire_pap_plr
soundalias,#hash_78bd6c84a567b714
soundalias,#wpn_smg_fastfire_fire_killcam_npc
soundalias,#fly_qstep_prone_lt_plr_grass
soundalias,#fly_land_imp_fast_lt_plr_fruit
soundalias,#fly_land_lt_npc_brick
soundalias,#hash_78cc70fde0caf9a9
soundalias,#fly_leap_sprint_lt_plr_snow
soundalias,#fly_takeoff_lt_plr_carpet
soundalias,#zmb_ai_bfather_gas_attack
soundalias,#fly_demo_hammer_inspect_105_npc
soundalias,#wpn_generic_wpn_bounce_foliage
soundalias,#fly_melee_lunge_player_fist
soundalias,#fly_snipe_fast_cyl_out_npc
soundalias,#fly_pistol_burst_mag_out
soundalias,#wpn_pistol_topbreak_fire_plr
soundalias,#chr_tinitus_status_loop_end
soundalias,#hash_78ea25347b34a879
soundalias,#fly_step_twig_plr
soundalias,#fly_step_wall_lt_plr_bodyarmor
soundalias,#fly_snipe_locus_mag_out
soundalias,#fly_slide_npc_metalcar
soundalias,#hash_78f4297a28091f71
soundalias,#fly_qstep_run_npc_metalcar
soundalias,#fly_slide_plr_ice
soundalias,#fly_qstep_crouch_run_npc_grass
soundalias,#fly_qstep_sprint_plr_rock_swt
soundalias,#prj_bullet_impact_xtreme_rubber
soundalias,#fly_qstep_crouch_walk_heavy_concrete
soundalias,#hash_790f642f2ebf615f
soundalias,#wpn_shotgun_fire_plr_decay
soundalias,#zmb_step_catalyst_run_default
soundalias,#chr_burn_start_light
soundalias,#wpn_smg_capacity_act_killcam_plr
soundalias,#wpn_ar_peacekeeper_fire_dist_npc
soundalias,#vox_rush_hellhound_rush_0
soundalias,#fly_qstep_crouch_walk_lt_plr_watershallow
soundalias,#hash_79268e4d2cffe909
soundalias,#fly_lstep_crouch_run_lt_npc_tallgrass
soundalias,#hash_792eb58e78dbad60
soundalias,#fly_cloth_land_npc
soundalias,#wpn_lmg_standard_fire_uber_killcam_plr
soundalias,#wpn_pistol_standard_fire_act_last_plr
soundalias,#fly_thunder_lock
soundalias,#wpn_ar_an94_sup_fire_killcam_npc
soundalias,#wpn_tr_longburst_lfe_npc
soundalias,#fly_land_slow_npc_lt_plastic
soundalias,#fly_lstep_walk_npc_sand
soundalias,#hash_7944c76d5ca6815e
soundalias,#fly_start_wall_lt_plr_grass
soundalias,#fly_melee_swipe_player_sword_h
soundalias,#mpl_turret_exp_close
soundalias,#hash_79526b015b528fb7
soundalias,#hash_79540273e57db5d5
soundalias,#fly_qstep_prone_heavy_cloth
soundalias,#fly_melee_imp_fist_npc_metalcar
soundalias,#fly_step_sprint_npc_foliage
soundalias,#fly_an94_bolt_release_npc
soundalias,#fly_pistol_auto_slide_forward_npc
soundalias,#wpn_smg_capacity_uber_rapid_lfe_plr
soundalias,#fly_land_slow_npc_lt_plaster
soundalias,#fly_land_plr_carpet_sec
soundalias,#wpn_lmg_stealth_lfe_killcam_plr
soundalias,#hash_796d421c54b989a0
soundalias,#hash_796e259a299f8d2b
soundalias,#fly_step_sprint_heavy_snow
soundalias,#fly_qstep_crouch_run_lt_npc_plaster
soundalias,#fly_land_imp_med_lt_plr_wood
soundalias,#fly_step_crouch_run_plr_glassbulletproof
soundalias,#hash_797a6b1c54c459a7
soundalias,#fly_lboot_soft_run_npc
soundalias,#fly_step_sprint_heavy_foliage
soundalias,#wpn_damagesemi_lfe_npc
soundalias,#hash_798b2b9c43b4e5f4
soundalias,#vox_powerup_carpenter_avoa_0
soundalias,#fly_step_sprint_lt_plr_tallgrass
soundalias,#fly_qstep_crouch_walk_npc_metalthin
soundalias,#wpn_smg_vtile_rapid_sup_ads_plr
soundalias,#fly_qstep_crouch_run_lt_npc_plastic
soundalias,#fly_step_crouch_walk_lt_plr_cushion
soundalias,#fly_38_latch
soundalias,#phy_floor_pool_ball
soundalias,#wpn_ar_accurate_lfe_plr
soundalias,#wpn_smoke_pull_pin_pop
soundalias,#hash_79b1734c9e566b57
soundalias,#hash_79b59a46a76a19f0
soundalias,#zmb_step_standard_run_glasscar
soundalias,#wpn_ar_standard_silencer_fire_killcam_npc
soundalias,#wpn_generic_clip_bounce_wood
soundalias,#fly_lstep_sprint_lt_npc_flesh
soundalias,#prj_brass_impact_gren_case_concrete
soundalias,#fly_land_heavy_bark
soundalias,#zmb_vocals_zombie_ambient
soundalias,#wpn_pistol_standard_fire_ads_last_plr
soundalias,#zmb_step_blight_walk_glassbulletproof
soundalias,#wpn_lmg_stealth_uber_fire_killcam_plr
soundalias,#hash_79f00654f3c06256
soundalias,#fly_land_fast_npc_heavy_water
soundalias,#bik_ct_skirmishhteamdeathmatch_loadingmovie
soundalias,#fly_land_imp_rapid_plr_brick
soundalias,#fly_melee_swipealt_player_sword
soundalias,#fly_qstep_run_plr_watershallow
soundalias,#wpn_smg_minigun_fire_stop_dist_npc
soundalias,#wpn_smg_folding_sup_lfe_killcam_plr
soundalias,#fly_step_walk_plr_plaster
soundalias,#hash_79fced3c02a68283
soundalias,#fly_bump_toolbox
soundalias,#hash_7a05917ba254fe37
soundalias,#fly_step_walk_plr_plastic
soundalias,#wpn_smg_versatile_rapid_lfe_killcam_plr
soundalias,#vox_rush_destroyer_rush_0
soundalias,#hash_7a159ee3ca0e2ae4
soundalias,#wpn_ar_damage_ads_killcam_npc
soundalias,#fly_land_lt_plr_plaster_sec
soundalias,#fly_takeoff_lt_npc_tallgrass
soundalias,#fly_riotshield_melee_recover
soundalias,#fly_takeoff_lt_npc_fruit
soundalias,#fly_land_lt_plr_cushion
soundalias,#fly_ar_standard_mag_in
soundalias,#fly_step_wall_lt_plr_tallgrass
soundalias,#fly_step_crouch_run_plr_tallgrass
soundalias,#wpn_smg_minigun_stop_plr
soundalias,#fly_step_sprint_npc_metalcar
soundalias,#wpn_lmg_double_lfe1_npc
soundalias,#prj_crossbow_impact_rubber
soundalias,#wpn_smg_versatile_rapid_ads_killcam_plr
soundalias,#zmb_ai_catalyst_water_death_lfe
soundalias,#zmb_step_crouch_walk_npc_wood
soundalias,#hash_7a3f11d83a3345c7
soundalias,#prj_brass_impact_plr_gren_case_mud
soundalias,#fly_step_prone_lt_plr_glasscar
soundalias,#prj_bolt_impact_brick
soundalias,#fly_land_heavy_metalcar
soundalias,#zmb_step_crouch_run_npc_gravel
soundalias,#hash_7a52bf7426055534
soundalias,#wpn_lmg_stealth_uber_sup_act_killcam_npc
soundalias,#fly_land_fast_plr_lt_cushion
soundalias,#wpn_smg_vtile_rapid_sup_lfe
soundalias,#wpn_smg_handling_rh_fire_killcam_npc
soundalias,#wpn_smg_handling_sup_lh_fire_killcam_npc
soundalias,#fly_step_truck_move
soundalias,#fly_step_walk_npc_metalcatwalk
soundalias,#fly_step_walk_npc_rock
soundalias,#wpn_lmg_decay_bright_plr
soundalias,#wpn_ar_fastfire_uber_ads_killcam_plr
soundalias,#fly_land_plr_lt_asphalt
soundalias,#wpn_smg_capacity_uber_act_killcam_npc
soundalias,#fly_qstep_crouch_run_plr_metalcatwalk
soundalias,#zmb_step_blight_walk_cloth
soundalias,#fly_qstep_sprint_plr_foliage
soundalias,#hash_7a86bbf188b820cc
soundalias,#hash_7a8770e5101d1850
soundalias,#fly_land_slow_npc_heavy_glassbulletproof
soundalias,#zmb_vocals_bfather_ambient
soundalias,#fly_slide_heavy_bark
soundalias,#fly_lstep_prone_npc_ice
soundalias,#fly_qstep_sprint_lt_npc_tallgrass
soundalias,#zmb_insta_kill_loop
soundalias,#fly_shotgun_argus_mag_out_npc
soundalias,#fly_ar_damage_bolt_release
soundalias,#fly_lboot_soft_sprint_lt_npc
soundalias,#fly_qstep_walk_lt_npc_cloth
soundalias,#fly_slide_npc_bodyarmor
soundalias,#fly_qstep_sprint_lt_plr_foliage
soundalias,#wpn_tactical_flux_npc_l
soundalias,#fly_38_open_cylinder
soundalias,#fly_qstep_crouch_walk_lt_npc_tallgrass
soundalias,#fly_qstep_walk_lt_plr_metal
soundalias,#wpn_ar_accurate_fire_plr
soundalias,#wpn_smg_fastburst_killcam_act_npc
soundalias,#hash_7abb76c4a67a26d0
soundalias,#fly_step_sprint_lt_plr_wood
soundalias,#zmb_step_standard_walk_glassbulletproof
soundalias,#hash_7ac6db6c861985c9
soundalias,#wpn_ar_mg1909_fire_ads_plr
soundalias,#fly_step_run_heavy_fruit
soundalias,#fly_mag_velcrp_rip
soundalias,#fly_step_crouch_walk_lt_plr_glassbulletproof
soundalias,#hash_7ad11f626a94fdd5
soundalias,#fly_step_crouch_run_heavy_metalthin
soundalias,#vox_rush_perk_deadshot_rush_0
soundalias,#fly_qstep_run_npc_carpet
soundalias,#fly_land_imp_rapid_heavy_carpet
soundalias,#fly_qstep_walk_npc_foliage
soundalias,#wpn_ar_standard_fire_killcam_plr
soundalias,#fly_melee_hit_bot_1_plr
soundalias,#fly_qstep_run_plr_sand
soundalias,#fly_pistol_burst_slide_forward
soundalias,#fly_boot_soft_sprint_plr
soundalias,#fly_step_sprint_plr_flesh
soundalias,#fly_melee_imp_cloth
soundalias,#fly_land_imp_med_plr_glass
soundalias,#fly_start_wall_lt_plr_metalthin
soundalias,#evt_player_death_imp
soundalias,#hash_7afc1accabb610b9
soundalias,#vox_powerup_firesale_avoa_0
soundalias,#wpn_generic_wpn_bounce_rock
soundalias,#wpn_lmg_stealth_belt_npc
soundalias,#wpn_melee_shield_plr_knife
soundalias,#fly_step_prone_plr_glass
soundalias,#fly_step_wall_lt_plr_cloth
soundalias,#fly_slide_heavy_rock
soundalias,#prj_brass_impact_large_metalhollow
soundalias,#prj_bolt_impact_rock
soundalias,#fly_step_walk_plr_default
soundalias,#fly_slide_lt_plr_wood
soundalias,#wpn_pistol_burst_sup_rf_lfe_npc
soundalias,#fly_qstep_crouch_walk_lt_plr_metalcatwalk
soundalias,#prj_brass_impact_gren_case_rock
soundalias,#fly_longburst_mag_in_npc
soundalias,#fly_tesla_sniper_mag_out
soundalias,#zmb_bgb_nysm_start_plr
soundalias,#wpn_mini14_uber_lfe1_npc
soundalias,#fly_slide_lt_npc_metalcar
soundalias,#hash_7b367d7aa3e245a3
soundalias,#zmb_ai_catalyst_corrosive_lp
soundalias,#fly_land_plr_asphalt_sec
soundalias,#wpn_smg_int_augment_loop_npc
soundalias,#zmb_laststand_lp_plr
soundalias,#fly_land_fast_npc_lt_metal
soundalias,#hash_7b44276f2ddc5a8e
soundalias,#hash_7b45127fe2c51817
soundalias,#fly_qstep_crouch_run_lt_npc_brick
soundalias,#wpn_rocket_loop
soundalias,#fly_land_imp_med_plr_brick
soundalias,#wpn_ar_damage_fire_pap_npc
soundalias,#fly_bump_tarp
soundalias,#fly_qstep_crouch_run_lt_npc_asphalt
soundalias,#fly_body_scoot_lt_plr
soundalias,#fly_land_slow_plr_heavy_glass
soundalias,#fly_start_wall_lt_plr_damage
soundalias,#hash_7b6c688ea83b68b8
soundalias,#fly_lstep_crouch_walk_lt_npc_mud
soundalias,#fly_step_crouch_run_lt_npc_flesh
soundalias,#wpn_mini14_uber_fire_pap_plr
soundalias,#fly_land_imp_rapid_lt_plr_ice
soundalias,#wpn_crossbow_fire_npc_pap
soundalias,#hash_7b7d1dd122756bb7
soundalias,#fly_land_slow_npc_lt_glass
soundalias,#wpn_shotgun_trenchgun_fire_dist_npc
soundalias,#hash_7b825f868300ddcb
soundalias,#fly_start_wall_lt_plr_cushion
soundalias,#fly_qstep_sprint_lt_plr_asphalt
soundalias,#wpn_smg_handling_sup_lh_fire_plr
soundalias,#fly_lstep_walk_npc_brick
soundalias,#prj_brass_impact_large_glasscar
soundalias,#wpn_smg_versatile_rapid_act_npc
soundalias,#mpl_death_by_scythe
soundalias,#fly_stance_prone2crouch_lt_plr_glass
soundalias,#hash_7b9617e22158b432
soundalias,#fly_lstep_crouch_walk_lt_npc_tallgrass
soundalias,#fly_takeoff_npc_rock
soundalias,#fly_qstep_crouch_run_plr_rubber
soundalias,#fly_qstep_sprint_heavy_metalhollow
soundalias,#wpn_smg_accurate_lfe_plr
soundalias,#hash_7bad062edf7950c6
soundalias,#fly_step_sprint_lt_npc_default
soundalias,#fly_step_crouch_walk_plr_wood
soundalias,#hash_7bb7bef684a079ac
soundalias,#fly_qstep_walk_heavy_metalcar
soundalias,#fly_land_imp_med_plr_carpet
soundalias,#fly_qstep_walk_plr_dirt
soundalias,#wpn_lmg_stealth_uber_sup_lfe_killcam_npc
soundalias,#fly_mann_limb_bounce_mud
soundalias,#prj_brass_impact_sniper_glassbulletproof
soundalias,#fly_qstep_crouch_run_npc_water
soundalias,#fly_qstep_run_lt_plr_tallgrass
soundalias,#fly_qstep_crouch_walk_npc_cushion
soundalias,#hash_7be7e9fe95d160a4
soundalias,#fly_land_imp_fast_heavy_foliage
soundalias,#fly_tommy_bolt_back
soundalias,#fly_lstep_run_lt_npc_ceramic
soundalias,#wpn_smg_fastfire_act_plr
soundalias,#wpn_smg_vtile_rapid_sup_act_npc
soundalias,#fly_qstep_prone_npc_ice
soundalias,#fly_slide_lt_npc_ice
soundalias,#hash_7c0112f7cd8a1555
soundalias,#hash_7c062e8a1edfbf86
soundalias,#fly_land_imp_fast_lt_plr_bodyarmor
soundalias,#wpn_smg_accurate_uber_killcam_act_npc
soundalias,#wpn_smg_handling_sup_lfe_killcam_plr
soundalias,#fly_land_slow_plr_lt_snow
soundalias,#prj_brass_impact_sniper_flesh
soundalias,#hash_7c20d0c5eaae6dbd
soundalias,#fly_slide_lt_npc_sand
soundalias,#fly_qstep_walk_npc_rubber
soundalias,#fly_land_imp_med_heavy_metalthin
soundalias,#fly_takeoff_lt_plr_metalhollow
soundalias,#fly_step_truck_on
soundalias,#prj_hatchet_impact_sand
soundalias,#fly_step_prone_npc_rubber
soundalias,#wpn_ar_damage_ads_npc
soundalias,#wpn_wwgrenade_impact
soundalias,#fly_step_prone_plr_metalhollow
soundalias,#wpn_tr_longburst_suppressed_killcam_fire_npc
soundalias,#hash_7c36e24eb522177c
soundalias,#prj_brass_impact_sniper_asphalt
soundalias,#fly_step_crouch_walk_lt_plr_bark
soundalias,#fly_qstep_walk_npc_gravel
soundalias,#prj_bullet_impact_xtreme_dirt
soundalias,#wpn_smg_versatile_silencer_lfe
soundalias,#fly_step_sprint_lt_plr_metalcar
soundalias,#hash_7c4fb64335981d04
soundalias,#fly_step_crouch_run_plr_metal
soundalias,#hash_7c5128882f070d07
soundalias,#hash_7c51c4aea27e7e47
soundalias,#fly_gear_sprint_stop_lt_npc
soundalias,#wpn_ar_an94_fire_pap_npc
soundalias,#hash_7c56a1a32c387721
soundalias,#fly_weight_land_heavy
soundalias,#wpn_optic_zoom_in
soundalias,#fly_land_npc_bark
soundalias,#prj_crossbow_impact_paintedmetal
soundalias,#hash_7c61d43ac7e14aeb
soundalias,#fly_qstep_walk_plr_glass
soundalias,#vox_rush_spartoi_rush_0
soundalias,#wpn_tr_leveraction_ads_npc
soundalias,#fly_mann_limb_bounce_paintedmetal
soundalias,#fly_step_crouch_run_plr_metalthin
soundalias,#wpn_ar_peacekeeper_rf_lfe_npc
soundalias,#fly_land_imp_med_lt_plr_sand
soundalias,#zmb_step_blight_run_brick
soundalias,#fly_lmg_standard_mag_slide_out
soundalias,#fly_pistol_burst_slide_back
soundalias,#fly_boot_land_soft_lt_plr
soundalias,#fly_land_imp_rapid_plr_grass
soundalias,#wpn_lmg_spray_sup_fire_killcam_plr
soundalias,#fly_smg_handling_mag_out_npc
soundalias,#wpn_ar_peacekeeper_rf_lfe_killcam_plr
soundalias,#hash_7ca32db6453dd08c
soundalias,#fly_melee_swipe_player_sword_h_swt
soundalias,#fly_land_fast_npc_heavy_gravel
soundalias,#fly_powersemi_mag_in
soundalias,#fly_qland_lt_npc_watershallow
soundalias,#wpn_generic_clip_bounce_sand
soundalias,#prj_brass_impact_plr_gren_case_cushion
soundalias,#wpn_ar_peacekeeper_sup_act_npc
soundalias,#fly_melee_lunge_victim_fist
soundalias,#fly_bump_tarpcrate
soundalias,#chr_swimming_uw_enter_plr
soundalias,#wpn_smg_handling_sup_lh_lfe_killcam_npc
soundalias,#fly_qstep_run_lt_plr_ice
soundalias,#hash_7ce568a0be8be7cf
soundalias,#hash_7cec145a143a4b95
soundalias,#hash_7cefed0b680b315c
soundalias,#wpn_lmg_heavy_rf_fire_killcam_plr
soundalias,#fly_land_fast_plr_heavy_flesh
soundalias,#hash_7cf2009cd736d5d8
soundalias,#fly_takeoff_lt_plr_mud
soundalias,#hash_7cfb2f54c4b9dea9
soundalias,#fly_lstep_walk_npc_water
soundalias,#wpn_smg_capacity_uber_rapid_belt_killcam_plr
soundalias,#wpn_pistol_fullauto_fire_killcam_plr
soundalias,#fly_melee_imp_knife_glass
soundalias,#vox_rush_instakill_rush_0
soundalias,#fly_melee_lungealt_rifle
soundalias,#hash_7d0f15526001a8a1
soundalias,#hash_7d1387efe261fc55
soundalias,#fly_mann_limb_bounce_fruit
soundalias,#fly_gear_walk_stop_lt_npc
soundalias,#hash_7d1c6a54a07653f8
soundalias,#hash_7d1e391196e302ec
soundalias,#wpn_lmg_heavy_fire_plr
soundalias,#wpn_lmg_stealth_sup_belt_plr
soundalias,#hash_7d2666234fb86619
soundalias,#fly_land_slow_plr_lt_gravel
soundalias,#wpn_ar_damage_act_npc
soundalias,#fly_land_fast_npc_lt_metalthin
soundalias,#fly_melee_imp_npc_metalcar
soundalias,#wpn_grenade_launch_bounce_carpet
soundalias,#vox_homun_deploy_exert_homu_0
soundalias,#chr_health_lowhealth_exit
soundalias,#hash_7d38c35ea0d48b35
soundalias,#fly_demo_hammer_inspect_78_npc
soundalias,#fly_step_run_lt_npc_asphalt
soundalias,#fly_qstep_crouch_run_heavy_paper
soundalias,#prj_bullet_impact_gravel
soundalias,#zmb_ai_catalyst_plasma_lp
soundalias,#fly_land_slow_npc_lt_gravel
soundalias,#wpn_generic_wpn_bounce_ice
soundalias,#fly_step_crouch_walk_lt_npc_cloth
soundalias,#fly_land_imp_rapid_heavy_metal
soundalias,#fly_lstep_run_npc_ice
soundalias,#zmb_step_blight_walk_glasscar
soundalias,#fly_lstep_run_lt_npc_tallgrass
soundalias,#wpn_smg_fastfire_uber_act_killcam_plr
soundalias,#fly_step_run_lt_plr_glass
soundalias,#fly_step_sprint_lt_npc_bodyarmor
soundalias,#hash_7d797fedc275a2de
soundalias,#fly_step_walk_lt_npc_default
soundalias,#hash_7d7ab7d507468775
soundalias,#fly_land_imp_fast_lt_plr_watershallow
soundalias,#zmb_ai_catalyst_plasma_explode
soundalias,#wpn_lmg_heavy_rf_lfe_killcam_npc
soundalias,#hash_7d80b97341865a3d
soundalias,#prj_brass_impact_large_metalcar
soundalias,#wpn_smg_fastburst_killcam_lfe_plr
soundalias,#wpn_lmg_stealth_uber_belt_plr
soundalias,#fly_step_crouch_walk_lt_npc_wood
soundalias,#wpn_smg_versatile_silencer_act_killcam_npc
soundalias,#wpn_ar_mg1909_lfe_killcam_npc
soundalias,#fly_end_sci_wall_lt_plr
soundalias,#wpn_tr_powersemi_sup_fire_npc
soundalias,#hash_7d924d2891f82e6d
soundalias,#fly_qstep_crouch_run_lt_npc_flesh
soundalias,#fly_lstep_crouch_run_npc_asphalt
soundalias,#wpn_generic_clip_bounce_cloth
soundalias,#fly_qstep_crouch_walk_lt_plr_carpet
soundalias,#fly_step_walk_lt_npc_brick
soundalias,#hash_7d9e2d0d37f47cdd
soundalias,#hash_7da8829d9fc1f7a4
soundalias,#fly_start_wall_lt_plr_brick
soundalias,#fly_qstep_crouch_run_npc_metalcar
soundalias,#wpn_smg_mp40_fire_pap_npc
soundalias,#wpn_ar_standard_fire_ads_plr
soundalias,#wpn_tr_damageburst_killcam_fire_plr
soundalias,#wpn_smg_capacity_uber_rapid_fire_npc
soundalias,#hash_7dc1ab146412ee5a
soundalias,#fly_step_sprint_lt_plr_sand
soundalias,#fly_step_walk_plr_glassbulletproof
soundalias,#wpn_tr_longburst_ads_plr
soundalias,#fly_step_sprint_lt_npc_paintedmetal
soundalias,#mpl_battleshield_raise_3p
soundalias,#wpn_smg_mp40_lfe_npc
soundalias,#prj_brass_impact_sniper_foliage
soundalias,#fly_land_imp_rapid_heavy_rubber
soundalias,#fly_lmg_double_drum_in_npc
soundalias,#hash_7ddcc86ea0e88e09
soundalias,#wpn_lmg_stealth_uber_lfe_killcam_npc
soundalias,#fly_step_crouch_walk_lt_npc_fruit
soundalias,#zmb_aat_frostbite_explode
soundalias,#hash_7de2a21df37a97ad
soundalias,#zmb_step_standard_sprint_rock
soundalias,#hash_7de593a0f6ed2f19
soundalias,#fly_qstep_run_lt_plr_water
soundalias,#fly_step_run_heavy_cloth
soundalias,#wpn_smg_handling_rh_ads_plr
soundalias,#fly_smg_fastfire_mag_in_npc
soundalias,#fly_qstep_sprint_plr_paintedmetal
soundalias,#fly_lstep_walk_lt_npc_brick
soundalias,#fly_step_crawler
soundalias,#fly_snipe_mini14_bolt_back_npc
soundalias,#hash_7e01de7cf0aa4995
soundalias,#wpn_smoke_sparks_close
soundalias,#hash_7e070e6a240d01ee
soundalias,#fly_pistol_auto_slide_forward
soundalias,#hash_7e1352f15e1c09a7
soundalias,#fly_lstep_sprint_npc_glasscar
soundalias,#fly_land_imp_med_lt_plr_flesh
soundalias,#fly_qstep_run_heavy_bodyarmor
soundalias,#fly_qstep_sprint_npc_flesh
soundalias,#wpn_ar_fastfire_uber_fire_act_plr
soundalias,#fly_land_imp_rapid_lt_plr_sand
soundalias,#wpn_pistol_flux_r_pap_plr
soundalias,#zmb_step_crouch_run_npc_watershallow
soundalias,#hash_7e2356d01fc828bb
soundalias,#hash_7e2ad9899c60d0b7
soundalias,#hash_7e2ae1ebaa3e1eb8
soundalias,#hash_7e3305f2e52d8f6e
soundalias,#hash_7e3bce7ae6de3bb8
soundalias,#hash_7e4026a826b75576
soundalias,#fly_qstep_run_lt_plr_snow
soundalias,#hash_7e4f37505d7cda38
soundalias,#wpn_ar_modular_fire_killcam_plr
soundalias,#fly_qstep_crouch_run_plr_paper
soundalias,#fly_boot_sprint_igc_lt_plr
soundalias,#fly_land_imp_med_plr_gravel
soundalias,#amb_rattle_glass_crack
soundalias,#fly_step_prone_lt_plr_glass
soundalias,#hash_7e75d1f578181db6
soundalias,#hash_7e765437dc486041
soundalias,#prj_bullet_impact_ceramic
soundalias,#wpn_smg_minigun_stop_npc
soundalias,#hash_7e8ed4124d6bce65
soundalias,#fly_boot_land_soft_heavy
soundalias,#fly_step_walk_heavy_tallgrass
soundalias,#zmb_step_crouch_run_npc_metalcatwalk
soundalias,#fly_step_walk_plr_ice
soundalias,#chr_tinitus_status_loop
soundalias,#prj_bullet_impact_dist_wood
soundalias,#hash_7eaf6fa573d9efe1
soundalias,#fly_step_run_lt_plr_tallgrass
soundalias,#fly_takeoff_lt_npc_glassbulletproof
soundalias,#zmb_step_standard_run_default
soundalias,#fly_step_crouch_run_npc_glasscar
soundalias,#fly_melee_imp_knife
soundalias,#fly_qstep_sprint_lt_plr_fruit
soundalias,#fly_qstep_crouch_walk_heavy_tallgrass
soundalias,#wpn_tr_longburst_uber_fire_npc
soundalias,#fly_qstep_run_npc_ceramic
soundalias,#fly_lstep_sprint_lt_npc_metalcatwalk
soundalias,#zmb_step_crouch_run_npc_bodyarmor
soundalias,#wpn_revolver_dryfire_plr
soundalias,#fly_land_imp_rapid_lt_plr_plaster
soundalias,#fly_boot_lt_plr
soundalias,#hash_7edb4be516b918aa
soundalias,#fly_land_imp_rapid_lt_plr_plastic
soundalias,#fly_lmg_double_pull
soundalias,#zmb_step_blight_run_watershallow
soundalias,#fly_thunder_mag_in_npc
soundalias,#wpn_rocket_explode_decay_plr
soundalias,#hash_7eed16279c0362d8
soundalias,#fly_leap_sprint_lt_plr_concrete
soundalias,#hash_7eeece8892b1e8de
soundalias,#wpn_smg_capacity_uber_rapid_ads_killcam_plr
soundalias,#fly_bump_shelf
soundalias,#fly_lstep_crouch_walk_npc_metalcatwalk
soundalias,#zmb_step_standard_walk_metal
soundalias,#fly_qstep_walk_plr_rubber
soundalias,#wpn_shotgun_semiauto_npc_lfe
soundalias,#zmb_step_crouch_walk_npc_dirt
soundalias,#fly_slide_heavy_glass
soundalias,#hash_7f067d9322e18ffa
soundalias,#hash_7f06d23ef5819e1a
soundalias,#wpn_lmg_stealth_act_plr
soundalias,#fly_qstep_prone_lt_plr_cushion
soundalias,#fly_step_crouch_walk_heavy_tallgrass
soundalias,#fly_qstep_sprint_npc_wood
soundalias,#fly_qstep_sprint_lt_plr_carpet
soundalias,#hash_7f117a585dc1cceb
soundalias,#hash_7f1346b660bd9a4a
soundalias,#wpn_ar_galil_fire_pap_npc
soundalias,#fly_step_walk_lt_plr_glass
soundalias,#fly_qstep_crouch_walk_plr_brick
soundalias,#fly_end_wall_lt_plr_cloth
soundalias,#wpn_lmg_silencer_npc_hdly_decay
soundalias,#hash_7f1d98f7dbb643c5
soundalias,#fly_land_fast_plr_heavy_glassbulletproof
soundalias,#hash_7f212fb660c9b091
soundalias,#zmb_player_electrocuted_swt
soundalias,#hash_7f24122dff2d777f
soundalias,#fly_lstep_run_lt_npc_cloth
soundalias,#fly_qstep_sprint_heavy_grass
soundalias,#hash_7f2b02bb39fa1a1d
soundalias,#fly_land_imp_rapid_lt_plr_bodyarmor
soundalias,#wpn_smg_accurate_uber_sup_act_plr
soundalias,#wpn_lmg_close_quiet_dly_decay
soundalias,#mus_trials_end_success_intro
soundalias,#fly_lstep_walk_lt_npc_metalhollow
soundalias,#fly_lstep_walk_lt_npc_wood
soundalias,#wpn_ar_an94_fire_killcam_npc
soundalias,#fly_land_slow_npc_lt_brick
soundalias,#fly_land_imp_rapid_plr_glassbulletproof
soundalias,#fly_takeoff_heavy_metalcatwalk
soundalias,#fly_melee_imp_metal_npc_plastic
soundalias,#fly_qstep_prone_heavy_snow
soundalias,#wpn_ar_mg1909_fire_pap_plr
soundalias,#fly_combat_knife_taunt
soundalias,#hash_7f4e02912dcb0974
soundalias,#fly_bump_locker
soundalias,#hash_7f4eb4dbed6280ef
soundalias,#fly_m16_mag_tap
soundalias,#fly_land_imp_rapid_lt_plr_metalcar
soundalias,#wpn_tr_damageburst_sup_act_npc
soundalias,#fly_qstep_run_npc_sand
soundalias,#fly_snipe_mini14_bolt_forward
soundalias,#fly_takeoff_plr_concrete
soundalias,#zmb_ai_bfather_run_atk
soundalias,#fly_slide_lt_npc_glassbulletproof
soundalias,#fly_qstep_crouch_walk_lt_npc_watershallow
soundalias,#fly_qstep_prone_npc_glass
soundalias,#fly_slide_lt_npc_carpet
soundalias,#wpn_tr_flechette_fire_plr
soundalias,#wpn_smg_handling_rh_fire_pap_plr
soundalias,#fly_qstep_prone_lt_plr_bodyarmor
soundalias,#wpn_shotgun_flux_r_npc_pap
soundalias,#wpn_sniper_powersemi_fire_pap_npc
soundalias,#wpn_ar_standard_fire_npc
soundalias,#fly_land_npc_cushion
soundalias,#wpn_ar_int_augment_loop_npc
soundalias,#fly_qstep_run_heavy_cloth
soundalias,#fly_ar_stealth_mag_out
soundalias,#hash_7f8c067739269f3c
soundalias,#wpn_concussion_grenade_blend
soundalias,#fly_step_wall_lt_plr_gravel
soundalias,#hash_7f9aae8f6c7f80f9
soundalias,#wpn_mini14_sup_fire_npc
soundalias,#wpn_ar_standard_fire_pap_plr
soundalias,#fly_mann_limb_bounce_carpet
soundalias,#fly_land_npc_cloth
soundalias,#fly_qstep_sprint_npc_metalhollow
soundalias,#fly_qstep_run_lt_plr_brick_swt
soundalias,#wpn_smg_handling_fire_pap_plr
soundalias,#fly_step_run_npc_ice
soundalias,#hash_7fb133eb4ea4c171
soundalias,#wpn_ar_peacekeeper_rf_sup_fire_lfe_plr
soundalias,#prj_bolt_impact_rubber
soundalias,#zmb_ai_bfather_maggot_spawn
soundalias,#fly_qstep_sprint_plr_bodyarmor
soundalias,#wpn_ar_peacekeeper_sup_ads_killcam_npc
soundalias,#hash_7fb5e9fa0b84261f
soundalias,#wpn_smg_fastfire_ads_plr
soundalias,#hash_7fbb569b20a89262
soundalias,#hash_7fbcc015eecdcc82
soundalias,#fly_gear_walk_stop_heavy
soundalias,#phy_impact_cardboard
soundalias,#fly_bump_cloth
soundalias,#fly_step_run_plr_ice
soundalias,#wpn_smg_capacity_rapid_act_killcam_plr
soundalias,#fly_qstep_crouch_run_npc_foliage
soundalias,#wpn_lmg_standard_lfe_plr
soundalias,#prj_bullet_impact_xtreme_asphault
soundalias,#fly_lstep_crouch_run_lt_npc_bark
soundalias,#fly_step_crouch_walk_lt_plr_concrete
soundalias,#fly_smg_capacity_mag_in_start_npc
soundalias,#fly_slide_lt_npc_default
soundalias,#fly_step_sprint_plr_ceramic
soundalias,#exp_rocket_wasp_decay
soundalias,#fly_land_imp_rapid_heavy_rock
soundalias,#wpn_smg_handling_sup_act_killcam_npc
soundalias,#hash_7fea8ab0d3a450f7
soundalias,#fly_start_wall_lt_plr_flesh
soundalias,#fly_step_crouch_run_plr_concrete
soundalias,#wpn_smg_handling_sup_lh_fire_killcam_plr
client_fx,#zm_ai/fx8_dog_tail_glow
client_fx,#hash_638e240cd9b1a8
client_fx,#impacts/fx8_bul_impact_confetti_headshot_fatal_robot
client_fx,#impacts/fx8_bul_impact_money_head_nonfatal
client_fx,#weapon/fx_trail_grenade
client_fx,#zm_weapons/fx8_equip_homunc_death_exp
client_fx,#impacts/fx8_proj_impact_water_lg
client_fx,#impacts/fx8_proj_impact_water_sm
client_fx,#hash_14efdb86e6cf03e
client_fx,#hash_18ebe02f1a07674
client_fx,#hash_195aa02f1a67326
client_fx,#hash_1a6d98c0350f4c0
client_fx,#hash_27b6421caff4892
client_fx,#hash_286e0d228779181
client_fx,#zombie/fx_widows_exp_grenade
client_fx,#hash_2ca473741924f0c
client_fx,#explosions/fx8_exp_grenade_default
client_fx,#impacts/fx8_bul_impact_default_xsm
client_fx,#impacts/fx_bul_impact_heavy_head_nonfatal_exit
client_fx,#weapon/fx8_shellejects_rifle
client_fx,#hash_37cfda7fcc57f0f
client_fx,#impacts/fx8_bul_impact_default_xlg
client_fx,#impacts/fx8_bul_impact_blood_head_nonfatal
client_fx,#impacts/fx8_bul_impact_robot_limb_nonfatal
client_fx,#explosions/fx8_exp_rocket_sand
client_fx,#hash_48e1ffce7604b39
client_fx,#impacts/fx8_bul_impact_water_xlg
client_fx,#hash_4f0ff8b76d3ef98
client_fx,#impacts/fx8_bul_impact_water_xsm
client_fx,#player/fx_plyr_swim_bubbles_body
client_fx,#weapon/fx_shellejects_minigun
client_fx,#hash_5a4438e8323f32b
client_fx,#zombie/fx8_perk_blaze_phase_charged_stretch
client_fx,#hash_68eb678b2954c36
client_fx,#impacts/fx8_bul_impact_soul_body_fatal_exit
client_fx,#impacts/fx8_bul_impact_default_lg
client_fx,#hash_731c51c4f4f6cef
client_fx,#hash_764c40cff30dca5
client_fx,#impacts/fx8_bul_impact_default_sm
client_fx,#hash_787128598d6b42b
client_fx,#hash_80f382411cd7676
client_fx,#impacts/fx8_flechette_impact_metal
client_fx,#hash_8571e24120affeb
client_fx,#hash_85a0d24120d18df
client_fx,#player/fx_plyr_jump_dust_dirt
client_fx,#hash_8b5141c4991d2e1
client_fx,#explosions/fx8_exp_rocket_glass
client_fx,#hash_8ef83f9ee21cf92
client_fx,#_t6/bio/player/fx_footstep_water
client_fx,#zm_weapons/fx8_viper_bite_death
client_fx,#impacts/fx8_bul_impact_fireworks_head_fatal
client_fx,#impacts/fx8_bul_impact_fireworks_head_nonfatal_exit
client_fx,#hash_9a342f9cd3dd176
client_fx,#impacts/fx_bul_impact_pwr_armor_lg
client_fx,#hash_9ea4687eee7cf83
client_fx,#weapon/fx8_shellejects_pistol
client_fx,#hash_ac9e3919fa55dd6
client_fx,#hash_ac9e6919fa562ef
client_fx,#hash_ac9e7919fa564a2
client_fx,#hash_ac9ef919fa5723a
client_fx,#hash_ac9f0919fa573ed
client_fx,#impacts/fx8_bul_impact_raven_limb_fatal_exit
client_fx,#hash_b51498f08fa938b
client_fx,#impacts/fx8_bul_impact_money_head_nonfatal_exit
client_fx,#impacts/fx8_bul_impact_ice_head_fatal
client_fx,#hash_bba1b278107e7bd
client_fx,#hash_bc4a11ff9764c69
client_fx,#hash_c26a32acdd092cd
client_fx,#hash_c4c157422c7d8e4
client_fx,#impacts/fx8_bul_impact_money_limb_nonfatal_exit
client_fx,#hash_cc4846354a23119
client_fx,#hash_ccb906354a8642b
client_fx,#hash_cd236ddbdfe5e3d
client_fx,#hash_cea1eec14b88828
client_fx,#hash_cf12aec14bebb3a
client_fx,#hash_d185de6377a14df
client_fx,#impacts/fx8_bul_impact_fireworks_head_fatal_exit
client_fx,#impacts/fx8_bul_impact_metal_xtreme
client_fx,#hash_d9cc1476f34a821
client_fx,#hash_da3ad476f3aa4d3
client_fx,#impacts/fx_bul_impact_boss_body_nonfatal_exit
client_fx,#hash_dffee284c2439a6
client_fx,#impacts/fx_bul_impact_boss_body_nonfatal
client_fx,#hash_eac73c8922e0212
client_fx,#hash_ec6dc3f4ab5794e
client_fx,#impacts/fx8_bul_impact_fireworks_body_fatal_exit
client_fx,#hash_ee36c02fc10bae2
client_fx,#hash_f5dbdc2be3a4bc1
client_fx,#blood/fx_blood_impact_exp_body_lg
client_fx,#zm_weapons/fx8_equip_mltv_fire_human_head_loop_zm
client_fx,#weapon/fx8_trail_rocket_xm_mp
client_fx,#hash_ffe98ef7723c875
client_fx,#hash_101f0c9b0df0214c
client_fx,#explosions/fx8_exp_grenade_wood
client_fx,#hash_11325a2ca6a84798
client_fx,#hash_1157c7544a4dd8cf
client_fx,#explosions/fx_exp_grenade_water_shllw
client_fx,#impacts/fx8_bul_impact_concrete_sm
client_fx,#impacts/fx8_bul_impact_concrete_lg
client_fx,#impacts/fx8_bul_impact_metal_sm
client_fx,#impacts/fx8_bul_impact_lava
client_fx,#hash_128e20307b969081
client_fx,#impacts/fx8_bul_impact_metal_lg
client_fx,#impacts/fx8_bul_impact_blood_head_nonfatal_exit
client_fx,#hash_13526674411d3b0d
client_fx,#hash_13595274412337bf
client_fx,#impacts/fx8_bul_impact_soul_corpse_nonfatal
client_fx,#hash_136dc90d2682d463
client_fx,#hash_13721326cc2b0c0d
client_fx,#player/fx_plyr_footstep_tracker
client_fx,#hash_13b3ca38b1f1aa80
client_fx,#impacts/fx8_bul_impact_electric_head_fatal
client_fx,#hash_14152603ec1a5072
client_fx,#hash_14550de4d1759161
client_fx,#player/fx_plyr_water_splash_sm
client_fx,#player/fx_plyr_water_splash_md
client_fx,#hash_15b6460d93a41d35
client_fx,#explosions/fx8_exp_rocket_lg_metal
client_fx,#hash_15d8d928da3054a8
client_fx,#impacts/fx8_bul_impact_money_limb_nonfatal
client_fx,#weapon/fx_muz_md_rifle_1p
client_fx,#weapon/fx_muz_md_rifle_3p
client_fx,#hash_16eaf079c7e10814
client_fx,#hash_170cf0178ff2783d
client_fx,#hash_17756eb35aac3766
client_fx,#impacts/fx8_bul_impact_raven_corpse_nonfatal
client_fx,#impacts/fx8_bul_impact_gravel_lg
client_fx,#impacts/fx8_bul_impact_gravel_sm
client_fx,#impacts/fx8_bul_impact_soul_head_nonfatal_exit
client_fx,#impacts/fx8_bul_impact_raven_head_fatal
client_fx,#hash_181a06a608a5b381
client_fx,#hash_183d2e23e3acbbf0
client_fx,#impacts/fx8_bul_impact_blood_limb_zm
client_fx,#_t6/bio/player/fx_footstep_dust
client_fx,#tools/fx_null
client_fx,#hash_18db398c20b3e409
client_fx,#impacts/fx8_bul_impact_default_xtreme
client_fx,#zombie/fx8_perk_zombshell_exp
client_fx,#zombie/fx_sword_slash_right_1p_zod_zmb
client_fx,#impacts/fx8_bul_impact_thin_metal_xsm
client_fx,#impacts/fx8_bul_impact_robot_head_fatal_exit
client_fx,#explosions/fx8_exp_rocket_lg_default
client_fx,#impacts/fx8_bul_impact_thin_metal_xlg
client_fx,#impacts/fx8_bul_impact_fireworks_body_nonfatal_exit
client_fx,#hash_1a48f6d4aa3ddc81
client_fx,#impacts/fx8_bul_impact_robot_body_fatal
client_fx,#hash_1ac3342ef816a481
client_fx,#zombie/fx8_perk_altar_symbol_ambient_ethereal_razor
client_fx,#impacts/fx_bul_impact_boss_body_fatal
client_fx,#impacts/fx_bul_impact_heavy_head_fatal
client_fx,#hash_1bfe4ab9c518475a
client_fx,#hash_1c0a8ae87a581f14
client_fx,#hash_1c2fa9eb2bb1c744
client_fx,#hash_1c3862718e980385
client_fx,#hash_1c7879205683eaee
client_fx,#weapon/fx8_shellejects_saw
client_fx,#blood/fx8_blood_cam_gib_spray_zm
client_fx,#hash_1ccd58e163b578e9
client_fx,#hash_1d5598025e3875a8
client_fx,#impacts/fx8_bul_impact_dirt_sm
client_fx,#hash_1d90aa9406e48582
client_fx,#impacts/fx_bul_impact_armor_head_nonfatal
client_fx,#impacts/fx8_bul_impact_money_limb_fatal_exit
client_fx,#impacts/fx8_bul_impact_dirt_lg
client_fx,#water/fx_water_impact_ripple_md
client_fx,#impacts/fx_bul_impact_heavy_head_fatal_exit
client_fx,#hash_1e626f5dc9860268
client_fx,#impacts/fx8_bul_impact_raven_head_nonfatal
client_fx,#hash_1e957556dba822e6
client_fx,#hash_1eb027d8796839e9
client_fx,#hash_1ed4c87a3f6da9b9
client_fx,#impacts/fx8_bul_impact_glass_xlg
client_fx,#impacts/fx_bul_impact_armor_head_fatal
client_fx,#hash_1f307b4dd0a54b4d
client_fx,#impacts/fx8_bul_impact_glass_xsm
client_fx,#player/fx_plyr_land_dust_xlg
client_fx,#zm_weapons/fx8_chakram_trail
client_fx,#explosions/fx8_exp_rocket_lg_wood
client_fx,#hash_20070e460c9eb5f4
client_fx,#hash_200ce5b84b2184c6
client_fx,#weapon/fx8_muz_smg_mp40_1p
client_fx,#weapon/fx8_muz_smg_mp40_3p
client_fx,#zombie/fx8_perk_blaze_phase_charging
client_fx,#hash_20c78a023629447a
client_fx,#hash_2103c7278a76d4e8
client_fx,#hash_2109d3278a7b54fa
client_fx,#hash_211c80023671737b
client_fx,#hash_212ef7da466574ba
client_fx,#weapon/fx_hero_arm_blade_death_sparks
client_fx,#impacts/fx_bul_impact_blood_body_fatal
client_fx,#hash_224ed66be5768225
client_fx,#hash_2281683050932c1a
client_fx,#hash_236bd85593e1b816
client_fx,#player/fx_plyr_slide_3p_dust_dirt
client_fx,#impacts/fx8_flechette_impact_dirt
client_fx,#impacts/fx8_bul_impact_ice
client_fx,#hash_2475e834b4cb2481
client_fx,#hash_24886715795bf94d
client_fx,#impacts/fx8_bul_impact_robot_body_nonfatal_exit
client_fx,#impacts/fx8_bul_impact_blood_limb_fatal_exit
client_fx,#zm_ai/fx8_dog_eye_glow
client_fx,#hash_24bd27d5be5ab4c1
client_fx,#hash_24f5316a9e5557c7
client_fx,#hash_256e3c1bedee56c8
client_fx,#hash_25eca4954ed626fe
client_fx,#hash_25f5d5cd01b86a71
client_fx,#impacts/fx8_bul_impact_dirt_xtreme
client_fx,#explosions/fx_exp_grenade_water_surface_deep
client_fx,#impacts/fx_bul_impact_armor_body_fatal
client_fx,#impacts/fx_bul_impact_boss_head_nonfatal_exit
client_fx,#hash_2675398c3793c87e
client_fx,#hash_26adbeeaa1fc76ee
client_fx,#hash_26cf83f9d3768eab
client_fx,#hash_26e3bbb10fe619f1
client_fx,#hash_270e30b8d51c3f53
client_fx,#hash_275ec03fa8473f64
client_fx,#impacts/fx8_bul_impact_metal_xsm
client_fx,#hash_2765ac3fa84d3c16
client_fx,#hash_278c744d7ef41186
client_fx,#impacts/fx8_bul_impact_metal_xlg
client_fx,#impacts/fx8_bul_impact_water_xtreme
client_fx,#explosions/fx8_exp_rocket_lg_concrete
client_fx,#impacts/fx8_bul_impact_fireworks_limb_fatal
client_fx,#hash_28918c31efbce546
client_fx,#impacts/fx8_bul_impact_money_corpse_nonfatal
client_fx,#impacts/fx8_bul_impact_robot_body_nonfatal
client_fx,#hash_2952cbe7f28eed1a
client_fx,#impacts/fx_bul_impact_boss_head_nonfatal
client_fx,#impacts/fx8_bul_impact_soul_limb_nonfatal
client_fx,#player/fx_plyr_water_knee_decal
client_fx,#hash_2a3552f078e23d4e
client_fx,#impacts/fx8_bul_impact_lava_head_fatal
client_fx,#hash_2a885a1348b106f8
client_fx,#hash_2abde63429277856
client_fx,#explosions/fx8_exp_grenade_snow
client_fx,#hash_2b3a857498481375
client_fx,#hash_2b413ac69ee88dcd
client_fx,#hash_2b676f217acf951e
client_fx,#hash_2bc2c2be87890dc4
client_fx,#hash_2bcfbebc06c5bd25
client_fx,#hash_2bd6cabc06cbf037
client_fx,#zm_ai/fx8_blightfather_maggot_death_exp
client_fx,#hash_2c27cb25fc9a30a3
client_fx,#weapon/fx_prox_grenade_exp
client_fx,#explosions/fx8_exp_rocket_lg_dirt
client_fx,#hash_2d51902c1ec0748a
client_fx,#hash_2d6433effb9c5c33
client_fx,#impacts/fx8_bul_impact_robot_limb_fatal_exit
client_fx,#hash_2dfc8a9a16973a20
client_fx,#hash_2e02969a169bba32
client_fx,#zombie/fx8_perk_ethereal_razor_3p
client_fx,#zombie/fx8_perk_ethereal_razor_1p
client_fx,#hash_2e91c5a03e98f388
client_fx,#zm_weapons/fx8_viper_bite_projectile
client_fx,#hash_2ed968ce9ee4eee9
client_fx,#impacts/fx_bul_impact_heavy_body_nonfatal_exit
client_fx,#hash_2f70ce99d2428af9
client_fx,#impacts/fx8_bul_impact_raven_head_fatal_exit
client_fx,#hash_3039781f92fb316d
client_fx,#zm_ai/fx8_dog_torso_glow
client_fx,#hash_30606cd06bbc9a65
client_fx,#hash_306778d06bc2cd77
client_fx,#hash_311a865a91014b22
client_fx,#impacts/fx8_bul_impact_money_body_fatal
client_fx,#hash_317253e4cc81d9d1
client_fx,#impacts/fx8_bul_impact_glass_xtreme
client_fx,#zm_weapons/fx8_scepter_ray_zmb_hit_shock
client_fx,#impacts/fx8_bul_impact_fireworks_body_nonfatal
client_fx,#hash_31e4477c1f8142f3
client_fx,#weapon/fx8_shellejects_sniper
client_fx,#hash_32457baee7c1d9bb
client_fx,#hash_3250e2dfb10f55ae
client_fx,#impacts/fx8_bul_impact_money_head_fatal_exit
client_fx,#impacts/fx8_flechette_impact_wood
client_fx,#hash_32dc9f54a781e830
client_fx,#zombie/fx_bgb_burned_out_fire_torso_zmb
client_fx,#explosions/fx8_exp_grenade_glass
client_fx,#hash_3363e8243731fee0
client_fx,#weapon/fx8_equip_light_os
client_fx,#impacts/fx8_bul_impact_blood_body_fatal_exit
client_fx,#hash_340a0cee99cfb1cd
client_fx,#hash_343943ef896d1f85
client_fx,#hash_349f63d171544b20
client_fx,#hash_34a56fd17158cb32
client_fx,#impacts/fx_bul_impact_heavy_body_nonfatal
client_fx,#zombie/fx_bgb_burned_out_1p_zmb
client_fx,#weapon/fx_attchmnt_laser_3p
client_fx,#hash_3515a6f4df2e5882
client_fx,#impacts/fx8_bul_impact_thin_metal_sm
client_fx,#hash_358368e2fa3ca4f1
client_fx,#impacts/fx8_bul_impact_thin_metal_lg
client_fx,#player/fx_plyr_land_dust_md_dirt
client_fx,#impacts/fx8_bul_impact_lava_body_fatal
client_fx,#hash_36373fa6bc51547e
client_fx,#weapon/fx_shellejects_pistol
client_fx,#hash_36595594402f366a
client_fx,#hash_3689f962239a7a63
client_fx,#zombie/fx8_perk_altar_symbol_ambient_blaze_phase
client_fx,#hash_36d3fdab10c95bd4
client_fx,#explosions/fx_exp_grenade_default
client_fx,#hash_3745a7e2e219d1e6
client_fx,#hash_3745fe271b24f336
client_fx,#hash_37ada4d0ec33be87
client_fx,#impacts/fx_bul_impact_snow_sm
client_fx,#impacts/fx8_flechette_impact_snow
client_fx,#hash_383c00516b9cc79b
client_fx,#explosions/fx8_exp_rocket_lg_snow
client_fx,#zombie/fx_bgb_near_death_1p
client_fx,#zombie/fx_bgb_near_death_3p
client_fx,#hash_3904517ed3636935
client_fx,#hash_3915a44eeb29188f
client_fx,#hash_39a6f6ce84a5c98a
client_fx,#zm_ai/fx8_dog_belly_glow
client_fx,#hash_3a3fc955623adaa0
client_fx,#hash_3adf75bbdf8bea24
client_fx,#explosions/fx8_exp_grenade_water_surface_deep
client_fx,#hash_3be9c523d47d5593
client_fx,#impacts/fx8_bul_impact_fireworks_corpse_nonfatal
client_fx,#impacts/fx8_bul_impact_blood_head_fatal
client_fx,#hash_3c501ea0c64b9112
client_fx,#hash_3c57dfb36101e138
client_fx,#hash_3c5debb36106614a
client_fx,#impacts/fx8_bul_impact_soul_body_fatal
client_fx,#hash_3c9948ab313a6483
client_fx,#hash_3ce96c364903e10f
client_fx,#zombie/fx8_perk_zombshell_aoe
client_fx,#hash_3d3951c7c9e617cf
client_fx,#hash_3dc7d36c5af8f770
client_fx,#hash_3dcedf6c5aff2a82
client_fx,#hash_3df8994cb4081469
client_fx,#hash_3e014af37ce6e996
client_fx,#hash_3e0f6f97cf55554c
client_fx,#hash_3e31d686eaf1bd5a
client_fx,#hash_3e35a1dc73a44e55
client_fx,#hash_3e3caddc73aa8167
client_fx,#impacts/fx8_bul_impact_blood_limb_nonfatal_exit
client_fx,#impacts/fx8_bul_impact_confetti_headshot_fatal
client_fx,#zombie/fx_sword_slash_left_1p_zod_zmb
client_fx,#impacts/fx8_bul_impact_ice_body_fatal
client_fx,#impacts/fx8_flechette_impact_blood_body_nonfatal
client_fx,#impacts/fx_bul_impact_armor_body_fatal_exit
client_fx,#impacts/fx8_bul_impact_concrete_xlg
client_fx,#impacts/fx8_bul_impact_concrete_xsm
client_fx,#impacts/fx8_bul_impact_water_fatal
client_fx,#explosions/fx8_exp_rocket_lg_sand
client_fx,#hash_40f85646590396fd
client_fx,#hash_411ee8961f963bd1
client_fx,#impacts/fx_bul_impact_armor_head_fatal_exit
client_fx,#player/fx_plyr_water_body_decal
client_fx,#hash_415b461b7420c6d2
client_fx,#hash_4172da0e4b307e27
client_fx,#weapon/fx_prox_grenade_elec_trail
client_fx,#hash_41905bb9b747f08c
client_fx,#impacts/fx8_bul_impact_electric
client_fx,#hash_421d1bfc8c356db6
client_fx,#weapon/fx8_shellejects_shotgun_purple
client_fx,#hash_424c967831e7fcbf
client_fx,#zm_weapons/fx8_equip_mltv_fire_human_torso_loop_zm
client_fx,#hash_42de958558ff8118
client_fx,#hash_42f0e56218ca4229
client_fx,#hash_43160181273732c9
client_fx,#impacts/fx8_bul_impact_blood_body_fatal
client_fx,#impacts/fx8_bul_impact_sand_xsm
client_fx,#impacts/fx8_bul_impact_sand_xlg
client_fx,#hash_43cc5f66736187cc
client_fx,#hash_446adecdf76cc9b8
client_fx,#hash_44f07bb92b5785d3
client_fx,#hash_45031ebd5217ab04
client_fx,#_t6/bio/player/fx_water_hit_player_bubbles
client_fx,#hash_453ab8874b6d4793
client_fx,#hash_4577512c54141f2e
client_fx,#impacts/fx8_flechette_impact_concrete
client_fx,#impacts/fx_bul_impact_armor_body_nonfatal
client_fx,#_debug/fx_missing_fx
client_fx,#hash_46f7936b65dff151
client_fx,#impacts/fx_bul_impact_heavy_body_fatal_exit
client_fx,#hash_4741ce659d06a390
client_fx,#zombie/fx_bgb_profit_3p
client_fx,#hash_47523d06a3e412d0
client_fx,#zombie/fx_bgb_profit_1p
client_fx,#impacts/fx8_bul_impact_fireworks_limb_nonfatal
client_fx,#impacts/fx_bul_impact_water_lg
client_fx,#wz/fx8_zombie_eye_glow_green_wz
client_fx,#hash_4ad8388ae3a5e0f7
client_fx,#explosions/fx8_exp_grenade_concrete
client_fx,#hash_4bdf73fbc42b7161
client_fx,#hash_4be65ffbc4316e13
client_fx,#hash_4bfca9124b4b177e
client_fx,#impacts/fx8_bul_impact_blood_head_fatal_exit
client_fx,#hash_4c24e997afad36e0
client_fx,#hash_4c63b3118642ac23
client_fx,#hash_4c63b4118642add6
client_fx,#hash_4c63b5118642af89
client_fx,#impacts/fx_bul_impact_boss_head_fatal
client_fx,#impacts/fx_bul_impact_robot_body_nonfatal
client_fx,#hash_4cf738c4e3f65a07
client_fx,#hash_4cfe9475f47d6ca2
client_fx,#hash_4d6daed6fc1504ee
client_fx,#impacts/fx_bul_impact_heavy_head_nonfatal
client_fx,#hash_4d9c44530d151ef4
client_fx,#hash_4dc7067c776b35c1
client_fx,#hash_4dcdf27c77713273
client_fx,#hash_4e3dc7da8f681079
client_fx,#hash_4e3fe74a6d1a672f
client_fx,#hash_4e40eada8f6a81c9
client_fx,#impacts/fx8_laser_impact_default
client_fx,#hash_4e55cdda8f7cac8c
client_fx,#hash_4e6b88b971dbda44
client_fx,#impacts/fx_bul_impact_body_armor_lg
client_fx,#hash_4ea61edbf963eba5
client_fx,#explosions/fx8_exp_rocket_default
client_fx,#impacts/fx_flesh_hit_knife_zmb
client_fx,#hash_4fb499f24eeefcb9
client_fx,#hash_4fb5137a6de1c6bb
client_fx,#impacts/fx8_bul_impact_money_head_fatal
client_fx,#hash_50a6b2497d454910
client_fx,#hash_50f68fe648b17f84
client_fx,#hash_50fd7be648b77c36
client_fx,#impacts/fx8_bul_impact_blood_limb_nonfatal
client_fx,#hash_515a48ae47b1975e
client_fx,#impacts/fx_bul_impact_armor_body_nonfatal_exit
client_fx,#hash_51bb8901e6faca86
client_fx,#impacts/fx8_bul_impact_snow_xlg
client_fx,#impacts/fx8_bul_impact_snow_xsm
client_fx,#weapon/fx8_trail_crossbow
client_fx,#impacts/fx8_bul_impact_blood_body_nonfatal_exit
client_fx,#hash_523c2c84b04f8374
client_fx,#zombie/fx_bgb_respin_cycle_box_flash_zmb
client_fx,#hash_5268dd97baae3513
client_fx,#hash_5284997f17407d30
client_fx,#zm_ai/fx8_dog_death_exp
client_fx,#player/fx_plyr_footstep_dust_dirt
client_fx,#zombie/fx8_perk_blaze_phase_charged
client_fx,#blood/fx8_blood_cam_impact_spray_zm
client_fx,#hash_5356c37bc8dbe493
client_fx,#hash_53953c55bab35a43
client_fx,#impacts/fx8_bul_impact_robot_limb_fatal
client_fx,#zm_weapons/fx8_equip_homunc_spawn
client_fx,#hash_5487a5a96e09a4f6
client_fx,#impacts/fx8_bul_impact_blood_limb_fatal
client_fx,#impacts/fx8_bul_impact_money_body_nonfatal
client_fx,#hash_54f8efd452b76fe7
client_fx,#impacts/fx8_bul_impact_blood_body_nonfatal_zm
client_fx,#impacts/fx8_bul_impact_wood_xsm
client_fx,#impacts/fx8_knife_impact_bone
client_fx,#impacts/fx8_bul_impact_wood_xlg
client_fx,#impacts/fx8_bul_impact_raven_body_nonfatal
client_fx,#explosions/fx8_exp_grenade_sand
client_fx,#weapon/fx_ir_scope_hearbeat
client_fx,#impacts/fx8_flechette_impact_sand
client_fx,#hash_56f03d38a1d75d7a
client_fx,#hash_57034716c105e41e
client_fx,#hash_571fb567ca3d4add
client_fx,#impacts/fx_bul_impact_heavy_body_fatal
client_fx,#hash_5797e5e407d06708
client_fx,#hash_57eb317a5691c49c
client_fx,#impacts/fx8_bul_impact_fireworks_limb_fatal_exit
client_fx,#weapon/fx_muz_sm_pistol_3p
client_fx,#weapon/fx_muz_sm_pistol_1p
client_fx,#explosions/fx8_exp_rocket_snow
client_fx,#hash_58c6d85016803043
client_fx,#hash_5914aca87fc5e07f
client_fx,#impacts/fx8_bul_impact_soul_head_fatal_exit
client_fx,#hash_5930398414216e10
client_fx,#hash_59422cff58693587
client_fx,#hash_597abd90e7ff80e0
client_fx,#hash_59cdb0226e644934
client_fx,#hash_59dcccd22b7d037e
client_fx,#impacts/fx8_flechette_impact_mud
client_fx,#hash_5a97aac5d5e58d85
client_fx,#explosions/fx8_exp_grenade_mud
client_fx,#impacts/fx8_bul_impact_mud_lg
client_fx,#impacts/fx8_bul_impact_mud_sm
client_fx,#weapon/fx_sensor_targeting
client_fx,#hash_5aff20fd2cbc9b92
client_fx,#hash_5b56e14e21ddaf2a
client_fx,#hash_5b7b2ac63b415717
client_fx,#weapon/fx8_muz_md_suppressed_1p
client_fx,#weapon/fx8_muz_md_suppressed_3p
client_fx,#hash_5bf3f1914a8ad11f
client_fx,#impacts/fx8_bul_impact_money_limb_fatal
client_fx,#impacts/fx8_bul_impact_gravel_xlg
client_fx,#hash_5c4166ac1dc71dc3
client_fx,#impacts/fx8_bul_impact_gravel_xsm
client_fx,#player/fx8_plyr_pstfx_katana_rush_loop
client_fx,#weapon/fx_trail_nailgun
client_fx,#hash_5d8349873cdddbb1
client_fx,#impacts/fx8_bul_impact_water_sm
client_fx,#hash_5de471c626e17af5
client_fx,#hash_5deb7dc626e7ae07
client_fx,#impacts/fx8_bul_impact_water_lg
client_fx,#hash_5e246ad0d323d6c5
client_fx,#explosions/fx_exp_grenade_water
client_fx,#weapon/fx8_muz_lg_rifle_1p_4sqr_mb
client_fx,#impacts/fx_bul_impact_armor_head_nonfatal_exit
client_fx,#hash_5f356610bb32ec88
client_fx,#weapon/fx8_trail_grenade
client_fx,#hash_601f7a84a55eb054
client_fx,#hash_6062d0f64f1524ec
client_fx,#hash_6068dcf64f19a4fe
client_fx,#impacts/fx8_bul_impact_robot_head_nonfatal_exit
client_fx,#hash_60ac79d7d2c2e0e1
client_fx,#hash_60af04267097dc27
client_fx,#hash_60b365d7d2c8dd93
client_fx,#impacts/fx8_bul_impact_raven_body_fatal
client_fx,#hash_60d9f21771478bd2
client_fx,#hash_60f84b98d82de29f
client_fx,#weapon/fx8_trail_flechette
client_fx,#explosions/fx8_exp_rocket_lg_glass
client_fx,#impacts/fx8_bul_impact_electric_body_fatal
client_fx,#impacts/fx8_bul_impact_mud_xsm
client_fx,#hash_61c137df39d74f31
client_fx,#hash_61c5a49a0b7f9e49
client_fx,#hash_61ccb09a0b85d15b
client_fx,#weapon/fx8_muz_sm_pistol_3p
client_fx,#weapon/fx8_muz_sm_pistol_1p
client_fx,#impacts/fx8_bul_impact_mud_xlg
client_fx,#player/fx_plyr_jump_dust
client_fx,#hash_62448063c143db21
client_fx,#hash_62589f8064981742
client_fx,#hash_62ac08c92db52344
client_fx,#impacts/fx8_bul_impact_glass_sm
client_fx,#impacts/fx8_bul_impact_glass_lg
client_fx,#impacts/fx8_bul_impact_snow_lg
client_fx,#impacts/fx8_bul_impact_snow_sm
client_fx,#impacts/fx8_bul_impact_dirt_xlg
client_fx,#impacts/fx8_bul_impact_dirt_xsm
client_fx,#hash_634490910f634d95
client_fx,#impacts/fx8_bul_impact_soul_limb_fatal_exit
client_fx,#hash_6385fa8b2ba13387
client_fx,#zombie/fx8_perk_altar_symbol_ambient_zombshell
client_fx,#impacts/fx8_bul_impact_blood_body_nonfatal
client_fx,#hash_6426c4e2a98d0bb3
client_fx,#hash_6426c8e2a98d127f
client_fx,#hash_6426c9e2a98d1432
client_fx,#hash_6426cfe2a98d1e64
client_fx,#hash_6426d0e2a98d2017
client_fx,#zombie/fx8_perk_altar_symbol_ambient_blood_wolf
client_fx,#hash_64926fc53b8a66e6
client_fx,#impacts/fx_bul_impact_boss_body_fatal_exit
client_fx,#hash_64e1620c35bc9720
client_fx,#hash_656272f0184ae1fc
client_fx,#impacts/fx8_bul_impact_water_nonfatal
client_fx,#impacts/fx8_bul_impact_wood_sm
client_fx,#hash_65adc65c7fc0fdc2
client_fx,#impacts/fx8_bul_impact_wood_lg
client_fx,#hash_65cf27ef9937e3dc
client_fx,#hash_66478d394cf5596d
client_fx,#impacts/fx8_bul_impact_raven_limb_fatal
client_fx,#hash_66c3b340356c182b
client_fx,#hash_66cff347c366c62c
client_fx,#explosions/fx8_exp_rocket_mud
client_fx,#explosions/fx8_exp_rocket_metal
client_fx,#weapon/fx8_muz_lg_shtgun_1p
client_fx,#weapon/fx8_muz_lg_shtgun_3p
client_fx,#hash_678ac7747906c1ae
client_fx,#hash_67affb986130f4f5
client_fx,#hash_67df27311269bcbc
client_fx,#hash_68100f653a5baf2f
client_fx,#hash_682305e220202d74
client_fx,#hash_6838372e395a2dad
client_fx,#hash_683c93c9502b36a2
client_fx,#hash_683f232e39602a5f
client_fx,#weapon/fx8_shellejects_shotgun
client_fx,#impacts/fx8_bul_impact_raven_head_nonfatal_exit
client_fx,#impacts/fx8_bul_impact_blood_corpse_nonfatal
client_fx,#impacts/fx_bul_impact_blood_head_fatal
client_fx,#zombie/fx_bgb_burned_out_3p_zmb
client_fx,#weapon/fx8_muz_lg_rifle_3p_4sqr_mb
client_fx,#hash_69decd3e9d9a12ed
client_fx,#hash_69e5b93e9da00f9f
client_fx,#hash_6a3c982733846cf1
client_fx,#hash_6a4e931b429fec77
client_fx,#hash_6a8080a7153541f6
client_fx,#explosions/fx8_exp_grenade_dirt
client_fx,#hash_6b2f2054cb8060d8
client_fx,#hash_6b4df14b4e5c254b
client_fx,#hash_6bc29204d5d0f535
client_fx,#impacts/fx8_bul_impact_raven_body_nonfatal_exit
client_fx,#impacts/fx8_flechette_impact_gravel
client_fx,#player/fx_plyr_slide_3p_dust
client_fx,#explosions/fx8_exp_rocket_wood
client_fx,#weapon/fx8_muz_ar_acc_1p
client_fx,#impacts/fx8_bul_impact_soul_body_nonfatal
client_fx,#hash_6dda7abd8372e54f
client_fx,#hash_6ded6189669f2669
client_fx,#explosions/fx8_exp_rocket_concrete
client_fx,#impacts/fx8_bul_impact_fireworks_body_fatal
client_fx,#impacts/fx8_knife_impact_blood
client_fx,#weapon/fx8_shellejects_shotgun_yellow
client_fx,#hash_6e735cba0a99b535
client_fx,#hash_6e7e0fcafd32eb9e
client_fx,#zombie/fx8_perk_blaze_phase_trail
client_fx,#player/fx_plyr_land_dust_dirt_xlg
client_fx,#explosions/fx8_exp_rocket_dirt
client_fx,#hash_6fca6e8e0d62ab9c
client_fx,#hash_7054b456ca9a7c60
client_fx,#zm_ai/fx8_dog_eye_single
client_fx,#impacts/fx8_bul_impact_robot_head_nonfatal
client_fx,#water/fx_water_impact_object_sm
client_fx,#water/fx_water_impact_object_md
client_fx,#water/fx_water_impact_object_lg
client_fx,#impacts/fx8_bul_impact_sand_lg
client_fx,#zm_weapons/fx8_scepter_ray_zmb_hit_eye
client_fx,#zm_weapons/fx8_scepter_ray_zmb_hit_exp
client_fx,#impacts/fx8_bul_impact_sand_sm
client_fx,#impacts/fx8_bul_impact_money_body_nonfatal_exit
client_fx,#hash_71432fa4177977af
client_fx,#light/fx8_light_plyr_base
client_fx,#impacts/fx8_bul_impact_money_body_fatal_exit
client_fx,#hash_71ce9ec64487f382
client_fx,#zombie/fx8_perk_blaze_phase_flame_pulse
client_fx,#hash_721bd61e8e5611de
client_fx,#impacts/fx8_flechette_impact_default
client_fx,#hash_7247f41820f6a4ac
client_fx,#impacts/fx8_bul_impact_fireworks_head_nonfatal
client_fx,#hash_7282363a66bd14e2
client_fx,#impacts/fx8_bul_impact_robot_limb_nonfatal_exit
client_fx,#impacts/fx8_bul_impact_blood_body_fatal_zm
client_fx,#hash_72d12e8da014085a
client_fx,#impacts/fx8_bul_impact_raven_limb_nonfatal_exit
client_fx,#impacts/fx_bul_impact_boss_head_fatal_exit
client_fx,#hash_73443c1d4b79a87c
client_fx,#impacts/fx8_flechette_impact_glass
client_fx,#zm_weapons/fx8_viper_bite_attack
client_fx,#player/fx_plyr_footstep_dust
client_fx,#hash_740345c75977a05b
client_fx,#hash_740cfa1f81132871
client_fx,#hash_743781e0aca30a24
client_fx,#hash_743e6de0aca906d6
client_fx,#impacts/fx8_bul_impact_raven_body_fatal_exit
client_fx,#hash_74cd767d3b09618f
client_fx,#hash_74e27053381609ee
client_fx,#hash_74e38c410df710a4
client_fx,#hash_75a936eb89135c2c
client_fx,#hash_75bb776a76f782f2
client_fx,#hash_7640e06584066fc4
client_fx,#impacts/fx8_bul_impact_concrete_xtreme
client_fx,#hash_76c6488f6b1f3260
client_fx,#impacts/fx8_bul_impact_soul_head_nonfatal
client_fx,#hash_77ab0d8a668ecd9d
client_fx,#hash_77b6b35ad8e29305
client_fx,#explosions/fx8_exp_rocket_lg_mud
client_fx,#hash_785b070ad413a638
client_fx,#impacts/fx8_bul_impact_raven_limb_nonfatal
client_fx,#hash_78dc608d4b09177d
client_fx,#zm_ai/fx8_dog_head_glow
client_fx,#impacts/fx8_bul_impact_soul_limb_fatal
client_fx,#explosions/fx8_exp_grenade_metal
client_fx,#hash_79488270250f22ac
client_fx,#hash_794ad0836b2ae054
client_fx,#hash_7951bc836b30dd06
client_fx,#hash_798d6fe6842c6e56
client_fx,#hash_7a134657fc9c6518
client_fx,#hash_7a155fdace153754
client_fx,#hash_7a1a5257fca2982a
client_fx,#hash_7a45b3837e92264b
client_fx,#hash_7aba2f333cd1bff9
client_fx,#hash_7ac5491a266645d1
client_fx,#explosions/fx8_exp_grenade_water
client_fx,#hash_7b797d0f50397615
client_fx,#fire/fx_fire_trail_destruct_sm
client_fx,#hash_7b951deec27b35c1
client_fx,#impacts/fx8_bul_impact_snow_xtreme
client_fx,#hash_7bf95975cc22d9e3
client_fx,#hash_7c145ead09d78d68
client_fx,#hash_7c1a6aad09dc0d7a
client_fx,#player/fx_plyr_land_dust_md
client_fx,#impacts/fx8_bul_impact_fireworks_limb_nonfatal_exit
client_fx,#impacts/fx8_bul_impact_robot_body_fatal_exit
client_fx,#hash_7d5dc4d5626c1c97
client_fx,#hash_7d69ee9822b45157
client_fx,#hash_7dea67f3f0503d9c
client_fx,#weapon/fx_hero_annhilatr_death_blood
client_fx,#hash_7e5d30bfbe2a69de
client_fx,#hash_7e8ecb7f481f27c1
client_fx,#hash_7e95b77f48252473
client_fx,#hash_7ec434e0dd9c06bb
client_fx,#hash_7f06bcdfdf44b707
client_fx,#impacts/fx_bul_impact_robot_head_nonfatal
client_fx,#impacts/fx8_bul_impact_robot_head_fatal
client_fx,#impacts/fx8_bul_impact_water_fatal_head
client_fx,#hash_7f4d49a24d2b4300
client_fx,#hash_7f4d4ca24d2b4819
client_fx,#hash_7f4d50a24d2b4ee5
client_fx,#hash_7f4d53a24d2b53fe
client_fx,#hash_7f4d54a24d2b55b1
client_fx,#hash_7f5eedd25c9f8f56
client_fx,#hash_7f8b82a8723e566b
client_lui_elem,#zm_hint_text
client_lui_elem,#zm_towers_pap_hud
client_lui_elem,#zm_towers_challenges_hud
client_lui_elem,#zm_towers_crowd_meter
client_lui_elem,#zm_arcade_timer
client_lui_elem,#zm_tut_hint_text
client_lui_elem,#self_revive_visuals
client_lui_elem,#zm_zod_wonderweapon_quest
client_lui_elem,#zm_trial_weapon_locked
client_lui_elem,#zm_build_progress
client_lui_elem,#zm_laststand_client
client_lui_elem,#self_revive_visuals_rush
client_lui_elem,#zm_location
client_lui_elem,#zm_arcade_keys
client_lui_elem,#zm_red_challenges_hud
client_lui_elem,#zm_trial_timer
client_lui_elem,#zm_game_over
client_lui_elem,#zm_game_timer