type,name
vehicle,#misc_camera
vehicle,#spawner_zm_bat
model,#hash_405f53425f8f8e
model,#p7_zm_ctl_candle_holder_vintage_sml
model,#c_t8_zmb_dlc1_zombie_1stclass_male_body3_g_lowclean
model,#p8_zm_man_telescope_platform_gear_lrg
model,#p7_wes_rack_hat_mounted_wall_vintage_hook
model,#p8_zm_man_druid_door_stone_square
model,#p8_fxp_brutus_energy_ball_blue
model,#c_t8_zmb_dlc1_hero_gunslinger_head1_igc_outro
model,#p8_zm_man_telescope
model,#p8_zm_man_arena_statue_woman_wings
model,#c_t8_zmb_dlc1_zombie_2ndclass_female_body1_g_upclean
model,#p7_jun_foliage_bush_01
model,#p8_zm_man_telescope_control_panel_base
model,#wpn_t8_zm_crossbow_impaler_mag_world
model,#p8_zm_man_door_room_entrance_rt
model,#p8_zm_man_door_room_entrance_lt
model,#p8_zm_gla_egy_coin_gold_pouch_closed
model,#p8_zm_man_telescope_control_wheel_gemini
model,#p8_zm_man_door_room_handle_01_rt
model,#c_t8_zmb_dlc0_hero_scarlett_body1
model,#p8_zm_man_candle_standing_lamp
model,#p8_zm_man_beam_mount
model,#p8_zm_man_cryptex_case_sign_01_red
model,#p8_zm_man_door_room_handle_01_lt
model,#c_t8_zmb_dlc1_zombie_1stclass_male_body1_g_rarmoff
model,#p8_zm_atlas_statue_02_dmg
model,#p8_zm_headstone_engraving_face_gypsy_decal
model,#hash_44c4b9713700d31
model,#hash_48040df88b49564
model,#hash_4b034df88dda4c2
model,#c_t8_zmb_dlc1_zombie_1stclass_female_body1_g_blegsoff_skin2
model,#c_t8_zmb_dlc1_zombie_1stclass_female_body1_g_blegsoff_skin3
model,#c_t8_zmb_dlc1_zombie_1stclass_female_body1_g_blegsoff_skin6
model,#c_t8_zmb_dlc1_zombie_1stclass_female_body1_g_blegsoff_skin4
model,#c_t8_zmb_dlc1_zombie_1stclass_female_body1_g_blegsoff_skin5
model,#c_t8_mp_spe_ruin_viewbody1
model,#p8_fxanim_zm_man_dome_crank_wheel_mod
model,#p8_zm_wall_buy_ar_stealth
model,#p8_zm_wall_buy_smg_mp9
model,#p8_zm_man_band_stage_flowers
model,#c_t8_zmb_dlc1_zombie_1stclass_male_body1_g_upclean_skin3
model,#c_t8_zmb_dlc1_zombie_1stclass_male_body1_g_upclean_skin2
model,#p8_zm_man_book_row_02_lrg
model,#p8_zm_man_main_hall_ceiling_window_panel_01_bars
model,#c_t8_zmb_3rdclass_male_body1_g_rlegoff
model,#wpn_t7_zmb_dlc2_shield_dmg02_world
model,#wpn_t8_zm_akud_view
model,#p8_fxanim_zm_man_pap_lantern_mod
model,#p8_zm_man_main_hall_dome_base_dmg
model,#p8_zm_man_pap_painting_garden
model,#p8_zm_man_door_room_smoking_lt_full
model,#p8_fxanim_zm_man_atlas_control_panel_mod
model,#hash_7709e9db480dc4c
model,#p8_zm_man_urn_victorian_b
model,#p8_zm_man_gate_metal_01_left
model,#p8_zm_man_telescope_control_wheel_press
model,#p8_fxp_blightfather_tongue_tendril
model,#p8_zm_man_door_room_library_rt_pocket
model,#p8_zm_man_pap_gazing_stone_02_full
model,#hash_81b883173b6a2fd
model,#fx_char_gib_chunk_meat01
model,#fx_char_gib_chunk_meat03
model,#fx_char_gib_chunk_meat02
model,#p8_zm_man_doll_baby_antique
model,#p8_zm_zod_coal_cluster_single_warm
model,#p8_zm_wall_buy_smg_handling
model,#p8_fxanim_zm_man_ka01_mod
model,#c_t8_zmb_dlc1_zombie_3rdclass_male_body1_split
model,#p8_fxanim_zm_man_greenhouse_planters_02_mod
model,#hash_9af0ce07aab606c
model,#p8_zm_man_telescope_control_light_symbol_01
model,#p8_zm_man_telescope_control_light_symbol_02
model,#p8_zm_man_telescope_control_light_symbol_03
model,#p8_zm_man_telescope_base_door
model,#hash_a3edaf62e1a1399
model,#p8_zm_man_urn_victorian_lid_b
model,#c_t8_zmb_dlc1_zombie_3rdclass_female_body2_split
model,#c_t8_zmb_dlc1_nosferatu_humanoid_fb1
model,#p8_zm_man_prima_machine_04_centrifuge_gear_btm
model,#p8_zm_esc_warden_vase_01
model,#c_t8_zmb_dlc1_zombie_2ndclass_female_body3_g_llegoff
model,#hash_b80da5ace3388c8
model,#c_t8_zmb_dlc1_zombie_3rdclass_female_body1_g_lowclean
model,#c_t8_zmb_dlc1_zombie_2ndclass_female_body2_g_rarmoff
model,#p8_zm_man_main_hall_dome_base
model,#c_t8_zmb_catalyst_fire_body
model,#c_t8_zmb_3rdclass_male_body3_s_lleg
model,#p8_fxp_fluid_tendril_2_water
model,#c_t8_zmb_catalyst_water_body
model,#p8_zm_chaos_mound_sack_01
model,#c_t8_zmb_dlc1_zombie_2ndclass_female_hat1
model,#c_t8_zmb_dlc1_zombie_2ndclass_female_hat3
model,#p8_zm_man_telescope_control_wheel_leo
model,#p8_zm_elixir_bottle_plain_sight_lid
model,#p7_fxp_debris_metal_scrap_01
model,#p7_fxp_debris_metal_scrap_02
model,#p7_zm_der_magic_box_fake
model,#c_t8_zmb_blightfather_head1
model,#p8_fxanim_zm_man_wine_rack_right_mod
model,#c_t8_zmb_blightfather_tongue2
model,#p8_fxp_doorbuy_void
model,#p7_ban_foliage_tree_acacia_stump_med_lrg
model,#p7_debris_coal_loose_01
model,#hash_d749bb7825e7c40
model,#p8_zm_man_telescope_control_wheel_aquarius
model,#wpn_t8_zm_akud_lvl3_view
model,#p8_fxp_fluid_splash_mud
model,#p8_zm_man_zodiac_sign_pisces
model,#p8_zm_zod_pap_plinth_sequence_earth
model,#p8_zm_zod_coal_cluster_single_hot
model,#p8_zm_man_greenhouse_ext_front_door
model,#c_t8_zmb_3rdclass_male_body2_ghost
model,#p8_zm_man_fire_trap_power_core_off
model,#p8_zm_man_telescope_control_wheel_capricorn
model,#p8_zm_zod_coal_cluster_single_cool
model,#wpn_t7_zmb_zod_rocket_shield_tank_parts
model,#p8_zm_man_charcoal_fireplace
model,#p8_zm_man_zodiac_sign_aries
model,#hash_f9b9c1f4d8ec8b5
model,#p8_zm_man_atlas_control_panel_dial
model,#p8_fxp_fluid_string_1_blood_dark_half
model,#p7_zm_teddybear
model,#p8_fxanim_zm_zod_wormhole_mod
model,#p8_zm_man_pap_case_lid
model,#p8_fxp_candle_flame
model,#p8_zm_man_dead_tree_branches_burned
model,#c_t8_zmb_catalyst_decay_body_noreveal
model,#c_t8_zmb_dlc1_zombie_3rdclass_female_body1_g_llegoff
model,#c_t8_zmb_dlc1_zombie_2ndclass_female_body2_g_blegsoff
model,#hash_116adb9a853ea82c
model,#hash_116ade9a853ead45
model,#hash_117d7be584a505ca
model,#p8_zm_man_prima_machine_04_centrifuge_gear_mid
model,#c_t8_zmb_3rdclass_male_head1_ghost
model,#c_t8_zmb_3rdclass_male_body2_g_larmoff
model,#p8_zm_man_sterling_silver_pickup_candle
model,#p8_zm_man_prima_machine_03_engine_med_piston
model,#p8_jun_debris_wood_plank_burned
model,#p8_fxanim_zm_man_telescope_control_gears_mod
model,#p8_zm_zod_ice_chunk_med_01
model,#c_t8_zmb_dlc1_nosferatu_chunk_lhand
model,#p7_cemetery_gravestone_01
model,#p8_zm_man_dresser_bedroom_lrg_drawer_02
model,#p8_zm_man_dresser_bedroom_lrg_drawer_01
model,#p8_zm_man_main_hall_ceiling_debris_05
model,#p8_zm_man_main_hall_ceiling_debris_04
model,#p8_zm_man_main_hall_ceiling_debris_03
model,#p8_zm_man_main_hall_ceiling_debris_02
model,#p8_zm_man_main_hall_ceiling_debris_01
model,#p8_zm_man_artifact_sentinel_combined_decals_fire
model,#hash_1386cb3c1281b0a2
model,#p8_fxp_fluid_string_omni_blood_dark_hirez
model,#p8_zm_chaos_mount_01
model,#c_t8_zmb_catalyst_fire_lfoot_gib
model,#p8_fxanim_zm_man_pap_graveyard_mod
model,#c_t8_zmb_dlc1_hero_brigadier_head1_igc_outro
model,#p8_zm_elixir_in_plain_sight_ui
model,#p8_zm_man_door_room_smoking_rt_full
model,#zombietron_gib_chunk_meat_01
model,#zombietron_gib_chunk_meat_02
model,#c_t8_zmb_dlc1_zombie_3rdclass_female_body2_g_larmoff
model,#c_t8_zmb_dlc1_zombie_3rdclass_female_body2_g_upclean
model,#p8_zm_wall_buy_ar_fastfire
model,#c_t8_zmb_dlc1_zombie_3rdclass_male_body2_g_upclean
model,#p8_candle_stick_01_thick_burnt_short
model,#c_t8_zmb_catalyst_fire_rarm_gib
model,#c_t8_zmb_dlc1_hero_brigadier_body1_igc_outro
model,#hash_157cd7058e04a806
model,#p8_zm_door_buy_symbol_01
model,#p8_fxanim_zm_man_bookcase_02_right_mod
model,#p8_zm_man_book_03_sml
model,#c_t8_zmb_3rdclass_male_body3_s_rleg
model,#p8_zm_man_cryptex_case_sign_04_red
model,#p8_zm_man_cryptex_case_wheel_red
model,#p8_zm_man_arena_trap_glow
model,#p8_zm_man_band_stage_nosub
model,#p8_zm_wall_buy_smg_fastfire
model,#wpn_t8_zm_akud_scope_view
model,#p8_zm_man_sterling_silver_pickup_candelabra
model,#p8_zm_man_atlas_control_panel_lid
model,#hash_181ac37e1d450882
model,#p8_fxanim_zm_man_wine_rack_left_mod
model,#wpn_t7_zmb_dlc2_shield_dmg02_view
model,#c_t8_zmb_dlc1_zombie_3rdclass_male_body3_g_rarmoff_skin3
model,#c_t8_zmb_dlc1_zombie_3rdclass_male_body3_g_rarmoff_skin2
model,#p8_zm_vapor_altar_danu_leaf_single_01_dry
model,#p8_zm_man_forest_gate_emblem_on
model,#p8_fxanim_zm_man_clock_01_mod
model,#hash_19289480afa7acb8
model,#p7_wes_watch_pocket_chain_gold
model,#p8_zm_esc_candle_med_melt_on
model,#hash_199457dc1517fc7f
model,#viewmodel_hands_no_model
model,#wpn_t8_zm_battle_shield_gun_view
model,#p8_zm_man_arena_statue_wing_closed_lrg
model,#c_t8_zmb_1stclass_male_body2_split
model,#c_t8_zmb_dlc1_zombie_1stclass_male_body3_g_upclean
model,#hash_1a8e66a7966f8086
model,#c_t8_zmb_dlc1_hero_scarlett_head1_igc
model,#hash_1b19928f8d99c9e1
model,#p8_fxp_fluid_droplet_blood_dark_half_hirez
model,#c_t8_zmb_dlc1_zombie_1stclass_male_body1_split
model,#p7_skulls_bones_head_01
model,#c_t8_zmb_blightfather_mouth_dmg1
model,#c_t8_zmb_dlc1_zombie_3rdclass_male_body1_g_larmoff
model,#p8_zm_man_cryptex_case_lock_gear
model,#wpn_t8_zm_akud_lvl3_world
model,#p8_zm_man_artifact_sentinel_combined_cards_fire
model,#c_t8_zmb_titanic_stoker_rshoulder_cap1
model,#p8_fxanim_zm_man_door_explode_mod
model,#p8_zm_man_tea_room_door_frame_top_air
model,#c_t8_zmb_dlc1_zombie_3rdclass_female_body2_g_blegsoff
model,#p8_zm_man_prima_machine_04_centrifuge_gear_lrg
model,#p8_zm_man_telescope_pillar_support
model,#p8_zm_wall_buy_lmg_titan
model,#c_t8_zmb_dlc1_zombie_1stclass_female_body1_g_rarmoff
model,#p8_fxanim_zm_mansion_prima_machine_mod
model,#c_t8_zmb_dlc1_nosferatu_humanoid_chaos_drop
model,#p8_fxanim_zm_man_pap_drawers_mod
model,#p8_zm_man_statue_kisa_stone_plate_01_glow
model,#c_t8_zmb_dlc1_zombie_3rdclass_male_body3_g_lowclean_skin3
model,#c_t8_zmb_dlc1_zombie_3rdclass_male_body3_g_lowclean_skin2
model,#hash_1e5559d9a4922ce7
model,#p8_zm_chaos_portal_01_chunk_02
model,#p8_zm_chaos_portal_01_chunk_03
model,#p8_zm_chaos_portal_01_chunk_01
model,#fx_char_gib_chunk_flesh02
model,#fx_char_gib_chunk_flesh03
model,#c_t8_zmb_titanic_stoker_shovel1
model,#tag_origin_animate
model,#hash_1f2c47a982c9778d
model,#p8_zm_man_zodiac_sign_virgo
model,#p8_fxanim_zm_man_atlas_crystal_mod
model,#wpn_t8_zm_akud_lvl2_view
model,#p8_zm_man_sterling_silver_pickup_tray
model,#p8_zm_man_bookcase_vintage_left_01
model,#p7_zm_sta_bldg_urn_stone_xlrg
model,#p8_zm_man_tea_room_door_frame_top_fire
model,#hash_208d87be6232d28a
model,#c_t8_zmb_dlc1_zombie_1stclass_female_head2
model,#p8_zm_man_cryptex_case_lock_peg
model,#p8_zm_man_book_02_sml
model,#p8_zm_headstone_engraving_face_brigadier_decal
model,#p8_mov_zm_man_library_ceiling_01
model,#wpn_t8_zm_akud_lvl2_world
model,#p8_fxanim_zm_vapor_altar_zeus_mod
model,#p8_zm_wall_buy_symbol_01_top
model,#c_t8_zmb_dlc1_zombie_2ndclass_female_body2_g_rlegoff
model,#c_t8_zmb_catalyst_fire_head
model,#p8_zm_man_fire_trap_console
model,#p8_fxanim_zm_man_bookcase_01_left_mod
model,#c_t8_zmb_3rdclass_male_body1_g_upclean
model,#c_t8_zmb_dlc1_zombie_2ndclass_female_body3_g_blegsoff
model,#p8_zm_man_druid_door_stone_circle
model,#wpn_t8_zm_battle_shield_buckler_world
model,#p8_zm_man_zodiac_sign_cancer
model,#c_t8_zmb_dlc1_catherine_ghost_head
model,#c_t8_zmb_dlc1_zombie_2ndclass_female_body1_g_lowclean
model,#hash_23589074094c0c89
model,#p8_zm_headstone_engraving_1945
model,#p8_zm_headstone_engraving_1950
model,#p8_zm_headstone_engraving_1927
model,#p8_zm_headstone_engraving_1918
model,#p8_zm_headstone_engraving_1912
model,#p8_mov_zm_man_letter_card_01
model,#p8_mov_zm_man_letter_card_02
model,#p8_mov_zm_man_letter_card_03
model,#c_t8_zmb_dlc1_zombie_2ndclass_female_body3_g_rlegoff
model,#c_t8_zmb_3rdclass_male_head4
model,#c_t8_zmb_3rdclass_male_head1
model,#c_t8_zmb_3rdclass_male_head2
model,#c_t8_zmb_3rdclass_male_head3
model,#c_t8_zmb_dlc1_zombie_3rdclass_male_body1_g_llegoff
model,#hash_2415e81880582ab9
model,#c_t8_zmb_dlc1_zombie_3rdclass_female_body3_g_lowclean
model,#p8_zm_man_main_hall_ceiling_window_panel_01
model,#p8_fxp_fluid_splash_blood
model,#p8_zm_wall_buy_pistol_revolver
model,#p8_zm_man_atlas_control_panel_bracket
model,#p8_zm_man_statue_kisa_stone_plate_01
model,#p8_zm_man_statue_kisa_stone_plate_02
model,#p8_zm_man_statue_kisa_stone_plate_03
model,#c_t8_zmb_dlc1_zombie_3rdclass_male_body3_g_upclean_skin2
model,#c_t8_zmb_dlc1_zombie_3rdclass_male_body3_g_upclean_skin3
model,#c_t8_zmb_catalyst_water_rhand_gib
model,#c_t8_zmb_dlc1_zombie_1stclass_male_body3
model,#c_t8_zmb_dlc1_zombie_1stclass_male_body1
model,#c_t8_zmb_dlc1_zombie_2ndclass_female_body1_split
model,#wpn_t8_sig_battle_shield_world
model,#p8_fxanim_zm_man_bookcase_01_right_mod
model,#p8_stone_block_wall_pillar_top_01_grey_xlrg
model,#p8_zm_man_greenhouse_planter_cap
model,#c_t8_zmb_dlc1_zombie_2ndclass_female_body3_g_lowclean
model,#hash_276d889c705232de
model,#p7_cai_lantern_round_c_copper_sml
model,#wpn_t8_zm_knife_bowie_world
model,#p8_zm_man_dining_door_handle_rt
model,#hash_2840a717281ec3c0
model,#p8_zm_man_dining_door_handle_lt
model,#p8_zm_man_decal_clock_charging_circle
model,#hash_28ae389c66249846
model,#c_t8_zmb_dlc1_zombie_1stclass_male_body2_g_llegoff
model,#hash_28f791b6dd2cda67
model,#hash_29276b0b356572fc
model,#p8_fxanim_zm_man_atlas_rings_mod
model,#wpn_t8_zm_akud_world
model,#p8_zm_man_telescope_control_wheel_taurus
model,#p8_zm_man_prima_machine_04_centrifuge_mid
model,#c_t8_zmb_1stclass_female_body1_s_lleg
model,#c_t8_zmb_3rdclass_male_body3_s_larm
model,#p8_zm_man_pap_gazing_stone_vase_02_piece_04
model,#p8_zm_man_pap_gazing_stone_vase_02_piece_02
model,#p8_zm_man_pap_gazing_stone_vase_02_piece_03
model,#p8_zm_man_pap_gazing_stone_vase_02_piece_01
model,#p7_wes_bank_books_leather_red_sml
model,#c_t8_zmb_dlc1_zombie_1stclass_female_hat1
model,#p8_zm_man_telescope_control_wheel_sagittarius
model,#hash_2a92f1695394c8c6
model,#p8_zm_wall_buy_shotgun_trenchgun
model,#p8_zm_wall_buy_tr_longburst
model,#c_t8_zmb_catalyst_water_lfoot_gib
model,#p8_zm_man_cryptex_case_sign_02_blue
model,#c_t8_zmb_titanic_stoker_clavicle1_gibbed
model,#p7_debris_rockychunks_small_01
model,#p7_debris_rockychunks_small_12
model,#hash_2b66c7b5ad43952b
model,#hash_2b87b734e194ea79
model,#c_t8_zmb_dlc1_zombie_1stclass_male_body1_split_skin3
model,#c_t8_zmb_dlc1_zombie_1stclass_male_body1_split_skin2
model,#c_t8_zmb_3rdclass_female_head1
model,#p8_zm_man_cryptex_case_sign_01_blue
model,#wpn_t8_zm_akud_clip_lvl3_world
model,#p8_fxanim_zm_man_barricade_exterior_01_mod
model,#wpn_t8_zm_knife_stake_world
model,#p8_zm_gla_egy_coin_gold_pouch_open
model,#p8_zm_man_atlas_control_panel_rail_short
model,#p8_fxanim_zm_man_pap_safe_mod
model,#c_t8_zmb_dlc1_zombie_1stclass_female_body1_g_larmoff
model,#hash_2ca16ba132e540dd
model,#p8_fxanim_zm_man_ka03_mod
model,#p7_foliage_tree_ponderosa_pine_broken_04_log_sml
model,#c_t8_zmb_dlc1_zombie_3rdclass_male_body1_g_rarmoff
model,#p8_fxanim_zm_man_pap_wall_mod
model,#p8_fxanim_zm_man_atlas_mod
model,#p8_zm_man_pap_gazing_stone_01_off
model,#fx_debris_stone_01
model,#p8_zm_man_atlas_control_panel_console
model,#p8_mov_zm_man_champagne_bottle
model,#p8_zm_man_telescope_control_wheel_aries
model,#p8_fxanim_zm_man_greenhouse_planters_01_mod
model,#wpn_t8_zm_battle_shield_gun_world
model,#c_t8_zmb_2ndclass_female_body3
model,#c_t8_zmb_catalyst_electric_head
model,#c_t8_zmb_dlc1_zombie_3rdclass_male_body1_g_behead
model,#c_t8_zmb_dlc1_nosferatu_fb1
model,#wpn_t7_zmb_dlc2_shield_dmg01_view
model,#p8_zm_man_druid_door
model,#p8_zm_werewolf_claw_marks_grp_04_01
model,#p8_zm_man_door_room_billiard_lt_pocket
model,#p8_zm_man_prima_machine_04_centrifuge_base
model,#fx_axis_createfx
model,#p8_fxanim_zm_man_greenhouse_ext_front_door_mod
model,#p8_zm_man_tea_room_door_frame_top_earth
model,#hash_2fa3430bd92ec805
model,#p7_gib_chunk_fat
model,#p8_zm_man_wine_bottle
model,#hash_2fd7d12881613ff1
model,#p8_zm_man_zodiac_sign_sagittarius
model,#c_t8_zmb_catalyst_water_head
model,#p8_rock_vsq_med_01
model,#p8_zm_barricade_board_collision
model,#p8_zm_man_painting_jumpscare_frame
model,#p7_decanter_glass_stopper
model,#p8_zm_wall_buy_shotgun_pump
model,#c_t8_zmb_dlc1_zombie_2ndclass_female_body2_g_lowclean
model,#wpn_t8_zm_crossbow_impaler_projectile
model,#p8_zm_man_telescope_control_wheel_scorpio
model,#c_t8_zmb_dlc1_zombie_3rdclass_male_body2_g_rarmoff
model,#p8_fxanim_zm_man_pap_quest_statue_garden_mod
model,#p8_zm_man_silver_bullet_pile
model,#c_t8_zmb_3rdclass_male_body1_g_blegsoff
model,#p8_zm_esc_candle_med_on
model,#p8_fxanim_zm_man_power_seq_03_mod
model,#p8_fxanim_zm_man_wm_stick_03_mod
model,#c_t8_zmb_dlc1_zombie_3rdclass_female_body1_g_blegsoff
model,#p8_fxanim_zm_man_pap_sarcophagus_mod
model,#p8_zm_man_pap_gazing_stone_vase_04_piece_04
model,#p8_zm_man_pap_gazing_stone_vase_04_piece_01
model,#p8_zm_man_pap_gazing_stone_vase_04_piece_02
model,#p8_zm_man_pap_gazing_stone_vase_04_piece_03
model,#c_t8_zmb_dlc1_nosferatu_humanoid_chunk_lhand
model,#p8_zm_man_arena_trap_plate
model,#c_t8_zmb_3rdclass_male_body1_g_lowclean
model,#c_t8_zmb_dlc1_zombie_3rdclass_female_body1_g_rlegoff
model,#p8_zm_man_zodiac_sign_scorpio
model,#c_t8_zmb_dlc1_zombie_1stclass_female_body1_g_upclean_skin2
model,#c_t8_zmb_dlc1_zombie_1stclass_female_body1_g_upclean_skin3
model,#c_t8_zmb_dlc1_zombie_1stclass_female_body1_g_upclean_skin4
model,#c_t8_zmb_dlc1_zombie_1stclass_female_body1_g_upclean_skin5
model,#c_t8_zmb_dlc1_zombie_1stclass_female_body1_g_upclean_skin6
model,#p8_zm_man_book_04_lrg
model,#c_t8_zmb_dlc1_zombie_2ndclass_female_body2_g_upclean
model,#c_t8_zmb_dlc1_alistair_head1_igc
model,#c_t8_zmb_dlc1_zombie_1stclass_male_body2_g_larmoff
model,#p8_fxp_fluid_splash_blood_dark_half_hirez
model,#c_t8_zmb_blightfather_elbow1_ri
model,#c_t8_zmb_blightfather_elbow1_le
model,#p7_ra2_tool_vintage_horseshoe
model,#p8_zm_deity_icon_audio_ra
model,#p8_zm_atlas_statue_world
model,#c_t8_zmb_dlc1_nosferatu_humanoid_chunk_rhand
model,#wpn_t8_zm_pistol_webly_prop_animate
model,#c_t8_zmb_catalyst_fire_larm_gib
model,#p8_zm_man_crypt_tomb_lid
model,#p8_zm_wall_buy_symbol_01_reverse
model,#c_t8_zmb_dlc1_zombie_3rdclass_female_body1_g_rarmoff
model,#p8_fxanim_zm_man_bookcase_02_left_mod
model,#hash_3570eb500417bb3a
model,#p8_fxanim_zm_man_ooze_clump_02_mod
model,#c_t8_zmb_catalyst_decay_body
model,#c_t8_zmb_dlc1_werewolf_boss_fb1
model,#p8_zm_door_buy_top
model,#c_t8_zmb_catalyst_water_rfoot_gib
model,#p8_zm_man_bookcase_vintage_lrg_left_01
model,#p8_zm_man_main_hall_ceiling_support_01_dmg_01
model,#hash_3666829f45a6b4e7
model,#p8_zm_man_prima_machine_04_centrifuge_gear_int
model,#p8_zm_man_cryptex_case_sign_03_blue
model,#c_t8_zmb_blightfather_mouth
model,#p8_zm_man_cryptex_case_sign_01_green
model,#hash_36ac99f07feba2c5
model,#wpn_t8_zm_crossbow_impaler_mag_view
model,#hash_36f02781e6db9e53
model,#hash_36f02881e6dba006
model,#c_t8_zmb_1stclass_female_body1_s_rleg
model,#c_t8_zmb_dlc1_zombie_2ndclass_female_body1_g_rarmoff
model,#p8_zm_zod_phonograph_opera_roll
model,#p8_fxp_fluid_droplet_blood
model,#c_t8_zmb_dlc1_catherine_ghost_body
model,#p8_fxanim_zm_man_pap_platter_mod
model,#c_t8_zmb_catalyst_fire_rfoot_gib
model,#p8_zm_wall_buy_smg_accurate
model,#c_t8_zmb_catalyst_decay_head_noreveal
model,#p8_zm_esc_candle_med_melt
model,#hash_38a0ed9bf327a9a7
model,#p8_zm_man_statue_kisa_stone_plate_02_glow
model,#p8_zm_door_buy_triangles
model,#p8_fxanim_zm_man_cryptex_case_mod
model,#p8_zm_man_greenhouse_ext_dome_01
model,#p8_zm_man_cemetery_rail_pillar_short_decals
model,#p8_zm_man_door_room_library_lt_pocket
model,#c_t8_mp_spe_ruin_head1
model,#p8_zm_man_table_ornate_marble
model,#p8_zm_man_cryptex_case_sign_04_yellow
model,#p8_zm_power_door_symbol_01
model,#c_t8_zmb_blightfather_eggsack1_ri
model,#c_t8_zmb_dlc1_zombie_3rdclass_male_body3_g_rarmoff
model,#c_t8_zmb_blightfather_eggsack1_le
model,#p8_zm_man_dead_tree_branches_04
model,#p8_zm_man_dead_tree_branches_05
model,#p8_zm_man_dead_tree_branches_02
model,#p8_zm_man_dead_tree_branches_03
model,#p8_zm_man_dead_tree_branches_01
model,#hash_3ae1ad382a5ec0c8
model,#p8_zm_vapor_altar_danu_leaf_single_02_dry
model,#p8_zm_gla_egy_coin_gold_pouch_spilled
model,#c_t8_zmb_blightfather_body1_gib
model,#wpn_t7_zmb_dlc2_shield_dmg01_world
model,#p8_zm_man_light_lamp_desk_pattern_on
model,#p8_zm_man_prima_machine_01_sml_door
model,#p8_fxanim_zm_man_clock_02_mod
model,#p8_zm_man_dining_door_lt
model,#p8_zm_man_prima_machine_01_lrg_door
model,#p8_zm_man_dining_door_rt
model,#p7_gib_chunk_flesh_01
model,#p7_gib_chunk_flesh_03
model,#p7_gib_chunk_flesh_02
model,#c_t8_zmb_dlc1_zombie_1stclass_female_body1_g_behead
model,#p8_fxanim_zm_man_ooze_clump_03_mod
model,#p8_zm_headstone_engraving_died
model,#p8_zm_man_pap_gazing_stone_vase_03_allstates
model,#p8_zm_man_prima_machine_03_wheel
model,#c_t8_zmb_3rdclass_male_body2
model,#c_t8_zmb_3rdclass_male_body1
model,#hash_3d678db8e5490a86
model,#p8_fxanim_zm_man_power_seq_01_mod
model,#hash_3d81fa5687d50740
model,#p8_zm_man_foliage_tree_birch_lrg_green_rob
model,#p8_fxanim_zm_man_wm_stick_01_mod
model,#c_t8_zmb_dlc1_zombie_1stclass_female_body1_g_rlegoff
model,#p7_decanter_glass_bottle
model,#c_t8_zmb_dlc1_zombie_1stclass_female_body1
model,#p8_zm_man_crypt_tomb
model,#p8_fxp_fluid_tendril_1_water
model,#p8_zm_man_cryptex_case_sign_03_green
model,#wpn_t7_zmb_dlc2_shield_view
model,#c_t8_zmb_dlc1_zombie_2ndclass_female_body1_g_rlegoff
model,#p8_zm_man_book_04
model,#p8_zm_man_book_03
model,#p8_zm_man_book_02
model,#p8_zm_man_book_row_04
model,#p8_zm_man_book_row_02
model,#p8_zm_man_book_row_03
model,#p8_zm_silver_bullet_pile_01
model,#c_t8_zmb_dlc1_werewolf_fb1
model,#p8_zm_man_dome_crank_wheel_dmg
model,#p8_zm_man_beam
model,#p8_vase_ceramic_01_dmg_piece_03
model,#p8_vase_ceramic_01_dmg_piece_02
model,#p8_vase_ceramic_01_dmg_piece_01
model,#p8_zm_zod_crafting_table_shield_parts_03
model,#p8_zm_zod_crafting_table_shield_parts_02
model,#p8_zm_zod_crafting_table_shield_parts_01
model,#p8_zm_man_arena_statue_man
model,#p8_fxanim_zm_man_pap_quest_statue_fountain_mod
model,#p8_zm_man_atlas_control_panel_rail_long
model,#p8_zm_man_bookcase_vintage_sml_03
model,#p8_zm_man_bookcase_vintage_sml_02
model,#p8_zm_man_door_room_hinge_reverse
model,#p8_foliage_flower_lavender_sml
model,#p8_fxp_fluid_string_3_blood_dark_half
model,#hash_40cd2763af725b10
model,#c_t8_zmb_dlc1_zombie_1stclass_female_body1_g_rlegoff_skin3
model,#c_t8_zmb_dlc1_zombie_1stclass_female_body1_g_rlegoff_skin2
model,#c_t8_zmb_dlc1_zombie_1stclass_female_body1_g_rlegoff_skin6
model,#c_t8_zmb_dlc1_zombie_1stclass_female_body1_g_rlegoff_skin5
model,#c_t8_zmb_dlc1_zombie_1stclass_female_body1_g_rlegoff_skin4
model,#c_t8_mp_spe_ruin_body1
model,#p7_gib_chunk_bone_01
model,#p7_gib_chunk_bone_03
model,#p7_gib_chunk_bone_02
model,#p8_zm_man_bookcase_vintage_right_01
model,#p8_zm_man_zodiac_sign_aquarius
model,#p8_zm_man_cabinet_wall_wine_rt
model,#hash_416307c059f2e137
model,#c_t8_zmb_dlc1_zombie_3rdclass_female_body3_g_rlegoff
model,#c_t8_zmb_dlc1_zombie_3rdclass_female_body1_g_larmoff
model,#p8_zm_man_cabinet_wall_wine_lt
model,#p8_zm_man_telescope_platform
model,#c_t8_zmb_3rdclass_male_body3_s_rarm
model,#p7_zm_vending_packapunch_weapon
model,#c_t8_zmb_dlc1_zombie_3rdclass_female_body1_g_behead
model,#p8_zm_man_tea_room_door_frame_top_water
model,#p8_zm_man_door_room_music_lt_pocket
model,#c_t8_zmb_dlc1_zombie_1stclass_female_body1_g_llegoff_skin3
model,#c_t8_zmb_dlc1_zombie_1stclass_female_body1_g_llegoff_skin2
model,#c_t8_zmb_dlc1_zombie_1stclass_female_body1_g_llegoff_skin5
model,#c_t8_zmb_dlc1_zombie_1stclass_female_body1_g_llegoff_skin4
model,#c_t8_zmb_dlc1_zombie_1stclass_female_body1_g_llegoff_skin6
model,#p8_zm_atlas_statue_inner_crystal
model,#wpn_t8_zm_knife_stake_view
model,#c_t8_zmb_2ndclass_female_body3_split
model,#hash_447a09d683d7278b
model,#wpn_t8_zm_knife_bowie_silver_world
model,#c_t8_zmb_dlc1_zombie_3rdclass_male_body3_g_larmoff
model,#p8_zm_man_pap_gazing_stone_vase_04
model,#p8_zm_man_pap_gazing_stone_vase_02
model,#p8_zm_man_pap_gazing_stone_vase_03
model,#p8_zm_man_pap_gazing_stone_vase_01
model,#p8_zm_deity_icon_audio_odin
model,#hash_450d03c17043b5fc
model,#c_t8_zmb_catalyst_fire_lleg_gib
model,#c_t8_zmb_titanic_stoker_body1
model,#p8_zm_man_band_stage_dmg_nosub
model,#c_t8_zmb_dlc1_zombie_3rdclass_male_body3_g_upclean
model,#hash_45cbaae215e09389
model,#p7_zm_vending_packapunch_sign_wait
model,#p8_zm_man_artifact_sentinel_combined_cards
model,#c_t8_zmb_dlc1_zombie_1stclass_male_body3_split
model,#p8_zm_man_artifact_sentinel_combined_decals
model,#c_t8_zmb_3rdclass_male_body2_g_upclean
model,#p8_zm_man_zodiac_sign_libra
model,#c_t8_zmb_dlc1_zombie_3rdclass_female_head1
model,#c_t8_zmb_hero_scarlett_necklace_igc
model,#p8_zm_man_painting_jumpscare
model,#p8_zm_man_prima_machine_03_engine_lrg_piston
model,#c_t8_zmb_dlc1_zombie_1stclass_male_body1_g_upclean
model,#p8_zm_man_statue_kisa_stone_03
model,#p8_zm_man_statue_kisa_stone_02
model,#p8_zm_man_statue_kisa_stone_01
model,#c_t8_zmb_dlc1_zombie_2ndclass_female_body1_g_larmoff
model,#hash_485dabee10eddd9a
model,#p8_fxanim_zm_man_barricade_exterior_02_mod
model,#p7_shr_candle_holder
model,#c_t8_zmb_dlc1_zombie_2ndclass_female_body1
model,#c_t8_zmb_dlc1_zombie_2ndclass_female_body2
model,#c_t8_zmb_dlc0_hero_diego_head1
model,#wpn_t7_zmb_zod_revolver38_view
model,#p8_zm_wall_buy_ar_accurate
model,#p8_fxanim_zm_man_power_seq_02_mod
model,#p8_zm_man_door_room_billiard_rt_pocket
model,#p8_fxanim_zm_man_druid_door_mod
model,#p7_kfu_temple_lion_statue_sml
model,#fx_pistol_shell_blur
model,#p8_zm_man_atlas_control_panel_box
model,#p8_zm_atlas_statue_02
model,#p8_zm_man_zodiac_sign_capricorn
model,#p8_zm_man_beam_spike
model,#p8_mov_zm_man_letter_01
model,#p8_zm_man_jewelry_bracelet
model,#p8_zm_man_book_row_02_sml
model,#p8_zm_man_telescope_base
model,#hash_4bb1cb274e18c7f7
model,#p8_zm_man_prima_machine_04_centrifuge_gear_top
model,#p8_zm_wall_buy_pistol_standard
model,#p8_zm_man_telescope_base_wheel
model,#p7_fxp_debris_dirt_clod_01_brown
model,#p8_zm_man_greenhouse_ext_dome_01_cover_r
model,#p8_zm_man_greenhouse_ext_dome_01_cover_l
model,#c_t8_zmb_dlc1_zombie_3rdclass_female_body2_g_rlegoff
model,#p8_zm_man_pap_gazing_stone_vase_01_piece_04
model,#p8_zm_man_pap_gazing_stone_vase_01_piece_03
model,#p8_zm_man_pap_gazing_stone_vase_01_piece_02
model,#p8_zm_man_pap_gazing_stone_vase_01_piece_01
model,#c_t8_zmb_dlc1_zombie_3rdclass_female_body3_g_rarmoff
model,#c_t8_zmb_catalyst_electric_lfoot_gib
model,#c_t8_zmb_catalyst_electric_rarm_gib
model,#p8_zm_elixir_lid_ui
model,#p8_zm_man_telescope_base_gear_02
model,#p8_zm_man_telescope_base_gear_03
model,#p8_zm_man_telescope_base_gear_01
model,#p8_zm_man_telescope_base_gear_04
model,#p7_bottle_glass_liquor_01
model,#p8_fxp_fluid_pool_blood_dark_half_hirez
model,#p8_zm_vapor_altar_zeus_lightning_bolt_03
model,#p8_zm_vapor_altar_zeus_lightning_bolt_02
model,#p8_zm_vapor_altar_zeus_lightning_bolt_01
model,#p8_zm_vapor_altar_zeus_lightning_bolt_04
model,#fx_char_gib_chunk_bone02
model,#fx_char_gib_chunk_bone03
model,#fx_char_gib_chunk_bone01
model,#p8_zm_man_prima_machine_04_centrifuge_gear_ext
model,#hash_4d753130e0ee6d2b
model,#p8_zm_wall_buy_symbol_01
model,#p8_zm_man_bookcase_vintage_lrg_right_01
model,#c_t8_zmb_3rdclass_male_body1_g_larmoff
model,#p8_fxp_zm_scepter_sun
model,#c_t8_zmb_dlc1_zombie_3rdclass_female_body3_split
model,#hash_4efdd19dfd268f23
model,#p8_zm_man_statue_kisa_stone_plate_03_glow
model,#p8_fxanim_zm_vapor_altar_danu_mod
model,#p8_zm_man_dresser_bedroom_lrg
model,#p8_zm_man_cryptex_case_sign_02_green
model,#p8_zm_man_telescope_control_wheel_full
model,#p8_zm_man_bat_guano_pile
model,#wpn_t8_zm_crossbow_impaler_world
model,#p8_zm_man_fire_trap_lever
model,#c_t8_zmb_3rdclass_male_body1_split
model,#p8_zm_man_dome_crank_wheel
model,#c_t8_zmb_dlc1_zombie_1stclass_male_body1_g_larmoff_skin2
model,#c_t8_zmb_dlc1_zombie_1stclass_male_body1_g_larmoff_skin3
model,#p8_zm_man_main_hall_ceiling_window_panel_01_dmg_01
model,#p8_zm_man_main_hall_ceiling_window_panel_01_dmg_02
model,#p8_zm_man_main_hall_ceiling_window_panel_01_dmg_03
model,#c_t8_zmb_dlc1_hero_scarlett_body1_igc
model,#p8_zm_man_door_room_entrance_rt_full
model,#p8_fxanim_zm_vapor_altar_ra_mod
model,#p8_zm_man_door_room_hinge
model,#c_t8_zmb_dlc1_zombie_1stclass_male_body3_g_rlegoff
model,#c_t8_zmb_dlc1_zombie_1stclass_female_body1_g_blegsoff
model,#p8_zm_man_crypt_tomb_pedestal
model,#p8_zm_man_beam_gear_04
model,#p8_zm_man_beam_gear_03
model,#p8_zm_man_beam_gear_02
model,#p8_zm_man_beam_gear_01
model,#p8_fxanim_zm_man_telescope_mod
model,#c_t8_zmb_dlc1_zombie_3rdclass_male_body1_g_rlegoff
model,#c_t8_zmb_catalyst_electric_lleg_gib
model,#p7_zm_der_magic_box_fake_trunk
model,#c_t8_zmb_dlc1_zombie_2ndclass_female_body1_g_blegsoff
model,#p8_zm_man_telescope_control_wheel_virgo
model,#c_t8_zmb_dlc1_zombie_3rdclass_female_body1
model,#c_t8_zmb_dlc1_zombie_3rdclass_female_body3
model,#c_t8_zmb_dlc1_zombie_3rdclass_female_body2
model,#c_t8_zmb_dlc1_zombie_2ndclass_female_body1_g_behead
model,#p8_fxp_fluid_string_omni_blood
model,#c_t8_zmb_3rdclass_male_body1_g_llegoff
model,#c_t8_zmb_dlc1_zombie_2ndclass_female_body2_g_llegoff
model,#p8_zm_man_pap_gazing_stone_03_full
model,#c_t8_zmb_dlc1_werewolf_chaos_drop
model,#wpn_t8_zm_battle_shield_buckler_view
model,#p8_zm_man_cryptex_case_top
model,#c_t8_zmb_dlc1_zombie_1stclass_female_body1_g_llegoff
model,#p8_fxanim_zm_man_ka02_mod
model,#hash_56c9247d0d212c9e
model,#c_t8_zmb_catalyst_fire_head_gib
model,#p8_zm_man_telescope_control_wheel_libra
model,#p8_mov_zm_man_tree_pine_01
model,#p8_zm_man_greenhouse_planter_box_empty
model,#p8_zm_man_druid_door_stone_triangle
model,#c_t8_zmb_dlc1_zombie_2ndclass_female_hat2_skin2
model,#p8_zm_chaos_portal_01
model,#c_t8_zmb_dlc1_zombie_3rdclass_male_hat1
model,#p8_zm_man_artifact_sentinel_combined_fire
model,#c_t8_zmb_titanic_stoker_head_cap1
model,#p8_zm_man_pap_gazing_stone_vase_01_allstates
model,#p8_zm_werewolf_claw_marks_grp_05_01
model,#p8_fxanim_zm_man_ooze_clump_01_mod
model,#p8_fxanim_zm_man_crypt_mod
model,#c_t8_zmb_dlc1_hero_gunslinger_body1_igc_outro
model,#p8_zm_zod_light_fixture_stairs_candle_holder_off
model,#hash_59557f9ec25ca3eb
model,#p8_zm_man_arena_statue_woman
model,#c_t8_zmb_catalyst_electric_larm_gib
model,#p8_zm_elixir_sword_flay_ui
model,#p8_zm_man_atlas_control_panel_gears
model,#p8_zm_man_main_hall_ceiling_support_01
model,#p8_zm_man_jewelry_ring
model,#p8_zm_man_book_symbol_04
model,#p8_zm_man_book_symbol_05
model,#p8_zm_man_book_symbol_02
model,#p8_zm_man_book_symbol_03
model,#p8_zm_man_book_symbol_01
model,#hash_5a43e347cbe36d95
model,#wpn_t8_zm_knife_bowie_silver_view
model,#c_t8_zmb_dlc1_hero_butler_body1_igc_outro
model,#c_t8_zmb_titanic_stoker_larm1
model,#hash_5b736a8e0773edee
model,#hash_5b8263fbcde32dca
model,#p8_fxanim_zm_man_pap_quest_entrance_room_mod
model,#c_t8_zmb_dlc1_zombie_2ndclass_female_body3_g_upclean
model,#c_t8_zmb_2ndclass_female_head1
model,#p8_zm_man_artifact_sentinel_key_fire
model,#p8_zm_zod_ice_chunk_lrg_01
model,#p8_zm_gla_stone_cobblestone_01_section_01
model,#viewmodel_default
model,#p7_gib_chunk_meat_01
model,#p7_gib_chunk_meat_02
model,#p7_gib_chunk_meat_03
model,#p8_fxp_fluid_clump_mud
model,#hash_5cfd4357a856116f
model,#hash_5cfd4c57a85620ba
model,#hash_5d06211bf0e634fb
model,#c_t8_zmb_dlc1_hero_butler_head1_glow
model,#p8_zm_man_pap_painting_cemetery
model,#hash_5dc15c0a1e7a2fa3
model,#p8_zm_chaos_portal_01_chunk_01_cheap
model,#p8_fxanim_zm_man_chandelier_fall_mod
model,#p8_zm_man_watch_pocket_gold
model,#hash_5e1da3d517d3a706
model,#p8_zm_man_pap_gazing_stone_vase_02_allstates
model,#p8_zm_headstone_engraving_face_gunslinger_decal
model,#c_t8_zmb_catalyst_electric_body
model,#c_t8_zmb_titanic_stoker_body1_gibbed
model,#p8_zm_man_forest_gate_emblem_off
model,#c_t8_zmb_3rdclass_male_body1_g_rarmoff
model,#c_t8_zmb_catalyst_water_rarm_gib
model,#p8_zm_zod_coal_cluster_ball
model,#hash_5efa93dfab3699ad
model,#wpn_t8_zm_akud_scope_ads
model,#c_t8_zmb_dlc1_zombie_1stclass_male_body2_g_rlegoff
model,#c_t8_zmb_dlc1_zombie_3rdclass_male_head1
model,#c_t8_zmb_dlc1_zombie_3rdclass_male_head2
model,#c_t8_zmb_dlc1_zombie_3rdclass_male_head3
model,#p8_zm_elixir_ctrl_z_ui
model,#c_gen_direwolf_fb
model,#p8_zm_man_pap_gazing_stone_vase_02_chunk_01
model,#p8_zm_man_pap_gazing_stone_vase_02_chunk_02
model,#wpn_t8_zm_crossbow_impaler_view
model,#hash_5f75c054d70b8bba
model,#p8_zm_man_cryptex_case_sign_02_yellow
model,#p7_wes_candle_vintage_lrg
model,#p8_zm_man_cemetery_rail_pillar_short
model,#c_t8_zmb_catalyst_fire_rleg_gib
model,#c_t8_zmb_titanic_stoker_boot1_gibbed
model,#c_t8_zmb_dlc1_zombie_2ndclass_female_body2_g_larmoff
model,#p8_zm_man_jar_tea
model,#p8_fxp_fluid_droplet_mud
model,#c_t8_zmb_dlc1_zombie_3rdclass_male_body2_g_larmoff
model,#p7_fxp_debris_rock_01
model,#p7_fxp_debris_rock_02
model,#p7_fxp_debris_rock_03
model,#c_t8_zmb_dlc1_zombie_1stclass_male_body2_g_lowclean
model,#c_t8_zmb_dlc1_zombie_3rdclass_female_hat1
model,#c_t8_zmb_dlc1_zombie_1stclass_male_body3_g_blegsoff
model,#hash_610e699507e56268
model,#p7_fxp_debris_car_glass_shatter_02
model,#p7_fxp_debris_car_glass_shatter_03
model,#p7_fxp_debris_car_glass_shatter_01
model,#p8_zm_wall_buy_pistol_burst
model,#wpn_t8_zm_pistol_webly_prop_animate_lrg
model,#p7_fxp_debris_wood_splinter_02
model,#p7_fxp_debris_wood_splinter_03
model,#p7_fxp_debris_wood_splinter_01
model,#c_t8_zmb_dlc1_alistair_body1
model,#fx_pistol_shell
model,#p8_zm_man_gate_metal_01_right
model,#c_t8_zmb_dlc1_nosferatu_chunk_larm
model,#p8_zm_man_cryptex_case_lock
model,#p8_fxanim_zm_man_grave_lid_break_mod
model,#p7_fxp_debris_dirt_clod_02_brown
model,#wpn_t8_zm_akud_scope_world
model,#c_t8_zmb_dlc1_zombie_2ndclass_female_body3_g_larmoff
model,#c_t8_zmb_catalyst_water_lleg_gib
model,#wpn_t8_zm_battle_shield_turret_view
model,#wpn_t8_zm_ar_lever_action_prop_animate
model,#p8_zm_man_forest_gate_door_lt
model,#wpn_t7_shield_riot_world
model,#p8_zm_man_forest_gate_door_rt
model,#p8_zm_power_door_top
model,#c_t8_zmb_3rdclass_male_body2_g_rarmoff
model,#p8_wz_graveyard_fence_iron_segment_64
model,#c_t8_zmb_catalyst_water_rleg_gib
model,#p8_fxp_fluid_string_2_blood_dark_half
model,#p8_zm_man_prima_machine_04_centrifuge_top
model,#p8_zm_man_trap_electric_front
model,#p8_fxp_fluid_droplet_water
model,#p7_foliage_bush_02_dead
model,#p8_zm_zod_pap_plinth_sequence_air
model,#c_t8_zmb_dlc1_nosferatu_chunk_lfoot
model,#p8_zm_wall_buy_tr_powersemi
model,#c_t8_zmb_dlc0_hero_scarlett_head1
model,#c_t8_zmb_dlc1_zombie_1stclass_female_body1_g_lowclean
model,#p7_zm_zod_nitrous_tank
model,#tag_flash
model,#p8_zm_atlas_statue_inner_ring_01
model,#p8_zm_atlas_statue_inner_ring_03
model,#p8_zm_atlas_statue_inner_ring_02
model,#p8_zm_man_cryptex_case_sign_04_blue
model,#wpn_t7_zmb_zod_rocket_shield_eagle
model,#p8_zm_elixir_phantom_reload_ui
model,#p8_zm_man_pap_gazing_stone_vase_04_allstates
model,#p8_fxp_fluid_tendril_1_blood_dark_half
model,#p8_zm_man_trap_electric_lever
model,#hash_65d75ec676c02802
model,#c_t8_zmb_titanic_stoker_lshoulder_cap1
model,#p8_fxanim_zm_man_clock_03_mod
model,#p8_zm_vapor_altar_danu_leaf_single_01
model,#p8_zm_vapor_altar_danu_leaf_single_02
model,#wpn_t8_zm_akud_clip_lvl2_world
model,#c_t8_zmb_dlc1_zombie_3rdclass_female_body3_g_llegoff
model,#c_t8_zmb_dlc1_nosferatu_humanoid_chunk_rleg
model,#p8_zm_man_dome_crank
model,#p7_bottle_glass_wine_01
model,#p8_foliage_flower_signet_marigold_sml
model,#c_t8_zmb_dlc1_zombie_1stclass_male_body2_g_blegsoff
model,#p8_zm_zod_pap_plinth_sequence_fire
model,#c_t8_zmb_dlc1_zombie_3rdclass_female_body2_g_lowclean
model,#p8_zm_chaos_portal_01_chunk_02_cheap
model,#c_t8_zmb_dlc0_hero_diego_body1
model,#p8_mov_zm_gla_weapon_sword_01
model,#p8_zm_pap_pedestal
model,#hash_67cc2d78b9a203a7
model,#hash_67db287f0e47a485
model,#c_t8_zmb_dlc1_zombie_3rdclass_female_body1_split
model,#c_t8_zmb_dlc1_zombie_1stclass_male_body3_g_rarmoff
model,#c_t8_zmb_catalyst_electric_head_gib
model,#p8_zm_wall_buy_smg_drum_pistol
model,#c_t8_zmb_dlc1_zombie_3rdclass_male_body1_g_blegsoff
model,#c_t8_zmb_dlc1_nosferatu_humanoid_chunk_rfoot
model,#p8_slu_bench_concrete
model,#p8_zm_man_artifact_sentinel_combined_base
model,#p8_zm_barricade_board_bare_06
model,#p8_zm_barricade_board_bare_04
model,#p8_zm_barricade_board_bare_05
model,#p8_zm_barricade_board_bare_02
model,#p8_zm_barricade_board_bare_03
model,#p8_zm_barricade_board_bare_01
model,#p8_zm_man_prima_machine_03_wheel_sml
model,#c_t8_zmb_dlc1_zombie_1stclass_female_body1_g_upclean
model,#c_t8_zmb_dlc1_zombie_3rdclass_male_body1_g_lowclean
model,#c_t8_zmb_1stclass_male_body2
model,#hash_6a0c5130c0bfd5bb
model,#p8_zm_deity_icon_audio_zeus
model,#c_t8_zmb_catalyst_electric_rhand_gib
model,#p8_zm_power_door_triangles
model,#p8_zm_wall_buy_bowie_knife
model,#c_t8_zmb_dlc1_zombie_1stclass_female_body1_skin3
model,#c_t8_zmb_dlc1_zombie_1stclass_female_body1_skin2
model,#c_t8_zmb_dlc1_zombie_1stclass_female_body1_skin5
model,#c_t8_zmb_dlc1_zombie_1stclass_female_body1_skin4
model,#c_t8_zmb_dlc1_zombie_1stclass_female_body1_skin6
model,#defaultweapon
model,#p8_fxanim_zm_man_barricade_interior_mod
model,#wpn_t8_zm_smg_primary_prop_animate
model,#p8_zm_man_pap_gazing_stone_03_off
model,#hash_6bee1631ad5eb5d4
model,#c_t8_zmb_dlc1_zombie_2ndclass_female_body2_split
model,#p8_zm_zod_planetary_glyphs_moon
model,#hash_6c9251d07d156e41
model,#p8_fxanim_zm_man_wm_01_mod
model,#hash_6d1c43d8b9909e38
model,#c_t8_zmb_dlc1_zombie_1stclass_male_body1_g_rarmoff_skin2
model,#c_t8_zmb_dlc1_zombie_1stclass_male_body1_g_rarmoff_skin3
model,#p8_zm_man_cryptex_case_door
model,#c_t8_zmb_3rdclass_male_body1_g_behead
model,#p8_zm_headstone_engraving_face_butler_decal
model,#p8_fxp_zm_magicbox_glow_top
model,#hash_6d883e6ed5934e1b
model,#p7_spl_novelty_toy_gold_bar
model,#c_t8_zmb_dlc1_zombie_1stclass_male_body1_skin2
model,#c_t8_zmb_dlc1_zombie_1stclass_male_body1_skin3
model,#hash_6da2ad01703e5a78
model,#hash_6ded01fd18e9276c
model,#tag_origin
model,#p8_zm_man_chess_victorian_table
model,#p8_fxanim_zm_man_wm_stick_05_mod
model,#p8_fxanim_zm_man_wm_stick_04_mod
model,#p8_zm_man_telescope_control_wheel_cancer
model,#p8_stone_block_wall_pillar_top_01_grey_lrg
model,#p8_fxanim_zm_zod_magic_box_plinth_mod
model,#p8_zm_man_cryptex_case_sign_02_red
model,#p8_fxanim_zm_man_power_seq_04_mod
model,#p8_zm_man_telescope_control_wheel_pisces
model,#p8_zm_man_pap_case_will
model,#p8_fxanim_zm_zod_magic_box_mod
model,#p8_zm_man_book_row_04_lrg
model,#c_t8_zmb_dlc1_zombie_2ndclass_female_body1_g_llegoff
model,#c_t8_zmb_dlc1_zombie_3rdclass_male_body3_g_rlegoff_skin3
model,#c_t8_zmb_dlc1_zombie_3rdclass_male_body3_g_rlegoff_skin2
model,#fx_char_gib_chunk_fat
model,#p8_zm_man_telescope_platform_gear_sml
model,#c_t8_zmb_dlc1_nosferatu_chaos_drop
model,#c_t8_zmb_dlc1_zombie_1stclass_female_body1_g_rarmoff_skin5
model,#c_t8_zmb_dlc1_zombie_1stclass_female_body1_g_rarmoff_skin4
model,#c_t8_zmb_dlc1_zombie_1stclass_female_body1_g_rarmoff_skin6
model,#c_t8_zmb_dlc1_zombie_1stclass_female_body1_g_rarmoff_skin3
model,#c_t8_zmb_dlc1_zombie_1stclass_female_body1_g_rarmoff_skin2
model,#c_t8_zmb_dlc1_zombie_1stclass_female_body1_split
model,#c_t8_zmb_dlc1_zombie_3rdclass_male_body1_g_upclean
model,#c_t8_zmb_blightfather_body1
model,#c_t8_zmb_dlc1_zombie_3rdclass_male_body3_g_larmoff_skin3
model,#c_t8_zmb_dlc1_zombie_3rdclass_male_body3_g_larmoff_skin2
model,#c_t8_zmb_titanic_stoker_upperarm1_gibbed
model,#p8_fxanim_zm_man_beam_device_mod
model,#hash_719115b1fe969eef
model,#p7_bottle_glass_wine_broken_01
model,#p7_bottle_glass_wine_broken_02
model,#p8_zm_man_jewelry_necklace
model,#p8_zm_man_cryptex_case_lock_mechanism
model,#p8_zm_man_chair_ornate_01
model,#p8_fxanim_zm_man_wm_stick_02_mod
model,#c_t8_mp_spe_seraph_viewbody1
model,#p8_zm_man_decal_clock_charging_circle_number_10
model,#p8_zm_man_decal_clock_charging_circle_number_11
model,#p8_zm_man_decal_clock_charging_circle_number_12
model,#p8_zm_man_decal_clock_charging_circle_number_09
model,#p8_zm_man_decal_clock_charging_circle_number_08
model,#p8_zm_man_decal_clock_charging_circle_number_03
model,#p8_zm_man_decal_clock_charging_circle_number_02
model,#p8_zm_man_decal_clock_charging_circle_number_01
model,#p8_zm_man_decal_clock_charging_circle_number_07
model,#p8_zm_man_decal_clock_charging_circle_number_06
model,#p8_zm_man_decal_clock_charging_circle_number_05
model,#p8_zm_man_decal_clock_charging_circle_number_04
model,#hash_72dd49d6ea5e153d
model,#p8_zm_man_door_room_entrance_lt_full
model,#p8_zm_man_zodiac_sign_taurus
model,#p8_zm_man_carving_symbols_rock_04
model,#p8_zm_man_carving_symbols_rock_01
model,#p8_zm_man_carving_symbols_rock_02
model,#p8_zm_man_carving_symbols_rock_03
model,#p8_zm_man_telescope_control_light_01
model,#p8_zm_man_telescope_control_light_03
model,#p8_zm_man_telescope_control_light_02
model,#c_t8_zmb_dlc1_nosferatu_chunk_rfoot
model,#p8_zm_man_pap_gazing_stone_vase_01_chunk_01
model,#p8_zm_man_pap_gazing_stone_vase_01_chunk_02
model,#p8_zm_man_fire_trap_power_core_on
model,#p8_candle_holder_vintage_01
model,#c_t8_zmb_dlc1_zombie_1stclass_female_body1_split_skin2
model,#c_t8_zmb_dlc1_zombie_1stclass_female_body1_split_skin3
model,#c_t8_zmb_dlc1_zombie_1stclass_female_body1_split_skin4
model,#c_t8_zmb_dlc1_zombie_1stclass_female_body1_split_skin5
model,#c_t8_zmb_dlc1_zombie_1stclass_female_body1_split_skin6
model,#p8_zm_man_pap_gazing_stone_vase_04_chunk_02
model,#p8_zm_man_pap_gazing_stone_vase_04_chunk_01
model,#c_t8_zmb_dlc1_zombie_1stclass_male_body1_g_larmoff
model,#p8_zm_man_book_03_lrg
model,#p8_zm_chaos_portal_01_chunk_03_cheap
model,#c_t8_zmb_dlc1_zombie_3rdclass_male_body3_skin3
model,#c_t8_zmb_dlc1_zombie_3rdclass_male_body3_skin2
model,#p8_fxanim_zm_vapor_altar_odin_mod
model,#p8_zm_wall_buy_symbol_01_middle
model,#p8_fxanim_zm_zod_magic_box_skull_mod
model,#c_t8_zmb_dlc1_zombie_1stclass_male_body2_g_rarmoff
model,#p8_zm_man_decal_clock_charging_circle_attach
model,#fx_glass_piece02
model,#fx_glass_piece01
model,#c_t8_zmb_blightfather_eggsack1_both
model,#p8_zm_man_pap_gazing_stone_01_full
model,#c_t8_zmb_dlc1_generic_chaos_drop
model,#c_t8_zmb_dlc1_zombie_1stclass_male_body2_g_upclean
model,#p8_zm_man_arena_statue_crystal
model,#c_t8_zmb_dlc1_zombie_3rdclass_female_body1_g_upclean
model,#hash_75facd170c206dd6
model,#p8_zm_wall_buy_ar_modular
model,#hash_760041858fba0c0a
model,#wpn_t8_zm_battle_shield_turret_world
model,#c_t8_zmb_dlc1_zombie_1stclass_male_body3_g_llegoff
model,#p7_zm_der2_vending_packapunch_sign_wait
model,#c_t8_zmb_catalyst_fire_rhand_gib
model,#c_t8_zmb_dlc1_nosferatu_chunk_rleg
model,#c_t8_zmb_dlc1_zombie_2ndclass_female_head1
model,#p8_zm_man_atlas_control_panel_wheel
model,#p7_cai_butcher_meat_hooks_03
model,#c_t8_zmb_dlc1_zombie_1stclass_female_body1_g_lowclean_skin3
model,#c_t8_zmb_dlc1_zombie_1stclass_female_body1_g_lowclean_skin2
model,#c_t8_zmb_dlc1_zombie_1stclass_female_body1_g_lowclean_skin6
model,#c_t8_zmb_dlc1_zombie_1stclass_female_body1_g_lowclean_skin5
model,#c_t8_zmb_dlc1_zombie_1stclass_female_body1_g_lowclean_skin4
model,#p8_zm_man_beam_control_wheel
model,#c_t8_zmb_dlc1_zombie_3rdclass_male_body3_split
model,#p7_wes_candle_vintage_holder_02
model,#c_t8_zmb_dlc1_zombie_3rdclass_male_body3_g_llegoff_skin3
model,#c_t8_zmb_dlc1_zombie_3rdclass_male_body3_g_llegoff_skin2
model,#p8_zm_man_cryptex_case_sign_03_red
model,#p8_zm_wall_buy_tr_leveraction
model,#p8_zm_zod_pap_plinth_sequence_water
model,#c_t8_zmb_dlc1_zombie_3rdclass_female_body3_g_blegsoff
model,#p8_zm_deity_icon_audio_danu
model,#c_t8_zmb_dlc1_zombie_1stclass_female_hat1_skin2
model,#c_t8_zmb_dlc1_zombie_1stclass_male_body3_g_larmoff
model,#c_t8_zmb_dlc1_zombie_3rdclass_male_body2
model,#c_t8_zmb_dlc1_zombie_3rdclass_male_body3
model,#c_t8_zmb_dlc1_zombie_3rdclass_male_body1
model,#p8_zm_man_cryptex_case_sign_03_yellow
model,#p8_zm_werewolf_claw_marks_grp_03_01
model,#hash_791ad89c43866b1f
model,#p8_zm_man_book_02_lrg
model,#p7_eth_decor_01_statue_elephant
model,#c_t8_zmb_dlc1_zombie_2ndclass_female_body3_g_rarmoff
model,#p8_zm_man_foliage_tree_pine_tall_hero
model,#p8_zm_wall_buy_sniper_quickscope
model,#p8_zm_man_zodiac_sign_gemini
model,#c_t8_zmb_dlc1_zombie_3rdclass_male_body3_split_skin2
model,#c_t8_zmb_dlc1_zombie_3rdclass_male_body3_split_skin3
model,#p8_zm_man_door_room_music_rt_pocket
model,#p8_fxp_fluid_string_omni_blood_dark_half_hirez
model,#p8_zm_man_door_room_handle_02
model,#p8_zm_man_sulfur_cyrstal_pickup
model,#p8_zm_man_cabinet_billiard_ball_01
model,#p8_zm_man_cabinet_billiard_ball_02
model,#p8_zm_man_cabinet_billiard_ball_03
model,#p8_zm_man_cabinet_billiard_ball_04
model,#p8_zm_man_cabinet_billiard_ball_05
model,#p8_zm_man_cabinet_billiard_ball_06
model,#p8_zm_man_cabinet_billiard_ball_07
model,#p8_zm_man_cabinet_billiard_ball_08
model,#p8_zm_man_cabinet_billiard_ball_09
model,#hash_7bda9a2876f5fb57
model,#hash_7bf80274e481b449
model,#wpn_t8_zm_akud_clip_world
model,#p8_fxanim_zm_vapor_altar_zeus_bird_head_mod
model,#c_t8_zmb_catalyst_decay_head
model,#wpn_t7_zmb_zod_rocket_shield_window
model,#p8_fxanim_zm_man_bookcase_04_mod
model,#veh_t8_zmb_1912_biplane
model,#p8_fxp_brutus_energy_ball_red
model,#p7_zm_vending_packapunch
model,#c_t8_zmb_dlc1_zombie_3rdclass_male_body3_g_blegsoff_skin2
model,#c_t8_zmb_dlc1_zombie_3rdclass_male_body3_g_blegsoff_skin3
model,#c_t8_zmb_dlc1_zombie_3rdclass_female_body2_g_rarmoff
model,#p8_zm_man_pap_gazing_stone_02_off
model,#c_t8_zmb_dlc1_zombie_1stclass_female_body1_g_larmoff_skin3
model,#c_t8_zmb_dlc1_zombie_1stclass_female_body1_g_larmoff_skin2
model,#c_t8_zmb_dlc1_zombie_1stclass_female_body1_g_larmoff_skin6
model,#c_t8_zmb_dlc1_zombie_1stclass_female_body1_g_larmoff_skin5
model,#c_t8_zmb_dlc1_zombie_1stclass_female_body1_g_larmoff_skin4
model,#c_t8_zmb_dlc1_zombie_3rdclass_female_body3_g_larmoff
model,#p8_zm_man_cryptex_case_sign_01_yellow
model,#p8_fxanim_zm_man_bookcase_03_mod
model,#c_t8_zmb_3rdclass_male_body2_split
model,#c_t8_zmb_catalyst_water_larm_gib
model,#c_t8_zmb_dlc1_zombie_3rdclass_female_body2_g_llegoff
model,#p8_zm_man_pap_clock_grandfather_03
model,#p8_zm_man_pap_clock_grandfather_02
model,#p8_zm_man_pap_clock_grandfather_01
model,#hash_7f09b6ff5796cfbb
model,#p8_zm_man_zodiac_sign_leo
model,#p8_zm_man_cryptex_case_btm
model,#c_t8_zmb_dlc1_nosferatu_humanoid_chunk_lfoot
model,#hash_7f6e93b7371e46ee
model,#p8_foliage_flower_lavender_med
model,#p8_zm_man_cryptex_case_sign_04_green
model,#p8_zm_esc_wood_splintered
model,#c_t8_zmb_catalyst_electric_rleg_gib
model,#c_t8_zmb_dlc1_zombie_3rdclass_female_body3_g_upclean
aitype,#spawner_zm_wolf
aitype,#spawner_zm_crimson_nosferatu
aitype,#spawner_zm_zombie_mansion_1st_class_female
aitype,#spawner_zm_catalyst_plasma
aitype,#spawner_zm_catalyst_water
aitype,#spawner_zm_werewolf
aitype,#spawner_zm_stoker
aitype,#spawner_zm_catalyst_corrosive
aitype,#spawner_zm_blight_father
aitype,#spawner_zm_zombie_mansion_2nd_class_female
aitype,#spawner_zm_zombie_mansion_1st_class_male
aitype,#spawner_zm_zombie
aitype,#spawner_zm_catalyst_electric
aitype,#spawner_zm_nosferatu
aitype,#spawner_zm_zombie_mansion_3rd_class_male
aitype,#spawner_zm_zombie_mansion_3rd_class_female
character,#c_t8_zmb_dlc1_zombie_3rdclass_male1
character,#c_t8_zmb_dlc1_zombie_3rdclass_male3
character,#c_t8_zmb_dlc1_zombie_3rdclass_male2
character,#c_t8_zmb_dlc1_zombie_3rdclass_male3_skin2
character,#c_t8_zmb_dlc1_zombie_3rdclass_male3_skin3
character,#hash_64b521b97ee8cab
character,#c_t8_zmb_dlc1_zombie_2ndclass_female1
character,#c_t8_zmb_catalyst_decay
character,#c_t8_zmb_blightfather1
character,#c_t8_zmb_dlc0_hero_scarlett1
character,#c_t8_zmb_catalyst_fire
character,#c_t8_zmb_dlc1_zombie_2ndclass_female1_nohat
character,#c_t8_zmb_dlc1_zombie_1stclass_female1_skin2
character,#c_t8_zmb_dlc1_zombie_1stclass_female1_skin3
character,#hash_1548b0053c612dc1
character,#hash_15762f5cc05a157e
character,#c_t8_zmb_dlc1_zombie_2ndclass_female3_hat2
character,#c_t8_zmb_dlc1_zombie_2ndclass_female3_hat3
character,#c_t8_zmb_dlc1_catherine_ghost
character,#c_t8_zmb_dlc1_zombie_2ndclass_female2_hat3
character,#c_t8_zmb_dlc1_zombie_2ndclass_female2_hat2
character,#hash_27fdc9392a0fd5e8
character,#c_t8_zmb_3rdclass_male1
character,#c_t8_zmb_3rdclass_male2
character,#c_t8_zmb_dlc1_zombie_3rdclass_female1
character,#c_t8_zmb_dlc1_zombie_3rdclass_female2
character,#c_t8_zmb_dlc1_zombie_3rdclass_female3
character,#hash_2f2c0a0fc58e8443
character,#c_t8_zmb_dlc1_zombie_3rdclass_female2_nohat
character,#c_t8_zmb_catalyst_electric
character,#c_t8_zmb_dlc1_zombie_2ndclass_female2_nohat
character,#c_t8_mp_spe_ruin1
character,#c_t8_zmb_dlc1_zombie_1stclass_male1_skin3
character,#c_t8_zmb_dlc1_zombie_1stclass_male1_skin2
character,#c_t8_zmb_dlc1_hero_gunslinger1_igc_outro
character,#c_t8_zmb_dlc1_zombie_1stclass_female1
character,#c_t8_zmb_dlc1_werewolf_boss1
character,#c_t8_zmb_catalyst_water
character,#hash_40350275b29c2ae8
character,#hash_4a54e7e539eed6d9
character,#c_t8_zmb_dlc1_hero_brigadier1_igc_outro
character,#hash_51356f6caf3d1ee7
character,#c_t8_zmb_dlc1_zombie_2ndclass_female3_nohat
character,#character_sp_direwolf
character,#hash_5c209b475c4f86eb
character,#hash_5c209c475c4f889e
character,#hash_5c209d475c4f8a51
character,#hash_6608b178f5cb8e31
character,#c_t8_zmb_dlc0_hero_diego1
character,#hash_68a8d96543fa87d4
character,#hash_68e43aaeda249da8
character,#c_t8_zmb_dlc1_zombie_1stclass_male2
character,#c_t8_zmb_dlc1_zombie_1stclass_male3
character,#c_t8_zmb_dlc1_zombie_1stclass_male1
character,#c_t8_zmb_dlc1_werewolf1
character,#hash_7a91e4b8c0c435ad
character,#c_t8_zmb_dlc1_alistair1
character,#c_t8_zmb_titanic_stoker
character,#c_t8_zmb_dlc1_hero_gypsy1_igc_outro
xmodelalias,#hash_183319270de9c745
xmodelalias,#hash_2a9633190b2b12c6
xmodelalias,#hash_612e15b05a54b6c5
xmodelalias,#hash_675d196ace257446
weapon,#zhield_dw_zm
weapon,#zitem_rocketshield_part_2_zm
weapon,#stake_knife_zm
weapon,#dog_ai_defaultmelee_zm
weapon,#ww_random_ray_gun3_charged_zm
weapon,#zitem_silver_bullet_part_2_zm
weapon,#bowie_flourish_silver_zm
weapon,#hash_2ab63008299706dc
weapon,#zhield_lh_zm
weapon,#hash_300b5026595febfd
weapon,#zitem_chaos_lvl3_part_3_zm
weapon,#zitem_silver_molten_part_1_zm
weapon,#zitem_silver_molten_part_3_zm
weapon,#ww_random_ray_gun2_charged_zm
weapon,#zitem_rocketshield_part_3_zm
weapon,#ww_silver_bullets_zm
weapon,#buildable_piece_zm
weapon,#hash_3fabe38d02a0f4ba
weapon,#werewolf_melee
weapon,#zitem_silver_bullet_part_4_zm
weapon,#zombie_ai_defaultmelee_zm
weapon,#hash_4e3ba76a781bb7a2
weapon,#riotshield_zm
weapon,#ww_crossbow_impaler_t8_zm
weapon,#zitem_chaos_lvl3_part_1_zm
weapon,#hash_5d81702cbc01eec2
weapon,#zitem_chaos_lvl3_part_2_zm
weapon,#ww_random_ray_gun1_zm
weapon,#ww_random_ray_gun3_zm
weapon,#stoker_coal_bomb_cp
weapon,#stoker_coal_bomb_zm
weapon,#ww_random_ray_gun2_zm
weapon,#zitem_silver_molten_part_2_zm
weapon,#zombie_ai_defaultmelee
weapon,#zitem_rocketshield_part_1_zm
weapon,#blight_father_melee
weapon,#bowie_knife_silver_zm
weapon,#zitem_silver_bullet_part_3_zm
weapon,#zitem_silver_bullet_part_1_zm
weapon,#stoker_melee
weapon,#stake_knife_flourish_zm
weapon,#zhield_turret_zm
gesture,#hash_c9191ad04ac315e
gesture,#ges_prone_to_crouch
gesture,#ges_slide
gesture,#ges_slide_buckler
gesture,#ges_mantle_buckler
gesture,#hash_277749aab1c80810
gesture,#ges_crouch_to_prone
gesture,#ges_swim_idle
gesture,#hash_5be3e5303dfe56c4
gesture,#ges_mantle
gesture,#hash_61d5e8f78a0507d4
gesture,#hash_75ebfc135f681a76
zbarrier,#zmcore_t8_basicwoodbarrier_hide_pieces
zbarrier,#zm_mansion_gate_greenhouse
zbarrier,#zm_packapunch_stationary
zbarrier,#zodt8_magicbox
zbarrier,#hash_7e22d00a73fe9be4
zbarrier,#hash_7e22d30a73fea0fd
rumble,#defaultweapon_melee
rumble,#damage_heavy
rumble,#zm_shield_break
rumble,#hash_1b194e26c256036c
rumble,#hash_1ea49eda9372430d
rumble,#zm_mansion_boss_intro_roar
rumble,#zm_mansion_boss_intro_footstep
rumble,#zm_mansion_telescope_rumble
rumble,#zm_power_on_rumble
rumble,#hell_tube_rumble
rumble,#zm_mansion_atlas_globe_set_rumble
rumble,#pistol_fire
rumble,#hash_44589007463b1319
rumble,#zod_shield_juke
rumble,#hash_494ab02bb886c25c
rumble,#zm_mansion_boss_footstep
rumble,#zm_mansion_boss_roar
rumble,#crossbow_fire
rumble,#zm_fasttravel_vortex_rumble
rumble,#zm_mansion_mq_rumble
rumble,#defaultweapon_fire
rumble,#zm_mansion_atlas_interact_rumble
rumble,#zm_shield_damage
rumble,#anim_med
shellshock,#status_effect_tinnitus
shellshock,#status_effect_flash
statuseffect,#deaf_electricity_catalyst
statuseffect,#shock_zm_trap
statuseffect,#blind_zm_catalyst
statuseffect,#hash_528115ad9eebc84f
statuseffect,#chaos_missile_damage
statuseffect,#dot_corrosive_catalyst
xcam,#c_zm_mansion_outro_sh200
xcam,#c_zm_mansion_outro_sh210
xcam,#c_zm_mansion_outro_sh220
xcam,#c_zm_mansion_outro_sh230
xcam,#c_zm_mansion_outro_sh240
xcam,#c_zm_mansion_outro_sh250
xcam,#c_zm_mansion_outro_sh260
xcam,#c_zm_mansion_outro_sh270
xcam,#c_zm_mansion_outro_sh280
xcam,#c_zm_mansion_outro_sh290
xcam,#c_zm_mansion_outro_sh330
xcam,#c_zm_mansion_outro_sh320
xcam,#c_zm_mansion_outro_sh310
xcam,#c_zm_mansion_outro_sh300
xcam,#c_zm_mansion_outro_sh370
xcam,#c_zm_mansion_outro_sh360
xcam,#c_zm_mansion_outro_sh350
xcam,#c_zm_mansion_outro_sh340
xcam,#c_zm_mansion_outro_sh390
xcam,#c_zm_mansion_outro_sh380
xcam,#ui_cam_cac_equip_shockcharge
xcam,#c_zm_mansion_outro_sh060
xcam,#c_zm_mansion_outro_sh070
xcam,#c_zm_mansion_outro_sh040
xcam,#c_zm_mansion_outro_sh050
xcam,#c_zm_mansion_outro_sh020
xcam,#c_zm_mansion_outro_sh030
xcam,#c_zm_mansion_outro_sh010
xcam,#c_zm_mansion_outro_sh080
xcam,#c_zm_mansion_outro_sh090
xcam,#c_zm_mansion_outro_sh190
xcam,#c_zm_mansion_outro_sh195
xcam,#c_zm_mansion_outro_sh180
xcam,#c_zm_mansion_outro_sh110
xcam,#c_zm_mansion_outro_sh100
xcam,#c_zm_mansion_outro_sh130
xcam,#c_zm_mansion_outro_sh120
xcam,#c_zm_mansion_outro_sh150
xcam,#c_zm_mansion_outro_sh140
xcam,#c_zm_mansion_outro_sh170
xcam,#c_zm_mansion_outro_sh160
xcam,#c_zm_mansion_outro_sh640
xcam,#c_zm_mansion_outro_sh600
xcam,#c_zm_mansion_outro_sh610
xcam,#c_zm_mansion_outro_sh620
xcam,#c_zm_mansion_outro_sh630
xcam,#ui_cam_icon_special_crossbow
xcam,#c_t8_zm_mnsn_hallion_ent_over_wall_shot_04
xcam,#c_t8_zm_mnsn_hallion_ent_over_wall_shot_01
xcam,#c_t8_zm_mnsn_hallion_ent_over_wall_shot_02
xcam,#c_t8_zm_mnsn_hallion_ent_over_wall_shot_03
xcam,#c_zm_mansion_outro_sh420
xcam,#c_zm_mansion_outro_sh430
xcam,#c_zm_mansion_outro_sh460
xcam,#c_zm_mansion_outro_sh470
xcam,#c_zm_mansion_outro_sh440
xcam,#c_zm_mansion_outro_sh450
xcam,#c_zm_mansion_outro_sh480
xcam,#c_zm_mansion_outro_sh490
xcam,#c_zm_mansion_outro_sh550
xcam,#c_zm_mansion_outro_sh540
xcam,#c_zm_mansion_outro_sh560
xcam,#c_zm_mansion_outro_sh510
xcam,#c_zm_mansion_outro_sh500
xcam,#c_zm_mansion_outro_sh530
xcam,#c_zm_mansion_outro_sh520
xcam,#c_zm_mansion_outro_sh590
xcam,#c_zm_mansion_outro_sh580
xcam,#ui_cam_cac_special_crossbow
destructible,#p8_zm_man_pap_gazing_stone_vase_02_ddef
destructible,#p8_zm_man_pap_gazing_stone_vase_04_ddef
destructible,#p8_zm_man_pap_gazing_stone_vase_01_ddef
destructible,#p8_zm_man_pap_gazing_stone_vase_03_ddef
streamerhint,#cin_zm_mansion_outro_exit_mansion
streamerhint,#cin_zm_mansion_outro_car_chase
streamerhint,#cin_zm_mansion_outro_aftermath
streamerhint,#cin_zm_mansion_outro_butler
xanim,#ai_zombie_base_walk_au_v10_pain_chest_f
xanim,#ai_zm_dlc1_zombie_crawl_climb_up_256_down_32
xanim,#pt_battle_shield_male_stand_putaway
xanim,#ai_t8_zm_zombie_boardtear_aligned_l_6_pull
xanim,#ai_t8_zm_zod_stoker_run_f
xanim,#ai_zombie_base_walk_au_v5_pain_chest_f
xanim,#ai_t8_zm_zombie_base_walk_jump_up_catwlk_160
xanim,#hash_b78886e63bf44d
xanim,#ai_t8_zm_zombie_base_walk_jump_up_catwlk_128
xanim,#ai_t8_zm_mnsn_nfrtu_attack_claw_r_01
xanim,#vm_battle_shield_ads_base_down
xanim,#vm_ww_akud_gunbutt_swipe
xanim,#ai_t8_zm_zombie_base_trv_jump_up_128_thru_sm_hole
xanim,#ai_t8_zm_mob_zombie_dog_stun_out
xanim,#ai_zm_dlc1_zombie_walk_lowg_v4_pain_chest_f_alt
xanim,#ai_t8_zm_mnsn_bat_hover_idle_00
xanim,#hash_17a8581b55e01aa
xanim,#ai_t8_zm_mnsn_ghost_sprint_01
xanim,#ai_zombie_base_sprint_ad_sidestep_right_long_b
xanim,#ai_zombie_base_sprint_ad_sidestep_right_long_a
xanim,#hash_1c685b28649dca2
xanim,#vm_battle_shield_idle
xanim,#ai_t8_zm_mnsn_nfrtu_attack_claw_l_01
xanim,#ai_t8_zm_zombie_base_crawl_boardtear_aligned_l_2_grab
xanim,#ai_t8_zm_zombie_base_crawl_boardtear_aligned_l_6_hold
xanim,#p8_fxanim_zm_man_bookcase_03_anim
xanim,#hash_2325fa8ac662a5d
xanim,#vm_ww_akud_ads_base_down_lvl2
xanim,#vm_ww_akud_ads_base_down_lvl3
xanim,#vm_ww_akud_crawl_in
xanim,#pt_rifle_stand_raise
xanim,#p8_fxanim_zm_man_chandelier_fall_anim
xanim,#vm_battle_shield_hand_pose_l
xanim,#vm_battle_shield_hand_pose_r
xanim,#hash_295b9d8b76e5f83
xanim,#ai_t8_zm_zod_catalyst_electric_spawn_01
xanim,#hash_29f276022e25ecd
xanim,#hash_2c9edbbe5cea4f4
xanim,#ai_zombie_base_run_ad_v21_pain_chest_f
xanim,#ai_zombie_zod_crawl_stunned_electrobolt_e
xanim,#ai_zombie_zod_crawl_stunned_electrobolt_d
xanim,#ai_zombie_zod_crawl_stunned_electrobolt_a
xanim,#ai_zombie_zod_crawl_stunned_electrobolt_c
xanim,#ai_zombie_zod_crawl_stunned_electrobolt_b
xanim,#pt_battle_shield_male_stand_fire
xanim,#vm_battle_shield_sprint_putaway
xanim,#ai_t8_zm_zombie_boardtear_aligned_r_3_hold
xanim,#ai_zombie_base_walk_ad_v22_pain_chest_f_alt
xanim,#ai_zombie_base_walk_au_sidestep_right_b
xanim,#ai_t8_zm_zombie_base_run_jump_up_128_quick
xanim,#ai_zombie_base_walk_ad_v23_pain_chest_f
xanim,#ai_t8_zm_mnsn_nfrtu_pain_r
xanim,#ai_t8_zm_mnsn_nfrtu_pain_l
xanim,#ai_t8_zm_mnsn_nfrtu_pain_b
xanim,#ai_t8_zm_zod_stoker_sprint_jump_dn_36
xanim,#ai_t8_zm_zod_stoker_sprint_jump_dn_72
xanim,#ai_t8_zm_zod_stoker_sprint_jump_dn_48
xanim,#ai_t8_zm_mnsn_hallion_stun_timeout
xanim,#ai_t8_zm_zod_stoker_sprint_jump_dn_96
xanim,#ai_t8_zm_zombie_base_crawl_boardtear_aligned_r_1_hold
xanim,#hash_47b442d2560a16f
xanim,#p8_fxanim_zm_zod_magic_box_skull_drop_anim
xanim,#ai_t8_zm_zombie_boardtear_aligned_m_1_pull
xanim,#p8_fxanim_zm_man_barricade_exterior_02_idle_anim
xanim,#hash_4a3c94e4303bce0
xanim,#p8_fxanim_zm_man_greenhouse_planters_01_04_anim
xanim,#p8_fxanim_zm_man_atlas_control_panel_close_anim
xanim,#hash_4c3bb71dc64a191
xanim,#ai_t8_zm_mnsn_wrwlf_pain_stun_loop
xanim,#ai_t8_zm_zod_bltfthr_trv_mantle_128
xanim,#hash_59a6d876ebe86cf
xanim,#ai_t8_zm_zombie_base_crawl_boardtear_aligned_r_2_hold
xanim,#ai_zombie_base_run_au_v5_pain_chest_f
xanim,#p8_fxanim_zm_man_pap_wall_idle_anim
xanim,#ai_t8_zm_zod_stoker_walk_f_pain_chest_f_alt
xanim,#ai_t8_zombie_base_walk_au_win_trav_r_v1
xanim,#vm_t8_mini_crossbow_walk_f
xanim,#ai_zm_dlc1_zombie_run_lowg_v1_pain_chest_f
xanim,#ai_zombie_base_dth_f_chest_lt_00
xanim,#ai_zombie_base_dth_f_chest_lt_01
xanim,#ai_zombie_base_dth_f_chest_lt_02
xanim,#ai_zombie_base_dth_f_chest_lt_03
xanim,#p8_fxanim_zm_zod_magic_box_open_anim
xanim,#ai_t8_zm_zombie_boardtear_aligned_l_3_pull
xanim,#ai_direwolf_base_run_turn_l_90
xanim,#hash_6a64dfd3400033a
xanim,#ai_zombie_base_walk_ad_v22_pain_chest_f
xanim,#ai_zombie_base_walk_ad_v1_pain_chest_f
xanim,#ai_t8_zm_zod_bltfthr_pain_stun_out
xanim,#hash_739a7a79956d0e5
xanim,#hash_752c5670d0f949f
xanim,#p8_fxanim_zm_man_clock_02_idle_anim
xanim,#hash_7919a15859949e4
xanim,#ai_zm_dlc1_zombie_climb_up_256_down_40
xanim,#p8_fxanim_zm_man_clock_03_anim
xanim,#ai_zm_dlc1_zombie_climb_up_256_down_32
xanim,#ai_t8_zombie_base_sprint_au_v20_pain_chest_f
xanim,#hash_7c06326250170e2
xanim,#p8_fxanim_zm_mansion_prima_machine_start_anim
xanim,#hash_7c530b9183c1933
xanim,#ai_t8_zm_zod_bltfthr_trv_jump_dn_36
xanim,#hash_7ca16aeab3098ab
xanim,#hash_7ca17aeab309a5e
xanim,#ai_t8_zm_zod_bltfthr_trv_jump_dn_48
xanim,#ai_t8_zombie_base_cust_trv_jump_up_zm_mnsn_main_hall
xanim,#ai_t8_zm_zod_bltfthr_trv_jump_dn_72
xanim,#ai_t8_zm_zombie_base_crawl_boardtear_aligned_l_1_pull
xanim,#ai_t8_zm_zod_bltfthr_trv_jump_dn_96
xanim,#ai_zombie_zod_crawl_jump_down_256
xanim,#ai_t8_zm_mnsn_nfrtu_run_au_pain_chest_r_01
xanim,#hash_81851540fd817ff
xanim,#ai_t8_zm_zod_stoker_knockdown_r_01
xanim,#ai_t8_zombie_base_run_au_win_trav_m_v1
xanim,#vm_battle_shield_sprint_loop
xanim,#ai_zombie_smash_react_getup
xanim,#hash_91a3d49032e2bae
xanim,#ai_zombie_base_walk_ad_v19_pain_chest_f
xanim,#hash_94dc41d732f7fdd
xanim,#ai_t8_zm_mnsn_wrwlf_run_ad_pain_chest_r_01
xanim,#hash_9941bf0d9b559ef
xanim,#hash_9992025ec67768c
xanim,#hash_9ab5971d81d1dfa
xanim,#ai_direwolf_base_trot
xanim,#hash_9f29fd527c59e50
xanim,#vm_battle_turret_pullout
xanim,#p8_fxanim_zm_vapor_altar_ra_off_anim
xanim,#vm_zom_bowie_knife_melee_stab
xanim,#vm_bare_hands_t8_swim_uw_sprint_loop
xanim,#hash_a23cbc2243a566f
xanim,#vm_ww_akud_sprint_loop
xanim,#hash_a2b8977eabd515c
xanim,#ai_t8_zm_mnsn_wrwlf_walk_f_01
xanim,#ai_t8_zm_zod_catalyst_water_sprint_02
xanim,#ai_t8_zm_zod_catalyst_water_sprint_01
xanim,#ai_t8_zm_zod_bltfthr_pain_knockdown_f_01
xanim,#bo3_ai_zombie_taunts_4
xanim,#ai_zm_dlc1_zombie_sprint_lowg_v3_pain_chest_f_alt
xanim,#hash_b11804b115a7f46
xanim,#ai_zombie_base_run_au_v11_pain_chest_f_alt
xanim,#ai_t8_zm_zod_stoker_sprint_jump_dn_160
xanim,#hash_b6e26a1c923c30f
xanim,#hash_b76a02f6c86ce81
xanim,#hash_b76a12f6c86d034
xanim,#hash_b76a22f6c86d1e7
xanim,#hash_b76a32f6c86d39a
xanim,#ai_t8_zm_zod_stoker_sprint_jump_dn_128
xanim,#vm_t8_swim_idle_static_dw
xanim,#ai_t8_zm_zombie_base_walk_attack_14
xanim,#ai_t8_zm_zombie_base_walk_attack_15
xanim,#ai_t8_zm_zombie_base_walk_attack_11
xanim,#ai_t8_zm_zombie_base_walk_attack_12
xanim,#ai_t8_zm_zombie_base_walk_attack_09
xanim,#ai_t8_zm_zombie_base_walk_attack_08
xanim,#ai_t8_zm_zombie_base_walk_attack_07
xanim,#ai_t8_zm_zombie_base_walk_attack_06
xanim,#ai_t8_zm_zombie_base_walk_attack_05
xanim,#ai_t8_zm_zombie_base_walk_attack_04
xanim,#ai_t8_zm_zombie_base_walk_attack_02
xanim,#ai_t8_zm_zombie_base_walk_attack_01
xanim,#vm_t8_mini_crossbow_putaway_quick
xanim,#ai_t8_zm_zod_bltfthr_melee_swipe_right
xanim,#vm_ww_akud_crawl_out
xanim,#hash_c10061a841a0e78
xanim,#hash_c374b87ebb4961d
xanim,#ai_zombie_dr_jump_up_2_climb
xanim,#p8_fxanim_zm_man_barricade_exterior_02_rise_anim
xanim,#hash_cd9a6cc82343e9c
xanim,#hash_cdea782257948e7
xanim,#ai_t8_zm_zombie_boardtear_aligned_m_1_grab
xanim,#pt_battle_shield_male_stand_fire_delay
xanim,#hash_d65fad5af76a5ae
xanim,#ai_base_rifle_stn_run_dth_f_head_lt_1
xanim,#vm_battle_shield_sprint_out
xanim,#ai_t8_werewolf_cust_trv_jump_down_zm_mnsn_cmtry_stairs
xanim,#ai_zombie_base_run_turn_45_l_v2
xanim,#p8_fxanim_zm_man_greenhouse_planters_01_01_anim
xanim,#vm_38_special_ads_base_down
xanim,#hash_de0ed180ac45cd9
xanim,#hash_df92a8d53b950b3
xanim,#p8_fxanim_zm_man_barricade_interior_02_idle_anim
xanim,#hash_e2cd63f9f519bd5
xanim,#ai_zombie_base_sprint_turn_45_l_v2
xanim,#o_zombie_base_magic_box_teddy_rise
xanim,#ai_zombie_base_run_ad_v22_pain_chest_f
xanim,#hash_e34930515615552
xanim,#hash_e7fe4f558a0962f
xanim,#p8_fxanim_zm_pap_disassemble_anim
xanim,#ai_zombie_base_walk_ad_v24_pain_chest_f
xanim,#ai_t8_zm_zod_bltfthr_stn_turn_r_135
xanim,#hash_eb1f09e71c19ad6
xanim,#hash_eb1f29e71c19e3c
xanim,#hash_eb1f39e71c19fef
xanim,#hash_eb1f59e71c1a355
xanim,#ai_zombie_base_crawl_sprint_v2
xanim,#ai_zombie_base_crawl_sprint_v3
xanim,#ai_zombie_base_crawl_sprint_v1
xanim,#ai_t8_zm_zod_bltfthr_stn_turn_r_180
xanim,#hash_ef50dc6a2824dde
xanim,#hash_f1dde1fca854f33
xanim,#p8_fxanim_zm_man_ka02_rise_anim
xanim,#ai_direwolf_base_trot_turn_r_180
xanim,#p8_fxanim_zm_zod_magic_box_plinth_anim
xanim,#vm_t8_swim_out
xanim,#hash_f79c0a11b9c34be
xanim,#ai_zombie_base_fast_sprint_02_pain_chest_f_alt
xanim,#vm_38_special_first_raise
xanim,#hash_fedc41ab10780fd
xanim,#hash_fedc61ab1078463
xanim,#ai_t8_zm_zombie_base_crawl_boardtear_aligned_m_6_pull
xanim,#vm_t8_swim_out_dw
xanim,#ai_t8_zm_zod_bltfthr_trv_jump_up_36
xanim,#ai_t8_zm_zod_bltfthr_trv_jump_up_48
xanim,#ai_t8_zm_zod_bltfthr_trv_jump_up_72
xanim,#ai_t8_zm_zod_bltfthr_trv_jump_up_96
xanim,#vm_t8_mini_crossbow_ads_base_up
xanim,#p8_fxanim_zm_man_barricade_exterior_01_idle_anim
xanim,#hash_106c0fd84db740a6
xanim,#hash_1074b72c4a1fd3cf
xanim,#hash_10750ada7ebeadf9
xanim,#hash_107b528c268ea12f
xanim,#vm_t8_mini_crossbow_fire
xanim,#ai_t8_zombie_base_sprint_au_v1_pain_chest_f_alt
xanim,#ai_zombie_base_dth_l_chest_hvy_00
xanim,#ai_zombie_base_dth_l_chest_hvy_03
xanim,#ai_zombie_base_dth_l_chest_hvy_02
xanim,#vm_ww_akud_fire_hold_intro
xanim,#p8_fxanim_zm_man_ooze_clump_03_anim
xanim,#vm_t8_swim_out_additive
xanim,#ai_zombie_base_run_ad_v11_pain_chest_f_alt
xanim,#ai_zombie_base_walk_au_v6_pain_chest_f
xanim,#ai_zombie_base_dth_l_torso_lt
xanim,#hash_1172f2c227fc5ab4
xanim,#hash_119143b3b5ef26f1
xanim,#ai_t8_zm_mnsn_wrwlf_run_ad_pain_chest_l_01
xanim,#ai_zombie_base_run_au_v23_pain_chest_f_alt
xanim,#ai_t8_zm_zod_catalyst_plasma_death_01
xanim,#ai_t8_zm_zod_catalyst_plasma_death_03
xanim,#ai_t8_zm_zod_catalyst_plasma_death_02
xanim,#ai_zombie_base_jump_down_48
xanim,#ai_zombie_base_jump_down_72
xanim,#vm_battle_shield_fire
xanim,#ai_zombie_base_jump_down_36
xanim,#ai_zombie_base_walk_ad_v20_pain_chest_f_alt
xanim,#ai_zombie_base_jump_down_96
xanim,#ai_zombie_base_walk_ad_v1_pain_chest_f_alt
xanim,#ai_t8_werewolf_cust_trv_jump_up_zm_mnsn_cmtry_spnclst
xanim,#ai_zombie_base_walk_turn_45_r_v2
xanim,#ai_zombie_base_dth_b_chest_lt_02
xanim,#ai_zombie_base_dth_b_chest_lt_03
xanim,#ai_zombie_base_run_turn_90_l_v3
xanim,#ai_direwolf_base_trot_turn_r_90
xanim,#hash_125eb99888ad8931
xanim,#ai_t8_zm_zod_bltfthr_vomit_crafting_table
xanim,#ai_zm_dlc1_zombie_run_lowg_v3_pain_chest_f
xanim,#ai_t8_zm_mnsn_nfrtu_run_turn_l_90
xanim,#ai_t8_zm_zombie_base_crawl_boardtear_aligned_l_5_grab
xanim,#hash_12993f9f4b379c58
xanim,#hash_129f2994b4866337
xanim,#hash_12a57406e0aeb1cb
xanim,#vm_ww_akud_putaway
xanim,#ai_t8_zm_mnsn_werewolf_pre_transform_zombie
xanim,#hash_12d58bfea6e57195
xanim,#ai_t8_zm_mnsn_crmsn_nfrtu_spawn_01
xanim,#ai_t8_zm_zombie_base_crawl_boardtear_aligned_l_4_grab
xanim,#vm_ww_akud_fire
xanim,#hash_134b8090d1b4b580
xanim,#hash_134b8190d1b4b733
xanim,#hash_134b8390d1b4ba99
xanim,#hash_134b8490d1b4bc4c
xanim,#hash_134b8590d1b4bdff
xanim,#hash_134b8690d1b4bfb2
xanim,#hash_134b8790d1b4c165
xanim,#hash_134b8a90d1b4c67e
xanim,#hash_134b8b90d1b4c831
xanim,#hash_134f0390d1b7c9f0
xanim,#hash_134f0490d1b7cba3
xanim,#hash_134f0790d1b7d0bc
xanim,#hash_134f0890d1b7d26f
xanim,#hash_134f0990d1b7d422
xanim,#hash_134f0a90d1b7d5d5
xanim,#ai_zombie_base_walk_au_v23_pain_chest_f_alt
xanim,#hash_138c6f9c85a6f633
xanim,#hash_13c0c900aa1bd882
xanim,#ai_t8_zm_zod_bltfthr_pain_knockdown_l_01
xanim,#hash_13ed4efac295278c
xanim,#hash_14181685be91a94a
xanim,#ai_zombie_base_walk_au_v3_pain_chest_f_alt
xanim,#hash_142986d23f823fc8
xanim,#ai_t8_zm_mnsn_wrwlf_quad_run_f_00
xanim,#ai_zm_dlc1_zombie_jump_up_lowg_v1
xanim,#ai_direwolf_base_run
xanim,#ai_zombie_base_walk_au_sidestep_left_long
xanim,#o_zombie_base_packapunch_working_eject_gun
xanim,#ai_zombie_base_run_ad_v8_pain_chest_f
xanim,#hash_14e79801e447d0e4
xanim,#vm_t8_mini_crossbow_sprint_pullout
xanim,#vm_battle_shield_walk_f
xanim,#ai_zombie_base_run_ad_v8
xanim,#ai_zombie_base_run_ad_v1
xanim,#ai_zombie_base_run_ad_v2
xanim,#ai_zombie_base_run_ad_v4
xanim,#ai_zombie_base_run_ad_v7
xanim,#hash_1544479ab0f4ac15
xanim,#hash_155905ab3f82c2a3
xanim,#vm_38_special_putaway
xanim,#ai_zombie_base_run_mantle_over_36
xanim,#ai_t8_zm_zod_catalyst_electric_idle_02
xanim,#ai_t8_zm_zod_catalyst_electric_idle_01
xanim,#ai_zombie_base_run_mantle_over_72
xanim,#ai_zombie_base_run_mantle_over_48
xanim,#ai_zombie_base_run_mantle_over_96
xanim,#ai_t8_zm_zombie_boardtear_aligned_l_4_grab
xanim,#vm_38_special_pullout
xanim,#hash_15e0bc28ebd1b69a
xanim,#hash_1666b414e4cab80f
xanim,#hash_16680bfd781d9a47
xanim,#hash_16680cfd781d9bfa
xanim,#hash_166db79573a48301
xanim,#ai_t8_werewolf_cust_trv_jump_up_zm_mnsn_main_hall
xanim,#ai_zombie_base_walk_ad_v3
xanim,#ai_zombie_base_walk_ad_v2
xanim,#ai_zombie_base_walk_ad_v1
xanim,#ai_zombie_base_walk_ad_v7
xanim,#ai_zombie_base_walk_ad_v6
xanim,#ai_zombie_base_walk_ad_v5
xanim,#ai_zombie_base_walk_ad_v4
xanim,#ai_t8_zm_zombie_base_crawl_boardtear_aligned_m_5_pull
xanim,#ai_t8_zm_zombie_base_walk_jump_up_96
xanim,#ai_t8_zm_zombie_base_walk_jump_up_48
xanim,#ai_t8_zm_zombie_base_walk_jump_up_72
xanim,#ai_t8_zm_zombie_base_walk_jump_up_36
xanim,#ai_zombie_base_walk_au_pain_head_v1
xanim,#hash_1784be8ad9fa6163
xanim,#ai_t8_zm_zombie_base_attack_14
xanim,#ai_t8_zm_zombie_base_attack_15
xanim,#ai_t8_zm_zombie_base_attack_12
xanim,#ai_t8_zm_zombie_base_attack_13
xanim,#ai_t8_zm_zombie_base_attack_10
xanim,#ai_t8_zm_zombie_base_attack_11
xanim,#p8_fxanim_zm_man_telescope_control_gears_08_anim
xanim,#ai_t8_zm_zombie_base_attack_09
xanim,#ai_t8_zm_zombie_base_attack_08
xanim,#ai_t8_zm_zombie_base_attack_01
xanim,#ai_t8_zm_zombie_base_attack_03
xanim,#ai_t8_zm_zombie_base_attack_02
xanim,#ai_t8_zm_zombie_base_attack_05
xanim,#ai_t8_zm_zombie_base_attack_04
xanim,#ai_t8_zm_zombie_base_attack_07
xanim,#ai_t8_zm_zombie_base_attack_06
xanim,#ai_zombie_base_walk_ad_v23
xanim,#ai_zombie_base_walk_ad_v22
xanim,#ai_zombie_base_walk_ad_v21
xanim,#ai_zombie_base_walk_ad_v20
xanim,#ai_zombie_base_walk_ad_v25
xanim,#ai_zombie_base_walk_ad_v24
xanim,#ai_zombie_base_walk_ad_v19
xanim,#ai_t8_zm_zombie_base_run_jump_up_48
xanim,#vm_ww_akud_hand_pose_r
xanim,#vm_ww_akud_hand_pose_l
xanim,#ai_t8_zm_zombie_base_run_jump_up_72
xanim,#ai_zombie_base_dth_r_head_lt
xanim,#hash_17b8dd65b85d6c51
xanim,#ai_t8_zm_zombie_base_run_jump_up_36
xanim,#ai_t8_zm_zombie_base_run_jump_up_96
xanim,#ai_zm_dlc1_zombie_jump_up_36_down_180
xanim,#ai_t8_zm_mnsn_ghost_walk_01
xanim,#pt_rifle_stand_putaway
xanim,#hash_17f766629bc94a45
xanim,#hash_17f9b82d9e00a08e
xanim,#ai_zm_dlc1_zombie_sprint_lowg_v4_pain_chest_f
xanim,#ai_t8_zm_zod_catalyst_water_arrival_7
xanim,#ai_t8_zm_zod_catalyst_water_arrival_6
xanim,#ai_t8_zm_zod_catalyst_water_arrival_4
xanim,#ai_t8_zm_zod_catalyst_water_arrival_3
xanim,#ai_t8_zm_zod_catalyst_water_arrival_2
xanim,#ai_t8_zm_zod_catalyst_water_arrival_1
xanim,#ai_t8_zm_zod_catalyst_water_arrival_9
xanim,#ai_t8_zm_zod_catalyst_water_arrival_8
xanim,#ai_zombie_base_walk_ad_v24_pain_chest_f_alt
xanim,#hash_182c1f4fbd2fa702
xanim,#ai_direwolf_base_trv_jump_down_96
xanim,#ai_t8_zm_zod_stoker_walk_f
xanim,#ai_t8_zm_zombie_base_crawl_boardtear_aligned_r_6_grab
xanim,#ai_direwolf_base_trv_jump_down_40
xanim,#ai_direwolf_base_trv_jump_down_48
xanim,#vm_ww_akud_pullout
xanim,#ai_direwolf_base_trv_jump_down_72
xanim,#hash_187caeeedc4fa52c
xanim,#hash_1886630a25a7b906
xanim,#hash_18b0e066b601ff35
xanim,#ai_zombie_base_sprint_turn_180_r_v3
xanim,#ai_t8_zm_zod_bltfthr_stn_turn_r_45
xanim,#hash_190f9711599bd51b
xanim,#ai_zombie_smash_react_f_flatonback
xanim,#pt_rifle_swim_idle_gunbutt_melee
xanim,#ai_t8_zm_zod_bltfthr_stn_turn_r_90
xanim,#hash_194f509e92f16702
xanim,#ai_t8_zombie_base_walk_au_win_trav_m_v1
xanim,#ai_t8_zombie_base_walk_au_win_trav_m_v2
xanim,#ai_t8_zombie_base_walk_au_win_trav_m_v3
xanim,#ai_t8_zm_zombie_boardtear_aligned_l_2_hold
xanim,#hash_1988d33250a6ae9a
xanim,#ai_zombie_base_crawl_jump_across_256
xanim,#ai_zombie_base_run_au_v2_pain_chest_f_alt
xanim,#hash_1997c989072b711c
xanim,#ai_zm_dlc1_zombie_walk_lowg_v2_pain_chest_f
xanim,#p8_fxanim_zm_man_ka01_crumble_anim
xanim,#p8_fxanim_zm_vapor_altar_odin_anim
xanim,#ai_zombie_base_dth_f_head_hvy_02
xanim,#ai_zombie_base_dth_f_head_hvy_03
xanim,#ai_zombie_base_dth_f_head_hvy_01
xanim,#ai_zombie_base_walk_ad_v5_pain_chest_f_alt
xanim,#p8_fxanim_zm_man_pap_platter_anim
xanim,#ai_zombie_base_sprint_turn_90_r_v2
xanim,#ai_t8_zm_zombie_base_run_jump_up_catwlk_160
xanim,#ai_t8_zombie_base_sprint_au_v22_pain_chest_f_alt
xanim,#ai_t8_zm_zombie_base_run_jump_up_catwlk_128
xanim,#pt_rifle_stand_melee_gunbutt_swipe
xanim,#ai_t8_zm_zombie_boardtear_aligned_r_3_pull
xanim,#pt_pistol_stand_melee_gunbutt_strike
xanim,#ai_t8_zombie_base_sprint_ad_win_trav_l_v1
xanim,#p8_fxanim_zm_man_pap_quest_statue_garden_anim
xanim,#ai_zombie_base_walk_ad_sidestep_right_long_b
xanim,#ai_zombie_base_walk_ad_sidestep_right_long_a
xanim,#ai_zombie_base_run_jump_down_128
xanim,#ai_t8_zombie_base_win_attack_arm_l_out
xanim,#hash_1be74d83ce372004
xanim,#ai_t8_zm_zombie_base_crawl_boardtear_aligned_r_2_pull
xanim,#ai_t8_zm_mnsn_nfrtu_run_exit_9
xanim,#ai_t8_zm_mnsn_nfrtu_run_exit_8
xanim,#ai_t8_zm_mnsn_nfrtu_run_exit_1
xanim,#ai_t8_zm_mnsn_nfrtu_run_exit_3
xanim,#ai_t8_zm_mnsn_nfrtu_run_exit_2
xanim,#ai_t8_zm_mnsn_nfrtu_run_exit_4
xanim,#ai_t8_zm_mnsn_nfrtu_run_exit_7
xanim,#ai_t8_zm_mnsn_nfrtu_run_exit_6
xanim,#ai_zombie_base_dth_r_torso_lt
xanim,#ai_zombie_base_run_ad_v4_pain_chest_f
xanim,#hash_1c381b8d162524c5
xanim,#ai_t8_zombie_base_sprint_au_v1_pain_chest_f
xanim,#hash_1c49cb51212581c5
xanim,#hash_1c50ba59da59576a
xanim,#ai_t8_zombie_base_crawl_run_win_trav_l_v1
xanim,#o_t8_zm_zombie_board_5_repair
xanim,#hash_1cff487ffa82a26b
xanim,#ai_t8_zm_zombie_base_crawl_boardtear_aligned_r_4_pull
xanim,#hash_1d1d1f5337cbede0
xanim,#hash_1d2e27facdd74ab2
xanim,#vm_bare_hands_t8_swim_tw_sprint_loop
xanim,#ai_zombie_base_walk_turn_180_r_v3
xanim,#ai_t8_zm_zombie_boardtear_aligned_l_3_hold
xanim,#ai_t8_zombie_base_crawl_run_win_trav_r_v1
xanim,#vm_t8_swim_in
xanim,#ai_zombie_base_walk_ad_sidestep_right_short
xanim,#ai_zombie_base_mantle_over_128
xanim,#p8_fxanim_zm_man_barricade_exterior_01_rise_anim
xanim,#ai_t8_zm_zombie_base_run_jump_down_72
xanim,#ai_t8_zm_zombie_base_run_jump_down_48
xanim,#ai_zombie_base_walk_ad_sidestep_left_short
xanim,#hash_1dff3eaf259f9c52
xanim,#ai_zombie_base_dth_r_chest_hvy_03
xanim,#ai_zombie_base_dth_r_chest_hvy_02
xanim,#ai_zombie_base_dth_r_chest_hvy_01
xanim,#ai_t8_zm_zombie_base_run_jump_down_36
xanim,#vm_t8_swim_idle_static_additive
xanim,#hash_1e26c21f3b8e2703
xanim,#ai_t8_zm_zombie_base_run_jump_down_96
xanim,#ai_zombie_base_walk_au_v13
xanim,#ai_zombie_base_walk_au_v12
xanim,#ai_zombie_base_walk_au_v11
xanim,#ai_zombie_base_walk_au_v10
xanim,#ai_zombie_base_walk_au_v15
xanim,#ai_zombie_base_walk_au_v23
xanim,#ai_zombie_base_walk_au_v20
xanim,#ai_zombie_base_walk_au_v21
xanim,#ai_t8_zm_zod_bltfthr_trv_jump_dn_128
xanim,#ai_t8_zm_zombie_boardtear_aligned_l_3_grab
xanim,#ai_zombie_base_run_jump_up_96
xanim,#ai_zombie_base_run_jump_up_48
xanim,#ai_zombie_base_run_jump_up_72
xanim,#ai_zombie_base_run_jump_up_36
xanim,#ai_t8_zm_zod_bltfthr_trv_mantle_96
xanim,#ai_t8_zm_zod_bltfthr_trv_mantle_72
xanim,#ai_t8_zm_zod_bltfthr_trv_mantle_40
xanim,#ai_t8_zm_zod_bltfthr_trv_mantle_48
xanim,#ai_t8_zm_zod_bltfthr_trv_mantle_36
xanim,#hash_1ece6a1fa89b796b
xanim,#hash_1edda0fc51e33926
xanim,#ai_t8_zm_zod_stoker_walk_jump_dn_160
xanim,#vm_shock_charge_idle
xanim,#ai_t8_zm_zod_stoker_walk_jump_dn_128
xanim,#ai_t8_zm_zod_bltfthr_melee_swipe_left
xanim,#ai_zm_dlc1_zombie_jump_up_36_down_244
xanim,#ai_t8_zombie_base_sprint_au_v2_pain_chest_f_alt
xanim,#ai_t8_zm_zombie_base_crawl_boardtear_aligned_m_6_grab
xanim,#hash_1fa6fa61ac1b45c9
xanim,#ai_zombie_base_walk_au_v2_pain_chest_f_alt
xanim,#ai_t8_zm_zombie_base_crawl_boardtear_aligned_l_6_pull
xanim,#ai_zm_dlc1_zombie_run_lowg_v4_pain_chest_f_alt
xanim,#hash_1fca781bef77f9de
xanim,#ai_zombie_base_run_ad_v12_pain_chest_f_alt
xanim,#ai_t8_zm_zod_bltfthr_stn_turn_l_180
xanim,#ai_t8_zm_zod_bltfthr_stn_turn_l_135
xanim,#ai_zombie_base_walk_au_v12_pain_chest_f_alt
xanim,#vm_riotshield_zm_putaway
xanim,#ai_zombie_base_run_au_v20_pain_chest_f_alt
xanim,#hash_206494083721bb5a
xanim,#p8_fxanim_zm_man_power_seq_02_anim
xanim,#ai_zombie_smash_react_f_upontoback
xanim,#hash_20a9d9910e76dddc
xanim,#ai_t8_zm_zombie_base_crawl_boardtear_aligned_l_3_grab
xanim,#ai_zombie_base_sprint_au_sidestep_right_long_b
xanim,#ai_zombie_base_sprint_au_sidestep_right_long_a
xanim,#hash_20e82c5db61a23f6
xanim,#ai_t8_zm_zod_bltfthr_pain_getup_l_01
xanim,#hash_20f15364ab35cf05
xanim,#hash_211814dc924924da
xanim,#hash_211a0c9cb83105db
xanim,#ai_zm_dlc1_zombie_walk_lowg_v4_pain_chest_f
xanim,#ai_t8_zombie_base_win_attack_arm_r_out
xanim,#hash_218f4178c4574b3b
xanim,#ai_t8_zm_zombie_base_sprint_mantle_over_36
xanim,#ai_zm_dlc1_zombie_crawl_jump_up_180_down_36
xanim,#ai_zombie_base_sprint_ad_sidestep_right_short
xanim,#hash_21e95bfcfd3d79c5
xanim,#vm_38_special_sprint_out
xanim,#vm_battle_shield_putaway
xanim,#hash_220aabd2fcc1c50d
xanim,#hash_220af3201914cecf
xanim,#ai_t8_zm_zombie_boardtear_aligned_r_4_pull
xanim,#ai_zm_dlc1_zombie_sprint_lowg_v2_pain_chest_f_alt
xanim,#ai_t8_zm_zombie_boardtear_aligned_m_5_pull
xanim,#hash_224a3aa2bec65d13
xanim,#ai_t8_zm_zod_bltfthr_tongue_attack_loop
xanim,#o_t8_zm_zombie_board_6_pull
xanim,#p8_fxanim_zm_vapor_altar_odin_off_anim
xanim,#hash_22961c85fdce54f8
xanim,#hash_229c48c231a84316
xanim,#vm_battle_turret_putaway_alt
xanim,#ai_t8_zm_mnsn_werewolf_perch_climb_02
xanim,#ai_t8_zm_mnsn_werewolf_perch_climb_01
xanim,#hash_233a8afa809d0175
xanim,#ai_zombie_base_jump_up_128
xanim,#ai_zombie_base_jump_up_160
xanim,#ai_t8_zombie_base_crawl_win_trav_m_v1
xanim,#ai_t8_zombie_base_crawl_win_trav_m_v2
xanim,#hash_238da9eb71a744e2
xanim,#vm_t8_mini_crossbow_reload
xanim,#ai_t8_zm_zombie_boardtear_aligned_m_6_grab
xanim,#p8_fxanim_zm_man_pap_safe_idle_anim
xanim,#ai_t8_zm_mnsn_nfrtu_dth_l_00
xanim,#pt_rifle_crouch_melee_gunbutt
xanim,#ai_t8_zm_zombie_base_run_jump_down_128
xanim,#ai_t8_zm_zombie_base_crawl_boardtear_aligned_m_2_hold
xanim,#hash_2498628c4723bfbb
xanim,#ai_t8_zm_zombie_base_crawl_jump_down_128
xanim,#ai_t8_zm_zod_stoker_sprint_f_pain_chest_f
xanim,#ai_t8_zm_zombie_base_crawl_jump_down_160
xanim,#ai_t8_zm_mnsn_wrwlf_silver_bullet_dth
xanim,#pt_rifle_prone_bowie_swipe
xanim,#ai_t8_zm_zombie_base_crawl_boardtear_aligned_l_5_hold
xanim,#hash_25536ba8b6ab911b
xanim,#p8_fxanim_zm_packapunch_worldguns_small_ejected
xanim,#p8_fxanim_zm_man_greenhouse_planters_02_01_anim
xanim,#hash_257b70dc93fcf65b
xanim,#ai_t8_zm_mnsn_nfrtu_run_f_01
xanim,#ai_t8_zm_mnsn_nfrtu_run_f_02
xanim,#ai_t8_zm_zombie_base_crawl_boardtear_aligned_r_1_grab
xanim,#p8_fxanim_zm_mansion_prima_machine_idle_anim
xanim,#ai_t8_zombie_base_sprint_au_v20_pain_chest_f_alt
xanim,#hash_262156b74c868ed0
xanim,#p8_fxanim_zm_office_wormhole_anim
xanim,#hash_26afa1349369ceca
xanim,#hash_26bf27a4d625c620
xanim,#hash_26bf28a4d625c7d3
xanim,#hash_26bf2aa4d625cb39
xanim,#hash_26bf2da4d625d052
xanim,#vm_t8_base_slide
xanim,#ai_zombie_base_run_turn_180_r_v2
xanim,#ai_t8_zm_mnsn_ghost_run_01
xanim,#hash_27347ad3965d5de8
xanim,#p8_fxanim_zm_man_wormhole_anim_vision_stone
xanim,#ai_t8_zm_mnsn_nfrtu_pain_f_00
xanim,#ai_t8_zm_mnsn_nfrtu_pain_f_01
xanim,#ai_t8_zm_mnsn_nfrtu_pain_f_02
xanim,#vm_ww_akud_reload
xanim,#hash_275e8a742a85e6fa
xanim,#hash_27697069452a40d8
xanim,#ai_zombie_smash_react_b_faceplant
xanim,#ai_t8_zm_zod_catalyst_corrosive_death_01_scale
xanim,#hash_27b1cebcfe429899
xanim,#ai_zombie_base_dth_l_chest_lt_02
xanim,#ai_zombie_base_dth_l_chest_lt_03
xanim,#ai_t8_zm_mnsn_wrwlf_silver_bullet_stn_pain_l
xanim,#ai_t8_zm_mnsn_wrwlf_silver_bullet_stn_pain_f
xanim,#ai_t8_zm_mnsn_wrwlf_silver_bullet_stn_pain_b
xanim,#ai_t8_zm_mnsn_wrwlf_silver_bullet_stn_pain_r
xanim,#ai_t8_zm_mnsn_wrwlf_run_exit_4
xanim,#ai_t8_zm_mnsn_wrwlf_run_exit_6
xanim,#ai_t8_zm_mnsn_wrwlf_run_exit_7
xanim,#ai_t8_zm_mnsn_wrwlf_run_exit_1
xanim,#ai_t8_zm_mnsn_wrwlf_run_exit_2
xanim,#ai_t8_zm_mnsn_wrwlf_run_exit_3
xanim,#ai_t8_zm_mnsn_wrwlf_run_exit_8
xanim,#ai_t8_zm_mnsn_wrwlf_run_exit_9
xanim,#hash_28080f5c94e41ee0
xanim,#ai_t8_zm_zombie_base_crawl_trv_mantle_window_50
xanim,#ai_t8_zm_zombie_base_crawl_trv_mantle_window_34
xanim,#ai_t8_zombie_base_walk_pain_10
xanim,#ai_t8_zombie_base_walk_pain_11
xanim,#ai_t8_zombie_base_walk_pain_12
xanim,#ai_t8_zombie_base_walk_pain_13
xanim,#ai_t8_zombie_base_walk_pain_14
xanim,#ai_t8_zm_zombie_boardtear_aligned_r_5_pull
xanim,#ai_t8_zombie_base_walk_pain_03
xanim,#ai_t8_zombie_base_walk_pain_02
xanim,#ai_t8_zombie_base_walk_pain_01
xanim,#ai_t8_zombie_base_walk_pain_07
xanim,#ai_t8_zombie_base_walk_pain_06
xanim,#ai_t8_zombie_base_walk_pain_05
xanim,#ai_t8_zombie_base_walk_pain_04
xanim,#ai_t8_zombie_base_walk_pain_09
xanim,#ai_t8_zombie_base_walk_pain_08
xanim,#vm_battle_shield_putaway_quick
xanim,#hash_283cb033c96dcd10
xanim,#vm_ww_akud_ads_base_up_lvl3
xanim,#vm_ww_akud_ads_base_up_lvl2
xanim,#ai_t8_zm_zombie_base_crawl_boardtear_aligned_m_5_hold
xanim,#ai_zombie_base_walk_au_pain_legs_v1
xanim,#o_t8_zm_zombie_board_2_repair
xanim,#hash_2899afb96fd04e56
xanim,#p8_fxanim_zm_man_barricade_interior_01_idle_anim
xanim,#ai_t8_zombie_base_walk_ad_win_trav_m_v1
xanim,#ai_t8_zombie_base_walk_ad_win_trav_m_v3
xanim,#ai_t8_zombie_base_walk_ad_win_trav_m_v2
xanim,#p8_fxanim_zm_vapor_altar_danu_off_anim
xanim,#ai_zombie_dr_crawl_jump_up_2_climb
xanim,#vm_38_special_fall
xanim,#ai_t8_zm_zombie_base_crawl_mantle_up_80_dn_36
xanim,#ai_t8_zm_mnsn_hallion_stun_intro
xanim,#hash_28d22ea977ee88be
xanim,#ai_t8_zm_mnsn_wrwlf_run_f_45_r
xanim,#ai_t8_zm_mnsn_wrwlf_run_f_45_l
xanim,#hash_28f42aa9780b6858
xanim,#vm_38_special_fire_ads
xanim,#p8_fxanim_zm_man_pap_drawers_idle_anim
xanim,#hash_29db872460650d4e
xanim,#ai_t8_zm_zombie_base_trv_zipline_lighthouse
xanim,#ai_t8_zm_zombie_boardtear_aligned_r_4_hold
xanim,#ai_t8_zm_zombie_boardtear_aligned_m_4_pull
xanim,#ai_zombie_base_run_ad_v8_pain_chest_f_alt
xanim,#p8_fxanim_zm_man_pap_graveyard_idle_anim
xanim,#ai_zombie_base_run_au_sidestep_left_long_c
xanim,#ai_zombie_base_run_au_sidestep_left_long_b
xanim,#ai_zombie_base_run_au_sidestep_left_long_a
xanim,#p8_fxanim_zm_zod_magic_box_open_idle_anim
xanim,#ai_t8_zombie_base_sprint_ad_v5_pain_chest_f_alt
xanim,#ai_t8_zm_zombie_base_crawl_boardtear_aligned_l_6_grab
xanim,#p8_fxanim_zm_man_power_seq_03_anim
xanim,#ai_zombie_base_jump_down_160
xanim,#ai_zombie_base_jump_down_128
xanim,#ai_t8_zm_zombie_base_walk_jump_down_96
xanim,#ai_t8_zm_zombie_base_walk_jump_down_72
xanim,#ai_t8_zm_zombie_base_walk_jump_down_48
xanim,#hash_2afbc43a7fa2be2f
xanim,#ai_t8_zm_zombie_base_walk_jump_down_36
xanim,#ai_zombie_base_dth_f_l_arm_lt_00
xanim,#ai_zombie_base_dth_f_l_arm_lt_01
xanim,#hash_2b09a0204a9f0f09
xanim,#p8_fxanim_zm_man_telescope_control_gears_05_anim
xanim,#hash_2b45ef11bbea56de
xanim,#hash_2b51b8279d7f8a75
xanim,#ai_zombie_base_walk_au_pain_torso_v1
xanim,#ai_zombie_base_fast_sprint_01_pain_chest_f_alt
xanim,#vm_battle_turret_hand_pose_l
xanim,#vm_battle_turret_hand_pose_r
xanim,#hash_2be899beeea494c3
xanim,#ai_t8_zm_mnsn_direwolf_pro_trv_mantle_128
xanim,#p8_fxanim_zm_man_pjs_anim
xanim,#p8_fxanim_zm_man_bookcase_04_anim
xanim,#p8_fxanim_zm_man_pap_drawers_anim
xanim,#ai_t8_zm_mnsn_wrwlf_run_attack_leap_f_spike_256
xanim,#ai_zombie_base_run_ad_v22_pain_chest_f_alt
xanim,#ai_t8_zm_mnsn_nfrtu_dth_f_01
xanim,#hash_2c69f4b174c7942a
xanim,#ai_zombie_base_run_ad_v14_pain_chest_f
xanim,#p8_fxanim_zm_man_pap_lantern_idle_anim
xanim,#hash_2cb4b6f66927831b
xanim,#vm_38_special_jump
xanim,#hash_2cc4bc5e476ce68f
xanim,#vm_zom_bowie_knife_melee_swipe
xanim,#ai_zombie_base_sprint_turn_135_l_v2
xanim,#ai_zombie_base_walk_au_sidestep_left_short
xanim,#pt_pistol_crouch_melee_gunbutt_strike
xanim,#ai_zm_dlc1_zombie_sprint_lowg_v1_pain_chest_f
xanim,#ai_zombie_base_walk_au_v1
xanim,#ai_zombie_base_walk_au_v2
xanim,#ai_zombie_base_walk_au_v3
xanim,#ai_zombie_base_walk_au_v4
xanim,#ai_zombie_base_walk_au_v5
xanim,#ai_zombie_base_walk_au_v6
xanim,#ai_zombie_base_walk_au_v7
xanim,#ai_zombie_base_walk_au_v8
xanim,#ai_zm_dlc1_zombie_sprint_lowg_v1
xanim,#ai_zm_dlc1_zombie_sprint_lowg_v3
xanim,#ai_zm_dlc1_zombie_sprint_lowg_v2
xanim,#ai_zm_dlc1_zombie_sprint_lowg_v4
xanim,#ai_t8_zm_zod_stoker_walk_f_pain_chest_f
xanim,#p8_fxanim_zm_man_telescope_control_gears_03_anim
xanim,#ai_zombie_base_walk_au_v2_pain_chest_f
xanim,#p8_fxanim_zm_man_greenhouse_planters_01_03_anim
xanim,#ai_t8_zm_zombie_base_crawl_jump_down_256
xanim,#hash_2dcfaee5af6612d0
xanim,#hash_2dd4971d6d997fa2
xanim,#vm_battle_turret_putaway
xanim,#hash_2dfb9d8471a64963
xanim,#ch_vign_cust_zm_mnsn_trv_jump_dn_wrwlf_cem_front
xanim,#ai_zombie_base_fast_sprint_01_pain_chest_f
xanim,#ai_zombie_base_sprint_turn_45_r_v2
xanim,#hash_2e43d49b13f6077d
xanim,#ai_zombie_base_run_turn_45_r_v2
xanim,#hash_2e6a5bb9d1089134
xanim,#vm_riotshield_zm_sprint_loop
xanim,#ai_zombie_base_sprint_au_sidestep_left_long_b
xanim,#ai_zombie_base_sprint_au_sidestep_left_long_a
xanim,#ai_t8_zombie_base_crawl_sprint_win_trav_l_v1
xanim,#hash_2e96d391143ce3b3
xanim,#hash_2ea401cc0aa37ac2
xanim,#ai_t8_zm_zod_bltfthr_tongue_grab_stagger_incl_45
xanim,#ai_t8_zm_zod_stoker_walk_jump_up_128
xanim,#o_t8_zm_zombie_board_3_pull
xanim,#ai_t8_zm_zod_stoker_walk_jump_up_160
xanim,#vm_t8_mini_crossbow_crawl_l
xanim,#vm_t8_mini_crossbow_crawl_b
xanim,#vm_t8_mini_crossbow_crawl_f
xanim,#vm_t8_mini_crossbow_crawl_r
xanim,#ai_t8_zm_mnsn_nfrtu_attack_claw_frenzy_01
xanim,#ai_t8_zm_zombie_boardtear_aligned_r_2_grab
xanim,#vm_t8_mini_crossbow_crawl_out
xanim,#ai_zombie_base_run_ad_v7_pain_chest_f_alt
xanim,#ai_zombie_base_run_ad_sidestep_left_long_a
xanim,#ai_zombie_base_run_ad_sidestep_left_long_b
xanim,#ai_t8_zm_mnsn_wrwlf_run_turns_l_45
xanim,#hash_302473fd2a33a037
xanim,#ai_t8_zm_mnsn_wrwlf_run_turns_l_90
xanim,#vm_ww_akud_crawl_l
xanim,#vm_ww_akud_crawl_f
xanim,#vm_ww_akud_crawl_b
xanim,#vm_ww_akud_crawl_r
xanim,#ai_t8_zm_zombie_boardtear_aligned_l_5_grab
xanim,#ai_zombie_smash_react_b_forwardtoface
xanim,#hash_3073d50714ee3a85
xanim,#vm_t8_swim_in_dw
xanim,#hash_30a3ae992c453f0c
xanim,#ai_zombie_base_run_au_v20_pain_chest_f
xanim,#ai_zombie_base_run_ad_v1_pain_chest_f_alt
xanim,#ai_t8_zm_zombie_boardtear_aligned_r_4_grab
xanim,#hash_30d418ca43484ffc
xanim,#ai_zombie_base_walk_ad_v19_pain_chest_f_alt
xanim,#vm_t8_mantle_over_buckler
xanim,#hash_3108f41d7067434f
xanim,#ai_t8_zm_zombie_base_crawl_boardtear_aligned_m_3_hold
xanim,#ai_t8_zm_zombie_base_crawl_jump_up_96
xanim,#ai_t8_zm_zombie_base_crawl_jump_up_36
xanim,#ai_t8_zm_zombie_base_crawl_jump_up_72
xanim,#void
xanim,#ai_t8_zm_zombie_base_crawl_jump_up_48
xanim,#ai_t8_zombie_base_run_pain_move_r_02
xanim,#ai_t8_zombie_base_run_pain_move_r_03
xanim,#ai_t8_zombie_base_run_pain_move_r_01
xanim,#ai_t8_zombie_base_run_pain_move_r_06
xanim,#ai_t8_zombie_base_run_pain_move_r_04
xanim,#ai_t8_zombie_base_run_pain_move_r_05
xanim,#ai_t8_zm_zod_stoker_mantle_over_128
xanim,#ai_zombie_base_dth_r_chest_lt_00
xanim,#ai_zombie_base_dth_r_chest_lt_01
xanim,#ai_zombie_base_dth_r_chest_lt_03
xanim,#vm_t8_mini_crossbow_jump_land
xanim,#pt_battle_turret_male_stand_first_raise
xanim,#ai_zm_dlc1_zombie_run_lowg_v4_pain_chest_f
xanim,#ai_zombie_cp_crawl_jump_up_128_down_32
xanim,#ai_t8_zm_zod_bltfthr_stn_turn_l_45
xanim,#ai_direwolf_base_idle
xanim,#p8_fxanim_zm_man_ooze_clump_01_anim
xanim,#ai_t8_zm_zod_bltfthr_stn_turn_l_90
xanim,#ai_t8_zm_zod_bltfthr_backsacs_add
xanim,#hash_324daff20aa02fdb
xanim,#ai_t8_zm_mnsn_nfrtu_run_arrival_2_summon_01
xanim,#ai_t8_zm_zod_bltfthr_tongue_attack_hit_end
xanim,#hash_328e3bc2a698bb3d
xanim,#hash_329bde69ac9d05ef
xanim,#p8_fxanim_zm_man_pap_quest_entrance_room_anim
xanim,#hash_32bd4ec19e397e51
xanim,#vm_t8_mini_crossbow_crawl_in
xanim,#hash_32d5e6c9f1b6043b
xanim,#hash_32d5e7c9f1b605ee
xanim,#hash_32d5e8c9f1b607a1
xanim,#hash_32e4e6cf58302fed
xanim,#ai_t8_zm_zombie_base_trv_mantle_window_34
xanim,#ai_t8_zm_zombie_base_trv_mantle_window_50
xanim,#ai_zombie_smash_react_f_doublebounce
xanim,#hash_334b0659e809f265
xanim,#hash_334e1896593251db
xanim,#vm_prone_to_crouch_additive
xanim,#ai_direwolf_base_dth_f
xanim,#ai_direwolf_base_dth_b
xanim,#ai_direwolf_base_dth_l
xanim,#ai_direwolf_base_dth_r
xanim,#ai_zombie_base_dth_f_chest_hvy_02
xanim,#ai_zombie_base_dth_f_chest_hvy_01
xanim,#ai_zombie_base_dth_f_chest_hvy_00
xanim,#ai_zombie_base_walk_au_v7_pain_chest_f_alt
xanim,#vm_shock_charge_ads_up
xanim,#hash_33a1b2242d24d31e
xanim,#hash_33c640b0b06e6808
xanim,#ai_zombie_smash_react_getup_a
xanim,#ai_zombie_smash_react_getup_b
xanim,#ai_zombie_smash_react_getup_c
xanim,#ai_t8_zm_zombie_boardtear_aligned_m_2_grab
xanim,#hash_346c76e841bb3677
xanim,#ai_zombie_base_crawl_jump_across_128
xanim,#hash_3475f0b9b2ad7422
xanim,#hash_34869a83ed7c00c6
xanim,#ai_zombie_base_walk_ad_v21_pain_chest_f_alt
xanim,#ai_t8_zm_zod_catalyst_water_idle_01
xanim,#hash_34ccbdf889050ed6
xanim,#hash_34f9575c60ca9d1c
xanim,#ai_zombie_base_walk_au_sidestep_right_short
xanim,#ai_t8_zm_zod_catalyst_plasma_sprint_01
xanim,#ai_t8_zm_zod_bltfthr_pain_stun_loop
xanim,#ai_t8_zombie_base_sprint_ad_v24_pain_chest_f_alt
xanim,#vm_riotshield_zm_sprint_out
xanim,#hash_355df85b3b30dc74
xanim,#ai_t8_zm_zod_bltfthr_run_turn_l_180
xanim,#ai_t8_zm_mnsn_nfrtu_summon_01
xanim,#ai_t8_zm_zod_bltfthr_run_turn_l_135
xanim,#ai_zombie_base_run_ad_v12_pain_chest_f
xanim,#ai_zombie_base_dth_f_r_arm_hvy_00
xanim,#ai_zombie_base_walk_au_v10_pain_chest_f_alt
xanim,#hash_364b5ce77c9c8495
xanim,#ai_t8_zm_zod_bltfthr_trv_jump_up_128
xanim,#ai_zombie_base_sprint_turn_90_l_v2
xanim,#hash_36cfff738a2dce2c
xanim,#p8_fxanim_zm_man_pap_wall_anim
xanim,#ai_t8_nfrtu_cust_trv_jump_up_zm_mnsn_main_hall
xanim,#p8_fxanim_zm_man_pap_quest_statue_fountain_idle_anim
xanim,#p8_fxanim_zm_man_telescope_control_gears_04_anim
xanim,#vm_battle_turret_ads_base_up
xanim,#ai_zombie_dr_jump_down_72
xanim,#hash_37818723b8af094a
xanim,#ai_zombie_dr_jump_down_96
xanim,#p8_fxanim_zm_man_pap_sarcophagus_close_anim
xanim,#hash_3799bd4b815e6158
xanim,#vm_t8_swim_r_dw
xanim,#hash_37c3db20f9e8bae0
xanim,#ai_t8_zm_zod_bltfthr_spawn
xanim,#o_t8_zm_zombie_board_2_pull
xanim,#ai_zombie_base_run_au_v9_pain_chest_f_alt
xanim,#hash_380900817638ea7c
xanim,#hash_381b44143df40dfe
xanim,#hash_382489e8d9306b54
xanim,#ai_t8_zm_zombie_boardtear_aligned_l_1_pull
xanim,#vm_raygun_t7_crawl_in
xanim,#ai_t8_zombie_base_crawl_win_trav_r_v1
xanim,#ai_t8_zm_zombie_boardtear_aligned_r_1_hold
xanim,#hash_386ffb6ce3db1ca1
xanim,#ai_t8_zombie_base_sprint_ad_v22_pain_chest_f_alt
xanim,#ai_zombie_base_dth_f_r_arm_lt_00
xanim,#hash_389efa77406bee80
xanim,#ai_t8_zm_zod_stoker_sprint_f
xanim,#hash_38d660437fcb89c0
xanim,#ai_t8_zm_zod_catalyst_electric_walk_01
xanim,#ai_t8_zm_zod_catalyst_electric_walk_02
xanim,#ai_zm_dlc1_zombie_run_lowg_v4
xanim,#ai_zm_dlc1_zombie_run_lowg_v2
xanim,#ai_zm_dlc1_zombie_run_lowg_v3
xanim,#ai_zm_dlc1_zombie_run_lowg_v1
xanim,#ai_base_rifle_stn_run_dth_r_arms_hvy_1
xanim,#ai_t8_zm_zombie_boardtear_aligned_l_2_pull
xanim,#ai_zombie_base_walk_turn_90_l_v2
xanim,#hash_392d2efd13fc50ff
xanim,#ai_t8_zm_mnsn_crmsn_nfrtu_spawn_01_idle
xanim,#ai_zombie_base_death_v2
xanim,#ai_zombie_base_death_v3
xanim,#ai_zombie_base_death_v1
xanim,#hash_39531aa9f1a16c4d
xanim,#hash_396049c8ae264d36
xanim,#hash_3963518cfe95563b
xanim,#hash_39793bce93cf2712
xanim,#p8_fxanim_zm_vapor_altar_ra_anim
xanim,#ai_t8_zm_zod_stoker_stun_in_01
xanim,#hash_399e15ceb8ad4ae9
xanim,#p8_fxanim_zm_packapunch_worldguns_small_taken
xanim,#hash_39aa95f613dc2f43
xanim,#ai_zombie_base_walk_ad_v5_pain_chest_f
xanim,#p8_fxanim_zm_man_clock_02_anim
xanim,#ai_zombie_base_walk_ad_v23_pain_chest_f_alt
xanim,#vm_t8_swim_in_additive
xanim,#pt_rifle_crouch_raise
xanim,#hash_3a59d7d10e0e379a
xanim,#p8_fxanim_zm_man_greenhouse_ext_front_door_idle_anim
xanim,#p8_fxanim_zm_man_druid_door_open_anim
xanim,#ai_zombie_base_run_au_v4_pain_chest_f_alt
xanim,#hash_3a809d205dff1733
xanim,#ai_t8_werewolf_cust_trv_jump_down_zm_mnsn_cmtry_spnclst
xanim,#ai_t8_zm_zombie_base_crawl_mantle_over_128
xanim,#ai_zm_dlc1_zombie_walk_lowg_v1_pain_chest_f_alt
xanim,#ai_t8_zm_zod_catalyst_water_run_01
xanim,#ai_zombie_base_walk_au_v20_pain_chest_f_alt
xanim,#hash_3acd0e674c814026
xanim,#ai_zombie_base_run_au_v24_pain_chest_f_alt
xanim,#hash_3afd8d18397e12d8
xanim,#hash_3afd8f18397e163e
xanim,#hash_3afd9018397e17f1
xanim,#hash_3afd9218397e1b57
xanim,#hash_3b06cd5c9778d5b2
xanim,#ai_t8_zm_mnsn_nfrtu_run_au_pain_chest_l_01
xanim,#ai_t8_zm_mnsn_hallion_stun_outro
xanim,#ai_zombie_base_sprint_ad_sidestep_left_short
xanim,#pt_one_handed_gun_male_prone_fire
xanim,#ai_t8_zombie_base_sprint_ad_win_trav_r_v1
xanim,#o_zombie_magic_box_weapon_rise
xanim,#hash_3bf722d7be815805
xanim,#ai_t8_zm_zombie_base_crawl_boardtear_aligned_m_3_pull
xanim,#ai_zm_dlc1_zombie_crawl_jump_up_244_down_36
xanim,#ai_t8_zm_zombie_base_crawl_boardtear_aligned_m_5_grab
xanim,#vm_riotshield_zm_idle
xanim,#p8_fxanim_zm_man_pap_sarcophagus_open_anim
xanim,#ai_t8_zm_mnsn_wrwlf_attack_swipe_r_02
xanim,#ai_t8_zm_mnsn_wrwlf_attack_swipe_r_01
xanim,#ai_t8_zombie_base_cust_trv_jump_down_zm_mnsn_main_hall
xanim,#p8_fxanim_zm_zod_magic_box_arrive_anim
xanim,#ai_t8_zm_mnsn_bat_hover_l
xanim,#ai_t8_zm_mnsn_bat_hover_f
xanim,#ai_t8_zm_mnsn_bat_hover_b
xanim,#ai_t8_zm_mnsn_bat_hover_r
xanim,#hash_3cc0575e3fda0344
xanim,#ai_zombie_base_crawl_death_v2
xanim,#ai_zombie_base_crawl_death_v1
xanim,#pt_crossbow_t8_first_raise_stand
xanim,#ai_zombie_dr_crawl_jump_down_190
xanim,#ai_zombie_dr_crawl_jump_down_184
xanim,#vm_battle_turret_walk_f
xanim,#vm_t8_mini_crossbow_ads_base_down
xanim,#hash_3cfe502aeeadbd8a
xanim,#ai_zombie_dr_crawl_jump_down_127
xanim,#ai_zombie_base_dth_b_chest_hvy_02
xanim,#ai_zombie_base_dth_b_chest_hvy_00
xanim,#ai_t8_zombie_base_sprint_ad_v23
xanim,#ai_t8_zombie_base_sprint_ad_v22
xanim,#ai_t8_zombie_base_sprint_ad_v21
xanim,#ai_t8_zombie_base_sprint_ad_v24
xanim,#vm_battle_turret_idle
xanim,#hash_3d470bb89ec889ee
xanim,#ai_t8_zm_zod_bltfthr_tongue_grab_release
xanim,#hash_3d6fe9446f3aa980
xanim,#hash_3d70c8dda19fdff5
xanim,#vm_crouch_to_prone
xanim,#vm_38_special_reload_empty
xanim,#p8_fxanim_zm_man_clock_01_anim
xanim,#ai_t8_zm_mnsn_wrwlf_idle_00
xanim,#p8_fxanim_zm_man_pap_platter_idle_anim
xanim,#hash_3e1a3825102bf6d2
xanim,#hash_3e32e8d69876b6e8
xanim,#hash_3e91a78653fcdc1b
xanim,#ai_t8_zm_zod_bltfthr_dth_destroy_head_01_nofx
xanim,#hash_3e96651895e5b82d
xanim,#ai_zombie_base_run_dth_f_torso_hvy
xanim,#ai_t8_zm_zod_catalyst_corrosive_death_02_scale
xanim,#pt_rifle_stand_bowie_stick
xanim,#ai_t8_zm_mnsn_wrwlf_run_turns_r_135
xanim,#ai_zombie_base_run_au_v22_pain_chest_f
xanim,#hash_3f289af5e52b5f74
xanim,#ai_t8_zm_mnsn_nfrtu_stun_loop
xanim,#ai_base_rifle_stn_run_dth_r_arms_lt_1
xanim,#ai_t8_zm_zombie_base_run_mantle_up_80_dn_36
xanim,#ai_zm_dlc1_zombie_run_lowg_v3_pain_chest_f_alt
xanim,#ai_direwolf_base_run_start
xanim,#pt_battle_shield_male_stand_first_raise
xanim,#ai_t8_zm_zombie_base_crawl_trv_jump_up_128_thru_sm_hole
xanim,#ai_t8_zm_mnsn_wrwlf_pain_stun_in
xanim,#hash_3ff67c126becd5fc
xanim,#hash_3ff67d126becd7af
xanim,#hash_3ff680126becdcc8
xanim,#hash_3ff681126becde7b
xanim,#hash_3ff682126bece02e
xanim,#hash_3ff683126bece1e1
xanim,#hash_3ff685126bece547
xanim,#hash_3ff686126bece6fa
xanim,#hash_3ff687126bece8ad
xanim,#hash_3ffa05126beff49e
xanim,#hash_3ffa06126beff651
xanim,#hash_3ffa07126beff804
xanim,#hash_3ffa08126beff9b7
xanim,#hash_3ffa09126beffb6a
xanim,#hash_3ffa0a126beffd1d
xanim,#ai_t8_zm_zombie_boardtear_aligned_r_1_pull
xanim,#ai_t8_zm_mnsn_wrwlf_mantle_128
xanim,#ai_t8_zm_zod_bltfthr_vomit_perk
xanim,#p8_fxanim_zm_man_telescope_control_gears_02_anim
xanim,#ai_t8_zm_mnsn_bat_attack_leech_02
xanim,#ai_t8_zm_zombie_base_crawl_boardtear_aligned_m_3_grab
xanim,#ai_zm_dlc1_zombie_walk_lowg_v1_pain_chest_f
xanim,#ai_t8_zm_mnsn_nfrtu_stun_out
xanim,#ai_t8_zm_mnsn_nfrtu_run_jump_dn_96
xanim,#ai_zombie_base_walk_au_v5_pain_chest_f_alt
xanim,#ai_t8_zm_mnsn_nfrtu_run_jump_dn_36
xanim,#ai_t8_zm_mnsn_nfrtu_run_jump_dn_48
xanim,#hash_417a57dd8680dcf9
xanim,#ai_t8_zm_mnsn_nfrtu_run_jump_dn_72
xanim,#hash_41892f6eb986bc22
xanim,#ai_zm_dlc1_zombie_walk_lowg_v3_pain_chest_f_alt
xanim,#ai_t8_zm_zod_catalyst_water_walk_01
xanim,#ai_t8_zm_mnsn_direwolf_trv_run_jump_40
xanim,#ai_zombie_base_walk_turn_135_l_v3
xanim,#ai_t8_zm_zombie_base_walk_mantle_over_128
xanim,#hash_4202403d23b8a3a3
xanim,#ai_zm_dlc1_zombie_jump_up_180_down_36
xanim,#hash_42234a58779e81dd
xanim,#pt_knife_stand_first_raise
xanim,#ai_direwolf_base_run_attack_low
xanim,#p8_fxanim_zm_man_ka01_rise_anim
xanim,#ai_zm_dlc1_zombie_crawl_climb_up_192_down_40
xanim,#p8_fxanim_zm_man_atlas_control_panel_open_anim
xanim,#hash_4258c89565f91070
xanim,#hash_42729aaa573a7e2f
xanim,#ai_zombie_base_walk_ad_sidestep_left_long_b
xanim,#hash_429a872cb7b171de
xanim,#ai_t8_zm_zod_catalyst_electric_attack_01
xanim,#ai_t8_zm_zod_catalyst_electric_attack_02
xanim,#vm_38_special_crawl_out
xanim,#ai_t8_zombie_base_sprint_ad_v24_pain_chest_f
xanim,#ai_zombie_base_walk_au_v13_pain_chest_f
xanim,#ai_t8_zm_zombie_boardtear_aligned_m_1_hold
xanim,#vm_ww_akud_sprint_putaway
xanim,#hash_4351a7fa83f5eb00
xanim,#ai_zombie_base_sprint_ad_sidestep_right_short_a
xanim,#ai_t8_zm_zombie_boardtear_aligned_l_1_hold
xanim,#hash_43709a7116b30b6c
xanim,#p8_fxanim_zm_man_dome_crank_open_start_anim
xanim,#ai_t8_zm_zombie_base_walk_jump_up_128
xanim,#ai_t8_zm_mnsn_nfrtu_spawn_01
xanim,#ai_t8_zm_zombie_base_walk_mantle_up_36_dn_80
xanim,#ai_zombie_base_walk_au_v21_pain_chest_f
xanim,#ai_zombie_base_sprint_ad_sidestep_left_long_a
xanim,#ai_zombie_base_sprint_ad_sidestep_left_long_b
xanim,#ai_t8_zm_zombie_base_run_mantle_over_96
xanim,#vm_prone_to_crouch
xanim,#vm_riotshield_zm_sprint_in
xanim,#ai_t8_zm_zombie_base_run_mantle_over_72
xanim,#ai_t8_zm_zombie_base_run_mantle_over_48
xanim,#ai_t8_zm_zombie_base_run_mantle_over_36
xanim,#ai_zombie_base_run_ad_v20_pain_chest_f_alt
xanim,#ai_t8_zm_zombie_boardtear_aligned_r_5_grab
xanim,#hash_445f3d222928cb45
xanim,#hash_446d43f0d5cbab0c
xanim,#ai_t8_zombie_base_sprint_au_v21_pain_chest_f_alt
xanim,#hash_4479bf8c9b14bf8b
xanim,#ai_t8_zm_zod_bltfthr_exit_9
xanim,#ai_t8_zm_zod_bltfthr_exit_8
xanim,#ai_t8_zm_zod_bltfthr_exit_4
xanim,#ai_t8_zm_zod_bltfthr_exit_7
xanim,#ai_t8_zm_zod_bltfthr_exit_6
xanim,#ai_t8_zm_zod_bltfthr_exit_2
xanim,#hash_449ecb2b5e5d023d
xanim,#vm_38_special_jump_land
xanim,#ai_t8_zm_zod_catalyst_plasma_walk_02
xanim,#ai_t8_zm_zod_catalyst_plasma_walk_03
xanim,#ai_t8_zm_zod_catalyst_plasma_walk_01
xanim,#ai_t8_zm_zombie_base_run_mantle_up_36_dn_80
xanim,#vm_riotshield_zm_ads_down
xanim,#ai_zombie_base_run_turn_135_l_v2
xanim,#ai_zombie_base_run_ad_v2_pain_chest_f_alt
xanim,#ai_t8_zm_mnsn_nfrtu_stun_in
xanim,#ai_zombie_base_run_au_v2_pain_chest_f
xanim,#ai_direwolf_base_run_attack
xanim,#ai_t8_zombie_base_sprint_ad_win_trav_m_v1
xanim,#ai_t8_zombie_base_sprint_ad_win_trav_m_v2
xanim,#hash_45e693dae49afc30
xanim,#ai_t8_zombie_base_run_pain_10
xanim,#ai_t8_zombie_base_run_pain_11
xanim,#ai_t8_zombie_base_run_pain_12
xanim,#ai_t8_zombie_base_run_pain_13
xanim,#ai_t8_zombie_base_run_pain_14
xanim,#ai_t8_zombie_base_run_pain_15
xanim,#ai_t8_zombie_base_run_pain_16
xanim,#ai_t8_zombie_base_run_pain_09
xanim,#ai_t8_zombie_base_run_pain_03
xanim,#ai_t8_zombie_base_run_pain_02
xanim,#ai_t8_zombie_base_run_pain_01
xanim,#ai_t8_zombie_base_run_pain_07
xanim,#ai_t8_zombie_base_run_pain_06
xanim,#ai_t8_zombie_base_run_pain_05
xanim,#ai_t8_zombie_base_run_pain_04
xanim,#ai_t8_zm_zombie_base_crawl_boardtear_aligned_m_2_pull
xanim,#hash_46331200ee05f641
xanim,#ai_zombie_base_walk_au_v4_pain_chest_f_alt
xanim,#ai_t8_zombie_base_walk_ad_win_trav_r_v1
xanim,#hash_4657016f61de525c
xanim,#p8_fxanim_zm_man_power_seq_04_anim
xanim,#hash_4676fc35f298c306
xanim,#pt_rifle_prone_melee_gunbutt
xanim,#ai_zombie_base_jump_across_256
xanim,#hash_46b5dbc4b9932264
xanim,#p8_fxanim_zm_man_dome_crank_close_anim
xanim,#ai_zombie_base_run_ad_v4_pain_chest_f_alt
xanim,#ai_zombie_base_walk_ad_v3_pain_chest_f_alt
xanim,#ai_t8_zombie_base_sprint_ad_v21_pain_chest_f_alt
xanim,#hash_4745561c3587a0e9
xanim,#ai_t8_zm_zombie_base_crawl_boardtear_aligned_m_1_pull
xanim,#ai_zombie_smash_react_r_jackiespinleft
xanim,#ai_zombie_base_run_dth_b_head_lt
xanim,#ai_zombie_base_run_turn_180_l_v2
xanim,#ai_zombie_base_run_au_v24_pain_chest_f
xanim,#vm_battle_turret_ads_base_down
xanim,#ai_direwolf_base_run_turn_l_180
xanim,#hash_47a02866cf5c36ab
xanim,#hash_47b06b44576f28c4
xanim,#ai_t8_zm_zod_catalyst_corrosive_spawn_01
xanim,#hash_4814819287ed041d
xanim,#hash_484b2cf1f15ecfeb
xanim,#ai_t8_zombie_base_sprint_au_v25_pain_chest_f
xanim,#ai_t8_zm_zod_bltfthr_pain_destroy_leg_right_01
xanim,#vm_t8_mini_crossbow_sprint_putaway
xanim,#vm_t8_mini_crossbow_fall
xanim,#ai_zombie_base_walk_au_v8_pain_chest_f_alt
xanim,#ai_t8_zm_zod_stoker_stun_loop_01
xanim,#hash_48b8ae34c82da2f1
xanim,#hash_48b8b834c82db3ef
xanim,#ai_t8_zm_mnsn_wrwlf_idle_2_howl
xanim,#ai_t8_zm_zod_stoker_knockdown_b_01
xanim,#ai_zombie_base_run_au_v1_pain_chest_f
xanim,#vm_battle_shield_jump
xanim,#hash_48fe5db63696a698
xanim,#ai_t8_zm_mnsn_nfrtu_attack_latch_01_fail
xanim,#ai_zombie_base_run_au_v11_pain_chest_f
xanim,#hash_492ffa0b1940b615
xanim,#vm_battle_turret_melee
xanim,#ai_t8_zombie_base_super_sprint_attack_01
xanim,#ai_t8_zombie_base_super_sprint_attack_02
xanim,#ai_t8_zombie_base_super_sprint_attack_03
xanim,#ai_t8_zombie_base_super_sprint_attack_04
xanim,#ai_t8_zombie_base_super_sprint_attack_05
xanim,#ai_t8_zombie_base_run_ad_win_trav_m_v1
xanim,#ai_zombie_base_dth_r_v1
xanim,#ai_zombie_base_dth_r_v2
xanim,#hash_49de62535d590576
xanim,#ai_t8_zombie_base_sprint_au_v22_pain_chest_f
xanim,#vm_battle_shield_jump_land
xanim,#hash_49f5da286228e4b3
xanim,#hash_4a2a4028a953de2d
xanim,#ai_t8_zm_zombie_base_crawl_boardtear_aligned_l_4_hold
xanim,#hash_4a77fcdb8ec95b94
xanim,#ai_t8_zm_zombie_base_crawl_mantle_up_36_dn_80
xanim,#hash_4abc53ecefe94643
xanim,#ai_direwolf_base_trot_turn_l_90
xanim,#ai_t8_zombie_base_run_ad_win_trav_l_v1
xanim,#hash_4af37851c408abad
xanim,#ai_t8_zm_zod_bltfthr_tongue_grab_idle_incl_45
xanim,#hash_4b1a5144ae03943f
xanim,#hash_4b21722e8c76f7ac
xanim,#vm_ww_akud_reload_lvl2
xanim,#vm_ww_akud_reload_lvl3
xanim,#ai_t8_zm_zombie_base_trv_zipline_ship
xanim,#ai_t8_zm_mnsn_crmsn_nfrtu_dash_fast_f_01
xanim,#ai_t8_zombie_base_run_attack_17
xanim,#ai_t8_zombie_base_run_attack_10
xanim,#ai_t8_zombie_base_run_attack_12
xanim,#ai_t8_zombie_base_run_attack_13
xanim,#ai_t8_zombie_base_run_attack_18
xanim,#ai_t8_zombie_base_run_attack_19
xanim,#ai_t8_zombie_base_run_attack_06
xanim,#ai_t8_zombie_base_run_attack_04
xanim,#ai_t8_zombie_base_run_attack_03
xanim,#ai_t8_zombie_base_run_attack_02
xanim,#ai_t8_zombie_base_run_attack_08
xanim,#ai_t8_zombie_base_run_attack_30
xanim,#ai_t8_zombie_base_run_attack_29
xanim,#ai_t8_zombie_base_run_attack_28
xanim,#ai_t8_zombie_base_run_attack_25
xanim,#ai_t8_zombie_base_run_attack_24
xanim,#ai_t8_zombie_base_run_attack_26
xanim,#ai_t8_zombie_base_run_attack_21
xanim,#ai_t8_zombie_base_run_attack_20
xanim,#ai_t8_zombie_base_run_attack_23
xanim,#ai_t8_zombie_base_run_attack_22
xanim,#vm_ww_akud_fire_ads
xanim,#ai_zombie_base_walk_au_sidestep_left_long_d
xanim,#ai_zombie_smash_react_f
xanim,#ai_t8_zm_zod_catalyst_plasma_idle_04
xanim,#ai_t8_zm_zod_catalyst_plasma_idle_01
xanim,#ai_t8_zm_zod_catalyst_plasma_idle_03
xanim,#ai_t8_zm_zod_catalyst_plasma_idle_02
xanim,#ai_t8_zm_zombie_base_crawl_boardtear_aligned_r_6_hold
xanim,#ai_t8_zm_zombie_boardtear_aligned_m_3_hold
xanim,#p8_fxanim_zm_man_ooze_clump_02_anim
xanim,#hash_4c10eeb7cc87dd75
xanim,#ai_zombie_base_crawl_v3
xanim,#ai_zombie_base_crawl_v2
xanim,#ai_zombie_base_crawl_v1
xanim,#ai_zombie_base_crawl_v5
xanim,#ai_zombie_base_crawl_v4
xanim,#ai_t8_zm_zombie_base_crawl_boardtear_aligned_r_5_hold
xanim,#vm_38_special_walk_f
xanim,#vm_t8_mini_crossbow_jump
xanim,#hash_4cb0bd9f34eacf85
xanim,#ai_t8_zm_zod_bltfthr_vomit_mystery_box
xanim,#ai_t8_zm_mnsn_wrwlf_walk_2_quad_run
xanim,#ai_t8_zm_zod_catalyst_water_death_01
xanim,#ai_zombie_base_run_ad_v14_pain_chest_f_alt
xanim,#ai_zombie_base_walk_au_v20_pain_chest_f
xanim,#ai_t8_zm_mnsn_werewolf_post_transform_zombie
xanim,#hash_4cc78d4264df2801
xanim,#vm_battle_shield_fall
xanim,#ai_zombie_base_walk_turn_45_l_v2
xanim,#hash_4d1012be6bba3132
xanim,#hash_4d151fe5702a15dc
xanim,#ai_t8_zm_zombie_base_crawl_boardtear_aligned_r_3_hold
xanim,#ai_t8_zm_zod_bltfthr_vomit_pap
xanim,#ai_t8_zm_zombie_base_crawl_mantle_over_36
xanim,#ai_t8_zm_zombie_base_crawl_mantle_over_48
xanim,#ai_t8_zm_zombie_base_crawl_mantle_over_72
xanim,#ai_t8_zm_zombie_boardtear_aligned_m_3_grab
xanim,#ai_t8_zm_zombie_boardtear_aligned_l_2_grab
xanim,#ai_t8_zm_zombie_base_crawl_mantle_over_96
xanim,#p8_fxanim_zm_pap_pedestal_static_anim
xanim,#ai_zombie_base_run_au_sidestep_left_short_b
xanim,#ai_zombie_base_run_au_sidestep_left_short_a
xanim,#vm_zom_bowie_knife_ads_base_down
xanim,#hash_4dc450b49570c27d
xanim,#vm_t8_mini_crossbow_sprint_in
xanim,#hash_4dfa6caa77f870bc
xanim,#ai_zombie_base_walk_ad_v2_pain_chest_f_alt
xanim,#ai_zombie_base_walk_au_v12_pain_chest_f
xanim,#vm_t8_swim_b_dw
xanim,#o_t8_zm_zombie_board_3_repair
xanim,#hash_4e4ea4ab4897fd6d
xanim,#ai_zm_dlc1_zombie_walk_lowg_v3_pain_chest_f
xanim,#ai_t8_zm_zombie_boardtear_aligned_m_3_pull
xanim,#vm_t8_mantle_over_additive
xanim,#ai_t8_zm_zombie_boardtear_aligned_r_2_pull
xanim,#ai_zombie_base_mantle_over_48
xanim,#ai_zombie_base_mantle_over_72
xanim,#vm_t8_swim_l_additive
xanim,#ai_zombie_base_mantle_over_36
xanim,#ai_t8_zm_zod_bltfthr_pain_destroy_sac_left_01
xanim,#ai_zombie_base_mantle_over_96
xanim,#hash_4ec060fddf8105d4
xanim,#hash_4ecf6f3b7b76dfca
xanim,#ai_t8_zombie_base_sprint_ad_v23_pain_chest_f_alt
xanim,#vm_ww_akud_fire_hold_loop
xanim,#ai_zombie_base_crawl_idle_v1
xanim,#hash_4f0c464dbdb9a79f
xanim,#hash_4f15697c23379099
xanim,#o_t8_zm_zombie_board_4_pull
xanim,#ai_t8_zm_zombie_base_crawl_boardtear_aligned_m_6_hold
xanim,#ai_t8_zm_mnsn_nfrtu_run_attack_claw
xanim,#ai_t8_zm_mnsn_nfrtu_run_turn_r_90
xanim,#p8_fxanim_zm_man_telescope_control_gears_01_anim
xanim,#ai_zombie_base_walk_ad_v25_pain_chest_f
xanim,#ai_t8_zm_zombie_base_crawl_boardtear_aligned_m_1_hold
xanim,#ai_t8_zm_zombie_base_crawl_boardtear_aligned_l_5_pull
xanim,#ai_t8_zm_mnsn_crmsn_nfrtu_run_f_01
xanim,#ai_t8_zm_mnsn_direwolf_pro_trv_mantle_72
xanim,#ai_t8_zm_zod_stoker_walk_mantle_48
xanim,#ai_t8_zm_mnsn_direwolf_pro_trv_mantle_36
xanim,#ai_t8_zm_zod_stoker_walk_mantle_72
xanim,#ai_t8_zm_mnsn_werewolf_post_transform_werewolf
xanim,#ai_t8_zm_zombie_boardtear_aligned_l_4_hold
xanim,#ai_t8_zm_zod_stoker_walk_mantle_96
xanim,#pt_knife_crouch_first_raise
xanim,#o_t8_zm_zombie_board_6_repair
xanim,#ai_t8_zm_zombie_base_walk_mantle_up_80_dn_36
xanim,#vm_t8_mini_crossbow_swim_uw_putaway
xanim,#hash_505a199710243002
xanim,#ai_t8_zm_zombie_base_crawl_boardtear_aligned_r_5_grab
xanim,#hash_507ef69013dcbfd2
xanim,#ai_t8_zm_zombie_boardtear_aligned_l_5_pull
xanim,#hash_5082d24c8c8aee3c
xanim,#vm_ww_akud_fire_hold_loop_lvl3
xanim,#ai_t8_zombie_base_sprint_ad_v5_pain_chest_f
xanim,#p8_fxanim_zm_man_greenhouse_planters_01_06_anim
xanim,#vm_zom_bowie_knife_idle
xanim,#ai_t8_zm_zod_bltfthr_pain_knockdown_r_01
xanim,#hash_50bc029014108254
xanim,#ai_t8_zm_zod_bltfthr_tongue_grab_idle_decl_45
xanim,#hash_50c38cf07da78995
xanim,#ai_t8_zm_zombie_boardtear_aligned_m_5_grab
xanim,#vm_ww_akud_rechamber
xanim,#hash_50e543ec7fe5755c
xanim,#ai_zm_dlc1_zombie_crawl_lowg_v1
xanim,#ai_zm_dlc1_zombie_crawl_lowg_v2
xanim,#ai_zm_dlc1_zombie_crawl_lowg_v3
xanim,#ai_t8_zm_mnsn_nfrtu_dth_b_00
xanim,#vm_battle_turret_fire
xanim,#ai_t8_zm_zod_bltfthr_tongue_attack_hit_loop
xanim,#ai_t8_zm_zod_bltfthr_vomit_wallbuy
xanim,#ai_t8_zm_mnsn_ghost_idle_01
xanim,#ai_t8_zombie_base_run_ad_win_trav_r_v1
xanim,#ai_t8_werewolf_cust_trv_zm_mnsn_jump_up_grdn_stairs_wrwlf
xanim,#hash_51caa34643de3783
xanim,#hash_51d7d9b55ce69bd6
xanim,#hash_51dea425194f9824
xanim,#ai_t8_zm_zod_stoker_stun_out_01
xanim,#hash_521dd775baeefcd3
xanim,#ai_t8_zombie_base_super_sprint_25
xanim,#ai_t8_zombie_base_super_sprint_24
xanim,#ai_t8_zombie_base_super_sprint_23
xanim,#ai_t8_zombie_base_super_sprint_22
xanim,#ai_t8_zombie_base_super_sprint_21
xanim,#ai_t8_zombie_base_super_sprint_20
xanim,#vm_t8_mini_crossbow_hand_pose_l
xanim,#vm_t8_mini_crossbow_hand_pose_r
xanim,#ai_t8_zm_mnsn_wrwlf_pain_stun_out
xanim,#ai_t8_zombie_base_super_sprint_18
xanim,#ai_t8_zombie_base_super_sprint_19
xanim,#ai_t8_zombie_base_super_sprint_12
xanim,#ai_t8_zombie_base_super_sprint_13
xanim,#ai_t8_zombie_base_super_sprint_10
xanim,#ai_t8_zombie_base_super_sprint_11
xanim,#ai_t8_zombie_base_super_sprint_16
xanim,#ai_t8_zombie_base_super_sprint_17
xanim,#ai_t8_zombie_base_super_sprint_14
xanim,#ai_t8_zombie_base_super_sprint_15
xanim,#ai_t8_zombie_base_super_sprint_09
xanim,#ai_t8_zombie_base_super_sprint_08
xanim,#ai_t8_zombie_base_super_sprint_05
xanim,#ai_t8_zombie_base_super_sprint_04
xanim,#ai_t8_zombie_base_super_sprint_07
xanim,#ai_t8_zombie_base_super_sprint_06
xanim,#ai_t8_zombie_base_super_sprint_01
xanim,#ai_t8_zombie_base_super_sprint_03
xanim,#ai_t8_zombie_base_super_sprint_02
xanim,#o_zombie_base_magic_box_fake_idle_twitch_a
xanim,#o_zombie_base_magic_box_fake_idle_twitch_b
xanim,#ai_t8_zm_zod_stoker_walk_jump_dn_96
xanim,#o_t8_zm_zombie_board_4_repair
xanim,#ai_t8_zm_zod_stoker_walk_jump_dn_48
xanim,#vm_battle_shield_pullout
xanim,#ai_t8_zm_zod_stoker_walk_jump_dn_36
xanim,#ai_t8_zm_zod_stoker_walk_jump_dn_32
xanim,#ai_t8_zm_mnsn_wrwlf_attack_swipe_dbl_01
xanim,#ai_zombie_base_walk_au_v7_pain_chest_f
xanim,#ai_t8_zm_zombie_base_walk_jump_down_128
xanim,#ai_zombie_base_run_ad_v24_pain_chest_f
xanim,#vm_38_special_crawl_l
xanim,#vm_38_special_crawl_b
xanim,#vm_38_special_crawl_f
xanim,#vm_38_special_crawl_r
xanim,#ai_zombie_base_run_ad_v23_pain_chest_f_alt
xanim,#vm_battle_turret_pullout_alt
xanim,#hash_52cfa62ecb783642
xanim,#ai_zombie_base_walk_ad_v20_pain_chest_f
xanim,#ai_zombie_smash_react_l_legsoutright
xanim,#vm_t8_mini_crossbow_sprint_out
xanim,#hash_5339af46e12c40f7
xanim,#ai_t8_zm_zombie_boardtear_aligned_r_2_hold
xanim,#ai_t8_zm_mnsn_wrwlf_jump_dn_128
xanim,#ai_t8_zombie_base_sprint_au_v21_pain_chest_f
xanim,#ai_t8_zm_mnsn_wrwlf_jump_dn_160
xanim,#ai_t8_zm_zombie_boardtear_aligned_m_6_hold
xanim,#ai_zm_dlc1_zombie_run_lowg_v2_pain_chest_f
xanim,#ai_zombie_base_dth_l_v2
xanim,#ai_zombie_base_dth_l_v1
xanim,#ai_t8_zm_zombie_base_crawl_boardtear_aligned_r_3_grab
xanim,#ai_t8_zm_zombie_base_crawl_boardtear_aligned_r_2_grab
xanim,#vm_ww_akud_first_raise
xanim,#hash_538975fd7bd33616
xanim,#ai_zombie_base_walk_ad_sidestep_right_a
xanim,#ai_t8_zm_zombie_boardtear_aligned_r_3_grab
xanim,#hash_53def4d824ac104b
xanim,#ai_t8_zm_zombie_base_crawl_dth_freeze_02
xanim,#ai_t8_zm_zombie_base_crawl_dth_freeze_01
xanim,#ai_t8_werewolf_cust_trv_zm_mnsn_jump_dn_grdn_stairs_wrwlf
xanim,#ai_zombie_base_run_turn_90_r_v2
xanim,#ai_t8_zm_mnsn_wrwlf_dth_01
xanim,#p8_fxanim_zm_man_pap_lantern_anim
xanim,#hash_54166eb9fb42891f
xanim,#hash_5417fcc1e15ea210
xanim,#ai_t8_zm_zombie_base_run_jump_up_128
xanim,#hash_54295bb32d7dea06
xanim,#hash_542f9beb7e1a5d9e
xanim,#ai_t8_zm_quad_crawl_spawn_01
xanim,#ai_zombie_base_walk_ad_v6_pain_chest_f_alt
xanim,#ai_zombie_base_run_ad_v11_pain_chest_f
xanim,#hash_5491bf907f8516ac
xanim,#hash_549c400dc54bb270
xanim,#vm_t8_mini_crossbow_gunbutt_swipe
xanim,#hash_54f8a53a5930ed55
xanim,#ai_t8_zm_mnsn_crmsn_nfrtu_dash_med_f_01
xanim,#ai_t8_zombie_base_sprint_au_win_trav_r_v1
xanim,#hash_5553ed369c64c024
xanim,#ai_t8_zm_zod_stoker_sprint_jump_up_160
xanim,#hash_557fe5975c729a83
xanim,#hash_557fe6975c729c36
xanim,#ai_t8_zm_zod_stoker_sprint_jump_up_128
xanim,#ai_zombie_base_jump_up_96
xanim,#hash_55900dd0fee49602
xanim,#ai_zombie_base_fast_sprint_02_pain_chest_f
xanim,#ai_zombie_base_jump_up_36
xanim,#ai_t8_zm_zombie_base_crawl_boardtear_aligned_l_2_hold
xanim,#ai_t8_zm_zombie_base_crawl_boardtear_aligned_r_5_pull
xanim,#ai_zombie_base_jump_up_72
xanim,#ai_zombie_base_jump_up_48
xanim,#pt_battle_shield_male_stand_melee
xanim,#ai_t8_zombie_base_sprint_au_v25
xanim,#ai_t8_zombie_base_sprint_au_v22
xanim,#ai_t8_zombie_base_sprint_au_v20
xanim,#ai_t8_zombie_base_sprint_au_v21
xanim,#ai_zombie_base_walk_ad_v4_pain_chest_f_alt
xanim,#ai_zombie_cp_jump_up_128_down_32
xanim,#hash_55eca6cfb0e8cc14
xanim,#ai_t8_zm_zombie_base_crawl_boardtear_aligned_m_1_grab
xanim,#ai_t8_zm_zod_bltfthr_tongue_attack_hit_end_decl_45
xanim,#ai_t8_zm_zod_bltfthr_tongue_grab_stagger_decl_45
xanim,#ai_t8_zombie_base_sprint_au_win_trav_l_v1
xanim,#ai_t8_zm_zod_catalyst_electric_run_01
xanim,#ai_t8_werewolf_cust_trv_jump_up_zm_mnsn_cmtry_stairs
xanim,#ai_zombie_base_sprint_au_sidestep_left_short_a
xanim,#ai_zombie_base_sprint_au_sidestep_left_short_b
xanim,#ai_zm_dlc1_zombie_walk_lowg_v2_pain_chest_f_alt
xanim,#hash_56a71eb4c290a526
xanim,#ai_t8_zm_zod_bltfthr_tongue_grab_release_incl_45
xanim,#hash_56c70866223b68f2
xanim,#p8_fxanim_zm_man_wm_01_idle_anim
xanim,#ai_zombie_base_dth_f_head_lt_02
xanim,#ai_zombie_base_dth_f_head_lt_01
xanim,#ai_zombie_base_dth_f_head_lt_00
xanim,#ai_t8_zm_zombie_boardtear_aligned_m_5_hold
xanim,#hash_570f04e14b7a9a36
xanim,#ai_t8_zm_zombie_undercroft_spawn_03
xanim,#ai_zombie_smash_react_getup_quick_b
xanim,#ai_zombie_smash_react_getup_quick_c
xanim,#p8_fxanim_zm_man_pap_quest_statue_fountain_anim
xanim,#ai_t8_zombie_base_sprint_ad_v2_pain_chest_f_alt
xanim,#ai_zm_dlc1_zombie_sprint_lowg_v4_pain_chest_f_alt
xanim,#ai_t8_zm_zod_stoker_run_f_pain_chest_f
xanim,#pt_rifle_stand_bowie_swipe
xanim,#pt_one_handed_gun_male_stand_fire
xanim,#ai_t8_zm_zombie_base_crawl_boardtear_aligned_l_4_pull
xanim,#ai_zombie_base_sprint_au_sidestep_right_short
xanim,#vm_t8_swim_idle_static
xanim,#ai_base_rifle_stn_run_dth_b_head_lt_1
xanim,#ai_t8_zombie_base_sprint_ad_v21_pain_chest_f
xanim,#hash_5817e5cb0c082cbd
xanim,#p8_fxanim_zm_man_pap_quest_statue_garden_idle_anim
xanim,#ai_t8_zm_zombie_base_crawl_boardtear_aligned_m_4_hold
xanim,#p8_fxanim_zm_man_wm_01_anim
xanim,#p8_fxanim_zm_man_grave_lid_break_anim
xanim,#p8_fxanim_zm_man_cryptex_case_anim
xanim,#ai_t8_zm_zombie_boardtear_aligned_r_1_grab
xanim,#vm_battle_shield_pullout_quick
xanim,#hash_58afa5adffdb3e5c
xanim,#ai_zombie_base_walk_ad_v2_pain_chest_f
xanim,#ai_t8_zm_zombie_base_crawl_boardtear_aligned_l_3_hold
xanim,#hash_598a4165e9a0b167
xanim,#ai_t8_zm_zombie_base_crawl_boardtear_aligned_r_6_pull
xanim,#ai_zombie_base_run_ad_sidestep_right_long_a
xanim,#ai_t8_zm_mnsn_wrwlf_quad_run_2_run
xanim,#ai_t8_zm_zombie_base_crawl_jump_up_160
xanim,#ai_t8_zm_zombie_base_crawl_jump_up_128
xanim,#ai_zombie_smash_react_b_deadfallknee
xanim,#ai_zm_dlc1_zombie_climb_up_192_down_40
xanim,#ai_t8_zm_mnsn_nfrtu_react_f_00
xanim,#ai_zombie_crawl_dr_jump_down_96
xanim,#vm_38_special_sprint_loop
xanim,#hash_59fe49422d315e38
xanim,#ai_zombie_crawl_dr_jump_down_72
xanim,#vm_battle_shield_fire_hold
xanim,#ai_zombie_base_walk_au_v6_pain_chest_f_alt
xanim,#hash_5a5aa288e6b0059b
xanim,#ai_zombie_base_run_ad_v21_pain_chest_f_alt
xanim,#hash_5a69a0c2e388aee5
xanim,#o_t8_zm_zombie_board_1_repair
xanim,#ai_t8_zombie_base_sprint_au_v1
xanim,#ai_t8_zombie_base_sprint_au_v2
xanim,#ai_t8_zm_zombie_boardtear_aligned_m_6_pull
xanim,#hash_5af5e300e4921eec
xanim,#ai_t8_zombie_base_run_au_win_trav_l_v1
xanim,#ai_zombie_base_walk_au_v4_pain_chest_f
xanim,#hash_5b4b57c2f2008548
xanim,#ai_t8_zm_zod_stoker_attack_shovel_02
xanim,#ai_t8_zm_zod_stoker_attack_shovel_01
xanim,#hash_5b7d1b7a85c7bbc8
xanim,#vm_crouch_to_prone_additive
xanim,#ai_zombie_base_run_au_v21_pain_chest_f
xanim,#vm_battle_shield_ads_base_up
xanim,#ai_direwolf_base_run_turn_r_180
xanim,#hash_5c3352b51d228b9f
xanim,#hash_5c415ab9b97a4d8e
xanim,#vm_ww_akud_rechamber_ads
xanim,#ai_zombie_base_dth_f_legs_lt_2
xanim,#vm_shock_charge_throw
xanim,#vm_38_special_idle
xanim,#hash_5ce05168906559af
xanim,#ai_t8_zm_zombie_base_dth_freeze_03
xanim,#ai_t8_zm_zombie_base_dth_freeze_02
xanim,#ai_t8_zm_zombie_base_dth_freeze_01
xanim,#ai_t8_zm_zombie_base_dth_freeze_05
xanim,#ai_t8_zm_zombie_base_dth_freeze_04
xanim,#hash_5d12a01b69831cb6
xanim,#hash_5d1653de2b3977bd
xanim,#ai_t8_zombie_traverse_ground_dugup
xanim,#ai_zombie_base_walk_au_v21_pain_chest_f_alt
xanim,#ai_t8_zm_mob_zombie_dog_stun_in
xanim,#ai_t8_zm_zod_catalyst_corrosive_idle_02
xanim,#ai_t8_zm_zod_catalyst_corrosive_idle_01
xanim,#hash_5d5bdd781f5e0049
xanim,#ai_t8_zm_zod_catalyst_water_exit_8
xanim,#ai_t8_zm_zod_catalyst_water_exit_9
xanim,#ai_t8_zm_zod_catalyst_water_exit_6
xanim,#ai_t8_zm_zod_catalyst_water_exit_7
xanim,#ai_t8_zm_zod_catalyst_water_exit_4
xanim,#ai_t8_zm_zod_catalyst_water_exit_2
xanim,#ai_t8_zm_zod_catalyst_water_exit_3
xanim,#ai_t8_zm_zod_catalyst_water_exit_1
xanim,#hash_5dd38477598da925
xanim,#ai_t8_zombie_base_run_au_win_trav_r_v1
xanim,#hash_5e12310f501e7542
xanim,#o_t8_zm_zombie_board_5_pull
xanim,#hash_5e5328acbdcfd264
xanim,#ai_t8_zm_zombie_boardtear_aligned_l_1_grab
xanim,#vm_battle_shield_gunbutt
xanim,#ai_zombie_base_dth_f_l_arm_hvy_01
xanim,#ai_zombie_base_dth_f_l_arm_hvy_00
xanim,#ai_zombie_base_sprint_au_sidestep_right_short_b
xanim,#ai_zombie_base_sprint_au_sidestep_right_short_a
xanim,#pt_rifle_crouch_putaway
xanim,#ai_zombie_base_walk_turn_135_r_v2
xanim,#ai_zombie_base_walk_au_v15_pain_chest_f_alt
xanim,#vm_melee_knife_stake_first_raise
xanim,#hash_5f0465487f57e708
xanim,#hash_5f2636b48c3d20c5
xanim,#hash_5f3bc0107e6a65a0
xanim,#hash_5f3bc2107e6a6906
xanim,#hash_5f3bc3107e6a6ab9
xanim,#hash_5f3bc5107e6a6e1f
xanim,#vm_battle_shield_sprint_pullout
xanim,#ai_t8_zm_zombie_boardtear_aligned_m_4_grab
xanim,#hash_5f5e974ea09cadce
xanim,#ai_zombie_base_idle_ad_v1
xanim,#hash_5facdd2f09db79fd
xanim,#ai_t8_zm_zod_bltfthr_idle
xanim,#hash_600da8ceb37fe406
xanim,#vm_riotshield_zm_raise
xanim,#ai_zombie_base_walk_au_v1_pain_chest_f
xanim,#ai_zombie_base_jump_across_128
xanim,#p8_fxanim_zm_man_greenhouse_planters_01_05_anim
xanim,#vm_riotshield_zm_ads_up
xanim,#vm_riotshield_zm_melee
xanim,#ai_t8_zombie_base_sprint_au_v25_pain_chest_f_alt
xanim,#hash_6051e80c283d5ae9
xanim,#hash_60541806f8a05274
xanim,#ai_t8_zm_zombie_boardtear_aligned_r_5_hold
xanim,#hash_60804dde64da8a1a
xanim,#ai_t8_zm_mnsn_nfrtu_run_turn_l_180
xanim,#hash_60c714d4a96f2356
xanim,#hash_60d87f315dfcd5de
xanim,#ai_t8_zm_zod_catalyst_electric_death_01
xanim,#ai_t8_zm_mnsn_wrwlf_run_f_90_l
xanim,#ai_t8_zm_mnsn_wrwlf_run_f_90_r
xanim,#vm_38_special_sprint_in
xanim,#ai_zombie_smash_react_l_jackiespinright
xanim,#ai_t8_zm_zombie_base_crawl_boardtear_aligned_r_3_pull
xanim,#p8_fxanim_zm_man_barricade_interior_02_rise_anim
xanim,#ai_t8_zm_mnsn_wrwlf_jump_up_36
xanim,#ai_t8_zm_mnsn_wrwlf_jump_up_48
xanim,#ai_t8_zm_zod_catalyst_electric_sprint_01
xanim,#ai_t8_zm_mnsn_wrwlf_jump_up_72
xanim,#ai_t8_zm_mnsn_wrwlf_jump_up_96
xanim,#ai_t8_zm_mnsn_wrwlf_pain_weakpoint_chest
xanim,#p8_fxanim_zm_man_telescope_control_gears_09_anim
xanim,#ai_t8_zm_mnsn_nfrtu_attack_lunge_128
xanim,#hash_623066eb78e958f4
xanim,#ai_t8_zm_zod_bltfthr_fire_projectile_sngl_r
xanim,#ai_t8_zm_zod_bltfthr_fire_projectile_sngl_l
xanim,#hash_6267d1481cdfdfce
xanim,#hash_627f12033565a7be
xanim,#ai_zombie_base_walk_turn_90_r_v2
xanim,#ai_zombie_base_run_au_sidestep_right_short_b
xanim,#ai_zombie_base_run_au_sidestep_right_short_c
xanim,#ai_zombie_base_run_au_sidestep_right_short_a
xanim,#ai_zombie_base_run_au_sidestep_right_short_d
xanim,#ai_t8_zm_mnsn_nfrtu_idle_02
xanim,#ai_t8_zm_mnsn_nfrtu_idle_01
xanim,#ai_t8_zm_mnsn_nfrtu_idle_00
xanim,#hash_62ad766886e11bc2
xanim,#o_zombie_magic_box_weapon_dual_rise
xanim,#vm_t8_swim_b_additive
xanim,#ai_t8_zm_zombie_boardtear_aligned_r_6_hold
xanim,#ai_t8_zm_zombie_base_crawl_boardtear_aligned_m_4_pull
xanim,#ai_t8_zm_zombie_boardtear_aligned_l_4_pull
xanim,#p8_fxanim_zm_man_power_seq_01_anim
xanim,#ai_t8_zm_mnsn_wrwlf_run_2_quad_run
xanim,#ai_zm_dlc1_zombie_walk_lowg_v4
xanim,#ai_zm_dlc1_zombie_walk_lowg_v2
xanim,#ai_zm_dlc1_zombie_walk_lowg_v3
xanim,#ai_zm_dlc1_zombie_walk_lowg_v1
xanim,#p8_fxanim_zm_man_crypt_anim
xanim,#ai_direwolf_base_trot_turn_l_180
xanim,#ai_zombie_base_run_au_v21_pain_chest_f_alt
xanim,#hash_6415aa9f96a37fca
xanim,#p8_fxanim_zm_man_pap_safe_anim
xanim,#ai_zombie_base_run_au_v22_pain_chest_f_alt
xanim,#hash_64a19d95580d1c93
xanim,#hash_64a652788b8eadb9
xanim,#ai_t8_zm_zod_bltfthr_run_02
xanim,#ai_t8_zm_zod_bltfthr_run_01
xanim,#hash_64dc68852a2013d4
xanim,#ai_zombie_base_walk_ad_v6_pain_chest_f
xanim,#hash_65476b19894a5df8
xanim,#ai_t8_zm_mnsn_nfrtu_attack_latch_01_start
xanim,#hash_654a2b4d7dc6491e
xanim,#ai_t8_zombie_base_sprint_ad_v22_pain_chest_f
xanim,#p8_fxanim_zm_man_clock_03_float_anim
xanim,#ai_t8_zm_mnsn_nfrtu_run_jump_up_96
xanim,#ai_t8_zm_zod_stoker_knockdown_l_01
xanim,#ai_t8_zm_mnsn_nfrtu_run_jump_up_48
xanim,#ai_t8_zm_mnsn_nfrtu_run_jump_up_72
xanim,#ai_t8_zm_mnsn_nfrtu_run_jump_up_36
xanim,#ai_zombie_base_run_au_v4_pain_chest_f
xanim,#ch_vign_cust_zm_mnsn_trv_jump_up_wrwlf_cem_back
xanim,#hash_65b9311f57649e66
xanim,#hash_65c966f2248178c6
xanim,#ai_t8_zm_zod_bltfthr_dth_destroy_head_01
xanim,#ai_t8_zm_zombie_boardtear_aligned_l_6_grab
xanim,#ai_t8_zombie_base_sprint_ad_v1_pain_chest_f_alt
xanim,#p8_fxanim_zm_zod_magic_box_idle_anim
xanim,#ai_t8_zm_mnsn_nfrtu_dth_r_00
xanim,#ai_t8_zm_mnsn_nfrtu_mantle_96
xanim,#ai_t8_zm_mnsn_nfrtu_mantle_36
xanim,#ai_t8_zm_mnsn_nfrtu_mantle_72
xanim,#ai_t8_zm_mnsn_nfrtu_mantle_48
xanim,#p8_fxanim_zm_man_clock_02_float_anim
xanim,#ai_zombie_base_walk_ad_v7_pain_chest_f
xanim,#vm_ww_akud_sprint_in
xanim,#ai_t8_zm_zod_bltfthr_pain_knockdown_b_01
xanim,#hash_66bc6ad82fcb768d
xanim,#ai_t8_zm_zod_bltfthr_tongue_attack_hit_end_incl_45
xanim,#p8_fxanim_zm_packapunch_worldguns_ejected
xanim,#hash_674e67a3da49c8bf
xanim,#hash_677a01cef31ade05
xanim,#hash_679ccda3ca7ba72d
xanim,#ai_zombie_base_run_ad_sidestep_left_short_a
xanim,#ai_zombie_base_walk_au_v13_pain_chest_f_alt
xanim,#ai_t8_nfrtu_cust_trv_jump_down_zm_mnsn_main_hall
xanim,#vm_t8_mantle_over
xanim,#ai_base_rifle_stn_run_dth_f_chest_hvy_1
xanim,#hash_6800824304b605bd
xanim,#hash_68259e558213d388
xanim,#ai_zombie_base_run_turn_135_r_v2
xanim,#vm_battle_shield_sprint_in
xanim,#hash_6839bad29454c39d
xanim,#ai_t8_zm_mnsn_wrwlf_mantle_72
xanim,#ai_t8_zm_mnsn_wrwlf_mantle_48
xanim,#p8_fxanim_zm_man_dome_crank_open_anim
xanim,#ai_t8_zm_mnsn_wrwlf_mantle_36
xanim,#ai_t8_zm_zod_bltfthr_run_turn_r_135
xanim,#ai_t8_zm_zod_bltfthr_run_turn_r_180
xanim,#ai_t8_zm_zod_stoker_sprint_f_pain_head_f
xanim,#vm_t8_swim_r_additive
xanim,#ai_zm_dlc1_zombie_sprint_lowg_v1_pain_chest_f_alt
xanim,#hash_68f2545639c3ee5f
xanim,#ai_t8_zm_zod_stoker_mantle_over_36
xanim,#ai_zombie_base_run_au_v13_pain_chest_f
xanim,#ai_t8_zm_zod_stoker_mantle_over_48
xanim,#ai_t8_zm_zod_stoker_mantle_over_72
xanim,#ai_t8_zm_zod_stoker_mantle_over_96
xanim,#ai_zombie_base_run_au_v5_pain_chest_f_alt
xanim,#ai_zombie_base_sprint_ad_sidestep_right_long
xanim,#hash_694eb27d0c2aa601
xanim,#vm_t8_mini_crossbow_firstraise
xanim,#hash_6975dc248ba070d8
xanim,#ai_t8_zm_zod_catalyst_corrosive_run_01
xanim,#hash_699143104117356a
xanim,#ai_direwolf_base_run_turn_r_90
xanim,#ai_zombie_base_traverse_ground_climbout_fast
xanim,#hash_6a0125bfdfff9f65
xanim,#ai_zombie_base_walk_ad_v4_pain_chest_f
xanim,#hash_6a4afeffbd4ae8b0
xanim,#o_zombie_base_packapunch_flag_up
xanim,#ai_t8_zm_mnsn_wrwlf_run_2_run
xanim,#ai_zombie_smash_react_r_legsoutleft
xanim,#ai_t8_zm_zod_bltfthr_tongue_grab_stagger
xanim,#ai_zm_dlc1_zombie_crawl_jump_down_190
xanim,#pt_pistol_prone_melee_bayonet
xanim,#vm_t8_swim_l_dw
xanim,#ai_direwolf_base_dth_f_a
xanim,#ai_t8_zm_zombie_boardtear_aligned_r_6_pull
xanim,#o_zombie_base_packapunch_flag_down
xanim,#hash_6b16c4955b157d18
xanim,#ai_zombie_base_walk_au_v11_pain_chest_f_alt
xanim,#hash_6b3ff8e6d92f635f
xanim,#vm_battle_shield_first_raise
xanim,#ai_t8_zombie_base_sprint_ad_v1_pain_chest_f
xanim,#vm_t8_swim_f_additive
xanim,#hash_6b742ec52be48c4c
xanim,#ai_zombie_base_run_ad_v2_pain_chest_f
xanim,#ai_t8_zm_zod_bltfthr_pain_destroy_sac_right_01
xanim,#ai_zombie_base_run_ad_v24_pain_chest_f_alt
xanim,#hash_6b9f27873c10e2ee
xanim,#hash_6ba9fae035ecbf82
xanim,#ai_t8_zm_zod_catalyst_corrosive_walk_01
xanim,#ai_zm_dlc1_zombie_crawl_jump_up_36_down_180
xanim,#hash_6c17550e77264860
xanim,#p8_fxanim_zm_zod_wormhole_anim
xanim,#ai_t8_zm_zod_bltfthr_pain_getup_r_01
xanim,#ai_t8_zombie_base_sprint_ad_v23_pain_chest_f
xanim,#ai_direwolf_base_trv_jump_up_40
xanim,#ai_direwolf_base_trv_jump_up_48
xanim,#p8_fxanim_zm_man_telescope_control_gears_06_anim
xanim,#vm_bare_hands_idle
xanim,#hash_6cff2015e5f2a5de
xanim,#vm_ww_akud_sprint_out
xanim,#hash_6d18fe0737c31904
xanim,#hash_6d27b3f3e8daf192
xanim,#ai_t8_zm_zod_bltfthr_pain_destroy_head_01
xanim,#ai_direwolf_base_trv_jump_down_190
xanim,#ai_direwolf_base_trv_jump_down_184
xanim,#ai_direwolf_base_trv_jump_down_127
xanim,#ai_direwolf_base_trv_jump_down_126
xanim,#hash_6d60e41161edb504
xanim,#ai_t8_zm_zod_stoker_knockdown_f_01
xanim,#ai_t8_zm_mnsn_wrwlf_run_f_00
xanim,#hash_6daff50f572d5cd1
xanim,#hash_6dd12cee6bbd010d
xanim,#ai_t8_base_rifle_stn_run_dth_r_arms_lt_1
xanim,#hash_6e0b71d8338d4472
xanim,#pt_battle_shield_male_stand_pullout
xanim,#hash_6e209b62febac67b
xanim,#ai_t8_zombie_base_walk_au_win_trav_l_v1
xanim,#ai_zombie_base_run_ad_v23_pain_chest_f
xanim,#hash_6ea1827cf051685b
xanim,#hash_6ea1837cf0516a0e
xanim,#ai_zombie_base_run_au_v9_pain_chest_f
xanim,#ai_t8_zm_zombie_base_crawl_boardtear_aligned_l_3_pull
xanim,#p8_fxanim_zm_man_telescope_anim
xanim,#ai_t8_zombie_base_sprint_ad_v2
xanim,#ai_t8_zombie_base_sprint_ad_v1
xanim,#ai_t8_zombie_base_sprint_ad_v5
xanim,#ai_t8_zm_zod_bltfthr_run_turn_r_45
xanim,#hash_6f2969e71d8849dd
xanim,#ai_t8_zm_zod_bltfthr_run_turn_r_90
xanim,#vm_ww_akud_ads_base_down
xanim,#hash_6f38795a1b99832e
xanim,#vm_t8_mini_crossbow_reload_empty
xanim,#p8_fxanim_zm_zod_magic_box_close_anim
xanim,#ai_zombie_base_run_au_sidestep_left_short
xanim,#hash_6f7e229dc150ddf3
xanim,#ai_t8_zm_zod_bltfthr_tongue_attack_in
xanim,#ai_t8_zm_zod_bltfthr_pain_stun_in
xanim,#ai_t8_zm_mnsn_wrwlf_run_turns_l_135
xanim,#hash_6fe4ae7e7682ac99
xanim,#p8_fxanim_zm_man_ka03_rise_anim
xanim,#ai_t8_zm_mnsn_wrwlf_run_turns_l_180
xanim,#hash_6ff89bd39e6f837f
xanim,#hash_6ff9916a7444fdbd
xanim,#ai_t8_zm_mob_zombie_dog_stun_loop
xanim,#hash_701e1ccbe8716f71
xanim,#hash_705fef88d0b27106
xanim,#ai_zombie_base_walk_ad_sidestep_right_short_a
xanim,#hash_707e34d8df702aee
xanim,#ai_t8_zm_zombie_base_crawl_boardtear_aligned_r_1_pull
xanim,#vm_t8_mini_crossbow_swim_uw_pullout
xanim,#vm_38_special_fire
xanim,#hash_70bb5cd650339429
xanim,#hash_70d39bd86217eec9
xanim,#p8_fxanim_zm_man_door_explode_anim
xanim,#ai_zombie_base_walk_ad_v7_pain_chest_f_alt
xanim,#ai_t8_zm_zod_bltfthr_pain_destroy_leg_left_01
xanim,#hash_710cd8bd693329c4
xanim,#ai_t8_zm_mnsn_hallion_stun_loop
xanim,#ai_t8_zm_zod_bltfthr_tongue_grab_release_decl_45
xanim,#p8_fxanim_zm_man_greenhouse_ext_front_door_anim
xanim,#ai_zm_dlc1_zombie_sprint_lowg_v3_pain_chest_f
xanim,#ai_t8_zm_zombie_boardtear_aligned_m_2_pull
xanim,#ai_t8_zm_zombie_base_crawl_jump_down_36
xanim,#ai_t8_zm_zombie_base_crawl_jump_down_48
xanim,#ai_zombie_base_run_jump_down_36
xanim,#ai_t8_zm_zombie_base_crawl_jump_down_72
xanim,#ai_t8_zm_zombie_base_crawl_jump_down_96
xanim,#ai_zombie_base_run_jump_down_72
xanim,#ai_zombie_base_run_jump_down_48
xanim,#ai_t8_zm_mnsn_nfrtu_dth_01
xanim,#ai_zombie_base_run_jump_down_96
xanim,#vm_t8_mini_crossbow_putaway
xanim,#ai_zm_dlc1_zombie_sprint_lowg_v2_pain_chest_f
xanim,#hash_71b9a1e4979cee19
xanim,#p8_fxanim_zm_man_barricade_interior_01_rise_anim_blue
xanim,#ai_t8_zombie_base_crawl_sprint_win_trav_r_v1
xanim,#ai_t8_zm_mnsn_wrwlf_jump_up_128
xanim,#ai_t8_zm_mnsn_wrwlf_jump_up_160
xanim,#vm_t8_swim_f_dw
xanim,#vm_t8_mini_crossbow_pullout
xanim,#vm_t8_swim_l
xanim,#vm_t8_swim_f
xanim,#vm_t8_swim_b
xanim,#vm_t8_swim_r
xanim,#ai_t8_zm_zod_bltfthr_fire_projectile_triple
xanim,#hash_725b5e53fc754d70
xanim,#ai_t8_zm_zod_bltfthr_tongue_grab_idle
xanim,#hash_72b56baaa12f7c33
xanim,#ai_zombie_base_sprint_ad_sidestep_left_short_a
xanim,#ai_zombie_base_idle_au_v1
xanim,#ai_zombie_base_walk_ad_v21_pain_chest_f
xanim,#hash_730450ea03d51c1a
xanim,#ai_t8_zm_zombie_boardtear_aligned_r_6_grab
xanim,#pt_battle_turret_male_stand_putaway
xanim,#ai_t8_zm_mnsn_wrwlf_run_turns_r_45
xanim,#ai_t8_zombie_base_run_pain_move_l_04
xanim,#ai_t8_zombie_base_run_pain_move_l_05
xanim,#ai_t8_zombie_base_run_pain_move_l_06
xanim,#ai_t8_zombie_base_run_pain_move_l_01
xanim,#ai_t8_zombie_base_run_pain_move_l_02
xanim,#ai_t8_zombie_base_run_pain_move_l_03
xanim,#hash_7340cbde791dccee
xanim,#ai_t8_zm_zombie_base_run_mantle_over_128
xanim,#vm_ww_akud_idle
xanim,#ai_zm_dlc1_zombie_jump_up_244_down_36
xanim,#ai_t8_zm_mnsn_wrwlf_run_turns_r_90
xanim,#ai_t8_zm_mnsn_wrwlf_jump_dn_36
xanim,#ai_t8_zm_mnsn_bat_dth_01
xanim,#ai_t8_zm_mnsn_wrwlf_jump_dn_48
xanim,#ai_t8_zm_mnsn_wrwlf_jump_dn_72
xanim,#hash_7388a72cdc7c5a0c
xanim,#ai_t8_zm_mnsn_wrwlf_jump_dn_96
xanim,#vm_38_special_ads_base_up
xanim,#ai_zombie_base_walk_ad_v25_pain_chest_f_alt
xanim,#ai_zombie_base_run_dth_f_torso_lt
xanim,#ch_vign_cust_zm_mnsn_trv_jump_dn_wrwlf_cem_back
xanim,#hash_73e8840cda9141e7
xanim,#ai_t8_zm_zombie_base_crawl_boardtear_aligned_l_1_hold
xanim,#ai_t8_zm_zombie_base_walk_mantle_over_72
xanim,#ai_t8_zm_zombie_base_walk_mantle_over_48
xanim,#ai_t8_zm_zombie_base_walk_mantle_over_40
xanim,#ai_t8_zm_zombie_base_walk_mantle_over_36
xanim,#hash_742aea459a15d5f2
xanim,#hash_742d72ad88e72530
xanim,#p8_fxanim_zm_zod_magic_box_leave_anim
xanim,#ai_t8_zm_zombie_base_walk_mantle_over_96
xanim,#p8_fxanim_zm_man_dome_crank_wheel_anim
xanim,#hash_747bde3697588245
xanim,#ai_zm_dlc1_zombie_crawl_jump_up_36_down_244
xanim,#ai_t8_zm_zombie_boardtear_aligned_m_4_hold
xanim,#ai_t8_zm_zod_stoker_sprint_f_pain_chest_f_alt
xanim,#vm_ww_akud_fire_ads_lvl3
xanim,#p8_fxanim_zm_man_telescope_control_gears_07_anim
xanim,#ai_direwolf_base_run_1
xanim,#ai_direwolf_base_run_2
xanim,#hash_7548f18cd503043b
xanim,#hash_75853bf04bba3bdf
xanim,#hash_75db42d12635e739
xanim,#ai_zombie_base_dth_tesla_d
xanim,#ai_zombie_base_dth_tesla_b
xanim,#ai_zombie_base_dth_tesla_c
xanim,#ai_zombie_base_dth_tesla_a
xanim,#vm_ww_akud_ads_base_up
xanim,#p8_fxanim_zm_man_pap_graveyard_anim
xanim,#p8_fxanim_zm_man_pap_sarcophagus_idle_anim
xanim,#ai_zombie_base_run_ad_v1_pain_chest_f
xanim,#ai_zombie_base_crawl_attack_v2
xanim,#ai_zombie_base_crawl_attack_v1
xanim,#hash_765e22e0fe051a27
xanim,#ai_zombie_base_run_ad_v11
xanim,#ai_zombie_base_run_ad_v12
xanim,#ai_zombie_base_run_ad_v14
xanim,#ai_zombie_base_run_ad_v21
xanim,#ai_zombie_base_run_ad_v20
xanim,#ai_zombie_base_run_ad_v23
xanim,#ai_zombie_base_run_ad_v22
xanim,#ai_zombie_base_run_ad_v24
xanim,#hash_7669c41c7e869b72
xanim,#vm_t8_mini_crossbow_sprint_loop
xanim,#p8_fxanim_zm_man_clock_01_idle_anim
xanim,#o_t8_zm_zombie_board_1_pull
xanim,#ai_zombie_base_walk_au_v8_pain_chest_f
xanim,#ai_t8_zm_zod_stoker_sprint_jump_up_96
xanim,#ai_t8_zm_zod_stoker_sprint_jump_up_72
xanim,#ai_t8_zm_zod_stoker_sprint_jump_up_48
xanim,#ai_t8_zm_zod_bltfthr_run_turn_l_90
xanim,#ai_t8_zm_zod_stoker_sprint_jump_up_36
xanim,#ai_t8_zm_zod_stoker_sprint_jump_up_32
xanim,#pt_rifle_prone_raise
xanim,#ai_zombie_base_fast_sprint_01
xanim,#ai_zombie_base_fast_sprint_02
xanim,#ai_t8_zm_zod_bltfthr_run_turn_l_45
xanim,#hash_772e487326285b7a
xanim,#hash_772f2c07ea507e7e
xanim,#hash_77465dc2191afdc5
xanim,#vm_zom_bowie_knife_ads_base_up
xanim,#hash_775b3f0fac5a390c
xanim,#ai_zombie_base_walk_turn_180_l_v3
xanim,#hash_77b442ce24e331f6
xanim,#ai_t8_werewolf_cust_trv_jump_down_zm_mnsn_main_hall
xanim,#aib_zm_mnsn_bat_transform_to_nfrtu
xanim,#pt_battle_turret_male_stand_fire
xanim,#ai_zombie_base_run_au_v23_pain_chest_f
xanim,#hash_78065d9e7f8b15bb
xanim,#ai_zm_dlc1_zombie_jump_down_190
xanim,#hash_7856c077eb46a37e
xanim,#hash_7866e8b294ef93e7
xanim,#p8_fxanim_zm_man_atlas_control_panel_idle_anim
xanim,#ai_t8_zm_zombie_base_crawl_boardtear_aligned_m_4_grab
xanim,#ai_zombie_zod_jump_down_256
xanim,#p8_fxanim_zm_man_ka03_crumble_anim
xanim,#ai_t8_zombie_base_sprint_ad_v2_pain_chest_f
xanim,#ai_zm_dlc1_zombie_run_lowg_v1_pain_chest_f_alt
xanim,#ai_zm_dlc1_zombie_run_lowg_v2_pain_chest_f_alt
xanim,#p8_fxanim_zm_man_barricade_interior_01_rise_anim
xanim,#ai_zombie_base_walk_au_v1_pain_chest_f_alt
xanim,#ai_zombie_base_run_au_v24
xanim,#ai_zombie_base_run_au_v20
xanim,#ai_zombie_base_run_au_v21
xanim,#ai_zombie_base_run_au_v22
xanim,#ai_zombie_base_run_au_v23
xanim,#ai_zombie_base_run_au_v11
xanim,#ai_zombie_base_run_au_v13
xanim,#p8_fxanim_zm_vapor_altar_zeus_off_anim
xanim,#ai_t8_zm_zod_catalyst_plasma_spawn_01
xanim,#hash_799a44da86f4cedf
xanim,#ai_base_rifle_stn_run_dth_r_hips_lt_1
xanim,#ai_t8_zm_zod_catalyst_water_spawn_01
xanim,#ai_direwolf_base_howl
xanim,#ai_t8_zm_zod_stoker_idle
xanim,#hash_79e04e8545449fa5
xanim,#ai_zombie_base_walk_au_v11_pain_chest_f
xanim,#p8_fxanim_zm_man_greenhouse_planters_02_02_anim
xanim,#ai_t8_zombie_base_crawl_win_trav_l_v1
xanim,#hash_79fec108a3092528
xanim,#hash_7a1973eaf5b191b3
xanim,#ai_t8_zm_zombie_base_crawl_boardtear_aligned_l_1_grab
xanim,#hash_7a421442ccb60283
xanim,#vm_ww_akud_fire_hold_intro_lvl3
xanim,#ai_zombie_base_sprint_au_sidestep_left_short
xanim,#hash_7a7bb25178e9d753
xanim,#p8_fxanim_zm_packapunch_worldguns_taken
xanim,#ai_zombie_base_walk_au_v3_pain_chest_f
xanim,#p8_fxanim_zm_man_ka02_crumble_anim
xanim,#ai_t8_zm_zod_bltfthr_tongue_attack_miss_end
xanim,#p8_fxanim_zm_man_pap_quest_entrance_room_idle_anim
xanim,#hash_7b1ee0d55260b49d
xanim,#hash_7b265c6a3c74c4c1
xanim,#vm_t8_mini_crossbow_pullout_quick
xanim,#ch_vign_cust_zm_mnsn_trv_jump_up_wrwlf_cem_front
xanim,#ai_t8_zm_zombie_boardtear_aligned_l_5_hold
xanim,#hash_7b80f16a2a994e0c
xanim,#ai_zombie_base_run_ad_v20_pain_chest_f
xanim,#hash_7b9da640538437af
xanim,#hash_7ba49568dffb1751
xanim,#ai_zombie_base_run_ad_sidestep_right_long
xanim,#ai_t8_zm_zod_stoker_run_f_pain_head_f
xanim,#p8_fxanim_zm_man_greenhouse_planters_01_02_anim
xanim,#hash_7bd70e22bca1e1b8
xanim,#ai_t8_zm_zod_catalyst_plasma_run_02
xanim,#ai_t8_zm_zod_catalyst_plasma_run_03
xanim,#ai_t8_zm_zod_catalyst_plasma_run_01
xanim,#ai_zombie_base_crawl_dth_tesla_b
xanim,#ai_zombie_base_crawl_dth_tesla_a
xanim,#ai_zombie_base_sprint_turn_180_l_v2
xanim,#ai_direwolf_base_run_jump_across_256
xanim,#ai_zombie_dr_jump_down_190
xanim,#ai_zombie_dr_jump_down_184
xanim,#hash_7c380a8b2d15f17d
xanim,#hash_7c3ea2aa8e06f16d
xanim,#ai_zombie_dr_jump_down_127
xanim,#hash_7c57f50f6cc61e29
xanim,#hash_7c6bf0b497b6cdb1
xanim,#ai_t8_zm_zombie_base_crawl_boardtear_aligned_m_2_grab
xanim,#ai_zombie_base_run_ad_sidestep_right_short
xanim,#hash_7c8928e6df95887c
xanim,#vm_t8_mini_crossbow_idle
xanim,#ai_zombie_zod_stunned_electrobolt_e
xanim,#ai_zombie_zod_stunned_electrobolt_d
xanim,#ai_zombie_zod_stunned_electrobolt_a
xanim,#ai_zombie_zod_stunned_electrobolt_c
xanim,#ai_zombie_zod_stunned_electrobolt_b
xanim,#p8_fxanim_zm_vapor_altar_zeus_anim
xanim,#vm_t8_mini_crossbow_fire_ads
xanim,#ai_t8_zm_zod_stoker_run_f_pain_chest_f_alt
xanim,#ai_zombie_base_walk_ad_v3_pain_chest_f
xanim,#hash_7d1c4b653a22888a
xanim,#ai_zombie_base_run_ad_v7_pain_chest_f
xanim,#p8_fxanim_zm_man_clock_01_float_anim
xanim,#p8_fxanim_zm_man_dome_crank_reset_anim
xanim,#ai_t8_zm_zod_catalyst_corrosive_death_02
xanim,#ai_t8_zm_zod_catalyst_corrosive_death_01
xanim,#ai_t8_zombie_base_sprint_au_v2_pain_chest_f
xanim,#hash_7dbad9d30fa78985
xanim,#ai_t8_zm_zombie_base_crawl_boardtear_aligned_l_2_pull
xanim,#vm_shock_charge_ads_down
xanim,#ai_t8_zombie_base_sprint_attack_02
xanim,#ai_t8_zombie_base_sprint_attack_04
xanim,#ai_t8_zombie_base_sprint_attack_06
xanim,#ai_t8_zombie_base_sprint_attack_08
xanim,#ai_t8_zombie_base_sprint_attack_13
xanim,#ai_t8_zombie_base_sprint_attack_12
xanim,#ai_t8_zombie_base_sprint_attack_10
xanim,#ai_t8_zombie_base_sprint_attack_17
xanim,#ai_t8_zombie_base_sprint_attack_19
xanim,#ai_t8_zombie_base_sprint_attack_18
xanim,#hash_7df0a3e3832db12d
xanim,#ai_t8_zombie_base_sprint_attack_24
xanim,#ai_t8_zombie_base_sprint_attack_25
xanim,#ai_t8_zombie_base_sprint_attack_22
xanim,#ai_t8_zombie_base_sprint_attack_23
xanim,#ai_t8_zombie_base_sprint_attack_20
xanim,#ai_t8_zombie_base_sprint_attack_21
xanim,#ai_t8_zombie_base_sprint_attack_28
xanim,#ai_t8_zombie_base_sprint_attack_29
xanim,#hash_7df35461eb2b6f97
xanim,#hash_7df43a956634e35a
xanim,#ai_t8_zombie_base_sprint_attack_30
xanim,#ai_t8_zm_zombie_boardtear_aligned_m_2_hold
xanim,#pt_rifle_stand_shoot
xanim,#ai_t8_zm_mnsn_wrwlf_attack_swipe_l_01
xanim,#ai_t8_zm_mnsn_wrwlf_attack_swipe_l_02
xanim,#p8_fxanim_zm_base_packapunch_working_take_gun_anim
xanim,#hash_7e2008953e30f75c
xanim,#hash_7e2e5dbca4c0a138
xanim,#ai_zombie_base_walk_ad_sidestep_left_short_b
xanim,#ai_t8_zm_zombie_base_crawl_boardtear_aligned_r_4_grab
xanim,#ai_zombie_base_walk_au_v15_pain_chest_f
xanim,#ai_zombie_base_run_au_v1_pain_chest_f_alt
xanim,#vm_ww_akud_sprint_pullout
xanim,#hash_7e75f2f6bd2fd76c
xanim,#ai_zombie_base_run_au_sidestep_right_long_a
xanim,#ai_zombie_base_run_au_sidestep_right_long_b
xanim,#ai_zombie_base_run_au_sidestep_right_long_c
xanim,#ai_t8_zombie_base_walk_ad_win_trav_l_v1
xanim,#ai_zombie_base_walk_au_v23_pain_chest_f
xanim,#p8_fxanim_zm_man_barricade_interior_01_idle_anim_blue
xanim,#ai_zombie_base_sprint_turn_135_r_v2
xanim,#hash_7ef765bfe4cb59c7
xanim,#ai_zombie_base_run_au_v9
xanim,#ai_zombie_base_run_au_v4
xanim,#ai_zombie_base_run_au_v5
xanim,#ai_zombie_base_run_au_v2
xanim,#ai_zombie_base_run_au_v1
xanim,#ai_t8_zm_zod_stoker_walk_jump_up_96
xanim,#p8_fxanim_zm_vapor_altar_danu_anim
xanim,#hash_7f2e6d19a55ebdc7
xanim,#hash_7f2e6e19a55ebf7a
xanim,#hash_7f2e6f19a55ec12d
xanim,#hash_7f35dfd83d3b089c
xanim,#ai_t8_zm_zod_stoker_walk_jump_up_36
xanim,#ai_t8_zm_zod_stoker_walk_jump_up_32
xanim,#ai_t8_zm_zod_stoker_walk_jump_up_48
xanim,#ai_t8_zm_zod_stoker_walk_jump_up_72
xanim,#ai_t8_zombie_base_sprint_au_win_trav_m_v1
xanim,#ai_t8_zombie_base_sprint_au_win_trav_m_v2
xanim,#ai_t8_zm_zombie_base_crawl_boardtear_aligned_r_4_hold
xanim,#ai_t8_zm_zombie_boardtear_aligned_l_6_hold
xanim,#vm_t8_base_slide_additive
sanim,#p8_fxanim_p8_zm_man_telescope_control_gears_sanim
scriptbundle,#aib_vign_cust_mnsn_nfrtu_attack_latch_01
scriptbundle,#p8_fxanim_zm_man_pap_terrace_bundle
scriptbundle,#activecamoinfo_t8_sig_lmg_heavy_seventies_van
scriptbundle,#p8_fxanim_zm_man_pjs_bundle
scriptbundle,#activecamoinfo_t8_sig_ar_accurate_postapocalyptic
scriptbundle,#activecamoinfo_t8_sig_shotgun_pump_police
scriptbundle,#zblueprint_mansion_silver_bullet
scriptbundle,#aib_vign_zm_man_tornado_zombie_start
scriptbundle,#aib_t8_zm_mnsn_hallion_stage_trans_02
scriptbundle,#aib_t8_zm_mnsn_hallion_outro_2_jump_away_01_l
scriptbundle,#cin_zm_mansion_outro_exit_mansion
scriptbundle,#aib_t8_zm_mnsn_wrwlf_cust_trv_jump_up_cmtry_strs
scriptbundle,#zblueprint_chaos_lvl3
scriptbundle,#p8_fxanim_zm_man_pap_graveyard_bundle
scriptbundle,#activecamoinfo_t8_kill_counter_zm
scriptbundle,#activecamoinfo_t8_kill_counter_wz
scriptbundle,#p8_fxanim_zm_mansion_prima_machine_bundle
scriptbundle,#p8_fxanim_zm_man_pap_lantern_bundle
scriptbundle,#ztable_chaos_lvl3
scriptbundle,#p8_fxanim_zm_man_barricade_interior_01_blue_bundle
scriptbundle,#scene_zm_mansn_wm_fem_fullsequence
scriptbundle,#ability_dog_mp_scoreevents
scriptbundle,#c_t8_zmb_dlc1_nosferatu1_gib_def
scriptbundle,#aib_t8_zm_mnsn_hallion_intro
scriptbundle,#c_t8_mp_spe_ruin1_fx_def_1
scriptbundle,#activecamoinfo_t8_fast_direct_action_kills
scriptbundle,#fxb8_zm_char_cata_water
scriptbundle,#aib_vign_cust_zm_mnsn_trv_jump_up_wrwlf_cem_back
scriptbundle,#activecamoinfo_t8_kill_counter
scriptbundle,#activecamoinfo_t8_sig_lmg_spray_venom_wz
scriptbundle,#activecamoinfo_t8_sig_lmg_spray_venom_zm
scriptbundle,#p8_fxanim_zm_man_ka03_bundle
scriptbundle,#zblueprint_mansion_a_skeet_fink
scriptbundle,#p8_fxanim_zm_man_bookcase_04_bundle
scriptbundle,#activecamoinfo_t8_ar_fastfire
scriptbundle,#p_zm_seer_stone_s_out_female
scriptbundle,#activecamoinfo_t8_sig_smg_capacity_spaceshuttle_wz
scriptbundle,#activecamoinfo_t8_sig_smg_capacity_spaceshuttle_zm
scriptbundle,#zm_bat_settings
scriptbundle,#aib_vign_zm_zod_catalyst_corrosive_spawn_post_split
scriptbundle,#aib_vign_zm_zod_bltfthr_spawn_post_split
scriptbundle,#cin_zm_mansion_outro_car_chase
scriptbundle,#aib_t8_zm_mnsn_hallion_stun
scriptbundle,#activecamoinfo_t8_smg_standard_wz
scriptbundle,#activecamoinfo_t8_smg_standard_zm
scriptbundle,#aib_vign_zm_man_tornado_nfrtu_loop
scriptbundle,#activecamoinfo_t8_fast_direct_action_kills_symbiosis
scriptbundle,#aib_t8_zm_mnsn_nfrtu_trvrs_grnd_climbout_01
scriptbundle,#activecamoinfo_t8_sig_smg_fastfire_voyage_zm
scriptbundle,#activecamoinfo_t8_sig_smg_fastfire_voyage_wz
scriptbundle,#activecamoinfo_t8_direct_action_kills_solarflare
scriptbundle,#aib_vign_zm_mnsn_ghost_walk_02
scriptbundle,#aib_vign_zm_mnsn_ghost_walk_01
scriptbundle,#batsettings
scriptbundle,#aib_vign_zm_mnsn_ghost_sprint_01
scriptbundle,#fxb8_zm_char_werewolf
scriptbundle,#p8_fxanim_zm_vapor_altar_odin_bundle
scriptbundle,#fxd8_zm_char_cata_water_body
scriptbundle,#fxb8_zm_char_cata_elec
scriptbundle,#activecamoinfo_t8_direct_action_kills_zombie_flick
scriptbundle,#ztable_shield_dual_wield
scriptbundle,#zm_crimson_nosferatu_settings
scriptbundle,#fxb8_zm_char_nos
scriptbundle,#activecamoinfo_t8_darkmatter_wz
scriptbundle,#activecamoinfo_t8_darkmatter_zm
scriptbundle,#p8_fxanim_zm_zod_wormhole_bundle
scriptbundle,#aib_t8_zm_mnsn_hallion_slash_outro_02
scriptbundle,#aib_t8_zm_mnsn_hallion_slash_outro_03
scriptbundle,#aib_t8_zm_mnsn_hallion_slash_outro_01
scriptbundle,#aib_t8_zm_mnsn_hallion_slash_outro_04
scriptbundle,#cin_zm_mansion_outro_aftermath
scriptbundle,#aib_t8_zm_mnsn_hallion_outro_2_jump_away_03_l
scriptbundle,#activecamoinfo_t8_smg_accurate_wz
scriptbundle,#activecamoinfo_t8_smg_accurate_zm
scriptbundle,#p8_fxanim_zm_man_pap_safe_bundle
scriptbundle,#activecamoinfo_t8_direct_action_kills_alt_zm
scriptbundle,#activecamoinfo_t8_direct_action_kills_alt_wz
scriptbundle,#activecamoinfo_t8_sig_pistol_fullauto_arcade
scriptbundle,#p8_fxanim_zm_man_power_seq_01_bundle
scriptbundle,#c_t8_zmb_dlc1_zombie_3rdclass_female_dst_def
scriptbundle,#activecamoinfo_t8_direct_action_kills_wz
scriptbundle,#activecamoinfo_t8_direct_action_kills_zm
scriptbundle,#aib_t8_zm_mnsn_nfrtu_cust_trv_jump_up_main_hall
scriptbundle,#p8_fxanim_zm_man_clock_03_bundle
scriptbundle,#c_t8_zmb_dlc1_zombie_2ndclass_female2_hat3_dst_def
scriptbundle,#activecamoinfo_t8_sig_sniper_powerbolt_viking
scriptbundle,#p8_fxanim_zm_man_wm_stick_02_bundle
scriptbundle,#p8_fxanim_zm_man_wm_stick_01_bundle
scriptbundle,#activecamoinfo_t8_kills_without_dying_retro_vegas_neon
scriptbundle,#fxb8_zm_char_cata_plasma
scriptbundle,#activecamoinfo_t8_ar_accurate
scriptbundle,#activecamoinfo_t8_take_it_personally
scriptbundle,#aib_vign_cust_zm_mnsn_bat_entry_01
scriptbundle,#aib_vign_cust_zm_mnsn_bat_entry_03
scriptbundle,#aib_vign_cust_zm_mnsn_bat_entry_02
scriptbundle,#p8_fxanim_zm_man_druid_door_bundle
scriptbundle,#c_t8_zmb_blightfather1_dst_def
scriptbundle,#zm_mansion_zombie_settings
scriptbundle,#activecamoinfo_t8_sig_shotgun_pump_police_zm
scriptbundle,#activecamoinfo_t8_sig_shotgun_pump_police_wz
scriptbundle,#aib_t8_zm_mnsn_zombie_base_cust_trv_jump_up_main_hall
scriptbundle,#activecamoinfo_t8_sig_lmg_heavy_seventies_van_wz
scriptbundle,#activecamoinfo_t8_sig_lmg_heavy_seventies_van_zm
scriptbundle,#aib_t8_zm_mnsn_hallion_outro_2_jump_away_02_l
scriptbundle,#p8_fxanim_zm_man_bookcase_02_bundle
scriptbundle,#activecamoinfo_t8_sig_tr_longburst_scrimshaw_zm
scriptbundle,#activecamoinfo_t8_sig_tr_longburst_scrimshaw_wz
scriptbundle,#activecamoinfo_t8_sig_ar_accurate_postapocalyptic_zm
scriptbundle,#p8_fxanim_zm_zod_magic_box_plinth_bundle
scriptbundle,#activecamoinfo_t8_sig_ar_accurate_postapocalyptic_wz
scriptbundle,#p8_fxanim_zm_man_pap_sarcophagus_bundle
scriptbundle,#activecamoinfo_t8_fast_direct_action_kills_spinal
scriptbundle,#fxd8_zm_char_werewolf_body
scriptbundle,#aib_vign_zm_zod_catalyst_electric_spawn_post_split
scriptbundle,#activecamoinfo_t8_pistol_standard
scriptbundle,#zblueprint_shield_dual_wield
scriptbundle,#p_zm_seer_stone_s_in_female
scriptbundle,#aib_vign_zm_zod_catalyst_water_spawn_post_split
scriptbundle,#activecamoinfo_t8_shotgun_semiauto_zm
scriptbundle,#activecamoinfo_t8_shotgun_semiauto_wz
scriptbundle,#aib_vign_zm_mnsn_ghost_idle_01
scriptbundle,#aib_t8_zm_mnsn_hallion_slash_outro_02_l
scriptbundle,#activecamoinfo_t8_sig_smg_fastfire_voyage
scriptbundle,#aib_vign_zm_zod_catalyst_water_spawn_pre_split
scriptbundle,#aib_vign_cust_mnsn_crmsn_nfrtu_spawn_01
scriptbundle,#activecamoinfo_t8_sig_tr_flechette_rivermonster_wz
scriptbundle,#activecamoinfo_t8_sig_tr_flechette_rivermonster_zm
scriptbundle,#p8_fxanim_zm_man_pap_quest_statue_garden_bundle
scriptbundle,#p8_fxanim_zm_man_clock_01_bundle
scriptbundle,#p_zm_seer_stone_s_loop_male
scriptbundle,#aib_t8_zm_mnsn_hallion_death
scriptbundle,#activecamoinfo_t8_smg_accurate
scriptbundle,#activecamoinfo_t8_kills_without_dying_alt
scriptbundle,#activecamoinfo_t8_gold_zm
scriptbundle,#activecamoinfo_t8_gold_wz
scriptbundle,#activecamoinfo_t8_sig_sniper_powerbolt_viking_zm
scriptbundle,#activecamoinfo_t8_shotgun_semiauto
scriptbundle,#activecamoinfo_t8_sig_sniper_powerbolt_viking_wz
scriptbundle,#zm_nosferatu_settings
scriptbundle,#p8_fxanim_zm_man_ka02_bundle
scriptbundle,#p8_fxanim_zm_zod_magic_box_skull_drop_bundle
scriptbundle,#scene_zm_mansn_wm_male_fullsequence
scriptbundle,#c_t8_zmb_3rdclass_female_gib_def
scriptbundle,#aib_t8_zm_mnsn_hallion_slash_outro_03_l
scriptbundle,#p8_fxanim_zm_man_wm_01_bundle
scriptbundle,#activecamoinfo_t8_sig_tr_powersemi_rustymech_zm
scriptbundle,#activecamoinfo_t8_sig_tr_powersemi_rustymech_wz
scriptbundle,#c_t8_zmb_dlc1_zombie_2ndclass_female3_hat1_dst_def
scriptbundle,#activecamoinfo_t8_kills_without_dying
scriptbundle,#activecamoinfo_t8_direct_action_kills_shattered_wz
scriptbundle,#p8_fxanim_zm_man_pap_platter_bundle
scriptbundle,#activecamoinfo_t8_direct_action_kills_shattered_zm
scriptbundle,#p8_fxanim_zm_man_bookcase_03_bundle
scriptbundle,#zm_blight_father_settings
scriptbundle,#activecamoinfo_t8_sig_shotgun_fullauto_construction
scriptbundle,#fxd8_zm_char_cata_cor_body
scriptbundle,#activecamoinfo_t8_sig_tr_flechette_rivermonster
scriptbundle,#activecamoinfo_t8_objective_kills_zm
scriptbundle,#fxb8_zm_char_blightfather
scriptbundle,#activecamoinfo_t8_objective_kills_wz
scriptbundle,#aib_t8_zm_mnsn_nfrtu_cust_trv_jump_dn_main_hall
scriptbundle,#activecamoinfo_t8_kill_counter_party_rock_wz
scriptbundle,#activecamoinfo_t8_kill_counter_party_rock_zm
scriptbundle,#aib_t8_zm_mnsn_hallion_outro_2_jump_away_04_l
scriptbundle,#ztable_mansion_ww_lvl2
scriptbundle,#p8_fxanim_zm_man_ka01_bundle
scriptbundle,#activecamoinfo_t8_fast_direct_action_kills_treasure_wz
scriptbundle,#zm_zombie_dog_settings
scriptbundle,#activecamoinfo_t8_fast_direct_action_kills_treasure_zm
scriptbundle,#activecamoinfo_t8_ar_accurate_wz
scriptbundle,#activecamoinfo_t8_ar_accurate_zm
scriptbundle,#c_t8_zmb_dlc1_zombie_2ndclass_female2_hat2_dst_def
scriptbundle,#aib_t8_zm_mnsn_hallion_slash_no_tell_04_l
scriptbundle,#activecamoinfo_t8_darkmatter_classic_dark
scriptbundle,#aib_t8_zm_nfrtu_dth_shrink_ww_wkud
scriptbundle,#activecamoinfo_t8_diamond_zm
scriptbundle,#activecamoinfo_t8_diamond_wz
scriptbundle,#activecamoinfo_t8_fast_direct_action_kills_phased_zm
scriptbundle,#activecamoinfo_t8_fast_direct_action_kills_phased_wz
scriptbundle,#p8_fxanim_zm_man_beam_device_bundle
scriptbundle,#activecamoinfo_t8_sig_sniper_quickscope_zombies
scriptbundle,#c_t8_zmb_1stclass_female_gib_def
scriptbundle,#p8_fxanim_zm_man_dome_crank_wheel_bundle
scriptbundle,#activecamoinfo_t8_sig_tr_midburst_bomber_wz
scriptbundle,#activecamoinfo_t8_sig_tr_midburst_bomber
scriptbundle,#activecamoinfo_t8_sig_tr_midburst_bomber_zm
scriptbundle,#activecamoinfo_t8_fast_direct_action_kills_circle_slice_zm
scriptbundle,#activecamoinfo_t8_fast_direct_action_kills_circle_slice_wz
scriptbundle,#aib_t8_zm_mnsn_hallion_jumpup_2_howl_01
scriptbundle,#aib_t8_zm_mnsn_hallion_jumpup_2_howl_02
scriptbundle,#aib_t8_zm_mnsn_hallion_jumpup_2_howl_03
scriptbundle,#p8_fxanim_zm_man_power_seq_02_bundle
scriptbundle,#activecamoinfo_t8_sig_tr_longburst_scrimshaw
scriptbundle,#activecamoinfo_t8_rapid_kills_zm
scriptbundle,#activecamoinfo_t8_rapid_kills_wz
scriptbundle,#activecamoinfo_t8_fast_direct_action_kills_mystic_wz
scriptbundle,#activecamoinfo_t8_fast_direct_action_kills_mystic_zm
scriptbundle,#p8_fxanim_zm_man_crypt_bundle
scriptbundle,#aib_t8_zm_mnsn_hallion_slash_outro_01_l
scriptbundle,#activecamoinfo_t8_direct_action_kills_115
scriptbundle,#activecamoinfo_t8_fast_direct_action_kills_spinal_wz
scriptbundle,#activecamoinfo_t8_fast_direct_action_kills_spinal_zm
scriptbundle,#p8_fxanim_zm_man_wormhole_bundle_vision_stone
scriptbundle,#activecamoinfo_t8_sig_ar_damage_fighter_plane_zm
scriptbundle,#activecamoinfo_t8_sig_ar_damage_fighter_plane_wz
scriptbundle,#c_t8_zmb_dlc1_zombie_2ndclass_female1_dst_def
scriptbundle,#aib_t8_zm_bat_dth_shrink_ww_wkud
scriptbundle,#ztable_silver_bullets
scriptbundle,#activecamoinfo_t8_darkmatter
scriptbundle,#p8_fxanim_zm_man_pap_quest_statue_fountain_bundle
scriptbundle,#p8_fxanim_zm_man_cryptex_case_bundle
scriptbundle,#p8_fxanim_zm_office_wormhole_bundle
scriptbundle,#activecamoinfo_t8_sig_smg_accurate_darkunicorn
scriptbundle,#p8_fxanim_zm_man_pap_drawers_bundle
scriptbundle,#p8_fxanim_zm_man_bookcase_01_bundle
scriptbundle,#aib_vign_zm_zod_catalyst_corrosive_spawn_pre_split
scriptbundle,#aib_vign_zm_man_tornado_zombie_loop
scriptbundle,#c_t8_zmb_stoker_weakpoint_def
scriptbundle,#p8_fxanim_zm_man_greenhouse_planters_bundle
scriptbundle,#fxb8_zm_char_wolf
scriptbundle,#p8_fxanim_zm_man_wine_rack_bundle
scriptbundle,#p8_fxanim_zm_man_kag03_bundle
scriptbundle,#activecamoinfo_t8_direct_action_kills_solarflare_wz
scriptbundle,#activecamoinfo_t8_direct_action_kills_solarflare_zm
scriptbundle,#activecamoinfo_t8_sig_ar_damage_fighter_plane
scriptbundle,#cin_zm_mansion_outro_butler
scriptbundle,#activecamoinfo_t8_gold_classic
scriptbundle,#aib_vign_zm_mnsn_werewolf_post_transform
scriptbundle,#activecamoinfo_t8_sig_ar_modular_faberge_wz
scriptbundle,#activecamoinfo_t8_sig_ar_modular_faberge_zm
scriptbundle,#default_traversal_extents_zm
scriptbundle,#c_t8_zmb_blightfather_weakpoint_def
scriptbundle,#p8_fxanim_zm_man_door_explode_bundle
scriptbundle,#activecamoinfo_t8_sig_sniper_powersemi_vietnam_zm
scriptbundle,#activecamoinfo_t8_sig_sniper_powersemi_vietnam_wz
scriptbundle,#p8_fxanim_zm_man_pap_quest_entrance_room_bundle
scriptbundle,#activecamoinfo_t8_kills_without_dying_retro_vegas_neon_wz
scriptbundle,#activecamoinfo_t8_kills_without_dying_retro_vegas_neon_zm
scriptbundle,#aib_t8_zm_mnsn_hallion_slash_no_tell_02_l
scriptbundle,#aib_vign_zm_man_tornado_nfrtu_start
scriptbundle,#zblueprint_mansion_silver_molten
scriptbundle,#p8_fxanim_zm_man_barricade_exterior_02_bundle
scriptbundle,#activecamoinfo_t8_direct_action_kills_brains_zm
scriptbundle,#activecamoinfo_t8_direct_action_kills_brains_wz
scriptbundle,#activecamoinfo_t8_showstopper
scriptbundle,#aib_t8_zm_mnsn_hallion_slash_intro_04
scriptbundle,#aib_t8_zm_mnsn_hallion_slash_intro_03
scriptbundle,#aib_t8_zm_mnsn_hallion_slash_intro_02
scriptbundle,#aib_t8_zm_mnsn_hallion_slash_intro_01
scriptbundle,#aib_t8_zm_zombie_base_dth_shrink_ww_wkud
scriptbundle,#activecamoinfo_t8_sig_pistol_burst_raven_zm
scriptbundle,#activecamoinfo_t8_sig_pistol_burst_raven_wz
scriptbundle,#p8_fxanim_zm_man_telescope_control_gears_bundle
scriptbundle,#activecamoinfo_t8_lmg_standard
scriptbundle,#aib_vign_zm_zod_catalyst_plasma_spawn_pre_split
scriptbundle,#activecamoinfo_t8_rapid_kills
scriptbundle,#activecamoinfo_t8_sig_ar_stealth_vampire
scriptbundle,#fxd8_zm_char_cata_elec_body
scriptbundle,#aib_vign_cust_zm_mnsn_forest_gate_intro
scriptbundle,#activecamoinfo_t8_sig_smg_fastburst_diy
scriptbundle,#activecamoinfo_t8_pistol_standard_zm
scriptbundle,#aib_t8_zm_mnsn_hallion_slash_no_tell_03_l
scriptbundle,#activecamoinfo_t8_pistol_standard_wz
scriptbundle,#activecamoinfo_t8_headshot
scriptbundle,#blightfather_footstep_notetrack_bones
scriptbundle,#activecamoinfo_t8_sig_smg_accurate_darkunicorn_wz
scriptbundle,#activecamoinfo_t8_sig_smg_accurate_darkunicorn_zm
scriptbundle,#fxd8_zm_char_stoker_body
scriptbundle,#activecamoinfo_t8_gold
scriptbundle,#activecamoinfo_t8_sig_smg_capacity_spaceshuttle
scriptbundle,#p_zm_seer_stone_s_in_male
scriptbundle,#activecamoinfo_t8_sig_smg_handling_hunter_wz
scriptbundle,#activecamoinfo_t8_sig_smg_handling_hunter_zm
scriptbundle,#p8_fxanim_zm_man_grave_lid_break_bundle
scriptbundle,#activecamoinfo_t8_sig_tr_powersemi_rustymech
scriptbundle,#p8_fxanim_zm_man_power_seq_03_bundle
scriptbundle,#activecamoinfo_t8_sig_ar_standard_adventure_zm
scriptbundle,#activecamoinfo_t8_sig_ar_standard_adventure_wz
scriptbundle,#p_zm_seer_stone_s_out_male
scriptbundle,#aib_t8_zm_mnsn_hallion_slash_outro_04_l
scriptbundle,#p8_fxanim_zm_man_wm_stick_04_bundle
scriptbundle,#p8_fxanim_zm_man_pap_wall_bundle
scriptbundle,#aib_t8_zm_mnsn_werewolf_perch_climb_02
scriptbundle,#aib_t8_zm_mnsn_werewolf_perch_climb_01
scriptbundle,#activecamoinfo_t8_direct_action_kills_zombie_flick_zm
scriptbundle,#activecamoinfo_t8_direct_action_kills_zombie_flick_wz
scriptbundle,#p8_fxanim_zm_man_barricade_exterior_01_bundle
scriptbundle,#activecamoinfo_t8_sig_pistol_revolver_cyberpunk
scriptbundle,#activecamoinfo_t8_fast_direct_action_kills_apb
scriptbundle,#p8_fxanim_zm_man_wm_stick_03_bundle
scriptbundle,#activecamoinfo_t8_direct_action_kills_fractalflames_wz
scriptbundle,#aib_t8_zm_zombie_undercroft_spawn_03
scriptbundle,#activecamoinfo_t8_direct_action_kills_fractalflames_zm
scriptbundle,#aib_t8_zm_mnsn_wrwlf_cust_trv_jump_up_cmtry_spnclst
scriptbundle,#damageeffecttype_fire
scriptbundle,#c_t8_zmb_dlc1_nosferatu2_gib_def
scriptbundle,#activecamoinfo_t8_diamond
scriptbundle,#activecamoinfo_t8_sig_pistol_fullauto_arcade_zm
scriptbundle,#activecamoinfo_t8_sig_pistol_fullauto_arcade_wz
scriptbundle,#activecamoinfo_t8_direct_action_kills_celestial
scriptbundle,#p8_fxanim_zm_man_atlas_control_panel_bundle
scriptbundle,#aib_t8_zm_mnsn_hallion_slash_no_tell_01_l
scriptbundle,#aib_vign_zm_mnsn_ghost_run_01
scriptbundle,#c_default_annhilate_gib_def
scriptbundle,#activecamoinfo_t8_kill_counter_party_rock
scriptbundle,#activecamoinfo_t8_direct_action_kills_fractalflames
scriptbundle,#activecamoinfo_t8_showstopper_wz
scriptbundle,#activecamoinfo_t8_showstopper_zm
scriptbundle,#c_t8_zmb_dlc1_zombie_1stclass_male1_dst_def
scriptbundle,#activecamoinfo_t8_sig_ar_standard_adventure
scriptbundle,#p8_fxanim_zm_man_wm_stick_05_bundle
scriptbundle,#activecamoinfo_t8_lmg_standard_wz
scriptbundle,#activecamoinfo_t8_lmg_standard_zm
scriptbundle,#aib_t8_zm_mnsn_zombie_base_cust_trv_jump_dn_main_hall
scriptbundle,#activecamoinfo_t8_direct_action_kills_brains
scriptbundle,#activecamoinfo_t8_objective_kills
scriptbundle,#activecamoinfo_t8_sig_smg_handling_hunter
scriptbundle,#aib_t8_zm_mnsn_hallion_outro_2_jump_away_01
scriptbundle,#aib_t8_zm_mnsn_hallion_outro_2_jump_away_03
scriptbundle,#aib_t8_zm_mnsn_hallion_outro_2_jump_away_02
scriptbundle,#aib_t8_zm_mnsn_hallion_outro_2_jump_away_04
scriptbundle,#zm_zombie_settings
scriptbundle,#activecamoinfo_t8_direct_action_kills_115_zm
scriptbundle,#activecamoinfo_t8_direct_action_kills_115_wz
scriptbundle,#activecamoinfo_t8_sig_pistol_burst_raven
scriptbundle,#aib_vign_zm_mnsn_werewolf_pre_transform
scriptbundle,#activecamoinfo_t8_kills_without_dying_wz
scriptbundle,#activecamoinfo_t8_kills_without_dying_zm
scriptbundle,#aib_t8_zm_mnsn_wrwlf_cust_trv_jump_up_main_hall
scriptbundle,#activecamoinfo_t8_ar_fastfire_zm
scriptbundle,#activecamoinfo_t8_sig_pistol_revolver_cyberpunk_wz
scriptbundle,#aib_vign_zm_zod_catalyst_plasma_spawn_post_split
scriptbundle,#activecamoinfo_t8_sig_pistol_revolver_cyberpunk_zm
scriptbundle,#activecamoinfo_t8_ar_fastfire_wz
scriptbundle,#activecamoinfo_t8_sig_shotgun_fullauto_construction_zm
scriptbundle,#activecamoinfo_t8_sig_shotgun_fullauto_construction_wz
scriptbundle,#c_t8_zmb_titanic_stoker_dst_def
scriptbundle,#activecamoinfo_t8_direct_action_kills_celestial_zm
scriptbundle,#activecamoinfo_t8_fast_direct_action_kills_circle_slice
scriptbundle,#activecamoinfo_t8_direct_action_kills_celestial_wz
scriptbundle,#aib_t8_zm_mnsn_hallion_quad_run
scriptbundle,#activecamoinfo_t8_sig_sniper_fastrechamber_western
scriptbundle,#fxd8_zm_char_zombie_base_body
scriptbundle,#activecamoinfo_t8_fast_direct_action_kills_phased
scriptbundle,#p8_fxanim_zm_man_telescope_bundle
scriptbundle,#p8_fxanim_zm_vapor_altar_zeus_bundle
scriptbundle,#activecamoinfo_t8_sig_ar_modular_porcelain_wz
scriptbundle,#activecamoinfo_t8_sig_ar_modular_porcelain_zm
scriptbundle,#zm_werewolf_settings
scriptbundle,#p8_fxanim_zm_man_atlas_bundle
scriptbundle,#p8_fxanim_zm_man_power_seq_04_bundle
scriptbundle,#activecamoinfo_t8_fast_direct_action_kills_apb_wz
scriptbundle,#activecamoinfo_t8_fast_direct_action_kills_apb_zm
scriptbundle,#aib_t8_zm_mnsn_wrwlf_cust_trv_jump_dn_cmtry_strs
scriptbundle,#ztable_mansion_a_skeet_fink
scriptbundle,#aib_vign_cust_zm_mnsn_trv_jump_dn_wrwlf_cem_back
scriptbundle,#activecamoinfo_t8_darkmatter_classic_red
scriptbundle,#activecamoinfo_t8_diamond_classic
scriptbundle,#aib_vign_zm_zod_catalyst_electric_spawn_pre_split
scriptbundle,#activecamoinfo_t8_sig_lmg_spray_venom
scriptbundle,#activecamoinfo_t8_sig_smg_fastburst_diy_wz
scriptbundle,#activecamoinfo_t8_sig_smg_fastburst_diy_zm
scriptbundle,#p8_fxanim_zm_man_chandelier_fall_bundle
scriptbundle,#activecamoinfo_t8_direct_action_kills_alt
scriptbundle,#activecamoinfo_t8_smg_standard
scriptbundle,#activecamoinfo_t8_direct_action_kills
scriptbundle,#activecamoinfo_t8_fast_direct_action_kills_treasure
scriptbundle,#activecamoinfo_t8_sig_sniper_fastrechamber_western_zm
scriptbundle,#activecamoinfo_t8_sig_sniper_fastrechamber_western_wz
scriptbundle,#activecamoinfo_t8_cyberpunk
scriptbundle,#ztable_silver_molten
scriptbundle,#activecamoinfo_t8_headshot_alt
scriptbundle,#p8_fxanim_zm_vapor_altar_ra_bundle
scriptbundle,#c_t8_zmb_dlc1_zombie_1stclass_female_dst_def
scriptbundle,#activecamoinfo_t8_sig_sniper_quickscope_zombies_zm
scriptbundle,#activecamoinfo_t8_sig_sniper_quickscope_zombies_wz
scriptbundle,#activecamoinfo_t8_sig_ar_stealth_vampire_zm
scriptbundle,#activecamoinfo_t8_sig_ar_stealth_vampire_wz
scriptbundle,#activecamoinfo_t8_headshot_zm
scriptbundle,#activecamoinfo_t8_sig_ar_modular_porcelain
scriptbundle,#activecamoinfo_t8_headshot_wz
scriptbundle,#aib_vign_zm_zod_bltfthr_spawn_pre_split
scriptbundle,#p8_fxanim_zm_vapor_altar_danu_bundle
scriptbundle,#c_t8_zmb_dlc1_zombie_1stclass_male2_dst_def
scriptbundle,#c_t8_zmb_2ndclass_female1_gib_def
scriptbundle,#activecamoinfo_t8_take_it_personally_wz
scriptbundle,#activecamoinfo_t8_take_it_personally_zm
scriptbundle,#activecamoinfo_t8_sig_ar_modular_faberge
scriptbundle,#p_zm_seer_stone_s_loop_female
scriptbundle,#activecamoinfo_t8_fast_direct_action_kills_mystic
scriptbundle,#activecamoinfo_t8_fast_direct_action_kills_zm
scriptbundle,#activecamoinfo_t8_fast_direct_action_kills_wz
scriptbundle,#p8_fxanim_zm_man_dome_crank_bundle
scriptbundle,#aib_t8_zm_mnsn_wrwlf_cust_trv_jump_dn_cmtry_spnclst
scriptbundle,#zm_stoker_settings
scriptbundle,#activecamoinfo_t8_sig_sniper_powersemi_vietnam
scriptbundle,#activecamoinfo_t8_fast_direct_action_kills_symbiosis_zm
scriptbundle,#activecamoinfo_t8_fast_direct_action_kills_symbiosis_wz
scriptbundle,#fxb8_zm_char_cata_cor
scriptbundle,#activecamoinfo_t8_kills_without_dying_alt_zm
scriptbundle,#activecamoinfo_t8_kills_without_dying_alt_wz
scriptbundle,#fxd8_zm_char_cata_plasma_body
scriptbundle,#p8_fxanim_zm_man_ooze_clump_bundle
scriptbundle,#zm_catalyst_settings
scriptbundle,#aib_t8_zm_mnsn_hallion_slash_no_tell_04
scriptbundle,#aib_t8_zm_mnsn_hallion_slash_no_tell_02
scriptbundle,#aib_t8_zm_mnsn_hallion_slash_no_tell_03
scriptbundle,#aib_t8_zm_mnsn_hallion_slash_no_tell_01
scriptbundle,#aib_vign_cust_zm_mnsn_trv_grdn_stairs_dn_wrwlf
scriptbundle,#p8_fxanim_zm_man_clock_02_bundle
scriptbundle,#activecamoinfo_t8_headshot_alt_wz
scriptbundle,#activecamoinfo_t8_headshot_alt_zm
scriptbundle,#aib_vign_zm_mnsn_zombie_dig_up
scriptbundle,#aib_vign_cust_zm_mnsn_trv_grdn_stairs_up_wrwlf
scriptbundle,#aib_t8_zm_mnsn_wrwlf_cust_trv_jump_dn_main_hall
scriptbundle,#aib_t8_zm_mnsn_nfrtu_undercroft_spawn_01
scriptbundle,#activecamoinfo_t8_direct_action_kills_shattered
scriptbundle,#zblueprint_mansion_ww_lvl2
scriptbundle,#c_t8_zmb_werewolf_weakpoint_def
scriptbundle,#c_54i_grunt_fx_table
scriptbundle,#c_t8_zmb_3rdclass_male_gib_def
scriptbundle,#activecamoinfo_t8_cyberpunk_wz
scriptbundle,#activecamoinfo_t8_cyberpunk_zm
material,#riotshield_zm_icon
string,#hash_1406bde2951a81
string,#hash_5093f1267cfa81
string,#mpui/stalker
string,#hash_95c5021b448b56
string,#mpui/extclip_desc
string,#mpui/fmj_desc
string,#zm_mansion/location_sidegarden_right
string,#mpui/supply_desc
string,#hash_1fa0254afe1fa66
string,#mpui/dualoptic
string,#hash_2b4478e34d38202
string,#mpui/fastreload2_desc
string,#hash_31c6885bdf2cb06
string,#zmui/fmj_desc
string,#menu/camo_loot_zombie_maitai
string,#zmweapon/riotshield
string,#hash_40c47b72c083914
string,#mpui/camo_active_take_it_personally
string,#hash_4731c9534a6055b
string,#mpui/camo_flectarn
string,#mpui/extclip2
string,#hash_5be026b2781b8c9
string,#hash_5d7eb1442a4f213
string,#hash_65cbaa6146c8a85
string,#menu/camo_loot_scratchnsniff
string,#hash_6de5ca8f5e14be4
string,#mpui/quickdraw2_desc
string,#mpui/stalker2_desc
string,#weapon/sig_buckler_dw
string,#hash_7bd012fd92e7aaf
string,#mpui/extclip
string,#hash_870732dcf823d00
string,#hash_888d5fd1e90d685
string,#menu/camo_loot_roadhouse
string,#hash_9374fbb3272c53f
string,#menu/camo_loot_trifecta
string,#hash_9c2f7742abf6acb
string,#hash_a3797801599641e
string,#hash_aed57a705546ebb
string,#zm_mansion/location_cemetery_graveyard
string,#mpui/fastreload2
string,#hash_c0c2aecab7c9830
string,#mpui/damage2_desc
string,#hash_c959420bf77c557
string,#zm_mansion/location_dining_hallway
string,#zm_mansion/location_underground
string,#hash_d113c0c2602fb97
string,#hash_d8622d38b0078a8
string,#hash_d991d688c218647
string,#hash_e2971bbfafcfe66
string,#mpui/fastlockon_desc
string,#hash_ec89d606b637daf
string,#hash_ee567911dd1ce83
string,#hash_ef90f6c4217d879
string,#hash_f1db4a15f0e12bb
string,#menu/camo_loot_circuitboard
string,#zombie/item_meat
string,#hash_f8daa20b2e5a2ce
string,#hash_fc698faab2e9a15
string,#mpui/vzoom
string,#hash_109ff9cf832cd388
string,#hash_11416e3dffba8d50
string,#mpui/mk
string,#menu/camo_loot_fractalized
string,#hash_11659cb4f681fe2b
string,#mpui/ir
string,#mpui/is
string,#mpui/gl
string,#mpui/dw
string,#mpui/camo_dante
string,#mpui/sf
string,#mpui/rf
string,#hash_11cfa6d5f521dede
string,#mpui/no_attachment
string,#hash_12b2ee41f7902a2d
string,#mpui/uber
string,#hash_1302228fd9afcebb
string,#mpui/barrelchoke_desc
string,#hash_13f64b913a8510ce
string,#hash_1415168bdbf687ad
string,#menu/camo_active_treasure
string,#zombie/grab_shield
string,#mpui/camo_redhex
string,#hash_15cf0d46af70291b
string,#mpui/null
string,#hash_1637e07af0b8135a
string,#mpui/grip
string,#hash_166b7f0f8f0d22fc
string,#hash_166ccb55e49e33a0
string,#hash_16e6c2bef4bb22e2
string,#zm_mansion/rotate_lock
string,#mpui/suppressed_desc
string,#hash_17783814d047454c
string,#hash_1796d85a4ee770b1
string,#menu/camo_loot_fullsuite
string,#hash_17eb32ca84395d46
string,#mpui/no_attachment_desc
string,#hash_17fa44f503d31a85
string,#zm_mansion/rotate_lock_keyboard
string,#hash_18afd9a5deaedfe0
string,#menu/camo_loot_goosebumps
string,#hash_18ccedb519d08fdb
string,#mpui/uber_desc
string,#mpui/camo_active_rapid_kills
string,#hash_1960a6223dd21d1a
string,#mpui/barrelchoke
string,#hash_1ac770988eda8b85
string,#hash_1ad9cccccf49590a
string,#hash_1b7e7af38a69fb33
string,#zm_mansion/location_forest
string,#hash_1b9c70b83fdee2f4
string,#hash_1bc3fe888bfb0d6d
string,#hash_1c07c87a45375aaf
string,#hash_1c085e4db0b218f9
string,#hash_1c45ec9f9414b664
string,#mpui/camo_integer
string,#hash_1cfe0fa2955e2979
string,#hash_1d5fa91af5523a7c
string,#hash_1d6bd90a28fb2fd0
string,#zm_mansion/location_start_room_west
string,#zmui/mms_desc
string,#mpui/steadyaim2
string,#hash_1eab9450a8098785
string,#hash_1eb250a15bb7f02c
string,#zmarcade/fasttravel
string,#menu/camo_loot_benjamins
string,#menu/camo_loot_fearhaze
string,#menu/camo_loot_seaflake
string,#menu/camo_loot_astronomy
string,#hash_23184906a849ac54
string,#mpui/camo_jungle
string,#hash_23e3f0727cf654e1
string,#mpui/dualoptic_desc
string,#mpui/camo_huntsman
string,#hash_246c7d9118b22299
string,#hash_24a3e0f402bfd000
string,#menu/camo_loot_masks
string,#menu/camo_loot_shimmer
string,#hash_25811ef8abc80b1f
string,#mpui/elo_desc
string,#hash_25d3f454e864bb4a
string,#hash_25ddfdd724070696
string,#menu/camo_loot_picnic_royale
string,#hash_25fc6c872fa95f5e
string,#hash_2628f8facd7d3398
string,#mpui/pistolscope
string,#hash_26adc6b84f143b29
string,#hash_276bed61279c11e0
string,#mpui/fmj2_desc
string,#hash_28f8d698fe4d79d2
string,#zmui/high_caliber_2_desc
string,#zm_mansion/location_entrance_hall
string,#mpui/holdbreath_desc
string,#mpui/camo_active_kill_counter
string,#hash_2a634db8501d93aa
string,#hash_2aa6fa1848766679
string,#hash_2b0fae1c09a3d8a9
string,#hash_2b19c9a3e37c977c
string,#hash_2b2357a02d83b291
string,#hash_2b27d20d2cfc1069
string,#hash_2b3d791eb05ec296
string,#mpui/camo_ardent
string,#mpui/acog_desc
string,#zm_mansion/unlock_pap_gate_keyboard
string,#zm_mansion/location_main_hall_north
string,#hash_2bc1f0690d248b98
string,#hash_2c061f4e3509c0f4
string,#mpui/stabilizer_desc
string,#mpui/holdbreath
string,#menu/camo_active_mystic
string,#hash_2cf8dfaf82a4082a
string,#hash_2d003d6a1240093c
string,#hash_2d30bd945675677f
string,#hash_2d85a60f366822d1
string,#zm_mansion/location_start_corner_east
string,#mpui/reflex
string,#hash_2f6eb9c102b831ad
string,#mpui/camo_burnt
string,#hash_2f8c9e43256febb9
string,#mpui/fmj2
string,#hash_2fe914b295985c53
string,#hash_3036960f07306993
string,#hash_3041bf105b58c16a
string,#mpui/ir_desc
string,#hash_30f532e9051a3691
string,#zombie/equip_riotshield_pickup_hint_string
string,#hash_31e9d057a03398bf
string,#hash_3279150dc6bd1b3b
string,#mpui/camo_snowjob
string,#menu/camo_active_brains
string,#zm_mansion/location_cemetery_mausoleum
string,#zm_mansion/location_undefined
string,#hash_33c5a3d6ed967788
string,#hash_33e523e840caec34
string,#hash_33e7f205d1a4abdb
string,#hash_33f013eacb53964c
string,#weapon/proximity_grenade
string,#hash_34f259136740edfd
string,#mpui/holo_desc
string,#mpui/quickdraw2
string,#hash_360742434808cf8e
string,#hash_3640fdfd426ba4b4
string,#hash_3662e0cf1e9f6351
string,#hash_366888e106b2bbb3
string,#menu/camo_active_115
string,#hash_36be4a2f9e325b50
string,#mpui/fmj
string,#zombie/repair_shield
string,#hash_3824d76b4a721017
string,#hash_38698d6863661eb6
string,#menu/camo_loot_dinoglyphs
string,#zmui/fmj2_desc
string,#hash_390f9a902256dcbd
string,#menu/camo_loot_streetrace
string,#hash_39314f35659fff4b
string,#mpui/killcounter
string,#mpui/extbarrel2
string,#mpui/grip_desc
string,#hash_39b5786a03c2d653
string,#mpui/reticle_color_1
string,#mpui/camo_active_showstopper
string,#hash_3aa47b7b8258ebd2
string,#mpui/reddot_desc
string,#hash_3ae42f7d6eabab5a
string,#hash_3b18f50168dff251
string,#mpui/camo_darkmatter
string,#hash_3ca968dee9e5dc02
string,#menu/camo_active_spinal
string,#hash_3d26eb8dafae98e9
string,#hash_3d3024b021773e75
string,#zm_mansion/location_start_corner_west
string,#hash_3d69c72a393f3836
string,#zmui/suppressor_desc
string,#hash_3d83f27f0bfd3a72
string,#hash_3da7f56d63678947
string,#zm_mansion/unlock_pap_gate
string,#mpui/tacknife
string,#menu/camo_loot_chrysalis
string,#menu/camo_loot_cherryblossom
string,#hash_3e42591da1c1538f
string,#mpui/steadyaim_desc
string,#hash_3e6da11174f09627
string,#hash_3e89c8f168d7100d
string,#mpui/camo_chameleon
string,#zm_mansion/location_greenhouse_entrance
string,#mpui/gl_desc
string,#menu/camo_loot_jellymaw
string,#zmweapon/impaler
string,#mpui/is_desc
string,#zombie/powerup_shield_charge
string,#hash_408a1c689730dd71
string,#mpui/fastlockon
string,#mpui/extbarrel
string,#hash_414ce3af89eedef1
string,#mpui/mixclip_desc
string,#hash_419b9e1f22265b5b
string,#zm_mansion/location_main_hall
string,#mpui/elo
string,#menu/camo_loot_datamine
string,#mpui/damage_desc
string,#hash_420861c64b6e9e7c
string,#hash_429528a8bde9599d
string,#mpui/supply
string,#hash_430969697efda742
string,#menu/camo_loot_blueup
string,#mpui/camo_jungletek
string,#hash_43b0cfc850dbcc04
string,#hash_43ddac2161b2260e
string,#mpui/camo_bliss
string,#hash_4428bea407adb029
string,#mpui/suppressed
string,#hash_44ee4f30644e71ec
string,#hash_45033a8e97e40e20
string,#hash_452fd06faf792671
string,#mpui/hipgrip_desc
string,#mpui/holo
string,#mpui/quickdraw_desc
string,#hash_469be9d3e689cf8d
string,#hash_471da16d5cb1956c
string,#hash_47b54639df53d26e
string,#hash_47ec1221d6ee9799
string,#mpui/adsreload_desc
string,#hash_495dc239b32c6400
string,#hash_4973da5ba484b2ae
string,#hash_49e88c8053d4f73e
string,#mpui/camo_heatstroke
string,#hash_4a584bc8c443f246
string,#menu/camo_loot_dogfight
string,#hash_4adb4ee2a021cc5f
string,#hash_4b105b524a93b53d
string,#hash_4beb10678533accf
string,#hash_4c2bbe6f91c1ca94
string,#zm_mansion/location_library_hallway_lower
string,#zm_mansion/location_dining_room
string,#zm_mansion/location_forest_entrance
string,#hash_4d048d939c70cad9
string,#mpui/quickdraw
string,#zmweapon/bowie
string,#hash_4dff11036295b59f
string,#hash_4e413fbdde10b051
string,#zm_mansion/location_library_hallway_upper
string,#hash_4ebcbd3655fdceb0
string,#menu/camo_loot_afterglow
string,#mpui/extclip2_desc
string,#hash_4ed6f1ab0cbc899b
string,#mpui/sf_desc
string,#hash_4f0d8ebb363015e0
string,#hash_4f23c6ecb321fa19
string,#zm_mansion/location_greenhouse_lab
string,#mpui/camo_fear
string,#hash_506621193b404166
string,#mpui/vzoom_desc
string,#menu/camo_loot_smokeblast
string,#mpui/camo_gold
string,#zm_mansion/location_cemetery_entrance
string,#zm_mansion/location_arena
string,#mpui/none
string,#mpui/camo_diamond
string,#hash_538a37b473f5834c
string,#hash_54173759e32b4b2f
string,#mpui/speedreloader_desc
string,#mpui/extrapellets
string,#hash_54a78a5bd72eed4f
string,#menu/camo_loot_megalodon
string,#hash_5538019ad6e6cdc7
string,#zmui/extrapellets_desc
string,#hash_556fbdaebf02d158
string,#hash_558dab41980bd79b
string,#zmui/high_caliber_desc
string,#hash_560d002c6e40e5df
string,#menu/camo_loot_vice
string,#hash_56ee5965eeb986f7
string,#mpui/steadyaim2_desc
string,#hash_5821a2758405c5ca
string,#menu/camo_loot_bacon
string,#hash_58b7aeee47f428da
string,#hash_58e6e210eddbebe3
string,#mpui/reflex_desc
string,#hash_59f4621f89897419
string,#mpui/grip2
string,#hash_5a27ab1680f0b8e5
string,#mpui/hipgrip
string,#mpui/camo_arctic
string,#hash_5acae5f224c146a9
string,#hash_5af9d3bd478d8243
string,#mpui/adsreload
string,#zm_mansion/location_floor2_bedroom
string,#mpui/camo_battle
string,#hash_5c28147c226eb600
string,#mpui/mixclip
string,#mpui/mms_desc
string,#zm_mansion/location_cellar
string,#hash_5d4b4dfdc53fd671
string,#hash_5dc620aa9640e528
string,#hash_5e2c81adb5a5264a
string,#hash_5e6ae4119dda43e0
string,#mpui/camo_contagious
string,#hash_5ef6d21d81a0250b
string,#hash_5f05371ea87b812e
string,#hash_5f17105e484faba8
string,#hash_5f4526e540cbffaf
string,#mpui/extrapellets_desc
string,#mpui/fastreload_desc
string,#hash_6063cd6ae0f6ce28
string,#hash_607993fb651c3014
string,#mpui/camo_interpol
string,#mpui/extbarrel2_desc
string,#hash_60e4802baafefe56
string,#hash_60f7952659026bea
string,#zmui/barrelchoke_desc
string,#hash_61bd1f669b4c6a1c
string,#hash_620d7c84d23fd049
string,#mpui/steadyaim
string,#hash_62503932e1d53a87
string,#mpui/reddot
string,#hash_627f640830ae263b
string,#menu/camo_loot_america
string,#hash_629d187300caa85d
string,#hash_63182288b2fa8fe2
string,#feature/gun_tag
string,#mpui/camo_6speed
string,#mpui/clantag
string,#mpui/burst2_desc
string,#hash_6517a92891b8b0a2
string,#mpui/pistolscope_desc
string,#hash_652798c8c39df5b0
string,#hash_652c97821a6cf09d
string,#zombie/grab_shield_free
string,#hash_660652361297f2ab
string,#menu/camo_loot_ww2
string,#hash_665fcaf288735f26
string,#hash_66d33b296eb64fbc
string,#mpui/stalker2
string,#hash_688a1b241ffb922e
string,#hash_68aa6bf5db640dde
string,#mpui/extbarrel_desc
string,#mpui/fastreload
string,#hash_694b66b1b888e2a8
string,#hash_6a4930978aef6c45
string,#mpui/burst2
string,#hash_6aee422878d572b9
string,#menu/camo_loot_donuts
string,#hash_6c8d7834e1591a50
string,#hash_6d663dca450595ef
string,#mpui/camo_wmd
string,#hash_6daedc8fd5a061d7
string,#hash_6dcacaabbe757952
string,#menu/camo_loot_smooch
string,#mpui/camo_active_objective_kills
string,#hash_6e86b49d6d5196af
string,#hash_6f290073ce99ffb5
string,#mpui/rangefinder
string,#mpui/stabilizer
string,#hash_7042b50d373a6fce
string,#mpui/reticle_default
string,#zm_mansion/location_trophy_to_dining
string,#hash_709fb6b7fdde6aa8
string,#hash_714cce81de873f11
string,#mpui/acog
string,#mpui/damage2
string,#menu/camo_loot_connected
string,#hash_74088228890cabc3
string,#hash_74978fc95bfb2bfd
string,#mpui/stalker_desc
string,#hash_7564cce16f4274f6
string,#mpui/damage
string,#hash_758d93baadbc199d
string,#zm_mansion/location_library_upper
string,#mpui/camo_active_kills_without_dying
string,#hash_76208e521ab783c1
string,#mpui/camo_ash
string,#hash_768c5aeecc2d7cc4
string,#mpui/grip2_desc
string,#hash_7725a43a5e8755ad
string,#menu/camo_loot_cyberpunk
string,#menu/camo_active_celestial
string,#menu/camo_loot_citrus
string,#mpui/rf_desc
string,#mpui/mk_desc
string,#hash_78b448d799b46550
string,#hash_78bf6e69946b64ca
string,#hash_78d753143b405d88
string,#hash_78daefa5877d95d1
string,#zm_mansion/location_floor2_trophy_room
string,#zm_mansion/location_grand_staircase
string,#mpui/speedreloader
string,#mpui/dw_desc
string,#menu/camo_loot_disavowed
string,#mpui/camo_active_headshots
string,#mpui/rangefinder_desc
string,#zombie/craft_shield
string,#hash_7b8a03d0c40ea097
string,#feature/gun_emblem
string,#hash_7bc5748f7802e011
string,#hash_7bf8bcf55e2bd26e
string,#hash_7c69875677ff53fb
string,#mpui/mms
string,#hash_7d3e69af1a992cec
string,#menu/camo_loot_greengradient
string,#hash_7d81ba22ba54bb08
string,#mpui/camo_woodlums
string,#hash_7df0ee08c3abc41e
string,#hash_7e31505384e0837a
string,#hash_7e343f7677cbafe5
string,#mpui/tacknife_desc
string,#menu/camo_loot_paradise
string,#hash_7f4287cceb84c614
string,#menu/camo_loot_plasmadrive
fx,#zm_ai/fx8_cata_elec_aura
fx,#zombie/fx8_magicbox_opened
fx,#hash_6ce60bc4b64e793
fx,#hash_70354557d03ed27
fx,#zm_ai/fx8_stoker_dest_weak_point_exp_generic
fx,#blood/fx_blood_impact_exp_body_lg
fx,#hash_108cfc8cc7b79388
fx,#hash_1093d48cc7bd6e3e
fx,#zm_ai/fx8_stoker_amb_shovel
fx,#zombie/fx_parasite_acid_spit_tell_zmb
fx,#zm_ai/fx8_cata_plasma_aura_head
fx,#zombie/fx_bul_flesh_head_nochunks_zmb
fx,#blood/fx8_blood_cam_gib_spray_zm
fx,#zombie/fx_blood_torso_explo_zmb
fx,#zombie/fx8_magicbox_arrival
fx,#zombie/fx_bul_flesh_neck_spurt_zmb
fx,#hash_21ba4e14e47ce200
fx,#zombie/fx8_wallbuy_amb_reverse
fx,#hash_22aac55b4e3e4c42
fx,#zm_ai/fx8_dog_lightning_spawn
fx,#hash_2543453edaf343d4
fx,#hash_259b253edb3d834a
fx,#impacts/fx_bul_impact_blood_head_fatal_exit
fx,#hash_267219566a35fba8
fx,#zm_ai/fx8_cata_water_aura
fx,#zm_ai/fx8_cata_plasma_aura
fx,#hash_28479dabebe445ee
fx,#hash_28ad85abec3ad058
fx,#hash_311a865a91014b22
fx,#explosions/fx8_exp_grenade_glass
fx,#zm_ai/fx8_cata_cor_mouth
fx,#zombie/fx_bul_flesh_head_fatal_zmb
fx,#electric/fx8_sparks_burst_dir_sm_orange_os
fx,#hash_3c9948ab313a6483
fx,#hash_43ce68cb4f9247fe
fx,#zm_ai/fx8_stoker_dest_weak_point_dynent_arm
fx,#zombie/fx8_wallbuy_reveal
fx,#hash_4c24e997afad36e0
fx,#hash_4d91ce766ebeda81
fx,#hash_4db3c6766edbb34f
fx,#hash_4e3dc7da8f681079
fx,#hash_4e40eada8f6a81c9
fx,#hash_4e55cdda8f7cac8c
fx,#zm_ai/fx8_cata_elec_elbow_ri
fx,#zm_ai/fx8_cata_elec_elbow_le
fx,#zm_ai/fx8_werewolf_eye_glow
fx,#zm_ai/fx8_dog_death_exp
fx,#hash_5400356a313e2ec3
fx,#hash_57034716c105e41e
fx,#zm_ai/fx8_zombie_eye_glow_red
fx,#hash_59422cff58693587
fx,#zm_ai/fx8_blightfather_weakspot_jaw_exp
fx,#zm_ai/fx8_cata_water_aura_head
fx,#hash_5f376e9395e16666
fx,#hash_63074eb9d1a1e00c
fx,#zm_ai/fx8_stoker_amb_torso
fx,#zm_ai/fx8_stoker_dest_weak_point_exp_arm
fx,#zombie/fx_parasite_exp_death_zmb
fx,#hash_6714ad8af406b4ee
fx,#blood/fx_blood_gib_limb_trail
fx,#hash_6931b098cb2b2086
fx,#hash_6960c898cb52ba10
fx,#hash_6b7912c3c5da87e2
fx,#hash_6e44fde5d49cfc9b
fx,#light/fx8_light_plyr_base
fx,#hash_74f01ad183c69a5c
fx,#hash_74f6f2d183cc7512
fx,#hash_7b951deec27b35c1
fx,#hash_7d69ee9822b45157
radiant_exploder,#hash_1f1fbf846c1ddd9
radiant_exploder,#fxexp_power_artifact_burst
radiant_exploder,#exp_lgt_prima_disp_green_lrg
radiant_exploder,#hash_3a3bceeb4149abc
radiant_exploder,#exp_lgt_ar_stealth_t8
radiant_exploder,#hash_567ce7ff8897862
radiant_exploder,#hash_5c9b7fb85c1130e
radiant_exploder,#hash_659da710860d92b
radiant_exploder,#exp_lgt_forest_alter_zeus
radiant_exploder,#hash_6d0bbe789fa4ed6
radiant_exploder,#exp_lgt_xd_sh210
radiant_exploder,#exp_lgt_xd_sh200
radiant_exploder,#exp_lgt_xd_sh230
radiant_exploder,#exp_lgt_xd_sh220
radiant_exploder,#exp_lgt_xd_sh250
radiant_exploder,#exp_lgt_xd_sh240
radiant_exploder,#exp_lgt_xd_sh270
radiant_exploder,#exp_lgt_xd_sh260
radiant_exploder,#exp_lgt_xd_sh290
radiant_exploder,#exp_lgt_xd_sh280
radiant_exploder,#exp_lgt_prima_disp_red_lrg
radiant_exploder,#hash_97a0dea969ef71b
radiant_exploder,#hash_b54314268560085
radiant_exploder,#fxexp_pap_barrier_nosferatu_2
radiant_exploder,#exp_lgt_smg_standard_t8
radiant_exploder,#hash_dbb8cfafa4ad39c
radiant_exploder,#hash_dbe6cfafa4cd313
radiant_exploder,#hash_dd290fafa5db949
radiant_exploder,#hash_ddd7cfafa679ed2
radiant_exploder,#fxexp_pap_mausoleum_fire
radiant_exploder,#exp_lgt_garden_alter_zeus
radiant_exploder,#exp_lgt_xd_sh580
radiant_exploder,#exp_lgt_xd_sh590
radiant_exploder,#hash_11b1c8a83fb0aaf5
radiant_exploder,#hash_13b0bb9992fbd48d
radiant_exploder,#fxexp_pap_mausoleum_fire_burst
radiant_exploder,#hash_15a0463bba47fe29
radiant_exploder,#exp_lgt_ar_fastfire_t8
radiant_exploder,#fxexp_pickup
radiant_exploder,#hash_1db918abd5b55939
radiant_exploder,#hash_1dd123f6b62836f6
radiant_exploder,#hash_1de247f6b636e755
radiant_exploder,#hash_1e0123f6b6515ab8
radiant_exploder,#hash_1e0443f6b653c6ef
radiant_exploder,#hash_1eb1bce0f61f3186
radiant_exploder,#hash_1ed2289a91b9c244
radiant_exploder,#exp_lgt_pistol_revolver_t8
radiant_exploder,#hash_1f5151b75bceff3c
radiant_exploder,#exp_lgt_cellar_alter_odin
radiant_exploder,#hash_1fc6309bea302a97
radiant_exploder,#hash_1fc6d9e36d8e45d7
radiant_exploder,#hash_1fd0344f130bc840
radiant_exploder,#hash_1ffa0df3e65ccd70
radiant_exploder,#exp_lgt_ar_modular_t8
radiant_exploder,#fxexp_pap_gate
radiant_exploder,#hash_229959561c8ca1d4
radiant_exploder,#hash_22995a561c8ca387
radiant_exploder,#hash_22995b561c8ca53a
radiant_exploder,#hash_266270df0982edc2
radiant_exploder,#hash_26a875ba45217e78
radiant_exploder,#hash_27bb8c7750d368b9
radiant_exploder,#fxexp_pap_barrier_nosferatu
radiant_exploder,#exp_lgt_ar_accurate_t8
radiant_exploder,#quick_revive_lgts
radiant_exploder,#exp_lgt_xd_sh640
radiant_exploder,#exp_lgt_xd_sh610
radiant_exploder,#exp_lgt_xd_sh600
radiant_exploder,#exp_lgt_xd_sh630
radiant_exploder,#exp_lgt_xd_sh620
radiant_exploder,#hash_2b063f1f223518f8
radiant_exploder,#exp_lgt_ooze_gate_torches
radiant_exploder,#exp_lgt_prima_disp_red_sml
radiant_exploder,#exp_lgt_pistol_burst_t8
radiant_exploder,#hash_2efd58f8c3abcb71
radiant_exploder,#exp_lgt_smg_handling_t8
radiant_exploder,#hash_31ccd2d5efcbd331
radiant_exploder,#hash_31e9c27b18261a74
radiant_exploder,#hash_322c43b9f19c5f26
radiant_exploder,#fxexp_leaves_fall_dead
radiant_exploder,#hash_34213e43b51e6fa1
radiant_exploder,#hash_3524e53acd1aa5a0
radiant_exploder,#exp_lgt_crypt_normal
radiant_exploder,#hash_35afda8d4f9f7e0f
radiant_exploder,#exp_lgt_smg_drum_pistol_t8
radiant_exploder,#exp_lgt_cemeter_alter_odin
radiant_exploder,#hash_370a59d75c57c0e8
radiant_exploder,#hash_3a3506114901954a
radiant_exploder,#exp_lgt_shotgun_pump_t8
radiant_exploder,#hash_3b951b9e1ae72e14
radiant_exploder,#fxexp_barrier_gameplay_crypt
radiant_exploder,#exp_lgt_tr_longburst_t8
radiant_exploder,#hash_4146b13ea08a34fd
radiant_exploder,#hash_42c7faa1467f208b
radiant_exploder,#exp_lgt_cellar_alter_zeus
radiant_exploder,#hash_44be8e52170407c5
radiant_exploder,#hash_44cd608e98164693
radiant_exploder,#exp_lgt_tr_leveraction_t8
radiant_exploder,#hash_4c2171115354663a
radiant_exploder,#hash_4d130b850ac2c0fe
radiant_exploder,#hash_4d172b850ac6e035
radiant_exploder,#hash_4d1d23850acb3e4b
radiant_exploder,#hash_4d282f850ad55a34
radiant_exploder,#hash_4d37fe1a51a2d226
radiant_exploder,#exp_lgt_garden_alter_odin
radiant_exploder,#hash_4fa32e11516ebe0a
radiant_exploder,#exp_lgt_smg_fastfire_t8
radiant_exploder,#hash_539b6aafa8927e7f
radiant_exploder,#exp_lgt_pistol_standard_t8
radiant_exploder,#hash_53f1e7c300f43d5a
radiant_exploder,#fxexp_telescope_charge
radiant_exploder,#exp_lgt_bowie
radiant_exploder,#hash_547d20838b454c8c
radiant_exploder,#hash_54ee76678e54dbb0
radiant_exploder,#hash_54eefe37d0477005
radiant_exploder,#hash_553ad629f67360df
radiant_exploder,#hash_565694e851958f73
radiant_exploder,#hash_572b2003a14ba0ec
radiant_exploder,#hash_57489fb771b04078
radiant_exploder,#hash_5748a0b771b0422b
radiant_exploder,#hash_5748a1b771b043de
radiant_exploder,#hash_5748a2b771b04591
radiant_exploder,#exp_lgt_cellar_alter_ra
radiant_exploder,#hash_5942fe6aa60fde76
radiant_exploder,#exp_lgt_cemeter_alter_zeus
radiant_exploder,#exp_lgt_sniper_quickscope_t8
radiant_exploder,#hash_5a52db378a739a6d
radiant_exploder,#fxexp_barrier_gameplay_forest
radiant_exploder,#fxexp_ele_trap_activate
radiant_exploder,#hash_5c47512a5ad578c2
radiant_exploder,#fxexp_barrier_gameplay_cemetery
radiant_exploder,#hash_5db8ed2f82112c97
radiant_exploder,#hash_5f12110b0c0c9a02
radiant_exploder,#hash_5f6dbe817ad41d69
radiant_exploder,#exp_lgt_forest_alter_ra
radiant_exploder,#hash_60560438416c615d
radiant_exploder,#hash_60b5a0b468804944
radiant_exploder,#exp_lgt_lmg_standard_t8
radiant_exploder,#hash_63f8ace3e629bf88
radiant_exploder,#exp_lgt_gas_lantern_trail
radiant_exploder,#exp_lgt_garden_alter_ra
radiant_exploder,#fxexp_barrier_gameplay_observatory
radiant_exploder,#hash_67228a69537c97b3
radiant_exploder,#exp_lgt_shotgun_trenchgun_t8
radiant_exploder,#fxexp_fast_travel_orbs
radiant_exploder,#hash_69d6c3f7711cc971
radiant_exploder,#hash_69e135f77125dfac
radiant_exploder,#hash_6ac102defd9e3335
radiant_exploder,#hash_6bd0aec2b3791362
radiant_exploder,#exp_lgt_xd_sh180
radiant_exploder,#exp_lgt_xd_sh190
radiant_exploder,#exp_lgt_xd_sh195
radiant_exploder,#exp_lgt_xd_sh100
radiant_exploder,#exp_lgt_xd_sh110
radiant_exploder,#exp_lgt_xd_sh120
radiant_exploder,#exp_lgt_xd_sh130
radiant_exploder,#exp_lgt_xd_sh140
radiant_exploder,#exp_lgt_xd_sh150
radiant_exploder,#exp_lgt_xd_sh160
radiant_exploder,#exp_lgt_xd_sh170
radiant_exploder,#hash_6d3901bee6745f23
radiant_exploder,#exp_lgt_hell_tunnel
radiant_exploder,#hash_6dc6c2b2097249d8
radiant_exploder,#exp_lgt_prima_disp_green_sml
radiant_exploder,#hash_6ec85c92d2892375
radiant_exploder,#hash_6f5fc3dd691caf11
radiant_exploder,#exp_lgt_boss_entrance
radiant_exploder,#hash_71bb7b8f83ee7382
radiant_exploder,#exp_lgt_forest_alter_odin
radiant_exploder,#exp_lgt_tr_powersemi_t8
radiant_exploder,#exp_lgt_cemeter_alter_ra
radiant_exploder,#exp_lgt_telescope_base_door
radiant_exploder,#hash_7479b6977981a8bf
radiant_exploder,#exp_lgt_xd_sh090
radiant_exploder,#exp_lgt_xd_sh080
radiant_exploder,#exp_lgt_xd_sh030
radiant_exploder,#exp_lgt_xd_sh020
radiant_exploder,#exp_lgt_xd_sh010
radiant_exploder,#exp_lgt_xd_sh070
radiant_exploder,#exp_lgt_xd_sh060
radiant_exploder,#exp_lgt_xd_sh050
radiant_exploder,#exp_lgt_xd_sh040
radiant_exploder,#hash_7740c848eaa83d41
radiant_exploder,#hash_7777c519802a69fb
radiant_exploder,#exp_lgt_smg_accurate_t8
radiant_exploder,#fxexp_crypt_glow
radiant_exploder,#lgt_vending_widows_wine_on
radiant_exploder,#exp_lgt_crypt_darker
radiant_exploder,#hash_7dd13e6be622a133
radiant_exploder,#hash_7e2e297781bdcd39
radiant_exploder,#exp_lgt_xd_sh380
radiant_exploder,#exp_lgt_xd_sh360
radiant_exploder,#exp_lgt_xd_sh370
radiant_exploder,#exp_lgt_xd_sh340
radiant_exploder,#exp_lgt_xd_sh350
radiant_exploder,#exp_lgt_xd_sh320
radiant_exploder,#exp_lgt_xd_sh300
radiant_exploder,#hash_7f07b5b0dca59823
radiant_exploder,#hash_7f5798dd06e8e17e
soundalias,#vox_box_shotgun_plr_4_0
soundalias,#vox_box_shotgun_plr_4_1
soundalias,#vox_box_shotgun_plr_4_2
soundalias,#vox_box_shotgun_plr_4_3
soundalias,#vox_box_shotgun_plr_4_4
soundalias,#vox_ghost_react_first_plr_12_1
soundalias,#vox_ghost_react_first_plr_12_0
soundalias,#vox_ghost_react_first_plr_12_2
soundalias,#vox_seer_stone_nag_plr_10_0
soundalias,#vox_cemetary_defend_plr_12_0
soundalias,#vox_revive_down_plr_9_3
soundalias,#vox_revive_down_plr_9_2
soundalias,#vox_revive_down_plr_9_1
soundalias,#vox_revive_down_plr_9_0
soundalias,#vox_revive_down_plr_9_4
soundalias,#vox_5_banter_dieg_scar_plr_1_0
soundalias,#hash_3a59c33cb06334
soundalias,#vox_hammer_ready_plr_10_1
soundalias,#vox_hammer_ready_plr_10_0
soundalias,#vox_hammer_ready_plr_10_2
soundalias,#hash_61a756bc7b27f7
soundalias,#hash_63c7b574f0996f
soundalias,#hash_66c9c5958ae4cc
soundalias,#vox_plr_12_outro_igc_11_11
soundalias,#vox_plasma_react_plr_12_0
soundalias,#mus_location_greenhouse_intro
soundalias,#vox_dining_room_enter_plr_10_0
soundalias,#hash_954c283694c074
soundalias,#fly_step_crouch_walk_zdog_concrete
soundalias,#vox_bowie_pickup_plr_9_0
soundalias,#hash_c4d6c7df050f11
soundalias,#vox_forest_defend_comp_plr_10_0
soundalias,#vox_generic_wall_buy_plr_12_8
soundalias,#vox_generic_wall_buy_plr_12_9
soundalias,#vox_generic_wall_buy_plr_12_0
soundalias,#vox_generic_wall_buy_plr_12_1
soundalias,#vox_generic_wall_buy_plr_12_2
soundalias,#vox_generic_wall_buy_plr_12_3
soundalias,#vox_generic_wall_buy_plr_12_4
soundalias,#vox_generic_wall_buy_plr_12_5
soundalias,#vox_generic_wall_buy_plr_12_6
soundalias,#vox_generic_wall_buy_plr_12_7
soundalias,#hash_f7aa481fb956e3
soundalias,#hash_fe927ec8b31e2d
soundalias,#hash_1022f37d7353ed3
soundalias,#vox_powerup_double_plr_4_2
soundalias,#vox_powerup_double_plr_4_3
soundalias,#vox_powerup_double_plr_4_0
soundalias,#vox_powerup_double_plr_4_1
soundalias,#vox_powerup_double_plr_4_4
soundalias,#vox_blightfather_react_first_plr_1_0
soundalias,#hash_10b3b428b4c5f44
soundalias,#vox_wonder_prima_materia_plr_10_0
soundalias,#hash_113b52fb44da6c1
soundalias,#vox_chakram_activate_plr_3_4
soundalias,#vox_chakram_activate_plr_3_0
soundalias,#vox_chakram_activate_plr_3_1
soundalias,#vox_chakram_activate_plr_3_2
soundalias,#vox_chakram_activate_plr_3_3
soundalias,#vox_pickup_bowie_plr_1_0
soundalias,#vox_box_tactical_plr_9_2
soundalias,#vox_box_tactical_plr_9_3
soundalias,#vox_box_tactical_plr_9_0
soundalias,#vox_box_tactical_plr_9_1
soundalias,#vox_box_tactical_plr_9_4
soundalias,#vox_wonder_level_2_comp_plr_9_0
soundalias,#vox_kill_revenge_plr_2_7
soundalias,#vox_kill_revenge_plr_2_6
soundalias,#vox_kill_revenge_plr_2_5
soundalias,#vox_kill_revenge_plr_2_4
soundalias,#vox_kill_revenge_plr_2_3
soundalias,#vox_kill_revenge_plr_2_2
soundalias,#vox_kill_revenge_plr_2_1
soundalias,#vox_kill_revenge_plr_2_0
soundalias,#vox_kill_revenge_plr_2_9
soundalias,#vox_kill_revenge_plr_2_8
soundalias,#hash_153effc4edae771
soundalias,#fly_step_walk_werewolf_default
soundalias,#zmb_vocals_werewolf_sprint
soundalias,#hash_157a16518de02b2
soundalias,#hash_16112269c47b71c
soundalias,#dst_xlight
soundalias,#vox_light_beam_aligned_plr_11_0
soundalias,#vox_shoot_pool_interact_plr_11_0
soundalias,#vox_revive_guns_plr_12_2
soundalias,#vox_revive_guns_plr_12_3
soundalias,#vox_revive_guns_plr_12_0
soundalias,#vox_revive_guns_plr_12_1
soundalias,#vox_revive_guns_plr_12_4
soundalias,#vox_hammer_level_3_plr_11_2
soundalias,#vox_hammer_level_3_plr_11_1
soundalias,#vox_hammer_level_3_plr_11_0
soundalias,#hash_196ceb820d519b0
soundalias,#vox_ammo_buy_plr_10_2
soundalias,#vox_ammo_buy_plr_10_0
soundalias,#vox_ammo_buy_plr_10_1
soundalias,#vox_knight_trap_kill_plr_9_1
soundalias,#vox_knight_trap_kill_plr_9_0
soundalias,#zmb_prima_heavy_stop
soundalias,#wpn_generic_clip_bounce_asphalt
soundalias,#vox_4_banter_dieg_shaw_plr_4_1
soundalias,#vox_painting_interact_first_plr_10_2
soundalias,#vox_painting_interact_first_plr_10_1
soundalias,#vox_painting_interact_first_plr_10_0
soundalias,#vox_destroy_rocketshield_plr_2_2
soundalias,#vox_destroy_rocketshield_plr_2_0
soundalias,#vox_destroy_rocketshield_plr_2_1
soundalias,#hash_1da6c1a9e05ae00
soundalias,#hash_1da701a9e05b4cc
soundalias,#hash_1da711a9e05b67f
soundalias,#hash_1da721a9e05b832
soundalias,#hash_1da731a9e05b9e5
soundalias,#fly_step_prone_zdog_ice
soundalias,#vox_ee_sent_trial_alis_0
soundalias,#vox_ee_sent_trial_alis_1
soundalias,#vox_seer_stone_jump_react_plr_11_0
soundalias,#phy_impact_flesh_flesh
soundalias,#hash_21c376fa208dc2c
soundalias,#hash_232b3b5b7f5d86d
soundalias,#dst_propane_tank_lfe
soundalias,#vox_brun_kill_headshot_plr_1_2
soundalias,#vox_brun_kill_headshot_plr_1_3
soundalias,#vox_brun_kill_headshot_plr_1_0
soundalias,#vox_brun_kill_headshot_plr_1_1
soundalias,#hash_24a7292ff4c6af6
soundalias,#hash_24a7392ff4c6ca9
soundalias,#vox_shaw_kill_streak_plr_3_0
soundalias,#vox_shaw_kill_streak_plr_3_1
soundalias,#vox_shaw_kill_streak_plr_3_2
soundalias,#vox_shaw_kill_streak_plr_3_3
soundalias,#vox_shaw_kill_streak_plr_3_4
soundalias,#hash_25db697922ee278
soundalias,#vox_garden_enter_plr_10_0
soundalias,#hash_267b015a23e5e46
soundalias,#wpn_hammer_melee_impact_victim
soundalias,#vox_box_pistol_plr_9_0
soundalias,#vox_box_pistol_plr_9_1
soundalias,#vox_box_pistol_plr_9_2
soundalias,#vox_box_pistol_plr_9_3
soundalias,#vox_box_pistol_plr_9_4
soundalias,#dst_palet_wood
soundalias,#wpn_scepter_revive
soundalias,#hash_29e82dd4a445c8a
soundalias,#vox_knight_trap_kill_plr_11_0
soundalias,#vox_knight_trap_kill_plr_11_1
soundalias,#fly_melee_imp_galva_npc_riot
soundalias,#hash_2bb4a8b02a0d697
soundalias,#fly_step_sprint_zdog_metalcatwalk
soundalias,#aml_dog_idle_look
soundalias,#vox_kill_wonder_plr_12_4
soundalias,#vox_kill_wonder_plr_12_1
soundalias,#vox_kill_wonder_plr_12_0
soundalias,#vox_kill_wonder_plr_12_3
soundalias,#vox_kill_wonder_plr_12_2
soundalias,#zmb_ghost_appear_swt
soundalias,#fly_step_crouch_run_zdog_bark
soundalias,#vox_vomit_knife_attack_plr_3_3
soundalias,#vox_vomit_knife_attack_plr_3_2
soundalias,#vox_vomit_knife_attack_plr_3_1
soundalias,#vox_vomit_knife_attack_plr_3_0
soundalias,#vox_vomit_knife_attack_plr_3_4
soundalias,#vox_cargo_hold_enter_plr_1_0
soundalias,#aml_dog_run_gear_enemyteam
soundalias,#vox_crawler_los_plr_1_4
soundalias,#vox_crawler_los_plr_1_5
soundalias,#vox_crawler_los_plr_1_2
soundalias,#vox_crawler_los_plr_1_3
soundalias,#vox_crawler_los_plr_1_0
soundalias,#vox_crawler_los_plr_1_1
soundalias,#dst_cover_concrete
soundalias,#wpn_dragon_fire_lvl1_npc_lfe
soundalias,#zmb_hellhound_prespawn_lfe
soundalias,#vox_decay_gas_react_plr_2_4
soundalias,#vox_decay_gas_react_plr_2_2
soundalias,#vox_decay_gas_react_plr_2_3
soundalias,#vox_decay_gas_react_plr_2_0
soundalias,#vox_decay_gas_react_plr_2_1
soundalias,#zmb_prima_base_start
soundalias,#veh_wasp_wall_imp
soundalias,#vox_kill_explo_plr_12_4
soundalias,#vox_kill_explo_plr_12_0
soundalias,#vox_kill_explo_plr_12_1
soundalias,#vox_kill_explo_plr_12_2
soundalias,#vox_kill_explo_plr_12_3
soundalias,#vox_werewolf_react_first_plr_12_1
soundalias,#vox_werewolf_react_first_plr_12_0
soundalias,#vox_revive_dieg_plr_4_4
soundalias,#vox_revive_dieg_plr_4_3
soundalias,#vox_revive_dieg_plr_4_2
soundalias,#vox_revive_dieg_plr_4_1
soundalias,#vox_revive_dieg_plr_4_0
soundalias,#vox_4_banter_brig_guns_plr_10_1
soundalias,#vox_artifact_1_pickup_plr_9_0
soundalias,#vox_blightfather_kill_plr_1_4
soundalias,#vox_blightfather_kill_plr_1_2
soundalias,#vox_blightfather_kill_plr_1_3
soundalias,#vox_blightfather_kill_plr_1_0
soundalias,#vox_blightfather_kill_plr_1_1
soundalias,#vox_box_interact_first_plr_2_0
soundalias,#wpn_chakram_melee_impact_swt
soundalias,#hash_3c3c2809ce13808
soundalias,#zmb_will_box_close
soundalias,#vox_surrounded_oh_shit_plr_4_8
soundalias,#vox_surrounded_oh_shit_plr_4_9
soundalias,#vox_surrounded_oh_shit_plr_4_4
soundalias,#vox_surrounded_oh_shit_plr_4_5
soundalias,#vox_surrounded_oh_shit_plr_4_6
soundalias,#vox_surrounded_oh_shit_plr_4_7
soundalias,#vox_surrounded_oh_shit_plr_4_0
soundalias,#vox_surrounded_oh_shit_plr_4_1
soundalias,#vox_surrounded_oh_shit_plr_4_2
soundalias,#vox_surrounded_oh_shit_plr_4_3
soundalias,#vox_fast_travel_end_plr_1_4
soundalias,#vox_fast_travel_end_plr_1_2
soundalias,#vox_fast_travel_end_plr_1_3
soundalias,#vox_fast_travel_end_plr_1_0
soundalias,#vox_fast_travel_end_plr_1_1
soundalias,#hash_3fe1ae5fd3002be
soundalias,#hash_40cf1d9e31908cc
soundalias,#dst_gas_pipe_lp
soundalias,#vox_plr_12_outro_igc_13_13
soundalias,#vox_scar_surrounded_oh_shit_plr_2_4
soundalias,#vox_scar_surrounded_oh_shit_plr_2_2
soundalias,#vox_scar_surrounded_oh_shit_plr_2_3
soundalias,#vox_scar_surrounded_oh_shit_plr_2_0
soundalias,#vox_scar_surrounded_oh_shit_plr_2_1
soundalias,#vox_chakram_ready_plr_3_0
soundalias,#vox_chakram_ready_plr_3_1
soundalias,#vox_chakram_ready_plr_3_2
soundalias,#vox_plr_ghost_react_plr_11_2
soundalias,#vox_plr_ghost_react_plr_11_0
soundalias,#vox_plr_ghost_react_plr_11_1
soundalias,#fly_melee_swipe_player_knife
soundalias,#vox_pap_pickup_plr_3_5
soundalias,#vox_pap_pickup_plr_3_4
soundalias,#vox_pap_pickup_plr_3_3
soundalias,#vox_pap_pickup_plr_3_2
soundalias,#vox_pap_pickup_plr_3_1
soundalias,#vox_pap_pickup_plr_3_0
soundalias,#vox_guano_pickup_plr_11_0
soundalias,#fly_step_crouch_run_zdog_rock
soundalias,#hash_44f80245c4072de
soundalias,#vox_kill_melee_plr_9_8
soundalias,#vox_kill_melee_plr_9_9
soundalias,#vox_kill_melee_plr_9_2
soundalias,#vox_kill_melee_plr_9_3
soundalias,#vox_kill_melee_plr_9_0
soundalias,#vox_kill_melee_plr_9_1
soundalias,#vox_kill_melee_plr_9_6
soundalias,#vox_kill_melee_plr_9_7
soundalias,#vox_kill_melee_plr_9_4
soundalias,#vox_kill_melee_plr_9_5
soundalias,#hash_4570b02abda4a10
soundalias,#vox_fire_trap_active_plr_12_4
soundalias,#vox_fire_trap_active_plr_12_0
soundalias,#vox_fire_trap_active_plr_12_1
soundalias,#vox_fire_trap_active_plr_12_2
soundalias,#vox_fire_trap_active_plr_12_3
soundalias,#fly_melee_imp_hammer_wood
soundalias,#vox_solo_game_start_plr_4_0
soundalias,#hash_48e1d623c45d8a0
soundalias,#prj_crossbow_impact_asphault
soundalias,#fly_melee_imp_chakram_npc_plastic
soundalias,#vox_catacomb_enter_plr_11_0
soundalias,#phy_street_cone_bounce
soundalias,#vox_door_open_first_plr_3_0
soundalias,#vox_kill_headshot_plr_1_4
soundalias,#vox_kill_headshot_plr_1_5
soundalias,#vox_kill_headshot_plr_1_6
soundalias,#vox_kill_headshot_plr_1_0
soundalias,#vox_kill_headshot_plr_1_1
soundalias,#vox_kill_headshot_plr_1_2
soundalias,#vox_kill_headshot_plr_1_3
soundalias,#vox_scepter_activate_plr_10_4
soundalias,#vox_scepter_activate_plr_10_1
soundalias,#vox_scepter_activate_plr_10_0
soundalias,#vox_scepter_activate_plr_10_3
soundalias,#vox_scepter_activate_plr_10_2
soundalias,#vox_powerup_ammo_plr_4_3
soundalias,#vox_powerup_ammo_plr_4_2
soundalias,#vox_powerup_ammo_plr_4_1
soundalias,#vox_powerup_ammo_plr_4_0
soundalias,#vox_powerup_ammo_plr_4_4
soundalias,#fly_step_sprint_zdog_default
soundalias,#vox_main_hall_enter_plr_11_0
soundalias,#phy_impact_rock_small
soundalias,#vox_ammo_out_plr_3_2
soundalias,#vox_ammo_out_plr_3_3
soundalias,#vox_ammo_out_plr_3_0
soundalias,#vox_ammo_out_plr_3_1
soundalias,#vox_ammo_out_plr_3_4
soundalias,#vox_knight_trap_active_plr_9_3
soundalias,#vox_knight_trap_active_plr_9_2
soundalias,#vox_knight_trap_active_plr_9_1
soundalias,#vox_knight_trap_active_plr_9_0
soundalias,#vox_knight_trap_active_plr_9_4
soundalias,#hash_502c50791bae7fa
soundalias,#hash_505459d5e2f4540
soundalias,#hash_505469d5e2f46f3
soundalias,#hash_505479d5e2f48a6
soundalias,#hash_505489d5e2f4a59
soundalias,#hash_505499d5e2f4c0c
soundalias,#hash_5054a9d5e2f4dbf
soundalias,#hash_5054b9d5e2f4f72
soundalias,#hash_5054c9d5e2f5125
soundalias,#hash_5054f9d5e2f563e
soundalias,#hash_505509d5e2f57f1
soundalias,#zmb_candle_out
soundalias,#vox_radiant_react_plr_1_0
soundalias,#fly_melee_imp_hammer_npc_rock
soundalias,#hash_50f1313faf1255f
soundalias,#vox_hammer_kill_plr_9_4
soundalias,#vox_hammer_kill_plr_9_0
soundalias,#vox_hammer_kill_plr_9_1
soundalias,#vox_hammer_kill_plr_9_2
soundalias,#vox_hammer_kill_plr_9_3
soundalias,#vox_wine_cellar_enter_plr_11_0
soundalias,#vox_pickup_bowie_plr_12_0
soundalias,#wpn_chakram_sheathe_plr
soundalias,#hash_54543fd22a4dca4
soundalias,#zmb_perks_packa_upgrade_short
soundalias,#prj_crossbow_impact_metal_car
soundalias,#phy_impact_glass_flesh
soundalias,#vox_forest_defend_plr_9_0
soundalias,#vox_ammo_low_plr_10_4
soundalias,#vox_ammo_low_plr_10_0
soundalias,#vox_ammo_low_plr_10_1
soundalias,#vox_ammo_low_plr_10_2
soundalias,#vox_ammo_low_plr_10_3
soundalias,#zmb_switch_flip_trap_alarm_reset
soundalias,#vox_plr_12_outro_igc_6_6
soundalias,#vox_4_banter_brun_dieg_plr_3_0
soundalias,#fly_melee_imp_chakram_glass
soundalias,#vox_crossbow_pickup_plr_9_0
soundalias,#mus_homunculus_dance
soundalias,#vox_viper_dragon_activate_plr_1_4
soundalias,#vox_viper_dragon_activate_plr_1_3
soundalias,#vox_viper_dragon_activate_plr_1_2
soundalias,#vox_viper_dragon_activate_plr_1_1
soundalias,#vox_viper_dragon_activate_plr_1_0
soundalias,#vox_powerup_firesale_plr_4_4
soundalias,#vox_powerup_firesale_plr_4_5
soundalias,#vox_powerup_firesale_plr_4_0
soundalias,#vox_powerup_firesale_plr_4_1
soundalias,#vox_powerup_firesale_plr_4_2
soundalias,#vox_powerup_firesale_plr_4_3
soundalias,#hash_5d5ef2b48b533f2
soundalias,#vox_brig_surrounded_oh_shit_plr_12_4
soundalias,#vox_brig_surrounded_oh_shit_plr_12_0
soundalias,#vox_brig_surrounded_oh_shit_plr_12_1
soundalias,#vox_brig_surrounded_oh_shit_plr_12_2
soundalias,#vox_brig_surrounded_oh_shit_plr_12_3
soundalias,#hash_5fc35366ad2b168
soundalias,#hash_5fc36366ad2b31b
soundalias,#hash_5fc37366ad2b4ce
soundalias,#hash_5fc38366ad2b681
soundalias,#hash_5fc3b366ad2bb9a
soundalias,#amb_cemetary_breath
soundalias,#vox_attacked_zombie_plr_9_9
soundalias,#vox_attacked_zombie_plr_9_8
soundalias,#vox_attacked_zombie_plr_9_1
soundalias,#vox_attacked_zombie_plr_9_0
soundalias,#vox_attacked_zombie_plr_9_3
soundalias,#vox_attacked_zombie_plr_9_2
soundalias,#vox_attacked_zombie_plr_9_5
soundalias,#vox_attacked_zombie_plr_9_4
soundalias,#vox_attacked_zombie_plr_9_7
soundalias,#vox_attacked_zombie_plr_9_6
soundalias,#fly_step_crouch_walk_zdog_water
soundalias,#vox_kill_melee_plr_12_8
soundalias,#vox_kill_melee_plr_12_9
soundalias,#vox_kill_melee_plr_12_2
soundalias,#vox_kill_melee_plr_12_3
soundalias,#vox_kill_melee_plr_12_0
soundalias,#vox_kill_melee_plr_12_1
soundalias,#vox_kill_melee_plr_12_6
soundalias,#vox_kill_melee_plr_12_7
soundalias,#vox_kill_melee_plr_12_4
soundalias,#vox_kill_melee_plr_12_5
soundalias,#hash_617afaa1eea4fbe
soundalias,#hash_617b0aa1eea5171
soundalias,#dst_fish_tank
soundalias,#hash_644ccbe0bd198b6
soundalias,#fly_step_walk_werewolf_main
soundalias,#hash_64a25bcbf9d234a
soundalias,#vox_generic_wall_buy_plr_1_0
soundalias,#vox_generic_wall_buy_plr_1_1
soundalias,#vox_generic_wall_buy_plr_1_2
soundalias,#vox_generic_wall_buy_plr_1_3
soundalias,#vox_generic_wall_buy_plr_1_4
soundalias,#vox_generic_wall_buy_plr_1_5
soundalias,#vox_generic_wall_buy_plr_1_6
soundalias,#vox_generic_wall_buy_plr_1_7
soundalias,#vox_generic_wall_buy_plr_1_8
soundalias,#vox_generic_wall_buy_plr_1_9
soundalias,#hash_65e2fba5d5b1bfa
soundalias,#hash_65e30ba5d5b1dad
soundalias,#vox_kill_headshot_plr_11_3
soundalias,#vox_kill_headshot_plr_11_2
soundalias,#vox_kill_headshot_plr_11_1
soundalias,#vox_kill_headshot_plr_11_0
soundalias,#vox_kill_headshot_plr_11_7
soundalias,#vox_kill_headshot_plr_11_6
soundalias,#vox_kill_headshot_plr_11_5
soundalias,#vox_kill_headshot_plr_11_4
soundalias,#vox_kill_headshot_plr_11_9
soundalias,#vox_kill_headshot_plr_11_8
soundalias,#zmb_blocker_door_lp
soundalias,#hash_6664e0b7672935b
soundalias,#vox_treasure_chest_activate_3_plr_3_0
soundalias,#fly_melee_imp_scepter_metal
soundalias,#phy_impact_heavy_metal
soundalias,#vox_1_banter_brun_scar_plr_2_0
soundalias,#vox_headstone_react_first_plr_11_0
soundalias,#vox_secret_chamber_enter_plr_10_2
soundalias,#vox_secret_chamber_enter_plr_10_1
soundalias,#vox_secret_chamber_enter_plr_10_0
soundalias,#hash_69f905729fe97a6
soundalias,#vox_pickup_generic_plr_1_5
soundalias,#vox_pickup_generic_plr_1_4
soundalias,#vox_pickup_generic_plr_1_7
soundalias,#vox_pickup_generic_plr_1_6
soundalias,#vox_pickup_generic_plr_1_1
soundalias,#vox_pickup_generic_plr_1_0
soundalias,#vox_pickup_generic_plr_1_3
soundalias,#vox_pickup_generic_plr_1_2
soundalias,#vox_pickup_generic_plr_1_9
soundalias,#vox_pickup_generic_plr_1_8
soundalias,#wpn_rgun_flux_r_plr
soundalias,#vox_viper_dragon_ready_plr_2_2
soundalias,#vox_viper_dragon_ready_plr_2_0
soundalias,#vox_viper_dragon_ready_plr_2_1
soundalias,#mus_mansion_roundend_special_1_intro
soundalias,#vox_stoker_react_first_plr_3_0
soundalias,#vox_revive_support_dieg_plr_4_4
soundalias,#vox_revive_support_dieg_plr_4_3
soundalias,#vox_revive_support_dieg_plr_4_2
soundalias,#vox_revive_support_dieg_plr_4_1
soundalias,#vox_revive_support_dieg_plr_4_0
soundalias,#vox_box_react_first_plr_11_0
soundalias,#vox_kill_arnie_plr_2_2
soundalias,#vox_kill_arnie_plr_2_3
soundalias,#vox_kill_arnie_plr_2_0
soundalias,#vox_kill_arnie_plr_2_1
soundalias,#vox_kill_arnie_plr_2_4
soundalias,#vox_m_quest_ambient_change_plr_3_1
soundalias,#vox_decay_react_plr_3_0
soundalias,#vox_fire_trap_set_plr_10_0
soundalias,#hash_7241e6a65a1219a
soundalias,#vox_box_sniper_plr_3_4
soundalias,#vox_box_sniper_plr_3_2
soundalias,#vox_box_sniper_plr_3_3
soundalias,#vox_box_sniper_plr_3_0
soundalias,#vox_box_sniper_plr_3_1
soundalias,#hash_73722f29ea1fa41
soundalias,#fly_melee_lunge_player_knife
soundalias,#zmb_vocals_nosferatu_attack_melee
soundalias,#vox_brun_surrounded_oh_shit_plr_4_2
soundalias,#vox_brun_surrounded_oh_shit_plr_4_3
soundalias,#vox_brun_surrounded_oh_shit_plr_4_0
soundalias,#vox_brun_surrounded_oh_shit_plr_4_1
soundalias,#vox_brun_surrounded_oh_shit_plr_4_4
soundalias,#hash_76df1da773d332a
soundalias,#phy_impact_glass_glass
soundalias,#hash_7799f8b5d78f5f3
soundalias,#vox_powerup_double_plr_3_1
soundalias,#vox_powerup_double_plr_3_0
soundalias,#vox_powerup_double_plr_3_3
soundalias,#vox_powerup_double_plr_3_2
soundalias,#vox_powerup_double_plr_3_4
soundalias,#fly_step_walk_zdog_metalhollow
soundalias,#zmb_pap_key_pickup
soundalias,#zmb_zombie_spawn
soundalias,#vox_painting_jump_react_plr_11_0
soundalias,#vox_plasma_react_plr_1_0
soundalias,#vox_decay_gas_react_plr_12_0
soundalias,#hash_7dd1a3c4238150e
soundalias,#vox_hammer_ready_plr_2_2
soundalias,#vox_hammer_ready_plr_2_0
soundalias,#vox_hammer_ready_plr_2_1
soundalias,#vox_kill_wonder_plr_3_1
soundalias,#vox_kill_wonder_plr_3_0
soundalias,#vox_kill_wonder_plr_3_3
soundalias,#vox_kill_wonder_plr_3_2
soundalias,#vox_kill_wonder_plr_3_5
soundalias,#vox_kill_wonder_plr_3_4
soundalias,#vox_kill_wonder_plr_3_7
soundalias,#vox_kill_wonder_plr_3_6
soundalias,#vox_forest_defend_comp_plr_11_0
soundalias,#dst_transformer_lfe
soundalias,#phy_impact_ceramic_nobreak
soundalias,#hash_834baa402567395
soundalias,#zmb_sk_tree_hit_shield
soundalias,#mus_ee_song_intro
soundalias,#vox_knight_trap_react_first_plr_10_0
soundalias,#hash_8466048237a9b25
soundalias,#vox_seer_stone_interact_first_plr_12_0
soundalias,#vox_bowie_kill_plr_10_0
soundalias,#vox_bowie_kill_plr_10_1
soundalias,#vox_bowie_kill_plr_10_2
soundalias,#fly_step_run_zdog_concrete
soundalias,#hash_862c7006c11dfda
soundalias,#vox_powerup_insta_plr_3_3
soundalias,#vox_powerup_insta_plr_3_2
soundalias,#vox_powerup_insta_plr_3_1
soundalias,#vox_powerup_insta_plr_3_0
soundalias,#vox_powerup_insta_plr_3_5
soundalias,#vox_powerup_insta_plr_3_4
soundalias,#hash_868fc0612e15eaf
soundalias,#vox_nosferatu_react_plr_12_0
soundalias,#vox_nosferatu_react_plr_12_1
soundalias,#vox_nosferatu_react_plr_12_2
soundalias,#vox_nosferatu_react_plr_12_3
soundalias,#vox_nosferatu_react_plr_12_4
soundalias,#amb_wolves
soundalias,#vox_hammer_ready_plr_11_0
soundalias,#vox_hammer_ready_plr_11_1
soundalias,#vox_hammer_ready_plr_11_2
soundalias,#vox_water_exit_plr_4_0
soundalias,#vox_water_exit_plr_4_1
soundalias,#hash_895be4ef8fbe6a2
soundalias,#vox_painting_jump_react_plr_9_0
soundalias,#phy_impact_hard_metal
soundalias,#aml_dog_attack_kill_player
soundalias,#hash_8ab7869209609ed
soundalias,#hash_8c2d16ae3726088
soundalias,#hash_8cd5d13ee6542a1
soundalias,#fly_step_sprint_zdog_mud
soundalias,#vox_1_banter_dieg_scar_plr_3_0
soundalias,#hash_8ea83abca0ca591
soundalias,#zmb_step_nosferatu_sprint_wood
soundalias,#zmb_ww_crafting_beam
soundalias,#zmb_hallion_teleport_in
soundalias,#hash_900b484a64f4188
soundalias,#vox_generic_wall_buy_plr_11_9
soundalias,#vox_generic_wall_buy_plr_11_8
soundalias,#vox_generic_wall_buy_plr_11_7
soundalias,#vox_generic_wall_buy_plr_11_6
soundalias,#vox_generic_wall_buy_plr_11_5
soundalias,#vox_generic_wall_buy_plr_11_4
soundalias,#vox_generic_wall_buy_plr_11_3
soundalias,#vox_generic_wall_buy_plr_11_2
soundalias,#vox_generic_wall_buy_plr_11_1
soundalias,#vox_generic_wall_buy_plr_11_0
soundalias,#vox_chakram_kill_mult_plr_11_4
soundalias,#vox_chakram_kill_mult_plr_11_1
soundalias,#vox_chakram_kill_mult_plr_11_0
soundalias,#vox_chakram_kill_mult_plr_11_3
soundalias,#vox_chakram_kill_mult_plr_11_2
soundalias,#hash_93ad4d9fee7c43e
soundalias,#vox_pickup_bowie_plr_2_0
soundalias,#fly_step_prone_zdog_bodyarmor
soundalias,#fly_step_walk_zdog_tallgrass
soundalias,#hash_96c219607ef1355
soundalias,#aml_dog_die_front
soundalias,#fly_step_prone_zdog_foliage
soundalias,#amb_bat_wings_loop_a
soundalias,#vox_distillation_kit_build_plr_1_0
soundalias,#vox_light_beam_aligned_plr_10_0
soundalias,#vox_hammer_level_3_plr_10_2
soundalias,#vox_hammer_level_3_plr_10_0
soundalias,#vox_hammer_level_3_plr_10_1
soundalias,#mus_graveyard_underscore
soundalias,#hash_9d5687b005625fc
soundalias,#vox_gib_zombie_plr_12_0
soundalias,#vox_gib_zombie_plr_12_1
soundalias,#vox_gib_zombie_plr_12_2
soundalias,#vox_gib_zombie_plr_12_3
soundalias,#vox_gib_zombie_plr_12_4
soundalias,#vox_knight_trap_kill_plr_12_0
soundalias,#vox_zombie_react_first_plr_2_0
soundalias,#hash_9fd84825dfde1ed
soundalias,#fly_step_prone_zdog_cloth
soundalias,#vox_druid_arena_enter_plr_12_0
soundalias,#hash_a06cf9bab0e59a3
soundalias,#hash_a0c04af51540f93
soundalias,#hash_a159349dae67566
soundalias,#vox_revive_self_plr_1_1
soundalias,#vox_revive_self_plr_1_0
soundalias,#vox_revive_self_plr_1_2
soundalias,#vox_2_banter_dieg_scar_plr_3_1
soundalias,#fly_melee_imp_scepter_flesh_npc
soundalias,#amb_tree_creak
soundalias,#vox_vomit_knife_attack_plr_2_2
soundalias,#vox_vomit_knife_attack_plr_2_3
soundalias,#vox_vomit_knife_attack_plr_2_0
soundalias,#vox_vomit_knife_attack_plr_2_1
soundalias,#vox_vomit_knife_attack_plr_2_4
soundalias,#vox_cargo_hold_enter_plr_2_0
soundalias,#vox_master_bed_enter_plr_12_0
soundalias,#vox_fish_retrieve_first_plr_2_0
soundalias,#vox_poster_interact_plr_11_0
soundalias,#hash_a76327a96736b88
soundalias,#hash_a76337a96736d3b
soundalias,#hash_a76347a96736eee
soundalias,#hash_a76357a967370a1
soundalias,#wpn_generic_clip_bounce_bark
soundalias,#vox_garden_enter_plr_11_0
soundalias,#prj_crossbow_impact_snow
soundalias,#zmb_combo_case_open
soundalias,#hash_abb6ac9a585eb82
soundalias,#fly_step_sprint_zdog_metalthin
soundalias,#vox_4_banter_brig_guns_plr_11_0
soundalias,#hash_ac4377364008377
soundalias,#hash_ac797287cc9de41
soundalias,#hash_acc7b9dcfa4fc4f
soundalias,#hash_adb785d906289a7
soundalias,#wpn_viper_bite_end
soundalias,#vox_seer_stone_nag_plr_11_0
soundalias,#hash_af8381bb2d0cfc9
soundalias,#hash_af8391bb2d0d17c
soundalias,#hash_af83a1bb2d0d32f
soundalias,#hash_af83b1bb2d0d4e2
soundalias,#hash_af83c1bb2d0d695
soundalias,#vox_werewolf_enemy_enter_plr_9_0
soundalias,#hash_b0d6949e45a919a
soundalias,#wpn_generic_clip_bounce_carpet
soundalias,#wpn_hammer_storm_thunder
soundalias,#zmb_power_seq_4
soundalias,#zmb_power_seq_1
soundalias,#zmb_power_seq_3
soundalias,#zmb_power_seq_2
soundalias,#vox_dining_room_enter_plr_11_0
soundalias,#hash_b54330fb35d21ec
soundalias,#hash_b54340fb35d239f
soundalias,#vox_main_hall_enter_plr_12_0
soundalias,#hash_b5f19e691cc0f0f
soundalias,#vox_ammo_out_plr_4_1
soundalias,#vox_ammo_out_plr_4_0
soundalias,#vox_ammo_out_plr_4_3
soundalias,#vox_ammo_out_plr_4_2
soundalias,#vox_ammo_out_plr_4_4
soundalias,#vox_shoot_pool_interact_plr_10_0
soundalias,#hash_b73b2f07dead44c
soundalias,#hash_b75c49e9dcc7900
soundalias,#vox_radiant_react_plr_2_0
soundalias,#vox_pap_pickup_plr_2_4
soundalias,#vox_pap_pickup_plr_2_2
soundalias,#vox_pap_pickup_plr_2_3
soundalias,#vox_pap_pickup_plr_2_0
soundalias,#vox_pap_pickup_plr_2_1
soundalias,#hash_b94435b24bcdaf7
soundalias,#vox_guano_pickup_plr_10_0
soundalias,#hash_b9e5c0f0c4b51ec
soundalias,#prj_crossbow_impact_metal_hollow
soundalias,#vox_blightfather_react_first_plr_2_0
soundalias,#hash_bbeb6a0420a769e
soundalias,#wpn_generic_clip_bounce_fruit
soundalias,#vox_fire_trap_active_plr_11_3
soundalias,#vox_fire_trap_active_plr_11_2
soundalias,#vox_fire_trap_active_plr_11_1
soundalias,#vox_fire_trap_active_plr_11_0
soundalias,#vox_fire_trap_active_plr_11_4
soundalias,#hash_bc551f958b18108
soundalias,#vox_perk_generic_plr_9_9
soundalias,#vox_perk_generic_plr_9_8
soundalias,#vox_perk_generic_plr_9_5
soundalias,#vox_perk_generic_plr_9_4
soundalias,#vox_perk_generic_plr_9_7
soundalias,#vox_perk_generic_plr_9_6
soundalias,#vox_perk_generic_plr_9_1
soundalias,#vox_perk_generic_plr_9_0
soundalias,#vox_perk_generic_plr_9_3
soundalias,#vox_perk_generic_plr_9_2
soundalias,#vox_dining_hall_enter_plr_4_0
soundalias,#dst_hydrant_destroyed
soundalias,#hash_bdb30092e9dc406
soundalias,#prj_crossbow_impact_metal_thin
soundalias,#vox_kill_revenge_plr_3_8
soundalias,#vox_kill_revenge_plr_3_9
soundalias,#vox_kill_revenge_plr_3_6
soundalias,#vox_kill_revenge_plr_3_7
soundalias,#vox_kill_revenge_plr_3_4
soundalias,#vox_kill_revenge_plr_3_5
soundalias,#vox_kill_revenge_plr_3_2
soundalias,#vox_kill_revenge_plr_3_3
soundalias,#vox_kill_revenge_plr_3_0
soundalias,#vox_kill_revenge_plr_3_1
soundalias,#hash_be99d3c33678efa
soundalias,#hash_bed745bc0187b9d
soundalias,#vox_catacomb_enter_plr_10_0
soundalias,#hash_c0b282721028b7f
soundalias,#fly_step_crouch_run_zdog_flesh
soundalias,#vox_dieg_kill_headshot_plr_2_4
soundalias,#vox_dieg_kill_headshot_plr_2_1
soundalias,#vox_dieg_kill_headshot_plr_2_0
soundalias,#vox_dieg_kill_headshot_plr_2_3
soundalias,#vox_dieg_kill_headshot_plr_2_2
soundalias,#hash_c22b771ecbf8bb6
soundalias,#hash_c27975b04cf4e48
soundalias,#phy_canteen_bounce
soundalias,#hash_c3c497c80eba90e
soundalias,#fly_step_sprint_zdog_watershallow
soundalias,#hash_c4d4ad89ff2ee73
soundalias,#vox_altar_interact_first_plr_3_0
soundalias,#wpn_dragon_flux_npc_r
soundalias,#wpn_dragon_flux_npc_l
soundalias,#fly_step_crouch_walk_zdog_metalhollow
soundalias,#vox_painting_interact_first_plr_11_2
soundalias,#vox_painting_interact_first_plr_11_0
soundalias,#vox_painting_interact_first_plr_11_1
soundalias,#vox_pickup_bowie_plr_11_0
soundalias,#hash_c8be5b775b7ca39
soundalias,#hash_c9ac443532e923d
soundalias,#hash_cb0dc750cf3d9c9
soundalias,#mus_quest_3_intro
soundalias,#fly_step_run_werewolf_dirt
soundalias,#vox_plr_12_outro_igc_7_7
soundalias,#vox_billiards_room_enter_plr_9_0
soundalias,#vox_plr_1_outro_igc_12_12
soundalias,#vox_kill_headshot_plr_2_3
soundalias,#vox_kill_headshot_plr_2_2
soundalias,#vox_kill_headshot_plr_2_1
soundalias,#vox_kill_headshot_plr_2_0
soundalias,#vox_kill_headshot_plr_2_7
soundalias,#vox_kill_headshot_plr_2_6
soundalias,#vox_kill_headshot_plr_2_5
soundalias,#vox_kill_headshot_plr_2_4
soundalias,#vox_kill_headshot_plr_2_9
soundalias,#vox_kill_headshot_plr_2_8
soundalias,#vox_scepter_activate_plr_11_4
soundalias,#vox_scepter_activate_plr_11_0
soundalias,#vox_scepter_activate_plr_11_1
soundalias,#vox_scepter_activate_plr_11_2
soundalias,#vox_scepter_activate_plr_11_3
soundalias,#phy_impact_wood_foliage
soundalias,#vox_silver_bullets_kill_plr_9_1
soundalias,#vox_silver_bullets_kill_plr_9_0
soundalias,#vox_silver_bullets_kill_plr_9_3
soundalias,#vox_silver_bullets_kill_plr_9_2
soundalias,#vox_silver_bullets_kill_plr_9_4
soundalias,#vox_5_banter_scar_shaw_plr_1_0
soundalias,#hash_d0ee848487e6e89
soundalias,#wpn_scepter_first_raise_lvl3_npc
soundalias,#prj_crossbow_impact_canvas
soundalias,#wpn_viper_melee_retract_double_plr
soundalias,#zmb_step_nosferatu_run_wood
soundalias,#hash_d5dd6efff968f2c
soundalias,#hash_d6ddafd271f8ff9
soundalias,#aml_dog_bark_mid
soundalias,#hash_d705a0e5a2a79d2
soundalias,#hash_d7858da53c9180e
soundalias,#hash_d7b3ddfb651bb75
soundalias,#vox_decay_react_plr_2_0
soundalias,#amb_cemetary_chimes
soundalias,#hash_d9a98fc554f1a7b
soundalias,#vox_generic_wall_buy_plr_2_7
soundalias,#vox_generic_wall_buy_plr_2_6
soundalias,#vox_generic_wall_buy_plr_2_5
soundalias,#vox_generic_wall_buy_plr_2_4
soundalias,#vox_generic_wall_buy_plr_2_3
soundalias,#vox_generic_wall_buy_plr_2_2
soundalias,#vox_generic_wall_buy_plr_2_1
soundalias,#vox_generic_wall_buy_plr_2_0
soundalias,#vox_generic_wall_buy_plr_2_8
soundalias,#hash_db54c67c5697558
soundalias,#hash_dc234a0880dd59b
soundalias,#hash_dc5a87ff79146e2
soundalias,#vox_box_move_plr_2_4
soundalias,#vox_box_move_plr_2_1
soundalias,#vox_box_move_plr_2_0
soundalias,#vox_box_move_plr_2_3
soundalias,#vox_box_move_plr_2_2
soundalias,#hash_de73182f138b62c
soundalias,#vox_secret_chamber_enter_plr_11_2
soundalias,#vox_secret_chamber_enter_plr_11_0
soundalias,#vox_secret_chamber_enter_plr_11_1
soundalias,#zmb_blocker_debris_escape_lp
soundalias,#vox_radiant_scream_react_plr_9_0
soundalias,#vox_kill_explo_plr_11_3
soundalias,#vox_kill_explo_plr_11_2
soundalias,#vox_kill_explo_plr_11_1
soundalias,#vox_kill_explo_plr_11_0
soundalias,#vox_kill_explo_plr_11_4
soundalias,#hash_e0f3975083de6e7
soundalias,#hash_e0f3a75083de89a
soundalias,#hash_e0f3b75083dea4d
soundalias,#hash_e1ac3a86a1144fc
soundalias,#vox_brig_surrounded_oh_shit_plr_11_3
soundalias,#vox_brig_surrounded_oh_shit_plr_11_2
soundalias,#vox_brig_surrounded_oh_shit_plr_11_1
soundalias,#vox_brig_surrounded_oh_shit_plr_11_0
soundalias,#vox_brig_surrounded_oh_shit_plr_11_4
soundalias,#zmb_sentinel_artifact_charged_lp
soundalias,#wpn_generic_clip_bounce_plastic
soundalias,#wpn_generic_clip_bounce_plaster
soundalias,#vox_box_launcher_plr_4_4
soundalias,#vox_box_launcher_plr_4_0
soundalias,#vox_box_launcher_plr_4_1
soundalias,#vox_box_launcher_plr_4_2
soundalias,#vox_box_launcher_plr_4_3
soundalias,#vox_m_quest_ambient_change_plr_2_2
soundalias,#vox_forest_door_unlock_plr_12_0
soundalias,#hash_e5d1a437e61654e
soundalias,#hash_e5d51e5ce3b0e0d
soundalias,#vox_box_interact_first_plr_3_0
soundalias,#vox_seer_stone_nag_plr_9_0
soundalias,#vox_kill_wonder_plr_2_8
soundalias,#vox_kill_wonder_plr_2_0
soundalias,#vox_kill_wonder_plr_2_1
soundalias,#vox_kill_wonder_plr_2_2
soundalias,#vox_kill_wonder_plr_2_3
soundalias,#vox_kill_wonder_plr_2_4
soundalias,#vox_kill_wonder_plr_2_5
soundalias,#vox_kill_wonder_plr_2_6
soundalias,#vox_kill_wonder_plr_2_7
soundalias,#hash_e89aba89ed03576
soundalias,#wpn_chakram_projectile_throw_plr
soundalias,#zmb_crypt_burst_start
soundalias,#zmb_bat_atk_whoosh
soundalias,#hash_ec7ae88a4150a0c
soundalias,#vox_cemetary_defend_comp_plr_12_0
soundalias,#fly_step_sprint_zdog_cushion
soundalias,#hash_efebad6d51dae78
soundalias,#vox_elixir_drink_plr_10_9
soundalias,#vox_elixir_drink_plr_10_8
soundalias,#vox_elixir_drink_plr_10_1
soundalias,#vox_elixir_drink_plr_10_0
soundalias,#vox_elixir_drink_plr_10_3
soundalias,#vox_elixir_drink_plr_10_2
soundalias,#vox_elixir_drink_plr_10_5
soundalias,#vox_elixir_drink_plr_10_4
soundalias,#vox_elixir_drink_plr_10_7
soundalias,#vox_elixir_drink_plr_10_6
soundalias,#vox_painting_jump_react_plr_10_0
soundalias,#vox_atlas_stat_collapse_plr_9_0
soundalias,#hash_f2ae6581a9a552c
soundalias,#vox_box_shotgun_plr_9_4
soundalias,#vox_box_shotgun_plr_9_1
soundalias,#vox_box_shotgun_plr_9_0
soundalias,#vox_box_shotgun_plr_9_3
soundalias,#vox_box_shotgun_plr_9_2
soundalias,#hash_f32d9de6827bf7d
soundalias,#hash_f3381b0fc0a1512
soundalias,#hash_f47b764e5cee01c
soundalias,#vox_scepter_kill_plr_12_2
soundalias,#vox_scepter_kill_plr_12_3
soundalias,#vox_scepter_kill_plr_12_0
soundalias,#vox_scepter_kill_plr_12_1
soundalias,#vox_scepter_kill_plr_12_4
soundalias,#zmb_hallion_teleport_out
soundalias,#hash_f5ac7636d0b5dc6
soundalias,#vox_scepter_ready_0_plr_12_0
soundalias,#vox_door_open_first_plr_2_0
soundalias,#hash_f7993813b9abd08
soundalias,#vox_guns_kill_headshot_plr_12_2
soundalias,#vox_guns_kill_headshot_plr_12_3
soundalias,#vox_guns_kill_headshot_plr_12_0
soundalias,#vox_guns_kill_headshot_plr_12_1
soundalias,#vox_guns_kill_headshot_plr_12_4
soundalias,#vox_brun_surrounded_oh_shit_plr_3_1
soundalias,#vox_brun_surrounded_oh_shit_plr_3_0
soundalias,#vox_brun_surrounded_oh_shit_plr_3_2
soundalias,#vox_brun_surrounded_oh_shit_plr_3_5
soundalias,#vox_brun_surrounded_oh_shit_plr_3_4
soundalias,#wpn_ray_reload_open
soundalias,#vox_5_banter_dieg_scar_plr_3_1
soundalias,#vox_powerup_insta_plr_2_2
soundalias,#vox_powerup_insta_plr_2_3
soundalias,#vox_powerup_insta_plr_2_0
soundalias,#vox_powerup_insta_plr_2_1
soundalias,#vox_powerup_insta_plr_2_4
soundalias,#vox_powerup_insta_plr_2_5
soundalias,#hash_fc3cb1401959607
soundalias,#fly_step_run_zdog_carpet
soundalias,#fly_step_run_zdog_metal
soundalias,#vox_forest_defend_plr_10_0
soundalias,#vox_2_banter_scar_shaw_plr_4_0
soundalias,#hash_fe9819f9d2ed9b7
soundalias,#vox_1_banter_brun_dieg_plr_3_0
soundalias,#vox_viper_dragon_activate_plr_12_1
soundalias,#vox_viper_dragon_activate_plr_12_0
soundalias,#vox_viper_dragon_activate_plr_12_3
soundalias,#vox_viper_dragon_activate_plr_12_2
soundalias,#pfx_water_runoff
soundalias,#hash_1017551af340e856
soundalias,#hash_1017561af340ea09
soundalias,#hash_102b39edce79ef69
soundalias,#hash_10335b450c3f5187
soundalias,#fly_step_crouch_run_zdog_brick
soundalias,#vox_knight_trap_react_first_plr_11_0
soundalias,#fly_step_crouch_run_zdog_asphalt
soundalias,#wpn_ray_1straise
soundalias,#prj_crossbow_impact_bottle
soundalias,#vox_full_moon_react_first_plr_12_0
soundalias,#vox_chakram_activate_plr_1_2
soundalias,#vox_chakram_activate_plr_1_3
soundalias,#vox_chakram_activate_plr_1_0
soundalias,#vox_chakram_activate_plr_1_1
soundalias,#vox_chakram_activate_plr_1_4
soundalias,#vox_pickup_bowie_plr_3_0
soundalias,#hash_109cfe35ce0806f5
soundalias,#zmb_perks_packa_loop
soundalias,#vox_plasma_detonation_react_plr_12_0
soundalias,#wpn_dragon_fire_npc_decay
soundalias,#vox_water_exit_plr_3_1
soundalias,#vox_water_exit_plr_3_0
soundalias,#hash_10ca256bd3dd4228
soundalias,#hash_10ca266bd3dd43db
soundalias,#hash_10ca276bd3dd458e
soundalias,#hash_10cdee9634de107f
soundalias,#hash_10d40f692510bd42
soundalias,#vox_fast_travel_end_plr_11_1
soundalias,#vox_fast_travel_end_plr_11_0
soundalias,#vox_fast_travel_end_plr_11_3
soundalias,#vox_fast_travel_end_plr_11_2
soundalias,#vox_fast_travel_end_plr_11_4
soundalias,#vox_fish_retrieve_first_plr_1_0
soundalias,#hash_10fca2f4c8c19081
soundalias,#fly_melee_imp_hammer_npc
soundalias,#hash_1109299fba72dc62
soundalias,#vox_kill_headshot_plr_10_8
soundalias,#vox_kill_headshot_plr_10_9
soundalias,#vox_kill_headshot_plr_10_2
soundalias,#vox_kill_headshot_plr_10_3
soundalias,#vox_kill_headshot_plr_10_0
soundalias,#vox_kill_headshot_plr_10_1
soundalias,#vox_kill_headshot_plr_10_6
soundalias,#vox_kill_headshot_plr_10_7
soundalias,#vox_kill_headshot_plr_10_4
soundalias,#vox_kill_headshot_plr_10_5
soundalias,#wpn_hammer_first_raise_lvl3_npc
soundalias,#vox_sentinel_key_plr_9_0
soundalias,#vox_ammo_low_plr_4_4
soundalias,#vox_ammo_low_plr_4_3
soundalias,#vox_ammo_low_plr_4_2
soundalias,#vox_ammo_low_plr_4_1
soundalias,#vox_ammo_low_plr_4_0
soundalias,#vox_ghost_react_first_plr_10_2
soundalias,#vox_ghost_react_first_plr_10_1
soundalias,#vox_ghost_react_first_plr_10_0
soundalias,#wpn_viper_bite_lp
soundalias,#vox_viper_kill_plr_9_4
soundalias,#vox_viper_kill_plr_9_0
soundalias,#vox_viper_kill_plr_9_1
soundalias,#vox_viper_kill_plr_9_2
soundalias,#vox_viper_kill_plr_9_3
soundalias,#hash_1180478fc140ce49
soundalias,#prj_crossbow_impact_wood
soundalias,#vox_stone_symbol_destroy_plr_11_0
soundalias,#hash_11855496f2ae0456
soundalias,#vox_box_react_first_plr_12_0
soundalias,#hash_119298d87f8bb92f
soundalias,#hash_11a6cf7d509efa1c
soundalias,#hash_11a7f1d08f9789a1
soundalias,#hash_11c00751543070b6
soundalias,#vox_shaw_kill_streak_plr_1_4
soundalias,#vox_shaw_kill_streak_plr_1_5
soundalias,#vox_shaw_kill_streak_plr_1_2
soundalias,#vox_shaw_kill_streak_plr_1_3
soundalias,#vox_shaw_kill_streak_plr_1_0
soundalias,#vox_shaw_kill_streak_plr_1_1
soundalias,#hash_11ce690134238db7
soundalias,#hash_11efd6a77729cc77
soundalias,#wpn_rgun_exp
soundalias,#hash_11f01ed4b7074670
soundalias,#hash_11f6efb8bc952af8
soundalias,#hash_11f6f0b8bc952cab
soundalias,#hash_11f6f1b8bc952e5e
soundalias,#hash_11f6f2b8bc953011
soundalias,#hash_11f6f6b8bc9536dd
soundalias,#wpn_chakram_melee_impact_victim
soundalias,#hash_121b38873eb62fd2
soundalias,#hash_1227666e11ddb279
soundalias,#vox_powerup_double_plr_2_0
soundalias,#vox_powerup_double_plr_2_1
soundalias,#vox_powerup_double_plr_2_2
soundalias,#vox_powerup_double_plr_2_3
soundalias,#vox_powerup_double_plr_2_4
soundalias,#vox_powerup_double_plr_2_5
soundalias,#vox_blightfather_react_first_plr_3_0
soundalias,#vox_wonder_prima_materia_plr_12_0
soundalias,#vox_druid_arena_enter_plr_9_0
soundalias,#hash_1242b922246a776b
soundalias,#vox_pap_wait_plr_4_4
soundalias,#vox_pap_wait_plr_4_3
soundalias,#vox_pap_wait_plr_4_2
soundalias,#vox_pap_wait_plr_4_1
soundalias,#vox_pap_wait_plr_4_0
soundalias,#vox_fireplace_change_react_plr_9_0
soundalias,#zmb_vocals_zombie_behind
soundalias,#fly_step_prone_zdog_bark
soundalias,#wpn_chakram_projectile_catch_npc
soundalias,#vox_box_pistol_plr_4_4
soundalias,#vox_box_pistol_plr_4_1
soundalias,#vox_box_pistol_plr_4_0
soundalias,#vox_box_pistol_plr_4_3
soundalias,#vox_box_pistol_plr_4_2
soundalias,#wpn_generic_wpn_bounce_sand
soundalias,#hash_1280df27240be0b4
soundalias,#vox_dining_room_enter_plr_12_0
soundalias,#vox_revive_support_shaw_plr_2_4
soundalias,#vox_revive_support_shaw_plr_2_1
soundalias,#vox_revive_support_shaw_plr_2_0
soundalias,#vox_revive_support_shaw_plr_2_3
soundalias,#vox_revive_support_shaw_plr_2_2
soundalias,#fly_rattle_dishes
soundalias,#hash_129b461df9c99f50
soundalias,#vox_hammer_level_2_plr_10_1
soundalias,#vox_hammer_level_2_plr_10_0
soundalias,#vox_hammer_level_2_plr_10_2
soundalias,#hash_12add0e6958d5504
soundalias,#hash_12b84642bfd9083b
soundalias,#hash_12b8f2475ec75535
soundalias,#hash_12c1d713dd5a5d68
soundalias,#hash_12c7ff63913e6a34
soundalias,#wpn_scepter_first_raise_lvl3_plr
soundalias,#vox_fireplace_change_react_plr_12_0
soundalias,#vox_ammo_buy_plr_9_0
soundalias,#vox_ammo_buy_plr_9_1
soundalias,#vox_ammo_buy_plr_9_2
soundalias,#hash_12dc4515e217ec24
soundalias,#hash_12dc4615e217edd7
soundalias,#fly_step_crouch_run_zdog_grass
soundalias,#vox_perk_generic_plr_1_10
soundalias,#vox_perk_generic_plr_1_11
soundalias,#vox_nosferatu_react_first_plr_12_0
soundalias,#vox_nosferatu_react_plr_11_4
soundalias,#vox_nosferatu_react_plr_11_3
soundalias,#vox_nosferatu_react_plr_11_2
soundalias,#vox_nosferatu_react_plr_11_1
soundalias,#vox_nosferatu_react_plr_11_0
soundalias,#vox_hammer_ready_plr_12_1
soundalias,#vox_hammer_ready_plr_12_0
soundalias,#fly_step_sprint_zdog_fruit
soundalias,#hash_133795769aa0ab40
soundalias,#hash_1388396573f07918
soundalias,#hash_13883a6573f07acb
soundalias,#hash_13883b6573f07c7e
soundalias,#hash_13883c6573f07e31
soundalias,#hash_13883e6573f08197
soundalias,#hash_138925201f30b1d4
soundalias,#hash_1391fe15abebec10
soundalias,#hash_139abcb82b3ba81a
soundalias,#vox_library_enter_plr_9_0
soundalias,#vox_altar_interact_first_plr_2_0
soundalias,#vox_generic_wall_buy_plr_10_6
soundalias,#vox_generic_wall_buy_plr_10_7
soundalias,#vox_generic_wall_buy_plr_10_4
soundalias,#vox_generic_wall_buy_plr_10_5
soundalias,#vox_generic_wall_buy_plr_10_2
soundalias,#vox_generic_wall_buy_plr_10_3
soundalias,#vox_generic_wall_buy_plr_10_0
soundalias,#vox_generic_wall_buy_plr_10_1
soundalias,#vox_generic_wall_buy_plr_10_8
soundalias,#vox_generic_wall_buy_plr_10_9
soundalias,#hash_13c6910f10c55ebb
soundalias,#vox_chakram_kill_mult_plr_10_4
soundalias,#vox_chakram_kill_mult_plr_10_0
soundalias,#vox_chakram_kill_mult_plr_10_1
soundalias,#vox_chakram_kill_mult_plr_10_2
soundalias,#vox_chakram_kill_mult_plr_10_3
soundalias,#vox_zombie_react_first_plr_3_0
soundalias,#vox_chakram_ready_plr_11_1
soundalias,#vox_chakram_ready_plr_11_0
soundalias,#vox_chakram_ready_plr_11_2
soundalias,#vox_hammer_kill_plr_12_4
soundalias,#vox_hammer_kill_plr_12_0
soundalias,#vox_hammer_kill_plr_12_1
soundalias,#vox_hammer_kill_plr_12_2
soundalias,#vox_hammer_kill_plr_12_3
soundalias,#vox_chakram_activate_plr_11_4
soundalias,#vox_chakram_activate_plr_11_1
soundalias,#vox_chakram_activate_plr_11_0
soundalias,#vox_chakram_activate_plr_11_3
soundalias,#vox_chakram_activate_plr_11_2
soundalias,#fly_step_prone_zdog_fruit
soundalias,#vox_kill_wonder_plr_10_3
soundalias,#vox_kill_wonder_plr_10_2
soundalias,#vox_kill_wonder_plr_10_1
soundalias,#vox_kill_wonder_plr_10_0
soundalias,#vox_kill_wonder_plr_10_4
soundalias,#vox_garden_enter_plr_9_0
soundalias,#prj_crack_raygun_supersonic
soundalias,#hash_141298c68232e698
soundalias,#hash_14129cc68232ed64
soundalias,#hash_14129dc68232ef17
soundalias,#hash_14129ec68232f0ca
soundalias,#hash_14129fc68232f27d
soundalias,#fly_step_crouch_walk_zdog_carpet
soundalias,#fly_mann_limb_bounce_snow
soundalias,#hash_1435d9911065bfc5
soundalias,#hash_14367bddc8694d4f
soundalias,#hash_1448f639d29f413e
soundalias,#wpn_generic_clip_bounce_foliage
soundalias,#vox_3_banter_dieg_scar_plr_3_0
soundalias,#wpn_generic_clip_bounce_metal
soundalias,#vox_engine_room_alarm_plr_3_0
soundalias,#zmb_hellhound_explode_lfe
soundalias,#hash_148814932d9c1702
soundalias,#vox_werewolf_react_first_plr_10_1
soundalias,#vox_werewolf_react_first_plr_10_0
soundalias,#vox_gib_zombie_plr_11_4
soundalias,#vox_gib_zombie_plr_11_3
soundalias,#vox_gib_zombie_plr_11_2
soundalias,#vox_gib_zombie_plr_11_1
soundalias,#vox_gib_zombie_plr_11_0
soundalias,#fly_step_foliage_plr
soundalias,#hash_149dade590373eb4
soundalias,#vox_pickup_bowie_plr_10_0
soundalias,#hash_14ae74d490e3a27d
soundalias,#hash_14ba8c95efd60023
soundalias,#fly_step_sprint_werewolf_wood
soundalias,#vox_stoker_kill_plr_1_4
soundalias,#vox_stoker_kill_plr_1_0
soundalias,#vox_stoker_kill_plr_1_1
soundalias,#vox_stoker_kill_plr_1_2
soundalias,#vox_stoker_kill_plr_1_3
soundalias,#hash_14d36f1bb8bc747e
soundalias,#hash_14d3711bb8bc77e4
soundalias,#hash_14d3721bb8bc7997
soundalias,#hash_14d3731bb8bc7b4a
soundalias,#hash_14d3741bb8bc7cfd
soundalias,#fly_step_run_zdog_plaster
soundalias,#fly_step_run_zdog_plastic
soundalias,#fly_step_run_zdog_sand
soundalias,#vox_wonder_interact_first_plr_12_0
soundalias,#vox_chakram_kill_mult_plr_9_2
soundalias,#vox_chakram_kill_mult_plr_9_3
soundalias,#vox_chakram_kill_mult_plr_9_0
soundalias,#vox_chakram_kill_mult_plr_9_1
soundalias,#vox_chakram_kill_mult_plr_9_4
soundalias,#vox_cargo_hold_enter_plr_3_0
soundalias,#amb_outdoor_blend
soundalias,#vox_box_move_plr_3_4
soundalias,#vox_box_move_plr_3_5
soundalias,#vox_box_move_plr_3_0
soundalias,#vox_box_move_plr_3_1
soundalias,#vox_box_move_plr_3_2
soundalias,#wpn_hammer_bolt_lp
soundalias,#zmb_box_weapon_spin
soundalias,#zmb_vocals_nosferatu_pain
soundalias,#hash_1555e7c9f5c441db
soundalias,#vox_chakram_ready_plr_1_2
soundalias,#vox_chakram_ready_plr_1_0
soundalias,#vox_chakram_ready_plr_1_1
soundalias,#wpn_hammer_storm_end
soundalias,#vox_3_banter_dieg_shaw_plr_4_1
soundalias,#hash_158a3cb40bd7d97f
soundalias,#vox_fire_trap_active_plr_10_2
soundalias,#vox_fire_trap_active_plr_10_3
soundalias,#vox_fire_trap_active_plr_10_0
soundalias,#vox_fire_trap_active_plr_10_1
soundalias,#vox_fire_trap_active_plr_10_4
soundalias,#fly_step_sprint_zdog_wood
soundalias,#fly_step_wood_door_debris_plr
soundalias,#zmb_crafting_fail
soundalias,#vox_nosferatu_react_plr_9_0
soundalias,#vox_nosferatu_react_plr_9_1
soundalias,#vox_nosferatu_react_plr_9_2
soundalias,#vox_nosferatu_react_plr_9_3
soundalias,#vox_nosferatu_react_plr_9_4
soundalias,#fly_melee_imp_galva_metal
soundalias,#fly_melee_imp_chakram_npc
soundalias,#vox_elixir_drink_plr_4_8
soundalias,#vox_elixir_drink_plr_4_9
soundalias,#vox_elixir_drink_plr_4_4
soundalias,#vox_elixir_drink_plr_4_5
soundalias,#vox_elixir_drink_plr_4_6
soundalias,#vox_elixir_drink_plr_4_7
soundalias,#vox_elixir_drink_plr_4_0
soundalias,#vox_elixir_drink_plr_4_1
soundalias,#vox_elixir_drink_plr_4_2
soundalias,#vox_elixir_drink_plr_4_3
soundalias,#zmb_bat_transform
soundalias,#zmb_zombie_head_gib
soundalias,#fly_step_crouch_walk_zdog_metalcar
soundalias,#vox_kill_explo_plr_10_2
soundalias,#vox_kill_explo_plr_10_3
soundalias,#vox_kill_explo_plr_10_0
soundalias,#vox_kill_explo_plr_10_1
soundalias,#vox_kill_explo_plr_10_4
soundalias,#vox_radiant_react_plr_3_0
soundalias,#vox_blightfather_weak_points_plr_4_1
soundalias,#vox_blightfather_weak_points_plr_4_0
soundalias,#vox_blightfather_weak_points_plr_4_2
soundalias,#hash_164524f657045498
soundalias,#wpn_generic_wpn_bounce_gravel
soundalias,#vox_elixir_drink_plr_11_0
soundalias,#vox_elixir_drink_plr_11_1
soundalias,#vox_elixir_drink_plr_11_2
soundalias,#vox_elixir_drink_plr_11_3
soundalias,#vox_elixir_drink_plr_11_4
soundalias,#vox_elixir_drink_plr_11_5
soundalias,#vox_elixir_drink_plr_11_6
soundalias,#vox_elixir_drink_plr_11_7
soundalias,#vox_elixir_drink_plr_11_8
soundalias,#vox_elixir_drink_plr_11_9
soundalias,#vox_revive_scar_plr_2_4
soundalias,#vox_revive_scar_plr_2_3
soundalias,#vox_revive_scar_plr_2_2
soundalias,#vox_revive_scar_plr_2_1
soundalias,#vox_revive_scar_plr_2_0
soundalias,#hash_165f79e16f9425b0
soundalias,#fly_melee_imp_hammer_zm
soundalias,#hash_166b8d190d36921f
soundalias,#wpn_chakram_melee_impact_swt_plr
soundalias,#vox_altar_activate_generic_plr_4_0
soundalias,#vox_altar_activate_generic_plr_4_1
soundalias,#vox_altar_activate_generic_plr_4_2
soundalias,#vox_pap_activate_plr_2_0
soundalias,#fly_step_walk_zdog_dirt
soundalias,#wpn_generic_clip_bounce_mud
soundalias,#fly_step_run_zdog_wood
soundalias,#vox_3_banter_brig_guns_plr_11_0
soundalias,#hash_16b131f253cef04e
soundalias,#vox_scar_kill_headshot_plr_2_3
soundalias,#vox_scar_kill_headshot_plr_2_2
soundalias,#vox_scar_kill_headshot_plr_2_1
soundalias,#vox_scar_kill_headshot_plr_2_0
soundalias,#vox_scar_kill_headshot_plr_2_4
soundalias,#hash_16c30790b38cd2c5
soundalias,#wpn_generic_wpn_bounce_flesh
soundalias,#fly_step_run_zdog_glass
soundalias,#fly_step_prone_zdog_brick
soundalias,#hash_16efe319c389a618
soundalias,#hash_16fcfe9abf1617bc
soundalias,#vox_plasma_detonation_react_plr_4_2
soundalias,#vox_plasma_detonation_react_plr_4_3
soundalias,#vox_plasma_detonation_react_plr_4_0
soundalias,#vox_plasma_detonation_react_plr_4_1
soundalias,#vox_plasma_detonation_react_plr_4_4
soundalias,#wpn_electric_trap_sparks_fx
soundalias,#hash_170aa1970243fc4a
soundalias,#fly_step_run_zdog_metalhollow
soundalias,#hash_1734ee34b49eddb4
soundalias,#vox_1_banter_brun_dieg_plr_2_1
soundalias,#vox_box_wonder_plr_1_0
soundalias,#vox_box_wonder_plr_1_1
soundalias,#vox_box_wonder_plr_1_2
soundalias,#vox_plasma_react_plr_3_0
soundalias,#fly_dog_step_snow
soundalias,#zmb_weap_wall
soundalias,#vox_hammer_ready_plr_4_0
soundalias,#vox_hammer_ready_plr_4_1
soundalias,#vox_hammer_ready_plr_4_2
soundalias,#vox_hammer_ready_plr_4_3
soundalias,#vox_hammer_ready_plr_4_4
soundalias,#fly_golden_spork_first_raise
soundalias,#vox_ammo_low_plr_12_2
soundalias,#vox_ammo_low_plr_12_3
soundalias,#vox_ammo_low_plr_12_0
soundalias,#vox_ammo_low_plr_12_1
soundalias,#vox_ammo_low_plr_12_4
soundalias,#vox_generic_wall_buy_plr_3_8
soundalias,#vox_generic_wall_buy_plr_3_9
soundalias,#vox_generic_wall_buy_plr_3_6
soundalias,#vox_generic_wall_buy_plr_3_7
soundalias,#vox_generic_wall_buy_plr_3_4
soundalias,#vox_generic_wall_buy_plr_3_5
soundalias,#vox_generic_wall_buy_plr_3_2
soundalias,#vox_generic_wall_buy_plr_3_3
soundalias,#vox_generic_wall_buy_plr_3_0
soundalias,#vox_generic_wall_buy_plr_3_1
soundalias,#wpn_electric_trap_loop
soundalias,#wpn_scepter_plant_activate_npc
soundalias,#hash_179077fe868d9615
soundalias,#wpn_chakram_projectile_catch_plr
soundalias,#vox_kill_headshot_plr_3_8
soundalias,#vox_kill_headshot_plr_3_9
soundalias,#vox_kill_headshot_plr_3_2
soundalias,#vox_kill_headshot_plr_3_3
soundalias,#vox_kill_headshot_plr_3_0
soundalias,#vox_kill_headshot_plr_3_1
soundalias,#vox_kill_headshot_plr_3_6
soundalias,#vox_kill_headshot_plr_3_7
soundalias,#vox_kill_headshot_plr_3_4
soundalias,#vox_kill_headshot_plr_3_5
soundalias,#vox_scepter_activate_plr_12_3
soundalias,#vox_scepter_activate_plr_12_2
soundalias,#vox_scepter_activate_plr_12_1
soundalias,#vox_scepter_activate_plr_12_0
soundalias,#vox_beginner_end_narr_0
soundalias,#vox_beginner_end_narr_1
soundalias,#wpn_generic_wpn_bounce_water
soundalias,#hash_17afe3400fba0855
soundalias,#vox_powerup_ammo_plr_2_1
soundalias,#vox_powerup_ammo_plr_2_0
soundalias,#vox_powerup_ammo_plr_2_3
soundalias,#vox_powerup_ammo_plr_2_2
soundalias,#vox_powerup_ammo_plr_2_4
soundalias,#vox_bowie_kill_plr_12_2
soundalias,#vox_bowie_kill_plr_12_0
soundalias,#vox_bowie_kill_plr_12_1
soundalias,#zmb_blocker_door_purchase_swt
soundalias,#fly_step_glass_npc
soundalias,#hash_17c7895c4b5180ce
soundalias,#vox_pickup_generic_plr_3_3
soundalias,#vox_pickup_generic_plr_3_2
soundalias,#vox_pickup_generic_plr_3_1
soundalias,#vox_pickup_generic_plr_3_0
soundalias,#vox_pickup_generic_plr_3_7
soundalias,#vox_pickup_generic_plr_3_6
soundalias,#vox_pickup_generic_plr_3_5
soundalias,#vox_pickup_generic_plr_3_4
soundalias,#vox_pickup_generic_plr_3_9
soundalias,#vox_pickup_generic_plr_3_8
soundalias,#vox_stone_symbol_destroy_plr_10_0
soundalias,#fly_step_crouch_walk_zdog_dirt
soundalias,#zmb_bat_atk_shot
soundalias,#vox_forest_defend_plr_11_0
soundalias,#hash_18142763381d7f0d
soundalias,#hash_181ce7d5d7a0df99
soundalias,#vox_kill_arnie_plr_4_0
soundalias,#vox_kill_arnie_plr_4_1
soundalias,#vox_kill_arnie_plr_4_2
soundalias,#vox_kill_arnie_plr_4_3
soundalias,#vox_kill_arnie_plr_4_4
soundalias,#hash_182291fd2dc3feee
soundalias,#vox_hammer_level_3_plr_1_0
soundalias,#vox_hammer_level_3_plr_1_1
soundalias,#vox_hammer_level_3_plr_1_2
soundalias,#vox_decay_react_plr_1_0
soundalias,#hash_1842954b617ff408
soundalias,#vox_fire_trap_set_plr_12_0
soundalias,#wpn_viper_melee_impact_victim
soundalias,#hash_188da20dbe3e8664
soundalias,#vox_ghost_react_first_plr_11_2
soundalias,#vox_ghost_react_first_plr_11_0
soundalias,#vox_ghost_react_first_plr_11_1
soundalias,#hash_18a36588aa018841
soundalias,#wpn_homunculus_throw_npc
soundalias,#vox_safe_unlock_plr_4_0
soundalias,#fly_melee_imp_chakram_metal
soundalias,#vox_box_sniper_plr_12_0
soundalias,#vox_box_sniper_plr_12_1
soundalias,#vox_box_sniper_plr_12_2
soundalias,#vox_box_sniper_plr_12_3
soundalias,#vox_box_sniper_plr_12_4
soundalias,#phy_impact_default
soundalias,#hash_18e14ed8834cfd71
soundalias,#vox_m_quest_sentinel_artifact_plr_3_0
soundalias,#vox_observatory_defend_comp_plr_11_0
soundalias,#hash_18f50be3a4e3af84
soundalias,#aml_dog_bark_close
soundalias,#zmb_combo_case_turn
soundalias,#fly_step_werewolf_claw
soundalias,#zmb_pap_key_drawer
soundalias,#hash_1928aef0a03424c0
soundalias,#hash_1928aff0a0342673
soundalias,#vox_dragon_kill_plr_1_1
soundalias,#vox_dragon_kill_plr_1_0
soundalias,#vox_dragon_kill_plr_1_3
soundalias,#vox_dragon_kill_plr_1_2
soundalias,#vox_dragon_kill_plr_1_4
soundalias,#vox_stone_drink_revive_react_plr_9_0
soundalias,#vox_kill_wonder_plr_1_8
soundalias,#vox_kill_wonder_plr_1_7
soundalias,#vox_kill_wonder_plr_1_6
soundalias,#vox_kill_wonder_plr_1_5
soundalias,#vox_kill_wonder_plr_1_4
soundalias,#vox_kill_wonder_plr_1_3
soundalias,#vox_kill_wonder_plr_1_2
soundalias,#vox_kill_wonder_plr_1_1
soundalias,#vox_kill_wonder_plr_1_0
soundalias,#wpn_viper_melee_retract_npc
soundalias,#zmb_perks_packa_ticktock
soundalias,#fly_step_crouch_run_zdog_metalcatcrouch_run
soundalias,#vox_scepter_ready_plr_4_2
soundalias,#vox_scepter_ready_plr_4_0
soundalias,#vox_scepter_ready_plr_4_1
soundalias,#prj_crossbow_impact_sandbag
soundalias,#hash_19747e2d7eb769c0
soundalias,#vox_powerup_double_plr_1_4
soundalias,#vox_powerup_double_plr_1_3
soundalias,#vox_powerup_double_plr_1_2
soundalias,#vox_powerup_double_plr_1_1
soundalias,#vox_powerup_double_plr_1_0
soundalias,#wpn_hammer_slam_npc
soundalias,#hash_1988d42c4f4e3682
soundalias,#vox_cemetary_defend_comp_plr_11_0
soundalias,#vox_nosferatu_react_plr_10_4
soundalias,#vox_nosferatu_react_plr_10_2
soundalias,#vox_nosferatu_react_plr_10_3
soundalias,#vox_nosferatu_react_plr_10_0
soundalias,#vox_nosferatu_react_plr_10_1
soundalias,#fly_step_crouch_run_zdog_tallgrass
soundalias,#hash_199ada9e76c36f81
soundalias,#vox_stoker_react_first_plr_1_0
soundalias,#zmb_ooze_clump_1
soundalias,#zmb_ooze_clump_3
soundalias,#zmb_ooze_clump_2
soundalias,#zmb_electrocute_zombie
soundalias,#vox_pap_wait_3_plr_12_0
soundalias,#hash_19d5b0b0d8399dd8
soundalias,#hash_19d5b1b0d8399f8b
soundalias,#hash_19d5b2b0d839a13e
soundalias,#hash_19d5b3b0d839a2f1
soundalias,#hash_19d5b4b0d839a4a4
soundalias,#vox_purity_react_plr_1_0
soundalias,#zmb_step_nosferatu_run_default
soundalias,#hash_19ed206aed1ff005
soundalias,#hash_19f5dd3aa8491df1
soundalias,#prj_crossbow_impact_fruit
soundalias,#hash_1a151f7a7139d7c6
soundalias,#vox_ee_diary_scar_shaw_plr_1_13
soundalias,#vox_ee_diary_scar_shaw_plr_1_11
soundalias,#vox_ee_diary_scar_shaw_plr_1_17
soundalias,#vox_ee_diary_scar_shaw_plr_1_15
soundalias,#vox_light_beam_react_first_plr_11_0
soundalias,#hash_1a447e459e1a1744
soundalias,#hash_1a447f459e1a18f7
soundalias,#hash_1a4480459e1a1aaa
soundalias,#hash_1a44db892b73701b
soundalias,#zmb_clock_progress
soundalias,#fly_mann_limb_bounce_water
soundalias,#dst_water_bottle
soundalias,#fly_step_crouch_run_zdog_carpet
soundalias,#vox_painting_interact_first_plr_9_2
soundalias,#vox_painting_interact_first_plr_9_1
soundalias,#vox_painting_interact_first_plr_9_0
soundalias,#hash_1a78c32ce00170c7
soundalias,#vox_fireworks_react_plr_3_0
soundalias,#hash_1a9f5c7b1d51d62a
soundalias,#vox_fast_travel_end_plr_10_0
soundalias,#vox_fast_travel_end_plr_10_1
soundalias,#vox_fast_travel_end_plr_10_2
soundalias,#vox_fast_travel_end_plr_10_3
soundalias,#vox_fast_travel_end_plr_10_4
soundalias,#vox_solo_end_round1_plr_2_0
soundalias,#vox_hammer_level_2_plr_11_0
soundalias,#vox_hammer_level_2_plr_11_1
soundalias,#vox_hammer_level_2_plr_11_2
soundalias,#hash_1ad83b2022f29936
soundalias,#vox_shoot_pool_interact_plr_12_0
soundalias,#vox_gib_zombie_plr_10_4
soundalias,#vox_gib_zombie_plr_10_2
soundalias,#vox_gib_zombie_plr_10_3
soundalias,#vox_gib_zombie_plr_10_0
soundalias,#vox_gib_zombie_plr_10_1
soundalias,#hash_1b11d1ef3d03d5f8
soundalias,#hash_1b15ab0f14874ce9
soundalias,#fly_step_run_zdog_bodyarmor
soundalias,#vox_knight_trap_react_first_plr_12_0
soundalias,#vox_telescope_code_confirm_plr_9_0
soundalias,#vox_pickup_rocketshield_plr_9_1
soundalias,#vox_pickup_rocketshield_plr_9_0
soundalias,#vox_pickup_rocketshield_plr_9_2
soundalias,#fly_step_walk_zdog_foliage
soundalias,#vox_hammer_kill_plr_11_3
soundalias,#vox_hammer_kill_plr_11_2
soundalias,#vox_hammer_kill_plr_11_1
soundalias,#vox_hammer_kill_plr_11_0
soundalias,#vox_hammer_kill_plr_11_4
soundalias,#vox_revive_self_plr_3_2
soundalias,#vox_revive_self_plr_3_1
soundalias,#vox_revive_self_plr_3_0
soundalias,#vox_kill_wonder_plr_11_2
soundalias,#vox_kill_wonder_plr_11_3
soundalias,#vox_kill_wonder_plr_11_0
soundalias,#vox_kill_wonder_plr_11_1
soundalias,#vox_kill_wonder_plr_11_4
soundalias,#vox_water_exit_plr_2_0
soundalias,#vox_water_exit_plr_2_1
soundalias,#hash_1b7646cdadf52c4d
soundalias,#fly_step_walk_zdog_glasscar
soundalias,#wpn_generic_wpn_bounce_plaster
soundalias,#vox_vomit_knife_attack_plr_4_0
soundalias,#vox_vomit_knife_attack_plr_4_1
soundalias,#vox_vomit_knife_attack_plr_4_2
soundalias,#vox_vomit_knife_attack_plr_4_3
soundalias,#vox_vomit_knife_attack_plr_4_4
soundalias,#vox_brun_kill_headshot_plr_4_4
soundalias,#vox_brun_kill_headshot_plr_4_3
soundalias,#vox_brun_kill_headshot_plr_4_2
soundalias,#vox_brun_kill_headshot_plr_4_1
soundalias,#vox_brun_kill_headshot_plr_4_0
soundalias,#wpn_scepter_melee_npc
soundalias,#wpn_rgun_fire_npc
soundalias,#wpn_generic_wpn_bounce_plastic
soundalias,#vox_silver_bullets_build_plr_9_0
soundalias,#fly_step_glass_plr
soundalias,#wpn_hammer_bolt_fire
soundalias,#vox_box_pistol_plr_12_0
soundalias,#vox_box_pistol_plr_12_1
soundalias,#vox_box_pistol_plr_12_2
soundalias,#vox_box_pistol_plr_12_3
soundalias,#vox_box_pistol_plr_12_4
soundalias,#vox_pickup_generic_plr_10_5
soundalias,#vox_pickup_generic_plr_10_4
soundalias,#vox_pickup_generic_plr_10_7
soundalias,#vox_pickup_generic_plr_10_6
soundalias,#vox_pickup_generic_plr_10_1
soundalias,#vox_pickup_generic_plr_10_0
soundalias,#vox_pickup_generic_plr_10_3
soundalias,#vox_pickup_generic_plr_10_2
soundalias,#vox_pickup_generic_plr_10_9
soundalias,#vox_pickup_generic_plr_10_8
soundalias,#hash_1bb8f665af965ffb
soundalias,#vox_nomoney_generic_plr_9_0
soundalias,#vox_nomoney_generic_plr_9_1
soundalias,#vox_nomoney_generic_plr_9_2
soundalias,#vox_nomoney_generic_plr_9_3
soundalias,#hash_1bc4b8d8a82f1e1d
soundalias,#zmb_perks_packa_ready
soundalias,#fly_dog_step_wood
soundalias,#hash_1bf5fe37a1f1ddf8
soundalias,#hash_1bff397ff918d430
soundalias,#hash_1c021061edf09166
soundalias,#vox_seer_stone_location_plr_11_1
soundalias,#vox_seer_stone_location_plr_11_0
soundalias,#vox_seer_stone_location_plr_11_2
soundalias,#fly_melee_imp_chakram_npc_rock
soundalias,#hash_1c16f5a0e1da502d
soundalias,#vox_stoker_kill_plr_2_3
soundalias,#vox_stoker_kill_plr_2_2
soundalias,#vox_stoker_kill_plr_2_1
soundalias,#vox_stoker_kill_plr_2_0
soundalias,#vox_stoker_kill_plr_2_4
soundalias,#hash_1c196449e54cd289
soundalias,#fly_step_sprint_zdog_glassbulletproof
soundalias,#hash_1c282a75152fd313
soundalias,#vox_stone_drink_react_plr_10_0
soundalias,#hash_1c37eb585daac671
soundalias,#hash_1c3b30c686ad9ba0
soundalias,#hash_1c3b31c686ad9d53
soundalias,#hash_1c3b32c686ad9f06
soundalias,#hash_1c3b33c686ada0b9
soundalias,#hash_1c3b37c686ada785
soundalias,#vox_wonder_interact_first_plr_11_0
soundalias,#vox_brig_kill_streak_plr_12_4
soundalias,#vox_brig_kill_streak_plr_12_1
soundalias,#vox_brig_kill_streak_plr_12_0
soundalias,#vox_brig_kill_streak_plr_12_3
soundalias,#vox_brig_kill_streak_plr_12_2
soundalias,#hash_1c5e0c9114dfc92e
soundalias,#fly_melee_imp_scepter_npc_riot
soundalias,#vox_revive_support_shaw_plr_3_4
soundalias,#vox_revive_support_shaw_plr_3_0
soundalias,#vox_revive_support_shaw_plr_3_1
soundalias,#vox_revive_support_shaw_plr_3_2
soundalias,#vox_revive_support_shaw_plr_3_3
soundalias,#hash_1c73b17d13624a48
soundalias,#vox_werewolf_pounce_plr_10_0
soundalias,#zmb_vocals_nosferatu_scream
soundalias,#hash_1c8300013ac7c64c
soundalias,#fly_mann_limb_bounce_metal
soundalias,#hash_1c8c5bee0a0700de
soundalias,#vox_scepter_kill_plr_2_4
soundalias,#vox_scepter_kill_plr_2_1
soundalias,#vox_scepter_kill_plr_2_0
soundalias,#vox_scepter_kill_plr_2_3
soundalias,#vox_scepter_kill_plr_2_2
soundalias,#hash_1ca40222207eef19
soundalias,#fly_step_crouch_walk_zdog_metalcatcrouch_walk
soundalias,#vox_advance_hammer_nag_narr_0
soundalias,#hash_1ce63db5622dcaf5
soundalias,#hash_1d16567ca50c439f
soundalias,#hash_1d2198f4ef4a92ae
soundalias,#hash_1d2199f4ef4a9461
soundalias,#zmb_spawn_walla
soundalias,#zmb_attack_underwater_whoosh
soundalias,#hash_1d54b3a01ff938ff
soundalias,#hash_1d62a1564878d34d
soundalias,#hash_1d64292cc84a95ed
soundalias,#hash_1d748b5f5528a66a
soundalias,#vox_radiant_react_plr_4_0
soundalias,#vox_ee_diary_brun_dieg_plr_3_20
soundalias,#hash_1d9380a0645b1e31
soundalias,#vox_ee_diary_brun_dieg_plr_3_18
soundalias,#vox_ee_diary_brun_dieg_plr_3_12
soundalias,#vox_ee_diary_brun_dieg_plr_3_10
soundalias,#vox_ee_diary_brun_dieg_plr_3_16
soundalias,#vox_ee_diary_brun_dieg_plr_3_14
soundalias,#vox_2_banter_dieg_shaw_plr_4_1
soundalias,#hash_1da4031734c7836f
soundalias,#vox_revive_scar_plr_3_4
soundalias,#vox_revive_scar_plr_3_2
soundalias,#vox_revive_scar_plr_3_3
soundalias,#vox_revive_scar_plr_3_0
soundalias,#vox_revive_scar_plr_3_1
soundalias,#hash_1db1fecdc55a68dd
soundalias,#vox_chakram_ready_plr_10_0
soundalias,#vox_chakram_ready_plr_10_1
soundalias,#vox_chakram_ready_plr_10_2
soundalias,#zmb_hallion_wall_jump
soundalias,#vox_3_banter_brig_guns_plr_10_1
soundalias,#zmb_ghost_interact
soundalias,#vox_generic_responses_positive_plr_9_7
soundalias,#vox_generic_responses_positive_plr_9_6
soundalias,#vox_generic_responses_positive_plr_9_5
soundalias,#vox_generic_responses_positive_plr_9_4
soundalias,#vox_generic_responses_positive_plr_9_3
soundalias,#vox_generic_responses_positive_plr_9_2
soundalias,#vox_generic_responses_positive_plr_9_1
soundalias,#vox_generic_responses_positive_plr_9_0
soundalias,#vox_generic_responses_positive_plr_9_9
soundalias,#vox_generic_responses_positive_plr_9_8
soundalias,#fly_step_run_zdog_metalcatrun
soundalias,#zmb_prima_steam
soundalias,#zmb_blocker_powerdoor_purchase_swt
soundalias,#zmb_vocals_zombie_taunt
soundalias,#vox_box_ar_plr_12_4
soundalias,#vox_box_ar_plr_12_0
soundalias,#vox_box_ar_plr_12_1
soundalias,#vox_box_ar_plr_12_2
soundalias,#vox_box_ar_plr_12_3
soundalias,#hash_1e42374c33473899
soundalias,#vox_engine_room_alarm_plr_2_0
soundalias,#vox_crawler_kill_plr_12_4
soundalias,#vox_crawler_kill_plr_12_0
soundalias,#vox_crawler_kill_plr_12_1
soundalias,#vox_crawler_kill_plr_12_2
soundalias,#vox_crawler_kill_plr_12_3
soundalias,#vox_chakram_activate_plr_10_4
soundalias,#vox_chakram_activate_plr_10_0
soundalias,#vox_chakram_activate_plr_10_1
soundalias,#vox_chakram_activate_plr_10_2
soundalias,#vox_chakram_activate_plr_10_3
soundalias,#vox_pap_activate_plr_3_0
soundalias,#wpn_viper_melee_swing_plr
soundalias,#vox_barrier_rebuild_plr_1_4
soundalias,#vox_barrier_rebuild_plr_1_0
soundalias,#vox_barrier_rebuild_plr_1_1
soundalias,#vox_barrier_rebuild_plr_1_2
soundalias,#vox_barrier_rebuild_plr_1_3
soundalias,#vox_ee_diary_brun_dieg_plr_2_21
soundalias,#vox_ee_diary_brun_dieg_plr_2_15
soundalias,#vox_ee_diary_brun_dieg_plr_2_17
soundalias,#vox_ee_diary_brun_dieg_plr_2_11
soundalias,#vox_ee_diary_brun_dieg_plr_2_13
soundalias,#vox_ee_diary_brun_dieg_plr_2_19
soundalias,#hash_1edbcb96b5b4e9e5
soundalias,#vox_catacomb_enter_plr_12_0
soundalias,#vox_kill_headshot_plr_4_1
soundalias,#vox_kill_headshot_plr_4_0
soundalias,#vox_kill_headshot_plr_4_3
soundalias,#vox_kill_headshot_plr_4_2
soundalias,#vox_kill_headshot_plr_4_5
soundalias,#vox_kill_headshot_plr_4_4
soundalias,#vox_kill_headshot_plr_4_7
soundalias,#vox_kill_headshot_plr_4_6
soundalias,#vox_kill_headshot_plr_4_9
soundalias,#vox_kill_headshot_plr_4_8
soundalias,#hash_1ef8592ba7cf5db4
soundalias,#hash_1ef85a2ba7cf5f67
soundalias,#hash_1ef85c2ba7cf62cd
soundalias,#vox_revive_down_4_plr_12_2
soundalias,#vox_revive_down_4_plr_12_0
soundalias,#vox_seer_stone_jump_react_plr_9_0
soundalias,#vox_powerup_ammo_plr_3_0
soundalias,#vox_powerup_ammo_plr_3_1
soundalias,#vox_powerup_ammo_plr_3_2
soundalias,#vox_powerup_ammo_plr_3_3
soundalias,#vox_powerup_ammo_plr_3_4
soundalias,#fly_step_walk_zdog_metalcar
soundalias,#vox_knight_trap_defend_plr_9_0
soundalias,#vox_pickup_generic_plr_2_8
soundalias,#vox_pickup_generic_plr_2_9
soundalias,#vox_pickup_generic_plr_2_2
soundalias,#vox_pickup_generic_plr_2_3
soundalias,#vox_pickup_generic_plr_2_0
soundalias,#vox_pickup_generic_plr_2_1
soundalias,#vox_pickup_generic_plr_2_6
soundalias,#vox_pickup_generic_plr_2_7
soundalias,#vox_pickup_generic_plr_2_4
soundalias,#vox_pickup_generic_plr_2_5
soundalias,#wpn_generic_wpn_bounce_grass
soundalias,#fly_step_run_zdog_snow
soundalias,#vox_werewolf_react_first_plr_11_0
soundalias,#vox_werewolf_react_first_plr_11_1
soundalias,#vox_box_wonder_plr_2_2
soundalias,#vox_box_wonder_plr_2_1
soundalias,#vox_box_wonder_plr_2_0
soundalias,#vox_1_banter_dieg_shaw_plr_3_1
soundalias,#fly_mann_limb_bounce_ice
soundalias,#vox_generic_wall_buy_plr_4_10
soundalias,#fly_step_puddle_plr
soundalias,#dst_nitrogen_tank_leak
soundalias,#wpn_chakram_melee_impact
soundalias,#zmb_prima_heavy_start
soundalias,#vox_surrounded_oh_shit_plr_1_1
soundalias,#vox_surrounded_oh_shit_plr_1_0
soundalias,#vox_surrounded_oh_shit_plr_1_3
soundalias,#vox_surrounded_oh_shit_plr_1_4
soundalias,#vox_surrounded_oh_shit_plr_1_7
soundalias,#vox_surrounded_oh_shit_plr_1_6
soundalias,#vox_surrounded_oh_shit_plr_1_9
soundalias,#vox_surrounded_oh_shit_plr_1_8
soundalias,#wpn_electric_trap_start
soundalias,#vox_solo_end_round2_plr_1_0
soundalias,#vox_wonder_experiment_comp_plr_11_0
soundalias,#wpn_hammer_storm_lp
soundalias,#hash_1fcea61fb6e9f5e0
soundalias,#hash_1fcea71fb6e9f793
soundalias,#hash_1fcea81fb6e9f946
soundalias,#hash_1fcea91fb6e9faf9
soundalias,#hash_1fceaa1fb6e9fcac
soundalias,#hash_1fceab1fb6e9fe5f
soundalias,#hash_1fceac1fb6ea0012
soundalias,#hash_1fcead1fb6ea01c5
soundalias,#hash_1fceb21fb6ea0a44
soundalias,#hash_1fceb31fb6ea0bf7
soundalias,#vox_scepter_ready_plr_3_1
soundalias,#vox_scepter_ready_plr_3_0
soundalias,#vox_scepter_ready_plr_3_2
soundalias,#hash_1ff1fc88adc297d6
soundalias,#fly_melee_imp_hammer_metalcar
soundalias,#wpn_generic_wpn_bounce_metal
soundalias,#zmb_crafting_start
soundalias,#vox_powerup_firesale_plr_1_1
soundalias,#vox_powerup_firesale_plr_1_0
soundalias,#vox_powerup_firesale_plr_1_3
soundalias,#vox_powerup_firesale_plr_1_2
soundalias,#vox_powerup_firesale_plr_1_5
soundalias,#vox_powerup_firesale_plr_1_4
soundalias,#hash_200e28bcd26bab77
soundalias,#hash_200e2ebcd26bb5a9
soundalias,#vox_box_lmg_plr_3_4
soundalias,#vox_box_lmg_plr_3_1
soundalias,#vox_box_lmg_plr_3_0
soundalias,#vox_box_lmg_plr_3_3
soundalias,#vox_box_lmg_plr_3_2
soundalias,#vox_wolf_herb_react_plr_12_0
soundalias,#prj_crossbow_impact_foliage
soundalias,#fly_step_crouch_run_zdog_mud
soundalias,#fly_melee_imp_galva_npc_wood
soundalias,#vox_m_quest_sentinel_artifact_plr_2_0
soundalias,#fly_step_prone_zdog_sand
soundalias,#vox_scepter_activate_plr_1_4
soundalias,#vox_scepter_activate_plr_1_1
soundalias,#vox_scepter_activate_plr_1_0
soundalias,#vox_scepter_activate_plr_1_3
soundalias,#vox_scepter_activate_plr_1_2
soundalias,#vox_fire_trap_change_react_plr_11_0
soundalias,#vox_revive_support_brig_plr_9_4
soundalias,#vox_revive_support_brig_plr_9_3
soundalias,#vox_revive_support_brig_plr_9_2
soundalias,#vox_revive_support_brig_plr_9_1
soundalias,#vox_revive_support_brig_plr_9_0
soundalias,#vox_werewolf_defeat_plr_9_0
soundalias,#hash_20bee66279fad547
soundalias,#vox_brun_surrounded_oh_shit_plr_1_4
soundalias,#vox_brun_surrounded_oh_shit_plr_1_3
soundalias,#vox_brun_surrounded_oh_shit_plr_1_2
soundalias,#vox_brun_surrounded_oh_shit_plr_1_1
soundalias,#vox_brun_surrounded_oh_shit_plr_1_0
soundalias,#hash_20cc4a02f0ac5e7b
soundalias,#vox_cemetary_defend_comp_plr_10_0
soundalias,#vox_powerup_insta_plr_4_0
soundalias,#vox_powerup_insta_plr_4_1
soundalias,#vox_powerup_insta_plr_4_2
soundalias,#vox_powerup_insta_plr_4_3
soundalias,#vox_powerup_insta_plr_4_4
soundalias,#vox_powerup_insta_plr_4_5
soundalias,#zmb_portrait_burn
soundalias,#phy_plastic_bucket_bounce
soundalias,#vox_fireworks_react_plr_2_0
soundalias,#fly_melee_swipealt_player_knife
soundalias,#fly_step_prone_zdog_concrete
soundalias,#vox_elixir_drink_plr_12_7
soundalias,#vox_elixir_drink_plr_12_6
soundalias,#vox_elixir_drink_plr_12_5
soundalias,#vox_elixir_drink_plr_12_4
soundalias,#vox_elixir_drink_plr_12_3
soundalias,#vox_elixir_drink_plr_12_2
soundalias,#vox_elixir_drink_plr_12_1
soundalias,#vox_elixir_drink_plr_12_0
soundalias,#vox_elixir_drink_plr_12_9
soundalias,#vox_elixir_drink_plr_12_8
soundalias,#hash_2106f2b3fecece87
soundalias,#hash_21148ffbe9af801d
soundalias,#vox_viper_dragon_activate_plr_10_3
soundalias,#vox_viper_dragon_activate_plr_10_2
soundalias,#vox_viper_dragon_activate_plr_10_1
soundalias,#vox_viper_dragon_activate_plr_10_0
soundalias,#vox_viper_dragon_activate_plr_10_4
soundalias,#vox_observatory_defend_comp_plr_10_0
soundalias,#hash_21206f1b7fb27f81
soundalias,#vox_box_smg_plr_1_0
soundalias,#vox_box_smg_plr_1_1
soundalias,#vox_box_smg_plr_1_2
soundalias,#vox_box_smg_plr_1_3
soundalias,#vox_box_smg_plr_1_4
soundalias,#vox_purity_react_plr_2_0
soundalias,#hash_212ed6f23e15aabf
soundalias,#vox_solo_end_round1_plr_3_0
soundalias,#wpn_chakram_projectile_impact
soundalias,#fly_step_crouch_run_zdog_ceramic
soundalias,#hash_215e1891b2952ace
soundalias,#vox_blightfather_react_plr_4_4
soundalias,#vox_blightfather_react_plr_4_2
soundalias,#vox_blightfather_react_plr_4_3
soundalias,#vox_blightfather_react_plr_4_0
soundalias,#vox_blightfather_react_plr_4_1
soundalias,#vox_scar_kill_headshot_plr_3_2
soundalias,#vox_scar_kill_headshot_plr_3_3
soundalias,#vox_scar_kill_headshot_plr_3_0
soundalias,#vox_scar_kill_headshot_plr_3_1
soundalias,#vox_scar_kill_headshot_plr_3_4
soundalias,#hash_21707843209589cf
soundalias,#hash_2170794320958b82
soundalias,#hash_21707a4320958d35
soundalias,#aml_dog_run_bark
soundalias,#wpn_hammer_jab_plr
soundalias,#vox_light_beam_react_first_plr_10_0
soundalias,#hash_217f76284a9f2922
soundalias,#zmb_no_cha_ching
soundalias,#hash_21856919a8b0f180
soundalias,#phy_impact_hard_hard
soundalias,#vox_crawler_kill_plr_1_4
soundalias,#vox_crawler_kill_plr_1_0
soundalias,#vox_crawler_kill_plr_1_1
soundalias,#vox_crawler_kill_plr_1_2
soundalias,#vox_crawler_kill_plr_1_3
soundalias,#vox_scepter_level_3_plr_11_1
soundalias,#vox_scepter_level_3_plr_11_0
soundalias,#vox_scepter_level_3_plr_11_2
soundalias,#vox_wood_piece_react_plr_12_0
soundalias,#vox_plasma_detonation_react_plr_3_1
soundalias,#vox_plasma_detonation_react_plr_3_0
soundalias,#vox_plasma_detonation_react_plr_3_3
soundalias,#vox_plasma_detonation_react_plr_3_2
soundalias,#vox_plasma_detonation_react_plr_3_4
soundalias,#zmb_blocker_door_purchase
soundalias,#vox_full_moon_react_first_plr_10_0
soundalias,#vox_pap_wait_2_plr_12_1
soundalias,#vox_nosferatu_kill_plr_9_4
soundalias,#vox_nosferatu_kill_plr_9_3
soundalias,#vox_nosferatu_kill_plr_9_2
soundalias,#vox_nosferatu_kill_plr_9_1
soundalias,#vox_nosferatu_kill_plr_9_0
soundalias,#vox_plasma_detonation_react_plr_10_0
soundalias,#vox_decay_gas_react_plr_9_0
soundalias,#prj_crossbow_impact_plastic
soundalias,#prj_crossbow_impact_plaster
soundalias,#vox_water_exit_plr_1_1
soundalias,#vox_water_exit_plr_1_0
soundalias,#vox_hammer_activate_plr_3_4
soundalias,#vox_hammer_activate_plr_3_1
soundalias,#vox_hammer_activate_plr_3_0
soundalias,#vox_hammer_activate_plr_3_3
soundalias,#vox_hammer_activate_plr_3_2
soundalias,#vox_painting_jump_react_plr_12_0
soundalias,#hash_21f16f3cfa08689f
soundalias,#fly_melee_imp_chakram_riot
soundalias,#vox_plasma_react_plr_2_0
soundalias,#zmb_vocals_nosferatu_scream_lfe
soundalias,#wpn_viper_melee_extend_npc
soundalias,#vox_surrounded_oh_shit_plr_10_9
soundalias,#vox_surrounded_oh_shit_plr_10_8
soundalias,#vox_surrounded_oh_shit_plr_10_1
soundalias,#vox_surrounded_oh_shit_plr_10_0
soundalias,#vox_surrounded_oh_shit_plr_10_3
soundalias,#vox_surrounded_oh_shit_plr_10_2
soundalias,#vox_surrounded_oh_shit_plr_10_5
soundalias,#vox_surrounded_oh_shit_plr_10_4
soundalias,#vox_surrounded_oh_shit_plr_10_7
soundalias,#vox_surrounded_oh_shit_plr_10_6
soundalias,#hash_223703d87588d1ee
soundalias,#hash_223704d87588d3a1
soundalias,#fly_mann_limb_bounce_dirt
soundalias,#hash_223e680864c109d1
soundalias,#vox_fireplace_change_react_plr_10_0
soundalias,#fly_step_gravel_plr
soundalias,#hash_224d8c48960f71ee
soundalias,#hash_225725e66143097e
soundalias,#vox_beginner_carp_narr_0
soundalias,#fly_step_run_zdog_glassbulletproof
soundalias,#pfx_blood_drip_oneshot
soundalias,#fly_melee_imp_hammer
soundalias,#hash_226e2edabe762438
soundalias,#hash_22739fd2435ae7bd
soundalias,#vox_revive_self_plr_2_2
soundalias,#vox_revive_self_plr_2_0
soundalias,#vox_revive_self_plr_2_1
soundalias,#hash_22a9c5a0eed67aea
soundalias,#phy_impact_wood_flesh
soundalias,#vox_artifact_3_pickup_plr_9_0
soundalias,#vox_hammer_level_3_plr_2_2
soundalias,#vox_hammer_level_3_plr_2_1
soundalias,#vox_hammer_level_3_plr_2_0
soundalias,#vox_werewolf_pounce_plr_11_0
soundalias,#vox_kill_melee_plr_2_9
soundalias,#vox_kill_melee_plr_2_8
soundalias,#vox_kill_melee_plr_2_5
soundalias,#vox_kill_melee_plr_2_4
soundalias,#vox_kill_melee_plr_2_7
soundalias,#vox_kill_melee_plr_2_6
soundalias,#vox_kill_melee_plr_2_1
soundalias,#vox_kill_melee_plr_2_0
soundalias,#vox_kill_melee_plr_2_3
soundalias,#vox_kill_melee_plr_2_2
soundalias,#hash_22f8b7013dd11b81
soundalias,#wpn_chakram_first_raise_lvl3_npc
soundalias,#vox_scepter_activate_0_plr_12_0
soundalias,#zmb_crafting_pickup_generic
soundalias,#hash_2312b212a80b3b4c
soundalias,#hash_23133277b3364bd2
soundalias,#vox_scepter_kill_plr_3_4
soundalias,#vox_scepter_kill_plr_3_0
soundalias,#vox_scepter_kill_plr_3_1
soundalias,#vox_scepter_kill_plr_3_2
soundalias,#vox_scepter_kill_plr_3_3
soundalias,#hash_231a24a780d75a41
soundalias,#hash_23213fb8c642bc28
soundalias,#hash_232140b8c642bddb
soundalias,#hash_232141b8c642bf8e
soundalias,#hash_232142b8c642c141
soundalias,#hash_232144b8c642c4a7
soundalias,#vox_knight_trap_defend_comp_plr_9_0
soundalias,#vox_chakram_kill_mult_plr_12_2
soundalias,#vox_chakram_kill_mult_plr_12_3
soundalias,#vox_chakram_kill_mult_plr_12_0
soundalias,#vox_chakram_kill_mult_plr_12_1
soundalias,#vox_chakram_kill_mult_plr_12_4
soundalias,#fly_step_prone_zdog_wood
soundalias,#prj_crossbow_impact_default
soundalias,#phy_impact_zombie_swt
soundalias,#hash_234df07ffcda1a25
soundalias,#vox_zombie_react_first_plr_1_0
soundalias,#hash_2367dae4a69a4294
soundalias,#hash_236d09222e18089b
soundalias,#fly_mann_limb_bounce_cloth
soundalias,#vox_generic_responses_negative_plr_12_1
soundalias,#vox_generic_responses_negative_plr_12_0
soundalias,#vox_generic_responses_negative_plr_12_3
soundalias,#vox_generic_responses_negative_plr_12_2
soundalias,#vox_generic_responses_negative_plr_12_5
soundalias,#vox_generic_responses_negative_plr_12_4
soundalias,#vox_generic_responses_negative_plr_12_7
soundalias,#vox_generic_responses_negative_plr_12_6
soundalias,#vox_generic_responses_negative_plr_12_9
soundalias,#vox_generic_responses_negative_plr_12_8
soundalias,#zmb_vocals_zombie_death
soundalias,#hash_2389e8c68a6ee348
soundalias,#hash_2389e9c68a6ee4fb
soundalias,#hash_2389eac68a6ee6ae
soundalias,#hash_2389ebc68a6ee861
soundalias,#hash_2389eec68a6eed7a
soundalias,#vox_box_sniper_plr_11_4
soundalias,#vox_box_sniper_plr_11_3
soundalias,#vox_box_sniper_plr_11_2
soundalias,#vox_box_sniper_plr_11_1
soundalias,#vox_box_sniper_plr_11_0
soundalias,#fly_step_sprint_zdog_glass
soundalias,#vox_ammo_buy_plr_4_1
soundalias,#vox_ammo_buy_plr_4_0
soundalias,#vox_ammo_buy_plr_4_2
soundalias,#hash_23b31def911760ca
soundalias,#hash_23bf110a1db4fda4
soundalias,#hash_23bf130a1db5010a
soundalias,#hash_23bf140a1db502bd
soundalias,#hash_23d81ee69f3ae2ce
soundalias,#vox_pickup_generic_plr_11_8
soundalias,#vox_pickup_generic_plr_11_9
soundalias,#vox_pickup_generic_plr_11_4
soundalias,#vox_pickup_generic_plr_11_5
soundalias,#vox_pickup_generic_plr_11_6
soundalias,#vox_pickup_generic_plr_11_7
soundalias,#vox_pickup_generic_plr_11_0
soundalias,#vox_pickup_generic_plr_11_1
soundalias,#vox_pickup_generic_plr_11_2
soundalias,#vox_pickup_generic_plr_11_3
soundalias,#vox_guns_kill_streak_plr_10_0
soundalias,#vox_guns_kill_streak_plr_10_1
soundalias,#vox_guns_kill_streak_plr_10_2
soundalias,#vox_guns_kill_streak_plr_10_3
soundalias,#vox_guns_kill_streak_plr_10_4
soundalias,#vox_generic_responses_negative_plr_3_5
soundalias,#vox_generic_responses_negative_plr_3_4
soundalias,#vox_generic_responses_negative_plr_3_7
soundalias,#vox_generic_responses_negative_plr_3_6
soundalias,#vox_generic_responses_negative_plr_3_1
soundalias,#vox_generic_responses_negative_plr_3_0
soundalias,#vox_generic_responses_negative_plr_3_3
soundalias,#vox_generic_responses_negative_plr_3_2
soundalias,#vox_generic_responses_negative_plr_3_9
soundalias,#vox_generic_responses_negative_plr_3_8
soundalias,#fly_step_crouch_run_zdog_paintedmetal
soundalias,#vox_box_arnie_plr_1_0
soundalias,#vox_box_arnie_plr_1_1
soundalias,#vox_box_arnie_plr_1_2
soundalias,#vox_box_arnie_plr_1_3
soundalias,#vox_box_arnie_plr_1_4
soundalias,#vox_plr_11_outro_igc_1_1
soundalias,#hash_24016d7b0f368e3b
soundalias,#hash_240306566095bf79
soundalias,#hash_240bd47da4c03d5f
soundalias,#vox_kill_arnie_plr_10_4
soundalias,#vox_kill_arnie_plr_10_1
soundalias,#vox_kill_arnie_plr_10_0
soundalias,#vox_kill_arnie_plr_10_3
soundalias,#vox_kill_arnie_plr_10_2
soundalias,#vox_seer_stone_location_plr_10_0
soundalias,#vox_seer_stone_location_plr_10_1
soundalias,#vox_seer_stone_location_plr_10_2
soundalias,#vox_5_banter_brun_dieg_plr_3_0
soundalias,#vox_nosferatu_react_first_plr_10_0
soundalias,#hash_24419c49e9c6e471
soundalias,#hash_24462e07af9ca006
soundalias,#zmb_vocals_werewolf_growl
soundalias,#hash_24842d272e715f3e
soundalias,#fly_melee_imp_chakram_npc_metalcar
soundalias,#hash_248ae3b0dededf81
soundalias,#hash_248ae4b0dedee134
soundalias,#hash_248ae5b0dedee2e7
soundalias,#hash_248ae6b0dedee49a
soundalias,#hash_248ae7b0dedee64d
soundalias,#hash_249594524d702857
soundalias,#fly_melee_imp_hammer_flesh
soundalias,#vox_safecracker_pick_up_plr_4_0
soundalias,#mus_mansion_roundend_1_intro
soundalias,#fly_step_crouch_walk_zdog_flesh
soundalias,#vox_plr_9_outro_igc_0_0
soundalias,#vox_destroy_rocketshield_plr_9_1
soundalias,#vox_destroy_rocketshield_plr_9_0
soundalias,#vox_destroy_rocketshield_plr_9_2
soundalias,#hash_24c84b4dd959785a
soundalias,#hash_24d107d1b3a13829
soundalias,#vox_solo_game_start_plr_11_0
soundalias,#fly_step_crouch_walk_zdog_default
soundalias,#vox_altar_interact_first_plr_4_0
soundalias,#fly_step_prone_zdog_metalhollow
soundalias,#hash_24f0e20f1a72f19e
soundalias,#hash_24f1e841c9ab0766
soundalias,#zmb_vocals_zombie_teardown
soundalias,#fly_melee_imp_scepter_flesh
soundalias,#vox_hammer_kill_plr_10_2
soundalias,#vox_hammer_kill_plr_10_3
soundalias,#vox_hammer_kill_plr_10_0
soundalias,#vox_hammer_kill_plr_10_1
soundalias,#vox_hammer_kill_plr_10_4
soundalias,#vox_barrier_rebuild_plr_2_3
soundalias,#vox_barrier_rebuild_plr_2_2
soundalias,#vox_barrier_rebuild_plr_2_1
soundalias,#vox_barrier_rebuild_plr_2_0
soundalias,#vox_barrier_rebuild_plr_2_4
soundalias,#fly_mann_limb_bounce_gravel
soundalias,#vox_viper_level_3_plr_1_0
soundalias,#vox_viper_level_3_plr_1_1
soundalias,#vox_viper_level_3_plr_1_2
soundalias,#hash_2546978f2cd8e64b
soundalias,#fly_step_wreckage_npc
soundalias,#hash_25516cd4cb81ee63
soundalias,#fly_melee_imp_galva_npc_metal
soundalias,#wpn_hammer_bolt_explo_swt
soundalias,#vox_hammer_level_2_plr_12_2
soundalias,#vox_hammer_level_2_plr_12_1
soundalias,#vox_hammer_level_2_plr_12_0
soundalias,#hash_258c04657e56cc09
soundalias,#hash_258c05657e56cdbc
soundalias,#hash_258c06657e56cf6f
soundalias,#hash_258c07657e56d122
soundalias,#hash_258c08657e56d2d5
soundalias,#hash_258cf12029970678
soundalias,#hash_2594dabe4ec9ca80
soundalias,#hash_2594dbbe4ec9cc33
soundalias,#vox_engine_room_alarm_plr_1_0
soundalias,#dst_server_glass
soundalias,#vox_crawler_kill_plr_11_3
soundalias,#vox_crawler_kill_plr_11_2
soundalias,#vox_crawler_kill_plr_11_1
soundalias,#vox_crawler_kill_plr_11_0
soundalias,#vox_crawler_kill_plr_11_4
soundalias,#zmb_prima_piston
soundalias,#fly_step_run_zdog_bark
soundalias,#hash_25d195bb73a47af8
soundalias,#hash_25d197bb73a47e5e
soundalias,#hash_25eb2ecb06922b3e
soundalias,#vox_revive_support_scar_plr_4_4
soundalias,#vox_revive_support_scar_plr_4_1
soundalias,#vox_revive_support_scar_plr_4_0
soundalias,#vox_revive_support_scar_plr_4_3
soundalias,#vox_revive_support_scar_plr_4_2
soundalias,#hash_261ab4742c24d198
soundalias,#zmb_combo_case_open_bell
soundalias,#vox_wonder_interact_first_plr_10_0
soundalias,#pfx_torch_sm_lp
soundalias,#wpn_generic_wpn_bounce_cushion
soundalias,#fly_step_sprint_zdog_cloth
soundalias,#hash_2647ce5bb2e14502
soundalias,#vox_dieg_kill_headshot_plr_1_2
soundalias,#vox_dieg_kill_headshot_plr_1_3
soundalias,#vox_dieg_kill_headshot_plr_1_0
soundalias,#vox_dieg_kill_headshot_plr_1_1
soundalias,#vox_dieg_kill_headshot_plr_1_4
soundalias,#vox_scepter_level_3_plr_2_1
soundalias,#vox_scepter_level_3_plr_2_0
soundalias,#vox_scepter_level_3_plr_2_2
soundalias,#vox_box_move_plr_1_2
soundalias,#vox_box_move_plr_1_3
soundalias,#vox_box_move_plr_1_0
soundalias,#vox_box_move_plr_1_1
soundalias,#vox_box_move_plr_1_4
soundalias,#vox_box_pistol_plr_11_3
soundalias,#vox_box_pistol_plr_11_2
soundalias,#vox_box_pistol_plr_11_1
soundalias,#vox_box_pistol_plr_11_0
soundalias,#mus_mansion_roundend_2_intro
soundalias,#hash_26794fd8aed356b2
soundalias,#vox_gib_zombie_plr_1_0
soundalias,#vox_gib_zombie_plr_1_1
soundalias,#vox_gib_zombie_plr_1_2
soundalias,#vox_gib_zombie_plr_1_3
soundalias,#vox_gib_zombie_plr_1_4
soundalias,#prj_crossbow_impact_ceramic
soundalias,#zmb_clock_start
soundalias,#zmb_sk_tree_branch_fall
soundalias,#vox_library_enter_plr_12_0
soundalias,#vox_box_wonder_plr_3_2
soundalias,#vox_box_wonder_plr_3_0
soundalias,#vox_box_wonder_plr_3_1
soundalias,#vox_stoker_kill_plr_3_2
soundalias,#vox_stoker_kill_plr_3_3
soundalias,#vox_stoker_kill_plr_3_0
soundalias,#vox_stoker_kill_plr_3_1
soundalias,#vox_stoker_kill_plr_3_4
soundalias,#vox_ee_artifact_alis_0
soundalias,#hash_26dce1751bd44208
soundalias,#vox_stone_drink_react_plr_11_0
soundalias,#hash_271322911b84d990
soundalias,#vox_3_banter_dieg_scar_plr_1_1
soundalias,#zmb_switch_flip_trap_reset
soundalias,#fly_mann_limb_bounce_plastic
soundalias,#fly_mann_limb_bounce_plaster
soundalias,#vox_altar_nosferatu_react_plr_10_0
soundalias,#wpn_rgun_flux_l_plr
soundalias,#fly_melee_imp_scepter_npc_plastic
soundalias,#fly_step_wood_door_debris_npc
soundalias,#zmb_energy_core_insert
soundalias,#vox_revive_guns_plr_9_2
soundalias,#vox_revive_guns_plr_9_3
soundalias,#vox_revive_guns_plr_9_0
soundalias,#vox_revive_guns_plr_9_1
soundalias,#vox_revive_guns_plr_9_4
soundalias,#vox_box_launcher_plr_1_1
soundalias,#vox_box_launcher_plr_1_0
soundalias,#vox_box_launcher_plr_1_3
soundalias,#vox_box_launcher_plr_1_2
soundalias,#vox_box_launcher_plr_1_4
soundalias,#hash_27a3a2bb7b9f52c2
soundalias,#vox_5_banter_dieg_shaw_plr_4_0
soundalias,#vox_assemble_rocketshield_plr_4_0
soundalias,#vox_assemble_rocketshield_plr_4_1
soundalias,#vox_assemble_rocketshield_plr_4_2
soundalias,#hash_27c1e5d7dbff24c1
soundalias,#fly_step_walk_zdog_paper
soundalias,#vox_viper_dragon_ready_plr_9_1
soundalias,#vox_viper_dragon_ready_plr_9_0
soundalias,#vox_viper_dragon_ready_plr_9_2
soundalias,#hash_27e9adb2dc3fe568
soundalias,#vox_fire_trap_change_react_plr_9_0
soundalias,#vox_nosferatu_react_first_plr_9_0
soundalias,#hash_281a3388b23ca80b
soundalias,#zmb_death_nohead_blood
soundalias,#vox_plasma_detonation_react_plr_2_0
soundalias,#vox_plasma_detonation_react_plr_2_1
soundalias,#vox_plasma_detonation_react_plr_2_2
soundalias,#vox_plasma_detonation_react_plr_2_3
soundalias,#vox_plasma_detonation_react_plr_2_4
soundalias,#hash_282d97c7a651af5a
soundalias,#hash_28366291afaa6e69
soundalias,#wpn_chakram_melee_fx_npc
soundalias,#vox_hammer_level_2_plr_9_1
soundalias,#vox_hammer_level_2_plr_9_0
soundalias,#vox_hammer_level_2_plr_9_2
soundalias,#hash_2851b65c33ed27e7
soundalias,#vox_viper_dragon_activate_plr_11_2
soundalias,#vox_viper_dragon_activate_plr_11_3
soundalias,#vox_viper_dragon_activate_plr_11_0
soundalias,#vox_viper_dragon_activate_plr_11_1
soundalias,#vox_viper_dragon_activate_plr_11_4
soundalias,#hash_286f3a87ba73662c
soundalias,#hash_286f3b87ba7367df
soundalias,#hash_286f3d87ba736b45
soundalias,#vox_ee_obsession_alis_0
soundalias,#fly_step_water_wade_plr
soundalias,#hash_288a6befcfe526f3
soundalias,#vox_fire_trap_change_react_plr_10_0
soundalias,#vox_sentinel_key_plr_12_0
soundalias,#fly_step_wood_debris_npc
soundalias,#vox_surrounded_oh_shit_plr_11_0
soundalias,#vox_surrounded_oh_shit_plr_11_1
soundalias,#vox_surrounded_oh_shit_plr_11_2
soundalias,#vox_surrounded_oh_shit_plr_11_3
soundalias,#vox_surrounded_oh_shit_plr_11_4
soundalias,#vox_surrounded_oh_shit_plr_11_5
soundalias,#vox_surrounded_oh_shit_plr_11_6
soundalias,#vox_surrounded_oh_shit_plr_11_7
soundalias,#vox_surrounded_oh_shit_plr_11_8
soundalias,#vox_surrounded_oh_shit_plr_11_9
soundalias,#hash_28ae4c5dd7129074
soundalias,#vox_hammer_activate_plr_12_1
soundalias,#vox_hammer_activate_plr_12_0
soundalias,#vox_hammer_activate_plr_12_3
soundalias,#vox_hammer_activate_plr_12_2
soundalias,#vox_hammer_activate_plr_12_4
soundalias,#vox_folly_pistol_interact_first_plr_9_0
soundalias,#hash_28c26c99c8eff780
soundalias,#hash_28c26d99c8eff933
soundalias,#hash_28c26e99c8effae6
soundalias,#hash_28c26f99c8effc99
soundalias,#hash_28c27399c8f00365
soundalias,#vox_4_banter_scar_shaw_plr_4_1
soundalias,#hash_28d19706c882d8c3
soundalias,#hash_28d41f681d0c4371
soundalias,#vox_revive_down_plr_10_4
soundalias,#vox_revive_down_plr_10_3
soundalias,#vox_revive_down_plr_10_2
soundalias,#vox_revive_down_plr_10_1
soundalias,#vox_revive_down_plr_10_0
soundalias,#vox_crawler_kill_plr_2_3
soundalias,#vox_crawler_kill_plr_2_2
soundalias,#vox_crawler_kill_plr_2_1
soundalias,#vox_crawler_kill_plr_2_0
soundalias,#vox_crawler_kill_plr_2_4
soundalias,#vox_box_ar_plr_11_3
soundalias,#vox_box_ar_plr_11_2
soundalias,#vox_box_ar_plr_11_1
soundalias,#vox_box_ar_plr_11_0
soundalias,#vox_scepter_level_3_plr_10_0
soundalias,#vox_scepter_level_3_plr_10_1
soundalias,#vox_scepter_level_3_plr_10_2
soundalias,#hash_290dd6c99ca7fd68
soundalias,#hash_290dd8c99ca800ce
soundalias,#hash_290dd9c99ca80281
soundalias,#hash_2915f18418cb2508
soundalias,#vox_treasure_chest_activate_2_plr_4_0
soundalias,#hash_2930665097ce1dcf
soundalias,#fly_melee_imp_galva_riot
soundalias,#hash_29644dffd64c4554
soundalias,#hash_296aabf1d41ca028
soundalias,#zmb_ghost_loop
soundalias,#prj_crossbow_impact_mud
soundalias,#vox_scar_kill_headshot_plr_4_1
soundalias,#vox_scar_kill_headshot_plr_4_0
soundalias,#vox_scar_kill_headshot_plr_4_3
soundalias,#vox_scar_kill_headshot_plr_4_2
soundalias,#vox_scar_kill_headshot_plr_4_4
soundalias,#vox_wonder_experiment_comp_plr_10_0
soundalias,#hash_29a7c78a48b091f2
soundalias,#fly_zombie_jumpland_soft
soundalias,#hash_29b43b594c795551
soundalias,#phy_metal_pan_bounce
soundalias,#vox_treasure_chest_activate_1_plr_4_0
soundalias,#vox_full_moon_react_first_plr_11_0
soundalias,#hash_29e8c77b4394c4ba
soundalias,#zmb_pu_sweet
soundalias,#hash_29f2a9f49833dfaf
soundalias,#vox_plasma_detonation_react_plr_11_0
soundalias,#vox_hammer_activate_plr_2_4
soundalias,#vox_hammer_activate_plr_2_0
soundalias,#vox_hammer_activate_plr_2_1
soundalias,#vox_hammer_activate_plr_2_2
soundalias,#vox_hammer_activate_plr_2_3
soundalias,#fly_step_run_zdog_gravel
soundalias,#fly_step_sprint_zdog_carpet
soundalias,#hash_2a183bc7ade935b0
soundalias,#vox_m_quest_sentinel_artifact_plr_1_0
soundalias,#vox_fast_travel_end_plr_12_4
soundalias,#vox_fast_travel_end_plr_12_2
soundalias,#vox_fast_travel_end_plr_12_3
soundalias,#vox_fast_travel_end_plr_12_0
soundalias,#vox_fast_travel_end_plr_12_1
soundalias,#hash_2a2f1e178dce9dad
soundalias,#vox_hammer_level_3_plr_3_2
soundalias,#vox_hammer_level_3_plr_3_0
soundalias,#vox_hammer_level_3_plr_3_1
soundalias,#vox_powerup_bonus_plr_4_4
soundalias,#vox_powerup_bonus_plr_4_0
soundalias,#vox_powerup_bonus_plr_4_1
soundalias,#vox_powerup_bonus_plr_4_2
soundalias,#vox_powerup_bonus_plr_4_3
soundalias,#hash_2a4767b3d78ab941
soundalias,#fly_step_prone_zdog_paintedmetal
soundalias,#wpn_generic_wpn_bounce_dirt
soundalias,#vox_brig_kill_headshot_plr_9_4
soundalias,#vox_brig_kill_headshot_plr_9_3
soundalias,#vox_brig_kill_headshot_plr_9_2
soundalias,#vox_brig_kill_headshot_plr_9_1
soundalias,#vox_brig_kill_headshot_plr_9_0
soundalias,#vox_revive_down_plr_3_1
soundalias,#vox_revive_down_plr_3_0
soundalias,#vox_revive_down_plr_3_3
soundalias,#vox_revive_down_plr_3_2
soundalias,#vox_box_lmg_plr_12_1
soundalias,#vox_box_lmg_plr_12_0
soundalias,#vox_box_lmg_plr_12_3
soundalias,#vox_box_lmg_plr_12_2
soundalias,#vox_box_lmg_plr_12_4
soundalias,#hash_2a68bba7849869d6
soundalias,#hash_2a6e793295de605f
soundalias,#vox_stake_bowie_kill_plr_9_0
soundalias,#hash_2a7fbce665bdbcd3
soundalias,#hash_2a80120b6197a78e
soundalias,#vox_guns_surrounded_oh_shit_plr_9_4
soundalias,#vox_guns_surrounded_oh_shit_plr_9_3
soundalias,#vox_guns_surrounded_oh_shit_plr_9_2
soundalias,#vox_guns_surrounded_oh_shit_plr_9_1
soundalias,#vox_guns_surrounded_oh_shit_plr_9_0
soundalias,#vox_scepter_ready_plr_2_0
soundalias,#vox_scepter_ready_plr_2_1
soundalias,#vox_scepter_ready_plr_2_2
soundalias,#vox_wonder_level_3_comp_plr_12_0
soundalias,#wpn_generic_clip_bounce_glass
soundalias,#hash_2ab02492f3001ccc
soundalias,#hash_2ac2bbbfef2face4
soundalias,#vox_box_lmg_plr_2_4
soundalias,#vox_box_lmg_plr_2_0
soundalias,#vox_box_lmg_plr_2_1
soundalias,#vox_box_lmg_plr_2_2
soundalias,#vox_box_lmg_plr_2_3
soundalias,#vox_stone_symbol_destroy_plr_12_0
soundalias,#vox_knight_trap_active_plr_12_1
soundalias,#vox_knight_trap_active_plr_12_0
soundalias,#vox_knight_trap_active_plr_12_3
soundalias,#vox_knight_trap_active_plr_12_2
soundalias,#vox_knight_trap_active_plr_12_4
soundalias,#vox_box_sniper_plr_10_4
soundalias,#vox_box_sniper_plr_10_2
soundalias,#vox_box_sniper_plr_10_3
soundalias,#vox_box_sniper_plr_10_0
soundalias,#vox_box_sniper_plr_10_1
soundalias,#hash_2adc3dc92719cd9a
soundalias,#fly_bump_door_scare
soundalias,#zmb_bat_vox_pain
soundalias,#mus_location_music_room_intro
soundalias,#hash_2afffab0e1e724d6
soundalias,#hash_2afffcb0e1e7283c
soundalias,#hash_2afffdb0e1e729ef
soundalias,#hash_2afffeb0e1e72ba2
soundalias,#hash_2affffb0e1e72d55
soundalias,#vox_purity_react_plr_3_0
soundalias,#vox_revive_support_guns_plr_10_4
soundalias,#vox_revive_support_guns_plr_10_0
soundalias,#vox_revive_support_guns_plr_10_1
soundalias,#vox_revive_support_guns_plr_10_2
soundalias,#vox_revive_support_guns_plr_10_3
soundalias,#fly_step_prone_zdog_metalcatprone
soundalias,#hash_2b26be64f620e041
soundalias,#vox_dragon_kill_plr_3_4
soundalias,#vox_dragon_kill_plr_3_3
soundalias,#vox_dragon_kill_plr_3_2
soundalias,#vox_dragon_kill_plr_3_1
soundalias,#vox_dragon_kill_plr_3_0
soundalias,#vox_stoker_key_pick_up_plr_1_0
soundalias,#hash_2b436347f157eca9
soundalias,#hash_2b4957b8cabc97b0
soundalias,#hash_2b4958b8cabc9963
soundalias,#hash_2b4959b8cabc9b16
soundalias,#hash_2b495ab8cabc9cc9
soundalias,#hash_2b495bb8cabc9e7c
soundalias,#hash_2b5c72ef4441ab0b
soundalias,#vox_kill_arnie_plr_11_4
soundalias,#vox_kill_arnie_plr_11_0
soundalias,#vox_kill_arnie_plr_11_1
soundalias,#vox_kill_arnie_plr_11_2
soundalias,#vox_kill_arnie_plr_11_3
soundalias,#vox_nosferatu_react_first_plr_11_0
soundalias,#vox_perk_generic_0_plr_12_0
soundalias,#hash_2b9523223291e789
soundalias,#mus_fire_sale
soundalias,#vox_fireworks_react_plr_1_0
soundalias,#phy_book_bounce
soundalias,#vox_box_smg_plr_2_4
soundalias,#vox_box_smg_plr_2_3
soundalias,#vox_box_smg_plr_2_2
soundalias,#vox_box_smg_plr_2_1
soundalias,#vox_box_smg_plr_2_0
soundalias,#vox_revive_support_brig_plr_12_4
soundalias,#vox_revive_support_brig_plr_12_1
soundalias,#vox_revive_support_brig_plr_12_0
soundalias,#vox_revive_support_brig_plr_12_3
soundalias,#vox_revive_support_brig_plr_12_2
soundalias,#vox_safecracker_pick_up_plr_3_0
soundalias,#hash_2bf1e9dd1928868f
soundalias,#fly_step_walk_werewolf_soft
soundalias,#hash_2c013b65815f47be
soundalias,#hash_2c013d65815f4b24
soundalias,#hash_2c013e65815f4cd7
soundalias,#hash_2c013f65815f4e8a
soundalias,#hash_2c014065815f503d
soundalias,#hash_2c020b202c9f50e6
soundalias,#hash_2c15b7198408b008
soundalias,#hash_2c15b9198408b36e
soundalias,#fly_melee_lungealt_knife
soundalias,#vox_box_arnie_plr_2_4
soundalias,#vox_box_arnie_plr_2_3
soundalias,#vox_box_arnie_plr_2_2
soundalias,#vox_box_arnie_plr_2_1
soundalias,#vox_box_arnie_plr_2_0
soundalias,#hash_2c2902a363c22954
soundalias,#hash_2c2903a363c22b07
soundalias,#phy_toy_car_bounce
soundalias,#vox_5_banter_brun_dieg_plr_2_1
soundalias,#hash_2c622df487a96256
soundalias,#vox_box_react_first_plr_1_0
soundalias,#vox_chakram_activate_plr_4_4
soundalias,#vox_chakram_activate_plr_4_3
soundalias,#vox_chakram_activate_plr_4_2
soundalias,#vox_chakram_activate_plr_4_1
soundalias,#vox_chakram_activate_plr_4_0
soundalias,#vox_box_tactical_plr_2_4
soundalias,#vox_box_tactical_plr_2_1
soundalias,#vox_box_tactical_plr_2_0
soundalias,#vox_box_tactical_plr_2_3
soundalias,#vox_box_tactical_plr_2_2
soundalias,#zmb_sk_tree_branch_place
soundalias,#exp_transformer_flux_r
soundalias,#exp_transformer_flux_l
soundalias,#vox_werewolf_invisible_plr_12_0
soundalias,#hash_2cae24581c4624fe
soundalias,#wpn_ray_reload_battery_in
soundalias,#vox_box_pistol_plr_10_4
soundalias,#vox_box_pistol_plr_10_2
soundalias,#vox_box_pistol_plr_10_3
soundalias,#vox_box_pistol_plr_10_0
soundalias,#vox_box_pistol_plr_10_1
soundalias,#fly_step_sprint_zdog_ice
soundalias,#hash_2cf59d6222de4f6f
soundalias,#vox_fireplace_change_react_plr_11_0
soundalias,#vox_plr_death_react_plr_11_0
soundalias,#vox_solo_game_start_plr_10_0
soundalias,#prj_crossbow_impact_cloth
soundalias,#hash_2d1168fa2223e688
soundalias,#hash_2d116afa2223e9ee
soundalias,#zmb_sentinel_artifact_pap
soundalias,#fly_melee_imp_scepter_rock
soundalias,#prj_crossbow_impact_carpet
soundalias,#vox_plr_ghost_react_plr_9_2
soundalias,#vox_plr_ghost_react_plr_9_1
soundalias,#vox_plr_ghost_react_plr_9_0
soundalias,#vox_stoker_kill_plr_4_1
soundalias,#vox_stoker_kill_plr_4_0
soundalias,#vox_stoker_kill_plr_4_3
soundalias,#vox_stoker_kill_plr_4_2
soundalias,#vox_stoker_kill_plr_4_4
soundalias,#hash_2d4c38a277057eb3
soundalias,#vox_silver_bullets_build_plr_12_0
soundalias,#fly_mann_limb_bounce_paper
soundalias,#fly_step_crouch_walk_zdog_grass
soundalias,#hash_2d629f848398a470
soundalias,#hash_2d6e6c147db9a32a
soundalias,#fly_mann_limb_bounce_asphalt
soundalias,#wpn_rgun_fire_act_plr
soundalias,#dst_dest_reel2reel_01_dp_d0
soundalias,#dst_dest_reel2reel_01_dp_d1
soundalias,#dst_dest_reel2reel_01_dp_d2
soundalias,#vox_pap_pickup_plr_9_1
soundalias,#vox_pap_pickup_plr_9_0
soundalias,#vox_pap_pickup_plr_9_3
soundalias,#vox_pap_pickup_plr_9_2
soundalias,#vox_pap_pickup_plr_9_4
soundalias,#fly_melee_imp_galva_cloth
soundalias,#vox_werewolf_pounce_plr_12_0
soundalias,#vox_kill_melee_plr_3_4
soundalias,#vox_kill_melee_plr_3_5
soundalias,#vox_kill_melee_plr_3_6
soundalias,#vox_kill_melee_plr_3_7
soundalias,#vox_kill_melee_plr_3_0
soundalias,#vox_kill_melee_plr_3_1
soundalias,#vox_kill_melee_plr_3_2
soundalias,#vox_kill_melee_plr_3_3
soundalias,#vox_kill_melee_plr_3_8
soundalias,#vox_kill_melee_plr_3_9
soundalias,#vox_4_banter_brun_shaw_plr_4_1
soundalias,#hash_2dcae1487f158766
soundalias,#vox_crawler_kill_plr_10_2
soundalias,#vox_crawler_kill_plr_10_3
soundalias,#vox_crawler_kill_plr_10_0
soundalias,#vox_crawler_kill_plr_10_1
soundalias,#vox_crawler_kill_plr_10_4
soundalias,#vox_gib_zombie_plr_2_4
soundalias,#vox_gib_zombie_plr_2_3
soundalias,#vox_gib_zombie_plr_2_2
soundalias,#vox_gib_zombie_plr_2_1
soundalias,#vox_gib_zombie_plr_2_0
soundalias,#hash_2dd1a89cdde264ce
soundalias,#zmb_werewolf_wall_latch
soundalias,#hash_2ddfa665da39f449
soundalias,#hash_2de9cbf74669fc34
soundalias,#vox_pap_react_first_plr_10_0
soundalias,#fly_step_crouch_run_zdog_bodyarmor
soundalias,#hash_2df833bfb7ef3c1c
soundalias,#hash_2dfe7f7f7939c1a7
soundalias,#hash_2e032780037f629a
soundalias,#fly_step_water_wade_npc
soundalias,#hash_2e0db4c834d8111c
soundalias,#hash_2e0db5c834d812cf
soundalias,#wpn_chakram_projectile_lp_swt
soundalias,#zmb_werewolf_wall_jump
soundalias,#vox_chakram_activate_plr_12_2
soundalias,#vox_chakram_activate_plr_12_3
soundalias,#vox_chakram_activate_plr_12_0
soundalias,#vox_chakram_activate_plr_12_1
soundalias,#vox_chakram_activate_plr_12_4
soundalias,#hash_2e33e4c0b7ff2b55
soundalias,#fly_step_werewolf_lfe
soundalias,#vox_ammo_out_plr_9_4
soundalias,#vox_ammo_out_plr_9_0
soundalias,#vox_ammo_out_plr_9_1
soundalias,#vox_ammo_out_plr_9_2
soundalias,#vox_ammo_out_plr_9_3
soundalias,#fly_step_wood_debris_plr
soundalias,#zmb_hit_alert_hallion
soundalias,#vox_revive_support_shaw_plr_1_2
soundalias,#vox_revive_support_shaw_plr_1_3
soundalias,#vox_revive_support_shaw_plr_1_0
soundalias,#vox_revive_support_shaw_plr_1_1
soundalias,#vox_revive_support_shaw_plr_1_4
soundalias,#vox_elixir_drink_plr_1_1
soundalias,#vox_elixir_drink_plr_1_0
soundalias,#vox_elixir_drink_plr_1_3
soundalias,#vox_elixir_drink_plr_1_2
soundalias,#vox_elixir_drink_plr_1_5
soundalias,#vox_elixir_drink_plr_1_4
soundalias,#vox_elixir_drink_plr_1_7
soundalias,#vox_elixir_drink_plr_1_6
soundalias,#vox_elixir_drink_plr_1_9
soundalias,#vox_elixir_drink_plr_1_8
soundalias,#vox_scepter_level_3_plr_3_0
soundalias,#vox_scepter_level_3_plr_3_1
soundalias,#vox_scepter_level_3_plr_3_2
soundalias,#fly_melee_imp_galva_npc_metalcar
soundalias,#exp_mp_propane_tank_explo
soundalias,#hash_2e899e1ff9bec306
soundalias,#vox_pickup_generic_plr_12_3
soundalias,#vox_pickup_generic_plr_12_2
soundalias,#vox_pickup_generic_plr_12_1
soundalias,#vox_pickup_generic_plr_12_0
soundalias,#vox_pickup_generic_plr_12_7
soundalias,#vox_pickup_generic_plr_12_6
soundalias,#vox_pickup_generic_plr_12_5
soundalias,#vox_pickup_generic_plr_12_4
soundalias,#vox_pickup_generic_plr_12_9
soundalias,#vox_pickup_generic_plr_12_8
soundalias,#hash_2e9515de3511026e
soundalias,#wpn_hammer_jab_elec_plr
soundalias,#hash_2e96fdea97c99d58
soundalias,#vox_werewolf_defeat_plr_11_0
soundalias,#vox_generic_responses_negative_plr_2_8
soundalias,#vox_generic_responses_negative_plr_2_9
soundalias,#vox_generic_responses_negative_plr_2_4
soundalias,#vox_generic_responses_negative_plr_2_5
soundalias,#vox_generic_responses_negative_plr_2_6
soundalias,#vox_generic_responses_negative_plr_2_7
soundalias,#vox_generic_responses_negative_plr_2_0
soundalias,#vox_generic_responses_negative_plr_2_1
soundalias,#vox_generic_responses_negative_plr_2_2
soundalias,#vox_generic_responses_negative_plr_2_3
soundalias,#phy_milkcrate_bounce
soundalias,#vox_plr_12_outro_igc_8_8
soundalias,#vox_brun_kill_streak_plr_4_3
soundalias,#vox_brun_kill_streak_plr_4_2
soundalias,#vox_brun_kill_streak_plr_4_1
soundalias,#vox_brun_kill_streak_plr_4_0
soundalias,#vox_brun_kill_streak_plr_4_4
soundalias,#hash_2ee930d95b672ff6
soundalias,#hash_2ee931d95b6731a9
soundalias,#wpn_scepter_melee_impact
soundalias,#vox_stone_drink_react_plr_12_0
soundalias,#zmb_prima_gear_stop
soundalias,#dst_server_power
soundalias,#fly_step_crouch_run_zdog_default
soundalias,#vox_forest_door_unlock_plr_9_0
soundalias,#hash_2f256155fb9b65f0
soundalias,#vox_surrounded_oh_shit_plr_3_9
soundalias,#vox_surrounded_oh_shit_plr_3_8
soundalias,#vox_surrounded_oh_shit_plr_3_7
soundalias,#vox_surrounded_oh_shit_plr_3_6
soundalias,#vox_surrounded_oh_shit_plr_3_5
soundalias,#vox_surrounded_oh_shit_plr_3_4
soundalias,#vox_surrounded_oh_shit_plr_3_3
soundalias,#vox_surrounded_oh_shit_plr_3_2
soundalias,#vox_surrounded_oh_shit_plr_3_1
soundalias,#vox_surrounded_oh_shit_plr_3_0
soundalias,#hash_2f32917a81f90ba0
soundalias,#hash_2f3bf9b84d8e9900
soundalias,#hash_2f4a4dfc204a517c
soundalias,#hash_2f4a4efc204a532f
soundalias,#hash_2f4a4ffc204a54e2
soundalias,#hash_2f4aab5254153a6c
soundalias,#wpn_rgun_loop
soundalias,#zmb_vocals_werewolf_walk_lp
soundalias,#hash_2f906af4529152ca
soundalias,#fly_step_crouch_run_zdog_gravel
soundalias,#zmb_clock_finish
soundalias,#vox_chakram_ready_plr_12_2
soundalias,#vox_chakram_ready_plr_12_0
soundalias,#vox_chakram_ready_plr_12_1
soundalias,#fly_step_crouch_walk_zdog_fruit
soundalias,#fly_bowie_impact_npc
soundalias,#prj_crossbow_impact_glass
soundalias,#vox_pap_activate_plr_1_0
soundalias,#hash_2fd88698209e1998
soundalias,#fly_step_prone_zdog_snow
soundalias,#vox_solo_game_start_plr_9_0
soundalias,#vox_barrier_rebuild_plr_3_2
soundalias,#vox_barrier_rebuild_plr_3_3
soundalias,#vox_barrier_rebuild_plr_3_0
soundalias,#vox_barrier_rebuild_plr_3_1
soundalias,#vox_barrier_rebuild_plr_3_4
soundalias,#vox_viper_level_3_plr_2_2
soundalias,#vox_viper_level_3_plr_2_1
soundalias,#vox_viper_level_3_plr_2_0
soundalias,#vox_ghost_interact_guns_plr_11_0
soundalias,#zmb_hellhound_loop_breath
soundalias,#hash_3019afe90c2eb3aa
soundalias,#hash_3027fdcff390baa4
soundalias,#vox_powerup_ammo_plr_1_4
soundalias,#vox_powerup_ammo_plr_1_2
soundalias,#vox_powerup_ammo_plr_1_3
soundalias,#vox_powerup_ammo_plr_1_0
soundalias,#vox_powerup_ammo_plr_1_1
soundalias,#fly_step_crouch_run_zdog_dirt
soundalias,#zmb_death_gibss
soundalias,#wpn_generic_wpn_bounce_asphalt
soundalias,#phy_impact_fruit
soundalias,#vox_stoker_react_plr_4_4
soundalias,#vox_stoker_react_plr_4_0
soundalias,#vox_stoker_react_plr_4_1
soundalias,#vox_stoker_react_plr_4_2
soundalias,#vox_stoker_react_plr_4_3
soundalias,#fly_step_sprint_zdog_paper
soundalias,#vox_box_sniper_plr_9_0
soundalias,#vox_box_sniper_plr_9_1
soundalias,#vox_box_sniper_plr_9_2
soundalias,#vox_box_sniper_plr_9_3
soundalias,#vox_box_sniper_plr_9_4
soundalias,#hash_308d13eefe4215e6
soundalias,#hash_30977287beed7814
soundalias,#hash_30977387beed79c7
soundalias,#hash_30977487beed7b7a
soundalias,#wpn_viper_bite_impact
soundalias,#fly_step_prone_zdog_glassbulletproof
soundalias,#fly_melee_lunge_knife
soundalias,#vox_special_round_kill_plr_12_0
soundalias,#vox_special_round_kill_plr_12_1
soundalias,#vox_special_round_kill_plr_12_2
soundalias,#vox_special_round_kill_plr_12_3
soundalias,#vox_special_round_kill_plr_12_4
soundalias,#amb_water_drip
soundalias,#hash_30c158da46215d2f
soundalias,#zmb_perks_packa_knuckle_0
soundalias,#zmb_perks_packa_knuckle_1
soundalias,#zmb_hellhound_loop_fire
soundalias,#vox_seer_stone_active_plr_9_0
soundalias,#vox_revive_down_plr_2_4
soundalias,#vox_revive_down_plr_2_0
soundalias,#vox_revive_down_plr_2_1
soundalias,#vox_revive_down_plr_2_2
soundalias,#vox_revive_down_plr_2_3
soundalias,#hash_30e00e9ec91a7461
soundalias,#evt_spare_change
soundalias,#vox_3_banter_brun_shaw_plr_2_1
soundalias,#vox_revive_down_plr_11_4
soundalias,#vox_revive_down_plr_11_2
soundalias,#vox_revive_down_plr_11_3
soundalias,#vox_revive_down_plr_11_0
soundalias,#vox_revive_down_plr_11_1
soundalias,#vox_crawler_kill_plr_3_2
soundalias,#vox_crawler_kill_plr_3_0
soundalias,#vox_crawler_kill_plr_3_1
soundalias,#vox_crawler_kill_plr_3_4
soundalias,#vox_vomit_knife_mod_react_plr_4_0
soundalias,#fly_step_walk_zdog_water
soundalias,#vox_box_ar_plr_10_2
soundalias,#vox_box_ar_plr_10_3
soundalias,#vox_box_ar_plr_10_0
soundalias,#vox_box_ar_plr_10_1
soundalias,#vox_box_ar_plr_10_4
soundalias,#hash_3122a93fbc5b240d
soundalias,#hash_312343edef77b727
soundalias,#hash_3126b098b980b5a3
soundalias,#vox_kill_explo_plr_1_4
soundalias,#vox_kill_explo_plr_1_0
soundalias,#vox_kill_explo_plr_1_1
soundalias,#vox_kill_explo_plr_1_2
soundalias,#vox_kill_explo_plr_1_3
soundalias,#vox_powerup_firesale_plr_3_4
soundalias,#vox_powerup_firesale_plr_3_3
soundalias,#vox_powerup_firesale_plr_3_2
soundalias,#vox_powerup_firesale_plr_3_1
soundalias,#vox_powerup_firesale_plr_3_0
soundalias,#hash_31355f541888c231
soundalias,#phy_silverware_bounce
soundalias,#vox_box_lmg_plr_1_3
soundalias,#vox_box_lmg_plr_1_2
soundalias,#vox_box_lmg_plr_1_1
soundalias,#vox_box_lmg_plr_1_0
soundalias,#vox_box_lmg_plr_1_5
soundalias,#vox_box_lmg_plr_1_4
soundalias,#vox_wolf_herb_react_plr_10_0
soundalias,#vox_full_moon_react_first_plr_9_0
soundalias,#evt_switch_flip_trap
soundalias,#hash_315685483901984c
soundalias,#hash_3161b6668c7cac7f
soundalias,#vox_attacked_zombie_plr_4_8
soundalias,#vox_attacked_zombie_plr_4_9
soundalias,#vox_attacked_zombie_plr_4_4
soundalias,#vox_attacked_zombie_plr_4_5
soundalias,#vox_attacked_zombie_plr_4_6
soundalias,#vox_attacked_zombie_plr_4_7
soundalias,#vox_attacked_zombie_plr_4_0
soundalias,#vox_attacked_zombie_plr_4_1
soundalias,#vox_attacked_zombie_plr_4_2
soundalias,#vox_attacked_zombie_plr_4_3
soundalias,#hash_3166ad457b358dfb
soundalias,#vox_box_wonder_plr_4_1
soundalias,#vox_box_wonder_plr_4_0
soundalias,#vox_box_wonder_plr_4_2
soundalias,#hash_316ebf182aa3396b
soundalias,#fly_step_run_werewolf_default
soundalias,#fly_step_run_zdog_flesh
soundalias,#vox_scepter_activate_plr_3_3
soundalias,#vox_scepter_activate_plr_3_2
soundalias,#vox_scepter_activate_plr_3_1
soundalias,#vox_scepter_activate_plr_3_0
soundalias,#vox_scepter_activate_plr_3_4
soundalias,#hash_31a648443e4497e8
soundalias,#hash_31a9e607641ce8eb
soundalias,#hash_31b14ca1baedfeb7
soundalias,#fly_step_walk_zdog_brick
soundalias,#hash_31ce73e6697f02c8
soundalias,#vox_box_ar_plr_1_0
soundalias,#vox_box_ar_plr_1_1
soundalias,#vox_box_ar_plr_1_2
soundalias,#vox_box_ar_plr_1_3
soundalias,#vox_pickup_generic_plr_4_8
soundalias,#vox_pickup_generic_plr_4_9
soundalias,#vox_pickup_generic_plr_4_0
soundalias,#vox_pickup_generic_plr_4_1
soundalias,#vox_pickup_generic_plr_4_2
soundalias,#vox_pickup_generic_plr_4_3
soundalias,#vox_pickup_generic_plr_4_4
soundalias,#vox_pickup_generic_plr_4_5
soundalias,#vox_pickup_generic_plr_4_6
soundalias,#vox_pickup_generic_plr_4_7
soundalias,#vox_kill_streak_plr_1_4
soundalias,#vox_kill_streak_plr_1_5
soundalias,#vox_kill_streak_plr_1_6
soundalias,#vox_kill_streak_plr_1_0
soundalias,#vox_kill_streak_plr_1_1
soundalias,#vox_kill_streak_plr_1_2
soundalias,#vox_kill_streak_plr_1_3
soundalias,#vox_altar_nosferatu_react_plr_11_0
soundalias,#wpn_generic_wpn_bounce_glass
soundalias,#hash_3212b565ace46fba
soundalias,#zmb_switch_flip
soundalias,#hash_322c1e2c732c0070
soundalias,#fly_step_prone_zdog_metal
soundalias,#phy_impact_metal_cart
soundalias,#vox_observatory_defend_comp_plr_12_0
soundalias,#vox_kill_arnie_plr_9_4
soundalias,#vox_kill_arnie_plr_9_1
soundalias,#vox_kill_arnie_plr_9_0
soundalias,#vox_kill_arnie_plr_9_3
soundalias,#vox_kill_arnie_plr_9_2
soundalias,#vox_box_smg_plr_3_4
soundalias,#vox_box_smg_plr_3_5
soundalias,#vox_box_smg_plr_3_2
soundalias,#vox_box_smg_plr_3_3
soundalias,#vox_box_smg_plr_3_0
soundalias,#vox_box_smg_plr_3_1
soundalias,#hash_325263666dea3050
soundalias,#vox_altar_activate_generic_plr_1_1
soundalias,#vox_altar_activate_generic_plr_1_0
soundalias,#vox_altar_activate_generic_plr_1_2
soundalias,#vox_5_banter_dieg_shaw_plr_3_1
soundalias,#fly_step_sprint_zdog_metal
soundalias,#vox_wonder_chaos_material_plr_10_0
soundalias,#zmb_perks_packa_upgrade
soundalias,#hash_329003fa3cbc92be
soundalias,#hash_329240ccb8f87bf1
soundalias,#hash_329241ccb8f87da4
soundalias,#hash_329242ccb8f87f57
soundalias,#hash_329243ccb8f8810a
soundalias,#hash_329244ccb8f882bd
soundalias,#vox_solo_end_round2_plr_3_0
soundalias,#fly_zombie_ground_climbout
soundalias,#mus_mansion_roundstart_1_intro
soundalias,#wpn_scepter_plant_lp
soundalias,#hash_32b7c0304e62ed41
soundalias,#vox_scepter_ready_plr_1_2
soundalias,#vox_scepter_ready_plr_1_1
soundalias,#vox_scepter_ready_plr_1_0
soundalias,#vox_plasma_detonation_react_plr_1_4
soundalias,#vox_plasma_detonation_react_plr_1_3
soundalias,#vox_plasma_detonation_react_plr_1_2
soundalias,#vox_plasma_detonation_react_plr_1_1
soundalias,#vox_plasma_detonation_react_plr_1_0
soundalias,#zmb_fasttravel_teleport_end_plr
soundalias,#vox_generic_responses_negative_plr_10_9
soundalias,#vox_generic_responses_negative_plr_10_8
soundalias,#vox_generic_responses_negative_plr_10_7
soundalias,#vox_generic_responses_negative_plr_10_6
soundalias,#vox_generic_responses_negative_plr_10_5
soundalias,#vox_generic_responses_negative_plr_10_4
soundalias,#vox_generic_responses_negative_plr_10_3
soundalias,#vox_generic_responses_negative_plr_10_2
soundalias,#vox_generic_responses_negative_plr_10_1
soundalias,#vox_generic_responses_negative_plr_10_0
soundalias,#zmb_vocals_werewolf_shake
soundalias,#hash_33013bd02d5ed798
soundalias,#zmb_forest_gate
soundalias,#hash_332a68ef995354fb
soundalias,#mus_fire_sale_end
soundalias,#vox_hammer_ready_plr_9_1
soundalias,#vox_hammer_ready_plr_9_0
soundalias,#vox_hammer_ready_plr_9_2
soundalias,#wpn_hammer_storm_activate
soundalias,#dst_spark_bounces
soundalias,#vox_dragon_kill_plr_2_4
soundalias,#vox_dragon_kill_plr_2_2
soundalias,#vox_dragon_kill_plr_2_3
soundalias,#vox_dragon_kill_plr_2_0
soundalias,#vox_dragon_kill_plr_2_1
soundalias,#vox_revive_shaw_plr_2_4
soundalias,#vox_revive_shaw_plr_2_1
soundalias,#vox_revive_shaw_plr_2_0
soundalias,#vox_revive_shaw_plr_2_3
soundalias,#vox_revive_shaw_plr_2_2
soundalias,#vox_surrounded_oh_shit_plr_12_7
soundalias,#vox_surrounded_oh_shit_plr_12_6
soundalias,#vox_surrounded_oh_shit_plr_12_5
soundalias,#vox_surrounded_oh_shit_plr_12_4
soundalias,#vox_surrounded_oh_shit_plr_12_3
soundalias,#vox_surrounded_oh_shit_plr_12_2
soundalias,#vox_surrounded_oh_shit_plr_12_1
soundalias,#vox_surrounded_oh_shit_plr_12_0
soundalias,#vox_surrounded_oh_shit_plr_12_9
soundalias,#vox_surrounded_oh_shit_plr_12_8
soundalias,#hash_33613f3c54ff3e67
soundalias,#zmb_fasttravel_teleport_lp_plr
soundalias,#vox_plr_death_react_plr_10_0
soundalias,#hash_3377a499cf9541a8
soundalias,#hash_3377a599cf95435b
soundalias,#hash_3377a699cf95450e
soundalias,#hash_3377a799cf9546c1
soundalias,#hash_3377aa99cf954bda
soundalias,#fly_melee_imp_chakram_rock
soundalias,#zmb_fasttravel_teleport_start_npc
soundalias,#vox_greenhouse_enter_plr_12_0
soundalias,#hash_33b6a998603c309d
soundalias,#mus_mansion_roundend_3_intro
soundalias,#hash_33c26ec9a34c37b0
soundalias,#hash_33c26fc9a34c3963
soundalias,#hash_33c271c9a34c3cc9
soundalias,#hash_33d6c5b8e31aec14
soundalias,#wpn_homunculus_throw_plr
soundalias,#hash_33e51d509e728cc4
soundalias,#zmb_bat_vox_atk
soundalias,#vox_dieg_kill_streak_plr_4_3
soundalias,#vox_dieg_kill_streak_plr_4_2
soundalias,#vox_dieg_kill_streak_plr_4_1
soundalias,#vox_dieg_kill_streak_plr_4_0
soundalias,#vox_dieg_kill_streak_plr_4_5
soundalias,#vox_dieg_kill_streak_plr_4_4
soundalias,#vox_werewolf_invisible_plr_11_0
soundalias,#zmb_bat_vox_amb
soundalias,#vox_solo_end_round1_plr_1_0
soundalias,#hash_3422706f7d7bcc36
soundalias,#hash_3422726f7d7bcf9c
soundalias,#hash_3422736f7d7bd14f
soundalias,#hash_3422756f7d7bd4b5
soundalias,#hash_342718d459dcece9
soundalias,#fly_step_walk_zdog_ice
soundalias,#hash_342a3db46674e67a
soundalias,#hash_343bf66b64f5830e
soundalias,#zmb_sk_tree_hit_knife_swt
soundalias,#hash_347405639c774012
soundalias,#aml_dog_growl
soundalias,#zmb_prima_gear_start
soundalias,#vox_5_banter_brun_shaw_plr_2_0
soundalias,#vox_wood_piece_react_plr_10_0
soundalias,#fly_step_walk_zdog_metalcatwalk
soundalias,#hash_34b16f03c4ce4b97
soundalias,#hash_34b17003c4ce4d4a
soundalias,#fly_step_run_zdog_glasscar
soundalias,#vox_hammer_activate_plr_1_3
soundalias,#vox_hammer_activate_plr_1_2
soundalias,#vox_hammer_activate_plr_1_1
soundalias,#vox_hammer_activate_plr_1_0
soundalias,#vox_brig_kill_streak_plr_11_2
soundalias,#vox_brig_kill_streak_plr_11_3
soundalias,#vox_brig_kill_streak_plr_11_0
soundalias,#vox_brig_kill_streak_plr_11_1
soundalias,#vox_brig_kill_streak_plr_11_4
soundalias,#vox_altar_interact_first_plr_9_0
soundalias,#vox_stone_drink_revive_react_plr_12_0
soundalias,#phy_glass_bottle_bounce
soundalias,#vox_observatory_defend_plr_12_0
soundalias,#vox_werewolf_defeat_plr_10_0
soundalias,#vox_generic_responses_negative_plr_1_3
soundalias,#vox_generic_responses_negative_plr_1_2
soundalias,#vox_generic_responses_negative_plr_1_1
soundalias,#vox_generic_responses_negative_plr_1_0
soundalias,#vox_generic_responses_negative_plr_1_7
soundalias,#vox_generic_responses_negative_plr_1_6
soundalias,#vox_generic_responses_negative_plr_1_5
soundalias,#vox_generic_responses_negative_plr_1_4
soundalias,#fly_mann_limb_bounce_rubber
soundalias,#hash_352bbb7b18e41c05
soundalias,#vox_kill_arnie_plr_12_3
soundalias,#vox_kill_arnie_plr_12_2
soundalias,#vox_kill_arnie_plr_12_1
soundalias,#vox_kill_arnie_plr_12_0
soundalias,#vox_kill_arnie_plr_12_4
soundalias,#zmb_vocals_werewolf_howl
soundalias,#zmb_hellhound_spawn
soundalias,#vox_pap_react_first_plr_11_0
soundalias,#hash_3551c9daf9fc1732
soundalias,#wpn_ray_reload_close
soundalias,#wpn_generic_clip_bounce_ceramic
soundalias,#vox_revive_self_plr_4_0
soundalias,#vox_revive_self_plr_4_1
soundalias,#vox_revive_self_plr_4_2
soundalias,#hash_356be749f3746d22
soundalias,#zmb_gold_bracelet_loop
soundalias,#fly_step_crouch_walk_zdog_mud
soundalias,#hash_359f5cbf71da5b9b
soundalias,#hash_359f5fbf71da60b4
soundalias,#hash_359f60bf71da6267
soundalias,#hash_359f61bf71da641a
soundalias,#hash_359f62bf71da65cd
soundalias,#fly_splash_plr
soundalias,#hash_35c6237f5870e881
soundalias,#vox_safecracker_pick_up_plr_2_0
soundalias,#vox_guns_kill_streak_plr_12_4
soundalias,#vox_guns_kill_streak_plr_12_2
soundalias,#vox_guns_kill_streak_plr_12_3
soundalias,#vox_guns_kill_streak_plr_12_0
soundalias,#vox_guns_kill_streak_plr_12_1
soundalias,#vox_3_banter_brun_scar_plr_2_0
soundalias,#vox_scepter_kill_plr_1_2
soundalias,#vox_scepter_kill_plr_1_3
soundalias,#vox_scepter_kill_plr_1_0
soundalias,#vox_scepter_kill_plr_1_1
soundalias,#vox_scepter_kill_plr_1_4
soundalias,#fly_step_sprint_zdog_tallgrass
soundalias,#vox_plr_12_outro_igc_9_9
soundalias,#wpn_generic_wpn_bounce_wood
soundalias,#aml_dog_bark_collar
soundalias,#fly_step_crouch_run_zdog_concrete
soundalias,#vox_seer_stone_location_plr_12_2
soundalias,#vox_seer_stone_location_plr_12_0
soundalias,#vox_seer_stone_location_plr_12_1
soundalias,#hash_363c7b3dae548470
soundalias,#hash_3640a466781bf551
soundalias,#vox_box_tactical_plr_3_4
soundalias,#vox_box_tactical_plr_3_0
soundalias,#vox_box_tactical_plr_3_1
soundalias,#vox_box_tactical_plr_3_2
soundalias,#vox_box_tactical_plr_3_3
soundalias,#hash_364cb39501e7e0ae
soundalias,#hash_364cd5cdbbc66749
soundalias,#hash_365525e6193d1f1e
soundalias,#zmb_hellhound_prespawn
soundalias,#vox_viper_level_3_plr_3_2
soundalias,#vox_viper_level_3_plr_3_0
soundalias,#vox_viper_level_3_plr_3_1
soundalias,#fly_step_crouch_walk_zdog_cloth
soundalias,#hash_3682a6259c85c134
soundalias,#hash_3682a8259c85c49a
soundalias,#vox_silver_bullets_kill_plr_10_1
soundalias,#vox_silver_bullets_kill_plr_10_0
soundalias,#vox_silver_bullets_kill_plr_10_3
soundalias,#vox_silver_bullets_kill_plr_10_2
soundalias,#vox_silver_bullets_kill_plr_10_4
soundalias,#wpn_generic_clip_bounce_paper
soundalias,#vox_solo_game_start_1_plr_12_0
soundalias,#hash_369902fc240b940b
soundalias,#hash_369903fc240b95be
soundalias,#hash_369904fc240b9771
soundalias,#amb_crickets
soundalias,#amb_clock_tick_loop
soundalias,#prj_crossbow_impact_ice_crack
soundalias,#phy_impact_hard_foliage
soundalias,#vox_box_arnie_plr_3_4
soundalias,#vox_box_arnie_plr_3_2
soundalias,#vox_box_arnie_plr_3_3
soundalias,#vox_box_arnie_plr_3_0
soundalias,#vox_box_arnie_plr_3_1
soundalias,#hash_36e6966b62980731
soundalias,#wpn_fire_trap_start
soundalias,#hash_372cb86537e2ee57
soundalias,#fly_melee_imp_hammer_zm_flesh
soundalias,#hash_373ab869c634b58b
soundalias,#hash_3744cc670a5b706b
soundalias,#prj_crossbow_impact_paper
soundalias,#wpn_scepter_melee_impact_swt_plr
soundalias,#hash_376422c69209cc37
soundalias,#hash_376423c69209cdea
soundalias,#hash_3765e25049981166
soundalias,#hash_376eaa517cd09530
soundalias,#wpn_scepter_sheathe_plr
soundalias,#wpn_scepter_plant_kill
soundalias,#fly_zombie_mantle_fast
soundalias,#hash_37b2309d9c8e0ea5
soundalias,#vox_box_interact_first_plr_9_0
soundalias,#hash_37b827209133d3cd
soundalias,#vox_master_bed_enter_plr_9_0
soundalias,#fly_step_walk_zdog_cloth
soundalias,#vox_viper_dragon_ready_plr_10_1
soundalias,#vox_viper_dragon_ready_plr_10_0
soundalias,#vox_viper_dragon_ready_plr_10_2
soundalias,#fly_mann_limb_bounce_grass
soundalias,#fly_melee_imp_hammer_flesh_npc
soundalias,#zmb_vocals_nosferatu_ambient
soundalias,#vox_kill_revenge_plr_3_10
soundalias,#vox_knight_trap_defend_comp_plr_10_0
soundalias,#fly_step_run_zdog_asphalt
soundalias,#vox_special_round_kill_plr_11_4
soundalias,#vox_special_round_kill_plr_11_3
soundalias,#vox_special_round_kill_plr_11_2
soundalias,#vox_special_round_kill_plr_11_1
soundalias,#vox_special_round_kill_plr_11_0
soundalias,#fly_stake_impact_npc
soundalias,#fly_step_walk_zdog_rock
soundalias,#hash_38072f752581cfd2
soundalias,#vox_barrier_rebuild_plr_4_1
soundalias,#vox_barrier_rebuild_plr_4_0
soundalias,#vox_barrier_rebuild_plr_4_3
soundalias,#vox_barrier_rebuild_plr_4_2
soundalias,#vox_barrier_rebuild_plr_4_4
soundalias,#wpn_electric_trap_stop
soundalias,#vox_hammer_activate_plr_10_4
soundalias,#vox_hammer_activate_plr_10_3
soundalias,#vox_hammer_activate_plr_10_2
soundalias,#vox_hammer_activate_plr_10_1
soundalias,#vox_hammer_activate_plr_10_0
soundalias,#fly_step_sprint_zdog_snow
soundalias,#hash_3847827e6d965c25
soundalias,#vox_m_quest_circle_appears_plr_1_0
soundalias,#wpn_generic_clip_bounce_rock
soundalias,#vox_5_banter_scar_shaw_plr_4_1
soundalias,#zmb_vocals_werewolf_attack
soundalias,#vox_kill_streak_plr_2_9
soundalias,#vox_kill_streak_plr_2_8
soundalias,#vox_kill_streak_plr_2_3
soundalias,#vox_kill_streak_plr_2_2
soundalias,#vox_kill_streak_plr_2_1
soundalias,#vox_kill_streak_plr_2_0
soundalias,#vox_kill_streak_plr_2_7
soundalias,#vox_kill_streak_plr_2_6
soundalias,#vox_kill_streak_plr_2_5
soundalias,#vox_kill_streak_plr_2_4
soundalias,#wpn_viper_melee_swing_double_plr
soundalias,#vox_engine_room_enter_plr_2_0
soundalias,#vox_gib_zombie_plr_3_4
soundalias,#vox_gib_zombie_plr_3_5
soundalias,#vox_gib_zombie_plr_3_2
soundalias,#vox_gib_zombie_plr_3_3
soundalias,#vox_gib_zombie_plr_3_0
soundalias,#vox_gib_zombie_plr_3_1
soundalias,#vox_brig_surrounded_oh_shit_plr_9_4
soundalias,#vox_brig_surrounded_oh_shit_plr_9_0
soundalias,#vox_brig_surrounded_oh_shit_plr_9_1
soundalias,#vox_brig_surrounded_oh_shit_plr_9_2
soundalias,#vox_brig_surrounded_oh_shit_plr_9_3
soundalias,#hash_389791e3ffd91781
soundalias,#wpn_generic_wpn_bounce_paintedmetal
soundalias,#fly_step_sprint_werewolf_soft
soundalias,#fly_step_prone_zdog_cushion
soundalias,#amb_outdoor_blend_forest
soundalias,#wpn_scepter_plant_stop
soundalias,#hash_38da480a84b97bda
soundalias,#fly_step_run_zdog_water
soundalias,#vox_scepter_activate_plr_2_2
soundalias,#vox_scepter_activate_plr_2_3
soundalias,#vox_scepter_activate_plr_2_0
soundalias,#vox_scepter_activate_plr_2_1
soundalias,#vox_scepter_activate_plr_2_4
soundalias,#fly_step_prone_zdog_glass
soundalias,#fly_stake_impact_victim
soundalias,#vox_wonder_experiment_comp_plr_12_0
soundalias,#fly_step_crouch_run_zdog_cushion
soundalias,#fly_step_walk_zdog_sand
soundalias,#vox_revive_support_brun_plr_3_4
soundalias,#vox_revive_support_brun_plr_3_0
soundalias,#vox_revive_support_brun_plr_3_1
soundalias,#vox_revive_support_brun_plr_3_2
soundalias,#vox_revive_support_brun_plr_3_3
soundalias,#prj_crossbow_impact_metal
soundalias,#vox_nosferatu_kill_plr_12_5
soundalias,#vox_nosferatu_kill_plr_12_4
soundalias,#vox_nosferatu_kill_plr_12_1
soundalias,#vox_nosferatu_kill_plr_12_0
soundalias,#vox_nosferatu_kill_plr_12_3
soundalias,#vox_nosferatu_kill_plr_12_2
soundalias,#vox_altar_nosferatu_react_plr_12_0
soundalias,#vox_powerup_firesale_plr_2_4
soundalias,#vox_powerup_firesale_plr_2_5
soundalias,#vox_powerup_firesale_plr_2_2
soundalias,#vox_powerup_firesale_plr_2_3
soundalias,#vox_powerup_firesale_plr_2_0
soundalias,#vox_powerup_firesale_plr_2_1
soundalias,#fly_zombie_jumpland_hard_swt
soundalias,#fly_step_prone_zdog_paper
soundalias,#vox_wolf_herb_react_plr_11_0
soundalias,#hash_397f465deff1747b
soundalias,#hash_397fa4e3bc7de2fb
soundalias,#vox_pickup_rocketshield_plr_10_1
soundalias,#vox_pickup_rocketshield_plr_10_0
soundalias,#vox_pickup_rocketshield_plr_10_2
soundalias,#vox_library_enter_plr_10_0
soundalias,#vox_box_launcher_plr_3_5
soundalias,#vox_box_launcher_plr_3_4
soundalias,#vox_box_launcher_plr_3_3
soundalias,#vox_box_launcher_plr_3_2
soundalias,#vox_box_launcher_plr_3_1
soundalias,#vox_box_launcher_plr_3_0
soundalias,#hash_39ac0584c78a756f
soundalias,#vox_revive_down_0_plr_12_2
soundalias,#vox_revive_down_0_plr_12_0
soundalias,#hash_39aeb6203d612d70
soundalias,#fly_rattle_piano
soundalias,#fly_melee_imp_chakram_metalcar
soundalias,#vox_plr_death_react_0_plr_12_0
soundalias,#wpn_viper_melee_impact_swt_plr
soundalias,#hash_39d728b999c0f020
soundalias,#vox_surrounded_oh_shit_plr_2_6
soundalias,#vox_surrounded_oh_shit_plr_2_7
soundalias,#vox_surrounded_oh_shit_plr_2_4
soundalias,#vox_surrounded_oh_shit_plr_2_5
soundalias,#vox_surrounded_oh_shit_plr_2_2
soundalias,#vox_surrounded_oh_shit_plr_2_3
soundalias,#vox_surrounded_oh_shit_plr_2_0
soundalias,#vox_surrounded_oh_shit_plr_2_1
soundalias,#vox_surrounded_oh_shit_plr_2_8
soundalias,#vox_surrounded_oh_shit_plr_2_9
soundalias,#vox_pickup_bowie_plr_9_0
soundalias,#hash_39e79a32dcbea912
soundalias,#wpn_hammer_slam_elec_npc
soundalias,#vox_solo_end_round2_plr_2_0
soundalias,#phy_impact_metal_metal
soundalias,#zmb_vocals_hellhound_ambient_anim
soundalias,#hash_3a180f4c4f1a4d19
soundalias,#vox_werewolf_trapped_plr_10_0
soundalias,#vox_scepter_level_3_plr_12_2
soundalias,#vox_scepter_level_3_plr_12_0
soundalias,#vox_scepter_level_3_plr_12_1
soundalias,#vox_crawler_los_plr_11_1
soundalias,#vox_crawler_los_plr_11_0
soundalias,#vox_crawler_los_plr_11_3
soundalias,#vox_crawler_los_plr_11_2
soundalias,#vox_crawler_los_plr_11_4
soundalias,#wpn_generic_wpn_bounce_brick
soundalias,#vox_wonder_chaos_material_plr_11_0
soundalias,#vox_fire_trap_change_react_plr_12_0
soundalias,#hash_3a99f739009a77fa
soundalias,#hash_3a9d8964fe5bfaf2
soundalias,#zmb_vocals_zombie_death_nohead
soundalias,#hash_3aa4671e25205cc8
soundalias,#hash_3aa4a8ccf51765e8
soundalias,#hash_3aa5abb95e6135dc
soundalias,#hash_3aa5acb95e61378f
soundalias,#hash_3ab7968f3d5362bc
soundalias,#vox_plr_1_outro_igc_17_17
soundalias,#hash_3acd0d94580f63ae
soundalias,#zmb_perks_packa_deny
soundalias,#vox_treasure_chest_activate_1_plr_2_0
soundalias,#hash_3af16170dcb577e5
soundalias,#vox_vomit_knife_mod_react_plr_3_0
soundalias,#vox_wood_piece_react_plr_11_0
soundalias,#amb_bat_wings
soundalias,#amb_indoor_blend
soundalias,#fly_step_puddle_npc
soundalias,#vox_2_banter_scar_shaw_plr_1_1
soundalias,#wpn_viper_melee_impact_swt_victim
soundalias,#fly_melee_imp_scepter_plastic
soundalias,#fly_step_crouch_run_zdog_sand
soundalias,#hash_3b640044879318a1
soundalias,#dst_solar_flux_l
soundalias,#dst_solar_flux_r
soundalias,#hash_3b6983b084cfef53
soundalias,#vox_4_banter_dieg_scar_plr_3_0
soundalias,#fly_melee_imp_galva_rock
soundalias,#vox_revive_shaw_plr_3_4
soundalias,#vox_revive_shaw_plr_3_5
soundalias,#vox_revive_shaw_plr_3_0
soundalias,#vox_revive_shaw_plr_3_1
soundalias,#vox_revive_shaw_plr_3_2
soundalias,#vox_revive_shaw_plr_3_3
soundalias,#vox_chakram_level_3_plr_9_2
soundalias,#vox_chakram_level_3_plr_9_1
soundalias,#vox_chakram_level_3_plr_9_0
soundalias,#vox_sentinel_key_plr_10_0
soundalias,#vox_revive_down_plr_1_3
soundalias,#vox_revive_down_plr_1_2
soundalias,#vox_revive_down_plr_1_1
soundalias,#vox_revive_down_plr_1_0
soundalias,#vox_revive_down_plr_1_5
soundalias,#vox_revive_down_plr_1_4
soundalias,#vox_box_lmg_plr_10_4
soundalias,#vox_box_lmg_plr_10_3
soundalias,#vox_box_lmg_plr_10_2
soundalias,#vox_box_lmg_plr_10_1
soundalias,#vox_box_lmg_plr_10_0
soundalias,#zmb_energy_core_loop
soundalias,#vox_car_crash_plr_4_0
soundalias,#hash_3ba9aae66f6aa77d
soundalias,#fly_step_walk_zdog_asphalt
soundalias,#fly_golden_knife_first_raise
soundalias,#hash_3bc6c3bd34bf91b8
soundalias,#zmb_blocker_debris_lp
soundalias,#vox_crawler_kill_plr_4_1
soundalias,#vox_crawler_kill_plr_4_0
soundalias,#vox_crawler_kill_plr_4_3
soundalias,#vox_crawler_kill_plr_4_2
soundalias,#vox_crawler_kill_plr_4_4
soundalias,#wpn_scepter_melee_plr
soundalias,#vox_clock_interact_first_plr_9_0
soundalias,#vox_kill_explo_plr_2_3
soundalias,#vox_kill_explo_plr_2_2
soundalias,#vox_kill_explo_plr_2_1
soundalias,#vox_kill_explo_plr_2_0
soundalias,#vox_kill_explo_plr_2_4
soundalias,#hash_3be87dc0904e2f52
soundalias,#vox_forest_locked_gate_plr_10_0
soundalias,#hash_3beaa6c9a7c64998
soundalias,#hash_3beaa7c9a7c64b4b
soundalias,#hash_3beaa8c9a7c64cfe
soundalias,#vox_knight_trap_active_plr_10_4
soundalias,#vox_knight_trap_active_plr_10_3
soundalias,#vox_knight_trap_active_plr_10_2
soundalias,#vox_knight_trap_active_plr_10_1
soundalias,#vox_knight_trap_active_plr_10_0
soundalias,#hash_3c1473bf74e2a0f0
soundalias,#hash_3c1477bf74e2a7bc
soundalias,#hash_3c1478bf74e2a96f
soundalias,#hash_3c1479bf74e2ab22
soundalias,#hash_3c147abf74e2acd5
soundalias,#fly_step_walk_werewolf_wood
soundalias,#vox_revive_brun_plr_3_4
soundalias,#vox_revive_brun_plr_3_0
soundalias,#vox_revive_brun_plr_3_1
soundalias,#vox_revive_brun_plr_3_2
soundalias,#vox_revive_brun_plr_3_3
soundalias,#vox_fish_retrieve_first_plr_4_0
soundalias,#fly_metal_plank_npc
soundalias,#vox_revive_support_guns_plr_12_2
soundalias,#vox_revive_support_guns_plr_12_3
soundalias,#vox_revive_support_guns_plr_12_0
soundalias,#vox_revive_support_guns_plr_12_1
soundalias,#vox_revive_support_guns_plr_12_4
soundalias,#hash_3c39ca349a4d1e4d
soundalias,#vox_scepter_ready_plr_12_1
soundalias,#vox_scepter_ready_plr_12_0
soundalias,#hash_3c4e944b7df854e4
soundalias,#hash_3c5d15448b5aa428
soundalias,#hash_3c5d16448b5aa5db
soundalias,#vox_observatory_defend_plr_11_0
soundalias,#hash_3c61bf4e7b20bd38
soundalias,#vox_plr_ghost_revive_plr_10_1
soundalias,#vox_plr_ghost_revive_plr_10_0
soundalias,#vox_plr_ghost_revive_plr_10_2
soundalias,#vox_stoker_key_pick_up_plr_3_0
soundalias,#vox_sentinel_key_plr_4_0
soundalias,#prj_crossbow_impact_teddybear
soundalias,#hash_3c7a727b1ca561fa
soundalias,#hash_3c7b9b222c1518b3
soundalias,#vox_1_banter_brun_shaw_plr_4_0
soundalias,#vox_ammo_low_plr_9_2
soundalias,#vox_ammo_low_plr_9_3
soundalias,#vox_ammo_low_plr_9_0
soundalias,#vox_ammo_low_plr_9_1
soundalias,#vox_ammo_low_plr_9_4
soundalias,#vox_bench_interact_first_plr_12_0
soundalias,#hash_3c9205710de92f1a
soundalias,#vox_4_banter_dieg_shaw_plr_3_0
soundalias,#hash_3c9872202f62b513
soundalias,#hash_3c9c910adbea70f2
soundalias,#hash_3ca25191fca1e696
soundalias,#hash_3ca6c0d3ecd48de2
soundalias,#vox_box_ar_plr_2_3
soundalias,#vox_box_ar_plr_2_2
soundalias,#vox_box_ar_plr_2_1
soundalias,#vox_box_ar_plr_2_0
soundalias,#vox_box_ar_plr_2_4
soundalias,#fly_melee_imp_scepter_metalcar
soundalias,#fly_step_crouch_walk_zdog_rock
soundalias,#vox_silver_bullets_build_plr_10_0
soundalias,#vox_sulfur_pickup_plr_12_0
soundalias,#wpn_viper_melee_swing_double_npc
soundalias,#vox_generic_responses_negative_plr_11_6
soundalias,#vox_generic_responses_negative_plr_11_7
soundalias,#vox_generic_responses_negative_plr_11_4
soundalias,#vox_generic_responses_negative_plr_11_5
soundalias,#vox_generic_responses_negative_plr_11_2
soundalias,#vox_generic_responses_negative_plr_11_3
soundalias,#vox_generic_responses_negative_plr_11_0
soundalias,#vox_generic_responses_negative_plr_11_1
soundalias,#vox_generic_responses_negative_plr_11_8
soundalias,#vox_generic_responses_negative_plr_11_9
soundalias,#wpn_chakram_projectile_lp
soundalias,#hash_3ce2144650e1e3ac
soundalias,#hash_3ce2164650e1e712
soundalias,#hash_3ce2174650e1e8c5
soundalias,#hash_3ce3b3c381327cd4
soundalias,#hash_3ce460f337359b9d
soundalias,#zmb_bat_die
soundalias,#vox_box_pistol_plr_1_0
soundalias,#vox_box_pistol_plr_1_1
soundalias,#vox_box_pistol_plr_1_2
soundalias,#fly_step_crouch_walk_zdog_bark
soundalias,#vox_safecracker_pick_up_plr_1_0
soundalias,#vox_kill_melee_plr_1_2
soundalias,#vox_kill_melee_plr_1_3
soundalias,#vox_kill_melee_plr_1_0
soundalias,#vox_kill_melee_plr_1_1
soundalias,#vox_kill_melee_plr_1_6
soundalias,#vox_kill_melee_plr_1_7
soundalias,#vox_kill_melee_plr_1_4
soundalias,#vox_kill_melee_plr_1_5
soundalias,#hash_3d2e3c2f451c8e2a
soundalias,#zmb_vocals_nosferatu_sprint
soundalias,#hash_3d4162f1d6598a06
soundalias,#vox_powerup_carpenter_plr_4_1
soundalias,#vox_powerup_carpenter_plr_4_0
soundalias,#vox_powerup_carpenter_plr_4_3
soundalias,#vox_powerup_carpenter_plr_4_2
soundalias,#vox_magic_box_share_plr_4_3
soundalias,#vox_magic_box_share_plr_4_2
soundalias,#vox_magic_box_share_plr_4_1
soundalias,#vox_magic_box_share_plr_4_0
soundalias,#vox_magic_box_share_plr_4_4
soundalias,#hash_3d4757ccbf9d8e06
soundalias,#hash_3d4759ccbf9d916c
soundalias,#hash_3d475accbf9d931f
soundalias,#hash_3d475bccbf9d94d2
soundalias,#hash_3d475cccbf9d9685
soundalias,#vox_grenade_react_plr_9_0
soundalias,#hash_3d4d41b8d5231f4e
soundalias,#hash_3d4d43b8d52322b4
soundalias,#hash_3d4d44b8d5232467
soundalias,#hash_3d4d45b8d523261a
soundalias,#hash_3d4d46b8d52327cd
soundalias,#vox_wood_piece_react_plr_9_0
soundalias,#vox_pap_react_first_plr_12_0
soundalias,#hash_3d6c81289918e3df
soundalias,#hash_3d7ba193a917b881
soundalias,#vox_wonder_level_3_comp_plr_10_0
soundalias,#hash_3d840ecf2e8a9a62
soundalias,#vox_dining_room_enter_plr_9_0
soundalias,#fly_step_crouch_walk_zdog_tallgrass
soundalias,#hash_3d8fef5997663b17
soundalias,#vox_box_react_first_plr_3_0
soundalias,#hash_3d945d44ecdab610
soundalias,#hash_3d990f223cf8728d
soundalias,#fly_melee_imp_galva_plastic
soundalias,#vox_kill_revenge_plr_9_8
soundalias,#vox_kill_revenge_plr_9_9
soundalias,#vox_kill_revenge_plr_9_0
soundalias,#vox_kill_revenge_plr_9_1
soundalias,#vox_kill_revenge_plr_9_2
soundalias,#vox_kill_revenge_plr_9_3
soundalias,#vox_kill_revenge_plr_9_4
soundalias,#vox_kill_revenge_plr_9_5
soundalias,#vox_kill_revenge_plr_9_6
soundalias,#vox_kill_revenge_plr_9_7
soundalias,#vox_pap_wait_plr_9_2
soundalias,#vox_pap_wait_plr_9_3
soundalias,#vox_pap_wait_plr_9_0
soundalias,#vox_pap_wait_plr_9_1
soundalias,#vox_pap_wait_plr_9_4
soundalias,#hash_3dd6b2273c98fd3d
soundalias,#vox_shoot_pool_interact_plr_9_0
soundalias,#hash_3ddf82ef9ff86c29
soundalias,#wpn_hammer_melee_impact_swt_victim
soundalias,#hash_3e0250d45fc89351
soundalias,#hash_3e0423e6ae1b4b0d
soundalias,#fly_step_walk_zdog_ceramic
soundalias,#hash_3e0ecfe5509eeb52
soundalias,#zmb_vocals_zombie_attack_melee
soundalias,#zmb_crafting_sb_success
soundalias,#vox_altar_nosferatu_react_plr_9_0
soundalias,#hash_3e62626113c18af9
soundalias,#vox_plr_1_outro_igc_19_19
soundalias,#aml_dog_run_start
soundalias,#vox_viper_dragon_activate_plr_9_4
soundalias,#vox_viper_dragon_activate_plr_9_3
soundalias,#vox_viper_dragon_activate_plr_9_2
soundalias,#vox_viper_dragon_activate_plr_9_1
soundalias,#vox_viper_dragon_activate_plr_9_0
soundalias,#hash_3eaae008a56e81e8
soundalias,#hash_3eab01eef538f70a
soundalias,#hash_3eac3c3c341e4070
soundalias,#vox_werewolf_invisible_plr_10_0
soundalias,#vox_silver_bullets_kill_plr_11_0
soundalias,#vox_silver_bullets_kill_plr_11_1
soundalias,#vox_silver_bullets_kill_plr_11_2
soundalias,#vox_silver_bullets_kill_plr_11_3
soundalias,#vox_silver_bullets_kill_plr_11_4
soundalias,#vox_dieg_kill_headshot_plr_4_4
soundalias,#vox_dieg_kill_headshot_plr_4_3
soundalias,#vox_dieg_kill_headshot_plr_4_2
soundalias,#vox_dieg_kill_headshot_plr_4_1
soundalias,#vox_dieg_kill_headshot_plr_4_0
soundalias,#hash_3ec199fc28864760
soundalias,#hash_3ec19bfc28864ac6
soundalias,#hash_3ec19cfc28864c79
soundalias,#hash_3ec1f9525c5133b6
soundalias,#hash_3ecc7d1af829f0d0
soundalias,#hash_3ecc7e1af829f283
soundalias,#hash_3ecc851af829fe68
soundalias,#hash_3ecc861af82a001b
soundalias,#hash_3ecc871af82a01ce
soundalias,#hash_3ecc881af82a0381
soundalias,#hash_3ecc891af82a0534
soundalias,#hash_3ecc8a1af82a06e7
soundalias,#hash_3ecc8b1af82a089a
soundalias,#hash_3ecc8c1af82a0a4d
soundalias,#prj_crossbow_impact_bark
soundalias,#wpn_crossbow_dryfire_plr
soundalias,#fly_step_run_zdog_cloth
soundalias,#vox_stake_bowie_kill_plr_12_0
soundalias,#wpn_generic_wpn_bounce_cloth
soundalias,#vox_altar_interact_first_plr_10_0
soundalias,#vox_blightfather_weak_points_plr_1_0
soundalias,#vox_blightfather_weak_points_plr_1_1
soundalias,#vox_blightfather_weak_points_plr_1_2
soundalias,#hash_3f1e36ef63d6b3d5
soundalias,#vox_viper_dragon_ready_plr_11_0
soundalias,#vox_viper_dragon_ready_plr_11_1
soundalias,#vox_viper_dragon_ready_plr_11_2
soundalias,#wpn_hammer_bolt_explo
soundalias,#hash_3f2febc0250ace29
soundalias,#wpn_generic_wpn_bounce_carpet
soundalias,#fly_step_sprint_zdog_gravel
soundalias,#vox_wolf_herb_react_plr_9_0
soundalias,#zmb_step_nosferatu_sprint_default
soundalias,#vox_knight_trap_defend_comp_plr_11_0
soundalias,#vox_fast_travel_end_plr_9_4
soundalias,#vox_fast_travel_end_plr_9_2
soundalias,#vox_fast_travel_end_plr_9_3
soundalias,#vox_fast_travel_end_plr_9_0
soundalias,#vox_fast_travel_end_plr_9_1
soundalias,#vox_chakram_level_3_plr_12_1
soundalias,#vox_chakram_level_3_plr_12_0
soundalias,#vox_chakram_level_3_plr_12_2
soundalias,#fly_melee_imp_scepter_riot
soundalias,#fly_step_crouch_run_zdog_glassbulletproof
soundalias,#vox_werewolf_intro_plr_9_0
soundalias,#vox_berths_enter_plr_2_0
soundalias,#vox_radiant_react_plr_9_0
soundalias,#hash_3f8a0a9cc44ef98c
soundalias,#vox_wonder_level_2_comp_plr_12_0
soundalias,#vox_amulet_interact_plr_9_0
soundalias,#phy_impact_wood_hard
soundalias,#zmb_vocals_zombie_mutate
soundalias,#zmb_altar_danu_palm_lp
soundalias,#vox_plr_11_outro_igc_2_2
soundalias,#hash_3fdf4ea8be67182e
soundalias,#hash_3ff33253e6ac1ae8
soundalias,#fly_step_sprint_zdog_concrete
soundalias,#vox_special_round_kill_plr_10_4
soundalias,#vox_special_round_kill_plr_10_2
soundalias,#vox_special_round_kill_plr_10_3
soundalias,#vox_special_round_kill_plr_10_0
soundalias,#vox_special_round_kill_plr_10_1
soundalias,#prj_crossbow_impact_rock
soundalias,#hash_40317c908287dc4c
soundalias,#vox_perk_generic_plr_3_14
soundalias,#vox_perk_generic_plr_3_12
soundalias,#vox_perk_generic_plr_3_13
soundalias,#vox_perk_generic_plr_3_10
soundalias,#vox_perk_generic_plr_3_11
soundalias,#hash_403ba8c0b5d62e30
soundalias,#vox_telescope_code_confirm_plr_11_0
soundalias,#vox_chakram_kill_mult_plr_2_4
soundalias,#vox_chakram_kill_mult_plr_2_1
soundalias,#vox_chakram_kill_mult_plr_2_0
soundalias,#vox_chakram_kill_mult_plr_2_3
soundalias,#vox_chakram_kill_mult_plr_2_2
soundalias,#vox_scepter_level_3_plr_1_2
soundalias,#vox_scepter_level_3_plr_1_0
soundalias,#vox_scepter_level_3_plr_1_1
soundalias,#vox_box_move_plr_4_3
soundalias,#vox_box_move_plr_4_2
soundalias,#vox_box_move_plr_4_1
soundalias,#vox_box_move_plr_4_0
soundalias,#phy_impact_robot_gib
soundalias,#hash_409bd11382c2e617
soundalias,#vox_3_banter_brun_scar_plr_1_1
soundalias,#hash_40befb77a90dad94
soundalias,#fly_melee_imp_chakram_npc_glass
soundalias,#vox_3_banter_dieg_shaw_plr_3_0
soundalias,#vox_4_banter_brun_scar_plr_2_0
soundalias,#vox_library_enter_plr_11_0
soundalias,#hash_40edbb6c6ea5bb52
soundalias,#vox_ee_diary_scar_shaw_plr_4_10
soundalias,#vox_ee_diary_scar_shaw_plr_4_12
soundalias,#vox_ee_diary_scar_shaw_plr_4_14
soundalias,#vox_ee_diary_scar_shaw_plr_4_16
soundalias,#vox_kill_headshot_plr_9_4
soundalias,#vox_kill_headshot_plr_9_5
soundalias,#vox_kill_headshot_plr_9_6
soundalias,#vox_kill_headshot_plr_9_7
soundalias,#vox_kill_headshot_plr_9_0
soundalias,#vox_kill_headshot_plr_9_1
soundalias,#vox_kill_headshot_plr_9_2
soundalias,#vox_kill_headshot_plr_9_3
soundalias,#vox_kill_headshot_plr_9_8
soundalias,#vox_kill_headshot_plr_9_9
soundalias,#hash_40f93f81c44b9e40
soundalias,#hash_40fcd912cbe72868
soundalias,#hash_40fcda12cbe72a1b
soundalias,#hash_40fcdb12cbe72bce
soundalias,#hash_40fcdc12cbe72d81
soundalias,#hash_40fcdd12cbe72f34
soundalias,#hash_40fdafd4806ca427
soundalias,#fly_zombie_jumpland_hard
soundalias,#fly_step_prone_zdog_plaster
soundalias,#hash_411130c0c31e4a39
soundalias,#hash_411c0fd0837e45dc
soundalias,#vox_pickup_generic_plr_9_9
soundalias,#vox_pickup_generic_plr_9_8
soundalias,#vox_pickup_generic_plr_9_5
soundalias,#vox_pickup_generic_plr_9_4
soundalias,#vox_pickup_generic_plr_9_7
soundalias,#vox_pickup_generic_plr_9_6
soundalias,#vox_pickup_generic_plr_9_1
soundalias,#vox_pickup_generic_plr_9_0
soundalias,#vox_pickup_generic_plr_9_3
soundalias,#vox_pickup_generic_plr_9_2
soundalias,#phy_impact_wood_wood
soundalias,#fly_dog_step_run_default
soundalias,#hash_4129cf9133e09d53
soundalias,#fly_step_prone_zdog_plastic
soundalias,#vox_hammer_kill_plr_1_0
soundalias,#vox_hammer_kill_plr_1_1
soundalias,#vox_hammer_kill_plr_1_2
soundalias,#vox_hammer_kill_plr_1_3
soundalias,#vox_elixir_drink_plr_3_9
soundalias,#vox_elixir_drink_plr_3_8
soundalias,#vox_elixir_drink_plr_3_7
soundalias,#vox_elixir_drink_plr_3_6
soundalias,#vox_elixir_drink_plr_3_5
soundalias,#vox_elixir_drink_plr_3_4
soundalias,#vox_elixir_drink_plr_3_3
soundalias,#vox_elixir_drink_plr_3_2
soundalias,#vox_elixir_drink_plr_3_1
soundalias,#vox_elixir_drink_plr_3_0
soundalias,#hash_414c95206d51679c
soundalias,#hash_41517b15c6c56e59
soundalias,#hash_41620678756defa6
soundalias,#fly_mann_limb_bounce_foliage
soundalias,#hash_4167b27ee8cadc65
soundalias,#hash_417779fb616405d1
soundalias,#zmb_combo_case_stop
soundalias,#vox_treasure_chest_activate_2_plr_1_0
soundalias,#prj_crossbow_impact_vase
soundalias,#amb_forest_quad
soundalias,#hash_41b1b4aa63697b30
soundalias,#hash_41b1fbce8a92a725
soundalias,#vox_pickup_rocketshield_plr_11_0
soundalias,#vox_pickup_rocketshield_plr_11_1
soundalias,#vox_pickup_rocketshield_plr_11_2
soundalias,#hash_41c5ef88d30a0d04
soundalias,#fly_step_sprint_zdog_foliage
soundalias,#fly_step_crouch_run_zdog_fruit
soundalias,#vox_altar_activate_generic_plr_3_2
soundalias,#vox_altar_activate_generic_plr_3_1
soundalias,#vox_altar_activate_generic_plr_3_0
soundalias,#zmb_sk_tree_hit_knife
soundalias,#hash_41d764eca159410e
soundalias,#vox_hammer_ready_0_plr_12_0
soundalias,#prj_crossbow_impact_plate
soundalias,#zmb_crafting_success
soundalias,#hash_421e88ca1f411eab
soundalias,#hash_422e8e30569e0d0b
soundalias,#vox_treasure_chest_activate_1_plr_3_0
soundalias,#vox_vomit_knife_mod_react_plr_2_0
soundalias,#vox_werewolf_trapped_plr_11_0
soundalias,#hash_4257fa1f64efd1a0
soundalias,#hash_4257fe1f64efd86c
soundalias,#hash_4257ff1f64efda1f
soundalias,#hash_4258001f64efdbd2
soundalias,#hash_4258011f64efdd85
soundalias,#fly_step_prone_zdog_default
soundalias,#hash_42672ecc69a0efb1
soundalias,#vox_werewolf_react_plr_12_4
soundalias,#vox_werewolf_react_plr_12_0
soundalias,#vox_werewolf_react_plr_12_1
soundalias,#vox_werewolf_react_plr_12_2
soundalias,#vox_werewolf_react_plr_12_3
soundalias,#hash_429b3e87c953ccb8
soundalias,#hash_429b4087c953d01e
soundalias,#hash_429b4187c953d1d1
soundalias,#vox_cemetary_defend_comp_plr_9_0
soundalias,#hash_42b82e3347b46338
soundalias,#vox_sentinel_key_plr_11_0
soundalias,#vox_ee_order_alis_0
soundalias,#vox_hammer_activate_plr_11_4
soundalias,#vox_hammer_activate_plr_11_2
soundalias,#vox_hammer_activate_plr_11_3
soundalias,#vox_hammer_activate_plr_11_0
soundalias,#vox_hammer_activate_plr_11_1
soundalias,#vox_bowie_kill_plr_9_2
soundalias,#vox_bowie_kill_plr_9_0
soundalias,#vox_bowie_kill_plr_9_1
soundalias,#vox_2_banter_brun_shaw_plr_2_0
soundalias,#hash_42efef53d17e020f
soundalias,#hash_42f5e8f6fef8c757
soundalias,#fly_dog_step_water
soundalias,#fly_step_sprint_zdog_bark
soundalias,#hash_431244a512c56950
soundalias,#vox_kill_streak_plr_3_2
soundalias,#vox_kill_streak_plr_3_3
soundalias,#vox_kill_streak_plr_3_0
soundalias,#vox_kill_streak_plr_3_1
soundalias,#vox_kill_streak_plr_3_6
soundalias,#vox_kill_streak_plr_3_7
soundalias,#vox_kill_streak_plr_3_4
soundalias,#vox_kill_streak_plr_3_5
soundalias,#vox_kill_streak_plr_3_8
soundalias,#vox_kill_streak_plr_3_9
soundalias,#hash_4332e54b12b06564
soundalias,#vox_engine_room_enter_plr_3_0
soundalias,#hash_4339dbc9ab8865a7
soundalias,#hash_4339dcc9ab88675a
soundalias,#hash_4339ddc9ab88690d
soundalias,#fly_melee_imp_hammer_glass
soundalias,#hash_4349a2d5f50bf0dd
soundalias,#vox_knight_trap_active_plr_11_4
soundalias,#vox_knight_trap_active_plr_11_2
soundalias,#vox_knight_trap_active_plr_11_3
soundalias,#vox_knight_trap_active_plr_11_0
soundalias,#vox_knight_trap_active_plr_11_1
soundalias,#wpn_scepter_melee_impact_victim
soundalias,#dst_hydrant_end_loop
soundalias,#fly_step_sprint_zdog_plastic
soundalias,#vox_box_launcher_plr_2_4
soundalias,#vox_box_launcher_plr_2_2
soundalias,#vox_box_launcher_plr_2_3
soundalias,#vox_box_launcher_plr_2_0
soundalias,#vox_box_launcher_plr_2_1
soundalias,#wpn_generic_clip_bounce_paintedmetal
soundalias,#fly_step_sprint_zdog_plaster
soundalias,#dst_gas_canister_open
soundalias,#vox_ee_prima_materia_alis_0
soundalias,#vox_ee_prima_materia_alis_1
soundalias,#vox_assemble_rocketshield_plr_1_1
soundalias,#vox_assemble_rocketshield_plr_1_0
soundalias,#vox_assemble_rocketshield_plr_1_2
soundalias,#exp_nitrogen_tank_lfe
soundalias,#wpn_generic_wpn_bounce_snow
soundalias,#vox_decay_react_plr_4_0
soundalias,#vox_stoker_key_pick_up_plr_2_0
soundalias,#hash_43bc941f5e61242d
soundalias,#hash_43bf7071e443cfa5
soundalias,#hash_43bfd4ecaf335b7c
soundalias,#hash_43cfbbee98fb0071
soundalias,#vox_3_banter_brun_shaw_plr_4_0
soundalias,#vox_kill_explo_plr_3_2
soundalias,#vox_kill_explo_plr_3_3
soundalias,#vox_kill_explo_plr_3_0
soundalias,#vox_kill_explo_plr_3_1
soundalias,#vox_kill_explo_plr_3_4
soundalias,#hash_44095174449255cc
soundalias,#vox_forest_locked_gate_plr_11_0
soundalias,#hash_44129f8166993127
soundalias,#hash_442b8ad0370c6715
soundalias,#fly_step_crouch_run_zdog_ice
soundalias,#fly_step_walk_zdog_snow
soundalias,#vox_box_pistol_plr_2_4
soundalias,#vox_box_pistol_plr_2_3
soundalias,#vox_box_pistol_plr_2_2
soundalias,#vox_box_pistol_plr_2_1
soundalias,#vox_box_pistol_plr_2_0
soundalias,#vox_wonder_weapon_frame_plr_9_0
soundalias,#zmb_crafting_sb_start
soundalias,#fly_step_sprint_zdog_rock
soundalias,#vox_cemetary_enter_plr_9_0
soundalias,#vox_powerup_bonus_plr_1_1
soundalias,#vox_powerup_bonus_plr_1_0
soundalias,#vox_powerup_bonus_plr_1_3
soundalias,#vox_powerup_bonus_plr_1_2
soundalias,#vox_powerup_bonus_plr_1_4
soundalias,#fly_step_crouch_walk_zdog_brick
soundalias,#vox_observatory_defend_plr_9_0
soundalias,#prj_crossbow_impact_asphalt
soundalias,#hash_448b0c3c5eabf0fe
soundalias,#vox_perk_generic_plr_4_13
soundalias,#vox_perk_generic_plr_4_12
soundalias,#vox_perk_generic_plr_4_11
soundalias,#vox_perk_generic_plr_4_10
soundalias,#vox_perk_generic_plr_4_16
soundalias,#vox_perk_generic_plr_4_15
soundalias,#vox_perk_generic_plr_4_14
soundalias,#phy_impact_hard_soft
soundalias,#wpn_dragon_close_decay
soundalias,#vox_box_ar_plr_3_2
soundalias,#vox_box_ar_plr_3_3
soundalias,#vox_box_ar_plr_3_0
soundalias,#vox_box_ar_plr_3_1
soundalias,#vox_box_ar_plr_3_4
soundalias,#vox_wonder_level_3_comp_plr_11_0
soundalias,#hash_44d51c9753d17a7a
soundalias,#hash_44d91ed4d3903e3c
soundalias,#vox_crawler_los_plr_10_0
soundalias,#vox_crawler_los_plr_10_1
soundalias,#vox_crawler_los_plr_10_2
soundalias,#vox_crawler_los_plr_10_3
soundalias,#vox_crawler_los_plr_10_4
soundalias,#hash_44f26391e2da9d7f
soundalias,#wpn_hammer_melee_impact_plr
soundalias,#hash_450f6b50a8201a8e
soundalias,#hash_45110e3b69c3282e
soundalias,#wpn_generic_clip_bounce_flesh
soundalias,#fly_step_walk_zdog_default
soundalias,#hash_4542ef0d6a3ecf26
soundalias,#fly_melee_imp_galva_npc_glass
soundalias,#vox_wonder_chaos_material_plr_12_0
soundalias,#vox_box_interact_first_plr_12_0
soundalias,#hash_4550e8d46389a499
soundalias,#hash_4552c06505014367
soundalias,#hash_455548304f7d8165
soundalias,#wpn_hammer_melee_elec_plr
soundalias,#hash_456af38afaef9d77
soundalias,#hash_456af98afaefa7a9
soundalias,#vox_revive_self_plr_9_1
soundalias,#vox_revive_self_plr_9_0
soundalias,#vox_revive_self_plr_9_2
soundalias,#hash_457eb103eafefe25
soundalias,#vox_shield_interact_plr_10_0
soundalias,#hash_458647ea6251e886
soundalias,#zmb_ghost_loop_swt
soundalias,#vox_dieg_surrounded_oh_shit_plr_4_2
soundalias,#vox_dieg_surrounded_oh_shit_plr_4_3
soundalias,#vox_dieg_surrounded_oh_shit_plr_4_0
soundalias,#vox_dieg_surrounded_oh_shit_plr_4_1
soundalias,#vox_dieg_surrounded_oh_shit_plr_4_4
soundalias,#hash_4590b831b2aa0f25
soundalias,#fly_mann_limb_bounce_bark
soundalias,#hash_4594b9289d92f5c7
soundalias,#fly_step_sprint_zdog_water
soundalias,#hash_459db861d003fae1
soundalias,#hash_45a859394a1f455f
soundalias,#hash_45a87a32ed98445a
soundalias,#hash_45d8c3fdcaaf772a
soundalias,#vox_shield_upgrade_pick_up_plr_4_0
soundalias,#mus_mansion_roundstart_2_intro
soundalias,#hash_45e88efac471ec12
soundalias,#vox_dieg_kill_streak_plr_2_1
soundalias,#vox_dieg_kill_streak_plr_2_0
soundalias,#vox_dieg_kill_streak_plr_2_3
soundalias,#vox_dieg_kill_streak_plr_2_2
soundalias,#vox_dieg_kill_streak_plr_2_5
soundalias,#vox_dieg_kill_streak_plr_2_4
soundalias,#amb_fountain_trickle
soundalias,#prj_crossbow_impact_dirt
soundalias,#hash_46050a8240a2a3f9
soundalias,#vox_revive_support_brig_plr_11_2
soundalias,#vox_revive_support_brig_plr_11_3
soundalias,#vox_revive_support_brig_plr_11_0
soundalias,#vox_revive_support_brig_plr_11_1
soundalias,#vox_revive_support_brig_plr_11_4
soundalias,#vox_stone_drink_revive_react_plr_10_0
soundalias,#hash_462adeab7e33fe27
soundalias,#vox_observatory_defend_plr_10_0
soundalias,#vox_forest_gate_unlock_plr_10_0
soundalias,#hash_463d865587dd8a3d
soundalias,#vox_box_lmg_plr_11_2
soundalias,#vox_box_lmg_plr_11_3
soundalias,#vox_box_lmg_plr_11_0
soundalias,#vox_box_lmg_plr_11_1
soundalias,#vox_altar_interact_first_plr_11_0
soundalias,#vox_car_crash_plr_3_0
soundalias,#vox_sentinel_key_plr_3_0
soundalias,#vox_1_banter_brig_guns_plr_11_3
soundalias,#fly_zombie_mantle_slow
soundalias,#vox_greenhouse_enter_plr_10_0
soundalias,#hash_4679c7d90a81ce8f
soundalias,#hash_4679c8d90a81d042
soundalias,#vox_pickup_rocketshield_plr_4_0
soundalias,#vox_pickup_rocketshield_plr_4_1
soundalias,#vox_pickup_rocketshield_plr_4_2
soundalias,#fly_dog_step_metal
soundalias,#vox_silver_bullets_build_plr_11_0
soundalias,#hash_46a0e45c9377b189
soundalias,#hash_46adaad86ee481a5
soundalias,#vox_pap_wait_1_plr_12_0
soundalias,#vox_chakram_kill_mult_plr_3_4
soundalias,#vox_chakram_kill_mult_plr_3_0
soundalias,#vox_chakram_kill_mult_plr_3_1
soundalias,#vox_chakram_kill_mult_plr_3_2
soundalias,#vox_chakram_kill_mult_plr_3_3
soundalias,#zmb_chandelier_fall
soundalias,#zmb_crafting_sb_fail
soundalias,#vox_wine_cellar_enter_plr_9_0
soundalias,#vox_wonder_interact_first_plr_9_0
soundalias,#vox_plr_ghost_revive_plr_11_0
soundalias,#vox_plr_ghost_revive_plr_11_1
soundalias,#vox_plr_ghost_revive_plr_11_2
soundalias,#vox_stone_drink_ghost_react_plr_9_0
soundalias,#zmb_sk_stones_dest_correct
soundalias,#vox_brun_kill_streak_plr_3_0
soundalias,#vox_brun_kill_streak_plr_3_1
soundalias,#vox_brun_kill_streak_plr_3_2
soundalias,#vox_brun_kill_streak_plr_3_3
soundalias,#vox_brun_kill_streak_plr_3_4
soundalias,#wpn_generic_clip_bounce_default
soundalias,#hash_47783ea285e5e8a5
soundalias,#wpn_hammer_first_raise_lvl3_plr
soundalias,#hash_477d9e3ebc550096
soundalias,#fly_mann_limb_bounce_default
soundalias,#vox_telescope_code_confirm_plr_10_0
soundalias,#hash_47a38a46f81d867c
soundalias,#hash_47a7411ff19dab6c
soundalias,#dst_garbage_bag
soundalias,#fly_step_crouch_run_zdog_glasscar
soundalias,#vox_elixir_drink_plr_2_6
soundalias,#vox_elixir_drink_plr_2_7
soundalias,#vox_elixir_drink_plr_2_4
soundalias,#vox_elixir_drink_plr_2_5
soundalias,#vox_elixir_drink_plr_2_2
soundalias,#vox_elixir_drink_plr_2_3
soundalias,#vox_elixir_drink_plr_2_0
soundalias,#vox_elixir_drink_plr_2_1
soundalias,#vox_elixir_drink_plr_2_8
soundalias,#vox_elixir_drink_plr_2_9
soundalias,#vox_crawler_los_plr_9_4
soundalias,#vox_crawler_los_plr_9_2
soundalias,#vox_crawler_los_plr_9_3
soundalias,#vox_crawler_los_plr_9_0
soundalias,#vox_crawler_los_plr_9_1
soundalias,#hash_47c8e68ac1a558b9
soundalias,#vox_artifact_2_pickup_plr_10_0
soundalias,#vox_solo_game_start_0_butd_0
soundalias,#vox_werewolf_defeat_plr_12_0
soundalias,#hash_480e1f7a5e8631cb
soundalias,#wpn_crossbow_lfe
soundalias,#wpn_crossbow_lfe_npc
soundalias,#zmb_ghost_appear
soundalias,#vox_fish_reward_comp_plr_4_0
soundalias,#vox_treasure_chest_activate_3_plr_4_0
soundalias,#hash_483ba5ccc74b82ae
soundalias,#vox_box_react_first_plr_2_0
soundalias,#fly_step_prone_zdog_carpet
soundalias,#vox_box_tactical_plr_1_2
soundalias,#vox_box_tactical_plr_1_3
soundalias,#vox_box_tactical_plr_1_0
soundalias,#vox_box_tactical_plr_1_1
soundalias,#vox_box_tactical_plr_1_4
soundalias,#fly_step_run_zdog_metalcar
soundalias,#hash_4855ae835de933ca
soundalias,#hash_4855af835de9357d
soundalias,#hash_485fe6c0c6df8e7b
soundalias,#fly_step_crouch_run_zdog_watershallow
soundalias,#hash_48710f792a0c297c
soundalias,#fly_step_walk_zdog_watershallow
soundalias,#vox_hammer_kill_plr_2_3
soundalias,#vox_hammer_kill_plr_2_2
soundalias,#vox_hammer_kill_plr_2_1
soundalias,#vox_hammer_kill_plr_2_0
soundalias,#vox_hammer_kill_plr_2_4
soundalias,#fly_step_prone_zdog_metalthin
soundalias,#fly_step_walk_zdog_glassbulletproof
soundalias,#fly_step_walk_zdog_metal
soundalias,#hash_48af8239068e44f2
soundalias,#wpn_hammer_melee_plr
soundalias,#vox_plr_9_outro_igc_4_4
soundalias,#vox_crossbow_pickup_plr_11_0
soundalias,#vox_barrier_rebuild_plr_12_4
soundalias,#vox_barrier_rebuild_plr_12_0
soundalias,#vox_barrier_rebuild_plr_12_1
soundalias,#vox_barrier_rebuild_plr_12_2
soundalias,#vox_barrier_rebuild_plr_12_3
soundalias,#hash_48fe2a22d51f87ea
soundalias,#prj_crossbow_impact_crate
soundalias,#hash_49211352d3711451
soundalias,#hash_49250c12d06131d1
soundalias,#hash_49250d12d0613384
soundalias,#hash_49250e12d0613537
soundalias,#hash_49250f12d06136ea
soundalias,#hash_49251012d061389d
soundalias,#hash_4947f04b2d92c698
soundalias,#vox_stake_bowie_pickup_plr_12_0
soundalias,#vox_generic_responses_positive_plr_4_8
soundalias,#vox_generic_responses_positive_plr_4_9
soundalias,#vox_generic_responses_positive_plr_4_2
soundalias,#vox_generic_responses_positive_plr_4_3
soundalias,#vox_generic_responses_positive_plr_4_0
soundalias,#vox_generic_responses_positive_plr_4_1
soundalias,#vox_generic_responses_positive_plr_4_6
soundalias,#vox_generic_responses_positive_plr_4_7
soundalias,#vox_generic_responses_positive_plr_4_4
soundalias,#vox_generic_responses_positive_plr_4_5
soundalias,#vox_silver_bullets_kill_plr_12_4
soundalias,#vox_silver_bullets_kill_plr_12_3
soundalias,#vox_silver_bullets_kill_plr_12_2
soundalias,#vox_silver_bullets_kill_plr_12_1
soundalias,#vox_silver_bullets_kill_plr_12_0
soundalias,#vox_destroy_rocketshield_plr_10_1
soundalias,#vox_destroy_rocketshield_plr_10_0
soundalias,#vox_destroy_rocketshield_plr_10_2
soundalias,#hash_4973070961c8d129
soundalias,#hash_49743a35f38f71c6
soundalias,#hash_49743b35f38f7379
soundalias,#hash_49744035f38f7bf8
soundalias,#hash_49744135f38f7dab
soundalias,#hash_49744235f38f7f5e
soundalias,#hash_49744335f38f8111
soundalias,#hash_49744435f38f82c4
soundalias,#hash_49744535f38f8477
soundalias,#hash_49744635f38f862a
soundalias,#hash_49744735f38f87dd
soundalias,#vox_hammer_level_2_plr_4_0
soundalias,#vox_hammer_level_2_plr_4_1
soundalias,#vox_hammer_level_2_plr_4_2
soundalias,#hash_49750d2bbfa454d0
soundalias,#hash_49750e2bbfa45683
soundalias,#hash_49750f2bbfa45836
soundalias,#vox_1_banter_scar_shaw_plr_4_1
soundalias,#hash_497651fc2f2ab808
soundalias,#hash_497652fc2f2ab9bb
soundalias,#hash_497654fc2f2abd21
soundalias,#vox_m_quest_circle_appears_plr_3_1
soundalias,#vox_werewolf_trapped_plr_12_0
soundalias,#vox_werewolf_kill_plr_12_1
soundalias,#vox_werewolf_kill_plr_12_0
soundalias,#vox_werewolf_kill_plr_12_3
soundalias,#vox_werewolf_kill_plr_12_2
soundalias,#vox_werewolf_kill_plr_12_4
soundalias,#fly_melee_imp_galva_metalcar
soundalias,#hash_49a2f6ae8a145ad4
soundalias,#hash_49a7a1d40cf917e8
soundalias,#vox_box_shotgun_plr_10_4
soundalias,#vox_box_shotgun_plr_10_1
soundalias,#vox_box_shotgun_plr_10_0
soundalias,#vox_box_shotgun_plr_10_3
soundalias,#vox_box_shotgun_plr_10_2
soundalias,#vox_blightfather_weak_points_plr_2_2
soundalias,#vox_blightfather_weak_points_plr_2_1
soundalias,#vox_blightfather_weak_points_plr_2_0
soundalias,#fly_step_loose_tile_npc
soundalias,#zmb_prima_door_open
soundalias,#hash_49d2ecef6a7b2117
soundalias,#vox_viper_dragon_ready_plr_12_2
soundalias,#vox_viper_dragon_ready_plr_12_1
soundalias,#vox_viper_dragon_ready_plr_12_0
soundalias,#vox_attacked_zombie_plr_1_1
soundalias,#vox_attacked_zombie_plr_1_0
soundalias,#vox_attacked_zombie_plr_1_3
soundalias,#vox_attacked_zombie_plr_1_2
soundalias,#vox_attacked_zombie_plr_1_5
soundalias,#vox_attacked_zombie_plr_1_4
soundalias,#vox_attacked_zombie_plr_1_7
soundalias,#vox_attacked_zombie_plr_1_6
soundalias,#vox_attacked_zombie_plr_1_8
soundalias,#fly_step_crouch_walk_zdog_asphalt
soundalias,#vox_werewolf_react_plr_11_3
soundalias,#vox_werewolf_react_plr_11_2
soundalias,#vox_werewolf_react_plr_11_1
soundalias,#vox_werewolf_react_plr_11_0
soundalias,#vox_werewolf_react_plr_11_4
soundalias,#vox_knight_trap_defend_comp_plr_12_0
soundalias,#fly_step_crouch_walk_zdog_watershallow
soundalias,#fly_step_prone_zdog_flesh
soundalias,#vox_pap_activate_plr_4_0
soundalias,#hash_4a0656a938f60847
soundalias,#vox_generic_wall_buy_plr_9_8
soundalias,#vox_generic_wall_buy_plr_9_0
soundalias,#vox_generic_wall_buy_plr_9_1
soundalias,#vox_generic_wall_buy_plr_9_2
soundalias,#vox_generic_wall_buy_plr_9_3
soundalias,#vox_generic_wall_buy_plr_9_4
soundalias,#vox_generic_wall_buy_plr_9_5
soundalias,#vox_generic_wall_buy_plr_9_6
soundalias,#vox_generic_wall_buy_plr_9_7
soundalias,#vox_atlas_stat_collapse_plr_10_0
soundalias,#vox_berths_enter_plr_3_0
soundalias,#prj_crossbow_impact_ice
soundalias,#zmb_vocals_hellhound_ambient_loud
soundalias,#vox_revive_support_brun_plr_1_2
soundalias,#vox_revive_support_brun_plr_1_3
soundalias,#vox_revive_support_brun_plr_1_0
soundalias,#vox_revive_support_brun_plr_1_1
soundalias,#vox_revive_support_brun_plr_1_4
soundalias,#vox_wonder_level_2_comp_plr_11_0
soundalias,#fly_step_sprint_zdog_bodyarmor
soundalias,#vox_vomit_knife_mod_react_plr_1_0
soundalias,#hash_4a803cff9f89155e
soundalias,#hash_4a842fe16ea6db6a
soundalias,#wpn_scepter_melee_impact_swt_victim
soundalias,#vox_box_move_plr_11_4
soundalias,#vox_box_move_plr_11_1
soundalias,#vox_box_move_plr_11_0
soundalias,#vox_box_move_plr_11_3
soundalias,#vox_box_move_plr_11_2
soundalias,#phy_impact_hard_wood
soundalias,#dst_pipe_water
soundalias,#hash_4aa059f0de98e190
soundalias,#fly_melee_imp_hammer_riot
soundalias,#vox_box_sniper_plr_4_4
soundalias,#vox_box_sniper_plr_4_1
soundalias,#vox_box_sniper_plr_4_0
soundalias,#vox_box_sniper_plr_4_3
soundalias,#vox_box_sniper_plr_4_2
soundalias,#vox_werewolf_react_plr_9_4
soundalias,#vox_werewolf_react_plr_9_0
soundalias,#vox_werewolf_react_plr_9_1
soundalias,#vox_werewolf_react_plr_9_2
soundalias,#vox_werewolf_react_plr_9_3
soundalias,#fly_step_run_zdog_dirt
soundalias,#hash_4aff74c5f6036730
soundalias,#hash_4b0b0c6354b28654
soundalias,#hash_4b1143cc57b2474b
soundalias,#vox_solo_end_round2_plr_4_0
soundalias,#zmb_druid_door_open
soundalias,#vox_purity_react_plr_12_0
soundalias,#hash_4b3c8234832c799e
soundalias,#fly_melee_imp_chakram
soundalias,#vox_kill_streak_plr_4_9
soundalias,#vox_kill_streak_plr_4_8
soundalias,#vox_kill_streak_plr_4_1
soundalias,#vox_kill_streak_plr_4_0
soundalias,#vox_kill_streak_plr_4_3
soundalias,#vox_kill_streak_plr_4_2
soundalias,#vox_kill_streak_plr_4_5
soundalias,#vox_kill_streak_plr_4_4
soundalias,#vox_kill_streak_plr_4_7
soundalias,#vox_kill_streak_plr_4_6
soundalias,#vox_kill_explo_plr_4_1
soundalias,#vox_kill_explo_plr_4_0
soundalias,#vox_kill_explo_plr_4_3
soundalias,#vox_kill_explo_plr_4_2
soundalias,#vox_kill_explo_plr_4_4
soundalias,#hash_4b5983001113f08a
soundalias,#vox_ammo_out_plr_12_4
soundalias,#vox_ammo_out_plr_12_0
soundalias,#vox_ammo_out_plr_12_1
soundalias,#vox_ammo_out_plr_12_2
soundalias,#vox_ammo_out_plr_12_3
soundalias,#vox_forest_locked_gate_plr_12_0
soundalias,#hash_4b624dad2a08a6cd
soundalias,#hash_4b681a91e5e3f2b4
soundalias,#fly_step_prone_zdog_watershallow
soundalias,#fly_step_crouch_walk_zdog_sand
soundalias,#vox_stone_drink_ghost_react_plr_10_0
soundalias,#hash_4b8f5da922f38e16
soundalias,#hash_4b91cd0833a53070
soundalias,#vox_altar_activate_generic_plr_2_2
soundalias,#vox_altar_activate_generic_plr_2_0
soundalias,#vox_altar_activate_generic_plr_2_1
soundalias,#vox_scepter_ready_plr_10_2
soundalias,#vox_scepter_ready_plr_10_1
soundalias,#vox_scepter_ready_plr_10_0
soundalias,#vox_scepter_activate_plr_4_0
soundalias,#vox_scepter_activate_plr_4_1
soundalias,#vox_scepter_activate_plr_4_2
soundalias,#vox_scepter_activate_plr_4_3
soundalias,#vox_scepter_activate_plr_4_4
soundalias,#hash_4bcee0d04ba73d85
soundalias,#vox_forest_enter_plr_9_0
soundalias,#zmb_blocker_debris_purchase
soundalias,#hash_4c0f6dc77900b94a
soundalias,#vox_nosferatu_kill_plr_10_3
soundalias,#vox_nosferatu_kill_plr_10_2
soundalias,#vox_nosferatu_kill_plr_10_1
soundalias,#vox_nosferatu_kill_plr_10_0
soundalias,#vox_nosferatu_kill_plr_10_5
soundalias,#vox_nosferatu_kill_plr_10_4
soundalias,#vox_box_ar_plr_4_1
soundalias,#vox_box_ar_plr_4_0
soundalias,#vox_box_ar_plr_4_3
soundalias,#vox_box_ar_plr_4_2
soundalias,#vox_box_ar_plr_4_4
soundalias,#aml_dog_death
soundalias,#zmb_death_gibs
soundalias,#vox_stoker_react_plr_1_1
soundalias,#vox_stoker_react_plr_1_0
soundalias,#vox_stoker_react_plr_1_3
soundalias,#vox_stoker_react_plr_1_2
soundalias,#vox_stoker_react_plr_1_4
soundalias,#exp_nitrogen_flux_r
soundalias,#exp_nitrogen_flux_l
soundalias,#vox_pickup_rocketshield_plr_12_2
soundalias,#vox_pickup_rocketshield_plr_12_1
soundalias,#vox_pickup_rocketshield_plr_12_0
soundalias,#hash_4c6c610214620c3a
soundalias,#prj_crossbow_impact_water
soundalias,#hash_4c73701cb213ceed
soundalias,#fly_step_run_zdog_fruit
soundalias,#hash_4c82cdad375db1a2
soundalias,#hash_4c8c2520488087cd
soundalias,#vox_solo_end_round1_plr_4_0
soundalias,#vox_box_interact_first_plr_11_0
soundalias,#hash_4ca3d2aaa573f1c8
soundalias,#vox_4_banter_dieg_scar_plr_1_1
soundalias,#vox_pap_pickup_plr_10_1
soundalias,#vox_pap_pickup_plr_10_0
soundalias,#vox_pap_pickup_plr_10_3
soundalias,#vox_pap_pickup_plr_10_2
soundalias,#vox_pap_pickup_plr_10_4
soundalias,#mus_boss_intro
soundalias,#hash_4cbb119df079b8ad
soundalias,#vox_car_crash_plr_2_0
soundalias,#hash_4ccd8302875d3310
soundalias,#hash_4ccd8402875d34c3
soundalias,#hash_4ccd8702875d39dc
soundalias,#hash_4ccd8802875d3b8f
soundalias,#hash_4ccd8902875d3d42
soundalias,#hash_4ccd8a02875d3ef5
soundalias,#hash_4cd31fca25e55740
soundalias,#hash_4ce3a5305d431f20
soundalias,#hash_4ce4fa4f56e4698d
soundalias,#vox_greenhouse_enter_plr_11_0
soundalias,#vox_assemble_rocketshield_plr_10_1
soundalias,#vox_assemble_rocketshield_plr_10_0
soundalias,#vox_assemble_rocketshield_plr_10_2
soundalias,#dst_solar_panel_lrg
soundalias,#vox_decay_gas_react_plr_4_4
soundalias,#vox_decay_gas_react_plr_4_0
soundalias,#vox_decay_gas_react_plr_4_1
soundalias,#vox_decay_gas_react_plr_4_2
soundalias,#vox_decay_gas_react_plr_4_3
soundalias,#dst_solar_panel_lfe
soundalias,#vox_plasma_react_plr_9_0
soundalias,#hash_4d56b3f9f5d80d5f
soundalias,#hash_4d6328261762f825
soundalias,#hash_4d633a26176316bb
soundalias,#hash_4d7ead6890b3cdbe
soundalias,#vox_revive_shaw_plr_1_2
soundalias,#vox_revive_shaw_plr_1_3
soundalias,#vox_revive_shaw_plr_1_0
soundalias,#vox_revive_shaw_plr_1_1
soundalias,#vox_revive_shaw_plr_1_4
soundalias,#vox_forest_gate_unlock_plr_11_0
soundalias,#hash_4d8d4582477aca1b
soundalias,#vox_plr_ghost_revive_plr_12_2
soundalias,#vox_plr_ghost_revive_plr_12_1
soundalias,#vox_plr_ghost_revive_plr_12_0
soundalias,#vox_sentinel_key_plr_2_0
soundalias,#vox_1_banter_brun_shaw_plr_2_1
soundalias,#vox_1_banter_brig_guns_plr_10_2
soundalias,#vox_kill_revenge_plr_4_9
soundalias,#vox_kill_revenge_plr_4_8
soundalias,#vox_kill_revenge_plr_4_5
soundalias,#vox_kill_revenge_plr_4_4
soundalias,#vox_kill_revenge_plr_4_7
soundalias,#vox_kill_revenge_plr_4_6
soundalias,#vox_kill_revenge_plr_4_1
soundalias,#vox_kill_revenge_plr_4_0
soundalias,#vox_kill_revenge_plr_4_3
soundalias,#vox_kill_revenge_plr_4_2
soundalias,#prj_crossbow_impact_piano
soundalias,#prj_crossbow_impact_sand
soundalias,#hash_4dc25f20390f9e0a
soundalias,#hash_4dca488f9bba95a5
soundalias,#hash_4dd41aee138bb20c
soundalias,#hash_4de7275770175f8f
soundalias,#fly_step_run_zdog_cushion
soundalias,#fly_step_run_zdog_ceramic
soundalias,#vox_stone_drink_revive_react_plr_11_0
soundalias,#hash_4e4e8a01565e380a
soundalias,#wpn_viper_melee_retract_double_npc
soundalias,#vox_scepter_kill_plr_4_4
soundalias,#vox_scepter_kill_plr_4_3
soundalias,#vox_scepter_kill_plr_4_2
soundalias,#vox_scepter_kill_plr_4_1
soundalias,#vox_scepter_kill_plr_4_0
soundalias,#vox_magic_box_share_plr_2_1
soundalias,#vox_magic_box_share_plr_2_0
soundalias,#vox_magic_box_share_plr_2_3
soundalias,#vox_magic_box_share_plr_2_2
soundalias,#vox_magic_box_share_plr_2_4
soundalias,#phy_impact_wood_metal
soundalias,#hash_4e8805c7d4d809c1
soundalias,#vox_solo_end_round1_plr_11_1
soundalias,#wpn_fire_trap_loop
soundalias,#fly_melee_imp_scepter_npc_rock
soundalias,#hash_4ec26fe871550c11
soundalias,#dst_propane_tank_explo
soundalias,#vox_lounge_enter_plr_4_0
soundalias,#vox_sulfur_pickup_plr_10_0
soundalias,#hash_4ecfba47ecf213df
soundalias,#vox_solo_end_round1_0_plr_12_0
soundalias,#fly_melee_imp_chakram_flesh
soundalias,#vox_box_pistol_plr_3_4
soundalias,#vox_box_pistol_plr_3_5
soundalias,#vox_box_pistol_plr_3_2
soundalias,#vox_box_pistol_plr_3_3
soundalias,#vox_box_pistol_plr_3_0
soundalias,#vox_box_pistol_plr_3_1
soundalias,#hash_4ef1c3bf8001c6a0
soundalias,#hash_4ef1c4bf8001c853
soundalias,#hash_4ef1c5bf8001ca06
soundalias,#hash_4ef1c6bf8001cbb9
soundalias,#hash_4ef1c9bf8001d0d2
soundalias,#vox_scar_surrounded_oh_shit_plr_4_4
soundalias,#vox_scar_surrounded_oh_shit_plr_4_5
soundalias,#vox_scar_surrounded_oh_shit_plr_4_0
soundalias,#vox_scar_surrounded_oh_shit_plr_4_1
soundalias,#vox_scar_surrounded_oh_shit_plr_4_2
soundalias,#vox_scar_surrounded_oh_shit_plr_4_3
soundalias,#vox_ammo_buy_plr_1_0
soundalias,#vox_ammo_buy_plr_1_1
soundalias,#vox_ammo_buy_plr_1_2
soundalias,#vox_revive_brun_plr_1_2
soundalias,#vox_revive_brun_plr_1_3
soundalias,#vox_revive_brun_plr_1_0
soundalias,#vox_revive_brun_plr_1_1
soundalias,#vox_revive_brun_plr_1_4
soundalias,#vox_revive_brun_plr_1_5
soundalias,#hash_4f2c92409321076e
soundalias,#vox_forest_defend_comp_plr_9_0
soundalias,#hash_4f64bfb4c243e852
soundalias,#vox_bench_interact_first_plr_10_0
soundalias,#hash_4f78bd85d9a43e3c
soundalias,#dst_pipe_steam
soundalias,#wpn_chakram_melee_plr
soundalias,#vox_perk_generic_plr_1_5
soundalias,#vox_perk_generic_plr_1_4
soundalias,#vox_perk_generic_plr_1_7
soundalias,#vox_perk_generic_plr_1_6
soundalias,#vox_perk_generic_plr_1_1
soundalias,#vox_perk_generic_plr_1_0
soundalias,#vox_perk_generic_plr_1_3
soundalias,#vox_perk_generic_plr_1_2
soundalias,#vox_perk_generic_plr_1_9
soundalias,#vox_perk_generic_plr_1_8
soundalias,#hash_4f966eea00afff58
soundalias,#hash_4fa98acf89933fc4
soundalias,#fly_melee_imp_scepter_npc_glass
soundalias,#zmb_hallion_wall_latch
soundalias,#zmb_pap_key_lp
soundalias,#vox_generic_responses_positive_plr_12_5
soundalias,#vox_generic_responses_positive_plr_12_4
soundalias,#vox_generic_responses_positive_plr_12_7
soundalias,#vox_generic_responses_positive_plr_12_6
soundalias,#vox_generic_responses_positive_plr_12_1
soundalias,#vox_generic_responses_positive_plr_12_0
soundalias,#vox_generic_responses_positive_plr_12_3
soundalias,#vox_generic_responses_positive_plr_12_2
soundalias,#vox_generic_responses_positive_plr_12_9
soundalias,#vox_generic_responses_positive_plr_12_8
soundalias,#hash_4fe1008f779a66a8
soundalias,#hash_4fe1018f779a685b
soundalias,#vox_revive_dieg_plr_2_4
soundalias,#vox_revive_dieg_plr_2_1
soundalias,#vox_revive_dieg_plr_2_0
soundalias,#vox_revive_dieg_plr_2_3
soundalias,#vox_revive_dieg_plr_2_2
soundalias,#hash_4ffd8ac85d3a7cbb
soundalias,#hash_50061cd46a2ee7f5
soundalias,#vox_plr_9_outro_igc_5_5
soundalias,#vox_box_wonder_plr_9_4
soundalias,#vox_box_wonder_plr_9_0
soundalias,#vox_box_wonder_plr_9_1
soundalias,#vox_box_wonder_plr_9_2
soundalias,#vox_box_wonder_plr_9_3
soundalias,#vox_destroy_rocketshield_plr_4_0
soundalias,#vox_destroy_rocketshield_plr_4_1
soundalias,#vox_destroy_rocketshield_plr_4_2
soundalias,#vox_stake_bowie_kill_plr_10_0
soundalias,#hash_5011712672b7b422
soundalias,#fly_step_crouch_walk_zdog_bodyarmor
soundalias,#fly_step_run_zdog_ice
soundalias,#vox_crossbow_pickup_plr_10_0
soundalias,#vox_altar_interact_first_plr_12_0
soundalias,#vox_revive_support_guns_plr_9_2
soundalias,#vox_revive_support_guns_plr_9_3
soundalias,#vox_revive_support_guns_plr_9_0
soundalias,#vox_revive_support_guns_plr_9_1
soundalias,#vox_revive_support_guns_plr_9_4
soundalias,#hash_5040525e8af4917d
soundalias,#hash_5047340f3300e5f4
soundalias,#hash_5049cc28a4380110
soundalias,#hash_50527068c359ef65
soundalias,#fly_melee_imp_hammer_npc_metal
soundalias,#zmb_prima_base_lp
soundalias,#vox_ee_diary_first_disc_1
soundalias,#vox_ee_diary_first_disc_0
soundalias,#vox_ee_diary_first_disc_2
soundalias,#wpn_crossbow_fire_plr
soundalias,#hash_5069ed8fdae493ce
soundalias,#zmb_electrocute_zombie_swt
soundalias,#fly_step_run_zdog_default
soundalias,#vox_chakram_level_3_plr_10_2
soundalias,#vox_chakram_level_3_plr_10_1
soundalias,#vox_chakram_level_3_plr_10_0
soundalias,#fly_melee_imp_galva_npc_rock
soundalias,#zmb_ghost_disappear_swt
soundalias,#hash_509756d0fbd7b460
soundalias,#hash_509abffc8a3afd07
soundalias,#hash_50bc3e7a02399bd5
soundalias,#vox_wonder_level_2_comp_plr_10_0
soundalias,#vox_destroy_rocketshield_plr_11_0
soundalias,#vox_destroy_rocketshield_plr_11_1
soundalias,#vox_destroy_rocketshield_plr_11_2
soundalias,#hash_50c3c22bc365975f
soundalias,#hash_50c3c32bc3659912
soundalias,#hash_50c3c42bc3659ac5
soundalias,#hash_50cea74fea1f3dcc
soundalias,#fly_step_sprint_werewolf_default
soundalias,#hash_50dc77fec1759941
soundalias,#vox_engine_room_alarm_plr_4_0
soundalias,#vox_blightfather_weak_points_plr_3_2
soundalias,#vox_blightfather_weak_points_plr_3_0
soundalias,#vox_blightfather_weak_points_plr_3_1
soundalias,#wpn_viper_bite_activate_npc
soundalias,#hash_5159cbaea0605f74
soundalias,#hash_5169a6b6bda53df4
soundalias,#fly_step_walk_zdog_grass
soundalias,#vox_atlas_stat_collapse_plr_11_0
soundalias,#hash_5178a45df9ddf60d
soundalias,#wpn_electric_trap_hit
soundalias,#vox_generic_responses_positive_plr_3_1
soundalias,#vox_generic_responses_positive_plr_3_0
soundalias,#vox_generic_responses_positive_plr_3_3
soundalias,#vox_generic_responses_positive_plr_3_2
soundalias,#vox_generic_responses_positive_plr_3_5
soundalias,#vox_generic_responses_positive_plr_3_4
soundalias,#vox_generic_responses_positive_plr_3_7
soundalias,#vox_generic_responses_positive_plr_3_6
soundalias,#vox_generic_responses_positive_plr_3_9
soundalias,#vox_generic_responses_positive_plr_3_8
soundalias,#fly_step_sprint_zdog_glasscar
soundalias,#vox_dragon_kill_plr_10_1
soundalias,#vox_dragon_kill_plr_10_0
soundalias,#vox_dragon_kill_plr_10_3
soundalias,#vox_dragon_kill_plr_10_2
soundalias,#vox_dragon_kill_plr_10_4
soundalias,#fly_melee_imp_chakram_npc_riot
soundalias,#vox_box_shotgun_plr_11_4
soundalias,#vox_box_shotgun_plr_11_0
soundalias,#vox_box_shotgun_plr_11_1
soundalias,#vox_box_shotgun_plr_11_2
soundalias,#vox_box_shotgun_plr_11_3
soundalias,#hash_51ddf4e9480a5d2b
soundalias,#hash_51ddf5e9480a5ede
soundalias,#hash_51de8795c89de25a
soundalias,#vox_box_interact_first_plr_4_0
soundalias,#vox_solo_game_start_plr_2_0
soundalias,#vox_m_quest_cat_sentinel_plr_1_0
soundalias,#vox_headstone_react_plr_12_0
soundalias,#hash_51f56d21fa70d946
soundalias,#fly_melee_imp_hammer_metal
soundalias,#vox_werewolf_enemy_enter_plr_11_0
soundalias,#vox_kill_wonder_plr_9_4
soundalias,#vox_kill_wonder_plr_9_3
soundalias,#vox_kill_wonder_plr_9_1
soundalias,#vox_kill_wonder_plr_9_0
soundalias,#vox_shaw_kill_headshot_plr_2_4
soundalias,#vox_shaw_kill_headshot_plr_2_1
soundalias,#vox_shaw_kill_headshot_plr_2_0
soundalias,#vox_shaw_kill_headshot_plr_2_3
soundalias,#vox_shaw_kill_headshot_plr_2_2
soundalias,#hash_521c92542e0325ef
soundalias,#wpn_hammer_sheathe_npc
soundalias,#hash_52304c29607ea607
soundalias,#vox_revive_brig_plr_12_4
soundalias,#vox_revive_brig_plr_12_1
soundalias,#vox_revive_brig_plr_12_0
soundalias,#vox_revive_brig_plr_12_3
soundalias,#vox_revive_brig_plr_12_2
soundalias,#fly_step_crouch_run_zdog_glass
soundalias,#hash_525f9082123a384a
soundalias,#mus_quest_2_intro
soundalias,#vox_hammer_kill_plr_3_2
soundalias,#vox_hammer_kill_plr_3_3
soundalias,#vox_hammer_kill_plr_3_0
soundalias,#vox_hammer_kill_plr_3_1
soundalias,#vox_hammer_kill_plr_3_4
soundalias,#hash_52770a621332dcc5
soundalias,#zmb_pap_key_lantern
soundalias,#vox_box_launcher_plr_10_1
soundalias,#vox_box_launcher_plr_10_0
soundalias,#vox_box_launcher_plr_10_3
soundalias,#vox_box_launcher_plr_10_2
soundalias,#vox_box_launcher_plr_10_4
soundalias,#hash_5294772867120e07
soundalias,#vox_artifact_2_pickup_plr_11_0
soundalias,#hash_52a4d5c9366fd9ab
soundalias,#vox_barrier_rebuild_plr_11_3
soundalias,#vox_barrier_rebuild_plr_11_2
soundalias,#vox_barrier_rebuild_plr_11_1
soundalias,#vox_barrier_rebuild_plr_11_0
soundalias,#vox_barrier_rebuild_plr_11_4
soundalias,#vox_solo_end_round2_1_butd_0
soundalias,#prj_crossbow_impact_concrete
soundalias,#zmb_fasttravel_teleport_end_npc
soundalias,#phy_impact_soft_flesh
soundalias,#zmb_vocals_zombie_sprint
soundalias,#hash_52c3fddc114d2bc3
soundalias,#hash_52c3fedc114d2d76
soundalias,#hash_52cfd32c338e64b7
soundalias,#fly_zombie_hand
soundalias,#phy_impact_metal_glass
soundalias,#vox_stone_drink_ghost_react_plr_11_0
soundalias,#hash_52f63f432fef8ffc
soundalias,#vox_assemble_rocketshield_plr_3_2
soundalias,#vox_assemble_rocketshield_plr_3_1
soundalias,#vox_assemble_rocketshield_plr_3_0
soundalias,#vox_viper_level_3_plr_12_0
soundalias,#vox_viper_level_3_plr_12_1
soundalias,#vox_viper_level_3_plr_12_2
soundalias,#hash_53307d40f078ed6c
soundalias,#wpn_generic_clip_bounce_gravel
soundalias,#vox_pap_react_first_plr_9_0
soundalias,#vox_viper_dragon_ready_plr_4_0
soundalias,#vox_viper_dragon_ready_plr_4_1
soundalias,#vox_viper_dragon_ready_plr_4_2
soundalias,#vox_5_banter_brig_guns_plr_11_0
soundalias,#vox_purity_react_plr_11_0
soundalias,#zmb_gold_watch_loop
soundalias,#vox_hammer_level_3_0_plr_12_0
soundalias,#mus_forest_underscore
soundalias,#vox_nosferatu_kill_plr_11_2
soundalias,#vox_nosferatu_kill_plr_11_3
soundalias,#vox_nosferatu_kill_plr_11_0
soundalias,#vox_nosferatu_kill_plr_11_1
soundalias,#vox_nosferatu_kill_plr_11_4
soundalias,#wpn_hammer_electrocution_loop
soundalias,#wpn_rgun_exp_flux_r
soundalias,#wpn_rgun_exp_flux_l
soundalias,#vox_radiant_scream_react_plr_1_4
soundalias,#vox_radiant_scream_react_plr_1_0
soundalias,#vox_radiant_scream_react_plr_1_1
soundalias,#vox_radiant_scream_react_plr_1_2
soundalias,#vox_radiant_scream_react_plr_1_3
soundalias,#dst_server
soundalias,#vox_ammo_out_plr_11_3
soundalias,#vox_ammo_out_plr_11_2
soundalias,#vox_ammo_out_plr_11_1
soundalias,#vox_ammo_out_plr_11_0
soundalias,#vox_ammo_out_plr_11_4
soundalias,#hash_53875c52fa6301c0
soundalias,#hash_5397c35bdd9f6b5a
soundalias,#vox_ghost_react_first_plr_9_2
soundalias,#vox_ghost_react_first_plr_9_1
soundalias,#vox_ghost_react_first_plr_9_0
soundalias,#vox_forest_enter_plr_12_0
soundalias,#hash_53d43a46bc0ebcd8
soundalias,#zmb_step_nosferatu_walk_wood
soundalias,#zmb_prima_bell
soundalias,#hash_53d9a312d7056a66
soundalias,#hash_53d9a512d7056dcc
soundalias,#hash_53d9a612d7056f7f
soundalias,#hash_53d9a712d7057132
soundalias,#hash_53d9a812d70572e5
soundalias,#hash_53ea8207208023e0
soundalias,#hash_53ea8507208028f9
soundalias,#vox_light_beam_aligned_plr_9_0
soundalias,#hash_53f8a70357ec0da8
soundalias,#vox_fire_trap_set_plr_9_0
soundalias,#fly_step_prone_zdog_gravel
soundalias,#vox_4_banter_scar_shaw_plr_1_0
soundalias,#zmb_hellhound_explode
soundalias,#vox_m_quest_circle_appears_plr_2_2
soundalias,#hash_542f688a23fb4faa
soundalias,#hash_543e80ec894b54b9
soundalias,#dst_pipe_steam_pop
soundalias,#hash_5453d8b0b0cc1910
soundalias,#vox_engine_room_enter_plr_1_0
soundalias,#fly_step_crouch_walk_zdog_metal
soundalias,#vox_crawler_los_plr_12_4
soundalias,#vox_crawler_los_plr_12_2
soundalias,#vox_crawler_los_plr_12_3
soundalias,#vox_crawler_los_plr_12_0
soundalias,#vox_crawler_los_plr_12_1
soundalias,#hash_546c0b90c8225bfb
soundalias,#hash_546c0e90c8226114
soundalias,#hash_546c0f90c82262c7
soundalias,#hash_546c1090c822647a
soundalias,#hash_546c1190c822662d
soundalias,#vox_box_move_plr_10_0
soundalias,#vox_box_move_plr_10_1
soundalias,#vox_box_move_plr_10_2
soundalias,#vox_box_move_plr_10_3
soundalias,#dst_garbage_bag_02
soundalias,#zmb_prima_base_stop
soundalias,#amb_cemetary_quad
soundalias,#vox_treasure_chest_activate_2_plr_3_0
soundalias,#vox_werewolf_react_plr_10_2
soundalias,#vox_werewolf_react_plr_10_3
soundalias,#vox_werewolf_react_plr_10_0
soundalias,#vox_werewolf_react_plr_10_1
soundalias,#vox_werewolf_react_plr_10_4
soundalias,#vox_box_shotgun_plr_1_1
soundalias,#vox_box_shotgun_plr_1_0
soundalias,#vox_box_shotgun_plr_1_2
soundalias,#hash_54ba5a0d727af9b7
soundalias,#fly_step_crouch_run_zdog_cloth
soundalias,#hash_54ef1510e22e8574
soundalias,#vox_stone_drink_react_plr_9_0
soundalias,#hash_54ff67d26fe8b804
soundalias,#vox_revive_support_dieg_plr_2_4
soundalias,#vox_revive_support_dieg_plr_2_1
soundalias,#vox_revive_support_dieg_plr_2_0
soundalias,#vox_revive_support_dieg_plr_2_3
soundalias,#vox_revive_support_dieg_plr_2_2
soundalias,#vox_treasure_chest_activate_1_plr_1_0
soundalias,#wpn_viper_melee_extend_plr
soundalias,#wpn_hammer_slam_plr
soundalias,#vox_werewolf_react_first_plr_9_1
soundalias,#vox_werewolf_react_first_plr_9_0
soundalias,#fly_step_run_zdog_paintedmetal
soundalias,#hash_553c8042d558151c
soundalias,#hash_5562515e8d18ca4c
soundalias,#hash_5566187d94eab0c0
soundalias,#wpn_chakram_first_raise_lvl3_plr
soundalias,#vox_m_quest_sentinel_artifact_plr_4_0
soundalias,#vox_bats_react_first_plr_9_0
soundalias,#wpn_crossbow_fire_npc
soundalias,#vox_powerup_bonus_plr_3_3
soundalias,#vox_powerup_bonus_plr_3_2
soundalias,#vox_powerup_bonus_plr_3_1
soundalias,#vox_powerup_bonus_plr_3_0
soundalias,#vox_revive_down_1_plr_12_1
soundalias,#hash_559df0c493fb2378
soundalias,#fly_step_crouch_run_zdog_wood
soundalias,#vox_forest_gate_unlock_plr_12_0
soundalias,#vox_blightfather_react_first_plr_4_0
soundalias,#vox_pickup_bowie_plr_4_0
soundalias,#vox_sentinel_key_plr_1_0
soundalias,#hash_55e5bda482613532
soundalias,#hash_55f0dd10973f7c4a
soundalias,#hash_55fbb0328f3f782f
soundalias,#vox_solo_end_round1_plr_10_1
soundalias,#vox_seer_stone_active_plr_10_0
soundalias,#zmb_vocals_werewolf_death
soundalias,#zmb_will_box_open
soundalias,#vox_secret_chamber_enter_plr_9_2
soundalias,#vox_secret_chamber_enter_plr_9_1
soundalias,#vox_secret_chamber_enter_plr_9_0
soundalias,#phy_impact_metal_foliage
soundalias,#fly_melee_imp_chakram_npc_wood
soundalias,#fly_mann_limb_bounce_sand
soundalias,#vox_ammo_buy_plr_2_2
soundalias,#vox_ammo_buy_plr_2_1
soundalias,#vox_ammo_buy_plr_2_0
soundalias,#vox_scepter_ready_plr_11_2
soundalias,#vox_scepter_ready_plr_11_0
soundalias,#vox_scepter_ready_plr_11_1
soundalias,#vox_kill_streak_plr_12_4
soundalias,#vox_kill_streak_plr_12_5
soundalias,#vox_kill_streak_plr_12_6
soundalias,#vox_kill_streak_plr_12_7
soundalias,#vox_kill_streak_plr_12_0
soundalias,#vox_kill_streak_plr_12_1
soundalias,#vox_kill_streak_plr_12_2
soundalias,#vox_kill_streak_plr_12_3
soundalias,#vox_kill_streak_plr_12_8
soundalias,#vox_kill_streak_plr_12_9
soundalias,#wpn_ray_1straise_dial
soundalias,#vox_box_interact_first_plr_10_0
soundalias,#fly_step_walk_zdog_flesh
soundalias,#vox_pap_pickup_plr_11_0
soundalias,#vox_pap_pickup_plr_11_1
soundalias,#vox_pap_pickup_plr_11_2
soundalias,#vox_pap_pickup_plr_11_3
soundalias,#vox_pap_pickup_plr_11_4
soundalias,#zmb_prima_low_lp
soundalias,#vox_stoker_key_pick_up_plr_4_0
soundalias,#vox_dieg_surrounded_oh_shit_plr_2_0
soundalias,#vox_dieg_surrounded_oh_shit_plr_2_1
soundalias,#vox_dieg_surrounded_oh_shit_plr_2_2
soundalias,#vox_dieg_surrounded_oh_shit_plr_2_3
soundalias,#vox_dieg_surrounded_oh_shit_plr_2_4
soundalias,#vox_dieg_surrounded_oh_shit_plr_2_5
soundalias,#vox_bench_interact_first_plr_11_0
soundalias,#hash_56bcb3a8b0feb0ac
soundalias,#vox_pap_wait_0_plr_12_0
soundalias,#vox_sulfur_pickup_plr_11_0
soundalias,#wpn_melee_galva
soundalias,#vox_viper_kill_plr_1_4
soundalias,#vox_viper_kill_plr_1_0
soundalias,#vox_viper_kill_plr_1_1
soundalias,#vox_viper_kill_plr_1_2
soundalias,#vox_viper_kill_plr_1_3
soundalias,#fly_step_run_zdog_grass
soundalias,#vox_fireworks_react_plr_4_0
soundalias,#fly_step_crouch_run_zdog_metalhollow
soundalias,#hash_57114f2e8a5b2699
soundalias,#hash_5711666674a77e5b
soundalias,#hash_57134271b6d5eb2d
soundalias,#vox_nomoney_generic_plr_1_4
soundalias,#vox_nomoney_generic_plr_1_0
soundalias,#vox_nomoney_generic_plr_1_1
soundalias,#vox_nomoney_generic_plr_1_2
soundalias,#vox_nomoney_generic_plr_1_3
soundalias,#hash_571ef9dff083fec7
soundalias,#hash_571f48484dfb646b
soundalias,#zmb_bat_vox_dive_post
soundalias,#wpn_generic_clip_bounce_cushion
soundalias,#hash_573af00c68e0a726
soundalias,#hash_573bdd635f168dc0
soundalias,#hash_573bde635f168f73
soundalias,#hash_573bdf635f169126
soundalias,#hash_573be0635f1692d9
soundalias,#hash_573be1635f16948c
soundalias,#vox_radiant_react_plr_12_0
soundalias,#hash_5769043064994b49
soundalias,#prj_whizby_raygun
soundalias,#vox_car_crash_plr_1_0
soundalias,#hash_578a02c5ffa2126b
soundalias,#hash_579797ce6390ec3b
soundalias,#hash_57a171ab3437ea96
soundalias,#fly_step_sprint_werewolf_main
soundalias,#hash_57b04954775eec86
soundalias,#hash_57b1409fb6e001f3
soundalias,#vox_box_react_first_plr_4_0
soundalias,#vox_assemble_rocketshield_plr_11_0
soundalias,#vox_assemble_rocketshield_plr_11_1
soundalias,#vox_assemble_rocketshield_plr_11_2
soundalias,#vox_chakram_activate_plr_9_2
soundalias,#vox_chakram_activate_plr_9_3
soundalias,#vox_chakram_activate_plr_9_0
soundalias,#vox_chakram_activate_plr_9_1
soundalias,#vox_chakram_activate_plr_9_4
soundalias,#vox_crawler_los_plr_4_3
soundalias,#vox_crawler_los_plr_4_2
soundalias,#vox_crawler_los_plr_4_1
soundalias,#vox_crawler_los_plr_4_0
soundalias,#vox_crawler_los_plr_4_4
soundalias,#vox_revive_self_plr_10_1
soundalias,#vox_revive_self_plr_10_0
soundalias,#vox_revive_self_plr_10_2
soundalias,#wpn_hammer_jab_elec_npc
soundalias,#zmb_vocals_zombie_taunt_v1
soundalias,#vox_3_banter_brun_dieg_plr_3_0
soundalias,#dst_steam_pipe_lp
soundalias,#wpn_viper_melee_retract_plr
soundalias,#fly_step_walk_zdog_mud
soundalias,#hash_58399595f5bdc42a
soundalias,#fly_step_run_zdog_paper
soundalias,#vox_blightfather_kill_plr_4_3
soundalias,#vox_blightfather_kill_plr_4_2
soundalias,#vox_blightfather_kill_plr_4_1
soundalias,#vox_blightfather_kill_plr_4_0
soundalias,#vox_blightfather_kill_plr_4_4
soundalias,#vox_werewolf_pounce_plr_9_0
soundalias,#fly_melee_imp_hammer_npc_metalcar
soundalias,#vox_surrounded_oh_shit_plr_9_9
soundalias,#vox_surrounded_oh_shit_plr_9_8
soundalias,#vox_surrounded_oh_shit_plr_9_1
soundalias,#vox_surrounded_oh_shit_plr_9_0
soundalias,#vox_surrounded_oh_shit_plr_9_3
soundalias,#vox_surrounded_oh_shit_plr_9_2
soundalias,#vox_surrounded_oh_shit_plr_9_5
soundalias,#vox_surrounded_oh_shit_plr_9_4
soundalias,#vox_surrounded_oh_shit_plr_9_7
soundalias,#vox_surrounded_oh_shit_plr_9_6
soundalias,#hash_588047eba8deb34e
soundalias,#fly_step_crouch_walk_zdog_foliage
soundalias,#fly_step_prone_zdog_water
soundalias,#vox_grenade_react_plr_12_0
soundalias,#vox_forest_locked_gate_plr_9_0
soundalias,#vox_cargo_hold_enter_plr_4_0
soundalias,#vox_fast_travel_end_plr_4_3
soundalias,#vox_fast_travel_end_plr_4_2
soundalias,#vox_fast_travel_end_plr_4_1
soundalias,#vox_fast_travel_end_plr_4_0
soundalias,#vox_fast_travel_end_plr_4_4
soundalias,#vox_chakram_level_3_plr_11_2
soundalias,#vox_chakram_level_3_plr_11_0
soundalias,#vox_chakram_level_3_plr_11_1
soundalias,#zmb_vocals_zombie_electrocute
soundalias,#hash_58b60c3d133f7e28
soundalias,#hash_58c200bfdd0c53c4
soundalias,#vox_stake_bowie_pickup_plr_10_0
soundalias,#vox_telescope_code_confirm_plr_12_0
soundalias,#zmb_sentinel_artifact_pickup
soundalias,#vox_chakram_kill_mult_plr_1_2
soundalias,#vox_chakram_kill_mult_plr_1_3
soundalias,#vox_chakram_kill_mult_plr_1_0
soundalias,#vox_chakram_kill_mult_plr_1_1
soundalias,#vox_chakram_kill_mult_plr_1_4
soundalias,#vox_pap_pickup_plr_4_4
soundalias,#vox_pap_pickup_plr_4_5
soundalias,#vox_pap_pickup_plr_4_0
soundalias,#vox_pap_pickup_plr_4_1
soundalias,#vox_pap_pickup_plr_4_2
soundalias,#vox_pap_pickup_plr_4_3
soundalias,#hash_58ef23c40d82cb4e
soundalias,#vox_billiards_room_enter_plr_12_0
soundalias,#vox_kill_melee_plr_4_7
soundalias,#vox_kill_melee_plr_4_6
soundalias,#vox_kill_melee_plr_4_5
soundalias,#vox_kill_melee_plr_4_4
soundalias,#vox_kill_melee_plr_4_3
soundalias,#vox_kill_melee_plr_4_2
soundalias,#vox_kill_melee_plr_4_1
soundalias,#vox_kill_melee_plr_4_0
soundalias,#vox_kill_melee_plr_4_9
soundalias,#vox_kill_melee_plr_4_8
soundalias,#hash_58ff3eccbe9644bd
soundalias,#mus_quest_1_intro
soundalias,#vox_box_launcher_plr_11_0
soundalias,#vox_box_launcher_plr_11_1
soundalias,#vox_box_launcher_plr_11_2
soundalias,#vox_box_launcher_plr_11_3
soundalias,#vox_box_launcher_plr_11_4
soundalias,#vox_artifact_2_pickup_plr_12_0
soundalias,#vox_brig_kill_streak_plr_9_4
soundalias,#vox_brig_kill_streak_plr_9_3
soundalias,#vox_brig_kill_streak_plr_9_2
soundalias,#vox_brig_kill_streak_plr_9_1
soundalias,#vox_brig_kill_streak_plr_9_0
soundalias,#dst_hotdog_cart
soundalias,#vox_kill_revenge_plr_4_10
soundalias,#vox_werewolf_kill_plr_10_4
soundalias,#vox_werewolf_kill_plr_10_3
soundalias,#vox_werewolf_kill_plr_10_2
soundalias,#vox_werewolf_kill_plr_10_1
soundalias,#vox_werewolf_kill_plr_10_0
soundalias,#vox_magic_box_share_plr_3_0
soundalias,#vox_magic_box_share_plr_3_1
soundalias,#vox_magic_box_share_plr_3_2
soundalias,#vox_magic_box_share_plr_3_3
soundalias,#vox_magic_box_share_plr_3_4
soundalias,#vox_box_shotgun_plr_12_3
soundalias,#vox_box_shotgun_plr_12_2
soundalias,#vox_box_shotgun_plr_12_1
soundalias,#vox_box_shotgun_plr_12_0
soundalias,#vox_box_shotgun_plr_12_4
soundalias,#vox_guns_kill_headshot_plr_9_2
soundalias,#vox_guns_kill_headshot_plr_9_3
soundalias,#vox_guns_kill_headshot_plr_9_0
soundalias,#vox_guns_kill_headshot_plr_9_1
soundalias,#vox_guns_kill_headshot_plr_9_4
soundalias,#vox_solo_game_start_plr_3_0
soundalias,#hash_5935348e81a47676
soundalias,#hash_5935358e81a47829
soundalias,#hash_5936e0a5f3693732
soundalias,#vox_headstone_react_plr_11_0
soundalias,#zmb_pap_key_safe
soundalias,#hash_594a38ef72b716fb
soundalias,#fly_melee_imp_hammer_npc_plastic
soundalias,#hash_59580cf69ba61108
soundalias,#vox_door_open_first_plr_4_0
soundalias,#fly_step_walk_zdog_concrete
soundalias,#wpn_generic_clip_bounce_rubber
soundalias,#hash_598a36c0d08d1fab
soundalias,#vox_revive_support_scar_plr_2_4
soundalias,#vox_revive_support_scar_plr_2_3
soundalias,#vox_revive_support_scar_plr_2_2
soundalias,#vox_revive_support_scar_plr_2_1
soundalias,#vox_revive_support_scar_plr_2_0
soundalias,#vox_atlas_stat_collapse_plr_12_0
soundalias,#zmb_box_weapon_spin_short
soundalias,#hash_59ae8addc105282c
soundalias,#hash_59b8c313e263346f
soundalias,#vox_hammer_kill_plr_4_1
soundalias,#vox_hammer_kill_plr_4_0
soundalias,#vox_hammer_kill_plr_4_3
soundalias,#vox_hammer_kill_plr_4_2
soundalias,#vox_hammer_kill_plr_4_4
soundalias,#vox_zombie_react_first_plr_11_0
soundalias,#vox_scepter_level_3_plr_4_2
soundalias,#vox_scepter_level_3_plr_4_1
soundalias,#vox_scepter_level_3_plr_4_0
soundalias,#vox_dragon_kill_plr_11_0
soundalias,#vox_dragon_kill_plr_11_1
soundalias,#vox_dragon_kill_plr_11_2
soundalias,#vox_dragon_kill_plr_11_3
soundalias,#vox_dragon_kill_plr_11_4
soundalias,#hash_59da3cd94c4a74e0
soundalias,#hash_59dbb3cfebc60a89
soundalias,#vox_folly_pistol_interact_first_plr_12_0
soundalias,#vox_radiant_scream_react_plr_2_3
soundalias,#vox_radiant_scream_react_plr_2_2
soundalias,#vox_radiant_scream_react_plr_2_1
soundalias,#vox_radiant_scream_react_plr_2_0
soundalias,#vox_radiant_scream_react_plr_2_4
soundalias,#vox_barrier_rebuild_plr_10_2
soundalias,#vox_barrier_rebuild_plr_10_3
soundalias,#vox_barrier_rebuild_plr_10_0
soundalias,#vox_barrier_rebuild_plr_10_1
soundalias,#vox_barrier_rebuild_plr_10_4
soundalias,#fly_step_crouch_walk_zdog_ice
soundalias,#hash_5a0f42ba113a1e1b
soundalias,#hash_5a1a65176a52ec58
soundalias,#hash_5a1b7c472cca485e
soundalias,#vox_chakram_level_3_plr_4_2
soundalias,#vox_chakram_level_3_plr_4_0
soundalias,#vox_chakram_level_3_plr_4_1
soundalias,#vox_werewolf_enemy_enter_plr_10_0
soundalias,#vox_4_banter_brun_scar_plr_1_1
soundalias,#vox_brun_kill_streak_plr_1_4
soundalias,#vox_brun_kill_streak_plr_1_2
soundalias,#vox_brun_kill_streak_plr_1_3
soundalias,#vox_brun_kill_streak_plr_1_0
soundalias,#vox_brun_kill_streak_plr_1_1
soundalias,#vox_3_banter_scar_shaw_plr_4_0
soundalias,#wpn_hammer_storm_bolt
soundalias,#zmb_combo_case_success
soundalias,#vox_viper_level_3_plr_11_2
soundalias,#vox_viper_level_3_plr_11_1
soundalias,#vox_viper_level_3_plr_11_0
soundalias,#wpn_generic_wpn_bounce_bark
soundalias,#hash_5a6410f04ce4b3a0
soundalias,#vox_perk_generic_plr_10_5
soundalias,#vox_perk_generic_plr_10_4
soundalias,#vox_perk_generic_plr_10_7
soundalias,#vox_perk_generic_plr_10_6
soundalias,#vox_perk_generic_plr_10_1
soundalias,#vox_perk_generic_plr_10_0
soundalias,#vox_perk_generic_plr_10_3
soundalias,#vox_perk_generic_plr_10_2
soundalias,#vox_perk_generic_plr_10_9
soundalias,#vox_perk_generic_plr_10_8
soundalias,#hash_5a6611e952ae9cf1
soundalias,#vox_artifact_3_pickup_0_plr_12_0
soundalias,#vox_5_banter_brun_scar_plr_1_1
soundalias,#phy_impact_soft_metal
soundalias,#hash_5a7c53329060465d
soundalias,#hash_5a8184d1f890f17c
soundalias,#vox_5_banter_brig_guns_plr_10_1
soundalias,#wpn_rgun_fire_plr
soundalias,#fly_step_walk_zdog_plaster
soundalias,#hash_5aa0fe526ca33075
soundalias,#fly_step_walk_zdog_plastic
soundalias,#hash_5ab96b664239250b
soundalias,#vox_stake_bowie_kill_plr_11_0
soundalias,#fly_step_walk_zdog_fruit
soundalias,#vox_chakram_ready_plr_9_2
soundalias,#vox_chakram_ready_plr_9_0
soundalias,#vox_chakram_ready_plr_9_1
soundalias,#vox_scepter_activate_plr_9_4
soundalias,#vox_scepter_activate_plr_9_1
soundalias,#vox_scepter_activate_plr_9_0
soundalias,#vox_scepter_activate_plr_9_3
soundalias,#vox_scepter_activate_plr_9_2
soundalias,#vox_treasure_chest_activate_2_plr_2_0
soundalias,#hash_5af63888fba2594b
soundalias,#vox_generic_wall_buy_plr_4_9
soundalias,#vox_generic_wall_buy_plr_4_8
soundalias,#vox_generic_wall_buy_plr_4_5
soundalias,#vox_generic_wall_buy_plr_4_4
soundalias,#vox_generic_wall_buy_plr_4_7
soundalias,#vox_generic_wall_buy_plr_4_6
soundalias,#vox_generic_wall_buy_plr_4_1
soundalias,#vox_generic_wall_buy_plr_4_0
soundalias,#vox_generic_wall_buy_plr_4_3
soundalias,#vox_generic_wall_buy_plr_4_2
soundalias,#hash_5afdef724a12726c
soundalias,#hash_5b032d22147b8a9c
soundalias,#hash_5b12d6dc3fd13c3d
soundalias,#hash_5b18895703fba823
soundalias,#vox_ammo_low_plr_2_4
soundalias,#vox_ammo_low_plr_2_1
soundalias,#vox_ammo_low_plr_2_0
soundalias,#vox_ammo_low_plr_2_3
soundalias,#vox_ammo_low_plr_2_2
soundalias,#zmb_monolith_fountain
soundalias,#fly_bump_table
soundalias,#zmb_ooze_clump_explo
soundalias,#vox_knight_trap_defend_plr_10_0
soundalias,#fly_step_crouch_walk_zdog_cushion
soundalias,#vox_berths_enter_plr_1_0
soundalias,#vox_destroy_rocketshield_plr_12_2
soundalias,#vox_destroy_rocketshield_plr_12_1
soundalias,#vox_destroy_rocketshield_plr_12_0
soundalias,#hash_5b78792bca0a0654
soundalias,#hash_5b787b2bca0a09ba
soundalias,#hash_5b787c2bca0a0b6d
soundalias,#fly_mann_limb_bounce_flesh
soundalias,#vox_special_round_kill_plr_9_0
soundalias,#vox_special_round_kill_plr_9_1
soundalias,#vox_special_round_kill_plr_9_2
soundalias,#vox_special_round_kill_plr_9_3
soundalias,#vox_special_round_kill_plr_9_4
soundalias,#fly_step_walk_werewolf_dirt
soundalias,#hash_5b997132499ceb4a
soundalias,#vox_m_quest_ambient_change_plr_4_0
soundalias,#vox_box_smg_plr_9_0
soundalias,#vox_box_smg_plr_9_1
soundalias,#vox_box_smg_plr_9_2
soundalias,#vox_box_smg_plr_9_3
soundalias,#vox_box_smg_plr_9_4
soundalias,#phy_impact_metal_wood
soundalias,#hash_5bb03dee040764f4
soundalias,#vox_stoker_react_plr_3_4
soundalias,#vox_stoker_react_plr_3_3
soundalias,#vox_stoker_react_plr_3_2
soundalias,#vox_stoker_react_plr_3_1
soundalias,#vox_stoker_react_plr_3_0
soundalias,#wpn_scepter_plant_kill_swt
soundalias,#vox_sentinel_los_first_plr_4_0
soundalias,#aml_dog_run_gear_enemy
soundalias,#hash_5bd64a95b32516e9
soundalias,#zmb_bat_wings_flap_close
soundalias,#hash_5be8978544c6ae75
soundalias,#vox_shaw_kill_headshot_plr_3_4
soundalias,#vox_shaw_kill_headshot_plr_3_0
soundalias,#vox_shaw_kill_headshot_plr_3_1
soundalias,#vox_shaw_kill_headshot_plr_3_2
soundalias,#vox_shaw_kill_headshot_plr_3_3
soundalias,#hash_5bedc387d77b6ab7
soundalias,#hash_5bedc487d77b6c6a
soundalias,#hash_5bedc587d77b6e1d
soundalias,#vox_1_banter_dieg_shaw_plr_4_0
soundalias,#fly_step_crouch_walk_zdog_snow
soundalias,#hash_5bf1b2b5ce868b9c
soundalias,#hash_5c1180bc2a7800aa
soundalias,#hash_5c16b5b86668cb80
soundalias,#vox_viper_kill_plr_12_0
soundalias,#vox_viper_kill_plr_12_1
soundalias,#vox_viper_kill_plr_12_2
soundalias,#vox_viper_kill_plr_12_3
soundalias,#wpn_generic_wpn_bounce_mud
soundalias,#vox_generic_responses_positive_plr_2_8
soundalias,#vox_generic_responses_positive_plr_2_9
soundalias,#vox_generic_responses_positive_plr_2_0
soundalias,#vox_generic_responses_positive_plr_2_1
soundalias,#vox_generic_responses_positive_plr_2_2
soundalias,#vox_generic_responses_positive_plr_2_3
soundalias,#vox_generic_responses_positive_plr_2_4
soundalias,#vox_generic_responses_positive_plr_2_5
soundalias,#vox_generic_responses_positive_plr_2_6
soundalias,#vox_generic_responses_positive_plr_2_7
soundalias,#phy_impact_soft_glass
soundalias,#hash_5c4a8dca2e2186ea
soundalias,#zmb_vocals_hellhound_attack_melee
soundalias,#zmb_vocals_nosferatu_death
soundalias,#zmb_sentinel_artifact_lp
soundalias,#hash_5c94a290cc9d0f50
soundalias,#hash_5c94a690cc9d161c
soundalias,#hash_5c94a790cc9d17cf
soundalias,#hash_5c94a890cc9d1982
soundalias,#hash_5c94a990cc9d1b35
soundalias,#fly_melee_imp_hammer_rock
soundalias,#vox_box_lmg_plr_4_4
soundalias,#vox_box_lmg_plr_4_2
soundalias,#vox_box_lmg_plr_4_3
soundalias,#vox_box_lmg_plr_4_0
soundalias,#vox_box_lmg_plr_4_1
soundalias,#dst_transformer_explo
soundalias,#hash_5caf3fd084d30b3e
soundalias,#vox_stone_drink_ghost_react_plr_12_0
soundalias,#hash_5cb7989a97484727
soundalias,#vox_attacked_zombie_plr_3_9
soundalias,#vox_attacked_zombie_plr_3_8
soundalias,#vox_attacked_zombie_plr_3_7
soundalias,#vox_attacked_zombie_plr_3_6
soundalias,#vox_attacked_zombie_plr_3_5
soundalias,#vox_attacked_zombie_plr_3_4
soundalias,#vox_attacked_zombie_plr_3_3
soundalias,#vox_attacked_zombie_plr_3_2
soundalias,#vox_attacked_zombie_plr_3_1
soundalias,#vox_attacked_zombie_plr_3_0
soundalias,#hash_5cd05c78a53d0897
soundalias,#vox_assemble_rocketshield_plr_2_2
soundalias,#vox_assemble_rocketshield_plr_2_0
soundalias,#vox_assemble_rocketshield_plr_2_1
soundalias,#vox_decay_react_plr_9_0
soundalias,#hash_5d0ea531da6a73df
soundalias,#hash_5d5042a83172ac71
soundalias,#vox_seer_stone_active_plr_11_0
soundalias,#fly_step_run_zdog_tallgrass
soundalias,#hash_5d6b6891f049713e
soundalias,#vox_viper_kill_plr_2_3
soundalias,#vox_viper_kill_plr_2_2
soundalias,#vox_viper_kill_plr_2_1
soundalias,#vox_viper_kill_plr_2_0
soundalias,#vox_viper_kill_plr_2_4
soundalias,#fly_step_sprint_zdog_flesh
soundalias,#wpn_fire_trap_stop
soundalias,#phy_impact_pool_ball
soundalias,#vox_purity_react_plr_9_0
soundalias,#vox_clock_interact_first_plr_12_0
soundalias,#vox_powerup_bonus_plr_2_4
soundalias,#vox_powerup_bonus_plr_2_2
soundalias,#vox_powerup_bonus_plr_2_3
soundalias,#vox_powerup_bonus_plr_2_0
soundalias,#vox_powerup_bonus_plr_2_1
soundalias,#zmb_blocker_powerdoor_purchase
soundalias,#vox_pap_pickup_plr_12_4
soundalias,#vox_pap_pickup_plr_12_3
soundalias,#vox_pap_pickup_plr_12_2
soundalias,#vox_pap_pickup_plr_12_1
soundalias,#vox_pap_pickup_plr_12_0
soundalias,#hash_5dd96d26b2d36c14
soundalias,#hash_5ddb037cae2d16db
soundalias,#zmb_sentinel_artifact_explode
soundalias,#vox_safe_unlock_plr_3_0
soundalias,#hash_5df4633a4e23f150
soundalias,#vox_dieg_surrounded_oh_shit_plr_1_3
soundalias,#vox_dieg_surrounded_oh_shit_plr_1_2
soundalias,#vox_dieg_surrounded_oh_shit_plr_1_1
soundalias,#vox_dieg_surrounded_oh_shit_plr_1_0
soundalias,#vox_purity_react_plr_10_0
soundalias,#mus_house_underscore
soundalias,#hash_5e0d933066f009ca
soundalias,#wpn_hammer_melee_impact_swt
soundalias,#fly_zombie_hand_swt
soundalias,#amb_bat_wings_loop
soundalias,#vox_ammo_out_plr_10_2
soundalias,#vox_ammo_out_plr_10_3
soundalias,#vox_ammo_out_plr_10_0
soundalias,#vox_ammo_out_plr_10_1
soundalias,#vox_ammo_out_plr_10_4
soundalias,#fly_step_run_werewolf_soft
soundalias,#fly_step_prone_zdog_glasscar
soundalias,#vox_shield_upgrade_pick_up_plr_1_0
soundalias,#fly_step_crouch_walk_zdog_gravel
soundalias,#hash_5e5fc609282c18d2
soundalias,#exp_nitrogen_tank_explo
soundalias,#vox_zombie_react_first_plr_9_0
soundalias,#vox_forest_gate_unlock_plr_9_0
soundalias,#vox_dragon_kill_plr_9_1
soundalias,#vox_dragon_kill_plr_9_0
soundalias,#vox_dragon_kill_plr_9_3
soundalias,#vox_dragon_kill_plr_9_2
soundalias,#vox_dragon_kill_plr_9_4
soundalias,#hash_5eb57257201f9043
soundalias,#hash_5eda7dd275d424a6
soundalias,#hash_5edf218d3c3f4760
soundalias,#hash_5edf228d3c3f4913
soundalias,#hash_5edf238d3c3f4ac6
soundalias,#hash_5edf248d3c3f4c79
soundalias,#hash_5edf258d3c3f4e2c
soundalias,#hash_5edf268d3c3f4fdf
soundalias,#hash_5edf278d3c3f5192
soundalias,#hash_5edf288d3c3f5345
soundalias,#hash_5edf2f8d3c3f5f2a
soundalias,#hash_5edf308d3c3f60dd
soundalias,#vox_2_banter_brun_dieg_plr_2_1
soundalias,#vox_powerup_nuke_plr_4_2
soundalias,#vox_powerup_nuke_plr_4_3
soundalias,#vox_powerup_nuke_plr_4_0
soundalias,#vox_powerup_nuke_plr_4_1
soundalias,#vox_powerup_nuke_plr_4_4
soundalias,#vox_powerup_nuke_plr_4_5
soundalias,#hash_5f11cf35c7a26267
soundalias,#vox_assemble_rocketshield_plr_12_2
soundalias,#vox_assemble_rocketshield_plr_12_1
soundalias,#vox_assemble_rocketshield_plr_12_0
soundalias,#vox_revive_self_plr_11_0
soundalias,#vox_revive_self_plr_11_1
soundalias,#vox_revive_self_plr_11_2
soundalias,#fly_step_crouch_run_zdog_paper
soundalias,#hash_5f2672545b99ea1a
soundalias,#wpn_viper_bite_activate_plr_lfe
soundalias,#vox_nomoney_generic_plr_2_3
soundalias,#vox_nomoney_generic_plr_2_2
soundalias,#vox_nomoney_generic_plr_2_1
soundalias,#vox_nomoney_generic_plr_2_0
soundalias,#vox_nomoney_generic_plr_2_4
soundalias,#vox_dieg_kill_streak_plr_1_2
soundalias,#vox_dieg_kill_streak_plr_1_3
soundalias,#vox_dieg_kill_streak_plr_1_0
soundalias,#vox_dieg_kill_streak_plr_1_1
soundalias,#zmb_vocals_hellhound_bite
soundalias,#vox_3_banter_brun_dieg_plr_2_1
soundalias,#hash_5f64672d2f3be1cf
soundalias,#vox_hammer_level_3_plr_9_0
soundalias,#vox_hammer_level_3_plr_9_1
soundalias,#vox_hammer_level_3_plr_9_2
soundalias,#hash_5f6ef40d791f3765
soundalias,#hash_5f880ad3af5e4911
soundalias,#vox_pap_wait_4_plr_12_0
soundalias,#vox_viper_level_3_plr_9_0
soundalias,#vox_viper_level_3_plr_9_1
soundalias,#vox_viper_level_3_plr_9_2
soundalias,#vox_pap_wait_plr_2_4
soundalias,#vox_pap_wait_plr_2_1
soundalias,#vox_pap_wait_plr_2_0
soundalias,#vox_pap_wait_plr_2_3
soundalias,#vox_pap_wait_plr_2_2
soundalias,#fly_melee_imp_galva_glass
soundalias,#dst_hydrant_destroyed_loop
soundalias,#vox_blightfather_vomit_plr_4_2
soundalias,#vox_blightfather_vomit_plr_4_0
soundalias,#vox_blightfather_vomit_plr_4_1
soundalias,#zmb_vocals_hellhound_death
soundalias,#wpn_electric_trap_ignite
soundalias,#hash_5fed0c8cb27e5156
soundalias,#vox_attacked_zombie_plr_10_9
soundalias,#vox_attacked_zombie_plr_10_8
soundalias,#vox_attacked_zombie_plr_10_1
soundalias,#vox_attacked_zombie_plr_10_0
soundalias,#vox_attacked_zombie_plr_10_3
soundalias,#vox_attacked_zombie_plr_10_2
soundalias,#vox_attacked_zombie_plr_10_5
soundalias,#vox_attacked_zombie_plr_10_4
soundalias,#vox_attacked_zombie_plr_10_7
soundalias,#vox_attacked_zombie_plr_10_6
soundalias,#vox_hammer_activate_plr_4_4
soundalias,#vox_hammer_activate_plr_4_2
soundalias,#vox_hammer_activate_plr_4_3
soundalias,#vox_hammer_activate_plr_4_0
soundalias,#vox_hammer_activate_plr_4_1
soundalias,#vox_box_arnie_plr_9_0
soundalias,#vox_box_arnie_plr_9_1
soundalias,#vox_box_arnie_plr_9_2
soundalias,#vox_box_arnie_plr_9_3
soundalias,#vox_box_arnie_plr_9_4
soundalias,#vox_ammo_buy_plr_3_2
soundalias,#vox_ammo_buy_plr_3_0
soundalias,#vox_ammo_buy_plr_3_1
soundalias,#vox_zombie_react_first_plr_10_0
soundalias,#vox_artifact_3_pickup_plr_11_0
soundalias,#hash_6043c078f3675169
soundalias,#amb_gate_open
soundalias,#vox_kill_streak_plr_11_9
soundalias,#vox_kill_streak_plr_11_8
soundalias,#vox_kill_streak_plr_11_3
soundalias,#vox_kill_streak_plr_11_2
soundalias,#vox_kill_streak_plr_11_1
soundalias,#vox_kill_streak_plr_11_0
soundalias,#vox_kill_streak_plr_11_7
soundalias,#vox_kill_streak_plr_11_6
soundalias,#vox_kill_streak_plr_11_5
soundalias,#vox_kill_streak_plr_11_4
soundalias,#vox_4_banter_brun_shaw_plr_2_0
soundalias,#zmb_bat_wings_flap
soundalias,#hash_606d51fe21e749ac
soundalias,#fly_step_run_zdog_metalthin
soundalias,#vox_generic_responses_negative_plr_4_6
soundalias,#vox_generic_responses_negative_plr_4_7
soundalias,#vox_generic_responses_negative_plr_4_4
soundalias,#vox_generic_responses_negative_plr_4_5
soundalias,#vox_generic_responses_negative_plr_4_2
soundalias,#vox_generic_responses_negative_plr_4_3
soundalias,#vox_generic_responses_negative_plr_4_0
soundalias,#vox_generic_responses_negative_plr_4_1
soundalias,#vox_generic_responses_negative_plr_4_8
soundalias,#vox_generic_responses_negative_plr_4_9
soundalias,#mus_mansion_roundstart_special_1_intro
soundalias,#phy_impact_soft_wood
soundalias,#hash_6087350e73488a7f
soundalias,#vox_pickup_rocketshield_plr_1_1
soundalias,#vox_pickup_rocketshield_plr_1_0
soundalias,#vox_pickup_rocketshield_plr_1_2
soundalias,#fly_step_walk_zdog_paintedmetal
soundalias,#vox_kill_revenge_plr_2_10
soundalias,#hash_60c2bcbfecd64847
soundalias,#zmb_hit_alert_hallion_swt
soundalias,#hash_60e25a39a1d9295a
soundalias,#mus_mansion_roundstart_first_intro
soundalias,#vox_generic_responses_positive_plr_10_3
soundalias,#vox_generic_responses_positive_plr_10_2
soundalias,#vox_generic_responses_positive_plr_10_1
soundalias,#vox_generic_responses_positive_plr_10_0
soundalias,#vox_generic_responses_positive_plr_10_7
soundalias,#vox_generic_responses_positive_plr_10_6
soundalias,#vox_generic_responses_positive_plr_10_5
soundalias,#vox_generic_responses_positive_plr_10_4
soundalias,#vox_generic_responses_positive_plr_10_9
soundalias,#vox_generic_responses_positive_plr_10_8
soundalias,#fly_step_crouch_run_zdog_metal
soundalias,#wpn_rgun_exp_cl
soundalias,#zmb_pap_key_drywall
soundalias,#vox_revive_scar_plr_4_4
soundalias,#vox_revive_scar_plr_4_1
soundalias,#vox_revive_scar_plr_4_0
soundalias,#vox_revive_scar_plr_4_3
soundalias,#vox_revive_scar_plr_4_2
soundalias,#fly_step_prone_zdog_mud
soundalias,#vox_guns_surrounded_oh_shit_plr_12_4
soundalias,#vox_guns_surrounded_oh_shit_plr_12_1
soundalias,#vox_guns_surrounded_oh_shit_plr_12_0
soundalias,#vox_guns_surrounded_oh_shit_plr_12_3
soundalias,#vox_guns_surrounded_oh_shit_plr_12_2
soundalias,#hash_613cef4818d77aca
soundalias,#vox_werewolf_intro_plr_12_0
soundalias,#vox_sulfur_pickup_plr_9_0
soundalias,#phy_impact_soft_foliage
soundalias,#fly_step_run_werewolf_main
soundalias,#hash_615a8415bb0bfe1a
soundalias,#vox_headstone_react_plr_10_0
soundalias,#vox_ee_diary_scar_shaw_plr_4_2
soundalias,#vox_ee_diary_scar_shaw_plr_4_0
soundalias,#vox_ee_diary_scar_shaw_plr_4_6
soundalias,#vox_ee_diary_scar_shaw_plr_4_4
soundalias,#vox_ee_diary_scar_shaw_plr_4_8
soundalias,#hash_619db1caf3898d6c
soundalias,#hash_619e4c691d5d1b98
soundalias,#vox_box_tactical_plr_4_4
soundalias,#vox_box_tactical_plr_4_3
soundalias,#vox_box_tactical_plr_4_2
soundalias,#vox_box_tactical_plr_4_1
soundalias,#vox_box_tactical_plr_4_0
soundalias,#vox_lounge_enter_plr_2_0
soundalias,#wpn_viper_melee_impact_plr
soundalias,#fly_mann_limb_bounce_brick
soundalias,#fly_step_sprint_zdog_brick
soundalias,#vox_knight_trap_defend_plr_11_0
soundalias,#zmb_bat_appear
soundalias,#hash_61de9595d357a1fe
soundalias,#phy_impact_metal_barrel
soundalias,#vox_2_banter_brun_scar_plr_1_1
soundalias,#fly_step_walk_zdog_carpet
soundalias,#hash_62053df0aeefcac5
soundalias,#vox_radiant_react_plr_11_0
soundalias,#hash_621fea8cc302714c
soundalias,#vox_wonder_prima_materia_plr_9_0
soundalias,#hash_622f348521d314e1
soundalias,#fly_step_crouch_run_zdog_rubber
soundalias,#p_dest_paper_stack02
soundalias,#p_dest_paper_stack01
soundalias,#wpn_generic_wpn_bounce_fruit
soundalias,#zmb_vocals_nosferatu_leap
soundalias,#vox_box_arnie_plr_12_0
soundalias,#vox_box_arnie_plr_12_1
soundalias,#vox_box_arnie_plr_12_2
soundalias,#vox_box_arnie_plr_12_3
soundalias,#vox_box_arnie_plr_12_4
soundalias,#vox_plr_1_outro_igc_15_15
soundalias,#vox_fish_reward_comp_plr_1_0
soundalias,#vox_charcoal_pickup_plr_10_0
soundalias,#vox_perk_generic_plr_3_3
soundalias,#vox_perk_generic_plr_3_2
soundalias,#vox_perk_generic_plr_3_1
soundalias,#vox_perk_generic_plr_3_0
soundalias,#vox_perk_generic_plr_3_7
soundalias,#vox_perk_generic_plr_3_6
soundalias,#vox_perk_generic_plr_3_5
soundalias,#vox_perk_generic_plr_3_4
soundalias,#vox_perk_generic_plr_3_9
soundalias,#vox_perk_generic_plr_3_8
soundalias,#wpn_hammer_melee_impact_swt_plr
soundalias,#hash_628ea8e957295046
soundalias,#vox_brig_kill_headshot_plr_12_4
soundalias,#vox_brig_kill_headshot_plr_12_1
soundalias,#vox_brig_kill_headshot_plr_12_0
soundalias,#vox_brig_kill_headshot_plr_12_3
soundalias,#vox_brig_kill_headshot_plr_12_2
soundalias,#vox_generic_responses_positive_plr_1_7
soundalias,#vox_generic_responses_positive_plr_1_5
soundalias,#vox_generic_responses_positive_plr_1_4
soundalias,#vox_generic_responses_positive_plr_1_3
soundalias,#vox_generic_responses_positive_plr_1_2
soundalias,#vox_generic_responses_positive_plr_1_1
soundalias,#vox_generic_responses_positive_plr_1_0
soundalias,#hash_62bb524c32872dab
soundalias,#hash_62bb554c328732c4
soundalias,#hash_62bb574c3287362a
soundalias,#hash_62bb584c328737dd
soundalias,#hash_62c0b0c35eca0b1b
soundalias,#hash_62c26d0f2eb9a6ca
soundalias,#hash_62c5ea3262bc4102
soundalias,#vox_hammer_level_2_plr_1_1
soundalias,#vox_hammer_level_2_plr_1_0
soundalias,#vox_hammer_level_2_plr_1_2
soundalias,#fly_dog_melee_victim
soundalias,#vox_bats_react_first_plr_12_0
soundalias,#vox_werewolf_kill_plr_11_4
soundalias,#vox_werewolf_kill_plr_11_2
soundalias,#vox_werewolf_kill_plr_11_3
soundalias,#vox_werewolf_kill_plr_11_0
soundalias,#vox_werewolf_kill_plr_11_1
soundalias,#vox_crossbow_pickup_plr_12_0
soundalias,#fly_step_run_zdog_brick
soundalias,#zmb_altar_zeus_bird_oneshot
soundalias,#vox_dining_hall_enter_plr_1_0
soundalias,#fly_melee_imp_galva_npc_cloth
soundalias,#hash_630e468a8a9acbca
soundalias,#vox_sentinel_los_first_plr_3_0
soundalias,#vox_m_quest_cat_sentinel_plr_3_1
soundalias,#fly_step_prone_zdog_rubber
soundalias,#vox_wonder_weapon_frame_plr_12_0
soundalias,#vox_forest_enter_plr_10_0
soundalias,#vox_werewolf_kill_plr_9_3
soundalias,#vox_werewolf_kill_plr_9_2
soundalias,#vox_werewolf_kill_plr_9_1
soundalias,#vox_werewolf_kill_plr_9_0
soundalias,#vox_werewolf_kill_plr_9_4
soundalias,#fly_step_gravel_npc
soundalias,#vox_scar_kill_streak_plr_2_3
soundalias,#vox_scar_kill_streak_plr_2_2
soundalias,#vox_scar_kill_streak_plr_2_1
soundalias,#vox_scar_kill_streak_plr_2_0
soundalias,#vox_scar_kill_streak_plr_2_4
soundalias,#vox_barrier_rebuild_plr_9_4
soundalias,#vox_barrier_rebuild_plr_9_0
soundalias,#vox_barrier_rebuild_plr_9_1
soundalias,#vox_barrier_rebuild_plr_9_2
soundalias,#vox_barrier_rebuild_plr_9_3
soundalias,#fly_step_crouch_walk_zdog_glassbulletproof
soundalias,#vox_stake_bowie_pickup_plr_11_0
soundalias,#hash_6386a4b7daf03dea
soundalias,#fly_mann_limb_bounce_ceramic
soundalias,#hash_6395d64b5a8efc03
soundalias,#hash_639d67833d1c664b
soundalias,#wpn_scepter_melee_impact_swt
soundalias,#vox_1_banter_scar_shaw_plr_1_0
soundalias,#vox_m_quest_circle_appears_plr_4_3
soundalias,#hash_63a9147fdc583023
soundalias,#vox_billiards_room_enter_plr_11_0
soundalias,#vox_box_launcher_plr_12_4
soundalias,#vox_box_launcher_plr_12_3
soundalias,#vox_box_launcher_plr_12_2
soundalias,#vox_box_launcher_plr_12_1
soundalias,#vox_box_launcher_plr_12_0
soundalias,#amb_water_lap
soundalias,#vox_box_wonder_plr_12_4
soundalias,#vox_box_wonder_plr_12_0
soundalias,#vox_box_wonder_plr_12_1
soundalias,#vox_box_wonder_plr_12_2
soundalias,#vox_box_wonder_plr_12_3
soundalias,#vox_decay_react_plr_12_0
soundalias,#wpn_hammer_electrocution_impact
soundalias,#wpn_rgun_fire_lfe_plr
soundalias,#wpn_hammer_sheathe_plr
soundalias,#hash_63f05b474191cc66
soundalias,#vox_attacked_zombie_plr_2_6
soundalias,#vox_attacked_zombie_plr_2_7
soundalias,#vox_attacked_zombie_plr_2_4
soundalias,#vox_attacked_zombie_plr_2_5
soundalias,#vox_attacked_zombie_plr_2_2
soundalias,#vox_attacked_zombie_plr_2_3
soundalias,#vox_attacked_zombie_plr_2_0
soundalias,#vox_attacked_zombie_plr_2_1
soundalias,#vox_attacked_zombie_plr_2_8
soundalias,#vox_attacked_zombie_plr_2_9
soundalias,#hash_64140f893bb5a9d0
soundalias,#hash_641410893bb5ab83
soundalias,#hash_641411893bb5ad36
soundalias,#hash_641412893bb5aee9
soundalias,#hash_641413893bb5b09c
soundalias,#vox_pap_wait_plr_11_4
soundalias,#vox_pap_wait_plr_11_1
soundalias,#vox_pap_wait_plr_11_0
soundalias,#vox_pap_wait_plr_11_3
soundalias,#vox_pap_wait_plr_11_2
soundalias,#vox_perk_generic_plr_11_8
soundalias,#vox_perk_generic_plr_11_9
soundalias,#vox_perk_generic_plr_11_4
soundalias,#vox_perk_generic_plr_11_5
soundalias,#vox_perk_generic_plr_11_6
soundalias,#vox_perk_generic_plr_11_7
soundalias,#vox_perk_generic_plr_11_0
soundalias,#vox_perk_generic_plr_11_1
soundalias,#vox_perk_generic_plr_11_2
soundalias,#vox_perk_generic_plr_11_3
soundalias,#phy_impact_glass_wood
soundalias,#prj_crossbow_impact_flesh
soundalias,#vox_revive_support_scar_plr_3_4
soundalias,#vox_revive_support_scar_plr_3_2
soundalias,#vox_revive_support_scar_plr_3_3
soundalias,#vox_revive_support_scar_plr_3_0
soundalias,#vox_revive_support_scar_plr_3_1
soundalias,#vox_box_tactical_plr_11_1
soundalias,#vox_box_tactical_plr_11_0
soundalias,#vox_box_tactical_plr_11_3
soundalias,#vox_box_tactical_plr_11_2
soundalias,#fly_step_sprint_zdog_grass
soundalias,#fly_dog_step_default
soundalias,#vox_bowie_pickup_plr_11_0
soundalias,#vox_main_hall_enter_plr_9_0
soundalias,#hash_646edc1c9bbfbc69
soundalias,#fly_step_crouch_walk_zdog_metalthin
soundalias,#vox_revive_support_brun_plr_4_4
soundalias,#vox_revive_support_brun_plr_4_3
soundalias,#vox_revive_support_brun_plr_4_2
soundalias,#vox_revive_support_brun_plr_4_1
soundalias,#vox_revive_support_brun_plr_4_0
soundalias,#fly_melee_imp_scepter_npc_metal
soundalias,#hash_64796b1ee9c1a0df
soundalias,#hash_6479c2bd319012b3
soundalias,#vox_dragon_kill_plr_12_4
soundalias,#vox_dragon_kill_plr_12_3
soundalias,#vox_dragon_kill_plr_12_2
soundalias,#vox_dragon_kill_plr_12_1
soundalias,#vox_dragon_kill_plr_12_0
soundalias,#wpn_dragon_fire_lvl1_plr_lfe
soundalias,#mus_mansion_roundstart_3_intro
soundalias,#vox_radiant_scream_react_plr_3_2
soundalias,#vox_radiant_scream_react_plr_3_3
soundalias,#vox_radiant_scream_react_plr_3_0
soundalias,#vox_radiant_scream_react_plr_3_1
soundalias,#vox_radiant_scream_react_plr_3_4
soundalias,#zmb_blocker_powerdoor_lp
soundalias,#hash_64b57d798715da70
soundalias,#vox_observatory_defend_comp_plr_9_0
soundalias,#vox_headstone_react_plr_9_0
soundalias,#phy_impact_wood_soft
soundalias,#vox_chakram_level_3_plr_3_1
soundalias,#vox_chakram_level_3_plr_3_0
soundalias,#vox_chakram_level_3_plr_3_2
soundalias,#phy_impact_gib
soundalias,#hash_64de3477d85cad95
soundalias,#vox_blightfather_react_plr_3_4
soundalias,#vox_blightfather_react_plr_3_1
soundalias,#vox_blightfather_react_plr_3_0
soundalias,#vox_blightfather_react_plr_3_3
soundalias,#vox_blightfather_react_plr_3_2
soundalias,#hash_64edabe355229d32
soundalias,#aml_dog_neckbreak
soundalias,#hash_64ff552828647ecf
soundalias,#hash_6503318e60a22ed3
soundalias,#vox_viper_level_3_plr_10_2
soundalias,#vox_viper_level_3_plr_10_0
soundalias,#vox_viper_level_3_plr_10_1
soundalias,#vox_safe_unlock_plr_2_0
soundalias,#vox_solo_end_round2_plr_9_2
soundalias,#vox_plr_1_outro_igc_14_14
soundalias,#hash_6560ce0b7a4a80c9
soundalias,#vox_2_banter_brun_dieg_plr_3_0
soundalias,#fly_step_prone_zdog_rock
soundalias,#hash_65790bfd14f9d80e
soundalias,#vox_seer_stone_active_plr_12_0
soundalias,#hash_658ae19813699419
soundalias,#vox_box_smg_plr_12_0
soundalias,#vox_box_smg_plr_12_1
soundalias,#vox_box_smg_plr_12_2
soundalias,#vox_box_smg_plr_12_3
soundalias,#vox_box_smg_plr_12_4
soundalias,#vox_stoker_react_plr_2_4
soundalias,#vox_stoker_react_plr_2_2
soundalias,#vox_stoker_react_plr_2_3
soundalias,#vox_stoker_react_plr_2_0
soundalias,#vox_stoker_react_plr_2_1
soundalias,#fly_metal_plank_plr
soundalias,#vox_revive_brig_plr_9_4
soundalias,#vox_revive_brig_plr_9_3
soundalias,#vox_revive_brig_plr_9_2
soundalias,#vox_revive_brig_plr_9_1
soundalias,#vox_revive_brig_plr_9_0
soundalias,#vox_ammo_low_plr_3_4
soundalias,#vox_ammo_low_plr_3_0
soundalias,#vox_ammo_low_plr_3_1
soundalias,#vox_ammo_low_plr_3_2
soundalias,#vox_ammo_low_plr_3_3
soundalias,#hash_65d898881fafe9f8
soundalias,#vox_box_shotgun_plr_3_3
soundalias,#vox_box_shotgun_plr_3_2
soundalias,#vox_box_shotgun_plr_3_1
soundalias,#vox_box_shotgun_plr_3_0
soundalias,#vox_box_shotgun_plr_3_4
soundalias,#hash_65f2e4664f8cc419
soundalias,#vox_radiant_scream_react_plr_12_0
soundalias,#hash_65f76254230c2099
soundalias,#aml_dog_pain
soundalias,#vox_cemetary_defend_plr_11_0
soundalias,#hash_661ab5dd3a814d28
soundalias,#zmb_step_nosferatu_walk_default
soundalias,#fly_step_sprint_zdog_asphalt
soundalias,#hash_663346a99e3bdffc
soundalias,#hash_663348a99e3be362
soundalias,#hash_6643caefeffff6f1
soundalias,#vox_5_banter_brun_shaw_plr_4_1
soundalias,#vox_powerup_nuke_plr_3_1
soundalias,#vox_powerup_nuke_plr_3_0
soundalias,#vox_powerup_nuke_plr_3_3
soundalias,#vox_powerup_nuke_plr_3_2
soundalias,#vox_powerup_nuke_plr_3_5
soundalias,#vox_powerup_nuke_plr_3_4
soundalias,#hash_66602d577d863501
soundalias,#hash_6662c407371ddaff
soundalias,#vox_box_move_plr_12_3
soundalias,#vox_box_move_plr_12_0
soundalias,#vox_box_move_plr_12_1
soundalias,#vox_box_move_plr_12_4
soundalias,#vox_kill_revenge_plr_12_8
soundalias,#vox_kill_revenge_plr_12_0
soundalias,#vox_kill_revenge_plr_12_1
soundalias,#vox_kill_revenge_plr_12_2
soundalias,#vox_kill_revenge_plr_12_3
soundalias,#vox_kill_revenge_plr_12_4
soundalias,#vox_kill_revenge_plr_12_5
soundalias,#vox_kill_revenge_plr_12_6
soundalias,#vox_kill_revenge_plr_12_7
soundalias,#hash_6698f454bf7a934e
soundalias,#hash_6698f554bf7a9501
soundalias,#hash_66a9e9a056f5aa26
soundalias,#vox_plr_1_outro_igc_16_16
soundalias,#vox_viper_kill_plr_11_3
soundalias,#vox_viper_kill_plr_11_2
soundalias,#vox_viper_kill_plr_11_1
soundalias,#vox_viper_kill_plr_11_0
soundalias,#vox_viper_kill_plr_11_4
soundalias,#fly_step_walk_zdog_wood
soundalias,#hash_66df9cab2c64f968
soundalias,#vox_revive_down_plr_4_4
soundalias,#vox_revive_down_plr_4_5
soundalias,#vox_revive_down_plr_4_2
soundalias,#vox_revive_down_plr_4_3
soundalias,#vox_revive_down_plr_4_0
soundalias,#vox_revive_down_plr_4_1
soundalias,#hash_66edd342df7791fd
soundalias,#hash_66f9b077af59a2b4
soundalias,#vox_pap_wait_plr_3_4
soundalias,#vox_pap_wait_plr_3_0
soundalias,#vox_pap_wait_plr_3_1
soundalias,#vox_pap_wait_plr_3_2
soundalias,#vox_pap_wait_plr_3_3
soundalias,#amb_chaos_ball
soundalias,#vox_solo_end_round2_plr_10_2
soundalias,#fly_step_walk_zdog_gravel
soundalias,#phy_impact_glass_foliage
soundalias,#fly_melee_imp_scepter
soundalias,#vox_crawler_kill_plr_9_4
soundalias,#vox_crawler_kill_plr_9_0
soundalias,#vox_crawler_kill_plr_9_1
soundalias,#vox_crawler_kill_plr_9_2
soundalias,#vox_crawler_kill_plr_9_3
soundalias,#fly_bowie_impact_victim
soundalias,#hash_67377acc9921b8fe
soundalias,#vox_crawler_los_plr_2_1
soundalias,#vox_crawler_los_plr_2_0
soundalias,#vox_crawler_los_plr_2_3
soundalias,#vox_crawler_los_plr_2_2
soundalias,#vox_crawler_los_plr_2_4
soundalias,#vox_revive_self_plr_12_2
soundalias,#vox_revive_self_plr_12_1
soundalias,#vox_revive_self_plr_12_0
soundalias,#hash_673ef109fb7a5504
soundalias,#hash_673ef209fb7a56b7
soundalias,#hash_673ef409fb7a5a1d
soundalias,#hash_6740d58ccd4742e5
soundalias,#hash_6760bbf41c3fe9d8
soundalias,#hash_6760bdf41c3fed3e
soundalias,#hash_6760bef41c3feef1
soundalias,#vox_green_trap_active_plr_12_4
soundalias,#vox_green_trap_active_plr_12_1
soundalias,#vox_green_trap_active_plr_12_0
soundalias,#vox_green_trap_active_plr_12_3
soundalias,#vox_green_trap_active_plr_12_2
soundalias,#hash_676abbbe577d5b66
soundalias,#hash_676ac6bf8d7096f9
soundalias,#hash_676ac7bf8d7098ac
soundalias,#hash_676ac8bf8d709a5f
soundalias,#hash_676ac9bf8d709c12
soundalias,#hash_676acabf8d709dc5
soundalias,#wpn_generic_clip_bounce_dirt
soundalias,#hash_676e555ab4377285
soundalias,#vox_revive_brun_plr_4_4
soundalias,#vox_revive_brun_plr_4_3
soundalias,#vox_revive_brun_plr_4_2
soundalias,#vox_revive_brun_plr_4_1
soundalias,#vox_revive_brun_plr_4_0
soundalias,#hash_678cf39ab6fda665
soundalias,#fly_step_walk_zdog_glass
soundalias,#vox_kill_streak_plr_10_2
soundalias,#vox_kill_streak_plr_10_3
soundalias,#vox_kill_streak_plr_10_0
soundalias,#vox_kill_streak_plr_10_1
soundalias,#vox_kill_streak_plr_10_6
soundalias,#vox_kill_streak_plr_10_7
soundalias,#vox_kill_streak_plr_10_4
soundalias,#vox_kill_streak_plr_10_5
soundalias,#vox_kill_streak_plr_10_8
soundalias,#vox_kill_streak_plr_10_9
soundalias,#hash_67a041e6f799fa42
soundalias,#hash_67ade88bdc2d836e
soundalias,#hash_67b26c79bbe5bbcb
soundalias,#fly_step_walk_zdog_bodyarmor
soundalias,#fly_step_run_zdog_rock
soundalias,#wpn_rgun_fire_lfe_npc
soundalias,#fly_step_sprint_zdog_paintedmetal
soundalias,#hash_67e6e50542ba56f1
soundalias,#hash_67f789dd4e8a98b3
soundalias,#hash_67f78cdd4e8a9dcc
soundalias,#hash_67f78ddd4e8a9f7f
soundalias,#hash_67f78edd4e8aa132
soundalias,#hash_67f78fdd4e8aa2e5
soundalias,#hash_67fe68eec41d210f
soundalias,#hash_680df11406aaad0d
soundalias,#hash_6820fad814dba6ea
soundalias,#vox_viper_kill_plr_3_2
soundalias,#vox_viper_kill_plr_3_3
soundalias,#vox_viper_kill_plr_3_0
soundalias,#vox_viper_kill_plr_3_1
soundalias,#vox_viper_kill_plr_3_4
soundalias,#hash_682e268b0b86aa78
soundalias,#fly_melee_imp_chakram_plastic
soundalias,#wpn_crossbow_dryfire_npc
soundalias,#hash_684469b812adb211
soundalias,#vox_generic_responses_positive_plr_11_8
soundalias,#vox_generic_responses_positive_plr_11_9
soundalias,#vox_generic_responses_positive_plr_11_2
soundalias,#vox_generic_responses_positive_plr_11_3
soundalias,#vox_generic_responses_positive_plr_11_0
soundalias,#vox_generic_responses_positive_plr_11_1
soundalias,#vox_generic_responses_positive_plr_11_6
soundalias,#vox_generic_responses_positive_plr_11_7
soundalias,#vox_generic_responses_positive_plr_11_4
soundalias,#vox_generic_responses_positive_plr_11_5
soundalias,#fly_step_mattress_npc
soundalias,#zmb_vocals_zombie_crawler
soundalias,#wpn_rgun_flux_l_npc
soundalias,#vox_plr_ghost_react_plr_12_1
soundalias,#vox_plr_ghost_react_plr_12_0
soundalias,#vox_plr_ghost_react_plr_12_2
soundalias,#vox_stake_bowie_pickup_plr_9_0
soundalias,#fly_spoon_first_raise
soundalias,#zmb_vocals_werewolf_sprint_lp
soundalias,#hash_6875e2ab9b8e11d7
soundalias,#hash_687f519b0bed9408
soundalias,#vox_destroy_rocketshield_plr_1_1
soundalias,#vox_destroy_rocketshield_plr_1_0
soundalias,#vox_destroy_rocketshield_plr_1_2
soundalias,#zmb_pap_key_vase
soundalias,#prj_crossbow_impact_brick
soundalias,#hash_68988cab9fa84ad5
soundalias,#vox_powerup_carpenter_plr_1_0
soundalias,#vox_powerup_carpenter_plr_1_1
soundalias,#vox_powerup_carpenter_plr_1_2
soundalias,#vox_magic_box_share_plr_1_4
soundalias,#vox_magic_box_share_plr_1_2
soundalias,#vox_magic_box_share_plr_1_3
soundalias,#vox_magic_box_share_plr_1_0
soundalias,#vox_magic_box_share_plr_1_1
soundalias,#wpn_chakram_sheathe_npc
soundalias,#fly_fall_zombie
soundalias,#vox_seer_stone_jump_react_plr_12_0
soundalias,#vox_charcoal_pickup_plr_11_0
soundalias,#prj_viper_bite_impact
soundalias,#wpn_generic_wpn_bounce_paper
soundalias,#vox_lounge_enter_plr_3_0
soundalias,#vox_decay_gas_react_plr_1_1
soundalias,#vox_decay_gas_react_plr_1_0
soundalias,#vox_decay_gas_react_plr_1_3
soundalias,#vox_decay_gas_react_plr_1_2
soundalias,#vox_decay_gas_react_plr_1_4
soundalias,#zmb_bookcase_short_right
soundalias,#hash_69154b159416f6a7
soundalias,#zmb_blocker_debris_escape_purchase
soundalias,#wpn_viper_melee_impact
soundalias,#wpn_generic_clip_bounce_concrete
soundalias,#fly_dog_step_weight
soundalias,#vox_revive_dieg_plr_1_2
soundalias,#vox_revive_dieg_plr_1_0
soundalias,#vox_revive_dieg_plr_1_1
soundalias,#vox_radiant_react_plr_10_0
soundalias,#zmb_fasttravel_teleport_start_plr
soundalias,#vox_folly_pistol_interact_first_plr_10_0
soundalias,#vox_bats_react_first_plr_11_0
soundalias,#fly_dog_melee_npc
soundalias,#fly_step_crouch_walk_zdog_paper
soundalias,#fly_step_loose_tile_plr
soundalias,#hash_69a61f074e359f95
soundalias,#hash_69b6d00136d35f2b
soundalias,#vox_grenade_react_plr_10_0
soundalias,#zmb_altar_danu_staff_lp
soundalias,#vox_perk_generic_plr_2_8
soundalias,#vox_perk_generic_plr_2_9
soundalias,#vox_perk_generic_plr_2_2
soundalias,#vox_perk_generic_plr_2_3
soundalias,#vox_perk_generic_plr_2_0
soundalias,#vox_perk_generic_plr_2_1
soundalias,#vox_perk_generic_plr_2_6
soundalias,#vox_perk_generic_plr_2_7
soundalias,#vox_perk_generic_plr_2_4
soundalias,#vox_perk_generic_plr_2_5
soundalias,#hash_69c687b4733b5712
soundalias,#vox_attacked_zombie_plr_11_0
soundalias,#vox_attacked_zombie_plr_11_1
soundalias,#vox_attacked_zombie_plr_11_2
soundalias,#vox_attacked_zombie_plr_11_3
soundalias,#vox_attacked_zombie_plr_11_4
soundalias,#vox_attacked_zombie_plr_11_5
soundalias,#vox_attacked_zombie_plr_11_6
soundalias,#vox_attacked_zombie_plr_11_7
soundalias,#vox_attacked_zombie_plr_11_8
soundalias,#vox_attacked_zombie_plr_11_9
soundalias,#vox_green_trap_active_plr_9_4
soundalias,#vox_green_trap_active_plr_9_3
soundalias,#vox_green_trap_active_plr_9_2
soundalias,#vox_green_trap_active_plr_9_1
soundalias,#vox_green_trap_active_plr_9_0
soundalias,#vox_viper_dragon_activate_plr_4_2
soundalias,#vox_viper_dragon_activate_plr_4_3
soundalias,#vox_viper_dragon_activate_plr_4_0
soundalias,#vox_viper_dragon_activate_plr_4_1
soundalias,#vox_viper_dragon_activate_plr_4_4
soundalias,#hash_69e071a8eb1f216e
soundalias,#fly_step_run_zdog_rubber
soundalias,#prj_crossbow_impact_gravel
soundalias,#hash_69ec4fbfe6b9e341
soundalias,#vox_nomoney_generic_plr_3_2
soundalias,#vox_nomoney_generic_plr_3_3
soundalias,#vox_nomoney_generic_plr_3_0
soundalias,#vox_nomoney_generic_plr_3_1
soundalias,#vox_nomoney_generic_plr_3_4
soundalias,#vox_nomoney_generic_plr_3_5
soundalias,#fly_mann_limb_bounce_concrete
soundalias,#vox_chakram_ready_plr_4_2
soundalias,#vox_chakram_ready_plr_4_1
soundalias,#vox_chakram_ready_plr_4_0
soundalias,#hash_6a09bb4844abf7da
soundalias,#hash_6a0e3c65b9af1217
soundalias,#vox_cemetary_enter_plr_12_0
soundalias,#hash_6a18c9d5cea653d4
soundalias,#vox_artifact_3_pickup_plr_10_0
soundalias,#hash_6a2a0c62daaff8ac
soundalias,#hash_6a3a7714a2c454fb
soundalias,#vox_blightfather_kill_plr_2_1
soundalias,#vox_blightfather_kill_plr_2_0
soundalias,#vox_blightfather_kill_plr_2_3
soundalias,#vox_blightfather_kill_plr_2_2
soundalias,#vox_blightfather_kill_plr_2_4
soundalias,#hash_6a4c0b5fff2011e3
soundalias,#hash_6a5e0d24e28a2c01
soundalias,#zmb_pap_key_fountain_statue
soundalias,#fly_melee_imp_galva_wood
soundalias,#dst_luggage
soundalias,#vox_blightfather_vomit_plr_3_1
soundalias,#vox_blightfather_vomit_plr_3_0
soundalias,#vox_blightfather_vomit_plr_3_2
soundalias,#wpn_generic_clip_bounce_grass
soundalias,#phy_pocket_pool_ball
soundalias,#hash_6a97c7f6e43f289f
soundalias,#vox_fast_travel_end_plr_2_1
soundalias,#vox_fast_travel_end_plr_2_0
soundalias,#vox_fast_travel_end_plr_2_3
soundalias,#vox_fast_travel_end_plr_2_2
soundalias,#vox_fast_travel_end_plr_2_4
soundalias,#vox_1_banter_brun_scar_plr_1_1
soundalias,#vox_elixir_drink_plr_9_9
soundalias,#vox_elixir_drink_plr_9_8
soundalias,#vox_elixir_drink_plr_9_1
soundalias,#vox_elixir_drink_plr_9_0
soundalias,#vox_elixir_drink_plr_9_3
soundalias,#vox_elixir_drink_plr_9_2
soundalias,#vox_elixir_drink_plr_9_5
soundalias,#vox_elixir_drink_plr_9_4
soundalias,#vox_elixir_drink_plr_9_7
soundalias,#vox_elixir_drink_plr_9_6
soundalias,#hash_6aa35ab86c22666e
soundalias,#hash_6aa9daf93f721590
soundalias,#fly_step_crouch_walk_zdog_rubber
soundalias,#hash_6ab53d808ef366d5
soundalias,#hash_6abe8c2d3548831c
soundalias,#vox_plr_10_outro_igc_3_3
soundalias,#vox_shaw_surrounded_oh_shit_plr_3_1
soundalias,#vox_shaw_surrounded_oh_shit_plr_3_0
soundalias,#vox_shaw_surrounded_oh_shit_plr_3_3
soundalias,#vox_shaw_surrounded_oh_shit_plr_3_2
soundalias,#vox_shaw_surrounded_oh_shit_plr_3_4
soundalias,#vox_billiards_room_enter_plr_10_0
soundalias,#hash_6b1e4ed04ac39ec3
soundalias,#vox_nomoney_generic_plr_12_4
soundalias,#vox_nomoney_generic_plr_12_0
soundalias,#vox_nomoney_generic_plr_12_1
soundalias,#vox_nomoney_generic_plr_12_2
soundalias,#vox_nomoney_generic_plr_12_3
soundalias,#vox_sentinel_los_first_plr_2_0
soundalias,#zmb_gold_watch_pickup
soundalias,#vox_m_quest_cat_sentinel_plr_2_2
soundalias,#wpn_scepter_melee_impact_plr
soundalias,#vox_chakram_level_3_plr_2_0
soundalias,#vox_chakram_level_3_plr_2_1
soundalias,#vox_chakram_level_3_plr_2_2
soundalias,#hash_6b56372df0bdb444
soundalias,#vox_blightfather_react_plr_2_4
soundalias,#vox_blightfather_react_plr_2_0
soundalias,#vox_blightfather_react_plr_2_1
soundalias,#vox_blightfather_react_plr_2_2
soundalias,#vox_blightfather_react_plr_2_3
soundalias,#hash_6b62c2893f76e8f9
soundalias,#hash_6b62c3893f76eaac
soundalias,#hash_6b62c4893f76ec5f
soundalias,#hash_6b62c5893f76ee12
soundalias,#hash_6b62c6893f76efc5
soundalias,#amb_frog
soundalias,#vox_scar_kill_streak_plr_3_2
soundalias,#vox_scar_kill_streak_plr_3_3
soundalias,#vox_scar_kill_streak_plr_3_1
soundalias,#vox_scar_kill_streak_plr_3_4
soundalias,#amb_wood_slide_open
soundalias,#fly_splash_npc
soundalias,#vox_perk_generic_plr_12_3
soundalias,#vox_perk_generic_plr_12_2
soundalias,#vox_perk_generic_plr_12_1
soundalias,#vox_perk_generic_plr_12_0
soundalias,#vox_perk_generic_plr_12_7
soundalias,#vox_perk_generic_plr_12_6
soundalias,#vox_perk_generic_plr_12_5
soundalias,#vox_perk_generic_plr_12_4
soundalias,#vox_box_tactical_plr_10_4
soundalias,#vox_box_tactical_plr_10_0
soundalias,#vox_box_tactical_plr_10_1
soundalias,#vox_box_tactical_plr_10_2
soundalias,#vox_box_tactical_plr_10_3
soundalias,#aml_dog_attack_jump
soundalias,#hash_6bae336584399f4d
soundalias,#wpn_viper_melee_swing_npc
soundalias,#hash_6bc282981bb165f8
soundalias,#fly_melee_imp_scepter_npc_wood
soundalias,#vox_box_move_plr_9_2
soundalias,#vox_box_move_plr_9_3
soundalias,#vox_box_move_plr_9_0
soundalias,#vox_box_move_plr_9_1
soundalias,#vox_box_move_plr_9_4
soundalias,#hash_6bdc47828f660dbb
soundalias,#fly_step_run_werewolf_wood
soundalias,#hash_6be095a90990e0ee
soundalias,#vox_kill_melee_plr_11_5
soundalias,#vox_kill_melee_plr_11_4
soundalias,#vox_kill_melee_plr_11_7
soundalias,#vox_kill_melee_plr_11_6
soundalias,#vox_kill_melee_plr_11_1
soundalias,#vox_kill_melee_plr_11_0
soundalias,#vox_kill_melee_plr_11_3
soundalias,#vox_kill_melee_plr_11_2
soundalias,#vox_kill_melee_plr_11_9
soundalias,#vox_kill_melee_plr_11_8
soundalias,#vox_plasma_react_plr_4_0
soundalias,#hash_6bec691584ea685f
soundalias,#vox_radiant_scream_react_plr_4_1
soundalias,#vox_radiant_scream_react_plr_4_0
soundalias,#vox_radiant_scream_react_plr_4_3
soundalias,#vox_radiant_scream_react_plr_4_2
soundalias,#vox_radiant_scream_react_plr_4_4
soundalias,#vox_gib_zombie_plr_9_0
soundalias,#vox_gib_zombie_plr_9_1
soundalias,#vox_gib_zombie_plr_9_2
soundalias,#vox_gib_zombie_plr_9_3
soundalias,#vox_gib_zombie_plr_9_4
soundalias,#fly_step_crouch_run_zdog_foliage
soundalias,#vox_hammer_ready_plr_1_1
soundalias,#vox_hammer_ready_plr_1_0
soundalias,#vox_hammer_ready_plr_1_2
soundalias,#vox_solo_game_start_plr_1_0
soundalias,#fly_melee_imp_scepter_npc_metalcar
soundalias,#hash_6c2057ae8598f4da
soundalias,#vox_werewolf_enemy_enter_plr_12_0
soundalias,#hash_6c2ceb3db5212378
soundalias,#fly_melee_imp_hammer_npc_wood
soundalias,#vox_perk_generic_plr_2_11
soundalias,#vox_perk_generic_plr_2_10
soundalias,#vox_perk_generic_plr_2_13
soundalias,#vox_perk_generic_plr_2_12
soundalias,#vox_perk_generic_plr_2_15
soundalias,#vox_perk_generic_plr_2_14
soundalias,#zmb_switch_flip_trap
soundalias,#zmb_switch_flip_trap_alarm
soundalias,#vox_pap_wait_plr_10_4
soundalias,#vox_pap_wait_plr_10_0
soundalias,#vox_pap_wait_plr_10_1
soundalias,#vox_pap_wait_plr_10_2
soundalias,#vox_pap_wait_plr_10_3
soundalias,#hash_6c4f7d192847d762
soundalias,#wpn_melee_foley_swt
soundalias,#vox_knight_trap_react_first_plr_9_0
soundalias,#fly_step_crouch_walk_zdog_paintedmetal
soundalias,#vox_knight_trap_defend_plr_12_0
soundalias,#vox_bowie_pickup_plr_10_0
soundalias,#hash_6c9192b5b34e83a7
soundalias,#vox_2_banter_brun_scar_plr_2_0
soundalias,#vox_2_banter_brig_guns_plr_10_0
soundalias,#vox_box_smg_plr_11_4
soundalias,#vox_box_smg_plr_11_3
soundalias,#vox_box_smg_plr_11_2
soundalias,#vox_box_smg_plr_11_1
soundalias,#vox_box_smg_plr_11_0
soundalias,#zmb_fire_loop
soundalias,#fly_mann_limb_bounce_cushion
soundalias,#zmb_vocals_hellhound_ambient
soundalias,#vox_box_arnie_plr_11_4
soundalias,#vox_box_arnie_plr_11_3
soundalias,#vox_box_arnie_plr_11_2
soundalias,#vox_box_arnie_plr_11_1
soundalias,#vox_box_arnie_plr_11_0
soundalias,#prj_crossbow_impact_grass
soundalias,#wpn_generic_clip_bounce_snow
soundalias,#hash_6d2de571b33ed92c
soundalias,#fly_bump_piano
soundalias,#prj_crossbow_impact_cushion
soundalias,#aml_dog_run_breathe
soundalias,#vox_plr_10_outro_igc_10_10
soundalias,#hash_6d435ee95dcdbd88
soundalias,#hash_6d4d2b571bd73007
soundalias,#vox_safe_unlock_plr_1_0
soundalias,#vox_viper_dragon_ready_plr_1_1
soundalias,#vox_viper_dragon_ready_plr_1_0
soundalias,#vox_viper_dragon_ready_plr_1_2
soundalias,#hash_6d66dabb2eb19908
soundalias,#hash_6d68a67b215a1a67
soundalias,#fly_step_prone_zdog_dirt
soundalias,#zmb_step_nosferatu_step_swt
soundalias,#vox_solo_end_round2_plr_11_2
soundalias,#hash_6d82a4940404c930
soundalias,#fly_bowie_impact_player
soundalias,#hash_6da145d367ec64b2
soundalias,#vox_kill_arnie_plr_1_4
soundalias,#vox_kill_arnie_plr_1_1
soundalias,#vox_kill_arnie_plr_1_0
soundalias,#vox_kill_arnie_plr_1_3
soundalias,#vox_kill_arnie_plr_1_2
soundalias,#zmb_prima_gear_lp
soundalias,#fly_step_crouch_run_zdog_plastic
soundalias,#vox_distillation_kit_build_plr_4_0
soundalias,#fly_step_crouch_run_zdog_plaster
soundalias,#vox_revive_down_3_plr_12_3
soundalias,#vox_revive_down_3_plr_12_1
soundalias,#zmb_jewelry_drop
soundalias,#vox_forest_enter_plr_11_0
soundalias,#vox_kill_revenge_plr_11_9
soundalias,#vox_kill_revenge_plr_11_8
soundalias,#vox_kill_revenge_plr_11_7
soundalias,#vox_kill_revenge_plr_11_6
soundalias,#vox_kill_revenge_plr_11_5
soundalias,#vox_kill_revenge_plr_11_4
soundalias,#vox_kill_revenge_plr_11_3
soundalias,#vox_kill_revenge_plr_11_2
soundalias,#vox_kill_revenge_plr_11_1
soundalias,#vox_kill_revenge_plr_11_0
soundalias,#fly_step_mattress_plr
soundalias,#vox_shaw_kill_headshot_plr_1_2
soundalias,#vox_shaw_kill_headshot_plr_1_3
soundalias,#vox_shaw_kill_headshot_plr_1_0
soundalias,#vox_shaw_kill_headshot_plr_1_1
soundalias,#vox_shaw_kill_headshot_plr_1_4
soundalias,#fly_step_crouch_walk_zdog_glass
soundalias,#vox_revive_brig_plr_11_2
soundalias,#vox_revive_brig_plr_11_3
soundalias,#vox_revive_brig_plr_11_0
soundalias,#vox_revive_brig_plr_11_1
soundalias,#vox_revive_brig_plr_11_4
soundalias,#hash_6e133362b9af5877
soundalias,#vox_scepter_ready_plr_9_2
soundalias,#vox_scepter_ready_plr_9_1
soundalias,#vox_scepter_ready_plr_9_0
soundalias,#wpn_chakram_melee_npc
soundalias,#vox_headstone_react_first_plr_12_0
soundalias,#vox_viper_kill_plr_10_2
soundalias,#vox_viper_kill_plr_10_3
soundalias,#vox_viper_kill_plr_10_0
soundalias,#vox_viper_kill_plr_10_1
soundalias,#vox_viper_kill_plr_10_4
soundalias,#vox_cemetary_defend_plr_10_0
soundalias,#hash_6e36c2005d31779b
soundalias,#vox_stoker_react_first_plr_4_0
soundalias,#zmb_sk_tree_pickup
soundalias,#vox_revive_support_dieg_plr_1_2
soundalias,#vox_revive_support_dieg_plr_1_3
soundalias,#vox_revive_support_dieg_plr_1_0
soundalias,#vox_revive_support_dieg_plr_1_1
soundalias,#vox_revive_support_dieg_plr_1_4
soundalias,#fly_step_crouch_run_zdog_metalthin
soundalias,#hash_6e67bd5897b45cb1
soundalias,#hash_6e6d40dd5193ede8
soundalias,#hash_6e6d44dd5193f4b4
soundalias,#hash_6e6d45dd5193f667
soundalias,#hash_6e6d46dd5193f81a
soundalias,#hash_6e6d47dd5193f9cd
soundalias,#hash_6e7fd9b0bfac7a83
soundalias,#hash_6e7fdcb0bfac7f9c
soundalias,#hash_6e7fddb0bfac814f
soundalias,#hash_6e7fdeb0bfac8302
soundalias,#hash_6e7fdfb0bfac84b5
soundalias,#vox_box_wonder_plr_11_3
soundalias,#vox_box_wonder_plr_11_2
soundalias,#vox_box_wonder_plr_11_1
soundalias,#vox_box_wonder_plr_11_0
soundalias,#vox_box_wonder_plr_11_4
soundalias,#vox_purity_react_plr_4_0
soundalias,#vox_engine_room_enter_plr_4_0
soundalias,#vox_ammo_buy_plr_12_0
soundalias,#vox_ammo_buy_plr_12_1
soundalias,#vox_ammo_buy_plr_12_2
soundalias,#fly_golden_knife_first_raise_npc
soundalias,#hash_6ecc12171d70a788
soundalias,#vox_box_launcher_plr_9_1
soundalias,#vox_box_launcher_plr_9_0
soundalias,#vox_box_launcher_plr_9_3
soundalias,#vox_box_launcher_plr_9_2
soundalias,#vox_box_launcher_plr_9_4
soundalias,#hash_6ed2864a808e183f
soundalias,#hash_6ef66c34ededad3e
soundalias,#vox_seer_stone_interact_first_plr_11_0
soundalias,#vox_seer_stone_nag_plr_12_0
soundalias,#hash_6f0df23e48ec3bd3
soundalias,#hash_6f0df53e48ec40ec
soundalias,#hash_6f0df63e48ec429f
soundalias,#hash_6f0df73e48ec4452
soundalias,#hash_6f0df83e48ec4605
soundalias,#fly_melee_imp_chakram_npc_metal
soundalias,#hash_6f1b4bead6f32c82
soundalias,#zmb_pap_key_ring_1
soundalias,#zmb_pap_key_ring_2
soundalias,#zmb_pap_key_ring_3
soundalias,#hash_6f3539d2ca988304
soundalias,#vox_hammer_activate_plr_9_3
soundalias,#vox_hammer_activate_plr_9_2
soundalias,#vox_hammer_activate_plr_9_1
soundalias,#vox_hammer_activate_plr_9_0
soundalias,#vox_hammer_activate_plr_9_4
soundalias,#vox_plasma_react_plr_10_0
soundalias,#vox_artifact_1_pickup_plr_12_0
soundalias,#phy_impact_hard_flesh
soundalias,#vox_hammer_level_3_plr_4_1
soundalias,#vox_hammer_level_3_plr_4_0
soundalias,#vox_hammer_level_3_plr_4_2
soundalias,#vox_viper_kill_plr_4_1
soundalias,#vox_viper_kill_plr_4_0
soundalias,#vox_viper_kill_plr_4_3
soundalias,#vox_viper_kill_plr_4_2
soundalias,#vox_viper_kill_plr_4_4
soundalias,#vox_wonder_chaos_material_plr_9_0
soundalias,#zmb_vocals_werewolf_ambient
soundalias,#vox_wonder_level_3_comp_plr_9_0
soundalias,#vox_forest_defend_comp_plr_12_0
soundalias,#wpn_bowie_whoosh_npc
soundalias,#hash_6fb40c282f08edc4
soundalias,#hash_6fd0739f355c5220
soundalias,#zmb_bat_vox_dive
soundalias,#hash_6fd9a2d043b80b4c
soundalias,#aml_dog_run_gear
soundalias,#fly_step_crouch_walk_zdog_glasscar
soundalias,#fly_melee_swipealt_knife
soundalias,#hash_70057df239d8bb23
soundalias,#chr_melee_dog_hit
soundalias,#zmb_vocals_nosferatu_attack_bite
soundalias,#vox_revive_down_2_plr_12_0
soundalias,#vox_revive_down_2_plr_12_2
soundalias,#hash_7025b0d4a2011877
soundalias,#fly_step_sprint_zdog_dirt
soundalias,#vox_vomit_knife_attack_plr_1_4
soundalias,#vox_vomit_knife_attack_plr_1_1
soundalias,#vox_vomit_knife_attack_plr_1_0
soundalias,#vox_vomit_knife_attack_plr_1_3
soundalias,#vox_vomit_knife_attack_plr_1_2
soundalias,#vox_powerup_nuke_plr_2_0
soundalias,#vox_powerup_nuke_plr_2_1
soundalias,#vox_powerup_nuke_plr_2_2
soundalias,#vox_powerup_nuke_plr_2_3
soundalias,#vox_powerup_nuke_plr_2_4
soundalias,#vox_master_bed_enter_plr_11_0
soundalias,#vox_brun_kill_headshot_plr_3_4
soundalias,#vox_brun_kill_headshot_plr_3_0
soundalias,#vox_brun_kill_headshot_plr_3_1
soundalias,#vox_brun_kill_headshot_plr_3_2
soundalias,#vox_brun_kill_headshot_plr_3_3
soundalias,#hash_704d2194aebad26f
soundalias,#vox_nomoney_generic_plr_4_1
soundalias,#vox_nomoney_generic_plr_4_0
soundalias,#vox_nomoney_generic_plr_4_3
soundalias,#vox_nomoney_generic_plr_4_2
soundalias,#vox_nomoney_generic_plr_4_4
soundalias,#zmb_silver_fx
soundalias,#vox_generic_responses_negative_plr_9_9
soundalias,#vox_generic_responses_negative_plr_9_3
soundalias,#vox_generic_responses_negative_plr_9_2
soundalias,#vox_generic_responses_negative_plr_9_1
soundalias,#vox_generic_responses_negative_plr_9_0
soundalias,#vox_generic_responses_negative_plr_9_7
soundalias,#vox_generic_responses_negative_plr_9_6
soundalias,#vox_generic_responses_negative_plr_9_5
soundalias,#vox_generic_responses_negative_plr_9_4
soundalias,#hash_708107e623a0c08d
soundalias,#vox_clock_interact_first_plr_10_0
soundalias,#vox_box_shotgun_plr_2_2
soundalias,#vox_box_shotgun_plr_2_3
soundalias,#vox_box_shotgun_plr_2_0
soundalias,#vox_box_shotgun_plr_2_1
soundalias,#vox_box_shotgun_plr_2_4
soundalias,#hash_7097442e87c86748
soundalias,#vox_painting_interact_first_plr_12_1
soundalias,#vox_painting_interact_first_plr_12_0
soundalias,#vox_painting_interact_first_plr_12_2
soundalias,#fly_melee_imp_scepter_glass
soundalias,#vox_radiant_scream_react_plr_11_0
soundalias,#vox_druid_arena_enter_plr_11_0
soundalias,#hash_70ba93e662197328
soundalias,#vox_powerup_carpenter_plr_2_4
soundalias,#vox_powerup_carpenter_plr_2_3
soundalias,#vox_powerup_carpenter_plr_2_2
soundalias,#vox_powerup_carpenter_plr_2_1
soundalias,#vox_powerup_carpenter_plr_2_0
soundalias,#hash_70d99bbcdbacb1cb
soundalias,#vox_solo_end_round1_1_butd_0
soundalias,#phy_impact_soft_soft
soundalias,#hash_70fe2096e8738f82
soundalias,#amb_beetle_flyby
soundalias,#vox_grenade_react_plr_11_0
soundalias,#vox_fast_travel_end_plr_3_0
soundalias,#vox_fast_travel_end_plr_3_1
soundalias,#vox_fast_travel_end_plr_3_2
soundalias,#vox_fast_travel_end_plr_3_3
soundalias,#vox_fast_travel_end_plr_3_4
soundalias,#vox_crawler_los_plr_3_0
soundalias,#vox_crawler_los_plr_3_1
soundalias,#vox_crawler_los_plr_3_2
soundalias,#vox_crawler_los_plr_3_3
soundalias,#vox_crawler_los_plr_3_4
soundalias,#vox_attacked_zombie_plr_12_7
soundalias,#vox_attacked_zombie_plr_12_6
soundalias,#vox_attacked_zombie_plr_12_5
soundalias,#vox_attacked_zombie_plr_12_4
soundalias,#vox_attacked_zombie_plr_12_3
soundalias,#vox_attacked_zombie_plr_12_2
soundalias,#vox_attacked_zombie_plr_12_1
soundalias,#vox_attacked_zombie_plr_12_0
soundalias,#vox_attacked_zombie_plr_12_9
soundalias,#vox_attacked_zombie_plr_12_8
soundalias,#hash_711ef40566376784
soundalias,#vox_shield_upgrade_pick_up_plr_3_0
soundalias,#hash_7134188ed9012ffe
soundalias,#vox_garden_enter_plr_12_0
soundalias,#hash_71414057bf71a9cf
soundalias,#fly_step_run_zdog_foliage
soundalias,#vox_headstone_react_first_plr_9_0
soundalias,#amb_forest_whispers
soundalias,#vox_bench_interact_first_plr_9_0
soundalias,#vox_pap_pickup_plr_1_1
soundalias,#vox_pap_pickup_plr_1_0
soundalias,#vox_pap_pickup_plr_1_3
soundalias,#vox_pap_pickup_plr_1_2
soundalias,#vox_pap_pickup_plr_1_5
soundalias,#vox_pap_pickup_plr_1_4
soundalias,#vox_cemetary_enter_plr_11_0
soundalias,#vox_wonder_experiment_comp_plr_9_0
soundalias,#fly_mann_limb_bounce_rock
soundalias,#fly_step_walk_zdog_bark
soundalias,#zmb_greenhouse_planter_1
soundalias,#zmb_greenhouse_planter_2
soundalias,#zmb_greenhouse_planter_3
soundalias,#hash_719775c44cc7a0b2
soundalias,#hash_71b1fc8d67ee8cea
soundalias,#hash_71b1fd8d67ee8e9d
soundalias,#wpn_generic_clip_bounce_water
soundalias,#hash_71ccbe40ffaafe22
soundalias,#wpn_generic_wpn_bounce_ceramic
soundalias,#vox_pickup_rocketshield_plr_3_2
soundalias,#vox_pickup_rocketshield_plr_3_1
soundalias,#vox_pickup_rocketshield_plr_3_0
soundalias,#fly_step_sprint_zdog_rubber
soundalias,#hash_71daaac2666649cc
soundalias,#hash_71daabc266664b7f
soundalias,#hash_71f3890a021e8f4c
soundalias,#hash_71f38a0a021e90ff
soundalias,#hash_71f38b0a021e92b2
soundalias,#hash_7204b092c976136b
soundalias,#wpn_hammer_melee_npc
soundalias,#vox_revive_guns_plr_10_4
soundalias,#vox_revive_guns_plr_10_0
soundalias,#vox_revive_guns_plr_10_1
soundalias,#vox_revive_guns_plr_10_2
soundalias,#vox_revive_guns_plr_10_3
soundalias,#vox_chakram_kill_mult_plr_4_4
soundalias,#vox_chakram_kill_mult_plr_4_3
soundalias,#vox_chakram_kill_mult_plr_4_2
soundalias,#vox_chakram_kill_mult_plr_4_1
soundalias,#vox_chakram_kill_mult_plr_4_0
soundalias,#hash_7228b71e32509514
soundalias,#vox_shaw_surrounded_oh_shit_plr_2_0
soundalias,#vox_shaw_surrounded_oh_shit_plr_2_1
soundalias,#vox_shaw_surrounded_oh_shit_plr_2_2
soundalias,#vox_shaw_surrounded_oh_shit_plr_2_3
soundalias,#vox_shaw_surrounded_oh_shit_plr_2_4
soundalias,#zmb_vocals_werewolf_pain
soundalias,#vox_2_banter_dieg_shaw_plr_3_0
soundalias,#wpn_dragon_fire_plr_decay
soundalias,#vox_charcoal_pickup_plr_9_0
soundalias,#fly_step_wreckage_plr
soundalias,#vox_werewolf_intro_plr_10_0
soundalias,#hash_72724f66203c7e5a
soundalias,#dst_trash_bag
soundalias,#wpn_dragon_npc_impact
soundalias,#vox_dining_hall_enter_plr_3_0
soundalias,#hash_729ae56623f13415
soundalias,#vox_wonder_weapon_frame_plr_10_0
soundalias,#wpn_chakram_projectile_bounce
soundalias,#zmb_ghost_disappear
soundalias,#hash_72a60692d8da733e
soundalias,#vox_seer_stone_location_plr_9_2
soundalias,#vox_seer_stone_location_plr_9_0
soundalias,#vox_seer_stone_location_plr_9_1
soundalias,#wpn_homunculus_bounce_default
soundalias,#vox_blightfather_vomit_plr_2_0
soundalias,#vox_blightfather_vomit_plr_2_1
soundalias,#vox_blightfather_vomit_plr_2_2
soundalias,#hash_72bffef6e8b938d4
soundalias,#hash_72c09b8648a7dc43
soundalias,#hash_72d55f9efed16b54
soundalias,#hash_72d5609efed16d07
soundalias,#fly_melee_imp_hammer_npc_riot
soundalias,#vox_ammo_out_plr_1_4
soundalias,#vox_ammo_out_plr_1_0
soundalias,#vox_ammo_out_plr_1_1
soundalias,#vox_ammo_out_plr_1_2
soundalias,#vox_ammo_out_plr_1_3
soundalias,#vox_kill_melee_plr_4_10
soundalias,#fly_dog_step_carpet
soundalias,#vox_zombie_react_first_plr_12_0
soundalias,#hash_7345cdff8fcc5925
soundalias,#fly_melee_swipe_knife
soundalias,#vox_nomoney_generic_plr_11_3
soundalias,#vox_nomoney_generic_plr_11_2
soundalias,#vox_nomoney_generic_plr_11_1
soundalias,#vox_nomoney_generic_plr_11_0
soundalias,#vox_nomoney_generic_plr_11_4
soundalias,#vox_guns_kill_streak_plr_9_4
soundalias,#vox_guns_kill_streak_plr_9_2
soundalias,#vox_guns_kill_streak_plr_9_3
soundalias,#vox_guns_kill_streak_plr_9_0
soundalias,#vox_guns_kill_streak_plr_9_1
soundalias,#vox_fish_reward_comp_plr_3_0
soundalias,#vox_charcoal_pickup_plr_12_0
soundalias,#vox_treasure_chest_activate_3_plr_1_0
soundalias,#hash_7391894450e708c9
soundalias,#amb_wind_leaves
soundalias,#vox_box_react_first_plr_9_0
soundalias,#hash_739f9bc327d925b8
soundalias,#fly_step_run_zdog_mud
soundalias,#hash_73b893e960d635d7
soundalias,#vox_secret_chamber_enter_plr_12_1
soundalias,#vox_secret_chamber_enter_plr_12_0
soundalias,#vox_secret_chamber_enter_plr_12_2
soundalias,#vox_cemetary_defend_plr_9_0
soundalias,#phy_impact_hard_glass
soundalias,#hash_73ddbd7b24625fbc
soundalias,#zmb_hellhound_bolt_lfe
soundalias,#hash_73e4c713f1439afb
soundalias,#hash_73ec6520c4125b7b
soundalias,#zmb_bookcase_short_left
soundalias,#zmb_crypt_burst
soundalias,#vox_guns_surrounded_oh_shit_plr_10_3
soundalias,#vox_guns_surrounded_oh_shit_plr_10_2
soundalias,#vox_guns_surrounded_oh_shit_plr_10_1
soundalias,#vox_guns_surrounded_oh_shit_plr_10_0
soundalias,#vox_guns_surrounded_oh_shit_plr_10_4
soundalias,#vox_kill_melee_plr_10_8
soundalias,#vox_kill_melee_plr_10_4
soundalias,#vox_kill_melee_plr_10_5
soundalias,#vox_kill_melee_plr_10_6
soundalias,#vox_kill_melee_plr_10_7
soundalias,#vox_kill_melee_plr_10_0
soundalias,#vox_kill_melee_plr_10_1
soundalias,#vox_kill_melee_plr_10_2
soundalias,#vox_kill_melee_plr_10_3
soundalias,#vox_folly_pistol_interact_first_plr_11_0
soundalias,#fly_melee_imp_chakram_flesh_npc
soundalias,#vox_bats_react_first_plr_10_0
soundalias,#vox_m_quest_ambient_change_plr_1_3
soundalias,#vox_ghost_interact_brig_plr_10_0
soundalias,#vox_blightfather_kill_plr_3_0
soundalias,#vox_blightfather_kill_plr_3_1
soundalias,#vox_blightfather_kill_plr_3_2
soundalias,#vox_blightfather_kill_plr_3_3
soundalias,#vox_blightfather_kill_plr_3_4
soundalias,#vox_forest_door_unlock_plr_11_0
soundalias,#fly_step_crouch_run_zdog_water
soundalias,#hash_7449f6af6a74ea36
soundalias,#vox_3_banter_scar_shaw_plr_1_1
soundalias,#zmb_vocals_zombie_pain
soundalias,#hash_747c8dba6cadfde1
soundalias,#hash_74855cfd5f9acfcf
soundalias,#fly_step_sprint_zdog_metalhollow
soundalias,#vox_viper_dragon_activate_plr_3_1
soundalias,#vox_viper_dragon_activate_plr_3_0
soundalias,#vox_viper_dragon_activate_plr_3_3
soundalias,#vox_viper_dragon_activate_plr_3_2
soundalias,#vox_viper_dragon_activate_plr_3_4
soundalias,#phy_impact_plastic_barrel
soundalias,#hash_74a2185b55804c56
soundalias,#vox_light_beam_react_first_plr_9_0
soundalias,#fly_step_foliage_npc
soundalias,#wpn_generic_wpn_bounce_concrete
soundalias,#vox_hammer_level_2_plr_3_2
soundalias,#vox_hammer_level_2_plr_3_1
soundalias,#vox_hammer_level_2_plr_3_0
soundalias,#vox_2_banter_brig_guns_plr_11_1
soundalias,#hash_74d1e53661252038
soundalias,#hash_74d1e93661252704
soundalias,#hash_74d1ea36612528b7
soundalias,#hash_74d1eb3661252a6a
soundalias,#hash_74d1ec3661252c1d
soundalias,#wpn_rgun_flux_r_npc
soundalias,#fly_step_prone_zdog_metalcar
soundalias,#zmb_energy_core_pickup
soundalias,#vox_scepter_kill_plr_11_4
soundalias,#vox_scepter_kill_plr_11_1
soundalias,#vox_scepter_kill_plr_11_0
soundalias,#vox_scepter_kill_plr_11_3
soundalias,#vox_scepter_kill_plr_11_2
soundalias,#vox_box_arnie_plr_10_4
soundalias,#vox_box_arnie_plr_10_2
soundalias,#vox_box_arnie_plr_10_3
soundalias,#vox_box_arnie_plr_10_0
soundalias,#vox_box_arnie_plr_10_1
soundalias,#hash_75293eef8309156d
soundalias,#hash_752c91f0ab47d7eb
soundalias,#hash_753f2813ccd26d01
soundalias,#vox_door_open_first_plr_1_0
soundalias,#hash_75404411ef08e098
soundalias,#fly_step_crouch_run_zdog_metalcar
soundalias,#vox_guano_pickup_plr_9_0
soundalias,#hash_7575c2572051e35c
soundalias,#hash_7579ac34b357732d
soundalias,#vox_powerup_insta_plr_1_4
soundalias,#vox_powerup_insta_plr_1_1
soundalias,#vox_powerup_insta_plr_1_0
soundalias,#vox_powerup_insta_plr_1_3
soundalias,#vox_powerup_insta_plr_1_2
soundalias,#vox_berths_enter_plr_4_0
soundalias,#vox_2_banter_brun_shaw_plr_4_1
soundalias,#hash_75b523ba694eea96
soundalias,#zmb_sentinel_artifact_activate
soundalias,#vox_box_wonder_plr_10_2
soundalias,#vox_box_wonder_plr_10_3
soundalias,#vox_box_wonder_plr_10_0
soundalias,#vox_box_wonder_plr_10_1
soundalias,#vox_box_wonder_plr_10_4
soundalias,#vox_box_smg_plr_4_4
soundalias,#vox_box_smg_plr_4_1
soundalias,#vox_box_smg_plr_4_0
soundalias,#vox_box_smg_plr_4_3
soundalias,#vox_box_smg_plr_4_2
soundalias,#hash_75d3780033e2d63c
soundalias,#vox_decay_react_plr_10_0
soundalias,#hash_75e91bf08cd631e8
soundalias,#vox_sentinel_los_first_plr_1_0
soundalias,#vox_artifact_2_pickup_plr_9_0
soundalias,#vox_chakram_level_3_plr_1_2
soundalias,#vox_chakram_level_3_plr_1_1
soundalias,#vox_chakram_level_3_plr_1_0
soundalias,#vox_box_sniper_plr_1_0
soundalias,#vox_box_sniper_plr_1_1
soundalias,#vox_box_sniper_plr_1_2
soundalias,#vox_box_sniper_plr_1_3
soundalias,#vox_box_sniper_plr_1_4
soundalias,#hash_7602966ff564e065
soundalias,#vox_blightfather_react_plr_1_3
soundalias,#vox_blightfather_react_plr_1_2
soundalias,#vox_blightfather_react_plr_1_1
soundalias,#vox_blightfather_react_plr_1_0
soundalias,#vox_blightfather_react_plr_1_4
soundalias,#vox_kill_revenge_plr_10_6
soundalias,#vox_kill_revenge_plr_10_7
soundalias,#vox_kill_revenge_plr_10_4
soundalias,#vox_kill_revenge_plr_10_5
soundalias,#vox_kill_revenge_plr_10_2
soundalias,#vox_kill_revenge_plr_10_3
soundalias,#vox_kill_revenge_plr_10_0
soundalias,#vox_kill_revenge_plr_10_1
soundalias,#vox_kill_revenge_plr_10_8
soundalias,#vox_kill_revenge_plr_10_9
soundalias,#hash_76177989461b57ee
soundalias,#hash_76177b89461b5b54
soundalias,#hash_76177c89461b5d07
soundalias,#hash_76177d89461b5eba
soundalias,#hash_76177e89461b606d
soundalias,#vox_scar_kill_streak_plr_4_1
soundalias,#vox_scar_kill_streak_plr_4_0
soundalias,#vox_scar_kill_streak_plr_4_3
soundalias,#vox_scar_kill_streak_plr_4_2
soundalias,#vox_scar_kill_streak_plr_4_4
soundalias,#hash_7629232832113319
soundalias,#hash_762bdec6a06169a5
soundalias,#wpn_generic_clip_bounce_ice
soundalias,#vox_5_banter_brun_scar_plr_2_0
soundalias,#hash_7651f08f562fc850
soundalias,#hash_765ed90061ab5170
soundalias,#wpn_scepter_plant_lp_center
soundalias,#zmb_bat_wings_flap_up
soundalias,#vox_artifact_1_pickup_plr_11_0
soundalias,#vox_kill_streak_plr_9_8
soundalias,#vox_kill_streak_plr_9_4
soundalias,#vox_kill_streak_plr_9_5
soundalias,#vox_kill_streak_plr_9_6
soundalias,#vox_kill_streak_plr_9_7
soundalias,#vox_kill_streak_plr_9_0
soundalias,#vox_kill_streak_plr_9_1
soundalias,#vox_kill_streak_plr_9_2
soundalias,#vox_kill_streak_plr_9_3
soundalias,#vox_decay_gas_react_plr_10_0
soundalias,#vox_kill_explo_plr_9_4
soundalias,#vox_kill_explo_plr_9_0
soundalias,#vox_kill_explo_plr_9_1
soundalias,#vox_kill_explo_plr_9_2
soundalias,#vox_kill_explo_plr_9_3
soundalias,#vox_ee_diary_brun_dieg_plr_3_8
soundalias,#vox_ee_diary_brun_dieg_plr_3_6
soundalias,#vox_ee_diary_brun_dieg_plr_3_4
soundalias,#vox_ee_diary_brun_dieg_plr_3_2
soundalias,#vox_ee_diary_brun_dieg_plr_3_0
soundalias,#hash_76bded91fe710f3d
soundalias,#wpn_generic_wpn_bounce_default
soundalias,#vox_light_beam_aligned_plr_12_0
soundalias,#vox_box_lmg_plr_9_3
soundalias,#vox_box_lmg_plr_9_2
soundalias,#vox_box_lmg_plr_9_1
soundalias,#vox_box_lmg_plr_9_0
soundalias,#vox_box_lmg_plr_9_4
soundalias,#hash_76cce4620361304d
soundalias,#vox_1_banter_dieg_scar_plr_1_1
soundalias,#vox_hammer_level_3_plr_12_0
soundalias,#vox_hammer_level_3_plr_12_1
soundalias,#zmb_hellhound_spawn_flux_l
soundalias,#zmb_hellhound_spawn_flux_r
soundalias,#vox_ammo_buy_plr_11_2
soundalias,#vox_ammo_buy_plr_11_1
soundalias,#vox_ammo_buy_plr_11_0
soundalias,#hash_76f12a01d1b07933
soundalias,#fly_step_crouch_walk_zdog_plaster
soundalias,#vox_ammo_low_plr_1_2
soundalias,#vox_ammo_low_plr_1_3
soundalias,#vox_ammo_low_plr_1_0
soundalias,#vox_ammo_low_plr_1_1
soundalias,#vox_ammo_low_plr_1_4
soundalias,#mus_boss_exit
soundalias,#wpn_viper_bite_start
soundalias,#vox_werewolf_trapped_plr_9_0
soundalias,#hash_770d93aab97174b2
soundalias,#fly_melee_lungealt_player_knife
soundalias,#fly_step_crouch_walk_zdog_plastic
soundalias,#fly_step_sprint_zdog_ceramic
soundalias,#vox_seer_stone_interact_first_plr_10_0
soundalias,#dst_dest_reel2reel_02_dp_d0
soundalias,#wpn_rgun_fire_act_npc
soundalias,#hash_7736e4287bd3440b
soundalias,#vox_chakram_activate_plr_2_4
soundalias,#vox_chakram_activate_plr_2_1
soundalias,#vox_chakram_activate_plr_2_0
soundalias,#vox_chakram_activate_plr_2_3
soundalias,#vox_chakram_activate_plr_2_2
soundalias,#wpn_hammer_melee_impact
soundalias,#fly_riotshield_zm_impact_zombies
soundalias,#zmb_cha_ching_loud
soundalias,#vox_box_ar_plr_9_4
soundalias,#vox_box_ar_plr_9_0
soundalias,#vox_box_ar_plr_9_1
soundalias,#vox_box_ar_plr_9_2
soundalias,#vox_box_ar_plr_9_3
soundalias,#vox_seer_stone_interact_first_plr_9_0
soundalias,#hash_77818a6916e91f43
soundalias,#vox_powerup_nuke_plr_1_3
soundalias,#vox_powerup_nuke_plr_1_2
soundalias,#vox_powerup_nuke_plr_1_1
soundalias,#vox_powerup_nuke_plr_1_0
soundalias,#phy_impact_foliage_flesh
soundalias,#hash_7794418704846e51
soundalias,#vox_shaw_kill_streak_plr_2_1
soundalias,#vox_shaw_kill_streak_plr_2_0
soundalias,#vox_shaw_kill_streak_plr_2_3
soundalias,#vox_shaw_kill_streak_plr_2_2
soundalias,#vox_shaw_kill_streak_plr_2_4
soundalias,#vox_box_smg_plr_10_4
soundalias,#vox_box_smg_plr_10_2
soundalias,#vox_box_smg_plr_10_3
soundalias,#vox_box_smg_plr_10_0
soundalias,#vox_box_smg_plr_10_1
soundalias,#vox_distillation_kit_build_plr_3_0
soundalias,#wpn_generic_clip_bounce_brick
soundalias,#zmb_cha_ching
soundalias,#zmb_trap_ready
soundalias,#vox_shield_upgrade_pick_up_plr_2_0
soundalias,#hash_77c23eda108354ff
soundalias,#hash_77d26356e7772673
soundalias,#vox_clock_interact_first_plr_11_0
soundalias,#fly_step_prone_zdog_ceramic
soundalias,#vox_solo_end_round1_plr_9_1
soundalias,#vox_knight_trap_kill_plr_10_1
soundalias,#vox_knight_trap_kill_plr_10_0
soundalias,#wpn_generic_wpn_bounce_rubber
soundalias,#hash_77f3eaf56f98d4e2
soundalias,#fly_step_crouch_walk_zdog_wood
soundalias,#vox_radiant_scream_react_plr_10_0
soundalias,#vox_zombie_react_first_plr_4_0
soundalias,#fly_melee_imp_hammer_plastic
soundalias,#dst_wood_crate
soundalias,#wpn_hammer_jab_npc
soundalias,#vox_2_banter_dieg_scar_plr_1_0
soundalias,#vox_viper_dragon_activate_0_plr_12_0
soundalias,#fly_step_walk_zdog_metalthin
soundalias,#hash_782ad42c87c1e6a8
soundalias,#vox_seer_stone_jump_react_plr_10_0
soundalias,#wpn_bowie_whoosh_plr
soundalias,#fly_melee_imp_chakram_wood
soundalias,#fly_step_crouch_run_zdog_snow
soundalias,#fly_step_walk_zdog_cushion
soundalias,#hash_785c5e94f2e23b48
soundalias,#vox_plasma_detonation_react_plr_9_0
soundalias,#vox_master_bed_enter_plr_10_0
soundalias,#vox_ee_diary_order_leader_dlea_0
soundalias,#hash_78693e0a0527e11b
soundalias,#hash_78693f0a0527e2ce
soundalias,#hash_7869400a0527e481
soundalias,#vox_decay_gas_react_plr_3_4
soundalias,#vox_decay_gas_react_plr_3_3
soundalias,#vox_decay_gas_react_plr_3_2
soundalias,#vox_decay_gas_react_plr_3_1
soundalias,#vox_decay_gas_react_plr_3_0
soundalias,#vox_green_trap_active_plr_10_3
soundalias,#vox_green_trap_active_plr_10_2
soundalias,#vox_green_trap_active_plr_10_1
soundalias,#vox_green_trap_active_plr_10_0
soundalias,#vox_green_trap_active_plr_10_4
soundalias,#wpn_scepter_sheathe_npc
soundalias,#phy_impact_metal_flesh
soundalias,#vox_box_arnie_plr_4_5
soundalias,#vox_box_arnie_plr_4_4
soundalias,#vox_box_arnie_plr_4_1
soundalias,#vox_box_arnie_plr_4_0
soundalias,#vox_box_arnie_plr_4_3
soundalias,#vox_box_arnie_plr_4_2
soundalias,#fly_mann_limb_bounce_glass
soundalias,#vox_fire_trap_active_plr_9_0
soundalias,#vox_fire_trap_active_plr_9_1
soundalias,#vox_fire_trap_active_plr_9_2
soundalias,#vox_fire_trap_active_plr_9_3
soundalias,#phy_impact_plastic_small
soundalias,#hash_78c730f53ef32126
soundalias,#wpn_generic_wpn_bounce_foliage
soundalias,#vox_druid_arena_enter_plr_10_0
soundalias,#vox_wonder_prima_materia_plr_11_0
soundalias,#amb_owl_hoot
soundalias,#hash_790e26e42381271d
soundalias,#hash_7921d8dd58382830
soundalias,#hash_7921d9dd583829e3
soundalias,#hash_7921dadd58382b96
soundalias,#hash_7921dbdd58382d49
soundalias,#hash_7921dfdd58383415
soundalias,#vox_pickup_rocketshield_plr_2_2
soundalias,#vox_pickup_rocketshield_plr_2_0
soundalias,#vox_pickup_rocketshield_plr_2_1
soundalias,#wpn_chakram_melee_impact_swt_victim
soundalias,#hash_794afd6d7fbf6808
soundalias,#hash_794afe6d7fbf69bb
soundalias,#hash_794aff6d7fbf6b6e
soundalias,#hash_794b006d7fbf6d21
soundalias,#hash_794b016d7fbf6ed4
soundalias,#hash_7959a9d39417b936
soundalias,#hash_796eb7b81c5b3fdb
soundalias,#hash_797bb8ac11645016
soundalias,#fly_spoon_first_raise_npc
soundalias,#vox_altar_interact_first_plr_1_0
soundalias,#vox_plr_ghost_react_plr_10_2
soundalias,#vox_plr_ghost_react_plr_10_1
soundalias,#vox_plr_ghost_react_plr_10_0
soundalias,#vox_cemetary_enter_plr_10_0
soundalias,#vox_guano_pickup_plr_12_0
soundalias,#hash_799148d514ef2fa6
soundalias,#hash_799149d514ef3159
soundalias,#wpn_ray_reload_battery_out
soundalias,#phy_floor_pool_ball
soundalias,#wpn_generic_clip_bounce_wood
soundalias,#zmb_hellhound_bolt
soundalias,#vox_scepter_kill_plr_9_2
soundalias,#vox_scepter_kill_plr_9_3
soundalias,#vox_scepter_kill_plr_9_0
soundalias,#vox_scepter_kill_plr_9_1
soundalias,#vox_scepter_kill_plr_9_4
soundalias,#zmb_vocals_zombie_ambient
soundalias,#vox_viper_level_3_plr_4_1
soundalias,#vox_viper_level_3_plr_4_0
soundalias,#vox_viper_level_3_plr_4_2
soundalias,#vox_kill_revenge_plr_1_0
soundalias,#vox_kill_revenge_plr_1_1
soundalias,#vox_kill_revenge_plr_1_2
soundalias,#vox_kill_revenge_plr_1_3
soundalias,#vox_kill_revenge_plr_1_4
soundalias,#vox_kill_revenge_plr_1_5
soundalias,#vox_kill_revenge_plr_1_6
soundalias,#vox_kill_revenge_plr_1_7
soundalias,#vox_kill_revenge_plr_1_8
soundalias,#vox_kill_revenge_plr_1_9
soundalias,#vox_pap_wait_plr_1_2
soundalias,#vox_pap_wait_plr_1_3
soundalias,#vox_pap_wait_plr_1_0
soundalias,#vox_pap_wait_plr_1_1
soundalias,#vox_pap_wait_plr_1_4
soundalias,#hash_79e81e464a483017
soundalias,#vox_plasma_react_plr_11_0
soundalias,#vox_blightfather_vomit_plr_1_2
soundalias,#vox_blightfather_vomit_plr_1_1
soundalias,#vox_blightfather_vomit_plr_1_0
soundalias,#hash_7a0f15f6ec7b21e9
soundalias,#aml_dog_bark
soundalias,#fly_step_prone_zdog_grass
soundalias,#fly_melee_imp_scepter_npc
soundalias,#vox_lounge_enter_plr_1_0
soundalias,#wpn_hammer_slam_elec_plr
soundalias,#vox_main_hall_enter_plr_10_0
soundalias,#hash_7a35b16565c8d600
soundalias,#hash_7a35b56565c8dccc
soundalias,#hash_7a35b66565c8de7f
soundalias,#hash_7a35b76565c8e032
soundalias,#hash_7a35b86565c8e1e5
soundalias,#vox_ammo_out_plr_2_3
soundalias,#vox_ammo_out_plr_2_2
soundalias,#vox_ammo_out_plr_2_1
soundalias,#vox_ammo_out_plr_2_0
soundalias,#vox_ammo_out_plr_2_4
soundalias,#hash_7a3af4224e706aa8
soundalias,#prj_crossbow_impact_rubber
soundalias,#hash_7a3f19159dc3aaf1
soundalias,#vox_scar_surrounded_oh_shit_plr_3_4
soundalias,#vox_scar_surrounded_oh_shit_plr_3_3
soundalias,#vox_scar_surrounded_oh_shit_plr_3_2
soundalias,#vox_scar_surrounded_oh_shit_plr_3_1
soundalias,#vox_scar_surrounded_oh_shit_plr_3_0
soundalias,#vox_solo_end_round2_0_plr_12_0
soundalias,#wpn_viper_bite_activate_plr
soundalias,#vox_werewolf_intro_plr_11_0
soundalias,#hash_7a9ff8dcf14fb758
soundalias,#hash_7a9ff9dcf14fb90b
soundalias,#hash_7a9ffadcf14fbabe
soundalias,#hash_7a9ffbdcf14fbc71
soundalias,#vox_nomoney_generic_plr_10_2
soundalias,#vox_nomoney_generic_plr_10_3
soundalias,#vox_nomoney_generic_plr_10_0
soundalias,#vox_nomoney_generic_plr_10_1
soundalias,#vox_nomoney_generic_plr_10_4
soundalias,#wpn_viper_melee_impact_swt
soundalias,#hash_7ac0fbc6519aa705
soundalias,#hash_7ac5fa6568de2461
soundalias,#vox_plr_ghost_revive_plr_9_1
soundalias,#vox_plr_ghost_revive_plr_9_0
soundalias,#vox_plr_ghost_revive_plr_9_2
soundalias,#vox_perk_generic_plr_4_8
soundalias,#vox_perk_generic_plr_4_9
soundalias,#vox_perk_generic_plr_4_0
soundalias,#vox_perk_generic_plr_4_1
soundalias,#vox_perk_generic_plr_4_2
soundalias,#vox_perk_generic_plr_4_3
soundalias,#vox_perk_generic_plr_4_4
soundalias,#vox_perk_generic_plr_4_5
soundalias,#vox_perk_generic_plr_4_6
soundalias,#vox_perk_generic_plr_4_7
soundalias,#vox_scepter_level_3_plr_9_2
soundalias,#vox_scepter_level_3_plr_9_0
soundalias,#vox_scepter_level_3_plr_9_1
soundalias,#vox_plr_death_react_plr_9_0
soundalias,#hash_7afee3f791f6bfa2
soundalias,#wpn_generic_wpn_bounce_rock
soundalias,#vox_viper_dragon_activate_plr_2_0
soundalias,#vox_viper_dragon_activate_plr_2_1
soundalias,#vox_viper_dragon_activate_plr_2_2
soundalias,#vox_viper_dragon_activate_plr_2_3
soundalias,#vox_viper_dragon_activate_plr_2_4
soundalias,#hash_7b1799e118dcfdc6
soundalias,#fly_step_prone_zdog_asphalt
soundalias,#wpn_hammer_melee_elec_npc
soundalias,#hash_7b3fd613de56b0ea
soundalias,#zmb_sarcophagus_open
soundalias,#hash_7b556cb3d025496f
soundalias,#fly_step_sprint_zdog_sand
soundalias,#hash_7b569d241e9c29aa
soundalias,#hash_7b5b4849016125ac
soundalias,#fly_melee_imp_hammer_npc_glass
soundalias,#vox_destroy_rocketshield_plr_3_2
soundalias,#vox_destroy_rocketshield_plr_3_1
soundalias,#vox_destroy_rocketshield_plr_3_0
soundalias,#hash_7b64bdd1865b0672
soundalias,#vox_powerup_carpenter_plr_3_2
soundalias,#vox_powerup_carpenter_plr_3_3
soundalias,#vox_powerup_carpenter_plr_3_0
soundalias,#vox_powerup_carpenter_plr_3_1
soundalias,#vox_greenhouse_enter_plr_9_0
soundalias,#vox_ee_diary_scar_shaw_plr_1_7
soundalias,#vox_ee_diary_scar_shaw_plr_1_5
soundalias,#vox_ee_diary_scar_shaw_plr_1_3
soundalias,#vox_ee_diary_scar_shaw_plr_1_1
soundalias,#vox_ee_diary_scar_shaw_plr_1_9
soundalias,#hash_7b9d4ad735e4d3f0
soundalias,#hash_7b9fa028bcc51f4c
soundalias,#hash_7b9fec388654f2b5
soundalias,#hash_7bb3349ac11750e5
soundalias,#hash_7bb40ed0917ee2ad
soundalias,#zmb_prima_door_close
soundalias,#vox_treasure_chest_activate_3_plr_2_0
soundalias,#fly_stake_impact_player
soundalias,#fly_mann_limb_bounce_mud
soundalias,#hash_7bd7306de23aa3bd
soundalias,#hash_7be57f61e22de64c
soundalias,#wpn_homunculus_raise_plr
soundalias,#hash_7bf00147e0370d89
soundalias,#vox_stone_symbol_destroy_plr_9_0
soundalias,#vox_gib_zombie_plr_4_5
soundalias,#vox_gib_zombie_plr_4_4
soundalias,#vox_gib_zombie_plr_4_1
soundalias,#vox_gib_zombie_plr_4_0
soundalias,#vox_gib_zombie_plr_4_3
soundalias,#vox_gib_zombie_plr_4_2
soundalias,#vox_shaw_surrounded_oh_shit_plr_1_2
soundalias,#vox_shaw_surrounded_oh_shit_plr_1_1
soundalias,#vox_shaw_surrounded_oh_shit_plr_1_0
soundalias,#hash_7c18cb22cb4bc602
soundalias,#wpn_chakram_melee_impact_plr
soundalias,#hash_7c38eb0531ca63ee
soundalias,#vox_forest_door_unlock_plr_10_0
soundalias,#vox_assemble_rocketshield_plr_9_1
soundalias,#vox_assemble_rocketshield_plr_9_0
soundalias,#vox_assemble_rocketshield_plr_9_2
soundalias,#vox_dining_hall_enter_plr_2_0
soundalias,#prj_crossbow_impact_paintedmetal
soundalias,#vox_m_quest_cat_sentinel_plr_4_3
soundalias,#wpn_scepter_plant_activate_plr
soundalias,#fly_mann_limb_bounce_paintedmetal
soundalias,#hash_7c6b06941557e340
soundalias,#hash_7c6eefbcb9b18048
soundalias,#vox_scepter_kill_plr_10_4
soundalias,#vox_scepter_kill_plr_10_0
soundalias,#vox_scepter_kill_plr_10_1
soundalias,#vox_scepter_kill_plr_10_2
soundalias,#vox_scepter_kill_plr_10_3
soundalias,#vox_wonder_weapon_frame_plr_11_0
soundalias,#fly_golden_spork_first_raise_npc
soundalias,#hash_7c88ba38729587c9
soundalias,#wpn_chakram_projectile_throw_npc
soundalias,#hash_7c91fa775c8a0134
soundalias,#hash_7ca5eeb8da95b2af
soundalias,#wpn_generic_clip_bounce_sand
soundalias,#vox_brig_kill_headshot_plr_11_2
soundalias,#vox_brig_kill_headshot_plr_11_3
soundalias,#vox_brig_kill_headshot_plr_11_0
soundalias,#vox_brig_kill_headshot_plr_11_1
soundalias,#vox_brig_kill_headshot_plr_11_4
soundalias,#fly_melee_imp_galva_npc_plastic
soundalias,#vox_chakram_ready_plr_2_1
soundalias,#vox_chakram_ready_plr_2_0
soundalias,#vox_chakram_ready_plr_2_2
soundalias,#hash_7ce448667e05b481
soundalias,#vox_hammer_level_2_plr_2_2
soundalias,#vox_hammer_level_2_plr_2_0
soundalias,#vox_hammer_level_2_plr_2_1
soundalias,#fly_mann_limb_bounce_fruit
soundalias,#vox_decay_gas_react_plr_11_0
soundalias,#hash_7d2285e610794ffa
soundalias,#hash_7d2527b8d4294bec
soundalias,#vox_ee_diary_brun_dieg_plr_2_7
soundalias,#vox_ee_diary_brun_dieg_plr_2_5
soundalias,#vox_ee_diary_brun_dieg_plr_2_3
soundalias,#vox_ee_diary_brun_dieg_plr_2_1
soundalias,#vox_ee_diary_brun_dieg_plr_2_9
soundalias,#zmb_vocals_hellhound_close
soundalias,#vox_hammer_ready_plr_3_2
soundalias,#vox_hammer_ready_plr_3_1
soundalias,#vox_hammer_ready_plr_3_0
soundalias,#vox_box_interact_first_plr_1_0
soundalias,#wpn_generic_wpn_bounce_ice
soundalias,#vox_box_sniper_plr_2_4
soundalias,#vox_box_sniper_plr_2_3
soundalias,#vox_box_sniper_plr_2_2
soundalias,#vox_box_sniper_plr_2_1
soundalias,#vox_box_sniper_plr_2_0
soundalias,#vox_kill_wonder_plr_4_8
soundalias,#vox_kill_wonder_plr_4_2
soundalias,#vox_kill_wonder_plr_4_3
soundalias,#vox_kill_wonder_plr_4_0
soundalias,#vox_kill_wonder_plr_4_1
soundalias,#vox_kill_wonder_plr_4_6
soundalias,#vox_kill_wonder_plr_4_7
soundalias,#vox_kill_wonder_plr_4_4
soundalias,#vox_kill_wonder_plr_4_5
soundalias,#hash_7d57e8643f403794
soundalias,#zmb_magicbox_leave_2d
soundalias,#wpn_viper_bite_activate_npc_lfe
soundalias,#vox_bowie_kill_plr_11_1
soundalias,#vox_bowie_kill_plr_11_0
soundalias,#vox_bowie_kill_plr_11_2
soundalias,#wpn_generic_clip_bounce_cloth
soundalias,#vox_werewolf_invisible_plr_9_0
soundalias,#fly_step_crouch_walk_zdog_ceramic
soundalias,#vox_bowie_pickup_plr_12_0
soundalias,#vox_wine_cellar_enter_plr_10_0
soundalias,#fly_step_crawler
soundalias,#vox_decay_react_plr_11_0
soundalias,#hash_7e02a393e0c315fc
soundalias,#hash_7e0bcff9cf221f89
soundalias,#hash_7e0e4a1fb470d18f
soundalias,#vox_fish_reward_comp_plr_2_0
soundalias,#vox_4_banter_brun_dieg_plr_2_1
soundalias,#hash_7e3f37003051a94c
soundalias,#hash_7e416bed2776d588
soundalias,#fly_step_walk_zdog_rubber
soundalias,#vox_guns_kill_headshot_plr_10_4
soundalias,#vox_guns_kill_headshot_plr_10_0
soundalias,#vox_guns_kill_headshot_plr_10_1
soundalias,#vox_guns_kill_headshot_plr_10_2
soundalias,#vox_guns_kill_headshot_plr_10_3
soundalias,#vox_box_tactical_plr_12_2
soundalias,#vox_box_tactical_plr_12_3
soundalias,#vox_box_tactical_plr_12_0
soundalias,#vox_box_tactical_plr_12_1
soundalias,#vox_box_tactical_plr_12_4
soundalias,#vox_viper_dragon_ready_plr_3_2
soundalias,#vox_viper_dragon_ready_plr_3_1
soundalias,#vox_viper_dragon_ready_plr_3_0
soundalias,#zmb_hellhound_spirit
soundalias,#hash_7e92747b2b06ceb1
soundalias,#hash_7e97cb66a823dd23
soundalias,#hash_7eacfd3667109040
soundalias,#hash_7eacfe36671091f3
soundalias,#hash_7eacff36671093a6
soundalias,#hash_7ead003667109559
soundalias,#hash_7ead043667109c25
soundalias,#vox_box_react_first_plr_10_0
soundalias,#vox_forest_defend_plr_12_0
soundalias,#hash_7eb387cfa6f69c57
soundalias,#evt_fan_break
soundalias,#mus_location_dining_room_intro
soundalias,#vox_artifact_1_pickup_plr_10_0
soundalias,#vox_catacomb_enter_plr_9_0
soundalias,#vox_kill_arnie_plr_3_3
soundalias,#vox_kill_arnie_plr_3_2
soundalias,#vox_kill_arnie_plr_3_1
soundalias,#vox_kill_arnie_plr_3_0
soundalias,#vox_kill_arnie_plr_3_4
soundalias,#zmb_sk_stones_dest
soundalias,#hash_7ee229be9dc21054
soundalias,#hash_7ee6c1b1ff4fbf59
soundalias,#vox_distillation_kit_build_plr_2_0
soundalias,#wpn_chakram_melee_fx_plr
soundalias,#vox_ammo_low_plr_11_4
soundalias,#vox_ammo_low_plr_11_1
soundalias,#vox_ammo_low_plr_11_0
soundalias,#vox_ammo_low_plr_11_3
soundalias,#vox_ammo_low_plr_11_2
soundalias,#fly_step_prone_zdog_tallgrass
soundalias,#fly_melee_imp_scepter_wood
soundalias,#fly_step_sprint_werewolf_dirt
soundalias,#vox_kill_headshot_plr_12_8
soundalias,#vox_kill_headshot_plr_12_9
soundalias,#vox_kill_headshot_plr_12_4
soundalias,#vox_kill_headshot_plr_12_5
soundalias,#vox_kill_headshot_plr_12_6
soundalias,#vox_kill_headshot_plr_12_7
soundalias,#vox_kill_headshot_plr_12_0
soundalias,#vox_kill_headshot_plr_12_1
soundalias,#vox_kill_headshot_plr_12_2
soundalias,#vox_kill_headshot_plr_12_3
soundalias,#hash_7f118ea3a4874268
soundalias,#fly_step_sprint_zdog_metalcar
soundalias,#hash_7f3e2b7fee0e2e70
soundalias,#vox_headstone_react_first_plr_10_0
soundalias,#hash_7f6178afe0059ebf
soundalias,#mus_boss_loop_0
soundalias,#vox_stoker_react_first_plr_2_0
soundalias,#hash_7f88771dfcc1a6ad
soundalias,#fly_mann_limb_bounce_carpet
soundalias,#hash_7fb087d4eda7e845
soundalias,#vox_fish_retrieve_first_plr_3_0
soundalias,#hash_7fb9d3b7c445909f
soundalias,#fly_step_run_zdog_watershallow
soundalias,#phy_impact_cardboard
soundalias,#hash_7fc17a7a8fcefae0
soundalias,#hash_7fc17b7a8fcefc93
soundalias,#hash_7fc17c7a8fcefe46
soundalias,#hash_7fc17d7a8fcefff9
soundalias,#hash_7fc1817a8fcf06c5
soundalias,#vox_fire_trap_set_plr_11_0
soundalias,#hash_7fce3a84b4e750f5
soundalias,#vox_dragon_kill_plr_4_4
soundalias,#vox_dragon_kill_plr_4_0
soundalias,#vox_dragon_kill_plr_4_1
soundalias,#vox_dragon_kill_plr_4_2
soundalias,#vox_dragon_kill_plr_4_3
soundalias,#vox_green_trap_active_plr_11_2
soundalias,#vox_green_trap_active_plr_11_3
soundalias,#vox_green_trap_active_plr_11_0
soundalias,#vox_green_trap_active_plr_11_1
soundalias,#vox_green_trap_active_plr_11_4
soundalias,#hash_7feed504dc9858aa
soundalias,#hash_7ff4dee8c77e53d7
client_fx,#zm_weapons/fx8_www_drag_enemy_ember_leg_left
client_fx,#hash_b87fed38a9f91a
client_fx,#hash_105035871586710
client_fx,#hash_12294859753682f
client_fx,#hash_1548e64b3b6c131
client_fx,#hash_1d9fd55ec74837c
client_fx,#hash_255bae38528d46b
client_fx,#hash_26219308102ab88
client_fx,#hash_26b8b17de68c16b
client_fx,#zm_ai/fx8_cata_elec_aura
client_fx,#hash_31d0043eeac5ba6
client_fx,#hash_33771e94b2c2583
client_fx,#impacts/fx_bul_impact_heavy_head_nonfatal_exit
client_fx,#impacts/fx8_bul_impact_blood_head_nonfatal
client_fx,#impacts/fx8_bul_impact_robot_limb_nonfatal
client_fx,#zm_ai/fx8_nosferatu_dash_eyes
client_fx,#hash_629053b4b8f0d36
client_fx,#hash_62f074d527f46c0
client_fx,#zm_ai/fx8_stoker_dmg_weak_point
client_fx,#maps/zm_mansion/fx8_silver_hit_werewolf
client_fx,#hash_6ce60bc4b64e793
client_fx,#maps/zm_mansion/fx8_silver_hit_zombie
client_fx,#hash_70354557d03ed27
client_fx,#impacts/fx8_bul_impact_default_lg
client_fx,#impacts/fx8_bul_impact_default_sm
client_fx,#fire/fx_fire_ai_human_torso_loop
client_fx,#hash_817de2c83583853
client_fx,#hash_858ccf87056e9f3
client_fx,#player/fx_plyr_jump_dust_dirt
client_fx,#hash_88dadfc0ec8d186
client_fx,#zm_ai/fx8_stoker_dest_weak_point_exp_generic
client_fx,#impacts/fx_bul_impact_pwr_armor_lg
client_fx,#hash_9c1cc9cff68a30b
client_fx,#weapon/fx8_shellejects_pistol
client_fx,#hash_af1be13a9d9dd12
client_fx,#fire/fx_fire_ai_human_leg_right_loop
client_fx,#hash_b51498f08fa938b
client_fx,#zm_weapons/fx8_www_drag_portal
client_fx,#zm_weapons/fx8_www_dazed_enemy_glow_eye
client_fx,#fire/fx_fire_ai_human_head_loop
client_fx,#hash_c6b5dc9777950d8
client_fx,#hash_c7fd90f65f34ace
client_fx,#zm_ai/fx8_cata_plasma_blast_tell_torso
client_fx,#hash_d49412589217ae5
client_fx,#impacts/fx8_bul_impact_metal_xtreme
client_fx,#hash_d9457aa02fd04ec
client_fx,#impacts/fx_bul_impact_boss_body_nonfatal_exit
client_fx,#hash_dff2364b383cb35
client_fx,#impacts/fx_bul_impact_boss_body_nonfatal
client_fx,#hash_ea19875e4f1d962
client_fx,#hash_f378b1b7c38569c
client_fx,#blood/fx_blood_impact_exp_body_lg
client_fx,#zm_weapons/fx8_www_impact_lvl3
client_fx,#zm_weapons/fx8_www_impact_lvl2
client_fx,#hash_ffe98ef7723c875
client_fx,#hash_1048644a0895eda7
client_fx,#hash_108cfc8cc7b79388
client_fx,#zm_weapons/fx8_www_drag_enemy_death
client_fx,#hash_1093d48cc7bd6e3e
client_fx,#hash_10cab6f6345be4d8
client_fx,#hash_10efddc69fbb6a0e
client_fx,#hash_1159e7d49f176aba
client_fx,#impacts/fx8_bul_impact_concrete_sm
client_fx,#impacts/fx8_bul_impact_concrete_lg
client_fx,#impacts/fx8_bul_impact_metal_sm
client_fx,#impacts/fx8_bul_impact_metal_lg
client_fx,#impacts/fx8_bul_impact_blood_head_nonfatal_exit
client_fx,#zm_ai/fx8_cata_cor_aura_locked
client_fx,#hash_1383daf758ffc550
client_fx,#hash_1383dbf758ffc703
client_fx,#hash_13ca5cb4f81f0469
client_fx,#zm_ai/fx8_cata_elec_blast
client_fx,#hash_155810298f5c76cb
client_fx,#hash_1581bc9a3084d7b8
client_fx,#hash_1587c89a308957ca
client_fx,#hash_159cfbe5c3f554a1
client_fx,#hash_163eb4e35b91af14
client_fx,#hash_16a4c0110963312d
client_fx,#impacts/fx8_bul_impact_gravel_lg
client_fx,#impacts/fx8_bul_impact_gravel_sm
client_fx,#impacts/fx8_bul_impact_blood_limb_zm
client_fx,#zm_ai/fx8_stoker_amb_shovel
client_fx,#tools/fx_null
client_fx,#zombie/fx_parasite_acid_spit_tell_zmb
client_fx,#fire/fx_fire_ai_human_hip_right_loop
client_fx,#hash_18ce7dc1f160283f
client_fx,#hash_18d057b947ae0c00
client_fx,#impacts/fx8_bul_impact_default_xtreme
client_fx,#zombie/fx_tesla_shock_zmb
client_fx,#zm_weapons/fx8_www_drag_ash_trail
client_fx,#impacts/fx8_bul_impact_robot_head_fatal_exit
client_fx,#zombie/fx_raygun_geotrail_zmb
client_fx,#hash_19f390eac78920bb
client_fx,#hash_1a06427eff8dfe13
client_fx,#zm_ai/fx8_werewolf_breath
client_fx,#impacts/fx8_bul_impact_robot_body_fatal
client_fx,#zm_ai/fx8_stoker_charge_shovel
client_fx,#impacts/fx_bul_impact_boss_body_fatal
client_fx,#zm_ai/fx8_cata_plasma_aura_head
client_fx,#impacts/fx_bul_impact_heavy_head_fatal
client_fx,#hash_1bdd0dedebd76ddb
client_fx,#zombie/fx_bul_flesh_head_nochunks_zmb
client_fx,#zm_ai/fx8_bat_eye_glow
client_fx,#blood/fx8_blood_cam_gib_spray_zm
client_fx,#maps/zm_mansion/fx8_boss_eye_glow
client_fx,#impacts/fx8_bul_impact_dirt_sm
client_fx,#zm_weapons/fx8_www_shrink_enemy_torso
client_fx,#impacts/fx_bul_impact_armor_head_nonfatal
client_fx,#impacts/fx8_bul_impact_dirt_lg
client_fx,#hash_1e3fc11990603f72
client_fx,#impacts/fx_bul_impact_heavy_head_fatal_exit
client_fx,#hash_1e6d673cdbbf3f40
client_fx,#hash_1e74733cdbc57252
client_fx,#impacts/fx_bul_impact_armor_head_fatal
client_fx,#hash_1f39d46ec954516f
client_fx,#player/fx_plyr_land_dust_xlg
client_fx,#weapon/fx8_trail_crossbow_impaler
client_fx,#hash_1fde777c7c6eaa8c
client_fx,#hash_201378189651055d
client_fx,#zm_ai/fx8_blightfather_weakspot_elbow_amb
client_fx,#hash_213b84f5f5775699
client_fx,#weapon/fx_hero_arm_blade_death_sparks
client_fx,#zombie/fx_bul_flesh_neck_spurt_zmb
client_fx,#impacts/fx_bul_impact_blood_body_fatal
client_fx,#zombie/fx8_wallbuy_amb_reverse
client_fx,#hash_22422ba79bd4eaaa
client_fx,#hash_22aac55b4e3e4c42
client_fx,#zm_weapons/fx8_www_dazed_vortex
client_fx,#zombie/fx_tesla_shock_eyes_zmb
client_fx,#hash_2445dc176f3ccbd0
client_fx,#hash_247c28b43c001b30
client_fx,#impacts/fx8_bul_impact_robot_body_nonfatal_exit
client_fx,#impacts/fx8_bul_impact_blood_limb_fatal_exit
client_fx,#zm_ai/fx8_blightfather_chaos_missle
client_fx,#zm_weapons/fx8_www_drag_enemy_ember_arm_right
client_fx,#hash_2543453edaf343d4
client_fx,#hash_259b253edb3d834a
client_fx,#fire/fx_fire_ai_human_arm_right_loop
client_fx,#impacts/fx_bul_impact_blood_head_fatal_exit
client_fx,#zm_ai/fx8_blightfather_vomit_statue_purchase
client_fx,#impacts/fx8_bul_impact_dirt_xtreme
client_fx,#impacts/fx_bul_impact_armor_body_fatal
client_fx,#impacts/fx_bul_impact_boss_head_nonfatal_exit
client_fx,#hash_267219566a35fba8
client_fx,#zm_ai/fx8_cata_water_aura
client_fx,#hash_26d0cedbeb39c5dd
client_fx,#impacts/fx8_bul_impact_metal_xsm
client_fx,#hash_278a1fb8502347aa
client_fx,#impacts/fx8_bul_impact_water_xtreme
client_fx,#hash_27c3041be4fa392e
client_fx,#zm_ai/fx8_cata_plasma_aura
client_fx,#hash_28479dabebe445ee
client_fx,#hash_28ad85abec3ad058
client_fx,#hash_28c629868adf79d6
client_fx,#impacts/fx8_bul_impact_robot_body_nonfatal
client_fx,#hash_2949c26febe96072
client_fx,#impacts/fx_bul_impact_boss_head_nonfatal
client_fx,#hash_2a894b9650914bb6
client_fx,#hash_2b3411bb90d7ccec
client_fx,#fire/fx_fire_ai_human_leg_left_loop
client_fx,#hash_2bf04e6a5bf59c3f
client_fx,#zm_ai/fx8_blightfather_maggot_death_exp
client_fx,#hash_2c2c0c5309109382
client_fx,#hash_2c2c0d5309109535
client_fx,#hash_2c6fdba85ff0dee5
client_fx,#hash_2cd1f480eb43a66e
client_fx,#zm_weapons/fx8_www_drag_enemy_ember_leg_right
client_fx,#impacts/fx8_bul_impact_robot_limb_fatal_exit
client_fx,#hash_2eb3d046c9e26e47
client_fx,#hash_2ec73246ddf52378
client_fx,#hash_2f0597b421f2c488
client_fx,#impacts/fx_bul_impact_heavy_body_nonfatal_exit
client_fx,#hash_3076ea9e7398795b
client_fx,#zombie/fx_spawn_dirt_body_billowing_zmb
client_fx,#hash_311a865a91014b22
client_fx,#impacts/fx8_bul_impact_glass_xtreme
client_fx,#hash_31d142c6e5adc4c7
client_fx,#hash_31d36dbca458b0dd
client_fx,#hash_31dc43b5cf4c60f2
client_fx,#zm_ai/fx8_cata_water_purify
client_fx,#hash_32f753ce767010e4
client_fx,#hash_335e6ce4ca3a37b3
client_fx,#player/fx8_plyr_pstfx_vomit_loop
client_fx,#impacts/fx8_bul_impact_blood_body_fatal_exit
client_fx,#zm_ai/fx8_cata_cor_mouth
client_fx,#hash_34b181485e0b7946
client_fx,#hash_34b182485e0b7af9
client_fx,#impacts/fx_bul_impact_heavy_body_nonfatal
client_fx,#hash_34d06e6d2aa00b39
client_fx,#zombie/fx_raygun_impact_zmb
client_fx,#impacts/fx8_bul_impact_thin_metal_sm
client_fx,#impacts/fx8_bul_impact_thin_metal_lg
client_fx,#zm_weapons/fx8_www_drag_enemy_ember_waist
client_fx,#zm_ai/fx8_werewolf_dmg_weakspot
client_fx,#zm_weapons/fx8_www_shrink_enemy_death
client_fx,#zm_weapons/fx8_www_impact
client_fx,#hash_37a3c4156a246da4
client_fx,#impacts/fx_bul_impact_snow_sm
client_fx,#zombie/fx_bul_flesh_head_fatal_zmb
client_fx,#zm_ai/fx8_stoker_eye_glow
client_fx,#zm_ai/fx8_blightfather_weakspot_jaw_amb
client_fx,#hash_3b2dc5e477b88461
client_fx,#hash_3b34b1e477be8113
client_fx,#hash_3b61ca07c83b7171
client_fx,#impacts/fx8_bul_impact_blood_head_fatal
client_fx,#hash_3c302e20c7521265
client_fx,#hash_3c61e7e3069ee8a7
client_fx,#hash_3c9948ab313a6483
client_fx,#zm_ai/fx8_stoker_projectile_coal_charge_forearm
client_fx,#zm_ai/fx8_blightfather_vomit
client_fx,#hash_3d4d6663770c0e14
client_fx,#hash_3d736a45c27a711d
client_fx,#hash_3def678deb7f4078
client_fx,#hash_3df0d337eb84dcac
client_fx,#impacts/fx8_bul_impact_blood_limb_nonfatal_exit
client_fx,#zm_weapons/fx8_aat_opposite_exp
client_fx,#impacts/fx_bul_impact_armor_body_fatal_exit
client_fx,#hash_405b88c6ff597dd6
client_fx,#hash_40a93ef9da58e006
client_fx,#impacts/fx_bul_impact_armor_head_fatal_exit
client_fx,#hash_41384db90e66558b
client_fx,#hash_41b2c270f26faabc
client_fx,#hash_41e504ff09d88af9
client_fx,#hash_41ec10ff09debe0b
client_fx,#hash_425c28d5fded81f2
client_fx,#hash_4290601f9ae7b873
client_fx,#hash_42b1e9abdde1d678
client_fx,#hash_42bcb312df258591
client_fx,#zm_ai/fx8_stoker_projectile_coal_charge_bicep
client_fx,#impacts/fx8_bul_impact_blood_body_fatal
client_fx,#hash_43b3118edb88df8c
client_fx,#hash_43ce68cb4f9247fe
client_fx,#hash_43d0bc9e00943683
client_fx,#hash_43db5529d30606a4
client_fx,#zm_ai/fx8_blightfather_vomit_craft_purchase
client_fx,#hash_451dfa68b22333f2
client_fx,#hash_45b5a28321d54ea0
client_fx,#hash_46177358e1ae4e80
client_fx,#impacts/fx_bul_impact_armor_body_nonfatal
client_fx,#hash_464f27bfbf0ce7bf
client_fx,#impacts/fx_bul_impact_heavy_body_fatal_exit
client_fx,#hash_47de9e64d1f4457e
client_fx,#hash_482a9c9681f3db75
client_fx,#hash_48f874b8f527eb83
client_fx,#zombie/fx_ritual_barrier_defend_door_wide_zod_zmb
client_fx,#hash_4960d9278d639297
client_fx,#hash_4a2a2a8ca5ef4c74
client_fx,#hash_4a495cef0ef4aee2
client_fx,#hash_4af4d518ea451c02
client_fx,#hash_4b01a67ca7670458
client_fx,#hash_4b047008007a4310
client_fx,#zm_ai/fx8_stoker_dest_weak_point_dynent_arm
client_fx,#hash_4b275679ef930b50
client_fx,#hash_4b2ca31f081f59b2
client_fx,#hash_4b4a315f77dd312c
client_fx,#hash_4b9ad1b74aa75852
client_fx,#zm_weapons/fx8_www_drag_enemy_ember_torso
client_fx,#impacts/fx8_bul_impact_blood_head_fatal_exit
client_fx,#zm_weapons/fx8_www_drag_enemy_ember_hip_right
client_fx,#zombie/fx8_wallbuy_reveal
client_fx,#hash_4c24e997afad36e0
client_fx,#hash_4c3f2c9d9bab6b2b
client_fx,#hash_4ca6f513f26662b5
client_fx,#hash_4cb9b6f2bdbab2e5
client_fx,#hash_4ccee2fc417be7fe
client_fx,#hash_4ccee3fc417be9b1
client_fx,#impacts/fx_bul_impact_boss_head_fatal
client_fx,#impacts/fx_bul_impact_robot_body_nonfatal
client_fx,#hash_4d334fce6095f749
client_fx,#impacts/fx_bul_impact_heavy_head_nonfatal
client_fx,#hash_4d91ce766ebeda81
client_fx,#hash_4db3c6766edbb34f
client_fx,#hash_4e3dc7da8f681079
client_fx,#hash_4e40eada8f6a81c9
client_fx,#hash_4e55cdda8f7cac8c
client_fx,#hash_4e7218bfa9566ef0
client_fx,#impacts/fx_bul_impact_body_armor_lg
client_fx,#hash_4f1fd4a87c6562ec
client_fx,#impacts/fx_flesh_hit_knife_zmb
client_fx,#hash_4fc9f92d9016ecad
client_fx,#zm_ai/fx8_blightfather_vomit_object
client_fx,#hash_50060cdb19653936
client_fx,#zm_ai/fx8_stoker_projectile_coal_charge_hand
client_fx,#hash_505391476800a162
client_fx,#zm_ai/fx8_cata_elec_elbow_ri
client_fx,#zm_ai/fx8_cata_elec_elbow_le
client_fx,#hash_50e1d117e5a930cb
client_fx,#impacts/fx8_bul_impact_blood_limb_nonfatal
client_fx,#impacts/fx_bul_impact_armor_body_nonfatal_exit
client_fx,#hash_51b4705f45149ea5
client_fx,#zm_weapons/fx8_www_dazed_bubble_trail
client_fx,#impacts/fx8_bul_impact_blood_body_nonfatal_exit
client_fx,#zombie/fx_ritual_gateworm_glow_red_zod_zmb
client_fx,#zm_ai/fx8_werewolf_eye_glow
client_fx,#hash_52c22f3d0a38c679
client_fx,#hash_52ea7852be15585e
client_fx,#player/fx_plyr_footstep_dust_dirt
client_fx,#hash_531e5c5efe735df0
client_fx,#hash_532ac819595d9bb5
client_fx,#hash_53692fee7bdbc8d4
client_fx,#hash_53c18a50ec2a93ac
client_fx,#impacts/fx8_bul_impact_robot_limb_fatal
client_fx,#hash_5400356a313e2ec3
client_fx,#hash_547b680a63dd5023
client_fx,#zm_ai/fx8_blightfather_vomit_purchase
client_fx,#impacts/fx8_bul_impact_blood_limb_fatal
client_fx,#impacts/fx8_bul_impact_blood_body_nonfatal_zm
client_fx,#hash_5586bb7a838e870a
client_fx,#zm_weapons/fx8_www_drag_enemy_ember_head
client_fx,#impacts/fx8_knife_impact_bone
client_fx,#zm_weapons/fx8_www_drag_enemy_ember_hip_left
client_fx,#hash_564507a621fd37b8
client_fx,#hash_564c423f11cec2a0
client_fx,#hash_57034716c105e41e
client_fx,#hash_574088074d2a8e74
client_fx,#impacts/fx_bul_impact_heavy_body_fatal
client_fx,#hash_57e793068bee3c8e
client_fx,#zm_ai/fx8_zombie_eye_glow_red
client_fx,#hash_580bb2a71ac88814
client_fx,#hash_5934158bcfb9c884
client_fx,#hash_59422cff58693587
client_fx,#hash_59977c4c851916e0
client_fx,#hash_59dbd1f9476a0415
client_fx,#hash_5a3bedd0f4e1fb20
client_fx,#hash_5a7915d0f515ed36
client_fx,#impacts/fx8_bul_impact_mud_lg
client_fx,#impacts/fx8_bul_impact_mud_sm
client_fx,#zombie/fx8_power_door_amb_quest
client_fx,#hash_5c3f89cf80806118
client_fx,#hash_5c3f8acf808062cb
client_fx,#zm_ai/fx8_cata_water_footstep
client_fx,#zm_weapons/fx8_www_spin_tornado
client_fx,#hash_5ce9f224ee5c9c63
client_fx,#hash_5d1eb6746beee299
client_fx,#hash_5d311a076b143596
client_fx,#hash_5d8233ecf44eb12c
client_fx,#impacts/fx8_bul_impact_water_sm
client_fx,#impacts/fx8_bul_impact_water_lg
client_fx,#hash_5e3ff002a36de9bf
client_fx,#hash_5e4b61b99bf91d12
client_fx,#zm_ai/fx8_blightfather_weakspot_jaw_exp
client_fx,#hash_5ea48c095e439dd3
client_fx,#zm_ai/fx8_cata_water_aura_head
client_fx,#hash_5f247e5ee77f7108
client_fx,#impacts/fx_bul_impact_armor_head_nonfatal_exit
client_fx,#zombie/fx_raygun_world_zmb
client_fx,#zm_ai/fx8_bat_transform
client_fx,#hash_6009053e911b946a
client_fx,#impacts/fx8_bul_impact_robot_head_nonfatal_exit
client_fx,#hash_60d482b113231004
client_fx,#hash_60fe8e16abfbc3dc
client_fx,#hash_60fe9016abfbc742
client_fx,#hash_60fe9116abfbc8f5
client_fx,#zm_ai/fx8_bat_transform_impact
client_fx,#zm_weapons/fx8_www_drag_enemy_torso
client_fx,#hash_6155f098cde9b5d6
client_fx,#weapon/fx8_muz_sm_pistol_3p
client_fx,#weapon/fx8_muz_sm_pistol_1p
client_fx,#player/fx_plyr_jump_dust
client_fx,#fire/fx_fire_ai_human_hip_left_loop
client_fx,#impacts/fx8_bul_impact_glass_sm
client_fx,#impacts/fx8_bul_impact_glass_lg
client_fx,#impacts/fx8_bul_impact_snow_lg
client_fx,#impacts/fx8_bul_impact_snow_sm
client_fx,#hash_63074eb9d1a1e00c
client_fx,#zm_ai/fx8_stoker_amb_torso
client_fx,#impacts/fx8_bul_impact_blood_body_nonfatal
client_fx,#hash_641b8ba2af258ead
client_fx,#hash_641c2257723638c2
client_fx,#zm_ai/fx8_stoker_dest_weak_point_exp_arm
client_fx,#hash_64716dfdcaeec561
client_fx,#hash_6484874c383f70f9
client_fx,#impacts/fx_bul_impact_boss_body_fatal_exit
client_fx,#zombie/fx_ritual_sacrafice_glow_head_zod_zmb
client_fx,#hash_657c3b5d3d9bfdfa
client_fx,#zombie/fx_parasite_exp_death_zmb
client_fx,#hash_6596b5a56f027114
client_fx,#impacts/fx8_bul_impact_wood_sm
client_fx,#zm_weapons/fx8_www_shrink_globe
client_fx,#impacts/fx8_bul_impact_wood_lg
client_fx,#zombie/fx_spawn_blood_billowing_doa
client_fx,#hash_66fd8daa88aae4b4
client_fx,#hash_674095d927cfe7cc
client_fx,#hash_680fec8c354d5473
client_fx,#blood/fx_blood_gib_limb_trail
client_fx,#hash_686a88e23e439f4b
client_fx,#zm_ai/fx8_cata_cor_aura
client_fx,#hash_6931b098cb2b2086
client_fx,#impacts/fx8_bul_impact_blood_corpse_nonfatal
client_fx,#hash_6960c898cb52ba10
client_fx,#impacts/fx_bul_impact_blood_head_fatal
client_fx,#hash_69f0c87c19162d91
client_fx,#hash_69fe2bd378e08226
client_fx,#hash_6a1ab09280787b72
client_fx,#hash_6b459e4a646f7bae
client_fx,#zombie/fx8_doorbuy_death
client_fx,#hash_6b7912c3c5da87e2
client_fx,#hash_6c0eb029adb5f6c6
client_fx,#hash_6c7970dafaa21ca1
client_fx,#hash_6c903fa4abc8dbaa
client_fx,#zm_weapons/fx8_www_drag_portal_end
client_fx,#hash_6d3c039680511839
client_fx,#zm_weapons/fx8_www_shrink_globe_death
client_fx,#impacts/fx8_knife_impact_blood
client_fx,#zm_ai/fx8_blightfather_weakspot_sack_amb
client_fx,#hash_6ecef2377e01d48d
client_fx,#player/fx_plyr_land_dust_dirt_xlg
client_fx,#hash_6f5790d353dd5caf
client_fx,#hash_7046110ad3c65161
client_fx,#impacts/fx8_bul_impact_robot_head_nonfatal
client_fx,#impacts/fx8_bul_impact_sand_lg
client_fx,#impacts/fx8_bul_impact_sand_sm
client_fx,#hash_715cf74f791295c4
client_fx,#light/fx8_light_plyr_base
client_fx,#hash_71750fc23a05acdb
client_fx,#maps/zm_mansion/fx8_silver_hit_coil
client_fx,#hash_7240c9c35d80dab2
client_fx,#hash_72434c8ee049e010
client_fx,#zm_ai/fx8_cata_plasma_blast_tell_head
client_fx,#hash_7282363a66bd14e2
client_fx,#impacts/fx8_bul_impact_robot_limb_nonfatal_exit
client_fx,#impacts/fx8_bul_impact_blood_body_fatal_zm
client_fx,#fire/fx_fire_ai_human_arm_left_loop
client_fx,#hash_73298f54156f81e4
client_fx,#impacts/fx_bul_impact_boss_head_fatal_exit
client_fx,#hash_73f660fbf8e552c7
client_fx,#player/fx_plyr_footstep_dust
client_fx,#zm_ai/fx8_cata_elec_footstep
client_fx,#hash_749d6ee7eea4a790
client_fx,#hash_74f01ad183c69a5c
client_fx,#hash_74f6f2d183cc7512
client_fx,#hash_750666763510e998
client_fx,#hash_7534672c207c08ed
client_fx,#hash_75d6f353559fa727
client_fx,#zm_ai/fx8_blightfather_vomit_box_purchase
client_fx,#impacts/fx8_bul_impact_concrete_xtreme
client_fx,#hash_7665ecbd288a84d7
client_fx,#zombie/fx_raygun_view_zmb
client_fx,#hash_782ae54493a94c4a
client_fx,#hash_78712d347cdd5147
client_fx,#hash_792c9bdd6ccaf244
client_fx,#hash_795ee7d89d6f10d2
client_fx,#zombie/fx_val_chest_burst
client_fx,#zm_ai/fx8_cata_water_footstep_right
client_fx,#hash_7ad8856e251bee77
client_fx,#zm_ai/fx8_cata_plasma_blast
client_fx,#hash_7b951deec27b35c1
client_fx,#hash_7ba4c51d3e9f68e8
client_fx,#impacts/fx8_bul_impact_snow_xtreme
client_fx,#fire/fx8_fire_candle_sml_melt_on
client_fx,#impacts/fx8_bul_impact_robot_body_fatal_exit
client_fx,#hash_7cced41e0b367ca6
client_fx,#hash_7d5dc4d5626c1c97
client_fx,#hash_7d69ee9822b45157
client_fx,#hash_7dcfe2ffad2ca4fc
client_fx,#impacts/fx_bul_impact_robot_head_nonfatal
client_fx,#hash_7f1680c009106243
client_fx,#impacts/fx8_bul_impact_robot_head_fatal
client_fx,#hash_7f3bd1e736bb4859
client_fx,#zm_weapons/fx8_www_drag_enemy_ember_arm_left
client_fx,#hash_7fc172fec3be59ce
client_fx,#zm_weapons/fx8_www_dazed_vortex_end
client_fx,#zm_ai/fx8_blightfather_maggot_spawn_burst
client_fx,#hash_7fff0aac54c2724c
client_tagfxset,#weapon_katana_smoke_3p