type,name
vehicle,#zm_zipline_orange
model,#wpn_t8_zm_snowball_view
model,#p8_geo_pipeline_truss
model,#c_t8_zmb_3rdclass_male_body4_split_skin3
model,#c_t8_zmb_3rdclass_male_body4_split_skin2
model,#hash_d5b2b479fd7b75
model,#hash_11a9b77ec6aa33b
model,#wpn_t7_zmb_knife_bowie_view
model,#hash_18faa8f5a5b1709
model,#c_zom_der_zombie_body2_g_rarmoff
model,#hash_19e4fac234ca503
model,#c_t8_zmb_ora_zombie_male_body2_g_llegoff
model,#p8_zm_ora_heatpack_01
model,#attach_t8_charm_base
model,#hash_314a49ad6b25e5b
model,#wpn_t8_zm_dg1_whole
model,#wpn_t8_zm_pistol_webly_view
model,#p8_zm_ora_specimen_container_lrg_cracked
model,#p8_zm_ora_blueprint_heatingpack
model,#hash_4b734de5d71cd25
model,#p8_zm_ora_lighthouse_door_rt
model,#c_t8_zmb_ofc_zombie_male_body1_g_rarmoff
model,#p8_zm_ora_lighthouse_door_lf
model,#c_t8_zmb_3rdclass_male_body1_g_rlegoff
model,#wpn_t7_zmb_dlc2_shield_dmg02_world
model,#wpn_t8_zm_talon_spikes_dw_view
model,#wpn_t8_zm_melee_katana_lvl3_view
model,#wpn_t8_zm_flamethrower_view
model,#p8_zm_ora_pablo_trinket_cinereous_vulture
model,#p7_medical_gauze_pads_bloody
model,#p7_medical_blood_bag
model,#hash_73a44150cef5976
model,#hash_79240150d39c880
model,#hash_7d0140775216c4e
model,#wpn_t8_zm_dg2_upg_world
model,#fx_char_gib_chunk_meat01
model,#wpn_t7_grenade_incendiary_world
model,#p7_zm_sha_bullseye
model,#c_t8_default_character_fb
model,#p7_can_metal_01_small
model,#p7_zm_mob_trap_control_base_red
model,#p7_food_vegetable_eggplant
model,#c_t8_zmb_3rdclass_male_body3_s_lleg
model,#p8_fxp_fluid_tendril_2_water
model,#p7_zm_der_magic_box_fake
model,#c_t8_zmb_1stclass_female_body1_split_skin2
model,#c_t8_zmb_1stclass_female_body1_split_skin3
model,#c_t8_zmb_1stclass_female_body1_split_skin4
model,#c_t8_zmb_1stclass_female_body1_split_skin5
model,#c_t8_zmb_1stclass_female_body1_split_skin6
model,#p8_fxanim_zm_perk_vending_tonic_mod
model,#wpn_t8_zm_freeze_gun_view
model,#p8_zm_ora_trap_power_up
model,#hash_d8f00ca018a50c9
model,#p8_fxp_fluid_splash_mud
model,#p8_zm_zod_pap_plinth_sequence_earth
model,#p8_zm_esc_chalk_buy_pistol_standard
model,#p7_tools_jar_glass_med
model,#c_t8_zmb_1stclass_male_body3_split
model,#p8_zm_ora_specimen_container_vat
model,#hash_e43f4935c824b9a
model,#wpn_t8_zm_tundra_gun_view
model,#wpn_t8_zm_smg_thompson_mag_view
model,#p8_zm_ora_rock_small_blue
model,#p8_zm_esc_chalk_buy_ar_modular
model,#p8_zm_esc_perk_vending_soda
model,#wpn_t7_zmb_zod_rocket_shield_tank_parts
model,#wpn_t8_zm_raygun_mk2_view_green
model,#hash_f59c09035d3dc98
model,#wpn_t8_zm_snowball_world
model,#p8_food_meat_beef_ribs_01
model,#fx_rifle_shell
model,#p8_zm_ora_music_box
model,#hash_10341ddd0367366b
model,#p7_zm_teddybear
model,#p8_fxanim_zm_zod_wormhole_mod
model,#attach_t7_optic_hybrid_view_ads
model,#hash_10c4ac12157186cc
model,#wpn_t7_zmb_knife_bowie_world
model,#c_t8_zmb_ora_zombie_male_body2_g_rlegoff
model,#p7_jar_glass_lid
model,#c_t8_zmb_3rdclass_female_body3_split
model,#hash_11e85f735c70dc33
model,#c_t8_zmb_3rdclass_male_body2_g_larmoff
model,#p8_zm_ora_blueprint_dynamite
model,#p8_food_vegetable_corn
model,#p8_fxanim_zm_orange_pap_animator
model,#hash_12c950283b8e0763
model,#p8_zm_zod_ice_chunk_med_01
model,#p8_zm_vending_packapunch_ora_gold
model,#c_t8_zmb_ofc_quadcrawler_s_larmspawn
model,#p8_zm_ora_dynamite_barrier_destroyed
model,#p8_zm_esc_warden_organs_brain
model,#c_t8_zmb_catalyst_fire_lfoot_gib
model,#p7_medical_rolling_iv_drip
model,#wpn_t8_zm_tundra_gun_world
model,#p8_zm_ora_specimen_container_knob
model,#hash_1527c82738d9ff63
model,#c_zom_dlc_waw_nikolai_fb
model,#hash_154e821c3438ee43
model,#c_t8_zmb_catalyst_fire_rarm_gib
model,#hash_16295a6b4402b21f
model,#c_t8_zmb_3rdclass_male_body3_s_rleg
model,#wpn_t8_zm_melee_katana_lvl1_world
model,#c_t8_zmb_ofc_zombie_male_body1_g_blegsoff
model,#p8_zm_off_chalk_buy_smg_drum_pistol
model,#p8_geo_ice_chunk_lrg_01
model,#wpn_t8_zm_dg1_world
model,#wpn_t7_zmb_dlc2_shield_dmg02_view
model,#hash_18f366619b686d90
model,#hash_19b50514b5d2bbf6
model,#wpn_t8_zm_battle_shield_gun_view
model,#wpn_t8_zm_dg2_upg_view
model,#c_t8_zmb_1stclass_male_body2_split
model,#p8_zm_esc_chalk_buy_smg_thompson
model,#hash_1ab68011a2aad274
model,#hash_1ada02cfb50d76ad
model,#p8_zm_ora_corkboard_map_01_dyn
model,#c_t8_zmb_ora_zombie_male_body2_g_larmoff
model,#p7_can_metal_01
model,#c_zom_dlc_richtofen_fb
model,#p7_zm_ctl_chemistry_kit_jar_lg
model,#p8_zm_off_trap_switch_light_green_on
model,#wpn_zmb_dlc1_talon_spikes_prop
model,#p8_zm_esc_chalk_buy_tr_powersemi
model,#p8_fxanim_zm_orange_frozen_key
model,#p8_zm_esc_bones_human_leg_upper
model,#hash_1d10a5571bc8bdcd
model,#hash_1e3030cf0f44daee
model,#c_t8_zmb_ora_zombie_male_body2_g_upclean
model,#p8_food_meat_beef_shoulder_01
model,#c_t8_zmb_ofc_zombie_male_body1_g_lowclean
model,#fx_char_gib_chunk_flesh02
model,#fx_char_gib_chunk_flesh03
model,#c_zom_der_zombie_body2_g_llegoff
model,#tag_origin_animate
model,#p8_zm_ora_music_box_world
model,#wpn_t8_zm_raygun_view
model,#c_zom_der_zombie_helmet1
model,#hash_1fd5a4f842c75265
model,#p8_zm_esc_chalk_buy_smg_fastfire
model,#c_t8_zmb_crew_officer_body1_split
model,#p8_zm_wall_buy_symbol_01_top
model,#hash_2264b73572a0e4a1
model,#c_t8_zmb_3rdclass_male_body1_g_upclean
model,#wpn_t8_zm_battle_shield_buckler_world
model,#p8_zm_ora_corkboard_demp_01
model,#p8_zm_esc_chalk_buy_ar_fastfire
model,#c_t8_zmb_ofc_zombie_male_body1_g_rlegoff
model,#wpn_t8_zm_minigun_view
model,#apothican_blood_sphere_16
model,#apothican_blood_sphere_32
model,#wpn_t8_zm_monkey_bomb_view
model,#c_t8_zmb_ofc_zombie_male_body1_g_llegoff
model,#c_t8_zmb_3rdclass_male_head4
model,#c_t8_zmb_3rdclass_male_head1
model,#c_t8_zmb_3rdclass_male_head2
model,#c_t8_zmb_3rdclass_male_head3
model,#hash_2419061f1736d6e5
model,#hash_242a4db00ac45f38
model,#p7_glassware_whiskey_01
model,#p8_zm_ora_button_alter
model,#p8_fxp_fluid_splash_blood
model,#wpn_t8_zm_snowball_yellow_view
model,#p7_medical_surgical_tools_tray_bloody
model,#p8_zm_ora_glasses
model,#wpn_t8_zm_dg1_scope_world
model,#wpn_t8_zm_zipline_hook_world
model,#wpn_t8_zm_minigun_world
model,#c_zom_der_richtofen_old_cin_fb
model,#hash_262a390a488924a7
model,#hash_262a3a0a4889265a
model,#hash_262a3b0a4889280d
model,#hash_265f4b82dea4347d
model,#c_t8_zmb_ofc_zombie_male_body1_g_upclean
model,#p8_zm_off_trap_switch_light_red_on
model,#wpn_t8_zm_freeze_gun_world
model,#p8_zm_ora_crate_wood_01_tall_open_lid_dmg
model,#p8_zm_ora_shipping_container_door_lt
model,#p8_zm_ora_shipping_container_door_rt
model,#wpn_t8_zm_dg2_view
model,#p8_zm_ora_pablo_trinket_siberian_chipmunk
model,#wpn_t8_sig_tempest_projectile
model,#p8_zm_ora_soapstone_01_hot
model,#p8_fir_monitor_security_base_dmg
model,#hash_297d3c8be0667ad7
model,#hash_29861878aa0cd17d
model,#c_t8_zmb_3rdclass_male_body3_s_larm
model,#c_zom_zod_zombie_fem_body1_g_rlegspawn
model,#p7_zm_sha_dynamite
model,#p7_debris_rockychunks_small_01
model,#p7_debris_rockychunks_small_12
model,#c_t8_zmb_3rdclass_female_body1_split
model,#p8_zm_ora_corkboard_sam_01
model,#hash_2b9d294653359a0f
model,#c_zom_der_zombie_body2_g_upclean
model,#p8_zm_esc_chalk_buy_ar_stealth
model,#hash_2be6c9bdf2ca8989
model,#p7_zm_kin_bottle_beer
model,#wpn_t8_zm_melee_katana_lvl3_world
model,#hash_2ce523b30f2370b5
model,#fx_debris_stone_01
model,#wpn_t8_zm_battle_shield_gun_world
model,#p8_zm_ora_ice_picker_power_up
model,#wpn_t7_zmb_dlc2_shield_dmg01_view
model,#fx_axis_createfx
model,#c_t8_zmb_2ndclass_female_body2_split
model,#p7_gib_chunk_fat
model,#p8_rock_vsq_med_01
model,#p8_zm_barricade_board_collision
model,#wpn_t8_zm_flamethrower_world
model,#p7_metal_cut_panel_06
model,#c_t8_zmb_3rdclass_male_body1_g_blegsoff
model,#p8_zm_ora_corkboard_map_01
model,#p8_zm_zod_ice_crystalline_01
model,#hash_32baa51d012e13b9
model,#p8_afr_food_jar_lrg_spice
model,#c_t8_zmb_1stclass_female_body1_split
model,#c_t8_zmb_3rdclass_male_body1_g_lowclean
model,#p7_rus_box_cardboard_03
model,#p7_rus_box_cardboard_07
model,#c_zom_zod_zombie_fem_body1_g_rarmspawn
model,#c_t8_zmb_catalyst_fire_larm_gib
model,#p7_lab_chemistry_set_beaker
model,#hash_35477038e34f5c7b
model,#p7_mou_transformer_power
model,#hash_358c4704f3fe4d13
model,#wpn_t8_zm_pistol_webly_world
model,#c_t8_zmb_ofc_zombie_male_s_rlegoff
model,#p8_zm_ora_vril_generator
model,#p7_zm_vending_packapunch_on
model,#p8_zm_ora_snowball_power_up
model,#hash_36ae53f10049fb4a
model,#p8_zm_ora_kitchenware_soup_pot
model,#p8_zm_ora_specimen_container_lrg
model,#hash_375b5ff68f028c5a
model,#p8_zm_ora_keycard_2
model,#p8_zm_ora_keycard_1
model,#p8_zm_ora_keycard_0
model,#p8_fxp_fluid_droplet_blood
model,#p8_zm_ora_specimen_container_wheel_2_brass
model,#c_t8_zmb_catalyst_fire_rfoot_gib
model,#p8_mov_zm_gla_flesh_04
model,#p8_zm_esc_perk_vending_brew
model,#hash_38a211f9901a7afd
model,#p8_zm_gla_nor_fire_pit_01_wood_pile
model,#c_t8_zmb_ofc_zombie_male_body1_g_larmoff
model,#wpn_t8_sig_battle_shield_gun_world
model,#p8_zm_esc_perk_vending_cola
model,#p8_zm_ora_beach_perk_cave_pablo_board_01
model,#p7_slu_panel_electrical_02_base_full
model,#p7_medical_surgical_tray_tools_bloody
model,#hash_3a7bb98dd43a6348
model,#hash_3ad338210ce3daba
model,#hash_3b264e92aebc3f6c
model,#wpn_t7_zmb_dlc2_shield_dmg01_world
model,#hash_3c314527c16c1a76
model,#p8_usa_farm_tools_pitchfork
model,#c_t8_zmb_ofc_zombie_male_s_rarmoff
model,#p7_zm_ori_record_vinyl_fire
model,#p7_gib_chunk_flesh_01
model,#p7_gib_chunk_flesh_03
model,#p7_gib_chunk_flesh_02
model,#hash_3cf0cedf6e565700
model,#c_t8_zmb_3rdclass_male_body2
model,#c_t8_zmb_3rdclass_male_body1
model,#p7_toolbox_handheld_small_red
model,#wpn_t8_zm_dg2_world
model,#c_zom_der_zombie_body2_g_larmoff
model,#hash_3e19095b03a21ab1
model,#p8_zm_esc_chalk_buy_tr_leveraction
model,#p8_fxp_fluid_tendril_1_water
model,#hash_3e6ca31c99c41a9c
model,#wpn_t7_zmb_dlc2_shield_view
model,#p8_zm_ora_knife_machete
model,#p8_zm_off_trap_switch_light
model,#c_t8_zmb_3rdclass_male_body3_split
model,#c_zom_dlc_nikolai_fb
model,#hash_3f91d45806596374
model,#wpn_t8_zm_flamethrower_lvl2_world
model,#hash_3fcb839dd299546a
model,#p8_afr_food_jar_med_lid
model,#hash_3fe97d76e6fd034f
model,#hash_402965c7de759c1b
model,#wpn_t8_zm_talon_spikes_dw_world
model,#p7_gib_chunk_bone_01
model,#p7_gib_chunk_bone_03
model,#p7_gib_chunk_bone_02
model,#p8_fxanim_zm_perk_vending_soda_mod
model,#wpn_t8_zm_flamethrower_lvl3_world
model,#wpn_t8_zm_smg_thompson_view
model,#c_t8_zmb_3rdclass_male_body3_s_rarm
model,#p7_zm_vending_packapunch_weapon
model,#p8_zm_ora_pablo_trinket_siberian_musk_deer
model,#p8_zm_off_blueprint_01
model,#p8_zm_esc_chalk_buy_pistol_burst_zm
model,#hash_4306a2f5898cfe40
model,#p8_zm_ora_beach_perk_cave_pablo_board_01_dyn
model,#hash_43763d5362c2a5c6
model,#wpn_t8_zm_freeze_gun_world_upgraded
model,#c_t8_zmb_3rdclass_male_body3_skin2_split
model,#p8_zm_off_recorder_vintage_reel
model,#c_t8_zmb_2ndclass_female_body3_split
model,#hash_44159c5f93e81cff
model,#c_zom_der_zombie_body2_g_behead
model,#p8_zm_esc_shield_blue_print_01
model,#c_t8_zmb_ofc_quadcrawler_s_llegspawn
model,#p8_afr_food_jar_med_spice
model,#wpn_t8_sig_battle_shield_gun_view
model,#c_t8_zmb_catalyst_fire_lleg_gib
model,#p8_zm_esc_chalk_buy_shotgun_trenchgun
model,#p8_zm_ora_crate_wood_01_tall_open_dmg_a
model,#p7_zm_vending_packapunch_sign_wait
model,#p8_fxp_hell_sphere
model,#wpn_t8_zm_smg_thompson_world
model,#p8_zm_ora_challenge_armor_power_up
model,#hash_46705bb6578a790b
model,#c_t8_zmb_3rdclass_male_body2_g_upclean
model,#hash_469a106d92e4ab06
model,#p8_zm_ora_pablo_trinket_margwa
model,#wpn_t8_zm_talon_spikes_world
model,#p8_zm_ora_soapstone_01_cold
model,#p8_zm_esc_chalk_buy_ar_accurate
model,#p8_zm_ora_elemental_vessel
model,#p7_zm_mob_trap_control_base
model,#wpn_t8_zm_dg1_view
model,#fx_pistol_shell_blur
model,#c_t8_zmb_ofc_quadcrawler_s_rarmspawn
model,#hash_4a86a22fb0acec9d
model,#p7_water_cooler_digital_bottle_dirty
model,#hash_4ae0506003817df4
model,#c_t8_zmb_ora_zombie_male_body2_g_lowclean
model,#p8_wz_snowball_pile
model,#wpn_t8_zm_raygun_upg_view
model,#hash_4ba5e2b676bf7a61
model,#hash_4bb8cdc6e1e9ce87
model,#p7_slu_meter_electric_01_lid
model,#p7_fxp_debris_dirt_clod_01_brown
model,#c_zom_zod_zombie_fem_body1_g_larmspawn
model,#wpn_t8_zm_raygun_mk2_world_green
model,#hash_4d2be6acb5f65a0d
model,#fx_char_gib_chunk_bone02
model,#fx_char_gib_chunk_bone03
model,#fx_char_gib_chunk_bone01
model,#p7_zm_kin_cabinet_storage_door_rt
model,#wpn_t8_zm_freeze_gun_view_upgraded
model,#c_t8_zmb_3rdclass_female_body2_split
model,#p8_zm_wall_buy_symbol_01
model,#p8_zm_zod_clock_grand_01_minute_hand
model,#p7_zm_kin_cabinet_storage_door_lt
model,#c_t8_zmb_3rdclass_male_body1_g_larmoff
model,#p7_book_vintage_open_02_burn
model,#p7_medical_gauze_roll_bloody
model,#hash_4f2dc164c768293c
model,#c_t8_zmb_ora_zombie_male_body2_g_blegsoff
model,#wpn_t8_sig_battle_shield_buckler_world
model,#hash_4fb26360da093585
model,#hash_4fbf73c8d7d9ada8
model,#hash_5043de69ff488c15
model,#hash_50ad18d026ba3045
model,#wpn_t8_zm_raygun_mk2_world_red
model,#c_t8_zmb_3rdclass_male_body1_split
model,#p8_zm_esc_chalk_buy_smg_standard
model,#hash_511638854c2cd007
model,#hash_5132eeaac6d93ebf
model,#c_zom_der_zombie_body2_g_lowclean
model,#p8_zm_off_chalk_buy_sniper_quickscope_t8
model,#p8_zmu_der_teleporter_transformer_lrg
model,#c_zom_dlc_waw_takeo_fb
model,#hash_521b8194cab4c262
model,#p8_zm_ora_fuse_box
model,#p7_can_metal_open_dented
model,#hash_52e7b17e9a64efca
model,#p8_fxanim_zm_perk_vending_brew_mod
model,#p8_zm_esc_turbine_generator_01_animated
model,#c_zom_der_zombie_body2_g_rlegoff
model,#p8_cas_kitchenware_soup_pot
model,#p7_zm_der_magic_box_fake_trunk
model,#wpn_t8_zm_raygun_world
model,#p7_medical_rolling_iv_drip_dmg
model,#wpn_t8_zm_nesting_dolls_rich_view
model,#c_t8_zmb_ora_zombie_male_body2_g_rarmoff
model,#wpn_t8_zm_nesting_dolls_takeo_view
model,#wpn_t8_zm_nesting_dolls_view
model,#p8_afr_food_jar_med_spice_full
model,#hash_55382917f1459218
model,#wpn_t8_zm_minigun_projectile
model,#c_t8_zmb_3rdclass_male_body1_g_llegoff
model,#p8_food_vegetable_cauliflower
model,#wpn_t8_zm_battle_shield_buckler_view
model,#p8_zm_off_chalk_buy_knife_bowie_story_1
model,#p8_zm_man_light_lantern_gothic_full_01
model,#fx_bullet_chain
model,#c_t8_zmb_catalyst_fire_head_gib
model,#p8_afr_food_jar_lrg_spice_full
model,#hash_57a4dc5ceaab5439
model,#p7_zm_der_magic_box
model,#hash_590667a2ca8f4415
model,#p8_zm_whi_elemental_shard
model,#p8_big_cylinder
model,#p8_zm_esc_chalk_buy_pistol_revolver
model,#wpn_t8_zm_flamethrower_lvl2_view
model,#p8_wz_brd_dart_board
model,#hash_59c48e1ee875601e
model,#p8_zm_ora_pablo_trinket_apothicon
model,#wpn_t8_zm_thundergun_world
model,#p7_book_vintage_open_01
model,#wpn_t8_zm_melee_katana_lvl2_view
model,#hash_5a9a1ee2f0076cde
model,#hash_5a9fd7440622a424
model,#p8_zm_esc_chalk_buy_lmg_standard
model,#c_zom_der_zombie_body2
model,#wpn_t8_zm_nesting_dolls_niko_view
model,#p8_zm_zod_ice_chunk_lrg_01
model,#hash_5c0f4b80f6fcfdb3
model,#p8_zm_ora_dynamite_bundle
model,#viewmodel_default
model,#wpn_t8_zm_talon_spikes_view
model,#hash_5cc01064c793d29b
model,#p7_gib_chunk_meat_01
model,#p7_gib_chunk_meat_02
model,#p7_gib_chunk_meat_03
model,#p8_fxp_fluid_clump_mud
model,#hash_5d018bb32533507d
model,#p7_cleaning_paper_toilet_dirty
model,#c_t8_zmb_3rdclass_male_body4_split
model,#wpn_t8_zm_melee_katana_lvl1_view
model,#p8_zm_ora_corkboard_demp_01_dyn
model,#c_t8_zmb_3rdclass_male_body1_g_rarmoff
model,#hash_5f1bcd0df7f562ba
model,#c_gen_direwolf_fb
model,#c_zom_zod_zombie_fem_body1_g_llegspawn
model,#c_t8_zmb_catalyst_fire_rleg_gib
model,#wpn_t8_zm_raygun_mk2_view_red
model,#p8_fxp_fluid_droplet_mud
model,#p7_fxp_debris_rock_01
model,#p7_fxp_debris_rock_02
model,#p7_fxp_debris_rock_03
model,#hash_608561bc15b19e09
model,#p8_zm_esc_chalk_buy_shotgun_pump
model,#p8_zm_ora_human_skull_jaw
model,#p7_food_jar_pepper_03_closed
model,#p7_fxp_debris_car_glass_shatter_02
model,#p7_fxp_debris_car_glass_shatter_03
model,#p7_fxp_debris_car_glass_shatter_01
model,#p7_fxp_debris_wood_splinter_02
model,#p7_fxp_debris_wood_splinter_03
model,#p7_fxp_debris_wood_splinter_01
model,#fx_pistol_shell
model,#wpn_t8_zm_smg_thompson_mag_world
model,#p_zom_pneumatic_tube
model,#zm_orange_debris_land_02
model,#zm_orange_debris_land_01
model,#wpn_t8_zm_battle_shield_turret_view
model,#c_t8_zmb_ofc_zombie_male_s_larmoff
model,#wpn_t7_shield_riot_world
model,#c_t8_zmb_3rdclass_male_body2_g_rarmoff
model,#c_t8_zmb_crew_sailor_body2_split
model,#c_t8_zmb_1stclass_male_body1_split
model,#p8_fxp_fluid_droplet_water
model,#p8_zm_zod_pap_plinth_sequence_air
model,#wpn_t8_zm_melee_katana_lvl2_world
model,#c_t8_default_character_head
model,#c_t8_zmb_crew_sailor_body1_split
model,#p7_zm_zod_nitrous_tank
model,#tag_flash
model,#wpn_t7_zmb_zod_rocket_shield_eagle
model,#c_zom_der_hellhound_fb
model,#hash_6623acd6adcd0346
model,#p8_zm_ora_corkboard_sam_01_dyn
model,#hash_664a3fb810f2108b
model,#wpn_t8_zm_dg1_scope_view
model,#wpn_t7_grenade_incendiary_projectile
model,#p7_box_copy_paper_sheet
model,#p8_zm_zod_pap_plinth_sequence_fire
model,#hash_67bb1fd818592338
model,#c_t8_zmb_2ndclass_female_body1_split
model,#p8_zm_esc_perk_vending_tonic
model,#hash_6980163a349430df
model,#p8_zm_barricade_board_bare_06
model,#p8_zm_barricade_board_bare_04
model,#p8_zm_barricade_board_bare_05
model,#p8_zm_barricade_board_bare_02
model,#p8_zm_barricade_board_bare_03
model,#p8_zm_barricade_board_bare_01
model,#p8_zm_gla_heart_zombie
model,#p7_slu_meter_electric_01_door_lt
model,#p8_zm_ora_dynamite_barrier
model,#p7_slu_meter_electric_01_door_rt
model,#wpn_t8_zm_monkey_bomb_world
model,#hash_6a6ae903a8eb0aea
model,#p8_zm_esc_chalk_buy_smg_handling
model,#wpn_t8_zm_thundergun_view
model,#p8_fxanim_zm_orange_reel_to_reel_recorder
model,#hash_6b2de60f3e6f38e3
model,#attach_t7_optic_hybrid_world
model,#wpn_t8_zm_zipline_hook_view
model,#p8_office_papers_manilla_folder_blue
model,#p8_usa_farm_tools_sickle_01
model,#p8_zm_gla_nor_fire_pit_01_wood_pile_emissive
model,#c_t8_zmb_3rdclass_male_body1_g_behead
model,#p8_fxp_zm_magicbox_glow_top
model,#p8_zm_music_box_samantha_trap
model,#tag_origin
model,#p7_mou_cup_styrofoam
model,#p7_debris_trash_paperbag_01_brown
model,#p8_geo_pipeline_truss_short
model,#p8_zm_off_trap_switch_handle
model,#hash_6f9434f5ea72f4b6
model,#attach_t7_optic_hybrid_view
model,#c_t8_zmb_ofc_zombie_male_s_llegoff
model,#hash_6ff6d9710ee42809
model,#p8_zm_ora_lighthouse_door_heavy
model,#p8_zm_esc_chalk_buy_tr_longburst
model,#wpn_t8_zm_dg1_scope_ads
model,#p8_geo_ice_chunk_med_01
model,#hash_719a7c969dae4f1f
model,#wpn_t8_zm_snowball_yellow_world
model,#hash_726f590d95151310
model,#wpn_t7_grenade_incendiary_view
model,#p8_fxanim_zm_perk_vending_cola_mod
model,#c_zom_dlc_dempsey_fb
model,#p8_zm_ora_specimen_container_lrg_dmg
model,#p7_zm_der_pswitch_handle
model,#hash_7328e2d24281b890
model,#wpn_t8_zm_raygun_upg_world
model,#p7_office_paper_stack_sml
model,#p8_zm_wall_buy_symbol_01_middle
model,#hash_7444fec1b792d47d
model,#hash_759496fb448eceba
model,#hash_75bcfb8fca4999a4
model,#p8_zm_ora_yellow_snowball_pile
model,#hash_7607b6016ea15e68
model,#hash_76159883b154a28e
model,#wpn_t8_zm_battle_shield_turret_world
model,#p7_zm_der2_vending_packapunch_sign_wait
model,#c_t8_zmb_catalyst_fire_rhand_gib
model,#hash_76896b5069fbff8f
model,#p8_zm_ora_dynamite_clock
model,#p8_fxanim_zm_orange_trap_switch_box
model,#hash_77be6f1d9d1c885f
model,#p8_zm_zod_pap_plinth_sequence_water
model,#wpn_t8_zm_flamethrower_lvl3_view
model,#hash_7873513e5825a177
model,#c_zom_der_zombie_body2_g_blegsoff
model,#p8_zm_ora_dynamite_01
model,#p8_food_meat_beef_leg_rear_01
model,#p8_zm_ora_elemental_vessel_lantern
model,#p8_afr_food_jar_lrg_lid
model,#p8_fxanim_zm_orange_ship_hatch_door
model,#c_zom_der_zombie_head1
model,#c_zom_der_zombie_head3
model,#c_zom_der_zombie_head2
model,#p8_zm_vending_packapunch_ora_gold_on
model,#p8_fxanim_zm_orange_vault_door
model,#hash_7b24212cf1e0b041
model,#p8_fxp_zm_ora_vortex
model,#p8_zm_ora_boatyard_door_rollup_01
model,#p8_zm_ora_soapstone_01
model,#wpn_t7_zmb_zod_rocket_shield_window
model,#p8_zm_man_light_lantern_gothic_candle
model,#hash_7cef9687c4b6982d
model,#c_t8_zmb_3rdclass_male_body3_skin3_split
model,#c_zom_dlc_waw_dempsey_fb
model,#p7_zm_vending_packapunch
model,#p8_zm_esc_chalk_buy_smg_accurate
model,#p7_office_paper_sheet_10
model,#p7_office_paper_sheet_12
model,#p7_office_paper_sheet_09
model,#p7_office_paper_sheet_08
model,#p7_office_paper_sheet_03
model,#p7_office_paper_sheet_02
model,#zm_orange_debris_ship_01
model,#zm_orange_debris_ship_02
model,#p8_geo_pipeline_lower_pipe
model,#p8_fir_monitor_security_base
model,#c_zom_dlc_takeo_fb
model,#c_t8_zmb_3rdclass_male_body2_split
model,#c_t8_zmb_1stclass_male_body1_split_skin3
model,#c_t8_zmb_1stclass_male_body1_split_skin2
model,#c_t8_zmb_ofc_quadcrawler_s_rlegspawn
model,#p8_zm_ora_dynamite_timer
model,#fx_rifle_shell_blur
model,#hash_7fb3d4ccb232c8e9
model,#p8_zm_esc_wood_splintered
aitype,#spawner_zm_zombie_orange_scientist
aitype,#spawner_zm_eddie
aitype,#$default_aitype
aitype,#spawner_zm_zombie_orange
aitype,#spawner_zm_pablo
aitype,#spawner_zm_dog
aitype,#spawner_zm_samantha
aitype,#spawner_zm_wolf_ally
aitype,#spawner_zm_zombie_orange_soldier
aitype,#spawner_zm_zombie
aitype,#spawner_zm_zombie_electric
aitype,#spawner_zm_zombie_zod
character,#c_t8_zmb_ora_zombie_electric
character,#hash_1b6e29efbf163bd7
character,#c_t8_zmb_3rdclass_male1
character,#c_t8_zmb_3rdclass_male2
character,#hash_4981ee148d957a62
character,#character_sp_direwolf
character,#c_zom_der_hellhound
character,#c_zom_der_zombie2
character,#c_t8_zmb_ora_pablo
character,#c_t8_zmb_ora_zombie_male2
character,#c_t8_zmb_ora_zombie_male1
xmodelalias,#c_zom_der_zombie_headalias
xmodelalias,#hash_2f7873cdd492f938
xmodelalias,#hash_612e15b05a54b6c5
weapon,#ww_tesla_sniper_t8_zm
weapon,#hash_5a33d9c4ebf1f0
weapon,#hero_minigun_t8_lv3_zm
weapon,#hero_minigun_t8_lv2_zm
weapon,#eq_nesting_doll_grenade_niko_zm
weapon,#bowie_flourish_story_1_zm
weapon,#hero_katana_t8_lv2_zm
weapon,#zhield_dw_zm
weapon,#zitem_orange_heat_pack_part_2_zm
weapon,#snowball_upgraded_zm
weapon,#thundergun_zm
weapon,#dog_ai_defaultmelee_zm
weapon,#eq_nesting_doll_grenade_takeo_zm
weapon,#ray_gun_upgraded_zm
weapon,#pistol_topbreak_t8_zm
weapon,#ww_tesla_gun_t8_zm
weapon,#hero_gravityspikes_t8_lv2_zm
weapon,#zitem_riotshield_part_2_zm
weapon,#eq_nesting_doll_grenade_zm
weapon,#zombie_fists_bowie_story_1_zm
weapon,#ray_gun_mk2_zm
weapon,#zitem_orange_dynamite_bomb_part_3_zm
weapon,#zitem_orange_dynamite_bomb_part_1_zm
weapon,#zhield_lh_zm
weapon,#hero_minigun_t8_lv3_Grenade_zm
weapon,#hero_flamethrower_t8_lv2_zm
weapon,#zitem_orange_zipline_crank_part_2_zm
weapon,#hero_katana_t8_lv3_zm
weapon,#zitem_orange_heat_pack_part_1_zm
weapon,#zitem_orange_heat_pack_part_3_zm
weapon,#hash_3c757550ab90471c
weapon,#wolf_ally_defaultmelee_zm
weapon,#zitem_orange_zipline_crank_part_1_zm
weapon,#eq_nesting_doll_grenade_rich_zm
weapon,#ww_tesla_gun_t8_upgraded_zm
weapon,#hash_40e56c583e1883a1
weapon,#ray_gun_zm
weapon,#hero_gravityspikes_t8_lv3_zm
weapon,#zombie_ai_defaultmelee_zm
weapon,#ray_gun_mk2_upgraded_zm
weapon,#zitem_riotshield_part_1_zm
weapon,#hash_49da95b699146cee
weapon,#hero_gravityspikes_t8_lv1_zm
weapon,#smg_thompson_t8_zm
weapon,#zitem_riotshield_part_3_zm
weapon,#bowie_knife_story_1_zm
weapon,#zhield_riot_lh_zm
weapon,#zitem_orange_dynamite_bomb_part_2_zm
weapon,#hash_524f1159776ac118
weapon,#ww_freezegun_t8_zm
weapon,#hero_gravityspikes_t8_lh_lv1_zm
weapon,#hero_minigun_t8_lv1_zm
weapon,#hero_gravityspikes_t8_lh_lv3_zm
weapon,#zhield_riot_turret_zm
weapon,#ww_freezegun_t8_upgraded_zm
weapon,#molotov_fire_cp
weapon,#hash_57a869e50bfc84f4
weapon,#smg_thompson_t8_upgraded_zm
weapon,#riotshield_zm
weapon,#snowball_yellow_upgraded_zm
weapon,#thundergun_upgraded_zm
weapon,#hero_flamethrower_t8_lv1_zm
weapon,#music_box_zm
weapon,#hero_flamethrower_t8_lv3_zm
weapon,#hero_katana_t8_lv1_zm
weapon,#ww_tesla_sniper_upgraded_t8_zm
weapon,#cymbal_monkey_zm
weapon,#tundragun_upgraded_zm
weapon,#zhield_riot_dw_zm
weapon,#tundragun_zm
weapon,#snowball_zm
weapon,#hero_minigun_t8_lv2_Grenade_zm
weapon,#snowball_yellow_zm
weapon,#hero_gravityspikes_t8_lh_lv2_zm
weapon,#zhield_turret_zm
gesture,#ges_snowball
gesture,#hash_23b376504d24026
gesture,#hash_9f9a72bef795b82
gesture,#ges_force_slide_loop
gesture,#hash_c9191ad04ac315e
gesture,#hash_e88f702b7e4b63b
gesture,#ges_prone_to_crouch
gesture,#ges_slide
gesture,#ges_slide_buckler
gesture,#hash_1fc824c1e15e3a03
gesture,#hash_2031cb3032b3f0e1
gesture,#ges_mantle_buckler
gesture,#ges_mantle_light
gesture,#hash_277749aab1c80810
gesture,#hash_29294fbe01509baa
gesture,#ges_crouch_to_prone
gesture,#hash_2c9d84c169cdce08
gesture,#hash_2e605597500da80d
gesture,#hash_3125767a38612dff
gesture,#hash_3492157394db1b9f
gesture,#hash_383bf900de88e4ba
gesture,#hash_3ff9244d2a3870ff
gesture,#ges_zipline
gesture,#hash_44f44510328af252
gesture,#ges_swim_idle
gesture,#hash_4acb9aab9e9c7b10
gesture,#hash_4ede6191b1c3fa5a
gesture,#ges_sticky_grenade
gesture,#hash_5be3e5303dfe56c4
gesture,#hash_6043a58c32fa3036
gesture,#ges_mantle
gesture,#hash_61d5e8f78a0507d4
gesture,#ges_snowball_bare_hands
gesture,#hash_6c0b7b24b828b624
gesture,#ges_snowball_throw
gesture,#ges_slide_dw
gesture,#hash_6eef63089f041c93
gesture,#ges_slide_bare_hands
gesture,#hash_737c099cdff11ea2
gesture,#hash_75ebfc135f681a76
gesture,#ges_mantle_bare_hands
gesture,#hash_7ab592b68c4535a5
gesture,#hash_7da3f8c1244624b4
gesturetable,#hash_35f36fd131d1cbf6
gesturetable,#hash_472d6af900d8e082
gesturetable,#gestable_zipline
gesturetable,#gestable_snowball_pullback
gesturetable,#gestable_snowball_throw
zbarrier,#zmcore_t8_basicwoodbarrier_hide_pieces
zbarrier,#zmcore_packapunch
zbarrier,#zm_golden_packapunch
zbarrier,#hash_23ff47a9a451a0f1
zbarrier,#zm_office_magicbox
zbarrier,#hash_2bb35ddf0cf6c37d
zbarrier,#hash_3af7e849e101c310
zbarrier,#hash_5172f883137eee6c
rumble,#defaultweapon_melee
rumble,#damage_heavy
rumble,#talon_spike
rumble,#zm_weap_gravityspikes_vortex
rumble,#zm_shield_break
rumble,#smg_fire
rumble,#shotgun_fire
rumble,#sniper_adsfire
rumble,#hash_322cc8a226215312
rumble,#heavygun_fire
rumble,#assault_fire
rumble,#zm_office_drawer_rumble
rumble,#pistol_fire
rumble,#zod_shield_juke
rumble,#flamethrower
rumble,#zod_idgun_vortex_shockwave
rumble,#sniper_fire
rumble,#grenade_rumble
rumble,#grenade_throw
rumble,#zod_idgun_vortex_interior
rumble,#zm_fasttravel_vortex_rumble
rumble,#defaultweapon_fire
rumble,#zm_mansion_atlas_interact_rumble
rumble,#zm_shield_damage
rumble,#zm_orange_dynamite_bomb_explosion
rumble,#dtp_rumble
rumble,#shotgun_adsfire
shellshock,#shellshock_blur
shellshock,#slowview
shellshock,#electrocution
shellshock,#explosion_shock
shellshock,#shellshock_blur_pc
statuseffect,#dot_purifier
statuseffect,#zm_orange_outro
statuseffect,#shock_zm_trap
statuseffect,#hash_2608bf886a137e8e
statuseffect,#avogadro_shock_slowed
statuseffect,#wound_purifier
xcam,#hash_9c4ea39463d14ac
xcam,#hash_db5c34f7d9e1861
xcam,#ui_cam_icon_pistol_shotgun
xcam,#hash_1ae1e697609dd70b
xcam,#ui_cam_cac_smg_thompson
xcam,#hash_2547de4f2204205b
xcam,#ui_cam_cac_pistol_topbreak
xcam,#ui_cam_cac_equip_semtex
xcam,#ui_cam_cac_pistol_standard
xcam,#ui_cam_icon_pistol_standard
xanim,#ai_zombie_base_walk_au_v10_pain_chest_f
xanim,#ai_zm_dlc1_zombie_crawl_climb_up_256_down_32
xanim,#pt_battle_shield_male_stand_putaway
xanim,#ai_t8_zm_zombie_boardtear_aligned_l_6_pull
xanim,#ai_civ_crc_cover_dth_l_chest_hvy_1
xanim,#vm_raygun_fire_ads
xanim,#hash_853590a95aff05
xanim,#vm_pistol_webley_fire_ads
xanim,#ai_zombie_base_walk_au_v5_pain_chest_f
xanim,#ai_t8_zm_zombie_base_walk_jump_up_catwlk_160
xanim,#ai_t8_zm_zombie_base_walk_jump_up_catwlk_128
xanim,#vm_zom_tesla_sniper_jump
xanim,#pt_pistol_swim_raise
xanim,#vm_battle_shield_ads_base_down
xanim,#ai_base_rifle_trv_jump_up_48_across_64_down_48
xanim,#ai_t8_zm_zombie_base_trv_jump_up_128_thru_sm_hole
xanim,#ai_t8_zm_mob_zombie_dog_stun_out
xanim,#hash_1268742ab2ef44e
xanim,#vm_brawler_t8_sprint_in
xanim,#ai_zm_dlc1_zombie_walk_lowg_v4_pain_chest_f_alt
xanim,#vm_zom_wraith_fire_throw_rh
xanim,#ai_base_rifle_trv_mantle_over_32x192
xanim,#ai_base_rifle_trv_mantle_over_32x128
xanim,#ai_base_rifle_trv_mantle_over_32x160
xanim,#ai_zombie_base_sprint_ad_sidestep_right_long_b
xanim,#ai_zombie_base_sprint_ad_sidestep_right_long_a
xanim,#ai_civ_stn_exposed_panic_arrival_1
xanim,#ai_civ_stn_exposed_panic_arrival_2
xanim,#ai_civ_stn_exposed_panic_arrival_3
xanim,#ai_civ_stn_exposed_panic_arrival_4
xanim,#ai_civ_stn_exposed_panic_arrival_6
xanim,#ai_civ_stn_exposed_panic_arrival_7
xanim,#ai_civ_stn_exposed_panic_arrival_8
xanim,#ai_civ_stn_exposed_panic_arrival_9
xanim,#vm_battle_shield_idle
xanim,#hash_1f40909bb41c100
xanim,#ai_t8_zm_zombie_base_crawl_boardtear_aligned_l_2_grab
xanim,#hash_21d5bad39f5ca69
xanim,#ai_t8_zm_zombie_base_crawl_boardtear_aligned_l_6_hold
xanim,#hash_2366d9a5845bdd4
xanim,#hash_23757499345d55e
xanim,#pt_flamethrower_crouch_fire_alt
xanim,#pt_rifle_stand_raise
xanim,#ai_civ_stn_exposed_run_turn_r_135
xanim,#vm_smg_thompson_fire_intro_ads
xanim,#ai_civ_stn_exposed_run_turn_r_180
xanim,#vm_battle_shield_hand_pose_l
xanim,#vm_battle_shield_hand_pose_r
xanim,#ai_t8_zm_zombie_dog_pro_trv_mantle_up_36_dn_128
xanim,#vm_ww_freezegun_idle_empty
xanim,#ai_base_rifle_staircase_run_down_8x16_loop
xanim,#vm_zom_tesla_sniper_putaway_quick
xanim,#ai_zombie_base_run_ad_v21_pain_chest_f
xanim,#ai_zombie_zod_crawl_stunned_electrobolt_e
xanim,#ai_zombie_zod_crawl_stunned_electrobolt_d
xanim,#ai_zombie_zod_crawl_stunned_electrobolt_a
xanim,#ai_zombie_zod_crawl_stunned_electrobolt_c
xanim,#ai_zombie_zod_crawl_stunned_electrobolt_b
xanim,#pt_battle_shield_male_stand_fire
xanim,#vm_minigun_ads_base_down
xanim,#vm_sticky_grenade_loop_bare_hands_additive
xanim,#vm_battle_shield_sprint_putaway
xanim,#vm_zom_raygun_mk2_crawl_l
xanim,#vm_zom_raygun_mk2_crawl_f
xanim,#vm_zom_raygun_mk2_crawl_b
xanim,#vm_zom_raygun_mk2_crawl_r
xanim,#hash_33ec9e479b8e174
xanim,#ai_t8_zm_zombie_boardtear_aligned_r_3_hold
xanim,#ai_zombie_base_walk_ad_v22_pain_chest_f_alt
xanim,#vm_smg_thompson_first_raise
xanim,#ai_zombie_base_walk_au_sidestep_right_b
xanim,#ai_t8_zm_zombie_base_run_jump_up_128_quick
xanim,#ai_zombie_base_walk_ad_v23_pain_chest_f
xanim,#ai_base_rifle_staircase_run_down_8x12_r_exit_2_stairs
xanim,#ai_base_rifle_staircase_run_up_8x12_loop_skip_b
xanim,#ai_base_rifle_staircase_run_up_8x12_loop_skip_a
xanim,#hash_412c474a5de2518
xanim,#pt_minigun_stand_fire
xanim,#hash_44b5200072b33bf
xanim,#ai_t8_zm_zombie_base_crawl_boardtear_aligned_r_1_hold
xanim,#vm_zom_tesla_sniper_pullout
xanim,#vm_katana_crawl_r
xanim,#vm_katana_crawl_b
xanim,#vm_katana_crawl_f
xanim,#vm_katana_crawl_l
xanim,#vm_pistol_webley_sprint_loop
xanim,#ai_t8_zm_zombie_boardtear_aligned_m_1_pull
xanim,#o_zombie_base_packapunch_poweron
xanim,#vm_sticky_grenade_cancel
xanim,#vm_zom_raygun_mk2_reload_empty
xanim,#vm_purifier_t8_fire
xanim,#vm_pistol_webley_jump
xanim,#vm_ww_freezegun_sprint_putaway
xanim,#ai_civ_stn_exposed_aggr_run_00
xanim,#vm_dg2_walk_f
xanim,#ai_t8_zm_zombie_base_crawl_boardtear_aligned_r_2_hold
xanim,#vm_ww_freezegun_swim_uw_putaway
xanim,#ai_zombie_base_run_au_v5_pain_chest_f
xanim,#vm_dg2_ads_base_up
xanim,#hash_5d88759d0352ed6
xanim,#ai_base_rifle_staircase_run_down_8x12_l_exit_2_stairs
xanim,#vm_raygun_reload
xanim,#ai_base_rifle_trv_mantle_over_160x32
xanim,#pt_pistol_swim_putaway
xanim,#ai_base_rifle_trv_wallrun_r_128
xanim,#ai_t8_zombie_base_walk_au_win_trav_r_v1
xanim,#ai_zm_dlc1_zombie_run_lowg_v1_pain_chest_f
xanim,#ai_zombie_base_dth_f_chest_lt_00
xanim,#ai_zombie_base_dth_f_chest_lt_01
xanim,#ai_zombie_base_dth_f_chest_lt_02
xanim,#ai_zombie_base_dth_f_chest_lt_03
xanim,#hash_65cbe9192f9c3d2
xanim,#vm_zom_thundergun_sprint_out
xanim,#ai_t8_zm_zombie_boardtear_aligned_l_3_pull
xanim,#ai_direwolf_base_run_turn_l_90
xanim,#ai_zombie_base_walk_ad_v22_pain_chest_f
xanim,#vm_ww_freezegun_jump
xanim,#ai_zombie_base_walk_ad_v1_pain_chest_f
xanim,#vm_zom_thundergun_pullout
xanim,#pt_brawler_prone_putaway
xanim,#p8_fxanim_zm_orange_ship_hatch_door_open
xanim,#pt_katana_stand_putaway_quick
xanim,#ai_zm_dlc1_zombie_climb_up_256_down_40
xanim,#ai_base_rifle_staircase_run_up_8x12_in
xanim,#ai_zm_dlc1_zombie_climb_up_256_down_32
xanim,#ai_t8_zombie_base_sprint_au_v20_pain_chest_f
xanim,#hash_7ca16aeab3098ab
xanim,#hash_7ca17aeab309a5e
xanim,#ai_t8_zombie_base_cust_trv_jump_up_zm_mnsn_main_hall
xanim,#ai_t8_zm_zombie_base_crawl_boardtear_aligned_l_1_pull
xanim,#ai_zombie_zod_crawl_jump_down_256
xanim,#vm_minigun_sprint_in
xanim,#hash_7eb6a564371a515
xanim,#vm_katana_sprint_out
xanim,#vm_dg2_pullout_quick
xanim,#hash_7f8c0f051334e59
xanim,#pt_grenade_crouch_throw
xanim,#ai_t8_zombie_base_run_au_win_trav_m_v1
xanim,#vm_zom_talon_spikes_dw_walk_f
xanim,#vm_battle_shield_sprint_loop
xanim,#hash_8d71778c347627f
xanim,#ai_zombie_smash_react_getup
xanim,#vm_raygun_ads_base_down
xanim,#ai_zombie_base_walk_ad_v19_pain_chest_f
xanim,#pt_grenade_prone_throw
xanim,#ai_base_rifle_stn_assassination_death_left
xanim,#vm_minigun_first_raise
xanim,#ai_t8_zm_zombie_crawl_undercroft_spawn_02
xanim,#ai_base_rifle_trv_jump_up_128
xanim,#ai_base_rifle_staircase_run_up_8x12_r_exit_3_stairs
xanim,#vm_snowball_throw_additive
xanim,#ai_direwolf_base_trot
xanim,#pb_pistol_run_slide
xanim,#vm_battle_turret_pullout
xanim,#hash_a013b0459fccdc9
xanim,#vm_zom_bowie_knife_melee_stab
xanim,#vm_bare_hands_t8_swim_uw_sprint_loop
xanim,#bo3_ai_zombie_taunts_4
xanim,#p8_fxanim_zm_perk_vending_soda_on_anim
xanim,#ai_zm_dlc1_zombie_sprint_lowg_v3_pain_chest_f_alt
xanim,#vm_katana_putaway_quick
xanim,#ai_zombie_tesla_death_a
xanim,#ai_zombie_tesla_death_b
xanim,#ai_zombie_tesla_death_c
xanim,#ai_zombie_tesla_death_d
xanim,#ai_zombie_tesla_death_e
xanim,#vm_katana_ads_base_up
xanim,#ai_zombie_base_run_au_v11_pain_chest_f_alt
xanim,#pt_grenade_stand_throw
xanim,#vm_t8_swim_idle_static_dw
xanim,#pt_brawler_prone_raise
xanim,#ai_t8_zm_zombie_base_walk_attack_14
xanim,#ai_t8_zm_zombie_base_walk_attack_15
xanim,#ai_t8_zm_zombie_base_walk_attack_11
xanim,#ai_t8_zm_zombie_base_walk_attack_12
xanim,#ai_t8_zm_zombie_base_walk_attack_09
xanim,#ai_t8_zm_zombie_base_walk_attack_08
xanim,#ai_t8_zm_zombie_base_walk_attack_07
xanim,#ai_t8_zm_zombie_base_walk_attack_06
xanim,#ai_t8_zm_zombie_base_walk_attack_05
xanim,#ai_t8_zm_zombie_base_walk_attack_04
xanim,#ai_t8_zm_zombie_base_walk_attack_02
xanim,#ai_t8_zm_zombie_base_walk_attack_01
xanim,#ai_civ_stn_exposed_walk_04
xanim,#ai_civ_stn_exposed_walk_01
xanim,#ai_civ_stn_exposed_walk_02
xanim,#ai_civ_stn_exposed_walk_03
xanim,#vm_purifier_t8_putaway_quick
xanim,#ai_base_rifle_stn_exposed_death_explosive_b_1
xanim,#vm_purifier_t8_sprint_out
xanim,#vm_pistol_webley_sprint_out
xanim,#hash_bef38d878913e58
xanim,#hash_c04f8da58c549b8
xanim,#vm_shotgun_pump_swim_to_land
xanim,#hash_c1ea8d8a46af778
xanim,#pt_pistol_prone_putaway
xanim,#ai_base_rifle_trv_jump_up_72_qtplaza
xanim,#ai_zombie_dr_jump_up_2_climb
xanim,#vm_zom_tesla_sniper_sprint_in
xanim,#p8_fxanim_zm_perk_vending_soda_use5_anim
xanim,#ai_t8_zm_zombie_boardtear_aligned_m_1_grab
xanim,#vm_pistol_webley_putaway
xanim,#vm_smg_thompson_crawl_in
xanim,#vm_dg2_idle
xanim,#pt_battle_shield_male_stand_fire_delay
xanim,#hash_d1248f590edc4c2
xanim,#vm_sticky_grenade_pullpin_bare_hands
xanim,#vm_minigun_walk_f
xanim,#vm_sticky_grenade_cancel_bare_hands_additive
xanim,#hash_d7cc2e2b8e62c7c
xanim,#ai_base_rifle_stn_run_dth_f_head_lt_1
xanim,#vm_zom_talon_spikes_dw_jump
xanim,#vm_battle_shield_sprint_out
xanim,#p8_fxanim_zm_perk_vending_cola_disable_anim
xanim,#ai_zombie_base_run_turn_45_l_v2
xanim,#p8_fxanim_zm_perk_vending_brew_disable_anim
xanim,#vm_katana_dash_out
xanim,#vm_frag_throw_quick
xanim,#ai_zombie_base_sprint_turn_45_l_v2
xanim,#o_zombie_base_magic_box_teddy_rise
xanim,#ai_zombie_base_run_ad_v22_pain_chest_f
xanim,#hash_e4d72123cd995e2
xanim,#vm_zom_raygun_mk2_fire
xanim,#hash_e60af447b34e267
xanim,#vm_zom_tesla_sniper_fire_ads
xanim,#ai_zombie_base_walk_ad_v24_pain_chest_f
xanim,#ai_zombie_base_crawl_sprint_v2
xanim,#ai_zombie_base_crawl_sprint_v3
xanim,#ai_zombie_base_crawl_sprint_v1
xanim,#hash_ed69694fc21aaf4
xanim,#ai_zm_dlc1_zombie_talonspike_loop
xanim,#pt_pistol_stand_raise
xanim,#ai_direwolf_base_trot_turn_r_180
xanim,#vm_t8_swim_out
xanim,#ai_zombie_base_fast_sprint_02_pain_chest_f_alt
xanim,#ai_direwolf_base_run_attack_single
xanim,#hash_fedc41ab10780fd
xanim,#hash_fedc61ab1078463
xanim,#ai_base_rifle_trv_jump_up_96_skybridge
xanim,#ai_t8_zm_zombie_base_crawl_boardtear_aligned_m_6_pull
xanim,#vm_t8_swim_out_dw
xanim,#hash_10c34b00c2661bc7
xanim,#ai_t8_zombie_base_sprint_au_v1_pain_chest_f_alt
xanim,#ai_zombie_base_dth_l_chest_hvy_00
xanim,#ai_zombie_base_dth_l_chest_hvy_03
xanim,#ai_zombie_base_dth_l_chest_hvy_02
xanim,#vm_zom_wraith_fire_cancel_rh
xanim,#vm_t8_swim_out_additive
xanim,#vm_smg_thompson_inspect
xanim,#ai_zombie_base_run_ad_v11_pain_chest_f_alt
xanim,#vm_zom_music_box_throw
xanim,#vm_snowball_cancel_additive
xanim,#ai_zombie_base_walk_au_v6_pain_chest_f
xanim,#ai_zombie_base_dth_l_torso_lt
xanim,#ai_zombie_base_run_au_v23_pain_chest_f_alt
xanim,#ai_t8_zm_zod_catalyst_plasma_death_01
xanim,#ai_t8_zm_zod_catalyst_plasma_death_03
xanim,#ai_t8_zm_zod_catalyst_plasma_death_02
xanim,#zm_orange_debris_land_02_idle
xanim,#ai_zombie_base_jump_down_48
xanim,#ai_zombie_base_jump_down_72
xanim,#vm_brawler_t8_crawl_out
xanim,#vm_battle_shield_fire
xanim,#ai_zombie_base_jump_down_36
xanim,#ai_zombie_base_walk_ad_v20_pain_chest_f_alt
xanim,#ai_zombie_base_jump_down_96
xanim,#ai_zombie_base_walk_ad_v1_pain_chest_f_alt
xanim,#hash_11e0b5ef2967645f
xanim,#ai_zombie_base_walk_turn_45_r_v2
xanim,#vm_tactical_idle
xanim,#ai_zombie_base_dth_b_chest_lt_02
xanim,#ai_zombie_base_dth_b_chest_lt_03
xanim,#ai_zombie_base_run_turn_90_l_v3
xanim,#ai_direwolf_base_trot_turn_r_90
xanim,#ai_zm_dlc1_zombie_run_lowg_v3_pain_chest_f
xanim,#ai_t8_zm_zombie_base_crawl_boardtear_aligned_l_5_grab
xanim,#ai_civ_stn_exposed_run_exit_9
xanim,#ai_civ_stn_exposed_run_exit_8
xanim,#ai_civ_stn_exposed_run_exit_2
xanim,#ai_civ_stn_exposed_run_exit_4
xanim,#ai_civ_stn_exposed_run_exit_7
xanim,#ai_civ_stn_exposed_run_exit_6
xanim,#ai_t8_zm_mnsn_direwolf_pro_trv_jump_dn_128
xanim,#pt_tesla_sniper_t8_stand_reload
xanim,#ai_base_rifle_staircase_run_down_8x8_l_exit_2_stairs
xanim,#ai_t8_zm_mnsn_direwolf_pro_trv_jump_dn_160
xanim,#vm_zom_tesla_sniper_rechamber_ads
xanim,#ai_wolf_ally_base_run_attack_low
xanim,#ai_base_rifle_trv_wallrun_l_512
xanim,#ai_t8_zm_zombie_base_crawl_boardtear_aligned_l_4_grab
xanim,#vm_pistol_webley_ads_base_up
xanim,#ai_civ_stn_exposed_walk_arrival_8
xanim,#ai_civ_stn_exposed_walk_arrival_9
xanim,#ai_civ_stn_exposed_walk_arrival_2
xanim,#ai_civ_stn_exposed_walk_arrival_3
xanim,#ai_civ_stn_exposed_walk_arrival_1
xanim,#ai_civ_stn_exposed_walk_arrival_6
xanim,#ai_civ_stn_exposed_walk_arrival_7
xanim,#ai_civ_stn_exposed_walk_arrival_4
xanim,#ai_zombie_base_walk_au_v23_pain_chest_f_alt
xanim,#hash_13a6e4b545ff34e8
xanim,#hash_13c61984c006c557
xanim,#ai_base_rifle_trv_mantle_window_dive_36
xanim,#ai_zombie_base_walk_au_v3_pain_chest_f_alt
xanim,#ai_base_rifle_stn_exposed_death_explosive_r_1
xanim,#ai_zm_dlc1_zombie_jump_up_lowg_v1
xanim,#ai_direwolf_base_run
xanim,#ai_zombie_base_walk_au_sidestep_left_long
xanim,#o_zombie_base_packapunch_working_eject_gun
xanim,#vm_sticky_grenade_cancel_sig_bow
xanim,#ai_zombie_base_run_ad_v8_pain_chest_f
xanim,#vm_battle_shield_walk_f
xanim,#p8_fxanim_zm_perk_vending_soda_use4_anim
xanim,#vm_zom_raygun_mk2_sprint_out
xanim,#vm_minigun_jump
xanim,#ai_zombie_base_run_ad_v8
xanim,#ai_zombie_base_run_ad_v1
xanim,#ai_zombie_base_run_ad_v2
xanim,#ai_zombie_base_run_ad_v4
xanim,#ai_zombie_base_run_ad_v7
xanim,#vm_slow_grenade_sig_bow_pullpin_additive
xanim,#hash_1544479ab0f4ac15
xanim,#vm_purifier_t8_sprint_putaway
xanim,#vm_sticky_grenade_pullpin
xanim,#vm_mp9_walk_f_ads
xanim,#ai_zombie_base_run_mantle_over_36
xanim,#ai_base_rifle_staircase_run_up_8x12_l_exit_4_stairs
xanim,#ai_zombie_base_run_mantle_over_72
xanim,#ai_zombie_base_run_mantle_over_48
xanim,#ai_zombie_base_run_mantle_over_96
xanim,#ai_t8_zm_zombie_boardtear_aligned_l_4_grab
xanim,#ai_civ_stn_exposed_walk_exit_1
xanim,#ai_civ_stn_exposed_walk_exit_3
xanim,#ai_civ_stn_exposed_walk_exit_2
xanim,#ai_civ_stn_exposed_walk_exit_4
xanim,#ai_civ_stn_exposed_walk_exit_7
xanim,#ai_civ_stn_exposed_walk_exit_6
xanim,#ai_civ_stn_exposed_walk_exit_9
xanim,#ai_civ_stn_exposed_walk_exit_8
xanim,#vm_frag_ads_down
xanim,#vm_purifier_t8_crawl_out
xanim,#o_spikes_stand_plant
xanim,#vm_t8_swim_brawler_out
xanim,#vm_zom_tesla_sniper_gunbutt_swipe
xanim,#hash_16680bfd781d9a47
xanim,#hash_16680cfd781d9bfa
xanim,#hash_167671eab186bf8d
xanim,#pt_grenade_stand_hold_fire
xanim,#pb_knife_stand_a_melee_counter_fail
xanim,#ai_zombie_base_walk_ad_v3
xanim,#ai_zombie_base_walk_ad_v2
xanim,#ai_zombie_base_walk_ad_v1
xanim,#ai_zombie_base_walk_ad_v7
xanim,#ai_zombie_base_walk_ad_v6
xanim,#ai_zombie_base_walk_ad_v5
xanim,#ai_zombie_base_walk_ad_v4
xanim,#pt_pistol_crouch_putaway
xanim,#p8_fxanim_zm_orange_frozen_key_init
xanim,#ai_t8_zm_zombie_base_crawl_boardtear_aligned_m_5_pull
xanim,#hash_16fc4f37bea9751b
xanim,#ai_t8_zm_zombie_base_walk_jump_up_96
xanim,#vm_raygun_crawl_out
xanim,#vm_zom_nesting_doll_hand_pose_l
xanim,#vm_zom_nesting_doll_hand_pose_r
xanim,#ai_t8_zm_zombie_base_walk_jump_up_48
xanim,#ai_t8_zm_zombie_base_walk_jump_up_72
xanim,#ai_t8_zm_zombie_base_walk_jump_up_36
xanim,#vm_sticky_grenade_loop_sig_bow
xanim,#ai_zombie_base_walk_au_pain_head_v1
xanim,#vm_katana_first_raise
xanim,#ai_t8_zm_zombie_base_attack_14
xanim,#ai_t8_zm_zombie_base_attack_15
xanim,#ai_t8_zm_zombie_base_attack_12
xanim,#ai_t8_zm_zombie_base_attack_13
xanim,#ai_t8_zm_zombie_base_attack_10
xanim,#ai_t8_zm_zombie_base_attack_11
xanim,#vm_zom_wraith_fire_cancel_rh_additive
xanim,#ai_t8_zm_zombie_base_attack_09
xanim,#ai_t8_zm_zombie_base_attack_08
xanim,#ai_t8_zm_zombie_base_attack_01
xanim,#ai_t8_zm_zombie_base_attack_03
xanim,#ai_t8_zm_zombie_base_attack_02
xanim,#ai_t8_zm_zombie_base_attack_05
xanim,#ai_t8_zm_zombie_base_attack_04
xanim,#ai_t8_zm_zombie_base_attack_07
xanim,#ai_t8_zm_zombie_base_attack_06
xanim,#ai_zombie_base_walk_ad_v23
xanim,#ai_zombie_base_walk_ad_v22
xanim,#ai_zombie_base_walk_ad_v21
xanim,#ai_zombie_base_walk_ad_v20
xanim,#ai_zombie_base_walk_ad_v25
xanim,#ai_zombie_base_walk_ad_v24
xanim,#vm_raygun_sprint_pullout
xanim,#ai_zombie_base_walk_ad_v19
xanim,#ai_t8_zm_zombie_base_run_jump_up_48
xanim,#ai_t8_zm_zombie_base_run_jump_up_72
xanim,#ai_zombie_base_dth_r_head_lt
xanim,#ai_t8_zm_zombie_base_run_jump_up_36
xanim,#vm_zom_raygun_mk2_idle
xanim,#ai_t8_zm_zombie_base_run_jump_up_96
xanim,#ai_zm_dlc1_zombie_jump_up_36_down_180
xanim,#pt_rifle_stand_putaway
xanim,#p8_fxanim_zm_perk_vending_tonic_use_anim
xanim,#ai_zm_dlc1_zombie_sprint_lowg_v4_pain_chest_f
xanim,#ai_t8_zm_zod_catalyst_water_arrival_7
xanim,#ai_t8_zm_zod_catalyst_water_arrival_6
xanim,#ai_t8_zm_zod_catalyst_water_arrival_4
xanim,#ai_t8_zm_zod_catalyst_water_arrival_3
xanim,#ai_t8_zm_zod_catalyst_water_arrival_2
xanim,#ai_t8_zm_zod_catalyst_water_arrival_1
xanim,#ai_t8_zm_zod_catalyst_water_arrival_9
xanim,#ai_t8_zm_zod_catalyst_water_arrival_8
xanim,#p8_fxanim_zm_orange_ship_hatch_door_init
xanim,#pt_grenade_swim_throw
xanim,#ai_zombie_base_walk_ad_v24_pain_chest_f_alt
xanim,#ai_direwolf_base_trv_jump_down_96
xanim,#ai_civ_stn_exposed_panic_idle_01
xanim,#ai_civ_stn_exposed_panic_idle_00
xanim,#ai_civ_stn_exposed_panic_idle_05
xanim,#ai_civ_stn_exposed_panic_idle_04
xanim,#ai_t8_zm_zombie_base_crawl_boardtear_aligned_r_6_grab
xanim,#ai_direwolf_base_trv_jump_down_40
xanim,#ai_direwolf_base_trv_jump_down_48
xanim,#ai_direwolf_base_trv_jump_down_72
xanim,#pb_spikes_slam_intro
xanim,#vm_slide_bare_hands
xanim,#ai_base_rifle_trv_ladder_up_112
xanim,#vm_katana_walk_f
xanim,#ai_zombie_base_sprint_turn_180_r_v3
xanim,#vm_zom_tesla_sniper_sprint_putaway
xanim,#vm_pistol_webley_sprint_pullout
xanim,#vm_smg_capacity_walk_f
xanim,#ai_zombie_smash_react_f_flatonback
xanim,#ai_civ_stn_exposed_walk_turn_r_90
xanim,#hash_19550e61a03cdded
xanim,#ai_t8_zombie_base_walk_au_win_trav_m_v1
xanim,#ai_t8_zombie_base_walk_au_win_trav_m_v2
xanim,#ai_t8_zombie_base_walk_au_win_trav_m_v3
xanim,#vm_sticky_grenade_pullpin_additive
xanim,#vm_minigun_pullout_quick
xanim,#ai_t8_zm_zombie_boardtear_aligned_l_2_hold
xanim,#vm_t8_mantle_over_bare_hands_additive
xanim,#pt_minigun_fem_crouch_firstraise
xanim,#ai_zombie_base_crawl_jump_across_256
xanim,#ai_zombie_base_run_au_v2_pain_chest_f_alt
xanim,#ai_combat_basic_trv_climb_down_160_a
xanim,#vm_zom_thundergun_crawl_r
xanim,#vm_zom_thundergun_crawl_l
xanim,#vm_zom_thundergun_crawl_b
xanim,#vm_zom_thundergun_crawl_f
xanim,#ai_zm_dlc1_zombie_walk_lowg_v2_pain_chest_f
xanim,#ai_zombie_base_dth_f_head_hvy_02
xanim,#ai_zombie_base_dth_f_head_hvy_03
xanim,#ai_zombie_base_dth_f_head_hvy_01
xanim,#vm_zom_raygun_mk2_walk_f
xanim,#ai_zombie_base_walk_ad_v5_pain_chest_f_alt
xanim,#pt_grenade_stand_prime
xanim,#ai_zombie_base_sprint_turn_90_r_v2
xanim,#hash_1a31945113c55832
xanim,#ai_t8_zm_zombie_base_run_jump_up_catwlk_160
xanim,#ai_t8_zombie_base_sprint_au_v22_pain_chest_f_alt
xanim,#ai_t8_zm_zombie_base_run_jump_up_catwlk_128
xanim,#hash_1a6ecd6c0f34545f
xanim,#hash_1a6ee36c0f3479c1
xanim,#pt_rifle_stand_melee_gunbutt_swipe
xanim,#ai_t8_zm_zombie_boardtear_aligned_r_3_pull
xanim,#pt_pistol_stand_melee_gunbutt_strike
xanim,#ai_t8_zombie_base_sprint_ad_win_trav_l_v1
xanim,#vm_zom_raygun_mk2_sprint_putaway
xanim,#vm_raygun_crawl_f
xanim,#vm_raygun_crawl_b
xanim,#vm_raygun_crawl_l
xanim,#vm_raygun_crawl_r
xanim,#ai_zombie_base_walk_ad_sidestep_right_long_b
xanim,#ai_zombie_base_walk_ad_sidestep_right_long_a
xanim,#ai_base_rifle_staircase_run_up_8x16_loop
xanim,#ai_base_rifle_stn_exposed_dth_f_chest_lt_1
xanim,#pt_brawler_stand_inspect
xanim,#ai_t8_zm_zombie_dog_pro_trv_mantle_up_36_dn_240
xanim,#ai_zombie_base_run_jump_down_128
xanim,#ai_t8_zombie_base_win_attack_arm_l_out
xanim,#vm_ww_freezegun_gunbutt_swipe
xanim,#ai_t8_zm_zombie_base_crawl_boardtear_aligned_r_2_pull
xanim,#vm_zom_talon_spikes_dw_plant
xanim,#vm_sticky_grenade_throw_bare_hands
xanim,#ai_civ_stn_exposed_panic_exit_9
xanim,#ai_civ_stn_exposed_panic_exit_8
xanim,#ai_civ_stn_exposed_panic_exit_7
xanim,#ai_civ_stn_exposed_panic_exit_6
xanim,#ai_civ_stn_exposed_panic_exit_4
xanim,#ai_civ_stn_exposed_panic_exit_3
xanim,#ai_civ_stn_exposed_panic_exit_2
xanim,#ai_civ_stn_exposed_panic_exit_1
xanim,#ai_zombie_base_dth_r_torso_lt
xanim,#ai_zombie_base_run_ad_v4_pain_chest_f
xanim,#ai_t8_zombie_base_sprint_au_v1_pain_chest_f
xanim,#hash_1c50ba59da59576a
xanim,#p8_zm_esc_turbine_generator_01_starting
xanim,#ai_t8_zombie_base_crawl_run_win_trav_l_v1
xanim,#vm_snowball_loop_bare_hands
xanim,#vm_slow_grenade_sig_bow_cancel_additive
xanim,#vm_t8_PRONE_TO_CROUCH_bare_hands
xanim,#vm_zom_talon_spikes_dw_sprint_loop
xanim,#hash_1ca22c90f3bb528a
xanim,#o_t8_zm_zombie_board_5_repair
xanim,#vm_zom_nesting_doll_ads_up
xanim,#hash_1cf43a4a2e12a92d
xanim,#vm_brawler_t8_sprint_loop
xanim,#ai_t8_zm_zombie_base_crawl_boardtear_aligned_r_4_pull
xanim,#pt_pistol_crouch_raise
xanim,#hash_1d3de1aa4d9770a4
xanim,#vm_bare_hands_t8_swim_tw_sprint_loop
xanim,#ai_zombie_base_walk_turn_180_r_v3
xanim,#vm_katana_melee_out
xanim,#ai_t8_zm_zombie_boardtear_aligned_l_3_hold
xanim,#vm_ww_freezegun_crawl_in
xanim,#ai_t8_zombie_base_crawl_run_win_trav_r_v1
xanim,#vm_t8_swim_in
xanim,#ai_zombie_base_walk_ad_sidestep_right_short
xanim,#ai_zombie_base_mantle_over_128
xanim,#ai_t8_zm_base_zombie_dynamite_death
xanim,#ai_t8_zm_zombie_base_run_jump_down_72
xanim,#ai_t8_zm_zombie_base_run_jump_down_48
xanim,#ai_zombie_base_walk_ad_sidestep_left_short
xanim,#ai_zombie_base_dth_r_chest_hvy_03
xanim,#ai_zombie_base_dth_r_chest_hvy_02
xanim,#ai_zombie_base_dth_r_chest_hvy_01
xanim,#ai_t8_zm_zombie_base_run_jump_down_36
xanim,#vm_t8_swim_idle_static_additive
xanim,#ai_t8_zm_zombie_base_run_jump_down_96
xanim,#ai_zombie_base_walk_au_v13
xanim,#ai_zombie_base_walk_au_v12
xanim,#ai_zombie_base_walk_au_v11
xanim,#ai_zombie_base_walk_au_v10
xanim,#ai_zombie_base_walk_au_v15
xanim,#ai_zombie_base_walk_au_v23
xanim,#ai_zombie_base_walk_au_v20
xanim,#ai_zombie_base_walk_au_v21
xanim,#ai_zombie_base_dog_trot_turn_180_right
xanim,#hash_1e5206173a7af18d
xanim,#ai_t8_zm_zombie_boardtear_aligned_l_3_grab
xanim,#ai_zombie_base_run_jump_up_96
xanim,#p8_fxanim_zm_perk_vending_brew_use_anim
xanim,#ai_zombie_base_run_jump_up_48
xanim,#vm_snowball_pullpin_bare_hands
xanim,#ai_zombie_base_run_jump_up_72
xanim,#vm_zom_raygun_mk2_hand_pose_r
xanim,#vm_zom_raygun_mk2_hand_pose_l
xanim,#vm_zom_talon_spikes_dw_sprint_in
xanim,#ai_zombie_base_run_jump_up_36
xanim,#vm_minigun_sprint_pullout
xanim,#vm_zom_talon_spikes_dw_first_raise
xanim,#zm_orange_debris_ship_02_purchase
xanim,#vm_katana_swim_uw_pullout
xanim,#vm_zipline_in
xanim,#p8_fxanim_zm_perk_vending_tonic_disable_anim
xanim,#ai_base_rifle_trv_wallrun_r_256
xanim,#ai_zm_dlc1_zombie_jump_up_36_down_244
xanim,#hash_1f21805bdc05762e
xanim,#vm_zom_talon_spikes_dw_ads_base_down
xanim,#hash_1f3ffb5bdc1f44be
xanim,#vm_smg_thompson_fire_ads
xanim,#vm_brawler_t8_idle
xanim,#vm_zom_music_box_ads_down
xanim,#ai_t8_zombie_base_sprint_au_v2_pain_chest_f_alt
xanim,#vm_raygun_pullout
xanim,#ai_t8_zm_zombie_base_crawl_boardtear_aligned_m_6_grab
xanim,#ai_zombie_base_walk_au_v2_pain_chest_f_alt
xanim,#ai_t8_zm_zombie_base_crawl_boardtear_aligned_l_6_pull
xanim,#ai_zm_dlc1_zombie_run_lowg_v4_pain_chest_f_alt
xanim,#hash_1fca781bef77f9de
xanim,#vm_zom_talon_spikes_dw_jump_land
xanim,#ai_zombie_base_run_ad_v12_pain_chest_f_alt
xanim,#ai_t8_zm_zombie_base_trv_entry_mantle_272
xanim,#ai_zombie_base_walk_au_v12_pain_chest_f_alt
xanim,#vm_riotshield_zm_putaway
xanim,#ai_zombie_base_run_au_v20_pain_chest_f_alt
xanim,#hash_205539e3f3738db3
xanim,#ai_base_rifle_staircase_run_down_8x16_l_exit_2_stairs
xanim,#vm_t8_swim_brawler_f_additive
xanim,#hash_207a6b95544a27aa
xanim,#vm_zom_talon_spikes_dw_sprint_out
xanim,#pt_brawler_crouch_firstraise
xanim,#ai_zombie_smash_react_f_upontoback
xanim,#vm_purifier_t8_swim_uw_pullout
xanim,#ai_zombie_base_dog_run_turn_90_left
xanim,#ai_t8_zm_zombie_base_crawl_boardtear_aligned_l_3_grab
xanim,#ai_zombie_base_sprint_au_sidestep_right_long_b
xanim,#ai_zombie_base_sprint_au_sidestep_right_long_a
xanim,#vm_brawler_t8_first_raise
xanim,#vm_zom_thundergun_reload_empty
xanim,#p8_fxanim_zm_white_trap_switch_box_idle
xanim,#vm_smg_thompson_sprint_in
xanim,#vm_zom_raygun_mk2_ads_base_down
xanim,#vm_smg_thompson_sprint_out
xanim,#ai_zm_dlc1_zombie_walk_lowg_v4_pain_chest_f
xanim,#hash_2149515f67e5cc91
xanim,#vm_purifier_t8_first_raise
xanim,#ai_t8_zombie_base_win_attack_arm_r_out
xanim,#hash_21882602e725edfb
xanim,#vm_zom_talon_spikes_dw_swipe
xanim,#ai_t8_zm_zombie_base_sprint_mantle_over_36
xanim,#ai_base_rifle_staircase_run_up_8x8_r_exit_3_stairs
xanim,#vm_katana_dash_in
xanim,#ai_zm_dlc1_zombie_crawl_jump_up_180_down_36
xanim,#ai_zombie_base_sprint_ad_sidestep_right_short
xanim,#vm_katana_melee_miss
xanim,#p8_fxanim_zm_perk_vending_brew_on_anim
xanim,#vm_battle_shield_putaway
xanim,#hash_220af3201914cecf
xanim,#p8_fxanim_zm_orange_vault_door_open
xanim,#ai_t8_zm_zombie_boardtear_aligned_r_4_pull
xanim,#hash_22220d0af917108d
xanim,#ai_zm_dlc1_zombie_sprint_lowg_v2_pain_chest_f_alt
xanim,#ai_t8_zm_zombie_boardtear_aligned_m_5_pull
xanim,#hash_22518cb90c6ef434
xanim,#hash_2260f7454ea0561f
xanim,#o_t8_zm_zombie_board_6_pull
xanim,#ai_zombie_base_dog_run_start
xanim,#vm_battle_turret_putaway_alt
xanim,#vm_zom_raygun_mk2_first_raise
xanim,#vm_zom_tesla_sniper_hand_pose_l
xanim,#vm_zom_tesla_sniper_hand_pose_r
xanim,#hash_231c51987f2797a9
xanim,#ai_base_rifle_staircase_run_up_8x12_r_exit_4_stairs
xanim,#hash_233fd42a1a4e3f73
xanim,#ai_zombie_base_jump_up_128
xanim,#ai_zombie_base_jump_up_160
xanim,#ai_t8_zombie_base_crawl_win_trav_m_v1
xanim,#ai_t8_zombie_base_crawl_win_trav_m_v2
xanim,#ai_t8_zm_zombie_boardtear_aligned_m_6_grab
xanim,#ai_base_rifle_staircase_run_up_8x16_l_exit_3_stairs
xanim,#vm_smg_thompson_crawl_f
xanim,#vm_smg_thompson_crawl_b
xanim,#vm_smg_thompson_crawl_l
xanim,#vm_smg_thompson_crawl_r
xanim,#vm_svg100_fire_ads_hybrid
xanim,#pt_rifle_crouch_melee_gunbutt
xanim,#ai_zombie_base_dog_death_hit_back
xanim,#ai_t8_zm_zombie_base_run_jump_down_128
xanim,#vm_zom_tesla_sniper_idle
xanim,#vm_zom_thundergun_crawl_out
xanim,#ai_direwolf_base_idle_howl
xanim,#ai_t8_zm_mnsn_direwolf_pro_trv_jump_up_32
xanim,#ai_t8_zm_mnsn_direwolf_pro_trv_jump_up_64
xanim,#ai_t8_zm_zombie_base_crawl_boardtear_aligned_m_2_hold
xanim,#ai_t8_zm_zombie_base_crawl_jump_down_128
xanim,#ai_t8_zm_zombie_base_crawl_jump_down_160
xanim,#vm_brawler_t8_fall
xanim,#vm_pistol_webley_reload
xanim,#ai_t8_zm_zombie_base_crawl_boardtear_aligned_l_5_hold
xanim,#vm_katana_jump_land
xanim,#vm_svg100_ads_hybrid_upper_up
xanim,#pt_brawler_stand_raise
xanim,#vm_minigun_throw
xanim,#vm_katana_hand_pose_l
xanim,#vm_katana_hand_pose_r
xanim,#ai_t8_zm_zombie_base_crawl_boardtear_aligned_r_1_grab
xanim,#ai_t8_zombie_base_sprint_au_v20_pain_chest_f_alt
xanim,#ai_civ_crc_cover_dth_f_chest_hvy_2
xanim,#pt_grenade_swim_prime
xanim,#pt_tesla_sniper_t8_prone_reload_empty
xanim,#ai_base_rifle_trv_jump_down_72_qtplaza
xanim,#p8_fxanim_zm_office_wormhole_anim
xanim,#hash_26aa7e9933534c3e
xanim,#vm_brawler_t8_pullout
xanim,#vm_snowball_loop_bare_hands_additive
xanim,#ai_base_rifle_trv_jump_down_32
xanim,#vm_t8_base_slide
xanim,#vm_zom_thundergun_putaway_quick
xanim,#ai_zombie_base_run_turn_180_r_v2
xanim,#hash_270f1acadbbae9d0
xanim,#ai_t8_zm_mob_brutus_tesla_loop
xanim,#vm_minigun_fall
xanim,#p8_fxanim_zm_office_magic_box_leave_anim
xanim,#vm_frag_pullpin
xanim,#p8_fxanim_zm_office_magic_box_arrive_anim
xanim,#ai_zombie_smash_react_b_faceplant
xanim,#pt_rifle_prone_putaway
xanim,#vm_pistol_webley_inspect
xanim,#vm_brawler_t8_jump_land
xanim,#ai_t8_zm_zod_catalyst_corrosive_death_01_scale
xanim,#ai_zombie_base_dth_l_chest_lt_02
xanim,#ai_zombie_base_dth_l_chest_lt_03
xanim,#vm_zipline_out_additive
xanim,#ai_t8_zm_zombie_base_crawl_trv_mantle_window_50
xanim,#ai_t8_zm_zombie_base_crawl_trv_mantle_window_34
xanim,#ai_t8_zombie_base_walk_pain_10
xanim,#ai_t8_zombie_base_walk_pain_11
xanim,#ai_t8_zombie_base_walk_pain_12
xanim,#ai_t8_zombie_base_walk_pain_13
xanim,#ai_t8_zombie_base_walk_pain_14
xanim,#ai_t8_zm_zombie_boardtear_aligned_r_5_pull
xanim,#ai_t8_zombie_base_walk_pain_03
xanim,#ai_t8_zombie_base_walk_pain_02
xanim,#ai_t8_zombie_base_walk_pain_01
xanim,#ai_t8_zombie_base_walk_pain_07
xanim,#ai_t8_zombie_base_walk_pain_06
xanim,#ai_t8_zombie_base_walk_pain_05
xanim,#ai_t8_zombie_base_walk_pain_04
xanim,#ai_t8_zombie_base_walk_pain_09
xanim,#ai_t8_zombie_base_walk_pain_08
xanim,#vm_battle_shield_putaway_quick
xanim,#ai_t8_zm_zombie_base_crawl_boardtear_aligned_m_5_hold
xanim,#vm_zom_talon_spikes_dw_crawl_in
xanim,#ai_zombie_base_walk_au_pain_legs_v1
xanim,#o_t8_zm_zombie_board_2_repair
xanim,#vm_t8_swim_brawler_b_additive
xanim,#o_monkey_bomb
xanim,#ai_t8_zombie_base_walk_ad_win_trav_m_v1
xanim,#ai_t8_zombie_base_walk_ad_win_trav_m_v3
xanim,#ai_t8_zombie_base_walk_ad_win_trav_m_v2
xanim,#ai_zombie_dr_crawl_jump_up_2_climb
xanim,#ai_t8_zm_zombie_base_crawl_mantle_up_80_dn_36
xanim,#vm_zom_monkey_bomb_idle
xanim,#ai_base_rifle_staircase_run_up_8x16_r_exit_3_stairs
xanim,#hash_2985396b78831d11
xanim,#pt_brawler_crouch_inspect
xanim,#ai_base_rifle_trv_ladder_down_112
xanim,#hash_29c2cb796271ab2c
xanim,#vm_pistol_webley_gunbutt_swipe
xanim,#hash_29db872460650d4e
xanim,#ai_t8_zm_zombie_base_trv_zipline_lighthouse
xanim,#vm_slow_grenade_sig_bow_loop
xanim,#ai_t8_zm_zombie_boardtear_aligned_r_4_hold
xanim,#ai_t8_zm_zombie_boardtear_aligned_m_4_pull
xanim,#vm_ww_freezegun_reload_empty
xanim,#ai_zombie_base_run_ad_v8_pain_chest_f_alt
xanim,#vm_raygun_sprint_in
xanim,#ai_zombie_base_run_au_sidestep_left_long_c
xanim,#ai_zombie_base_run_au_sidestep_left_long_b
xanim,#ai_zombie_base_run_au_sidestep_left_long_a
xanim,#hash_2a5de3ab8214f3d0
xanim,#vm_minigun_hand_pose_r
xanim,#vm_minigun_hand_pose_l
xanim,#ai_t8_zombie_base_sprint_ad_v5_pain_chest_f_alt
xanim,#ai_t8_zm_zombie_base_crawl_boardtear_aligned_l_6_grab
xanim,#vm_shotgun_pump_idle
xanim,#vm_pistol_webley_crawl_in
xanim,#ai_zombie_base_dog_death_front
xanim,#ai_zombie_base_jump_down_160
xanim,#hash_2ad42246abf71b59
xanim,#ai_zombie_base_jump_down_128
xanim,#ai_t8_zm_zombie_base_walk_jump_down_96
xanim,#ai_t8_zm_zombie_base_walk_jump_down_72
xanim,#ai_t8_zm_zombie_base_walk_jump_down_48
xanim,#ai_t8_zm_zombie_base_walk_jump_down_36
xanim,#ai_zombie_base_dth_f_l_arm_lt_00
xanim,#ai_zombie_base_dth_f_l_arm_lt_01
xanim,#pt_pistol_stand_putaway
xanim,#hash_2b23e83c19b96f64
xanim,#vm_sticky_grenade_cancel_bare_hands
xanim,#zm_orange_debris_ship_02_idle
xanim,#pt_pistol_raygun_prone_reload
xanim,#ai_zombie_base_walk_au_pain_torso_v1
xanim,#vm_zom_talon_spikes_dw_putaway
xanim,#ai_base_rifle_pro_trv_jump_across_128
xanim,#ai_zombie_base_fast_sprint_01_pain_chest_f_alt
xanim,#vm_minigun_sprint_putaway
xanim,#vm_battle_turret_hand_pose_l
xanim,#vm_battle_turret_hand_pose_r
xanim,#pt_katana_stand_melee
xanim,#ai_t8_zm_mnsn_direwolf_pro_trv_mantle_128
xanim,#hash_2c3ca0d00562d462
xanim,#ai_zombie_base_run_ad_v22_pain_chest_f_alt
xanim,#vm_CROUCH_TO_PRONE_bare_hands
xanim,#ai_base_rifle_stn_exposed_death_explosive_f_1
xanim,#ai_zombie_base_run_ad_v14_pain_chest_f
xanim,#ai_journ_stn_exposed_idle_2_crc_cover_00
xanim,#hash_2c9ee608be50ce5a
xanim,#ai_base_rifle_trv_jump_up_32
xanim,#vm_brawler_t8_sprint_pullout
xanim,#vm_zom_bowie_knife_melee_swipe
xanim,#vm_zom_tesla_sniper_first_raise
xanim,#ai_zombie_base_sprint_turn_135_l_v2
xanim,#ai_zombie_base_walk_au_sidestep_left_short
xanim,#pt_pistol_crouch_melee_gunbutt_strike
xanim,#ai_zm_dlc1_zombie_sprint_lowg_v1_pain_chest_f
xanim,#ai_zombie_base_walk_au_v1
xanim,#ai_zombie_base_walk_au_v2
xanim,#ai_zombie_base_walk_au_v3
xanim,#ai_zombie_base_walk_au_v4
xanim,#ai_zombie_base_walk_au_v5
xanim,#ai_zombie_base_walk_au_v6
xanim,#ai_zombie_base_walk_au_v7
xanim,#ai_zombie_base_walk_au_v8
xanim,#vm_pistol_webley_jump_land
xanim,#ai_zm_dlc1_zombie_sprint_lowg_v1
xanim,#ai_zm_dlc1_zombie_sprint_lowg_v3
xanim,#ai_zm_dlc1_zombie_sprint_lowg_v2
xanim,#ai_zm_dlc1_zombie_sprint_lowg_v4
xanim,#hash_2d3808882fce94d3
xanim,#ai_zombie_base_walk_au_v2_pain_chest_f
xanim,#ai_t8_zm_zombie_base_crawl_jump_down_256
xanim,#vm_battle_turret_putaway
xanim,#hash_2dfb9d8471a64963
xanim,#ai_zombie_base_fast_sprint_01_pain_chest_f
xanim,#ai_zombie_base_sprint_turn_45_r_v2
xanim,#ai_t8_zm_zombie_dog_pro_trv_mantle_up_240_dn_36
xanim,#hash_2e43d49b13f6077d
xanim,#ai_zombie_base_run_turn_45_r_v2
xanim,#ai_base_rifle_trv_wallrun_l_256
xanim,#vm_katana_sprint_loop
xanim,#vm_riotshield_zm_sprint_loop
xanim,#ai_zombie_base_dog_trot
xanim,#ai_zombie_base_sprint_au_sidestep_left_long_b
xanim,#ai_zombie_base_sprint_au_sidestep_left_long_a
xanim,#ai_t8_zombie_base_crawl_sprint_win_trav_l_v1
xanim,#vm_raygun_first_raise
xanim,#o_t8_zm_zombie_board_3_pull
xanim,#pt_pistol_swim_reload
xanim,#p8_fxanim_zm_perk_vending_soda_off_anim
xanim,#vm_zom_tesla_sniper_crawl_in
xanim,#hash_2f55d26d2a0ec46e
xanim,#hash_2f7e1ecd0009a704
xanim,#hash_2f981bd40bf18727
xanim,#ai_t8_zm_zombie_boardtear_aligned_r_2_grab
xanim,#ai_zombie_base_run_ad_v7_pain_chest_f_alt
xanim,#ai_zombie_base_run_ad_sidestep_left_long_a
xanim,#ai_zombie_base_run_ad_sidestep_left_long_b
xanim,#hash_302473fd2a33a037
xanim,#vm_smg_thompson_pullout_quick
xanim,#ai_t8_zm_zombie_boardtear_aligned_l_5_grab
xanim,#ai_zombie_smash_react_b_forwardtoface
xanim,#vm_t8_swim_in_dw
xanim,#ai_zombie_base_run_au_v20_pain_chest_f
xanim,#ai_zombie_base_run_ad_v1_pain_chest_f_alt
xanim,#ai_t8_zm_zombie_boardtear_aligned_r_4_grab
xanim,#ai_zombie_base_walk_ad_v19_pain_chest_f_alt
xanim,#vm_t8_mantle_over_buckler
xanim,#vm_minigun_pullout
xanim,#ai_t8_zm_zombie_base_crawl_boardtear_aligned_m_3_hold
xanim,#hash_3126873efcc0576c
xanim,#vm_zom_raygun_mk2_sprint_in
xanim,#hash_313570687b47113f
xanim,#vm_purifier_t8_crawl_in
xanim,#vm_slow_grenade_sig_bow_loop_additive
xanim,#vm_brawler_t8_taunt
xanim,#ai_t8_zm_zombie_base_crawl_jump_up_96
xanim,#ai_t8_zm_zombie_base_crawl_jump_up_36
xanim,#vm_smg_thompson_putaway_quick
xanim,#ai_t8_zm_zombie_base_crawl_jump_up_72
xanim,#void
xanim,#ai_t8_zm_zombie_base_crawl_jump_up_48
xanim,#vm_purifier_t8_ads_base_down
xanim,#pb_pistol_prone_gunbutt_melee
xanim,#ai_t8_zombie_base_run_pain_move_r_02
xanim,#ai_t8_zombie_base_run_pain_move_r_03
xanim,#ai_t8_zombie_base_run_pain_move_r_01
xanim,#ai_t8_zombie_base_run_pain_move_r_06
xanim,#ai_t8_zombie_base_run_pain_move_r_04
xanim,#ai_t8_zombie_base_run_pain_move_r_05
xanim,#pt_katana_stand_putaway
xanim,#ai_zombie_base_dth_r_chest_lt_00
xanim,#ai_zombie_base_dth_r_chest_lt_01
xanim,#ai_zombie_base_dth_r_chest_lt_03
xanim,#pt_battle_turret_male_stand_first_raise
xanim,#ai_zm_dlc1_zombie_run_lowg_v4_pain_chest_f
xanim,#vm_smg_thompson_reload_empty
xanim,#ai_zombie_cp_crawl_jump_up_128_down_32
xanim,#ai_direwolf_base_idle
xanim,#vm_smg_thompson_sprint_drop
xanim,#vm_brawler_t8_putaway
xanim,#ai_t8_zm_zombie_base_trv_mantle_window_34
xanim,#vm_dg2_fall
xanim,#ai_t8_zm_zombie_base_trv_mantle_window_50
xanim,#ai_zombie_smash_react_f_doublebounce
xanim,#vm_purifier_t8_pullout
xanim,#vm_prone_to_crouch_additive
xanim,#ai_base_rifle_staircase_run_up_8x16_l_exit_4_stairs
xanim,#ai_direwolf_base_dth_f
xanim,#ai_direwolf_base_dth_b
xanim,#ai_direwolf_base_dth_l
xanim,#ai_direwolf_base_dth_r
xanim,#ai_zombie_base_dth_f_chest_hvy_02
xanim,#ai_zombie_base_dth_f_chest_hvy_01
xanim,#ai_zombie_base_dth_f_chest_hvy_00
xanim,#ai_zombie_base_walk_au_v7_pain_chest_f_alt
xanim,#ai_t8_zm_zombie_dog_pro_trv_mantle_up_36_dn_80
xanim,#vm_dg2_jump
xanim,#hash_33b371ef9d19db54
xanim,#ai_zombie_smash_react_getup_a
xanim,#ai_zombie_smash_react_getup_b
xanim,#ai_zombie_smash_react_getup_c
xanim,#hash_33df6f76bb38a5cc
xanim,#ai_t8_zm_zombie_boardtear_aligned_m_2_grab
xanim,#ai_zombie_base_crawl_jump_across_128
xanim,#ai_zombie_base_walk_ad_v21_pain_chest_f_alt
xanim,#ai_base_rifle_stn_exposed_dth_b_chest_lt_1
xanim,#pt_rifle_crouch_shoot
xanim,#ai_base_rifle_stn_exposed_dth_balcony_fallfwd_c
xanim,#ai_base_rifle_stn_exposed_dth_balcony_fallfwd_b
xanim,#ai_base_rifle_stn_exposed_dth_balcony_fallfwd_a
xanim,#ai_base_rifle_stn_exposed_dth_balcony_fallfwd_d
xanim,#vm_minigun_putaway
xanim,#ai_base_rifle_staircase_run_up_8x16_r_exit_4_stairs
xanim,#ai_base_rifle_stn_assassination_death_right
xanim,#vm_zom_raygun_mk2_jump
xanim,#ai_zombie_base_walk_au_sidestep_right_short
xanim,#vm_minigun_t7_reload_empty
xanim,#vm_dg2_sprint_in
xanim,#ai_t8_zombie_base_sprint_ad_v24_pain_chest_f_alt
xanim,#vm_riotshield_zm_sprint_out
xanim,#vm_purifier_t8_sprint_pullout
xanim,#ai_base_rifle_stn_assassination_death_back_v1
xanim,#vm_t8_swim_brawler_r_additive
xanim,#ai_zombie_base_run_ad_v12_pain_chest_f
xanim,#vm_zom_tesla_sniper_sprint_pullout
xanim,#vm_zom_raygun_mk2_jump_fall
xanim,#zm_orange_debris_ship_01_idle
xanim,#ai_zombie_base_dth_f_r_arm_hvy_00
xanim,#vm_snowball_throw_bare_hands_additive
xanim,#hash_36101c4b355a9760
xanim,#ai_zombie_base_walk_au_v10_pain_chest_f_alt
xanim,#vm_sticky_grenade_throw
xanim,#ai_t8_zm_zombie_dog_pro_trv_mantle_72
xanim,#ai_t8_zm_zombie_dog_pro_trv_mantle_36
xanim,#hash_36cadb1b2afd2c93
xanim,#ai_zombie_base_sprint_turn_90_l_v2
xanim,#vm_zom_monkey_bomb_throw
xanim,#vm_katana_jump
xanim,#vm_raygun_swim_uw_putaway
xanim,#vm_zom_talon_spikes_dw_sprint_putaway
xanim,#ai_base_rifle_trv_wallrun_l_128
xanim,#vm_pistol_webley_fire
xanim,#hash_3738e9a3f47b75b3
xanim,#hash_3744bb4de608673f
xanim,#vm_battle_turret_ads_base_up
xanim,#ai_zombie_dr_jump_down_72
xanim,#vm_t8_mantle_over_bare_hands
xanim,#ai_zombie_dr_jump_down_96
xanim,#vm_pistol_webley_sprint_putaway
xanim,#o_zombie_base_packapunch_working_loop
xanim,#vm_t8_swim_r_dw
xanim,#o_t8_zm_zombie_board_2_pull
xanim,#ai_zombie_base_run_au_v9_pain_chest_f_alt
xanim,#hash_37f56e36ed9a30f1
xanim,#hash_37ff863c79454d6e
xanim,#vm_zom_tesla_sniper_sprint_out
xanim,#ai_t8_zm_zombie_boardtear_aligned_l_1_pull
xanim,#ai_t8_zombie_base_crawl_win_trav_r_v1
xanim,#ai_t8_zm_zombie_boardtear_aligned_r_1_hold
xanim,#hash_38575747507b2120
xanim,#ai_zombie_base_dog_run_turn_180_left
xanim,#vm_zom_music_box_ads_up
xanim,#vm_zom_tesla_sniper_reload
xanim,#zm_orange_debris_land_02_purchase
xanim,#ai_t8_zombie_base_sprint_ad_v22_pain_chest_f_alt
xanim,#ai_zombie_base_dth_f_r_arm_lt_00
xanim,#vm_ww_freezegun_fire
xanim,#vm_raygun_putaway
xanim,#vm_zom_purifier_t8_blast
xanim,#ai_zm_dlc1_zombie_run_lowg_v4
xanim,#ai_zm_dlc1_zombie_run_lowg_v2
xanim,#ai_zm_dlc1_zombie_run_lowg_v3
xanim,#ai_zm_dlc1_zombie_run_lowg_v1
xanim,#ai_base_rifle_stn_run_dth_r_arms_hvy_1
xanim,#ai_t8_zm_zombie_boardtear_aligned_l_2_pull
xanim,#pt_crouch_shoot_pistol
xanim,#ai_zombie_base_walk_turn_90_l_v2
xanim,#ai_zombie_base_death_v2
xanim,#ai_zombie_base_death_v3
xanim,#ai_zombie_base_death_v1
xanim,#hash_3967cb3058f79930
xanim,#hash_3994b799cdd6958a
xanim,#ai_zombie_base_walk_ad_v5_pain_chest_f
xanim,#ai_zombie_base_walk_ad_v23_pain_chest_f_alt
xanim,#vm_t8_swim_in_additive
xanim,#vm_zom_nesting_doll_ads_down
xanim,#pt_rifle_crouch_raise
xanim,#vm_zom_music_box_pullpin
xanim,#ai_zombie_base_run_au_v4_pain_chest_f_alt
xanim,#ai_zombie_tesla_crawl_death_a
xanim,#ai_zombie_tesla_crawl_death_b
xanim,#ai_base_rifle_stn_exposed_dth_l_chest_lt_1
xanim,#ai_t8_zm_zombie_base_crawl_mantle_over_128
xanim,#ai_zm_dlc1_zombie_walk_lowg_v1_pain_chest_f_alt
xanim,#ai_zombie_base_walk_au_v20_pain_chest_f_alt
xanim,#vm_zom_thundergun_idle
xanim,#vm_purifier_t8_crawl_l
xanim,#vm_purifier_t8_crawl_f
xanim,#vm_purifier_t8_crawl_b
xanim,#vm_purifier_t8_crawl_r
xanim,#ai_t8_zm_mob_brutus_tesla_in
xanim,#ai_zombie_base_run_au_v24_pain_chest_f_alt
xanim,#vm_raygun_walk_f
xanim,#vm_purifier_t8_walk_f
xanim,#ai_zombie_base_sprint_ad_sidestep_left_short
xanim,#pt_one_handed_gun_male_prone_fire
xanim,#vm_minigun_jump_land
xanim,#hash_3ba45d14b150f28d
xanim,#vm_zom_nesting_doll_pullpin
xanim,#vm_pistol_webley_first_raise
xanim,#ai_t8_zombie_base_sprint_ad_win_trav_r_v1
xanim,#o_zombie_magic_box_weapon_rise
xanim,#ai_t8_zm_zombie_base_crawl_boardtear_aligned_m_3_pull
xanim,#ai_zm_dlc1_zombie_crawl_jump_up_244_down_36
xanim,#hash_3c14140d05d263c6
xanim,#pt_pistol_prone_raise
xanim,#ai_t8_zm_zombie_base_crawl_boardtear_aligned_m_5_grab
xanim,#ai_base_rifle_trv_jump_down_96_skybridge
xanim,#vm_riotshield_zm_idle
xanim,#ai_base_rifle_staircase_run_up_8x8_loop
xanim,#vm_t8_swim_brawler_in
xanim,#vm_tactical_throw_quick
xanim,#ai_t8_zombie_base_cust_trv_jump_down_zm_mnsn_main_hall
xanim,#zm_orange_debris_land_01_purchase
xanim,#ai_zombie_base_crawl_death_v2
xanim,#ai_zombie_base_crawl_death_v1
xanim,#pt_brawler_stand_firstraise
xanim,#ai_zombie_dr_crawl_jump_down_190
xanim,#ai_zombie_dr_crawl_jump_down_184
xanim,#vm_battle_turret_walk_f
xanim,#ai_civ_stn_exposed_aggr_idle_00
xanim,#ai_zombie_dr_crawl_jump_down_127
xanim,#ai_base_rifle_staircase_run_up_8x8_r_exit_4_stairs
xanim,#ai_zombie_base_dth_b_chest_hvy_02
xanim,#ai_zombie_base_dth_b_chest_hvy_00
xanim,#ai_t8_zombie_base_sprint_ad_v23
xanim,#ai_t8_zombie_base_sprint_ad_v22
xanim,#ai_t8_zombie_base_sprint_ad_v21
xanim,#ai_t8_zombie_base_sprint_ad_v24
xanim,#ai_combat_basic_trv_climb_up_128
xanim,#ai_combat_basic_trv_climb_up_160
xanim,#vm_battle_turret_idle
xanim,#hash_3d4f085aadb95b52
xanim,#vm_crouch_to_prone
xanim,#ai_zombie_base_dog_death_hit_right
xanim,#vm_frag_idle
xanim,#ai_base_rifle_stn_exposed_grenade_throw_01
xanim,#ai_civ_stn_exposed_walk_turn_l_135
xanim,#ai_civ_stn_exposed_walk_turn_l_180
xanim,#vm_smg_thompson_jump_land
xanim,#vm_ww_freezegun_hand_pose_r
xanim,#vm_ww_freezegun_hand_pose_l
xanim,#hash_3e411549fc283e94
xanim,#ai_base_rifle_stn_exposed_dth_r_chest_hvy_1
xanim,#vm_slow_grenade_sig_bow_cancel
xanim,#p8_fxanim_zm_perk_vending_soda_use3_anim
xanim,#vm_smg_thompson_sprint_raise
xanim,#hash_3e96651895e5b82d
xanim,#ai_zombie_base_run_dth_f_torso_hvy
xanim,#ai_t8_zm_zod_catalyst_corrosive_death_02_scale
xanim,#vm_zom_thundergun_sprint_pullout
xanim,#vm_purifier_t8_jump
xanim,#vm_raygun_ads_base_up
xanim,#vm_zom_thundergun_fire_ads
xanim,#ai_zombie_base_run_au_v22_pain_chest_f
xanim,#pt_grenade_prone_prime
xanim,#ai_base_rifle_stn_run_dth_r_arms_lt_1
xanim,#ai_t8_zm_zombie_base_run_mantle_up_80_dn_36
xanim,#pt_war_machine_stand_fire
xanim,#ai_zm_dlc1_zombie_run_lowg_v3_pain_chest_f_alt
xanim,#pt_pistol_stand_firstraise
xanim,#ai_direwolf_base_run_start
xanim,#pt_battle_shield_male_stand_first_raise
xanim,#ai_t8_zm_zombie_base_crawl_trv_jump_up_128_thru_sm_hole
xanim,#vm_zom_raygun_mk2_putaway
xanim,#hash_3f98a5c7d9930100
xanim,#pb_thundergun_t8_stand_reload
xanim,#hash_3fe911ae24408e44
xanim,#ai_t8_zm_zombie_boardtear_aligned_r_1_pull
xanim,#vm_purifier_t8_fall
xanim,#vm_pistol_webley_walk_f
xanim,#ai_zombie_base_dog_idle
xanim,#ai_zombie_music_box_rise
xanim,#ai_civ_stn_exposed_run_turn_l_90
xanim,#vm_zom_wraith_fire_throw_rh_additive
xanim,#vm_sticky_grenade_loop_bare_hands
xanim,#ai_civ_stn_exposed_panic_run_00
xanim,#ai_civ_stn_exposed_panic_run_01
xanim,#ai_civ_stn_exposed_panic_run_02
xanim,#ai_civ_stn_exposed_panic_run_03
xanim,#vm_pistol_webley_crawl_out
xanim,#vm_tempest_t8_swim_uw_putaway
xanim,#hash_40c5c04d30f7e3f1
xanim,#vm_frag_grenade_rh_loop
xanim,#ai_t8_zm_zombie_base_crawl_boardtear_aligned_m_3_grab
xanim,#ai_zm_dlc1_zombie_walk_lowg_v1_pain_chest_f
xanim,#vm_smg_thompson_fall
xanim,#ai_zombie_base_walk_au_v5_pain_chest_f_alt
xanim,#hash_41892f6eb986bc22
xanim,#ai_zombie_base_dog_run_turn_90_right
xanim,#ai_zm_dlc1_zombie_walk_lowg_v3_pain_chest_f_alt
xanim,#ai_t8_zm_mnsn_direwolf_trv_run_jump_40
xanim,#vm_frag_throw
xanim,#ai_zombie_base_walk_turn_135_l_v3
xanim,#hash_41c1e2d2f0e4a7ef
xanim,#ai_t8_zm_zombie_base_walk_mantle_over_128
xanim,#vm_raygun_swim_uw_pullout
xanim,#ai_zm_dlc1_zombie_jump_up_180_down_36
xanim,#vm_zom_wraith_fire_pullpin_rh
xanim,#pt_knife_stand_first_raise
xanim,#vm_zom_nesting_doll_throw
xanim,#ai_zm_dlc1_zombie_crawl_climb_up_192_down_40
xanim,#vm_sticky_grenade_loop_additive
xanim,#vm_zom_tesla_sniper_fall
xanim,#pt_minigun_crouch_fire
xanim,#ai_zombie_base_walk_ad_sidestep_left_long_b
xanim,#vm_zom_thundergun_sprint_putaway
xanim,#ai_t8_zm_zod_catalyst_electric_attack_01
xanim,#ai_t8_zm_zod_catalyst_electric_attack_02
xanim,#hash_42b67c357eedaa78
xanim,#hash_42db4cd86f11b9a6
xanim,#ai_t8_zombie_base_sprint_ad_v24_pain_chest_f
xanim,#ai_zombie_base_walk_au_v13_pain_chest_f
xanim,#ai_t8_zm_zombie_boardtear_aligned_m_1_hold
xanim,#vm_zom_talon_spikes_dw_slam_out
xanim,#ai_zombie_base_sprint_ad_sidestep_right_short_a
xanim,#vm_snowball_pullpin_additive
xanim,#hash_43606f8bf6deb70a
xanim,#ai_t8_zm_zombie_boardtear_aligned_l_1_hold
xanim,#ai_t8_zm_zombie_base_walk_jump_up_128
xanim,#ai_t8_zm_zombie_base_walk_mantle_up_36_dn_80
xanim,#ai_zombie_base_walk_au_v21_pain_chest_f
xanim,#vm_purifier_t8_fire_intro
xanim,#ai_zombie_base_sprint_ad_sidestep_left_long_a
xanim,#ai_zombie_base_sprint_ad_sidestep_left_long_b
xanim,#ai_t8_zm_zombie_base_run_mantle_over_96
xanim,#ai_base_rifle_stn_exposed_turn_l_180
xanim,#vm_prone_to_crouch
xanim,#vm_riotshield_zm_sprint_in
xanim,#ai_t8_zm_zombie_base_run_mantle_over_72
xanim,#ai_t8_zm_zombie_base_run_mantle_over_48
xanim,#ai_t8_zm_zombie_base_run_mantle_over_36
xanim,#vm_katana_sprint_putaway
xanim,#ai_base_rifle_stn_exposed_turn_l_135
xanim,#ai_zombie_base_run_ad_v20_pain_chest_f_alt
xanim,#ai_t8_zm_zombie_boardtear_aligned_r_5_grab
xanim,#vm_zom_monkey_bomb_pullpin
xanim,#ai_t8_zm_zombie_base_crawl_trv_entry_climb_272
xanim,#vm_smg_thompson_reload
xanim,#ai_t8_zombie_base_sprint_au_v21_pain_chest_f_alt
xanim,#hash_447f76ed4c2c8dbb
xanim,#hash_44824240bc7b0c60
xanim,#ai_base_rifle_trv_mantle_over_128x32
xanim,#vm_ww_freezegun_sprint_loop
xanim,#ai_zombie_base_dog_run_attack
xanim,#ai_base_rifle_pro_trv_jump_across_256
xanim,#ai_base_rifle_staircase_run_down_8x8_in
xanim,#ai_zombie_base_dog_trot_turn_180_left
xanim,#ai_t8_zm_zombie_base_run_mantle_up_36_dn_80
xanim,#vm_riotshield_zm_ads_down
xanim,#vm_zom_wraith_fire_pullpin_rh_additive
xanim,#ai_zombie_base_run_turn_135_l_v2
xanim,#ai_zombie_base_run_ad_v2_pain_chest_f_alt
xanim,#vm_minigun_sprint_loop
xanim,#ai_zombie_base_run_au_v2_pain_chest_f
xanim,#pt_katana_stand_raise
xanim,#vm_sticky_grenade_throw_bare_hands_additive
xanim,#ai_base_rifle_trv_mantle_over_192x32
xanim,#ai_t8_zombie_base_sprint_ad_win_trav_m_v1
xanim,#ai_t8_zombie_base_sprint_ad_win_trav_m_v2
xanim,#ai_t8_zombie_base_run_pain_10
xanim,#ai_t8_zombie_base_run_pain_11
xanim,#ai_t8_zombie_base_run_pain_12
xanim,#ai_t8_zombie_base_run_pain_13
xanim,#ai_t8_zombie_base_run_pain_14
xanim,#ai_t8_zombie_base_run_pain_15
xanim,#ai_t8_zombie_base_run_pain_16
xanim,#ai_t8_zombie_base_run_pain_09
xanim,#ai_t8_zombie_base_run_pain_03
xanim,#ai_t8_zombie_base_run_pain_02
xanim,#ai_t8_zombie_base_run_pain_01
xanim,#ai_t8_zombie_base_run_pain_07
xanim,#ai_t8_zombie_base_run_pain_06
xanim,#ai_t8_zombie_base_run_pain_05
xanim,#ai_t8_zombie_base_run_pain_04
xanim,#ai_base_rifle_pro_trv_mantle_over_128
xanim,#ai_t8_zm_zombie_base_crawl_boardtear_aligned_m_2_pull
xanim,#ai_zombie_base_walk_au_v4_pain_chest_f_alt
xanim,#ai_t8_zombie_base_walk_ad_win_trav_r_v1
xanim,#pt_rifle_prone_melee_gunbutt
xanim,#ai_zombie_base_jump_across_256
xanim,#hash_468680bcf9dd0054
xanim,#vm_zom_music_box_idle
xanim,#hash_46aaf41e5136647a
xanim,#vm_slow_grenade_sig_bow_pullpin
xanim,#hash_46b82a88a9288f6c
xanim,#pt_pistol_raygun_crouch_reload
xanim,#hash_46d65c2492152f40
xanim,#ai_zombie_base_run_ad_v4_pain_chest_f_alt
xanim,#vm_t8_PRONE_TO_CROUCH_bare_hands_additive
xanim,#p8_fxanim_zm_perk_vending_tonic_off_anim
xanim,#vm_zom_talon_spikes_dw_idle_r
xanim,#vm_zom_talon_spikes_dw_idle_l
xanim,#hash_470e99e59c717744
xanim,#ai_zombie_base_walk_ad_v3_pain_chest_f_alt
xanim,#ai_t8_zombie_base_sprint_ad_v21_pain_chest_f_alt
xanim,#hash_4745561c3587a0e9
xanim,#ai_t8_zm_zombie_base_crawl_boardtear_aligned_m_1_pull
xanim,#ai_zombie_smash_react_r_jackiespinleft
xanim,#ai_zombie_base_run_dth_b_head_lt
xanim,#ai_zombie_base_run_turn_180_l_v2
xanim,#ai_zombie_base_run_au_v24_pain_chest_f
xanim,#pt_katana_stand_firstraise
xanim,#vm_battle_turret_ads_base_down
xanim,#hash_479ba1f2edfd04e1
xanim,#ai_direwolf_base_run_turn_l_180
xanim,#hash_47bb8b2753861510
xanim,#hash_47e0902753a539cc
xanim,#vm_semtex_pullpin
xanim,#ai_base_rifle_staircase_run_down_8x12_loop
xanim,#vm_pistol_webley_sprint_in
xanim,#ai_zombie_base_dog_trot_turn_90_left
xanim,#ai_t8_zombie_base_sprint_au_v25_pain_chest_f
xanim,#vm_tactical_throw
xanim,#vm_zom_tesla_sniper_ads_base_down
xanim,#ai_zombie_base_walk_au_v8_pain_chest_f_alt
xanim,#hash_48b8ae34c82da2f1
xanim,#hash_48b8b834c82db3ef
xanim,#ai_zombie_base_run_au_v1_pain_chest_f
xanim,#vm_battle_shield_jump
xanim,#vm_purifier_t8_sprint_in
xanim,#ai_zombie_base_run_au_v11_pain_chest_f
xanim,#vm_minigun_idle
xanim,#vm_dg2_sprint_out
xanim,#vm_battle_turret_melee
xanim,#vm_dg2_crawl_l
xanim,#vm_dg2_crawl_b
xanim,#vm_dg2_crawl_f
xanim,#vm_dg2_crawl_r
xanim,#ai_t8_zombie_base_super_sprint_attack_01
xanim,#ai_t8_zombie_base_super_sprint_attack_02
xanim,#ai_t8_zombie_base_super_sprint_attack_03
xanim,#ai_t8_zombie_base_super_sprint_attack_04
xanim,#ai_t8_zombie_base_super_sprint_attack_05
xanim,#ai_t8_zombie_base_run_ad_win_trav_m_v1
xanim,#ai_base_rifle_stn_exposed_dth_roof_collapse_rolloff_a
xanim,#ai_base_rifle_stn_exposed_dth_roof_collapse_rolloff_c
xanim,#ai_base_rifle_stn_exposed_dth_roof_collapse_rolloff_b
xanim,#hash_49a8ca3c1e20bf43
xanim,#ai_zombie_base_dth_r_v1
xanim,#ai_zombie_base_dth_r_v2
xanim,#vm_katana_fall
xanim,#ai_zombie_base_dog_run_jump_256
xanim,#ai_t8_zombie_base_sprint_au_v22_pain_chest_f
xanim,#vm_battle_shield_jump_land
xanim,#vm_snowball_pullpin
xanim,#ai_t8_zm_zombie_base_crawl_boardtear_aligned_l_4_hold
xanim,#vm_raygun_sprint_out
xanim,#ai_t8_zm_zombie_base_crawl_mantle_up_36_dn_80
xanim,#ai_civ_stn_exposed_run_00
xanim,#ai_direwolf_base_trot_turn_l_90
xanim,#ai_t8_zombie_base_run_ad_win_trav_l_v1
xanim,#hash_4af65dc0a0e80619
xanim,#vm_t8_swim_brawler_in_additive
xanim,#p8_fxanim_zm_perk_vending_soda_use6_anim
xanim,#vm_sticky_grenade_throw_additive
xanim,#ai_t8_zm_zombie_base_trv_zipline_ship
xanim,#hash_4b60b13c624e8a32
xanim,#hash_4b6abc7fea22d1a8
xanim,#ai_t8_zombie_base_run_attack_17
xanim,#ai_t8_zombie_base_run_attack_10
xanim,#ai_t8_zombie_base_run_attack_12
xanim,#ai_t8_zombie_base_run_attack_13
xanim,#ai_t8_zombie_base_run_attack_18
xanim,#ai_t8_zombie_base_run_attack_19
xanim,#ai_t8_zombie_base_run_attack_06
xanim,#ai_t8_zombie_base_run_attack_04
xanim,#ai_t8_zombie_base_run_attack_03
xanim,#ai_t8_zombie_base_run_attack_02
xanim,#ai_t8_zombie_base_run_attack_08
xanim,#ai_t8_zombie_base_run_attack_30
xanim,#ai_t8_zombie_base_run_attack_29
xanim,#ai_t8_zombie_base_run_attack_28
xanim,#ai_t8_zombie_base_run_attack_25
xanim,#ai_t8_zombie_base_run_attack_24
xanim,#ai_t8_zombie_base_run_attack_26
xanim,#ai_t8_zombie_base_run_attack_21
xanim,#ai_t8_zombie_base_run_attack_20
xanim,#ai_t8_zombie_base_run_attack_23
xanim,#ai_t8_zombie_base_run_attack_22
xanim,#vm_raygun_sprint_loop
xanim,#ai_zombie_base_walk_au_sidestep_left_long_d
xanim,#vm_t8_swim_brawler_r
xanim,#vm_t8_swim_brawler_l
xanim,#vm_t8_swim_brawler_f
xanim,#vm_t8_swim_brawler_b
xanim,#ai_zombie_smash_react_f
xanim,#vm_minigun_sprint_out
xanim,#ai_t8_zm_zombie_base_crawl_boardtear_aligned_r_6_hold
xanim,#ai_t8_zm_zombie_boardtear_aligned_m_3_hold
xanim,#ai_zombie_base_crawl_v3
xanim,#ai_zombie_base_crawl_v2
xanim,#ai_zombie_base_crawl_v1
xanim,#ai_zombie_base_crawl_v5
xanim,#ai_zombie_base_crawl_v4
xanim,#vm_minigun_ads_base_up
xanim,#ai_t8_zm_zombie_base_crawl_boardtear_aligned_r_5_hold
xanim,#vm_purifier_t8_hand_pose_r
xanim,#vm_purifier_t8_hand_pose_l
xanim,#hash_4cbf7864e2bc349c
xanim,#ai_zombie_base_run_ad_v14_pain_chest_f_alt
xanim,#ai_zombie_base_walk_au_v20_pain_chest_f
xanim,#vm_battle_shield_fall
xanim,#vm_svg100_ads_hybrid_lower_down
xanim,#ai_zombie_base_walk_turn_45_l_v2
xanim,#vm_t8_swim_brawler_idle_static
xanim,#vm_snowball_cancel_bare_hands
xanim,#ai_t8_zm_zombie_base_crawl_boardtear_aligned_r_3_hold
xanim,#ai_t8_zm_zombie_base_crawl_mantle_over_36
xanim,#ai_t8_zm_zombie_base_crawl_mantle_over_48
xanim,#ai_t8_zm_zombie_base_crawl_mantle_over_72
xanim,#ai_t8_zm_zombie_boardtear_aligned_m_3_grab
xanim,#ai_t8_zm_zombie_boardtear_aligned_l_2_grab
xanim,#ai_t8_zm_zombie_base_crawl_mantle_over_96
xanim,#hash_4d49d05a3a043371
xanim,#vm_smg_thompson_fire_intro
xanim,#ai_zombie_base_run_au_sidestep_left_short_b
xanim,#ai_zombie_base_run_au_sidestep_left_short_a
xanim,#hash_4d87e2403e494523
xanim,#vm_zom_bowie_knife_ads_base_down
xanim,#vm_smg_capacity_jump
xanim,#hash_4dc450b49570c27d
xanim,#ai_zombie_base_walk_ad_v2_pain_chest_f_alt
xanim,#vm_sticky_grenade_throw_sig_bow
xanim,#ai_zombie_base_walk_au_v12_pain_chest_f
xanim,#vm_t8_swim_b_dw
xanim,#vm_svg100_ads_hybrid_upper_down
xanim,#hash_4e2d167eb97cd875
xanim,#o_t8_zm_zombie_board_3_repair
xanim,#ai_t8_zm_zombie_dog_pro_trv_mantle_up_128_dn_36
xanim,#vm_zom_thundergun_fire
xanim,#ai_zm_dlc1_zombie_walk_lowg_v3_pain_chest_f
xanim,#ai_t8_zm_zombie_boardtear_aligned_m_3_pull
xanim,#pt_katana_stand_taunt
xanim,#vm_t8_mantle_over_additive
xanim,#ai_t8_zm_zombie_boardtear_aligned_r_2_pull
xanim,#ai_zombie_base_mantle_over_48
xanim,#ai_zombie_base_mantle_over_72
xanim,#vm_t8_swim_l_additive
xanim,#ai_zombie_base_mantle_over_36
xanim,#ai_zombie_base_mantle_over_96
xanim,#hash_4ecc3321dc07e130
xanim,#hash_4ece4de0624a324c
xanim,#ai_t8_zombie_base_sprint_ad_v23_pain_chest_f_alt
xanim,#vm_brawler_t8_walk_f
xanim,#ai_zombie_base_crawl_idle_v1
xanim,#zm_orange_debris_land_01_idle
xanim,#o_t8_zm_zombie_board_4_pull
xanim,#ai_t8_zm_zombie_base_crawl_boardtear_aligned_m_6_hold
xanim,#hash_4f4c7040e9359bc7
xanim,#o_zombie_base_magic_box_close
xanim,#ai_zombie_base_walk_ad_v25_pain_chest_f
xanim,#ai_t8_zm_zombie_base_crawl_boardtear_aligned_m_1_hold
xanim,#ai_t8_zm_zombie_base_crawl_boardtear_aligned_l_5_pull
xanim,#vm_ww_freezegun_walk_f
xanim,#ai_t8_zm_mnsn_direwolf_pro_trv_mantle_96
xanim,#ai_t8_zm_mnsn_direwolf_pro_trv_mantle_72
xanim,#ai_t8_zm_mnsn_direwolf_pro_trv_mantle_48
xanim,#ai_t8_zm_mnsn_direwolf_pro_trv_mantle_36
xanim,#ai_t8_zm_zombie_boardtear_aligned_l_4_hold
xanim,#hash_50026740c9fdea7f
xanim,#pt_knife_crouch_first_raise
xanim,#o_t8_zm_zombie_board_6_repair
xanim,#hash_50161f892933ce10
xanim,#ai_t8_zm_zombie_base_walk_mantle_up_80_dn_36
xanim,#vm_slide_bare_hands_additive
xanim,#vm_katana_sprint_pullout
xanim,#pt_grenade_crouch_prime
xanim,#ai_t8_zm_zombie_base_crawl_boardtear_aligned_r_5_grab
xanim,#ai_t8_zm_zombie_base_trv_entry_climb_272
xanim,#ai_t8_zm_zombie_boardtear_aligned_l_5_pull
xanim,#vm_minigun_gunbutt_swipe
xanim,#ai_t8_zombie_base_sprint_ad_v5_pain_chest_f
xanim,#vm_zom_bowie_knife_idle
xanim,#vm_snowball_throw_bare_hands
xanim,#ai_t8_zm_zombie_boardtear_aligned_m_5_grab
xanim,#ai_zm_dlc1_zombie_crawl_lowg_v1
xanim,#ai_zm_dlc1_zombie_crawl_lowg_v2
xanim,#ai_zm_dlc1_zombie_crawl_lowg_v3
xanim,#vm_zom_thundergun_hand_pose_r
xanim,#vm_zom_thundergun_hand_pose_l
xanim,#p8_zm_esc_turbine_generator_01_on
xanim,#ai_base_rifle_trv_jump_down_128
xanim,#vm_battle_turret_fire
xanim,#hash_5119deb11e8111d3
xanim,#ai_base_rifle_trv_jump_down_160
xanim,#ai_civ_stn_exposed_run_turn_l_180
xanim,#vm_raygun_idle
xanim,#ai_civ_stn_exposed_run_turn_l_135
xanim,#hash_51994b03a21b0327
xanim,#ai_t8_zombie_base_run_ad_win_trav_r_v1
xanim,#ai_zombie_base_dog_traverse_down_190
xanim,#ai_zombie_base_dog_traverse_down_184
xanim,#hash_51fb05f3994c12d9
xanim,#vm_raygun_crawl_in
xanim,#ai_zombie_base_dog_traverse_down_127
xanim,#ai_zombie_base_dog_traverse_down_126
xanim,#vm_minigun_fire_grenade
xanim,#p8_fxanim_zm_perk_vending_tonic_on_anim
xanim,#hash_52076f25e809a9e1
xanim,#vm_zom_raygun_mk2_fire_ads
xanim,#ai_zombie_base_dog_traverse_down_96
xanim,#ai_t8_zombie_base_super_sprint_25
xanim,#ai_t8_zombie_base_super_sprint_24
xanim,#ai_t8_zombie_base_super_sprint_23
xanim,#ai_t8_zombie_base_super_sprint_22
xanim,#ai_t8_zombie_base_super_sprint_21
xanim,#ai_t8_zombie_base_super_sprint_20
xanim,#ai_t8_zombie_base_super_sprint_18
xanim,#ai_t8_zombie_base_super_sprint_19
xanim,#ai_t8_zombie_base_super_sprint_12
xanim,#ai_t8_zombie_base_super_sprint_13
xanim,#ai_t8_zombie_base_super_sprint_10
xanim,#ai_t8_zombie_base_super_sprint_11
xanim,#ai_t8_zombie_base_super_sprint_16
xanim,#ai_t8_zombie_base_super_sprint_17
xanim,#ai_t8_zombie_base_super_sprint_14
xanim,#ai_t8_zombie_base_super_sprint_15
xanim,#vm_zom_tesla_sniper_pullout_quick
xanim,#ai_t8_zombie_base_super_sprint_09
xanim,#ai_t8_zombie_base_super_sprint_08
xanim,#ai_t8_zombie_base_super_sprint_05
xanim,#ai_t8_zombie_base_super_sprint_04
xanim,#ai_t8_zombie_base_super_sprint_07
xanim,#ai_t8_zombie_base_super_sprint_06
xanim,#ai_t8_zombie_base_super_sprint_01
xanim,#ai_t8_zombie_base_super_sprint_03
xanim,#ai_t8_zombie_base_super_sprint_02
xanim,#o_zombie_base_magic_box_fake_idle_twitch_a
xanim,#o_zombie_base_magic_box_fake_idle_twitch_b
xanim,#o_t8_zm_zombie_board_4_repair
xanim,#ai_zombie_base_dog_traverse_down_40
xanim,#ai_zombie_base_dog_traverse_down_48
xanim,#ai_zombie_base_dog_traverse_down_72
xanim,#vm_battle_shield_pullout
xanim,#ai_zombie_base_walk_au_v7_pain_chest_f
xanim,#ai_t8_zm_zombie_base_walk_jump_down_128
xanim,#ai_zombie_base_run_ad_v24_pain_chest_f
xanim,#p8_fxanim_zm_orange_frozen_key_melt
xanim,#ai_zombie_base_run_ad_v23_pain_chest_f_alt
xanim,#vm_battle_turret_pullout_alt
xanim,#vm_zom_purifier_t8_tornado
xanim,#ai_civ_stn_exposed_walk_turn_r_180
xanim,#hash_52dc6c416a491fa0
xanim,#ai_t8_zm_zombie_base_crawl_trv_entry_mantle_272
xanim,#ai_zombie_base_walk_ad_v20_pain_chest_f
xanim,#vm_smg_thompson_pullout
xanim,#ai_civ_stn_exposed_walk_turn_r_135
xanim,#hash_5306003c8795ec5e
xanim,#ai_zombie_smash_react_l_legsoutright
xanim,#ai_t8_zm_zombie_boardtear_aligned_r_2_hold
xanim,#ai_t8_zombie_base_sprint_au_v21_pain_chest_f
xanim,#ai_t8_zm_zombie_boardtear_aligned_m_6_hold
xanim,#ai_zm_dlc1_zombie_run_lowg_v2_pain_chest_f
xanim,#vm_brawler_t8_sprint_out
xanim,#ai_zombie_base_dth_l_v2
xanim,#ai_zombie_base_dth_l_v1
xanim,#ai_t8_zm_zombie_base_crawl_boardtear_aligned_r_3_grab
xanim,#vm_katana_ads_base_down
xanim,#ai_t8_zm_zombie_base_crawl_boardtear_aligned_r_2_grab
xanim,#vm_ww_freezegun_ads_base_up
xanim,#ai_zombie_base_walk_ad_sidestep_right_a
xanim,#vm_ww_freezegun_pullout
xanim,#vm_t8_swim_brawler_idle_static_additive
xanim,#hash_53bca59b4ad64613
xanim,#ai_t8_zm_zombie_boardtear_aligned_r_3_grab
xanim,#hash_53dba55cc8ce48da
xanim,#p8_fxanim_zm_perk_vending_brew_off_anim
xanim,#ai_t8_zm_zombie_base_crawl_dth_freeze_02
xanim,#ai_t8_zm_zombie_base_crawl_dth_freeze_01
xanim,#ai_zombie_base_run_turn_90_r_v2
xanim,#ai_t8_zm_zombie_base_run_jump_up_128
xanim,#ai_t8_zm_quad_crawl_spawn_02
xanim,#ai_zombie_base_walk_ad_v6_pain_chest_f_alt
xanim,#vm_purifier_t8_ads_base_up
xanim,#ai_zombie_base_run_ad_v11_pain_chest_f
xanim,#vm_zom_tesla_sniper_putaway
xanim,#hash_549c400dc54bb270
xanim,#pt_tesla_sniper_t8_stand_first_raise
xanim,#vm_zom_thundergun_first_raise
xanim,#ai_t8_zm_zombie_base_trv_bow_mantle_420
xanim,#ai_t8_zombie_base_sprint_au_win_trav_r_v1
xanim,#pb_spikes_slam_outro
xanim,#hash_557fe5975c729a83
xanim,#hash_557fe6975c729c36
xanim,#ai_zombie_base_jump_up_96
xanim,#vm_snowball_cancel_bare_hands_additive
xanim,#ai_zombie_base_fast_sprint_02_pain_chest_f
xanim,#ai_zombie_base_jump_up_36
xanim,#ai_t8_zm_zombie_base_crawl_boardtear_aligned_l_2_hold
xanim,#ai_t8_zm_zombie_base_crawl_boardtear_aligned_r_5_pull
xanim,#ai_zombie_base_jump_up_72
xanim,#ai_zombie_base_jump_up_48
xanim,#pt_battle_shield_male_stand_melee
xanim,#ai_t8_zombie_base_sprint_au_v25
xanim,#ai_t8_zombie_base_sprint_au_v22
xanim,#ai_t8_zombie_base_sprint_au_v20
xanim,#ai_t8_zombie_base_sprint_au_v21
xanim,#ai_zombie_base_walk_ad_v4_pain_chest_f_alt
xanim,#ai_zombie_cp_jump_up_128_down_32
xanim,#ai_t8_zm_zombie_base_crawl_boardtear_aligned_m_1_grab
xanim,#vm_snowball_loop
xanim,#p8_fxanim_zm_perk_vending_soda_disable_anim
xanim,#ai_t8_zombie_base_sprint_au_win_trav_l_v1
xanim,#hash_5653e6dce6b372ca
xanim,#vm_katana_taunt
xanim,#o_zombie_base_packapunch_working_take_gun
xanim,#vm_zom_talon_spikes_dw_slam
xanim,#ai_zombie_base_sprint_au_sidestep_left_short_a
xanim,#ai_zombie_base_sprint_au_sidestep_left_short_b
xanim,#ai_zm_dlc1_zombie_walk_lowg_v2_pain_chest_f_alt
xanim,#hash_56bf1d79b86481d7
xanim,#pt_pistol_swim_melee_gunbutt
xanim,#ai_zombie_base_dth_f_head_lt_02
xanim,#ai_zombie_base_dth_f_head_lt_01
xanim,#ai_zombie_base_dth_f_head_lt_00
xanim,#ai_t8_zm_zombie_boardtear_aligned_m_5_hold
xanim,#ai_t8_zm_zombie_undercroft_spawn_02
xanim,#vm_zom_wraith_fire_loop_rh_additive
xanim,#ai_zombie_smash_react_getup_quick_b
xanim,#ai_zombie_smash_react_getup_quick_c
xanim,#vm_zom_tesla_sniper_crawl_r
xanim,#vm_zom_tesla_sniper_crawl_l
xanim,#vm_zom_tesla_sniper_crawl_b
xanim,#vm_zom_tesla_sniper_crawl_f
xanim,#ai_base_rifle_stn_exposed_dth_roof_fallfwd_c
xanim,#ai_base_rifle_stn_exposed_dth_roof_fallfwd_b
xanim,#ai_base_rifle_stn_exposed_dth_roof_fallfwd_a
xanim,#ai_base_rifle_stn_exposed_dth_roof_fallfwd_d
xanim,#o_zombie_base_packapunch_worldguns_ejected
xanim,#ai_t8_zombie_base_sprint_ad_v2_pain_chest_f_alt
xanim,#hash_578957e9a80048e6
xanim,#ai_zm_dlc1_zombie_sprint_lowg_v4_pain_chest_f_alt
xanim,#hash_579969ee6591d136
xanim,#zm_orange_debris_ship_01_purchase
xanim,#ai_base_rifle_pro_trv_mantle_over_96
xanim,#pt_one_handed_gun_male_stand_fire
xanim,#ai_t8_zm_zombie_base_crawl_boardtear_aligned_l_4_pull
xanim,#ai_base_rifle_pro_trv_mantle_over_36
xanim,#ai_zombie_base_sprint_au_sidestep_right_short
xanim,#ai_base_rifle_pro_trv_mantle_over_72
xanim,#vm_t8_swim_idle_static
xanim,#ai_base_rifle_pro_trv_mantle_over_48
xanim,#ai_base_rifle_stn_exposed_turn_r_135
xanim,#vm_zom_thundergun_putaway
xanim,#ai_base_rifle_stn_run_dth_b_head_lt_1
xanim,#ai_t8_zombie_base_sprint_ad_v21_pain_chest_f
xanim,#vm_frag_ads_up
xanim,#p8_fxanim_zm_perk_vending_cola_on_anim
xanim,#ai_base_rifle_stn_exposed_turn_r_180
xanim,#ai_t8_zm_zombie_base_crawl_boardtear_aligned_m_4_hold
xanim,#ai_base_rifle_staircase_run_down_8x8_loop
xanim,#ai_t8_zm_mnsn_direwolf_pro_trv_jump_up_160
xanim,#ai_t8_zm_mnsn_direwolf_pro_trv_jump_up_128
xanim,#ai_t8_zm_zombie_dog_pro_trv_mantle_128
xanim,#vm_frag_grenade_rh_loop_additive
xanim,#ai_t8_zm_zombie_boardtear_aligned_r_1_grab
xanim,#vm_battle_shield_pullout_quick
xanim,#vm_zipline_loop_additive
xanim,#ai_zombie_base_walk_ad_v2_pain_chest_f
xanim,#vm_katana_putaway
xanim,#ai_t8_zm_zombie_base_crawl_boardtear_aligned_l_3_hold
xanim,#vm_pistol_webley_swim_uw_pullout
xanim,#hash_597300a13a497c5a
xanim,#ai_t8_zm_zombie_base_dog_run_25
xanim,#pt_minigun_fem_stand_firstraise
xanim,#ai_t8_zm_zombie_base_crawl_boardtear_aligned_r_6_pull
xanim,#ai_zombie_base_run_ad_sidestep_right_long_a
xanim,#ai_t8_zm_zombie_base_crawl_jump_up_160
xanim,#ai_civ_stn_exposed_idle_03
xanim,#ai_civ_stn_exposed_idle_02
xanim,#ai_civ_stn_exposed_idle_00
xanim,#ai_t8_zm_zombie_base_crawl_jump_up_128
xanim,#p8_fxanim_zm_perk_vending_cola_off_anim
xanim,#hash_59cf4159918eee18
xanim,#ai_zombie_smash_react_b_deadfallknee
xanim,#hash_59de69d4c61944d7
xanim,#vm_purifier_t8_fire_intro_ads
xanim,#ai_zm_dlc1_zombie_climb_up_192_down_40
xanim,#ai_zombie_crawl_dr_jump_down_96
xanim,#ai_zombie_crawl_dr_jump_down_72
xanim,#vm_battle_shield_fire_hold
xanim,#o_spikes_planted_idle
xanim,#vm_zom_talon_spikes_dw_ads_base_up
xanim,#ai_zombie_base_walk_au_v6_pain_chest_f_alt
xanim,#hash_5a5018db19031107
xanim,#ai_zombie_base_run_ad_v21_pain_chest_f_alt
xanim,#o_t8_zm_zombie_board_1_repair
xanim,#pt_minigun_fem_crouch_throw
xanim,#pt_pistol_swim_fire
xanim,#hash_5ac2a6b098a8c842
xanim,#ai_t8_zombie_base_sprint_au_v1
xanim,#ai_t8_zombie_base_sprint_au_v2
xanim,#ai_t8_zm_zombie_boardtear_aligned_m_6_pull
xanim,#vm_frag_grenade_rh_pullpin_additive
xanim,#pt_prone_shoot_pistol
xanim,#pb_thundergun_t8_prone_idle
xanim,#ai_t8_zombie_base_run_au_win_trav_l_v1
xanim,#ai_zombie_base_walk_au_v4_pain_chest_f
xanim,#ai_base_rifle_pro_trv_jump_down_36
xanim,#vm_zom_talon_spikes_dw_hand_pose_l
xanim,#vm_zom_talon_spikes_dw_hand_pose_r
xanim,#ai_base_rifle_pro_trv_jump_down_60
xanim,#ai_base_rifle_pro_trv_jump_down_72
xanim,#ai_base_rifle_pro_trv_jump_down_48
xanim,#ai_base_rifle_pro_trv_jump_down_96
xanim,#ai_zombie_base_dog_death_front_a
xanim,#ai_zombie_base_dog_death_hit_left
xanim,#vm_crouch_to_prone_additive
xanim,#vm_dg2_fire_ads
xanim,#ai_zombie_base_run_au_v21_pain_chest_f
xanim,#vm_battle_shield_ads_base_up
xanim,#ai_direwolf_base_run_turn_r_180
xanim,#p8_fxanim_zm_orange_vault_door_open_fast
xanim,#ai_combat_basic_trv_climb_down_128
xanim,#ai_combat_basic_trv_climb_down_160
xanim,#ai_zombie_base_dth_f_legs_lt_2
xanim,#vm_CROUCH_TO_PRONE_bare_hands_additive
xanim,#vm_katana_dash
xanim,#hash_5ce05168906559af
xanim,#hash_5ce1a92c18099bbe
xanim,#vm_zom_wraith_fire_loop_rh
xanim,#ai_zombie_dreamcatch_shrink_a
xanim,#ai_t8_zm_zombie_base_dth_freeze_03
xanim,#ai_t8_zm_zombie_base_dth_freeze_02
xanim,#ai_t8_zm_zombie_base_dth_freeze_01
xanim,#ai_t8_zm_zombie_base_dth_freeze_05
xanim,#ai_t8_zm_zombie_base_dth_freeze_04
xanim,#ai_t8_zombie_traverse_ground_dugup
xanim,#ai_zombie_base_walk_au_v21_pain_chest_f_alt
xanim,#ai_t8_zm_mob_zombie_dog_stun_in
xanim,#ai_t8_zm_zod_catalyst_water_exit_8
xanim,#ai_t8_zm_zod_catalyst_water_exit_9
xanim,#ai_t8_zm_zod_catalyst_water_exit_6
xanim,#ai_t8_zm_zod_catalyst_water_exit_7
xanim,#ai_t8_zm_zod_catalyst_water_exit_4
xanim,#ai_t8_zm_zod_catalyst_water_exit_2
xanim,#ai_t8_zm_zod_catalyst_water_exit_3
xanim,#ai_t8_zm_zod_catalyst_water_exit_1
xanim,#ai_t8_zombie_base_run_au_win_trav_r_v1
xanim,#vm_sticky_grenade_cancel_additive
xanim,#o_t8_zm_zombie_board_5_pull
xanim,#ai_t8_zm_zombie_boardtear_aligned_l_1_grab
xanim,#vm_battle_shield_gunbutt
xanim,#ai_base_rifle_pro_trv_jump_up_160
xanim,#ai_zombie_base_dth_f_l_arm_hvy_01
xanim,#ai_zombie_base_dth_f_l_arm_hvy_00
xanim,#ai_zombie_base_sprint_au_sidestep_right_short_b
xanim,#ai_zombie_base_sprint_au_sidestep_right_short_a
xanim,#pt_brawler_stand_putaway
xanim,#pt_rifle_crouch_putaway
xanim,#vm_brawler_t8_sprint_putaway
xanim,#ai_zombie_base_walk_turn_135_r_v2
xanim,#hash_5ed3f05ac6382819
xanim,#vm_zom_nesting_doll_idle
xanim,#ai_zombie_base_walk_au_v15_pain_chest_f_alt
xanim,#vm_zom_tesla_sniper_sprint_loop
xanim,#ai_civ_stn_exposed_panic_run_stumble_00
xanim,#ai_civ_stn_exposed_panic_run_stumble_03
xanim,#vm_battle_shield_sprint_pullout
xanim,#ai_t8_zm_zombie_boardtear_aligned_m_4_grab
xanim,#hash_5f860554904749ad
xanim,#vm_zom_thundergun_ads_base_down
xanim,#ai_zombie_base_idle_ad_v1
xanim,#vm_raygun_inspect
xanim,#vm_zom_talon_spikes_dw_slam_in
xanim,#ai_base_rifle_staircase_run_up_8x12_l_exit_3_stairs
xanim,#vm_bare_hands_swim_uw_sprint_loop
xanim,#hash_5ffd2e3a50e11520
xanim,#hash_5ffd2f3a50e116d3
xanim,#hash_5ffd363a50e122b8
xanim,#hash_5ffd373a50e1246b
xanim,#hash_5ffd383a50e1261e
xanim,#hash_5ffd393a50e127d1
xanim,#hash_5ffd3a3a50e12984
xanim,#hash_5ffd3b3a50e12b37
xanim,#hash_5ffd3c3a50e12cea
xanim,#hash_5ffd3d3a50e12e9d
xanim,#hash_600da8ceb37fe406
xanim,#vm_riotshield_zm_raise
xanim,#ai_zombie_base_walk_au_v1_pain_chest_f
xanim,#ai_zombie_base_jump_across_128
xanim,#vm_riotshield_zm_ads_up
xanim,#ai_base_rifle_stn_exposed_turn_r_45
xanim,#vm_riotshield_zm_melee
xanim,#ai_base_rifle_stn_exposed_turn_r_90
xanim,#ai_t8_zombie_base_sprint_au_v25_pain_chest_f_alt
xanim,#vm_dg2_sprint_loop
xanim,#hash_6062a8147810df28
xanim,#ai_t8_zm_zombie_boardtear_aligned_r_5_hold
xanim,#ai_civ_stn_exposed_run_arrival_8r
xanim,#hash_60804dde64da8a1a
xanim,#vm_zom_raygun_mk2_crawl_in
xanim,#p8_fxanim_zm_perk_vending_soda_use1_anim
xanim,#ai_civ_crc_cover_dth_r_chest_hvy_4
xanim,#hash_60e30448f91f82e0
xanim,#ai_zombie_smash_react_l_jackiespinright
xanim,#vm_snowball_throw
xanim,#vm_ww_freezegun_jump_land
xanim,#ai_t8_zm_zombie_base_crawl_boardtear_aligned_r_3_pull
xanim,#vm_raygun_hand_pose_r
xanim,#vm_raygun_hand_pose_l
xanim,#pt_thundergun_t8_prone_reload
xanim,#p8_fxanim_zm_white_trap_switch_box_open
xanim,#vm_zom_talon_spikes_dw_pullout
xanim,#vm_sticky_grenade_loop
xanim,#vm_purifier_t8_idle
xanim,#o_zombie_base_packapunch_worldguns_taken
xanim,#vm_pistol_webley_pullout
xanim,#vm_sticky_grenade_pullpin_sig_bow
xanim,#pb_pistol_fem_run_slide
xanim,#hash_623066eb78e958f4
xanim,#vm_dg2_crawl_out
xanim,#vm_smg_capacity_jump_land
xanim,#hash_6267d1481cdfdfce
xanim,#ai_zombie_base_walk_turn_90_r_v2
xanim,#ai_zombie_base_run_au_sidestep_right_short_b
xanim,#ai_zombie_base_run_au_sidestep_right_short_c
xanim,#ai_zombie_base_run_au_sidestep_right_short_a
xanim,#ai_zombie_base_run_au_sidestep_right_short_d
xanim,#vm_svg100_ads_hybrid_lower_up
xanim,#vm_minigun_fire
xanim,#o_zombie_magic_box_weapon_dual_rise
xanim,#vm_t8_swim_b_additive
xanim,#vm_purifier_t8_jump_land
xanim,#vm_zom_thundergun_ads_base_up
xanim,#ai_t8_zm_zombie_boardtear_aligned_r_6_hold
xanim,#ai_t8_zm_zombie_dog_pro_trv_mantle_up_80_dn_36
xanim,#ai_base_rifle_trv_wallrun_r_512
xanim,#ai_t8_zm_zombie_base_crawl_boardtear_aligned_m_4_pull
xanim,#ai_t8_zm_zombie_boardtear_aligned_l_4_pull
xanim,#hash_639f4a9fe36e5af8
xanim,#ai_zombie_dreamcatch_impact
xanim,#ai_zm_dlc1_zombie_walk_lowg_v4
xanim,#ai_zm_dlc1_zombie_walk_lowg_v2
xanim,#ai_zm_dlc1_zombie_walk_lowg_v3
xanim,#ai_zm_dlc1_zombie_walk_lowg_v1
xanim,#ai_direwolf_base_trot_turn_l_180
xanim,#ai_zombie_base_run_au_v21_pain_chest_f_alt
xanim,#vm_smg_thompson_idle
xanim,#hash_6415aa9f96a37fca
xanim,#vm_ww_freezegun_swim_from_land
xanim,#hash_645574dd7a2df58c
xanim,#ai_zombie_base_dog_traverse_up_40
xanim,#ai_zombie_base_dog_traverse_up_48
xanim,#vm_dg2_ads_base_down
xanim,#ai_zombie_base_run_au_v22_pain_chest_f_alt
xanim,#vm_zom_talon_spikes_dw_crawl_f
xanim,#vm_zom_talon_spikes_dw_crawl_b
xanim,#vm_zom_talon_spikes_dw_crawl_l
xanim,#vm_zom_talon_spikes_dw_crawl_r
xanim,#hash_64dc68852a2013d4
xanim,#hash_64f99c2933f31e2a
xanim,#ai_zombie_base_walk_ad_v6_pain_chest_f
xanim,#hash_651ac5107d3df417
xanim,#ai_t8_zm_zombie_base_trv_zipline_mount
xanim,#vm_pistol_webley_swim_uw_putaway
xanim,#ai_base_rifle_staircase_run_up_8x8_in
xanim,#ai_t8_zombie_base_sprint_ad_v22_pain_chest_f
xanim,#vm_purifier_t8_putaway
xanim,#vm_ww_freezegun_crawl_l
xanim,#vm_ww_freezegun_crawl_f
xanim,#vm_ww_freezegun_crawl_b
xanim,#vm_ww_freezegun_crawl_r
xanim,#ai_zombie_base_run_au_v4_pain_chest_f
xanim,#vm_ww_freezegun_ads_base_down
xanim,#ai_direwolf_exposed_run_thru_melee_short_f_01
xanim,#ai_direwolf_exposed_run_thru_melee_short_f_00
xanim,#vm_katana_sprint_in
xanim,#ai_t8_zm_zombie_boardtear_aligned_l_6_grab
xanim,#ai_t8_zombie_base_sprint_ad_v1_pain_chest_f_alt
xanim,#vm_brawler_t8_jump
xanim,#ai_zombie_base_walk_ad_v7_pain_chest_f
xanim,#vm_ww_freezegun_sprint_pullout
xanim,#vm_purifier_t8_sprint_loop
xanim,#ai_t8_zm_zombie_base_dog_run_jump_40
xanim,#vm_dg2_putaway
xanim,#vm_frag_grenade_rh_cancel_additive
xanim,#vm_zom_talon_spikes_dw_sprint_pullout
xanim,#hash_672b6b478b7d27a3
xanim,#pt_ww_freezegun_t8_prone_reload
xanim,#vm_dg2_pullout
xanim,#vm_zom_raygun_mk2_crawl_out
xanim,#ai_zombie_base_run_ad_sidestep_left_short_a
xanim,#vm_dg2_first_raise
xanim,#ai_zombie_base_walk_au_v13_pain_chest_f_alt
xanim,#pt_pistol_raygun_stand_reload
xanim,#vm_zom_music_box_hand_pose_l
xanim,#vm_zom_music_box_hand_pose_r
xanim,#vm_t8_mantle_over
xanim,#ai_base_rifle_stn_run_dth_f_chest_hvy_1
xanim,#ai_zombie_base_run_turn_135_r_v2
xanim,#vm_battle_shield_sprint_in
xanim,#ai_t8_zm_mob_brutus_tesla_out
xanim,#vm_purifier_t8_swim_uw_putaway
xanim,#vm_snowball_pullpin_bare_hands_additive
xanim,#hash_688713ef66943f5c
xanim,#vm_t8_swim_r_additive
xanim,#ai_zombie_base_dog_run_turn_180_right
xanim,#ai_base_rifle_staircase_run_down_8x16_in
xanim,#ai_zm_dlc1_zombie_sprint_lowg_v1_pain_chest_f_alt
xanim,#ai_zombie_base_run_au_v13_pain_chest_f
xanim,#vm_t8_swim_brawler_out_additive
xanim,#ai_zombie_base_run_au_v5_pain_chest_f_alt
xanim,#ai_zombie_base_sprint_ad_sidestep_right_long
xanim,#pb_thundergun_t8_stand_firstraise
xanim,#pb_knife_stand_assassination_right
xanim,#ai_direwolf_base_run_turn_r_90
xanim,#vm_zipline_loop
xanim,#vm_raygun_fire
xanim,#ai_zombie_base_traverse_ground_climbout_fast
xanim,#ai_zombie_base_walk_ad_v4_pain_chest_f
xanim,#vm_zom_raygun_mk2_sprint_loop
xanim,#vm_smg_thompson_putaway
xanim,#vm_raygun_gunbutt_swipe
xanim,#o_zombie_base_magic_box_open
xanim,#o_zombie_base_packapunch_flag_up
xanim,#hash_6a6df0ade15fc140
xanim,#hash_6a6df1ade15fc2f3
xanim,#hash_6a6df2ade15fc4a6
xanim,#hash_6a6df3ade15fc659
xanim,#hash_6a6df4ade15fc80c
xanim,#hash_6a6df5ade15fc9bf
xanim,#hash_6a6df6ade15fcb72
xanim,#hash_6a6df7ade15fcd25
xanim,#hash_6a6dfeade15fd90a
xanim,#hash_6a6dffade15fdabd
xanim,#ai_zombie_smash_react_r_legsoutleft
xanim,#ai_zm_dlc1_zombie_crawl_jump_down_190
xanim,#vm_zom_raygun_mk2_ads_base_up
xanim,#vm_minigun_putaway_quick
xanim,#vm_t8_swim_l_dw
xanim,#ai_direwolf_base_dth_f_a
xanim,#ai_t8_zm_zombie_boardtear_aligned_r_6_pull
xanim,#o_zombie_base_packapunch_flag_down
xanim,#hash_6af1cc0a89f9a246
xanim,#ai_zombie_base_walk_au_v11_pain_chest_f_alt
xanim,#vm_battle_shield_first_raise
xanim,#ai_t8_zombie_base_sprint_ad_v1_pain_chest_f
xanim,#vm_t8_swim_f_additive
xanim,#pb_knife_stand_assassination_left
xanim,#vm_katana_swim_uw_putaway
xanim,#ai_t8_zm_zombie_base_trv_zipline_idle
xanim,#ai_zombie_base_run_ad_v2_pain_chest_f
xanim,#ai_zombie_base_run_ad_v24_pain_chest_f_alt
xanim,#ai_base_rifle_staircase_run_down_8x16_r_exit_2_stairs
xanim,#vm_pistol_webley_idle
xanim,#hash_6bed3f3a546c676f
xanim,#vm_smg_thompson_crawl_out
xanim,#ai_zm_dlc1_zombie_crawl_jump_up_36_down_180
xanim,#ai_journ_crc_cover_2_stn_exposed_idle_00
xanim,#p8_fxanim_zm_zod_wormhole_anim
xanim,#vm_zom_thundergun_pullout_quick
xanim,#vm_katana_pullout_quick
xanim,#ai_t8_zombie_base_sprint_ad_v23_pain_chest_f
xanim,#hash_6c9c94935254fa9f
xanim,#ai_direwolf_base_trv_jump_up_40
xanim,#ai_direwolf_base_trv_jump_up_48
xanim,#vm_purifier_t8_fire_ads
xanim,#hash_6cff2015e5f2a5de
xanim,#vm_smg_thompson_ads_base_up
xanim,#ai_direwolf_base_trv_jump_down_190
xanim,#ai_direwolf_base_trv_jump_down_184
xanim,#vm_ww_freezegun_idle
xanim,#ai_direwolf_base_trv_jump_down_127
xanim,#ai_direwolf_base_trv_jump_down_126
xanim,#pt_ww_freezegun_t8_crouch_reload
xanim,#vm_tactical_throwback
xanim,#ai_t8_base_rifle_stn_run_dth_r_arms_lt_1
xanim,#pt_battle_shield_male_stand_pullout
xanim,#vm_zom_thundergun_sprint_loop
xanim,#ai_t8_zombie_base_walk_au_win_trav_l_v1
xanim,#ai_zombie_base_run_ad_v23_pain_chest_f
xanim,#ai_base_rifle_staircase_run_down_8x8_r_exit_2_stairs
xanim,#ai_base_rifle_stn_exposed_turn_l_90
xanim,#hash_6e75bce6030752c1
xanim,#ai_base_rifle_stn_exposed_turn_l_45
xanim,#ai_base_rifle_staircase_run_down_8x12_in
xanim,#ai_zombie_base_run_au_v9_pain_chest_f
xanim,#vm_zom_raygun_mk2_pullout
xanim,#ai_t8_zm_zombie_base_crawl_boardtear_aligned_l_3_pull
xanim,#vm_dg2_putaway_quick
xanim,#hash_6efaabae6f84710a
xanim,#ai_t8_zombie_base_sprint_ad_v2
xanim,#ai_t8_zombie_base_sprint_ad_v1
xanim,#ai_t8_zombie_base_sprint_ad_v5
xanim,#p8_fxanim_zm_perk_vending_soda_use2_anim
xanim,#vm_zom_tesla_sniper_reload_empty
xanim,#ai_zombie_base_run_au_sidestep_left_short
xanim,#vm_brawler_t8_crawl_in
xanim,#ai_t8_zm_mob_zombie_dog_stun_loop
xanim,#vm_smg_thompson_gunbutt_swipe
xanim,#vm_snowball_cancel
xanim,#vm_zom_tesla_sniper_rechamber
xanim,#ai_zombie_base_walk_ad_sidestep_right_short_a
xanim,#hash_707e34d8df702aee
xanim,#ai_t8_zm_zombie_base_crawl_boardtear_aligned_r_1_pull
xanim,#ai_civ_stn_exposed_walk_turn_l_90
xanim,#vm_t8_dw_slide
xanim,#hash_70d39bd86217eec9
xanim,#ai_zombie_base_walk_ad_v7_pain_chest_f_alt
xanim,#vm_zom_monkey_bomb_hand_pose_l
xanim,#vm_zom_monkey_bomb_hand_pose_r
xanim,#ai_zm_dlc1_zombie_sprint_lowg_v3_pain_chest_f
xanim,#ai_t8_zm_zombie_boardtear_aligned_m_2_pull
xanim,#ai_t8_zm_zombie_base_crawl_jump_down_36
xanim,#ai_t8_zm_zombie_base_crawl_jump_down_48
xanim,#ai_zombie_base_run_jump_down_36
xanim,#ai_t8_zm_zombie_base_crawl_jump_down_72
xanim,#ai_t8_zm_zombie_base_crawl_jump_down_96
xanim,#ai_zombie_base_run_jump_down_72
xanim,#hash_717dca4a306b8c14
xanim,#ai_zombie_base_run_jump_down_48
xanim,#hash_718a153866ac389e
xanim,#ai_zombie_base_run_jump_down_96
xanim,#vm_snowball_loop_additive
xanim,#ai_zm_dlc1_zombie_sprint_lowg_v2_pain_chest_f
xanim,#ai_t8_zombie_base_crawl_sprint_win_trav_r_v1
xanim,#vm_t8_swim_f_dw
xanim,#vm_zipline_in_additive
xanim,#hash_720a1cf7f2640493
xanim,#vm_t8_swim_l
xanim,#vm_t8_swim_f
xanim,#vm_t8_swim_b
xanim,#vm_t8_swim_r
xanim,#hash_72370c01d3679310
xanim,#pt_tesla_sniper_t8_stand_reload_empty
xanim,#hash_7279e07cbfd7b9e5
xanim,#hash_72b56baaa12f7c33
xanim,#ai_zombie_base_sprint_ad_sidestep_left_short_a
xanim,#vm_pistol_webley_fall
xanim,#ai_civ_crc_cover_dth_b_chest_hvy_2
xanim,#ai_zombie_base_idle_au_v1
xanim,#ai_zombie_base_walk_ad_v21_pain_chest_f
xanim,#pt_pistol_stand_shoot
xanim,#ai_t8_zm_zombie_boardtear_aligned_r_6_grab
xanim,#vm_zom_thundergun_sprint_in
xanim,#pt_battle_turret_male_stand_putaway
xanim,#vm_purifier_t8_pullout_quick
xanim,#ai_t8_zombie_base_run_pain_move_l_04
xanim,#ai_t8_zombie_base_run_pain_move_l_05
xanim,#ai_t8_zombie_base_run_pain_move_l_06
xanim,#ai_t8_zombie_base_run_pain_move_l_01
xanim,#ai_t8_zombie_base_run_pain_move_l_02
xanim,#ai_t8_zombie_base_run_pain_move_l_03
xanim,#ai_t8_zm_zombie_base_run_mantle_over_128
xanim,#ai_zm_dlc1_zombie_jump_up_244_down_36
xanim,#hash_73627c6ade72715e
xanim,#vm_zom_tesla_sniper_crawl_out
xanim,#vm_ww_freezegun_fire_ads
xanim,#hash_7388a72cdc7c5a0c
xanim,#ai_base_rifle_staircase_run_up_8x12_loop
xanim,#vm_pistol_webley_ads_base_down
xanim,#vm_pistol_webley_crawl_l
xanim,#vm_pistol_webley_crawl_f
xanim,#vm_pistol_webley_crawl_b
xanim,#vm_pistol_webley_crawl_r
xanim,#ai_zombie_base_walk_ad_v25_pain_chest_f_alt
xanim,#ai_zombie_base_run_dth_f_torso_lt
xanim,#hash_73d25b803dbeaf75
xanim,#ai_t8_zm_zombie_base_crawl_boardtear_aligned_l_1_hold
xanim,#ai_t8_zm_zombie_base_walk_mantle_over_72
xanim,#ai_t8_zm_zombie_base_walk_mantle_over_48
xanim,#ai_t8_zm_zombie_base_walk_mantle_over_40
xanim,#ai_t8_zm_zombie_base_walk_mantle_over_36
xanim,#ai_t8_zm_zombie_base_walk_mantle_over_96
xanim,#ai_civ_stn_exposed_run_arrival_2
xanim,#ai_civ_stn_exposed_run_arrival_3
xanim,#ai_civ_stn_exposed_run_arrival_1
xanim,#ai_civ_stn_exposed_run_arrival_6
xanim,#ai_civ_stn_exposed_run_arrival_7
xanim,#ai_civ_stn_exposed_run_arrival_4
xanim,#ai_civ_stn_exposed_run_arrival_9
xanim,#vm_ww_freezegun_fall
xanim,#vm_tactical_pullpin
xanim,#hash_746c47f274f7ee70
xanim,#vm_ww_freezegun_crawl_out
xanim,#vm_zom_raygun_mk2_jump_land
xanim,#ai_zm_dlc1_zombie_crawl_jump_up_36_down_244
xanim,#ai_t8_zm_zombie_boardtear_aligned_m_4_hold
xanim,#ai_direwolf_base_run_1
xanim,#ai_direwolf_base_run_2
xanim,#pt_ww_freezegun_t8_stand_reload
xanim,#ai_base_rifle_stn_exposed_dth_balcony_fallbwd_a
xanim,#hash_759e5bd9a76d6aaf
xanim,#hash_75c2ceb3d7263e46
xanim,#hash_75ecf78b4c7b52b5
xanim,#hash_75f2e441ea52a958
xanim,#ai_zombie_base_dth_tesla_d
xanim,#ai_zombie_base_dth_tesla_b
xanim,#ai_zombie_base_dth_tesla_c
xanim,#ai_zombie_base_dth_tesla_a
xanim,#vm_zom_thundergun_crawl_in
xanim,#ai_base_rifle_stn_assassination_counter_front
xanim,#vm_zom_tesla_sniper_jump_land
xanim,#ai_zombie_base_run_ad_v1_pain_chest_f
xanim,#ai_zombie_base_crawl_attack_v2
xanim,#ai_zombie_base_crawl_attack_v1
xanim,#ai_base_rifle_staircase_run_up_8x8_l_exit_4_stairs
xanim,#ai_zombie_base_run_ad_v11
xanim,#ai_zombie_base_run_ad_v12
xanim,#ai_zombie_base_run_ad_v14
xanim,#vm_dg2_crawl_in
xanim,#ai_zombie_base_run_ad_v21
xanim,#ai_zombie_base_run_ad_v20
xanim,#ai_zombie_base_run_ad_v23
xanim,#ai_zombie_base_run_ad_v22
xanim,#ai_zombie_base_run_ad_v24
xanim,#o_t8_zm_zombie_board_1_pull
xanim,#vm_ww_freezegun_sprint_out
xanim,#pt_pistol_stand_weapon_inspect
xanim,#vm_smg_thompson_sprint_loop
xanim,#hash_76dabeed260af215
xanim,#ai_zombie_base_walk_au_v8_pain_chest_f
xanim,#pt_rifle_stand_fire
xanim,#hash_7702d712fb30f1e2
xanim,#pt_rifle_prone_raise
xanim,#ai_zombie_base_fast_sprint_01
xanim,#ai_zombie_base_fast_sprint_02
xanim,#p8_fxanim_zm_orange_vault_door_init
xanim,#vm_raygun_sprint_putaway
xanim,#vm_zom_bowie_knife_ads_base_up
xanim,#vm_dg2_fire
xanim,#vm_smg_capacity_fall
xanim,#ai_zombie_base_walk_turn_180_l_v3
xanim,#vm_bare_hands_swim_tw_sprint_loop
xanim,#vm_dg2_reload_empty
xanim,#pt_battle_turret_male_stand_fire
xanim,#vm_dg2_jump_land
xanim,#ai_zombie_base_run_au_v23_pain_chest_f
xanim,#vm_katana_crawl_in
xanim,#ai_zombie_base_dog_trot_turn_90_right
xanim,#ai_zm_dlc1_zombie_jump_down_190
xanim,#vm_brawler_t8_crawl_r
xanim,#vm_brawler_t8_crawl_f
xanim,#vm_brawler_t8_crawl_b
xanim,#vm_brawler_t8_crawl_l
xanim,#vm_tempest_t8_swim_uw_pullout
xanim,#ai_t8_zm_zombie_base_crawl_boardtear_aligned_m_4_grab
xanim,#ai_zombie_zod_jump_down_256
xanim,#hash_7884ceb02e62482b
xanim,#ai_t8_zombie_base_sprint_ad_v2_pain_chest_f
xanim,#vm_smg_thompson_walk_f
xanim,#hash_78995d0a054b0b5c
xanim,#ai_zm_dlc1_zombie_run_lowg_v1_pain_chest_f_alt
xanim,#ai_zm_dlc1_zombie_run_lowg_v2_pain_chest_f_alt
xanim,#ai_base_rifle_staircase_run_up_8x12_loop_dbl_skip
xanim,#ai_base_rifle_stn_exposed_death_explosive_l_1
xanim,#ai_zombie_base_walk_au_v1_pain_chest_f_alt
xanim,#vm_smg_thompson_fire
xanim,#vm_sticky_grenade_pullpin_bare_hands_additive
xanim,#ai_zombie_base_run_au_v24
xanim,#ai_zombie_base_run_au_v20
xanim,#ai_zombie_base_run_au_v21
xanim,#ai_zombie_base_run_au_v22
xanim,#ai_zombie_base_run_au_v23
xanim,#ai_zombie_base_run_au_v11
xanim,#ai_zombie_base_run_au_v13
xanim,#ai_base_rifle_staircase_run_up_8x8_l_exit_3_stairs
xanim,#vm_katana_crawl_out
xanim,#ai_base_rifle_stn_run_dth_r_hips_lt_1
xanim,#pb_thundergun_t8_stand_idle
xanim,#vm_ww_freezegun_swim_uw_pullout
xanim,#ai_direwolf_base_howl
xanim,#ai_zombie_base_walk_au_v11_pain_chest_f
xanim,#ai_t8_zombie_base_crawl_win_trav_l_v1
xanim,#vm_zom_monkey_bomb_ads_up
xanim,#ai_t8_zm_zombie_base_crawl_boardtear_aligned_l_1_grab
xanim,#ai_zombie_base_sprint_au_sidestep_left_short
xanim,#ai_zombie_base_walk_au_v3_pain_chest_f
xanim,#pt_tesla_sniper_t8_prone_reload
xanim,#vm_t8_swim_brawler_l_additive
xanim,#ai_t8_zm_zombie_boardtear_aligned_l_5_hold
xanim,#ai_zombie_base_run_ad_v20_pain_chest_f
xanim,#ai_zombie_base_run_ad_sidestep_right_long
xanim,#ai_base_rifle_pro_trv_jump_up_96
xanim,#vm_smg_thompson_ads_base_down
xanim,#ai_base_rifle_pro_trv_jump_up_36
xanim,#ai_base_rifle_pro_trv_jump_up_48
xanim,#ai_base_rifle_pro_trv_jump_up_72
xanim,#ai_zombie_base_crawl_dth_tesla_b
xanim,#ai_zombie_base_crawl_dth_tesla_a
xanim,#ai_zombie_base_sprint_turn_180_l_v2
xanim,#ai_direwolf_base_run_jump_across_256
xanim,#vm_ww_freezegun_first_raise
xanim,#vm_ww_freezegun_sprint_in
xanim,#ai_zombie_dr_jump_down_190
xanim,#ai_zombie_dr_jump_down_184
xanim,#ai_zombie_dr_jump_down_127
xanim,#ai_t8_zm_mnsn_direwolf_pro_trv_jump_dn_32
xanim,#vm_zom_raygun_mk2_sprint_pullout
xanim,#ai_t8_zm_mnsn_direwolf_pro_trv_jump_dn_64
xanim,#hash_7c566300f425134d
xanim,#pb_rifle_stand_assassination_back_v1
xanim,#ai_t8_zm_zombie_base_crawl_boardtear_aligned_m_2_grab
xanim,#ai_zombie_base_run_ad_sidestep_right_short
xanim,#hash_7c91c41283dbfd25
xanim,#ai_zombie_zod_stunned_electrobolt_e
xanim,#ai_zombie_zod_stunned_electrobolt_d
xanim,#ai_zombie_zod_stunned_electrobolt_a
xanim,#ai_zombie_zod_stunned_electrobolt_c
xanim,#ai_zombie_zod_stunned_electrobolt_b
xanim,#pt_rifle_prone_fire
xanim,#vm_zom_monkey_bomb_ads_down
xanim,#ai_zombie_base_walk_ad_v3_pain_chest_f
xanim,#hash_7cfd5145ed097dbe
xanim,#hash_7d033467de525ff0
xanim,#vm_frag_throwback
xanim,#vm_smg_thompson_jump
xanim,#ai_zombie_base_run_ad_v7_pain_chest_f
xanim,#vm_katana_idle
xanim,#hash_7d39028a61d1d3cc
xanim,#vm_zom_talon_spikes_dw_crawl_out
xanim,#vm_zom_tesla_sniper_fire
xanim,#ai_zombie_base_dog_run_attack_low
xanim,#ai_civ_stn_exposed_run_turn_r_90
xanim,#vm_zipline_out
xanim,#ai_t8_zm_zod_catalyst_corrosive_death_02
xanim,#ai_t8_zm_zod_catalyst_corrosive_death_01
xanim,#ai_t8_zombie_base_sprint_au_v2_pain_chest_f
xanim,#pb_t8_zipline_idle
xanim,#ai_t8_zm_zombie_base_crawl_boardtear_aligned_l_2_pull
xanim,#vm_pistol_webley_hand_pose_r
xanim,#vm_pistol_webley_hand_pose_l
xanim,#vm_t8_dw_slide_additive
xanim,#vm_katana_melee_in
xanim,#ai_t8_zombie_base_sprint_attack_02
xanim,#ai_t8_zombie_base_sprint_attack_04
xanim,#ai_t8_zombie_base_sprint_attack_06
xanim,#ai_t8_zombie_base_sprint_attack_08
xanim,#vm_zom_tesla_sniper_ads_base_up
xanim,#ai_t8_zombie_base_sprint_attack_13
xanim,#ai_t8_zombie_base_sprint_attack_12
xanim,#ai_t8_zombie_base_sprint_attack_10
xanim,#ai_t8_zombie_base_sprint_attack_17
xanim,#ai_t8_zombie_base_sprint_attack_19
xanim,#ai_t8_zombie_base_sprint_attack_18
xanim,#ai_t8_zombie_base_sprint_attack_24
xanim,#ai_t8_zombie_base_sprint_attack_25
xanim,#ai_t8_zombie_base_sprint_attack_22
xanim,#ai_t8_zombie_base_sprint_attack_23
xanim,#ai_t8_zombie_base_sprint_attack_20
xanim,#ai_t8_zombie_base_sprint_attack_21
xanim,#ai_t8_zombie_base_sprint_attack_28
xanim,#ai_t8_zombie_base_sprint_attack_29
xanim,#ai_t8_zombie_base_sprint_attack_30
xanim,#ai_t8_zm_zombie_boardtear_aligned_m_2_hold
xanim,#hash_7e52055ab29a68b9
xanim,#ai_zombie_base_walk_ad_sidestep_left_short_b
xanim,#ai_t8_zm_zombie_base_crawl_boardtear_aligned_r_4_grab
xanim,#ai_zombie_base_walk_au_v15_pain_chest_f
xanim,#ai_zombie_base_run_au_v1_pain_chest_f_alt
xanim,#ai_zombie_base_run_au_sidestep_right_long_a
xanim,#ai_zombie_base_run_au_sidestep_right_long_b
xanim,#ai_zombie_base_run_au_sidestep_right_long_c
xanim,#ai_civ_stn_exposed_panic_pain_f_00
xanim,#vm_ww_freezegun_putaway
xanim,#ai_t8_zombie_base_walk_ad_win_trav_l_v1
xanim,#vm_zom_tesla_sniper_walk_f
xanim,#ai_zombie_base_walk_au_v23_pain_chest_f
xanim,#ai_zombie_base_sprint_turn_135_r_v2
xanim,#ai_zombie_base_run_au_v9
xanim,#ai_zombie_base_run_au_v4
xanim,#ai_zombie_base_run_au_v5
xanim,#ai_zombie_base_run_au_v2
xanim,#ai_zombie_base_run_au_v1
xanim,#pt_minigun_fem_stand_throw
xanim,#hash_7f4a62af699d8072
xanim,#ai_t8_zombie_base_sprint_au_win_trav_m_v1
xanim,#ai_t8_zombie_base_sprint_au_win_trav_m_v2
xanim,#ai_t8_zm_zombie_base_crawl_boardtear_aligned_r_4_hold
xanim,#ai_t8_zm_zombie_boardtear_aligned_l_6_hold
xanim,#vm_t8_base_slide_additive
xanim,#ai_base_rifle_staircase_run_up_8x16_in
scriptbundle,#activecamoinfo_t8_sig_lmg_heavy_seventies_van
scriptbundle,#activecamoinfo_t8_sig_ar_accurate_postapocalyptic
scriptbundle,#activecamoinfo_t8_sig_shotgun_pump_police
scriptbundle,#p8_fxanim_zm_orange_flinger_bundle
scriptbundle,#activecamoinfo_t8_kill_counter_zm
scriptbundle,#activecamoinfo_t8_kill_counter_wz
scriptbundle,#ability_dog_mp_scoreevents
scriptbundle,#activecamoinfo_t8_fast_direct_action_kills
scriptbundle,#p8_fxanim_zm_orange_reel_to_reel_recorder_bundle
scriptbundle,#activecamoinfo_t8_kill_counter
scriptbundle,#activecamoinfo_t8_sig_lmg_spray_venom_wz
scriptbundle,#activecamoinfo_t8_sig_lmg_spray_venom_zm
scriptbundle,#activecamoinfo_t8_ar_fastfire
scriptbundle,#activecamoinfo_t8_sig_smg_capacity_spaceshuttle_wz
scriptbundle,#activecamoinfo_t8_sig_smg_capacity_spaceshuttle_zm
scriptbundle,#activecamoinfo_t8_smg_standard_wz
scriptbundle,#activecamoinfo_t8_smg_standard_zm
scriptbundle,#aib_t8_zm_zombie_base_trv_entry_mantle_272
scriptbundle,#activecamoinfo_t8_fast_direct_action_kills_symbiosis
scriptbundle,#activecamoinfo_t8_sig_smg_fastfire_voyage_zm
scriptbundle,#p8_fxanim_zm_orange_flinger_four_seater_bundle
scriptbundle,#activecamoinfo_t8_sig_smg_fastfire_voyage_wz
scriptbundle,#activecamoinfo_t8_direct_action_kills_solarflare
scriptbundle,#activecamoinfo_t8_direct_action_kills_zombie_flick
scriptbundle,#activecamoinfo_t8_darkmatter_wz
scriptbundle,#activecamoinfo_t8_darkmatter_zm
scriptbundle,#p8_fxanim_zm_zod_wormhole_bundle
scriptbundle,#ztable_orange_dynamite_bomb
scriptbundle,#aib_vign_zm_mnsn_tornado_zombie
scriptbundle,#activecamoinfo_t8_smg_accurate_wz
scriptbundle,#activecamoinfo_t8_smg_accurate_zm
scriptbundle,#activecamoinfo_t8_direct_action_kills_alt_zm
scriptbundle,#activecamoinfo_t8_direct_action_kills_alt_wz
scriptbundle,#activecamoinfo_t8_sig_pistol_fullauto_arcade
scriptbundle,#zblueprint_orange_dynamite_bomb
scriptbundle,#activecamoinfo_t8_direct_action_kills_wz
scriptbundle,#activecamoinfo_t8_direct_action_kills_zm
scriptbundle,#cin_t8_zm_zombie_base_trv_entry_climb_272
scriptbundle,#activecamoinfo_t8_sig_sniper_powerbolt_viking
scriptbundle,#activecamoinfo_t8_kills_without_dying_retro_vegas_neon
scriptbundle,#activecamoinfo_t8_ar_accurate
scriptbundle,#activecamoinfo_t8_take_it_personally
scriptbundle,#activecamoinfo_t8_sig_shotgun_pump_police_zm
scriptbundle,#activecamoinfo_t8_sig_shotgun_pump_police_wz
scriptbundle,#activecamoinfo_t8_sig_lmg_heavy_seventies_van_wz
scriptbundle,#activecamoinfo_t8_sig_lmg_heavy_seventies_van_zm
scriptbundle,#activecamoinfo_t8_sig_tr_longburst_scrimshaw_zm
scriptbundle,#activecamoinfo_t8_sig_tr_longburst_scrimshaw_wz
scriptbundle,#activecamoinfo_t8_sig_ar_accurate_postapocalyptic_zm
scriptbundle,#activecamoinfo_t8_sig_ar_accurate_postapocalyptic_wz
scriptbundle,#activecamoinfo_t8_fast_direct_action_kills_spinal
scriptbundle,#activecamoinfo_t8_pistol_standard
scriptbundle,#activecamoinfo_t8_shotgun_semiauto_zm
scriptbundle,#activecamoinfo_t8_shotgun_semiauto_wz
scriptbundle,#p8_fxanim_zm_orange_zipline_stern_bundle
scriptbundle,#p8_fxanim_zm_perk_vending_tonic_bundle
scriptbundle,#activecamoinfo_t8_sig_smg_fastfire_voyage
scriptbundle,#activecamoinfo_t8_sig_tr_flechette_rivermonster_wz
scriptbundle,#activecamoinfo_t8_sig_tr_flechette_rivermonster_zm
scriptbundle,#p8_fxanim_zm_orange_trap_switch_box_bundle
scriptbundle,#activecamoinfo_t8_smg_accurate
scriptbundle,#activecamoinfo_t8_kills_without_dying_alt
scriptbundle,#activecamoinfo_t8_gold_zm
scriptbundle,#eq_frag_grenade_mp_scoreevents
scriptbundle,#activecamoinfo_t8_gold_wz
scriptbundle,#activecamoinfo_t8_sig_sniper_powerbolt_viking_zm
scriptbundle,#activecamoinfo_t8_shotgun_semiauto
scriptbundle,#activecamoinfo_t8_sig_sniper_powerbolt_viking_wz
scriptbundle,#p8_zm_ora_turbine_generator_01_animated_bundle
scriptbundle,#p8_fxanim_zm_ora_spawn_avalanche_bundle
scriptbundle,#c_zom_der_zombie_hat_gib_def
scriptbundle,#hero_pineapplegun_scoreevents
scriptbundle,#activecamoinfo_t8_sig_tr_powersemi_rustymech_zm
scriptbundle,#activecamoinfo_t8_sig_tr_powersemi_rustymech_wz
scriptbundle,#activecamoinfo_t8_kills_without_dying
scriptbundle,#ztable_orange_zipline_crank
scriptbundle,#activecamoinfo_t8_direct_action_kills_shattered_wz
scriptbundle,#activecamoinfo_t8_direct_action_kills_shattered_zm
scriptbundle,#damageeffecttype_electrical
scriptbundle,#activecamoinfo_t8_sig_shotgun_fullauto_construction
scriptbundle,#activecamoinfo_t8_sig_tr_flechette_rivermonster
scriptbundle,#activecamoinfo_t8_objective_kills_zm
scriptbundle,#activecamoinfo_t8_objective_kills_wz
scriptbundle,#cin_t8_monkeybomb_dance
scriptbundle,#activecamoinfo_t8_kill_counter_party_rock_wz
scriptbundle,#activecamoinfo_t8_kill_counter_party_rock_zm
scriptbundle,#ztable_orange_open
scriptbundle,#c_t8_zmb_ofc_zombie_male1_gib_def
scriptbundle,#activecamoinfo_t8_fast_direct_action_kills_treasure_wz
scriptbundle,#zm_zombie_dog_settings
scriptbundle,#activecamoinfo_t8_fast_direct_action_kills_treasure_zm
scriptbundle,#activecamoinfo_t8_ar_accurate_wz
scriptbundle,#activecamoinfo_t8_ar_accurate_zm
scriptbundle,#default_fx_table
scriptbundle,#ai_zm_ora_zombie_music_box_rise
scriptbundle,#activecamoinfo_t8_darkmatter_classic_dark
scriptbundle,#activecamoinfo_t8_diamond_zm
scriptbundle,#activecamoinfo_t8_diamond_wz
scriptbundle,#activecamoinfo_t8_fast_direct_action_kills_phased_zm
scriptbundle,#activecamoinfo_t8_fast_direct_action_kills_phased_wz
scriptbundle,#activecamoinfo_t8_sig_sniper_quickscope_zombies
scriptbundle,#activecamoinfo_t8_sig_tr_midburst_bomber_wz
scriptbundle,#activecamoinfo_t8_sig_tr_midburst_bomber
scriptbundle,#activecamoinfo_t8_sig_tr_midburst_bomber_zm
scriptbundle,#zblueprint_orange_heat_pack
scriptbundle,#activecamoinfo_t8_fast_direct_action_kills_circle_slice_zm
scriptbundle,#activecamoinfo_t8_fast_direct_action_kills_circle_slice_wz
scriptbundle,#activecamoinfo_t8_sig_tr_longburst_scrimshaw
scriptbundle,#activecamoinfo_t8_rapid_kills_zm
scriptbundle,#activecamoinfo_t8_rapid_kills_wz
scriptbundle,#activecamoinfo_t8_fast_direct_action_kills_mystic_wz
scriptbundle,#zm_zod_zombie_settings
scriptbundle,#activecamoinfo_t8_fast_direct_action_kills_mystic_zm
scriptbundle,#activecamoinfo_t8_direct_action_kills_115
scriptbundle,#activecamoinfo_t8_fast_direct_action_kills_spinal_wz
scriptbundle,#activecamoinfo_t8_fast_direct_action_kills_spinal_zm
scriptbundle,#zblueprint_orange_zipline_crank
scriptbundle,#activecamoinfo_t8_sig_ar_damage_fighter_plane_zm
scriptbundle,#activecamoinfo_t8_sig_ar_damage_fighter_plane_wz
scriptbundle,#activecamoinfo_t8_darkmatter
scriptbundle,#p8_fxanim_zm_office_wormhole_bundle
scriptbundle,#activecamoinfo_t8_sig_smg_accurate_darkunicorn
scriptbundle,#p8_fxanim_zm_perk_vending_cola_bundle
scriptbundle,#aib_t8_zm_zombie_base_trv_bow_mantle_420
scriptbundle,#fxb8_zm_char_wolf
scriptbundle,#activecamoinfo_t8_direct_action_kills_solarflare_wz
scriptbundle,#activecamoinfo_t8_direct_action_kills_solarflare_zm
scriptbundle,#activecamoinfo_t8_sig_ar_damage_fighter_plane
scriptbundle,#activecamoinfo_t8_gold_classic
scriptbundle,#p8_fxanim_zm_orange_vault_door_bundle
scriptbundle,#activecamoinfo_t8_sig_ar_modular_faberge_wz
scriptbundle,#activecamoinfo_t8_sig_ar_modular_faberge_zm
scriptbundle,#default_traversal_extents_zm
scriptbundle,#zm_wolf_ally_settings
scriptbundle,#activecamoinfo_t8_sig_sniper_powersemi_vietnam_zm
scriptbundle,#activecamoinfo_t8_sig_sniper_powersemi_vietnam_wz
scriptbundle,#activecamoinfo_t8_kills_without_dying_retro_vegas_neon_wz
scriptbundle,#activecamoinfo_t8_kills_without_dying_retro_vegas_neon_zm
scriptbundle,#zm_escape_zombie_settings
scriptbundle,#cin_zm_dlc1_spike_plant_loop
scriptbundle,#activecamoinfo_t8_direct_action_kills_brains_zm
scriptbundle,#cin_zm_dlc1_zombie_crawler_talonspike_a_loop
scriptbundle,#activecamoinfo_t8_direct_action_kills_brains_wz
scriptbundle,#activecamoinfo_t8_showstopper
scriptbundle,#activecamoinfo_t8_sig_pistol_burst_raven_zm
scriptbundle,#activecamoinfo_t8_sig_pistol_burst_raven_wz
scriptbundle,#p8_fxanim_zm_perk_vending_soda_bundle
scriptbundle,#activecamoinfo_t8_lmg_standard
scriptbundle,#activecamoinfo_t8_rapid_kills
scriptbundle,#activecamoinfo_t8_sig_ar_stealth_vampire
scriptbundle,#activecamoinfo_t8_sig_smg_fastburst_diy
scriptbundle,#activecamoinfo_t8_pistol_standard_zm
scriptbundle,#activecamoinfo_t8_pistol_standard_wz
scriptbundle,#p8_fxanim_zm_orange_ship_hatch_door_bundle
scriptbundle,#activecamoinfo_t8_headshot
scriptbundle,#activecamoinfo_t8_sig_smg_accurate_darkunicorn_wz
scriptbundle,#activecamoinfo_t8_sig_smg_accurate_darkunicorn_zm
scriptbundle,#activecamoinfo_t8_gold
scriptbundle,#hero_flamethrower_scoreevents
scriptbundle,#p8_fxanim_zm_orange_frozen_key_bundle
scriptbundle,#activecamoinfo_t8_sig_smg_capacity_spaceshuttle
scriptbundle,#activecamoinfo_t8_sig_smg_handling_hunter_wz
scriptbundle,#activecamoinfo_t8_sig_smg_handling_hunter_zm
scriptbundle,#activecamoinfo_t8_sig_tr_powersemi_rustymech
scriptbundle,#activecamoinfo_t8_sig_ar_standard_adventure_zm
scriptbundle,#activecamoinfo_t8_sig_ar_standard_adventure_wz
scriptbundle,#activecamoinfo_t8_direct_action_kills_zombie_flick_zm
scriptbundle,#activecamoinfo_t8_direct_action_kills_zombie_flick_wz
scriptbundle,#activecamoinfo_t8_sig_pistol_revolver_cyberpunk
scriptbundle,#activecamoinfo_t8_fast_direct_action_kills_apb
scriptbundle,#default_traversal_extents
scriptbundle,#activecamoinfo_t8_direct_action_kills_fractalflames_wz
scriptbundle,#aib_t8_zm_zombie_undercroft_spawn_02
scriptbundle,#activecamoinfo_t8_direct_action_kills_fractalflames_zm
scriptbundle,#zblueprint_shield_zhield_riot
scriptbundle,#damageeffecttype_fire
scriptbundle,#activecamoinfo_t8_diamond
scriptbundle,#activecamoinfo_t8_sig_pistol_fullauto_arcade_zm
scriptbundle,#activecamoinfo_t8_sig_pistol_fullauto_arcade_wz
scriptbundle,#activecamoinfo_t8_direct_action_kills_celestial
scriptbundle,#activecamoinfo_t8_kill_counter_party_rock
scriptbundle,#activecamoinfo_t8_direct_action_kills_fractalflames
scriptbundle,#activecamoinfo_t8_showstopper_wz
scriptbundle,#activecamoinfo_t8_showstopper_zm
scriptbundle,#activecamoinfo_t8_sig_ar_standard_adventure
scriptbundle,#activecamoinfo_t8_lmg_standard_wz
scriptbundle,#activecamoinfo_t8_lmg_standard_zm
scriptbundle,#activecamoinfo_t8_direct_action_kills_brains
scriptbundle,#activecamoinfo_t8_objective_kills
scriptbundle,#activecamoinfo_t8_sig_smg_handling_hunter
scriptbundle,#zm_zombie_settings
scriptbundle,#activecamoinfo_t8_direct_action_kills_115_zm
scriptbundle,#activecamoinfo_t8_direct_action_kills_115_wz
scriptbundle,#activecamoinfo_t8_sig_pistol_burst_raven
scriptbundle,#activecamoinfo_t8_kills_without_dying_wz
scriptbundle,#activecamoinfo_t8_kills_without_dying_zm
scriptbundle,#activecamoinfo_t8_ar_fastfire_zm
scriptbundle,#activecamoinfo_t8_sig_pistol_revolver_cyberpunk_wz
scriptbundle,#activecamoinfo_t8_sig_pistol_revolver_cyberpunk_zm
scriptbundle,#activecamoinfo_t8_ar_fastfire_wz
scriptbundle,#activecamoinfo_t8_sig_shotgun_fullauto_construction_zm
scriptbundle,#activecamoinfo_t8_sig_shotgun_fullauto_construction_wz
scriptbundle,#p8_zm_gravityspikes_miniboss_trap_scene
scriptbundle,#activecamoinfo_t8_direct_action_kills_celestial_zm
scriptbundle,#activecamoinfo_t8_fast_direct_action_kills_circle_slice
scriptbundle,#activecamoinfo_t8_direct_action_kills_celestial_wz
scriptbundle,#aiassassination_human
scriptbundle,#activecamoinfo_t8_sig_sniper_fastrechamber_western
scriptbundle,#p8_fxanim_pap_ice_bundle
scriptbundle,#fxd8_zm_char_zombie_base_body
scriptbundle,#activecamoinfo_t8_fast_direct_action_kills_phased
scriptbundle,#p8_zm_ora_music_box_bundle
scriptbundle,#activecamoinfo_t8_sig_ar_modular_porcelain_wz
scriptbundle,#activecamoinfo_t8_sig_ar_modular_porcelain_zm
scriptbundle,#p8_zm_flame_tornado_miniboss_scene
scriptbundle,#activecamoinfo_t8_fast_direct_action_kills_apb_wz
scriptbundle,#activecamoinfo_t8_fast_direct_action_kills_apb_zm
scriptbundle,#activecamoinfo_t8_darkmatter_classic_red
scriptbundle,#p8_fxanim_zm_orange_pap_animator_bundle
scriptbundle,#activecamoinfo_t8_diamond_classic
scriptbundle,#p8_fxanim_zm_perk_vending_brew_bundle
scriptbundle,#activecamoinfo_t8_sig_lmg_spray_venom
scriptbundle,#activecamoinfo_t8_sig_smg_fastburst_diy_wz
scriptbundle,#activecamoinfo_t8_sig_smg_fastburst_diy_zm
scriptbundle,#aib_t8_zm_zombie_base_trv_shipside_mantle_420
scriptbundle,#activecamoinfo_t8_direct_action_kills_alt
scriptbundle,#activecamoinfo_t8_smg_standard
scriptbundle,#activecamoinfo_t8_direct_action_kills
scriptbundle,#activecamoinfo_t8_fast_direct_action_kills_treasure
scriptbundle,#activecamoinfo_t8_sig_sniper_fastrechamber_western_zm
scriptbundle,#activecamoinfo_t8_sig_sniper_fastrechamber_western_wz
scriptbundle,#activecamoinfo_t8_cyberpunk
scriptbundle,#activecamoinfo_t8_headshot_alt
scriptbundle,#activecamoinfo_t8_sig_sniper_quickscope_zombies_zm
scriptbundle,#activecamoinfo_t8_sig_sniper_quickscope_zombies_wz
scriptbundle,#activecamoinfo_t8_sig_ar_stealth_vampire_zm
scriptbundle,#activecamoinfo_t8_sig_ar_stealth_vampire_wz
scriptbundle,#activecamoinfo_t8_headshot_zm
scriptbundle,#activecamoinfo_t8_sig_ar_modular_porcelain
scriptbundle,#activecamoinfo_t8_headshot_wz
scriptbundle,#activecamoinfo_t8_take_it_personally_wz
scriptbundle,#activecamoinfo_t8_take_it_personally_zm
scriptbundle,#activecamoinfo_t8_sig_ar_modular_faberge
scriptbundle,#activecamoinfo_t8_fast_direct_action_kills_mystic
scriptbundle,#p8_fxanim_zm_orange_pablo_lift_bundle
scriptbundle,#activecamoinfo_t8_fast_direct_action_kills_zm
scriptbundle,#activecamoinfo_t8_fast_direct_action_kills_wz
scriptbundle,#c_t8_zmb_ora_zombie_electric_gib_def
scriptbundle,#activecamoinfo_t8_sig_sniper_powersemi_vietnam
scriptbundle,#activecamoinfo_t8_fast_direct_action_kills_symbiosis_zm
scriptbundle,#activecamoinfo_t8_fast_direct_action_kills_symbiosis_wz
scriptbundle,#activecamoinfo_t8_kills_without_dying_alt_zm
scriptbundle,#activecamoinfo_t8_kills_without_dying_alt_wz
scriptbundle,#p8_fxanim_zm_orange_zipline_bow_bundle
scriptbundle,#activecamoinfo_t8_headshot_alt_wz
scriptbundle,#activecamoinfo_t8_headshot_alt_zm
scriptbundle,#activecamoinfo_t8_direct_action_kills_shattered
scriptbundle,#cin_zm_dlc1_zombie_talonspike_loop
scriptbundle,#c_54i_grunt_fx_table
scriptbundle,#c_t8_zmb_3rdclass_male_gib_def
scriptbundle,#activecamoinfo_t8_cyberpunk_wz
scriptbundle,#activecamoinfo_t8_cyberpunk_zm
material,#riotshield_zm_icon
string,#zm_orange/location_main_entrance
string,#mpui/stalker
string,#hash_6831cfd35264e1
string,#hash_95c5021b448b56
string,#zmweapon/smg_thompson
string,#mpui/extclip_desc
string,#mpui/fmj_desc
string,#hash_b80e393ce68873
string,#mpui/supply_desc
string,#hash_189972b46e07775
string,#mpui/dualoptic
string,#hash_24a438482954901
string,#hash_28ea515ade07dde
string,#hash_2e2da9c51dd43f6
string,#mpui/fastreload2_desc
string,#zm_orange/location_lighthouse_cove
string,#zmui/fmj_desc
string,#menu/camo_loot_zombie_maitai
string,#zmweapon/riotshield
string,#zm_escape/trap_cooldown
string,#hash_40c47b72c083914
string,#mpui/camo_active_take_it_personally
string,#mpui/camo_flectarn
string,#mpui/extclip2
string,#hash_4e6ad0a0aed9c99
string,#hash_50d83a4f11ad9d8
string,#hash_594894375473c7b
string,#hash_5be026b2781b8c9
string,#hash_5d7eb1442a4f213
string,#hash_5e2f764ee170b70
string,#hash_5f22e6bba160236
string,#zm_orange/dynamite_bomb_place
string,#menu/camo_loot_scratchnsniff
string,#mpui/quickdraw2_desc
string,#mpui/stalker2_desc
string,#zombie/tesla_gun_upgraded
string,#weapon/sig_buckler_dw
string,#hash_73f632514ab7d15
string,#hash_74a5f9eca181602
string,#zm_orange/location_beach
string,#hash_7f5464b25d90d8c
string,#mpui/extclip
string,#hash_870732dcf823d00
string,#hash_87115f5e3c24bd6
string,#hash_9162184ef7f0220
string,#menu/camo_loot_roadhouse
string,#menu/camo_loot_trifecta
string,#zm_orange/location_docks
string,#hash_9af968cebf182d2
string,#hash_a2765ba6a6e49fb
string,#hash_a6d2c344dea5c28
string,#hash_aed756161e44fe1
string,#hash_b2dd9a0b97705ad
string,#hash_b6e409536fc91fe
string,#hash_b98a1f80d904fb2
string,#hash_b9eef4c2cef38d0
string,#mpui/fastreload2
string,#zmweapon/tundragun
string,#hash_c0c2aecab7c9830
string,#hash_c2b77be4cf5b142
string,#mpui/damage2_desc
string,#hash_ca361c0650153b4
string,#zm_orange/dynamite_bomb_place_keyboard
string,#hash_d8622d38b0078a8
string,#hash_e2971bbfafcfe66
string,#mpui/fastlockon_desc
string,#hash_eb543cd4ec82ae7
string,#hash_eb74e8efde96bb6
string,#hash_ee567911dd1ce83
string,#hash_eff579a2073f6b5
string,#menu/camo_loot_circuitboard
string,#hash_f90cca21dd0dd02
string,#hash_1014fb82e4e32c24
string,#mpui/vzoom
string,#hash_11416e3dffba8d50
string,#mpui/mk
string,#menu/camo_loot_fractalized
string,#mpui/ir
string,#mpui/is
string,#mpui/gl
string,#mpui/dw
string,#hash_117ffcace4813a85
string,#mpui/camo_dante
string,#mpui/sf
string,#mpui/rf
string,#hash_11cfa6d5f521dede
string,#mpui/no_attachment
string,#hash_124603508868b48d
string,#zm_orange/location_specimen_storage
string,#hash_12b192a09f26c724
string,#mpui/uber
string,#zm_orange/flinger_desination_not_unlocked
string,#mpui/barrelchoke_desc
string,#hash_13e0b20e0d4e3d1f
string,#hash_13f64b913a8510ce
string,#zm_orange/location_lighthouse_station
string,#menu/camo_active_treasure
string,#hash_14d1d9ee53a85901
string,#hash_1544a5bc927bae1c
string,#hash_157e92134806d101
string,#mpui/camo_redhex
string,#hash_15b81856e839fed9
string,#hash_15cf0d46af70291b
string,#mpui/null
string,#mpui/grip
string,#hash_166b7f0f8f0d22fc
string,#hash_16752aa6ec4b6715
string,#hash_16b4b2b59405ab16
string,#hash_172253c9314825fc
string,#mpui/suppressed_desc
string,#hash_17783814d047454c
string,#hash_1796d85a4ee770b1
string,#zm_orange/location_gangway
string,#hash_17af2e2ebc75a206
string,#menu/camo_loot_fullsuite
string,#mpui/no_attachment_desc
string,#hash_188b62454f9ad5e2
string,#zm_orange/location_sunken_path
string,#menu/camo_loot_goosebumps
string,#hash_18b7a04e895ea48a
string,#hash_18dcf44bdd7a747c
string,#mpui/uber_desc
string,#mpui/camo_active_rapid_kills
string,#hash_1960a6223dd21d1a
string,#zm_orange/location_security_lobby
string,#mpui/barrelchoke
string,#hash_1a11fe21d51fde99
string,#hash_1a1e29920a655055
string,#hash_1b00229a5eb94332
string,#hash_1b0a1cd788770a2c
string,#hash_1b75a3705bfd446b
string,#zmweapon/ww_freezegun_t8
string,#hash_1c07c87a45375aaf
string,#hash_1c085e4db0b218f9
string,#hash_1c2b8784bb8aa590
string,#hash_1c356afe160c9b7a
string,#hash_1c6212f5aff79380
string,#hash_1c728bc5a555de5b
string,#hash_1c90be4081261de3
string,#mpui/camo_integer
string,#hash_1cba478a3a2ba155
string,#hash_1cc63d50dbd08da7
string,#hash_1d0e45476161abb0
string,#hash_1dd68872a158d43b
string,#zmui/mms_desc
string,#hash_1e1bf447950e7c92
string,#mpui/steadyaim2
string,#zm_orange/location_frozen_crevasse
string,#hash_1ea67965f84fd306
string,#hash_1eb8725f711ced96
string,#hash_1edb26dc1cc6e119
string,#hash_1ee18bf56df7a29b
string,#hash_1fbdd38541c13a62
string,#hash_1fe11cd647262073
string,#menu/camo_loot_benjamins
string,#hash_20aa96975beb9059
string,#zm_orange/location_geological_processing
string,#menu/camo_loot_fearhaze
string,#hash_21b8b8c46271e228
string,#zombie/trap_cooldown
string,#hash_22403f43ff20f2db
string,#hash_226401bfc284fb25
string,#menu/camo_loot_seaflake
string,#zombie/trap_locked
string,#zmweapon/ww_tesla_sniper
string,#menu/camo_loot_astronomy
string,#hash_23184906a849ac54
string,#zombie/button_buy_trap
string,#mpui/camo_jungle
string,#mpui/dualoptic_desc
string,#mpui/camo_huntsman
string,#hash_246c7d9118b22299
string,#zombie/wallbuy_cooldown
string,#hash_24a3e0f402bfd000
string,#menu/camo_loot_masks
string,#hash_25488a48dddb319c
string,#menu/camo_loot_shimmer
string,#hash_25811ef8abc80b1f
string,#hash_258f60f733c7a181
string,#mpui/elo_desc
string,#hash_25cb84d1af883c53
string,#hash_25d3f454e864bb4a
string,#menu/camo_loot_picnic_royale
string,#hash_25fc6c872fa95f5e
string,#hash_2628f8facd7d3398
string,#mpui/pistolscope
string,#hash_269e5cc1c5092548
string,#hash_26adc6b84f143b29
string,#hash_2709190b7c4650d8
string,#hash_28356be4df0c611f
string,#hash_286ff0974159fb7c
string,#hash_28851887435f3a31
string,#mpui/fmj2_desc
string,#hash_28eeceb083aa7339
string,#hash_28f8d698fe4d79d2
string,#zmui/high_caliber_2_desc
string,#zmweapon/tundragun_upgraded
string,#hash_2934f352bd60d6d6
string,#hash_2936406873b0946e
string,#hash_2965a935caf13052
string,#mpui/holdbreath_desc
string,#hash_298f465469b5e458
string,#hash_299d0a3534135476
string,#hash_29c290061e6ca07b
string,#mpui/camo_active_kill_counter
string,#hash_2a634db8501d93aa
string,#hash_2aa6fa1848766679
string,#hash_2ab45b2d46ada063
string,#hash_2afdbd8d1939e913
string,#hash_2b0fae1c09a3d8a9
string,#hash_2b27d20d2cfc1069
string,#hash_2b3d791eb05ec296
string,#mpui/camo_ardent
string,#hash_2b519f03dd9d6872
string,#zm_escape/acid_trap
string,#mpui/acog_desc
string,#hash_2c31c30f3d0b0484
string,#hash_2c3522a5820ac5f4
string,#mpui/stabilizer_desc
string,#mpui/holdbreath
string,#menu/camo_active_mystic
string,#hash_2ce0613217a0bac4
string,#hash_2cf824933e1a8ac1
string,#hash_2d003d6a1240093c
string,#hash_2d85a60f366822d1
string,#hash_2e2afc1b8f8fa0eb
string,#mpui/reflex
string,#hash_2ed06d351658eadf
string,#zmweapon/music_box
string,#zm_orange/edge_exit
string,#hash_2f6eb9c102b831ad
string,#mpui/camo_burnt
string,#hash_2f95fd18fc037b20
string,#mpui/fmj2
string,#hash_3041bf105b58c16a
string,#mpui/ir_desc
string,#hash_30d231a12332f5ca
string,#hash_30df02915fdc6a67
string,#hash_30f532e9051a3691
string,#hash_314a7588b45256eb
string,#zombie/equip_riotshield_pickup_hint_string
string,#hash_31e9d057a03398bf
string,#hash_32788cc36c0a913d
string,#hash_3279150dc6bd1b3b
string,#mpui/camo_snowjob
string,#hash_32c2d1c9270407a3
string,#menu/camo_active_brains
string,#hash_33116738f78d04b3
string,#zm_orange/location_cargo_hold
string,#hash_33c5a3d6ed967788
string,#hash_33ce9da949624fae
string,#hash_33e97cafe9a6ce11
string,#hash_33f013eacb53964c
string,#zm_orange/location_ice_grotto
string,#hash_34e048217bee05fc
string,#mpui/holo_desc
string,#zombie/ray_gun_upgraded
string,#hash_3562fe8569b10d6f
string,#mpui/quickdraw2
string,#hash_360742434808cf8e
string,#hash_3640fdfd426ba4b4
string,#hash_366888e106b2bbb3
string,#menu/camo_active_115
string,#hash_36be4a2f9e325b50
string,#mpui/fmj
string,#zm_orange/grab_heat_pack_free
string,#hash_37471870d5389932
string,#hash_376f1740578b8a2e
string,#zm_orange/location_lagoon
string,#hash_3824d76b4a721017
string,#hash_38698d6863661eb6
string,#menu/camo_loot_dinoglyphs
string,#zmui/fmj2_desc
string,#hash_388256f1e5a62d7c
string,#zm_orange/location_sun_deck
string,#hash_38d87fd576702a44
string,#menu/camo_loot_streetrace
string,#mpui/killcounter
string,#mpui/extbarrel2
string,#hash_39a57c12eb43e417
string,#mpui/grip_desc
string,#zm_orange/location_lighthouse_approach
string,#mpui/reticle_color_1
string,#hash_39c6252f8f92d0f2
string,#zombie/trap_active
string,#hash_39d6b1ad0b94f111
string,#hash_3a0b70fac224c702
string,#mpui/camo_active_showstopper
string,#hash_3a5a3e5c65b49526
string,#zm_orange/location_hidden_path
string,#mpui/reddot_desc
string,#hash_3ae42f7d6eabab5a
string,#hash_3afa541deaa222c5
string,#hash_3b3769bc56dab413
string,#hash_3b3927bba2231a49
string,#hash_3b5dc0adfa400025
string,#mpui/camo_darkmatter
string,#hash_3be823a04b5cca2d
string,#hash_3bef5d4b45686b34
string,#zm_orange/location_forecastle
string,#hash_3c96e29876e85183
string,#hash_3ca7be08f434c427
string,#hash_3ca968dee9e5dc02
string,#menu/camo_active_spinal
string,#hash_3d100dab414286bd
string,#hash_3d26eb8dafae98e9
string,#zmui/suppressor_desc
string,#hash_3d7d3a56e292c6fa
string,#hash_3d7f4136a3c462c8
string,#zm_orange/location_navigation
string,#hash_3d93f7957f6855e5
string,#mpui/tacknife
string,#menu/camo_loot_chrysalis
string,#menu/camo_loot_cherryblossom
string,#hash_3e42591da1c1538f
string,#mpui/steadyaim_desc
string,#hash_3e87176776a2b6e3
string,#mpui/camo_chameleon
string,#mpui/gl_desc
string,#menu/camo_loot_jellymaw
string,#mpui/is_desc
string,#hash_3f3c0bdcb88cacfa
string,#zombie/powerup_shield_charge
string,#hash_3f668e62652456fd
string,#hash_3ff32595013837b6
string,#hash_407cc98232081886
string,#mpui/fastlockon
string,#hash_40f8b1314b80b85d
string,#zmweapon/thundergun_upgraded
string,#mpui/extbarrel
string,#hash_414ce3af89eedef1
string,#mpui/mixclip_desc
string,#mpui/elo
string,#menu/camo_loot_datamine
string,#mpui/damage_desc
string,#hash_420861c64b6e9e7c
string,#hash_423ddf1f1bc39137
string,#hash_4266781e21f52da5
string,#zombie/tesla_gun
string,#hash_42e3987404caee2e
string,#mpui/supply
string,#menu/camo_loot_blueup
string,#mpui/camo_jungletek
string,#zombie/cymbal_monkey
string,#weapon/snowball
string,#zm_orange/location_lighthouse_annex
string,#hash_43b0cfc850dbcc04
string,#hash_43cbc37ab728289b
string,#hash_43dabbb2b40e3d09
string,#mpui/camo_bliss
string,#mpui/suppressed
string,#hash_44fd8f5db56ca8cd
string,#hash_44fe179e1e8f80ad
string,#hash_4503e3e5bbc2e509
string,#hash_452fd06faf792671
string,#hash_459899940f28d8f0
string,#mpui/hipgrip_desc
string,#mpui/holo
string,#mpui/quickdraw_desc
string,#hash_46db6b04cc24e375
string,#zm_orange/location_human_infusion
string,#hash_46ef69192b933e43
string,#hash_471148d113f50e0c
string,#hash_473af639aa6a1dc5
string,#hash_48b4d710bb0a2406
string,#mpui/adsreload_desc
string,#hash_494d7fc0d10e2ff6
string,#hash_4973da5ba484b2ae
string,#hash_498ce6b1275c33fd
string,#hash_49e88c8053d4f73e
string,#hash_49ef4d8e3753ac8d
string,#hash_49f7e51b025fc080
string,#hash_4a081ed23f9db2d8
string,#hash_4a211515eeb595de
string,#mpui/camo_heatstroke
string,#hash_4a584bc8c443f246
string,#menu/camo_loot_dogfight
string,#hash_4b105b524a93b53d
string,#zmweapon/nesting_doll_grenade
string,#zmweapon/none
string,#hash_4b6950ec49c7e04c
string,#hash_4bf673fe684c7bcd
string,#hash_4c2bbe6f91c1ca94
string,#zm_orange/location_stern
string,#hash_4c83bb6fd69bf1ea
string,#hash_4ca32e791c5048a2
string,#hash_4d048d939c70cad9
string,#hash_4d2c213842a0855c
string,#mpui/quickdraw
string,#hash_4d8ef7c3e1b8f835
string,#hash_4dc646842910a82c
string,#zmweapon/bowie
string,#hash_4dff11036295b59f
string,#menu/camo_loot_afterglow
string,#hash_4ed14fd62a0c189c
string,#mpui/extclip2_desc
string,#hash_4ed6f1ab0cbc899b
string,#mpui/sf_desc
string,#hash_4f0d8ebb363015e0
string,#hash_4f23c6ecb321fa19
string,#zm_orange/location_loading_platform
string,#mpui/camo_fear
string,#hash_506621193b404166
string,#mpui/vzoom_desc
string,#hash_509dd10b32275ac6
string,#menu/camo_loot_smokeblast
string,#mpui/camo_gold
string,#hash_51d8e27e625c6bd4
string,#mpui/none
string,#hash_52bf94e8309adfd7
string,#hash_52cddac894472d22
string,#weapon/ray_gun
string,#mpui/camo_diamond
string,#zmweapon/thundergun
string,#hash_52f58e31a90916e3
string,#hash_53753033c9262930
string,#hash_53f014fab33492d8
string,#hash_53f4514d440c7816
string,#zombie/build_piece_have_one
string,#hash_5402978e2dbb34e4
string,#mpui/speedreloader_desc
string,#hash_546b9ae85f7a9448
string,#mpui/extrapellets
string,#menu/camo_loot_megalodon
string,#zm_orange/location_ice_floe
string,#hash_552f81c78340aeb3
string,#zmui/extrapellets_desc
string,#hash_556fbdaebf02d158
string,#hash_5571176820f1f5c2
string,#hash_55802e320dc6f767
string,#zmui/high_caliber_desc
string,#hash_560d002c6e40e5df
string,#menu/camo_loot_vice
string,#hash_56588456a8b61e61
string,#hash_56917185158b9df4
string,#hash_56fc5ab8c0878d32
string,#hash_57d47aca62536932
string,#mpui/steadyaim2_desc
string,#menu/camo_loot_bacon
string,#hash_58b7aeee47f428da
string,#mpui/reflex_desc
string,#hash_5979dcb633c28888
string,#zmweapon/ww_freezegun_t8_upgraded
string,#hash_59c4b1052b566fa1
string,#hash_59c6593b11d437cc
string,#hash_59dfd28f98d8fb71
string,#mpui/grip2
string,#hash_5a8610793f761a8b
string,#mpui/hipgrip
string,#zmweapon/ray_gun_mk2_upgraded
string,#mpui/camo_arctic
string,#hash_5acae5f224c146a9
string,#hash_5ada8641cf6032ce
string,#mpui/adsreload
string,#zombie/grab_riotshield
string,#mpui/camo_battle
string,#zm_escape/trap_active
string,#hash_5c28147c226eb600
string,#mpui/mixclip
string,#mpui/mms_desc
string,#hash_5d0d048a32c96ad8
string,#zm_orange/location_bridge
string,#hash_5dc620aa9640e528
string,#hash_5e2c81adb5a5264a
string,#hash_5e6ae4119dda43e0
string,#hash_5e9aa6f1a56894a7
string,#mpui/camo_contagious
string,#hash_5f17105e484faba8
string,#mpui/extrapellets_desc
string,#hash_6001ebf204288bf8
string,#mpui/fastreload_desc
string,#hash_6063cd6ae0f6ce28
string,#hash_607993fb651c3014
string,#hash_6087e37d9c65d4d6
string,#mpui/camo_interpol
string,#mpui/extbarrel2_desc
string,#hash_611a8728e3043a26
string,#zmweapon/ww_tesla_sniper_upgraded
string,#zmui/barrelchoke_desc
string,#hash_61d85c966dd9e83f
string,#mpui/steadyaim
string,#hash_62503932e1d53a87
string,#mpui/reddot
string,#hash_627f640830ae263b
string,#menu/camo_loot_america
string,#hash_629d187300caa85d
string,#hash_629d5fe4a75781c8
string,#hash_63560b3154dd8df6
string,#feature/gun_tag
string,#mpui/camo_6speed
string,#hash_63c5fccb2c10781b
string,#mpui/clantag
string,#zm_orange/location_artifact_storage
string,#mpui/burst2_desc
string,#hash_648a5b1eedae58b9
string,#hash_649852d17720d7f9
string,#mpui/pistolscope_desc
string,#hash_652798c8c39df5b0
string,#zm_orange/location_upper_catwalk
string,#hash_6555d81cc6ee692c
string,#zm_orange/location_decontamination
string,#zm_escape/acid_trap_unavailable
string,#menu/camo_loot_ww2
string,#hash_6649759b63221feb
string,#hash_6653854fb4eb2a2f
string,#hash_665fcaf288735f26
string,#hash_66d33b296eb64fbc
string,#hash_672c8450c778c664
string,#mpui/stalker2
string,#hash_675b0f7855ad40b6
string,#hash_6771074908d56993
string,#hash_67cb673a3dc7be00
string,#hash_682f7d4cd40349d6
string,#hash_6875903d42d6d8ba
string,#zombie/craft_riot
string,#hash_688a1b241ffb922e
string,#hash_68aa6bf5db640dde
string,#hash_68d9874cbebdbca2
string,#hash_68fc56c1fbf3b972
string,#mpui/extbarrel_desc
string,#hash_6933501bf415a72c
string,#mpui/fastreload
string,#hash_694b66b1b888e2a8
string,#hash_6a4930978aef6c45
string,#hash_6a4ef97c05602fdd
string,#hash_6a7f34c402b66923
string,#mpui/burst2
string,#hash_6adaea9a0756a29e
string,#hash_6aee422878d572b9
string,#zm_orange/location_boathouse
string,#hash_6b39e945c6763df5
string,#hash_6b4f0b375a21c020
string,#menu/camo_loot_donuts
string,#hash_6c8d7834e1591a50
string,#hash_6c9edec0976eeca1
string,#hash_6cbee00df13267d3
string,#hash_6d101ea87a79ddf0
string,#mpui/camo_wmd
string,#hash_6e0cbceab229716f
string,#menu/camo_loot_smooch
string,#mpui/camo_active_objective_kills
string,#hash_6e86b49d6d5196af
string,#zombie/button_buy_trap_keyboard
string,#hash_6e930083d005e020
string,#hash_6eced05b46f243a8
string,#hash_6fdaad97d9d28c43
string,#mpui/rangefinder
string,#mpui/stabilizer
string,#mpui/reticle_default
string,#hash_709fb6b7fdde6aa8
string,#hash_71016e43b6fe0570
string,#zombie/need_power
string,#hash_714cce81de873f11
string,#mpui/acog
string,#mpui/damage2
string,#zm_orange/edge_exit_keyboard
string,#menu/camo_loot_connected
string,#hash_73104bba6c6aebd1
string,#zmweapon/smg_thompson_upgraded
string,#hash_742fc3d930e6bd6f
string,#hash_74978fc95bfb2bfd
string,#mpui/stalker_desc
string,#hash_7564cce16f4274f6
string,#mpui/damage
string,#hash_758d93baadbc199d
string,#hash_75a75e4d68452af4
string,#mpui/camo_active_kills_without_dying
string,#zm_orange/location_main_deck
string,#weapon/pistol_topbreak_t8
string,#mpui/camo_ash
string,#hash_768c5aeecc2d7cc4
string,#hash_7693de01f82d93f0
string,#mpui/grip2_desc
string,#hash_7714e6727380675a
string,#hash_7725a43a5e8755ad
string,#hash_776f06f558a721bd
string,#zm_orange/location_outer_walkway
string,#menu/camo_loot_cyberpunk
string,#menu/camo_active_celestial
string,#hash_7830e4902246743f
string,#menu/camo_loot_citrus
string,#mpui/rf_desc
string,#hash_784f5266e69cab9d
string,#mpui/mk_desc
string,#hash_78b448d799b46550
string,#hash_78bac55436cfd84b
string,#hash_78d753143b405d88
string,#zm_orange/location_lighthouse_level_2
string,#zm_orange/location_lighthouse_level_3
string,#zm_orange/location_lighthouse_level_1
string,#zm_orange/location_lighthouse_level_4
string,#hash_7976ce10c7043db7
string,#hash_79b78e7be99ad8e8
string,#hash_79ec41cce109821c
string,#hash_7a1ce549121dd33f
string,#mpui/speedreloader
string,#mpui/dw_desc
string,#menu/camo_loot_disavowed
string,#mpui/camo_active_headshots
string,#mpui/rangefinder_desc
string,#feature/gun_emblem
string,#hash_7bf8bcf55e2bd26e
string,#zmweapon/ray_gun_mk2
string,#hash_7c9bf9126fcb8e5e
string,#mpui/mms
string,#hash_7d3e69af1a992cec
string,#menu/camo_loot_greengradient
string,#mpui/camo_woodlums
string,#weapon/molotov_grenade
string,#hash_7e31505384e0837a
string,#mpui/tacknife_desc
string,#menu/camo_loot_paradise
string,#hash_7e711c2bf9dc32ea
string,#menu/camo_loot_plasmadrive
moviefile,#zm_orange_outro
moviefile,#1b4c9133da73a711322404314402765ab0d23fd362a167d6f0c65bb215113d9400000000000000ff
fx,#hash_2a8233f8a1d00e7
fx,#zm_weapons/fx8_ww_tundragun_impact_zombie
fx,#hash_b182c132d2321d0
fx,#hash_e1d8f427f2f23c6
fx,#maps/zm_office/fx8_barrier_buy_zmb
fx,#hash_17207501ee73a374
fx,#tools/fx_null
fx,#hash_192930752f9dd986
fx,#zombie/fx_bul_flesh_head_nochunks_zmb
fx,#blood/fx8_blood_cam_gib_spray_zm
fx,#hash_1e8cb303d3103833
fx,#maps/zm_office/fx8_magicbox_marker
fx,#zombie/fx_blood_torso_explo_zmb
fx,#zombie/fx_bul_flesh_neck_spurt_zmb
fx,#hash_311a865a91014b22
fx,#weapon/fx8_equip_light_os
fx,#zombie/fx_bul_flesh_head_fatal_zmb
fx,#electric/fx8_sparks_burst_dir_sm_orange_os
fx,#hash_3c9948ab313a6483
fx,#hash_4508b2e786a92358
fx,#zm_weapons/fx8_cymbal_monkey_light
fx,#impacts/fx8_bul_impact_blood_head_fatal_exit
fx,#hash_4c24e997afad36e0
fx,#hash_4e3dc7da8f681079
fx,#hash_4e40eada8f6a81c9
fx,#hash_4e55cdda8f7cac8c
fx,#hash_57034716c105e41e
fx,#zm_ai/fx8_zombie_eye_glow_red
fx,#hash_59422cff58693587
fx,#hash_636c8abf0f7d5df9
fx,#hash_65b963adaa7389d3
fx,#blood/fx_blood_gib_limb_trail
fx,#hash_6ce02086fc656138
fx,#zm_weapons/fx8_cymbal_monkey_lightning
fx,#hash_7aa9ab528cf8bc88
fx,#hash_7b951deec27b35c1
fx,#hash_7d69ee9822b45157
fx,#hash_7dec2fde8393c0f4
fx,#maps/zm_office/fx8_magicbox_marker_fl
fx,#weapon/fx_hero_annhilatr_death_blood
lui_elem_uid,#full_screen_movie
radiant_exploder,#hash_6c8c1267e57dd9
radiant_exploder,#fxexp_fire_fx_ship_stage_1
radiant_exploder,#fxexp_fire_fx_ship_stage_2
radiant_exploder,#fxexp_script_infusion_default
radiant_exploder,#fxexp_vault_door_facility_steam
radiant_exploder,#exp_lava_event_ambient
radiant_exploder,#fxexp_electric_arcs_fx_to_lighthouse_base_3
radiant_exploder,#fxexp_electric_arcs_fx_to_lighthouse_base_2
radiant_exploder,#fxexp_electric_arcs_fx_to_lighthouse_base_1
radiant_exploder,#fxexp_electric_arcs_fx_to_lighthouse_left
radiant_exploder,#fxexp_shipartifact_poweronfire
radiant_exploder,#hash_1849fb98672609b8
radiant_exploder,#fxexp_electric_arcs_fx_to_lighthouse_right
radiant_exploder,#fxexp_script_projector_on
radiant_exploder,#fxexp_script_lighthouse_interior_power
radiant_exploder,#fxexp_campfire_crevasse_blue
radiant_exploder,#fxexp_glass_jar_exp
radiant_exploder,#fxexp_narr_campfire_blue
radiant_exploder,#fxexp_portal_115_start
radiant_exploder,#fxexp_campfire_beach_blue
radiant_exploder,#fxexp_frost_trap
radiant_exploder,#hash_32bdb2e00438e1c7
radiant_exploder,#fxexp_script_ship_power
radiant_exploder,#fxexp_script_facility_power_on
radiant_exploder,#fxexp_forcefield_facility
radiant_exploder,#fxexp_inf_tank_water_gush_fx_yllw_snow_quest
radiant_exploder,#exp_lava_event_ambient_2
radiant_exploder,#fxexp_script_facility_power_off
radiant_exploder,#hash_3e76e2e4924ca4e4
radiant_exploder,#fxexp_shipartifact_powerofffire
radiant_exploder,#fxexp_shipartifact_poweroffdaylight
radiant_exploder,#fxexp_narr_campfire
radiant_exploder,#fxexp_spleen_idle
radiant_exploder,#hash_484cafa03eb2ed67
radiant_exploder,#fxexp_containment_exp
radiant_exploder,#fxexp_pap_light_icefloe
radiant_exploder,#fxexp_avalanche_event_fx
radiant_exploder,#fxexp_campfire_boat
radiant_exploder,#fxexp_shipartifact_poweronlights
radiant_exploder,#fxexp_script_infusion_cold
radiant_exploder,#fxexp_water_pipe_gush
radiant_exploder,#fxexp_script_facility_power_on_fx
radiant_exploder,#fxexp_portal_115_end
radiant_exploder,#fxexp_script_docks_power
radiant_exploder,#fxexp_script_projector_off
radiant_exploder,#fxexp_script_infusion_hot
radiant_exploder,#fxexp_forcefield_door_lighthouse_lvl_4
radiant_exploder,#hash_782075b742621656
radiant_exploder,#fxexp_campfire_house_blue
radiant_exploder,#fx_power_on2
radiant_exploder,#fx_power_on1
radiant_exploder,#hash_7b696cb84d307f95
soundalias,#hash_1778a872b013a
soundalias,#hash_119312ad203259
soundalias,#wpn_matroyshka_bounce_grass
soundalias,#hash_4501f1b94ad1df
soundalias,#hash_5f4b875bed1268
soundalias,#vox_lighthouse_cove_enter_plr_20_2
soundalias,#vox_lighthouse_cove_enter_plr_20_1
soundalias,#vox_lighthouse_cove_enter_plr_20_0
soundalias,#fly_flinger_wind
soundalias,#hash_795a4089a31a80
soundalias,#wpn_matroyshka_bounce_asphalt
soundalias,#hash_8cd5544966d910
soundalias,#fly_step_crouch_walk_zdog_concrete
soundalias,#vox_dynamite_pickup_plr_19_0
soundalias,#vox_dynamite_pickup_plr_19_1
soundalias,#vox_dynamite_pickup_plr_19_2
soundalias,#hash_a550e9fde4854d
soundalias,#vox_mist_exert_underwater_pain
soundalias,#vox_facility_infusion_enter_plr_18_1
soundalias,#vox_facility_infusion_enter_plr_18_0
soundalias,#vox_facility_infusion_enter_plr_18_2
soundalias,#hash_d0da58bd69495d
soundalias,#vox_3_banter_marl_stuh_plr_19_1
soundalias,#hash_d52d82c6414349
soundalias,#vox_russ_exert_underwater_emerge_breath
soundalias,#vox_bop2_exert_mant_light
soundalias,#vox_box_lmg_plr_18_4
soundalias,#vox_box_lmg_plr_18_3
soundalias,#vox_box_lmg_plr_18_2
soundalias,#vox_box_lmg_plr_18_1
soundalias,#vox_box_lmg_plr_18_0
soundalias,#fly_wpn_grab_rattle
soundalias,#hash_132e60d6a8113de
soundalias,#vox_bop2_exert_punch_give
soundalias,#hash_1591d5795ff3cab
soundalias,#vox_hell_on_earth_final_plr_19_0
soundalias,#wpn_thundergun_rear_plr
soundalias,#dst_xlight
soundalias,#vox_3_banter_mist_stuh_plr_17_0
soundalias,#vox_magic_box_share_plr_17_3
soundalias,#vox_magic_box_share_plr_17_2
soundalias,#vox_magic_box_share_plr_17_1
soundalias,#vox_magic_box_share_plr_17_0
soundalias,#vox_magic_box_share_plr_17_4
soundalias,#hash_186bc5f17583a80
soundalias,#fly_sniper_shell_out_npc
soundalias,#vox_bop2_exert_sniper_hold
soundalias,#fly_step_prone_zdog_ice
soundalias,#vox_bop1_exert_sniper_gasp
soundalias,#hash_1f3642704e06057
soundalias,#hash_215681b1ae6b132
soundalias,#hash_218e114cfa2b9a4
soundalias,#hash_218e314cfa2bd0a
soundalias,#hash_218e414cfa2bebd
soundalias,#hash_21e9e0a70f607e8
soundalias,#vox_roundstart_special_plr_5_1
soundalias,#dst_propane_tank_lfe
soundalias,#vox_handle_pickup_plr_18_2
soundalias,#vox_handle_pickup_plr_18_0
soundalias,#vox_handle_pickup_plr_18_1
soundalias,#vox_marl_exert_mant_light
soundalias,#vox_romero_glasses_plr_18_0
soundalias,#vox_4_banter_marl_russ_plr_19_1
soundalias,#vox_box_shotgun_plr_18_4
soundalias,#vox_box_shotgun_plr_18_1
soundalias,#vox_box_shotgun_plr_18_0
soundalias,#vox_box_shotgun_plr_18_3
soundalias,#vox_box_shotgun_plr_18_2
soundalias,#wpn_thundergun_fire_plr_swt_rear
soundalias,#dst_palet_wood
soundalias,#fly_melee_imp_galva_npc_riot
soundalias,#vox_ice_slide_start_plr_18_2
soundalias,#vox_ice_slide_start_plr_18_1
soundalias,#vox_ice_slide_start_plr_18_0
soundalias,#hash_2bb4a8b02a0d697
soundalias,#amb_camp_fire
soundalias,#fly_step_sprint_zdog_metalcatwalk
soundalias,#zmb_wisp_close_lp
soundalias,#vox_5_banter_marl_stuh_plr_19_0
soundalias,#zmb_box_move
soundalias,#vox_device_pap_final_take_plr_17_0
soundalias,#vox_soap_stones_heat_plr_20_0
soundalias,#fly_step_crouch_run_zdog_bark
soundalias,#wpn_matroyshka_bounce_snow
soundalias,#vox_bop2_exert_death_veh_fly
soundalias,#dst_cover_concrete
soundalias,#vox_ice_slide_end_plr_18_2
soundalias,#vox_ice_slide_end_plr_18_0
soundalias,#vox_ice_slide_end_plr_18_1
soundalias,#vox_kill_monkey_plr_19_0
soundalias,#vox_kill_monkey_plr_19_1
soundalias,#vox_kill_monkey_plr_19_2
soundalias,#vox_kill_monkey_plr_19_3
soundalias,#vox_kill_monkey_plr_19_4
soundalias,#vox_yellow_snowball_pickup_plr_18_0
soundalias,#zmb_hellhound_prespawn_lfe
soundalias,#vox_bop4_exert_death_veh_hit
soundalias,#vox_box_ballistic_plr_18_0
soundalias,#vox_box_ballistic_plr_18_1
soundalias,#vox_box_ballistic_plr_18_2
soundalias,#vox_box_ballistic_plr_18_3
soundalias,#vox_box_ballistic_plr_18_4
soundalias,#hash_33b1dea36036020
soundalias,#hash_33b21ea360366ec
soundalias,#hash_33b22ea3603689f
soundalias,#hash_33b23ea36036a52
soundalias,#hash_33b24ea36036c05
soundalias,#vox_russ_surrounded_oh_shit_plr_17_4
soundalias,#vox_russ_surrounded_oh_shit_plr_17_0
soundalias,#vox_russ_surrounded_oh_shit_plr_17_1
soundalias,#vox_russ_surrounded_oh_shit_plr_17_2
soundalias,#vox_russ_surrounded_oh_shit_plr_17_3
soundalias,#hash_35ee152d044a5ae
soundalias,#amb_ac_blow
soundalias,#hash_375451a6e54ce91
soundalias,#wpn_pineapple_fire_plr
soundalias,#vox_power_switch_2_activate_plr_7_0
soundalias,#vox_power_switch_2_activate_plr_7_1
soundalias,#vox_power_switch_2_activate_plr_7_2
soundalias,#vox_electric_zombie_encounter_plr_19_0
soundalias,#vox_electric_zombie_encounter_plr_19_1
soundalias,#vox_electric_zombie_encounter_plr_19_2
soundalias,#hash_3a7f0b385439243
soundalias,#amb_campfire
soundalias,#vox_box_crossbow_plr_17_2
soundalias,#vox_box_crossbow_plr_17_3
soundalias,#vox_box_crossbow_plr_17_0
soundalias,#vox_box_crossbow_plr_17_1
soundalias,#vox_box_crossbow_plr_17_4
soundalias,#hash_3b8275186f62d3a
soundalias,#vox_hell_on_earth_survive_plr_17_0
soundalias,#vox_revive_stuh_plr_20_0
soundalias,#vox_revive_stuh_plr_20_1
soundalias,#vox_revive_stuh_plr_20_2
soundalias,#vox_revive_stuh_plr_20_3
soundalias,#vox_revive_stuh_plr_20_4
soundalias,#vox_mist_exert_gas_cough
soundalias,#vox_mist_exert_death
soundalias,#hash_3edc20b497b5fa6
soundalias,#vox_blue_rock_give_plr_19_2
soundalias,#vox_blue_rock_give_plr_19_0
soundalias,#vox_blue_rock_give_plr_19_1
soundalias,#hash_3fe1ae5fd3002be
soundalias,#hash_407e76c94fc409a
soundalias,#hash_40ae0af99a4ef03
soundalias,#hash_40ae1af99a4f0b6
soundalias,#hash_40ae2af99a4f269
soundalias,#zmb_trinket_drop
soundalias,#dst_gas_pipe_lp
soundalias,#vox_dynamite_zombie_react_plr_20_2
soundalias,#vox_dynamite_zombie_react_plr_20_0
soundalias,#vox_dynamite_zombie_react_plr_20_1
soundalias,#wpn_dg4_sheathe_plr
soundalias,#hash_43eca068008afe4
soundalias,#fly_melee_swipe_player_knife
soundalias,#fly_step_crouch_run_zdog_rock
soundalias,#hash_45a63a79ad46af7
soundalias,#vox_bop5_exert_razor_wire
soundalias,#vox_box_shotgun_plr_17_2
soundalias,#vox_box_shotgun_plr_17_3
soundalias,#vox_box_shotgun_plr_17_0
soundalias,#vox_box_shotgun_plr_17_1
soundalias,#vox_nomoney_generic_plr_17_1
soundalias,#vox_nomoney_generic_plr_17_0
soundalias,#vox_nomoney_generic_plr_17_3
soundalias,#vox_nomoney_generic_plr_17_2
soundalias,#vox_nomoney_generic_plr_17_4
soundalias,#vox_1_banter_marl_russ_plr_20_1
soundalias,#vox_icicle_pickup_plr_19_0
soundalias,#vox_icicle_pickup_plr_19_1
soundalias,#vox_icicle_pickup_plr_19_2
soundalias,#vox_marl_exert_electro
soundalias,#vox_box_raygun_mk2_plr_19_4
soundalias,#vox_box_raygun_mk2_plr_19_3
soundalias,#vox_box_raygun_mk2_plr_19_2
soundalias,#vox_box_raygun_mk2_plr_19_1
soundalias,#vox_box_raygun_mk2_plr_19_0
soundalias,#zmb_monkey_throw_plr
soundalias,#wpn_dg4_shockwave_deactivate
soundalias,#fly_step_sprint_zdog_default
soundalias,#wpn_matroyshka_bounce
soundalias,#zmb_quad_explo
soundalias,#vox_mist_exert_breath_hurt
soundalias,#vox_box_move_plr_19_4
soundalias,#vox_box_move_plr_19_1
soundalias,#vox_box_move_plr_19_0
soundalias,#vox_box_move_plr_19_3
soundalias,#vox_box_move_plr_19_2
soundalias,#hash_518712532057a8b
soundalias,#mus_round_end_special_intro
soundalias,#vox_tedd_exert_mant_heavy
soundalias,#vox_golden_pap_defend_plr_17_0
soundalias,#hash_549b97233315d94
soundalias,#zmb_perks_packa_upgrade_short
soundalias,#vox_special_round_kill_plr_17_4
soundalias,#vox_special_round_kill_plr_17_1
soundalias,#vox_special_round_kill_plr_17_0
soundalias,#vox_special_round_kill_plr_17_3
soundalias,#vox_special_round_kill_plr_17_2
soundalias,#evt_device_pickup
soundalias,#zmb_switch_flip_trap_alarm_reset
soundalias,#zmb_wisp_move
soundalias,#hash_5913634c5007a95
soundalias,#vox_bop4_exert_suppressed
soundalias,#hash_5a43f9a67288b60
soundalias,#hash_5af24daf516325b
soundalias,#vox_stuh_exert_rad_dmg
soundalias,#hash_5e8aaff5d1ebebd
soundalias,#vox_lighthouse_cove_enter_plr_18_2
soundalias,#vox_lighthouse_cove_enter_plr_18_0
soundalias,#vox_lighthouse_cove_enter_plr_18_1
soundalias,#vox_snowball_friendly_plr_19_0
soundalias,#vox_snowball_friendly_plr_19_1
soundalias,#vox_snowball_friendly_plr_19_2
soundalias,#fly_step_crouch_walk_zdog_water
soundalias,#vox_bop3_exert_stabbed
soundalias,#fly_melee_imp_katana_metalcar
soundalias,#vox_trap_lighthouse_activate_plr_5_2
soundalias,#dst_fish_tank
soundalias,#vox_facility_infusion_enter_plr_20_0
soundalias,#vox_facility_infusion_enter_plr_20_1
soundalias,#vox_facility_infusion_enter_plr_20_2
soundalias,#vox_bop2_exert_blind
soundalias,#hash_62c617cb477c2ce
soundalias,#amb_lighthouse_edge
soundalias,#vox_mist_surrounded_oh_shit_plr_20_0
soundalias,#vox_mist_surrounded_oh_shit_plr_20_1
soundalias,#vox_mist_surrounded_oh_shit_plr_20_2
soundalias,#vox_mist_surrounded_oh_shit_plr_20_3
soundalias,#vox_mist_surrounded_oh_shit_plr_20_4
soundalias,#vox_russ_exert_punch_give
soundalias,#vox_bop3_exert_mant_light
soundalias,#zmb_blocker_door_lp
soundalias,#hash_6905307107bb03e
soundalias,#vox_ice_slide_start_plr_20_2
soundalias,#vox_ice_slide_start_plr_20_3
soundalias,#vox_ice_slide_start_plr_20_0
soundalias,#vox_ice_slide_start_plr_20_1
soundalias,#hash_69b4b8f53967333
soundalias,#vox_revive_stuh_plr_19_0
soundalias,#vox_revive_stuh_plr_19_1
soundalias,#vox_revive_stuh_plr_19_2
soundalias,#vox_revive_stuh_plr_19_3
soundalias,#vox_revive_stuh_plr_19_4
soundalias,#vox_box_lmg_plr_20_2
soundalias,#vox_box_lmg_plr_20_3
soundalias,#vox_box_lmg_plr_20_0
soundalias,#vox_box_lmg_plr_20_1
soundalias,#vox_box_lmg_plr_20_4
soundalias,#wpn_rgun_flux_r_plr
soundalias,#hash_6b98920a69fd329
soundalias,#wpn_dg4_first_raise_lvl3_plr
soundalias,#vox_russ_exert_razor_wire
soundalias,#vox_bop1_exert_underwater_pain
soundalias,#vox_blac_exert_underwater_emerge_gasp
soundalias,#hash_70b5282baaacf1c
soundalias,#vox_marl_exert_death
soundalias,#hash_711ae3ab73a8323
soundalias,#mus_outside_underscore
soundalias,#hash_7241e6a65a1219a
soundalias,#vox_box_musicbox_plr_20_4
soundalias,#vox_box_musicbox_plr_20_0
soundalias,#vox_box_musicbox_plr_20_1
soundalias,#vox_box_musicbox_plr_20_2
soundalias,#vox_box_musicbox_plr_20_3
soundalias,#vox_stuh_kill_headshot_plr_19_4
soundalias,#vox_stuh_kill_headshot_plr_19_0
soundalias,#vox_stuh_kill_headshot_plr_19_1
soundalias,#vox_stuh_kill_headshot_plr_19_2
soundalias,#vox_stuh_kill_headshot_plr_19_3
soundalias,#fly_melee_lunge_player_knife
soundalias,#hash_73b9346c2f6b65d
soundalias,#wpn_pineapple_raise_npc
soundalias,#vox_bop2_exert_punch_take
soundalias,#mus_pareidolia
soundalias,#vox_device_pap_give_final_plr_19_0
soundalias,#hash_786ac0cf27760a8
soundalias,#vox_freeze_start_plr_17_0
soundalias,#vox_freeze_start_plr_17_1
soundalias,#vox_freeze_start_plr_17_2
soundalias,#vox_stuh_exert_underwater_pain
soundalias,#fly_step_walk_zdog_metalhollow
soundalias,#vox_german_zombie_encounter_plr_5_0
soundalias,#vox_generic_responses_negative_plr_17_8
soundalias,#vox_generic_responses_negative_plr_17_9
soundalias,#vox_generic_responses_negative_plr_17_4
soundalias,#vox_generic_responses_negative_plr_17_5
soundalias,#vox_generic_responses_negative_plr_17_6
soundalias,#vox_generic_responses_negative_plr_17_7
soundalias,#vox_generic_responses_negative_plr_17_0
soundalias,#vox_generic_responses_negative_plr_17_1
soundalias,#vox_generic_responses_negative_plr_17_2
soundalias,#vox_generic_responses_negative_plr_17_3
soundalias,#hash_7aaa5d3ed9e0d27
soundalias,#hash_7aaa6d3ed9e0eda
soundalias,#hash_7aaa7d3ed9e108d
soundalias,#vox_bop5_exert_bludgeoned
soundalias,#wpn_rgun_mk2_1straise_dial_lh
soundalias,#exp_rocket_bow_decay
soundalias,#vox_bop4_exert_razor_wire
soundalias,#hash_7cef2cb8d950a50
soundalias,#evt_lava_platform
soundalias,#wpn_rgun_mk2_1straise_dial_rh
soundalias,#hash_8121e0d6de42d4f
soundalias,#vox_facility_infusion_enter_plr_19_0
soundalias,#vox_facility_infusion_enter_plr_19_1
soundalias,#vox_facility_infusion_enter_plr_19_2
soundalias,#dst_transformer_lfe
soundalias,#vox_tedd_exert_underwater_air_low
soundalias,#vox_bop4_exert_underwater_emerge_breath
soundalias,#fly_step_run_zdog_concrete
soundalias,#zmb_pap_charge_start
soundalias,#hash_873d995e49d9eb5
soundalias,#vox_trap_ice_activate_plr_18_0
soundalias,#vox_trap_ice_activate_plr_18_1
soundalias,#vox_trap_ice_activate_plr_18_2
soundalias,#hash_88ad925c2e8ec10
soundalias,#vox_hell_on_earth_final_plr_18_0
soundalias,#hash_8ab7a5e00241cf5
soundalias,#vox_box_monkey_plr_20_1
soundalias,#vox_box_monkey_plr_20_0
soundalias,#vox_box_monkey_plr_20_3
soundalias,#vox_box_monkey_plr_20_2
soundalias,#vox_box_monkey_plr_20_4
soundalias,#vox_soap_stones_heat_plr_19_0
soundalias,#fly_step_sprint_zdog_mud
soundalias,#vox_gear_box_fixed_pickup_plr_17_2
soundalias,#vox_gear_box_fixed_pickup_plr_17_1
soundalias,#vox_gear_box_fixed_pickup_plr_17_0
soundalias,#vox_pickup_rocketshield_plr_19_0
soundalias,#vox_pickup_rocketshield_plr_19_1
soundalias,#vox_pickup_rocketshield_plr_19_2
soundalias,#fly_melee_imp_katana_npc
soundalias,#hash_8fceaff9b57f692
soundalias,#vox_facility_specimen_enter_plr_17_2
soundalias,#vox_facility_specimen_enter_plr_17_1
soundalias,#vox_facility_specimen_enter_plr_17_0
soundalias,#vox_bop4_exert_explo_dead
soundalias,#vox_facility_geological_enter_plr_20_2
soundalias,#vox_facility_geological_enter_plr_20_1
soundalias,#vox_facility_geological_enter_plr_20_0
soundalias,#hash_93c0825f1a81e28
soundalias,#vox_musicbox_pickup_plr_7_1
soundalias,#zmb_lid_close
soundalias,#vox_bop5_exert_underwater_pain
soundalias,#evt_power_ship_swt
soundalias,#evt_fuse_pickup
soundalias,#fly_step_prone_zdog_bodyarmor
soundalias,#prj_pineapple_bounce
soundalias,#fly_step_walk_zdog_tallgrass
soundalias,#fly_step_prone_zdog_foliage
soundalias,#vox_german_zombie_encounter_plr_18_2
soundalias,#vox_german_zombie_encounter_plr_18_0
soundalias,#vox_german_zombie_encounter_plr_18_1
soundalias,#vox_1_banter_marl_russ_plr_19_0
soundalias,#vox_romero_glasses_plr_17_0
soundalias,#hash_9b946d695a3c920
soundalias,#wpn_rgun_mk2_fire_act_plr
soundalias,#wpn_dg4_plant_lp
soundalias,#vox_bop1_exert_rad_start
soundalias,#hash_9d27c8245dd1e9e
soundalias,#vox_bop1_exert_electro
soundalias,#wpn_matroyshka_bounce_wood
soundalias,#vox_bop3_exert_underwater_air_low
soundalias,#hash_9fd84825dfde1ed
soundalias,#fly_step_prone_zdog_cloth
soundalias,#hash_a06cf9bab0e59a3
soundalias,#vox_ice_slide_start_plr_19_2
soundalias,#vox_ice_slide_start_plr_19_0
soundalias,#vox_ice_slide_start_plr_19_1
soundalias,#hash_a1197a45b387cff
soundalias,#hash_a336fc3b6702b59
soundalias,#hash_a60c9533e476dd1
soundalias,#vox_round_end_2_nikolai_plr_19_2
soundalias,#vox_round_end_2_nikolai_plr_19_1
soundalias,#vox_round_end_2_nikolai_plr_19_0
soundalias,#wpn_vulcan_fire_stop_npc
soundalias,#vox_blac_exert_stabbed
soundalias,#vox_yellow_snowball_pickup_plr_19_0
soundalias,#fly_thermal_scope
soundalias,#wpn_vulcan_stop_plr
soundalias,#hash_a974591ec26b0c6
soundalias,#vox_bop4_exert_gas_gasp
soundalias,#hash_aa113434ee72d22
soundalias,#vox_lighthouse_ext_enter_plr_19_2
soundalias,#vox_lighthouse_ext_enter_plr_19_1
soundalias,#vox_lighthouse_ext_enter_plr_19_0
soundalias,#vox_bop5_exert_mant_heavy
soundalias,#fly_step_sprint_zdog_metalthin
soundalias,#vox_pablo_intro_plr_19_2
soundalias,#vox_pablo_intro_plr_19_1
soundalias,#vox_pablo_intro_plr_19_0
soundalias,#hash_ad50b59ee592ac4
soundalias,#evt_icicle_fall
soundalias,#hash_ae457feb20db84a
soundalias,#hash_ae458feb20db9fd
soundalias,#vox_freeze_frozen_plr_18_2
soundalias,#vox_freeze_frozen_plr_18_1
soundalias,#vox_freeze_frozen_plr_18_0
soundalias,#vox_box_lmg_plr_19_4
soundalias,#vox_box_lmg_plr_19_2
soundalias,#vox_box_lmg_plr_19_3
soundalias,#vox_box_lmg_plr_19_0
soundalias,#vox_box_lmg_plr_19_1
soundalias,#wpn_pineapple_explode_lfe
soundalias,#hash_b0b8fefd0b8005e
soundalias,#hash_b1c6d359fe032ab
soundalias,#vox_power_switch_2_activate_plr_20_1
soundalias,#vox_power_switch_2_activate_plr_20_0
soundalias,#vox_power_switch_2_activate_plr_20_2
soundalias,#zmb_quad_attack_swing
soundalias,#vox_bop3_exert_punch_give
soundalias,#vox_revive_support_russ_plr_19_1
soundalias,#vox_revive_support_russ_plr_19_0
soundalias,#vox_revive_support_russ_plr_19_3
soundalias,#vox_revive_support_russ_plr_19_2
soundalias,#vox_revive_support_russ_plr_19_4
soundalias,#vox_blue_rock_give_plr_20_2
soundalias,#vox_blue_rock_give_plr_20_0
soundalias,#vox_blue_rock_give_plr_20_1
soundalias,#vox_mist_surrounded_oh_shit_plr_19_0
soundalias,#vox_mist_surrounded_oh_shit_plr_19_1
soundalias,#vox_mist_surrounded_oh_shit_plr_19_2
soundalias,#vox_mist_surrounded_oh_shit_plr_19_3
soundalias,#vox_mist_surrounded_oh_shit_plr_19_4
soundalias,#amb_metal_creak_lrg
soundalias,#vox_bop3_exert_underwater_pain
soundalias,#fly_gl_reload_rotate
soundalias,#vox_bop5_exert_death_veh_under
soundalias,#dst_hydrant_destroyed
soundalias,#hash_bdb30092e9dc406
soundalias,#hash_be59e526fa7ce74
soundalias,#hash_c00db3ebd58a404
soundalias,#hash_c0283020bdfe2af
soundalias,#wpn_pineapple_fire_npc
soundalias,#fly_step_crouch_run_zdog_flesh
soundalias,#wpn_katana_melee_single_plr
soundalias,#hash_c30b9ecbea35aaa
soundalias,#hash_c3cfb7e0e5441f0
soundalias,#hash_c3cfc7e0e5443a3
soundalias,#hash_c3cfd7e0e544556
soundalias,#fly_step_sprint_zdog_watershallow
soundalias,#fly_step_crouch_walk_zdog_metalhollow
soundalias,#hash_c7661887ac55b9c
soundalias,#vox_bop5_exert_burn_dead
soundalias,#vox_stuh_surrounded_oh_shit_plr_20_4
soundalias,#vox_stuh_surrounded_oh_shit_plr_20_1
soundalias,#vox_stuh_surrounded_oh_shit_plr_20_0
soundalias,#vox_stuh_surrounded_oh_shit_plr_20_3
soundalias,#vox_stuh_surrounded_oh_shit_plr_20_2
soundalias,#vox_handle_pickup_plr_17_1
soundalias,#vox_handle_pickup_plr_17_0
soundalias,#vox_handle_pickup_plr_17_2
soundalias,#vox_box_launcher_plr_18_1
soundalias,#vox_box_launcher_plr_18_0
soundalias,#vox_box_launcher_plr_18_3
soundalias,#vox_box_launcher_plr_18_2
soundalias,#vox_box_launcher_plr_18_4
soundalias,#hash_d1ae3bf08f6cfa7
soundalias,#vox_spleen_glass_shoot_plr_20_0
soundalias,#vox_box_shotgun_plr_19_4
soundalias,#vox_box_shotgun_plr_19_0
soundalias,#vox_box_shotgun_plr_19_1
soundalias,#vox_box_shotgun_plr_19_2
soundalias,#vox_box_shotgun_plr_19_3
soundalias,#vox_mist_exert_rad_dmg
soundalias,#vox_trap_ice_activate_plr_20_1
soundalias,#vox_trap_ice_activate_plr_20_0
soundalias,#vox_trap_ice_activate_plr_20_2
soundalias,#vox_box_raygun_mk2_plr_17_4
soundalias,#vox_box_raygun_mk2_plr_17_1
soundalias,#vox_box_raygun_mk2_plr_17_0
soundalias,#vox_box_raygun_mk2_plr_17_3
soundalias,#vox_box_raygun_mk2_plr_17_2
soundalias,#vox_mist_exert_underwater_emerge_breath
soundalias,#vox_golden_pap_defend_plr_18_0
soundalias,#mus_golden_pap_defend_exit
soundalias,#evt_vault_key_pickup
soundalias,#hash_d9f6933456bc136
soundalias,#vox_bop3_exert_razor_wire
soundalias,#hash_dc234a0880dd59b
soundalias,#hash_dc5a87ff79146e2
soundalias,#vox_4_banter_mist_russ_plr_18_0
soundalias,#wpn_dg2_sniper_flux_r
soundalias,#wpn_dg2_sniper_flux_l
soundalias,#wpn_matroyshka_bounce_bark
soundalias,#amb_pareidolia
soundalias,#wpn_pineapple_1straise_plr
soundalias,#prj_brass_gren_case
soundalias,#hash_de73182f138b62c
soundalias,#zmb_blocker_debris_escape_lp
soundalias,#hash_e03bc8ebb29e3a6
soundalias,#vox_spleen_pickup_plr_7_0
soundalias,#vox_marl_exert_rad_end
soundalias,#vox_ship_bridge_enter_plr_20_2
soundalias,#vox_ship_bridge_enter_plr_20_1
soundalias,#vox_ship_bridge_enter_plr_20_0
soundalias,#hash_e3c1c918ebb703d
soundalias,#hash_e53a77770638acf
soundalias,#fly_wpn_gear_rattle_ads
soundalias,#hash_e78b254cdfde6dd
soundalias,#vox_blac_exert_mant_light
soundalias,#hash_e8a2946c6b7c43f
soundalias,#vox_box_raygun_mk2_plr_18_4
soundalias,#vox_box_raygun_mk2_plr_18_2
soundalias,#vox_box_raygun_mk2_plr_18_3
soundalias,#vox_box_raygun_mk2_plr_18_0
soundalias,#vox_box_raygun_mk2_plr_18_1
soundalias,#vox_box_musicbox_plr_18_4
soundalias,#vox_box_musicbox_plr_18_1
soundalias,#vox_box_musicbox_plr_18_0
soundalias,#vox_box_musicbox_plr_18_3
soundalias,#vox_box_musicbox_plr_18_2
soundalias,#hash_e930c49b87bf5ef
soundalias,#wpn_matroyshka_bounce_ice
soundalias,#vox_bop5_exert_gas_gasp
soundalias,#fly_step_sprint_zdog_cushion
soundalias,#vox_ammo_out_plr_19_3
soundalias,#vox_ammo_out_plr_19_2
soundalias,#vox_ammo_out_plr_19_1
soundalias,#vox_ammo_out_plr_19_0
soundalias,#vox_ammo_out_plr_19_4
soundalias,#vox_barrier_rebuild_plr_20_4
soundalias,#vox_barrier_rebuild_plr_20_3
soundalias,#vox_barrier_rebuild_plr_20_2
soundalias,#vox_barrier_rebuild_plr_20_1
soundalias,#vox_barrier_rebuild_plr_20_0
soundalias,#vox_destroy_rocketshield_plr_18_1
soundalias,#vox_destroy_rocketshield_plr_18_0
soundalias,#vox_destroy_rocketshield_plr_18_2
soundalias,#fly_melee_imp_katana
soundalias,#vox_kill_tempest_plr_5_2
soundalias,#vox_hell_on_earth_circle_plr_17_2
soundalias,#vox_hell_on_earth_circle_plr_17_1
soundalias,#vox_hell_on_earth_circle_plr_17_0
soundalias,#vox_pablo_intro_plr_20_2
soundalias,#vox_pablo_intro_plr_20_1
soundalias,#vox_pablo_intro_plr_20_0
soundalias,#hash_f32d9de6827bf7d
soundalias,#vox_revive_mist_plr_19_4
soundalias,#vox_revive_mist_plr_19_3
soundalias,#vox_revive_mist_plr_19_2
soundalias,#vox_revive_mist_plr_19_1
soundalias,#vox_revive_mist_plr_19_0
soundalias,#vox_russ_exert_self_heal
soundalias,#wpn_minigun_sheathe_npc
soundalias,#hash_f845bec3e80208d
soundalias,#zmb_box_poof_land_flux_l
soundalias,#zmb_box_poof_land_flux_r
soundalias,#vox_device_pap_give_plr_17_0
soundalias,#wpn_ray_reload_open
soundalias,#vox_box_musicbox_plr_17_4
soundalias,#vox_box_musicbox_plr_17_2
soundalias,#vox_box_musicbox_plr_17_3
soundalias,#vox_box_musicbox_plr_17_0
soundalias,#vox_box_musicbox_plr_17_1
soundalias,#vox_box_move_plr_18_4
soundalias,#vox_box_move_plr_18_0
soundalias,#vox_box_move_plr_18_1
soundalias,#vox_box_move_plr_18_2
soundalias,#vox_box_move_plr_18_3
soundalias,#fly_step_run_zdog_carpet
soundalias,#vox_box_tempest_plr_20_0
soundalias,#vox_box_tempest_plr_20_1
soundalias,#vox_box_tempest_plr_20_2
soundalias,#vox_box_tempest_plr_20_3
soundalias,#vox_box_tempest_plr_20_4
soundalias,#fly_step_run_zdog_metal
soundalias,#evt_fuse_place
soundalias,#fly_wpn_gear_rattle
soundalias,#vox_4_banter_mist_marl_plr_18_1
soundalias,#zmb_pipe_water_lp
soundalias,#vox_marl_exert_sniper_hold
soundalias,#vox_1_banter_marl_stuh_plr_19_1
soundalias,#vox_snowball_kill_plr_20_2
soundalias,#vox_snowball_kill_plr_20_1
soundalias,#vox_snowball_kill_plr_20_0
soundalias,#hash_102b94543276e7c8
soundalias,#hash_102b95543276e97b
soundalias,#hash_102b96543276eb2e
soundalias,#hash_102b97543276ece1
soundalias,#hash_102b9b543276f3ad
soundalias,#hash_10320501215e405b
soundalias,#vox_box_lmg_plr_17_4
soundalias,#vox_box_lmg_plr_17_0
soundalias,#vox_box_lmg_plr_17_1
soundalias,#vox_box_lmg_plr_17_2
soundalias,#vox_box_lmg_plr_17_3
soundalias,#mus_lighthouse_defend_intro
soundalias,#hash_105229c7410bf423
soundalias,#zmb_monkey_bounce_default
soundalias,#fly_step_crouch_run_zdog_brick
soundalias,#fly_step_crouch_run_zdog_asphalt
soundalias,#wpn_ray_1straise
soundalias,#hash_10a119e9606a6988
soundalias,#zmb_perks_packa_loop
soundalias,#wpn_vulcan_1straise_npc
soundalias,#vox_marl_exert_burn_dmg
soundalias,#vox_hell_on_earth_defend_plr_20_1
soundalias,#vox_hell_on_earth_defend_plr_20_0
soundalias,#vox_hell_on_earth_defend_plr_20_2
soundalias,#vox_round_end_1_nikolai_plr_18_2
soundalias,#vox_round_end_1_nikolai_plr_18_1
soundalias,#vox_round_end_1_nikolai_plr_18_0
soundalias,#hash_10d5f47609e63584
soundalias,#hash_10e209e9e8ea4734
soundalias,#hash_10e55b67fd827b0e
soundalias,#hash_11249122ea4664c1
soundalias,#vox_bop5_exert_sniper_hold
soundalias,#hash_1169f161390a9847
soundalias,#evt_last_stand
soundalias,#hash_1172b7ba38df5cd4
soundalias,#wpn_minigun_projectile_lp
soundalias,#vox_soap_stones_heat_plr_17_0
soundalias,#hash_11918735a2e87d19
soundalias,#vox_2_banter_mist_russ_plr_18_0
soundalias,#hash_11a7f1d08f9789a1
soundalias,#vox_facility_specimen_enter_plr_19_1
soundalias,#vox_facility_specimen_enter_plr_19_0
soundalias,#vox_facility_specimen_enter_plr_19_2
soundalias,#vox_round_end_2_nikolai_plr_18_2
soundalias,#vox_round_end_2_nikolai_plr_18_0
soundalias,#vox_round_end_2_nikolai_plr_18_1
soundalias,#vox_bop2_exert_underwater_emerge_breath
soundalias,#vox_4_banter_mist_russ_plr_20_1
soundalias,#vox_perk_generic_plr_20_4
soundalias,#vox_perk_generic_plr_20_5
soundalias,#vox_perk_generic_plr_20_6
soundalias,#vox_perk_generic_plr_20_7
soundalias,#vox_perk_generic_plr_20_0
soundalias,#vox_perk_generic_plr_20_1
soundalias,#vox_perk_generic_plr_20_2
soundalias,#vox_perk_generic_plr_20_3
soundalias,#vox_perk_generic_plr_20_9
soundalias,#vox_bop1_exert_death_veh_fly
soundalias,#wpn_rgun_exp
soundalias,#wpn_tesla_sniper_plr
soundalias,#mus_golden_pap_defend_loop_0
soundalias,#zmb_vessel_drop
soundalias,#vox_device_pap_give_final_plr_18_0
soundalias,#vox_5_banter_marl_stuh_plr_17_1
soundalias,#fly_war_machine_pull
soundalias,#wpn_thundergun_fire_npc_swt
soundalias,#zmb_vocals_zombie_behind
soundalias,#vox_facility_geological_enter_plr_19_2
soundalias,#vox_facility_geological_enter_plr_19_1
soundalias,#vox_facility_geological_enter_plr_19_0
soundalias,#fly_step_prone_zdog_bark
soundalias,#mus_golden_pap_defend_intro
soundalias,#fly_war_machine_push
soundalias,#vox_revive_self_plr_17_2
soundalias,#vox_revive_self_plr_17_0
soundalias,#vox_revive_self_plr_17_1
soundalias,#vox_kill_thundergun_plr_17_3
soundalias,#vox_kill_thundergun_plr_17_2
soundalias,#vox_kill_thundergun_plr_17_1
soundalias,#vox_kill_thundergun_plr_17_0
soundalias,#vox_kill_thundergun_plr_17_4
soundalias,#wpn_winters_howl_fire_act_npc
soundalias,#vox_colored_dials_pickup_plr_19_0
soundalias,#vox_revive_support_russ_plr_18_0
soundalias,#vox_revive_support_russ_plr_18_1
soundalias,#vox_revive_support_russ_plr_18_2
soundalias,#vox_revive_support_russ_plr_18_3
soundalias,#vox_revive_support_russ_plr_18_4
soundalias,#vox_soap_stones_heat_plr_18_0
soundalias,#vox_marl_exert_self_heal
soundalias,#vox_ice_slide_start_plr_17_0
soundalias,#vox_ice_slide_start_plr_17_1
soundalias,#vox_ice_slide_start_plr_17_2
soundalias,#vox_ice_slide_start_plr_17_3
soundalias,#vox_facility_specimen_enter_plr_20_1
soundalias,#vox_facility_specimen_enter_plr_20_0
soundalias,#vox_facility_specimen_enter_plr_20_2
soundalias,#vox_golden_pap_defend_plr_20_0
soundalias,#hash_12cbe85436ddc720
soundalias,#wpn_rgun_mk2_1straise
soundalias,#hash_12d662cbb0e02a5a
soundalias,#vox_pablo_intro_plr_18_2
soundalias,#vox_pablo_intro_plr_18_0
soundalias,#vox_pablo_intro_plr_18_1
soundalias,#vox_power_switch_2_activate_plr_5_2
soundalias,#vox_bop3_exert_self_heal
soundalias,#fly_step_crouch_run_zdog_grass
soundalias,#vox_bop4_exert_stabbed
soundalias,#hash_131a6e25fe07d152
soundalias,#hash_131b4db5b684bc21
soundalias,#wpn_shotgun_dryfire_npc
soundalias,#vox_revive_self_plr_18_1
soundalias,#vox_revive_self_plr_18_0
soundalias,#vox_revive_self_plr_18_2
soundalias,#fly_step_sprint_zdog_fruit
soundalias,#vox_ammo_out_plr_20_4
soundalias,#vox_ammo_out_plr_20_3
soundalias,#vox_ammo_out_plr_20_2
soundalias,#vox_ammo_out_plr_20_1
soundalias,#vox_ammo_out_plr_20_0
soundalias,#hash_132d6fe49752c11f
soundalias,#vox_bop1_exert_underwater_air_low
soundalias,#vox_pablo_departs_plr_18_0
soundalias,#amb_outdoor_wind
soundalias,#dst_glass_radar_pane_hit
soundalias,#vox_facility_main_enter_plr_20_2
soundalias,#vox_facility_main_enter_plr_20_0
soundalias,#vox_facility_main_enter_plr_20_1
soundalias,#hash_136e08ecd1baf4cc
soundalias,#hash_13707a3a16b15f48
soundalias,#hash_13944ade049b7b82
soundalias,#hash_139a2e40e58b4d46
soundalias,#hash_13b5daba3191a299
soundalias,#hash_13b84ec3967fe0fc
soundalias,#vox_tedd_exert_rad_dmg
soundalias,#hash_13db393ba2bb0c2c
soundalias,#vox_pap_pickup_plr_18_1
soundalias,#vox_pap_pickup_plr_18_0
soundalias,#vox_pap_pickup_plr_18_3
soundalias,#vox_pap_pickup_plr_18_2
soundalias,#vox_pap_pickup_plr_18_4
soundalias,#hash_13ebaddf5ce08e73
soundalias,#vox_mist_exert_death_veh
soundalias,#hash_13fbf0b70a9e90f9
soundalias,#fly_step_prone_zdog_fruit
soundalias,#wpn_frag_pin_pull_npc
soundalias,#prj_crack_raygun_supersonic
soundalias,#vox_bop1_exert_gas_gag
soundalias,#vox_4_banter_marl_russ_plr_20_0
soundalias,#fly_step_crouch_walk_zdog_carpet
soundalias,#vox_mist_exert_rad_end
soundalias,#vox_revive_support_stuh_plr_18_1
soundalias,#vox_revive_support_stuh_plr_18_0
soundalias,#vox_revive_support_stuh_plr_18_3
soundalias,#vox_revive_support_stuh_plr_18_2
soundalias,#vox_revive_support_stuh_plr_18_4
soundalias,#vox_destroy_rocketshield_plr_20_0
soundalias,#vox_destroy_rocketshield_plr_20_1
soundalias,#vox_destroy_rocketshield_plr_20_2
soundalias,#hash_1451be2e88441cde
soundalias,#hash_1454c3b0530d321e
soundalias,#wpn_flame_thrower_dryfire_plr
soundalias,#amb_lab_generator
soundalias,#hash_146afcf9e755fb03
soundalias,#wpn_rifle_dryfire_plr
soundalias,#hash_1470aa1d4389dd44
soundalias,#vox_tedd_exert_burn_dmg
soundalias,#fly_reload_servo
soundalias,#vox_blac_exert_sniper_hold
soundalias,#wpn_flame_thrower_hit_stop
soundalias,#zmb_hellhound_explode_lfe
soundalias,#hash_148bf1442de0307b
soundalias,#wpn_rgun_mk2_flux_l_plr
soundalias,#hash_14a6b0529c8ecd16
soundalias,#vox_bom4_exert_rad_end
soundalias,#evt_last_stand_end
soundalias,#vox_golden_pap_defend_plr_19_0
soundalias,#vox_bop5_exert_stabbed
soundalias,#hash_14bc03501b2e126f
soundalias,#wpn_dg4_melee_swing_npc
soundalias,#vox_bop2_exert_underwater_pain
soundalias,#fly_step_run_zdog_plaster
soundalias,#wpn_flame_thrower_start_lfe_plr
soundalias,#vox_perk_generic_plr_18_9
soundalias,#vox_perk_generic_plr_18_8
soundalias,#vox_perk_generic_plr_18_5
soundalias,#vox_perk_generic_plr_18_4
soundalias,#vox_perk_generic_plr_18_7
soundalias,#vox_perk_generic_plr_18_6
soundalias,#vox_perk_generic_plr_18_1
soundalias,#vox_perk_generic_plr_18_0
soundalias,#vox_perk_generic_plr_18_3
soundalias,#vox_perk_generic_plr_18_2
soundalias,#fly_step_run_zdog_plastic
soundalias,#fly_step_run_zdog_sand
soundalias,#fly_scope_zoom
soundalias,#vox_marl_exert_rad_dmg
soundalias,#hash_1501a17d9a1d46f4
soundalias,#vox_box_musicbox_plr_19_4
soundalias,#vox_box_musicbox_plr_19_0
soundalias,#vox_box_musicbox_plr_19_1
soundalias,#vox_box_musicbox_plr_19_2
soundalias,#vox_box_musicbox_plr_19_3
soundalias,#vox_revive_russ_plr_17_3
soundalias,#vox_revive_russ_plr_17_2
soundalias,#vox_revive_russ_plr_17_1
soundalias,#vox_revive_russ_plr_17_0
soundalias,#vox_revive_russ_plr_17_4
soundalias,#mus_campfire_sing_for_my_supper
soundalias,#hash_151ac51ae7d9c69c
soundalias,#hash_15269b1a0691d443
soundalias,#vox_blue_rock_give_plr_17_0
soundalias,#vox_blue_rock_give_plr_17_1
soundalias,#vox_blue_rock_give_plr_17_2
soundalias,#zmb_box_weapon_spin
soundalias,#hash_15353a598abe2499
soundalias,#hash_153699eff35f40ab
soundalias,#vox_box_launcher_plr_19_0
soundalias,#vox_box_launcher_plr_19_1
soundalias,#vox_box_launcher_plr_19_2
soundalias,#vox_box_launcher_plr_19_3
soundalias,#vox_box_launcher_plr_19_4
soundalias,#vox_lighthouse_ext_enter_plr_18_2
soundalias,#vox_lighthouse_ext_enter_plr_18_0
soundalias,#vox_lighthouse_ext_enter_plr_18_1
soundalias,#wpn_tundragun_rear_plr
soundalias,#vox_tundragun_get_plr_19_1
soundalias,#vox_tundragun_get_plr_19_0
soundalias,#vox_tundragun_get_plr_19_2
soundalias,#vox_stuh_exert_death_veh_under
soundalias,#zmb_wood_planks_break
soundalias,#hash_157f06c984323da3
soundalias,#hash_158a3cb40bd7d97f
soundalias,#hash_1598f6998a206ef0
soundalias,#vox_freeze_frozen_plr_19_2
soundalias,#vox_freeze_frozen_plr_19_0
soundalias,#vox_freeze_frozen_plr_19_1
soundalias,#fly_step_sprint_zdog_wood
soundalias,#amb_water_trickle_rock
soundalias,#zmb_crafting_fail
soundalias,#vox_ship_bridge_enter_plr_19_2
soundalias,#vox_ship_bridge_enter_plr_19_1
soundalias,#vox_ship_bridge_enter_plr_19_0
soundalias,#hash_15d40c46633515be
soundalias,#hash_15d6f2c9847c917d
soundalias,#fly_melee_imp_galva_metal
soundalias,#hash_15ebff7555912e98
soundalias,#hash_15ee8e4d1d865bf9
soundalias,#fly_gl_open
soundalias,#vox_ammo_out_plr_5_3
soundalias,#fly_step_crouch_walk_zdog_metalcar
soundalias,#vox_shard_reveal_plr_7_0
soundalias,#vox_destroy_rocketshield_plr_19_0
soundalias,#vox_destroy_rocketshield_plr_19_1
soundalias,#vox_destroy_rocketshield_plr_19_2
soundalias,#hash_164524f657045498
soundalias,#vox_box_tempest_plr_18_1
soundalias,#vox_box_tempest_plr_18_0
soundalias,#vox_box_tempest_plr_18_3
soundalias,#vox_box_tempest_plr_18_2
soundalias,#vox_box_tempest_plr_18_4
soundalias,#hash_1663079294f189b0
soundalias,#evt_soapstone_place
soundalias,#hash_16804090e77a1368
soundalias,#fly_step_walk_zdog_dirt
soundalias,#vox_explosive_pickup_plr_17_0
soundalias,#vox_explosive_pickup_plr_17_1
soundalias,#vox_explosive_pickup_plr_17_2
soundalias,#evt_spleen_pickup
soundalias,#fly_step_run_zdog_wood
soundalias,#vox_bop2_exert_underwater_air_low
soundalias,#amb_fire_oil_burst
soundalias,#hash_16de7f592462ec4b
soundalias,#vox_perk_generic_plr_17_6
soundalias,#vox_perk_generic_plr_17_7
soundalias,#vox_perk_generic_plr_17_4
soundalias,#vox_perk_generic_plr_17_5
soundalias,#vox_perk_generic_plr_17_2
soundalias,#vox_perk_generic_plr_17_3
soundalias,#vox_perk_generic_plr_17_0
soundalias,#vox_perk_generic_plr_17_1
soundalias,#vox_perk_generic_plr_17_8
soundalias,#vox_perk_generic_plr_17_9
soundalias,#vox_blac_exert_punch_take
soundalias,#fly_step_run_zdog_glass
soundalias,#fly_thundergun_forcehit
soundalias,#fly_step_prone_zdog_brick
soundalias,#vox_box_tactical_plr_17_2
soundalias,#vox_box_tactical_plr_17_1
soundalias,#vox_box_tactical_plr_17_0
soundalias,#vox_key_pickup_plr_7_0
soundalias,#fly_freezegun_spin_npc
soundalias,#hash_171965a444b25e2f
soundalias,#hash_172aa60779a37741
soundalias,#fly_step_run_zdog_metalhollow
soundalias,#hash_1730fd905ae04d68
soundalias,#amb_interior_wind
soundalias,#vox_musicbox_start_sama_0
soundalias,#vox_musicbox_start_sama_1
soundalias,#vox_musicbox_start_sama_2
soundalias,#vox_musicbox_start_sama_3
soundalias,#vox_musicbox_start_sama_4
soundalias,#vox_musicbox_start_sama_5
soundalias,#vox_musicbox_start_sama_6
soundalias,#vox_musicbox_start_sama_7
soundalias,#vox_musicbox_start_sama_8
soundalias,#vox_musicbox_start_sama_9
soundalias,#vox_revive_support_marl_plr_18_4
soundalias,#vox_revive_support_marl_plr_18_3
soundalias,#vox_revive_support_marl_plr_18_2
soundalias,#vox_revive_support_marl_plr_18_1
soundalias,#vox_revive_support_marl_plr_18_0
soundalias,#zmb_weap_wall
soundalias,#vox_bop3_exert_underwater_emerge_gasp
soundalias,#fly_golden_spork_first_raise
soundalias,#hash_1780eaf4c052b271
soundalias,#wpn_rgun_mk2_fire_npc
soundalias,#vox_ammo_low_plr_5_3
soundalias,#vox_pap_wait_plr_17_4
soundalias,#vox_pap_wait_plr_17_3
soundalias,#vox_pap_wait_plr_17_2
soundalias,#vox_pap_wait_plr_17_1
soundalias,#vox_pap_wait_plr_17_0
soundalias,#amb_pipe_groan
soundalias,#zmb_blocker_door_purchase_swt
soundalias,#hash_17c4fdd5f6c26341
soundalias,#hash_17c7895c4b5180ce
soundalias,#vox_device_pap_give_plr_18_0
soundalias,#hash_17f2fef698d5c07b
soundalias,#fly_step_crouch_walk_zdog_dirt
soundalias,#vox_bop4_exert_breath_hurt
soundalias,#hash_180dcdfa2ddf7a41
soundalias,#vox_bop5_exert_death_veh_hit
soundalias,#amb_candles_lp
soundalias,#vox_kill_thundergun_plr_5_3
soundalias,#vox_blac_exert_razor_wire
soundalias,#vox_bop3_exert_blind
soundalias,#vox_facility_specimen_enter_plr_18_0
soundalias,#vox_facility_specimen_enter_plr_18_1
soundalias,#vox_facility_specimen_enter_plr_18_2
soundalias,#vox_barrier_rebuild_plr_19_3
soundalias,#vox_barrier_rebuild_plr_19_2
soundalias,#vox_barrier_rebuild_plr_19_1
soundalias,#vox_barrier_rebuild_plr_19_0
soundalias,#vox_barrier_rebuild_plr_19_4
soundalias,#vox_4_banter_mist_marl_plr_19_0
soundalias,#vox_marl_exert_gas_cough
soundalias,#hash_186c808588ff2465
soundalias,#hash_1891b3211ab36c94
soundalias,#amb_interior_facility
soundalias,#hash_18a5515e3206c55c
soundalias,#wpn_katana_dash_lfe_plr
soundalias,#vox_ammo_out_plr_18_2
soundalias,#vox_ammo_out_plr_18_3
soundalias,#vox_ammo_out_plr_18_0
soundalias,#vox_ammo_out_plr_18_1
soundalias,#vox_ammo_out_plr_18_4
soundalias,#hash_18b9c1b30e385483
soundalias,#hash_18c3ff3ac15baf9e
soundalias,#hash_18d264594f3e63b7
soundalias,#hash_18d60994d6238a6b
soundalias,#hash_18d7d2008250d771
soundalias,#vox_round_end_1_nikolai_plr_19_2
soundalias,#vox_round_end_1_nikolai_plr_19_0
soundalias,#vox_round_end_1_nikolai_plr_19_1
soundalias,#vox_gear_box_give_plr_20_0
soundalias,#vox_kill_headshot_plr_17_1
soundalias,#vox_kill_headshot_plr_17_0
soundalias,#vox_kill_headshot_plr_17_3
soundalias,#vox_kill_headshot_plr_17_2
soundalias,#vox_kill_headshot_plr_17_5
soundalias,#vox_kill_headshot_plr_17_4
soundalias,#vox_kill_headshot_plr_17_7
soundalias,#vox_kill_headshot_plr_17_6
soundalias,#vox_kill_headshot_plr_17_9
soundalias,#vox_kill_headshot_plr_17_8
soundalias,#vox_pap_pickup_plr_20_0
soundalias,#vox_pap_pickup_plr_20_1
soundalias,#vox_pap_pickup_plr_20_2
soundalias,#vox_pap_pickup_plr_20_3
soundalias,#vox_pap_pickup_plr_20_4
soundalias,#vox_bop3_exert_death_veh_fly
soundalias,#hash_194ac157fb4b3a56
soundalias,#hash_194ac257fb4b3c09
soundalias,#vox_bop3_exert_burn_dmg
soundalias,#hash_1958c65416aca66b
soundalias,#zmb_perks_packa_ticktock
soundalias,#wpn_rgun_mk2_exp_flux_l
soundalias,#wpn_rgun_mk2_exp_flux_r
soundalias,#fly_step_crouch_run_zdog_metalcatcrouch_run
soundalias,#hash_198682b92e7d3b28
soundalias,#fly_step_crouch_run_zdog_tallgrass
soundalias,#hash_199ada9e76c36f81
soundalias,#vox_2_banter_mist_marl_plr_18_0
soundalias,#vox_facility_geological_enter_plr_18_2
soundalias,#vox_facility_geological_enter_plr_18_0
soundalias,#vox_facility_geological_enter_plr_18_1
soundalias,#wpn_vulcan_1straise_plr
soundalias,#zmb_electrocute_zombie
soundalias,#hash_19cf4d96bdc87afd
soundalias,#hash_19d77093de7539e2
soundalias,#vox_bop3_exert_rad_end
soundalias,#hash_19dbdeeee13b5df7
soundalias,#vox_bop1_exert_death_fall
soundalias,#evt_zipline_lp
soundalias,#hash_19ed62938d8ef1ae
soundalias,#hash_1a1854072d6b2453
soundalias,#vox_ship_stern_enter_plr_20_0
soundalias,#vox_ship_stern_enter_plr_20_1
soundalias,#vox_ship_stern_enter_plr_20_2
soundalias,#vox_device_transport_plr_17_0
soundalias,#vox_flinger_react_plr_17_4
soundalias,#vox_flinger_react_plr_17_3
soundalias,#vox_flinger_react_plr_17_2
soundalias,#vox_flinger_react_plr_17_1
soundalias,#vox_flinger_react_plr_17_0
soundalias,#zmb_step_quad_default_close
soundalias,#hash_1a3cd046cb0b437f
soundalias,#hash_1a3cd146cb0b4532
soundalias,#zmb_vocals_quad_spawn_flux_l
soundalias,#zmb_vocals_quad_spawn_flux_r
soundalias,#vox_bof1_exert_rad_start
soundalias,#dst_water_bottle
soundalias,#vox_tedd_exert_razor_wire
soundalias,#fly_step_crouch_run_zdog_carpet
soundalias,#hash_1a6d9d98338fc9d3
soundalias,#vox_blac_exert_breath_hurt
soundalias,#vox_pablo_departs_plr_20_0
soundalias,#vox_blac_exert_death
soundalias,#vox_explosive_plant_plr_17_2
soundalias,#vox_explosive_plant_plr_17_1
soundalias,#vox_explosive_plant_plr_17_0
soundalias,#hash_1ad15c7df960acf6
soundalias,#zmb_pap_charge_end
soundalias,#evt_lantern_stop
soundalias,#hash_1af690922520586b
soundalias,#hash_1b00aa3877238c28
soundalias,#fly_step_run_zdog_bodyarmor
soundalias,#hash_1b28ca975224396b
soundalias,#fly_step_walk_zdog_foliage
soundalias,#hash_1b39f210eaa18765
soundalias,#vox_punchcard_2_pickup_punched_plr_20_0
soundalias,#vox_revive_self_plr_19_0
soundalias,#vox_revive_self_plr_19_1
soundalias,#vox_revive_self_plr_19_2
soundalias,#fly_sniper_shell_in_plr
soundalias,#fly_step_walk_zdog_glasscar
soundalias,#hash_1b8312696702abe6
soundalias,#vox_tedd_exert_rad_end
soundalias,#vox_bom4_exert_rad_dmg
soundalias,#fly_gl_gren_in
soundalias,#vox_stuh_exert_bludgeoned
soundalias,#wpn_rgun_fire_npc
soundalias,#vox_yellow_snowball_pickup_plr_17_0
soundalias,#hash_1baa7b6dc438471c
soundalias,#hash_1baa7d6dc4384a82
soundalias,#hash_1baa7e6dc4384c35
soundalias,#hash_1bb1ebdfbfe172c9
soundalias,#zmb_lid_open
soundalias,#zmb_quad_attack_swing_second
soundalias,#zmb_perks_packa_ready
soundalias,#vox_3_banter_mist_marl_plr_19_1
soundalias,#zmb_vocals_quad_behind
soundalias,#vox_pap_pickup_plr_19_0
soundalias,#vox_pap_pickup_plr_19_1
soundalias,#vox_pap_pickup_plr_19_2
soundalias,#vox_pap_pickup_plr_19_3
soundalias,#vox_pap_pickup_plr_19_4
soundalias,#fly_step_sprint_zdog_glassbulletproof
soundalias,#vox_yellow_snowball_pickup_plr_5_0
soundalias,#hash_1c3e58e0b9110b37
soundalias,#vox_bop4_exert_burn_dmg
soundalias,#hash_1c4acf7a1c9c1cda
soundalias,#vox_generic_responses_positive_plr_18_9
soundalias,#vox_generic_responses_positive_plr_18_8
soundalias,#vox_generic_responses_positive_plr_18_3
soundalias,#vox_generic_responses_positive_plr_18_2
soundalias,#vox_generic_responses_positive_plr_18_1
soundalias,#vox_generic_responses_positive_plr_18_0
soundalias,#vox_generic_responses_positive_plr_18_7
soundalias,#vox_generic_responses_positive_plr_18_6
soundalias,#vox_generic_responses_positive_plr_18_5
soundalias,#vox_generic_responses_positive_plr_18_4
soundalias,#vox_kill_streak_plr_20_7
soundalias,#vox_kill_streak_plr_20_6
soundalias,#vox_kill_streak_plr_20_5
soundalias,#vox_kill_streak_plr_20_4
soundalias,#vox_kill_streak_plr_20_3
soundalias,#vox_kill_streak_plr_20_2
soundalias,#vox_kill_streak_plr_20_1
soundalias,#vox_kill_streak_plr_20_0
soundalias,#vox_kill_streak_plr_20_9
soundalias,#vox_kill_streak_plr_20_8
soundalias,#hash_1c8dd30ad4577f23
soundalias,#amb_waterfall_splash
soundalias,#vox_tundragun_get_plr_18_0
soundalias,#vox_tundragun_get_plr_18_1
soundalias,#vox_tundragun_get_plr_18_2
soundalias,#fly_step_crouch_walk_zdog_metalcatcrouch_walk
soundalias,#hash_1cc59bd671b94b13
soundalias,#vox_revive_support_marl_plr_20_2
soundalias,#vox_revive_support_marl_plr_20_3
soundalias,#vox_revive_support_marl_plr_20_0
soundalias,#vox_revive_support_marl_plr_20_1
soundalias,#vox_revive_support_marl_plr_20_4
soundalias,#vox_blac_exert_sniper_gasp
soundalias,#vox_seal_pickup_plr_17_0
soundalias,#zmb_tundra_gun_crate
soundalias,#zmb_spawn_walla
soundalias,#vox_device_pap_give_plr_20_0
soundalias,#vox_bop3_exert_bludgeoned
soundalias,#zmb_attack_underwater_whoosh
soundalias,#vox_bop2_exert_gas_gag
soundalias,#vox_colored_dials_pickup_plr_18_0
soundalias,#evt_safe_open
soundalias,#vox_gear_box_pickup_plr_18_0
soundalias,#vox_kill_explo_plr_17_1
soundalias,#vox_kill_explo_plr_17_0
soundalias,#vox_kill_explo_plr_17_3
soundalias,#vox_kill_explo_plr_17_2
soundalias,#vox_kill_explo_plr_17_4
soundalias,#vox_box_tempest_plr_19_0
soundalias,#vox_box_tempest_plr_19_1
soundalias,#vox_box_tempest_plr_19_2
soundalias,#vox_box_tempest_plr_19_3
soundalias,#vox_box_tempest_plr_19_4
soundalias,#wpn_flame_thrower_hit_loop
soundalias,#fly_pineapple_bolt_release
soundalias,#wpn_flashbang_button_npc_3
soundalias,#wpn_flashbang_button_npc_2
soundalias,#hash_1dbe8bcc3c51153a
soundalias,#vox_boathouse_enter_plr_19_2
soundalias,#vox_boathouse_enter_plr_19_1
soundalias,#vox_boathouse_enter_plr_19_0
soundalias,#hash_1de18dce8a27c19c
soundalias,#vox_ship_bridge_enter_plr_18_2
soundalias,#vox_ship_bridge_enter_plr_18_0
soundalias,#vox_ship_bridge_enter_plr_18_1
soundalias,#mus_ship_underscore
soundalias,#wpn_matroyshka_bounce_paintedmetal
soundalias,#vox_pablo_departs_plr_19_0
soundalias,#hash_1df9464f442b0b6d
soundalias,#vox_device_deliver_plr_17_0
soundalias,#hash_1e0ccafc1372b4df
soundalias,#vox_marl_exert_concuss
soundalias,#fly_step_run_zdog_metalcatrun
soundalias,#vox_revive_support_stuh_plr_19_0
soundalias,#vox_revive_support_stuh_plr_19_1
soundalias,#vox_revive_support_stuh_plr_19_2
soundalias,#vox_revive_support_stuh_plr_19_3
soundalias,#vox_revive_support_stuh_plr_19_4
soundalias,#wpn_tesla_sniper_npc_lfe
soundalias,#vox_box_raygun_plr_18_3
soundalias,#vox_box_raygun_plr_18_2
soundalias,#vox_box_raygun_plr_18_1
soundalias,#vox_box_raygun_plr_18_0
soundalias,#vox_box_raygun_plr_18_4
soundalias,#mus_perk_machine_stinger
soundalias,#zmb_blocker_powerdoor_purchase_swt
soundalias,#zmb_vocals_zombie_taunt
soundalias,#hash_1e329197dee1519d
soundalias,#hash_1e3312d30c58f0ba
soundalias,#vox_vessel_pablo_plr_7_0
soundalias,#hash_1e4ee640ec2fbdee
soundalias,#vox_ship_bridge_enter_plr_17_1
soundalias,#vox_ship_bridge_enter_plr_17_0
soundalias,#vox_ship_bridge_enter_plr_17_2
soundalias,#fly_generic_first_raise_plr
soundalias,#evt_crane_ratchet
soundalias,#hash_1e9baf022459c919
soundalias,#vox_boathouse_enter_plr_20_2
soundalias,#vox_boathouse_enter_plr_20_1
soundalias,#vox_boathouse_enter_plr_20_0
soundalias,#vox_bom2_exert_rad_start
soundalias,#vox_revive_mist_plr_17_4
soundalias,#vox_revive_mist_plr_17_1
soundalias,#vox_revive_mist_plr_17_0
soundalias,#vox_revive_mist_plr_17_3
soundalias,#vox_revive_mist_plr_17_2
soundalias,#zmb_vox_monkey_raise_plr
soundalias,#vox_bop1_exert_mant_light
soundalias,#hash_1ee5f337c6355dc1
soundalias,#fly_step_walk_zdog_metalcar
soundalias,#vox_soap_stones_get_plr_20_0
soundalias,#vox_device_pap_give_plr_19_0
soundalias,#hash_1f218b7bd50caa9d
soundalias,#fly_step_run_zdog_snow
soundalias,#hash_1f39cf85dba56934
soundalias,#vox_seal_pickup_plr_5_0
soundalias,#fly_combat_knife_first_raise
soundalias,#vox_vril_charge_plr_18_2
soundalias,#vox_vril_charge_plr_18_1
soundalias,#vox_vril_charge_plr_18_0
soundalias,#hash_1f58939de54b1b59
soundalias,#wpn_vulcan_fire_start_plr
soundalias,#zmb_yellow_snowball_stinger
soundalias,#wpn_dg4_melee_impact
soundalias,#vox_bop3_exert_electro
soundalias,#wpn_matroyshka_bounce_metal
soundalias,#vox_tedd_exert_electro
soundalias,#vox_kill_melee_plr_17_9
soundalias,#vox_kill_melee_plr_17_8
soundalias,#vox_kill_melee_plr_17_7
soundalias,#vox_kill_melee_plr_17_6
soundalias,#vox_kill_melee_plr_17_5
soundalias,#vox_kill_melee_plr_17_4
soundalias,#vox_kill_melee_plr_17_3
soundalias,#vox_kill_melee_plr_17_2
soundalias,#vox_kill_melee_plr_17_1
soundalias,#vox_kill_melee_plr_17_0
soundalias,#vox_blac_exert_blind
soundalias,#zmb_wisp_far_lp
soundalias,#vox_barrier_rebuild_plr_18_2
soundalias,#vox_barrier_rebuild_plr_18_3
soundalias,#vox_barrier_rebuild_plr_18_0
soundalias,#vox_barrier_rebuild_plr_18_1
soundalias,#vox_barrier_rebuild_plr_18_4
soundalias,#hash_1f915dd1636a1d4c
soundalias,#vox_perk_generic_plr_19_4
soundalias,#vox_perk_generic_plr_19_5
soundalias,#vox_perk_generic_plr_19_6
soundalias,#vox_perk_generic_plr_19_7
soundalias,#vox_perk_generic_plr_19_0
soundalias,#vox_perk_generic_plr_19_1
soundalias,#vox_perk_generic_plr_19_2
soundalias,#vox_perk_generic_plr_19_3
soundalias,#vox_perk_generic_plr_19_8
soundalias,#vox_perk_generic_plr_19_9
soundalias,#dst_nitrogen_tank_leak
soundalias,#vox_power_switch_1_activate_plr_17_0
soundalias,#vox_power_switch_1_activate_plr_17_1
soundalias,#vox_power_switch_1_activate_plr_17_2
soundalias,#hash_1fc058736573a9b5
soundalias,#hash_1fd218acf8959773
soundalias,#hash_1fe7d157e75bcb38
soundalias,#zmb_crafting_start
soundalias,#vox_mist_exert_mant_heavy
soundalias,#vox_tedd_exert_death_veh_under
soundalias,#hash_200e28bcd26bab77
soundalias,#hash_200e2ebcd26bb5a9
soundalias,#vox_musicbox_first_plr_7_0
soundalias,#vox_bop4_exert_bludgeoned
soundalias,#fly_step_crouch_run_zdog_mud
soundalias,#hash_2024a8e05391aed0
soundalias,#fly_melee_imp_galva_npc_wood
soundalias,#vox_hell_on_earth_circle_plr_19_1
soundalias,#vox_hell_on_earth_circle_plr_19_0
soundalias,#vox_hell_on_earth_circle_plr_19_2
soundalias,#prj_winters_howl_freeze
soundalias,#wpn_snowball_pullback
soundalias,#fly_step_prone_zdog_sand
soundalias,#hash_2052d8709436ffc5
soundalias,#vox_pap_wait_plr_19_4
soundalias,#vox_pap_wait_plr_19_1
soundalias,#vox_pap_wait_plr_19_0
soundalias,#vox_pap_wait_plr_19_3
soundalias,#vox_pap_wait_plr_19_2
soundalias,#vox_bop1_exert_death_veh_hit
soundalias,#wpn_grenade_throw_servo
soundalias,#evt_gearbox_pickup
soundalias,#vox_round_end_1_nikolai_plr_20_2
soundalias,#vox_round_end_1_nikolai_plr_20_0
soundalias,#vox_round_end_1_nikolai_plr_20_1
soundalias,#vox_device_pap_take_plr_18_0
soundalias,#wpn_rgun_mk2_fire_lfe_plr
soundalias,#vox_travel_pap_island_plr_18_0
soundalias,#vox_seal_pickup_plr_20_0
soundalias,#vox_3_banter_russ_stuh_plr_17_0
soundalias,#vox_bop4_exert_underwater_pain
soundalias,#fly_melee_swipealt_player_knife
soundalias,#fly_step_prone_zdog_concrete
soundalias,#mus_hell_on_earth_2_exit
soundalias,#hash_21301e44305d112d
soundalias,#hash_213acce06f0cb851
soundalias,#hash_214eb0cf09013847
soundalias,#vox_revive_support_mist_plr_20_3
soundalias,#vox_revive_support_mist_plr_20_2
soundalias,#vox_revive_support_mist_plr_20_1
soundalias,#vox_revive_support_mist_plr_20_0
soundalias,#vox_revive_support_mist_plr_20_4
soundalias,#fly_step_crouch_run_zdog_ceramic
soundalias,#hash_215e1891b2952ace
soundalias,#vox_lighthouse_enter_plr_5_2
soundalias,#vox_russ_exert_suppressed
soundalias,#vox_4_banter_russ_stuh_plr_17_0
soundalias,#vox_ship_stern_enter_plr_18_1
soundalias,#vox_ship_stern_enter_plr_18_0
soundalias,#vox_ship_stern_enter_plr_18_2
soundalias,#amb_comp_tape
soundalias,#vox_tundragun_get_plr_20_1
soundalias,#vox_tundragun_get_plr_20_0
soundalias,#vox_tundragun_get_plr_20_2
soundalias,#vox_device_transport_plr_20_0
soundalias,#zmb_no_cha_ching
soundalias,#hash_218d931e2eeaafc4
soundalias,#vox_bop3_exert_rad_dmg
soundalias,#zmb_blocker_door_purchase
soundalias,#vox_punchcard_2_pickup_punched_plr_18_0
soundalias,#vox_2_banter_mist_marl_plr_19_1
soundalias,#wpn_shotgun_dryfire_plr
soundalias,#wpn_flame_thrower_stop_lfe_plr
soundalias,#hash_22381717002ffa5b
soundalias,#hash_223ae521b31be6c3
soundalias,#hash_223c3071ea10c2cb
soundalias,#hash_2243128c47028806
soundalias,#vox_pap_wait_plr_20_4
soundalias,#vox_pap_wait_plr_20_1
soundalias,#vox_pap_wait_plr_20_0
soundalias,#vox_pap_wait_plr_20_3
soundalias,#vox_pap_wait_plr_20_2
soundalias,#hash_224e1c16bb6396c0
soundalias,#fly_step_run_zdog_glassbulletproof
soundalias,#zmb_step_quad_default_close_swt
soundalias,#hash_226da01373c24627
soundalias,#vox_russ_exert_blind
soundalias,#evt_vault_alarm
soundalias,#vox_bof1_exert_rad_end
soundalias,#vox_snowball_kill_plr_19_2
soundalias,#vox_snowball_kill_plr_19_1
soundalias,#vox_snowball_kill_plr_19_0
soundalias,#hash_22bbf5b44f7197e8
soundalias,#hash_22bbf6b44f71999b
soundalias,#hash_22bbf7b44f719b4e
soundalias,#exp_matroyshka_mini
soundalias,#vox_4_banter_marl_stuh_plr_19_1
soundalias,#hash_22dfb51ab1dd57f9
soundalias,#hash_22e4054b05c95b88
soundalias,#hash_22e45f12bb95d04e
soundalias,#vox_dynamite_zombie_drop_plr_18_1
soundalias,#vox_dynamite_zombie_drop_plr_18_0
soundalias,#vox_dynamite_zombie_drop_plr_18_2
soundalias,#hash_22e749c95f8bf01b
soundalias,#hash_22f0275e647e01e8
soundalias,#vox_gear_box_pickup_plr_20_0
soundalias,#hash_22fb6c165aac9059
soundalias,#zmb_crafting_pickup_generic
soundalias,#wpn_frag_pin_pull
soundalias,#fly_generic_down_med_plr
soundalias,#vox_pablo_departs_plr_17_0
soundalias,#hash_23404428f33dad19
soundalias,#fly_step_prone_zdog_wood
soundalias,#wpn_vulcan_fire_start_npc
soundalias,#hash_23503ada3c12e46b
soundalias,#hash_236771601607bdd7
soundalias,#amb_wind_howl
soundalias,#vox_kill_raygun_mk2_plr_5_2
soundalias,#vox_kill_raygun_mk2_plr_5_4
soundalias,#zmb_vocals_zombie_death
soundalias,#hash_23883c6b6c075330
soundalias,#hash_23883d6b6c0754e3
soundalias,#hash_23883f6b6c075849
soundalias,#hash_2388406b6c0759fc
soundalias,#hash_2388426b6c075d62
soundalias,#hash_2388436b6c075f15
soundalias,#wpn_minigun_nuke_impact
soundalias,#fly_step_sprint_zdog_glass
soundalias,#fly_uw_move_reload_deep
soundalias,#vox_bop5_exert_burn_dmg
soundalias,#zmb_bell_g
soundalias,#zmb_bell_f
soundalias,#zmb_bell_e
soundalias,#zmb_bell_d
soundalias,#zmb_bell_c
soundalias,#zmb_bell_b
soundalias,#zmb_bell_a
soundalias,#vox_tedd_exert_sniper_gasp
soundalias,#wpn_optic_zoom_out
soundalias,#hash_23e7483164955a17
soundalias,#wpn_matroyshka_eject
soundalias,#wpn_dg2_sniper_plr_last
soundalias,#fly_step_crouch_run_zdog_paintedmetal
soundalias,#hash_24067f2a91e41d3d
soundalias,#vox_3_banter_mist_marl_plr_18_0
soundalias,#wpn_flame_thrower_stop_plr
soundalias,#vox_bop1_exert_self_heal
soundalias,#hash_2426faf5a7318736
soundalias,#wpn_generic_dryfire_plr
soundalias,#hash_242d04592ac9c01b
soundalias,#hash_2452403ff6a1c545
soundalias,#hash_24654c19f66a10b9
soundalias,#vox_5_banter_russ_stuh_plr_20_1
soundalias,#vox_generic_responses_positive_plr_19_2
soundalias,#vox_generic_responses_positive_plr_19_3
soundalias,#vox_generic_responses_positive_plr_19_0
soundalias,#vox_generic_responses_positive_plr_19_1
soundalias,#vox_generic_responses_positive_plr_19_6
soundalias,#vox_generic_responses_positive_plr_19_7
soundalias,#vox_generic_responses_positive_plr_19_4
soundalias,#vox_generic_responses_positive_plr_19_5
soundalias,#vox_generic_responses_positive_plr_19_8
soundalias,#vox_generic_responses_positive_plr_19_9
soundalias,#vox_soap_stones_get_plr_17_0
soundalias,#hash_248ea4b797c1bc2a
soundalias,#hash_24925b24b30b3991
soundalias,#fly_mag_empty_sweet
soundalias,#vox_bop4_exert_concuss
soundalias,#vox_bop2_exert_gas_cough
soundalias,#fly_step_crouch_walk_zdog_flesh
soundalias,#vox_kill_melee_plr_19_9
soundalias,#vox_kill_melee_plr_19_8
soundalias,#vox_kill_melee_plr_19_5
soundalias,#vox_kill_melee_plr_19_4
soundalias,#vox_kill_melee_plr_19_7
soundalias,#vox_kill_melee_plr_19_6
soundalias,#vox_kill_melee_plr_19_1
soundalias,#vox_kill_melee_plr_19_0
soundalias,#vox_kill_melee_plr_19_3
soundalias,#vox_kill_melee_plr_19_2
soundalias,#wpn_flashbang_button
soundalias,#wpn_dg4_slam_impact_lfe
soundalias,#hash_24d104614704de80
soundalias,#hash_24d106614704e1e6
soundalias,#hash_24d107614704e399
soundalias,#wpn_musicbox_explode_lfe
soundalias,#wpn_tesla_sniper_plr_lfe
soundalias,#evt_ice_slide
soundalias,#fly_step_crouch_walk_zdog_default
soundalias,#hash_24e6c0b7980c6194
soundalias,#fly_step_prone_zdog_metalhollow
soundalias,#vox_russ_exert_underwater_air_low
soundalias,#hash_24eefd2f2e76d686
soundalias,#fly_flamethrower_first_raise
soundalias,#zmb_vocals_zombie_teardown
soundalias,#hash_2500035c3d84fdb4
soundalias,#hash_2500045c3d84ff67
soundalias,#hash_2500065c3d8502cd
soundalias,#vox_bop1_exert_underwater_emerge_breath
soundalias,#vox_lighthouse_golden_pap_plr_7_0
soundalias,#fly_melee_imp_galva_npc_metal
soundalias,#vox_bop4_exert_death
soundalias,#vox_box_raygun_plr_19_2
soundalias,#vox_box_raygun_plr_19_3
soundalias,#vox_box_raygun_plr_19_0
soundalias,#vox_box_raygun_plr_19_1
soundalias,#vox_box_raygun_plr_19_4
soundalias,#dst_server_glass
soundalias,#hash_25afe488e04ae938
soundalias,#hash_25b57891043eeb47
soundalias,#vox_vril_give_plr_20_2
soundalias,#vox_vril_give_plr_20_1
soundalias,#vox_vril_give_plr_20_0
soundalias,#vox_revive_marl_plr_18_4
soundalias,#vox_revive_marl_plr_18_3
soundalias,#vox_revive_marl_plr_18_2
soundalias,#vox_revive_marl_plr_18_1
soundalias,#vox_revive_marl_plr_18_0
soundalias,#vox_mist_exert_explo_dead
soundalias,#vox_kill_matryoshka_plr_18_4
soundalias,#vox_kill_matryoshka_plr_18_3
soundalias,#vox_kill_matryoshka_plr_18_2
soundalias,#vox_kill_matryoshka_plr_18_1
soundalias,#vox_kill_matryoshka_plr_18_0
soundalias,#fly_step_run_zdog_bark
soundalias,#vox_kill_streak_plr_19_3
soundalias,#vox_kill_streak_plr_19_2
soundalias,#vox_kill_streak_plr_19_1
soundalias,#vox_kill_streak_plr_19_0
soundalias,#vox_kill_streak_plr_19_7
soundalias,#vox_kill_streak_plr_19_6
soundalias,#vox_kill_streak_plr_19_5
soundalias,#vox_kill_streak_plr_19_4
soundalias,#vox_kill_streak_plr_19_8
soundalias,#hash_25ce9eb884457d9b
soundalias,#hash_25d9e2929f1b7eb0
soundalias,#vox_bop4_exert_sniper_exhale
soundalias,#hash_25eb2ecb06922b3e
soundalias,#vox_boathouse_enter_plr_18_2
soundalias,#vox_boathouse_enter_plr_18_0
soundalias,#vox_boathouse_enter_plr_18_1
soundalias,#vox_bop5_exert_rad_start
soundalias,#hash_261241a6b2301317
soundalias,#fly_step_sprint_zdog_cloth
soundalias,#vox_device_pickup_plr_19_0
soundalias,#amb_ghost_groan
soundalias,#evt_crank_place
soundalias,#wpn_winters_howl_flux_l_plr
soundalias,#zmb_ai_zombie_elec_explode
soundalias,#vox_artifact_defend_plr_20_0
soundalias,#vox_bop2_exert_razor_wire
soundalias,#vox_docks_enter_plr_17_2
soundalias,#vox_docks_enter_plr_17_1
soundalias,#vox_docks_enter_plr_17_0
soundalias,#vox_ship_cargo_enter_plr_18_2
soundalias,#vox_ship_cargo_enter_plr_18_1
soundalias,#vox_ship_cargo_enter_plr_18_0
soundalias,#vox_marl_exert_punch_take
soundalias,#hash_26eecd1b401f9785
soundalias,#hash_26f8717dbe9938fe
soundalias,#vox_stuh_exert_underwater_air_low
soundalias,#vox_device_pap_take_plr_19_0
soundalias,#vox_trap_ice_activate_plr_17_2
soundalias,#vox_trap_ice_activate_plr_17_1
soundalias,#vox_trap_ice_activate_plr_17_0
soundalias,#vox_ice_slide_end_plr_20_3
soundalias,#vox_ice_slide_end_plr_20_2
soundalias,#vox_ice_slide_end_plr_20_1
soundalias,#vox_ice_slide_end_plr_20_0
soundalias,#vox_attacked_zombie_plr_18_1
soundalias,#vox_attacked_zombie_plr_18_0
soundalias,#vox_attacked_zombie_plr_18_3
soundalias,#vox_attacked_zombie_plr_18_2
soundalias,#vox_attacked_zombie_plr_18_5
soundalias,#vox_attacked_zombie_plr_18_4
soundalias,#vox_attacked_zombie_plr_18_7
soundalias,#vox_attacked_zombie_plr_18_6
soundalias,#vox_attacked_zombie_plr_18_9
soundalias,#vox_attacked_zombie_plr_18_8
soundalias,#hash_27307cf6fa94ac1f
soundalias,#zmb_switch_flip_trap_reset
soundalias,#vox_blac_exert_mant_heavy
soundalias,#hash_273e4f4b26452466
soundalias,#vox_gear_box_pickup_plr_19_0
soundalias,#hash_2744e20c904dcaf0
soundalias,#wpn_rgun_flux_l_plr
soundalias,#vox_revive_support_marl_plr_17_4
soundalias,#vox_revive_support_marl_plr_17_0
soundalias,#vox_revive_support_marl_plr_17_1
soundalias,#vox_revive_support_marl_plr_17_2
soundalias,#vox_revive_support_marl_plr_17_3
soundalias,#vox_freeze_frozen_plr_20_2
soundalias,#vox_freeze_frozen_plr_20_0
soundalias,#vox_freeze_frozen_plr_20_1
soundalias,#vox_bop1_exert_gas_cough
soundalias,#vox_kill_raygun_mk2_plr_18_3
soundalias,#vox_kill_raygun_mk2_plr_18_2
soundalias,#vox_kill_raygun_mk2_plr_18_1
soundalias,#vox_kill_raygun_mk2_plr_18_0
soundalias,#vox_kill_raygun_mk2_plr_18_4
soundalias,#hash_27735a8643a67a5d
soundalias,#vox_vril_charge_plr_19_2
soundalias,#vox_vril_charge_plr_19_0
soundalias,#vox_vril_charge_plr_19_1
soundalias,#hash_277d298cf39a2119
soundalias,#vox_hell_on_earth_circle_plr_18_0
soundalias,#vox_hell_on_earth_circle_plr_18_1
soundalias,#vox_hell_on_earth_circle_plr_18_2
soundalias,#vox_tedd_exert_explo_dead
soundalias,#vox_pap_wait_plr_18_4
soundalias,#vox_pap_wait_plr_18_0
soundalias,#vox_pap_wait_plr_18_1
soundalias,#vox_pap_wait_plr_18_2
soundalias,#vox_pap_wait_plr_18_3
soundalias,#hash_27c02185cabe2640
soundalias,#fly_step_walk_zdog_paper
soundalias,#vox_pickup_generic_plr_20_4
soundalias,#vox_pickup_generic_plr_20_5
soundalias,#vox_pickup_generic_plr_20_6
soundalias,#vox_pickup_generic_plr_20_7
soundalias,#vox_pickup_generic_plr_20_0
soundalias,#vox_pickup_generic_plr_20_1
soundalias,#vox_pickup_generic_plr_20_2
soundalias,#vox_pickup_generic_plr_20_3
soundalias,#vox_pickup_generic_plr_20_8
soundalias,#vox_pickup_generic_plr_20_9
soundalias,#vox_ship_stern_enter_plr_19_0
soundalias,#vox_ship_stern_enter_plr_19_1
soundalias,#vox_ship_stern_enter_plr_19_2
soundalias,#hash_27f12e7284f453c6
soundalias,#zmb_pee_pickup
soundalias,#wpn_vulcan_fire_loop_plr
soundalias,#zmb_death_nohead_blood
soundalias,#vox_mist_exert_sniper_gasp
soundalias,#vox_4_banter_marl_stuh_plr_17_0
soundalias,#hash_2851b65c33ed27e7
soundalias,#vox_box_thundergun_plr_18_1
soundalias,#vox_box_thundergun_plr_18_0
soundalias,#vox_box_thundergun_plr_18_3
soundalias,#vox_box_thundergun_plr_18_2
soundalias,#vox_box_thundergun_plr_18_4
soundalias,#hash_28762a5a9e4b571f
soundalias,#hash_288a6befcfe526f3
soundalias,#vox_2_banter_marl_russ_plr_20_1
soundalias,#vox_1_banter_russ_stuh_plr_20_1
soundalias,#evt_crane_complete
soundalias,#vox_kill_headshot_plr_5_8
soundalias,#vox_kill_headshot_plr_5_4
soundalias,#vox_4_banter_russ_stuh_plr_20_1
soundalias,#hash_28d19706c882d8c3
soundalias,#wpn_pineapple_mini_loop
soundalias,#vox_spleen_pickup_plr_17_0
soundalias,#vox_bop2_exert_death_fall
soundalias,#vox_musicbox_pickup_plr_17_0
soundalias,#hash_2902107aaa4205e6
soundalias,#vox_punchcard_2_pickup_punched_plr_19_0
soundalias,#hash_291018d20bb10fb2
soundalias,#vox_attacked_zombie_plr_5_8
soundalias,#fly_melee_imp_galva_riot
soundalias,#vox_bom2_exert_rad_end
soundalias,#vox_marl_exert_pain
soundalias,#vox_flinger_react_plr_19_4
soundalias,#vox_flinger_react_plr_19_1
soundalias,#vox_flinger_react_plr_19_0
soundalias,#vox_flinger_react_plr_19_3
soundalias,#vox_flinger_react_plr_19_2
soundalias,#fly_zombie_jumpland_soft
soundalias,#wpn_thundergun_fire_plr_swt
soundalias,#fly_generic_down_shrt_plr
soundalias,#vox_marl_exert_death_veh
soundalias,#fly_combat_knife_first_raise_npc
soundalias,#vox_box_tactical_plr_19_4
soundalias,#vox_box_tactical_plr_19_1
soundalias,#vox_box_tactical_plr_19_0
soundalias,#vox_box_tactical_plr_19_3
soundalias,#vox_box_tactical_plr_19_2
soundalias,#hash_29f2a9f49833dfaf
soundalias,#amb_water_drips_64
soundalias,#vox_dynamite_pickup_plr_17_2
soundalias,#vox_dynamite_pickup_plr_17_0
soundalias,#vox_dynamite_pickup_plr_17_1
soundalias,#zmb_vox_monkey_land
soundalias,#vox_kill_melee_plr_20_9
soundalias,#vox_kill_melee_plr_20_8
soundalias,#vox_kill_melee_plr_20_5
soundalias,#vox_kill_melee_plr_20_4
soundalias,#vox_kill_melee_plr_20_7
soundalias,#vox_kill_melee_plr_20_6
soundalias,#vox_kill_melee_plr_20_1
soundalias,#vox_kill_melee_plr_20_0
soundalias,#vox_kill_melee_plr_20_3
soundalias,#vox_kill_melee_plr_20_2
soundalias,#fly_step_run_zdog_gravel
soundalias,#fly_step_sprint_zdog_carpet
soundalias,#vox_round_end_1_nikolai_plr_17_0
soundalias,#vox_round_end_1_nikolai_plr_17_1
soundalias,#vox_round_end_1_nikolai_plr_17_2
soundalias,#vox_3_banter_marl_stuh_plr_17_0
soundalias,#hash_2a2a23a72475e869
soundalias,#vox_romero_glasses_plr_5_0
soundalias,#vox_really_want_udem_7
soundalias,#hash_2a4b30f5343f03da
soundalias,#fly_step_prone_zdog_paintedmetal
soundalias,#vox_stuh_exert_electro
soundalias,#hash_2a6e793295de605f
soundalias,#vox_explosive_plant_plr_20_1
soundalias,#vox_explosive_plant_plr_20_0
soundalias,#vox_explosive_plant_plr_20_2
soundalias,#vox_trap_lighthouse_activate_plr_18_2
soundalias,#vox_trap_lighthouse_activate_plr_18_1
soundalias,#vox_trap_lighthouse_activate_plr_18_0
soundalias,#hash_2a8bdb6ea3ef31bb
soundalias,#vox_2_banter_mist_russ_plr_20_1
soundalias,#wpn_minigun_sheathe_plr
soundalias,#vox_gear_box_give_plr_19_0
soundalias,#vox_vril_give_plr_19_2
soundalias,#vox_vril_give_plr_19_1
soundalias,#vox_vril_give_plr_19_0
soundalias,#vox_beach_enter_plr_20_2
soundalias,#vox_beach_enter_plr_20_0
soundalias,#vox_beach_enter_plr_20_1
soundalias,#zmb_pee_pour
soundalias,#vox_2_banter_russ_stuh_plr_17_0
soundalias,#amb_spark_med
soundalias,#mus_orange_roundstart_3_intro
soundalias,#vox_dynamite_zombie_drop_plr_19_0
soundalias,#vox_dynamite_zombie_drop_plr_19_1
soundalias,#vox_dynamite_zombie_drop_plr_19_2
soundalias,#fly_step_prone_zdog_metalcatprone
soundalias,#hash_2b12d1a7eda5b488
soundalias,#hash_2b12d3a7eda5b7ee
soundalias,#hash_2b12d4a7eda5b9a1
soundalias,#vox_freeze_exert_plr_20_0
soundalias,#vox_freeze_exert_plr_20_1
soundalias,#vox_freeze_exert_plr_20_2
soundalias,#vox_freeze_exert_plr_20_3
soundalias,#vox_freeze_exert_plr_20_4
soundalias,#vox_bop5_exert_rad_end
soundalias,#hash_2b2ce304596c11cd
soundalias,#hash_2b4f03822bdc9869
soundalias,#evt_dynamite_explode
soundalias,#vox_bom3_exert_rad_dmg
soundalias,#wpn_grenade_bounce_far_earth
soundalias,#hash_2b86a75118ae1608
soundalias,#vox_travel_pap_island_plr_19_0
soundalias,#hash_2b9b9ae27f099922
soundalias,#hash_2b9d30043a6811c0
soundalias,#hash_2ba0ea5668a8022b
soundalias,#mus_fire_sale
soundalias,#vox_russ_exert_gas_gag
soundalias,#hash_2be6ede02abf5cfc
soundalias,#hash_2bfff78ed4aefdbc
soundalias,#hash_2c0513350d4300f3
soundalias,#vox_generic_responses_positive_plr_20_8
soundalias,#vox_generic_responses_positive_plr_20_9
soundalias,#vox_generic_responses_positive_plr_20_6
soundalias,#vox_generic_responses_positive_plr_20_7
soundalias,#vox_generic_responses_positive_plr_20_4
soundalias,#vox_generic_responses_positive_plr_20_5
soundalias,#vox_generic_responses_positive_plr_20_2
soundalias,#vox_generic_responses_positive_plr_20_3
soundalias,#vox_generic_responses_positive_plr_20_0
soundalias,#vox_generic_responses_positive_plr_20_1
soundalias,#hash_2c1a2b29f89d9c1e
soundalias,#fly_melee_lungealt_knife
soundalias,#hash_2c2121284ea61c21
soundalias,#hash_2c353a931f7b6186
soundalias,#vox_russ_exert_rad_start
soundalias,#zmb_quad_gas_attack_start
soundalias,#vox_kill_matryoshka_plr_19_4
soundalias,#vox_kill_matryoshka_plr_19_2
soundalias,#vox_kill_matryoshka_plr_19_3
soundalias,#vox_kill_matryoshka_plr_19_0
soundalias,#vox_kill_matryoshka_plr_19_1
soundalias,#vox_hell_on_earth_circle_plr_20_1
soundalias,#vox_hell_on_earth_circle_plr_20_0
soundalias,#vox_hell_on_earth_circle_plr_20_2
soundalias,#hash_2c5f0a10ddf9dfa5
soundalias,#vox_ship_cargo_enter_plr_20_2
soundalias,#vox_ship_cargo_enter_plr_20_0
soundalias,#vox_ship_cargo_enter_plr_20_1
soundalias,#vox_box_smg_plr_20_3
soundalias,#vox_box_smg_plr_20_2
soundalias,#vox_box_smg_plr_20_1
soundalias,#vox_box_smg_plr_20_0
soundalias,#vox_box_smg_plr_20_4
soundalias,#vox_attacked_zombie_plr_20_8
soundalias,#vox_attacked_zombie_plr_20_9
soundalias,#vox_attacked_zombie_plr_20_0
soundalias,#vox_attacked_zombie_plr_20_1
soundalias,#vox_attacked_zombie_plr_20_2
soundalias,#vox_attacked_zombie_plr_20_3
soundalias,#vox_attacked_zombie_plr_20_4
soundalias,#vox_attacked_zombie_plr_20_5
soundalias,#vox_attacked_zombie_plr_20_6
soundalias,#vox_attacked_zombie_plr_20_7
soundalias,#hash_2c8a009efec6976a
soundalias,#vox_gear_box_pickup_plr_17_0
soundalias,#hash_2c8b4bdd85090922
soundalias,#vox_snowball_kill_plr_18_2
soundalias,#vox_snowball_kill_plr_18_0
soundalias,#vox_snowball_kill_plr_18_1
soundalias,#exp_transformer_flux_r
soundalias,#exp_transformer_flux_l
soundalias,#hash_2cb99908783105d8
soundalias,#wpn_ray_reload_battery_in
soundalias,#hash_2cbe9251073ce0e1
soundalias,#hash_2cd7ef04bb268da4
soundalias,#hash_2ce2c1622901f1e5
soundalias,#fly_step_sprint_zdog_ice
soundalias,#vox_bof1_exert_rad_dmg
soundalias,#hash_2d03aa03eaeb12dd
soundalias,#hash_2d04027d29364ca6
soundalias,#wpn_thundergun_flux_r
soundalias,#wpn_thundergun_flux_l
soundalias,#vox_revive_marl_plr_20_2
soundalias,#vox_revive_marl_plr_20_3
soundalias,#vox_revive_marl_plr_20_0
soundalias,#vox_revive_marl_plr_20_1
soundalias,#vox_revive_marl_plr_20_4
soundalias,#wpn_flamethrower_sheathe_npc
soundalias,#vox_kill_streak_plr_18_8
soundalias,#vox_kill_streak_plr_18_9
soundalias,#vox_kill_streak_plr_18_2
soundalias,#vox_kill_streak_plr_18_3
soundalias,#vox_kill_streak_plr_18_0
soundalias,#vox_kill_streak_plr_18_1
soundalias,#vox_kill_streak_plr_18_6
soundalias,#vox_kill_streak_plr_18_7
soundalias,#vox_kill_streak_plr_18_4
soundalias,#vox_kill_streak_plr_18_5
soundalias,#vox_marl_exert_punch_give
soundalias,#fly_step_crouch_walk_zdog_grass
soundalias,#hash_2d5e61a74481f980
soundalias,#vox_hell_on_earth_start_plr_17_0
soundalias,#vox_2_banter_marl_stuh_plr_17_0
soundalias,#mus_musicbox_rise
soundalias,#wpn_dg4_electrocution_impact
soundalias,#hash_2d87822f312b7e39
soundalias,#wpn_rgun_fire_act_plr
soundalias,#hash_2d8f8d79d800431f
soundalias,#vox_device_pickup_plr_18_0
soundalias,#dst_dest_reel2reel_01_dp_d0
soundalias,#dst_dest_reel2reel_01_dp_d1
soundalias,#dst_dest_reel2reel_01_dp_d2
soundalias,#vox_mist_exert_gas_gasp
soundalias,#fly_melee_imp_galva_cloth
soundalias,#vox_bop4_exert_sniper_hold
soundalias,#vox_1_banter_mist_marl_plr_19_1
soundalias,#evt_blue_rock_hit
soundalias,#hash_2ddcd295a40a8458
soundalias,#fly_step_crouch_run_zdog_bodyarmor
soundalias,#hash_2dfe7f7f7939c1a7
soundalias,#vox_ship_cargo_enter_plr_19_2
soundalias,#vox_ship_cargo_enter_plr_19_0
soundalias,#vox_ship_cargo_enter_plr_19_1
soundalias,#vox_fuse_get_plr_18_0
soundalias,#vox_artifact_defend_plr_19_0
soundalias,#hash_2e38d5b9c9382a71
soundalias,#hash_2e3ad86fbbde47ec
soundalias,#vox_freeze_exert_plr_18_1
soundalias,#vox_freeze_exert_plr_18_0
soundalias,#vox_freeze_exert_plr_18_3
soundalias,#vox_freeze_exert_plr_18_2
soundalias,#vox_freeze_exert_plr_18_4
soundalias,#hash_2e4b3d95b5a51afa
soundalias,#vox_musicbox_pickup_plr_19_0
soundalias,#vox_lighthouse_ext_enter_plr_20_2
soundalias,#vox_lighthouse_ext_enter_plr_20_1
soundalias,#vox_lighthouse_ext_enter_plr_20_0
soundalias,#hash_2e5e53739622d4e5
soundalias,#fly_melee_imp_galva_npc_metalcar
soundalias,#exp_mp_propane_tank_explo
soundalias,#vox_hell_on_earth_final_plr_20_0
soundalias,#vox_box_ballistic_plr_17_3
soundalias,#vox_box_ballistic_plr_17_2
soundalias,#vox_box_ballistic_plr_17_1
soundalias,#vox_box_ballistic_plr_17_0
soundalias,#vox_box_ballistic_plr_17_4
soundalias,#evt_shard_pickup
soundalias,#vox_kill_raygun_mk2_plr_19_2
soundalias,#vox_kill_raygun_mk2_plr_19_3
soundalias,#vox_kill_raygun_mk2_plr_19_0
soundalias,#vox_kill_raygun_mk2_plr_19_1
soundalias,#vox_kill_raygun_mk2_plr_19_4
soundalias,#wpn_pineapple_explode_decay
soundalias,#hash_2ec1f186476789f2
soundalias,#wpn_matroyshka_bounce_carpet
soundalias,#dst_server_power
soundalias,#vox_vril_charge_plr_20_2
soundalias,#vox_vril_charge_plr_20_0
soundalias,#vox_vril_charge_plr_20_1
soundalias,#fly_step_crouch_run_zdog_default
soundalias,#wpn_rgun_mk2_flux_r_npc
soundalias,#hash_2f2abe3e57cb8fbc
soundalias,#vox_bof3_exert_rad_start
soundalias,#vox_attacked_zombie_plr_19_8
soundalias,#vox_attacked_zombie_plr_19_0
soundalias,#vox_attacked_zombie_plr_19_1
soundalias,#vox_attacked_zombie_plr_19_2
soundalias,#vox_attacked_zombie_plr_19_3
soundalias,#vox_attacked_zombie_plr_19_4
soundalias,#vox_attacked_zombie_plr_19_5
soundalias,#vox_attacked_zombie_plr_19_6
soundalias,#vox_attacked_zombie_plr_19_7
soundalias,#wpn_katana_sheathe_npc
soundalias,#hash_2f5b570f7b90ee62
soundalias,#wpn_rgun_loop
soundalias,#wpn_katana_melee_plr
soundalias,#vox_kill_melee_plr_18_4
soundalias,#vox_kill_melee_plr_18_5
soundalias,#vox_kill_melee_plr_18_6
soundalias,#vox_kill_melee_plr_18_7
soundalias,#vox_kill_melee_plr_18_0
soundalias,#vox_kill_melee_plr_18_1
soundalias,#vox_kill_melee_plr_18_2
soundalias,#vox_kill_melee_plr_18_3
soundalias,#vox_kill_melee_plr_18_8
soundalias,#vox_kill_melee_plr_18_9
soundalias,#vox_stuh_exert_gas_gasp
soundalias,#vox_stuh_exert_mant_heavy
soundalias,#evt_freeze_break
soundalias,#hash_2f906af4529152ca
soundalias,#fly_step_crouch_run_zdog_gravel
soundalias,#hash_2f93f052b7d67368
soundalias,#vox_facility_main_enter_plr_18_2
soundalias,#vox_facility_main_enter_plr_18_1
soundalias,#vox_facility_main_enter_plr_18_0
soundalias,#fly_step_crouch_walk_zdog_fruit
soundalias,#vox_box_thundergun_plr_19_0
soundalias,#vox_box_thundergun_plr_19_1
soundalias,#vox_box_thundergun_plr_19_2
soundalias,#vox_box_thundergun_plr_19_3
soundalias,#vox_box_thundergun_plr_19_4
soundalias,#fly_bowie_impact_npc
soundalias,#fly_pineapple_tap
soundalias,#fly_step_prone_zdog_snow
soundalias,#zmb_pee_spill
soundalias,#vox_tedd_exert_burn_dead
soundalias,#zmb_hellhound_loop_breath
soundalias,#wpn_dg4_first_raise_lvl3_npc
soundalias,#wpn_katana_idle_lp
soundalias,#wpn_dg2_sniper_plr
soundalias,#hash_303167d78f7571e8
soundalias,#fly_step_crouch_run_zdog_dirt
soundalias,#hash_3043ba385f024640
soundalias,#vox_box_tactical_plr_18_4
soundalias,#vox_box_tactical_plr_18_0
soundalias,#vox_box_tactical_plr_18_1
soundalias,#vox_box_tactical_plr_18_2
soundalias,#vox_box_tactical_plr_18_3
soundalias,#vox_device_pap_take_plr_20_0
soundalias,#vox_bop4_exert_gas_gag
soundalias,#fly_step_sprint_zdog_paper
soundalias,#vox_golden_pap_react_plr_19_1
soundalias,#vox_golden_pap_react_plr_19_0
soundalias,#vox_golden_pap_react_plr_19_2
soundalias,#vox_hell_on_earth_survive_plr_20_0
soundalias,#wpn_pineapple_loop
soundalias,#hash_30892ee35d834919
soundalias,#vox_ship_main_enter_plr_20_2
soundalias,#vox_ship_main_enter_plr_20_1
soundalias,#vox_ship_main_enter_plr_20_0
soundalias,#vox_bop5_exert_suppressed
soundalias,#vox_russ_exert_rad_dmg
soundalias,#fly_step_prone_zdog_glassbulletproof
soundalias,#fly_melee_lunge_knife
soundalias,#hash_30a5ec16dcd18c49
soundalias,#vox_3_banter_russ_stuh_plr_20_1
soundalias,#hash_30b1f22eee117c88
soundalias,#hash_30b1f32eee117e3b
soundalias,#hash_30b1f52eee1181a1
soundalias,#hash_30b1f82eee1186ba
soundalias,#hash_30b1f92eee11886d
soundalias,#wpn_matroyshka_bounce_concrete
soundalias,#hash_30c31c177bf988e3
soundalias,#vox_round_end_1_nikolai_plr_7_1
soundalias,#vox_round_end_1_nikolai_plr_7_0
soundalias,#vox_round_end_1_nikolai_plr_7_2
soundalias,#zmb_quest_dial_success
soundalias,#vox_ammo_low_plr_17_4
soundalias,#vox_ammo_low_plr_17_3
soundalias,#vox_ammo_low_plr_17_2
soundalias,#vox_ammo_low_plr_17_1
soundalias,#vox_ammo_low_plr_17_0
soundalias,#zmb_perks_packa_knuckle_0
soundalias,#zmb_perks_packa_knuckle_1
soundalias,#zmb_hellhound_loop_fire
soundalias,#evt_spare_change
soundalias,#hash_3101726ea6f85090
soundalias,#vox_spleen_pickup_plr_18_0
soundalias,#hash_311b093e2bb4cf35
soundalias,#fly_step_walk_zdog_water
soundalias,#vox_marl_exert_gas_gag
soundalias,#zmb_vox_monkey_scream
soundalias,#hash_312343edef77b727
soundalias,#hash_3150a609d055a88b
soundalias,#hash_315685483901984c
soundalias,#wpn_rgun_mk2_exp
soundalias,#fly_step_run_zdog_flesh
soundalias,#wpn_dg4_melee_swing_plr
soundalias,#vox_mist_exert_stabbed
soundalias,#exp_matroyshka
soundalias,#hash_31ab48a4e53387c7
soundalias,#fly_step_walk_zdog_brick
soundalias,#vox_generic_wall_buy_plr_20_9
soundalias,#vox_generic_wall_buy_plr_20_8
soundalias,#vox_generic_wall_buy_plr_20_3
soundalias,#vox_generic_wall_buy_plr_20_2
soundalias,#vox_generic_wall_buy_plr_20_1
soundalias,#vox_generic_wall_buy_plr_20_0
soundalias,#vox_generic_wall_buy_plr_20_7
soundalias,#vox_generic_wall_buy_plr_20_6
soundalias,#vox_generic_wall_buy_plr_20_5
soundalias,#vox_generic_wall_buy_plr_20_4
soundalias,#vox_blac_exert_gas_gag
soundalias,#hash_31e3fd3c1feef6fd
soundalias,#hash_31e90a2e8f036327
soundalias,#hash_31f3b0479d450d5a
soundalias,#vox_marl_exert_underwater_emerge_gasp
soundalias,#vox_gear_box_give_plr_18_0
soundalias,#hash_3226ab9c02fb5947
soundalias,#zmb_switch_flip
soundalias,#fly_uw_move_reload
soundalias,#vox_pickup_rocketshield_plr_17_0
soundalias,#vox_pickup_rocketshield_plr_17_1
soundalias,#vox_tedd_exert_death_veh_fly
soundalias,#fly_step_prone_zdog_metal
soundalias,#mus_orange_roundstart_1_intro
soundalias,#vox_bom3_exert_rad_end
soundalias,#fly_step_sprint_zdog_metal
soundalias,#hash_3274d5a6da05a801
soundalias,#zmb_perks_packa_upgrade
soundalias,#fly_tundragun_idle
soundalias,#vox_solo_end_round1_stuh_plr_17_0
soundalias,#vox_tedd_exert_punch_take
soundalias,#fly_zombie_ground_climbout
soundalias,#wpn_flame_thrower_stop_npc
soundalias,#wpn_tundragun_plr_lfe
soundalias,#wpn_winters_howl_fire_act_plr
soundalias,#zmb_box_poof
soundalias,#fly_melee_imp_katana_wood
soundalias,#zmb_fasttravel_teleport_end_plr
soundalias,#hash_32e2c6e9b7449114
soundalias,#evt_vault_wheel
soundalias,#vox_5_banter_russ_stuh_plr_17_0
soundalias,#vox_stuh_exert_burn_dead
soundalias,#mus_fire_sale_end
soundalias,#amb_blizzard_gust
soundalias,#vox_really_want_uric_6
soundalias,#dst_spark_bounces
soundalias,#zmb_fasttravel_teleport_lp_plr
soundalias,#vox_artifact_defend_plr_17_0
soundalias,#vox_fuse_get_plr_20_0
soundalias,#amb_steam_slow
soundalias,#zmb_fasttravel_teleport_start_npc
soundalias,#hash_3392e4de601fe7a4
soundalias,#vox_musicbox_pickup_plr_20_0
soundalias,#fly_pineapple_mag_in
soundalias,#hash_33b6a998603c309d
soundalias,#fly_pineapple_mag_out
soundalias,#vox_bop2_exert_self_heal
soundalias,#hash_33c5e3222e38a6ff
soundalias,#vox_russ_exert_death
soundalias,#amb_fire_small
soundalias,#hash_33de302626950d78
soundalias,#vox_snowball_kill_plr_17_1
soundalias,#vox_snowball_kill_plr_17_0
soundalias,#vox_snowball_kill_plr_17_2
soundalias,#vox_revive_support_mist_plr_19_4
soundalias,#vox_revive_support_mist_plr_19_3
soundalias,#vox_revive_support_mist_plr_19_2
soundalias,#vox_revive_support_mist_plr_19_1
soundalias,#vox_revive_support_mist_plr_19_0
soundalias,#hash_33fac7f0e54f744b
soundalias,#vox_hell_on_earth_final_plr_17_0
soundalias,#zmb_bodypart_drop
soundalias,#evt_soapstone_burn
soundalias,#vox_box_smg_plr_19_4
soundalias,#vox_box_smg_plr_19_3
soundalias,#vox_box_smg_plr_19_2
soundalias,#vox_box_smg_plr_19_1
soundalias,#vox_box_smg_plr_19_0
soundalias,#fly_step_walk_zdog_ice
soundalias,#hash_342a3db46674e67a
soundalias,#vox_bom2_exert_rad_dmg
soundalias,#wpn_matroyshka_bounce_plastic
soundalias,#wpn_matroyshka_bounce_plaster
soundalias,#vox_flinger_react_plr_18_4
soundalias,#vox_flinger_react_plr_18_0
soundalias,#vox_flinger_react_plr_18_1
soundalias,#vox_flinger_react_plr_18_2
soundalias,#vox_flinger_react_plr_18_3
soundalias,#vox_soap_stones_shape_plr_18_0
soundalias,#evt_icicle_pickup
soundalias,#amb_waterfall_small
soundalias,#vox_marl_exert_underwater_pain
soundalias,#vox_mist_exert_mant_light
soundalias,#vox_vril_reveal_plr_20_2
soundalias,#vox_vril_reveal_plr_20_1
soundalias,#vox_vril_reveal_plr_20_0
soundalias,#fly_step_walk_zdog_metalcatwalk
soundalias,#vox_revive_support_russ_plr_17_3
soundalias,#vox_revive_support_russ_plr_17_2
soundalias,#vox_revive_support_russ_plr_17_1
soundalias,#vox_revive_support_russ_plr_17_0
soundalias,#vox_revive_support_russ_plr_17_4
soundalias,#fly_step_run_zdog_glasscar
soundalias,#fly_generic_raise_npc
soundalias,#vox_oh_shit_plr_17_8
soundalias,#vox_oh_shit_plr_17_9
soundalias,#vox_oh_shit_plr_17_0
soundalias,#vox_oh_shit_plr_17_1
soundalias,#vox_oh_shit_plr_17_2
soundalias,#vox_oh_shit_plr_17_3
soundalias,#vox_oh_shit_plr_17_4
soundalias,#vox_oh_shit_plr_17_5
soundalias,#vox_oh_shit_plr_17_6
soundalias,#vox_oh_shit_plr_17_7
soundalias,#evt_dynamite_place
soundalias,#zmb_monkey_anim_cymb
soundalias,#vox_mist_surrounded_oh_shit_plr_17_2
soundalias,#vox_mist_surrounded_oh_shit_plr_17_3
soundalias,#vox_mist_surrounded_oh_shit_plr_17_0
soundalias,#vox_mist_surrounded_oh_shit_plr_17_1
soundalias,#vox_mist_surrounded_oh_shit_plr_17_4
soundalias,#evt_frozen_lp
soundalias,#wpn_vulcan_fire_lfe_ring_plr
soundalias,#vox_russ_exert_burn_dead
soundalias,#wpn_musicbox_bounce
soundalias,#vox_marl_exert_blind
soundalias,#vox_trap_lighthouse_activate_plr_19_2
soundalias,#vox_trap_lighthouse_activate_plr_19_0
soundalias,#vox_trap_lighthouse_activate_plr_19_1
soundalias,#zmb_hellhound_spawn
soundalias,#amb_steam_slow_int
soundalias,#wpn_ray_reload_close
soundalias,#vox_tundragun_kill_plr_17_2
soundalias,#vox_tundragun_kill_plr_17_1
soundalias,#vox_tundragun_kill_plr_17_0
soundalias,#wpn_pineapple_dryfire_plr
soundalias,#vox_vril_give_plr_18_2
soundalias,#vox_vril_give_plr_18_0
soundalias,#vox_vril_give_plr_18_1
soundalias,#fly_step_crouch_walk_zdog_mud
soundalias,#wpn_vulcan_pickup_plr
soundalias,#vox_crank_attach_plr_17_1
soundalias,#vox_crank_attach_plr_17_0
soundalias,#vox_crank_attach_plr_17_2
soundalias,#vox_punchcard_2_insert_plr_20_0
soundalias,#vox_kill_matryoshka_plr_20_2
soundalias,#vox_kill_matryoshka_plr_20_3
soundalias,#vox_kill_matryoshka_plr_20_0
soundalias,#vox_kill_matryoshka_plr_20_1
soundalias,#vox_kill_matryoshka_plr_20_4
soundalias,#vox_bop5_exert_self_heal
soundalias,#evt_soapstone_freeze
soundalias,#vox_box_move_plr_20_4
soundalias,#vox_box_move_plr_20_1
soundalias,#vox_box_move_plr_20_0
soundalias,#vox_box_move_plr_20_3
soundalias,#vox_box_move_plr_20_2
soundalias,#hash_35baaf86bb47b64d
soundalias,#vox_revive_marl_plr_17_4
soundalias,#vox_revive_marl_plr_17_0
soundalias,#vox_revive_marl_plr_17_1
soundalias,#vox_revive_marl_plr_17_2
soundalias,#vox_revive_marl_plr_17_3
soundalias,#vox_bop5_exert_rad_dmg
soundalias,#fly_step_sprint_zdog_tallgrass
soundalias,#vox_bop1_exert_concuss
soundalias,#vox_tedd_exert_death
soundalias,#hash_35fe77df40567d45
soundalias,#fly_step_crouch_run_zdog_concrete
soundalias,#vox_device_pap_give_final_plr_20_0
soundalias,#fly_wpn_handle_high
soundalias,#vox_docks_enter_plr_19_1
soundalias,#vox_docks_enter_plr_19_0
soundalias,#vox_docks_enter_plr_19_2
soundalias,#vox_crawler_gib_plr_5_3
soundalias,#vox_fuse_get_plr_19_0
soundalias,#hash_364c98e4ca3d5e9a
soundalias,#vox_ship_bridge_enter_plr_5_1
soundalias,#vox_artifact_defend_plr_18_0
soundalias,#hash_365525e6193d1f1e
soundalias,#zmb_hellhound_prespawn
soundalias,#vox_hell_on_earth_survive_plr_19_0
soundalias,#zmb_pipe_water_burst
soundalias,#hash_36619e8710ef5072
soundalias,#fly_step_crouch_walk_zdog_cloth
soundalias,#vox_spleen_pickup_plr_20_0
soundalias,#vox_bop5_exert_underwater_emerge_gasp
soundalias,#vox_punchcard_1_pickup_plr_17_0
soundalias,#hash_36a4124f1eed78ab
soundalias,#hash_36a4134f1eed7a5e
soundalias,#hash_36a4144f1eed7c11
soundalias,#hash_36a4154f1eed7dc4
soundalias,#hash_36a4164f1eed7f77
soundalias,#vox_spleen_fail_plr_7_0
soundalias,#zmb_vocals_quad_attack_melee
soundalias,#vox_ship_cargo_enter_plr_17_0
soundalias,#vox_ship_cargo_enter_plr_17_1
soundalias,#vox_ship_cargo_enter_plr_17_2
soundalias,#vox_bop5_exert_mant_light
soundalias,#wpn_vulcan_start_npc
soundalias,#vox_5_banter_marl_stuh_plr_5_1
soundalias,#vox_facility_main_enter_plr_19_2
soundalias,#vox_facility_main_enter_plr_19_0
soundalias,#vox_facility_main_enter_plr_19_1
soundalias,#vox_nomoney_generic_plr_19_3
soundalias,#vox_nomoney_generic_plr_19_2
soundalias,#vox_nomoney_generic_plr_19_1
soundalias,#vox_nomoney_generic_plr_19_0
soundalias,#vox_box_raygun_plr_20_4
soundalias,#vox_box_raygun_plr_20_2
soundalias,#vox_box_raygun_plr_20_3
soundalias,#vox_box_raygun_plr_20_0
soundalias,#vox_box_raygun_plr_20_1
soundalias,#hash_3734fecc702f7cd0
soundalias,#vox_icicle_pickup_plr_17_2
soundalias,#vox_icicle_pickup_plr_17_0
soundalias,#vox_icicle_pickup_plr_17_1
soundalias,#vox_bop5_exert_death_fall
soundalias,#hash_37742f860462f04c
soundalias,#vox_shard_place_plr_17_0
soundalias,#vox_3_banter_mist_russ_plr_18_1
soundalias,#hash_37934c7e26e23493
soundalias,#hash_37934d7e26e23646
soundalias,#hash_37934e7e26e237f9
soundalias,#vox_1_banter_mist_marl_plr_18_0
soundalias,#wpn_gren_1straise_plr
soundalias,#fly_zombie_mantle_fast
soundalias,#vox_marl_exert_sniper_gasp
soundalias,#hash_37b2bf0b37157bf5
soundalias,#vox_1_banter_mist_stuh_plr_17_1
soundalias,#fly_step_walk_zdog_cloth
soundalias,#vox_golden_pap_react_plr_18_0
soundalias,#vox_golden_pap_react_plr_18_1
soundalias,#vox_golden_pap_react_plr_18_2
soundalias,#fly_step_run_zdog_asphalt
soundalias,#evt_spleen_fail
soundalias,#wpn_dg4_slam_activate_plr
soundalias,#fly_step_walk_zdog_rock
soundalias,#hash_381306926fe6491f
soundalias,#wpn_rgun_mk2_flux_r_plr
soundalias,#hash_382b409a835eba84
soundalias,#hash_382d8496407cc956
soundalias,#hash_38379721ee659f1e
soundalias,#fly_step_sprint_zdog_snow
soundalias,#vox_bop1_exert_sniper_hold
soundalias,#vox_spleen_pickup_plr_19_0
soundalias,#vox_box_ar_plr_17_1
soundalias,#vox_box_ar_plr_17_0
soundalias,#vox_box_ar_plr_17_3
soundalias,#vox_box_ar_plr_17_2
soundalias,#vox_box_ar_plr_17_4
soundalias,#hash_3875fec910bd2928
soundalias,#vox_crawler_kill_plr_17_1
soundalias,#vox_crawler_kill_plr_17_0
soundalias,#vox_crawler_kill_plr_17_3
soundalias,#vox_crawler_kill_plr_17_2
soundalias,#vox_crawler_kill_plr_17_4
soundalias,#wpn_matroyshka_bounce_rock
soundalias,#vox_bop4_exert_death_fall
soundalias,#fly_step_prone_zdog_cushion
soundalias,#amb_interior_ship
soundalias,#hash_38dff48a011950d5
soundalias,#fly_step_run_zdog_water
soundalias,#fly_melee_imp_katana_npc_glass
soundalias,#fly_step_prone_zdog_glass
soundalias,#hash_38eb561780739e31
soundalias,#vox_device_pap_final_take_plr_19_0
soundalias,#vox_freeze_exert_plr_19_0
soundalias,#vox_freeze_exert_plr_19_1
soundalias,#vox_freeze_exert_plr_19_2
soundalias,#vox_freeze_exert_plr_19_3
soundalias,#vox_freeze_exert_plr_19_4
soundalias,#wpn_winters_howl_flux_r_plr
soundalias,#hash_38fe814300a656d7
soundalias,#vox_musicbox_pickup_plr_18_0
soundalias,#hash_3903f88e042b6bcd
soundalias,#vox_soap_stones_freeze_plr_18_0
soundalias,#vox_blac_exert_rad_start
soundalias,#fly_step_crouch_run_zdog_cushion
soundalias,#vox_round_end_2_nikolai_plr_20_2
soundalias,#vox_round_end_2_nikolai_plr_20_1
soundalias,#vox_round_end_2_nikolai_plr_20_0
soundalias,#fly_step_walk_zdog_sand
soundalias,#vox_tedd_exert_underwater_emerge_breath
soundalias,#vox_mist_exert_sniper_hold
soundalias,#vox_kill_monkey_plr_17_2
soundalias,#vox_kill_monkey_plr_17_3
soundalias,#vox_kill_monkey_plr_17_0
soundalias,#vox_kill_monkey_plr_17_1
soundalias,#vox_kill_monkey_plr_17_4
soundalias,#mus_hell_on_earth_2_loop_0
soundalias,#fly_zombie_jumpland_hard_swt
soundalias,#fly_step_prone_zdog_paper
soundalias,#vox_box_smg_plr_17_1
soundalias,#vox_box_smg_plr_17_0
soundalias,#vox_box_smg_plr_17_3
soundalias,#vox_box_smg_plr_17_2
soundalias,#hash_397014717ca7373e
soundalias,#vox_ammo_low_plr_19_4
soundalias,#vox_ammo_low_plr_19_1
soundalias,#vox_ammo_low_plr_19_0
soundalias,#vox_ammo_low_plr_19_3
soundalias,#vox_ammo_low_plr_19_2
soundalias,#vox_freeze_mode_zmba_0
soundalias,#wpn_thundergun_fire_plr
soundalias,#hash_39af50e67de83495
soundalias,#vox_electric_zombie_encounter_plr_17_2
soundalias,#vox_electric_zombie_encounter_plr_17_0
soundalias,#vox_electric_zombie_encounter_plr_17_1
soundalias,#vox_soap_stones_shape_plr_20_0
soundalias,#hash_39d3969548550824
soundalias,#wpn_dg4_plant_start
soundalias,#hash_39f17b728f579ac6
soundalias,#fly_melee_imp_katana_npc_metalcar
soundalias,#vox_device_pap_take_plr_17_0
soundalias,#hash_39fc90dd61a2e104
soundalias,#vox_heat_pack_pickup_plr_17_2
soundalias,#vox_heat_pack_pickup_plr_17_1
soundalias,#vox_heat_pack_pickup_plr_17_0
soundalias,#vox_bop4_exert_punch_give
soundalias,#zmb_vocals_hellhound_ambient_anim
soundalias,#hash_3a180f4c4f1a4d19
soundalias,#vox_vril_charge_plr_5_0
soundalias,#vox_gear_box_give_plr_17_0
soundalias,#hash_3a45373862686bfd
soundalias,#vox_stuh_exert_blind
soundalias,#exp_grenade_water_ripple
soundalias,#vox_mist_exert_rad_start
soundalias,#hash_3a9a7ade1b1e0ee1
soundalias,#zmb_vocals_zombie_death_nohead
soundalias,#vox_fuse_lighthouse_plr_7_0
soundalias,#vox_roundstart_special_plr_17_0
soundalias,#vox_roundstart_special_plr_17_1
soundalias,#vox_roundstart_special_plr_17_2
soundalias,#vox_roundstart_special_plr_17_3
soundalias,#vox_roundstart_special_plr_17_4
soundalias,#hash_3abe63d3d32acaa4
soundalias,#vox_punchcard_2_insert_plr_5_0
soundalias,#vox_russ_kill_headshot_plr_19_1
soundalias,#vox_russ_kill_headshot_plr_19_0
soundalias,#vox_russ_kill_headshot_plr_19_3
soundalias,#vox_russ_kill_headshot_plr_19_2
soundalias,#vox_russ_kill_headshot_plr_19_4
soundalias,#zmb_perks_packa_deny
soundalias,#amb_exterior_ship
soundalias,#zmb_trinket_pickup
soundalias,#hash_3b2996dd5aedfb50
soundalias,#hash_3b49dff0e9115f13
soundalias,#vox_russ_exert_rad_end
soundalias,#hash_3b5aa2dcf774bacd
soundalias,#fly_step_crouch_run_zdog_sand
soundalias,#vox_punchcard_2_insert_plr_19_0
soundalias,#dst_solar_flux_l
soundalias,#dst_solar_flux_r
soundalias,#hash_3b68a75c034f09c0
soundalias,#hash_3b6983b084cfef53
soundalias,#hash_3b6c616595673f3f
soundalias,#hash_3b6e2bba7d44fa78
soundalias,#fly_melee_imp_galva_rock
soundalias,#zmb_ee_item_pickup
soundalias,#hash_3b86a435479f2bb5
soundalias,#vox_bop5_exert_sniper_exhale
soundalias,#vox_soap_stones_shape_plr_19_0
soundalias,#fly_step_walk_zdog_asphalt
soundalias,#fly_golden_knife_first_raise
soundalias,#zmb_blocker_debris_lp
soundalias,#vox_blac_exert_pain
soundalias,#zmb_yellow_snowball_stinger_glass_swt
soundalias,#hash_3bed1320e59a493c
soundalias,#zmb_pap_charge_lp
soundalias,#hash_3c11c5cb7fafbbb2
soundalias,#hash_3c2c3e9442d79358
soundalias,#hash_3c388fe926f0388f
soundalias,#vox_box_smg_plr_18_4
soundalias,#vox_box_smg_plr_18_2
soundalias,#vox_box_smg_plr_18_3
soundalias,#vox_box_smg_plr_18_0
soundalias,#vox_box_smg_plr_18_1
soundalias,#vox_mist_exert_underwater_air_low
soundalias,#wpn_winters_howl_fire_lfe_plr
soundalias,#vox_seal_pickup_plr_18_0
soundalias,#hash_3c7b9b222c1518b3
soundalias,#wpn_musicbox_pickup_plr
soundalias,#hash_3c8efffb52007668
soundalias,#vox_mist_exert_gas_gag
soundalias,#wpn_matroyshka_bounce_cloth
soundalias,#wpn_vulcan_loop_npc
soundalias,#fly_step_crouch_walk_zdog_rock
soundalias,#hash_3cda7b64c5e43336
soundalias,#hash_3ce6fa67371415f0
soundalias,#fly_step_crouch_walk_zdog_bark
soundalias,#vox_device_transport_plr_18_0
soundalias,#hash_3d1520e62e908711
soundalias,#vox_marl_exert_sniper_exhale
soundalias,#vox_3_banter_mist_russ_plr_20_0
soundalias,#hash_3d1a74aa3a1ce22f
soundalias,#vox_russ_exert_bludgeoned
soundalias,#wpn_winters_howl_flux_r_npc
soundalias,#vox_travel_pap_island_plr_20_0
soundalias,#hash_3d661fe1a295c10c
soundalias,#fly_step_crouch_walk_zdog_tallgrass
soundalias,#fly_melee_imp_galva_plastic
soundalias,#fly_generic_ads_lower_plr
soundalias,#evt_flinger_cancel
soundalias,#hash_3dc6a3cbe26538d8
soundalias,#hash_3dc6a4cbe2653a8b
soundalias,#hash_3dc6a5cbe2653c3e
soundalias,#hash_3dd3d455ab107a1e
soundalias,#hash_3df5396258847d29
soundalias,#hash_3df9fb8aa466bc00
soundalias,#fly_step_walk_zdog_ceramic
soundalias,#zmb_vocals_zombie_attack_melee
soundalias,#zmb_ann_vox_laugh_r
soundalias,#zmb_ann_vox_laugh_l
soundalias,#vox_blac_exert_underwater_air_low
soundalias,#vox_2_banter_mist_stuh_plr_18_0
soundalias,#hash_3e54901956e30c70
soundalias,#wpn_matroyshka_bounce_dirt
soundalias,#vox_bop5_exert_punch_take
soundalias,#vox_hell_on_earth_start_plr_19_0
soundalias,#hash_3e8cb0a639b5a355
soundalias,#zmb_vox_monkey_raise_npc
soundalias,#vox_soap_stones_freeze_plr_20_0
soundalias,#hash_3ea4c30e74942c65
soundalias,#hash_3eab01eef538f70a
soundalias,#vox_tundragun_get_plr_17_2
soundalias,#vox_tundragun_get_plr_17_1
soundalias,#vox_tundragun_get_plr_17_0
soundalias,#wpn_dg2_sniper_plr_lfe
soundalias,#evt_crank_pickup
soundalias,#amb_pareidolia_leadup
soundalias,#wpn_flamethrower_sheathe_plr
soundalias,#vox_shard_place_plr_18_0
soundalias,#vox_bop2_exert_death_veh_under
soundalias,#fly_step_run_zdog_cloth
soundalias,#vox_bop4_exert_burn_dead
soundalias,#vox_bop4_exert_sniper_gasp
soundalias,#zmb_vocals_quad_ambient_loud
soundalias,#vox_kill_matryoshka_plr_17_4
soundalias,#vox_kill_matryoshka_plr_17_0
soundalias,#vox_kill_matryoshka_plr_17_1
soundalias,#vox_kill_matryoshka_plr_17_2
soundalias,#vox_kill_matryoshka_plr_17_3
soundalias,#hash_3f2febc0250ace29
soundalias,#hash_3f30273a616666c2
soundalias,#hash_3f359e0c90ea70ee
soundalias,#vox_punchcard_1_pickup_plr_19_0
soundalias,#fly_step_sprint_zdog_gravel
soundalias,#vox_russ_exert_gas_cough
soundalias,#vox_heat_pack_pickup_plr_19_1
soundalias,#vox_heat_pack_pickup_plr_19_0
soundalias,#vox_heat_pack_pickup_plr_19_2
soundalias,#fly_step_crouch_run_zdog_glassbulletproof
soundalias,#fly_melee_imp_katana_npc_plastic
soundalias,#vox_barrier_rebuild_plr_5_0
soundalias,#vox_barrier_rebuild_plr_5_1
soundalias,#vox_tedd_exert_gas_gasp
soundalias,#wpn_matroyshka_bounce_glass
soundalias,#evt_fuse_zap
soundalias,#vox_bop5_exert_gas_gag
soundalias,#wpn_flashbang_button_3
soundalias,#wpn_flashbang_button_2
soundalias,#vox_destroy_rocketshield_plr_17_2
soundalias,#vox_destroy_rocketshield_plr_17_0
soundalias,#vox_destroy_rocketshield_plr_17_1
soundalias,#vox_3_banter_mist_stuh_plr_18_1
soundalias,#zmb_vocals_zombie_mutate
soundalias,#vox_marl_exert_razor_wire
soundalias,#wpn_winters_howl_1straise
soundalias,#vox_dynamite_zombie_react_plr_17_0
soundalias,#vox_dynamite_zombie_react_plr_17_1
soundalias,#vox_dynamite_zombie_react_plr_17_2
soundalias,#vox_bop1_exert_razor_wire
soundalias,#hash_3fececc972a8e9fd
soundalias,#vox_mist_exert_suppressed
soundalias,#fly_step_sprint_zdog_concrete
soundalias,#wpn_thundergun_fire_npc_last
soundalias,#vox_device_deliver_plr_18_0
soundalias,#vox_docks_enter_plr_18_0
soundalias,#vox_docks_enter_plr_18_1
soundalias,#vox_docks_enter_plr_18_2
soundalias,#hash_403975f99dc44ca4
soundalias,#hash_403ba8c0b5d62e30
soundalias,#vox_device_pap_final_take_plr_18_0
soundalias,#zmb_challenges_start
soundalias,#hash_405207468549341c
soundalias,#vox_soap_stones_freeze_plr_19_0
soundalias,#vox_kill_raygun_mk2_plr_20_4
soundalias,#vox_kill_raygun_mk2_plr_20_2
soundalias,#vox_kill_raygun_mk2_plr_20_3
soundalias,#vox_kill_raygun_mk2_plr_20_0
soundalias,#vox_kill_raygun_mk2_plr_20_1
soundalias,#hash_4086389ce7de4a81
soundalias,#hash_408c249d1188012a
soundalias,#hash_408d03c3618bff24
soundalias,#hash_409aacc54a1939d1
soundalias,#vox_russ_exert_sniper_exhale
soundalias,#vox_sky_portal_react_plr_20_0
soundalias,#wpn_vulcan_dryfire_plr
soundalias,#zmb_whoosh
soundalias,#vox_ammo_low_plr_18_4
soundalias,#vox_ammo_low_plr_18_0
soundalias,#vox_ammo_low_plr_18_1
soundalias,#vox_ammo_low_plr_18_2
soundalias,#vox_ammo_low_plr_18_3
soundalias,#hash_40d37df9cdb9fbd7
soundalias,#wpn_winters_howl_1straise_dial
soundalias,#hash_40da961341a9c230
soundalias,#hash_40da971341a9c3e3
soundalias,#hash_40da991341a9c749
soundalias,#hash_40da9c1341a9cc62
soundalias,#hash_40da9d1341a9ce15
soundalias,#hash_40e3c7e9bc9f68df
soundalias,#fly_generic_down_npc
soundalias,#hash_40f93f81c44b9e40
soundalias,#fly_zombie_jumpland_hard
soundalias,#fly_step_prone_zdog_plaster
soundalias,#wpn_rgun_mk2_fire_plr
soundalias,#vox_hell_on_earth_survive_plr_18_0
soundalias,#vox_punchcard_1_pickup_plr_20_0
soundalias,#fly_dog_step_run_default
soundalias,#hash_4129cf9133e09d53
soundalias,#fly_step_prone_zdog_plastic
soundalias,#hash_413ddfbab7b3a95a
soundalias,#hash_4141221e5e3292ea
soundalias,#hash_41517b15c6c56e59
soundalias,#hash_416ddb9315ab3501
soundalias,#vox_box_musicbox_plr_5_1
soundalias,#vox_tedd_exert_rad_start
soundalias,#vox_marl_exert_suppressed
soundalias,#wpn_minigun_nuke_riser
soundalias,#hash_41a8dafa577e5794
soundalias,#fly_gl_gren_out
soundalias,#fly_step_sprint_zdog_foliage
soundalias,#fly_step_crouch_run_zdog_fruit
soundalias,#vox_nomoney_generic_plr_18_2
soundalias,#vox_nomoney_generic_plr_18_3
soundalias,#vox_nomoney_generic_plr_18_0
soundalias,#vox_nomoney_generic_plr_18_1
soundalias,#vox_nomoney_generic_plr_18_4
soundalias,#vox_explosive_pickup_plr_18_2
soundalias,#vox_explosive_pickup_plr_18_1
soundalias,#vox_explosive_pickup_plr_18_0
soundalias,#vox_oh_shit_plr_5_1
soundalias,#vox_oh_shit_plr_5_8
soundalias,#hash_41fe70e9f247be41
soundalias,#mus_hell_on_earth_1_intro
soundalias,#mus_orange_roundend_3_intro
soundalias,#fly_drop_snowball
soundalias,#zmb_crafting_success
soundalias,#vox_russ_kill_headshot_plr_18_0
soundalias,#vox_russ_kill_headshot_plr_18_1
soundalias,#vox_russ_kill_headshot_plr_18_2
soundalias,#vox_russ_kill_headshot_plr_18_3
soundalias,#vox_russ_kill_headshot_plr_18_4
soundalias,#vox_crawler_kill_plr_5_4
soundalias,#fly_melee_imp_katana_npc_metal
soundalias,#hash_4248037e2d86a388
soundalias,#hash_4248057e2d86a6ee
soundalias,#hash_4248067e2d86a8a1
soundalias,#vox_ship_main_enter_plr_19_2
soundalias,#vox_ship_main_enter_plr_19_1
soundalias,#vox_ship_main_enter_plr_19_0
soundalias,#fly_step_prone_zdog_default
soundalias,#wpn_winters_howl_fire_ads_plr
soundalias,#evt_vessel_shatter
soundalias,#vox_kill_headshot_plr_19_9
soundalias,#vox_kill_headshot_plr_19_8
soundalias,#vox_kill_headshot_plr_19_3
soundalias,#vox_kill_headshot_plr_19_2
soundalias,#vox_kill_headshot_plr_19_1
soundalias,#vox_kill_headshot_plr_19_0
soundalias,#vox_kill_headshot_plr_19_7
soundalias,#vox_kill_headshot_plr_19_6
soundalias,#vox_kill_headshot_plr_19_5
soundalias,#vox_kill_headshot_plr_19_4
soundalias,#hash_42a0e2c70dd50b92
soundalias,#fly_melee_imp_katana_npc_wood
soundalias,#vox_bop3_exert_death_veh_hit
soundalias,#vox_bop5_exert_sniper_gasp
soundalias,#amb_mine
soundalias,#vox_blac_exert_gas_gasp
soundalias,#hash_42f74e6d013c6ebf
soundalias,#fly_step_sprint_zdog_bark
soundalias,#wpn_assault_dryfire_plr
soundalias,#hash_431cadb65b1777ce
soundalias,#hash_4332772e0729f026
soundalias,#hash_4332782e0729f1d9
soundalias,#hash_433549ddd805d9bd
soundalias,#vox_colored_dials_pickup_plr_20_0
soundalias,#hash_4359cbda82766edc
soundalias,#amb_metal_creak_sml
soundalias,#dst_hydrant_end_loop
soundalias,#vox_blac_exert_suppressed
soundalias,#vox_mist_exert_death_fall
soundalias,#fly_step_sprint_zdog_plastic
soundalias,#vox_device_transport_plr_19_0
soundalias,#fly_step_sprint_zdog_plaster
soundalias,#dst_gas_canister_open
soundalias,#exp_nitrogen_tank_lfe
soundalias,#zmb_box_spin
soundalias,#vox_russ_exert_punch_take
soundalias,#hash_43afa67fdd3d5468
soundalias,#vox_heat_pack_pickup_plr_20_1
soundalias,#vox_heat_pack_pickup_plr_20_0
soundalias,#vox_heat_pack_pickup_plr_20_2
soundalias,#vox_beach_enter_plr_18_2
soundalias,#vox_beach_enter_plr_18_1
soundalias,#vox_beach_enter_plr_18_0
soundalias,#vox_bop2_exert_electro
soundalias,#hash_43cdf5ac74e6f6af
soundalias,#hash_43cfbbee98fb0071
soundalias,#vox_russ_exert_sniper_gasp
soundalias,#amb_ac_lp
soundalias,#hash_4408c5d6997e0630
soundalias,#vox_punchcard_2_insert_plr_17_0
soundalias,#wpn_grenade_bounce_far_wood
soundalias,#vox_shard_place_plr_20_0
soundalias,#vox_bop3_exert_burn_dead
soundalias,#fly_step_crouch_run_zdog_ice
soundalias,#vox_tedd_exert_concuss
soundalias,#fly_step_walk_zdog_snow
soundalias,#vox_tedd_exert_death_veh_hit
soundalias,#hash_44400c488e1e8a8d
soundalias,#fly_step_sprint_zdog_rock
soundalias,#wpn_snowball_impact_3d
soundalias,#hash_4450c12a6a4528df
soundalias,#vox_generic_wall_buy_plr_19_7
soundalias,#vox_generic_wall_buy_plr_19_6
soundalias,#vox_generic_wall_buy_plr_19_5
soundalias,#vox_generic_wall_buy_plr_19_4
soundalias,#vox_generic_wall_buy_plr_19_3
soundalias,#vox_generic_wall_buy_plr_19_2
soundalias,#vox_generic_wall_buy_plr_19_1
soundalias,#vox_generic_wall_buy_plr_19_0
soundalias,#vox_generic_wall_buy_plr_19_9
soundalias,#vox_generic_wall_buy_plr_19_8
soundalias,#fly_step_crouch_walk_zdog_brick
soundalias,#hash_447a73f3945845fa
soundalias,#wpn_tundragun_proj_loop
soundalias,#hash_44848af090dbba51
soundalias,#hash_4487a8cfa9a5a5da
soundalias,#vox_bop2_exert_explo_dead
soundalias,#wpn_thundergun_proj_impact
soundalias,#hash_44a988754655f73b
soundalias,#hash_44b705b5bfbbb4dc
soundalias,#hash_44b7cd6a759167a0
soundalias,#hash_44c0b6b41a9498db
soundalias,#hash_44c0b7b41a949a8e
soundalias,#hash_44c0b8b41a949c41
soundalias,#hash_44c65adb3b6f2576
soundalias,#vox_blac_exert_underwater_pain
soundalias,#hash_44d51c9753d17a7a
soundalias,#vox_hell_on_earth_defend_plr_17_2
soundalias,#vox_hell_on_earth_defend_plr_17_1
soundalias,#vox_hell_on_earth_defend_plr_17_0
soundalias,#hash_44ec09c92aaeef5b
soundalias,#vox_round_end_2_nikolai_plr_5_2
soundalias,#vox_tedd_exert_blind
soundalias,#wpn_rgun_mk2_loop
soundalias,#hash_44fb419c0ec4f639
soundalias,#hash_44ff803f3912db83
soundalias,#vox_stuh_exert_burn_dmg
soundalias,#vox_bop4_exert_electro
soundalias,#zmb_monkeybomb_song
soundalias,#wpn_pineapple_explode_close
soundalias,#hash_451155be4f9a7eaa
soundalias,#vox_revive_support_mist_plr_17_4
soundalias,#vox_revive_support_mist_plr_17_1
soundalias,#vox_revive_support_mist_plr_17_0
soundalias,#vox_revive_support_mist_plr_17_3
soundalias,#vox_revive_support_mist_plr_17_2
soundalias,#vox_kill_ballistic_plr_5_1
soundalias,#fly_step_walk_zdog_default
soundalias,#vox_punchcard_2_insert_plr_18_0
soundalias,#fly_melee_imp_galva_npc_glass
soundalias,#evt_vessel_crack
soundalias,#hash_455287fb41bf37dc
soundalias,#amb_blue_fire
soundalias,#vox_pap_pickup_plr_17_2
soundalias,#vox_pap_pickup_plr_17_3
soundalias,#vox_pap_pickup_plr_17_0
soundalias,#vox_pap_pickup_plr_17_1
soundalias,#hash_456af38afaef9d77
soundalias,#hash_456af98afaefa7a9
soundalias,#hash_4577385790fb5e02
soundalias,#hash_4577395790fb5fb5
soundalias,#zmb_vocals_quad_sprint
soundalias,#hash_458647ea6251e886
soundalias,#hash_458f9052ae9b894d
soundalias,#fly_rgun_mk2_hum
soundalias,#hash_45979019387072dc
soundalias,#fly_step_sprint_zdog_water
soundalias,#hash_45a87a32ed98445a
soundalias,#hash_45b15e2671c49618
soundalias,#vox_bop5_exert_punch_give
soundalias,#mus_lighthouse_defend_exit
soundalias,#wpn_flame_thrower_loop_lfe_plr
soundalias,#wpn_pineapple_lfe_plr
soundalias,#wpn_matroyshka_bounce_sand
soundalias,#hash_462556cbd2d38d08
soundalias,#hash_4626935765df7206
soundalias,#vox_vril_reveal_plr_19_2
soundalias,#vox_vril_reveal_plr_19_1
soundalias,#vox_vril_reveal_plr_19_0
soundalias,#vox_seal_pickup_plr_19_0
soundalias,#hash_464ce958923d1422
soundalias,#zmb_challenges_complete
soundalias,#fly_zombie_mantle_slow
soundalias,#hash_4674cf6d37276eb7
soundalias,#vox_punchcard_1_pickup_plr_18_0
soundalias,#hash_468cabb7402e170e
soundalias,#vox_tundragun_kill_plr_19_1
soundalias,#vox_tundragun_kill_plr_19_0
soundalias,#vox_tundragun_kill_plr_19_2
soundalias,#zmb_vocals_quad_ambient
soundalias,#vox_hell_on_earth_start_plr_18_0
soundalias,#fly_thundergun_idle
soundalias,#wpn_dg2_sniper_npc_lfe
soundalias,#wpn_vulcan_stop_npc
soundalias,#vox_vril_reveal_plr_5_0
soundalias,#vox_vril_reveal_plr_5_1
soundalias,#vox_vril_reveal_plr_5_2
soundalias,#vox_shard_place_plr_19_0
soundalias,#vox_trap_lighthouse_activate_plr_20_2
soundalias,#vox_trap_lighthouse_activate_plr_20_0
soundalias,#vox_trap_lighthouse_activate_plr_20_1
soundalias,#hash_470fdd9dce05cffc
soundalias,#hash_4717c666d8a921e2
soundalias,#vox_marl_kill_headshot_plr_20_2
soundalias,#vox_marl_kill_headshot_plr_20_3
soundalias,#vox_marl_kill_headshot_plr_20_0
soundalias,#vox_marl_kill_headshot_plr_20_1
soundalias,#vox_marl_kill_headshot_plr_20_4
soundalias,#exp_rocket_bow_dist
soundalias,#evt_trans_exp_far
soundalias,#wpn_rifle_dryfire_npc
soundalias,#vox_bop3_exert_rad_start
soundalias,#vox_blac_exert_gas_cough
soundalias,#hash_47582f1f5f7e4779
soundalias,#vox_device_deliver_plr_19_0
soundalias,#evt_power_lab
soundalias,#vox_bop4_exert_pain
soundalias,#wpn_tundragun_fire_npc
soundalias,#dst_garbage_bag
soundalias,#fly_step_crouch_run_zdog_glasscar
soundalias,#hash_47aca0d306a8ffdc
soundalias,#hash_47b1d1906537993a
soundalias,#vox_generic_responses_negative_plr_17_10
soundalias,#vox_box_launcher_plr_17_2
soundalias,#vox_box_launcher_plr_17_0
soundalias,#vox_box_launcher_plr_17_1
soundalias,#wpn_flame_thrower_cooldown
soundalias,#hash_47f9503151af5e71
soundalias,#hash_480e1f7a5e8631cb
soundalias,#hash_482666b30981eef4
soundalias,#hash_4829b94921595ecc
soundalias,#vox_facility_main_enter_plr_17_0
soundalias,#vox_facility_main_enter_plr_17_1
soundalias,#vox_facility_main_enter_plr_17_2
soundalias,#fly_step_prone_zdog_carpet
soundalias,#fly_step_run_zdog_metalcar
soundalias,#hash_4857eadf6e394309
soundalias,#vox_blue_rock_have_met_plr_18_1
soundalias,#vox_blue_rock_have_met_plr_18_0
soundalias,#vox_blue_rock_have_met_plr_18_2
soundalias,#vox_russ_exert_electro
soundalias,#vox_tedd_exert_pain
soundalias,#fly_step_crouch_run_zdog_watershallow
soundalias,#hash_488e03509644f43e
soundalias,#fly_step_walk_zdog_watershallow
soundalias,#fly_step_prone_zdog_metalthin
soundalias,#fly_step_walk_zdog_glassbulletproof
soundalias,#fly_step_walk_zdog_metal
soundalias,#vox_colored_dials_pickup_plr_17_0
soundalias,#vox_spleen_glass_shoot_plr_17_0
soundalias,#hash_48fba595fbad5271
soundalias,#hash_490ee8818bb2ea64
soundalias,#vox_soap_stones_freeze_plr_17_0
soundalias,#zmb_pap_charge_explo
soundalias,#vox_artifact_react_plr_17_2
soundalias,#vox_artifact_react_plr_17_0
soundalias,#vox_artifact_react_plr_17_1
soundalias,#vox_heat_pack_pickup_plr_18_0
soundalias,#vox_heat_pack_pickup_plr_18_1
soundalias,#vox_heat_pack_pickup_plr_18_2
soundalias,#vox_explosive_pickup_plr_19_2
soundalias,#vox_explosive_pickup_plr_19_0
soundalias,#vox_explosive_pickup_plr_19_1
soundalias,#vox_tedd_exert_stabbed
soundalias,#zmb_heatpack_pickup
soundalias,#wpn_katana_melee_impact_plr
soundalias,#hash_494dd6f60ab1e3a8
soundalias,#hash_496bb6ac2f4469ca
soundalias,#vox_hell_on_earth_final_plr_5_0
soundalias,#hash_497fe8b43d4bbcf7
soundalias,#hash_498d9db47f00d663
soundalias,#hash_4995d012e2df3193
soundalias,#fly_melee_imp_galva_metalcar
soundalias,#hash_49a99f39007f7039
soundalias,#hash_49c3da536100a9c8
soundalias,#hash_49c63b1bf78af2bc
soundalias,#hash_49c65e9234b3bdf0
soundalias,#vox_icicle_pickup_plr_20_0
soundalias,#vox_icicle_pickup_plr_20_1
soundalias,#vox_icicle_pickup_plr_20_2
soundalias,#vox_device_fail_plr_19_0
soundalias,#vox_kill_headshot_plr_18_2
soundalias,#vox_kill_headshot_plr_18_3
soundalias,#vox_kill_headshot_plr_18_0
soundalias,#vox_kill_headshot_plr_18_1
soundalias,#vox_kill_headshot_plr_18_6
soundalias,#vox_kill_headshot_plr_18_7
soundalias,#vox_kill_headshot_plr_18_4
soundalias,#vox_kill_headshot_plr_18_5
soundalias,#vox_kill_headshot_plr_18_8
soundalias,#vox_kill_headshot_plr_18_9
soundalias,#fly_step_crouch_walk_zdog_asphalt
soundalias,#vox_russ_exert_death_fall
soundalias,#vox_device_pickup_plr_20_0
soundalias,#fly_step_crouch_walk_zdog_watershallow
soundalias,#fly_step_prone_zdog_flesh
soundalias,#vox_facility_geological_enter_plr_5_0
soundalias,#vox_solo_game_start_stuh_plr_17_0
soundalias,#hash_4a246aa22a63bedb
soundalias,#hash_4a35af42af4de3fa
soundalias,#vox_5_banter_mist_marl_plr_19_0
soundalias,#hash_4a407dfa1463a1d5
soundalias,#zmb_vocals_hellhound_ambient_loud
soundalias,#vox_kill_explo_plr_20_4
soundalias,#vox_kill_explo_plr_20_3
soundalias,#vox_kill_explo_plr_20_2
soundalias,#vox_kill_explo_plr_20_1
soundalias,#vox_kill_explo_plr_20_0
soundalias,#hash_4a51cdb0e1682b6c
soundalias,#vox_tedd_exert_suppressed
soundalias,#evt_zipline_stop
soundalias,#wpn_matroyshka_bounce_paper
soundalias,#fly_step_sprint_zdog_bodyarmor
soundalias,#wpn_pineapple_lfe_npc
soundalias,#hash_4a75dfd44b715890
soundalias,#vox_stuh_exert_death_fall
soundalias,#hash_4a8e31e03df0def0
soundalias,#dst_pipe_water
soundalias,#hash_4aa3d85925d52a67
soundalias,#vox_hell_on_earth_start_plr_20_0
soundalias,#zmb_monkeybomb_cymbal_lp
soundalias,#fly_step_run_zdog_dirt
soundalias,#wpn_rgun_mk2_fire_act_npc
soundalias,#zmb_bodypart_pickup
soundalias,#wpn_katana_sheathe_plr
soundalias,#vox_power_switch_1_activate_plr_18_2
soundalias,#vox_power_switch_1_activate_plr_18_1
soundalias,#vox_power_switch_1_activate_plr_18_0
soundalias,#vox_3_banter_marl_russ_plr_19_1
soundalias,#vox_bop5_exert_death_veh_fly
soundalias,#hash_4b33537532733659
soundalias,#hash_4b358bd3931ede8e
soundalias,#vox_heat_pack_craft_plr_7_0
soundalias,#fly_melee_imp_katana_flesh
soundalias,#wpn_thundergun_fire_npc
soundalias,#hash_4b624dad2a08a6cd
soundalias,#vox_hell_on_earth_start_plr_7_0
soundalias,#fly_step_prone_zdog_watershallow
soundalias,#fly_step_crouch_walk_zdog_sand
soundalias,#wpn_minigun_lvl3_throw
soundalias,#hash_4b8f5da922f38e16
soundalias,#hash_4badbf95a43f2ea4
soundalias,#hash_4bc2bad985ecbd3f
soundalias,#vox_kill_monkey_plr_20_0
soundalias,#vox_kill_monkey_plr_20_1
soundalias,#vox_kill_monkey_plr_20_2
soundalias,#vox_kill_monkey_plr_20_3
soundalias,#vox_kill_monkey_plr_20_4
soundalias,#vox_mist_exert_blind
soundalias,#vox_blac_exert_death_veh
soundalias,#zmb_blocker_debris_purchase
soundalias,#wpn_pineapple_blend
soundalias,#hash_4bee60b68c12edf1
soundalias,#hash_4bf43fb055d27aa2
soundalias,#hash_4c00064d849209ae
soundalias,#hash_4c06ab4fe15e6e45
soundalias,#hash_4c0f4db41e55a870
soundalias,#hash_4c0f4fb41e55abd6
soundalias,#hash_4c0f50b41e55ad89
soundalias,#wpn_dg4_slam_impact_swt
soundalias,#vox_german_zombie_encounter_plr_17_1
soundalias,#vox_german_zombie_encounter_plr_17_0
soundalias,#vox_german_zombie_encounter_plr_17_2
soundalias,#hash_4c33dd6270ac189a
soundalias,#wpn_katana_melee_npc
soundalias,#vox_solo_game_start_russ_plr_20_0
soundalias,#hash_4c3aa1c92e7000a3
soundalias,#hash_4c436c7624408266
soundalias,#exp_nitrogen_flux_r
soundalias,#exp_nitrogen_flux_l
soundalias,#hash_4c69530068872c94
soundalias,#vox_stuh_kill_headshot_plr_20_4
soundalias,#vox_stuh_kill_headshot_plr_20_0
soundalias,#vox_stuh_kill_headshot_plr_20_1
soundalias,#vox_stuh_kill_headshot_plr_20_2
soundalias,#vox_stuh_kill_headshot_plr_20_3
soundalias,#vox_beach_enter_plr_5_1
soundalias,#fly_step_run_zdog_fruit
soundalias,#fly_gl_close
soundalias,#hash_4ca3d2aaa573f1c8
soundalias,#vox_bom1_exert_rad_start
soundalias,#vox_snowball_pickup_plr_19_2
soundalias,#vox_snowball_pickup_plr_19_1
soundalias,#vox_snowball_pickup_plr_19_0
soundalias,#hash_4ce0d89fd6f88682
soundalias,#hash_4ce52b197276a7af
soundalias,#hash_4cf18ee358ca7385
soundalias,#vox_ship_main_enter_plr_18_2
soundalias,#vox_ship_main_enter_plr_18_0
soundalias,#vox_ship_main_enter_plr_18_1
soundalias,#amb_lab_cliff
soundalias,#dst_solar_panel_lrg
soundalias,#hash_4d2688793db96388
soundalias,#hash_4d2689793db9653b
soundalias,#fly_pineapple_futz
soundalias,#hash_4d41d42c5363aae4
soundalias,#hash_4d41d62c5363ae4a
soundalias,#hash_4d41d72c5363affd
soundalias,#dst_solar_panel_lfe
soundalias,#vox_solo_end_round2_marl_plr_19_0
soundalias,#vox_bop3_exert_underwater_emerge_breath
soundalias,#vox_russ_exert_mant_light
soundalias,#hash_4d71f65dbeb4014c
soundalias,#zmb_perks_packa_upgrade_crnch
soundalias,#hash_4d8c59e8434e13c0
soundalias,#mus_ee_song_main_intro
soundalias,#hash_4d972c4ea58ca9eb
soundalias,#vox_vril_reveal_plr_18_2
soundalias,#vox_vril_reveal_plr_18_0
soundalias,#vox_vril_reveal_plr_18_1
soundalias,#hash_4d9caefa6e6dd2e7
soundalias,#vox_blue_rock_have_met_plr_20_0
soundalias,#vox_blue_rock_have_met_plr_20_1
soundalias,#vox_blue_rock_have_met_plr_20_2
soundalias,#hash_4dba6b9ac80d1ec1
soundalias,#hash_4dbcfa5dbef3f392
soundalias,#fly_generic_ads_plr
soundalias,#hash_4dd7e4d5320a2bc3
soundalias,#vox_tundragun_kill_plr_18_0
soundalias,#vox_tundragun_kill_plr_18_1
soundalias,#vox_tundragun_kill_plr_18_2
soundalias,#vox_bop4_exert_underwater_emerge_gasp
soundalias,#hash_4e10e847722472f5
soundalias,#hash_4e15104bf87f6baf
soundalias,#fly_step_run_zdog_cushion
soundalias,#wpn_pineapple_explode
soundalias,#hash_4e2d16bd4ae0c8d1
soundalias,#fly_step_run_zdog_ceramic
soundalias,#vox_generic_wall_buy_plr_18_8
soundalias,#vox_generic_wall_buy_plr_18_9
soundalias,#vox_generic_wall_buy_plr_18_6
soundalias,#vox_generic_wall_buy_plr_18_7
soundalias,#vox_generic_wall_buy_plr_18_4
soundalias,#vox_generic_wall_buy_plr_18_5
soundalias,#vox_generic_wall_buy_plr_18_2
soundalias,#vox_generic_wall_buy_plr_18_3
soundalias,#vox_generic_wall_buy_plr_18_0
soundalias,#vox_generic_wall_buy_plr_18_1
soundalias,#amb_seagulls
soundalias,#hash_4e502bf48420789b
soundalias,#vox_tedd_exert_breath_hurt
soundalias,#vox_bop3_exert_punch_take
soundalias,#vox_beach_enter_plr_19_2
soundalias,#vox_beach_enter_plr_19_0
soundalias,#vox_beach_enter_plr_19_1
soundalias,#vox_bop1_exert_blind
soundalias,#dst_propane_tank_explo
soundalias,#fly_melee_imp_katana_plastic
soundalias,#vox_magic_box_share_plr_19_1
soundalias,#vox_magic_box_share_plr_19_0
soundalias,#vox_magic_box_share_plr_19_3
soundalias,#vox_magic_box_share_plr_19_2
soundalias,#vox_magic_box_share_plr_19_4
soundalias,#vox_pablo_gift_plr_20_0
soundalias,#hash_4ee4ffe12c6dc572
soundalias,#evt_vault_door
soundalias,#vox_device_deliver_plr_20_0
soundalias,#hash_4efa52deb2c346e1
soundalias,#evt_crane_stress
soundalias,#hash_4f15b954359cc303
soundalias,#vox_ice_slide_end_plr_17_1
soundalias,#vox_ice_slide_end_plr_17_0
soundalias,#vox_ice_slide_end_plr_17_2
soundalias,#vox_box_pistol_plr_20_3
soundalias,#vox_box_pistol_plr_20_2
soundalias,#vox_box_pistol_plr_20_1
soundalias,#vox_box_pistol_plr_20_0
soundalias,#vox_box_pistol_plr_20_4
soundalias,#hash_4f261d7c27675308
soundalias,#hash_4f261e7c276754bb
soundalias,#hash_4f261f7c2767566e
soundalias,#hash_4f378ff1bae02961
soundalias,#vox_blac_exert_underwater_emerge_breath
soundalias,#wpn_flame_thrower_loop_plr
soundalias,#vox_tedd_exert_mant_light
soundalias,#vox_5_banter_mist_stuh_plr_18_0
soundalias,#hash_4f6f3a7356079ee7
soundalias,#wpn_katana_rush_lp
soundalias,#zmb_wisp_move_stop
soundalias,#dst_pipe_steam
soundalias,#hash_4f957017210c1132
soundalias,#vox_box_monkey_plr_19_1
soundalias,#vox_box_monkey_plr_19_0
soundalias,#vox_box_monkey_plr_19_3
soundalias,#vox_box_monkey_plr_19_2
soundalias,#vox_box_monkey_plr_19_4
soundalias,#hash_4fa11f98ec24cf9c
soundalias,#fly_step_wood_npc
soundalias,#vox_mist_exert_bludgeoned
soundalias,#zmb_lighthouse_double_door
soundalias,#vox_kill_musicbox_plr_17_4
soundalias,#vox_kill_musicbox_plr_17_3
soundalias,#vox_kill_musicbox_plr_17_2
soundalias,#vox_kill_musicbox_plr_17_1
soundalias,#vox_kill_musicbox_plr_17_0
soundalias,#vox_zipline_activate_plr_17_2
soundalias,#vox_zipline_activate_plr_17_1
soundalias,#vox_zipline_activate_plr_17_0
soundalias,#hash_4ff6ab5ded1aaaba
soundalias,#hash_4ffd8ac85d3a7cbb
soundalias,#wpn_tundragun_fire_npc_swt
soundalias,#amb_ship_creak_lg
soundalias,#fly_step_crouch_walk_zdog_bodyarmor
soundalias,#fly_step_run_zdog_ice
soundalias,#dst_glass_pane
soundalias,#amb_test_tube
soundalias,#hash_502a0297a359206a
soundalias,#hash_50373780e60052ca
soundalias,#hash_503b99b370ac70b9
soundalias,#fly_rgun_mk2_sparks
soundalias,#wpn_tundragun_proj_impact
soundalias,#hash_5069ed8fdae493ce
soundalias,#zmb_electrocute_zombie_swt
soundalias,#fly_step_run_zdog_default
soundalias,#fly_melee_imp_galva_npc_rock
soundalias,#vox_blue_rock_have_met_plr_19_0
soundalias,#vox_blue_rock_have_met_plr_19_1
soundalias,#vox_blue_rock_have_met_plr_19_2
soundalias,#wpn_gren_raise_plr
soundalias,#vox_mist_kill_headshot_plr_17_1
soundalias,#vox_mist_kill_headshot_plr_17_0
soundalias,#vox_mist_kill_headshot_plr_17_3
soundalias,#vox_mist_kill_headshot_plr_17_2
soundalias,#vox_mist_kill_headshot_plr_17_4
soundalias,#hash_509756d0fbd7b460
soundalias,#vox_magic_box_share_plr_20_1
soundalias,#vox_magic_box_share_plr_20_0
soundalias,#vox_magic_box_share_plr_20_3
soundalias,#vox_magic_box_share_plr_20_2
soundalias,#vox_magic_box_share_plr_20_4
soundalias,#wpn_frag_pin_pull_alt
soundalias,#hash_512bec1d554e89f1
soundalias,#vox_pickup_bowie_plr_19_2
soundalias,#vox_pickup_bowie_plr_19_1
soundalias,#vox_pickup_bowie_plr_19_0
soundalias,#vox_russ_exert_death_veh
soundalias,#hash_516083f9ceeab414
soundalias,#fly_step_walk_zdog_grass
soundalias,#vox_bop3_exert_sniper_gasp
soundalias,#hash_51812161eb23c96f
soundalias,#vox_5_banter_mist_marl_plr_18_1
soundalias,#fly_step_sprint_zdog_glasscar
soundalias,#vox_bof2_exert_rad_dmg
soundalias,#vox_russ_exert_pain
soundalias,#amb_blizzard_gust_sweet
soundalias,#wpn_musicbox_descend
soundalias,#zmb_elemental_shard_loop
soundalias,#zmb_open_safe
soundalias,#vox_power_switch_2_activate_plr_19_1
soundalias,#vox_power_switch_2_activate_plr_19_0
soundalias,#vox_power_switch_2_activate_plr_19_2
soundalias,#vox_snowball_pickup_plr_17_1
soundalias,#vox_snowball_pickup_plr_17_0
soundalias,#vox_snowball_pickup_plr_17_2
soundalias,#vox_bop1_exert_underwater_emerge_gasp
soundalias,#vox_marl_exert_bludgeoned
soundalias,#vox_box_crossbow_plr_18_1
soundalias,#vox_box_crossbow_plr_18_0
soundalias,#vox_box_crossbow_plr_18_3
soundalias,#vox_box_crossbow_plr_18_2
soundalias,#vox_box_crossbow_plr_18_4
soundalias,#vox_lighthouse_crazy_plr_20_0
soundalias,#hash_52407300ef648e59
soundalias,#fly_step_crouch_run_zdog_glass
soundalias,#vox_power_switch_1_activate_plr_19_2
soundalias,#vox_power_switch_1_activate_plr_19_0
soundalias,#vox_power_switch_1_activate_plr_19_1
soundalias,#amb_fire_med
soundalias,#hash_5265e42288d5b3fa
soundalias,#vox_box_shotgun_plr_20_4
soundalias,#vox_box_shotgun_plr_20_0
soundalias,#vox_box_shotgun_plr_20_1
soundalias,#vox_box_shotgun_plr_20_2
soundalias,#vox_box_shotgun_plr_20_3
soundalias,#vox_bom3_exert_rad_start
soundalias,#hash_527eea74ab1a923e
soundalias,#vox_device_fail_plr_17_0
soundalias,#wpn_matroyshka_bounce_rubber
soundalias,#vox_kill_streak_plr_5_2
soundalias,#hash_52a64fc5bd53424a
soundalias,#vox_tundragun_kill_plr_20_1
soundalias,#vox_tundragun_kill_plr_20_0
soundalias,#vox_tundragun_kill_plr_20_2
soundalias,#mus_hell_on_earth_1_loop_0
soundalias,#zmb_fasttravel_teleport_end_npc
soundalias,#vox_kill_explo_plr_19_3
soundalias,#vox_kill_explo_plr_19_2
soundalias,#vox_kill_explo_plr_19_1
soundalias,#vox_kill_explo_plr_19_0
soundalias,#vox_kill_explo_plr_19_4
soundalias,#vox_bop1_exert_burn_dmg
soundalias,#zmb_vocals_zombie_sprint
soundalias,#hash_52bb76830aaa9c37
soundalias,#vox_lighthouse_cove_enter_plr_17_1
soundalias,#vox_lighthouse_cove_enter_plr_17_0
soundalias,#vox_lighthouse_cove_enter_plr_17_2
soundalias,#vox_bop1_exert_gas_gasp
soundalias,#fly_zombie_hand
soundalias,#hash_52f1cef9d8364732
soundalias,#fly_reload_wpn_grab
soundalias,#hash_530bca9955807e90
soundalias,#wpn_katana_melee_impact_victim
soundalias,#wpn_rgun_exp_flux_r
soundalias,#wpn_rgun_exp_flux_l
soundalias,#vox_ship_main_enter_plr_17_1
soundalias,#vox_ship_main_enter_plr_17_0
soundalias,#vox_ship_main_enter_plr_17_2
soundalias,#evt_key_pickup
soundalias,#hash_537e868a4ec641a2
soundalias,#dst_server
soundalias,#vox_stuh_exert_concuss
soundalias,#vox_1_banter_mist_stuh_plr_18_0
soundalias,#wpn_rgun_mk2_fire_lfe_npc
soundalias,#hash_53a36973514df1fd
soundalias,#vox_box_tempest_plr_17_2
soundalias,#vox_box_tempest_plr_17_3
soundalias,#vox_box_tempest_plr_17_0
soundalias,#vox_box_tempest_plr_17_1
soundalias,#vox_box_tempest_plr_17_4
soundalias,#vox_gear_box_fixed_pickup_plr_19_1
soundalias,#vox_gear_box_fixed_pickup_plr_19_0
soundalias,#vox_gear_box_fixed_pickup_plr_19_2
soundalias,#vox_artifact_react_plr_18_1
soundalias,#vox_artifact_react_plr_18_0
soundalias,#vox_artifact_react_plr_18_2
soundalias,#hash_53e8453a7609f42b
soundalias,#amb_waterfall_med
soundalias,#hash_53ea8207208023e0
soundalias,#hash_53ea8507208028f9
soundalias,#hash_5406b475aae413dc
soundalias,#hash_5406b675aae41742
soundalias,#hash_5406b775aae418f5
soundalias,#fly_step_prone_zdog_gravel
soundalias,#vox_snowball_pickup_plr_18_2
soundalias,#vox_snowball_pickup_plr_18_0
soundalias,#vox_snowball_pickup_plr_18_1
soundalias,#zmb_hellhound_explode
soundalias,#vox_pablo_gift_plr_7_0
soundalias,#wpn_musicbox_rise
soundalias,#wpn_grenade_throw_cloth
soundalias,#dst_pipe_steam_pop
soundalias,#fly_step_crouch_walk_zdog_metal
soundalias,#vox_1_banter_mist_russ_plr_18_0
soundalias,#vox_round_end_2_nikolai_plr_7_2
soundalias,#vox_round_end_2_nikolai_plr_7_0
soundalias,#vox_round_end_2_nikolai_plr_7_1
soundalias,#dst_garbage_bag_02
soundalias,#evt_flinger_start
soundalias,#hash_547a07e9f58597c5
soundalias,#vox_device_fail_plr_18_0
soundalias,#vox_bop4_exert_gas_cough
soundalias,#wpn_vulcan_fire_stop_plr
soundalias,#wpn_rgun_mk2_exp_cl
soundalias,#hash_54c3833fb36e0750
soundalias,#vox_facility_infusion_enter_plr_5_0
soundalias,#fly_step_crouch_run_zdog_cloth
soundalias,#hash_54f3a1ff24f1ea91
soundalias,#hash_550191085f00c1be
soundalias,#hash_55070bed4172e08c
soundalias,#vox_bop4_exert_blind
soundalias,#hash_552593390365acab
soundalias,#vox_kill_explo_plr_5_2
soundalias,#vox_kill_musicbox_plr_19_4
soundalias,#vox_kill_musicbox_plr_19_1
soundalias,#vox_kill_musicbox_plr_19_0
soundalias,#vox_kill_musicbox_plr_19_3
soundalias,#vox_kill_musicbox_plr_19_2
soundalias,#fly_step_run_zdog_paintedmetal
soundalias,#hash_553c8042d558151c
soundalias,#hash_55560eab4f0127b4
soundalias,#hash_555610ab4f012b1a
soundalias,#hash_555611ab4f012ccd
soundalias,#vox_tedd_exert_punch_give
soundalias,#vox_stuh_exert_razor_wire
soundalias,#vox_bop2_exert_rad_dmg
soundalias,#vox_snowball_friendly_plr_20_0
soundalias,#vox_snowball_friendly_plr_20_1
soundalias,#vox_snowball_friendly_plr_20_2
soundalias,#vox_5_banter_marl_russ_plr_19_1
soundalias,#hash_558163c05f1b819a
soundalias,#vox_generic_wall_buy_plr_17_5
soundalias,#vox_generic_wall_buy_plr_17_4
soundalias,#vox_generic_wall_buy_plr_17_7
soundalias,#vox_generic_wall_buy_plr_17_6
soundalias,#vox_generic_wall_buy_plr_17_1
soundalias,#vox_generic_wall_buy_plr_17_0
soundalias,#vox_generic_wall_buy_plr_17_3
soundalias,#vox_generic_wall_buy_plr_17_2
soundalias,#vox_generic_wall_buy_plr_17_9
soundalias,#vox_generic_wall_buy_plr_17_8
soundalias,#vox_solo_game_start_stuh_plr_5_0
soundalias,#vox_bop5_exert_explo_dead
soundalias,#wpn_vulcan_fire_loop_lfe_plr
soundalias,#fly_step_crouch_run_zdog_wood
soundalias,#wpn_pistol_dryfire_plr
soundalias,#hash_55c30dada4e624a2
soundalias,#vox_marl_exert_underwater_air_low
soundalias,#fly_step_rickety_stairs_npc
soundalias,#hash_55dab96b23db5948
soundalias,#hash_55eb86c04015d6ce
soundalias,#hash_55f323ffd86c9888
soundalias,#wpn_thundergun_fire_plr_last
soundalias,#vox_oh_shit_plr_18_9
soundalias,#vox_oh_shit_plr_18_8
soundalias,#vox_oh_shit_plr_18_3
soundalias,#vox_oh_shit_plr_18_2
soundalias,#vox_oh_shit_plr_18_1
soundalias,#vox_oh_shit_plr_18_0
soundalias,#vox_oh_shit_plr_18_7
soundalias,#vox_oh_shit_plr_18_6
soundalias,#vox_oh_shit_plr_18_5
soundalias,#vox_oh_shit_plr_18_4
soundalias,#hash_5600b4bffa46c384
soundalias,#vox_5_banter_mist_russ_plr_20_0
soundalias,#vox_magic_box_share_plr_18_0
soundalias,#vox_magic_box_share_plr_18_1
soundalias,#vox_magic_box_share_plr_18_2
soundalias,#vox_magic_box_share_plr_18_3
soundalias,#vox_magic_box_share_plr_18_4
soundalias,#wpn_rgun_mk2_1straise_dial
soundalias,#vox_bom1_exert_rad_dmg
soundalias,#vox_stuh_exert_gas_cough
soundalias,#wpn_ray_1straise_dial
soundalias,#fly_step_walk_zdog_flesh
soundalias,#vox_solo_end_round1_marl_plr_19_0
soundalias,#fly_melee_imp_katana_metal
soundalias,#vox_russ_exert_explo_dead
soundalias,#vox_stuh_exert_sniper_hold
soundalias,#hash_56b462d663028e00
soundalias,#hash_56b6edb53b487241
soundalias,#vox_stuh_exert_stabbed
soundalias,#hash_56c61c37e0e7cb64
soundalias,#hash_56d22ff2c6735c8f
soundalias,#zmb_vox_monkey_explode
soundalias,#vox_box_monkey_plr_18_0
soundalias,#vox_box_monkey_plr_18_1
soundalias,#vox_box_monkey_plr_18_2
soundalias,#vox_box_monkey_plr_18_3
soundalias,#vox_box_monkey_plr_18_4
soundalias,#wpn_melee_galva
soundalias,#hash_56fbd100dbf3a8c4
soundalias,#fly_step_run_zdog_grass
soundalias,#fly_step_crouch_run_zdog_metalhollow
soundalias,#fly_pineapple_bolt_back
soundalias,#hash_5742cfb2660b4d62
soundalias,#hash_5749e3194291a2bd
soundalias,#fly_freezegun_mag_out
soundalias,#prj_whizby_raygun
soundalias,#vox_vril_reveal_plr_17_1
soundalias,#vox_vril_reveal_plr_17_0
soundalias,#vox_vril_reveal_plr_17_2
soundalias,#vox_2_banter_mist_stuh_plr_17_1
soundalias,#hash_5785bc97a2226a53
soundalias,#hash_578d03444fd54174
soundalias,#vox_box_crossbow_plr_20_0
soundalias,#vox_box_crossbow_plr_20_1
soundalias,#vox_box_crossbow_plr_20_2
soundalias,#vox_box_crossbow_plr_20_3
soundalias,#vox_box_crossbow_plr_20_4
soundalias,#hash_579797ce6390ec3b
soundalias,#hash_5797afa332ae6f0b
soundalias,#vox_box_matryoshka_plr_20_3
soundalias,#vox_box_matryoshka_plr_20_2
soundalias,#vox_box_matryoshka_plr_20_1
soundalias,#vox_box_matryoshka_plr_20_0
soundalias,#vox_box_matryoshka_plr_20_4
soundalias,#vox_bop1_exert_bludgeoned
soundalias,#vox_hell_on_earth_defend_plr_19_1
soundalias,#vox_hell_on_earth_defend_plr_19_0
soundalias,#vox_hell_on_earth_defend_plr_19_2
soundalias,#wpn_tundragun_fire_plr_swt
soundalias,#hash_57c7e3bc2df74195
soundalias,#hash_57d5758ae25e57e7
soundalias,#vox_pickup_generic_plr_18_9
soundalias,#vox_pickup_generic_plr_18_8
soundalias,#vox_pickup_generic_plr_18_5
soundalias,#vox_pickup_generic_plr_18_4
soundalias,#vox_pickup_generic_plr_18_7
soundalias,#vox_pickup_generic_plr_18_6
soundalias,#vox_pickup_generic_plr_18_1
soundalias,#vox_pickup_generic_plr_18_0
soundalias,#vox_pickup_generic_plr_18_3
soundalias,#vox_pickup_generic_plr_18_2
soundalias,#hash_57f0484bfe6b1217
soundalias,#vox_marl_exert_breath_hurt
soundalias,#vox_kill_musicbox_plr_20_4
soundalias,#vox_kill_musicbox_plr_20_1
soundalias,#vox_kill_musicbox_plr_20_0
soundalias,#vox_kill_musicbox_plr_20_3
soundalias,#vox_kill_musicbox_plr_20_2
soundalias,#vox_lighthouse_ext_enter_plr_17_1
soundalias,#vox_lighthouse_ext_enter_plr_17_0
soundalias,#vox_lighthouse_ext_enter_plr_17_2
soundalias,#zmb_vocals_zombie_taunt_v1
soundalias,#hash_5805b657c71b12a6
soundalias,#hash_58192bc650304beb
soundalias,#dst_steam_pipe_lp
soundalias,#vox_vril_reveal_plr_7_0
soundalias,#vox_gear_box_fixed_pickup_plr_20_1
soundalias,#vox_gear_box_fixed_pickup_plr_20_0
soundalias,#vox_gear_box_fixed_pickup_plr_20_2
soundalias,#fly_step_walk_zdog_mud
soundalias,#wpn_katana_rush_toggle
soundalias,#fly_step_run_zdog_paper
soundalias,#hash_584918f6b04e0579
soundalias,#hash_586a94254cfe5e61
soundalias,#hash_58757b185602e619
soundalias,#hash_5876763900b72110
soundalias,#hash_588047eba8deb34e
soundalias,#fly_step_crouch_walk_zdog_foliage
soundalias,#fly_step_prone_zdog_water
soundalias,#zmb_vocals_zombie_electrocute
soundalias,#vox_attacked_zombie_plr_17_2
soundalias,#vox_attacked_zombie_plr_17_3
soundalias,#vox_attacked_zombie_plr_17_0
soundalias,#vox_attacked_zombie_plr_17_1
soundalias,#vox_attacked_zombie_plr_17_6
soundalias,#vox_attacked_zombie_plr_17_7
soundalias,#vox_attacked_zombie_plr_17_4
soundalias,#vox_attacked_zombie_plr_17_5
soundalias,#vox_attacked_zombie_plr_17_8
soundalias,#vox_attacked_zombie_plr_17_9
soundalias,#vox_lighthouse_crazy_plr_18_0
soundalias,#hash_58b60c3d133f7e28
soundalias,#evt_freeze_lp
soundalias,#vox_bop1_exert_burn_dead
soundalias,#vox_3_banter_marl_russ_plr_20_0
soundalias,#hash_58ef400c43212578
soundalias,#fly_ar_bolt_release_sweet
soundalias,#hash_58fe2b01259c7cb2
soundalias,#dst_hotdog_cart
soundalias,#vox_lighthouse_enter_plr_20_2
soundalias,#vox_lighthouse_enter_plr_20_1
soundalias,#vox_lighthouse_enter_plr_20_0
soundalias,#vox_solo_end_round2_russ_plr_20_0
soundalias,#vox_pickup_rocketshield_plr_20_0
soundalias,#vox_pickup_rocketshield_plr_20_1
soundalias,#vox_pickup_rocketshield_plr_20_2
soundalias,#vox_artifact_react_plr_20_0
soundalias,#vox_artifact_react_plr_20_1
soundalias,#vox_artifact_react_plr_20_2
soundalias,#vox_mist_exert_pain
soundalias,#fly_step_walk_zdog_concrete
soundalias,#hash_5967f4485be5bfd6
soundalias,#vox_power_switch_2_activate_plr_18_0
soundalias,#vox_power_switch_2_activate_plr_18_1
soundalias,#vox_power_switch_2_activate_plr_18_2
soundalias,#hash_59783b8d2accba79
soundalias,#hash_59898a081d811c34
soundalias,#wpn_pistol_dryfire_npc
soundalias,#zmb_box_weapon_spin_short
soundalias,#mus_orange_roundstart_2_intro
soundalias,#vox_1_banter_mist_russ_plr_20_1
soundalias,#amb_quad_gas_loop
soundalias,#vox_golden_pap_react_plr_17_2
soundalias,#vox_golden_pap_react_plr_17_1
soundalias,#vox_golden_pap_react_plr_17_0
soundalias,#vox_pickup_bowie_plr_17_1
soundalias,#vox_pickup_bowie_plr_17_0
soundalias,#vox_pickup_bowie_plr_17_2
soundalias,#vox_pickup_generic_plr_17_6
soundalias,#vox_pickup_generic_plr_17_7
soundalias,#vox_pickup_generic_plr_17_4
soundalias,#vox_pickup_generic_plr_17_5
soundalias,#vox_pickup_generic_plr_17_2
soundalias,#vox_pickup_generic_plr_17_3
soundalias,#vox_pickup_generic_plr_17_0
soundalias,#vox_pickup_generic_plr_17_1
soundalias,#vox_pickup_generic_plr_17_8
soundalias,#hash_59f15c93815a0687
soundalias,#vox_5_banter_mist_russ_plr_18_1
soundalias,#fly_step_crouch_walk_zdog_ice
soundalias,#fly_gl_raise_switch
soundalias,#vox_kill_explo_plr_18_2
soundalias,#vox_kill_explo_plr_18_3
soundalias,#vox_kill_explo_plr_18_0
soundalias,#vox_kill_explo_plr_18_1
soundalias,#vox_kill_explo_plr_18_4
soundalias,#evt_vault_steam
soundalias,#hash_5a0f42ba113a1e1b
soundalias,#hash_5a1694174addcfcb
soundalias,#hash_5a20e3efe54fb9fd
soundalias,#vox_box_crossbow_plr_19_0
soundalias,#vox_box_crossbow_plr_19_1
soundalias,#vox_box_crossbow_plr_19_2
soundalias,#vox_box_crossbow_plr_19_3
soundalias,#vox_box_crossbow_plr_19_4
soundalias,#fly_freezegun_mag_in_npc
soundalias,#hash_5a71ef96c17c8283
soundalias,#vox_box_launcher_plr_20_0
soundalias,#vox_box_launcher_plr_20_1
soundalias,#vox_box_launcher_plr_20_2
soundalias,#vox_box_launcher_plr_20_3
soundalias,#vox_box_launcher_plr_20_4
soundalias,#vox_box_launcher_plr_20_5
soundalias,#hash_5a8184d1f890f17c
soundalias,#wpn_rgun_fire_plr
soundalias,#fly_step_walk_zdog_plaster
soundalias,#vox_punchcard_1_insert_plr_17_0
soundalias,#hash_5aa4205633e932a2
soundalias,#fly_step_walk_zdog_plastic
soundalias,#vox_marl_exert_explo_dead
soundalias,#hash_5ab3f90f703eed52
soundalias,#vox_lighthouse_crazy_plr_17_0
soundalias,#hash_5ab96b664239250b
soundalias,#fly_step_walk_zdog_fruit
soundalias,#hash_5ace6dd51b3650d2
soundalias,#vox_nomoney_generic_plr_20_4
soundalias,#vox_nomoney_generic_plr_20_3
soundalias,#vox_nomoney_generic_plr_20_2
soundalias,#vox_nomoney_generic_plr_20_1
soundalias,#vox_nomoney_generic_plr_20_0
soundalias,#wpn_smg_dryfire_npc
soundalias,#wpn_pineapple_act_plr
soundalias,#vox_fuse_complete_charge_plr_7_0
soundalias,#vox_explosive_pickup_plr_20_2
soundalias,#vox_explosive_pickup_plr_20_0
soundalias,#vox_explosive_pickup_plr_20_1
soundalias,#hash_5b18895703fba823
soundalias,#vox_solo_end_round1_mist_plr_18_0
soundalias,#vox_stuh_exert_punch_take
soundalias,#hash_5b4c5a7ffa12b382
soundalias,#fly_step_crouch_walk_zdog_cushion
soundalias,#vox_marl_exert_rad_start
soundalias,#hash_5b660fbf6cef7028
soundalias,#hash_5b6610bf6cef71db
soundalias,#hash_5b6611bf6cef738e
soundalias,#wpn_pineapple_1straise_npc
soundalias,#vox_bop1_exert_stabbed
soundalias,#vox_marl_exert_gas_gasp
soundalias,#hash_5b959c1af4616c3f
soundalias,#vox_bof2_exert_rad_start
soundalias,#hash_5bba7438f5b39ec8
soundalias,#hash_5bba7538f5b3a07b
soundalias,#hash_5bc54cb520b950fa
soundalias,#hash_5bc9e5ae154acfb0
soundalias,#vox_pickup_bowie_plr_18_2
soundalias,#vox_pickup_bowie_plr_18_0
soundalias,#vox_pickup_bowie_plr_18_1
soundalias,#fly_step_crouch_walk_zdog_snow
soundalias,#wpn_pineapple_ads_plr
soundalias,#hash_5bfd19fc09294153
soundalias,#vox_artifact_react_plr_19_0
soundalias,#vox_artifact_react_plr_19_1
soundalias,#vox_artifact_react_plr_19_2
soundalias,#evt_blue_rock_pickup
soundalias,#wpn_matroyshka_bounce_foliage
soundalias,#vox_blac_exert_explo_dead
soundalias,#fly_freezegun_spin
soundalias,#vox_revive_down_plr_5_1
soundalias,#vox_stuh_surrounded_oh_shit_plr_19_4
soundalias,#vox_stuh_surrounded_oh_shit_plr_19_1
soundalias,#vox_stuh_surrounded_oh_shit_plr_19_0
soundalias,#vox_stuh_surrounded_oh_shit_plr_19_3
soundalias,#vox_stuh_surrounded_oh_shit_plr_19_2
soundalias,#hash_5c54526d25535e04
soundalias,#hash_5c57456ebf856d19
soundalias,#vox_facility_geological_enter_plr_17_1
soundalias,#vox_facility_geological_enter_plr_17_0
soundalias,#vox_facility_geological_enter_plr_17_2
soundalias,#zmb_vocals_hellhound_attack_melee
soundalias,#vox_bop3_exert_pain
soundalias,#fly_sniper_shell_in_npc
soundalias,#vox_bop4_exert_death_veh_under
soundalias,#vox_device_pap_final_take_plr_20_0
soundalias,#dst_transformer_explo
soundalias,#fly_reload_cloth_lg
soundalias,#vox_bop2_exert_gas_gasp
soundalias,#vox_solo_game_start_marl_plr_19_0
soundalias,#fly_reload_equip_grab
soundalias,#vox_bof2_exert_rad_end
soundalias,#vox_ice_slide_end_plr_5_2
soundalias,#vox_sky_portal_react_plr_5_0
soundalias,#hash_5cfdfc7bb8f0fda2
soundalias,#vox_sky_portal_react_plr_18_0
soundalias,#wpn_dg4_plant_end
soundalias,#hash_5d198ba69ef6a1e9
soundalias,#vox_bop2_exert_rad_start
soundalias,#fly_reload_cloth_sm
soundalias,#vox_bom1_exert_rad_end
soundalias,#fly_wpn_handle_low
soundalias,#hash_5d3a176d632eb0da
soundalias,#vox_russ_exert_underwater_pain
soundalias,#hash_5d530f332a80c426
soundalias,#vox_kill_musicbox_plr_18_4
soundalias,#vox_kill_musicbox_plr_18_0
soundalias,#vox_kill_musicbox_plr_18_1
soundalias,#vox_kill_musicbox_plr_18_2
soundalias,#vox_kill_musicbox_plr_18_3
soundalias,#fly_step_run_zdog_tallgrass
soundalias,#fly_step_sprint_zdog_flesh
soundalias,#hash_5d7a73d4a214dd96
soundalias,#vox_1_banter_marl_stuh_plr_17_0
soundalias,#wpn_vulcan_dryfire_npc
soundalias,#vox_gear_box_fixed_pickup_plr_18_0
soundalias,#vox_gear_box_fixed_pickup_plr_18_1
soundalias,#vox_gear_box_fixed_pickup_plr_18_2
soundalias,#vox_box_matryoshka_plr_19_4
soundalias,#vox_box_matryoshka_plr_19_3
soundalias,#vox_box_matryoshka_plr_19_2
soundalias,#vox_box_matryoshka_plr_19_1
soundalias,#vox_box_matryoshka_plr_19_0
soundalias,#hash_5dad092f584503eb
soundalias,#vox_seal_dynamite_plr_7_0
soundalias,#hash_5dc4052f9b9557aa
soundalias,#zmb_blocker_powerdoor_purchase
soundalias,#wpn_dg4_shockwave_activate_plr
soundalias,#hash_5dd0ea432c3333ae
soundalias,#vox_bop3_exert_gas_cough
soundalias,#vox_pickup_bowie_plr_5_1
soundalias,#vox_kill_musicbox_plr_5_2
soundalias,#vox_kill_musicbox_plr_5_3
soundalias,#vox_device_pickup_plr_5_0
soundalias,#vox_ship_stern_enter_plr_17_2
soundalias,#vox_ship_stern_enter_plr_17_3
soundalias,#vox_ship_stern_enter_plr_17_0
soundalias,#vox_ship_stern_enter_plr_17_1
soundalias,#vox_bop1_exert_death_veh_under
soundalias,#fly_zombie_hand_swt
soundalias,#vox_stuh_exert_self_heal
soundalias,#vox_device_pap_give_final_plr_17_0
soundalias,#vox_oh_shit_plr_19_2
soundalias,#vox_oh_shit_plr_19_3
soundalias,#vox_oh_shit_plr_19_0
soundalias,#vox_oh_shit_plr_19_1
soundalias,#vox_oh_shit_plr_19_6
soundalias,#vox_oh_shit_plr_19_7
soundalias,#vox_oh_shit_plr_19_4
soundalias,#vox_oh_shit_plr_19_5
soundalias,#vox_oh_shit_plr_19_8
soundalias,#vox_oh_shit_plr_19_9
soundalias,#vox_hell_on_earth_defend_plr_18_0
soundalias,#vox_hell_on_earth_defend_plr_18_1
soundalias,#vox_hell_on_earth_defend_plr_18_2
soundalias,#fly_step_prone_zdog_glasscar
soundalias,#hash_5e4a6b00dfb4bd72
soundalias,#fly_step_crouch_walk_zdog_gravel
soundalias,#exp_nitrogen_tank_explo
soundalias,#wpn_assault_dryfire_npc
soundalias,#wpn_pineapple_dryfire_npc
soundalias,#wpn_vulcan_pickup_npc
soundalias,#vox_crank_attach_plr_19_2
soundalias,#vox_crank_attach_plr_19_1
soundalias,#vox_crank_attach_plr_19_0
soundalias,#wpn_flashbang_button_npc
soundalias,#vox_lighthouse_enter_plr_19_2
soundalias,#vox_lighthouse_enter_plr_19_1
soundalias,#vox_lighthouse_enter_plr_19_0
soundalias,#dst_generic_glass_large
soundalias,#vox_punchcard_2_pickup_punched_plr_17_0
soundalias,#fly_step_crouch_run_zdog_paper
soundalias,#vox_kill_thundergun_plr_19_1
soundalias,#vox_kill_thundergun_plr_19_0
soundalias,#vox_kill_thundergun_plr_19_3
soundalias,#vox_kill_thundergun_plr_19_2
soundalias,#vox_kill_thundergun_plr_19_4
soundalias,#zmb_quest_dial_turn
soundalias,#hash_5f25de3806fc35e1
soundalias,#amb_shower_drips
soundalias,#wpn_tundragun_flux_r
soundalias,#wpn_tundragun_flux_l
soundalias,#vox_pickup_generic_plr_19_4
soundalias,#vox_pickup_generic_plr_19_5
soundalias,#vox_pickup_generic_plr_19_6
soundalias,#vox_pickup_generic_plr_19_7
soundalias,#vox_pickup_generic_plr_19_0
soundalias,#vox_pickup_generic_plr_19_1
soundalias,#vox_pickup_generic_plr_19_2
soundalias,#vox_pickup_generic_plr_19_3
soundalias,#vox_pickup_generic_plr_19_8
soundalias,#vox_pickup_generic_plr_19_9
soundalias,#wpn_matroyshka_bounce_default
soundalias,#wpn_flame_thrower_start_plr
soundalias,#wpn_winters_howl_fire_npc
soundalias,#hash_5f4b3585abc16b46
soundalias,#hash_5f4b3685abc16cf9
soundalias,#hash_5f4b3785abc16eac
soundalias,#hash_5f4b3885abc1705f
soundalias,#hash_5f4b3985abc17212
soundalias,#hash_5f5002686176097f
soundalias,#zmb_vocals_hellhound_bite
soundalias,#vox_shard_place_plr_5_0
soundalias,#hash_5f6b730c30da027d
soundalias,#wpn_matroyshka_bounce_water
soundalias,#evt_soapstone_pickup
soundalias,#wpn_tesla_sniper_npc
soundalias,#vox_freeze_frozen_plr_17_0
soundalias,#vox_freeze_frozen_plr_17_1
soundalias,#vox_freeze_frozen_plr_17_2
soundalias,#vox_fuse_get_plr_17_0
soundalias,#evt_power_docks
soundalias,#vox_bop1_exert_suppressed
soundalias,#vox_beach_enter_plr_17_0
soundalias,#vox_beach_enter_plr_17_1
soundalias,#vox_beach_enter_plr_17_2
soundalias,#vox_bop2_exert_rad_end
soundalias,#fly_melee_imp_galva_glass
soundalias,#dst_hydrant_destroyed_loop
soundalias,#vox_box_sniper_plr_20_3
soundalias,#vox_box_sniper_plr_20_2
soundalias,#vox_box_sniper_plr_20_1
soundalias,#vox_box_sniper_plr_20_0
soundalias,#vox_box_sniper_plr_20_4
soundalias,#zmb_vocals_hellhound_death
soundalias,#vox_tedd_exert_underwater_emerge_gasp
soundalias,#zmb_vessel_pickup
soundalias,#hash_5ff26c3886a52a43
soundalias,#vox_lighthouse_crazy_plr_19_0
soundalias,#vox_stuh_exert_death_veh_hit
soundalias,#vox_facility_main_enter_plr_5_1
soundalias,#hash_601bc640c88380ce
soundalias,#evt_death_circle_strong
soundalias,#vox_bop5_exert_pain
soundalias,#vox_russ_exert_breath_hurt
soundalias,#hash_60469dfb06e1b418
soundalias,#hash_605069759e6c76b6
soundalias,#vox_bop3_exert_death_veh_under
soundalias,#hash_606d51fe21e749ac
soundalias,#fly_step_run_zdog_metalthin
soundalias,#zmb_box_poof_land
soundalias,#vox_revive_self_plr_20_0
soundalias,#vox_revive_self_plr_20_1
soundalias,#vox_revive_self_plr_20_2
soundalias,#vox_crank_attach_plr_20_2
soundalias,#vox_crank_attach_plr_20_1
soundalias,#vox_crank_attach_plr_20_0
soundalias,#vox_pablo_gift_plr_19_0
soundalias,#fly_step_walk_zdog_paintedmetal
soundalias,#vox_russ_exert_concuss
soundalias,#vox_bop4_exert_self_heal
soundalias,#hash_60d74c6165b00e80
soundalias,#hash_60d74d6165b01033
soundalias,#hash_60d74e6165b011e6
soundalias,#hash_60d7536165b01a65
soundalias,#vox_box_pistol_plr_19_4
soundalias,#vox_box_pistol_plr_19_3
soundalias,#vox_box_pistol_plr_19_2
soundalias,#vox_box_pistol_plr_19_1
soundalias,#vox_box_pistol_plr_19_0
soundalias,#vox_boathouse_enter_plr_5_0
soundalias,#vox_boathouse_enter_plr_5_2
soundalias,#amb_water_pipes
soundalias,#mpl_hero_weap_lose
soundalias,#hash_60fa6d398095f9a2
soundalias,#hash_60fa6e398095fb55
soundalias,#hash_60fa6f398095fd08
soundalias,#hash_60fa70398095febb
soundalias,#hash_60fa71398096006e
soundalias,#hash_60fa723980960221
soundalias,#hash_60fa7339809603d4
soundalias,#hash_60fa743980960587
soundalias,#hash_60fa75398096073a
soundalias,#hash_60fa7639809608ed
soundalias,#amb_fire_oil
soundalias,#fly_step_crouch_run_zdog_metal
soundalias,#wpn_rgun_exp_cl
soundalias,#vox_round_end_2_nikolai_plr_17_1
soundalias,#vox_round_end_2_nikolai_plr_17_0
soundalias,#vox_round_end_2_nikolai_plr_17_2
soundalias,#vox_power_switch_3_activate_plr_7_0
soundalias,#vox_dynamite_zombie_drop_plr_17_2
soundalias,#vox_dynamite_zombie_drop_plr_17_0
soundalias,#vox_dynamite_zombie_drop_plr_17_1
soundalias,#vox_zipline_activate_plr_19_1
soundalias,#vox_zipline_activate_plr_19_0
soundalias,#vox_zipline_activate_plr_19_2
soundalias,#vox_kill_melee_plr_5_0
soundalias,#fly_step_prone_zdog_mud
soundalias,#hash_61413a9d0b22196e
soundalias,#wpn_dg4_slam_activate_npc
soundalias,#hash_6157b8b4f45686b1
soundalias,#vox_stuh_exert_pain
soundalias,#wpn_snowball_impact_3d_swt
soundalias,#vox_pablo_intro_plr_17_1
soundalias,#vox_pablo_intro_plr_17_0
soundalias,#vox_pablo_intro_plr_17_2
soundalias,#wpn_rgun_mk2_flux_l_npc
soundalias,#vox_bop3_exert_death
soundalias,#hash_61ab5fc8df884b6c
soundalias,#fly_step_sprint_zdog_brick
soundalias,#wpn_dg4_shockwave_activate_npc
soundalias,#hash_61c33ea60b6ca174
soundalias,#hash_61c8f535d0fbebc3
soundalias,#vox_mist_exert_razor_wire
soundalias,#vox_kill_thundergun_plr_20_1
soundalias,#vox_kill_thundergun_plr_20_0
soundalias,#vox_kill_thundergun_plr_20_3
soundalias,#vox_kill_thundergun_plr_20_2
soundalias,#vox_kill_thundergun_plr_20_4
soundalias,#vox_hell_on_earth_circle_plr_5_0
soundalias,#fly_step_walk_zdog_carpet
soundalias,#vox_bop2_exert_sniper_exhale
soundalias,#vox_really_want_unik_4
soundalias,#vox_bop2_exert_sniper_gasp
soundalias,#hash_62153eee25f7aeda
soundalias,#hash_621b2e6170b08109
soundalias,#vox_barrier_rebuild_plr_17_1
soundalias,#vox_barrier_rebuild_plr_17_0
soundalias,#vox_barrier_rebuild_plr_17_3
soundalias,#vox_barrier_rebuild_plr_17_2
soundalias,#vox_barrier_rebuild_plr_17_4
soundalias,#fly_step_crouch_run_zdog_rubber
soundalias,#vox_device_pap_final_take_plr_5_0
soundalias,#p_dest_paper_stack02
soundalias,#p_dest_paper_stack01
soundalias,#vox_generic_wall_buy_plr_5_9
soundalias,#vox_bop2_exert_death
soundalias,#hash_62527c2c941c5f22
soundalias,#hash_626d35a03b866ba9
soundalias,#vox_special_round_kill_plr_20_3
soundalias,#vox_special_round_kill_plr_20_2
soundalias,#vox_special_round_kill_plr_20_1
soundalias,#vox_special_round_kill_plr_20_0
soundalias,#vox_special_round_kill_plr_20_4
soundalias,#hash_627b8c3b335712e3
soundalias,#vox_blac_exert_sniper_exhale
soundalias,#vox_flinger_react_plr_20_4
soundalias,#vox_flinger_react_plr_20_1
soundalias,#vox_flinger_react_plr_20_0
soundalias,#vox_flinger_react_plr_20_3
soundalias,#vox_flinger_react_plr_20_2
soundalias,#zmb_boathouse_door
soundalias,#exp_matroyshka_lfe
soundalias,#wpn_katana_melee_single_npc
soundalias,#hash_62c26d0f2eb9a6ca
soundalias,#vox_punchcard_1_insert_plr_18_2
soundalias,#fly_melee_imp_katana_npc_riot
soundalias,#fly_dog_melee_victim
soundalias,#vox_box_tactical_plr_20_4
soundalias,#vox_box_tactical_plr_20_1
soundalias,#vox_box_tactical_plr_20_0
soundalias,#vox_box_tactical_plr_20_3
soundalias,#vox_box_tactical_plr_20_2
soundalias,#fly_step_run_zdog_brick
soundalias,#vox_bop1_exert_punch_take
soundalias,#fly_melee_imp_galva_npc_cloth
soundalias,#wpn_generic_dryfire_npc
soundalias,#fly_step_prone_zdog_rubber
soundalias,#wpn_revolver_dryfire_npc
soundalias,#vox_tedd_exert_gas_gag
soundalias,#vox_2_banter_marl_russ_plr_19_0
soundalias,#amb_interior_boathouse
soundalias,#hash_6358e1a146400a52
soundalias,#fly_pickup_snowball
soundalias,#fly_step_crouch_walk_zdog_glassbulletproof
soundalias,#zmb_monkeybomb_cym
soundalias,#vox_golden_pap_weapon_plr_17_2
soundalias,#vox_golden_pap_weapon_plr_17_0
soundalias,#vox_golden_pap_weapon_plr_17_1
soundalias,#wpn_flame_thrower_start_npc
soundalias,#hash_63ad15fe85235a2d
soundalias,#hash_63bbef4e60ff503b
soundalias,#wpn_grenade_bounce_far_metal
soundalias,#vox_vril_give_plr_5_1
soundalias,#wpn_rgun_fire_lfe_plr
soundalias,#vox_power_switch_1_activate_plr_20_2
soundalias,#vox_power_switch_1_activate_plr_20_0
soundalias,#vox_power_switch_1_activate_plr_20_1
soundalias,#vox_stuh_exert_explo_dead
soundalias,#hash_6427ad4c71007e15
soundalias,#vox_russ_kill_headshot_plr_17_3
soundalias,#vox_russ_kill_headshot_plr_17_2
soundalias,#vox_russ_kill_headshot_plr_17_1
soundalias,#vox_russ_kill_headshot_plr_17_0
soundalias,#vox_russ_kill_headshot_plr_17_4
soundalias,#vox_bop5_exert_breath_hurt
soundalias,#wpn_tundragun_fire_plr
soundalias,#vox_sky_portal_react_plr_19_0
soundalias,#evt_zipline_start
soundalias,#fly_step_sprint_zdog_grass
soundalias,#fly_step_crouch_walk_zdog_metalthin
soundalias,#wpn_dg4_melee_impact_victim
soundalias,#wpn_matroyshka_bounce_ceramic
soundalias,#zmb_blocker_powerdoor_lp
soundalias,#hash_64b314a0861ce77f
soundalias,#prj_winters_howl_impact
soundalias,#vox_stuh_exert_punch_give
soundalias,#hash_64c7768a2f711d3f
soundalias,#zmb_monkey_throw_npc
soundalias,#vox_kill_ballistic_plr_18_4
soundalias,#vox_kill_ballistic_plr_18_3
soundalias,#vox_kill_ballistic_plr_18_2
soundalias,#vox_kill_ballistic_plr_18_1
soundalias,#vox_kill_ballistic_plr_18_0
soundalias,#vox_solo_end_round2_mist_plr_18_0
soundalias,#vox_russ_exert_underwater_emerge_gasp
soundalias,#hash_64dc8c3287b2f5f1
soundalias,#hash_64e47ed675709294
soundalias,#hash_64f4710fde506b2b
soundalias,#vox_soap_stones_shape_plr_17_0
soundalias,#vox_crawler_gib_plr_17_4
soundalias,#vox_crawler_gib_plr_17_3
soundalias,#vox_crawler_gib_plr_17_2
soundalias,#vox_crawler_gib_plr_17_1
soundalias,#vox_crawler_gib_plr_17_0
soundalias,#mus_lighthouse_defend_loop_0
soundalias,#vox_box_ar_plr_20_4
soundalias,#vox_box_ar_plr_20_3
soundalias,#vox_box_ar_plr_20_2
soundalias,#vox_box_ar_plr_20_1
soundalias,#vox_box_ar_plr_20_0
soundalias,#vox_bop5_exert_blind
soundalias,#vox_crawler_kill_plr_20_4
soundalias,#vox_crawler_kill_plr_20_3
soundalias,#vox_crawler_kill_plr_20_2
soundalias,#vox_crawler_kill_plr_20_1
soundalias,#vox_crawler_kill_plr_20_0
soundalias,#vox_mist_exert_punch_take
soundalias,#hash_656e13cc4fe39d8c
soundalias,#vox_bop2_exert_pain
soundalias,#fly_step_prone_zdog_rock
soundalias,#vox_ammo_out_plr_17_1
soundalias,#vox_ammo_out_plr_17_0
soundalias,#vox_ammo_out_plr_17_3
soundalias,#vox_ammo_out_plr_17_2
soundalias,#vox_ammo_out_plr_17_4
soundalias,#fly_melee_imp_katana_riot
soundalias,#hash_659b263cd0dd4df5
soundalias,#vox_tedd_exert_sniper_hold
soundalias,#vox_tedd_exert_death_fall
soundalias,#vox_oh_shit_plr_20_8
soundalias,#vox_oh_shit_plr_20_9
soundalias,#vox_oh_shit_plr_20_6
soundalias,#vox_oh_shit_plr_20_7
soundalias,#vox_oh_shit_plr_20_4
soundalias,#vox_oh_shit_plr_20_5
soundalias,#vox_oh_shit_plr_20_2
soundalias,#vox_oh_shit_plr_20_3
soundalias,#vox_oh_shit_plr_20_0
soundalias,#vox_oh_shit_plr_20_1
soundalias,#amb_ocean_distant_l
soundalias,#amb_ocean_distant_r
soundalias,#vox_box_thundergun_plr_17_2
soundalias,#vox_box_thundergun_plr_17_3
soundalias,#vox_box_thundergun_plr_17_0
soundalias,#vox_box_thundergun_plr_17_1
soundalias,#vox_box_thundergun_plr_17_4
soundalias,#vox_romero_glasses_plr_20_0
soundalias,#vox_roundstart_special_plr_18_3
soundalias,#vox_roundstart_special_plr_18_2
soundalias,#vox_roundstart_special_plr_18_1
soundalias,#vox_roundstart_special_plr_18_0
soundalias,#vox_roundstart_special_plr_18_4
soundalias,#hash_660b162abe7da292
soundalias,#wpn_rgun_mk2_1straise_npc
soundalias,#vox_crank_attach_plr_18_2
soundalias,#vox_crank_attach_plr_18_0
soundalias,#vox_crank_attach_plr_18_1
soundalias,#fly_sniper_shell_out_plr
soundalias,#hash_662ba0c16b482cec
soundalias,#fly_step_sprint_zdog_asphalt
soundalias,#zmb_quad_explo_lfe
soundalias,#vox_box_matryoshka_plr_17_4
soundalias,#vox_box_matryoshka_plr_17_1
soundalias,#vox_box_matryoshka_plr_17_0
soundalias,#vox_box_matryoshka_plr_17_3
soundalias,#vox_box_matryoshka_plr_17_2
soundalias,#wpn_thundergun_proj_loop
soundalias,#vox_bop2_exert_mant_heavy
soundalias,#vox_russ_exert_gas_gasp
soundalias,#hash_66a4d058ae88d89f
soundalias,#vox_ammo_low_plr_20_4
soundalias,#vox_ammo_low_plr_20_1
soundalias,#vox_ammo_low_plr_20_0
soundalias,#vox_ammo_low_plr_20_3
soundalias,#vox_ammo_low_plr_20_2
soundalias,#hash_66ac1a59a45915b8
soundalias,#vox_yellow_snowball_pickup_plr_20_0
soundalias,#vox_bop3_exert_sniper_exhale
soundalias,#fly_step_walk_zdog_wood
soundalias,#vox_stuh_surrounded_oh_shit_plr_18_4
soundalias,#vox_stuh_surrounded_oh_shit_plr_18_0
soundalias,#vox_stuh_surrounded_oh_shit_plr_18_1
soundalias,#vox_stuh_surrounded_oh_shit_plr_18_2
soundalias,#vox_stuh_surrounded_oh_shit_plr_18_3
soundalias,#hash_66eb97e2bce2a423
soundalias,#hash_66edd342df7791fd
soundalias,#vox_russ_exert_stabbed
soundalias,#amb_chaos_ball
soundalias,#fly_step_walk_zdog_gravel
soundalias,#vox_bop4_exert_mant_light
soundalias,#fly_bowie_impact_victim
soundalias,#hash_6740d58ccd4742e5
soundalias,#vox_kill_thundergun_plr_18_0
soundalias,#vox_kill_thundergun_plr_18_1
soundalias,#vox_kill_thundergun_plr_18_2
soundalias,#vox_kill_thundergun_plr_18_3
soundalias,#vox_kill_thundergun_plr_18_4
soundalias,#vox_box_sniper_plr_19_4
soundalias,#vox_box_sniper_plr_19_3
soundalias,#vox_box_sniper_plr_19_2
soundalias,#vox_box_sniper_plr_19_1
soundalias,#vox_box_sniper_plr_19_0
soundalias,#wpn_winters_howl_flux_l_npc
soundalias,#hash_676485036b1b113a
soundalias,#hash_6767984c06a70ec7
soundalias,#fly_freezegun_mag_in
soundalias,#fly_step_walk_zdog_glass
soundalias,#vox_bof3_exert_rad_end
soundalias,#vox_lighthouse_enter_plr_17_1
soundalias,#vox_lighthouse_enter_plr_17_0
soundalias,#vox_lighthouse_enter_plr_17_2
soundalias,#fly_step_walk_zdog_bodyarmor
soundalias,#fly_step_run_zdog_rock
soundalias,#wpn_rgun_fire_lfe_npc
soundalias,#fly_step_sprint_zdog_paintedmetal
soundalias,#vox_musicbox_end_sama_1
soundalias,#vox_musicbox_end_sama_0
soundalias,#vox_musicbox_end_sama_2
soundalias,#vox_bop2_exert_suppressed
soundalias,#vox_tedd_exert_underwater_pain
soundalias,#hash_67e9dd6bc4674b78
soundalias,#vox_pablo_gift_plr_18_0
soundalias,#hash_67f1fcdfe32ea3f7
soundalias,#hash_67fe68eec41d210f
soundalias,#hash_681a9100f18ea7fb
soundalias,#vox_revive_support_russ_plr_5_1
soundalias,#hash_681f39fd1b8f8850
soundalias,#vox_punchcard_1_insert_plr_20_4
soundalias,#vox_box_pistol_plr_18_4
soundalias,#vox_box_pistol_plr_18_2
soundalias,#vox_box_pistol_plr_18_3
soundalias,#vox_box_pistol_plr_18_0
soundalias,#vox_box_pistol_plr_18_1
soundalias,#zmb_vox_monkey_throw
soundalias,#vox_soap_stones_get_plr_5_0
soundalias,#vox_box_matryoshka_plr_18_4
soundalias,#vox_box_matryoshka_plr_18_2
soundalias,#vox_box_matryoshka_plr_18_3
soundalias,#vox_box_matryoshka_plr_18_0
soundalias,#vox_box_matryoshka_plr_18_1
soundalias,#wpn_dg4_electrocution_loop
soundalias,#zmb_vocals_zombie_crawler
soundalias,#wpn_rgun_flux_l_npc
soundalias,#fly_spoon_first_raise
soundalias,#hash_688ab65ff6c98303
soundalias,#amb_fire_oil_lg
soundalias,#vox_bop3_exert_suppressed
soundalias,#fly_generic_first_raise_npc
soundalias,#mus_ee_song_2_intro
soundalias,#vox_tedd_exert_sniper_exhale
soundalias,#vox_bop2_exert_concuss
soundalias,#vox_bop1_exert_breath_hurt
soundalias,#wpn_thundergun_plr_lfe
soundalias,#hash_68cfb5872d0f6017
soundalias,#fly_freezegun_mag_out_npc
soundalias,#fly_melee_imp_katana_flesh_npc
soundalias,#hash_68ffd38a5e862cbe
soundalias,#vox_blac_exert_death_fall
soundalias,#zmb_blocker_debris_escape_purchase
soundalias,#wpn_vulcan_fire_loop_npc
soundalias,#wpn_pineapple_explode_dist
soundalias,#vox_handle_pickup_plr_20_2
soundalias,#vox_handle_pickup_plr_20_1
soundalias,#vox_handle_pickup_plr_20_0
soundalias,#vox_zipline_activate_plr_18_0
soundalias,#vox_zipline_activate_plr_18_1
soundalias,#vox_zipline_activate_plr_18_2
soundalias,#zmb_fasttravel_teleport_start_plr
soundalias,#fly_dog_melee_npc
soundalias,#wpn_concussion_pin_pull_alt
soundalias,#fly_step_crouch_walk_zdog_paper
soundalias,#hash_6986c1ef63a8c733
soundalias,#hash_6987bdc262162a26
soundalias,#vox_golden_pap_react_plr_20_1
soundalias,#vox_golden_pap_react_plr_20_0
soundalias,#vox_golden_pap_react_plr_20_2
soundalias,#hash_6994ad38bce10d14
soundalias,#wpn_dg4_melee_impact_plr
soundalias,#vox_bop5_exert_underwater_emerge_breath
soundalias,#wpn_grenade_throw
soundalias,#hash_69b229acb5e3a598
soundalias,#vox_lighthouse_enter_plr_18_2
soundalias,#vox_lighthouse_enter_plr_18_0
soundalias,#vox_lighthouse_enter_plr_18_1
soundalias,#hash_69c6cacdd6f7e9fd
soundalias,#fly_step_run_zdog_rubber
soundalias,#wpn_vulcan_start_plr
soundalias,#wpn_matroyshka_decay
soundalias,#vox_tedd_exert_bludgeoned
soundalias,#hash_6a3a7714a2c454fb
soundalias,#fly_gl_raise_rotate
soundalias,#hash_6a48fa9d116b7376
soundalias,#hash_6a4c0b5fff2011e3
soundalias,#vox_crawler_kill_plr_19_3
soundalias,#vox_crawler_kill_plr_19_2
soundalias,#vox_crawler_kill_plr_19_1
soundalias,#vox_crawler_kill_plr_19_0
soundalias,#vox_crawler_kill_plr_19_4
soundalias,#vox_kill_ballistic_plr_20_2
soundalias,#vox_kill_ballistic_plr_20_3
soundalias,#vox_kill_ballistic_plr_20_0
soundalias,#vox_kill_ballistic_plr_20_1
soundalias,#vox_kill_ballistic_plr_20_4
soundalias,#fly_melee_imp_galva_wood
soundalias,#dst_luggage
soundalias,#hash_6a8b750c09391a81
soundalias,#wpn_minigun_projectile_ignition_lp
soundalias,#hash_6aa35ab86c22666e
soundalias,#fly_step_crouch_walk_zdog_rubber
soundalias,#hash_6ab807bb27dff196
soundalias,#hash_6ab808bb27dff349
soundalias,#dst_generic_glass_crack
soundalias,#hash_6ac8274f3ef4d048
soundalias,#hash_6af8d2df8b6b202a
soundalias,#hash_6afe331afabbae9d
soundalias,#fly_step_wood_plr
soundalias,#vox_marl_surrounded_oh_shit_plr_20_3
soundalias,#vox_marl_surrounded_oh_shit_plr_20_2
soundalias,#vox_marl_surrounded_oh_shit_plr_20_1
soundalias,#vox_marl_surrounded_oh_shit_plr_20_0
soundalias,#vox_marl_surrounded_oh_shit_plr_20_4
soundalias,#vox_dynamite_zombie_react_plr_18_2
soundalias,#vox_dynamite_zombie_react_plr_18_1
soundalias,#vox_dynamite_zombie_react_plr_18_0
soundalias,#vox_vault_defend_plr_7_0
soundalias,#vox_vault_defend_plr_7_1
soundalias,#vox_marl_kill_headshot_plr_18_4
soundalias,#vox_marl_kill_headshot_plr_18_3
soundalias,#vox_marl_kill_headshot_plr_18_2
soundalias,#vox_marl_kill_headshot_plr_18_1
soundalias,#vox_marl_kill_headshot_plr_18_0
soundalias,#zmb_pee_slosh
soundalias,#vox_blac_exert_burn_dmg
soundalias,#hash_6b45ce1c6599b410
soundalias,#hash_6b56372df0bdb444
soundalias,#vox_stuh_exert_sniper_exhale
soundalias,#vox_freeze_exert_plr_17_2
soundalias,#vox_freeze_exert_plr_17_3
soundalias,#vox_freeze_exert_plr_17_0
soundalias,#vox_freeze_exert_plr_17_1
soundalias,#vox_freeze_exert_plr_17_4
soundalias,#wpn_pineapple_raise_plr
soundalias,#fly_reload_cloth_med
soundalias,#vox_mist_exert_underwater_emerge_gasp
soundalias,#wpn_matroyshka_bounce_gravel
soundalias,#vox_revive_russ_plr_19_1
soundalias,#vox_revive_russ_plr_19_0
soundalias,#vox_revive_russ_plr_19_3
soundalias,#vox_revive_russ_plr_19_2
soundalias,#vox_revive_russ_plr_19_4
soundalias,#hash_6bce70563d96c3d2
soundalias,#fly_melee_imp_katana_glass
soundalias,#zmb_ship_door
soundalias,#fly_step_crouch_run_zdog_foliage
soundalias,#fly_wpn_gear_rattle_low
soundalias,#vox_stuh_exert_sniper_gasp
soundalias,#hash_6c226df4d604ed59
soundalias,#vox_kill_ballistic_plr_19_4
soundalias,#vox_kill_ballistic_plr_19_2
soundalias,#vox_kill_ballistic_plr_19_3
soundalias,#vox_kill_ballistic_plr_19_0
soundalias,#vox_kill_ballistic_plr_19_1
soundalias,#vox_tedd_exert_self_heal
soundalias,#evt_power_pole_lp
soundalias,#vox_ship_cargo_enter_plr_5_1
soundalias,#zmb_switch_flip_trap
soundalias,#zmb_switch_flip_trap_alarm
soundalias,#hash_6c53baa55277970c
soundalias,#dst_generic_glass_med
soundalias,#wpn_melee_foley_swt
soundalias,#wpn_pineapple_grenade_explode_flesh_2d
soundalias,#fly_step_crouch_walk_zdog_paintedmetal
soundalias,#vox_bop5_exert_concuss
soundalias,#wpn_pineapple_act_npc
soundalias,#vox_bop5_exert_electro
soundalias,#zmb_step_quad_default
soundalias,#hash_6cbde1866d58f8a3
soundalias,#hash_6ce09d89dc40f11a
soundalias,#hash_6ce29c2310f16929
soundalias,#vox_mist_exert_sniper_exhale
soundalias,#hash_6cebe438b178d14f
soundalias,#zmb_vocals_hellhound_ambient
soundalias,#mus_round_start_special_intro
soundalias,#hash_6d0bcd77a8ec36fe
soundalias,#mus_orange_roundend_2_intro
soundalias,#hash_6d2a2228f08b36c2
soundalias,#vox_roundstart_special_plr_19_2
soundalias,#vox_roundstart_special_plr_19_3
soundalias,#vox_roundstart_special_plr_19_0
soundalias,#vox_roundstart_special_plr_19_1
soundalias,#vox_roundstart_special_plr_19_4
soundalias,#vox_bop1_exert_rad_end
soundalias,#hash_6d66e6e041cbbd56
soundalias,#hash_6d6731a1c9da7371
soundalias,#fly_step_prone_zdog_dirt
soundalias,#vox_bop3_exert_death_fall
soundalias,#vox_generic_responses_negative_plr_18_7
soundalias,#vox_generic_responses_negative_plr_18_6
soundalias,#vox_generic_responses_negative_plr_18_5
soundalias,#vox_generic_responses_negative_plr_18_4
soundalias,#vox_generic_responses_negative_plr_18_3
soundalias,#vox_generic_responses_negative_plr_18_2
soundalias,#vox_generic_responses_negative_plr_18_1
soundalias,#vox_generic_responses_negative_plr_18_0
soundalias,#vox_generic_responses_negative_plr_18_9
soundalias,#vox_generic_responses_negative_plr_18_8
soundalias,#vox_punchcard_1_insert_plr_19_3
soundalias,#fly_bowie_impact_player
soundalias,#vox_device_fail_plr_20_0
soundalias,#vox_revive_down_plr_18_4
soundalias,#vox_revive_down_plr_18_3
soundalias,#vox_revive_down_plr_18_2
soundalias,#vox_revive_down_plr_18_1
soundalias,#vox_revive_down_plr_18_0
soundalias,#vox_bop2_exert_bludgeoned
soundalias,#vox_box_ar_plr_19_3
soundalias,#vox_box_ar_plr_19_2
soundalias,#vox_box_ar_plr_19_1
soundalias,#vox_box_ar_plr_19_0
soundalias,#vox_box_ar_plr_19_4
soundalias,#fly_step_crouch_run_zdog_plastic
soundalias,#vox_crawler_gib_plr_19_4
soundalias,#vox_crawler_gib_plr_19_1
soundalias,#vox_crawler_gib_plr_19_0
soundalias,#vox_crawler_gib_plr_19_3
soundalias,#vox_crawler_gib_plr_19_2
soundalias,#fly_generic_raise_med_plr
soundalias,#fly_step_crouch_run_zdog_plaster
soundalias,#hash_6dc5fea475ce342a
soundalias,#zmb_ai_zombie_elec_lp
soundalias,#fly_generic_pickup_npc
soundalias,#vox_bop4_exert_punch_take
soundalias,#zmb_vocals_quad_spawn
soundalias,#wpn_matroyshka_bounce_mud
soundalias,#hash_6dfa4854873e2e9e
soundalias,#hash_6dfb6048b2e9d673
soundalias,#vox_stuh_exert_mant_light
soundalias,#fly_step_crouch_walk_zdog_glass
soundalias,#zmb_wisp_disappear
soundalias,#vox_freeze_start_plr_18_2
soundalias,#vox_freeze_start_plr_18_1
soundalias,#vox_freeze_start_plr_18_0
soundalias,#wpn_pineapple_grenade_explode_flesh
soundalias,#vox_golden_pap_weapon_plr_18_1
soundalias,#vox_golden_pap_weapon_plr_18_0
soundalias,#vox_golden_pap_weapon_plr_18_2
soundalias,#vox_revive_support_stuh_plr_20_0
soundalias,#vox_revive_support_stuh_plr_20_1
soundalias,#vox_revive_support_stuh_plr_20_2
soundalias,#vox_revive_support_stuh_plr_20_3
soundalias,#vox_revive_support_stuh_plr_20_4
soundalias,#fly_step_crouch_run_zdog_metalthin
soundalias,#hash_6e6f0998af127ebe
soundalias,#hash_6e6f34dac427c4ee
soundalias,#vox_stuh_exert_suppressed
soundalias,#hash_6e95e04ed0cb68b0
soundalias,#vox_blac_exert_burn_dead
soundalias,#vox_stuh_exert_death_veh_fly
soundalias,#hash_6ec5c44ed0f45cde
soundalias,#fly_golden_knife_first_raise_npc
soundalias,#hash_6ecc12171d70a788
soundalias,#vox_stuh_exert_underwater_emerge_breath
soundalias,#vox_bop1_exert_pain
soundalias,#wpn_dg2_sniper_npc
soundalias,#wpn_flame_thrower_loop_npc
soundalias,#amb_boat_wood
soundalias,#vox_bop1_exert_mant_heavy
soundalias,#hash_6f4aafb91ebfc7b1
soundalias,#vox_docks_enter_plr_20_1
soundalias,#vox_docks_enter_plr_20_0
soundalias,#vox_docks_enter_plr_20_2
soundalias,#vox_bof3_exert_rad_dmg
soundalias,#wpn_katana_dash_lfe_npc
soundalias,#vox_kill_tempest_plr_20_3
soundalias,#vox_kill_tempest_plr_20_2
soundalias,#vox_kill_tempest_plr_20_1
soundalias,#vox_kill_tempest_plr_20_0
soundalias,#vox_kill_tempest_plr_20_4
soundalias,#vox_box_sniper_plr_18_4
soundalias,#vox_box_sniper_plr_18_2
soundalias,#vox_box_sniper_plr_18_3
soundalias,#vox_box_sniper_plr_18_0
soundalias,#vox_box_sniper_plr_18_1
soundalias,#vox_bop5_exert_underwater_air_low
soundalias,#wpn_vulcan_loop_plr
soundalias,#vox_crawler_gib_plr_20_4
soundalias,#vox_crawler_gib_plr_20_1
soundalias,#vox_crawler_gib_plr_20_0
soundalias,#vox_crawler_gib_plr_20_3
soundalias,#vox_crawler_gib_plr_20_2
soundalias,#zmb_monkey_anim_key
soundalias,#wpn_bowie_whoosh_npc
soundalias,#vox_kill_streak_plr_17_9
soundalias,#vox_kill_streak_plr_17_8
soundalias,#vox_kill_streak_plr_17_1
soundalias,#vox_kill_streak_plr_17_0
soundalias,#vox_kill_streak_plr_17_3
soundalias,#vox_kill_streak_plr_17_2
soundalias,#vox_kill_streak_plr_17_5
soundalias,#vox_kill_streak_plr_17_4
soundalias,#vox_kill_streak_plr_17_7
soundalias,#vox_kill_streak_plr_17_6
soundalias,#hash_6fce75e5c4fe6210
soundalias,#vox_bop1_exert_sniper_exhale
soundalias,#hash_6fd7be04a416c8ad
soundalias,#fly_step_crouch_walk_zdog_glasscar
soundalias,#vox_bop3_exert_gas_gag
soundalias,#fly_melee_swipealt_knife
soundalias,#vox_box_sniper_plr_17_4
soundalias,#vox_box_sniper_plr_17_1
soundalias,#vox_box_sniper_plr_17_0
soundalias,#vox_box_sniper_plr_17_3
soundalias,#vox_box_sniper_plr_17_2
soundalias,#hash_7026c261624e7880
soundalias,#hash_702b3fdee0a4dcfa
soundalias,#vox_bop1_exert_explo_dead
soundalias,#fly_step_sprint_zdog_dirt
soundalias,#vox_device_pickup_plr_17_0
soundalias,#wpn_vulcan_raise_npc
soundalias,#vox_box_pistol_plr_17_4
soundalias,#vox_box_pistol_plr_17_1
soundalias,#vox_box_pistol_plr_17_0
soundalias,#vox_box_pistol_plr_17_3
soundalias,#vox_box_pistol_plr_17_2
soundalias,#zmb_vocals_quad_death
soundalias,#hash_707a0e2ff93b63e5
soundalias,#vox_snowball_pickup_plr_20_2
soundalias,#vox_snowball_pickup_plr_20_1
soundalias,#vox_snowball_pickup_plr_20_0
soundalias,#vox_blac_exert_bludgeoned
soundalias,#vox_zipline_activate_plr_20_1
soundalias,#vox_zipline_activate_plr_20_0
soundalias,#vox_zipline_activate_plr_20_2
soundalias,#wpn_pineapple_pickup_npc
soundalias,#hash_70cbedeca3e90f7f
soundalias,#vox_4_banter_mist_stuh_plr_18_0
soundalias,#fly_mag_pouch_pat
soundalias,#hash_70d7722a1c750245
soundalias,#hash_70debef2ec3977e9
soundalias,#fly_combat_knife_taunt_npc
soundalias,#wpn_dg2_sniper_npc_last
soundalias,#hash_7107f284f1253b19
soundalias,#vox_bop2_exert_death_veh_hit
soundalias,#hash_711b2810ffa5d6a7
soundalias,#vox_bop4_exert_death_veh_fly
soundalias,#hash_713c76249f9c3c8d
soundalias,#vox_kill_headshot_plr_20_9
soundalias,#vox_kill_headshot_plr_20_8
soundalias,#vox_kill_headshot_plr_20_7
soundalias,#vox_kill_headshot_plr_20_6
soundalias,#vox_kill_headshot_plr_20_5
soundalias,#vox_kill_headshot_plr_20_4
soundalias,#vox_kill_headshot_plr_20_3
soundalias,#vox_kill_headshot_plr_20_2
soundalias,#vox_kill_headshot_plr_20_1
soundalias,#vox_kill_headshot_plr_20_0
soundalias,#fly_step_run_zdog_foliage
soundalias,#hash_7154e7f10843c0ab
soundalias,#fly_melee_imp_katana_npc_rock
soundalias,#vox_blac_exert_electro
soundalias,#amb_grate_gust
soundalias,#exp_rocket_bow_flux_l
soundalias,#exp_rocket_bow_flux_r
soundalias,#hash_7171db7474c1a6a6
soundalias,#vox_explosive_plant_plr_19_1
soundalias,#vox_explosive_plant_plr_19_0
soundalias,#vox_explosive_plant_plr_19_2
soundalias,#zmb_fire_blocker
soundalias,#fly_step_walk_zdog_bark
soundalias,#hash_719775c44cc7a0b2
soundalias,#hash_71a22992563a7b66
soundalias,#hash_71b4f4a4b5319f41
soundalias,#hash_71b6579783254a73
soundalias,#vox_pablo_gift_plr_17_0
soundalias,#hash_71d9e237e73ab437
soundalias,#fly_step_sprint_zdog_rubber
soundalias,#vox_soap_stones_get_plr_19_0
soundalias,#vox_stuh_exert_gas_gag
soundalias,#evt_freeze_complete
soundalias,#hash_71fa2657f5fd0bfd
soundalias,#hash_7204b092c976136b
soundalias,#vox_bop3_exert_mant_heavy
soundalias,#fly_generic_pickup_plr
soundalias,#hash_724400114895dcef
soundalias,#vox_dynamite_zombie_react_plr_19_2
soundalias,#vox_dynamite_zombie_react_plr_19_0
soundalias,#vox_dynamite_zombie_react_plr_19_1
soundalias,#dst_trash_bag
soundalias,#hash_729ae56623f13415
soundalias,#vox_mist_exert_burn_dmg
soundalias,#vox_box_raygun_plr_17_0
soundalias,#vox_box_raygun_plr_17_1
soundalias,#vox_box_raygun_plr_17_2
soundalias,#vox_box_raygun_plr_17_3
soundalias,#vox_box_raygun_plr_17_4
soundalias,#vox_4_banter_mist_stuh_plr_17_1
soundalias,#hash_72d55f9efed16b54
soundalias,#hash_72d5609efed16d07
soundalias,#fly_generic_raise_shrt_plr
soundalias,#vox_facility_specimen_enter_plr_5_0
soundalias,#amb_wood_creak
soundalias,#hash_7327c9463513a290
soundalias,#hash_7327ca463513a443
soundalias,#hash_7327cb463513a5f6
soundalias,#hash_7327cc463513a7a9
soundalias,#hash_7327ce463513ab0f
soundalias,#vox_bop2_exert_burn_dmg
soundalias,#hash_733d225a31a94065
soundalias,#vox_russ_surrounded_oh_shit_plr_18_4
soundalias,#vox_russ_surrounded_oh_shit_plr_18_3
soundalias,#vox_russ_surrounded_oh_shit_plr_18_2
soundalias,#vox_russ_surrounded_oh_shit_plr_18_1
soundalias,#vox_russ_surrounded_oh_shit_plr_18_0
soundalias,#vox_bop2_exert_breath_hurt
soundalias,#fly_melee_swipe_knife
soundalias,#vox_bop4_exert_mant_heavy
soundalias,#vox_bop2_exert_stabbed
soundalias,#vox_perk_generic_plr_5_3
soundalias,#vox_golden_pap_weapon_plr_20_0
soundalias,#vox_golden_pap_weapon_plr_20_1
soundalias,#vox_golden_pap_weapon_plr_20_2
soundalias,#hash_73a496fa38581e2e
soundalias,#vox_dynamite_zombie_drop_plr_20_0
soundalias,#vox_dynamite_zombie_drop_plr_20_1
soundalias,#vox_dynamite_zombie_drop_plr_20_2
soundalias,#fly_step_run_zdog_mud
soundalias,#vox_marl_exert_stabbed
soundalias,#hash_73dae3c5e1e26cb1
soundalias,#zmb_hellhound_bolt_lfe
soundalias,#hash_73f6a8564210d5ba
soundalias,#hash_7402a533a73978ee
soundalias,#wpn_minigun_projectile_alarm_lp
soundalias,#hash_7409dcc0b01a2542
soundalias,#vox_spleen_glass_shoot_plr_18_0
soundalias,#vox_special_round_kill_plr_19_4
soundalias,#vox_special_round_kill_plr_19_3
soundalias,#vox_special_round_kill_plr_19_2
soundalias,#vox_special_round_kill_plr_19_1
soundalias,#vox_special_round_kill_plr_19_0
soundalias,#hash_743361ea0e37c80d
soundalias,#vox_bop4_exert_rad_dmg
soundalias,#fly_step_crouch_run_zdog_water
soundalias,#hash_744a0174f2cdc054
soundalias,#evt_last_stand_riser
soundalias,#fly_melee_imp_katana_rock
soundalias,#vox_boathouse_enter_plr_17_1
soundalias,#vox_boathouse_enter_plr_17_0
soundalias,#vox_boathouse_enter_plr_17_2
soundalias,#zmb_vocals_zombie_pain
soundalias,#vox_bof4_exert_rad_dmg
soundalias,#fly_step_sprint_zdog_metalhollow
soundalias,#wpn_pineapple_pickup_plr
soundalias,#vox_bop5_exert_gas_cough
soundalias,#wpn_rgun_mk2_1straise_rh
soundalias,#hash_74ac57c99ab9c758
soundalias,#wpn_concussion_pin_pull
soundalias,#wpn_vulcan_raise_plr
soundalias,#vox_bop1_exert_punch_give
soundalias,#vox_revive_down_plr_20_2
soundalias,#vox_revive_down_plr_20_3
soundalias,#vox_revive_down_plr_20_0
soundalias,#vox_revive_down_plr_20_1
soundalias,#vox_revive_down_plr_20_4
soundalias,#vox_snowball_friendly_plr_17_2
soundalias,#vox_snowball_friendly_plr_17_0
soundalias,#vox_snowball_friendly_plr_17_1
soundalias,#vox_kill_ballistic_plr_17_4
soundalias,#vox_kill_ballistic_plr_17_0
soundalias,#vox_kill_ballistic_plr_17_1
soundalias,#vox_kill_ballistic_plr_17_2
soundalias,#vox_kill_ballistic_plr_17_3
soundalias,#vox_pickup_bowie_plr_20_2
soundalias,#vox_pickup_bowie_plr_20_1
soundalias,#vox_pickup_bowie_plr_20_0
soundalias,#vox_box_ar_plr_18_2
soundalias,#vox_box_ar_plr_18_3
soundalias,#vox_box_ar_plr_18_0
soundalias,#vox_box_ar_plr_18_1
soundalias,#vox_box_ar_plr_18_4
soundalias,#hash_74f170d101f900ec
soundalias,#wpn_rgun_mk2_1straise_lh
soundalias,#wpn_rgun_flux_r_npc
soundalias,#wpn_katana_rush_activate
soundalias,#vox_crawler_kill_plr_18_2
soundalias,#vox_crawler_kill_plr_18_3
soundalias,#vox_crawler_kill_plr_18_0
soundalias,#vox_crawler_kill_plr_18_1
soundalias,#vox_crawler_kill_plr_18_4
soundalias,#fly_step_prone_zdog_metalcar
soundalias,#hash_7508746175185090
soundalias,#hash_7508756175185243
soundalias,#hash_75087761751855a9
soundalias,#vox_crawler_gib_plr_18_4
soundalias,#vox_crawler_gib_plr_18_0
soundalias,#vox_crawler_gib_plr_18_1
soundalias,#vox_crawler_gib_plr_18_2
soundalias,#hash_750bc40787e0e29f
soundalias,#vox_crawler_gib_plr_18_3
soundalias,#hash_750bc50787e0e452
soundalias,#vox_bop1_exert_rad_dmg
soundalias,#vox_icicle_pickup_plr_5_2
soundalias,#vox_marl_exert_mant_heavy
soundalias,#fly_step_crouch_run_zdog_metalcar
soundalias,#zmb_monkey_anim_raise
soundalias,#vox_solo_game_start_mist_plr_18_0
soundalias,#vox_bop3_exert_gas_gasp
soundalias,#vox_sky_portal_react_plr_17_0
soundalias,#vox_travel_pap_island_plr_17_0
soundalias,#vox_stuh_exert_underwater_emerge_gasp
soundalias,#hash_75b523ba694eea96
soundalias,#vox_blac_exert_rad_end
soundalias,#vox_bop3_exert_explo_dead
soundalias,#vox_electric_zombie_encounter_plr_20_0
soundalias,#vox_electric_zombie_encounter_plr_20_1
soundalias,#vox_electric_zombie_encounter_plr_20_2
soundalias,#amb_ship_crushing_l
soundalias,#amb_ship_crushing_r
soundalias,#hash_75efa5386eb96d6a
soundalias,#hash_7605be4297c1ed23
soundalias,#hash_760800881cd94dd1
soundalias,#vox_bop4_exert_underwater_air_low
soundalias,#fly_step_rickety_stairs_plr
soundalias,#hash_761c2058b6c4d54f
soundalias,#wpn_katana_melee_impact
soundalias,#hash_762ccf08296af358
soundalias,#hash_76462fcc2640a681
soundalias,#zmb_quad_gas_attack
soundalias,#vox_mist_exert_self_heal
soundalias,#vox_golden_pap_weapon_plr_19_0
soundalias,#vox_golden_pap_weapon_plr_19_1
soundalias,#vox_golden_pap_weapon_plr_19_2
soundalias,#vox_revive_russ_plr_18_0
soundalias,#vox_revive_russ_plr_18_1
soundalias,#vox_revive_russ_plr_18_2
soundalias,#vox_revive_russ_plr_18_3
soundalias,#vox_revive_russ_plr_18_4
soundalias,#vox_really_want_utak_5
soundalias,#wpn_smg_dryfire_plr
soundalias,#hash_769f75d14373cb9c
soundalias,#vox_solo_end_round1_russ_plr_20_0
soundalias,#zmb_hellhound_spawn_flux_l
soundalias,#zmb_hellhound_spawn_flux_r
soundalias,#wpn_katana_rush_deactivate
soundalias,#fly_step_crouch_walk_zdog_plaster
soundalias,#fly_melee_lungealt_player_knife
soundalias,#vox_kill_tempest_plr_19_4
soundalias,#vox_kill_tempest_plr_19_3
soundalias,#vox_kill_tempest_plr_19_2
soundalias,#vox_kill_tempest_plr_19_1
soundalias,#vox_kill_tempest_plr_19_0
soundalias,#zmb_heatpack_drop
soundalias,#amb_comp_mainframe
soundalias,#fly_step_crouch_walk_zdog_plastic
soundalias,#fly_step_sprint_zdog_ceramic
soundalias,#dst_dest_reel2reel_02_dp_d0
soundalias,#wpn_rgun_fire_act_npc
soundalias,#fly_riotshield_zm_impact_zombies
soundalias,#hash_774f5892537b69cd
soundalias,#wpn_matroyshka_bounce_flesh
soundalias,#zmb_cha_ching_loud
soundalias,#hash_77675a71f617dbd1
soundalias,#vox_blac_exert_punch_give
soundalias,#zmb_cha_ching
soundalias,#hash_77be2df5180465a2
soundalias,#vox_blac_exert_self_heal
soundalias,#zmb_pipe_water_lp_close
soundalias,#fly_step_prone_zdog_ceramic
soundalias,#hash_77e78e3e512b3f3f
soundalias,#fly_step_crouch_walk_zdog_wood
soundalias,#dst_wood_crate
soundalias,#vox_freeze_start_plr_19_2
soundalias,#vox_freeze_start_plr_19_0
soundalias,#vox_freeze_start_plr_19_1
soundalias,#vox_russ_exert_burn_dmg
soundalias,#fly_step_walk_zdog_metalthin
soundalias,#vox_generic_responses_negative_plr_19_8
soundalias,#vox_generic_responses_negative_plr_19_9
soundalias,#vox_generic_responses_negative_plr_19_6
soundalias,#vox_generic_responses_negative_plr_19_7
soundalias,#vox_generic_responses_negative_plr_19_4
soundalias,#vox_generic_responses_negative_plr_19_5
soundalias,#vox_generic_responses_negative_plr_19_2
soundalias,#vox_generic_responses_negative_plr_19_3
soundalias,#vox_generic_responses_negative_plr_19_0
soundalias,#vox_generic_responses_negative_plr_19_1
soundalias,#vox_bop3_exert_concuss
soundalias,#amb_snow_fall
soundalias,#vox_revive_down_plr_19_4
soundalias,#vox_revive_down_plr_19_2
soundalias,#vox_revive_down_plr_19_3
soundalias,#vox_revive_down_plr_19_0
soundalias,#vox_revive_down_plr_19_1
soundalias,#wpn_bowie_whoosh_plr
soundalias,#fly_step_crouch_run_zdog_snow
soundalias,#hash_7853065b8a3252a8
soundalias,#hash_7853075b8a32545b
soundalias,#hash_7853085b8a32560e
soundalias,#hash_7853095b8a3257c1
soundalias,#hash_78530c5b8a325cda
soundalias,#fly_step_walk_zdog_cushion
soundalias,#hash_785c5e94f2e23b48
soundalias,#vox_box_thundergun_plr_20_0
soundalias,#vox_box_thundergun_plr_20_1
soundalias,#vox_box_thundergun_plr_20_2
soundalias,#vox_box_thundergun_plr_20_3
soundalias,#vox_box_thundergun_plr_20_4
soundalias,#mus_lab_underscore
soundalias,#zmb_wisp_appear
soundalias,#vox_ice_slide_end_plr_19_2
soundalias,#vox_ice_slide_end_plr_19_1
soundalias,#vox_ice_slide_end_plr_19_0
soundalias,#hash_788f7c89f5ab521f
soundalias,#vox_facility_infusion_enter_plr_17_2
soundalias,#vox_facility_infusion_enter_plr_17_0
soundalias,#vox_facility_infusion_enter_plr_17_1
soundalias,#fly_gl_rotate
soundalias,#hash_78a2cf5f2fd959c2
soundalias,#vox_explosive_plant_plr_18_0
soundalias,#vox_explosive_plant_plr_18_1
soundalias,#vox_explosive_plant_plr_18_2
soundalias,#wpn_winters_howl_fire_lfe_npc
soundalias,#vox_2_banter_russ_stuh_plr_20_1
soundalias,#vox_marl_exert_burn_dead
soundalias,#vox_german_zombie_encounter_plr_20_2
soundalias,#vox_german_zombie_encounter_plr_20_1
soundalias,#vox_german_zombie_encounter_plr_20_0
soundalias,#vox_box_monkey_plr_17_3
soundalias,#vox_box_monkey_plr_17_2
soundalias,#vox_box_monkey_plr_17_1
soundalias,#vox_box_monkey_plr_17_0
soundalias,#vox_box_monkey_plr_17_4
soundalias,#vox_vril_give_plr_17_1
soundalias,#vox_vril_give_plr_17_0
soundalias,#vox_vril_give_plr_17_2
soundalias,#hash_7926daaf052fa6b9
soundalias,#vox_5_banter_marl_russ_plr_20_0
soundalias,#hash_792d0d49a93ca1a3
soundalias,#vox_soap_stones_get_plr_18_0
soundalias,#vox_dynamite_pickup_plr_18_1
soundalias,#vox_dynamite_pickup_plr_18_0
soundalias,#vox_dynamite_pickup_plr_18_2
soundalias,#amb_geyser_lp
soundalias,#vox_bop1_exert_death
soundalias,#vox_box_ballistic_plr_19_1
soundalias,#vox_box_ballistic_plr_19_0
soundalias,#vox_box_ballistic_plr_19_3
soundalias,#vox_box_ballistic_plr_19_2
soundalias,#vox_box_ballistic_plr_19_4
soundalias,#zmb_vocals_quad_gas_attack
soundalias,#fly_spoon_first_raise_npc
soundalias,#wpn_ray_reload_battery_out
soundalias,#vox_marl_surrounded_oh_shit_plr_17_4
soundalias,#vox_marl_surrounded_oh_shit_plr_17_1
soundalias,#vox_marl_surrounded_oh_shit_plr_17_0
soundalias,#vox_marl_surrounded_oh_shit_plr_17_3
soundalias,#vox_marl_surrounded_oh_shit_plr_17_2
soundalias,#wpn_dg4_slam_impact
soundalias,#zmb_hellhound_bolt
soundalias,#vox_blue_rock_have_met_plr_17_2
soundalias,#vox_blue_rock_have_met_plr_17_0
soundalias,#vox_blue_rock_have_met_plr_17_1
soundalias,#zmb_vocals_zombie_ambient
soundalias,#vox_mist_kill_headshot_plr_19_3
soundalias,#vox_mist_kill_headshot_plr_19_2
soundalias,#vox_mist_kill_headshot_plr_19_1
soundalias,#vox_mist_kill_headshot_plr_19_0
soundalias,#vox_mist_kill_headshot_plr_19_4
soundalias,#vox_icicle_pickup_plr_18_1
soundalias,#vox_icicle_pickup_plr_18_0
soundalias,#vox_icicle_pickup_plr_18_2
soundalias,#dst_generic_glass_small
soundalias,#fly_step_prone_zdog_grass
soundalias,#vox_marl_exert_death_fall
soundalias,#vox_romero_glasses_plr_19_0
soundalias,#hash_7a2817f94d5d24ad
soundalias,#vox_stuh_exert_death
soundalias,#wpn_matroyshka_bounce_cushion
soundalias,#vox_mist_exert_burn_dead
soundalias,#vox_marl_exert_underwater_emerge_breath
soundalias,#vox_russ_surrounded_oh_shit_plr_19_4
soundalias,#vox_russ_surrounded_oh_shit_plr_19_2
soundalias,#vox_russ_surrounded_oh_shit_plr_19_3
soundalias,#vox_russ_surrounded_oh_shit_plr_19_0
soundalias,#vox_russ_surrounded_oh_shit_plr_19_1
soundalias,#hash_7aa05778ada10163
soundalias,#hash_7aace930793493ef
soundalias,#vox_5_banter_mist_stuh_plr_17_1
soundalias,#vox_2_banter_marl_stuh_plr_19_1
soundalias,#hash_7ac5fa6568de2461
soundalias,#fly_mag_velcrp_rip
soundalias,#vox_bop3_exert_breath_hurt
soundalias,#evt_last_stand_tone
soundalias,#hash_7ae95cf38425ba82
soundalias,#hash_7af64011059146af
soundalias,#vox_revive_mist_plr_20_3
soundalias,#vox_revive_mist_plr_20_2
soundalias,#vox_revive_mist_plr_20_1
soundalias,#vox_revive_mist_plr_20_0
soundalias,#vox_revive_mist_plr_20_4
soundalias,#dst_glass_radar_pane_break
soundalias,#fly_step_prone_zdog_asphalt
soundalias,#vox_generic_responses_positive_plr_17_8
soundalias,#vox_generic_responses_positive_plr_17_0
soundalias,#vox_generic_responses_positive_plr_17_1
soundalias,#vox_generic_responses_positive_plr_17_2
soundalias,#vox_generic_responses_positive_plr_17_3
soundalias,#vox_generic_responses_positive_plr_17_4
soundalias,#vox_generic_responses_positive_plr_17_5
soundalias,#vox_generic_responses_positive_plr_17_6
soundalias,#vox_generic_responses_positive_plr_17_7
soundalias,#wpn_dg4_sheathe_npc
soundalias,#evt_vault_key_insert
soundalias,#vox_snowball_friendly_plr_18_1
soundalias,#vox_snowball_friendly_plr_18_0
soundalias,#vox_snowball_friendly_plr_18_2
soundalias,#fly_step_sprint_zdog_sand
soundalias,#vox_spleen_glass_shoot_plr_19_0
soundalias,#hash_7b62decf65bcd9a4
soundalias,#hash_7b62e0cf65bcdd0a
soundalias,#hash_7b62e1cf65bcdebd
soundalias,#vox_power_switch_2_activate_plr_17_2
soundalias,#vox_power_switch_2_activate_plr_17_1
soundalias,#vox_power_switch_2_activate_plr_17_0
soundalias,#vox_special_round_kill_plr_18_4
soundalias,#vox_special_round_kill_plr_18_2
soundalias,#vox_special_round_kill_plr_18_3
soundalias,#vox_special_round_kill_plr_18_0
soundalias,#vox_special_round_kill_plr_18_1
soundalias,#hash_7b7dac617820cdf8
soundalias,#hash_7b7dad617820cfab
soundalias,#hash_7b7dae617820d15e
soundalias,#mus_orange_roundend_1_intro
soundalias,#evt_dynamite_explode_zombie
soundalias,#hash_7b8ddcc3ac603349
soundalias,#hash_7ba3efc9f7327ec4
soundalias,#hash_7ba6b613164a34f4
soundalias,#vox_marl_surrounded_oh_shit_plr_18_4
soundalias,#vox_marl_surrounded_oh_shit_plr_18_2
soundalias,#vox_marl_surrounded_oh_shit_plr_18_3
soundalias,#vox_marl_surrounded_oh_shit_plr_18_0
soundalias,#vox_marl_surrounded_oh_shit_plr_18_1
soundalias,#vox_mist_exert_concuss
soundalias,#evt_power_ship
soundalias,#hash_7bb9f96a13de9eba
soundalias,#vox_stuh_exert_rad_start
soundalias,#hash_7bc20381f7011997
soundalias,#vox_handle_pickup_plr_19_2
soundalias,#vox_handle_pickup_plr_19_1
soundalias,#vox_handle_pickup_plr_19_0
soundalias,#vox_blue_rock_give_plr_18_2
soundalias,#vox_blue_rock_give_plr_18_1
soundalias,#vox_blue_rock_give_plr_18_0
soundalias,#vox_kill_monkey_plr_18_1
soundalias,#vox_kill_monkey_plr_18_0
soundalias,#vox_kill_monkey_plr_18_3
soundalias,#vox_kill_monkey_plr_18_2
soundalias,#vox_kill_monkey_plr_18_4
soundalias,#vox_1_banter_russ_stuh_plr_17_0
soundalias,#vox_bop4_exert_rad_start
soundalias,#vox_bom4_exert_rad_start
soundalias,#vox_marl_kill_headshot_plr_17_4
soundalias,#vox_marl_kill_headshot_plr_17_0
soundalias,#vox_marl_kill_headshot_plr_17_1
soundalias,#vox_marl_kill_headshot_plr_17_2
soundalias,#vox_marl_kill_headshot_plr_17_3
soundalias,#vox_lighthouse_cove_enter_plr_19_2
soundalias,#vox_lighthouse_cove_enter_plr_19_1
soundalias,#vox_lighthouse_cove_enter_plr_19_0
soundalias,#vox_kill_raygun_mk2_plr_17_0
soundalias,#vox_kill_raygun_mk2_plr_17_1
soundalias,#vox_kill_raygun_mk2_plr_17_2
soundalias,#vox_kill_raygun_mk2_plr_17_3
soundalias,#vox_kill_raygun_mk2_plr_17_4
soundalias,#vox_bof4_exert_rad_end
soundalias,#vox_kill_tempest_plr_17_4
soundalias,#vox_kill_tempest_plr_17_1
soundalias,#vox_kill_tempest_plr_17_0
soundalias,#vox_kill_tempest_plr_17_3
soundalias,#vox_kill_tempest_plr_17_2
soundalias,#wpn_optic_zoom_in
soundalias,#vox_lighthouse_cove_enter_plr_5_2
soundalias,#hash_7c7a276d99080b4a
soundalias,#vox_mist_exert_punch_give
soundalias,#vox_stuh_kill_headshot_plr_18_4
soundalias,#vox_stuh_kill_headshot_plr_18_1
soundalias,#vox_stuh_kill_headshot_plr_18_0
soundalias,#vox_stuh_kill_headshot_plr_18_3
soundalias,#vox_stuh_kill_headshot_plr_18_2
soundalias,#wpn_dg4_shockwave_lp
soundalias,#fly_golden_spork_first_raise_npc
soundalias,#vox_russ_exert_mant_heavy
soundalias,#vox_blac_exert_rad_dmg
soundalias,#wpn_tundragun_fire_plr_swt_rear
soundalias,#vox_russ_exert_sniper_hold
soundalias,#wpn_katana_dash
soundalias,#fly_melee_imp_galva_npc_plastic
soundalias,#hash_7d11219a263cf6b4
soundalias,#vox_electric_zombie_encounter_plr_18_1
soundalias,#vox_electric_zombie_encounter_plr_18_0
soundalias,#vox_electric_zombie_encounter_plr_18_2
soundalias,#zmb_vocals_hellhound_close
soundalias,#amb_sink_drips
soundalias,#zmb_magicbox_leave_2d
soundalias,#hash_7d8209c74af1a7a6
soundalias,#hash_7d820bc74af1ab0c
soundalias,#hash_7d820cc74af1acbf
soundalias,#hash_7d820dc74af1ae72
soundalias,#hash_7d820ec74af1b025
soundalias,#wpn_musicbox_explode
soundalias,#wpn_matroyshka_bounce_brick
soundalias,#vox_revive_down_plr_17_4
soundalias,#vox_revive_down_plr_17_0
soundalias,#vox_revive_down_plr_17_1
soundalias,#vox_revive_down_plr_17_2
soundalias,#vox_revive_down_plr_17_3
soundalias,#hash_7da4f54a7e06208b
soundalias,#fly_step_crouch_walk_zdog_ceramic
soundalias,#hash_7db8ff002aae0958
soundalias,#vox_bop2_exert_underwater_emerge_gasp
soundalias,#vox_trap_ice_activate_plr_19_1
soundalias,#vox_trap_ice_activate_plr_19_0
soundalias,#vox_trap_ice_activate_plr_19_2
soundalias,#vox_box_ballistic_plr_20_1
soundalias,#vox_box_ballistic_plr_20_0
soundalias,#vox_box_ballistic_plr_20_3
soundalias,#vox_box_ballistic_plr_20_2
soundalias,#vox_box_ballistic_plr_20_4
soundalias,#amb_large_chamber
soundalias,#hash_7de87ce9c480a14c
soundalias,#vox_freeze_start_plr_20_2
soundalias,#vox_freeze_start_plr_20_0
soundalias,#vox_freeze_start_plr_20_1
soundalias,#vox_generic_responses_negative_plr_20_8
soundalias,#vox_generic_responses_negative_plr_20_9
soundalias,#vox_generic_responses_negative_plr_20_2
soundalias,#vox_generic_responses_negative_plr_20_3
soundalias,#vox_generic_responses_negative_plr_20_0
soundalias,#vox_generic_responses_negative_plr_20_1
soundalias,#vox_generic_responses_negative_plr_20_6
soundalias,#vox_generic_responses_negative_plr_20_7
soundalias,#vox_generic_responses_negative_plr_20_4
soundalias,#vox_generic_responses_negative_plr_20_5
soundalias,#vox_stuh_exert_rad_end
soundalias,#hash_7e123854b98405a4
soundalias,#vox_vril_charge_plr_17_0
soundalias,#vox_vril_charge_plr_17_1
soundalias,#vox_vril_charge_plr_17_2
soundalias,#vox_mist_kill_headshot_plr_20_4
soundalias,#vox_mist_kill_headshot_plr_20_3
soundalias,#vox_mist_kill_headshot_plr_20_2
soundalias,#vox_mist_kill_headshot_plr_20_1
soundalias,#vox_mist_kill_headshot_plr_20_0
soundalias,#vox_bop3_exert_sniper_hold
soundalias,#fly_step_walk_zdog_rubber
soundalias,#hash_7e5569082de5abc6
soundalias,#vox_bop2_exert_burn_dead
soundalias,#vox_revive_stuh_plr_18_1
soundalias,#vox_revive_stuh_plr_18_0
soundalias,#vox_revive_stuh_plr_18_3
soundalias,#vox_revive_stuh_plr_18_2
soundalias,#vox_revive_stuh_plr_18_4
soundalias,#zmb_hellhound_spirit
soundalias,#vox_mist_exert_electro
soundalias,#hash_7eab2f25cd2d5c0c
soundalias,#evt_fan_break
soundalias,#vox_dynamite_pickup_plr_20_0
soundalias,#vox_dynamite_pickup_plr_20_1
soundalias,#vox_dynamite_pickup_plr_20_2
soundalias,#vox_german_zombie_encounter_plr_19_1
soundalias,#vox_german_zombie_encounter_plr_19_0
soundalias,#wpn_pineapple_explode_flux_l
soundalias,#wpn_pineapple_explode_flux_r
soundalias,#vox_box_raygun_mk2_plr_20_3
soundalias,#vox_box_raygun_mk2_plr_20_2
soundalias,#vox_box_raygun_mk2_plr_20_1
soundalias,#vox_box_raygun_mk2_plr_20_0
soundalias,#vox_box_raygun_mk2_plr_20_4
soundalias,#wpn_revolver_dryfire_plr
soundalias,#hash_7ed9d6bbddcec39a
soundalias,#hash_7ef4923c662dcc4e
soundalias,#hash_7ef4933c662dce01
soundalias,#vox_tedd_exert_gas_cough
soundalias,#fly_step_prone_zdog_tallgrass
soundalias,#hash_7f08b47352413d9a
soundalias,#hash_7f0a968a38269141
soundalias,#vox_roundstart_special_plr_20_4
soundalias,#vox_roundstart_special_plr_20_2
soundalias,#vox_roundstart_special_plr_20_3
soundalias,#vox_roundstart_special_plr_20_0
soundalias,#vox_roundstart_special_plr_20_1
soundalias,#vox_pickup_rocketshield_plr_18_1
soundalias,#vox_pickup_rocketshield_plr_18_0
soundalias,#vox_pickup_rocketshield_plr_18_2
soundalias,#hash_7f118ea3a4874268
soundalias,#hash_7f135946be7ca10f
soundalias,#wpn_winters_howl_fire_plr
soundalias,#vox_trap_lighthouse_activate_plr_17_0
soundalias,#vox_trap_lighthouse_activate_plr_17_1
soundalias,#vox_trap_lighthouse_activate_plr_17_2
soundalias,#vox_stuh_exert_breath_hurt
soundalias,#vox_kill_tempest_plr_18_4
soundalias,#vox_kill_tempest_plr_18_2
soundalias,#vox_kill_tempest_plr_18_3
soundalias,#vox_kill_tempest_plr_18_0
soundalias,#vox_kill_tempest_plr_18_1
soundalias,#fly_step_sprint_zdog_metalcar
soundalias,#fly_combat_knife_taunt
soundalias,#vox_bop4_exert_rad_end
soundalias,#vox_blac_exert_concuss
soundalias,#vox_bop5_exert_death
soundalias,#vox_solo_end_round2_stuh_plr_17_0
soundalias,#amb_ocean_lap
soundalias,#evt_flinger_fling
soundalias,#vox_bof4_exert_rad_start
soundalias,#fly_step_run_zdog_watershallow
soundalias,#vox_box_move_plr_17_4
soundalias,#vox_box_move_plr_17_3
soundalias,#vox_box_move_plr_17_2
soundalias,#vox_box_move_plr_17_1
soundalias,#vox_box_move_plr_17_0
soundalias,#hash_7fcde91d0ccfecf8
soundalias,#hash_7fcdea1d0ccfeeab
soundalias,#hash_7fd0c2d94aed7612
soundalias,#hash_7fd1c9b8c5fd4b6d
soundalias,#hash_7ff41417f780afbd
client_fx,#hash_8c5d404ef012ce
client_fx,#weapon/fx_trail_grenade
client_fx,#hash_1143c04558c1172
client_fx,#impacts/fx8_proj_impact_water_sm
client_fx,#hash_18061b2ff7584c3
client_fx,#hash_26b8b17de68c16b
client_fx,#hash_2a8233f8a1d00e7
client_fx,#hash_2b135053e0f7140
client_fx,#explosions/fx8_exp_grenade_default
client_fx,#hash_34241ead7fe4339
client_fx,#impacts/fx_bul_impact_heavy_head_nonfatal_exit
client_fx,#impacts/fx8_bul_impact_default_xlg
client_fx,#impacts/fx8_bul_impact_blood_head_nonfatal
client_fx,#impacts/fx8_bul_impact_robot_limb_nonfatal
client_fx,#hash_4847c0d5a4c9cd6
client_fx,#hash_48d74d13d0c569c
client_fx,#hash_4b4860d8adfbd1d
client_fx,#impacts/fx8_bul_impact_water_xlg
client_fx,#hash_558beb0d06104af
client_fx,#weapon/fx_shellejects_minigun
client_fx,#zm_weapons/fx8_aat_elec_eye
client_fx,#hash_59b16f746392bb5
client_fx,#hash_5b4e0c241c75dae
client_fx,#zm_ai/fx8_elec_zombie_explode
client_fx,#hash_5cd0d0e65e6d535
client_fx,#hash_5e483d0e64c5d58
client_fx,#hash_62f074d527f46c0
client_fx,#hash_6d6723b240867c1
client_fx,#maps/zm_orange/fx8_snowpile_swap
client_fx,#impacts/fx8_bul_impact_default_lg
client_fx,#hash_74e56c28b177827
client_fx,#impacts/fx8_bul_impact_default_sm
client_fx,#fire/fx_fire_ai_human_torso_loop
client_fx,#hash_817de2c83583853
client_fx,#hash_8197ce41f763db3
client_fx,#player/fx_plyr_jump_dust_dirt
client_fx,#hash_86876e41fba07d2
client_fx,#hash_88dadfc0ec8d186
client_fx,#hash_92b7c6ee4581a2b
client_fx,#impacts/fx_bul_impact_pwr_armor_lg
client_fx,#weapon/fx8_shellejects_pistol
client_fx,#fire/fx_fire_ai_human_leg_right_loop
client_fx,#hash_b12af50d1a26758
client_fx,#hash_b182c132d2321d0
client_fx,#hash_b51498f08fa938b
client_fx,#hash_c25bcbc2422f364
client_fx,#fire/fx_fire_ai_human_head_loop
client_fx,#zm_ai/fx8_cata_plasma_blast_tell_torso
client_fx,#weapon/fx8_hero_flamethrower_begin_3p_uw
client_fx,#hash_d2629ebd9cb2c7a
client_fx,#impacts/fx_bul_impact_boss_body_nonfatal_exit
client_fx,#hash_e3577c605255044
client_fx,#impacts/fx_bul_impact_boss_body_nonfatal
client_fx,#zm_ai/fx8_dynamite_zombie_explode
client_fx,#hash_e7b2f03da6be16a
client_fx,#hash_eb0cf9b1e7697fb
client_fx,#hash_eb5ab9bdcb3a4da
client_fx,#hash_fac89dbe551cba2
client_fx,#hash_ffe98ef7723c875
client_fx,#explosions/fx8_exp_grenade_wood
client_fx,#hash_1143213424c72197
client_fx,#impacts/fx8_bul_impact_concrete_sm
client_fx,#impacts/fx8_bul_impact_concrete_lg
client_fx,#impacts/fx8_bul_impact_metal_sm
client_fx,#zm_weapons/fx8_raygun_world_ug_zmb
client_fx,#impacts/fx8_bul_impact_metal_lg
client_fx,#impacts/fx8_bul_impact_blood_head_nonfatal_exit
client_fx,#zm_ai/fx8_cata_cor_aura_locked
client_fx,#hash_13de596da2f1bfe9
client_fx,#weapon/fx8_muz_ar_dmg_1p
client_fx,#weapon/fx8_muz_ar_dmg_3p
client_fx,#zm_ai/fx8_cata_elec_blast
client_fx,#hash_154c2663026efcbb
client_fx,#hash_15abc07b0adaae36
client_fx,#hash_178d9e4ac566deb5
client_fx,#impacts/fx8_bul_impact_gravel_lg
client_fx,#impacts/fx8_bul_impact_gravel_sm
client_fx,#hash_1806470e7079c133
client_fx,#impacts/fx8_bul_impact_blood_limb_zm
client_fx,#tools/fx_null
client_fx,#fire/fx_fire_ai_human_hip_right_loop
client_fx,#zombie/fx_tesla_shock_zmb
client_fx,#hash_19853317668e7ce8
client_fx,#impacts/fx8_bul_impact_robot_head_fatal_exit
client_fx,#zm_weapons/fx8_raygun_impact_zmb
client_fx,#impacts/fx8_bul_impact_thin_metal_xlg
client_fx,#hash_1a06427eff8dfe13
client_fx,#impacts/fx8_bul_impact_robot_body_fatal
client_fx,#hash_1a851c536e1fa878
client_fx,#zm_weapons/fx8_ww_tesla_sniper_bulb_c
client_fx,#zm_weapons/fx8_ww_tesla_sniper_bulb_b
client_fx,#zm_weapons/fx8_ww_tesla_sniper_bulb_a
client_fx,#zm_weapons/fx8_ww_tesla_sniper_bulb_d
client_fx,#zm_weapons/fx8_raygun2_ug_view
client_fx,#impacts/fx_bul_impact_boss_body_fatal
client_fx,#_t6/misc/fx_zombie_bloodspurt
client_fx,#impacts/fx_bul_impact_heavy_head_fatal
client_fx,#hash_1bfd30db8a1d22d8
client_fx,#hash_1bfd31db8a1d248b
client_fx,#hash_1bfd32db8a1d263e
client_fx,#blood/fx8_blood_cam_gib_spray_zm
client_fx,#weapon/fx8_impact_snowball
client_fx,#zombie/fx_tesla_tube_view_zmb
client_fx,#impacts/fx8_bul_impact_dirt_sm
client_fx,#impacts/fx_bul_impact_armor_head_nonfatal
client_fx,#impacts/fx8_bul_impact_dirt_lg
client_fx,#zm_weapons/fx8_raygun_geotrail_ug_zmb
client_fx,#impacts/fx_bul_impact_heavy_head_fatal_exit
client_fx,#hash_1e8cb303d3103833
client_fx,#zombie/fx_blood_torso_explo_zmb
client_fx,#impacts/fx8_bul_impact_glass_xlg
client_fx,#impacts/fx_bul_impact_armor_head_fatal
client_fx,#hash_1f7c9b39945dce24
client_fx,#hash_1f7c9c39945dcfd7
client_fx,#player/fx_plyr_land_dust_xlg
client_fx,#zm_ai/fx8_elec_zombie_sparky_chest
client_fx,#hash_200de2be21c77806
client_fx,#hash_201378189651055d
client_fx,#zm_weapons/fx8_raygun2_ug_impact_flesh
client_fx,#hash_212a4a61f9e7ab9e
client_fx,#hash_21383e5ecbc0a610
client_fx,#hash_2143f8266fe422bc
client_fx,#weapon/fx_hero_arm_blade_death_sparks
client_fx,#impacts/fx_bul_impact_blood_body_fatal
client_fx,#hash_22422ba79bd4eaaa
client_fx,#hash_22bdc8201af7b841
client_fx,#zombie/fx_tesla_shock_eyes_zmb
client_fx,#_t6/trail/fx_trail_blood_streak
client_fx,#hash_247c28b43c001b30
client_fx,#impacts/fx8_bul_impact_robot_body_nonfatal_exit
client_fx,#impacts/fx8_bul_impact_blood_limb_fatal_exit
client_fx,#zm_weapons/fx8_raygun2_view
client_fx,#hash_24fb9f1cba33a365
client_fx,#fire/fx_fire_ai_human_arm_right_loop
client_fx,#impacts/fx_bul_impact_armor_body_fatal
client_fx,#impacts/fx_bul_impact_boss_head_nonfatal_exit
client_fx,#hash_26f4e63105355909
client_fx,#hash_2707d0694a69d6f8
client_fx,#hash_2714b949033af35d
client_fx,#impacts/fx8_bul_impact_metal_xsm
client_fx,#impacts/fx8_bul_impact_metal_xlg
client_fx,#hash_28908b7bf0b56107
client_fx,#hash_28c629868adf79d6
client_fx,#impacts/fx8_bul_impact_robot_body_nonfatal
client_fx,#hash_296775a6f8c86e10
client_fx,#hash_296e81a6f8cea122
client_fx,#impacts/fx_bul_impact_boss_head_nonfatal
client_fx,#hash_299249c1ff22e1c2
client_fx,#hash_29ac72c5aa5398bc
client_fx,#hash_29df8e00a5429cf0
client_fx,#explosions/fx8_exp_grenade_snow
client_fx,#hash_2b3a857498481375
client_fx,#zm_weapons/fx8_raygun2_ug_world
client_fx,#fire/fx_fire_ai_human_leg_left_loop
client_fx,#impacts/fx8_bul_impact_robot_limb_fatal_exit
client_fx,#hash_2e23845e7c53a372
client_fx,#hash_2e23855e7c53a525
client_fx,#hash_2eb3d046c9e26e47
client_fx,#hash_2ec73246ddf52378
client_fx,#zm_weapons/fx8_flamethrower_tornado
client_fx,#impacts/fx_bul_impact_heavy_body_nonfatal_exit
client_fx,#hash_2f7533f7f5b59f7c
client_fx,#zombie/fx_tesla_tube_view3_ug_zmb
client_fx,#hash_306c49d67fca8485
client_fx,#hash_30e4475ecc854c5d
client_fx,#hash_311a865a91014b22
client_fx,#hash_311d4b2d91d2383c
client_fx,#zm_weapons/fx8_flamethrower_wind_blast
client_fx,#hash_31d142c6e5adc4c7
client_fx,#hash_31daf7c9a0b74a01
client_fx,#zombie/fx_tesla_muz_world_zmb
client_fx,#zm_ai/fx8_cata_water_purify
client_fx,#explosions/fx8_exp_grenade_glass
client_fx,#zm_weapons/fx8_raygun_world_zmb
client_fx,#zombie/fx_tesla_muz_ug_view_zmb
client_fx,#impacts/fx8_bul_impact_blood_body_fatal_exit
client_fx,#hash_34131f34b0b6ba88
client_fx,#impacts/fx_bul_impact_heavy_body_nonfatal
client_fx,#hash_34fb31ef6c57f845
client_fx,#hash_3535b98abef63c04
client_fx,#hash_3535ba8abef63db7
client_fx,#hash_3535bb8abef63f6a
client_fx,#impacts/fx8_bul_impact_thin_metal_sm
client_fx,#impacts/fx8_bul_impact_thin_metal_lg
client_fx,#hash_35e2193ab697e2f1
client_fx,#weapon/fx_shellejects_pistol
client_fx,#hash_373e83fd0e778d5d
client_fx,#hash_3784b8ce7aad5d50
client_fx,#impacts/fx_bul_impact_snow_sm
client_fx,#hash_3a3fc955623adaa0
client_fx,#explosions/fx8_exp_grenade_water_surface_deep
client_fx,#hash_3b65f2e4019b78eb
client_fx,#impacts/fx8_bul_impact_blood_head_fatal
client_fx,#hash_3c501ea0c64b9112
client_fx,#hash_3c8de4d7e67d297c
client_fx,#hash_3c9948ab313a6483
client_fx,#zombie/fx_idgun_vortex_explo_zod_zmb
client_fx,#hash_3d01df5e364105b0
client_fx,#hash_3d4d6663770c0e14
client_fx,#hash_3da4857b4b1553dc
client_fx,#hash_3de16b7e3bd7e5ce
client_fx,#impacts/fx8_bul_impact_blood_limb_nonfatal_exit
client_fx,#zm_weapons/fx8_aat_opposite_exp
client_fx,#impacts/fx_bul_impact_armor_body_fatal_exit
client_fx,#impacts/fx8_bul_impact_concrete_xlg
client_fx,#hash_406e48055b40a506
client_fx,#zombie/fx_tesla_electric_bolt_ug_zmb
client_fx,#weapon/fx8_hero_flamethrower_begin_1p_uw
client_fx,#impacts/fx_bul_impact_armor_head_fatal_exit
client_fx,#hash_413874e0c4872ebb
client_fx,#hash_415b461b7420c6d2
client_fx,#hash_4235c8a93c8feae2
client_fx,#hash_424786ecbc7f5672
client_fx,#hash_4310e1cb3f897c7c
client_fx,#hash_43160181273732c9
client_fx,#hash_432cd0cd340f2644
client_fx,#impacts/fx8_bul_impact_blood_body_fatal
client_fx,#hash_434ed0cd342c0caa
client_fx,#impacts/fx8_bul_impact_sand_xlg
client_fx,#hash_4419642343624864
client_fx,#hash_445f04139d92c61b
client_fx,#zm_weapons/fx8_ww_thundergun_impact_zombie
client_fx,#hash_4592dd6248ca5a34
client_fx,#hash_45c853fb6ff73c34
client_fx,#impacts/fx_bul_impact_armor_body_nonfatal
client_fx,#zm_weapons/fx8_music_box_zombie_flame_trail
client_fx,#impacts/fx_bul_impact_heavy_body_fatal_exit
client_fx,#hash_483b6baf03385a7d
client_fx,#zombie/fx_idgun_vortex_ug_zod_zmb
client_fx,#maps/zm_red/fx8_reward_brazier_fire_blue
client_fx,#hash_4973de04558acdb1
client_fx,#zombie/fx_tesla_rail_view_zmb
client_fx,#hash_4ad8388ae3a5e0f7
client_fx,#hash_4b01a67ca7670458
client_fx,#hash_4b4aee8e54600f6e
client_fx,#explosions/fx8_exp_grenade_concrete
client_fx,#zombie/fx_tesla_tube_view_ug_zmb
client_fx,#hash_4bfca9124b4b177e
client_fx,#impacts/fx8_bul_impact_blood_head_fatal_exit
client_fx,#hash_4c24e997afad36e0
client_fx,#zm_weapons/fx8_ww_tesla_sniper_impact_lg
client_fx,#impacts/fx_bul_impact_boss_head_fatal
client_fx,#impacts/fx_bul_impact_robot_body_nonfatal
client_fx,#impacts/fx_bul_impact_heavy_head_nonfatal
client_fx,#hash_4d9c44530d151ef4
client_fx,#hash_4dfe5bc7d0d3b538
client_fx,#hash_4e10aa37133582b3
client_fx,#hash_4e34ae0504eb4cb6
client_fx,#hash_4e3dc7da8f681079
client_fx,#hash_4e40eada8f6a81c9
client_fx,#hash_4e55cdda8f7cac8c
client_fx,#hash_4e7dd6f6f41ead5f
client_fx,#impacts/fx_bul_impact_body_armor_lg
client_fx,#zombie/fx_tesla_impact_default_zmb
client_fx,#hash_4f1f3e18228ac0a0
client_fx,#hash_4f1fd4a87c6562ec
client_fx,#impacts/fx_flesh_hit_knife_zmb
client_fx,#zm_weapons/fx8_raygun2_ug_bolt_emit
client_fx,#hash_50060cdb19653936
client_fx,#hash_505391476800a162
client_fx,#hash_50599e96f376b4fa
client_fx,#hash_50707db4872f56f4
client_fx,#impacts/fx8_bul_impact_blood_limb_nonfatal
client_fx,#impacts/fx_bul_impact_armor_body_nonfatal_exit
client_fx,#hash_51cca4aa04103b43
client_fx,#impacts/fx8_bul_impact_snow_xlg
client_fx,#hash_521b429a109daa06
client_fx,#impacts/fx8_bul_impact_blood_body_nonfatal_exit
client_fx,#hash_52b7a2fb71b00d26
client_fx,#hash_52c22f3d0a38c679
client_fx,#zm_weapons/fx8_flamethrower_wind_blast_3p
client_fx,#player/fx_plyr_footstep_dust_dirt
client_fx,#hash_53953c55bab35a43
client_fx,#impacts/fx8_bul_impact_robot_limb_fatal
client_fx,#zombie/fx_tesla_rail_view_ug_zmb
client_fx,#hash_53e10878cd6a6eef
client_fx,#zm_weapons/fx8_raygun2_world
client_fx,#hash_545cbbbdd512de77
client_fx,#impacts/fx8_bul_impact_blood_limb_fatal
client_fx,#_t6/misc/fx_zombie_bloodsplat
client_fx,#zombie/fx_tesla_tube_view3_zmb
client_fx,#impacts/fx8_bul_impact_blood_body_nonfatal_zm
client_fx,#hash_5549637de48b4ff5
client_fx,#impacts/fx8_knife_impact_bone
client_fx,#impacts/fx8_bul_impact_wood_xlg
client_fx,#hash_55efa71212ad7d38
client_fx,#explosions/fx8_exp_grenade_sand
client_fx,#hash_56bc7cb424f56060
client_fx,#weapon/fx8_hero_flamethrower_tip_3p
client_fx,#weapon/fx8_hero_flamethrower_tip_1p
client_fx,#hash_57034716c105e41e
client_fx,#zm_weapons/fx8_raygun2_ug_impact
client_fx,#impacts/fx_bul_impact_heavy_body_fatal
client_fx,#zm_ai/fx8_zombie_eye_glow_red
client_fx,#weapon/fx_muz_sm_pistol_3p
client_fx,#weapon/fx_muz_sm_pistol_1p
client_fx,#hash_58c25eabf156f81c
client_fx,#hash_58c3f4e29e8a3e5f
client_fx,#hash_58c964b815e4f69e
client_fx,#hash_58c96eb815e5079c
client_fx,#hash_59422cff58693587
client_fx,#hash_5959ee9eff7b2eac
client_fx,#hash_59977c4c851916e0
client_fx,#hash_59aecf7aa57ec0a3
client_fx,#hash_59c49f21e6675534
client_fx,#zombie/fx_tesla_tube_view2_zmb
client_fx,#explosions/fx8_exp_grenade_mud
client_fx,#impacts/fx8_bul_impact_mud_lg
client_fx,#impacts/fx8_bul_impact_mud_sm
client_fx,#weapon/fx8_trail_snowball
client_fx,#hash_5bf083685a5e7603
client_fx,#hash_5c34950b50177c19
client_fx,#impacts/fx8_bul_impact_gravel_xlg
client_fx,#hash_5c3f19c86e73864c
client_fx,#hash_5c4625c86e79b95e
client_fx,#zm_weapons/fx8_flamethrower_tornado_muz
client_fx,#weapon/fx8_hero_flamethrower_end_3p
client_fx,#impacts/fx8_bul_impact_water_sm
client_fx,#hash_5dc98de3d0339855
client_fx,#hash_5de4a57cb2a33be7
client_fx,#impacts/fx8_bul_impact_water_lg
client_fx,#impacts/fx_bul_impact_armor_head_nonfatal_exit
client_fx,#zm_weapons/fx8_music_box_open_world
client_fx,#weapon/fx8_trail_grenade
client_fx,#hash_602f075818a2fb2e
client_fx,#impacts/fx8_bul_impact_robot_head_nonfatal_exit
client_fx,#_t6/impacts/fx_flesh_hit
client_fx,#hash_6144e721b78e74a4
client_fx,#hash_61b9b9ada5bb46b1
client_fx,#weapon/fx8_muz_sm_pistol_3p
client_fx,#weapon/fx8_muz_sm_pistol_1p
client_fx,#impacts/fx8_bul_impact_mud_xlg
client_fx,#player/fx_plyr_jump_dust
client_fx,#fire/fx_fire_ai_human_hip_left_loop
client_fx,#hash_62cd02e76c0d3da0
client_fx,#impacts/fx8_bul_impact_glass_sm
client_fx,#impacts/fx8_bul_impact_glass_lg
client_fx,#impacts/fx8_bul_impact_snow_lg
client_fx,#impacts/fx8_bul_impact_snow_sm
client_fx,#impacts/fx8_bul_impact_dirt_xlg
client_fx,#hash_636c8abf0f7d5df9
client_fx,#impacts/fx8_bul_impact_blood_body_nonfatal
client_fx,#zm_weapons/fx8_raygun_geotrail_zmb
client_fx,#hash_64926fc53b8a66e6
client_fx,#impacts/fx_bul_impact_boss_body_fatal_exit
client_fx,#hash_64be6c1537ad552e
client_fx,#zm_weapons/fx8_raygun2_impact
client_fx,#zombie/fx_tesla_muz_ug_world_zmb
client_fx,#zm_ai/fx8_elec_zombie_blast_area
client_fx,#impacts/fx8_bul_impact_wood_sm
client_fx,#hash_65ba6b5b8441c1ac
client_fx,#impacts/fx8_bul_impact_wood_lg
client_fx,#hash_663ffaff4cb77cd5
client_fx,#zombie/fx_tesla_electric_bolt_zmb
client_fx,#zm_ai/fx8_cata_cor_aura
client_fx,#hash_6910f1de979f539f
client_fx,#impacts/fx8_bul_impact_blood_corpse_nonfatal
client_fx,#impacts/fx_bul_impact_blood_head_fatal
client_fx,#hash_69af1783a31b44f7
client_fx,#hash_69d304e57f071de7
client_fx,#hash_6a7814ea95adc086
client_fx,#zm_weapons/fx8_raygun_impact_ug_zmb
client_fx,#explosions/fx8_exp_grenade_dirt
client_fx,#hash_6b459e4a646f7bae
client_fx,#hash_6b577cb8373ca5b7
client_fx,#zm_weapons/fx8_raygun_view_ug_zmb
client_fx,#weapon/fx8_hero_flamethrower_begin_3p
client_fx,#weapon/fx8_hero_flamethrower_begin_1p
client_fx,#hash_6c9cae16e1810cf2
client_fx,#hash_6ce02086fc656138
client_fx,#hash_6d07b466bf8f6ecd
client_fx,#hash_6d51d7c934576ac8
client_fx,#hash_6e05ede771d9fb16
client_fx,#impacts/fx8_knife_impact_blood
client_fx,#hash_6e486947534fa228
client_fx,#hash_6e486a47534fa3db
client_fx,#hash_6ecef2377e01d48d
client_fx,#player/fx_plyr_land_dust_dirt_xlg
client_fx,#hash_6f5dab3bf1409cdb
client_fx,#zm_weapons/fx8_raygun_view_zmb
client_fx,#impacts/fx8_bul_impact_robot_head_nonfatal
client_fx,#hash_709cca7d0048aa72
client_fx,#impacts/fx8_bul_impact_sand_lg
client_fx,#hash_70f0169b86a98ce1
client_fx,#impacts/fx8_bul_impact_sand_sm
client_fx,#hash_71750fc23a05acdb
client_fx,#hash_718e5941401fb581
client_fx,#hash_71e5e40c76a09b21
client_fx,#hash_72434c8ee049e010
client_fx,#zm_ai/fx8_cata_plasma_blast_tell_head
client_fx,#hash_7249b8c6a93aa3a3
client_fx,#hash_7282363a66bd14e2
client_fx,#impacts/fx8_bul_impact_robot_limb_nonfatal_exit
client_fx,#impacts/fx8_bul_impact_blood_body_fatal_zm
client_fx,#zm_weapons/fx8_aat_elec_torso
client_fx,#zombie/fx_tesla_muz_view_zmb
client_fx,#fire/fx_fire_ai_human_arm_left_loop
client_fx,#impacts/fx_bul_impact_boss_head_fatal_exit
client_fx,#hash_73e8d2cf76175901
client_fx,#player/fx_plyr_footstep_dust
client_fx,#zombie/fx_idgun_vortex_zod_zmb
client_fx,#zombie/fx_idgun_vortex_explo_ug_zod_zmb
client_fx,#hash_74ea4245b0e1646d
client_fx,#hash_74f12e45b0e7611f
client_fx,#hash_751b9a4bf53bfb69
client_fx,#hash_75215ea3c21f31d3
client_fx,#hash_758eeb6bda18f834
client_fx,#hash_7617d177b746e9bd
client_fx,#hash_7665ecbd288a84d7
client_fx,#hash_7677e82b27eada6f
client_fx,#hash_77964e1811bb9a67
client_fx,#zombie/fx_tesla_tube_view2_ug_zmb
client_fx,#hash_779eebf7aed3f4c0
client_fx,#explosions/fx8_exp_grenade_metal
client_fx,#zombie/fx_val_chest_burst
client_fx,#hash_7aa749f5bbcbbed8
client_fx,#zm_ai/fx8_cata_plasma_blast
client_fx,#hash_7af6b9564f0fbeca
client_fx,#hash_7af8fa2d13abeeb1
client_fx,#explosions/fx8_exp_grenade_water
client_fx,#hash_7b7f624c951e1e67
client_fx,#hash_7b951deec27b35c1
client_fx,#hash_7ba4c51d3e9f68e8
client_fx,#hash_7bc870fe157ed363
client_fx,#hash_7bd6bc3aea3ff42f
client_fx,#zm_weapons/fx8_raygun2_impact_flesh
client_fx,#hash_7c691daae559aac8
client_fx,#impacts/fx8_bul_impact_robot_body_fatal_exit
client_fx,#hash_7cb4e6e4ffb7bc9c
client_fx,#hash_7cdf08df557a9b3f
client_fx,#weapon/fx8_hero_flamethrower_blocked
client_fx,#hash_7d36c353ea2640ad
client_fx,#hash_7d5dc4d5626c1c97
client_fx,#hash_7d69ee9822b45157
client_fx,#hash_7df2dbfda69b0792
client_fx,#hash_7e81552f8ec00831
client_fx,#maps/zm_white/fx8_monkey_bomb_reveal
client_fx,#hash_7f06ff79a0d6ce1a
client_fx,#impacts/fx_bul_impact_robot_head_nonfatal
client_fx,#impacts/fx8_bul_impact_robot_head_fatal
client_fx,#hash_7f7ec340b96e5096
client_tagfxset,#weapon_katana_smoke_3p
client_tagfxset,#weapon_katana_zmb_smoke_3p
client_lui_elem_uid,#full_screen_movie