type,name
vehicle,#hash_2ff4ca6a9e3e7b04
vehicle,#hash_2ff4cd6a9e3e801d
model,#wpn_t7_zmb_knife_bowie_view
model,#hash_2954c74faf399f0
model,#p8_zm_off_vodka_bottle_a
model,#c_t8_zmb_ofc_quadcrawler_head
model,#p8_zm_off_portrait_richtofen
model,#wpn_t8_zm_pistol_webly_view
model,#c_t8_zmb_ofc_zombie_male_body1_g_rarmoff
model,#hash_544ef689a3e4896
model,#c_t8_zmb_3rdclass_male_body1_g_rlegoff
model,#wpn_t7_zmb_dlc2_shield_dmg02_world
model,#p7_debris_trash_paperbag_01_brown_wet
model,#wpn_t8_zm_talon_spikes_dw_view
model,#wpn_t8_zm_melee_katana_lvl3_view
model,#wpn_t8_zm_flamethrower_view
model,#hash_6db3dde314ca084
model,#p8_zm_off_console_control_mid_02
model,#p8_zm_off_console_control_mid_01
model,#p7_zm_der_trap_control_handle
model,#hash_7d0140775216c4e
model,#p7_wes_cell_jail_rustic_section
model,#fx_char_gib_chunk_meat01
model,#c_t8_default_character_fb
model,#c_t8_zmb_ofc_hero_nikolai_body1
model,#p7_zm_tra_light_fixture
model,#p8_news_ren_cigarette
model,#c_t8_zmb_3rdclass_male_body3_s_lleg
model,#p8_fxp_fluid_tendril_2_water
model,#p8_zm_off_monitor_security_screen_logo
model,#p7_zm_der_magic_box_fake
model,#p8_fxanim_zm_perk_vending_tonic_mod
model,#wpn_t8_zm_freeze_gun_view
model,#c_zom_der_nikolai_mpc_fb
model,#p8_zm_off_monitor_security_screen_warroom
model,#p7_book_office_lrg_red
model,#p8_fxp_fluid_splash_mud
model,#p8_zm_zod_pap_plinth_sequence_earth
model,#p8_zm_esc_chalk_buy_pistol_standard
model,#hash_e43f4935c824b9a
model,#p8_zm_esc_chalk_buy_ar_modular
model,#p8_zm_esc_perk_vending_soda
model,#wpn_t7_zmb_zod_rocket_shield_tank_parts
model,#wpn_t8_zm_raygun_mk2_view_green
model,#hash_f59c09035d3dc98
model,#fx_rifle_shell
model,#c_t8_zmb_ofc_zombie_male_body3_g_larmoff
model,#p7_zm_teddybear
model,#p8_fxanim_zm_zod_wormhole_mod
model,#hash_10c4ac12157186cc
model,#wpn_t7_zmb_knife_bowie_world
model,#p8_zm_off_monitor_security_screen_v2_static
model,#hash_11e85f735c70dc33
model,#c_t8_zmb_3rdclass_male_body2_g_larmoff
model,#zm_office_debris_groom_lake_med
model,#c_t8_zmb_ofc_quadcrawler_s_larmspawn
model,#c_t8_zmb_catalyst_fire_lfoot_gib
model,#p8_zm_esc_light_mounted_cage
model,#c_t8_zmb_catalyst_fire_rarm_gib
model,#c_t8_zmb_ofc_zombie_male_body3_g_llegoff
model,#c_t8_zmb_3rdclass_male_body3_s_rleg
model,#wpn_t8_zm_melee_katana_lvl1_world
model,#c_t8_zmb_ofc_zombie_male_body1_g_blegsoff
model,#p8_zm_off_sign_defcon_02
model,#p8_zm_off_sign_defcon_03
model,#p8_zm_off_sign_defcon_01
model,#p8_zm_off_sign_defcon_04
model,#p8_zm_off_sign_defcon_05
model,#p8_zm_off_chalk_buy_smg_drum_pistol
model,#c_zom_der_richtofen_mpc_fb
model,#p7_wes_door_cell_jail_rustic
model,#wpn_t7_zmb_dlc2_shield_dmg02_view
model,#c_zom_der_dempsey_mpc_fb
model,#viewmodel_hands_no_model
model,#p8_fxanim_zm_office_glass_barrier
model,#p7_book_vintage_02_burn
model,#wpn_t8_zm_battle_shield_gun_view
model,#p8_zm_esc_light_mounted_bulb
model,#zm_office_debris_02
model,#zm_office_debris_01
model,#c_t8_zmb_mob_hero_richtofen_head1
model,#c_t8_zmb_mob_hero_nikolai_body1_igc
model,#p7_medical_cot
model,#p8_zm_off_sidehall_picture_plaque_a
model,#p8_zm_off_trap_switch_light_green_on
model,#wpn_zmb_dlc1_talon_spikes_prop
model,#c_t8_zmb_ofc_zombie_male_body3_g_upclean
model,#c_t8_zmb_ofc_quadcrawler_g_rarmoff
model,#p8_fxp_zm_cin_portal_loop_office
model,#p8_zm_esc_chalk_buy_tr_powersemi
model,#p7_zm_kin_console_electric
model,#hash_1e3030cf0f44daee
model,#hash_1e63327c4362a5e0
model,#c_t8_zmb_ofc_zombie_male_body1_g_lowclean
model,#fx_char_gib_chunk_flesh02
model,#fx_char_gib_chunk_flesh03
model,#p8_fxanim_zm_office_vent_barrier
model,#tag_origin_animate
model,#c_t8_zmb_ofc_zombie_male_body2
model,#c_t8_zmb_ofc_zombie_male_body3
model,#c_t8_zmb_ofc_zombie_male_body1
model,#wpn_t8_zm_raygun_view
model,#p8_zm_esc_chalk_buy_smg_fastfire
model,#p7_mou_electrical_panel_pane_02
model,#c_t8_zmb_ofc_quadcrawler_g_larmoff
model,#p7_books_office_row_02
model,#p8_zm_wall_buy_symbol_01_top
model,#p8_zm_off_recorder_vintage_reel_unique
model,#c_t8_zmb_3rdclass_male_body1_g_upclean
model,#wpn_t8_zm_battle_shield_buckler_world
model,#p8_zm_esc_chalk_buy_ar_fastfire
model,#c_t8_zmb_ofc_zombie_male_body1_g_rlegoff
model,#wpn_t8_zm_minigun_view
model,#p8_col_table_chem_lab_turret_02
model,#p8_col_table_chem_lab_turret_01
model,#wpn_t8_zm_monkey_bomb_view
model,#c_t8_zmb_ofc_zombie_male_body1_g_llegoff
model,#c_t8_zmb_3rdclass_male_head4
model,#c_t8_zmb_3rdclass_male_head1
model,#c_t8_zmb_3rdclass_male_head2
model,#c_t8_zmb_3rdclass_male_head3
model,#p8_fxp_fluid_splash_blood
model,#hash_2557a3a823927a37
model,#wpn_t8_zm_minigun_world
model,#p8_fxanim_zm_office_wall_barrier
model,#hash_262a390a488924a7
model,#hash_262a3a0a4889265a
model,#hash_262a3b0a4889280d
model,#hash_265f4b82dea4347d
model,#c_t8_zmb_ofc_zombie_male_body1_g_upclean
model,#p8_zm_off_trap_switch_light_red_on
model,#wpn_t8_zm_freeze_gun_world
model,#p7_rus_bookshelf_metal_door
model,#p7_wes_cell_jail_rustic_corner_02
model,#p7_wes_cell_jail_rustic_corner_01
model,#p7_box_copy_paper
model,#hash_28a1dfde56d83488
model,#hash_292545c9a8c87716
model,#p8_zm_off_lab_double_door_right
model,#c_t8_zmb_3rdclass_male_body3_s_larm
model,#p7_debris_rockychunks_small_01
model,#p7_debris_rockychunks_small_12
model,#p8_zm_esc_chalk_buy_ar_stealth
model,#c_t8_zmb_mob_hero_dempsey_head1
model,#wpn_t8_zm_melee_katana_lvl3_world
model,#c_t8_zmb_mob_hero_takeo_head1
model,#fx_debris_stone_01
model,#wpn_t8_zm_battle_shield_gun_world
model,#c_t8_zmb_ofc_hero_dempsey_head1
model,#c_t8_zmb_ofc_quadcrawler_g_rlegoff
model,#p8_zm_off_teleporter_icons_warroom
model,#wpn_t7_zmb_dlc2_shield_dmg01_view
model,#fx_axis_createfx
model,#hash_2f34fae3a371a0c4
model,#p7_gib_chunk_fat
model,#p7_fxanim_gp_wire_sparking_ground_01_mod
model,#c_t8_zmb_ofc_quadcrawler_g_lowclean
model,#p8_rock_vsq_med_01
model,#p8_zm_barricade_board_collision
model,#hash_304db623dbc8862c
model,#p8_zm_off_monitor_security_screen_lobby_01
model,#p8_zm_off_monitor_security_screen_lobby_02
model,#p8_zm_off_monitor_security_screen_lobby_03
model,#wpn_t8_zm_flamethrower_world
model,#hash_30be0b44d2377acb
model,#p8_zm_off_phone_vintage_red
model,#p7_slu_panel_electrical_04_lid_01
model,#c_t8_zmb_3rdclass_male_body1_g_blegsoff
model,#p8_zm_off_monitor_security_screen_v2_1
model,#hash_3265c9cbb1ef6c23
model,#p8_zm_zod_ice_crystalline_01
model,#hash_32df4e9eb3057161
model,#c_t8_zmb_3rdclass_male_body1_g_lowclean
model,#p8_zm_off_num_machine_light_off
model,#p8_zm_off_monitor_security_screen_lobby
model,#p8_zm_off_portrait_nikolai_silhouette
model,#p7_rus_box_cardboard_03
model,#p7_rus_box_cardboard_07
model,#hash_340f916a83e92c9d
model,#zm_office_debris_groom_lake_med_clip
model,#c_t8_zmb_catalyst_fire_larm_gib
model,#p7_lab_chemistry_set_beaker
model,#p7_zm_moo_gate_teleporter_ctr
model,#hash_358c4704f3fe4d13
model,#p8_zm_off_teleporter_icons_packapunch
model,#zm_office_debris_groom_lake_med_b
model,#hash_36336eacb09df6bf
model,#wpn_t8_zm_pistol_webly_world
model,#c_t8_zmb_ofc_zombie_male_s_rlegoff
model,#p7_zm_vending_packapunch_on
model,#p8_col_table_chem_lab_faucet
model,#hash_3776d8701c811f43
model,#p8_fxp_fluid_droplet_blood
model,#c_t8_zmb_catalyst_fire_rfoot_gib
model,#hash_38713c0f45862c8d
model,#p8_zm_esc_perk_vending_brew
model,#c_t8_zmb_ofc_zombie_male_body1_g_larmoff
model,#wpn_t8_sig_battle_shield_gun_world
model,#p7_fxanim_gp_wire_sparking_xlong_thick_mod
model,#p8_zm_esc_perk_vending_cola
model,#p7_slu_panel_electrical_02_base_full
model,#c_t8_zmb_ofc_hero_richtofen_head1
model,#p8_zm_off_monitor_security_screen_v2
model,#p8_zm_off_teleporter_icons_lab
model,#p8_zm_off_monitor_security_screen_on
model,#c_t8_zmb_mob_hero_takeo_body1_igc
model,#c_t8_zmb_ofc_zombie_male_body2_g_upclean
model,#hash_3ad338210ce3daba
model,#wpn_t7_zmb_dlc2_shield_dmg01_world
model,#hash_3b3e42b414c91f19
model,#p8_zm_off_photos_04
model,#p8_zm_off_photos_01
model,#p8_zm_off_portrait_nikolai
model,#hash_3c0a9d509e381646
model,#hash_3c314527c16c1a76
model,#c_t8_zmb_ofc_zombie_male_s_rarmoff
model,#p7_gib_chunk_flesh_01
model,#p7_gib_chunk_flesh_03
model,#p7_gib_chunk_flesh_02
model,#c_t8_zmb_ofc_zombie_male_body2_g_rlegoff
model,#p8_zm_off_elevator
model,#c_t8_zmb_3rdclass_male_body2
model,#c_t8_zmb_3rdclass_male_body1
model,#p7_toolbox_handheld_small_red
model,#p8_zm_esc_chalk_buy_tr_leveraction
model,#p8_zm_off_sidehall_picture_portrait_hamilton_a
model,#p8_fxp_fluid_tendril_1_water
model,#hash_3e6ca31c99c41a9c
model,#p8_zm_off_monitor_security_03
model,#wpn_t7_zmb_dlc2_shield_view
model,#p8_zm_off_trap_switch_light
model,#wpn_t8_zm_flamethrower_lvl2_world
model,#hash_3fcb839dd299546a
model,#p8_zm_off_supplies_desk_tape
model,#hash_402965c7de759c1b
model,#wpn_t8_zm_talon_spikes_dw_world
model,#p8_fxanim_zm_off_president_plaque_hidden
model,#p7_cup_coffee_paper
model,#p7_lab_chemistry_set_microscope
model,#hash_40b3d29d64d4db21
model,#p7_gib_chunk_bone_01
model,#p7_gib_chunk_bone_03
model,#p7_gib_chunk_bone_02
model,#p8_fxanim_zm_perk_vending_soda_mod
model,#wpn_t8_zm_flamethrower_lvl3_world
model,#c_t8_zmb_3rdclass_male_body3_s_rarm
model,#p7_zm_vending_packapunch_weapon
model,#hash_4226d258d53bdd4f
model,#veh_t7_mil_apc
model,#p8_zm_off_blueprint_02
model,#p8_zm_off_blueprint_01
model,#p8_zm_esc_chalk_buy_pistol_burst_zm
model,#c_t8_zmb_ofc_hero_takeo_head1
model,#c_t8_zmb_ofc_hero_nikolai_head1_igc
model,#p7_zm_asc_chemistry_bottle
model,#wpn_t8_zm_freeze_gun_world_upgraded
model,#p8_zm_off_recorder_vintage_reel
model,#p8_zm_esc_shield_blue_print_01
model,#c_t8_zmb_ofc_quadcrawler_s_llegspawn
model,#zm_office_debris_groom_lake_med_b_clip
model,#wpn_t8_sig_battle_shield_gun_view
model,#p8_zm_off_teleporter_together
model,#hash_450cd1a7670f5fb7
model,#c_t8_zmb_catalyst_fire_lleg_gib
model,#p8_zm_esc_chalk_buy_shotgun_trenchgun
model,#p8_zm_off_monitor_security_screen_warroom_01
model,#p8_zm_off_monitor_security_screen_warroom_03
model,#p8_zm_off_monitor_security_screen_warroom_02
model,#p7_zm_vending_packapunch_sign_wait
model,#c_t8_zmb_ofc_hero_nikolai_head1
model,#c_t8_zmb_3rdclass_male_body2_g_upclean
model,#hash_46b06f58b78973e4
model,#c_zom_der_takeo_mpc_fb
model,#p8_zm_off_door_wood
model,#c_t8_zmb_ofc_zombie_male_body2_g_loclean
model,#wpn_t8_zm_talon_spikes_world
model,#p8_zm_esc_chalk_buy_ar_accurate
model,#p8_zm_off_teleporter_center
model,#hash_49acbcd9fa14a608
model,#c_t8_zmb_ofc_zombie_male_body3_g_lowclean
model,#fx_pistol_shell_blur
model,#p8_zm_off_lab_double_door_left
model,#c_t8_zmb_ofc_quadcrawler_s_rarmspawn
model,#p8_zm_off_sidehall_picture_portrait_lincoln_a
model,#hash_4a4f48547f13a0f1
model,#hash_4a9a34547f536a6f
model,#p7_debris_trash_snack_bag_07
model,#wpn_t8_zm_raygun_upg_view
model,#p7_fxp_debris_dirt_clod_01_brown
model,#wpn_t8_zm_raygun_mk2_world_green
model,#fx_char_gib_chunk_bone02
model,#fx_char_gib_chunk_bone03
model,#fx_char_gib_chunk_bone01
model,#p7_zm_kin_cabinet_storage_door_rt
model,#wpn_t8_zm_freeze_gun_view_upgraded
model,#p8_zm_wall_buy_symbol_01
model,#p7_zm_kin_cabinet_storage_door_lt
model,#c_t8_zmb_3rdclass_male_body1_g_larmoff
model,#p8_zm_off_jfk_wall_trim_fancy_b_x8
model,#p7_book_vintage_open_02_burn
model,#p8_zm_off_metal_detector_generator_door
model,#hash_4fe44abfd55f4b2b
model,#p8_zm_off_serverdoor_r
model,#p8_zm_off_serverdoor_l
model,#c_t8_zmb_ofc_quadcrawler_g_llegoff
model,#c_t8_zmb_ofc_zombie_male_head5b
model,#wpn_t8_zm_raygun_mk2_world_red
model,#p8_zm_off_sidehall_picture_frame_a
model,#p8_zm_off_teleporter_plug_output
model,#c_t8_zmb_3rdclass_male_body1_split
model,#p8_zm_esc_chalk_buy_smg_standard
model,#hash_511638854c2cd007
model,#p7_book_vintage_02
model,#p8_zm_off_chalk_buy_sniper_quickscope_t8
model,#p7_fxanim_gp_wire_sparking_xsml_mod
model,#p8_zm_off_projector_screen
model,#p8_fxanim_zm_perk_vending_brew_mod
model,#p8_fxanim_zm_off_boardroom_screen
model,#p8_zm_off_teleporter_outer
model,#p7_zm_der_magic_box_fake_trunk
model,#wpn_t8_zm_raygun_world
model,#p8_zm_off_caution_tape_a
model,#p8_zm_off_caution_tape_b
model,#p8_zm_off_caution_tape_f
model,#wpn_t8_zm_minigun_projectile
model,#c_t8_zmb_3rdclass_male_body1_g_llegoff
model,#hash_55ece259f3e2a5ed
model,#wpn_t8_zm_battle_shield_buckler_view
model,#hash_561bce59f409f4b3
model,#p8_zm_off_chalk_buy_knife_bowie_story_1
model,#c_t8_zmb_ofc_quadcrawler_g_upclean
model,#c_t8_zmb_ofc_quadcrawler_g_blegsoff
model,#fx_bullet_chain
model,#c_t8_zmb_catalyst_fire_head_gib
model,#p7_zm_asc_light_cage_warning_red
model,#hash_576670c66c06596a
model,#c_t8_zmb_ofc_hero_takeo_body1_igc
model,#c_t8_zmb_mob_hero_dempsey_body1_igc
model,#p7_book_vintage_03_burn
model,#p7_cup_coffee_mug
model,#p7_zm_der_magic_box
model,#c_t8_zmb_ofc_zombie_male_body3_g_rarmoff
model,#p8_zm_off_num_machine_light_on_green
model,#c_t8_zmb_ofc_quadcrawler_g_behead
model,#wpn_t8_zm_flamethrower_lvl2_view
model,#p8_zm_off_pig_animated
model,#c_t8_zmb_ofc_zombie_male_body2_g_llegoff
model,#c_t8_zmb_ofc_zombie_male_body3_g_rlegoff
model,#p7_book_vintage_open_01
model,#wpn_t8_zm_melee_katana_lvl2_view
model,#hash_5a9a1ee2f0076cde
model,#p8_zm_esc_chalk_buy_lmg_standard
model,#p7_cigarette_pack_02
model,#hash_5b117575e170cb46
model,#viewmodel_default
model,#wpn_t8_zm_talon_spikes_view
model,#p7_gib_chunk_meat_01
model,#p7_gib_chunk_meat_02
model,#p7_gib_chunk_meat_03
model,#wpn_t8_zm_melee_katana_lvl1_view
model,#p8_zm_off_paper_stack_01
model,#p8_zm_off_paper_stack_02
model,#p7_wes_cell_jail_rustic_door_frame
model,#p8_zm_off_teleporter_icons_offices
model,#c_t8_zmb_3rdclass_male_body1_g_rarmoff
model,#p8_zm_off_console_standing_03
model,#hash_5ffd2ca5155c8e2a
model,#c_t8_zmb_catalyst_fire_rleg_gib
model,#wpn_t8_zm_raygun_mk2_view_red
model,#p8_fxp_fluid_droplet_mud
model,#p7_fxp_debris_rock_01
model,#p7_fxp_debris_rock_02
model,#p7_fxp_debris_rock_03
model,#p8_zm_esc_chalk_buy_shotgun_pump
model,#p7_zm_asc_box_electrical_04
model,#p7_fxp_debris_car_glass_shatter_02
model,#p7_fxp_debris_car_glass_shatter_03
model,#p7_fxp_debris_car_glass_shatter_01
model,#p7_fxp_debris_wood_splinter_02
model,#p7_fxp_debris_wood_splinter_03
model,#p7_fxp_debris_wood_splinter_01
model,#fx_pistol_shell
model,#wpn_t8_zm_battle_shield_turret_view
model,#c_t8_zmb_ofc_zombie_male_s_larmoff
model,#p8_fxanim_zm_office_code_mech
model,#wpn_t7_shield_riot_world
model,#c_t8_zmb_3rdclass_male_body2_g_rarmoff
model,#p7_fir_air_conditioner_base_dmg
model,#p8_col_table_chem_lab_full
model,#p8_fxp_fluid_droplet_water
model,#p8_zm_off_teleporter_cables_hanging_01
model,#p8_zm_zod_pap_plinth_sequence_air
model,#wpn_t8_zm_melee_katana_lvl2_world
model,#c_t8_default_character_head
model,#p7_zm_zod_nitrous_tank
model,#tag_flash
model,#wpn_t7_zmb_zod_rocket_shield_eagle
model,#p8_zm_esc_light_mounted_socket_full
model,#c_t8_zmb_ofc_zombie_male_body2_g_rarmoff
model,#c_zom_der_hellhound_fb
model,#c_t8_zmb_mob_hero_nikolai_head1_igc
model,#p7_box_copy_paper_sheet
model,#p8_zm_zod_pap_plinth_sequence_fire
model,#p7_zm_kin_desk_wood_drawer
model,#p7_zm_tra_power_panel_lever
model,#p8_zm_off_door_wood_jfk
model,#p8_zm_off_barricade_caution_tapes
model,#p8_zm_esc_perk_vending_tonic
model,#p8_zm_barricade_board_bare_06
model,#p8_zm_barricade_board_bare_04
model,#p8_zm_barricade_board_bare_05
model,#p8_zm_barricade_board_bare_02
model,#p8_zm_barricade_board_bare_03
model,#p8_zm_barricade_board_bare_01
model,#wpn_t8_zm_monkey_bomb_world
model,#p8_zm_esc_chalk_buy_smg_handling
model,#defaultweapon
model,#p8_office_papers_manilla_folder_blue
model,#zm_office_debris_roll_door_xmodel
model,#c_t8_zmb_3rdclass_male_body1_g_behead
model,#p8_fxp_zm_magicbox_glow_top
model,#hash_6d92479c54499470
model,#hash_6da64b9c545a4446
model,#tag_origin
model,#c_t8_zmb_ofc_quadcrawler_body
model,#c_t8_zmb_ofc_hero_nikolai_body1_igc
model,#p8_fire_extinguisher_01
model,#p8_zm_off_monitor_security_screen_labs_02
model,#p8_zm_off_monitor_security_screen_labs_03
model,#p8_zm_off_monitor_security_screen_labs_01
model,#p8_zm_off_punch_card_a
model,#p8_zm_off_trap_switch_handle
model,#c_t8_zmb_ofc_zombie_male_s_llegoff
model,#p8_zm_off_monitor_security_screen_sale_01
model,#p8_zm_off_monitor_security_screen_sale_02
model,#p8_zm_off_teleporter_icons_jfk
model,#p8_zm_off_monitor_security_screen_off
model,#p8_fire_extinguisher_01_dmg_01
model,#p7_fxp_debris_newspaper_02
model,#p7_fxp_debris_newspaper_03
model,#p7_fxp_debris_newspaper_01
model,#p8_fxanim_zm_perk_vending_cola_mod
model,#c_t8_zmb_ofc_hero_dempsey_body1_igc
model,#hash_732329d71c5d533a
model,#wpn_t8_zm_raygun_upg_world
model,#p7_zm_moo_gate_teleporter_inner
model,#p7_office_paper_stack_sml
model,#hash_73f4183c28161af3
model,#p8_zm_off_manila_folders_03
model,#p8_zm_off_manila_folders_02
model,#p8_zm_off_manila_folders_01
model,#p8_zm_off_console_standing_02_small
model,#p8_zm_wall_buy_symbol_01_middle
model,#p7_mou_coffee_carafe
model,#hash_75bcfb8fca4999a4
model,#wpn_t8_zm_battle_shield_turret_world
model,#p7_zm_der2_vending_packapunch_sign_wait
model,#c_t8_zmb_catalyst_fire_rhand_gib
model,#hash_76c8aeaa3228625d
model,#p8_zm_off_plaque_seal_pres
model,#c_t8_zmb_ofc_hero_richtofen_body1_igc
model,#hash_77a638834c2f1e9c
model,#p8_zm_off_num_machine_light_on_red
model,#p8_zm_zod_pap_plinth_sequence_water
model,#wpn_t8_zm_flamethrower_lvl3_view
model,#c_t8_zmb_ofc_zombie_male_body2_g_larmoff
model,#p7_slu_panel_electrical_02_base_pipe
model,#p8_zm_off_jfk_wall_trim_fancy_a
model,#c_t8_zmb_ofc_zombie_male_head4
model,#c_t8_zmb_ofc_zombie_male_head5
model,#c_t8_zmb_ofc_zombie_male_head6
model,#c_t8_zmb_ofc_zombie_male_head1
model,#c_t8_zmb_ofc_zombie_male_head2
model,#c_t8_zmb_ofc_zombie_male_head3
model,#p8_fxanim_zm_off_console_standing_03_open
model,#hash_79e17a3ea30eec16
model,#p8_zm_off_monitor_security_screen_labs
model,#p7_zm_der_trap_control_box
model,#c_t8_zmb_ofc_zombie_male_body3_g_blegsoff
model,#wpn_t7_zmb_zod_rocket_shield_window
model,#p8_zm_off_jfk_wall_trim_fancy_b_x16
model,#p8_zm_off_portrait_richtofen_silhouette
model,#p7_zm_moo_gate_teleporter_outer
model,#p7_zm_vending_packapunch
model,#p7_office_paper_sheet_10
model,#p7_office_paper_sheet_12
model,#p7_office_paper_sheet_09
model,#p7_office_paper_sheet_08
model,#p7_office_paper_sheet_03
model,#p7_office_paper_sheet_02
model,#hash_7de94f2c812ace80
model,#p8_zm_nuk_debris_wood_pile_splinter_burnt
model,#c_t8_zmb_3rdclass_male_body2_split
model,#c_t8_zmb_ofc_quadcrawler_s_rlegspawn
model,#fx_rifle_shell_blur
model,#p8_zm_esc_wood_splintered
aitype,#$default_aitype
aitype,#spawner_zm_dog
aitype,#spawner_zm_nova_crawler
aitype,#spawner_zm_zombie
aitype,#spawner_zm_zombie_office
character,#c_t8_zmb_mob_hero_dempsey1_igc
character,#c_usa_dempsey_zm
character,#c_t8_zmb_ofc_hero_dempsey1_igc
character,#c_t8_zmb_ofc_hero_nikolai1_igc
character,#c_t8_zmb_ofc_hero_richtofen1_igc
character,#c_t8_zmb_ofc_hero_takeo1_igc
character,#c_rus_nikolai_zm
character,#c_t8_zmb_ofc_zombie_male1
character,#c_t8_zmb_ofc_zombie_male3
character,#c_t8_zmb_ofc_zombie_male2
character,#c_t8_zmb_mob_hero_takeo1_igc
character,#c_t8_zmb_3rdclass_male1
character,#c_t8_zmb_3rdclass_male2
character,#c_ger_richtofen_zm
character,#c_t8_zmb_ofc_quadcrawler1
character,#hash_4cee49ff333c4150
character,#c_t8_zmb_ofc_hero_nikolai1
character,#c_t8_zmb_mob_hero_nikolai1_igc
character,#c_zom_der_hellhound
character,#c_jap_takeo_zm
xmodelalias,#hash_1aae719deb3bcc1e
xmodelalias,#hash_612e15b05a54b6c5
weapon,#hero_minigun_t8_lv3_zm
weapon,#hero_minigun_t8_lv2_zm
weapon,#zitem_office_punch_card_6_zm
weapon,#bowie_flourish_story_1_zm
weapon,#hero_katana_t8_lv2_zm
weapon,#zitem_office_punch_card_7_zm
weapon,#zhield_dw_zm
weapon,#zitem_office_audio_reel_1_zm
weapon,#dog_ai_defaultmelee_zm
weapon,#zitem_office_audio_reel_3_zm
weapon,#zitem_office_trap_battery_part_1_zm
weapon,#zitem_office_audio_reel_5_zm
weapon,#ray_gun_upgraded_zm
weapon,#pistol_topbreak_t8_zm
weapon,#hero_gravityspikes_t8_lv2_zm
weapon,#zitem_riotshield_part_2_zm
weapon,#zombie_fists_bowie_story_1_zm
weapon,#apc_cougar_camera
weapon,#ray_gun_mk2_zm
weapon,#zhield_lh_zm
weapon,#hero_minigun_t8_lv3_Grenade_zm
weapon,#hero_flamethrower_t8_lv2_zm
weapon,#zitem_office_punch_card_3_zm
weapon,#zitem_office_punch_card_5_zm
weapon,#hero_katana_t8_lv3_zm
weapon,#buildable_piece_zm
weapon,#zitem_office_audio_reel_2_zm
weapon,#zitem_office_trap_battery_part_2_zm
weapon,#ray_gun_zm
weapon,#hero_gravityspikes_t8_lv3_zm
weapon,#zombie_ai_defaultmelee_zm
weapon,#ray_gun_mk2_upgraded_zm
weapon,#zitem_riotshield_part_1_zm
weapon,#zitem_office_teleporter_modifier_part_3_zm
weapon,#hero_gravityspikes_t8_lv1_zm
weapon,#zitem_riotshield_part_3_zm
weapon,#bowie_knife_story_1_zm
weapon,#zhield_riot_lh_zm
weapon,#ww_freezegun_t8_zm
weapon,#hero_gravityspikes_t8_lh_lv1_zm
weapon,#hero_minigun_t8_lv1_zm
weapon,#hero_gravityspikes_t8_lh_lv3_zm
weapon,#zhield_riot_turret_zm
weapon,#ww_freezegun_t8_upgraded_zm
weapon,#riotshield_zm
weapon,#hero_flamethrower_t8_lv1_zm
weapon,#zitem_office_punch_card_1_zm
weapon,#hero_flamethrower_t8_lv3_zm
weapon,#zitem_office_punch_card_2_zm
weapon,#zitem_office_punch_card_4_zm
weapon,#hero_katana_t8_lv1_zm
weapon,#cymbal_monkey_zm
weapon,#zitem_office_key_zm
weapon,#zhield_riot_dw_zm
weapon,#zitem_office_audio_reel_4_zm
weapon,#zitem_office_teleporter_modifier_part_1_zm
weapon,#zitem_office_teleporter_modifier_part_2_zm
weapon,#hero_minigun_t8_lv2_Grenade_zm
weapon,#hero_gravityspikes_t8_lh_lv2_zm
weapon,#zhield_turret_zm
gesture,#hash_9f9a72bef795b82
gesture,#hash_c9191ad04ac315e
gesture,#ges_prone_to_crouch
gesture,#ges_slide
gesture,#ges_slide_buckler
gesture,#ges_mantle_buckler
gesture,#ges_mantle_light
gesture,#hash_277749aab1c80810
gesture,#ges_crouch_to_prone
gesture,#hash_3125767a38612dff
gesture,#ges_swim_idle
gesture,#hash_5be3e5303dfe56c4
gesture,#ges_mantle
gesture,#hash_61d5e8f78a0507d4
gesture,#hash_6c0b7b24b828b624
gesture,#ges_slide_dw
gesture,#ges_slide_bare_hands
gesture,#hash_75ebfc135f681a76
gesture,#ges_mantle_bare_hands
zbarrier,#zmcore_t8_basicwoodbarrier_hide_pieces
zbarrier,#zm_office_debris
zbarrier,#zmcore_packapunch
zbarrier,#zm_office_debris_wide
zbarrier,#zm_office_magicbox
zbarrier,#hash_3aa798483d82d856
zbarrier,#hash_46cc5421350018c5
zbarrier,#hash_696cb96c276cbcf8
rumble,#defaultweapon_melee
rumble,#zm_nova_explosion_rumble
rumble,#zm_castle_pulsing_rumble
rumble,#zm_nova_phase_exit_rumble
rumble,#talon_spike
rumble,#zm_weap_gravityspikes_vortex
rumble,#zm_shield_break
rumble,#shotgun_fire
rumble,#hash_322cc8a226215312
rumble,#heavygun_fire
rumble,#assault_fire
rumble,#hash_38a12b73c9342fd9
rumble,#zm_office_drawer_rumble
rumble,#pistol_fire
rumble,#zod_shield_juke
rumble,#flamethrower
rumble,#zod_idgun_vortex_shockwave
rumble,#grenade_rumble
rumble,#grenade_throw
rumble,#zod_idgun_vortex_interior
rumble,#zm_fasttravel_vortex_rumble
rumble,#defaultweapon_fire
rumble,#zm_shield_damage
rumble,#shotgun_adsfire
shellshock,#tankblast
shellshock,#explosion_shock
statuseffect,#dot_purifier
statuseffect,#shock_zm_trap
statuseffect,#hash_2608bf886a137e8e
statuseffect,#wound_purifier
xcam,#c_zm_office_outro_sh030_cam
xcam,#hash_9c4ea39463d14ac
xcam,#hash_db5c34f7d9e1861
xcam,#c_zm_office_outro_sh100_cam
xcam,#ui_cam_icon_pistol_shotgun
xcam,#hash_1ae1e697609dd70b
xcam,#c_zm_office_outro_sh110_cam
xcam,#hash_2547de4f2204205b
xcam,#ui_cam_cac_pistol_topbreak
xcam,#c_zm_office_outro_sh130_cam
xcam,#c_zm_office_outro_sh120_cam
xcam,#c_zm_office_outro_sh150_cam
xcam,#c_zm_office_outro_sh160_cam
xcam,#c_zm_office_outro_sh050_cam
xcam,#c_zm_office_outro_sh060_cam
xcam,#ui_cam_cac_pistol_standard
xcam,#c_zm_office_outro_sh070_cam
xcam,#ui_cam_icon_pistol_standard
xcam,#c_zm_office_outro_sh170_cam
xcam,#c_zm_office_outro_sh040_cam
xcam,#c_zm_office_outro_sh010_cam
xcam,#c_zm_office_outro_sh020_cam
streamerhint,#cin_zm_office_outro
xanim,#ai_zombie_base_walk_au_v10_pain_chest_f
xanim,#ai_zm_dlc1_zombie_crawl_climb_up_256_down_32
xanim,#pt_battle_shield_male_stand_putaway
xanim,#ai_t8_zm_zombie_boardtear_aligned_l_6_pull
xanim,#vm_raygun_fire_ads
xanim,#vm_pistol_webley_fire_ads
xanim,#ai_zombie_base_walk_au_v5_pain_chest_f
xanim,#ai_t8_zm_zombie_base_walk_jump_up_catwlk_160
xanim,#ai_t8_zm_quad_phaseright_long_a
xanim,#ai_t8_zm_quad_phaseright_long_b
xanim,#ai_t8_zm_zombie_base_walk_jump_up_catwlk_128
xanim,#pt_pistol_swim_raise
xanim,#vm_battle_shield_ads_base_down
xanim,#ai_t8_zm_zombie_base_trv_jump_up_128_thru_sm_hole
xanim,#ai_t8_zm_mob_zombie_dog_stun_out
xanim,#hash_1268742ab2ef44e
xanim,#vm_brawler_t8_sprint_in
xanim,#ai_zm_dlc1_zombie_walk_lowg_v4_pain_chest_f_alt
xanim,#ai_zombie_base_sprint_ad_sidestep_right_long_b
xanim,#ai_zombie_base_sprint_ad_sidestep_right_long_a
xanim,#vm_battle_shield_idle
xanim,#hash_1f40909bb41c100
xanim,#ai_t8_zm_zombie_base_crawl_boardtear_aligned_l_2_grab
xanim,#ai_t8_zm_zombie_base_crawl_boardtear_aligned_l_6_hold
xanim,#hash_23757499345d55e
xanim,#pt_flamethrower_crouch_fire_alt
xanim,#vm_battle_shield_hand_pose_l
xanim,#vm_battle_shield_hand_pose_r
xanim,#vm_ww_freezegun_idle_empty
xanim,#ai_zombie_base_run_ad_v21_pain_chest_f
xanim,#ai_t8_zm_quad_traverse_ground_crawlfast
xanim,#ai_zombie_zod_crawl_stunned_electrobolt_e
xanim,#ai_zombie_zod_crawl_stunned_electrobolt_d
xanim,#ai_zombie_zod_crawl_stunned_electrobolt_a
xanim,#ai_zombie_zod_crawl_stunned_electrobolt_c
xanim,#ai_zombie_zod_crawl_stunned_electrobolt_b
xanim,#pt_battle_shield_male_stand_fire
xanim,#vm_minigun_ads_base_down
xanim,#vm_battle_shield_sprint_putaway
xanim,#vm_zom_raygun_mk2_crawl_l
xanim,#vm_zom_raygun_mk2_crawl_f
xanim,#vm_zom_raygun_mk2_crawl_b
xanim,#vm_zom_raygun_mk2_crawl_r
xanim,#ai_t8_zm_zombie_boardtear_aligned_r_3_hold
xanim,#hash_34b5b905bcc5a3b
xanim,#ai_zombie_base_walk_ad_v22_pain_chest_f_alt
xanim,#ai_zombie_base_walk_au_sidestep_right_b
xanim,#ai_t8_zm_zombie_base_run_jump_up_128_quick
xanim,#ai_zombie_base_walk_ad_v23_pain_chest_f
xanim,#hash_412c474a5de2518
xanim,#pt_minigun_stand_fire
xanim,#ai_t8_zm_zombie_base_crawl_boardtear_aligned_r_1_hold
xanim,#vm_katana_crawl_r
xanim,#vm_katana_crawl_b
xanim,#vm_katana_crawl_f
xanim,#vm_katana_crawl_l
xanim,#vm_pistol_webley_sprint_loop
xanim,#ai_t8_zm_zombie_boardtear_aligned_m_1_pull
xanim,#o_zombie_base_packapunch_poweron
xanim,#vm_zom_raygun_mk2_reload_empty
xanim,#vm_purifier_t8_fire
xanim,#vm_pistol_webley_jump
xanim,#vm_ww_freezegun_sprint_putaway
xanim,#ai_t8_zm_zombie_base_crawl_boardtear_aligned_r_2_hold
xanim,#vm_ww_freezegun_swim_uw_putaway
xanim,#ai_zombie_base_run_au_v5_pain_chest_f
xanim,#hash_5d88759d0352ed6
xanim,#vm_raygun_reload
xanim,#pt_pistol_swim_putaway
xanim,#ai_t8_zombie_base_walk_au_win_trav_r_v1
xanim,#ai_zm_dlc1_zombie_run_lowg_v1_pain_chest_f
xanim,#ai_zombie_base_dth_f_chest_lt_00
xanim,#ai_zombie_base_dth_f_chest_lt_01
xanim,#ai_zombie_base_dth_f_chest_lt_02
xanim,#ai_zombie_base_dth_f_chest_lt_03
xanim,#hash_669b77da61153fa
xanim,#ai_t8_zm_zombie_boardtear_aligned_l_3_pull
xanim,#ai_zombie_base_walk_ad_v22_pain_chest_f
xanim,#vm_ww_freezegun_jump
xanim,#ai_zombie_base_walk_ad_v1_pain_chest_f
xanim,#pt_brawler_prone_putaway
xanim,#pt_katana_stand_putaway_quick
xanim,#hash_76fd88d43b49a00
xanim,#hash_76fd98d43b49bb3
xanim,#hash_76fda8d43b49d66
xanim,#hash_76fdb8d43b49f19
xanim,#hash_76fdc8d43b4a0cc
xanim,#hash_76fdd8d43b4a27f
xanim,#hash_76fde8d43b4a432
xanim,#hash_76fdf8d43b4a5e5
xanim,#hash_76fe48d43b4ae64
xanim,#hash_76fe58d43b4b017
xanim,#hash_7735d8d43b7b1d6
xanim,#hash_7735e8d43b7b389
xanim,#hash_7735f8d43b7b53c
xanim,#hash_773608d43b7b6ef
xanim,#hash_773618d43b7b8a2
xanim,#hash_773628d43b7ba55
xanim,#ai_zm_dlc1_zombie_climb_up_256_down_40
xanim,#ai_zm_dlc1_zombie_climb_up_256_down_32
xanim,#ai_t8_zombie_base_sprint_au_v20_pain_chest_f
xanim,#hash_7ca16aeab3098ab
xanim,#hash_7ca17aeab309a5e
xanim,#ai_t8_zombie_base_cust_trv_jump_up_zm_mnsn_main_hall
xanim,#ai_t8_zm_zombie_base_crawl_boardtear_aligned_l_1_pull
xanim,#ai_zombie_zod_crawl_jump_down_256
xanim,#ai_t8_zm_quad_jump_down_96
xanim,#vm_minigun_sprint_in
xanim,#vm_katana_sprint_out
xanim,#ai_t8_zm_quad_jump_down_48
xanim,#ai_t8_zm_quad_jump_down_72
xanim,#ai_t8_zm_quad_jump_down_36
xanim,#hash_8545a8925c61d8b
xanim,#hash_8545b8925c61f3e
xanim,#hash_857808925c893f4
xanim,#hash_857838925c8990d
xanim,#pt_grenade_crouch_throw
xanim,#ai_t8_zombie_base_run_au_win_trav_m_v1
xanim,#vm_zom_talon_spikes_dw_walk_f
xanim,#vm_battle_shield_sprint_loop
xanim,#ai_zombie_smash_react_getup
xanim,#vm_raygun_ads_base_down
xanim,#ai_zombie_base_walk_ad_v19_pain_chest_f
xanim,#pt_grenade_prone_throw
xanim,#vm_minigun_first_raise
xanim,#p7_fxanim_gp_wire_sparking_xsml_anim
xanim,#hash_9cefa87f7c9ca0d
xanim,#vm_battle_turret_pullout
xanim,#vm_zom_bowie_knife_melee_stab
xanim,#hash_a1b4a6f9aecde19
xanim,#vm_bare_hands_t8_swim_uw_sprint_loop
xanim,#bo3_ai_zombie_taunts_4
xanim,#p8_fxanim_zm_perk_vending_soda_on_anim
xanim,#ai_zm_dlc1_zombie_sprint_lowg_v3_pain_chest_f_alt
xanim,#vm_katana_putaway_quick
xanim,#vm_katana_ads_base_up
xanim,#ai_zombie_base_run_au_v11_pain_chest_f_alt
xanim,#pt_grenade_stand_throw
xanim,#vm_t8_swim_idle_static_dw
xanim,#pt_brawler_prone_raise
xanim,#ai_t8_zm_zombie_base_walk_attack_14
xanim,#ai_t8_zm_zombie_base_walk_attack_15
xanim,#ai_t8_zm_zombie_base_walk_attack_11
xanim,#ai_t8_zm_zombie_base_walk_attack_12
xanim,#ai_t8_zm_zombie_base_walk_attack_09
xanim,#ai_t8_zm_zombie_base_walk_attack_08
xanim,#ai_t8_zm_zombie_base_walk_attack_07
xanim,#ai_t8_zm_zombie_base_walk_attack_06
xanim,#ai_t8_zm_zombie_base_walk_attack_05
xanim,#ai_t8_zm_zombie_base_walk_attack_04
xanim,#ai_t8_zm_zombie_base_walk_attack_02
xanim,#ai_t8_zm_zombie_base_walk_attack_01
xanim,#vm_purifier_t8_putaway_quick
xanim,#vm_purifier_t8_sprint_out
xanim,#vm_pistol_webley_sprint_out
xanim,#hash_bef38d878913e58
xanim,#hash_c2c47a5c95cd361
xanim,#pt_pistol_prone_putaway
xanim,#hash_c47c742f8774c4a
xanim,#hash_c7d73b59cc0b8db
xanim,#hash_c7d74b59cc0ba8e
xanim,#hash_c7d75b59cc0bc41
xanim,#hash_c7d76b59cc0bdf4
xanim,#hash_c7d77b59cc0bfa7
xanim,#hash_c7d78b59cc0c15a
xanim,#ai_zombie_dr_jump_up_2_climb
xanim,#p8_fxanim_zm_perk_vending_soda_use5_anim
xanim,#ai_t8_zm_zombie_boardtear_aligned_m_1_grab
xanim,#vm_pistol_webley_putaway
xanim,#pt_battle_shield_male_stand_fire_delay
xanim,#hash_d2d65757edbe74d
xanim,#vm_minigun_walk_f
xanim,#ai_t8_zm_quad_attack_2
xanim,#ai_t8_zm_quad_attack_3
xanim,#ai_t8_zm_quad_attack_4
xanim,#ai_t8_zm_quad_attack_5
xanim,#ai_t8_zm_quad_attack_6
xanim,#hash_d71998876f882ce
xanim,#hash_d7cc2e2b8e62c7c
xanim,#ai_base_rifle_stn_run_dth_f_head_lt_1
xanim,#vm_zom_talon_spikes_dw_jump
xanim,#vm_battle_shield_sprint_out
xanim,#p8_fxanim_zm_perk_vending_cola_disable_anim
xanim,#ai_zombie_base_run_turn_45_l_v2
xanim,#p8_fxanim_zm_perk_vending_brew_disable_anim
xanim,#vm_katana_dash_out
xanim,#vm_frag_throw_quick
xanim,#ai_zombie_base_sprint_turn_45_l_v2
xanim,#o_zombie_base_magic_box_teddy_rise
xanim,#ai_zombie_base_run_ad_v22_pain_chest_f
xanim,#hash_e4d72123cd995e2
xanim,#vm_zom_raygun_mk2_fire
xanim,#ai_zombie_base_walk_ad_v24_pain_chest_f
xanim,#ai_zombie_base_crawl_sprint_v2
xanim,#ai_zombie_base_crawl_sprint_v3
xanim,#ai_zombie_base_crawl_sprint_v1
xanim,#ai_t8_zm_quad_crawl
xanim,#ai_zm_dlc1_zombie_talonspike_loop
xanim,#hash_f28a1ce5f9cdeb6
xanim,#pt_pistol_stand_raise
xanim,#vm_t8_swim_out
xanim,#ai_zombie_base_fast_sprint_02_pain_chest_f_alt
xanim,#p8_fxanim_zm_off_president_plaque_hidden_drawer_fall
xanim,#hash_fedc41ab10780fd
xanim,#hash_fedc61ab1078463
xanim,#ai_t8_zm_zombie_base_crawl_boardtear_aligned_m_6_pull
xanim,#vm_t8_swim_out_dw
xanim,#hash_10d98d95da3a399e
xanim,#ai_t8_zombie_base_sprint_au_v1_pain_chest_f_alt
xanim,#ai_zombie_base_dth_l_chest_hvy_00
xanim,#ai_zombie_base_dth_l_chest_hvy_03
xanim,#ai_zombie_base_dth_l_chest_hvy_02
xanim,#vm_t8_swim_out_additive
xanim,#ai_zombie_base_run_ad_v11_pain_chest_f_alt
xanim,#ai_zombie_base_walk_au_v6_pain_chest_f
xanim,#ai_zombie_base_dth_l_torso_lt
xanim,#ai_zombie_base_run_au_v23_pain_chest_f_alt
xanim,#ai_t8_zm_zod_catalyst_plasma_death_01
xanim,#ai_t8_zm_zod_catalyst_plasma_death_03
xanim,#ai_t8_zm_zod_catalyst_plasma_death_02
xanim,#ai_zombie_base_jump_down_48
xanim,#ai_zombie_base_jump_down_72
xanim,#vm_brawler_t8_crawl_out
xanim,#vm_battle_shield_fire
xanim,#ai_zombie_base_jump_down_36
xanim,#ai_zombie_base_walk_ad_v20_pain_chest_f_alt
xanim,#ai_zombie_base_jump_down_96
xanim,#ai_zombie_base_walk_ad_v1_pain_chest_f_alt
xanim,#ai_zombie_base_walk_turn_45_r_v2
xanim,#ai_zombie_base_dth_b_chest_lt_02
xanim,#ai_zombie_base_dth_b_chest_lt_03
xanim,#ai_zombie_base_run_turn_90_l_v3
xanim,#ai_zm_dlc1_zombie_run_lowg_v3_pain_chest_f
xanim,#ai_t8_zm_zombie_base_crawl_boardtear_aligned_l_5_grab
xanim,#zm_off_pig_death
xanim,#ai_t8_zm_zombie_base_crawl_boardtear_aligned_l_4_grab
xanim,#vm_pistol_webley_ads_base_up
xanim,#ai_t8_zm_quad_getup_facedown_1
xanim,#ai_zombie_base_walk_au_v23_pain_chest_f_alt
xanim,#hash_13a6e4b545ff34e8
xanim,#hash_13c61984c006c557
xanim,#ai_zombie_base_walk_au_v3_pain_chest_f_alt
xanim,#hash_1449aa623a3477c7
xanim,#hash_144a7d4fc46231c6
xanim,#ai_zm_dlc1_zombie_jump_up_lowg_v1
xanim,#ai_zombie_base_walk_au_sidestep_left_long
xanim,#o_zombie_base_packapunch_working_eject_gun
xanim,#ai_zombie_base_run_ad_v8_pain_chest_f
xanim,#vm_battle_shield_walk_f
xanim,#p8_fxanim_zm_perk_vending_soda_use4_anim
xanim,#vm_zom_raygun_mk2_sprint_out
xanim,#vm_minigun_jump
xanim,#ai_zombie_base_run_ad_v8
xanim,#ai_zombie_base_run_ad_v1
xanim,#ai_zombie_base_run_ad_v2
xanim,#ai_zombie_base_run_ad_v4
xanim,#ai_zombie_base_run_ad_v7
xanim,#hash_1544479ab0f4ac15
xanim,#vm_purifier_t8_sprint_putaway
xanim,#vm_mp9_walk_f_ads
xanim,#ai_zombie_base_run_mantle_over_36
xanim,#ai_zombie_base_run_mantle_over_72
xanim,#ai_zombie_base_run_mantle_over_48
xanim,#ai_zombie_base_run_mantle_over_96
xanim,#ai_t8_zm_zombie_boardtear_aligned_l_4_grab
xanim,#vm_frag_ads_down
xanim,#vm_purifier_t8_crawl_out
xanim,#o_spikes_stand_plant
xanim,#vm_t8_swim_brawler_out
xanim,#hash_16680bfd781d9a47
xanim,#hash_16680cfd781d9bfa
xanim,#pt_grenade_stand_hold_fire
xanim,#ai_zombie_base_walk_ad_v3
xanim,#ai_zombie_base_walk_ad_v2
xanim,#ai_zombie_base_walk_ad_v1
xanim,#ai_zombie_base_walk_ad_v7
xanim,#ai_zombie_base_walk_ad_v6
xanim,#ai_zombie_base_walk_ad_v5
xanim,#ai_zombie_base_walk_ad_v4
xanim,#pt_pistol_crouch_putaway
xanim,#ai_t8_zm_zombie_base_crawl_boardtear_aligned_m_5_pull
xanim,#ai_t8_zm_zombie_base_walk_jump_up_96
xanim,#vm_raygun_crawl_out
xanim,#ai_t8_zm_zombie_base_walk_jump_up_48
xanim,#ai_t8_zm_zombie_base_walk_jump_up_72
xanim,#ai_t8_zm_zombie_base_walk_jump_up_36
xanim,#ai_zombie_base_walk_au_pain_head_v1
xanim,#hash_1745bf9c55380167
xanim,#vm_katana_first_raise
xanim,#ai_t8_zm_zombie_base_attack_14
xanim,#ai_t8_zm_zombie_base_attack_15
xanim,#ai_t8_zm_zombie_base_attack_12
xanim,#ai_t8_zm_zombie_base_attack_13
xanim,#ai_t8_zm_zombie_base_attack_10
xanim,#ai_t8_zm_zombie_base_attack_11
xanim,#ai_t8_zm_zombie_base_attack_09
xanim,#ai_t8_zm_zombie_base_attack_08
xanim,#ai_t8_zm_zombie_base_attack_01
xanim,#ai_t8_zm_zombie_base_attack_03
xanim,#ai_t8_zm_zombie_base_attack_02
xanim,#ai_t8_zm_zombie_base_attack_05
xanim,#ai_t8_zm_zombie_base_attack_04
xanim,#ai_t8_zm_zombie_base_attack_07
xanim,#ai_t8_zm_zombie_base_attack_06
xanim,#ai_zombie_base_walk_ad_v23
xanim,#ai_zombie_base_walk_ad_v22
xanim,#ai_zombie_base_walk_ad_v21
xanim,#ai_zombie_base_walk_ad_v20
xanim,#ai_zombie_base_walk_ad_v25
xanim,#ai_zombie_base_walk_ad_v24
xanim,#vm_raygun_sprint_pullout
xanim,#ai_zombie_base_walk_ad_v19
xanim,#ai_t8_zm_zombie_base_run_jump_up_48
xanim,#ai_t8_zm_zombie_base_run_jump_up_72
xanim,#ai_zombie_base_dth_r_head_lt
xanim,#ai_t8_zm_zombie_base_run_jump_up_36
xanim,#vm_zom_raygun_mk2_idle
xanim,#ai_t8_zm_zombie_base_run_jump_up_96
xanim,#ai_zm_dlc1_zombie_jump_up_36_down_180
xanim,#p8_fxanim_zm_perk_vending_tonic_use_anim
xanim,#ai_zm_dlc1_zombie_sprint_lowg_v4_pain_chest_f
xanim,#ai_t8_zm_zod_catalyst_water_arrival_7
xanim,#ai_t8_zm_zod_catalyst_water_arrival_6
xanim,#ai_t8_zm_zod_catalyst_water_arrival_4
xanim,#ai_t8_zm_zod_catalyst_water_arrival_3
xanim,#ai_t8_zm_zod_catalyst_water_arrival_2
xanim,#ai_t8_zm_zod_catalyst_water_arrival_1
xanim,#ai_t8_zm_zod_catalyst_water_arrival_9
xanim,#ai_t8_zm_zod_catalyst_water_arrival_8
xanim,#pt_grenade_swim_throw
xanim,#ai_zombie_base_walk_ad_v24_pain_chest_f_alt
xanim,#ai_t8_zm_zombie_base_crawl_boardtear_aligned_r_6_grab
xanim,#hash_187d6baf9247e6d8
xanim,#hash_187d6caf9247e88b
xanim,#hash_187d6eaf9247ebf1
xanim,#hash_187d71af9247f10a
xanim,#pb_spikes_slam_intro
xanim,#vm_slide_bare_hands
xanim,#vm_katana_walk_f
xanim,#ai_zombie_base_sprint_turn_180_r_v3
xanim,#vm_pistol_webley_sprint_pullout
xanim,#p8_fxanim_zm_off_president_plaque_hidden_drawer_open
xanim,#ai_zombie_smash_react_f_flatonback
xanim,#ai_t8_zombie_base_walk_au_win_trav_m_v1
xanim,#ai_t8_zombie_base_walk_au_win_trav_m_v2
xanim,#ai_t8_zombie_base_walk_au_win_trav_m_v3
xanim,#vm_minigun_pullout_quick
xanim,#ai_t8_zm_zombie_boardtear_aligned_l_2_hold
xanim,#vm_t8_mantle_over_bare_hands_additive
xanim,#pt_minigun_fem_crouch_firstraise
xanim,#ai_zombie_base_crawl_jump_across_256
xanim,#ai_zombie_base_run_au_v2_pain_chest_f_alt
xanim,#ai_zm_dlc1_zombie_walk_lowg_v2_pain_chest_f
xanim,#ai_zombie_base_dth_f_head_hvy_02
xanim,#ai_zombie_base_dth_f_head_hvy_03
xanim,#ai_zombie_base_dth_f_head_hvy_01
xanim,#vm_zom_raygun_mk2_walk_f
xanim,#ai_zombie_base_walk_ad_v5_pain_chest_f_alt
xanim,#hash_19f47bb474769a6b
xanim,#pt_grenade_stand_prime
xanim,#ai_zombie_base_sprint_turn_90_r_v2
xanim,#ai_t8_zm_zombie_base_run_jump_up_catwlk_160
xanim,#ai_t8_zombie_base_sprint_au_v22_pain_chest_f_alt
xanim,#ai_t8_zm_zombie_base_run_jump_up_catwlk_128
xanim,#ai_t8_zm_zombie_boardtear_aligned_r_3_pull
xanim,#pt_pistol_stand_melee_gunbutt_strike
xanim,#ai_t8_zombie_base_sprint_ad_win_trav_l_v1
xanim,#hash_1b0f1def76219df4
xanim,#vm_zom_raygun_mk2_sprint_putaway
xanim,#vm_raygun_crawl_f
xanim,#vm_raygun_crawl_b
xanim,#vm_raygun_crawl_l
xanim,#vm_raygun_crawl_r
xanim,#ai_zombie_base_walk_ad_sidestep_right_long_b
xanim,#ai_zombie_base_walk_ad_sidestep_right_long_a
xanim,#hash_1b7bb613cb303d8f
xanim,#pt_brawler_stand_inspect
xanim,#ai_zombie_base_run_jump_down_128
xanim,#ai_t8_zombie_base_win_attack_arm_l_out
xanim,#vm_ww_freezegun_gunbutt_swipe
xanim,#ai_t8_zm_zombie_base_crawl_boardtear_aligned_r_2_pull
xanim,#vm_zom_talon_spikes_dw_plant
xanim,#ai_zombie_base_dth_r_torso_lt
xanim,#ai_zombie_base_run_ad_v4_pain_chest_f
xanim,#ai_t8_zm_quad_idle_2
xanim,#ai_t8_zombie_base_sprint_au_v1_pain_chest_f
xanim,#hash_1c50ba59da59576a
xanim,#ai_t8_zombie_base_crawl_run_win_trav_l_v1
xanim,#vm_t8_PRONE_TO_CROUCH_bare_hands
xanim,#vm_zom_talon_spikes_dw_sprint_loop
xanim,#hash_1ca22c90f3bb528a
xanim,#o_t8_zm_zombie_board_5_repair
xanim,#vm_brawler_t8_sprint_loop
xanim,#ai_t8_zm_zombie_base_crawl_boardtear_aligned_r_4_pull
xanim,#pt_pistol_crouch_raise
xanim,#ai_t8_zm_quad_mantle_over_48
xanim,#ai_t8_zm_quad_mantle_over_40
xanim,#ai_t8_zm_quad_mantle_over_36
xanim,#hash_1d3de1aa4d9770a4
xanim,#vm_bare_hands_t8_swim_tw_sprint_loop
xanim,#ai_zombie_base_walk_turn_180_r_v3
xanim,#vm_katana_melee_out
xanim,#zm_off_pig_death_idle
xanim,#ai_t8_zm_zombie_boardtear_aligned_l_3_hold
xanim,#vm_ww_freezegun_crawl_in
xanim,#ai_t8_zombie_base_crawl_run_win_trav_r_v1
xanim,#vm_t8_swim_in
xanim,#ai_zombie_base_walk_ad_sidestep_right_short
xanim,#ai_zombie_base_mantle_over_128
xanim,#ai_t8_zm_zombie_base_run_jump_down_72
xanim,#ai_t8_zm_zombie_base_run_jump_down_48
xanim,#ai_zombie_base_walk_ad_sidestep_left_short
xanim,#ai_zombie_base_dth_r_chest_hvy_03
xanim,#ai_zombie_base_dth_r_chest_hvy_02
xanim,#ai_zombie_base_dth_r_chest_hvy_01
xanim,#ai_t8_zm_zombie_base_run_jump_down_36
xanim,#vm_t8_swim_idle_static_additive
xanim,#ai_t8_zm_zombie_base_run_jump_down_96
xanim,#ai_zombie_base_walk_au_v13
xanim,#ai_zombie_base_walk_au_v12
xanim,#ai_zombie_base_walk_au_v11
xanim,#ai_zombie_base_walk_au_v10
xanim,#ai_zombie_base_walk_au_v15
xanim,#ai_zombie_base_walk_au_v23
xanim,#ai_zombie_base_walk_au_v20
xanim,#ai_zombie_base_walk_au_v21
xanim,#ai_zombie_base_dog_trot_turn_180_right
xanim,#hash_1e5206173a7af18d
xanim,#ai_t8_zm_zombie_boardtear_aligned_l_3_grab
xanim,#ai_zombie_base_run_jump_up_96
xanim,#p8_fxanim_zm_perk_vending_brew_use_anim
xanim,#ai_zombie_base_run_jump_up_48
xanim,#ai_zombie_base_run_jump_up_72
xanim,#vm_zom_raygun_mk2_hand_pose_r
xanim,#vm_zom_raygun_mk2_hand_pose_l
xanim,#vm_zom_talon_spikes_dw_sprint_in
xanim,#ai_zombie_base_run_jump_up_36
xanim,#vm_minigun_sprint_pullout
xanim,#vm_zom_talon_spikes_dw_first_raise
xanim,#vm_katana_swim_uw_pullout
xanim,#p8_fxanim_zm_perk_vending_tonic_disable_anim
xanim,#ai_zm_dlc1_zombie_jump_up_36_down_244
xanim,#vm_zom_talon_spikes_dw_ads_base_down
xanim,#hash_1f2bce559b37373c
xanim,#vm_brawler_t8_idle
xanim,#hash_1f63e2565ea41705
xanim,#ai_t8_zombie_base_sprint_au_v2_pain_chest_f_alt
xanim,#vm_raygun_pullout
xanim,#ai_t8_zm_zombie_base_crawl_boardtear_aligned_m_6_grab
xanim,#ai_zombie_base_walk_au_v2_pain_chest_f_alt
xanim,#ai_t8_zm_zombie_base_crawl_boardtear_aligned_l_6_pull
xanim,#ai_zm_dlc1_zombie_run_lowg_v4_pain_chest_f_alt
xanim,#hash_1fca781bef77f9de
xanim,#vm_zom_talon_spikes_dw_jump_land
xanim,#ai_zombie_base_run_ad_v12_pain_chest_f_alt
xanim,#ai_zombie_base_walk_au_v12_pain_chest_f_alt
xanim,#vm_riotshield_zm_putaway
xanim,#ai_zombie_base_run_au_v20_pain_chest_f_alt
xanim,#vm_t8_swim_brawler_f_additive
xanim,#hash_207a6b95544a27aa
xanim,#hash_207cc5030f2cd892
xanim,#vm_zom_talon_spikes_dw_sprint_out
xanim,#pt_brawler_crouch_firstraise
xanim,#ai_zombie_smash_react_f_upontoback
xanim,#vm_purifier_t8_swim_uw_pullout
xanim,#ai_zombie_base_dog_run_turn_90_left
xanim,#p8_zm_off_phone_vintage_ring
xanim,#ai_t8_zm_zombie_base_crawl_boardtear_aligned_l_3_grab
xanim,#ai_zombie_base_sprint_au_sidestep_right_long_b
xanim,#ai_zombie_base_sprint_au_sidestep_right_long_a
xanim,#vm_brawler_t8_first_raise
xanim,#vm_zom_raygun_mk2_ads_base_down
xanim,#ai_zm_dlc1_zombie_walk_lowg_v4_pain_chest_f
xanim,#vm_purifier_t8_first_raise
xanim,#ai_t8_zombie_base_win_attack_arm_r_out
xanim,#hash_218d23b71862a000
xanim,#vm_zom_talon_spikes_dw_swipe
xanim,#ai_t8_zm_zombie_base_sprint_mantle_over_36
xanim,#vm_katana_dash_in
xanim,#ai_zm_dlc1_zombie_crawl_jump_up_180_down_36
xanim,#ai_zombie_base_sprint_ad_sidestep_right_short
xanim,#vm_katana_melee_miss
xanim,#p8_fxanim_zm_perk_vending_brew_on_anim
xanim,#vm_battle_shield_putaway
xanim,#hash_220af3201914cecf
xanim,#hash_220f546f3f8df6a0
xanim,#ai_t8_zm_zombie_boardtear_aligned_r_4_pull
xanim,#ai_zm_dlc1_zombie_sprint_lowg_v2_pain_chest_f_alt
xanim,#ai_t8_zm_zombie_boardtear_aligned_m_5_pull
xanim,#hash_22518cb90c6ef434
xanim,#o_t8_zm_zombie_board_6_pull
xanim,#ai_zombie_base_dog_run_start
xanim,#vm_battle_turret_putaway_alt
xanim,#vm_zom_raygun_mk2_first_raise
xanim,#hash_22e5e680b75be47f
xanim,#ai_t8_zm_quad_spitattack_1
xanim,#hash_231c51987f2797a9
xanim,#ai_zombie_base_jump_up_128
xanim,#ai_zombie_base_jump_up_160
xanim,#ai_t8_zombie_base_crawl_win_trav_m_v1
xanim,#ai_t8_zombie_base_crawl_win_trav_m_v2
xanim,#ai_t8_zm_zombie_boardtear_aligned_m_6_grab
xanim,#ai_zombie_base_dog_death_hit_back
xanim,#ai_t8_zm_zombie_base_run_jump_down_128
xanim,#ai_direwolf_base_idle_howl
xanim,#ai_t8_zm_zombie_base_crawl_boardtear_aligned_m_2_hold
xanim,#ai_t8_zm_zombie_base_crawl_jump_down_128
xanim,#ai_t8_zm_zombie_base_crawl_jump_down_160
xanim,#hash_24c19e0e150ba3d7
xanim,#vm_brawler_t8_fall
xanim,#hash_24cd73762ad41fec
xanim,#vm_pistol_webley_reload
xanim,#ai_t8_zm_zombie_base_crawl_boardtear_aligned_l_5_hold
xanim,#vm_katana_jump_land
xanim,#pt_brawler_stand_raise
xanim,#ai_t8_zm_quad_idle
xanim,#vm_minigun_throw
xanim,#vm_katana_hand_pose_l
xanim,#vm_katana_hand_pose_r
xanim,#ai_t8_zm_zombie_base_crawl_boardtear_aligned_r_1_grab
xanim,#ai_t8_zombie_base_sprint_au_v20_pain_chest_f_alt
xanim,#pt_grenade_swim_prime
xanim,#p8_fxanim_zm_office_wormhole_anim
xanim,#vm_brawler_t8_pullout
xanim,#vm_t8_base_slide
xanim,#ai_zombie_base_run_turn_180_r_v2
xanim,#hash_270f1acadbbae9d0
xanim,#ai_t8_zm_mob_brutus_tesla_loop
xanim,#vm_minigun_fall
xanim,#p8_fxanim_zm_office_magic_box_leave_anim
xanim,#vm_frag_pullpin
xanim,#p8_fxanim_zm_office_magic_box_arrive_anim
xanim,#ai_zombie_smash_react_b_faceplant
xanim,#pt_rifle_prone_putaway
xanim,#vm_pistol_webley_inspect
xanim,#vm_brawler_t8_jump_land
xanim,#ai_t8_zm_zod_catalyst_corrosive_death_01_scale
xanim,#hash_27a597a06bea77ba
xanim,#ai_zombie_base_dth_l_chest_lt_02
xanim,#ai_zombie_base_dth_l_chest_lt_03
xanim,#hash_27d8ba3d015f055e
xanim,#ai_t8_zm_zombie_base_crawl_trv_mantle_window_50
xanim,#ai_t8_zm_zombie_base_crawl_trv_mantle_window_34
xanim,#ai_t8_zombie_base_walk_pain_10
xanim,#ai_t8_zombie_base_walk_pain_11
xanim,#ai_t8_zombie_base_walk_pain_12
xanim,#ai_t8_zombie_base_walk_pain_13
xanim,#ai_t8_zombie_base_walk_pain_14
xanim,#ai_t8_zm_zombie_boardtear_aligned_r_5_pull
xanim,#ai_t8_zombie_base_walk_pain_03
xanim,#ai_t8_zombie_base_walk_pain_02
xanim,#ai_t8_zombie_base_walk_pain_01
xanim,#ai_t8_zombie_base_walk_pain_07
xanim,#ai_t8_zombie_base_walk_pain_06
xanim,#ai_t8_zombie_base_walk_pain_05
xanim,#ai_t8_zombie_base_walk_pain_04
xanim,#ai_t8_zombie_base_walk_pain_09
xanim,#ai_t8_zombie_base_walk_pain_08
xanim,#vm_battle_shield_putaway_quick
xanim,#ai_t8_zm_zombie_base_crawl_boardtear_aligned_m_5_hold
xanim,#vm_zom_talon_spikes_dw_crawl_in
xanim,#ai_zombie_base_walk_au_pain_legs_v1
xanim,#o_t8_zm_zombie_board_2_repair
xanim,#vm_t8_swim_brawler_b_additive
xanim,#o_monkey_bomb
xanim,#ai_t8_zombie_base_walk_ad_win_trav_m_v1
xanim,#ai_t8_zombie_base_walk_ad_win_trav_m_v3
xanim,#ai_t8_zombie_base_walk_ad_win_trav_m_v2
xanim,#ai_zombie_dr_crawl_jump_up_2_climb
xanim,#ai_t8_zm_zombie_base_crawl_mantle_up_80_dn_36
xanim,#vm_zom_monkey_bomb_idle
xanim,#zm_off_pig_idle
xanim,#bo3_ai_crew_cougar_passenger_idle
xanim,#pt_brawler_crouch_inspect
xanim,#hash_299e3b1ff22bcce2
xanim,#hash_29c2cb796271ab2c
xanim,#vm_pistol_webley_gunbutt_swipe
xanim,#hash_29db872460650d4e
xanim,#ai_t8_zm_zombie_base_trv_zipline_lighthouse
xanim,#ai_t8_zm_zombie_boardtear_aligned_r_4_hold
xanim,#ai_t8_zm_zombie_boardtear_aligned_m_4_pull
xanim,#vm_ww_freezegun_reload_empty
xanim,#ai_zombie_base_run_ad_v8_pain_chest_f_alt
xanim,#vm_raygun_sprint_in
xanim,#ai_zombie_base_run_au_sidestep_left_long_c
xanim,#ai_zombie_base_run_au_sidestep_left_long_b
xanim,#ai_zombie_base_run_au_sidestep_left_long_a
xanim,#hash_2a5de3ab8214f3d0
xanim,#vm_minigun_hand_pose_r
xanim,#vm_minigun_hand_pose_l
xanim,#ai_t8_zombie_base_sprint_ad_v5_pain_chest_f_alt
xanim,#ai_t8_zm_zombie_base_crawl_boardtear_aligned_l_6_grab
xanim,#vm_pistol_webley_crawl_in
xanim,#ai_t8_zm_quad_phaseleft_short_b
xanim,#ai_t8_zm_quad_phaseleft_short_a
xanim,#ai_zombie_base_dog_death_front
xanim,#ai_zombie_base_jump_down_160
xanim,#hash_2ad9f16ff4ac29f3
xanim,#ai_zombie_base_jump_down_128
xanim,#hash_2ae0265359950762
xanim,#ai_t8_zm_zombie_base_walk_jump_down_96
xanim,#ai_t8_zm_zombie_base_walk_jump_down_72
xanim,#ai_t8_zm_zombie_base_walk_jump_down_48
xanim,#ai_t8_zm_zombie_base_walk_jump_down_36
xanim,#ai_zombie_base_dth_f_l_arm_lt_00
xanim,#ai_zombie_base_dth_f_l_arm_lt_01
xanim,#pt_pistol_stand_putaway
xanim,#hash_2b23e83c19b96f64
xanim,#pt_pistol_raygun_prone_reload
xanim,#ai_zombie_base_walk_au_pain_torso_v1
xanim,#vm_zom_talon_spikes_dw_putaway
xanim,#ai_zombie_base_fast_sprint_01_pain_chest_f_alt
xanim,#vm_minigun_sprint_putaway
xanim,#vm_battle_turret_hand_pose_l
xanim,#vm_battle_turret_hand_pose_r
xanim,#pt_katana_stand_melee
xanim,#hash_2c0ee5aa31f6ba3f
xanim,#hash_2c1b0db929bae3ac
xanim,#hash_2c3ca0d00562d462
xanim,#ai_zombie_base_run_ad_v22_pain_chest_f_alt
xanim,#vm_CROUCH_TO_PRONE_bare_hands
xanim,#hash_2c6a173850a49049
xanim,#ai_zombie_base_run_ad_v14_pain_chest_f
xanim,#hash_2c9ee608be50ce5a
xanim,#vm_brawler_t8_sprint_pullout
xanim,#vm_zom_bowie_knife_melee_swipe
xanim,#zm_office_debris_01_purchase
xanim,#ai_zombie_base_sprint_turn_135_l_v2
xanim,#ai_zombie_base_walk_au_sidestep_left_short
xanim,#pt_pistol_crouch_melee_gunbutt_strike
xanim,#ai_zm_dlc1_zombie_sprint_lowg_v1_pain_chest_f
xanim,#ai_zombie_base_walk_au_v1
xanim,#ai_zombie_base_walk_au_v2
xanim,#ai_zombie_base_walk_au_v3
xanim,#ai_zombie_base_walk_au_v4
xanim,#ai_zombie_base_walk_au_v5
xanim,#ai_zombie_base_walk_au_v6
xanim,#ai_zombie_base_walk_au_v7
xanim,#ai_zombie_base_walk_au_v8
xanim,#vm_pistol_webley_jump_land
xanim,#ai_zm_dlc1_zombie_sprint_lowg_v1
xanim,#ai_zm_dlc1_zombie_sprint_lowg_v3
xanim,#ai_zm_dlc1_zombie_sprint_lowg_v2
xanim,#ai_zm_dlc1_zombie_sprint_lowg_v4
xanim,#hash_2d45bb153a03ae76
xanim,#hash_2d4bfe9b042dde9c
xanim,#ai_zombie_base_walk_au_v2_pain_chest_f
xanim,#ai_t8_zm_zombie_base_crawl_jump_down_256
xanim,#vm_battle_turret_putaway
xanim,#hash_2dfb9d8471a64963
xanim,#ai_zombie_base_fast_sprint_01_pain_chest_f
xanim,#ai_zombie_base_sprint_turn_45_r_v2
xanim,#hash_2e43d49b13f6077d
xanim,#ai_zombie_base_run_turn_45_r_v2
xanim,#vm_katana_sprint_loop
xanim,#vm_riotshield_zm_sprint_loop
xanim,#ai_zombie_base_dog_trot
xanim,#ai_zombie_base_sprint_au_sidestep_left_long_b
xanim,#ai_zombie_base_sprint_au_sidestep_left_long_a
xanim,#ai_t8_zombie_base_crawl_sprint_win_trav_l_v1
xanim,#vm_raygun_first_raise
xanim,#o_t8_zm_zombie_board_3_pull
xanim,#pt_pistol_swim_reload
xanim,#p8_fxanim_zm_perk_vending_soda_off_anim
xanim,#hash_2f7e1ecd0009a704
xanim,#hash_2f981bd40bf18727
xanim,#ai_t8_zm_zombie_boardtear_aligned_r_2_grab
xanim,#ai_zombie_base_run_ad_v7_pain_chest_f_alt
xanim,#ai_zombie_base_run_ad_sidestep_left_long_a
xanim,#ai_zombie_base_run_ad_sidestep_left_long_b
xanim,#hash_302473fd2a33a037
xanim,#hash_3035b5fdabed4250
xanim,#hash_304d5c1a7989dcba
xanim,#ai_t8_zm_zombie_boardtear_aligned_l_5_grab
xanim,#ai_zombie_smash_react_b_forwardtoface
xanim,#vm_t8_swim_in_dw
xanim,#ai_zombie_base_run_au_v20_pain_chest_f
xanim,#bo3_ai_crew_cougar_guy0_idle
xanim,#hash_30b35e519cb36736
xanim,#ai_zombie_base_run_ad_v1_pain_chest_f_alt
xanim,#ai_t8_zm_zombie_boardtear_aligned_r_4_grab
xanim,#ai_zombie_base_walk_ad_v19_pain_chest_f_alt
xanim,#vm_t8_mantle_over_buckler
xanim,#vm_minigun_pullout
xanim,#ai_t8_zm_zombie_base_crawl_boardtear_aligned_m_3_hold
xanim,#hash_3126873efcc0576c
xanim,#vm_zom_raygun_mk2_sprint_in
xanim,#vm_purifier_t8_crawl_in
xanim,#vm_brawler_t8_taunt
xanim,#ai_t8_zm_zombie_base_crawl_jump_up_96
xanim,#ai_t8_zm_zombie_base_crawl_jump_up_36
xanim,#ai_t8_zm_zombie_base_crawl_jump_up_72
xanim,#void
xanim,#ai_t8_zm_zombie_base_crawl_jump_up_48
xanim,#hash_31822983a802cda8
xanim,#vm_purifier_t8_ads_base_down
xanim,#pb_pistol_prone_gunbutt_melee
xanim,#ai_t8_zombie_base_run_pain_move_r_02
xanim,#ai_t8_zombie_base_run_pain_move_r_03
xanim,#ai_t8_zombie_base_run_pain_move_r_01
xanim,#ai_t8_zombie_base_run_pain_move_r_06
xanim,#ai_t8_zombie_base_run_pain_move_r_04
xanim,#ai_t8_zombie_base_run_pain_move_r_05
xanim,#pt_katana_stand_putaway
xanim,#ai_zombie_base_dth_r_chest_lt_00
xanim,#ai_zombie_base_dth_r_chest_lt_01
xanim,#ai_zombie_base_dth_r_chest_lt_03
xanim,#pt_battle_turret_male_stand_first_raise
xanim,#ai_zm_dlc1_zombie_run_lowg_v4_pain_chest_f
xanim,#ai_t8_zm_quad_knockdown_facedown_1
xanim,#hash_31ee5831a212c262
xanim,#ai_zombie_cp_crawl_jump_up_128_down_32
xanim,#bo3_ai_crew_cougar_guy0_exit
xanim,#vm_brawler_t8_putaway
xanim,#hash_32da96dd0f308683
xanim,#ai_t8_zm_zombie_base_trv_mantle_window_34
xanim,#ai_t8_zm_zombie_base_trv_mantle_window_50
xanim,#ai_zombie_smash_react_f_doublebounce
xanim,#vm_purifier_t8_pullout
xanim,#vm_prone_to_crouch_additive
xanim,#hash_335e0dee09a4ab7c
xanim,#ai_zombie_base_dth_f_chest_hvy_02
xanim,#ai_zombie_base_dth_f_chest_hvy_01
xanim,#ai_zombie_base_dth_f_chest_hvy_00
xanim,#ai_zombie_base_walk_au_v7_pain_chest_f_alt
xanim,#hash_33b371ef9d19db54
xanim,#ai_zombie_smash_react_getup_a
xanim,#ai_zombie_smash_react_getup_b
xanim,#ai_zombie_smash_react_getup_c
xanim,#ai_t8_zm_quad_freeze_death_b
xanim,#ai_t8_zm_quad_freeze_death_a
xanim,#hash_343833f86d8b9e66
xanim,#ai_t8_zm_zombie_boardtear_aligned_m_2_grab
xanim,#hash_346414edbefbf15b
xanim,#ai_zombie_base_crawl_jump_across_128
xanim,#ai_zombie_base_walk_ad_v21_pain_chest_f_alt
xanim,#pt_rifle_crouch_shoot
xanim,#vm_minigun_putaway
xanim,#vm_zom_raygun_mk2_jump
xanim,#ai_zombie_base_walk_au_sidestep_right_short
xanim,#vm_minigun_t7_reload_empty
xanim,#ai_t8_zombie_base_sprint_ad_v24_pain_chest_f_alt
xanim,#vm_riotshield_zm_sprint_out
xanim,#vm_purifier_t8_sprint_pullout
xanim,#zm_office_debris_02_purchase
xanim,#vm_t8_swim_brawler_r_additive
xanim,#ai_zombie_base_run_ad_v12_pain_chest_f
xanim,#vm_zom_raygun_mk2_jump_fall
xanim,#ai_zombie_base_dth_f_r_arm_hvy_00
xanim,#hash_35e577252f9747c5
xanim,#hash_3620c53cddd24499
xanim,#ai_zombie_base_walk_au_v10_pain_chest_f_alt
xanim,#ai_t8_zm_zombie_dog_pro_trv_mantle_72
xanim,#ai_t8_zm_zombie_dog_pro_trv_mantle_36
xanim,#hash_3695c984770ef29d
xanim,#hash_36cadb1b2afd2c93
xanim,#ai_zombie_base_sprint_turn_90_l_v2
xanim,#vm_zom_monkey_bomb_throw
xanim,#vm_katana_jump
xanim,#vm_raygun_swim_uw_putaway
xanim,#vm_zom_talon_spikes_dw_sprint_putaway
xanim,#vm_pistol_webley_fire
xanim,#hash_3738e9a3f47b75b3
xanim,#hash_373a7b4643603c6e
xanim,#vm_battle_turret_ads_base_up
xanim,#ai_zombie_dr_jump_down_72
xanim,#vm_t8_mantle_over_bare_hands
xanim,#ai_zombie_dr_jump_down_96
xanim,#vm_pistol_webley_sprint_putaway
xanim,#o_zombie_base_packapunch_working_loop
xanim,#vm_t8_swim_r_dw
xanim,#o_t8_zm_zombie_board_2_pull
xanim,#ai_zombie_base_run_au_v9_pain_chest_f_alt
xanim,#ai_t8_zm_zombie_boardtear_aligned_l_1_pull
xanim,#ai_t8_zombie_base_crawl_win_trav_r_v1
xanim,#ai_t8_zm_zombie_boardtear_aligned_r_1_hold
xanim,#ai_zombie_base_dog_run_turn_180_left
xanim,#ai_t8_zombie_base_sprint_ad_v22_pain_chest_f_alt
xanim,#ai_zombie_base_dth_f_r_arm_lt_00
xanim,#vm_ww_freezegun_fire
xanim,#vm_raygun_putaway
xanim,#vm_zom_purifier_t8_blast
xanim,#hash_3909f276278f55d7
xanim,#ai_zm_dlc1_zombie_run_lowg_v4
xanim,#ai_zm_dlc1_zombie_run_lowg_v2
xanim,#ai_zm_dlc1_zombie_run_lowg_v3
xanim,#ai_zm_dlc1_zombie_run_lowg_v1
xanim,#ai_base_rifle_stn_run_dth_r_arms_hvy_1
xanim,#ai_t8_zm_zombie_boardtear_aligned_l_2_pull
xanim,#pt_crouch_shoot_pistol
xanim,#ai_zombie_base_walk_turn_90_l_v2
xanim,#ai_zombie_base_death_v2
xanim,#ai_zombie_base_death_v3
xanim,#ai_zombie_base_death_v1
xanim,#ai_zombie_base_walk_ad_v5_pain_chest_f
xanim,#ai_zombie_base_walk_ad_v23_pain_chest_f_alt
xanim,#vm_t8_swim_in_additive
xanim,#ai_t8_zm_quad_attack_double
xanim,#ai_t8_zm_quad_gas_attack
xanim,#ai_zombie_base_run_au_v4_pain_chest_f_alt
xanim,#ai_t8_zm_zombie_base_crawl_mantle_over_128
xanim,#ai_zm_dlc1_zombie_walk_lowg_v1_pain_chest_f_alt
xanim,#ai_zombie_base_walk_au_v20_pain_chest_f_alt
xanim,#vm_purifier_t8_crawl_l
xanim,#vm_purifier_t8_crawl_f
xanim,#vm_purifier_t8_crawl_b
xanim,#vm_purifier_t8_crawl_r
xanim,#ai_t8_zm_mob_brutus_tesla_in
xanim,#ai_zombie_base_run_au_v24_pain_chest_f_alt
xanim,#p8_fxanim_zm_office_code_mech_init
xanim,#vm_raygun_walk_f
xanim,#vm_purifier_t8_walk_f
xanim,#ai_t8_zm_quad_crawl_sprint_2
xanim,#ai_t8_zm_quad_crawl_sprint_3
xanim,#ai_zombie_base_sprint_ad_sidestep_left_short
xanim,#hash_3b7ffbb03a2b5a53
xanim,#pt_one_handed_gun_male_prone_fire
xanim,#vm_minigun_jump_land
xanim,#hash_3ba45d14b150f28d
xanim,#vm_pistol_webley_first_raise
xanim,#ai_t8_zombie_base_sprint_ad_win_trav_r_v1
xanim,#o_zombie_magic_box_weapon_rise
xanim,#ai_t8_zm_zombie_base_crawl_boardtear_aligned_m_3_pull
xanim,#ai_zm_dlc1_zombie_crawl_jump_up_244_down_36
xanim,#hash_3c14140d05d263c6
xanim,#pt_pistol_prone_raise
xanim,#ai_t8_zm_zombie_base_crawl_boardtear_aligned_m_5_grab
xanim,#vm_riotshield_zm_idle
xanim,#vm_t8_swim_brawler_in
xanim,#ai_t8_zombie_base_cust_trv_jump_down_zm_mnsn_main_hall
xanim,#ai_zombie_base_crawl_death_v2
xanim,#ai_zombie_base_crawl_death_v1
xanim,#pt_brawler_stand_firstraise
xanim,#ai_zombie_dr_crawl_jump_down_190
xanim,#ai_zombie_dr_crawl_jump_down_184
xanim,#vm_battle_turret_walk_f
xanim,#ai_zombie_dr_crawl_jump_down_127
xanim,#ai_zombie_base_dth_b_chest_hvy_02
xanim,#ai_zombie_base_dth_b_chest_hvy_00
xanim,#ai_t8_zombie_base_sprint_ad_v23
xanim,#ai_t8_zombie_base_sprint_ad_v22
xanim,#ai_t8_zombie_base_sprint_ad_v21
xanim,#ai_t8_zombie_base_sprint_ad_v24
xanim,#vm_battle_turret_idle
xanim,#vm_crouch_to_prone
xanim,#ai_zombie_base_dog_death_hit_right
xanim,#vm_frag_idle
xanim,#hash_3db65b6bbf08243b
xanim,#vm_ww_freezegun_hand_pose_r
xanim,#vm_ww_freezegun_hand_pose_l
xanim,#p8_fxanim_zm_perk_vending_soda_use3_anim
xanim,#hash_3e96651895e5b82d
xanim,#ai_zombie_base_run_dth_f_torso_hvy
xanim,#ai_t8_zm_zod_catalyst_corrosive_death_02_scale
xanim,#hash_3ec12b35c5385309
xanim,#vm_purifier_t8_jump
xanim,#vm_raygun_ads_base_up
xanim,#hash_3f093c261604821f
xanim,#ai_t8_zm_quad_attack_double_6
xanim,#ai_t8_zm_quad_attack_double_4
xanim,#ai_t8_zm_quad_attack_double_5
xanim,#ai_t8_zm_quad_attack_double_2
xanim,#ai_t8_zm_quad_attack_double_3
xanim,#ai_zombie_base_run_au_v22_pain_chest_f
xanim,#pt_grenade_prone_prime
xanim,#ai_base_rifle_stn_run_dth_r_arms_lt_1
xanim,#ai_t8_zm_zombie_base_run_mantle_up_80_dn_36
xanim,#pt_war_machine_stand_fire
xanim,#hash_3f467d29efe4e01b
xanim,#hash_3f467e29efe4e1ce
xanim,#hash_3f467f29efe4e381
xanim,#hash_3f468029efe4e534
xanim,#hash_3f468129efe4e6e7
xanim,#hash_3f468229efe4e89a
xanim,#ai_zm_dlc1_zombie_run_lowg_v3_pain_chest_f_alt
xanim,#pt_pistol_stand_firstraise
xanim,#ai_t8_zm_quad_stunned_electrobolt
xanim,#pt_battle_shield_male_stand_first_raise
xanim,#ai_t8_zm_zombie_base_crawl_trv_jump_up_128_thru_sm_hole
xanim,#vm_zom_raygun_mk2_putaway
xanim,#hash_3f98a5c7d9930100
xanim,#hash_3f99398e09a89e6c
xanim,#ai_t8_zm_zombie_boardtear_aligned_r_1_pull
xanim,#vm_purifier_t8_fall
xanim,#vm_pistol_webley_walk_f
xanim,#ai_zombie_base_dog_idle
xanim,#vm_pistol_webley_crawl_out
xanim,#ai_t8_zm_zombie_base_crawl_boardtear_aligned_m_3_grab
xanim,#ai_zm_dlc1_zombie_walk_lowg_v1_pain_chest_f
xanim,#ai_zombie_base_walk_au_v5_pain_chest_f_alt
xanim,#hash_41892f6eb986bc22
xanim,#hash_418c34fbf4d5af0f
xanim,#ai_zombie_base_dog_run_turn_90_right
xanim,#ai_zm_dlc1_zombie_walk_lowg_v3_pain_chest_f_alt
xanim,#vm_frag_throw
xanim,#ai_zombie_base_walk_turn_135_l_v3
xanim,#ai_t8_zm_zombie_base_walk_mantle_over_128
xanim,#vm_raygun_swim_uw_pullout
xanim,#ai_zm_dlc1_zombie_jump_up_180_down_36
xanim,#pt_knife_stand_first_raise
xanim,#ai_zm_dlc1_zombie_crawl_climb_up_192_down_40
xanim,#pt_minigun_crouch_fire
xanim,#ai_zombie_base_walk_ad_sidestep_left_long_b
xanim,#ai_t8_zm_zod_catalyst_electric_attack_01
xanim,#ai_t8_zm_zod_catalyst_electric_attack_02
xanim,#ai_t8_zm_quad_jump_up_36
xanim,#ai_t8_zm_quad_jump_up_72
xanim,#ai_t8_zm_quad_jump_up_48
xanim,#ai_t8_zm_quad_jump_up_96
xanim,#ai_t8_zombie_base_sprint_ad_v24_pain_chest_f
xanim,#ai_zombie_base_walk_au_v13_pain_chest_f
xanim,#ai_t8_zm_zombie_boardtear_aligned_m_1_hold
xanim,#vm_zom_talon_spikes_dw_slam_out
xanim,#ai_zombie_base_sprint_ad_sidestep_right_short_a
xanim,#hash_43606f8bf6deb70a
xanim,#ai_t8_zm_zombie_boardtear_aligned_l_1_hold
xanim,#ai_t8_zm_zombie_base_walk_jump_up_128
xanim,#hash_4396b46123766bea
xanim,#ai_t8_zm_zombie_base_walk_mantle_up_36_dn_80
xanim,#hash_439a196123794d60
xanim,#hash_439a1b61237950c6
xanim,#hash_439a1c6123795279
xanim,#hash_439a1d612379542c
xanim,#hash_439a1e61237955df
xanim,#hash_439a1f6123795792
xanim,#hash_439a206123795945
xanim,#hash_439a216123795af8
xanim,#hash_439a226123795cab
xanim,#ai_zombie_base_walk_au_v21_pain_chest_f
xanim,#vm_purifier_t8_fire_intro
xanim,#hash_43b6bfed8e16880f
xanim,#ai_zombie_base_sprint_ad_sidestep_left_long_a
xanim,#ai_zombie_base_sprint_ad_sidestep_left_long_b
xanim,#ai_t8_zm_zombie_base_run_mantle_over_96
xanim,#vm_prone_to_crouch
xanim,#vm_riotshield_zm_sprint_in
xanim,#hash_43f05c63b790b957
xanim,#ai_t8_zm_zombie_base_run_mantle_over_72
xanim,#ai_t8_zm_zombie_base_run_mantle_over_48
xanim,#ai_t8_zm_zombie_base_run_mantle_over_36
xanim,#vm_katana_sprint_putaway
xanim,#ai_zombie_base_run_ad_v20_pain_chest_f_alt
xanim,#ai_t8_zm_zombie_boardtear_aligned_r_5_grab
xanim,#vm_zom_monkey_bomb_pullpin
xanim,#p8_fxanim_zm_office_wall_barrier_chunk6
xanim,#p8_fxanim_zm_office_wall_barrier_chunk5
xanim,#p8_fxanim_zm_office_wall_barrier_chunk4
xanim,#p8_fxanim_zm_office_wall_barrier_chunk3
xanim,#p8_fxanim_zm_office_wall_barrier_chunk2
xanim,#p8_fxanim_zm_office_wall_barrier_chunk1
xanim,#ai_t8_zombie_base_sprint_au_v21_pain_chest_f_alt
xanim,#hash_449236f99326b655
xanim,#vm_ww_freezegun_sprint_loop
xanim,#ai_zombie_base_dog_run_attack
xanim,#ai_zombie_base_dog_trot_turn_180_left
xanim,#ai_t8_zm_zombie_base_run_mantle_up_36_dn_80
xanim,#vm_riotshield_zm_ads_down
xanim,#ai_zombie_base_run_turn_135_l_v2
xanim,#ai_zombie_base_run_ad_v2_pain_chest_f_alt
xanim,#vm_minigun_sprint_loop
xanim,#ai_zombie_base_run_au_v2_pain_chest_f
xanim,#pt_katana_stand_raise
xanim,#ai_t8_zombie_base_sprint_ad_win_trav_m_v1
xanim,#ai_t8_zombie_base_sprint_ad_win_trav_m_v2
xanim,#hash_45e8d4bab402d314
xanim,#hash_45ec51bab405dd52
xanim,#hash_45ec52bab405df05
xanim,#hash_45ec53bab405e0b8
xanim,#hash_45ec54bab405e26b
xanim,#hash_45ec55bab405e41e
xanim,#hash_45ec56bab405e5d1
xanim,#hash_45ec57bab405e784
xanim,#hash_45ec58bab405e937
xanim,#hash_45ec59bab405eaea
xanim,#hash_45f2794d756cef79
xanim,#ai_t8_zombie_base_run_pain_10
xanim,#ai_t8_zombie_base_run_pain_11
xanim,#ai_t8_zombie_base_run_pain_12
xanim,#ai_t8_zombie_base_run_pain_13
xanim,#ai_t8_zombie_base_run_pain_14
xanim,#ai_t8_zombie_base_run_pain_15
xanim,#ai_t8_zombie_base_run_pain_16
xanim,#ai_t8_zombie_base_run_pain_09
xanim,#ai_t8_zombie_base_run_pain_03
xanim,#ai_t8_zombie_base_run_pain_02
xanim,#ai_t8_zombie_base_run_pain_01
xanim,#ai_t8_zombie_base_run_pain_07
xanim,#ai_t8_zombie_base_run_pain_06
xanim,#ai_t8_zombie_base_run_pain_05
xanim,#ai_t8_zombie_base_run_pain_04
xanim,#ai_t8_zm_zombie_base_crawl_boardtear_aligned_m_2_pull
xanim,#ai_zombie_base_walk_au_v4_pain_chest_f_alt
xanim,#ai_t8_zombie_base_walk_ad_win_trav_r_v1
xanim,#ai_t8_zm_quad_jump_up_128
xanim,#ai_zombie_base_jump_across_256
xanim,#pt_pistol_raygun_crouch_reload
xanim,#ai_zombie_base_run_ad_v4_pain_chest_f_alt
xanim,#vm_t8_PRONE_TO_CROUCH_bare_hands_additive
xanim,#p8_fxanim_zm_perk_vending_tonic_off_anim
xanim,#vm_zom_talon_spikes_dw_idle_r
xanim,#vm_zom_talon_spikes_dw_idle_l
xanim,#ai_zombie_base_walk_ad_v3_pain_chest_f_alt
xanim,#ai_t8_zombie_base_sprint_ad_v21_pain_chest_f_alt
xanim,#hash_4745561c3587a0e9
xanim,#ai_t8_zm_zombie_base_crawl_boardtear_aligned_m_1_pull
xanim,#ai_zombie_smash_react_r_jackiespinleft
xanim,#ai_zombie_base_run_dth_b_head_lt
xanim,#ai_zombie_base_run_turn_180_l_v2
xanim,#bo3_ai_crew_cougar_driver_idle
xanim,#ai_zombie_base_run_au_v24_pain_chest_f
xanim,#pt_katana_stand_firstraise
xanim,#vm_battle_turret_ads_base_down
xanim,#ai_t8_zm_quad_death_4
xanim,#ai_t8_zm_quad_death_5
xanim,#ai_t8_zm_quad_death_6
xanim,#ai_t8_zm_quad_death_2
xanim,#ai_t8_zm_quad_death_3
xanim,#ai_t8_zm_quad_phaseleft_long_b
xanim,#ai_t8_zm_quad_phaseleft_long_a
xanim,#ai_t8_zm_quad_crawl_sprint
xanim,#vm_pistol_webley_sprint_in
xanim,#ai_t8_zm_quad_phaseright_short_b
xanim,#ai_t8_zm_quad_phaseright_short_a
xanim,#ai_zombie_base_dog_trot_turn_90_left
xanim,#ai_t8_zombie_base_sprint_au_v25_pain_chest_f
xanim,#hash_48a3b99c691acf89
xanim,#ai_zombie_base_walk_au_v8_pain_chest_f_alt
xanim,#hash_48aa712ccdc2367f
xanim,#hash_48b8ae34c82da2f1
xanim,#hash_48b8b834c82db3ef
xanim,#ai_zombie_base_run_au_v1_pain_chest_f
xanim,#vm_battle_shield_jump
xanim,#vm_purifier_t8_sprint_in
xanim,#ai_zombie_base_run_au_v11_pain_chest_f
xanim,#vm_minigun_idle
xanim,#vm_battle_turret_melee
xanim,#ai_t8_zombie_base_super_sprint_attack_01
xanim,#ai_t8_zombie_base_super_sprint_attack_02
xanim,#ai_t8_zombie_base_super_sprint_attack_03
xanim,#ai_t8_zombie_base_super_sprint_attack_04
xanim,#ai_t8_zombie_base_super_sprint_attack_05
xanim,#ai_t8_zm_quad_death
xanim,#ai_t8_zombie_base_run_ad_win_trav_m_v1
xanim,#ai_zombie_base_dth_r_v1
xanim,#ai_zombie_base_dth_r_v2
xanim,#vm_katana_fall
xanim,#ai_zombie_base_dog_run_jump_256
xanim,#ai_t8_zombie_base_sprint_au_v22_pain_chest_f
xanim,#vm_battle_shield_jump_land
xanim,#ai_t8_zm_zombie_base_crawl_boardtear_aligned_l_4_hold
xanim,#vm_raygun_sprint_out
xanim,#ai_t8_zm_zombie_base_crawl_mantle_up_36_dn_80
xanim,#ai_t8_zombie_base_run_ad_win_trav_l_v1
xanim,#vm_t8_swim_brawler_in_additive
xanim,#p8_fxanim_zm_perk_vending_soda_use6_anim
xanim,#ai_t8_zm_zombie_base_trv_zipline_ship
xanim,#hash_4b60b13c624e8a32
xanim,#ai_t8_zombie_base_run_attack_17
xanim,#ai_t8_zombie_base_run_attack_10
xanim,#ai_t8_zombie_base_run_attack_12
xanim,#ai_t8_zombie_base_run_attack_13
xanim,#ai_t8_zombie_base_run_attack_18
xanim,#ai_t8_zombie_base_run_attack_19
xanim,#ai_t8_zombie_base_run_attack_06
xanim,#ai_t8_zombie_base_run_attack_04
xanim,#ai_t8_zombie_base_run_attack_03
xanim,#ai_t8_zombie_base_run_attack_02
xanim,#ai_t8_zombie_base_run_attack_08
xanim,#ai_t8_zombie_base_run_attack_30
xanim,#ai_t8_zombie_base_run_attack_29
xanim,#ai_t8_zombie_base_run_attack_28
xanim,#ai_t8_zombie_base_run_attack_25
xanim,#ai_t8_zombie_base_run_attack_24
xanim,#ai_t8_zombie_base_run_attack_26
xanim,#ai_t8_zombie_base_run_attack_21
xanim,#ai_t8_zombie_base_run_attack_20
xanim,#ai_t8_zombie_base_run_attack_23
xanim,#ai_t8_zombie_base_run_attack_22
xanim,#ai_t8_zm_quad_getup_faceup_1
xanim,#vm_raygun_sprint_loop
xanim,#ai_zombie_base_walk_au_sidestep_left_long_d
xanim,#vm_t8_swim_brawler_r
xanim,#vm_t8_swim_brawler_l
xanim,#vm_t8_swim_brawler_f
xanim,#vm_t8_swim_brawler_b
xanim,#ai_zombie_smash_react_f
xanim,#vm_minigun_sprint_out
xanim,#ai_t8_zm_zombie_base_crawl_boardtear_aligned_r_6_hold
xanim,#ai_t8_zm_zombie_boardtear_aligned_m_3_hold
xanim,#ai_zombie_base_crawl_v3
xanim,#ai_zombie_base_crawl_v2
xanim,#ai_zombie_base_crawl_v1
xanim,#ai_zombie_base_crawl_v5
xanim,#ai_zombie_base_crawl_v4
xanim,#vm_minigun_ads_base_up
xanim,#ai_t8_zm_zombie_base_crawl_boardtear_aligned_r_5_hold
xanim,#vm_purifier_t8_hand_pose_r
xanim,#vm_purifier_t8_hand_pose_l
xanim,#ai_zombie_base_run_ad_v14_pain_chest_f_alt
xanim,#ai_zombie_base_walk_au_v20_pain_chest_f
xanim,#vm_battle_shield_fall
xanim,#ai_zombie_base_walk_turn_45_l_v2
xanim,#vm_t8_swim_brawler_idle_static
xanim,#ai_t8_zm_zombie_base_crawl_boardtear_aligned_r_3_hold
xanim,#ai_t8_zm_zombie_base_crawl_mantle_over_36
xanim,#ai_t8_zm_zombie_base_crawl_mantle_over_48
xanim,#ai_t8_zm_zombie_base_crawl_mantle_over_72
xanim,#ai_t8_zm_zombie_boardtear_aligned_m_3_grab
xanim,#ai_t8_zm_zombie_boardtear_aligned_l_2_grab
xanim,#ai_t8_zm_zombie_base_crawl_mantle_over_96
xanim,#ai_zombie_base_run_au_sidestep_left_short_b
xanim,#ai_zombie_base_run_au_sidestep_left_short_a
xanim,#vm_zom_bowie_knife_ads_base_down
xanim,#hash_4dc450b49570c27d
xanim,#ai_t8_zm_quad_attack
xanim,#ai_zombie_base_walk_ad_v2_pain_chest_f_alt
xanim,#ai_zombie_base_walk_au_v12_pain_chest_f
xanim,#hash_4e08c69998202ceb
xanim,#vm_t8_swim_b_dw
xanim,#o_t8_zm_zombie_board_3_repair
xanim,#ai_zm_dlc1_zombie_walk_lowg_v3_pain_chest_f
xanim,#ai_t8_zm_zombie_boardtear_aligned_m_3_pull
xanim,#pt_katana_stand_taunt
xanim,#vm_t8_mantle_over_additive
xanim,#ai_t8_zm_zombie_boardtear_aligned_r_2_pull
xanim,#ai_zombie_base_mantle_over_48
xanim,#ai_zombie_base_mantle_over_72
xanim,#vm_t8_swim_l_additive
xanim,#ai_zombie_base_mantle_over_36
xanim,#ai_zombie_base_mantle_over_96
xanim,#hash_4ecc3321dc07e130
xanim,#ai_t8_zombie_base_sprint_ad_v23_pain_chest_f_alt
xanim,#vm_brawler_t8_walk_f
xanim,#ai_zombie_base_crawl_idle_v1
xanim,#o_t8_zm_zombie_board_4_pull
xanim,#ai_t8_zm_zombie_base_crawl_boardtear_aligned_m_6_hold
xanim,#bo3_ai_crew_cougar_guy1_idle
xanim,#o_zombie_base_magic_box_close
xanim,#ai_zombie_base_walk_ad_v25_pain_chest_f
xanim,#ai_t8_zm_zombie_base_crawl_boardtear_aligned_m_1_hold
xanim,#ai_t8_zm_zombie_base_crawl_boardtear_aligned_l_5_pull
xanim,#vm_ww_freezegun_walk_f
xanim,#ai_t8_zm_zombie_boardtear_aligned_l_4_hold
xanim,#hash_50026740c9fdea7f
xanim,#pt_knife_crouch_first_raise
xanim,#o_t8_zm_zombie_board_6_repair
xanim,#hash_50161f892933ce10
xanim,#ai_t8_zm_zombie_base_walk_mantle_up_80_dn_36
xanim,#hash_502d24acd2d9e089
xanim,#vm_slide_bare_hands_additive
xanim,#vm_katana_sprint_pullout
xanim,#pt_grenade_crouch_prime
xanim,#ai_t8_zm_zombie_base_crawl_boardtear_aligned_r_5_grab
xanim,#hash_507f5bfd7777ec9a
xanim,#ai_t8_zm_zombie_boardtear_aligned_l_5_pull
xanim,#vm_minigun_gunbutt_swipe
xanim,#ai_t8_zm_quad_phaseforward_short_b
xanim,#ai_t8_zm_quad_phaseforward_short_a
xanim,#ai_t8_zombie_base_sprint_ad_v5_pain_chest_f
xanim,#vm_zom_bowie_knife_idle
xanim,#ai_t8_zm_zombie_boardtear_aligned_m_5_grab
xanim,#p7_fxanim_gp_wire_sparking_ground_01_anim
xanim,#ai_zm_dlc1_zombie_crawl_lowg_v1
xanim,#ai_zm_dlc1_zombie_crawl_lowg_v2
xanim,#ai_zm_dlc1_zombie_crawl_lowg_v3
xanim,#hash_50fad7243a677e3b
xanim,#vm_battle_turret_fire
xanim,#hash_5119deb11e8111d3
xanim,#vm_raygun_idle
xanim,#ai_t8_zombie_base_run_ad_win_trav_r_v1
xanim,#hash_519b31595a08fa3d
xanim,#ai_zombie_base_dog_traverse_down_190
xanim,#ai_zombie_base_dog_traverse_down_184
xanim,#ai_t8_zm_quad_knockdown_l_1
xanim,#hash_51fb05f3994c12d9
xanim,#vm_raygun_crawl_in
xanim,#ai_zombie_base_dog_traverse_down_127
xanim,#ai_zombie_base_dog_traverse_down_126
xanim,#vm_minigun_fire_grenade
xanim,#p8_fxanim_zm_perk_vending_tonic_on_anim
xanim,#vm_zom_raygun_mk2_fire_ads
xanim,#hash_521178b53071d1f2
xanim,#ai_zombie_base_dog_traverse_down_96
xanim,#ai_t8_zombie_base_super_sprint_25
xanim,#ai_t8_zombie_base_super_sprint_24
xanim,#ai_t8_zombie_base_super_sprint_23
xanim,#ai_t8_zombie_base_super_sprint_22
xanim,#ai_t8_zombie_base_super_sprint_21
xanim,#ai_t8_zombie_base_super_sprint_20
xanim,#ai_t8_zombie_base_super_sprint_18
xanim,#ai_t8_zombie_base_super_sprint_19
xanim,#ai_t8_zombie_base_super_sprint_12
xanim,#ai_t8_zombie_base_super_sprint_13
xanim,#ai_t8_zombie_base_super_sprint_10
xanim,#ai_t8_zombie_base_super_sprint_11
xanim,#ai_t8_zombie_base_super_sprint_16
xanim,#ai_t8_zombie_base_super_sprint_17
xanim,#ai_t8_zombie_base_super_sprint_14
xanim,#ai_t8_zombie_base_super_sprint_15
xanim,#ai_t8_zombie_base_super_sprint_09
xanim,#ai_t8_zombie_base_super_sprint_08
xanim,#ai_t8_zombie_base_super_sprint_05
xanim,#ai_t8_zombie_base_super_sprint_04
xanim,#ai_t8_zombie_base_super_sprint_07
xanim,#ai_t8_zombie_base_super_sprint_06
xanim,#ai_t8_zombie_base_super_sprint_01
xanim,#ai_t8_zombie_base_super_sprint_03
xanim,#ai_t8_zombie_base_super_sprint_02
xanim,#o_zombie_base_magic_box_fake_idle_twitch_a
xanim,#o_zombie_base_magic_box_fake_idle_twitch_b
xanim,#o_t8_zm_zombie_board_4_repair
xanim,#ai_zombie_base_dog_traverse_down_40
xanim,#ai_zombie_base_dog_traverse_down_48
xanim,#ai_zombie_base_dog_traverse_down_72
xanim,#vm_battle_shield_pullout
xanim,#ai_zombie_base_walk_au_v7_pain_chest_f
xanim,#ai_t8_zm_zombie_base_walk_jump_down_128
xanim,#ai_zombie_base_run_ad_v24_pain_chest_f
xanim,#ai_zombie_base_run_ad_v23_pain_chest_f_alt
xanim,#vm_battle_turret_pullout_alt
xanim,#vm_zom_purifier_t8_tornado
xanim,#hash_52dc6c416a491fa0
xanim,#p8_zm_off_teleporter_cables_hanging_xanim
xanim,#ai_zombie_base_walk_ad_v20_pain_chest_f
xanim,#ai_zombie_smash_react_l_legsoutright
xanim,#p8_zm_off_phone_vintage_idle
xanim,#ai_t8_zm_zombie_boardtear_aligned_r_2_hold
xanim,#ai_t8_zombie_base_sprint_au_v21_pain_chest_f
xanim,#ai_t8_zm_zombie_boardtear_aligned_m_6_hold
xanim,#ai_zm_dlc1_zombie_run_lowg_v2_pain_chest_f
xanim,#vm_brawler_t8_sprint_out
xanim,#ai_zombie_base_dth_l_v2
xanim,#ai_zombie_base_dth_l_v1
xanim,#ai_t8_zm_zombie_base_crawl_boardtear_aligned_r_3_grab
xanim,#vm_katana_ads_base_down
xanim,#ai_t8_zm_zombie_base_crawl_boardtear_aligned_r_2_grab
xanim,#vm_ww_freezegun_ads_base_up
xanim,#ai_zombie_base_walk_ad_sidestep_right_a
xanim,#vm_ww_freezegun_pullout
xanim,#vm_t8_swim_brawler_idle_static_additive
xanim,#hash_53bca59b4ad64613
xanim,#ai_t8_zm_zombie_boardtear_aligned_r_3_grab
xanim,#hash_53dba55cc8ce48da
xanim,#p8_fxanim_zm_perk_vending_brew_off_anim
xanim,#ai_t8_zm_zombie_base_crawl_dth_freeze_02
xanim,#ai_t8_zm_zombie_base_crawl_dth_freeze_01
xanim,#ai_zombie_base_run_turn_90_r_v2
xanim,#ai_t8_zm_quad_phaseforward_long_b
xanim,#ai_t8_zm_quad_phaseforward_long_a
xanim,#ai_t8_zm_zombie_base_run_jump_up_128
xanim,#ai_zombie_base_walk_ad_v6_pain_chest_f_alt
xanim,#vm_purifier_t8_ads_base_up
xanim,#ai_zombie_base_run_ad_v11_pain_chest_f
xanim,#hash_549c400dc54bb270
xanim,#hash_54f24b2ecd765521
xanim,#ai_t8_zombie_base_sprint_au_win_trav_r_v1
xanim,#pb_spikes_slam_outro
xanim,#hash_557fe5975c729a83
xanim,#hash_557fe6975c729c36
xanim,#ai_zombie_base_jump_up_96
xanim,#ai_zombie_base_fast_sprint_02_pain_chest_f
xanim,#ai_zombie_base_jump_up_36
xanim,#ai_t8_zm_zombie_base_crawl_boardtear_aligned_l_2_hold
xanim,#ai_t8_zm_zombie_base_crawl_boardtear_aligned_r_5_pull
xanim,#hash_55add1120184e428
xanim,#ai_zombie_base_jump_up_72
xanim,#ai_zombie_base_jump_up_48
xanim,#pt_battle_shield_male_stand_melee
xanim,#ai_t8_zombie_base_sprint_au_v25
xanim,#ai_t8_zombie_base_sprint_au_v22
xanim,#ai_t8_zombie_base_sprint_au_v20
xanim,#ai_t8_zombie_base_sprint_au_v21
xanim,#ai_zombie_base_walk_ad_v4_pain_chest_f_alt
xanim,#ai_zombie_cp_jump_up_128_down_32
xanim,#ai_t8_zm_zombie_base_crawl_boardtear_aligned_m_1_grab
xanim,#p8_fxanim_zm_perk_vending_soda_disable_anim
xanim,#hash_5639596678d7c54b
xanim,#ai_t8_zombie_base_sprint_au_win_trav_l_v1
xanim,#hash_5669b2ec181d30c5
xanim,#vm_katana_taunt
xanim,#o_zombie_base_packapunch_working_take_gun
xanim,#vm_zom_talon_spikes_dw_slam
xanim,#ai_zombie_base_sprint_au_sidestep_left_short_a
xanim,#ai_zombie_base_sprint_au_sidestep_left_short_b
xanim,#ai_zm_dlc1_zombie_walk_lowg_v2_pain_chest_f_alt
xanim,#hash_56ab9e070d3d872d
xanim,#hash_56bf1d79b86481d7
xanim,#pt_pistol_swim_melee_gunbutt
xanim,#hash_56f2c20faace98d1
xanim,#ai_zombie_base_dth_f_head_lt_02
xanim,#ai_zombie_base_dth_f_head_lt_01
xanim,#ai_zombie_base_dth_f_head_lt_00
xanim,#ai_t8_zm_zombie_boardtear_aligned_m_5_hold
xanim,#ai_zombie_smash_react_getup_quick_b
xanim,#ai_zombie_smash_react_getup_quick_c
xanim,#ai_t8_zm_quad_crawl_run
xanim,#o_zombie_base_packapunch_worldguns_ejected
xanim,#ai_t8_zombie_base_sprint_ad_v2_pain_chest_f_alt
xanim,#ai_zm_dlc1_zombie_sprint_lowg_v4_pain_chest_f_alt
xanim,#hash_579969ee6591d136
xanim,#pt_one_handed_gun_male_stand_fire
xanim,#ai_t8_zm_zombie_base_crawl_boardtear_aligned_l_4_pull
xanim,#ai_zombie_base_sprint_au_sidestep_right_short
xanim,#vm_t8_swim_idle_static
xanim,#ai_base_rifle_stn_run_dth_b_head_lt_1
xanim,#ai_t8_zombie_base_sprint_ad_v21_pain_chest_f
xanim,#vm_frag_ads_up
xanim,#p8_fxanim_zm_perk_vending_cola_on_anim
xanim,#ai_t8_zm_zombie_base_crawl_boardtear_aligned_m_4_hold
xanim,#ai_t8_zm_zombie_dog_pro_trv_mantle_128
xanim,#ai_t8_zm_zombie_boardtear_aligned_r_1_grab
xanim,#vm_battle_shield_pullout_quick
xanim,#ai_zombie_base_walk_ad_v2_pain_chest_f
xanim,#ai_t8_zm_quad_spore_attack
xanim,#vm_katana_putaway
xanim,#ai_t8_zm_zombie_base_crawl_boardtear_aligned_l_3_hold
xanim,#hash_594549772e38be2e
xanim,#vm_pistol_webley_swim_uw_pullout
xanim,#hash_597562f7b1d93083
xanim,#ai_t8_zm_zombie_base_dog_run_25
xanim,#pt_minigun_fem_stand_firstraise
xanim,#ai_t8_zm_zombie_base_crawl_boardtear_aligned_r_6_pull
xanim,#ai_zombie_base_run_ad_sidestep_right_long_a
xanim,#zm_office_debris_groom_lake_medium_clear
xanim,#ai_t8_zm_zombie_base_crawl_jump_up_160
xanim,#ai_t8_zm_zombie_base_crawl_jump_up_128
xanim,#ai_t8_zm_quad_knockdown_r_1
xanim,#p8_fxanim_zm_perk_vending_cola_off_anim
xanim,#ai_zombie_smash_react_b_deadfallknee
xanim,#vm_purifier_t8_fire_intro_ads
xanim,#ai_zm_dlc1_zombie_climb_up_192_down_40
xanim,#ai_zombie_crawl_dr_jump_down_96
xanim,#ai_zombie_crawl_dr_jump_down_72
xanim,#vm_battle_shield_fire_hold
xanim,#o_spikes_planted_idle
xanim,#vm_zom_talon_spikes_dw_ads_base_up
xanim,#ai_zombie_base_walk_au_v6_pain_chest_f_alt
xanim,#ai_zombie_base_run_ad_v21_pain_chest_f_alt
xanim,#o_t8_zm_zombie_board_1_repair
xanim,#pt_minigun_fem_crouch_throw
xanim,#pt_pistol_swim_fire
xanim,#hash_5ac2a6b098a8c842
xanim,#ai_t8_zombie_base_sprint_au_v1
xanim,#ai_t8_zombie_base_sprint_au_v2
xanim,#ai_t8_zm_zombie_boardtear_aligned_m_6_pull
xanim,#pt_prone_shoot_pistol
xanim,#ai_t8_zombie_base_run_au_win_trav_l_v1
xanim,#ai_zombie_base_walk_au_v4_pain_chest_f
xanim,#vm_zom_talon_spikes_dw_hand_pose_l
xanim,#vm_zom_talon_spikes_dw_hand_pose_r
xanim,#ai_zombie_base_dog_death_front_a
xanim,#ai_zombie_base_dog_death_hit_left
xanim,#hash_5bc6bf95b0bc93d8
xanim,#vm_crouch_to_prone_additive
xanim,#ai_zombie_base_run_au_v21_pain_chest_f
xanim,#vm_battle_shield_ads_base_up
xanim,#hash_5c80e7f57ba3dd3f
xanim,#ai_zombie_base_dth_f_legs_lt_2
xanim,#vm_CROUCH_TO_PRONE_bare_hands_additive
xanim,#ai_t8_zm_quad_taunt
xanim,#vm_katana_dash
xanim,#hash_5ce05168906559af
xanim,#ai_t8_zm_zombie_base_dth_freeze_03
xanim,#ai_t8_zm_zombie_base_dth_freeze_02
xanim,#ai_t8_zm_zombie_base_dth_freeze_01
xanim,#ai_t8_zm_zombie_base_dth_freeze_05
xanim,#ai_t8_zm_zombie_base_dth_freeze_04
xanim,#ai_t8_zombie_traverse_ground_dugup
xanim,#ai_zombie_base_walk_au_v21_pain_chest_f_alt
xanim,#ai_t8_zm_mob_zombie_dog_stun_in
xanim,#ai_t8_zm_zod_catalyst_water_exit_8
xanim,#ai_t8_zm_zod_catalyst_water_exit_9
xanim,#ai_t8_zm_zod_catalyst_water_exit_6
xanim,#ai_t8_zm_zod_catalyst_water_exit_7
xanim,#ai_t8_zm_zod_catalyst_water_exit_4
xanim,#ai_t8_zm_zod_catalyst_water_exit_2
xanim,#ai_t8_zm_zod_catalyst_water_exit_3
xanim,#ai_t8_zm_zod_catalyst_water_exit_1
xanim,#hash_5dd431f1d64f0c8c
xanim,#ai_t8_zombie_base_run_au_win_trav_r_v1
xanim,#hash_5e0b5712827e5022
xanim,#o_t8_zm_zombie_board_5_pull
xanim,#ai_t8_zm_zombie_boardtear_aligned_l_1_grab
xanim,#vm_battle_shield_gunbutt
xanim,#ai_zombie_base_dth_f_l_arm_hvy_01
xanim,#ai_zombie_base_dth_f_l_arm_hvy_00
xanim,#ai_zombie_base_sprint_au_sidestep_right_short_b
xanim,#ai_zombie_base_sprint_au_sidestep_right_short_a
xanim,#p7_fxanim_gp_wire_sparking_xlong_thick_anim
xanim,#pt_brawler_stand_putaway
xanim,#hash_5eba3aaeea4af588
xanim,#vm_brawler_t8_sprint_putaway
xanim,#ai_zombie_base_walk_turn_135_r_v2
xanim,#ai_zombie_base_walk_au_v15_pain_chest_f_alt
xanim,#zm_office_debris_01_idle
xanim,#hash_5f405a47e883f31c
xanim,#vm_battle_shield_sprint_pullout
xanim,#ai_t8_zm_zombie_boardtear_aligned_m_4_grab
xanim,#hash_5f722400ba334299
xanim,#hash_5f860554904749ad
xanim,#ai_zombie_base_idle_ad_v1
xanim,#vm_raygun_inspect
xanim,#vm_zom_talon_spikes_dw_slam_in
xanim,#vm_bare_hands_swim_uw_sprint_loop
xanim,#hash_600da8ceb37fe406
xanim,#vm_riotshield_zm_raise
xanim,#ai_zombie_base_walk_au_v1_pain_chest_f
xanim,#ai_zombie_base_jump_across_128
xanim,#vm_riotshield_zm_ads_up
xanim,#vm_riotshield_zm_melee
xanim,#ai_t8_zombie_base_sprint_au_v25_pain_chest_f_alt
xanim,#hash_605a08a1089b11d9
xanim,#ai_t8_zm_zombie_boardtear_aligned_r_5_hold
xanim,#hash_60804dde64da8a1a
xanim,#vm_zom_raygun_mk2_crawl_in
xanim,#p8_fxanim_zm_perk_vending_soda_use1_anim
xanim,#hash_60c90f205f17f413
xanim,#hash_60e30448f91f82e0
xanim,#ai_zombie_smash_react_l_jackiespinright
xanim,#vm_ww_freezegun_jump_land
xanim,#ai_t8_zm_zombie_base_crawl_boardtear_aligned_r_3_pull
xanim,#vm_raygun_hand_pose_r
xanim,#vm_raygun_hand_pose_l
xanim,#vm_zom_talon_spikes_dw_pullout
xanim,#vm_purifier_t8_idle
xanim,#zm_office_debris_roll_door_idle_b
xanim,#hash_61cfc3a7d14005ba
xanim,#o_zombie_base_packapunch_worldguns_taken
xanim,#vm_pistol_webley_pullout
xanim,#hash_623066eb78e958f4
xanim,#hash_624bab319528d30e
xanim,#hash_6267d1481cdfdfce
xanim,#ai_zombie_base_walk_turn_90_r_v2
xanim,#ai_zombie_base_run_au_sidestep_right_short_b
xanim,#ai_zombie_base_run_au_sidestep_right_short_c
xanim,#ai_zombie_base_run_au_sidestep_right_short_a
xanim,#ai_zombie_base_run_au_sidestep_right_short_d
xanim,#vm_minigun_fire
xanim,#o_zombie_magic_box_weapon_dual_rise
xanim,#vm_t8_swim_b_additive
xanim,#vm_purifier_t8_jump_land
xanim,#ai_t8_zm_zombie_boardtear_aligned_r_6_hold
xanim,#ai_t8_zm_zombie_base_crawl_boardtear_aligned_m_4_pull
xanim,#ai_t8_zm_zombie_boardtear_aligned_l_4_pull
xanim,#ai_zm_dlc1_zombie_walk_lowg_v4
xanim,#ai_zm_dlc1_zombie_walk_lowg_v2
xanim,#ai_zm_dlc1_zombie_walk_lowg_v3
xanim,#ai_zm_dlc1_zombie_walk_lowg_v1
xanim,#ai_zombie_base_run_au_v21_pain_chest_f_alt
xanim,#hash_6415aa9f96a37fca
xanim,#vm_ww_freezegun_swim_from_land
xanim,#ai_zombie_base_dog_traverse_up_40
xanim,#ai_zombie_base_dog_traverse_up_48
xanim,#hash_649366ed3e978894
xanim,#ai_zombie_base_run_au_v22_pain_chest_f_alt
xanim,#vm_zom_talon_spikes_dw_crawl_f
xanim,#vm_zom_talon_spikes_dw_crawl_b
xanim,#vm_zom_talon_spikes_dw_crawl_l
xanim,#vm_zom_talon_spikes_dw_crawl_r
xanim,#hash_64dc68852a2013d4
xanim,#ai_zombie_base_walk_ad_v6_pain_chest_f
xanim,#hash_65116b2f8cec65e7
xanim,#hash_65116c2f8cec679a
xanim,#hash_651b5b2f8cf49f3c
xanim,#hash_651b5e2f8cf4a455
xanim,#hash_652d11f7519795c7
xanim,#vm_pistol_webley_swim_uw_putaway
xanim,#ai_t8_zombie_base_sprint_ad_v22_pain_chest_f
xanim,#vm_purifier_t8_putaway
xanim,#vm_ww_freezegun_crawl_l
xanim,#vm_ww_freezegun_crawl_f
xanim,#vm_ww_freezegun_crawl_b
xanim,#vm_ww_freezegun_crawl_r
xanim,#ai_zombie_base_run_au_v4_pain_chest_f
xanim,#vm_ww_freezegun_ads_base_down
xanim,#vm_katana_sprint_in
xanim,#ai_t8_zm_zombie_boardtear_aligned_l_6_grab
xanim,#ai_t8_zombie_base_sprint_ad_v1_pain_chest_f_alt
xanim,#hash_6646c354797b3f0b
xanim,#vm_brawler_t8_jump
xanim,#ai_zombie_base_walk_ad_v7_pain_chest_f
xanim,#vm_ww_freezegun_sprint_pullout
xanim,#hash_66f46dcf9a2d84f3
xanim,#vm_purifier_t8_sprint_loop
xanim,#ai_t8_zm_zombie_base_dog_run_jump_40
xanim,#vm_zom_talon_spikes_dw_sprint_pullout
xanim,#pt_ww_freezegun_t8_prone_reload
xanim,#vm_zom_raygun_mk2_crawl_out
xanim,#ai_zombie_base_run_ad_sidestep_left_short_a
xanim,#ai_zombie_base_walk_au_v13_pain_chest_f_alt
xanim,#pt_pistol_raygun_stand_reload
xanim,#vm_t8_mantle_over
xanim,#ai_base_rifle_stn_run_dth_f_chest_hvy_1
xanim,#ai_zombie_base_run_turn_135_r_v2
xanim,#vm_battle_shield_sprint_in
xanim,#ai_t8_zm_mob_brutus_tesla_out
xanim,#vm_purifier_t8_swim_uw_putaway
xanim,#hash_688713ef66943f5c
xanim,#vm_t8_swim_r_additive
xanim,#ai_zombie_base_dog_run_turn_180_right
xanim,#ai_zm_dlc1_zombie_sprint_lowg_v1_pain_chest_f_alt
xanim,#hash_68f49d8290169457
xanim,#ai_zombie_base_run_au_v13_pain_chest_f
xanim,#vm_t8_swim_brawler_out_additive
xanim,#ai_zombie_base_run_au_v5_pain_chest_f_alt
xanim,#ai_zombie_base_sprint_ad_sidestep_right_long
xanim,#zm_office_debris_groom_lake_medium_idle
xanim,#vm_raygun_fire
xanim,#hash_69c78e6e0e4dc8ca
xanim,#hash_69e1a49c73655274
xanim,#ai_zombie_base_traverse_ground_climbout_fast
xanim,#ai_zombie_base_walk_ad_v4_pain_chest_f
xanim,#vm_zom_raygun_mk2_sprint_loop
xanim,#vm_raygun_gunbutt_swipe
xanim,#o_zombie_base_magic_box_open
xanim,#o_zombie_base_packapunch_flag_up
xanim,#ai_zombie_smash_react_r_legsoutleft
xanim,#ai_zm_dlc1_zombie_crawl_jump_down_190
xanim,#vm_zom_raygun_mk2_ads_base_up
xanim,#vm_minigun_putaway_quick
xanim,#vm_t8_swim_l_dw
xanim,#ai_t8_zm_zombie_boardtear_aligned_r_6_pull
xanim,#o_zombie_base_packapunch_flag_down
xanim,#hash_6aeeb2d75848bb61
xanim,#ai_zombie_base_walk_au_v11_pain_chest_f_alt
xanim,#vm_battle_shield_first_raise
xanim,#ai_t8_zombie_base_sprint_ad_v1_pain_chest_f
xanim,#vm_t8_swim_f_additive
xanim,#zm_office_debris_02_idle
xanim,#vm_katana_swim_uw_putaway
xanim,#ai_zombie_base_run_ad_v2_pain_chest_f
xanim,#ai_zombie_base_run_ad_v24_pain_chest_f_alt
xanim,#vm_pistol_webley_idle
xanim,#ai_zm_dlc1_zombie_crawl_jump_up_36_down_180
xanim,#ai_t8_zm_quad_knockdown_faceup_1
xanim,#p8_fxanim_zm_zod_wormhole_anim
xanim,#vm_katana_pullout_quick
xanim,#ai_t8_zombie_base_sprint_ad_v23_pain_chest_f
xanim,#bo3_ai_crew_cougar_guy1_exit
xanim,#vm_purifier_t8_fire_ads
xanim,#vm_bare_hands_idle
xanim,#hash_6cff2015e5f2a5de
xanim,#vm_ww_freezegun_idle
xanim,#pt_ww_freezegun_t8_crouch_reload
xanim,#hash_6dca067d4a906dad
xanim,#ai_t8_base_rifle_stn_run_dth_r_arms_lt_1
xanim,#ai_t8_zm_quad_jump_down_128
xanim,#pt_battle_shield_male_stand_pullout
xanim,#ai_t8_zombie_base_walk_au_win_trav_l_v1
xanim,#ai_zombie_base_run_ad_v23_pain_chest_f
xanim,#hash_6e75bce6030752c1
xanim,#ai_zombie_base_run_au_v9_pain_chest_f
xanim,#vm_zom_raygun_mk2_pullout
xanim,#ai_t8_zm_zombie_base_crawl_boardtear_aligned_l_3_pull
xanim,#ai_t8_zombie_base_sprint_ad_v2
xanim,#ai_t8_zombie_base_sprint_ad_v1
xanim,#ai_t8_zombie_base_sprint_ad_v5
xanim,#p8_fxanim_zm_perk_vending_soda_use2_anim
xanim,#ai_zombie_base_run_au_sidestep_left_short
xanim,#ai_t8_zm_quad_crawl_run_5
xanim,#ai_t8_zm_quad_crawl_run_4
xanim,#ai_t8_zm_quad_crawl_run_3
xanim,#ai_t8_zm_quad_crawl_run_2
xanim,#vm_brawler_t8_crawl_in
xanim,#ai_t8_zm_mob_zombie_dog_stun_loop
xanim,#ai_t8_zm_quad_crawl_3
xanim,#ai_t8_zm_quad_crawl_2
xanim,#ai_zombie_base_walk_ad_sidestep_right_short_a
xanim,#hash_707e34d8df702aee
xanim,#ai_t8_zm_zombie_base_crawl_boardtear_aligned_r_1_pull
xanim,#vm_t8_dw_slide
xanim,#hash_70d39bd86217eec9
xanim,#ai_zombie_base_walk_ad_v7_pain_chest_f_alt
xanim,#hash_7132a7c9cb54a328
xanim,#vm_zom_monkey_bomb_hand_pose_l
xanim,#vm_zom_monkey_bomb_hand_pose_r
xanim,#ai_zm_dlc1_zombie_sprint_lowg_v3_pain_chest_f
xanim,#ai_t8_zm_zombie_boardtear_aligned_m_2_pull
xanim,#ai_t8_zm_zombie_base_crawl_jump_down_36
xanim,#ai_t8_zm_zombie_base_crawl_jump_down_48
xanim,#ai_zombie_base_run_jump_down_36
xanim,#ai_t8_zm_zombie_base_crawl_jump_down_72
xanim,#ai_t8_zm_zombie_base_crawl_jump_down_96
xanim,#ai_zombie_base_run_jump_down_72
xanim,#ai_zombie_base_run_jump_down_48
xanim,#hash_718a153866ac389e
xanim,#ai_zombie_base_run_jump_down_96
xanim,#ai_zm_dlc1_zombie_sprint_lowg_v2_pain_chest_f
xanim,#ai_t8_zombie_base_crawl_sprint_win_trav_r_v1
xanim,#hash_71d183975eeb9e18
xanim,#vm_t8_swim_f_dw
xanim,#vm_t8_swim_l
xanim,#vm_t8_swim_f
xanim,#vm_t8_swim_b
xanim,#vm_t8_swim_r
xanim,#hash_72b56baaa12f7c33
xanim,#ai_zombie_base_sprint_ad_sidestep_left_short_a
xanim,#vm_pistol_webley_fall
xanim,#ai_zombie_base_idle_au_v1
xanim,#ai_zombie_base_walk_ad_v21_pain_chest_f
xanim,#pt_pistol_stand_shoot
xanim,#ai_t8_zm_zombie_boardtear_aligned_r_6_grab
xanim,#pt_battle_turret_male_stand_putaway
xanim,#vm_purifier_t8_pullout_quick
xanim,#ai_t8_zombie_base_run_pain_move_l_04
xanim,#ai_t8_zombie_base_run_pain_move_l_05
xanim,#ai_t8_zombie_base_run_pain_move_l_06
xanim,#ai_t8_zombie_base_run_pain_move_l_01
xanim,#ai_t8_zombie_base_run_pain_move_l_02
xanim,#ai_t8_zombie_base_run_pain_move_l_03
xanim,#ai_t8_zm_zombie_base_run_mantle_over_128
xanim,#ai_zm_dlc1_zombie_jump_up_244_down_36
xanim,#hash_73627c6ade72715e
xanim,#vm_ww_freezegun_fire_ads
xanim,#hash_7388a72cdc7c5a0c
xanim,#vm_pistol_webley_ads_base_down
xanim,#vm_pistol_webley_crawl_l
xanim,#vm_pistol_webley_crawl_f
xanim,#vm_pistol_webley_crawl_b
xanim,#vm_pistol_webley_crawl_r
xanim,#ai_zombie_base_walk_ad_v25_pain_chest_f_alt
xanim,#ai_zombie_base_run_dth_f_torso_lt
xanim,#hash_73e3ffca8dc8fd2a
xanim,#ai_t8_zm_zombie_base_crawl_boardtear_aligned_l_1_hold
xanim,#ai_t8_zm_zombie_base_walk_mantle_over_72
xanim,#ai_t8_zm_zombie_base_walk_mantle_over_48
xanim,#ai_t8_zm_zombie_base_walk_mantle_over_40
xanim,#ai_t8_zm_zombie_base_walk_mantle_over_36
xanim,#hash_743edc2708ace306
xanim,#ai_t8_zm_zombie_base_walk_mantle_over_96
xanim,#vm_ww_freezegun_fall
xanim,#vm_ww_freezegun_crawl_out
xanim,#hash_7495825ed8564571
xanim,#vm_zom_raygun_mk2_jump_land
xanim,#ai_zm_dlc1_zombie_crawl_jump_up_36_down_244
xanim,#ai_t8_zm_zombie_boardtear_aligned_m_4_hold
xanim,#pt_ww_freezegun_t8_stand_reload
xanim,#hash_75ecf78b4c7b52b5
xanim,#ai_zombie_base_dth_tesla_d
xanim,#ai_zombie_base_dth_tesla_b
xanim,#ai_zombie_base_dth_tesla_c
xanim,#ai_zombie_base_dth_tesla_a
xanim,#bo3_ai_crew_cougar_passenger_exit
xanim,#ai_zombie_base_run_ad_v1_pain_chest_f
xanim,#ai_zombie_base_crawl_attack_v2
xanim,#ai_zombie_base_crawl_attack_v1
xanim,#ai_zombie_base_run_ad_v11
xanim,#ai_zombie_base_run_ad_v12
xanim,#ai_zombie_base_run_ad_v14
xanim,#ai_zombie_base_run_ad_v21
xanim,#ai_zombie_base_run_ad_v20
xanim,#ai_zombie_base_run_ad_v23
xanim,#ai_zombie_base_run_ad_v22
xanim,#ai_zombie_base_run_ad_v24
xanim,#o_t8_zm_zombie_board_1_pull
xanim,#vm_ww_freezegun_sprint_out
xanim,#pt_pistol_stand_weapon_inspect
xanim,#ai_zombie_base_walk_au_v8_pain_chest_f
xanim,#pt_rifle_stand_fire
xanim,#hash_7702d712fb30f1e2
xanim,#pt_rifle_prone_raise
xanim,#ai_zombie_base_fast_sprint_01
xanim,#ai_zombie_base_fast_sprint_02
xanim,#vm_raygun_sprint_putaway
xanim,#vm_zom_bowie_knife_ads_base_up
xanim,#ai_zombie_base_walk_turn_180_l_v3
xanim,#hash_779463792961367c
xanim,#vm_bare_hands_swim_tw_sprint_loop
xanim,#pt_battle_turret_male_stand_fire
xanim,#ai_zombie_base_run_au_v23_pain_chest_f
xanim,#vm_katana_crawl_in
xanim,#hash_781f337df514cb49
xanim,#ai_zombie_base_dog_trot_turn_90_right
xanim,#hash_782b46184ff15dad
xanim,#ai_zm_dlc1_zombie_jump_down_190
xanim,#vm_brawler_t8_crawl_r
xanim,#vm_brawler_t8_crawl_f
xanim,#vm_brawler_t8_crawl_b
xanim,#vm_brawler_t8_crawl_l
xanim,#ai_t8_zm_zombie_base_crawl_boardtear_aligned_m_4_grab
xanim,#ai_zombie_zod_jump_down_256
xanim,#ai_t8_zombie_base_sprint_ad_v2_pain_chest_f
xanim,#hash_78995d0a054b0b5c
xanim,#ai_zm_dlc1_zombie_run_lowg_v1_pain_chest_f_alt
xanim,#ai_zm_dlc1_zombie_run_lowg_v2_pain_chest_f_alt
xanim,#ai_zombie_base_walk_au_v1_pain_chest_f_alt
xanim,#ai_zombie_base_run_au_v24
xanim,#ai_zombie_base_run_au_v20
xanim,#ai_zombie_base_run_au_v21
xanim,#ai_zombie_base_run_au_v22
xanim,#ai_zombie_base_run_au_v23
xanim,#ai_zombie_base_run_au_v11
xanim,#ai_zombie_base_run_au_v13
xanim,#hash_795e0a5a5bfb7698
xanim,#vm_katana_crawl_out
xanim,#ai_base_rifle_stn_run_dth_r_hips_lt_1
xanim,#vm_ww_freezegun_swim_uw_pullout
xanim,#ai_zombie_base_walk_au_v11_pain_chest_f
xanim,#ai_t8_zombie_base_crawl_win_trav_l_v1
xanim,#vm_zom_monkey_bomb_ads_up
xanim,#hash_7a30608891fed3da
xanim,#ai_t8_zm_zombie_base_crawl_boardtear_aligned_l_1_grab
xanim,#ai_zombie_base_sprint_au_sidestep_left_short
xanim,#ai_zombie_base_walk_au_v3_pain_chest_f
xanim,#vm_t8_swim_brawler_l_additive
xanim,#ai_t8_zm_zombie_boardtear_aligned_l_5_hold
xanim,#ai_zombie_base_run_ad_v20_pain_chest_f
xanim,#ai_zombie_base_run_ad_sidestep_right_long
xanim,#ai_zombie_base_crawl_dth_tesla_b
xanim,#ai_zombie_base_crawl_dth_tesla_a
xanim,#ai_zombie_base_sprint_turn_180_l_v2
xanim,#vm_ww_freezegun_first_raise
xanim,#vm_ww_freezegun_sprint_in
xanim,#p8_fxanim_zm_office_code_mech_09
xanim,#p8_fxanim_zm_office_code_mech_08
xanim,#p8_fxanim_zm_office_code_mech_03
xanim,#p8_fxanim_zm_office_code_mech_02
xanim,#p8_fxanim_zm_office_code_mech_01
xanim,#p8_fxanim_zm_office_code_mech_00
xanim,#p8_fxanim_zm_office_code_mech_07
xanim,#p8_fxanim_zm_office_code_mech_06
xanim,#p8_fxanim_zm_office_code_mech_05
xanim,#p8_fxanim_zm_office_code_mech_04
xanim,#ai_zombie_dr_jump_down_190
xanim,#ai_zombie_dr_jump_down_184
xanim,#ai_zombie_dr_jump_down_127
xanim,#vm_zom_raygun_mk2_sprint_pullout
xanim,#hash_7c566300f425134d
xanim,#ai_t8_zm_zombie_base_crawl_boardtear_aligned_m_2_grab
xanim,#ai_zombie_base_run_ad_sidestep_right_short
xanim,#ai_zombie_zod_stunned_electrobolt_e
xanim,#ai_zombie_zod_stunned_electrobolt_d
xanim,#ai_zombie_zod_stunned_electrobolt_a
xanim,#ai_zombie_zod_stunned_electrobolt_c
xanim,#ai_zombie_zod_stunned_electrobolt_b
xanim,#vm_zom_monkey_bomb_ads_down
xanim,#hash_7ce177e470b85270
xanim,#ai_zombie_base_walk_ad_v3_pain_chest_f
xanim,#hash_7cfd5145ed097dbe
xanim,#hash_7d033467de525ff0
xanim,#vm_frag_throwback
xanim,#ai_zombie_base_run_ad_v7_pain_chest_f
xanim,#vm_katana_idle
xanim,#vm_zom_talon_spikes_dw_crawl_out
xanim,#ai_zombie_base_dog_run_attack_low
xanim,#ai_t8_zm_zod_catalyst_corrosive_death_02
xanim,#ai_t8_zm_zod_catalyst_corrosive_death_01
xanim,#ai_t8_zombie_base_sprint_au_v2_pain_chest_f
xanim,#ai_t8_zm_zombie_base_crawl_boardtear_aligned_l_2_pull
xanim,#vm_pistol_webley_hand_pose_r
xanim,#vm_pistol_webley_hand_pose_l
xanim,#vm_t8_dw_slide_additive
xanim,#vm_katana_melee_in
xanim,#ai_t8_zombie_base_sprint_attack_02
xanim,#ai_t8_zombie_base_sprint_attack_04
xanim,#ai_t8_zombie_base_sprint_attack_06
xanim,#ai_t8_zombie_base_sprint_attack_08
xanim,#ai_t8_zombie_base_sprint_attack_13
xanim,#ai_t8_zombie_base_sprint_attack_12
xanim,#ai_t8_zombie_base_sprint_attack_10
xanim,#ai_t8_zombie_base_sprint_attack_17
xanim,#ai_t8_zombie_base_sprint_attack_19
xanim,#ai_t8_zombie_base_sprint_attack_18
xanim,#ai_t8_zombie_base_sprint_attack_24
xanim,#ai_t8_zombie_base_sprint_attack_25
xanim,#ai_t8_zombie_base_sprint_attack_22
xanim,#ai_t8_zombie_base_sprint_attack_23
xanim,#ai_t8_zombie_base_sprint_attack_20
xanim,#ai_t8_zombie_base_sprint_attack_21
xanim,#ai_t8_zombie_base_sprint_attack_28
xanim,#ai_t8_zombie_base_sprint_attack_29
xanim,#ai_t8_zombie_base_sprint_attack_30
xanim,#ai_t8_zm_zombie_boardtear_aligned_m_2_hold
xanim,#ai_zombie_base_walk_ad_sidestep_left_short_b
xanim,#ai_t8_zm_zombie_base_crawl_boardtear_aligned_r_4_grab
xanim,#ai_zombie_base_walk_au_v15_pain_chest_f
xanim,#ai_zombie_base_run_au_v1_pain_chest_f_alt
xanim,#ai_zombie_base_run_au_sidestep_right_long_a
xanim,#ai_zombie_base_run_au_sidestep_right_long_b
xanim,#ai_zombie_base_run_au_sidestep_right_long_c
xanim,#vm_ww_freezegun_putaway
xanim,#ai_t8_zombie_base_walk_ad_win_trav_l_v1
xanim,#ai_zombie_base_walk_au_v23_pain_chest_f
xanim,#bo3_ai_crew_cougar_driver_exit
xanim,#ai_t8_zm_quad_taunt_6
xanim,#ai_t8_zm_quad_taunt_4
xanim,#ai_t8_zm_quad_taunt_5
xanim,#ai_t8_zm_quad_taunt_2
xanim,#ai_t8_zm_quad_taunt_3
xanim,#ai_zombie_base_sprint_turn_135_r_v2
xanim,#ai_zombie_base_run_au_v9
xanim,#ai_zombie_base_run_au_v4
xanim,#ai_zombie_base_run_au_v5
xanim,#ai_zombie_base_run_au_v2
xanim,#ai_zombie_base_run_au_v1
xanim,#pt_minigun_fem_stand_throw
xanim,#ai_t8_zombie_base_sprint_au_win_trav_m_v1
xanim,#ai_t8_zombie_base_sprint_au_win_trav_m_v2
xanim,#ai_t8_zm_zombie_base_crawl_boardtear_aligned_r_4_hold
xanim,#ai_t8_zm_zombie_boardtear_aligned_l_6_hold
xanim,#vm_t8_base_slide_additive
scriptbundle,#activecamoinfo_t8_sig_lmg_heavy_seventies_van
scriptbundle,#activecamoinfo_t8_sig_ar_accurate_postapocalyptic
scriptbundle,#activecamoinfo_t8_sig_shotgun_pump_police
scriptbundle,#activecamoinfo_t8_kill_counter_zm
scriptbundle,#activecamoinfo_t8_kill_counter_wz
scriptbundle,#ability_dog_mp_scoreevents
scriptbundle,#activecamoinfo_t8_fast_direct_action_kills
scriptbundle,#activecamoinfo_t8_kill_counter
scriptbundle,#activecamoinfo_t8_sig_lmg_spray_venom_wz
scriptbundle,#activecamoinfo_t8_sig_lmg_spray_venom_zm
scriptbundle,#activecamoinfo_t8_ar_fastfire
scriptbundle,#activecamoinfo_t8_sig_smg_capacity_spaceshuttle_wz
scriptbundle,#activecamoinfo_t8_sig_smg_capacity_spaceshuttle_zm
scriptbundle,#zblueprint_office_audio_reels
scriptbundle,#activecamoinfo_t8_smg_standard_wz
scriptbundle,#activecamoinfo_t8_smg_standard_zm
scriptbundle,#activecamoinfo_t8_fast_direct_action_kills_symbiosis
scriptbundle,#activecamoinfo_t8_sig_smg_fastfire_voyage_zm
scriptbundle,#activecamoinfo_t8_sig_smg_fastfire_voyage_wz
scriptbundle,#activecamoinfo_t8_direct_action_kills_solarflare
scriptbundle,#activecamoinfo_t8_direct_action_kills_zombie_flick
scriptbundle,#activecamoinfo_t8_darkmatter_wz
scriptbundle,#activecamoinfo_t8_darkmatter_zm
scriptbundle,#p8_fxanim_zm_zod_wormhole_bundle
scriptbundle,#aib_vign_zm_mnsn_tornado_zombie
scriptbundle,#p8_fxanim_gp_wire_sparking_xsml_bundle
scriptbundle,#activecamoinfo_t8_smg_accurate_wz
scriptbundle,#activecamoinfo_t8_smg_accurate_zm
scriptbundle,#activecamoinfo_t8_direct_action_kills_alt_zm
scriptbundle,#activecamoinfo_t8_direct_action_kills_alt_wz
scriptbundle,#activecamoinfo_t8_sig_pistol_fullauto_arcade
scriptbundle,#activecamoinfo_t8_direct_action_kills_wz
scriptbundle,#activecamoinfo_t8_direct_action_kills_zm
scriptbundle,#activecamoinfo_t8_sig_sniper_powerbolt_viking
scriptbundle,#activecamoinfo_t8_kills_without_dying_retro_vegas_neon
scriptbundle,#activecamoinfo_t8_ar_accurate
scriptbundle,#activecamoinfo_t8_take_it_personally
scriptbundle,#activecamoinfo_t8_sig_shotgun_pump_police_zm
scriptbundle,#activecamoinfo_t8_sig_shotgun_pump_police_wz
scriptbundle,#activecamoinfo_t8_sig_lmg_heavy_seventies_van_wz
scriptbundle,#activecamoinfo_t8_sig_lmg_heavy_seventies_van_zm
scriptbundle,#activecamoinfo_t8_sig_tr_longburst_scrimshaw_zm
scriptbundle,#activecamoinfo_t8_sig_tr_longburst_scrimshaw_wz
scriptbundle,#activecamoinfo_t8_sig_ar_accurate_postapocalyptic_zm
scriptbundle,#activecamoinfo_t8_sig_ar_accurate_postapocalyptic_wz
scriptbundle,#activecamoinfo_t8_fast_direct_action_kills_spinal
scriptbundle,#activecamoinfo_t8_pistol_standard
scriptbundle,#p8_fxanim_zm_office_code_mech_bundle
scriptbundle,#activecamoinfo_t8_shotgun_semiauto_zm
scriptbundle,#activecamoinfo_t8_shotgun_semiauto_wz
scriptbundle,#c_t8_zmb_ofc_quadcrawler_gib_def
scriptbundle,#p8_fxanim_zm_perk_vending_tonic_bundle
scriptbundle,#activecamoinfo_t8_sig_smg_fastfire_voyage
scriptbundle,#activecamoinfo_t8_sig_tr_flechette_rivermonster_wz
scriptbundle,#activecamoinfo_t8_sig_tr_flechette_rivermonster_zm
scriptbundle,#activecamoinfo_t8_smg_accurate
scriptbundle,#activecamoinfo_t8_kills_without_dying_alt
scriptbundle,#activecamoinfo_t8_gold_zm
scriptbundle,#eq_frag_grenade_mp_scoreevents
scriptbundle,#activecamoinfo_t8_gold_wz
scriptbundle,#activecamoinfo_t8_sig_sniper_powerbolt_viking_zm
scriptbundle,#activecamoinfo_t8_shotgun_semiauto
scriptbundle,#activecamoinfo_t8_sig_sniper_powerbolt_viking_wz
scriptbundle,#hero_pineapplegun_scoreevents
scriptbundle,#activecamoinfo_t8_sig_tr_powersemi_rustymech_zm
scriptbundle,#activecamoinfo_t8_sig_tr_powersemi_rustymech_wz
scriptbundle,#activecamoinfo_t8_kills_without_dying
scriptbundle,#activecamoinfo_t8_direct_action_kills_shattered_wz
scriptbundle,#activecamoinfo_t8_direct_action_kills_shattered_zm
scriptbundle,#activecamoinfo_t8_sig_shotgun_fullauto_construction
scriptbundle,#activecamoinfo_t8_sig_tr_flechette_rivermonster
scriptbundle,#activecamoinfo_t8_objective_kills_zm
scriptbundle,#activecamoinfo_t8_objective_kills_wz
scriptbundle,#cin_t8_monkeybomb_dance
scriptbundle,#activecamoinfo_t8_kill_counter_party_rock_wz
scriptbundle,#activecamoinfo_t8_kill_counter_party_rock_zm
scriptbundle,#c_t8_zmb_ofc_zombie_male1_gib_def
scriptbundle,#activecamoinfo_t8_fast_direct_action_kills_treasure_wz
scriptbundle,#zm_zombie_dog_settings
scriptbundle,#activecamoinfo_t8_fast_direct_action_kills_treasure_zm
scriptbundle,#activecamoinfo_t8_ar_accurate_wz
scriptbundle,#activecamoinfo_t8_ar_accurate_zm
scriptbundle,#default_fx_table
scriptbundle,#activecamoinfo_t8_darkmatter_classic_dark
scriptbundle,#activecamoinfo_t8_diamond_zm
scriptbundle,#activecamoinfo_t8_diamond_wz
scriptbundle,#activecamoinfo_t8_fast_direct_action_kills_phased_zm
scriptbundle,#activecamoinfo_t8_fast_direct_action_kills_phased_wz
scriptbundle,#activecamoinfo_t8_sig_sniper_quickscope_zombies
scriptbundle,#activecamoinfo_t8_sig_tr_midburst_bomber_wz
scriptbundle,#activecamoinfo_t8_sig_tr_midburst_bomber
scriptbundle,#activecamoinfo_t8_sig_tr_midburst_bomber_zm
scriptbundle,#activecamoinfo_t8_fast_direct_action_kills_circle_slice_zm
scriptbundle,#activecamoinfo_t8_fast_direct_action_kills_circle_slice_wz
scriptbundle,#activecamoinfo_t8_sig_tr_longburst_scrimshaw
scriptbundle,#activecamoinfo_t8_rapid_kills_zm
scriptbundle,#activecamoinfo_t8_rapid_kills_wz
scriptbundle,#activecamoinfo_t8_fast_direct_action_kills_mystic_wz
scriptbundle,#activecamoinfo_t8_fast_direct_action_kills_mystic_zm
scriptbundle,#activecamoinfo_t8_direct_action_kills_115
scriptbundle,#activecamoinfo_t8_fast_direct_action_kills_spinal_wz
scriptbundle,#activecamoinfo_t8_fast_direct_action_kills_spinal_zm
scriptbundle,#activecamoinfo_t8_sig_ar_damage_fighter_plane_zm
scriptbundle,#activecamoinfo_t8_sig_ar_damage_fighter_plane_wz
scriptbundle,#ztable_office_trap_battery
scriptbundle,#activecamoinfo_t8_darkmatter
scriptbundle,#p8_fxanim_zm_office_vent_barrier_bundle
scriptbundle,#p8_fxanim_zm_office_wormhole_bundle
scriptbundle,#activecamoinfo_t8_sig_smg_accurate_darkunicorn
scriptbundle,#p8_fxanim_zm_perk_vending_cola_bundle
scriptbundle,#activecamoinfo_t8_direct_action_kills_solarflare_wz
scriptbundle,#activecamoinfo_t8_direct_action_kills_solarflare_zm
scriptbundle,#activecamoinfo_t8_sig_ar_damage_fighter_plane
scriptbundle,#activecamoinfo_t8_gold_classic
scriptbundle,#activecamoinfo_t8_sig_ar_modular_faberge_wz
scriptbundle,#activecamoinfo_t8_sig_ar_modular_faberge_zm
scriptbundle,#default_traversal_extents_zm
scriptbundle,#cin_zm_office_outro
scriptbundle,#activecamoinfo_t8_sig_sniper_powersemi_vietnam_zm
scriptbundle,#activecamoinfo_t8_sig_sniper_powersemi_vietnam_wz
scriptbundle,#activecamoinfo_t8_kills_without_dying_retro_vegas_neon_wz
scriptbundle,#activecamoinfo_t8_kills_without_dying_retro_vegas_neon_zm
scriptbundle,#zm_escape_zombie_settings
scriptbundle,#cin_zm_dlc1_spike_plant_loop
scriptbundle,#activecamoinfo_t8_direct_action_kills_brains_zm
scriptbundle,#cin_zm_dlc1_zombie_crawler_talonspike_a_loop
scriptbundle,#activecamoinfo_t8_direct_action_kills_brains_wz
scriptbundle,#activecamoinfo_t8_showstopper
scriptbundle,#activecamoinfo_t8_sig_pistol_burst_raven_zm
scriptbundle,#activecamoinfo_t8_sig_pistol_burst_raven_wz
scriptbundle,#p8_fxanim_zm_perk_vending_soda_bundle
scriptbundle,#zm_nova_crawler_settings
scriptbundle,#zm_off_pig_animated_bundle
scriptbundle,#activecamoinfo_t8_lmg_standard
scriptbundle,#activecamoinfo_t8_rapid_kills
scriptbundle,#activecamoinfo_t8_sig_ar_stealth_vampire
scriptbundle,#activecamoinfo_t8_sig_smg_fastburst_diy
scriptbundle,#activecamoinfo_t8_pistol_standard_zm
scriptbundle,#activecamoinfo_t8_pistol_standard_wz
scriptbundle,#activecamoinfo_t8_headshot
scriptbundle,#activecamoinfo_t8_sig_smg_accurate_darkunicorn_wz
scriptbundle,#activecamoinfo_t8_sig_smg_accurate_darkunicorn_zm
scriptbundle,#activecamoinfo_t8_gold
scriptbundle,#hero_flamethrower_scoreevents
scriptbundle,#p8_zm_off_phone_vintage_bundle
scriptbundle,#activecamoinfo_t8_sig_smg_capacity_spaceshuttle
scriptbundle,#activecamoinfo_t8_sig_smg_handling_hunter_wz
scriptbundle,#activecamoinfo_t8_sig_smg_handling_hunter_zm
scriptbundle,#activecamoinfo_t8_sig_tr_powersemi_rustymech
scriptbundle,#activecamoinfo_t8_sig_ar_standard_adventure_zm
scriptbundle,#activecamoinfo_t8_sig_ar_standard_adventure_wz
scriptbundle,#p8_fxanim_zm_office_glass_barrier_bundle
scriptbundle,#activecamoinfo_t8_direct_action_kills_zombie_flick_zm
scriptbundle,#activecamoinfo_t8_direct_action_kills_zombie_flick_wz
scriptbundle,#activecamoinfo_t8_sig_pistol_revolver_cyberpunk
scriptbundle,#activecamoinfo_t8_fast_direct_action_kills_apb
scriptbundle,#default_traversal_extents
scriptbundle,#activecamoinfo_t8_direct_action_kills_fractalflames_wz
scriptbundle,#activecamoinfo_t8_direct_action_kills_fractalflames_zm
scriptbundle,#zblueprint_shield_zhield_riot
scriptbundle,#damageeffecttype_fire
scriptbundle,#activecamoinfo_t8_diamond
scriptbundle,#activecamoinfo_t8_sig_pistol_fullauto_arcade_zm
scriptbundle,#activecamoinfo_t8_sig_pistol_fullauto_arcade_wz
scriptbundle,#activecamoinfo_t8_direct_action_kills_celestial
scriptbundle,#ztable_office_open
scriptbundle,#zblueprint_office_punch_cards
scriptbundle,#activecamoinfo_t8_kill_counter_party_rock
scriptbundle,#activecamoinfo_t8_direct_action_kills_fractalflames
scriptbundle,#activecamoinfo_t8_showstopper_wz
scriptbundle,#activecamoinfo_t8_showstopper_zm
scriptbundle,#activecamoinfo_t8_sig_ar_standard_adventure
scriptbundle,#activecamoinfo_t8_lmg_standard_wz
scriptbundle,#activecamoinfo_t8_lmg_standard_zm
scriptbundle,#activecamoinfo_t8_direct_action_kills_brains
scriptbundle,#activecamoinfo_t8_objective_kills
scriptbundle,#activecamoinfo_t8_sig_smg_handling_hunter
scriptbundle,#zm_zombie_settings
scriptbundle,#activecamoinfo_t8_direct_action_kills_115_zm
scriptbundle,#activecamoinfo_t8_direct_action_kills_115_wz
scriptbundle,#activecamoinfo_t8_sig_pistol_burst_raven
scriptbundle,#p8_fxanim_gp_wire_sparking_ground_01_bundle
scriptbundle,#activecamoinfo_t8_kills_without_dying_wz
scriptbundle,#activecamoinfo_t8_kills_without_dying_zm
scriptbundle,#activecamoinfo_t8_ar_fastfire_zm
scriptbundle,#activecamoinfo_t8_sig_pistol_revolver_cyberpunk_wz
scriptbundle,#activecamoinfo_t8_sig_pistol_revolver_cyberpunk_zm
scriptbundle,#activecamoinfo_t8_ar_fastfire_wz
scriptbundle,#activecamoinfo_t8_sig_shotgun_fullauto_construction_zm
scriptbundle,#activecamoinfo_t8_sig_shotgun_fullauto_construction_wz
scriptbundle,#p8_zm_gravityspikes_miniboss_trap_scene
scriptbundle,#activecamoinfo_t8_direct_action_kills_celestial_zm
scriptbundle,#activecamoinfo_t8_fast_direct_action_kills_circle_slice
scriptbundle,#activecamoinfo_t8_direct_action_kills_celestial_wz
scriptbundle,#activecamoinfo_t8_sig_sniper_fastrechamber_western
scriptbundle,#fxd8_zm_char_zombie_base_body
scriptbundle,#activecamoinfo_t8_fast_direct_action_kills_phased
scriptbundle,#activecamoinfo_t8_sig_ar_modular_porcelain_wz
scriptbundle,#activecamoinfo_t8_sig_ar_modular_porcelain_zm
scriptbundle,#p8_fxanim_gp_wire_sparking_xlong_thick_bundle
scriptbundle,#p8_zm_flame_tornado_miniboss_scene
scriptbundle,#veh_bo3_mil_apc_riders
scriptbundle,#activecamoinfo_t8_fast_direct_action_kills_apb_wz
scriptbundle,#activecamoinfo_t8_fast_direct_action_kills_apb_zm
scriptbundle,#activecamoinfo_t8_darkmatter_classic_red
scriptbundle,#activecamoinfo_t8_diamond_classic
scriptbundle,#p8_fxanim_zm_off_president_plaque_hidden_drawer_bundle
scriptbundle,#p8_fxanim_zm_perk_vending_brew_bundle
scriptbundle,#zblueprint_office_teleporter_modifier
scriptbundle,#activecamoinfo_t8_sig_lmg_spray_venom
scriptbundle,#activecamoinfo_t8_sig_smg_fastburst_diy_wz
scriptbundle,#activecamoinfo_t8_sig_smg_fastburst_diy_zm
scriptbundle,#activecamoinfo_t8_direct_action_kills_alt
scriptbundle,#activecamoinfo_t8_smg_standard
scriptbundle,#activecamoinfo_t8_direct_action_kills
scriptbundle,#activecamoinfo_t8_fast_direct_action_kills_treasure
scriptbundle,#activecamoinfo_t8_sig_sniper_fastrechamber_western_zm
scriptbundle,#activecamoinfo_t8_sig_sniper_fastrechamber_western_wz
scriptbundle,#activecamoinfo_t8_cyberpunk
scriptbundle,#activecamoinfo_t8_headshot_alt
scriptbundle,#activecamoinfo_t8_sig_sniper_quickscope_zombies_zm
scriptbundle,#activecamoinfo_t8_sig_sniper_quickscope_zombies_wz
scriptbundle,#activecamoinfo_t8_sig_ar_stealth_vampire_zm
scriptbundle,#activecamoinfo_t8_sig_ar_stealth_vampire_wz
scriptbundle,#ztable_office_items
scriptbundle,#activecamoinfo_t8_headshot_zm
scriptbundle,#activecamoinfo_t8_sig_ar_modular_porcelain
scriptbundle,#activecamoinfo_t8_headshot_wz
scriptbundle,#p8_fxanim_zm_off_console_standing_03_bundle
scriptbundle,#activecamoinfo_t8_take_it_personally_wz
scriptbundle,#activecamoinfo_t8_take_it_personally_zm
scriptbundle,#activecamoinfo_t8_sig_ar_modular_faberge
scriptbundle,#activecamoinfo_t8_fast_direct_action_kills_mystic
scriptbundle,#p8_zm_off_teleporter_cables_hanging_bundle
scriptbundle,#activecamoinfo_t8_fast_direct_action_kills_zm
scriptbundle,#activecamoinfo_t8_fast_direct_action_kills_wz
scriptbundle,#zblueprint_office_key
scriptbundle,#activecamoinfo_t8_sig_sniper_powersemi_vietnam
scriptbundle,#activecamoinfo_t8_fast_direct_action_kills_symbiosis_zm
scriptbundle,#activecamoinfo_t8_fast_direct_action_kills_symbiosis_wz
scriptbundle,#activecamoinfo_t8_kills_without_dying_alt_zm
scriptbundle,#activecamoinfo_t8_kills_without_dying_alt_wz
scriptbundle,#activecamoinfo_t8_headshot_alt_wz
scriptbundle,#activecamoinfo_t8_headshot_alt_zm
scriptbundle,#p8_fxanim_zm_office_wall_barrier_bundle
scriptbundle,#zblueprint_office_trap_battery
scriptbundle,#activecamoinfo_t8_direct_action_kills_shattered
scriptbundle,#cin_zm_dlc1_zombie_talonspike_loop
scriptbundle,#c_54i_grunt_fx_table
scriptbundle,#c_t8_zmb_3rdclass_male_gib_def
scriptbundle,#activecamoinfo_t8_cyberpunk_wz
scriptbundle,#activecamoinfo_t8_cyberpunk_zm
material,#riotshield_zm_icon
string,#mpui/stalker
string,#hash_95c5021b448b56
string,#mpui/extclip_desc
string,#mpui/fmj_desc
string,#mpui/supply_desc
string,#hash_179c543e595aae6
string,#mpui/dualoptic
string,#hash_24a438482954901
string,#hash_2907e82c48b5143
string,#hash_2c6e2897c388e68
string,#mpui/fastreload2_desc
string,#hash_2fa01fcc99fa17e
string,#zmui/fmj_desc
string,#menu/camo_loot_zombie_maitai
string,#zmweapon/riotshield
string,#hash_3d0bedfa0fcd62c
string,#hash_409a2e6f0a66c21
string,#hash_40c47b72c083914
string,#mpui/camo_active_take_it_personally
string,#hash_463d9ce9821d55b
string,#mpui/camo_flectarn
string,#mpui/extclip2
string,#hash_4e6ad0a0aed9c99
string,#hash_5be026b2781b8c9
string,#hash_5d7eb1442a4f213
string,#menu/camo_loot_scratchnsniff
string,#hash_6ce881e03dd2fcb
string,#mpui/quickdraw2_desc
string,#mpui/stalker2_desc
string,#weapon/sig_buckler_dw
string,#hash_7b58f28c832606d
string,#mpui/extclip
string,#hash_870732dcf823d00
string,#hash_8ca5e58de1b68e8
string,#menu/camo_loot_roadhouse
string,#menu/camo_loot_trifecta
string,#mpui/fastreload2
string,#hash_c0c2aecab7c9830
string,#mpui/damage2_desc
string,#hash_d8622d38b0078a8
string,#hash_e2971bbfafcfe66
string,#mpui/fastlockon_desc
string,#hash_e74ddeb9095e2d0
string,#hash_ed01e635dadf8cb
string,#hash_ee567911dd1ce83
string,#menu/camo_loot_circuitboard
string,#zombie/item_meat
string,#hash_100d349fbdcacb2b
string,#hash_1014fb82e4e32c24
string,#mpui/vzoom
string,#hash_11416e3dffba8d50
string,#mpui/mk
string,#menu/camo_loot_fractalized
string,#mpui/ir
string,#mpui/is
string,#mpui/gl
string,#mpui/dw
string,#mpui/camo_dante
string,#mpui/sf
string,#mpui/rf
string,#zm_office/pack_room_door
string,#hash_11cfa6d5f521dede
string,#mpui/no_attachment
string,#mpui/uber
string,#mpui/barrelchoke_desc
string,#hash_13f64b913a8510ce
string,#hash_146622decb4e7399
string,#hash_14941d3a753c4a6f
string,#menu/camo_active_treasure
string,#hash_15b31b52b86572f3
string,#mpui/camo_redhex
string,#hash_15cf0d46af70291b
string,#mpui/null
string,#mpui/grip
string,#hash_166b7f0f8f0d22fc
string,#mpui/suppressed_desc
string,#hash_17783814d047454c
string,#zm_office/location_offices_level1
string,#hash_1796d85a4ee770b1
string,#menu/camo_loot_fullsuite
string,#mpui/no_attachment_desc
string,#hash_1803a751f0a9f1d5
string,#menu/camo_loot_goosebumps
string,#mpui/uber_desc
string,#mpui/camo_active_rapid_kills
string,#hash_1960a6223dd21d1a
string,#mpui/barrelchoke
string,#hash_1a1e29920a655055
string,#zmweapon/ww_freezegun_t8
string,#hash_1c07c87a45375aaf
string,#hash_1c085e4db0b218f9
string,#hash_1c26ec319ba17c18
string,#mpui/camo_integer
string,#hash_1cba478a3a2ba155
string,#zmui/mms_desc
string,#mpui/steadyaim2
string,#hash_1ee18bf56df7a29b
string,#menu/camo_loot_benjamins
string,#menu/camo_loot_fearhaze
string,#zombie/trap_cooldown
string,#hash_22403f43ff20f2db
string,#menu/camo_loot_seaflake
string,#zombie/trap_locked
string,#hash_22a3cebab2a611d0
string,#menu/camo_loot_astronomy
string,#hash_23184906a849ac54
string,#zombie/button_buy_trap
string,#mpui/camo_jungle
string,#zm_office/location_hallway_level1
string,#mpui/dualoptic_desc
string,#mpui/camo_huntsman
string,#hash_246c7d9118b22299
string,#hash_24a3e0f402bfd000
string,#menu/camo_loot_masks
string,#menu/camo_loot_shimmer
string,#hash_25811ef8abc80b1f
string,#hash_25854f4ac1fdadf5
string,#hash_258f60f733c7a181
string,#mpui/elo_desc
string,#hash_25d3f454e864bb4a
string,#menu/camo_loot_picnic_royale
string,#hash_25fc6c872fa95f5e
string,#hash_2628f8facd7d3398
string,#hash_2638278d162bb997
string,#hash_26785eaeca82d53f
string,#mpui/pistolscope
string,#hash_26adc6b84f143b29
string,#hash_28806e76718dea47
string,#mpui/fmj2_desc
string,#hash_28f8d698fe4d79d2
string,#zmui/high_caliber_2_desc
string,#zm_office/location_conference_level1
string,#zm_office/location_conference_level2
string,#mpui/holdbreath_desc
string,#mpui/camo_active_kill_counter
string,#hash_2a0d8cb4d439f0f4
string,#hash_2a634db8501d93aa
string,#hash_2aa6fa1848766679
string,#hash_2af4a28719c51767
string,#hash_2b0fae1c09a3d8a9
string,#hash_2b27d20d2cfc1069
string,#hash_2b3d791eb05ec296
string,#mpui/camo_ardent
string,#mpui/acog_desc
string,#mpui/stabilizer_desc
string,#mpui/holdbreath
string,#menu/camo_active_mystic
string,#hash_2d003d6a1240093c
string,#hash_2d85a60f366822d1
string,#mpui/reflex
string,#hash_2ed06d351658eadf
string,#hash_2f56b9d8ac49ff92
string,#hash_2f6eb9c102b831ad
string,#mpui/camo_burnt
string,#mpui/fmj2
string,#hash_3041bf105b58c16a
string,#mpui/ir_desc
string,#hash_30df02915fdc6a67
string,#hash_30f532e9051a3691
string,#zombie/equip_riotshield_pickup_hint_string
string,#hash_31e9d057a03398bf
string,#hash_31f5bc7d41fe5315
string,#hash_323a35945e51c09a
string,#hash_3279150dc6bd1b3b
string,#mpui/camo_snowjob
string,#menu/camo_active_brains
string,#hash_33116738f78d04b3
string,#hash_33c5a3d6ed967788
string,#hash_33f013eacb53964c
string,#hash_34055c0d60f4897b
string,#mpui/holo_desc
string,#zombie/ray_gun_upgraded
string,#hash_3562fe8569b10d6f
string,#mpui/quickdraw2
string,#hash_360742434808cf8e
string,#hash_3640fdfd426ba4b4
string,#hash_366888e106b2bbb3
string,#menu/camo_active_115
string,#hash_368c4a7d61a473b0
string,#hash_36be4a2f9e325b50
string,#mpui/fmj
string,#hash_36d368ed717d20c5
string,#hash_36ff79a9f968a5ee
string,#hash_3824d76b4a721017
string,#hash_38698d6863661eb6
string,#menu/camo_loot_dinoglyphs
string,#zmui/fmj2_desc
string,#hash_388256f1e5a62d7c
string,#hash_38aec412b15daa7f
string,#menu/camo_loot_streetrace
string,#mpui/killcounter
string,#mpui/extbarrel2
string,#mpui/grip_desc
string,#mpui/reticle_color_1
string,#zombie/trap_active
string,#mpui/camo_active_showstopper
string,#mpui/reddot_desc
string,#hash_3ae42f7d6eabab5a
string,#hash_3b5dc0adfa400025
string,#mpui/camo_darkmatter
string,#hash_3ca968dee9e5dc02
string,#menu/camo_active_spinal
string,#hash_3d26eb8dafae98e9
string,#zmui/suppressor_desc
string,#mpui/tacknife
string,#menu/camo_loot_chrysalis
string,#menu/camo_loot_cherryblossom
string,#hash_3e42591da1c1538f
string,#mpui/steadyaim_desc
string,#hash_3e8b1cb2500ba3a7
string,#mpui/camo_chameleon
string,#mpui/gl_desc
string,#menu/camo_loot_jellymaw
string,#mpui/is_desc
string,#zombie/powerup_shield_charge
string,#hash_400e202a91b7d4a4
string,#hash_40460fc034480e42
string,#hash_407cc98232081886
string,#mpui/fastlockon
string,#mpui/extbarrel
string,#hash_414ce3af89eedef1
string,#mpui/mixclip_desc
string,#mpui/elo
string,#menu/camo_loot_datamine
string,#hash_41f0a0badf1ca529
string,#mpui/damage_desc
string,#hash_420861c64b6e9e7c
string,#zm_office/open_crate_keyboard
string,#mpui/supply
string,#menu/camo_loot_blueup
string,#mpui/camo_jungletek
string,#zombie/cymbal_monkey
string,#hash_43b0cfc850dbcc04
string,#hash_43cbc37ab728289b
string,#zm_office/location_file_room_level1
string,#hash_43ea35c7ca629e09
string,#mpui/camo_bliss
string,#mpui/suppressed
string,#hash_452fd06faf792671
string,#mpui/hipgrip_desc
string,#mpui/holo
string,#mpui/quickdraw_desc
string,#zm_office/location_labs_hallway2
string,#zm_office/location_labs_hallway1
string,#mpui/adsreload_desc
string,#hash_492a3a9a8bc70169
string,#hash_4973da5ba484b2ae
string,#hash_49e88c8053d4f73e
string,#hash_4a081ed23f9db2d8
string,#mpui/camo_heatstroke
string,#hash_4a380545b9102af9
string,#hash_4a584bc8c443f246
string,#menu/camo_loot_dogfight
string,#hash_4b105b524a93b53d
string,#zmweapon/none
string,#hash_4bf673fe684c7bcd
string,#hash_4c2bbe6f91c1ca94
string,#hash_4c3a9215bdb384b8
string,#hash_4c83bb6fd69bf1ea
string,#hash_4d048d939c70cad9
string,#mpui/quickdraw
string,#zmweapon/bowie
string,#hash_4dff11036295b59f
string,#hash_4e2495c99a50f326
string,#menu/camo_loot_afterglow
string,#mpui/extclip2_desc
string,#hash_4ed6f1ab0cbc899b
string,#mpui/sf_desc
string,#hash_4f0d8ebb363015e0
string,#hash_4f0f148274f0dd3e
string,#hash_4f23c6ecb321fa19
string,#mpui/camo_fear
string,#hash_506621193b404166
string,#mpui/vzoom_desc
string,#menu/camo_loot_smokeblast
string,#mpui/camo_gold
string,#hash_519bb7412e82974a
string,#mpui/none
string,#hash_52cddac894472d22
string,#weapon/ray_gun
string,#mpui/camo_diamond
string,#hash_537aff1a771b818a
string,#hash_53862ff7ab29a7fb
string,#hash_53f4514d440c7816
string,#mpui/speedreloader_desc
string,#mpui/extrapellets
string,#menu/camo_loot_megalodon
string,#zmui/extrapellets_desc
string,#hash_556fbdaebf02d158
string,#zmui/high_caliber_desc
string,#hash_560d002c6e40e5df
string,#menu/camo_loot_vice
string,#hash_572f6dd3e58ede79
string,#mpui/steadyaim2_desc
string,#menu/camo_loot_bacon
string,#hash_58b7aeee47f428da
string,#mpui/reflex_desc
string,#hash_595a7e6ce85abd6e
string,#zmweapon/ww_freezegun_t8_upgraded
string,#mpui/grip2
string,#mpui/hipgrip
string,#zmweapon/ray_gun_mk2_upgraded
string,#mpui/camo_arctic
string,#hash_5acae5f224c146a9
string,#mpui/adsreload
string,#zombie/grab_riotshield
string,#mpui/camo_battle
string,#hash_5c28147c226eb600
string,#hash_5c7aea3fdc5a464e
string,#hash_5c7aeb3fdc5a4801
string,#hash_5c7aec3fdc5a49b4
string,#hash_5c7aed3fdc5a4b67
string,#hash_5c7aef3fdc5a4ecd
string,#mpui/mixclip
string,#mpui/mms_desc
string,#hash_5d8a7dd9459f1e9f
string,#hash_5dc620aa9640e528
string,#hash_5e2c81adb5a5264a
string,#hash_5e6ae4119dda43e0
string,#mpui/camo_contagious
string,#hash_5f17105e484faba8
string,#mpui/extrapellets_desc
string,#hash_60286201ddc53a34
string,#mpui/fastreload_desc
string,#hash_6063cd6ae0f6ce28
string,#hash_607993fb651c3014
string,#mpui/camo_interpol
string,#mpui/extbarrel2_desc
string,#hash_6136fe29fcebcc80
string,#zmui/barrelchoke_desc
string,#hash_61d85c966dd9e83f
string,#mpui/steadyaim
string,#hash_62503932e1d53a87
string,#mpui/reddot
string,#hash_627f640830ae263b
string,#menu/camo_loot_america
string,#hash_629d187300caa85d
string,#hash_62b9f4974de13b76
string,#hash_633a104c09561ce9
string,#hash_6362bcfbec5e8759
string,#feature/gun_tag
string,#mpui/camo_6speed
string,#mpui/clantag
string,#mpui/burst2_desc
string,#hash_644ab7ffec4f69b0
string,#hash_648a5b1eedae58b9
string,#mpui/pistolscope_desc
string,#hash_652798c8c39df5b0
string,#hash_65321d5bbf3b8f5e
string,#hash_65d7c16bd5a94c67
string,#menu/camo_loot_ww2
string,#hash_6653854fb4eb2a2f
string,#hash_665fcaf288735f26
string,#hash_66d33b296eb64fbc
string,#hash_672c8450c778c664
string,#mpui/stalker2
string,#zm_office/open_crate
string,#zombie/craft_riot
string,#hash_6889b45faad48255
string,#hash_688a1b241ffb922e
string,#hash_68aa6bf5db640dde
string,#mpui/extbarrel_desc
string,#hash_6933501bf415a72c
string,#mpui/fastreload
string,#hash_694b66b1b888e2a8
string,#hash_699d3db189fbc1d5
string,#hash_6a1df2dbfb66a948
string,#hash_6a4930978aef6c45
string,#mpui/burst2
string,#hash_6adaea9a0756a29e
string,#hash_6aee422878d572b9
string,#hash_6b4f0b375a21c020
string,#menu/camo_loot_donuts
string,#hash_6c8d7834e1591a50
string,#mpui/camo_wmd
string,#hash_6d85deef99bf45a0
string,#zm_office/location_labs_zone1
string,#zm_office/location_labs_zone3
string,#zm_office/location_labs_zone2
string,#menu/camo_loot_smooch
string,#hash_6e1d873c28de9fc2
string,#mpui/camo_active_objective_kills
string,#hash_6e86b49d6d5196af
string,#zombie/button_buy_trap_keyboard
string,#hash_6ea2a08a0b4d46b3
string,#hash_6ec3bd3ccccffd81
string,#mpui/rangefinder
string,#hash_6ff8d3f3a8d96c2a
string,#mpui/stabilizer
string,#mpui/reticle_default
string,#hash_709fb6b7fdde6aa8
string,#hash_70ca1fa46afdf8f3
string,#hash_7103e08d3e6bf1aa
string,#zombie/need_power
string,#hash_714cce81de873f11
string,#mpui/acog
string,#mpui/damage2
string,#menu/camo_loot_connected
string,#hash_72ab39c63b478642
string,#hash_734fe766ffad1d04
string,#hash_743214f6e927983a
string,#hash_74978fc95bfb2bfd
string,#mpui/stalker_desc
string,#hash_7564cce16f4274f6
string,#mpui/damage
string,#hash_758d93baadbc199d
string,#hash_759fce80168fc70a
string,#mpui/camo_active_kills_without_dying
string,#weapon/pistol_topbreak_t8
string,#mpui/camo_ash
string,#hash_768c5aeecc2d7cc4
string,#hash_7693de01f82d93f0
string,#mpui/grip2_desc
string,#hash_7725a43a5e8755ad
string,#hash_77bef9f2fc5c6256
string,#menu/camo_loot_cyberpunk
string,#menu/camo_active_celestial
string,#menu/camo_loot_citrus
string,#mpui/rf_desc
string,#mpui/mk_desc
string,#hash_78b448d799b46550
string,#hash_78d753143b405d88
string,#mpui/speedreloader
string,#hash_7a4375969e311723
string,#mpui/dw_desc
string,#menu/camo_loot_disavowed
string,#mpui/camo_active_headshots
string,#mpui/rangefinder_desc
string,#feature/gun_emblem
string,#hash_7bf8bcf55e2bd26e
string,#hash_7c1925088ceb0d6f
string,#zmweapon/ray_gun_mk2
string,#mpui/mms
string,#hash_7d3cd67fea75827c
string,#hash_7d3e69af1a992cec
string,#menu/camo_loot_greengradient
string,#hash_7db066010310ac0a
string,#mpui/camo_woodlums
string,#hash_7e31505384e0837a
string,#mpui/tacknife_desc
string,#menu/camo_loot_paradise
string,#hash_7f8e7919cffd4568
string,#menu/camo_loot_plasmadrive
fx,#hash_2cafcfa899f12c0
fx,#hash_e1d8f427f2f23c6
fx,#hash_10d93d34c24f01bd
fx,#maps/zm_office/fx8_barrier_buy_zmb
fx,#hash_11e609d597dcebf2
fx,#maps/zm_office/fx8_teleporter_spawn
fx,#hash_142b1b8f881ae741
fx,#tools/fx_null
fx,#hash_192930752f9dd986
fx,#hash_1a6b5072e162ccd4
fx,#zombie/fx_bul_flesh_head_nochunks_zmb
fx,#blood/fx8_blood_cam_gib_spray_zm
fx,#hash_1d6e6d988a3f243c
fx,#hash_1e8cb303d3103833
fx,#maps/zm_office/fx8_magicbox_marker
fx,#zombie/fx_blood_torso_explo_zmb
fx,#zombie/fx_bul_flesh_neck_spurt_zmb
fx,#hash_2c486e0e3ac0d5e2
fx,#hash_2f079a0d04b14a46
fx,#hash_311a865a91014b22
fx,#dirt/fx8_dust_fall_impact_lg
fx,#hash_340a3cade524696d
fx,#maps/zm_office/fx8_teleporter_destination
fx,#hash_35cb5be5a38af07c
fx,#zombie/fx_bul_flesh_head_fatal_zmb
fx,#electric/fx8_sparks_burst_dir_sm_orange_os
fx,#hash_3c9948ab313a6483
fx,#zm_weapons/fx8_cymbal_monkey_light
fx,#hash_48ec8658075edc9d
fx,#hash_499e66437fc6ab02
fx,#maps/zm_office/fx8_teleporter_despawn
fx,#hash_4c24e997afad36e0
fx,#hash_4e3dc7da8f681079
fx,#hash_4e40eada8f6a81c9
fx,#hash_4e55cdda8f7cac8c
fx,#hash_4fc36e212e5b5b8a
fx,#hash_50655ac7dc942305
fx,#maps/zm_office/fx8_fxanim_zm_office_code_paint_9
fx,#maps/zm_office/fx8_fxanim_zm_office_code_paint_8
fx,#maps/zm_office/fx8_fxanim_zm_office_code_paint_1
fx,#maps/zm_office/fx8_fxanim_zm_office_code_paint_0
fx,#maps/zm_office/fx8_fxanim_zm_office_code_paint_3
fx,#maps/zm_office/fx8_fxanim_zm_office_code_paint_2
fx,#maps/zm_office/fx8_fxanim_zm_office_code_paint_5
fx,#maps/zm_office/fx8_fxanim_zm_office_code_paint_4
fx,#maps/zm_office/fx8_fxanim_zm_office_code_paint_7
fx,#maps/zm_office/fx8_fxanim_zm_office_code_paint_6
fx,#hash_57034716c105e41e
fx,#hash_5786dec7b12d6253
fx,#zm_ai/fx8_zombie_eye_glow_red
fx,#hash_59422cff58693587
fx,#hash_602f075818a2fb2e
fx,#hash_65b963adaa7389d3
fx,#blood/fx_blood_gib_limb_trail
fx,#hash_6b707ed5326021b1
fx,#hash_6cd6da1c7e245c1c
fx,#maps/zm_office/fx8_teleporter_origin
fx,#zm_ai/fx8_nova_crawler_gas_trail
fx,#zm_weapons/fx8_cymbal_monkey_lightning
fx,#hash_7aa9ab528cf8bc88
fx,#hash_7b951deec27b35c1
fx,#hash_7d69ee9822b45157
fx,#hash_7dec2fde8393c0f4
fx,#maps/zm_office/fx8_magicbox_marker_fl
radiant_exploder,#lgtexp_xd_sh110
radiant_exploder,#lgtexp_xd_sh100
radiant_exploder,#lgtexp_xd_sh130
radiant_exploder,#lgtexp_xd_sh120
radiant_exploder,#lgtexp_xd_sh150
radiant_exploder,#lgtexp_xd_sh170
radiant_exploder,#lgtexp_xd_sh160
radiant_exploder,#hash_696008e1164e095
radiant_exploder,#trap_electric_trap_quickrevive
radiant_exploder,#hash_7e82a34bd609aa9
radiant_exploder,#fx_project_skadi_cold_mist
radiant_exploder,#fxexp_script_power_on
radiant_exploder,#hash_1798e75cd5a5cf92
radiant_exploder,#hash_179bc7fd5af0acb9
radiant_exploder,#hash_17b66d13141708f3
radiant_exploder,#hash_1849fb98672609b8
radiant_exploder,#hash_18c6d53958b6d45e
radiant_exploder,#fxexp_script_projector_on
radiant_exploder,#trap_quickrevive_red
radiant_exploder,#fxexp_script_boardroom_flicker
radiant_exploder,#hash_21016eccdacd9afe
radiant_exploder,#hash_2514f988921776a8
radiant_exploder,#trap_electric_trap_elevator
radiant_exploder,#fxexp_script_power_off
radiant_exploder,#hash_326f5d8d5cd4ac01
radiant_exploder,#fxexp_script_flicker_dim
radiant_exploder,#trap_quickrevive_green
radiant_exploder,#hash_3678c00035ca458f
radiant_exploder,#hash_3afc38694928290b
radiant_exploder,#hash_40a021ed5c250919
radiant_exploder,#hash_484cafa03eb2ed67
radiant_exploder,#trap_elevator_green
radiant_exploder,#fx_exp_teleporter_hangar_shockwave
radiant_exploder,#hash_5b40f99f8f0c3716
radiant_exploder,#fx_exp_teleporter_hangar_warmup
radiant_exploder,#fxexp_script_lgt_lab_spinning
radiant_exploder,#hash_5dac867d11f017b0
radiant_exploder,#trap_elevator_red
radiant_exploder,#fxexp_fast_travel_orbs
radiant_exploder,#hash_6a9212652d3fd24a
radiant_exploder,#fxexp_script_projector_off
radiant_exploder,#fxexp_xd_ambience
radiant_exploder,#fxexp_script_flicker_always
radiant_exploder,#hash_782075b742621656
radiant_exploder,#hash_7b696cb84d307f95
radiant_exploder,#lgtexp_xd_sh060
radiant_exploder,#lgtexp_xd_sh070
radiant_exploder,#lgtexp_xd_sh040
radiant_exploder,#lgtexp_xd_sh050
radiant_exploder,#lgtexp_xd_sh020
radiant_exploder,#lgtexp_xd_sh030
radiant_exploder,#lgtexp_xd_sh010
soundalias,#hash_1778a872b013a
soundalias,#amb_air_raid
soundalias,#vox_path_sorrow_ready_plr_6_2
soundalias,#vox_path_sorrow_ready_plr_6_0
soundalias,#vox_path_sorrow_ready_plr_6_1
soundalias,#hash_4501f1b94ad1df
soundalias,#vox_pap_wait_plr_6_1
soundalias,#vox_pap_wait_plr_6_0
soundalias,#vox_pap_wait_plr_6_3
soundalias,#vox_pap_wait_plr_6_2
soundalias,#vox_pap_wait_plr_6_4
soundalias,#hash_6268512569b3e0
soundalias,#vox_overkill_ready_plr_7_2
soundalias,#vox_overkill_ready_plr_7_1
soundalias,#vox_overkill_ready_plr_7_0
soundalias,#vox_box_smg_plr_5_0
soundalias,#vox_box_smg_plr_5_1
soundalias,#vox_box_smg_plr_5_2
soundalias,#vox_box_smg_plr_5_3
soundalias,#vox_revive_support_demp_plr_5_1
soundalias,#vox_revive_support_demp_plr_5_0
soundalias,#vox_revive_support_demp_plr_5_3
soundalias,#vox_revive_support_demp_plr_5_2
soundalias,#vox_revive_support_demp_plr_5_4
soundalias,#fly_step_crouch_walk_zdog_concrete
soundalias,#hash_a550e9fde4854d
soundalias,#vox_overkill_active_plr_6_1
soundalias,#vox_overkill_active_plr_6_0
soundalias,#vox_overkill_active_plr_6_3
soundalias,#vox_overkill_active_plr_6_2
soundalias,#vox_overkill_active_plr_6_4
soundalias,#evt_metal_detector
soundalias,#vox_box_arnie_plr_5_4
soundalias,#vox_box_arnie_plr_5_0
soundalias,#vox_box_arnie_plr_5_1
soundalias,#vox_box_arnie_plr_5_2
soundalias,#vox_box_arnie_plr_5_3
soundalias,#hash_cfe3836bc9ca39
soundalias,#hash_d52d82c6414349
soundalias,#vox_demp_kill_streak_plr_8_4
soundalias,#vox_demp_kill_streak_plr_8_0
soundalias,#vox_demp_kill_streak_plr_8_1
soundalias,#vox_demp_kill_streak_plr_8_2
soundalias,#vox_demp_kill_streak_plr_8_3
soundalias,#hash_dfe7cf8a545e39
soundalias,#vox_special_round_start_plr_5_0
soundalias,#vox_special_round_start_plr_5_1
soundalias,#vox_special_round_start_plr_5_2
soundalias,#vox_special_round_start_plr_5_3
soundalias,#vox_special_round_start_plr_5_4
soundalias,#vox_plr_6_exert_gas_cough
soundalias,#vox_bop2_exert_mant_light
soundalias,#evt_ee_receiver_pickup
soundalias,#hash_10486eedc1e9fad
soundalias,#fly_wpn_grab_rattle
soundalias,#hash_132e60d6a8113de
soundalias,#vox_bop2_exert_punch_give
soundalias,#hash_1591d5795ff3cab
soundalias,#dst_xlight
soundalias,#vox_box_lmg_plr_8_2
soundalias,#vox_box_lmg_plr_8_3
soundalias,#vox_box_lmg_plr_8_0
soundalias,#vox_box_lmg_plr_8_1
soundalias,#vox_box_lmg_plr_8_4
soundalias,#hash_186bc5f17583a80
soundalias,#vox_plr_8_exert_sniper_exhale
soundalias,#fly_sniper_shell_out_npc
soundalias,#vox_bop2_exert_sniper_hold
soundalias,#fly_step_prone_zdog_ice
soundalias,#vox_bop1_exert_sniper_gasp
soundalias,#hash_21e9e0a70f607e8
soundalias,#dst_propane_tank_lfe
soundalias,#vox_nomoney_generic_plr_6_4
soundalias,#vox_nomoney_generic_plr_6_3
soundalias,#vox_nomoney_generic_plr_6_2
soundalias,#vox_nomoney_generic_plr_6_1
soundalias,#vox_nomoney_generic_plr_6_0
soundalias,#vox_gib_zombie_plr_5_4
soundalias,#vox_gib_zombie_plr_5_0
soundalias,#vox_gib_zombie_plr_5_1
soundalias,#vox_gib_zombie_plr_5_2
soundalias,#vox_gib_zombie_plr_5_3
soundalias,#amb_cage_creak
soundalias,#dst_palet_wood
soundalias,#hash_29af0c47308426c
soundalias,#hash_29af1c47308441f
soundalias,#hash_2a86fa4707c787c
soundalias,#fly_melee_imp_galva_npc_riot
soundalias,#hash_2bb4a8b02a0d697
soundalias,#fly_step_sprint_zdog_metalcatwalk
soundalias,#evt_teleporter_start
soundalias,#zmb_box_move
soundalias,#hash_2f609bd95efa5bc
soundalias,#fly_step_crouch_run_zdog_bark
soundalias,#vox_perk_generic_plr_7_9
soundalias,#vox_perk_generic_plr_7_8
soundalias,#vox_perk_generic_plr_7_7
soundalias,#vox_perk_generic_plr_7_6
soundalias,#vox_perk_generic_plr_7_5
soundalias,#vox_perk_generic_plr_7_4
soundalias,#vox_perk_generic_plr_7_3
soundalias,#vox_perk_generic_plr_7_2
soundalias,#vox_perk_generic_plr_7_1
soundalias,#vox_perk_generic_plr_7_0
soundalias,#vox_bop2_exert_death_veh_fly
soundalias,#dst_cover_concrete
soundalias,#zmb_hellhound_prespawn_lfe
soundalias,#vox_bop4_exert_death_veh_hit
soundalias,#zmb_defcon_alarm_large
soundalias,#amb_outdoor_wind_back
soundalias,#hash_35ee152d044a5ae
soundalias,#wpn_pineapple_fire_plr
soundalias,#hash_3b8275186f62d3a
soundalias,#evt_teleporter_go
soundalias,#hash_3c3acd34d062973
soundalias,#vox_plr_5_outro_igc_6
soundalias,#mus_office_roundend_1_intro
soundalias,#zmb_defcon_alarm_medium
soundalias,#hash_3fe1ae5fd3002be
soundalias,#hash_407e76c94fc409a
soundalias,#hash_40c5232d4f3e85b
soundalias,#dst_gas_pipe_lp
soundalias,#wpn_dg4_sheathe_plr
soundalias,#hash_43eca068008afe4
soundalias,#fly_melee_swipe_player_knife
soundalias,#fly_step_crouch_run_zdog_rock
soundalias,#vox_bop5_exert_razor_wire
soundalias,#hash_46fcc94bcfb7182
soundalias,#zmb_monkey_throw_plr
soundalias,#vox_plr_6_exert_burn_dmg
soundalias,#vox_special_round_kill_plr_7_2
soundalias,#vox_special_round_kill_plr_7_3
soundalias,#vox_special_round_kill_plr_7_0
soundalias,#vox_special_round_kill_plr_7_1
soundalias,#vox_special_round_kill_plr_7_4
soundalias,#wpn_dg4_shockwave_deactivate
soundalias,#fly_step_sprint_zdog_default
soundalias,#wpn_rgun_mk2y_fire_lfe_plr
soundalias,#zmb_quad_explo
soundalias,#mus_round_end_special_intro
soundalias,#vox_tedd_exert_mant_heavy
soundalias,#hash_54eda19e877957a
soundalias,#zmb_perks_packa_upgrade_short
soundalias,#vox_path_sorrow_ready_plr_8_0
soundalias,#vox_path_sorrow_ready_plr_8_1
soundalias,#vox_path_sorrow_ready_plr_8_2
soundalias,#zmb_switch_flip_trap_alarm_reset
soundalias,#vox_plr_6_exert_sniper_hold
soundalias,#hash_58fb7cdd31cf54a
soundalias,#vox_bop4_exert_suppressed
soundalias,#hash_5a43f9a67288b60
soundalias,#hash_5af24daf516325b
soundalias,#vox_path_sorrow_kill_mult_plr_6_2
soundalias,#vox_path_sorrow_kill_mult_plr_6_3
soundalias,#vox_path_sorrow_kill_mult_plr_6_0
soundalias,#vox_path_sorrow_kill_mult_plr_6_1
soundalias,#vox_path_sorrow_kill_mult_plr_6_4
soundalias,#hash_5dd6f186381e2cc
soundalias,#fly_step_crouch_walk_zdog_water
soundalias,#vox_bop3_exert_stabbed
soundalias,#fly_melee_imp_katana_metalcar
soundalias,#vox_nova_crawl_kill_plr_6_3
soundalias,#vox_nova_crawl_kill_plr_6_2
soundalias,#vox_nova_crawl_kill_plr_6_1
soundalias,#vox_nova_crawl_kill_plr_6_0
soundalias,#vox_nova_crawl_kill_plr_6_4
soundalias,#dst_fish_tank
soundalias,#hash_62706d62e4dd677
soundalias,#vox_bop2_exert_blind
soundalias,#vox_assemble_rocketshield_plr_8_0
soundalias,#vox_assemble_rocketshield_plr_8_1
soundalias,#vox_assemble_rocketshield_plr_8_2
soundalias,#hash_65935f08a809b6c
soundalias,#vox_bop3_exert_mant_light
soundalias,#zmb_blocker_door_lp
soundalias,#vox_ammo_low_plr_7_0
soundalias,#vox_ammo_low_plr_7_1
soundalias,#vox_ammo_low_plr_7_2
soundalias,#vox_ammo_low_plr_7_3
soundalias,#vox_ammo_low_plr_7_4
soundalias,#hash_69b4b8f53967333
soundalias,#wpn_rgun_flux_r_plr
soundalias,#hash_6b0bd705ea3d28d
soundalias,#hash_6b98920a69fd329
soundalias,#wpn_dg4_first_raise_lvl3_plr
soundalias,#vox_bop1_exert_underwater_pain
soundalias,#vox_blac_exert_underwater_emerge_gasp
soundalias,#vox_revive_support_rich_plr_8_4
soundalias,#vox_revive_support_rich_plr_8_0
soundalias,#vox_revive_support_rich_plr_8_1
soundalias,#vox_revive_support_rich_plr_8_2
soundalias,#vox_revive_support_rich_plr_8_3
soundalias,#vox_box_launcher_plr_5_4
soundalias,#vox_box_launcher_plr_5_1
soundalias,#vox_box_launcher_plr_5_0
soundalias,#vox_box_launcher_plr_5_3
soundalias,#vox_box_launcher_plr_5_2
soundalias,#vox_box_smg_plr_6_3
soundalias,#vox_box_smg_plr_6_2
soundalias,#vox_box_smg_plr_6_1
soundalias,#vox_box_smg_plr_6_0
soundalias,#vox_box_smg_plr_6_4
soundalias,#hash_70b5282baaacf1c
soundalias,#hash_711ae3ab73a8323
soundalias,#vox_powerup_bonus_plr_8_0
soundalias,#vox_powerup_bonus_plr_8_1
soundalias,#vox_powerup_bonus_plr_8_2
soundalias,#vox_powerup_bonus_plr_8_3
soundalias,#vox_powerup_bonus_plr_8_4
soundalias,#hash_7241e6a65a1219a
soundalias,#vox_groom_lake_arrive_plr_6_0
soundalias,#fly_melee_lunge_player_knife
soundalias,#wpn_pineapple_raise_npc
soundalias,#vox_bop2_exert_punch_take
soundalias,#vox_revive_down_plr_8_2
soundalias,#vox_revive_down_plr_8_3
soundalias,#vox_revive_down_plr_8_0
soundalias,#vox_revive_down_plr_8_1
soundalias,#vox_revive_down_plr_8_4
soundalias,#fly_step_walk_zdog_metalhollow
soundalias,#vox_bop5_exert_bludgeoned
soundalias,#wpn_rgun_mk2_1straise_dial_lh
soundalias,#hash_7c485fb81120124
soundalias,#hash_7c487fb8112048a
soundalias,#hash_7c488fb8112063d
soundalias,#exp_rocket_bow_decay
soundalias,#vox_plr_5_exert_rad_start
soundalias,#vox_bop4_exert_razor_wire
soundalias,#wpn_rgun_mk2_1straise_dial_rh
soundalias,#vox_dg5_level_3_plr_5_0
soundalias,#vox_dg5_level_3_plr_5_1
soundalias,#vox_dg5_level_3_plr_5_2
soundalias,#hash_8121e0d6de42d4f
soundalias,#amb_paper
soundalias,#dst_transformer_lfe
soundalias,#vox_tedd_exert_underwater_air_low
soundalias,#vox_special_round_start_plr_6_4
soundalias,#vox_special_round_start_plr_6_3
soundalias,#vox_special_round_start_plr_6_2
soundalias,#vox_special_round_start_plr_6_1
soundalias,#vox_special_round_start_plr_6_0
soundalias,#hash_8435afa752a641f
soundalias,#vox_bop4_exert_underwater_emerge_breath
soundalias,#hash_85c1a5d874f4cca
soundalias,#fly_step_run_zdog_concrete
soundalias,#vox_photo_kino_pickup_plr_6_0
soundalias,#vox_dg5_kill_mult_plr_8_0
soundalias,#vox_dg5_kill_mult_plr_8_1
soundalias,#vox_dg5_kill_mult_plr_8_2
soundalias,#vox_dg5_kill_mult_plr_8_3
soundalias,#vox_dg5_kill_mult_plr_8_4
soundalias,#hash_873d995e49d9eb5
soundalias,#hash_88ad925c2e8ec10
soundalias,#hash_8ab7a5e00241cf5
soundalias,#hash_8cf7bf5d41063ec
soundalias,#fly_step_sprint_zdog_mud
soundalias,#vox_overkill_active_plr_7_0
soundalias,#vox_overkill_active_plr_7_1
soundalias,#vox_overkill_active_plr_7_2
soundalias,#vox_overkill_active_plr_7_3
soundalias,#fly_melee_imp_katana_npc
soundalias,#hash_8fceaff9b57f692
soundalias,#vox_hellfire_kill_mult_plr_6_1
soundalias,#vox_hellfire_kill_mult_plr_6_0
soundalias,#vox_hellfire_kill_mult_plr_6_3
soundalias,#vox_hellfire_kill_mult_plr_6_2
soundalias,#vox_hellfire_kill_mult_plr_6_4
soundalias,#vox_bop4_exert_explo_dead
soundalias,#hash_948951176630130
soundalias,#hash_948971176630496
soundalias,#hash_948981176630649
soundalias,#zmb_lid_close
soundalias,#vox_bop5_exert_underwater_pain
soundalias,#fly_step_prone_zdog_bodyarmor
soundalias,#prj_pineapple_bounce
soundalias,#fly_step_walk_zdog_tallgrass
soundalias,#fly_step_prone_zdog_foliage
soundalias,#vox_plr_7_exert_rad_end
soundalias,#hash_9b946d695a3c920
soundalias,#wpn_rgun_mk2_fire_act_plr
soundalias,#wpn_dg4_plant_lp
soundalias,#vox_bop1_exert_rad_start
soundalias,#amb_owl
soundalias,#vox_bop1_exert_electro
soundalias,#vox_box_shotgun_plr_7_4
soundalias,#vox_box_shotgun_plr_7_3
soundalias,#vox_box_shotgun_plr_7_2
soundalias,#vox_box_shotgun_plr_7_1
soundalias,#vox_box_shotgun_plr_7_0
soundalias,#vox_bop3_exert_underwater_air_low
soundalias,#hash_9fd84825dfde1ed
soundalias,#fly_step_prone_zdog_cloth
soundalias,#hash_a06cf9bab0e59a3
soundalias,#hash_a1197a45b387cff
soundalias,#hash_a4a0dc4b6285407
soundalias,#hash_a56dd0dec75f924
soundalias,#hash_a60c9533e476dd1
soundalias,#wpn_vulcan_fire_stop_npc
soundalias,#vox_blac_exert_stabbed
soundalias,#vox_plr_7_exert_mant_heavy
soundalias,#zmb_defcon_switch
soundalias,#fly_thermal_scope
soundalias,#wpn_vulcan_stop_plr
soundalias,#vox_nomoney_generic_plr_7_4
soundalias,#vox_nomoney_generic_plr_7_2
soundalias,#vox_nomoney_generic_plr_7_3
soundalias,#vox_nomoney_generic_plr_7_0
soundalias,#vox_nomoney_generic_plr_7_1
soundalias,#hash_a9a6a70f1dea6cc
soundalias,#vox_bop4_exert_gas_gasp
soundalias,#vox_bop5_exert_mant_heavy
soundalias,#hash_ac02f6a2481256f
soundalias,#fly_step_sprint_zdog_metalthin
soundalias,#hash_ad50b59ee592ac4
soundalias,#vox_plr_8_exert_rad_dmg
soundalias,#wpn_pineapple_explode_lfe
soundalias,#vox_pap_wait_plr_7_0
soundalias,#vox_pap_wait_plr_7_1
soundalias,#vox_pap_wait_plr_7_2
soundalias,#vox_pap_wait_plr_7_3
soundalias,#vox_pap_wait_plr_7_4
soundalias,#hash_b0b8fefd0b8005e
soundalias,#vox_overkill_ready_plr_6_2
soundalias,#vox_overkill_ready_plr_6_0
soundalias,#vox_overkill_ready_plr_6_1
soundalias,#hash_b358ff92f1fe829
soundalias,#vox_elixir_drink_plr_5_5
soundalias,#vox_elixir_drink_plr_5_4
soundalias,#vox_elixir_drink_plr_5_7
soundalias,#vox_elixir_drink_plr_5_6
soundalias,#vox_elixir_drink_plr_5_1
soundalias,#vox_elixir_drink_plr_5_0
soundalias,#vox_elixir_drink_plr_5_3
soundalias,#vox_elixir_drink_plr_5_2
soundalias,#vox_elixir_drink_plr_5_9
soundalias,#vox_elixir_drink_plr_5_8
soundalias,#zmb_quad_attack_swing
soundalias,#vox_bop3_exert_punch_give
soundalias,#evt_elevator_office_bell
soundalias,#vox_box_arnie_plr_6_3
soundalias,#vox_box_arnie_plr_6_2
soundalias,#vox_box_arnie_plr_6_1
soundalias,#vox_box_arnie_plr_6_0
soundalias,#vox_box_arnie_plr_6_4
soundalias,#vox_ammo_buy_plr_8_1
soundalias,#vox_ammo_buy_plr_8_0
soundalias,#vox_ammo_buy_plr_8_2
soundalias,#evt_packapunch_revolve_loop
soundalias,#vox_dg5_ready_plr_7_2
soundalias,#vox_dg5_ready_plr_7_1
soundalias,#vox_dg5_ready_plr_7_0
soundalias,#vox_bop3_exert_underwater_pain
soundalias,#hash_bc708021d5ffe2a
soundalias,#fly_gl_reload_rotate
soundalias,#vox_bop5_exert_death_veh_under
soundalias,#dst_hydrant_destroyed
soundalias,#hash_bdb30092e9dc406
soundalias,#vox_plr_6_exert_blind
soundalias,#hash_c0283020bdfe2af
soundalias,#wpn_pineapple_fire_npc
soundalias,#fly_step_crouch_run_zdog_flesh
soundalias,#wpn_katana_melee_single_plr
soundalias,#hash_c30b9ecbea35aaa
soundalias,#fly_step_sprint_zdog_watershallow
soundalias,#fly_step_crouch_walk_zdog_metalhollow
soundalias,#hash_c7661887ac55b9c
soundalias,#vox_bop5_exert_burn_dead
soundalias,#vox_solo_game_start_plr_5_0
soundalias,#hash_d14f7c100ead66a
soundalias,#hash_d15a50c27c8442d
soundalias,#hash_d1ae3bf08f6cfa7
soundalias,#vox_gib_zombie_plr_6_3
soundalias,#vox_gib_zombie_plr_6_2
soundalias,#vox_gib_zombie_plr_6_1
soundalias,#vox_gib_zombie_plr_6_0
soundalias,#vox_gib_zombie_plr_6_4
soundalias,#evt_ee_punchcard_insert
soundalias,#vox_dg5_level_2_plr_5_1
soundalias,#vox_dg5_level_2_plr_5_0
soundalias,#vox_dg5_level_2_plr_5_2
soundalias,#vox_attacked_zombie_plr_8_0
soundalias,#vox_attacked_zombie_plr_8_1
soundalias,#vox_attacked_zombie_plr_8_2
soundalias,#vox_attacked_zombie_plr_8_3
soundalias,#vox_attacked_zombie_plr_8_4
soundalias,#vox_attacked_zombie_plr_8_5
soundalias,#vox_attacked_zombie_plr_8_6
soundalias,#vox_attacked_zombie_plr_8_7
soundalias,#vox_attacked_zombie_plr_8_8
soundalias,#vox_attacked_zombie_plr_8_9
soundalias,#vox_nova_crawl_kill_plr_7_2
soundalias,#vox_nova_crawl_kill_plr_7_3
soundalias,#vox_nova_crawl_kill_plr_7_0
soundalias,#vox_nova_crawl_kill_plr_7_1
soundalias,#vox_nova_crawl_kill_plr_7_4
soundalias,#hash_d846ade61fd0c15
soundalias,#vox_bop3_exert_razor_wire
soundalias,#hash_dc234a0880dd59b
soundalias,#hash_dc5a87ff79146e2
soundalias,#vox_perk_generic_plr_6_6
soundalias,#vox_perk_generic_plr_6_7
soundalias,#vox_perk_generic_plr_6_4
soundalias,#vox_perk_generic_plr_6_5
soundalias,#vox_perk_generic_plr_6_2
soundalias,#vox_perk_generic_plr_6_3
soundalias,#vox_perk_generic_plr_6_0
soundalias,#vox_perk_generic_plr_6_1
soundalias,#vox_perk_generic_plr_6_8
soundalias,#vox_perk_generic_plr_6_9
soundalias,#wpn_pineapple_1straise_plr
soundalias,#prj_brass_gren_case
soundalias,#hash_de73182f138b62c
soundalias,#zmb_blocker_debris_escape_lp
soundalias,#vox_powerup_firesale_plr_7_3
soundalias,#vox_powerup_firesale_plr_7_2
soundalias,#vox_powerup_firesale_plr_7_1
soundalias,#vox_powerup_firesale_plr_7_0
soundalias,#vox_powerup_firesale_plr_7_4
soundalias,#hash_e03bc8ebb29e3a6
soundalias,#hash_e3c1c918ebb703d
soundalias,#vox_kill_arnie_plr_5_1
soundalias,#vox_kill_arnie_plr_5_0
soundalias,#vox_kill_arnie_plr_5_3
soundalias,#vox_kill_arnie_plr_5_2
soundalias,#vox_kill_arnie_plr_5_4
soundalias,#hash_e51948d3d12b229
soundalias,#amb_warroom
soundalias,#fly_wpn_gear_rattle_ads
soundalias,#hash_e78b254cdfde6dd
soundalias,#vox_groom_lake_arrive_plr_5_0
soundalias,#vox_blac_exert_mant_light
soundalias,#vox_surrounded_oh_shit_plr_7_3
soundalias,#vox_surrounded_oh_shit_plr_7_2
soundalias,#vox_surrounded_oh_shit_plr_7_1
soundalias,#vox_surrounded_oh_shit_plr_7_0
soundalias,#vox_surrounded_oh_shit_plr_7_7
soundalias,#vox_surrounded_oh_shit_plr_7_6
soundalias,#vox_surrounded_oh_shit_plr_7_5
soundalias,#vox_surrounded_oh_shit_plr_7_4
soundalias,#vox_surrounded_oh_shit_plr_7_9
soundalias,#vox_surrounded_oh_shit_plr_7_8
soundalias,#vox_bop5_exert_gas_gasp
soundalias,#hash_ebea45d703b1ed2
soundalias,#hash_ebf2cf7a6addac3
soundalias,#vox_plr_6_exert_sniper_gasp
soundalias,#vox_photo_kino_pickup_plr_7_0
soundalias,#fly_step_sprint_zdog_cushion
soundalias,#fly_melee_imp_katana
soundalias,#vox_path_sorrow_level_2_plr_5_1
soundalias,#vox_path_sorrow_level_2_plr_5_0
soundalias,#vox_path_sorrow_level_2_plr_5_2
soundalias,#hash_f32d9de6827bf7d
soundalias,#vox_niko_kill_streak_plr_8_4
soundalias,#vox_niko_kill_streak_plr_8_3
soundalias,#vox_niko_kill_streak_plr_8_2
soundalias,#vox_niko_kill_streak_plr_8_1
soundalias,#vox_niko_kill_streak_plr_8_0
soundalias,#wpn_minigun_sheathe_npc
soundalias,#amb_duct_movement
soundalias,#hash_f845bec3e80208d
soundalias,#vox_powerup_ammo_plr_5_2
soundalias,#vox_powerup_ammo_plr_5_3
soundalias,#vox_powerup_ammo_plr_5_0
soundalias,#vox_powerup_ammo_plr_5_1
soundalias,#vox_powerup_ammo_plr_5_4
soundalias,#zmb_box_poof_land_flux_l
soundalias,#zmb_box_poof_land_flux_r
soundalias,#hash_f9c51ee988be9d1
soundalias,#wpn_ray_reload_open
soundalias,#hash_fc6c763c21a5256
soundalias,#hash_fc6c863c21a5409
soundalias,#fly_step_run_zdog_carpet
soundalias,#fly_step_run_zdog_metal
soundalias,#fly_wpn_gear_rattle
soundalias,#hash_10320501215e405b
soundalias,#zmb_monkey_bounce_default
soundalias,#fly_step_crouch_run_zdog_brick
soundalias,#vox_special_round_start_plr_7_4
soundalias,#vox_special_round_start_plr_7_2
soundalias,#vox_special_round_start_plr_7_3
soundalias,#vox_special_round_start_plr_7_0
soundalias,#vox_special_round_start_plr_7_1
soundalias,#evt_packapunch_revolve_start
soundalias,#fly_step_crouch_run_zdog_asphalt
soundalias,#vox_hellfire_kill_mult_plr_7_0
soundalias,#vox_hellfire_kill_mult_plr_7_1
soundalias,#vox_hellfire_kill_mult_plr_7_2
soundalias,#vox_hellfire_kill_mult_plr_7_3
soundalias,#vox_hellfire_kill_mult_plr_7_4
soundalias,#wpn_ray_1straise
soundalias,#vox_plr_7_exert_rad_dmg
soundalias,#hash_10a119e9606a6988
soundalias,#zmb_perks_packa_loop
soundalias,#wpn_vulcan_1straise_npc
soundalias,#vox_rich_kill_headshot_plr_7_3
soundalias,#vox_rich_kill_headshot_plr_7_2
soundalias,#vox_rich_kill_headshot_plr_7_1
soundalias,#vox_rich_kill_headshot_plr_7_0
soundalias,#vox_rich_kill_headshot_plr_7_4
soundalias,#hash_10e209e9e8ea4734
soundalias,#hash_10ea3f7dc61226de
soundalias,#hash_10eeb36c78bad1b1
soundalias,#hash_10eeb46c78bad364
soundalias,#hash_112aa99bc003e7e0
soundalias,#vox_box_shotgun_plr_6_4
soundalias,#vox_box_shotgun_plr_6_2
soundalias,#vox_box_shotgun_plr_6_3
soundalias,#vox_box_shotgun_plr_6_0
soundalias,#vox_box_shotgun_plr_6_1
soundalias,#hash_1152f3ac3dddade1
soundalias,#vox_bop5_exert_sniper_hold
soundalias,#hash_1169f161390a9847
soundalias,#wpn_minigun_projectile_lp
soundalias,#hash_1185023e7342f615
soundalias,#vox_plr_6_exert_mant_light
soundalias,#hash_11a7f1d08f9789a1
soundalias,#vox_box_smg_plr_7_2
soundalias,#vox_box_smg_plr_7_3
soundalias,#vox_box_smg_plr_7_0
soundalias,#vox_box_smg_plr_7_1
soundalias,#vox_box_smg_plr_7_4
soundalias,#vox_bop2_exert_underwater_emerge_breath
soundalias,#vox_plr_8_exert_sniper_hold
soundalias,#vox_bop1_exert_death_veh_fly
soundalias,#wpn_rgun_exp
soundalias,#hash_11fdd307a70f4d7b
soundalias,#hash_12162c28808aea70
soundalias,#hash_1224c2b6d473fe95
soundalias,#vox_plr_8_exert_rad_end
soundalias,#hash_123af2d6dc30025a
soundalias,#fly_war_machine_pull
soundalias,#evt_elevator_freight_stop
soundalias,#zmb_vocals_zombie_behind
soundalias,#fly_step_prone_zdog_bark
soundalias,#fly_war_machine_push
soundalias,#vox_revive_support_demp_plr_7_4
soundalias,#vox_revive_support_demp_plr_7_3
soundalias,#vox_revive_support_demp_plr_7_2
soundalias,#vox_revive_support_demp_plr_7_1
soundalias,#vox_revive_support_demp_plr_7_0
soundalias,#wpn_winters_howl_fire_act_npc
soundalias,#hash_12a26ec279ceffc2
soundalias,#vox_dg5_level_3_plr_6_2
soundalias,#vox_dg5_level_3_plr_6_1
soundalias,#vox_dg5_level_3_plr_6_0
soundalias,#vox_plr_7_exert_death_fall
soundalias,#vox_box_arnie_plr_7_2
soundalias,#vox_box_arnie_plr_7_3
soundalias,#vox_box_arnie_plr_7_0
soundalias,#vox_box_arnie_plr_7_1
soundalias,#wpn_rgun_mk2_1straise
soundalias,#hash_12d662cbb0e02a5a
soundalias,#vox_bop3_exert_self_heal
soundalias,#fly_step_crouch_run_zdog_grass
soundalias,#vox_bop4_exert_stabbed
soundalias,#vox_perk_generic_plr_8_4
soundalias,#vox_perk_generic_plr_8_5
soundalias,#vox_perk_generic_plr_8_6
soundalias,#vox_perk_generic_plr_8_7
soundalias,#vox_perk_generic_plr_8_0
soundalias,#vox_perk_generic_plr_8_1
soundalias,#vox_perk_generic_plr_8_2
soundalias,#vox_perk_generic_plr_8_3
soundalias,#vox_perk_generic_plr_8_8
soundalias,#vox_perk_generic_plr_8_9
soundalias,#hash_131a6e25fe07d152
soundalias,#hash_131b4db5b684bc21
soundalias,#wpn_shotgun_dryfire_npc
soundalias,#fly_step_sprint_zdog_fruit
soundalias,#vox_bop1_exert_underwater_air_low
soundalias,#amb_outdoor_wind
soundalias,#dst_glass_radar_pane_hit
soundalias,#hash_136e08ecd1baf4cc
soundalias,#hash_13944ade049b7b82
soundalias,#vox_tedd_exert_rad_dmg
soundalias,#hash_13db393ba2bb0c2c
soundalias,#amb_clock_tick
soundalias,#hash_13ebaddf5ce08e73
soundalias,#fly_step_prone_zdog_fruit
soundalias,#prj_crack_raygun_supersonic
soundalias,#vox_bop1_exert_gas_gag
soundalias,#fly_step_crouch_walk_zdog_carpet
soundalias,#zmb_office_fire_blocker
soundalias,#hash_1448d82a7319f62c
soundalias,#vox_plr_7_exert_breath_hurt
soundalias,#hash_1451be2e88441cde
soundalias,#hash_1454c3b0530d321e
soundalias,#vox_hellfire_active_plr_8_4
soundalias,#vox_hellfire_active_plr_8_2
soundalias,#vox_hellfire_active_plr_8_3
soundalias,#vox_hellfire_active_plr_8_0
soundalias,#vox_hellfire_active_plr_8_1
soundalias,#wpn_flame_thrower_dryfire_plr
soundalias,#hash_146afcf9e755fb03
soundalias,#wpn_rifle_dryfire_plr
soundalias,#hash_146ecbfb7f5982b5
soundalias,#vox_tedd_exert_burn_dmg
soundalias,#fly_reload_servo
soundalias,#vox_blac_exert_sniper_hold
soundalias,#wpn_flame_thrower_hit_stop
soundalias,#zmb_hellhound_explode_lfe
soundalias,#hash_148bf1442de0307b
soundalias,#wpn_rgun_mk2_flux_l_plr
soundalias,#hash_1498b4516f37ed4c
soundalias,#hash_14a6b0529c8ecd16
soundalias,#vox_bom4_exert_rad_end
soundalias,#vox_bop5_exert_stabbed
soundalias,#hash_14bc03501b2e126f
soundalias,#wpn_dg4_melee_swing_npc
soundalias,#vox_revive_demp_plr_5_1
soundalias,#vox_revive_demp_plr_5_0
soundalias,#vox_revive_demp_plr_5_3
soundalias,#vox_revive_demp_plr_5_2
soundalias,#vox_revive_demp_plr_5_4
soundalias,#hash_14cf26f9ee5a9962
soundalias,#vox_bop2_exert_underwater_pain
soundalias,#fly_step_run_zdog_plaster
soundalias,#wpn_flame_thrower_start_lfe_plr
soundalias,#hash_14e3b8516f77df92
soundalias,#fly_step_run_zdog_plastic
soundalias,#vox_hellfire_active_plr_7_4
soundalias,#vox_hellfire_active_plr_7_1
soundalias,#vox_hellfire_active_plr_7_0
soundalias,#vox_hellfire_active_plr_7_3
soundalias,#vox_hellfire_active_plr_7_2
soundalias,#fly_step_run_zdog_sand
soundalias,#fly_scope_zoom
soundalias,#hash_150b11a569fc9e03
soundalias,#hash_15269b1a0691d443
soundalias,#zmb_box_weapon_spin
soundalias,#hash_153699eff35f40ab
soundalias,#vox_path_sorrow_level_3_plr_5_0
soundalias,#vox_path_sorrow_level_3_plr_5_1
soundalias,#vox_path_sorrow_level_3_plr_5_2
soundalias,#vox_nomoney_generic_plr_8_4
soundalias,#vox_nomoney_generic_plr_8_1
soundalias,#vox_nomoney_generic_plr_8_0
soundalias,#vox_nomoney_generic_plr_8_3
soundalias,#vox_nomoney_generic_plr_8_2
soundalias,#vox_powerup_firesale_plr_6_2
soundalias,#vox_powerup_firesale_plr_6_3
soundalias,#vox_powerup_firesale_plr_6_0
soundalias,#vox_powerup_firesale_plr_6_1
soundalias,#vox_powerup_firesale_plr_6_4
soundalias,#vox_gib_zombie_plr_7_2
soundalias,#vox_gib_zombie_plr_7_3
soundalias,#vox_gib_zombie_plr_7_0
soundalias,#vox_gib_zombie_plr_7_1
soundalias,#vox_gib_zombie_plr_7_4
soundalias,#hash_157f06c984323da3
soundalias,#hash_158a3cb40bd7d97f
soundalias,#vox_dg5_ready_plr_6_2
soundalias,#vox_dg5_ready_plr_6_0
soundalias,#vox_dg5_ready_plr_6_1
soundalias,#hash_1598f6998a206ef0
soundalias,#fly_step_sprint_zdog_wood
soundalias,#zmb_crafting_fail
soundalias,#hash_15c24da581b333b9
soundalias,#hash_15d40c46633515be
soundalias,#vox_surrounded_oh_shit_plr_6_8
soundalias,#vox_surrounded_oh_shit_plr_6_9
soundalias,#vox_surrounded_oh_shit_plr_6_2
soundalias,#vox_surrounded_oh_shit_plr_6_3
soundalias,#vox_surrounded_oh_shit_plr_6_0
soundalias,#vox_surrounded_oh_shit_plr_6_1
soundalias,#vox_surrounded_oh_shit_plr_6_6
soundalias,#vox_surrounded_oh_shit_plr_6_7
soundalias,#vox_surrounded_oh_shit_plr_6_4
soundalias,#vox_surrounded_oh_shit_plr_6_5
soundalias,#hash_15d6f2c9847c917d
soundalias,#fly_melee_imp_galva_metal
soundalias,#hash_15ebff7555912e98
soundalias,#vox_plr_5_exert_death_veh_under
soundalias,#hash_15ee8e4d1d865bf9
soundalias,#fly_step_paper_plr
soundalias,#fly_gl_open
soundalias,#vox_ammo_out_plr_5_0
soundalias,#vox_ammo_out_plr_5_1
soundalias,#vox_ammo_out_plr_5_2
soundalias,#vox_ammo_out_plr_5_3
soundalias,#vox_ammo_out_plr_5_4
soundalias,#fly_step_crouch_walk_zdog_metalcar
soundalias,#vox_demp_kill_headshot_plr_8_0
soundalias,#vox_demp_kill_headshot_plr_8_1
soundalias,#vox_demp_kill_headshot_plr_8_2
soundalias,#vox_demp_kill_headshot_plr_8_3
soundalias,#vox_demp_kill_headshot_plr_8_4
soundalias,#vox_plr_5_exert_underwater_pain
soundalias,#hash_164524f657045498
soundalias,#vox_plr_6_exert_gas_gasp
soundalias,#hash_1663079294f189b0
soundalias,#hash_1678ea887d624d95
soundalias,#hash_16804090e77a1368
soundalias,#fly_step_walk_zdog_dirt
soundalias,#fly_step_run_zdog_wood
soundalias,#vox_bop2_exert_underwater_air_low
soundalias,#hash_16da5f7943762301
soundalias,#hash_16de7f592462ec4b
soundalias,#vox_blac_exert_punch_take
soundalias,#fly_step_run_zdog_glass
soundalias,#fly_step_prone_zdog_brick
soundalias,#fly_freezegun_spin_npc
soundalias,#hash_171965a444b25e2f
soundalias,#fly_step_run_zdog_metalhollow
soundalias,#zmb_weap_wall
soundalias,#vox_bop3_exert_underwater_emerge_gasp
soundalias,#hash_176583c86eb70c5b
soundalias,#hash_176586c86eb71174
soundalias,#hash_176588c86eb714da
soundalias,#hash_176589c86eb7168d
soundalias,#fly_golden_spork_first_raise
soundalias,#wpn_electric_trap_loop
soundalias,#wpn_rgun_mk2_fire_npc
soundalias,#hash_179a327c774fcc09
soundalias,#vox_ammo_low_plr_5_4
soundalias,#vox_ammo_low_plr_5_2
soundalias,#vox_ammo_low_plr_5_3
soundalias,#vox_ammo_low_plr_5_0
soundalias,#vox_ammo_low_plr_5_1
soundalias,#vox_plr_8_exert_stabbed
soundalias,#zmb_blocker_door_purchase_swt
soundalias,#fly_step_glass_npc
soundalias,#hash_17c4fdd5f6c26341
soundalias,#hash_17c7895c4b5180ce
soundalias,#hash_17c98ec1078f0eff
soundalias,#hash_17f2fef698d5c07b
soundalias,#fly_step_crouch_walk_zdog_dirt
soundalias,#vox_bop4_exert_breath_hurt
soundalias,#vox_niko_kill_streak_plr_6_4
soundalias,#vox_niko_kill_streak_plr_6_1
soundalias,#vox_niko_kill_streak_plr_6_0
soundalias,#vox_niko_kill_streak_plr_6_3
soundalias,#vox_niko_kill_streak_plr_6_2
soundalias,#vox_bop5_exert_death_veh_hit
soundalias,#vox_blac_exert_razor_wire
soundalias,#vox_box_launcher_plr_7_3
soundalias,#vox_box_launcher_plr_7_2
soundalias,#vox_box_launcher_plr_7_1
soundalias,#vox_box_launcher_plr_7_0
soundalias,#vox_box_launcher_plr_7_4
soundalias,#vox_bop3_exert_blind
soundalias,#hash_182892c4bb99b96a
soundalias,#vox_revive_niko_plr_6_1
soundalias,#vox_revive_niko_plr_6_0
soundalias,#vox_revive_niko_plr_6_3
soundalias,#vox_revive_niko_plr_6_2
soundalias,#vox_revive_niko_plr_6_4
soundalias,#vox_plr_7_exert_electro
soundalias,#hash_185268552fe7708a
soundalias,#vox_plr_5_exert_underwater_emerge_gasp
soundalias,#hash_186c808588ff2465
soundalias,#vox_dg5_kill_mult_plr_5_4
soundalias,#vox_dg5_kill_mult_plr_5_1
soundalias,#vox_dg5_kill_mult_plr_5_0
soundalias,#vox_dg5_kill_mult_plr_5_3
soundalias,#vox_dg5_kill_mult_plr_5_2
soundalias,#vox_plr_6_exert_self_heal
soundalias,#hash_188c5a17ec6e49ab
soundalias,#hash_1891b3211ab36c94
soundalias,#evt_teleporter_door_long
soundalias,#hash_18a5515e3206c55c
soundalias,#wpn_katana_dash_lfe_plr
soundalias,#vox_plr_6_exert_death
soundalias,#hash_18b9c1b30e385483
soundalias,#hash_18c3ff3ac15baf9e
soundalias,#hash_18d264594f3e63b7
soundalias,#hash_18d60994d6238a6b
soundalias,#hash_18d7d2008250d771
soundalias,#vox_box_pistol_plr_5_4
soundalias,#vox_box_pistol_plr_5_0
soundalias,#vox_box_pistol_plr_5_1
soundalias,#vox_box_pistol_plr_5_2
soundalias,#vox_box_pistol_plr_5_3
soundalias,#vox_plr_5_exert_suppressed
soundalias,#evt_ee_item_pickup
soundalias,#vox_dg5_level_3_plr_7_2
soundalias,#vox_dg5_level_3_plr_7_0
soundalias,#vox_dg5_level_3_plr_7_1
soundalias,#vox_bop3_exert_death_veh_fly
soundalias,#vox_plr_5_exert_punch_take
soundalias,#vox_bop3_exert_burn_dmg
soundalias,#hash_1958c65416aca66b
soundalias,#zmb_perks_packa_ticktock
soundalias,#wpn_rgun_mk2_exp_flux_l
soundalias,#wpn_rgun_mk2_exp_flux_r
soundalias,#fly_step_crouch_run_zdog_metalcatcrouch_run
soundalias,#hash_1984a3f4bf85aff0
soundalias,#hash_198682b92e7d3b28
soundalias,#vox_photo_kino_pickup_plr_8_0
soundalias,#fly_step_crouch_run_zdog_tallgrass
soundalias,#amb_gore_lp
soundalias,#hash_199ada9e76c36f81
soundalias,#hash_19a4705281f5f0cd
soundalias,#wpn_vulcan_1straise_plr
soundalias,#zmb_electrocute_zombie
soundalias,#vox_plr_8_exert_rad_start
soundalias,#hash_19cf4d96bdc87afd
soundalias,#vox_bop3_exert_rad_end
soundalias,#hash_19dbdeeee13b5df7
soundalias,#vox_box_shotgun_plr_8_4
soundalias,#vox_box_shotgun_plr_8_0
soundalias,#vox_box_shotgun_plr_8_1
soundalias,#vox_box_shotgun_plr_8_2
soundalias,#vox_box_shotgun_plr_8_3
soundalias,#vox_bop1_exert_death_fall
soundalias,#hash_19ed62938d8ef1ae
soundalias,#hash_19fab3d44afbe18a
soundalias,#evt_elevator_office_start
soundalias,#vox_overkill_active_plr_5_4
soundalias,#vox_overkill_active_plr_5_2
soundalias,#vox_overkill_active_plr_5_3
soundalias,#vox_overkill_active_plr_5_0
soundalias,#vox_overkill_active_plr_5_1
soundalias,#vox_powerup_carpenter_plr_8_1
soundalias,#vox_powerup_carpenter_plr_8_0
soundalias,#vox_powerup_carpenter_plr_8_3
soundalias,#vox_powerup_carpenter_plr_8_2
soundalias,#vox_powerup_carpenter_plr_8_4
soundalias,#hash_1a259c1374b5f0a9
soundalias,#zmb_step_quad_default_close
soundalias,#wpn_rgun_mk2z_fire_swt_npc
soundalias,#zmb_vocals_quad_spawn_flux_l
soundalias,#zmb_vocals_quad_spawn_flux_r
soundalias,#hash_1a4bbbe1a3b57e4f
soundalias,#vox_bof1_exert_rad_start
soundalias,#dst_water_bottle
soundalias,#vox_tedd_exert_razor_wire
soundalias,#vox_powerup_insta_plr_5_1
soundalias,#vox_powerup_insta_plr_5_0
soundalias,#vox_powerup_insta_plr_5_3
soundalias,#vox_powerup_insta_plr_5_2
soundalias,#vox_powerup_insta_plr_5_4
soundalias,#fly_step_crouch_run_zdog_carpet
soundalias,#vox_blac_exert_breath_hurt
soundalias,#vox_pap_wait_plr_5_4
soundalias,#vox_pap_wait_plr_5_2
soundalias,#vox_pap_wait_plr_5_3
soundalias,#vox_pap_wait_plr_5_0
soundalias,#vox_pap_wait_plr_5_1
soundalias,#vox_blac_exert_death
soundalias,#hash_1ab40245f7cae5d3
soundalias,#vox_plr_7_exert_stabbed
soundalias,#hash_1ad15c7df960acf6
soundalias,#vox_special_round_start_plr_8_4
soundalias,#vox_special_round_start_plr_8_1
soundalias,#vox_special_round_start_plr_8_0
soundalias,#vox_special_round_start_plr_8_3
soundalias,#vox_special_round_start_plr_8_2
soundalias,#fly_step_run_zdog_bodyarmor
soundalias,#hash_1b28ca975224396b
soundalias,#fly_step_walk_zdog_foliage
soundalias,#evt_elevator_freight_door_open
soundalias,#mus_office_roundstart_3_intro
soundalias,#vox_rich_kill_headshot_plr_6_2
soundalias,#vox_rich_kill_headshot_plr_6_3
soundalias,#vox_rich_kill_headshot_plr_6_0
soundalias,#vox_rich_kill_headshot_plr_6_1
soundalias,#vox_rich_kill_headshot_plr_6_4
soundalias,#fly_sniper_shell_in_plr
soundalias,#fly_step_walk_zdog_glasscar
soundalias,#hash_1b8312696702abe6
soundalias,#evt_ee_item_drop
soundalias,#vox_tedd_exert_rad_end
soundalias,#vox_bom4_exert_rad_dmg
soundalias,#amb_tarp_flap
soundalias,#fly_gl_gren_in
soundalias,#wpn_rgun_fire_npc
soundalias,#fly_step_glass_plr
soundalias,#hash_1bb1ebdfbfe172c9
soundalias,#vox_path_sorrow_level_3_plr_6_2
soundalias,#vox_path_sorrow_level_3_plr_6_1
soundalias,#vox_path_sorrow_level_3_plr_6_0
soundalias,#zmb_lid_open
soundalias,#zmb_quad_attack_swing_second
soundalias,#zmb_perks_packa_ready
soundalias,#zmb_vocals_quad_behind
soundalias,#hash_1bfd89d494a5882c
soundalias,#fly_step_sprint_zdog_glassbulletproof
soundalias,#amb_bell_alarm
soundalias,#hash_1c27ba67437c3b83
soundalias,#hash_1c3534ce92c118f7
soundalias,#hash_1c38fdc40339b86e
soundalias,#hash_1c3e58e0b9110b37
soundalias,#vox_bop4_exert_burn_dmg
soundalias,#vox_power_switch_plr_8_0
soundalias,#vox_power_switch_plr_8_1
soundalias,#vox_power_switch_plr_8_2
soundalias,#hash_1c4acf7a1c9c1cda
soundalias,#vox_elixir_drink_plr_7_3
soundalias,#vox_elixir_drink_plr_7_2
soundalias,#vox_elixir_drink_plr_7_1
soundalias,#vox_elixir_drink_plr_7_0
soundalias,#vox_elixir_drink_plr_7_7
soundalias,#vox_elixir_drink_plr_7_6
soundalias,#vox_elixir_drink_plr_7_5
soundalias,#vox_elixir_drink_plr_7_4
soundalias,#vox_elixir_drink_plr_7_9
soundalias,#vox_elixir_drink_plr_7_8
soundalias,#hash_1c710f2a77940661
soundalias,#hash_1c7fd3887ff2e2a4
soundalias,#hash_1c7fd4887ff2e457
soundalias,#hash_1c7fd5887ff2e60a
soundalias,#hash_1c7fd6887ff2e7bd
soundalias,#hash_1c8dd30ad4577f23
soundalias,#vox_magic_box_share_plr_8_4
soundalias,#vox_magic_box_share_plr_8_3
soundalias,#vox_magic_box_share_plr_8_2
soundalias,#vox_magic_box_share_plr_8_1
soundalias,#vox_magic_box_share_plr_8_0
soundalias,#fly_step_crouch_walk_zdog_metalcatcrouch_walk
soundalias,#hash_1cc59bd671b94b13
soundalias,#vox_dg5_level_2_plr_7_2
soundalias,#vox_dg5_level_2_plr_7_1
soundalias,#vox_dg5_level_2_plr_7_0
soundalias,#zmb_tentacle_drop
soundalias,#vox_blac_exert_sniper_gasp
soundalias,#vox_hellfire_active_plr_6_4
soundalias,#vox_hellfire_active_plr_6_0
soundalias,#vox_hellfire_active_plr_6_1
soundalias,#vox_hellfire_active_plr_6_2
soundalias,#vox_hellfire_active_plr_6_3
soundalias,#zmb_spawn_walla
soundalias,#vox_bop3_exert_bludgeoned
soundalias,#hash_1d3964f5cb0069af
soundalias,#zmb_attack_underwater_whoosh
soundalias,#vox_plr_6_exert_sniper_exhale
soundalias,#vox_bop2_exert_gas_gag
soundalias,#wpn_flame_thrower_hit_loop
soundalias,#fly_pineapple_bolt_release
soundalias,#hash_1dbe8bcc3c51153a
soundalias,#vox_kill_raygun_plr_5_4
soundalias,#vox_kill_raygun_plr_5_0
soundalias,#vox_kill_raygun_plr_5_1
soundalias,#vox_kill_raygun_plr_5_2
soundalias,#vox_kill_raygun_plr_5_3
soundalias,#hash_1de18dce8a27c19c
soundalias,#hash_1e0ccafc1372b4df
soundalias,#fly_step_run_zdog_metalcatrun
soundalias,#mus_perk_machine_stinger
soundalias,#zmb_blocker_powerdoor_purchase_swt
soundalias,#wpn_rgun_mk2z_fire_swt_plr
soundalias,#zmb_vocals_zombie_taunt
soundalias,#hash_1e329197dee1519d
soundalias,#hash_1e3312d30c58f0ba
soundalias,#hash_1e3f45c10a986434
soundalias,#vox_ammo_out_plr_6_4
soundalias,#vox_ammo_out_plr_6_3
soundalias,#vox_ammo_out_plr_6_2
soundalias,#vox_ammo_out_plr_6_1
soundalias,#vox_ammo_out_plr_6_0
soundalias,#hash_1e451b58f18190b4
soundalias,#hash_1e663646915c259e
soundalias,#fly_generic_first_raise_plr
soundalias,#vox_bom2_exert_rad_start
soundalias,#zmb_vox_monkey_raise_plr
soundalias,#vox_bop1_exert_mant_light
soundalias,#hash_1ee5f337c6355dc1
soundalias,#hash_1ee648a56fe842b8
soundalias,#fly_step_walk_zdog_metalcar
soundalias,#hash_1f218b7bd50caa9d
soundalias,#hash_1f23829ad8824dcc
soundalias,#fly_step_run_zdog_snow
soundalias,#hash_1f39cf85dba56934
soundalias,#fly_combat_knife_first_raise
soundalias,#hash_1f58939de54b1b59
soundalias,#wpn_vulcan_fire_start_plr
soundalias,#wpn_dg4_melee_impact
soundalias,#vox_bop3_exert_electro
soundalias,#hash_1f5fc24563134758
soundalias,#vox_tedd_exert_electro
soundalias,#vox_kill_arnie_plr_7_4
soundalias,#vox_kill_arnie_plr_7_3
soundalias,#vox_kill_arnie_plr_7_2
soundalias,#vox_kill_arnie_plr_7_1
soundalias,#vox_kill_arnie_plr_7_0
soundalias,#vox_box_launcher_plr_6_2
soundalias,#vox_box_launcher_plr_6_3
soundalias,#vox_box_launcher_plr_6_0
soundalias,#vox_box_launcher_plr_6_1
soundalias,#vox_box_launcher_plr_6_4
soundalias,#vox_blac_exert_blind
soundalias,#hash_1f7edbf8f3a60766
soundalias,#fly_step_puddle_plr
soundalias,#vox_powerup_bonus_plr_5_4
soundalias,#vox_powerup_bonus_plr_5_1
soundalias,#vox_powerup_bonus_plr_5_0
soundalias,#vox_powerup_bonus_plr_5_3
soundalias,#vox_powerup_bonus_plr_5_2
soundalias,#hash_1f915dd1636a1d4c
soundalias,#dst_nitrogen_tank_leak
soundalias,#wpn_electric_trap_start
soundalias,#hash_1fc058736573a9b5
soundalias,#hash_1fd218acf8959773
soundalias,#vox_plr_8_exert_razor_wire
soundalias,#vox_groom_lake_teleport_active_plr_8_0
soundalias,#vox_plr_8_exert_burn_dead
soundalias,#zmb_crafting_start
soundalias,#vox_tedd_exert_death_veh_under
soundalias,#hash_200e28bcd26bab77
soundalias,#hash_200e2ebcd26bb5a9
soundalias,#vox_bop4_exert_bludgeoned
soundalias,#fly_step_crouch_run_zdog_mud
soundalias,#hash_2024a8e05391aed0
soundalias,#vox_plr_6_exert_mant_heavy
soundalias,#fly_melee_imp_galva_npc_wood
soundalias,#zmb_office_outro_igc
soundalias,#prj_winters_howl_freeze
soundalias,#fly_step_prone_zdog_sand
soundalias,#hash_2052d8709436ffc5
soundalias,#vox_path_sorrow_level_2_plr_7_2
soundalias,#vox_path_sorrow_level_2_plr_7_1
soundalias,#vox_path_sorrow_level_2_plr_7_0
soundalias,#vox_assemble_rocketshield_plr_5_1
soundalias,#vox_assemble_rocketshield_plr_5_0
soundalias,#vox_assemble_rocketshield_plr_5_2
soundalias,#vox_bop1_exert_death_veh_hit
soundalias,#wpn_rgun_mk2_fire_lfe_plr
soundalias,#vox_plr_8_exert_death_fall
soundalias,#vox_plr_6_exert_burn_dead
soundalias,#vox_bop4_exert_underwater_pain
soundalias,#fly_melee_swipealt_player_knife
soundalias,#fly_step_prone_zdog_concrete
soundalias,#hash_21301e44305d112d
soundalias,#hash_213acce06f0cb851
soundalias,#vox_path_sorrow_active_plr_8_4
soundalias,#vox_path_sorrow_active_plr_8_3
soundalias,#vox_path_sorrow_active_plr_8_2
soundalias,#vox_path_sorrow_active_plr_8_1
soundalias,#vox_path_sorrow_active_plr_8_0
soundalias,#hash_214eb0cf09013847
soundalias,#fly_step_crouch_run_zdog_ceramic
soundalias,#hash_215e1891b2952ace
soundalias,#amb_comp_tape
soundalias,#hash_217e6ae56b61ad3b
soundalias,#zmb_no_cha_ching
soundalias,#vox_bop3_exert_rad_dmg
soundalias,#zmb_blocker_door_purchase
soundalias,#vox_nova_crawl_react_plr_5_1
soundalias,#vox_nova_crawl_react_plr_5_0
soundalias,#vox_nova_crawl_react_plr_5_3
soundalias,#vox_nova_crawl_react_plr_5_2
soundalias,#vox_nova_crawl_react_plr_5_4
soundalias,#pfx_spark_bounce
soundalias,#wpn_shotgun_dryfire_plr
soundalias,#wpn_flame_thrower_stop_lfe_plr
soundalias,#vox_plr_7_exert_death
soundalias,#hash_22381717002ffa5b
soundalias,#hash_223ae521b31be6c3
soundalias,#hash_223c3071ea10c2cb
soundalias,#hash_224e1c16bb6396c0
soundalias,#hash_225313cd2bddc0c5
soundalias,#fly_step_run_zdog_glassbulletproof
soundalias,#zmb_step_quad_default_close_swt
soundalias,#hash_226da01373c24627
soundalias,#hash_226fa7aac29cddb2
soundalias,#vox_pickup_rocketshield_plr_8_0
soundalias,#vox_pickup_rocketshield_plr_8_1
soundalias,#vox_pickup_rocketshield_plr_8_2
soundalias,#vox_bof1_exert_rad_end
soundalias,#vox_pentagon_teleport_establish_pann_0
soundalias,#hash_22e4054b05c95b88
soundalias,#hash_22e45f12bb95d04e
soundalias,#hash_22f0275e647e01e8
soundalias,#hash_22fb6c165aac9059
soundalias,#zmb_crafting_pickup_generic
soundalias,#hash_23077f55368c829f
soundalias,#fly_generic_down_med_plr
soundalias,#hash_23404428f33dad19
soundalias,#fly_step_prone_zdog_wood
soundalias,#wpn_vulcan_fire_start_npc
soundalias,#vox_hellfire_kill_mult_plr_5_4
soundalias,#vox_hellfire_kill_mult_plr_5_2
soundalias,#vox_hellfire_kill_mult_plr_5_3
soundalias,#vox_hellfire_kill_mult_plr_5_0
soundalias,#vox_hellfire_kill_mult_plr_5_1
soundalias,#hash_23503ada3c12e46b
soundalias,#vox_plr_6_exert_stabbed
soundalias,#hash_237a7e8468ca7aa0
soundalias,#zmb_vocals_zombie_death
soundalias,#vox_ammo_out_plr_8_4
soundalias,#vox_ammo_out_plr_8_1
soundalias,#vox_ammo_out_plr_8_0
soundalias,#vox_ammo_out_plr_8_3
soundalias,#vox_ammo_out_plr_8_2
soundalias,#vox_box_pistol_plr_6_3
soundalias,#vox_box_pistol_plr_6_2
soundalias,#vox_box_pistol_plr_6_1
soundalias,#vox_box_pistol_plr_6_0
soundalias,#vox_box_pistol_plr_6_4
soundalias,#amb_wind_gust
soundalias,#hash_23a15d63bdd2b650
soundalias,#wpn_minigun_nuke_impact
soundalias,#fly_step_sprint_zdog_glass
soundalias,#fly_uw_move_reload_deep
soundalias,#vox_bop5_exert_burn_dmg
soundalias,#vox_tedd_exert_sniper_gasp
soundalias,#wpn_optic_zoom_out
soundalias,#amb_elevator_muzak
soundalias,#hash_23e7483164955a17
soundalias,#fly_step_crouch_run_zdog_paintedmetal
soundalias,#vox_niko_surrounded_oh_shit_plr_8_4
soundalias,#vox_niko_surrounded_oh_shit_plr_8_2
soundalias,#vox_niko_surrounded_oh_shit_plr_8_3
soundalias,#vox_niko_surrounded_oh_shit_plr_8_0
soundalias,#vox_niko_surrounded_oh_shit_plr_8_1
soundalias,#hash_24067f2a91e41d3d
soundalias,#wpn_flame_thrower_stop_plr
soundalias,#vox_bop1_exert_self_heal
soundalias,#hash_2426faf5a7318736
soundalias,#wpn_generic_dryfire_plr
soundalias,#hash_242d04592ac9c01b
soundalias,#hash_2452403ff6a1c545
soundalias,#vox_hellfire_active_plr_5_3
soundalias,#vox_hellfire_active_plr_5_2
soundalias,#vox_hellfire_active_plr_5_1
soundalias,#vox_hellfire_active_plr_5_0
soundalias,#vox_hellfire_active_plr_5_4
soundalias,#hash_24654c19f66a10b9
soundalias,#hash_248ea4b797c1bc2a
soundalias,#fly_mag_empty_sweet
soundalias,#vox_bop4_exert_concuss
soundalias,#hash_24a335a0d689360b
soundalias,#vox_bop2_exert_gas_cough
soundalias,#hash_24afcad451a0f39f
soundalias,#vox_rich_surrounded_oh_shit_plr_8_4
soundalias,#vox_rich_surrounded_oh_shit_plr_8_3
soundalias,#vox_rich_surrounded_oh_shit_plr_8_2
soundalias,#vox_rich_surrounded_oh_shit_plr_8_1
soundalias,#vox_rich_surrounded_oh_shit_plr_8_0
soundalias,#fly_step_crouch_walk_zdog_flesh
soundalias,#wpn_dg4_slam_impact_lfe
soundalias,#fly_step_crouch_walk_zdog_default
soundalias,#hash_24e6c0b7980c6194
soundalias,#fly_step_prone_zdog_metalhollow
soundalias,#hash_24eefd2f2e76d686
soundalias,#vox_plr_5_exert_rad_end
soundalias,#fly_flamethrower_first_raise
soundalias,#zmb_vocals_zombie_teardown
soundalias,#vox_dg5_ready_plr_8_0
soundalias,#vox_dg5_ready_plr_8_1
soundalias,#vox_dg5_ready_plr_8_2
soundalias,#hash_2511d5011d40cbd2
soundalias,#vox_kill_raygun_plr_6_3
soundalias,#vox_kill_raygun_plr_6_2
soundalias,#vox_kill_raygun_plr_6_1
soundalias,#vox_kill_raygun_plr_6_0
soundalias,#vox_kill_raygun_plr_6_4
soundalias,#hash_25292058dbedb657
soundalias,#hash_252fcf3fee0854d6
soundalias,#hash_2547012db81a7ad8
soundalias,#vox_bop1_exert_underwater_emerge_breath
soundalias,#fly_step_wreckage_npc
soundalias,#fly_melee_imp_galva_npc_metal
soundalias,#vox_bop4_exert_death
soundalias,#vox_ammo_out_plr_7_4
soundalias,#vox_ammo_out_plr_7_2
soundalias,#vox_ammo_out_plr_7_3
soundalias,#vox_ammo_out_plr_7_0
soundalias,#vox_ammo_out_plr_7_1
soundalias,#hash_259620656585faec
soundalias,#hash_259ff339b748935e
soundalias,#dst_server_glass
soundalias,#hash_25afe488e04ae938
soundalias,#hash_25b57891043eeb47
soundalias,#amb_pig_vocal
soundalias,#vox_plr_5_exert_blind
soundalias,#fly_step_run_zdog_bark
soundalias,#hash_25d9e2929f1b7eb0
soundalias,#vox_bop4_exert_sniper_exhale
soundalias,#hash_25eb2ecb06922b3e
soundalias,#vox_bop5_exert_rad_start
soundalias,#hash_25fd913716475ef2
soundalias,#vox_generic_responses_positive_plr_8_8
soundalias,#vox_generic_responses_positive_plr_8_9
soundalias,#vox_generic_responses_positive_plr_8_6
soundalias,#vox_generic_responses_positive_plr_8_7
soundalias,#vox_generic_responses_positive_plr_8_4
soundalias,#vox_generic_responses_positive_plr_8_5
soundalias,#vox_generic_responses_positive_plr_8_2
soundalias,#vox_generic_responses_positive_plr_8_3
soundalias,#vox_generic_responses_positive_plr_8_0
soundalias,#vox_generic_responses_positive_plr_8_1
soundalias,#fly_step_sprint_zdog_cloth
soundalias,#hash_2638b34fdd2f6c68
soundalias,#wpn_winters_howl_flux_l_plr
soundalias,#vox_path_sorrow_level_3_plr_7_2
soundalias,#vox_path_sorrow_level_3_plr_7_0
soundalias,#vox_path_sorrow_level_3_plr_7_1
soundalias,#vox_box_sniper_plr_8_1
soundalias,#vox_box_sniper_plr_8_0
soundalias,#vox_box_sniper_plr_8_3
soundalias,#vox_box_sniper_plr_8_2
soundalias,#vox_box_sniper_plr_8_4
soundalias,#vox_bop2_exert_razor_wire
soundalias,#vox_revive_demp_plr_7_4
soundalias,#vox_revive_demp_plr_7_3
soundalias,#vox_revive_demp_plr_7_2
soundalias,#vox_revive_demp_plr_7_1
soundalias,#vox_revive_demp_plr_7_0
soundalias,#hash_26f8717dbe9938fe
soundalias,#vox_demp_kill_headshot_plr_5_4
soundalias,#vox_demp_kill_headshot_plr_5_1
soundalias,#vox_demp_kill_headshot_plr_5_0
soundalias,#vox_demp_kill_headshot_plr_5_3
soundalias,#vox_demp_kill_headshot_plr_5_2
soundalias,#vox_elixir_drink_plr_6_8
soundalias,#vox_elixir_drink_plr_6_9
soundalias,#vox_elixir_drink_plr_6_2
soundalias,#vox_elixir_drink_plr_6_3
soundalias,#vox_elixir_drink_plr_6_0
soundalias,#vox_elixir_drink_plr_6_1
soundalias,#vox_elixir_drink_plr_6_6
soundalias,#vox_elixir_drink_plr_6_7
soundalias,#vox_elixir_drink_plr_6_4
soundalias,#vox_elixir_drink_plr_6_5
soundalias,#hash_2726262a7e391876
soundalias,#hash_27307cf6fa94ac1f
soundalias,#zmb_switch_flip_trap_reset
soundalias,#vox_blac_exert_mant_heavy
soundalias,#vox_pickup_generic_plr_5_1
soundalias,#vox_pickup_generic_plr_5_0
soundalias,#vox_pickup_generic_plr_5_3
soundalias,#vox_pickup_generic_plr_5_2
soundalias,#vox_pickup_generic_plr_5_5
soundalias,#vox_pickup_generic_plr_5_4
soundalias,#vox_pickup_generic_plr_5_7
soundalias,#vox_pickup_generic_plr_5_6
soundalias,#vox_pickup_generic_plr_5_9
soundalias,#vox_pickup_generic_plr_5_8
soundalias,#hash_2744e20c904dcaf0
soundalias,#hash_2747b199d121f40b
soundalias,#wpn_rgun_flux_l_plr
soundalias,#vox_bop1_exert_gas_cough
soundalias,#hash_277d298cf39a2119
soundalias,#vox_dg5_level_2_plr_6_2
soundalias,#vox_dg5_level_2_plr_6_0
soundalias,#vox_dg5_level_2_plr_6_1
soundalias,#vox_tedd_exert_explo_dead
soundalias,#vox_path_sorrow_level_2_plr_6_2
soundalias,#vox_path_sorrow_level_2_plr_6_0
soundalias,#vox_path_sorrow_level_2_plr_6_1
soundalias,#hash_27ae8f0ca01852cd
soundalias,#hash_27c02185cabe2640
soundalias,#amb_projector
soundalias,#fly_step_walk_zdog_paper
soundalias,#vox_dg5_kill_mult_plr_7_3
soundalias,#vox_dg5_kill_mult_plr_7_2
soundalias,#vox_dg5_kill_mult_plr_7_1
soundalias,#vox_dg5_kill_mult_plr_7_0
soundalias,#vox_dg5_kill_mult_plr_7_4
soundalias,#hash_27f12e7284f453c6
soundalias,#wpn_vulcan_fire_loop_plr
soundalias,#zmb_death_nohead_blood
soundalias,#vox_plr_6_exert_gas_gag
soundalias,#hash_2851b65c33ed27e7
soundalias,#hash_28762a5a9e4b571f
soundalias,#hash_288a6befcfe526f3
soundalias,#vox_solo_game_start_plr_8_0
soundalias,#vox_niko_kill_headshot_plr_6_1
soundalias,#vox_niko_kill_headshot_plr_6_0
soundalias,#vox_niko_kill_headshot_plr_6_3
soundalias,#vox_niko_kill_headshot_plr_6_2
soundalias,#vox_niko_kill_headshot_plr_6_4
soundalias,#vox_kill_headshot_plr_5_8
soundalias,#vox_kill_headshot_plr_5_9
soundalias,#vox_kill_headshot_plr_5_0
soundalias,#vox_kill_headshot_plr_5_1
soundalias,#vox_kill_headshot_plr_5_2
soundalias,#vox_kill_headshot_plr_5_3
soundalias,#vox_kill_headshot_plr_5_4
soundalias,#vox_kill_headshot_plr_5_5
soundalias,#vox_kill_headshot_plr_5_6
soundalias,#vox_kill_headshot_plr_5_7
soundalias,#hash_28d19706c882d8c3
soundalias,#wpn_pineapple_mini_loop
soundalias,#hash_28f3dcc1113c9cc9
soundalias,#vox_plr_7_exert_sniper_exhale
soundalias,#vox_bop2_exert_death_fall
soundalias,#hash_291018d20bb10fb2
soundalias,#vox_attacked_zombie_plr_5_5
soundalias,#vox_attacked_zombie_plr_5_4
soundalias,#vox_attacked_zombie_plr_5_7
soundalias,#vox_attacked_zombie_plr_5_6
soundalias,#vox_attacked_zombie_plr_5_1
soundalias,#vox_attacked_zombie_plr_5_0
soundalias,#vox_attacked_zombie_plr_5_3
soundalias,#vox_attacked_zombie_plr_5_2
soundalias,#vox_attacked_zombie_plr_5_9
soundalias,#vox_attacked_zombie_plr_5_8
soundalias,#fly_melee_imp_galva_riot
soundalias,#vox_bom2_exert_rad_end
soundalias,#fly_zombie_jumpland_soft
soundalias,#vox_power_switch_plr_5_1
soundalias,#vox_power_switch_plr_5_0
soundalias,#vox_power_switch_plr_5_2
soundalias,#vox_plr_7_exert_gas_cough
soundalias,#fly_generic_down_shrt_plr
soundalias,#fly_combat_knife_first_raise_npc
soundalias,#vox_plr_8_exert_blind
soundalias,#hash_29f2a9f49833dfaf
soundalias,#zmb_vox_monkey_land
soundalias,#vox_overkill_active_plr_8_3
soundalias,#vox_overkill_active_plr_8_2
soundalias,#vox_overkill_active_plr_8_1
soundalias,#vox_overkill_active_plr_8_0
soundalias,#vox_overkill_active_plr_8_4
soundalias,#fly_step_run_zdog_gravel
soundalias,#fly_step_sprint_zdog_carpet
soundalias,#amb_paper_trash
soundalias,#vox_kill_arnie_plr_6_4
soundalias,#vox_kill_arnie_plr_6_2
soundalias,#vox_kill_arnie_plr_6_3
soundalias,#vox_kill_arnie_plr_6_0
soundalias,#vox_kill_arnie_plr_6_1
soundalias,#hash_2a2a23a72475e869
soundalias,#hash_2a4b30f5343f03da
soundalias,#fly_step_prone_zdog_paintedmetal
soundalias,#hash_2a6e793295de605f
soundalias,#vox_plr_5_exert_death
soundalias,#wpn_minigun_sheathe_plr
soundalias,#hash_2aee85ce9a5bee52
soundalias,#vox_ammo_buy_plr_5_0
soundalias,#vox_ammo_buy_plr_5_1
soundalias,#vox_ammo_buy_plr_5_2
soundalias,#fly_step_prone_zdog_metalcatprone
soundalias,#wpn_rgun_mk2v_start
soundalias,#vox_destroy_rocketshield_plr_8_0
soundalias,#vox_destroy_rocketshield_plr_8_1
soundalias,#vox_destroy_rocketshield_plr_8_2
soundalias,#vox_bop5_exert_rad_end
soundalias,#hash_2b2ce304596c11cd
soundalias,#hash_2b2fb6553b0692d4
soundalias,#hash_2b4e25f8eaed9341
soundalias,#hash_2b4f03822bdc9869
soundalias,#vox_bom3_exert_rad_dmg
soundalias,#vox_powerup_insta_plr_7_4
soundalias,#vox_powerup_insta_plr_7_3
soundalias,#vox_powerup_insta_plr_7_2
soundalias,#vox_powerup_insta_plr_7_1
soundalias,#vox_powerup_insta_plr_7_0
soundalias,#hash_2b9b9ae27f099922
soundalias,#mus_fire_sale
soundalias,#vox_box_pistol_plr_7_2
soundalias,#vox_box_pistol_plr_7_3
soundalias,#vox_box_pistol_plr_7_0
soundalias,#vox_box_pistol_plr_7_1
soundalias,#vox_box_pistol_plr_7_4
soundalias,#vox_plr_7_exert_razor_wire
soundalias,#vox_plr_7_exert_death_veh_under
soundalias,#hash_2be6ede02abf5cfc
soundalias,#vox_revive_support_demp_plr_8_4
soundalias,#vox_revive_support_demp_plr_8_0
soundalias,#vox_revive_support_demp_plr_8_1
soundalias,#vox_revive_support_demp_plr_8_2
soundalias,#vox_revive_support_demp_plr_8_3
soundalias,#hash_2bfff78ed4aefdbc
soundalias,#hash_2c1a2b29f89d9c1e
soundalias,#fly_melee_lungealt_knife
soundalias,#hash_2c353a931f7b6186
soundalias,#zmb_quad_gas_attack_start
soundalias,#hash_2c3f780f1e33ff80
soundalias,#hash_2c5321deab41da10
soundalias,#hash_2c58be4a6b26629b
soundalias,#vox_plr_7_exert_gas_gag
soundalias,#vox_plr_5_exert_punch_give
soundalias,#hash_2c8959d200afc735
soundalias,#exp_transformer_flux_r
soundalias,#exp_transformer_flux_l
soundalias,#hash_2cb99908783105d8
soundalias,#wpn_ray_reload_battery_in
soundalias,#hash_2cd800d4561b0221
soundalias,#vox_plr_7_exert_sniper_hold
soundalias,#fly_step_sprint_zdog_ice
soundalias,#vox_plr_5_exert_bludgeoned
soundalias,#vox_bof1_exert_rad_dmg
soundalias,#hash_2d0e75039a8b7ab2
soundalias,#wpn_flamethrower_sheathe_npc
soundalias,#vox_revive_self_plr_5_1
soundalias,#vox_revive_self_plr_5_0
soundalias,#vox_revive_self_plr_5_2
soundalias,#vox_kill_raygun_plr_7_2
soundalias,#vox_kill_raygun_plr_7_3
soundalias,#vox_kill_raygun_plr_7_0
soundalias,#vox_kill_raygun_plr_7_1
soundalias,#vox_kill_raygun_plr_7_4
soundalias,#fly_step_crouch_walk_zdog_grass
soundalias,#mus_office_roundstart_1_intro
soundalias,#hash_2d78d5727436aadc
soundalias,#wpn_dg4_electrocution_impact
soundalias,#hash_2d7c515e560a7f69
soundalias,#vox_mcnamara_log_repair_plr_6_0
soundalias,#hash_2d87822f312b7e39
soundalias,#wpn_rgun_fire_act_plr
soundalias,#hash_2d8f8d79d800431f
soundalias,#dst_dest_reel2reel_01_dp_d0
soundalias,#dst_dest_reel2reel_01_dp_d1
soundalias,#dst_dest_reel2reel_01_dp_d2
soundalias,#fly_melee_imp_galva_cloth
soundalias,#hash_2db2a17a1cb454c1
soundalias,#vox_bop4_exert_sniper_hold
soundalias,#vox_magic_box_share_plr_6_4
soundalias,#vox_magic_box_share_plr_6_1
soundalias,#vox_magic_box_share_plr_6_0
soundalias,#vox_magic_box_share_plr_6_3
soundalias,#vox_magic_box_share_plr_6_2
soundalias,#hash_2ddcd295a40a8458
soundalias,#vox_revive_support_take_plr_6_4
soundalias,#vox_revive_support_take_plr_6_1
soundalias,#vox_revive_support_take_plr_6_0
soundalias,#vox_revive_support_take_plr_6_3
soundalias,#vox_revive_support_take_plr_6_2
soundalias,#hash_2de8af9b51bbed3f
soundalias,#fly_step_crouch_run_zdog_bodyarmor
soundalias,#hash_2dfe7f7f7939c1a7
soundalias,#hash_2e38d5b9c9382a71
soundalias,#hash_2e3ad86fbbde47ec
soundalias,#pfx_fire_sprinkler_celing
soundalias,#hash_2e4b3d95b5a51afa
soundalias,#hash_2e5b60d0f1117443
soundalias,#hash_2e5d96a578243c02
soundalias,#vox_box_move_plr_6_1
soundalias,#vox_box_move_plr_6_0
soundalias,#vox_box_move_plr_6_3
soundalias,#vox_box_move_plr_6_2
soundalias,#vox_box_move_plr_6_4
soundalias,#fly_melee_imp_galva_npc_metalcar
soundalias,#exp_mp_propane_tank_explo
soundalias,#vox_take_surrounded_oh_shit_plr_7_1
soundalias,#vox_take_surrounded_oh_shit_plr_7_0
soundalias,#vox_take_surrounded_oh_shit_plr_7_3
soundalias,#vox_take_surrounded_oh_shit_plr_7_2
soundalias,#vox_take_surrounded_oh_shit_plr_7_4
soundalias,#wpn_pineapple_explode_decay
soundalias,#dst_server_power
soundalias,#vox_plr_8_exert_underwater_emerge_breath
soundalias,#fly_step_crouch_run_zdog_default
soundalias,#wpn_rgun_mk2_flux_r_npc
soundalias,#vox_plr_5_exert_rad_dmg
soundalias,#vox_bof3_exert_rad_start
soundalias,#wpn_katana_sheathe_npc
soundalias,#hash_2f5b570f7b90ee62
soundalias,#wpn_rgun_loop
soundalias,#wpn_katana_melee_plr
soundalias,#hash_2f7545c1f8945187
soundalias,#hash_2f906af4529152ca
soundalias,#fly_step_crouch_run_zdog_gravel
soundalias,#mus_office_roundend_3_intro
soundalias,#fly_step_crouch_walk_zdog_fruit
soundalias,#fly_bowie_impact_npc
soundalias,#fly_pineapple_tap
soundalias,#fly_step_prone_zdog_snow
soundalias,#vox_tedd_exert_burn_dead
soundalias,#hash_2ff8d043c3a03206
soundalias,#zmb_hellhound_loop_breath
soundalias,#evt_elevator_freight_run_3d
soundalias,#vox_kill_headshot_plr_6_9
soundalias,#vox_kill_headshot_plr_6_8
soundalias,#vox_kill_headshot_plr_6_7
soundalias,#vox_kill_headshot_plr_6_6
soundalias,#vox_kill_headshot_plr_6_5
soundalias,#vox_kill_headshot_plr_6_4
soundalias,#vox_kill_headshot_plr_6_3
soundalias,#vox_kill_headshot_plr_6_2
soundalias,#vox_kill_headshot_plr_6_1
soundalias,#vox_kill_headshot_plr_6_0
soundalias,#wpn_dg4_first_raise_lvl3_npc
soundalias,#wpn_katana_idle_lp
soundalias,#fly_step_crouch_run_zdog_dirt
soundalias,#hash_3043ba385f024640
soundalias,#hash_305cd79b3bbf08b9
soundalias,#vox_bop4_exert_gas_gag
soundalias,#vox_plr_5_exert_breath_hurt
soundalias,#fly_step_sprint_zdog_paper
soundalias,#wpn_pineapple_loop
soundalias,#vox_plr_8_exert_suppressed
soundalias,#vox_bop5_exert_suppressed
soundalias,#fly_step_prone_zdog_glassbulletproof
soundalias,#fly_melee_lunge_knife
soundalias,#amb_water_drip
soundalias,#zmb_perks_packa_knuckle_0
soundalias,#zmb_perks_packa_knuckle_1
soundalias,#zmb_hellhound_loop_fire
soundalias,#vox_generic_responses_positive_plr_7_5
soundalias,#vox_generic_responses_positive_plr_7_4
soundalias,#vox_generic_responses_positive_plr_7_7
soundalias,#vox_generic_responses_positive_plr_7_6
soundalias,#vox_generic_responses_positive_plr_7_1
soundalias,#vox_generic_responses_positive_plr_7_0
soundalias,#vox_generic_responses_positive_plr_7_3
soundalias,#vox_generic_responses_positive_plr_7_2
soundalias,#vox_generic_responses_positive_plr_7_9
soundalias,#vox_generic_responses_positive_plr_7_8
soundalias,#evt_spare_change
soundalias,#vox_plr_8_exert_breath_hurt
soundalias,#vox_take_kill_headshot_plr_6_4
soundalias,#vox_take_kill_headshot_plr_6_1
soundalias,#vox_take_kill_headshot_plr_6_0
soundalias,#vox_take_kill_headshot_plr_6_3
soundalias,#vox_take_kill_headshot_plr_6_2
soundalias,#vox_plr_5_outro_igc_11
soundalias,#vox_plr_5_outro_igc_12
soundalias,#hash_311b093e2bb4cf35
soundalias,#fly_step_walk_zdog_water
soundalias,#zmb_vox_monkey_scream
soundalias,#hash_312343edef77b727
soundalias,#vox_nova_crawl_react_plr_7_4
soundalias,#vox_nova_crawl_react_plr_7_3
soundalias,#vox_nova_crawl_react_plr_7_2
soundalias,#vox_nova_crawl_react_plr_7_1
soundalias,#vox_nova_crawl_react_plr_7_0
soundalias,#hash_3150a609d055a88b
soundalias,#evt_switch_flip_trap
soundalias,#hash_315685483901984c
soundalias,#vox_niko_kill_streak_plr_5_2
soundalias,#vox_niko_kill_streak_plr_5_3
soundalias,#vox_niko_kill_streak_plr_5_0
soundalias,#vox_niko_kill_streak_plr_5_1
soundalias,#vox_niko_kill_streak_plr_5_4
soundalias,#wpn_rgun_mk2_exp
soundalias,#fly_step_run_zdog_flesh
soundalias,#vox_assemble_rocketshield_plr_7_2
soundalias,#vox_assemble_rocketshield_plr_7_1
soundalias,#vox_assemble_rocketshield_plr_7_0
soundalias,#wpn_dg4_melee_swing_plr
soundalias,#fly_step_walk_zdog_brick
soundalias,#vox_dg5_kill_mult_plr_6_2
soundalias,#vox_dg5_kill_mult_plr_6_3
soundalias,#vox_dg5_kill_mult_plr_6_0
soundalias,#vox_dg5_kill_mult_plr_6_1
soundalias,#vox_dg5_kill_mult_plr_6_4
soundalias,#vox_ammo_low_plr_8_3
soundalias,#vox_ammo_low_plr_8_2
soundalias,#vox_ammo_low_plr_8_1
soundalias,#vox_ammo_low_plr_8_0
soundalias,#vox_ammo_low_plr_8_4
soundalias,#vox_blac_exert_gas_gag
soundalias,#hash_31dd3a7abba4958c
soundalias,#hash_31e3fd3c1feef6fd
soundalias,#hash_31e90a2e8f036327
soundalias,#hash_31f3b0479d450d5a
soundalias,#hash_3226ab9c02fb5947
soundalias,#zmb_switch_flip
soundalias,#fly_uw_move_reload
soundalias,#vox_tedd_exert_death_veh_fly
soundalias,#fly_step_prone_zdog_metal
soundalias,#vox_bom3_exert_rad_end
soundalias,#vox_revive_niko_plr_5_4
soundalias,#vox_revive_niko_plr_5_2
soundalias,#vox_revive_niko_plr_5_3
soundalias,#vox_revive_niko_plr_5_0
soundalias,#vox_revive_niko_plr_5_1
soundalias,#fly_step_sprint_zdog_metal
soundalias,#vox_powerup_bonus_plr_7_3
soundalias,#vox_powerup_bonus_plr_7_2
soundalias,#vox_powerup_bonus_plr_7_1
soundalias,#vox_powerup_bonus_plr_7_0
soundalias,#vox_powerup_bonus_plr_7_4
soundalias,#vox_hellfire_kill_mult_plr_8_3
soundalias,#vox_hellfire_kill_mult_plr_8_2
soundalias,#vox_hellfire_kill_mult_plr_8_1
soundalias,#vox_hellfire_kill_mult_plr_8_0
soundalias,#vox_hellfire_kill_mult_plr_8_4
soundalias,#hash_3274d5a6da05a801
soundalias,#hash_327ecd553ec87be9
soundalias,#zmb_perks_packa_upgrade
soundalias,#hash_3291424a797302ac
soundalias,#vox_tedd_exert_punch_take
soundalias,#fly_zombie_ground_climbout
soundalias,#wpn_flame_thrower_stop_npc
soundalias,#wpn_winters_howl_fire_act_plr
soundalias,#zmb_box_poof
soundalias,#fly_melee_imp_katana_wood
soundalias,#zmb_fasttravel_teleport_end_plr
soundalias,#hash_32e2c6e9b7449114
soundalias,#hash_33083cdb6b3a0960
soundalias,#hash_33083fdb6b3a0e79
soundalias,#hash_330840db6b3a102c
soundalias,#hash_330843db6b3a1545
soundalias,#hash_330844db6b3a16f8
soundalias,#mus_fire_sale_end
soundalias,#dst_spark_bounces
soundalias,#zmb_fasttravel_teleport_lp_plr
soundalias,#hash_338550de989ad1a7
soundalias,#zmb_fasttravel_teleport_start_npc
soundalias,#hash_33a55493071f7af6
soundalias,#fly_pineapple_mag_in
soundalias,#hash_33b0501a39a95bea
soundalias,#hash_33b6a998603c309d
soundalias,#fly_pineapple_mag_out
soundalias,#vox_powerup_insta_plr_6_4
soundalias,#vox_powerup_insta_plr_6_2
soundalias,#vox_powerup_insta_plr_6_3
soundalias,#vox_powerup_insta_plr_6_0
soundalias,#vox_powerup_insta_plr_6_1
soundalias,#vox_bop2_exert_self_heal
soundalias,#hash_33c5e3222e38a6ff
soundalias,#hash_33de302626950d78
soundalias,#vox_plr_7_exert_blind
soundalias,#vox_path_sorrow_active_plr_6_4
soundalias,#vox_path_sorrow_active_plr_6_1
soundalias,#vox_path_sorrow_active_plr_6_0
soundalias,#vox_path_sorrow_active_plr_6_3
soundalias,#vox_path_sorrow_active_plr_6_2
soundalias,#fly_step_walk_zdog_ice
soundalias,#hash_342a3db46674e67a
soundalias,#vox_bom2_exert_rad_dmg
soundalias,#vox_revive_support_take_plr_7_4
soundalias,#vox_revive_support_take_plr_7_0
soundalias,#vox_revive_support_take_plr_7_1
soundalias,#vox_revive_support_take_plr_7_2
soundalias,#vox_revive_support_take_plr_7_3
soundalias,#amb_ac
soundalias,#hash_3464e1361c110c93
soundalias,#vox_plr_5_exert_sniper_gasp
soundalias,#fly_step_walk_zdog_metalcatwalk
soundalias,#vox_teleport_mod_1_pickup_plr_6_0
soundalias,#fly_step_run_zdog_glasscar
soundalias,#fly_generic_raise_npc
soundalias,#zmb_monkey_anim_cymb
soundalias,#vox_ammo_buy_plr_6_2
soundalias,#vox_ammo_buy_plr_6_1
soundalias,#vox_ammo_buy_plr_6_0
soundalias,#vox_pap_pickup_plr_8_0
soundalias,#vox_pap_pickup_plr_8_1
soundalias,#vox_pap_pickup_plr_8_2
soundalias,#vox_pap_pickup_plr_8_3
soundalias,#vox_pap_pickup_plr_8_4
soundalias,#wpn_vulcan_fire_lfe_ring_plr
soundalias,#vox_niko_surrounded_oh_shit_plr_6_4
soundalias,#vox_niko_surrounded_oh_shit_plr_6_0
soundalias,#vox_niko_surrounded_oh_shit_plr_6_1
soundalias,#vox_niko_surrounded_oh_shit_plr_6_2
soundalias,#vox_niko_surrounded_oh_shit_plr_6_3
soundalias,#vox_take_surrounded_oh_shit_plr_6_0
soundalias,#vox_take_surrounded_oh_shit_plr_6_1
soundalias,#vox_take_surrounded_oh_shit_plr_6_2
soundalias,#vox_take_surrounded_oh_shit_plr_6_3
soundalias,#vox_take_surrounded_oh_shit_plr_6_4
soundalias,#zmb_hellhound_spawn
soundalias,#hash_3548762d78d800a7
soundalias,#wpn_ray_reload_close
soundalias,#wpn_pineapple_dryfire_plr
soundalias,#fly_step_crouch_walk_zdog_mud
soundalias,#wpn_vulcan_pickup_plr
soundalias,#vox_plr_6_exert_concuss
soundalias,#vox_bop5_exert_self_heal
soundalias,#hash_359664e44a2bb635
soundalias,#vox_bop5_exert_rad_dmg
soundalias,#vox_magic_box_share_plr_7_4
soundalias,#vox_magic_box_share_plr_7_0
soundalias,#vox_magic_box_share_plr_7_1
soundalias,#vox_magic_box_share_plr_7_2
soundalias,#vox_magic_box_share_plr_7_3
soundalias,#fly_step_sprint_zdog_tallgrass
soundalias,#vox_bop1_exert_concuss
soundalias,#vox_tedd_exert_death
soundalias,#hash_35fe77df40567d45
soundalias,#fly_step_crouch_run_zdog_concrete
soundalias,#fly_wpn_handle_high
soundalias,#hash_364c98e4ca3d5e9a
soundalias,#hash_365525e6193d1f1e
soundalias,#zmb_hellhound_prespawn
soundalias,#vox_pap_wait_plr_8_3
soundalias,#vox_pap_wait_plr_8_2
soundalias,#vox_pap_wait_plr_8_1
soundalias,#vox_pap_wait_plr_8_0
soundalias,#vox_pap_wait_plr_8_4
soundalias,#fly_step_crouch_walk_zdog_cloth
soundalias,#hash_366d20056fa38c07
soundalias,#hash_367ba5ad46824151
soundalias,#vox_bop5_exert_underwater_emerge_gasp
soundalias,#zmb_mus_bottle_lp
soundalias,#zmb_vocals_quad_attack_melee
soundalias,#hash_36d22e07c4d488dd
soundalias,#vox_bop5_exert_mant_light
soundalias,#hash_36f4ae0f24d94642
soundalias,#wpn_vulcan_start_npc
soundalias,#vox_kill_revenge_plr_8_1
soundalias,#vox_kill_revenge_plr_8_0
soundalias,#vox_kill_revenge_plr_8_3
soundalias,#vox_kill_revenge_plr_8_2
soundalias,#vox_kill_revenge_plr_8_5
soundalias,#vox_kill_revenge_plr_8_4
soundalias,#vox_kill_revenge_plr_8_7
soundalias,#vox_kill_revenge_plr_8_6
soundalias,#vox_kill_revenge_plr_8_9
soundalias,#vox_kill_revenge_plr_8_8
soundalias,#vox_generic_responses_positive_plr_6_8
soundalias,#vox_generic_responses_positive_plr_6_9
soundalias,#vox_generic_responses_positive_plr_6_4
soundalias,#vox_generic_responses_positive_plr_6_5
soundalias,#vox_generic_responses_positive_plr_6_6
soundalias,#vox_generic_responses_positive_plr_6_7
soundalias,#vox_generic_responses_positive_plr_6_0
soundalias,#vox_generic_responses_positive_plr_6_1
soundalias,#vox_generic_responses_positive_plr_6_2
soundalias,#vox_generic_responses_positive_plr_6_3
soundalias,#vox_bop5_exert_death_fall
soundalias,#vox_rich_surrounded_oh_shit_plr_6_4
soundalias,#vox_rich_surrounded_oh_shit_plr_6_1
soundalias,#vox_rich_surrounded_oh_shit_plr_6_0
soundalias,#vox_rich_surrounded_oh_shit_plr_6_3
soundalias,#vox_rich_surrounded_oh_shit_plr_6_2
soundalias,#evt_packapunch_revolve_end
soundalias,#wpn_gren_1straise_plr
soundalias,#fly_zombie_mantle_fast
soundalias,#hash_37b2bf0b37157bf5
soundalias,#hash_37b9c7d5b9ed0bac
soundalias,#fly_step_walk_zdog_cloth
soundalias,#vox_box_wonder_plr_5_0
soundalias,#vox_box_wonder_plr_5_1
soundalias,#vox_box_wonder_plr_5_2
soundalias,#vox_box_wonder_plr_5_3
soundalias,#vox_box_wonder_plr_5_4
soundalias,#fly_step_run_zdog_asphalt
soundalias,#wpn_dg4_slam_activate_plr
soundalias,#fly_step_walk_zdog_rock
soundalias,#hash_38037405482765a2
soundalias,#hash_381306926fe6491f
soundalias,#wpn_electric_trap_stop
soundalias,#wpn_rgun_mk2_flux_r_plr
soundalias,#hash_382b409a835eba84
soundalias,#vox_demp_kill_headshot_plr_7_3
soundalias,#vox_demp_kill_headshot_plr_7_2
soundalias,#vox_demp_kill_headshot_plr_7_1
soundalias,#vox_demp_kill_headshot_plr_7_0
soundalias,#vox_demp_kill_headshot_plr_7_4
soundalias,#hash_38379721ee659f1e
soundalias,#vox_kill_headshot_plr_7_6
soundalias,#vox_kill_headshot_plr_7_7
soundalias,#vox_kill_headshot_plr_7_4
soundalias,#vox_kill_headshot_plr_7_5
soundalias,#vox_kill_headshot_plr_7_2
soundalias,#vox_kill_headshot_plr_7_3
soundalias,#vox_kill_headshot_plr_7_0
soundalias,#vox_kill_headshot_plr_7_1
soundalias,#vox_kill_headshot_plr_7_8
soundalias,#vox_kill_headshot_plr_7_9
soundalias,#fly_step_sprint_zdog_snow
soundalias,#vox_bop1_exert_sniper_hold
soundalias,#vox_pickup_generic_plr_7_8
soundalias,#vox_pickup_generic_plr_7_7
soundalias,#vox_pickup_generic_plr_7_6
soundalias,#vox_pickup_generic_plr_7_5
soundalias,#vox_pickup_generic_plr_7_4
soundalias,#vox_pickup_generic_plr_7_3
soundalias,#vox_pickup_generic_plr_7_2
soundalias,#vox_pickup_generic_plr_7_1
soundalias,#vox_pickup_generic_plr_7_0
soundalias,#hash_3875fec910bd2928
soundalias,#vox_bop4_exert_death_fall
soundalias,#fly_step_prone_zdog_cushion
soundalias,#vox_attacked_zombie_plr_7_3
soundalias,#vox_attacked_zombie_plr_7_2
soundalias,#vox_attacked_zombie_plr_7_1
soundalias,#vox_attacked_zombie_plr_7_0
soundalias,#vox_attacked_zombie_plr_7_7
soundalias,#vox_attacked_zombie_plr_7_6
soundalias,#vox_attacked_zombie_plr_7_5
soundalias,#vox_attacked_zombie_plr_7_4
soundalias,#vox_attacked_zombie_plr_7_9
soundalias,#vox_attacked_zombie_plr_7_8
soundalias,#vox_kill_headshot_plr_8_8
soundalias,#vox_kill_headshot_plr_8_5
soundalias,#vox_kill_headshot_plr_8_4
soundalias,#vox_kill_headshot_plr_8_7
soundalias,#vox_kill_headshot_plr_8_6
soundalias,#vox_kill_headshot_plr_8_1
soundalias,#vox_kill_headshot_plr_8_0
soundalias,#vox_kill_headshot_plr_8_3
soundalias,#vox_kill_headshot_plr_8_2
soundalias,#vox_assemble_rocketshield_plr_6_2
soundalias,#vox_assemble_rocketshield_plr_6_0
soundalias,#vox_assemble_rocketshield_plr_6_1
soundalias,#hash_38dc6d54e0d2683b
soundalias,#fly_step_run_zdog_water
soundalias,#fly_melee_imp_katana_npc_glass
soundalias,#fly_step_prone_zdog_glass
soundalias,#wpn_winters_howl_flux_r_plr
soundalias,#vox_powerup_insta_plr_8_4
soundalias,#vox_powerup_insta_plr_8_0
soundalias,#vox_powerup_insta_plr_8_1
soundalias,#vox_powerup_insta_plr_8_2
soundalias,#vox_powerup_insta_plr_8_3
soundalias,#vox_blac_exert_rad_start
soundalias,#fly_step_crouch_run_zdog_cushion
soundalias,#fly_step_walk_zdog_sand
soundalias,#vox_tedd_exert_underwater_emerge_breath
soundalias,#vox_box_move_plr_7_0
soundalias,#vox_box_move_plr_7_1
soundalias,#vox_box_move_plr_7_2
soundalias,#vox_box_move_plr_7_3
soundalias,#vox_box_move_plr_7_4
soundalias,#fly_zombie_jumpland_hard_swt
soundalias,#fly_step_prone_zdog_paper
soundalias,#hash_397014717ca7373e
soundalias,#evt_teleporter_go_plr
soundalias,#vox_kill_arnie_plr_8_4
soundalias,#vox_kill_arnie_plr_8_0
soundalias,#vox_kill_arnie_plr_8_1
soundalias,#vox_kill_arnie_plr_8_2
soundalias,#vox_kill_arnie_plr_8_3
soundalias,#vox_powerup_bonus_plr_6_2
soundalias,#vox_powerup_bonus_plr_6_3
soundalias,#vox_powerup_bonus_plr_6_0
soundalias,#vox_powerup_bonus_plr_6_1
soundalias,#vox_powerup_bonus_plr_6_4
soundalias,#vox_groom_lake_arrive_plr_8_0
soundalias,#hash_39d3969548550824
soundalias,#hash_39dbedcb8aa865b7
soundalias,#wpn_dg4_plant_start
soundalias,#hash_39f17b728f579ac6
soundalias,#fly_melee_imp_katana_npc_metalcar
soundalias,#vox_bop4_exert_punch_give
soundalias,#zmb_vocals_hellhound_ambient_anim
soundalias,#hash_3a180f4c4f1a4d19
soundalias,#vox_plr_7_exert_death_veh_fly
soundalias,#hash_3a45373862686bfd
soundalias,#evt_elevator_office_run_3d
soundalias,#hash_3a9a7ade1b1e0ee1
soundalias,#vox_path_sorrow_active_plr_7_4
soundalias,#vox_path_sorrow_active_plr_7_0
soundalias,#vox_path_sorrow_active_plr_7_1
soundalias,#vox_path_sorrow_active_plr_7_2
soundalias,#vox_path_sorrow_active_plr_7_3
soundalias,#zmb_vocals_zombie_death_nohead
soundalias,#amb_fax
soundalias,#hash_3abe63d3d32acaa4
soundalias,#vox_take_kill_headshot_plr_7_4
soundalias,#vox_take_kill_headshot_plr_7_0
soundalias,#vox_take_kill_headshot_plr_7_1
soundalias,#vox_take_kill_headshot_plr_7_2
soundalias,#vox_take_kill_headshot_plr_7_3
soundalias,#zmb_perks_packa_deny
soundalias,#vox_power_switch_plr_7_2
soundalias,#vox_power_switch_plr_7_1
soundalias,#vox_power_switch_plr_7_0
soundalias,#vox_teleport_mod_comp_place_plr_7_0
soundalias,#vox_plr_6_exert_underwater_pain
soundalias,#vox_powerup_nuke_plr_8_4
soundalias,#vox_powerup_nuke_plr_8_2
soundalias,#vox_powerup_nuke_plr_8_3
soundalias,#vox_powerup_nuke_plr_8_0
soundalias,#vox_powerup_nuke_plr_8_1
soundalias,#evt_elevator_freight_door_close
soundalias,#hash_3b2996dd5aedfb50
soundalias,#fly_step_puddle_npc
soundalias,#hash_3b5aa2dcf774bacd
soundalias,#hash_3b5addc029eb24b8
soundalias,#fly_step_crouch_run_zdog_sand
soundalias,#vox_solo_end_round1_plr_6_0
soundalias,#dst_solar_flux_l
soundalias,#dst_solar_flux_r
soundalias,#hash_3b6983b084cfef53
soundalias,#hash_3b7393d5d85a798d
soundalias,#fly_melee_imp_galva_rock
soundalias,#vox_plr_8_exert_punch_give
soundalias,#hash_3b86a435479f2bb5
soundalias,#vox_bop5_exert_sniper_exhale
soundalias,#fly_step_walk_zdog_asphalt
soundalias,#hash_3bbe142f4c17c756
soundalias,#fly_golden_knife_first_raise
soundalias,#vox_overkill_kill_mult_plr_5_1
soundalias,#vox_overkill_kill_mult_plr_5_0
soundalias,#vox_overkill_kill_mult_plr_5_3
soundalias,#vox_overkill_kill_mult_plr_5_2
soundalias,#vox_overkill_kill_mult_plr_5_4
soundalias,#zmb_blocker_debris_lp
soundalias,#hash_3bd00f2e3293cc1a
soundalias,#vox_blac_exert_pain
soundalias,#vox_nova_crawl_react_plr_6_4
soundalias,#vox_nova_crawl_react_plr_6_2
soundalias,#vox_nova_crawl_react_plr_6_3
soundalias,#vox_nova_crawl_react_plr_6_0
soundalias,#vox_nova_crawl_react_plr_6_1
soundalias,#hash_3bed1320e59a493c
soundalias,#hash_3bf132350d607cc4
soundalias,#hash_3bf3838476394e5f
soundalias,#hash_3c11c5cb7fafbbb2
soundalias,#vox_ammo_buy_plr_7_2
soundalias,#vox_ammo_buy_plr_7_0
soundalias,#vox_ammo_buy_plr_7_1
soundalias,#hash_3c2c3e9442d79358
soundalias,#hash_3c388fe926f0388f
soundalias,#wpn_winters_howl_fire_lfe_plr
soundalias,#hash_3c74f83cf8a7f59d
soundalias,#hash_3c7b9b222c1518b3
soundalias,#hash_3c81348483747d36
soundalias,#hash_3c8a7ff5d0522b5e
soundalias,#hash_3c8efffb52007668
soundalias,#vox_pickup_rocketshield_plr_5_1
soundalias,#vox_pickup_rocketshield_plr_5_0
soundalias,#vox_pickup_rocketshield_plr_5_2
soundalias,#wpn_vulcan_loop_npc
soundalias,#vox_revive_self_plr_7_2
soundalias,#vox_revive_self_plr_7_1
soundalias,#vox_revive_self_plr_7_0
soundalias,#fly_step_crouch_walk_zdog_rock
soundalias,#hash_3cca3c060dacc7de
soundalias,#vox_teleport_mod_1_pickup_plr_7_0
soundalias,#hash_3cda7b64c5e43336
soundalias,#vox_plr_6_exert_underwater_emerge_breath
soundalias,#vox_plr_7_exert_gas_gasp
soundalias,#hash_3ce6fa67371415f0
soundalias,#hash_3cf4fec50390cfc4
soundalias,#fly_step_crouch_walk_zdog_bark
soundalias,#hash_3d1a74aa3a1ce22f
soundalias,#hash_3d408140af3fd8eb
soundalias,#wpn_winters_howl_flux_r_npc
soundalias,#vox_niko_surrounded_oh_shit_plr_5_3
soundalias,#vox_niko_surrounded_oh_shit_plr_5_2
soundalias,#vox_niko_surrounded_oh_shit_plr_5_1
soundalias,#vox_niko_surrounded_oh_shit_plr_5_0
soundalias,#vox_niko_surrounded_oh_shit_plr_5_4
soundalias,#hash_3d661fe1a295c10c
soundalias,#vox_plr_5_exert_underwater_air_low
soundalias,#hash_3d769c51f11a9278
soundalias,#vox_plr_8_exert_underwater_emerge_gasp
soundalias,#fly_step_crouch_walk_zdog_tallgrass
soundalias,#hash_3d9e6aff21ee8707
soundalias,#fly_melee_imp_galva_plastic
soundalias,#fly_generic_ads_lower_plr
soundalias,#hash_3da8a375da1a29c2
soundalias,#vox_teleport_mod_2_pickup_plr_7_0
soundalias,#hash_3db46912689769f0
soundalias,#hash_3dd3d455ab107a1e
soundalias,#vox_overkill_level_2_plr_5_1
soundalias,#vox_overkill_level_2_plr_5_0
soundalias,#vox_overkill_level_2_plr_5_2
soundalias,#vox_crawler_los_plr_8_4
soundalias,#vox_crawler_los_plr_8_3
soundalias,#vox_crawler_los_plr_8_2
soundalias,#vox_crawler_los_plr_8_1
soundalias,#vox_crawler_los_plr_8_0
soundalias,#hash_3df5396258847d29
soundalias,#hash_3df9fb8aa466bc00
soundalias,#hash_3dfb3e8f02923a8f
soundalias,#vox_rich_surrounded_oh_shit_plr_7_4
soundalias,#vox_rich_surrounded_oh_shit_plr_7_0
soundalias,#vox_rich_surrounded_oh_shit_plr_7_1
soundalias,#vox_rich_surrounded_oh_shit_plr_7_2
soundalias,#vox_rich_surrounded_oh_shit_plr_7_3
soundalias,#fly_step_walk_zdog_ceramic
soundalias,#zmb_vocals_zombie_attack_melee
soundalias,#zmb_ann_vox_laugh_r
soundalias,#zmb_ann_vox_laugh_l
soundalias,#vox_blac_exert_underwater_air_low
soundalias,#hash_3e54901956e30c70
soundalias,#vox_plr_7_exert_suppressed
soundalias,#hash_3e5e8ba538e0e851
soundalias,#vox_bop5_exert_punch_take
soundalias,#zmb_vox_monkey_raise_npc
soundalias,#vox_plr_5_exert_burn_dead
soundalias,#hash_3ea4c30e74942c65
soundalias,#hash_3eab01eef538f70a
soundalias,#wpn_flamethrower_sheathe_plr
soundalias,#vox_bop2_exert_death_veh_under
soundalias,#fly_step_run_zdog_cloth
soundalias,#vox_bop4_exert_burn_dead
soundalias,#vox_bop4_exert_sniper_gasp
soundalias,#zmb_vocals_quad_ambient_loud
soundalias,#hash_3f1ce50f29535677
soundalias,#amb_electric_box
soundalias,#zmb_vomit_loop
soundalias,#hash_3f2febc0250ace29
soundalias,#hash_3f359e0c90ea70ee
soundalias,#fly_step_sprint_zdog_gravel
soundalias,#fly_step_crouch_run_zdog_glassbulletproof
soundalias,#fly_melee_imp_katana_npc_plastic
soundalias,#vox_barrier_rebuild_plr_5_0
soundalias,#vox_barrier_rebuild_plr_5_1
soundalias,#vox_barrier_rebuild_plr_5_2
soundalias,#vox_barrier_rebuild_plr_5_3
soundalias,#vox_barrier_rebuild_plr_5_4
soundalias,#vox_tedd_exert_gas_gasp
soundalias,#vox_bop5_exert_gas_gag
soundalias,#hash_3faa2aca94611bdc
soundalias,#zmb_vocals_zombie_mutate
soundalias,#wpn_winters_howl_1straise
soundalias,#hash_3fbe0cd83474a7d2
soundalias,#vox_bop1_exert_razor_wire
soundalias,#hash_3fe2ae2d5f1a3019
soundalias,#vox_take_surrounded_oh_shit_plr_5_4
soundalias,#vox_take_surrounded_oh_shit_plr_5_3
soundalias,#vox_take_surrounded_oh_shit_plr_5_2
soundalias,#vox_take_surrounded_oh_shit_plr_5_1
soundalias,#vox_take_surrounded_oh_shit_plr_5_0
soundalias,#fly_step_sprint_zdog_concrete
soundalias,#vox_revive_demp_plr_8_4
soundalias,#vox_revive_demp_plr_8_0
soundalias,#vox_revive_demp_plr_8_1
soundalias,#vox_revive_demp_plr_8_2
soundalias,#vox_revive_demp_plr_8_3
soundalias,#hash_403975f99dc44ca4
soundalias,#hash_403ba8c0b5d62e30
soundalias,#hash_405207468549341c
soundalias,#hash_4086389ce7de4a81
soundalias,#hash_408c249d1188012a
soundalias,#hash_408d03c3618bff24
soundalias,#evt_teleporter_door_short
soundalias,#hash_409aacc54a1939d1
soundalias,#wpn_vulcan_dryfire_plr
soundalias,#zmb_whoosh
soundalias,#wpn_winters_howl_1straise_dial
soundalias,#hash_40da961341a9c230
soundalias,#hash_40da971341a9c3e3
soundalias,#hash_40da991341a9c749
soundalias,#hash_40da9c1341a9cc62
soundalias,#hash_40da9d1341a9ce15
soundalias,#hash_40e3c7e9bc9f68df
soundalias,#fly_generic_down_npc
soundalias,#hash_40f93f81c44b9e40
soundalias,#fly_zombie_jumpland_hard
soundalias,#fly_step_prone_zdog_plaster
soundalias,#amb_lights_blink
soundalias,#wpn_rgun_mk2_fire_plr
soundalias,#fly_dog_step_run_default
soundalias,#hash_4129cf9133e09d53
soundalias,#fly_step_prone_zdog_plastic
soundalias,#vox_nova_crawl_react_plr_8_4
soundalias,#vox_nova_crawl_react_plr_8_0
soundalias,#vox_nova_crawl_react_plr_8_1
soundalias,#vox_nova_crawl_react_plr_8_2
soundalias,#vox_nova_crawl_react_plr_8_3
soundalias,#hash_41517b15c6c56e59
soundalias,#amb_lights_buzz
soundalias,#vox_tedd_exert_rad_start
soundalias,#wpn_minigun_nuke_riser
soundalias,#hash_41a8dafa577e5794
soundalias,#fly_gl_gren_out
soundalias,#fly_step_sprint_zdog_foliage
soundalias,#fly_step_crouch_run_zdog_fruit
soundalias,#vox_groom_lake_teleport_active_plr_5_0
soundalias,#hash_41fe70e9f247be41
soundalias,#vox_niko_kill_headshot_plr_5_4
soundalias,#vox_niko_kill_headshot_plr_5_2
soundalias,#vox_niko_kill_headshot_plr_5_3
soundalias,#vox_niko_kill_headshot_plr_5_0
soundalias,#vox_niko_kill_headshot_plr_5_1
soundalias,#hash_420b3ad6e53509ed
soundalias,#vox_generic_responses_positive_plr_5_3
soundalias,#vox_generic_responses_positive_plr_5_2
soundalias,#vox_generic_responses_positive_plr_5_1
soundalias,#vox_generic_responses_positive_plr_5_0
soundalias,#vox_generic_responses_positive_plr_5_7
soundalias,#vox_generic_responses_positive_plr_5_6
soundalias,#vox_generic_responses_positive_plr_5_5
soundalias,#vox_generic_responses_positive_plr_5_4
soundalias,#vox_generic_responses_positive_plr_5_9
soundalias,#vox_generic_responses_positive_plr_5_8
soundalias,#zmb_crafting_success
soundalias,#vox_crawler_kill_plr_5_0
soundalias,#vox_crawler_kill_plr_5_1
soundalias,#vox_crawler_kill_plr_5_2
soundalias,#vox_crawler_kill_plr_5_3
soundalias,#vox_crawler_kill_plr_5_4
soundalias,#fly_melee_imp_katana_npc_metal
soundalias,#fly_step_prone_zdog_default
soundalias,#zmb_battery_insert
soundalias,#hash_42779653795b1a0b
soundalias,#zmb_vomit_splash
soundalias,#wpn_winters_howl_fire_ads_plr
soundalias,#vox_box_wonder_plr_6_4
soundalias,#vox_box_wonder_plr_6_3
soundalias,#vox_box_wonder_plr_6_2
soundalias,#vox_box_wonder_plr_6_1
soundalias,#vox_box_wonder_plr_6_0
soundalias,#hash_42a0e2c70dd50b92
soundalias,#fly_melee_imp_katana_npc_wood
soundalias,#vox_bop3_exert_death_veh_hit
soundalias,#vox_generic_wall_buy_plr_8_1
soundalias,#vox_generic_wall_buy_plr_8_0
soundalias,#vox_generic_wall_buy_plr_8_3
soundalias,#vox_generic_wall_buy_plr_8_2
soundalias,#vox_generic_wall_buy_plr_8_5
soundalias,#vox_generic_wall_buy_plr_8_4
soundalias,#vox_generic_wall_buy_plr_8_7
soundalias,#vox_generic_wall_buy_plr_8_6
soundalias,#vox_generic_wall_buy_plr_8_9
soundalias,#vox_generic_wall_buy_plr_8_8
soundalias,#vox_bop5_exert_sniper_gasp
soundalias,#vox_blac_exert_gas_gasp
soundalias,#hash_42f74e6d013c6ebf
soundalias,#zmb_fish_drop
soundalias,#fly_step_sprint_zdog_bark
soundalias,#wpn_assault_dryfire_plr
soundalias,#vox_pickup_generic_plr_6_6
soundalias,#vox_pickup_generic_plr_6_7
soundalias,#vox_pickup_generic_plr_6_4
soundalias,#vox_pickup_generic_plr_6_5
soundalias,#vox_pickup_generic_plr_6_2
soundalias,#vox_pickup_generic_plr_6_3
soundalias,#vox_pickup_generic_plr_6_0
soundalias,#vox_pickup_generic_plr_6_1
soundalias,#vox_pickup_generic_plr_6_8
soundalias,#vox_pickup_generic_plr_6_9
soundalias,#hash_4332772e0729f026
soundalias,#hash_4332782e0729f1d9
soundalias,#hash_433549ddd805d9bd
soundalias,#hash_434c6df09ec439f6
soundalias,#hash_434c6ef09ec43ba9
soundalias,#hash_4350c9d0e319afc3
soundalias,#hash_4359cbda82766edc
soundalias,#vox_attacked_zombie_plr_6_8
soundalias,#vox_attacked_zombie_plr_6_9
soundalias,#vox_attacked_zombie_plr_6_2
soundalias,#vox_attacked_zombie_plr_6_3
soundalias,#vox_attacked_zombie_plr_6_0
soundalias,#vox_attacked_zombie_plr_6_1
soundalias,#vox_attacked_zombie_plr_6_6
soundalias,#vox_attacked_zombie_plr_6_7
soundalias,#vox_attacked_zombie_plr_6_4
soundalias,#vox_attacked_zombie_plr_6_5
soundalias,#dst_hydrant_end_loop
soundalias,#vox_blac_exert_suppressed
soundalias,#vox_revive_take_plr_6_4
soundalias,#vox_revive_take_plr_6_1
soundalias,#vox_revive_take_plr_6_0
soundalias,#vox_revive_take_plr_6_3
soundalias,#vox_revive_take_plr_6_2
soundalias,#fly_step_sprint_zdog_plastic
soundalias,#fly_step_sprint_zdog_plaster
soundalias,#dst_gas_canister_open
soundalias,#exp_nitrogen_tank_lfe
soundalias,#hash_439e7d7396867bd4
soundalias,#zmb_box_spin
soundalias,#hash_43afa67fdd3d5468
soundalias,#vox_solo_end_round2_plr_5_0
soundalias,#vox_bop2_exert_electro
soundalias,#hash_43cdf5ac74e6f6af
soundalias,#hash_43cfbbee98fb0071
soundalias,#hash_43d44ec9f7a17e4b
soundalias,#vox_plr_7_exert_mant_light
soundalias,#amb_tv_static
soundalias,#hash_4408c5d6997e0630
soundalias,#vox_revive_rich_plr_7_4
soundalias,#vox_revive_rich_plr_7_3
soundalias,#vox_revive_rich_plr_7_2
soundalias,#vox_revive_rich_plr_7_1
soundalias,#vox_revive_rich_plr_7_0
soundalias,#amb_lab_alarm
soundalias,#vox_box_lmg_plr_7_1
soundalias,#vox_box_lmg_plr_7_0
soundalias,#vox_box_lmg_plr_7_3
soundalias,#vox_box_lmg_plr_7_2
soundalias,#vox_box_lmg_plr_7_4
soundalias,#vox_bop3_exert_burn_dead
soundalias,#fly_step_crouch_run_zdog_ice
soundalias,#hash_4435895a61014e42
soundalias,#vox_tedd_exert_concuss
soundalias,#fly_step_walk_zdog_snow
soundalias,#vox_tedd_exert_death_veh_hit
soundalias,#hash_44400c488e1e8a8d
soundalias,#fly_step_sprint_zdog_rock
soundalias,#hash_4450c12a6a4528df
soundalias,#vox_plr_6_exert_explo_dead
soundalias,#fly_step_crouch_walk_zdog_brick
soundalias,#hash_447c4584ae2e8e9c
soundalias,#hash_44848af090dbba51
soundalias,#hash_4487a8cfa9a5a5da
soundalias,#vox_bop2_exert_explo_dead
soundalias,#evt_ee_receiver_drop
soundalias,#hash_44a988754655f73b
soundalias,#vox_plr_7_exert_bludgeoned
soundalias,#hash_44b705b5bfbbb4dc
soundalias,#hash_44b7cd6a759167a0
soundalias,#vox_teleport_mod_comp_place_plr_6_0
soundalias,#pfx_spark_generic
soundalias,#hash_44c65adb3b6f2576
soundalias,#vox_blac_exert_underwater_pain
soundalias,#hash_44d51c9753d17a7a
soundalias,#vox_powerup_nuke_plr_7_4
soundalias,#vox_powerup_nuke_plr_7_1
soundalias,#vox_powerup_nuke_plr_7_0
soundalias,#vox_powerup_nuke_plr_7_3
soundalias,#vox_powerup_nuke_plr_7_2
soundalias,#vox_plr_5_exert_gas_cough
soundalias,#vox_tedd_exert_blind
soundalias,#wpn_rgun_mk2_loop
soundalias,#hash_44fb419c0ec4f639
soundalias,#vox_bop4_exert_electro
soundalias,#zmb_monkeybomb_song
soundalias,#wpn_pineapple_explode_close
soundalias,#hash_451155be4f9a7eaa
soundalias,#fly_step_walk_zdog_default
soundalias,#vox_solo_end_round1_plr_7_0
soundalias,#fly_melee_imp_galva_npc_glass
soundalias,#vox_destroy_rocketshield_plr_5_1
soundalias,#vox_destroy_rocketshield_plr_5_0
soundalias,#vox_destroy_rocketshield_plr_5_2
soundalias,#hash_45628cda9680aa93
soundalias,#hash_456af38afaef9d77
soundalias,#hash_456af98afaefa7a9
soundalias,#vox_powerup_carpenter_plr_5_4
soundalias,#vox_powerup_carpenter_plr_5_0
soundalias,#vox_powerup_carpenter_plr_5_1
soundalias,#vox_powerup_carpenter_plr_5_2
soundalias,#vox_powerup_carpenter_plr_5_3
soundalias,#hash_45733118d0ab49fc
soundalias,#zmb_vocals_quad_sprint
soundalias,#hash_458647ea6251e886
soundalias,#hash_458f9052ae9b894d
soundalias,#fly_rgun_mk2_hum
soundalias,#vox_power_switch_plr_6_2
soundalias,#vox_power_switch_plr_6_0
soundalias,#vox_power_switch_plr_6_1
soundalias,#hash_45979019387072dc
soundalias,#fly_step_sprint_zdog_water
soundalias,#hash_459d4a08e77fb994
soundalias,#hash_459d4c08e77fbcfa
soundalias,#hash_459d4d08e77fbead
soundalias,#hash_45a87a32ed98445a
soundalias,#vox_teleport_mod_2_pickup_plr_6_0
soundalias,#hash_45f2c29e23ffdd2f
soundalias,#vox_bop5_exert_punch_give
soundalias,#amb_cryo_barrel
soundalias,#wpn_flame_thrower_loop_lfe_plr
soundalias,#wpn_pineapple_lfe_plr
soundalias,#hash_462556cbd2d38d08
soundalias,#hash_4626935765df7206
soundalias,#hash_464ce958923d1422
soundalias,#vox_revive_support_take_plr_5_2
soundalias,#vox_revive_support_take_plr_5_3
soundalias,#vox_revive_support_take_plr_5_0
soundalias,#vox_revive_support_take_plr_5_1
soundalias,#vox_revive_support_take_plr_5_4
soundalias,#fly_zombie_mantle_slow
soundalias,#hash_466b7f0f2d146b25
soundalias,#hash_4672442d8284b4f1
soundalias,#hash_468cabb7402e170e
soundalias,#vox_revive_self_plr_6_2
soundalias,#vox_revive_self_plr_6_0
soundalias,#vox_revive_self_plr_6_1
soundalias,#vox_crawler_los_plr_6_4
soundalias,#vox_crawler_los_plr_6_1
soundalias,#vox_crawler_los_plr_6_0
soundalias,#vox_crawler_los_plr_6_3
soundalias,#vox_crawler_los_plr_6_2
soundalias,#zmb_vocals_quad_ambient
soundalias,#vox_plr_5_exert_electro
soundalias,#wpn_vulcan_stop_npc
soundalias,#vox_kill_melee_plr_6_9
soundalias,#vox_kill_melee_plr_6_8
soundalias,#vox_kill_melee_plr_6_1
soundalias,#vox_kill_melee_plr_6_0
soundalias,#vox_kill_melee_plr_6_3
soundalias,#vox_kill_melee_plr_6_2
soundalias,#vox_kill_melee_plr_6_5
soundalias,#vox_kill_melee_plr_6_4
soundalias,#vox_kill_melee_plr_6_7
soundalias,#vox_kill_melee_plr_6_6
soundalias,#hash_4717c666d8a921e2
soundalias,#vox_generic_responses_negative_plr_7_1
soundalias,#vox_generic_responses_negative_plr_7_0
soundalias,#vox_generic_responses_negative_plr_7_3
soundalias,#vox_generic_responses_negative_plr_7_2
soundalias,#vox_generic_responses_negative_plr_7_5
soundalias,#vox_generic_responses_negative_plr_7_4
soundalias,#vox_generic_responses_negative_plr_7_7
soundalias,#vox_generic_responses_negative_plr_7_6
soundalias,#vox_generic_responses_negative_plr_7_9
soundalias,#vox_generic_responses_negative_plr_7_8
soundalias,#hash_4728c591d3ef4bea
soundalias,#exp_rocket_bow_dist
soundalias,#wpn_rifle_dryfire_npc
soundalias,#vox_bop3_exert_rad_start
soundalias,#vox_blac_exert_gas_cough
soundalias,#hash_47582f1f5f7e4779
soundalias,#hash_4768d4b244860f63
soundalias,#hash_4770bcb4bbb1fa3f
soundalias,#vox_bop4_exert_pain
soundalias,#vox_plr_8_exert_death_veh_fly
soundalias,#dst_garbage_bag
soundalias,#fly_step_crouch_run_zdog_glasscar
soundalias,#hash_47aca0d306a8ffdc
soundalias,#hash_47b1d1906537993a
soundalias,#vox_box_wonder_plr_8_4
soundalias,#vox_box_wonder_plr_8_1
soundalias,#vox_box_wonder_plr_8_0
soundalias,#vox_box_wonder_plr_8_3
soundalias,#vox_box_wonder_plr_8_2
soundalias,#wpn_flame_thrower_cooldown
soundalias,#hash_47f9503151af5e71
soundalias,#vox_magic_box_share_plr_5_2
soundalias,#vox_magic_box_share_plr_5_3
soundalias,#vox_magic_box_share_plr_5_0
soundalias,#vox_magic_box_share_plr_5_1
soundalias,#vox_magic_box_share_plr_5_4
soundalias,#hash_480e1f7a5e8631cb
soundalias,#hash_482666b30981eef4
soundalias,#hash_4829b94921595ecc
soundalias,#fly_step_prone_zdog_carpet
soundalias,#fly_step_run_zdog_metalcar
soundalias,#hash_4857eadf6e394309
soundalias,#vox_tedd_exert_pain
soundalias,#fly_step_crouch_run_zdog_watershallow
soundalias,#vox_pickup_generic_plr_8_4
soundalias,#vox_pickup_generic_plr_8_5
soundalias,#vox_pickup_generic_plr_8_6
soundalias,#vox_pickup_generic_plr_8_7
soundalias,#vox_pickup_generic_plr_8_0
soundalias,#vox_pickup_generic_plr_8_1
soundalias,#vox_pickup_generic_plr_8_2
soundalias,#vox_pickup_generic_plr_8_3
soundalias,#vox_pickup_generic_plr_8_8
soundalias,#vox_pickup_generic_plr_8_9
soundalias,#fly_step_paper_npc
soundalias,#fly_step_walk_zdog_watershallow
soundalias,#fly_step_prone_zdog_metalthin
soundalias,#fly_step_walk_zdog_glassbulletproof
soundalias,#fly_step_walk_zdog_metal
soundalias,#hash_48cebe2e9cc70ddc
soundalias,#hash_48fba595fbad5271
soundalias,#hash_490ee8818bb2ea64
soundalias,#evt_elevator_office_door_close
soundalias,#vox_plr_6_exert_pain
soundalias,#amb_fire_sml
soundalias,#vox_groom_lake_teleport_active_plr_6_0
soundalias,#vox_tedd_exert_stabbed
soundalias,#wpn_katana_melee_impact_plr
soundalias,#evt_ee_key_pickup
soundalias,#hash_496bb6ac2f4469ca
soundalias,#hash_497fe8b43d4bbcf7
soundalias,#hash_498d9db47f00d663
soundalias,#hash_4995d012e2df3193
soundalias,#fly_melee_imp_galva_metalcar
soundalias,#vox_plr_7_exert_self_heal
soundalias,#hash_49a99f39007f7039
soundalias,#vox_plr_5_exert_pain
soundalias,#hash_49c3da536100a9c8
soundalias,#hash_49c63b1bf78af2bc
soundalias,#hash_49c65e9234b3bdf0
soundalias,#fly_step_crouch_walk_zdog_asphalt
soundalias,#hash_49e33105c3290371
soundalias,#vox_revive_support_niko_plr_6_1
soundalias,#vox_revive_support_niko_plr_6_0
soundalias,#vox_revive_support_niko_plr_6_3
soundalias,#vox_revive_support_niko_plr_6_2
soundalias,#vox_revive_support_niko_plr_6_4
soundalias,#fly_step_crouch_walk_zdog_watershallow
soundalias,#fly_step_prone_zdog_flesh
soundalias,#vox_barrier_rebuild_plr_6_4
soundalias,#vox_barrier_rebuild_plr_6_3
soundalias,#vox_barrier_rebuild_plr_6_2
soundalias,#vox_barrier_rebuild_plr_6_1
soundalias,#vox_barrier_rebuild_plr_6_0
soundalias,#hash_4a14fe4721d020da
soundalias,#vox_plr_6_exert_death_veh_hit
soundalias,#hash_4a35af42af4de3fa
soundalias,#hash_4a407dfa1463a1d5
soundalias,#zmb_vocals_hellhound_ambient_loud
soundalias,#vox_take_kill_headshot_plr_5_2
soundalias,#vox_take_kill_headshot_plr_5_3
soundalias,#vox_take_kill_headshot_plr_5_0
soundalias,#vox_take_kill_headshot_plr_5_1
soundalias,#vox_take_kill_headshot_plr_5_4
soundalias,#vox_tedd_exert_suppressed
soundalias,#vox_box_move_plr_5_4
soundalias,#vox_box_move_plr_5_2
soundalias,#vox_box_move_plr_5_3
soundalias,#vox_box_move_plr_5_0
soundalias,#vox_box_move_plr_5_1
soundalias,#fly_step_sprint_zdog_bodyarmor
soundalias,#wpn_pineapple_lfe_npc
soundalias,#hash_4a6ec84c8b0f64c0
soundalias,#hash_4a6ecb4c8b0f69d9
soundalias,#hash_4a6ecc4c8b0f6b8c
soundalias,#hash_4a6ed24c8b0f75be
soundalias,#hash_4a75dfd44b715890
soundalias,#hash_4a8e31e03df0def0
soundalias,#dst_pipe_water
soundalias,#hash_4aa3d85925d52a67
soundalias,#vox_box_wonder_plr_7_4
soundalias,#vox_box_wonder_plr_7_2
soundalias,#vox_box_wonder_plr_7_3
soundalias,#vox_box_wonder_plr_7_0
soundalias,#vox_box_wonder_plr_7_1
soundalias,#amb_outdoor_night
soundalias,#zmb_monkeybomb_cymbal_lp
soundalias,#fly_step_run_zdog_dirt
soundalias,#wpn_rgun_mk2_fire_act_npc
soundalias,#wpn_katana_sheathe_plr
soundalias,#vox_revive_down_plr_7_1
soundalias,#vox_revive_down_plr_7_0
soundalias,#vox_revive_down_plr_7_3
soundalias,#vox_revive_down_plr_7_2
soundalias,#vox_revive_down_plr_7_4
soundalias,#hash_4b169927b4789180
soundalias,#hash_4b18b104deb5d028
soundalias,#vox_bop5_exert_death_veh_fly
soundalias,#zmb_office_wood_door_close
soundalias,#hash_4b358bd3931ede8e
soundalias,#fly_melee_imp_katana_flesh
soundalias,#hash_4b624dad2a08a6cd
soundalias,#hash_4b69ecaac4c5093c
soundalias,#vox_box_lmg_plr_6_0
soundalias,#vox_box_lmg_plr_6_1
soundalias,#vox_box_lmg_plr_6_2
soundalias,#vox_box_lmg_plr_6_3
soundalias,#vox_box_lmg_plr_6_4
soundalias,#fly_step_prone_zdog_watershallow
soundalias,#fly_step_crouch_walk_zdog_sand
soundalias,#wpn_minigun_lvl3_throw
soundalias,#hash_4b8f5da922f38e16
soundalias,#vox_revive_take_plr_7_4
soundalias,#vox_revive_take_plr_7_0
soundalias,#vox_revive_take_plr_7_1
soundalias,#vox_revive_take_plr_7_2
soundalias,#vox_revive_take_plr_7_3
soundalias,#vox_revive_niko_plr_8_3
soundalias,#vox_revive_niko_plr_8_2
soundalias,#vox_revive_niko_plr_8_1
soundalias,#vox_revive_niko_plr_8_0
soundalias,#vox_revive_niko_plr_8_4
soundalias,#hash_4bc2bad985ecbd3f
soundalias,#wpn_rgun_mk2v_end
soundalias,#vox_blac_exert_death_veh
soundalias,#zmb_blocker_debris_purchase
soundalias,#vox_revive_self_plr_8_0
soundalias,#vox_revive_self_plr_8_1
soundalias,#vox_revive_self_plr_8_2
soundalias,#wpn_pineapple_blend
soundalias,#hash_4bee60b68c12edf1
soundalias,#hash_4c00064d849209ae
soundalias,#vox_plr_5_exert_razor_wire
soundalias,#vox_teleport_mod_comp_place_plr_5_0
soundalias,#wpn_dg4_slam_impact_swt
soundalias,#vox_powerup_nuke_plr_6_4
soundalias,#vox_powerup_nuke_plr_6_0
soundalias,#vox_powerup_nuke_plr_6_1
soundalias,#vox_powerup_nuke_plr_6_2
soundalias,#vox_powerup_nuke_plr_6_3
soundalias,#hash_4c2efd8466c4d0d1
soundalias,#hash_4c33dd6270ac189a
soundalias,#wpn_katana_melee_npc
soundalias,#hash_4c436c7624408266
soundalias,#exp_nitrogen_flux_r
soundalias,#exp_nitrogen_flux_l
soundalias,#hash_4c63d40d61f36578
soundalias,#hash_4c80779f08dfcd9a
soundalias,#fly_step_run_zdog_fruit
soundalias,#fly_gl_close
soundalias,#vox_path_sorrow_active_plr_5_2
soundalias,#vox_path_sorrow_active_plr_5_3
soundalias,#vox_path_sorrow_active_plr_5_0
soundalias,#vox_path_sorrow_active_plr_5_1
soundalias,#vox_path_sorrow_active_plr_5_4
soundalias,#hash_4ca3d2aaa573f1c8
soundalias,#vox_bom1_exert_rad_start
soundalias,#hash_4cb723a6edbbe342
soundalias,#hash_4ce0d89fd6f88682
soundalias,#hash_4cf18ee358ca7385
soundalias,#vox_crawler_kill_plr_6_4
soundalias,#vox_crawler_kill_plr_6_3
soundalias,#vox_crawler_kill_plr_6_2
soundalias,#vox_crawler_kill_plr_6_1
soundalias,#vox_crawler_kill_plr_6_0
soundalias,#vox_crawler_los_plr_7_4
soundalias,#vox_crawler_los_plr_7_0
soundalias,#vox_crawler_los_plr_7_1
soundalias,#vox_crawler_los_plr_7_2
soundalias,#vox_crawler_los_plr_7_3
soundalias,#dst_solar_panel_lrg
soundalias,#fly_pineapple_futz
soundalias,#dst_solar_panel_lfe
soundalias,#vox_bop3_exert_underwater_emerge_breath
soundalias,#vox_overkill_level_2_plr_7_2
soundalias,#vox_overkill_level_2_plr_7_1
soundalias,#vox_overkill_level_2_plr_7_0
soundalias,#hash_4d71f65dbeb4014c
soundalias,#zmb_perks_packa_upgrade_crnch
soundalias,#zmb_vomit_loop_vox
soundalias,#hash_4d8c59e8434e13c0
soundalias,#hash_4d972c4ea58ca9eb
soundalias,#amb_phone
soundalias,#hash_4dba6b9ac80d1ec1
soundalias,#hash_4dbcfa5dbef3f392
soundalias,#fly_generic_ads_plr
soundalias,#vox_plr_8_exert_concuss
soundalias,#vox_overkill_kill_mult_plr_7_4
soundalias,#vox_overkill_kill_mult_plr_7_3
soundalias,#vox_overkill_kill_mult_plr_7_2
soundalias,#vox_overkill_kill_mult_plr_7_1
soundalias,#vox_overkill_kill_mult_plr_7_0
soundalias,#vox_pickup_rocketshield_plr_7_2
soundalias,#vox_pickup_rocketshield_plr_7_1
soundalias,#vox_pickup_rocketshield_plr_7_0
soundalias,#hash_4dd7e4d5320a2bc3
soundalias,#vox_demp_surrounded_oh_shit_plr_8_4
soundalias,#vox_demp_surrounded_oh_shit_plr_8_3
soundalias,#vox_demp_surrounded_oh_shit_plr_8_2
soundalias,#vox_demp_surrounded_oh_shit_plr_8_1
soundalias,#vox_demp_surrounded_oh_shit_plr_8_0
soundalias,#vox_bop4_exert_underwater_emerge_gasp
soundalias,#hash_4e0da1847e272730
soundalias,#fly_step_run_zdog_cushion
soundalias,#wpn_pineapple_explode
soundalias,#hash_4e2d16bd4ae0c8d1
soundalias,#fly_step_run_zdog_ceramic
soundalias,#vox_kill_melee_plr_7_0
soundalias,#vox_kill_melee_plr_7_1
soundalias,#vox_kill_melee_plr_7_2
soundalias,#vox_kill_melee_plr_7_3
soundalias,#vox_kill_melee_plr_7_4
soundalias,#vox_kill_melee_plr_7_5
soundalias,#vox_kill_melee_plr_7_6
soundalias,#vox_kill_melee_plr_7_7
soundalias,#vox_kill_melee_plr_7_8
soundalias,#vox_kill_melee_plr_7_9
soundalias,#vox_tedd_exert_breath_hurt
soundalias,#vox_bop3_exert_punch_take
soundalias,#hash_4e9adb2d86ff6846
soundalias,#zmb_turn_on
soundalias,#vox_bop1_exert_blind
soundalias,#vox_plr_8_exert_punch_take
soundalias,#hash_4eb7fdbc14c64d1e
soundalias,#vox_revive_rich_plr_6_4
soundalias,#vox_revive_rich_plr_6_2
soundalias,#vox_revive_rich_plr_6_3
soundalias,#vox_revive_rich_plr_6_0
soundalias,#vox_revive_rich_plr_6_1
soundalias,#dst_propane_tank_explo
soundalias,#fly_melee_imp_katana_plastic
soundalias,#hash_4ed0d184815870a9
soundalias,#vox_teleport_mod_1_pickup_plr_5_0
soundalias,#hash_4ee4ffe12c6dc572
soundalias,#zmb_office_outro_igc_lsrs
soundalias,#hash_4f15b954359cc303
soundalias,#evt_ee_server_repair
soundalias,#vox_plr_6_exert_razor_wire
soundalias,#hash_4f378ff1bae02961
soundalias,#vox_blac_exert_underwater_emerge_breath
soundalias,#vox_generic_responses_negative_plr_6_8
soundalias,#vox_generic_responses_negative_plr_6_9
soundalias,#vox_generic_responses_negative_plr_6_0
soundalias,#vox_generic_responses_negative_plr_6_1
soundalias,#vox_generic_responses_negative_plr_6_2
soundalias,#vox_generic_responses_negative_plr_6_3
soundalias,#vox_generic_responses_negative_plr_6_4
soundalias,#vox_generic_responses_negative_plr_6_5
soundalias,#vox_generic_responses_negative_plr_6_6
soundalias,#vox_generic_responses_negative_plr_6_7
soundalias,#wpn_flame_thrower_loop_plr
soundalias,#vox_tedd_exert_mant_light
soundalias,#hash_4f74d3b147409498
soundalias,#wpn_katana_rush_lp
soundalias,#dst_pipe_steam
soundalias,#hash_4fa11f98ec24cf9c
soundalias,#vox_path_sorrow_kill_mult_plr_8_0
soundalias,#vox_path_sorrow_kill_mult_plr_8_1
soundalias,#vox_path_sorrow_kill_mult_plr_8_2
soundalias,#vox_path_sorrow_kill_mult_plr_8_3
soundalias,#vox_path_sorrow_kill_mult_plr_8_4
soundalias,#hash_4fd5895c608af2db
soundalias,#hash_4fe25238a49d0dd7
soundalias,#hash_4ff113a86ee855ac
soundalias,#hash_4ff9e8e25196f463
soundalias,#hash_4ffb0e1f3887178c
soundalias,#hash_4ffd8ac85d3a7cbb
soundalias,#fly_step_crouch_walk_zdog_bodyarmor
soundalias,#fly_step_run_zdog_ice
soundalias,#dst_glass_pane
soundalias,#vox_powerup_carpenter_plr_6_3
soundalias,#vox_powerup_carpenter_plr_6_2
soundalias,#vox_powerup_carpenter_plr_6_1
soundalias,#vox_powerup_carpenter_plr_6_0
soundalias,#vox_powerup_carpenter_plr_6_4
soundalias,#hash_502a0297a359206a
soundalias,#vox_plr_8_exert_death_veh_hit
soundalias,#vox_plr_8_exert_death_veh_under
soundalias,#vox_hellfire_level_2_plr_8_2
soundalias,#vox_hellfire_level_2_plr_8_1
soundalias,#vox_hellfire_level_2_plr_8_0
soundalias,#hash_50373780e60052ca
soundalias,#fly_rgun_mk2_sparks
soundalias,#hash_5069ed8fdae493ce
soundalias,#zmb_electrocute_zombie_swt
soundalias,#fly_step_run_zdog_default
soundalias,#vox_box_tactical_plr_6_1
soundalias,#vox_box_tactical_plr_6_0
soundalias,#vox_box_tactical_plr_6_3
soundalias,#vox_box_tactical_plr_6_2
soundalias,#vox_box_tactical_plr_6_4
soundalias,#fly_melee_imp_galva_npc_rock
soundalias,#vox_barrier_rebuild_plr_7_4
soundalias,#vox_barrier_rebuild_plr_7_2
soundalias,#vox_barrier_rebuild_plr_7_3
soundalias,#vox_barrier_rebuild_plr_7_0
soundalias,#vox_barrier_rebuild_plr_7_1
soundalias,#wpn_gren_raise_plr
soundalias,#vox_teleport_mod_2_pickup_plr_5_0
soundalias,#hash_509756d0fbd7b460
soundalias,#hash_50a56f17fc412b92
soundalias,#hash_50a5c1f8e61afa7b
soundalias,#vox_pap_pickup_plr_5_4
soundalias,#vox_pap_pickup_plr_5_1
soundalias,#vox_pap_pickup_plr_5_0
soundalias,#vox_pap_pickup_plr_5_3
soundalias,#vox_pap_pickup_plr_5_2
soundalias,#hash_50cae5e74f332b7c
soundalias,#vox_nova_crawl_kill_plr_8_1
soundalias,#vox_nova_crawl_kill_plr_8_0
soundalias,#vox_nova_crawl_kill_plr_8_3
soundalias,#vox_nova_crawl_kill_plr_8_2
soundalias,#vox_nova_crawl_kill_plr_8_4
soundalias,#hash_5104efdd2ef71e39
soundalias,#vox_plr_6_exert_bludgeoned
soundalias,#hash_511e6b28b746f190
soundalias,#hash_511e6c28b746f343
soundalias,#hash_511e6d28b746f4f6
soundalias,#vox_groom_lake_teleport_active_plr_7_0
soundalias,#hash_516083f9ceeab414
soundalias,#fly_step_walk_zdog_grass
soundalias,#vox_bop3_exert_sniper_gasp
soundalias,#hash_51812161eb23c96f
soundalias,#wpn_electric_trap_hit
soundalias,#fly_step_sprint_zdog_glasscar
soundalias,#wpn_rgun_mk2v_lp
soundalias,#vox_bof2_exert_rad_dmg
soundalias,#vox_plr_8_exert_electro
soundalias,#vox_box_sniper_plr_5_4
soundalias,#vox_box_sniper_plr_5_0
soundalias,#vox_box_sniper_plr_5_1
soundalias,#vox_box_sniper_plr_5_2
soundalias,#vox_box_sniper_plr_5_3
soundalias,#vox_niko_kill_headshot_plr_8_3
soundalias,#vox_niko_kill_headshot_plr_8_2
soundalias,#vox_niko_kill_headshot_plr_8_1
soundalias,#vox_niko_kill_headshot_plr_8_0
soundalias,#vox_niko_kill_headshot_plr_8_4
soundalias,#vox_bop1_exert_underwater_emerge_gasp
soundalias,#hash_52407300ef648e59
soundalias,#fly_step_crouch_run_zdog_glass
soundalias,#hash_5265e42288d5b3fa
soundalias,#vox_bom3_exert_rad_start
soundalias,#hash_527eea74ab1a923e
soundalias,#hash_52836d886c361423
soundalias,#vox_kill_streak_plr_5_0
soundalias,#vox_kill_streak_plr_5_1
soundalias,#vox_kill_streak_plr_5_2
soundalias,#vox_kill_streak_plr_5_3
soundalias,#vox_kill_streak_plr_5_4
soundalias,#vox_kill_streak_plr_5_5
soundalias,#vox_kill_streak_plr_5_6
soundalias,#vox_kill_streak_plr_5_7
soundalias,#vox_kill_streak_plr_5_8
soundalias,#vox_kill_streak_plr_5_9
soundalias,#zmb_fasttravel_teleport_end_npc
soundalias,#vox_bop1_exert_burn_dmg
soundalias,#zmb_vocals_zombie_sprint
soundalias,#hash_52bb76830aaa9c37
soundalias,#vox_plr_5_exert_gas_gag
soundalias,#vox_code_sequence_complete_plr_6_0
soundalias,#vox_bop1_exert_gas_gasp
soundalias,#fly_zombie_hand
soundalias,#fly_reload_wpn_grab
soundalias,#hash_530bca9955807e90
soundalias,#hash_5321ac1dbb962d10
soundalias,#wpn_katana_melee_impact_victim
soundalias,#wpn_rgun_exp_flux_r
soundalias,#wpn_rgun_exp_flux_l
soundalias,#hash_537e868a4ec641a2
soundalias,#dst_server
soundalias,#wpn_rgun_mk2_fire_lfe_npc
soundalias,#hash_53a3e87f09c3c398
soundalias,#hash_53a3e97f09c3c54b
soundalias,#hash_53a3eb7f09c3c8b1
soundalias,#hash_53a3ee7f09c3cdca
soundalias,#hash_53a3ef7f09c3cf7d
soundalias,#zmb_defcon_alarm_small
soundalias,#hash_53ea8207208023e0
soundalias,#hash_53ea8507208028f9
soundalias,#fly_step_prone_zdog_gravel
soundalias,#zmb_hellhound_explode
soundalias,#vox_crawler_kill_plr_7_4
soundalias,#vox_crawler_kill_plr_7_2
soundalias,#vox_crawler_kill_plr_7_3
soundalias,#vox_crawler_kill_plr_7_0
soundalias,#vox_crawler_kill_plr_7_1
soundalias,#dst_pipe_steam_pop
soundalias,#vox_powerup_nuke_plr_5_3
soundalias,#vox_powerup_nuke_plr_5_2
soundalias,#vox_powerup_nuke_plr_5_1
soundalias,#vox_powerup_nuke_plr_5_0
soundalias,#vox_powerup_nuke_plr_5_4
soundalias,#fly_step_crouch_walk_zdog_metal
soundalias,#wpn_rgun_mk2y_lp
soundalias,#dst_garbage_bag_02
soundalias,#hash_547a07e9f58597c5
soundalias,#vox_plr_5_exert_concuss
soundalias,#vox_bop4_exert_gas_cough
soundalias,#wpn_vulcan_fire_stop_plr
soundalias,#amb_laser_projector
soundalias,#amb_lab_din
soundalias,#wpn_rgun_mk2_exp_cl
soundalias,#fly_step_crouch_run_zdog_cloth
soundalias,#vox_revive_down_plr_6_0
soundalias,#vox_revive_down_plr_6_1
soundalias,#vox_revive_down_plr_6_2
soundalias,#vox_revive_down_plr_6_3
soundalias,#vox_revive_down_plr_6_4
soundalias,#vox_plr_6_exert_rad_start
soundalias,#vox_plr_8_exert_mant_light
soundalias,#hash_54f3a1ff24f1ea91
soundalias,#hash_55070bed4172e08c
soundalias,#vox_special_round_kill_plr_8_1
soundalias,#vox_special_round_kill_plr_8_0
soundalias,#vox_special_round_kill_plr_8_3
soundalias,#vox_special_round_kill_plr_8_2
soundalias,#vox_special_round_kill_plr_8_4
soundalias,#vox_bop4_exert_blind
soundalias,#vox_box_smg_plr_8_1
soundalias,#vox_box_smg_plr_8_0
soundalias,#vox_box_smg_plr_8_3
soundalias,#vox_box_smg_plr_8_2
soundalias,#vox_box_smg_plr_8_4
soundalias,#vox_kill_explo_plr_5_0
soundalias,#vox_kill_explo_plr_5_1
soundalias,#vox_kill_explo_plr_5_2
soundalias,#vox_kill_explo_plr_5_3
soundalias,#vox_kill_explo_plr_5_4
soundalias,#fly_step_run_zdog_paintedmetal
soundalias,#hash_553c8042d558151c
soundalias,#vox_tedd_exert_punch_give
soundalias,#vox_bop2_exert_rad_dmg
soundalias,#amb_cicada_far
soundalias,#vox_box_arnie_plr_8_1
soundalias,#vox_box_arnie_plr_8_0
soundalias,#vox_box_arnie_plr_8_3
soundalias,#vox_box_arnie_plr_8_2
soundalias,#vox_box_arnie_plr_8_4
soundalias,#hash_55967e6191de36d2
soundalias,#vox_bop5_exert_explo_dead
soundalias,#wpn_vulcan_fire_loop_lfe_plr
soundalias,#mus_office_roundstart_2_intro
soundalias,#fly_step_crouch_run_zdog_wood
soundalias,#wpn_pistol_dryfire_plr
soundalias,#vox_solo_end_round2_plr_7_0
soundalias,#vox_plr_5_exert_sniper_exhale
soundalias,#vox_kill_revenge_plr_5_4
soundalias,#vox_kill_revenge_plr_5_5
soundalias,#vox_kill_revenge_plr_5_6
soundalias,#vox_kill_revenge_plr_5_7
soundalias,#vox_kill_revenge_plr_5_0
soundalias,#vox_kill_revenge_plr_5_1
soundalias,#vox_kill_revenge_plr_5_2
soundalias,#vox_kill_revenge_plr_5_3
soundalias,#vox_kill_revenge_plr_5_8
soundalias,#vox_kill_revenge_plr_5_9
soundalias,#hash_55f0a3c24e0a7ba2
soundalias,#vox_overkill_kill_mult_plr_6_4
soundalias,#vox_overkill_kill_mult_plr_6_2
soundalias,#vox_overkill_kill_mult_plr_6_3
soundalias,#vox_overkill_kill_mult_plr_6_1
soundalias,#hash_55f323ffd86c9888
soundalias,#vox_box_ar_plr_5_0
soundalias,#vox_box_ar_plr_5_1
soundalias,#vox_box_ar_plr_5_2
soundalias,#vox_box_ar_plr_5_3
soundalias,#vox_box_ar_plr_5_4
soundalias,#hash_5600b4bffa46c384
soundalias,#hash_561f88848519b69e
soundalias,#vox_box_lmg_plr_5_4
soundalias,#vox_box_lmg_plr_5_3
soundalias,#vox_box_lmg_plr_5_2
soundalias,#vox_box_lmg_plr_5_1
soundalias,#vox_box_lmg_plr_5_0
soundalias,#wpn_rgun_mk2_1straise_dial
soundalias,#vox_bom1_exert_rad_dmg
soundalias,#wpn_ray_1straise_dial
soundalias,#fly_step_walk_zdog_flesh
soundalias,#vox_destroy_rocketshield_plr_7_2
soundalias,#vox_destroy_rocketshield_plr_7_1
soundalias,#vox_destroy_rocketshield_plr_7_0
soundalias,#fly_melee_imp_katana_metal
soundalias,#hash_56a1b3754038109a
soundalias,#hash_56a1b4754038124d
soundalias,#hash_56b462d663028e00
soundalias,#hash_56b9130746371144
soundalias,#vox_take_kill_streak_plr_6_1
soundalias,#vox_take_kill_streak_plr_6_0
soundalias,#vox_take_kill_streak_plr_6_3
soundalias,#vox_take_kill_streak_plr_6_2
soundalias,#vox_take_kill_streak_plr_6_4
soundalias,#hash_56c61c37e0e7cb64
soundalias,#zmb_vox_monkey_explode
soundalias,#hash_56f29442af55b640
soundalias,#wpn_melee_galva
soundalias,#fly_step_run_zdog_grass
soundalias,#fly_step_crouch_run_zdog_metalhollow
soundalias,#fly_pineapple_bolt_back
soundalias,#vox_solo_end_round1_plr_5_0
soundalias,#hash_5749e3194291a2bd
soundalias,#hash_574e21f9759a6dc4
soundalias,#fly_freezegun_mag_out
soundalias,#prj_whizby_raygun
soundalias,#vox_powerup_carpenter_plr_7_2
soundalias,#vox_powerup_carpenter_plr_7_3
soundalias,#vox_powerup_carpenter_plr_7_0
soundalias,#vox_powerup_carpenter_plr_7_1
soundalias,#vox_powerup_carpenter_plr_7_4
soundalias,#pfx_water_drip_hit
soundalias,#hash_57816dfd94b9b352
soundalias,#vox_plr_5_exert_death_fall
soundalias,#hash_578d03444fd54174
soundalias,#hash_579797ce6390ec3b
soundalias,#hash_5797afa332ae6f0b
soundalias,#vox_bop1_exert_bludgeoned
soundalias,#hash_57c2911993d4f616
soundalias,#hash_57c2921993d4f7c9
soundalias,#vox_box_tactical_plr_7_0
soundalias,#vox_box_tactical_plr_7_1
soundalias,#vox_box_tactical_plr_7_2
soundalias,#vox_box_tactical_plr_7_3
soundalias,#vox_box_tactical_plr_7_4
soundalias,#hash_57c7e3bc2df74195
soundalias,#hash_57d5758ae25e57e7
soundalias,#hash_57ed594232271259
soundalias,#hash_57ed5a423227140c
soundalias,#hash_57ed5b42322715bf
soundalias,#hash_57ed5c4232271772
soundalias,#hash_57f8e51889f743c3
soundalias,#zmb_vocals_zombie_taunt_v1
soundalias,#hash_5805b657c71b12a6
soundalias,#vox_overkill_level_2_plr_6_2
soundalias,#vox_overkill_level_2_plr_6_0
soundalias,#vox_overkill_level_2_plr_6_1
soundalias,#hash_58192bc650304beb
soundalias,#dst_steam_pipe_lp
soundalias,#fly_step_walk_zdog_mud
soundalias,#wpn_katana_rush_toggle
soundalias,#fly_step_run_zdog_paper
soundalias,#hash_584a104abeea4eb1
soundalias,#evt_elevator_freight_start
soundalias,#hash_586a94254cfe5e61
soundalias,#vox_plr_7_exert_underwater_pain
soundalias,#hash_5876763900b72110
soundalias,#hash_588047eba8deb34e
soundalias,#fly_step_crouch_walk_zdog_foliage
soundalias,#vox_pickup_rocketshield_plr_6_2
soundalias,#vox_pickup_rocketshield_plr_6_0
soundalias,#vox_pickup_rocketshield_plr_6_1
soundalias,#fly_step_prone_zdog_water
soundalias,#vox_plr_5_exert_mant_heavy
soundalias,#hash_58a04294582d6486
soundalias,#zmb_vocals_zombie_electrocute
soundalias,#zmb_mus_bottle_activate
soundalias,#hash_58ad53e8e72ec5f0
soundalias,#hash_58b60c3d133f7e28
soundalias,#vox_bop1_exert_burn_dead
soundalias,#hash_58ef400c43212578
soundalias,#fly_ar_bolt_release_sweet
soundalias,#hash_5902360292a8f3da
soundalias,#dst_hotdog_cart
soundalias,#hash_595af4b9ed084900
soundalias,#fly_step_walk_zdog_concrete
soundalias,#vox_plr_6_exert_punch_give
soundalias,#hash_5967f4485be5bfd6
soundalias,#vox_plr_8_exert_sniper_gasp
soundalias,#wpn_pistol_dryfire_npc
soundalias,#zmb_box_weapon_spin_short
soundalias,#amb_quad_gas_loop
soundalias,#evt_teleporter_loop
soundalias,#hash_59f15c93815a0687
soundalias,#vox_generic_responses_negative_plr_5_9
soundalias,#vox_generic_responses_negative_plr_5_8
soundalias,#vox_generic_responses_negative_plr_5_7
soundalias,#vox_generic_responses_negative_plr_5_6
soundalias,#vox_generic_responses_negative_plr_5_5
soundalias,#vox_generic_responses_negative_plr_5_4
soundalias,#vox_generic_responses_negative_plr_5_3
soundalias,#vox_generic_responses_negative_plr_5_2
soundalias,#vox_generic_responses_negative_plr_5_1
soundalias,#vox_generic_responses_negative_plr_5_0
soundalias,#fly_step_crouch_walk_zdog_ice
soundalias,#fly_gl_raise_switch
soundalias,#hash_5a0f42ba113a1e1b
soundalias,#evt_elevator_office_call
soundalias,#fly_freezegun_mag_in_npc
soundalias,#hash_5a71ef96c17c8283
soundalias,#vox_dg5_active_plr_8_4
soundalias,#vox_dg5_active_plr_8_3
soundalias,#vox_dg5_active_plr_8_2
soundalias,#vox_dg5_active_plr_8_1
soundalias,#vox_dg5_active_plr_8_0
soundalias,#amb_cricket_close
soundalias,#hash_5a8184d1f890f17c
soundalias,#wpn_rgun_fire_plr
soundalias,#fly_step_walk_zdog_plaster
soundalias,#fly_step_walk_zdog_plastic
soundalias,#hash_5ab3f90f703eed52
soundalias,#hash_5ab96b664239250b
soundalias,#fly_step_walk_zdog_fruit
soundalias,#wpn_smg_dryfire_npc
soundalias,#wpn_pineapple_act_plr
soundalias,#amb_desk_creak
soundalias,#hash_5b18895703fba823
soundalias,#vox_barrier_rebuild_plr_8_4
soundalias,#vox_barrier_rebuild_plr_8_1
soundalias,#vox_barrier_rebuild_plr_8_0
soundalias,#vox_barrier_rebuild_plr_8_3
soundalias,#vox_barrier_rebuild_plr_8_2
soundalias,#hash_5b4c5a7ffa12b382
soundalias,#hash_5b57476ff83609ad
soundalias,#fly_step_crouch_walk_zdog_cushion
soundalias,#wpn_pineapple_1straise_npc
soundalias,#vox_bop1_exert_stabbed
soundalias,#hash_5b959c1af4616c3f
soundalias,#hash_5b99d9fe629c6292
soundalias,#vox_bof2_exert_rad_start
soundalias,#evt_elevator_freight_bell
soundalias,#hash_5bc9e5ae154acfb0
soundalias,#vox_box_sniper_plr_6_3
soundalias,#vox_box_sniper_plr_6_2
soundalias,#vox_box_sniper_plr_6_1
soundalias,#vox_box_sniper_plr_6_0
soundalias,#vox_box_sniper_plr_6_4
soundalias,#hash_5bef1a64d1005f3d
soundalias,#fly_step_crouch_walk_zdog_snow
soundalias,#wpn_pineapple_ads_plr
soundalias,#hash_5bfd19fc09294153
soundalias,#vox_blac_exert_explo_dead
soundalias,#hash_5c206c7dd64ec92c
soundalias,#fly_freezegun_spin
soundalias,#vox_revive_down_plr_5_4
soundalias,#vox_revive_down_plr_5_3
soundalias,#vox_revive_down_plr_5_2
soundalias,#vox_revive_down_plr_5_1
soundalias,#vox_revive_down_plr_5_0
soundalias,#vox_plr_6_exert_death_veh_fly
soundalias,#hash_5c54526d25535e04
soundalias,#hash_5c5b79ae0ba780c4
soundalias,#zmb_vocals_hellhound_attack_melee
soundalias,#vox_bop3_exert_pain
soundalias,#fly_sniper_shell_in_npc
soundalias,#vox_crawler_kill_plr_8_4
soundalias,#vox_crawler_kill_plr_8_1
soundalias,#vox_crawler_kill_plr_8_0
soundalias,#vox_crawler_kill_plr_8_3
soundalias,#vox_crawler_kill_plr_8_2
soundalias,#amb_rattle_cage
soundalias,#vox_kill_explo_plr_6_4
soundalias,#vox_kill_explo_plr_6_3
soundalias,#vox_kill_explo_plr_6_2
soundalias,#vox_kill_explo_plr_6_1
soundalias,#vox_kill_explo_plr_6_0
soundalias,#mus_office_underscore
soundalias,#hash_5c89d1aa1c19997c
soundalias,#vox_bop4_exert_death_veh_under
soundalias,#dst_transformer_explo
soundalias,#vox_kill_wonder_plr_8_4
soundalias,#vox_kill_wonder_plr_8_2
soundalias,#vox_kill_wonder_plr_8_3
soundalias,#vox_kill_wonder_plr_8_0
soundalias,#vox_kill_wonder_plr_8_1
soundalias,#fly_reload_cloth_lg
soundalias,#vox_bop2_exert_gas_gasp
soundalias,#fly_reload_equip_grab
soundalias,#vox_bof2_exert_rad_end
soundalias,#hash_5cfdfc7bb8f0fda2
soundalias,#wpn_dg4_plant_end
soundalias,#vox_demp_surrounded_oh_shit_plr_7_4
soundalias,#vox_demp_surrounded_oh_shit_plr_7_0
soundalias,#vox_demp_surrounded_oh_shit_plr_7_1
soundalias,#vox_demp_surrounded_oh_shit_plr_7_2
soundalias,#vox_demp_surrounded_oh_shit_plr_7_3
soundalias,#hash_5d198ba69ef6a1e9
soundalias,#vox_bop2_exert_rad_start
soundalias,#fly_reload_cloth_sm
soundalias,#vox_bom1_exert_rad_end
soundalias,#fly_wpn_handle_low
soundalias,#hash_5d3a176d632eb0da
soundalias,#vox_box_ar_plr_6_4
soundalias,#vox_box_ar_plr_6_3
soundalias,#vox_box_ar_plr_6_2
soundalias,#vox_box_ar_plr_6_1
soundalias,#vox_box_ar_plr_6_0
soundalias,#hash_5d530f332a80c426
soundalias,#vox_kill_streak_plr_6_7
soundalias,#vox_kill_streak_plr_6_6
soundalias,#vox_kill_streak_plr_6_5
soundalias,#vox_kill_streak_plr_6_4
soundalias,#vox_kill_streak_plr_6_3
soundalias,#vox_kill_streak_plr_6_2
soundalias,#vox_kill_streak_plr_6_1
soundalias,#vox_kill_streak_plr_6_0
soundalias,#vox_kill_streak_plr_6_9
soundalias,#vox_kill_streak_plr_6_8
soundalias,#vox_overkill_level_2_plr_8_0
soundalias,#vox_overkill_level_2_plr_8_1
soundalias,#vox_overkill_level_2_plr_8_2
soundalias,#hash_5d62ce6d15158ffd
soundalias,#fly_step_run_zdog_tallgrass
soundalias,#fly_step_sprint_zdog_flesh
soundalias,#hash_5d7a73d4a214dd96
soundalias,#wpn_vulcan_dryfire_npc
soundalias,#vox_code_sequence_complete_plr_7_0
soundalias,#vox_revive_take_plr_5_2
soundalias,#vox_revive_take_plr_5_3
soundalias,#vox_revive_take_plr_5_0
soundalias,#vox_revive_take_plr_5_1
soundalias,#vox_revive_take_plr_5_4
soundalias,#vox_plr_7_exert_underwater_emerge_breath
soundalias,#hash_5dad092f584503eb
soundalias,#hash_5dc4052f9b9557aa
soundalias,#zmb_blocker_powerdoor_purchase
soundalias,#wpn_dg4_shockwave_activate_plr
soundalias,#vox_bop3_exert_gas_cough
soundalias,#vox_solo_end_round2_plr_6_0
soundalias,#vox_bop1_exert_death_veh_under
soundalias,#vox_take_kill_streak_plr_7_0
soundalias,#vox_take_kill_streak_plr_7_1
soundalias,#vox_take_kill_streak_plr_7_2
soundalias,#vox_take_kill_streak_plr_7_3
soundalias,#vox_take_kill_streak_plr_7_4
soundalias,#fly_zombie_hand_swt
soundalias,#vox_revive_rich_plr_8_4
soundalias,#vox_revive_rich_plr_8_0
soundalias,#vox_revive_rich_plr_8_1
soundalias,#vox_revive_rich_plr_8_2
soundalias,#vox_revive_rich_plr_8_3
soundalias,#hash_5e3f42c5663b080e
soundalias,#fly_step_prone_zdog_glasscar
soundalias,#fly_step_crouch_walk_zdog_gravel
soundalias,#exp_nitrogen_tank_explo
soundalias,#hash_5e72cb2fb4e0d39f
soundalias,#vox_rich_kill_streak_plr_7_3
soundalias,#vox_rich_kill_streak_plr_7_2
soundalias,#vox_rich_kill_streak_plr_7_1
soundalias,#vox_rich_kill_streak_plr_7_0
soundalias,#hash_5e8f23d8abb37ef0
soundalias,#vox_plr_8_exert_gas_gag
soundalias,#wpn_assault_dryfire_npc
soundalias,#wpn_pineapple_dryfire_npc
soundalias,#wpn_vulcan_pickup_npc
soundalias,#evt_elevator_office_door_open
soundalias,#dst_generic_glass_large
soundalias,#hash_5f090d187dae1178
soundalias,#vox_plr_8_exert_explo_dead
soundalias,#fly_step_crouch_run_zdog_paper
soundalias,#hash_5f25de3806fc35e1
soundalias,#vox_teleport_mod_3_pickup_plr_5_0
soundalias,#hash_5f3eaf30f6a0d98b
soundalias,#wpn_flame_thrower_start_plr
soundalias,#wpn_winters_howl_fire_npc
soundalias,#hash_5f5002686176097f
soundalias,#zmb_vocals_hellhound_bite
soundalias,#hash_5f6b730c30da027d
soundalias,#vox_bop1_exert_suppressed
soundalias,#vox_bop2_exert_rad_end
soundalias,#vox_plr_8_exert_underwater_air_low
soundalias,#fly_melee_imp_galva_glass
soundalias,#dst_hydrant_destroyed_loop
soundalias,#vox_dg5_active_plr_6_4
soundalias,#vox_dg5_active_plr_6_1
soundalias,#vox_dg5_active_plr_6_0
soundalias,#vox_dg5_active_plr_6_3
soundalias,#vox_dg5_active_plr_6_2
soundalias,#hash_5fc94d78acba95c2
soundalias,#hash_5fcc4dd87aec52c7
soundalias,#zmb_vocals_hellhound_death
soundalias,#vox_tedd_exert_underwater_emerge_gasp
soundalias,#vox_crawler_los_plr_5_2
soundalias,#vox_crawler_los_plr_5_3
soundalias,#vox_crawler_los_plr_5_0
soundalias,#vox_crawler_los_plr_5_1
soundalias,#vox_crawler_los_plr_5_4
soundalias,#hash_5ff26c3886a52a43
soundalias,#hash_5ffe592dfadd3935
soundalias,#hash_6004c900b4b172fe
soundalias,#vox_hellfire_ready_plr_8_2
soundalias,#vox_hellfire_ready_plr_8_1
soundalias,#vox_hellfire_ready_plr_8_0
soundalias,#vox_bop5_exert_pain
soundalias,#vox_pap_pickup_plr_7_3
soundalias,#vox_pap_pickup_plr_7_2
soundalias,#vox_pap_pickup_plr_7_1
soundalias,#vox_pap_pickup_plr_7_0
soundalias,#vox_pap_pickup_plr_7_4
soundalias,#hash_605069759e6c76b6
soundalias,#vox_bop3_exert_death_veh_under
soundalias,#vox_plr_8_exert_mant_heavy
soundalias,#hash_606d51fe21e749ac
soundalias,#fly_step_run_zdog_metalthin
soundalias,#zmb_box_poof_land
soundalias,#vox_kill_revenge_plr_6_9
soundalias,#vox_kill_revenge_plr_6_8
soundalias,#vox_kill_revenge_plr_6_3
soundalias,#vox_kill_revenge_plr_6_2
soundalias,#vox_kill_revenge_plr_6_1
soundalias,#vox_kill_revenge_plr_6_0
soundalias,#vox_kill_revenge_plr_6_7
soundalias,#vox_kill_revenge_plr_6_6
soundalias,#vox_kill_revenge_plr_6_5
soundalias,#vox_kill_revenge_plr_6_4
soundalias,#mus_office_ee_song_intro
soundalias,#fly_step_walk_zdog_paintedmetal
soundalias,#vox_bop4_exert_self_heal
soundalias,#vox_box_raygun_plr_7_4
soundalias,#vox_box_raygun_plr_7_1
soundalias,#vox_box_raygun_plr_7_0
soundalias,#vox_box_raygun_plr_7_3
soundalias,#vox_box_raygun_plr_7_2
soundalias,#mpl_hero_weap_lose
soundalias,#fly_step_crouch_run_zdog_metal
soundalias,#wpn_rgun_exp_cl
soundalias,#vox_kill_melee_plr_5_8
soundalias,#vox_kill_melee_plr_5_9
soundalias,#vox_kill_melee_plr_5_6
soundalias,#vox_kill_melee_plr_5_7
soundalias,#vox_kill_melee_plr_5_4
soundalias,#vox_kill_melee_plr_5_5
soundalias,#vox_kill_melee_plr_5_2
soundalias,#vox_kill_melee_plr_5_3
soundalias,#vox_kill_melee_plr_5_0
soundalias,#vox_kill_melee_plr_5_1
soundalias,#fly_step_prone_zdog_mud
soundalias,#vox_destroy_rocketshield_plr_6_2
soundalias,#vox_destroy_rocketshield_plr_6_0
soundalias,#vox_destroy_rocketshield_plr_6_1
soundalias,#vox_plr_5_exert_gas_gasp
soundalias,#wpn_dg4_slam_activate_npc
soundalias,#vox_hellfire_level_2_plr_6_1
soundalias,#vox_hellfire_level_2_plr_6_0
soundalias,#vox_hellfire_level_2_plr_6_2
soundalias,#hash_61739e28ade4bc26
soundalias,#hash_61901dee5b81dba2
soundalias,#wpn_rgun_mk2_flux_l_npc
soundalias,#vox_bop3_exert_death
soundalias,#hash_61ab5fc8df884b6c
soundalias,#fly_step_sprint_zdog_brick
soundalias,#wpn_dg4_shockwave_activate_npc
soundalias,#hash_61c33ea60b6ca174
soundalias,#hash_61d00ff8efc88845
soundalias,#vox_overkill_ready_plr_8_0
soundalias,#vox_overkill_ready_plr_8_1
soundalias,#vox_overkill_ready_plr_8_2
soundalias,#fly_step_walk_zdog_carpet
soundalias,#vox_bop2_exert_sniper_exhale
soundalias,#vox_bop2_exert_sniper_gasp
soundalias,#hash_62153eee25f7aeda
soundalias,#hash_621b2e6170b08109
soundalias,#fly_step_crouch_run_zdog_rubber
soundalias,#p_dest_paper_stack02
soundalias,#p_dest_paper_stack01
soundalias,#vox_demp_kill_streak_plr_5_1
soundalias,#vox_demp_kill_streak_plr_5_0
soundalias,#vox_demp_kill_streak_plr_5_3
soundalias,#vox_demp_kill_streak_plr_5_2
soundalias,#vox_demp_kill_streak_plr_5_4
soundalias,#vox_plr_5_exert_explo_dead
soundalias,#vox_generic_wall_buy_plr_5_4
soundalias,#vox_generic_wall_buy_plr_5_5
soundalias,#vox_generic_wall_buy_plr_5_6
soundalias,#vox_generic_wall_buy_plr_5_7
soundalias,#vox_generic_wall_buy_plr_5_0
soundalias,#vox_generic_wall_buy_plr_5_1
soundalias,#vox_generic_wall_buy_plr_5_2
soundalias,#vox_generic_wall_buy_plr_5_3
soundalias,#vox_generic_wall_buy_plr_5_8
soundalias,#vox_generic_wall_buy_plr_5_9
soundalias,#vox_bop2_exert_death
soundalias,#hash_62527c2c941c5f22
soundalias,#vox_revive_support_niko_plr_5_4
soundalias,#vox_revive_support_niko_plr_5_2
soundalias,#vox_revive_support_niko_plr_5_3
soundalias,#vox_revive_support_niko_plr_5_0
soundalias,#vox_revive_support_niko_plr_5_1
soundalias,#hash_6273dc2379b0d1a9
soundalias,#hash_627b8c3b335712e3
soundalias,#vox_blac_exert_sniper_exhale
soundalias,#hash_62840ebed9c7874f
soundalias,#vox_powerup_firesale_plr_8_0
soundalias,#vox_powerup_firesale_plr_8_1
soundalias,#vox_powerup_firesale_plr_8_2
soundalias,#vox_powerup_firesale_plr_8_3
soundalias,#vox_powerup_firesale_plr_8_4
soundalias,#wpn_katana_melee_single_npc
soundalias,#hash_62c26d0f2eb9a6ca
soundalias,#fly_melee_imp_katana_npc_riot
soundalias,#zmb_fish_pickup
soundalias,#fly_dog_melee_victim
soundalias,#vox_box_raygun_plr_8_4
soundalias,#vox_box_raygun_plr_8_2
soundalias,#vox_box_raygun_plr_8_3
soundalias,#vox_box_raygun_plr_8_0
soundalias,#vox_box_raygun_plr_8_1
soundalias,#fly_step_run_zdog_brick
soundalias,#vox_plr_8_exert_gas_gasp
soundalias,#vox_bop1_exert_punch_take
soundalias,#fly_melee_imp_galva_npc_cloth
soundalias,#wpn_generic_dryfire_npc
soundalias,#fly_step_prone_zdog_rubber
soundalias,#vox_box_sniper_plr_7_2
soundalias,#vox_box_sniper_plr_7_3
soundalias,#vox_box_sniper_plr_7_0
soundalias,#vox_box_sniper_plr_7_1
soundalias,#vox_box_sniper_plr_7_4
soundalias,#vox_kill_wonder_plr_7_4
soundalias,#vox_kill_wonder_plr_7_1
soundalias,#vox_kill_wonder_plr_7_0
soundalias,#vox_kill_wonder_plr_7_3
soundalias,#vox_kill_wonder_plr_7_2
soundalias,#wpn_revolver_dryfire_npc
soundalias,#vox_tedd_exert_gas_gag
soundalias,#hash_632ef10ed2354e49
soundalias,#evt_teleporter_out
soundalias,#vox_surrounded_oh_shit_plr_8_0
soundalias,#vox_surrounded_oh_shit_plr_8_1
soundalias,#vox_surrounded_oh_shit_plr_8_2
soundalias,#vox_surrounded_oh_shit_plr_8_3
soundalias,#vox_surrounded_oh_shit_plr_8_4
soundalias,#vox_surrounded_oh_shit_plr_8_5
soundalias,#vox_surrounded_oh_shit_plr_8_6
soundalias,#vox_surrounded_oh_shit_plr_8_7
soundalias,#vox_surrounded_oh_shit_plr_8_8
soundalias,#vox_surrounded_oh_shit_plr_8_9
soundalias,#amb_flies
soundalias,#pfx_spark_lrg
soundalias,#vox_plr_8_exert_burn_dmg
soundalias,#fly_step_crouch_walk_zdog_glassbulletproof
soundalias,#zmb_monkeybomb_cym
soundalias,#vox_plr_5_exert_mant_light
soundalias,#wpn_flame_thrower_start_npc
soundalias,#vox_plr_7_exert_death_veh_hit
soundalias,#hash_63ad15fe85235a2d
soundalias,#vox_kill_streak_plr_7_8
soundalias,#vox_kill_streak_plr_7_9
soundalias,#vox_kill_streak_plr_7_6
soundalias,#vox_kill_streak_plr_7_7
soundalias,#vox_kill_streak_plr_7_4
soundalias,#vox_kill_streak_plr_7_5
soundalias,#vox_kill_streak_plr_7_2
soundalias,#vox_kill_streak_plr_7_3
soundalias,#vox_kill_streak_plr_7_0
soundalias,#vox_kill_streak_plr_7_1
soundalias,#vox_gib_zombie_plr_8_1
soundalias,#vox_gib_zombie_plr_8_0
soundalias,#vox_gib_zombie_plr_8_3
soundalias,#vox_gib_zombie_plr_8_2
soundalias,#vox_gib_zombie_plr_8_4
soundalias,#wpn_rgun_fire_lfe_plr
soundalias,#hash_63eaabff22eb9bab
soundalias,#hash_6427ad4c71007e15
soundalias,#vox_plr_6_exert_underwater_air_low
soundalias,#vox_bop5_exert_breath_hurt
soundalias,#hash_644459a3666f9274
soundalias,#fly_step_sprint_zdog_grass
soundalias,#vox_plr_5_exert_self_heal
soundalias,#hash_646ede7a45b7ca66
soundalias,#fly_step_crouch_walk_zdog_metalthin
soundalias,#wpn_dg4_melee_impact_victim
soundalias,#vox_box_move_plr_8_3
soundalias,#vox_box_move_plr_8_2
soundalias,#vox_box_move_plr_8_1
soundalias,#vox_box_move_plr_8_0
soundalias,#vox_box_move_plr_8_4
soundalias,#wpn_rgun_mk2y_charge
soundalias,#zmb_blocker_powerdoor_lp
soundalias,#prj_winters_howl_impact
soundalias,#hash_64c7768a2f711d3f
soundalias,#vox_plr_8_exert_pain
soundalias,#zmb_monkey_throw_npc
soundalias,#vox_plr_6_exert_punch_take
soundalias,#hash_64dc8c3287b2f5f1
soundalias,#hash_64e47ed675709294
soundalias,#hash_64f4710fde506b2b
soundalias,#hash_652df2f0c0166153
soundalias,#vox_bop5_exert_blind
soundalias,#vox_overkill_level_3_plr_5_0
soundalias,#vox_overkill_level_3_plr_5_1
soundalias,#vox_overkill_level_3_plr_5_2
soundalias,#vox_rich_kill_headshot_plr_8_0
soundalias,#vox_rich_kill_headshot_plr_8_1
soundalias,#vox_rich_kill_headshot_plr_8_2
soundalias,#vox_rich_kill_headshot_plr_8_3
soundalias,#vox_rich_kill_headshot_plr_8_4
soundalias,#zmb_phone_ring
soundalias,#vox_hellfire_ready_plr_6_1
soundalias,#vox_hellfire_ready_plr_6_0
soundalias,#vox_hellfire_ready_plr_6_2
soundalias,#vox_bop2_exert_pain
soundalias,#fly_step_prone_zdog_rock
soundalias,#fly_melee_imp_katana_riot
soundalias,#hash_659b263cd0dd4df5
soundalias,#vox_tedd_exert_sniper_hold
soundalias,#vox_tedd_exert_death_fall
soundalias,#hash_65f12f8aa912b730
soundalias,#vox_path_sorrow_ready_plr_5_1
soundalias,#vox_path_sorrow_ready_plr_5_0
soundalias,#vox_path_sorrow_ready_plr_5_2
soundalias,#vox_plr_5_exert_death_veh_fly
soundalias,#hash_660cbfb70ca315ab
soundalias,#wpn_rgun_mk2_1straise_npc
soundalias,#fly_sniper_shell_out_plr
soundalias,#hash_662ba0c16b482cec
soundalias,#fly_step_sprint_zdog_asphalt
soundalias,#zmb_quad_explo_lfe
soundalias,#vox_bop2_exert_mant_heavy
soundalias,#vox_rich_kill_streak_plr_6_4
soundalias,#vox_rich_kill_streak_plr_6_2
soundalias,#vox_rich_kill_streak_plr_6_3
soundalias,#vox_rich_kill_streak_plr_6_0
soundalias,#vox_rich_kill_streak_plr_6_1
soundalias,#hash_66ac1a59a45915b8
soundalias,#vox_bop3_exert_sniper_exhale
soundalias,#vox_powerup_double_plr_7_4
soundalias,#vox_powerup_double_plr_7_1
soundalias,#vox_powerup_double_plr_7_0
soundalias,#vox_powerup_double_plr_7_3
soundalias,#vox_powerup_double_plr_7_2
soundalias,#fly_step_walk_zdog_wood
soundalias,#hash_66eb97e2bce2a423
soundalias,#hash_66edd342df7791fd
soundalias,#amb_comp_sonar
soundalias,#vox_kill_revenge_plr_7_2
soundalias,#vox_kill_revenge_plr_7_3
soundalias,#vox_kill_revenge_plr_7_0
soundalias,#vox_kill_revenge_plr_7_1
soundalias,#vox_kill_revenge_plr_7_6
soundalias,#vox_kill_revenge_plr_7_7
soundalias,#vox_kill_revenge_plr_7_4
soundalias,#vox_kill_revenge_plr_7_5
soundalias,#vox_kill_revenge_plr_7_8
soundalias,#vox_kill_revenge_plr_7_9
soundalias,#amb_chaos_ball
soundalias,#fly_step_walk_zdog_gravel
soundalias,#vox_bop4_exert_mant_light
soundalias,#vox_overkill_kill_mult_plr_8_4
soundalias,#vox_overkill_kill_mult_plr_8_0
soundalias,#vox_overkill_kill_mult_plr_8_1
soundalias,#vox_overkill_kill_mult_plr_8_2
soundalias,#vox_overkill_kill_mult_plr_8_3
soundalias,#fly_bowie_impact_victim
soundalias,#vox_kill_explo_plr_7_4
soundalias,#vox_kill_explo_plr_7_2
soundalias,#vox_kill_explo_plr_7_3
soundalias,#vox_kill_explo_plr_7_0
soundalias,#vox_kill_explo_plr_7_1
soundalias,#vox_plr_6_exert_electro
soundalias,#hash_6740d58ccd4742e5
soundalias,#hash_6742a63120f41d3b
soundalias,#wpn_winters_howl_flux_l_npc
soundalias,#hash_6762a182523f5b14
soundalias,#vox_teleport_mod_3_pickup_plr_6_0
soundalias,#fly_freezegun_mag_in
soundalias,#fly_step_walk_zdog_glass
soundalias,#vox_bof3_exert_rad_end
soundalias,#fly_step_walk_zdog_bodyarmor
soundalias,#fly_step_run_zdog_rock
soundalias,#wpn_rgun_fire_lfe_npc
soundalias,#fly_step_sprint_zdog_paintedmetal
soundalias,#vox_bop2_exert_suppressed
soundalias,#vox_tedd_exert_underwater_pain
soundalias,#hash_67f1fcdfe32ea3f7
soundalias,#hash_67fe68eec41d210f
soundalias,#vox_box_ar_plr_7_4
soundalias,#vox_box_ar_plr_7_2
soundalias,#vox_box_ar_plr_7_3
soundalias,#vox_box_ar_plr_7_0
soundalias,#vox_box_ar_plr_7_1
soundalias,#vox_teleport_mod_1_pickup_plr_8_0
soundalias,#zmb_vox_monkey_throw
soundalias,#wpn_dg4_electrocution_loop
soundalias,#zmb_vocals_zombie_crawler
soundalias,#wpn_rgun_flux_l_npc
soundalias,#fly_spoon_first_raise
soundalias,#hash_6876bb867172ff71
soundalias,#vox_plr_5_exert_underwater_emerge_breath
soundalias,#hash_688ab65ff6c98303
soundalias,#vox_bop3_exert_suppressed
soundalias,#fly_generic_first_raise_npc
soundalias,#vox_tedd_exert_sniper_exhale
soundalias,#hash_68bbb4ef1a9d22af
soundalias,#vox_bop2_exert_concuss
soundalias,#vox_bop1_exert_breath_hurt
soundalias,#hash_68c2d528b1a6db9b
soundalias,#vox_powerup_double_plr_8_4
soundalias,#vox_powerup_double_plr_8_2
soundalias,#vox_powerup_double_plr_8_3
soundalias,#vox_powerup_double_plr_8_0
soundalias,#vox_powerup_double_plr_8_1
soundalias,#fly_freezegun_mag_out_npc
soundalias,#fly_melee_imp_katana_flesh_npc
soundalias,#vox_box_tactical_plr_5_4
soundalias,#vox_box_tactical_plr_5_2
soundalias,#vox_box_tactical_plr_5_3
soundalias,#vox_box_tactical_plr_5_0
soundalias,#vox_box_tactical_plr_5_1
soundalias,#hash_68ffd38a5e862cbe
soundalias,#vox_blac_exert_death_fall
soundalias,#zmb_blocker_debris_escape_purchase
soundalias,#wpn_vulcan_fire_loop_npc
soundalias,#wpn_pineapple_explode_dist
soundalias,#zmb_fasttravel_teleport_start_plr
soundalias,#vox_dg5_level_3_plr_8_1
soundalias,#vox_dg5_level_3_plr_8_0
soundalias,#vox_dg5_level_3_plr_8_2
soundalias,#fly_dog_melee_npc
soundalias,#fly_step_crouch_walk_zdog_paper
soundalias,#vox_hellfire_level_2_plr_7_0
soundalias,#vox_hellfire_level_2_plr_7_1
soundalias,#vox_hellfire_level_2_plr_7_2
soundalias,#hash_6986c1ef63a8c733
soundalias,#hash_6994ad38bce10d14
soundalias,#wpn_dg4_melee_impact_plr
soundalias,#vox_dg5_active_plr_7_4
soundalias,#vox_dg5_active_plr_7_0
soundalias,#vox_dg5_active_plr_7_1
soundalias,#vox_dg5_active_plr_7_2
soundalias,#vox_dg5_active_plr_7_3
soundalias,#vox_bop5_exert_underwater_emerge_breath
soundalias,#vox_plr_5_exert_sniper_hold
soundalias,#hash_69c6cacdd6f7e9fd
soundalias,#hash_69da22c03d3d1a61
soundalias,#fly_step_run_zdog_rubber
soundalias,#wpn_vulcan_start_plr
soundalias,#vox_path_sorrow_level_3_plr_8_1
soundalias,#vox_path_sorrow_level_3_plr_8_0
soundalias,#hash_69f48fd3ebcfccea
soundalias,#vox_tedd_exert_bludgeoned
soundalias,#hash_6a21b655a9690f06
soundalias,#hash_6a3a7714a2c454fb
soundalias,#vox_hellfire_level_3_plr_8_2
soundalias,#vox_hellfire_level_3_plr_8_0
soundalias,#vox_hellfire_level_3_plr_8_1
soundalias,#fly_gl_raise_rotate
soundalias,#hash_6a48fa9d116b7376
soundalias,#hash_6a4c0b5fff2011e3
soundalias,#hash_6a6ff80e6b1370bd
soundalias,#fly_melee_imp_galva_wood
soundalias,#dst_luggage
soundalias,#wpn_minigun_projectile_ignition_lp
soundalias,#hash_6aa35ab86c22666e
soundalias,#fly_step_crouch_walk_zdog_rubber
soundalias,#dst_generic_glass_crack
soundalias,#vox_hellfire_level_3_plr_7_1
soundalias,#vox_hellfire_level_3_plr_7_0
soundalias,#vox_hellfire_level_3_plr_7_2
soundalias,#hash_6acf06126000b3a0
soundalias,#hash_6acf07126000b553
soundalias,#vox_plr_8_exert_death
soundalias,#vox_pap_pickup_plr_6_2
soundalias,#vox_pap_pickup_plr_6_3
soundalias,#vox_pap_pickup_plr_6_0
soundalias,#vox_pap_pickup_plr_6_1
soundalias,#vox_pap_pickup_plr_6_4
soundalias,#hash_6af8d2df8b6b202a
soundalias,#hash_6afe331afabbae9d
soundalias,#hash_6b19f020c02c2bbc
soundalias,#vox_blac_exert_burn_dmg
soundalias,#hash_6b45ce1c6599b410
soundalias,#hash_6b48b1697c8053c4
soundalias,#hash_6b56372df0bdb444
soundalias,#hash_6b5b10deb16896d3
soundalias,#wpn_electric_trap_sparks
soundalias,#vox_path_sorrow_kill_mult_plr_5_4
soundalias,#vox_path_sorrow_kill_mult_plr_5_1
soundalias,#vox_path_sorrow_kill_mult_plr_5_0
soundalias,#vox_path_sorrow_kill_mult_plr_5_3
soundalias,#vox_path_sorrow_kill_mult_plr_5_2
soundalias,#wpn_pineapple_raise_plr
soundalias,#vox_box_raygun_plr_6_4
soundalias,#vox_box_raygun_plr_6_0
soundalias,#vox_box_raygun_plr_6_1
soundalias,#vox_box_raygun_plr_6_2
soundalias,#vox_box_raygun_plr_6_3
soundalias,#hash_6ba76f0dae639fda
soundalias,#fly_reload_cloth_med
soundalias,#fly_melee_imp_katana_glass
soundalias,#fly_step_crouch_run_zdog_foliage
soundalias,#fly_wpn_gear_rattle_low
soundalias,#vox_generic_wall_buy_plr_6_9
soundalias,#vox_generic_wall_buy_plr_6_8
soundalias,#vox_generic_wall_buy_plr_6_3
soundalias,#vox_generic_wall_buy_plr_6_2
soundalias,#vox_generic_wall_buy_plr_6_1
soundalias,#vox_generic_wall_buy_plr_6_0
soundalias,#vox_generic_wall_buy_plr_6_7
soundalias,#vox_generic_wall_buy_plr_6_6
soundalias,#vox_generic_wall_buy_plr_6_5
soundalias,#vox_generic_wall_buy_plr_6_4
soundalias,#hash_6c226df4d604ed59
soundalias,#vox_tedd_exert_self_heal
soundalias,#zmb_switch_flip_trap
soundalias,#zmb_switch_flip_trap_alarm
soundalias,#dst_generic_glass_med
soundalias,#wpn_melee_foley_swt
soundalias,#wpn_pineapple_grenade_explode_flesh_2d
soundalias,#amb_roach_skitter
soundalias,#fly_step_crouch_walk_zdog_paintedmetal
soundalias,#vox_bop5_exert_concuss
soundalias,#vox_demp_surrounded_oh_shit_plr_5_2
soundalias,#vox_demp_surrounded_oh_shit_plr_5_3
soundalias,#vox_demp_surrounded_oh_shit_plr_5_0
soundalias,#vox_demp_surrounded_oh_shit_plr_5_1
soundalias,#vox_demp_surrounded_oh_shit_plr_5_4
soundalias,#hash_6c84c6f8f66cf73a
soundalias,#wpn_pineapple_act_npc
soundalias,#vox_overkill_level_3_plr_6_2
soundalias,#vox_overkill_level_3_plr_6_1
soundalias,#vox_overkill_level_3_plr_6_0
soundalias,#hash_6ca16c0ef0c1e133
soundalias,#vox_bop5_exert_electro
soundalias,#vox_teleport_mod_3_pickup_plr_8_0
soundalias,#zmb_step_quad_default
soundalias,#hash_6cbde1866d58f8a3
soundalias,#hash_6ccfc362521493f1
soundalias,#hash_6ce29c2310f16929
soundalias,#hash_6cebe438b178d14f
soundalias,#vox_code_sequence_complete_plr_5_0
soundalias,#zmb_vocals_hellhound_ambient
soundalias,#amb_lab
soundalias,#mus_round_start_special_intro
soundalias,#hash_6d0bcd77a8ec36fe
soundalias,#hash_6d4822783d228e01
soundalias,#vox_bop1_exert_rad_end
soundalias,#hash_6d6731a1c9da7371
soundalias,#fly_step_prone_zdog_dirt
soundalias,#vox_bop3_exert_death_fall
soundalias,#fly_bowie_impact_player
soundalias,#vox_bop2_exert_bludgeoned
soundalias,#fly_step_crouch_run_zdog_plastic
soundalias,#fly_generic_raise_med_plr
soundalias,#fly_step_crouch_run_zdog_plaster
soundalias,#hash_6dc5b145a42639b7
soundalias,#hash_6dc5fea475ce342a
soundalias,#fly_generic_pickup_npc
soundalias,#vox_bop4_exert_punch_take
soundalias,#vox_kill_wonder_plr_6_4
soundalias,#vox_kill_wonder_plr_6_0
soundalias,#vox_kill_wonder_plr_6_1
soundalias,#vox_kill_wonder_plr_6_2
soundalias,#vox_kill_wonder_plr_6_3
soundalias,#zmb_vocals_quad_spawn
soundalias,#hash_6dfa4854873e2e9e
soundalias,#hash_6e0e9a31af815a44
soundalias,#hash_6e0e9b31af815bf7
soundalias,#fly_step_crouch_walk_zdog_glass
soundalias,#vox_teleport_mod_comp_place_plr_8_0
soundalias,#hash_6e180e7b642c5e4d
soundalias,#vox_powerup_double_plr_6_4
soundalias,#vox_powerup_double_plr_6_0
soundalias,#vox_powerup_double_plr_6_1
soundalias,#vox_powerup_double_plr_6_2
soundalias,#vox_powerup_double_plr_6_3
soundalias,#hash_6e2be27b643cbc93
soundalias,#wpn_pineapple_grenade_explode_flesh
soundalias,#fly_step_crouch_run_zdog_metalthin
soundalias,#hash_6e645a454ec49519
soundalias,#vox_powerup_ammo_plr_8_4
soundalias,#vox_powerup_ammo_plr_8_3
soundalias,#vox_powerup_ammo_plr_8_2
soundalias,#vox_powerup_ammo_plr_8_1
soundalias,#vox_powerup_ammo_plr_8_0
soundalias,#hash_6e6f0998af127ebe
soundalias,#hash_6e6f34dac427c4ee
soundalias,#vox_revive_support_rich_plr_7_4
soundalias,#vox_revive_support_rich_plr_7_3
soundalias,#vox_revive_support_rich_plr_7_2
soundalias,#vox_revive_support_rich_plr_7_1
soundalias,#vox_revive_support_rich_plr_7_0
soundalias,#vox_kill_streak_plr_8_5
soundalias,#vox_kill_streak_plr_8_4
soundalias,#vox_kill_streak_plr_8_7
soundalias,#vox_kill_streak_plr_8_6
soundalias,#vox_kill_streak_plr_8_1
soundalias,#vox_kill_streak_plr_8_0
soundalias,#vox_kill_streak_plr_8_3
soundalias,#vox_kill_streak_plr_8_2
soundalias,#vox_kill_streak_plr_8_9
soundalias,#vox_kill_streak_plr_8_8
soundalias,#vox_plr_7_exert_rad_start
soundalias,#hash_6e95e04ed0cb68b0
soundalias,#vox_blac_exert_burn_dead
soundalias,#hash_6ea460b6c9885c86
soundalias,#vox_plr_6_exert_breath_hurt
soundalias,#vox_teleport_mod_3_pickup_plr_7_0
soundalias,#hash_6ec5c44ed0f45cde
soundalias,#fly_golden_knife_first_raise_npc
soundalias,#hash_6ecc12171d70a788
soundalias,#hash_6f02282233234d2f
soundalias,#vox_bop1_exert_pain
soundalias,#vox_solo_end_round2_plr_8_0
soundalias,#wpn_flame_thrower_loop_npc
soundalias,#vox_bop1_exert_mant_heavy
soundalias,#hash_6f4aafb91ebfc7b1
soundalias,#vox_bof3_exert_rad_dmg
soundalias,#wpn_katana_dash_lfe_npc
soundalias,#vox_kill_explo_plr_8_4
soundalias,#vox_kill_explo_plr_8_1
soundalias,#vox_kill_explo_plr_8_0
soundalias,#vox_kill_explo_plr_8_3
soundalias,#vox_kill_explo_plr_8_2
soundalias,#vox_bop5_exert_underwater_air_low
soundalias,#wpn_vulcan_loop_plr
soundalias,#zmb_monkey_anim_key
soundalias,#wpn_bowie_whoosh_npc
soundalias,#vox_bop1_exert_sniper_exhale
soundalias,#hash_6fd7be04a416c8ad
soundalias,#hash_6fdb1c84726adddc
soundalias,#fly_step_crouch_walk_zdog_glasscar
soundalias,#vox_bop3_exert_gas_gag
soundalias,#fly_melee_swipealt_knife
soundalias,#hash_7026c261624e7880
soundalias,#vox_hellfire_ready_plr_7_0
soundalias,#vox_hellfire_ready_plr_7_1
soundalias,#vox_hellfire_ready_plr_7_2
soundalias,#vox_box_ar_plr_8_4
soundalias,#vox_box_ar_plr_8_1
soundalias,#vox_box_ar_plr_8_0
soundalias,#vox_box_ar_plr_8_3
soundalias,#vox_box_ar_plr_8_2
soundalias,#hash_702b3fdee0a4dcfa
soundalias,#vox_bop1_exert_explo_dead
soundalias,#fly_step_sprint_zdog_dirt
soundalias,#evt_elevator_freight_call
soundalias,#hash_704a6e82a159cc1e
soundalias,#wpn_vulcan_raise_npc
soundalias,#zmb_vocals_quad_death
soundalias,#hash_707a0e2ff93b63e5
soundalias,#vox_blac_exert_bludgeoned
soundalias,#vox_solo_end_round1_plr_8_0
soundalias,#wpn_pineapple_pickup_npc
soundalias,#hash_70badcef86b372ab
soundalias,#hash_70cbedeca3e90f7f
soundalias,#fly_mag_pouch_pat
soundalias,#hash_70d7722a1c750245
soundalias,#hash_70debef2ec3977e9
soundalias,#hash_70eb0b28b620ea1d
soundalias,#fly_combat_knife_taunt_npc
soundalias,#vox_take_kill_streak_plr_5_4
soundalias,#vox_take_kill_streak_plr_5_2
soundalias,#vox_take_kill_streak_plr_5_3
soundalias,#vox_take_kill_streak_plr_5_0
soundalias,#vox_take_kill_streak_plr_5_1
soundalias,#vox_overkill_ready_plr_5_1
soundalias,#vox_overkill_ready_plr_5_0
soundalias,#vox_overkill_ready_plr_5_2
soundalias,#hash_7107f284f1253b19
soundalias,#hash_710c40d733a0efdf
soundalias,#vox_bop2_exert_death_veh_hit
soundalias,#pfx_spark_pop
soundalias,#vox_elixir_drink_plr_8_0
soundalias,#vox_elixir_drink_plr_8_1
soundalias,#vox_elixir_drink_plr_8_2
soundalias,#vox_elixir_drink_plr_8_3
soundalias,#vox_elixir_drink_plr_8_4
soundalias,#vox_elixir_drink_plr_8_5
soundalias,#vox_elixir_drink_plr_8_6
soundalias,#vox_elixir_drink_plr_8_7
soundalias,#vox_elixir_drink_plr_8_8
soundalias,#vox_elixir_drink_plr_8_9
soundalias,#vox_plr_6_exert_suppressed
soundalias,#vox_bop4_exert_death_veh_fly
soundalias,#hash_713c76249f9c3c8d
soundalias,#fly_step_run_zdog_foliage
soundalias,#vox_plr_7_exert_underwater_air_low
soundalias,#fly_melee_imp_katana_npc_rock
soundalias,#vox_blac_exert_electro
soundalias,#exp_rocket_bow_flux_l
soundalias,#exp_rocket_bow_flux_r
soundalias,#fly_step_walk_zdog_bark
soundalias,#hash_719775c44cc7a0b2
soundalias,#hash_71b4f4a4b5319f41
soundalias,#hash_71b6579783254a73
soundalias,#fly_step_sprint_zdog_rubber
soundalias,#vox_plr_5_exert_burn_dmg
soundalias,#hash_71fa2657f5fd0bfd
soundalias,#vox_plr_7_exert_underwater_emerge_gasp
soundalias,#hash_7204b092c976136b
soundalias,#hash_720c89fe1512c6ed
soundalias,#vox_bop3_exert_mant_heavy
soundalias,#fly_generic_pickup_plr
soundalias,#fly_step_wreckage_plr
soundalias,#dst_trash_bag
soundalias,#vox_solo_game_start_plr_6_0
soundalias,#hash_729ae56623f13415
soundalias,#vox_plr_8_outro_igc_1
soundalias,#hash_72d55f9efed16b54
soundalias,#hash_72d5609efed16d07
soundalias,#vox_hellfire_level_3_plr_6_0
soundalias,#vox_hellfire_level_3_plr_6_1
soundalias,#vox_hellfire_level_3_plr_6_2
soundalias,#hash_72f504f9cdb0f0a5
soundalias,#fly_generic_raise_shrt_plr
soundalias,#evt_teleporter_loop_close
soundalias,#hash_731d952aa8afbc13
soundalias,#vox_bop2_exert_burn_dmg
soundalias,#vox_bop2_exert_breath_hurt
soundalias,#fly_melee_swipe_knife
soundalias,#vox_demp_kill_streak_plr_7_4
soundalias,#vox_demp_kill_streak_plr_7_3
soundalias,#vox_demp_kill_streak_plr_7_2
soundalias,#vox_demp_kill_streak_plr_7_1
soundalias,#vox_demp_kill_streak_plr_7_0
soundalias,#vox_bop4_exert_mant_heavy
soundalias,#vox_generic_wall_buy_plr_7_2
soundalias,#vox_generic_wall_buy_plr_7_3
soundalias,#vox_generic_wall_buy_plr_7_0
soundalias,#vox_generic_wall_buy_plr_7_1
soundalias,#vox_generic_wall_buy_plr_7_6
soundalias,#vox_generic_wall_buy_plr_7_7
soundalias,#vox_generic_wall_buy_plr_7_4
soundalias,#vox_generic_wall_buy_plr_7_5
soundalias,#vox_generic_wall_buy_plr_7_8
soundalias,#vox_bop2_exert_stabbed
soundalias,#vox_perk_generic_plr_5_1
soundalias,#vox_perk_generic_plr_5_0
soundalias,#vox_perk_generic_plr_5_3
soundalias,#vox_perk_generic_plr_5_2
soundalias,#vox_perk_generic_plr_5_5
soundalias,#vox_perk_generic_plr_5_4
soundalias,#vox_perk_generic_plr_5_7
soundalias,#vox_perk_generic_plr_5_6
soundalias,#vox_perk_generic_plr_5_9
soundalias,#vox_perk_generic_plr_5_8
soundalias,#vox_powerup_ammo_plr_6_4
soundalias,#vox_powerup_ammo_plr_6_1
soundalias,#vox_powerup_ammo_plr_6_0
soundalias,#vox_powerup_ammo_plr_6_3
soundalias,#vox_powerup_ammo_plr_6_2
soundalias,#vox_special_round_kill_plr_5_4
soundalias,#vox_special_round_kill_plr_5_0
soundalias,#vox_special_round_kill_plr_5_1
soundalias,#vox_special_round_kill_plr_5_2
soundalias,#vox_special_round_kill_plr_5_3
soundalias,#fly_step_run_zdog_mud
soundalias,#vox_box_raygun_plr_5_3
soundalias,#vox_box_raygun_plr_5_2
soundalias,#vox_box_raygun_plr_5_1
soundalias,#vox_box_raygun_plr_5_0
soundalias,#vox_box_raygun_plr_5_4
soundalias,#hash_73dae3c5e1e26cb1
soundalias,#zmb_hellhound_bolt_lfe
soundalias,#hash_7402a533a73978ee
soundalias,#wpn_minigun_projectile_alarm_lp
soundalias,#hash_7409dcc0b01a2542
soundalias,#hash_743361ea0e37c80d
soundalias,#vox_bop4_exert_rad_dmg
soundalias,#fly_step_crouch_run_zdog_water
soundalias,#hash_74429c6a98d817f1
soundalias,#hash_744a0174f2cdc054
soundalias,#hash_744a0ba03e9e8e40
soundalias,#zmb_office_wood_door
soundalias,#vox_plr_7_exert_burn_dead
soundalias,#fly_melee_imp_katana_rock
soundalias,#zmb_vocals_zombie_pain
soundalias,#vox_bof4_exert_rad_dmg
soundalias,#fly_step_sprint_zdog_metalhollow
soundalias,#wpn_pineapple_pickup_plr
soundalias,#vox_bop5_exert_gas_cough
soundalias,#wpn_rgun_mk2_1straise_rh
soundalias,#wpn_vulcan_raise_plr
soundalias,#vox_overkill_level_3_plr_7_2
soundalias,#vox_overkill_level_3_plr_7_0
soundalias,#vox_overkill_level_3_plr_7_1
soundalias,#vox_bop1_exert_punch_give
soundalias,#hash_74dd0f2a6271bb32
soundalias,#hash_74dd102a6271bce5
soundalias,#wpn_rgun_mk2_1straise_lh
soundalias,#hash_74f5fc759e9f23d5
soundalias,#wpn_rgun_flux_r_npc
soundalias,#hash_74fa4eb8f89d17a8
soundalias,#hash_74fa51b8f89d1cc1
soundalias,#wpn_katana_rush_activate
soundalias,#vox_path_sorrow_level_2_plr_8_0
soundalias,#vox_path_sorrow_level_2_plr_8_1
soundalias,#vox_path_sorrow_level_2_plr_8_2
soundalias,#hash_750486113c6540bc
soundalias,#hash_750487113c65426f
soundalias,#fly_step_prone_zdog_metalcar
soundalias,#vox_bop1_exert_rad_dmg
soundalias,#hash_7544aa4a3281de20
soundalias,#vox_overkill_level_3_plr_8_1
soundalias,#vox_overkill_level_3_plr_8_0
soundalias,#vox_overkill_level_3_plr_8_2
soundalias,#fly_step_crouch_run_zdog_metalcar
soundalias,#zmb_monkey_anim_raise
soundalias,#vox_path_sorrow_ready_plr_7_2
soundalias,#vox_path_sorrow_ready_plr_7_1
soundalias,#vox_path_sorrow_ready_plr_7_0
soundalias,#vox_bop3_exert_gas_gasp
soundalias,#hash_7576ea091143ce69
soundalias,#hash_75901c4c2a6309e2
soundalias,#vox_plr_6_exert_rad_dmg
soundalias,#hash_75b523ba694eea96
soundalias,#vox_blac_exert_rad_end
soundalias,#vox_bop3_exert_explo_dead
soundalias,#vox_revive_support_rich_plr_6_4
soundalias,#vox_revive_support_rich_plr_6_2
soundalias,#vox_revive_support_rich_plr_6_3
soundalias,#vox_revive_support_rich_plr_6_0
soundalias,#vox_revive_support_rich_plr_6_1
soundalias,#hash_75efa5386eb96d6a
soundalias,#vox_kill_wonder_plr_5_3
soundalias,#vox_kill_wonder_plr_5_2
soundalias,#vox_kill_wonder_plr_5_1
soundalias,#vox_kill_wonder_plr_5_0
soundalias,#vox_kill_wonder_plr_5_4
soundalias,#hash_760800881cd94dd1
soundalias,#vox_bop4_exert_underwater_air_low
soundalias,#vox_box_launcher_plr_8_0
soundalias,#vox_box_launcher_plr_8_1
soundalias,#vox_box_launcher_plr_8_2
soundalias,#vox_box_launcher_plr_8_3
soundalias,#vox_box_launcher_plr_8_4
soundalias,#wpn_katana_melee_impact
soundalias,#vox_powerup_double_plr_5_3
soundalias,#vox_powerup_double_plr_5_2
soundalias,#vox_powerup_double_plr_5_1
soundalias,#vox_powerup_double_plr_5_0
soundalias,#vox_powerup_double_plr_5_4
soundalias,#hash_7657e0f0c9c34bfd
soundalias,#zmb_quad_gas_attack
soundalias,#wpn_smg_dryfire_plr
soundalias,#hash_769f75d14373cb9c
soundalias,#vox_plr_8_exert_self_heal
soundalias,#zmb_hellhound_spawn_flux_l
soundalias,#zmb_hellhound_spawn_flux_r
soundalias,#wpn_katana_rush_deactivate
soundalias,#fly_step_crouch_walk_zdog_plaster
soundalias,#fly_melee_lungealt_player_knife
soundalias,#amb_comp_mainframe
soundalias,#fly_step_crouch_walk_zdog_plastic
soundalias,#fly_step_sprint_zdog_ceramic
soundalias,#dst_dest_reel2reel_02_dp_d0
soundalias,#wpn_rgun_fire_act_npc
soundalias,#fly_riotshield_zm_impact_zombies
soundalias,#zmb_cha_ching_loud
soundalias,#hash_77675a71f617dbd1
soundalias,#vox_blac_exert_punch_give
soundalias,#vox_plr_7_exert_concuss
soundalias,#zmb_cha_ching
soundalias,#zmb_trap_ready
soundalias,#vox_plr_6_exert_death_veh_under
soundalias,#hash_77be2df5180465a2
soundalias,#vox_rich_kill_streak_plr_8_4
soundalias,#vox_rich_kill_streak_plr_8_0
soundalias,#vox_rich_kill_streak_plr_8_1
soundalias,#vox_rich_kill_streak_plr_8_2
soundalias,#vox_rich_kill_streak_plr_8_3
soundalias,#vox_blac_exert_self_heal
soundalias,#fly_step_prone_zdog_ceramic
soundalias,#vox_plr_5_exert_death_veh_hit
soundalias,#fly_step_crouch_walk_zdog_wood
soundalias,#dst_wood_crate
soundalias,#hash_7820bb2fb62d29fb
soundalias,#hash_7824b9a933e39474
soundalias,#fly_step_walk_zdog_metalthin
soundalias,#vox_bop3_exert_concuss
soundalias,#vox_plr_8_exert_underwater_pain
soundalias,#wpn_bowie_whoosh_plr
soundalias,#fly_step_crouch_run_zdog_snow
soundalias,#fly_step_walk_zdog_cushion
soundalias,#hash_785c5e94f2e23b48
soundalias,#hash_788f7c89f5ab521f
soundalias,#vox_generic_responses_negative_plr_8_2
soundalias,#vox_generic_responses_negative_plr_8_3
soundalias,#vox_generic_responses_negative_plr_8_0
soundalias,#vox_generic_responses_negative_plr_8_1
soundalias,#vox_generic_responses_negative_plr_8_6
soundalias,#vox_generic_responses_negative_plr_8_7
soundalias,#vox_generic_responses_negative_plr_8_4
soundalias,#vox_generic_responses_negative_plr_8_5
soundalias,#vox_generic_responses_negative_plr_8_8
soundalias,#vox_generic_responses_negative_plr_8_9
soundalias,#fly_gl_rotate
soundalias,#hash_78a2cf5f2fd959c2
soundalias,#vox_plr_8_exert_gas_cough
soundalias,#vox_box_shotgun_plr_5_1
soundalias,#vox_box_shotgun_plr_5_0
soundalias,#vox_box_shotgun_plr_5_3
soundalias,#vox_box_shotgun_plr_5_2
soundalias,#vox_box_shotgun_plr_5_4
soundalias,#wpn_winters_howl_fire_lfe_npc
soundalias,#hash_78f298ca575e5801
soundalias,#hash_7912c65473d82996
soundalias,#vox_dg5_active_plr_5_2
soundalias,#vox_dg5_active_plr_5_3
soundalias,#vox_dg5_active_plr_5_0
soundalias,#vox_dg5_active_plr_5_1
soundalias,#vox_dg5_active_plr_5_4
soundalias,#hash_7926daaf052fa6b9
soundalias,#hash_792d0d49a93ca1a3
soundalias,#vox_bop1_exert_death
soundalias,#vox_plr_7_exert_pain
soundalias,#zmb_vocals_quad_gas_attack
soundalias,#fly_spoon_first_raise_npc
soundalias,#wpn_ray_reload_battery_out
soundalias,#vox_kill_melee_plr_8_3
soundalias,#vox_kill_melee_plr_8_2
soundalias,#vox_kill_melee_plr_8_1
soundalias,#vox_kill_melee_plr_8_0
soundalias,#vox_kill_melee_plr_8_7
soundalias,#vox_kill_melee_plr_8_6
soundalias,#vox_kill_melee_plr_8_5
soundalias,#vox_kill_melee_plr_8_4
soundalias,#vox_kill_melee_plr_8_9
soundalias,#vox_kill_melee_plr_8_8
soundalias,#wpn_dg4_slam_impact
soundalias,#vox_dg5_ready_plr_5_1
soundalias,#vox_dg5_ready_plr_5_0
soundalias,#vox_dg5_ready_plr_5_2
soundalias,#vox_plr_7_exert_explo_dead
soundalias,#zmb_hellhound_bolt
soundalias,#vox_box_tactical_plr_8_3
soundalias,#vox_box_tactical_plr_8_2
soundalias,#vox_box_tactical_plr_8_1
soundalias,#vox_box_tactical_plr_8_0
soundalias,#vox_box_tactical_plr_8_4
soundalias,#zmb_vocals_zombie_ambient
soundalias,#dst_generic_glass_small
soundalias,#hash_79fe2d0224018f5c
soundalias,#fly_step_prone_zdog_grass
soundalias,#hash_7a2817f94d5d24ad
soundalias,#vox_hellfire_level_3_plr_5_2
soundalias,#vox_hellfire_level_3_plr_5_1
soundalias,#vox_hellfire_level_3_plr_5_0
soundalias,#vox_box_pistol_plr_8_1
soundalias,#vox_box_pistol_plr_8_0
soundalias,#vox_box_pistol_plr_8_3
soundalias,#vox_box_pistol_plr_8_2
soundalias,#vox_box_pistol_plr_8_4
soundalias,#hash_7aa05778ada10163
soundalias,#hash_7aace930793493ef
soundalias,#hash_7ac5fa6568de2461
soundalias,#fly_mag_velcrp_rip
soundalias,#vox_bop3_exert_breath_hurt
soundalias,#hash_7ae95cf38425ba82
soundalias,#mus_office_roundend_2_intro
soundalias,#dst_glass_radar_pane_break
soundalias,#vox_path_sorrow_kill_mult_plr_7_3
soundalias,#vox_path_sorrow_kill_mult_plr_7_2
soundalias,#vox_path_sorrow_kill_mult_plr_7_1
soundalias,#vox_path_sorrow_kill_mult_plr_7_0
soundalias,#vox_path_sorrow_kill_mult_plr_7_4
soundalias,#amb_flag_flap
soundalias,#vox_plr_6_exert_underwater_emerge_gasp
soundalias,#fly_step_prone_zdog_asphalt
soundalias,#vox_nomoney_generic_plr_5_0
soundalias,#vox_nomoney_generic_plr_5_1
soundalias,#vox_nomoney_generic_plr_5_2
soundalias,#vox_nomoney_generic_plr_5_3
soundalias,#vox_nomoney_generic_plr_5_4
soundalias,#vox_powerup_firesale_plr_5_4
soundalias,#vox_powerup_firesale_plr_5_1
soundalias,#vox_powerup_firesale_plr_5_0
soundalias,#vox_powerup_firesale_plr_5_3
soundalias,#vox_powerup_firesale_plr_5_2
soundalias,#hash_7b24bb7d56520c46
soundalias,#wpn_dg4_sheathe_npc
soundalias,#fly_step_sprint_zdog_sand
soundalias,#vox_hellfire_level_2_plr_5_2
soundalias,#vox_hellfire_level_2_plr_5_0
soundalias,#vox_hellfire_level_2_plr_5_1
soundalias,#hash_7b8ddcc3ac603349
soundalias,#hash_7ba3efc9f7327ec4
soundalias,#hash_7ba6b613164a34f4
soundalias,#vox_surrounded_oh_shit_plr_5_5
soundalias,#vox_surrounded_oh_shit_plr_5_4
soundalias,#vox_surrounded_oh_shit_plr_5_7
soundalias,#vox_surrounded_oh_shit_plr_5_6
soundalias,#vox_surrounded_oh_shit_plr_5_1
soundalias,#vox_surrounded_oh_shit_plr_5_0
soundalias,#vox_surrounded_oh_shit_plr_5_3
soundalias,#vox_surrounded_oh_shit_plr_5_2
soundalias,#vox_surrounded_oh_shit_plr_5_9
soundalias,#vox_surrounded_oh_shit_plr_5_8
soundalias,#hash_7bb9f96a13de9eba
soundalias,#vox_revive_support_niko_plr_8_3
soundalias,#vox_revive_support_niko_plr_8_2
soundalias,#vox_revive_support_niko_plr_8_1
soundalias,#vox_revive_support_niko_plr_8_0
soundalias,#vox_revive_support_niko_plr_8_4
soundalias,#hash_7bc20381f7011997
soundalias,#vox_kill_raygun_plr_8_1
soundalias,#vox_kill_raygun_plr_8_0
soundalias,#vox_kill_raygun_plr_8_3
soundalias,#vox_kill_raygun_plr_8_2
soundalias,#vox_kill_raygun_plr_8_4
soundalias,#vox_teleport_mod_2_pickup_plr_8_0
soundalias,#vox_bop4_exert_rad_start
soundalias,#vox_bom4_exert_rad_start
soundalias,#hash_7bfc14f8fea8f084
soundalias,#evt_ee_drawer_open
soundalias,#vox_code_sequence_complete_plr_8_0
soundalias,#zmb_fish_fall
soundalias,#vox_nova_crawl_kill_plr_5_4
soundalias,#vox_nova_crawl_kill_plr_5_0
soundalias,#vox_nova_crawl_kill_plr_5_1
soundalias,#vox_nova_crawl_kill_plr_5_2
soundalias,#vox_nova_crawl_kill_plr_5_3
soundalias,#vox_bof4_exert_rad_end
soundalias,#wpn_optic_zoom_in
soundalias,#vox_plr_7_exert_burn_dmg
soundalias,#hash_7c7a276d99080b4a
soundalias,#wpn_dg4_shockwave_lp
soundalias,#fly_golden_spork_first_raise_npc
soundalias,#vox_blac_exert_rad_dmg
soundalias,#vox_plr_6_exert_death_fall
soundalias,#wpn_katana_dash
soundalias,#evt_elevator_freight_alarm
soundalias,#fly_melee_imp_galva_npc_plastic
soundalias,#hash_7d11219a263cf6b4
soundalias,#hash_7d19c8deff4275aa
soundalias,#zmb_vocals_hellhound_close
soundalias,#vox_solo_game_start_plr_7_0
soundalias,#hash_7d3cca6491ddb5f0
soundalias,#vox_groom_lake_arrive_plr_7_0
soundalias,#vox_plr_6_exert_rad_end
soundalias,#vox_plr_5_exert_stabbed
soundalias,#zmb_magicbox_leave_2d
soundalias,#hash_7d77026116381bc8
soundalias,#amb_office
soundalias,#hash_7da4f54a7e06208b
soundalias,#hash_7da6f7f0cd853512
soundalias,#fly_step_crouch_walk_zdog_ceramic
soundalias,#vox_photo_kino_pickup_plr_5_0
soundalias,#hash_7db8ff002aae0958
soundalias,#vox_bop2_exert_underwater_emerge_gasp
soundalias,#hash_7de87ce9c480a14c
soundalias,#hash_7dedea74983affc4
soundalias,#hash_7e10bf640927e9e8
soundalias,#hash_7e10c0640927eb9b
soundalias,#hash_7e10c3640927f0b4
soundalias,#hash_7e10c5640927f41a
soundalias,#hash_7e10c6640927f5cd
soundalias,#hash_7e123854b98405a4
soundalias,#amb_printer
soundalias,#vox_dg5_level_2_plr_8_0
soundalias,#vox_dg5_level_2_plr_8_1
soundalias,#vox_dg5_level_2_plr_8_2
soundalias,#vox_bop3_exert_sniper_hold
soundalias,#fly_step_walk_zdog_rubber
soundalias,#vox_bop2_exert_burn_dead
soundalias,#vox_powerup_ammo_plr_7_4
soundalias,#vox_powerup_ammo_plr_7_0
soundalias,#vox_powerup_ammo_plr_7_1
soundalias,#vox_powerup_ammo_plr_7_2
soundalias,#vox_powerup_ammo_plr_7_3
soundalias,#vox_special_round_kill_plr_6_3
soundalias,#vox_special_round_kill_plr_6_2
soundalias,#vox_special_round_kill_plr_6_1
soundalias,#vox_special_round_kill_plr_6_0
soundalias,#vox_special_round_kill_plr_6_4
soundalias,#zmb_hellhound_spirit
soundalias,#hash_7eab2f25cd2d5c0c
soundalias,#evt_fan_break
soundalias,#hash_7ec022aa16693c7f
soundalias,#amb_pig_death
soundalias,#wpn_pineapple_explode_flux_l
soundalias,#wpn_pineapple_explode_flux_r
soundalias,#wpn_revolver_dryfire_plr
soundalias,#hash_7ed9d6bbddcec39a
soundalias,#vox_plr_7_exert_sniper_gasp
soundalias,#vox_tedd_exert_gas_cough
soundalias,#fly_step_prone_zdog_tallgrass
soundalias,#hash_7f0a968a38269141
soundalias,#hash_7f118ea3a4874268
soundalias,#vox_ammo_low_plr_6_1
soundalias,#vox_ammo_low_plr_6_0
soundalias,#vox_ammo_low_plr_6_3
soundalias,#vox_ammo_low_plr_6_2
soundalias,#vox_ammo_low_plr_6_4
soundalias,#wpn_winters_howl_fire_plr
soundalias,#fly_step_sprint_zdog_metalcar
soundalias,#fly_combat_knife_taunt
soundalias,#vox_bop4_exert_rad_end
soundalias,#vox_blac_exert_concuss
soundalias,#vox_bop5_exert_death
soundalias,#hash_7f70f5f71963f7f2
soundalias,#vox_plr_8_exert_bludgeoned
soundalias,#vox_hellfire_ready_plr_5_2
soundalias,#vox_hellfire_ready_plr_5_0
soundalias,#vox_hellfire_ready_plr_5_1
soundalias,#vox_bof4_exert_rad_start
soundalias,#fly_step_run_zdog_watershallow
soundalias,#hash_7fd0c2d94aed7612
soundalias,#hash_7fd1c9b8c5fd4b6d
soundalias,#hash_7ff41417f780afbd
client_fx,#weapon/fx_trail_grenade
client_fx,#impacts/fx8_proj_impact_water_sm
client_fx,#hash_26b8b17de68c16b
client_fx,#hash_2b135053e0f7140
client_fx,#hash_2cafcfa899f12c0
client_fx,#explosions/fx8_exp_grenade_default
client_fx,#impacts/fx_bul_impact_heavy_head_nonfatal_exit
client_fx,#impacts/fx8_bul_impact_blood_head_nonfatal
client_fx,#impacts/fx8_bul_impact_robot_limb_nonfatal
client_fx,#hash_558beb0d06104af
client_fx,#weapon/fx_shellejects_minigun
client_fx,#hash_59b16f746392bb5
client_fx,#hash_5b4e0c241c75dae
client_fx,#hash_5e483d0e64c5d58
client_fx,#hash_62f074d527f46c0
client_fx,#impacts/fx8_bul_impact_default_lg
client_fx,#hash_74e56c28b177827
client_fx,#zm_ai/fx8_zombie_eye_glow_yellow
client_fx,#impacts/fx8_bul_impact_default_sm
client_fx,#fire/fx_fire_ai_human_torso_loop
client_fx,#hash_817de2c83583853
client_fx,#player/fx_plyr_jump_dust_dirt
client_fx,#hash_88dadfc0ec8d186
client_fx,#impacts/fx_bul_impact_pwr_armor_lg
client_fx,#hash_a4954ed961d6327
client_fx,#weapon/fx8_shellejects_pistol
client_fx,#fire/fx_fire_ai_human_leg_right_loop
client_fx,#hash_b12af50d1a26758
client_fx,#fire/fx_fire_ai_human_head_loop
client_fx,#zm_ai/fx8_cata_plasma_blast_tell_torso
client_fx,#weapon/fx8_hero_flamethrower_begin_3p_uw
client_fx,#hash_d2629ebd9cb2c7a
client_fx,#dirt/fx8_dust_fall_crumble_rattle
client_fx,#impacts/fx_bul_impact_boss_body_nonfatal_exit
client_fx,#hash_e3577c605255044
client_fx,#impacts/fx_bul_impact_boss_body_nonfatal
client_fx,#hash_ffe98ef7723c875
client_fx,#hash_1008bbbc9ba91883
client_fx,#explosions/fx8_exp_grenade_wood
client_fx,#hash_1143213424c72197
client_fx,#impacts/fx8_bul_impact_concrete_sm
client_fx,#impacts/fx8_bul_impact_concrete_lg
client_fx,#impacts/fx8_bul_impact_metal_sm
client_fx,#zm_weapons/fx8_raygun_world_ug_zmb
client_fx,#impacts/fx8_bul_impact_metal_lg
client_fx,#impacts/fx8_bul_impact_blood_head_nonfatal_exit
client_fx,#zm_ai/fx8_cata_cor_aura_locked
client_fx,#zm_ai/fx8_cata_elec_blast
client_fx,#hash_14eb4b8e52dfe0bb
client_fx,#hash_154c2663026efcbb
client_fx,#destruct/fx_dest_window_glass_edge
client_fx,#hash_178d9e4ac566deb5
client_fx,#impacts/fx8_bul_impact_gravel_lg
client_fx,#impacts/fx8_bul_impact_gravel_sm
client_fx,#impacts/fx8_bul_impact_blood_limb_zm
client_fx,#tools/fx_null
client_fx,#fire/fx_fire_ai_human_hip_right_loop
client_fx,#hash_19301646fb93e04c
client_fx,#zombie/fx_tesla_shock_zmb
client_fx,#hash_19853317668e7ce8
client_fx,#impacts/fx8_bul_impact_robot_head_fatal_exit
client_fx,#zm_weapons/fx8_raygun_impact_zmb
client_fx,#impacts/fx8_bul_impact_robot_body_fatal
client_fx,#hash_1a5b963b42501a72
client_fx,#hash_1a851c536e1fa878
client_fx,#zm_weapons/fx8_raygun2_ug_view
client_fx,#zm_ai/fx8_nova_crawler_gas_release
client_fx,#impacts/fx_bul_impact_boss_body_fatal
client_fx,#_t6/explosions/fx_vexp_cougar
client_fx,#impacts/fx_bul_impact_heavy_head_fatal
client_fx,#hash_1bfd30db8a1d22d8
client_fx,#hash_1bfd31db8a1d248b
client_fx,#hash_1bfd32db8a1d263e
client_fx,#weapon/fx8_shellejects_saw
client_fx,#zombie/fx_bul_flesh_head_nochunks_zmb
client_fx,#blood/fx8_blood_cam_gib_spray_zm
client_fx,#impacts/fx8_bul_impact_dirt_sm
client_fx,#impacts/fx_bul_impact_armor_head_nonfatal
client_fx,#impacts/fx8_bul_impact_dirt_lg
client_fx,#zm_weapons/fx8_raygun_geotrail_ug_zmb
client_fx,#impacts/fx_bul_impact_heavy_head_fatal_exit
client_fx,#hash_1e8cb303d3103833
client_fx,#impacts/fx_bul_impact_armor_head_fatal
client_fx,#hash_1f7c9b39945dce24
client_fx,#hash_1f7c9c39945dcfd7
client_fx,#player/fx_plyr_land_dust_xlg
client_fx,#hash_200de2be21c77806
client_fx,#hash_201378189651055d
client_fx,#hash_205d49f043463dd2
client_fx,#zm_weapons/fx8_raygun2_ug_impact_flesh
client_fx,#hash_212a4a61f9e7ab9e
client_fx,#weapon/fx_hero_arm_blade_death_sparks
client_fx,#zombie/fx_bul_flesh_neck_spurt_zmb
client_fx,#impacts/fx_bul_impact_blood_body_fatal
client_fx,#hash_22422ba79bd4eaaa
client_fx,#hash_22bdc8201af7b841
client_fx,#zombie/fx_tesla_shock_eyes_zmb
client_fx,#hash_247c28b43c001b30
client_fx,#impacts/fx8_bul_impact_robot_body_nonfatal_exit
client_fx,#impacts/fx8_bul_impact_blood_limb_fatal_exit
client_fx,#zm_weapons/fx8_raygun2_view
client_fx,#hash_24fb9f1cba33a365
client_fx,#fire/fx_fire_ai_human_arm_right_loop
client_fx,#impacts/fx_bul_impact_armor_body_fatal
client_fx,#impacts/fx_bul_impact_boss_head_nonfatal_exit
client_fx,#hash_2707d0694a69d6f8
client_fx,#hash_2714b949033af35d
client_fx,#impacts/fx8_bul_impact_metal_xsm
client_fx,#hash_28908b7bf0b56107
client_fx,#maps/zm_office/fx8_teleporter_ready
client_fx,#hash_28c629868adf79d6
client_fx,#hash_28fc28160d26395e
client_fx,#impacts/fx8_bul_impact_robot_body_nonfatal
client_fx,#hash_296775a6f8c86e10
client_fx,#hash_296e81a6f8cea122
client_fx,#impacts/fx_bul_impact_boss_head_nonfatal
client_fx,#explosions/fx8_exp_grenade_snow
client_fx,#hash_2b3a857498481375
client_fx,#zm_weapons/fx8_raygun2_ug_world
client_fx,#fire/fx_fire_ai_human_leg_left_loop
client_fx,#impacts/fx8_bul_impact_robot_limb_fatal_exit
client_fx,#hash_2e23845e7c53a372
client_fx,#hash_2e23855e7c53a525
client_fx,#hash_2eb3d046c9e26e47
client_fx,#hash_2ec73246ddf52378
client_fx,#zm_weapons/fx8_flamethrower_tornado
client_fx,#impacts/fx_bul_impact_heavy_body_nonfatal_exit
client_fx,#hash_2f7533f7f5b59f7c
client_fx,#hash_30e4475ecc854c5d
client_fx,#hash_311a865a91014b22
client_fx,#zm_weapons/fx8_flamethrower_wind_blast
client_fx,#hash_31d142c6e5adc4c7
client_fx,#zm_ai/fx8_cata_water_purify
client_fx,#explosions/fx8_exp_grenade_glass
client_fx,#zm_weapons/fx8_raygun_world_zmb
client_fx,#impacts/fx8_bul_impact_blood_body_fatal_exit
client_fx,#hash_34131f34b0b6ba88
client_fx,#impacts/fx_bul_impact_heavy_body_nonfatal
client_fx,#maps/zm_office/fx8_teleporter_destination
client_fx,#hash_34fb31ef6c57f845
client_fx,#hash_3535b98abef63c04
client_fx,#hash_3535ba8abef63db7
client_fx,#hash_3535bb8abef63f6a
client_fx,#impacts/fx8_bul_impact_thin_metal_sm
client_fx,#impacts/fx8_bul_impact_thin_metal_lg
client_fx,#hash_35e2193ab697e2f1
client_fx,#hash_35e8a88a4a4563b4
client_fx,#weapon/fx_shellejects_pistol
client_fx,#hash_373e83fd0e778d5d
client_fx,#impacts/fx_bul_impact_snow_sm
client_fx,#zombie/fx_bul_flesh_head_fatal_zmb
client_fx,#weapon/fx_muz_veh_gun_med_3p
client_fx,#explosions/fx8_exp_grenade_water_surface_deep
client_fx,#impacts/fx8_bul_impact_blood_head_fatal
client_fx,#hash_3c501ea0c64b9112
client_fx,#hash_3c8de4d7e67d297c
client_fx,#hash_3c9948ab313a6483
client_fx,#zombie/fx_idgun_vortex_explo_zod_zmb
client_fx,#hash_3d01df5e364105b0
client_fx,#hash_3d4d6663770c0e14
client_fx,#hash_3da4857b4b1553dc
client_fx,#hash_3de16b7e3bd7e5ce
client_fx,#impacts/fx8_bul_impact_blood_limb_nonfatal_exit
client_fx,#zm_weapons/fx8_aat_opposite_exp
client_fx,#impacts/fx_bul_impact_armor_body_fatal_exit
client_fx,#weapon/fx8_hero_flamethrower_begin_1p_uw
client_fx,#impacts/fx_bul_impact_armor_head_fatal_exit
client_fx,#hash_415b461b7420c6d2
client_fx,#hash_4235c8a93c8feae2
client_fx,#hash_43160181273732c9
client_fx,#hash_432cd0cd340f2644
client_fx,#impacts/fx8_bul_impact_blood_body_fatal
client_fx,#hash_434ed0cd342c0caa
client_fx,#hash_4419642343624864
client_fx,#hash_445f04139d92c61b
client_fx,#hash_4592dd6248ca5a34
client_fx,#impacts/fx_bul_impact_armor_body_nonfatal
client_fx,#hash_468f18455c9e9e0f
client_fx,#impacts/fx_bul_impact_heavy_body_fatal_exit
client_fx,#hash_47745f2c53be480a
client_fx,#hash_4860741425dc1daa
client_fx,#zombie/fx_idgun_vortex_ug_zod_zmb
client_fx,#vehicle/fx_treadfx_asphalt_skid_emit
client_fx,#hash_4973de04558acdb1
client_fx,#vehicle/fx_treadfx_snow_skid_emit
client_fx,#hash_4ad8388ae3a5e0f7
client_fx,#hash_4b01a67ca7670458
client_fx,#hash_4b4aee8e54600f6e
client_fx,#explosions/fx8_exp_grenade_concrete
client_fx,#hash_4bfca9124b4b177e
client_fx,#impacts/fx8_bul_impact_blood_head_fatal_exit
client_fx,#hash_4c24e997afad36e0
client_fx,#impacts/fx_bul_impact_boss_head_fatal
client_fx,#impacts/fx_bul_impact_robot_body_nonfatal
client_fx,#impacts/fx_bul_impact_heavy_head_nonfatal
client_fx,#hash_4d9c44530d151ef4
client_fx,#hash_4dfe5bc7d0d3b538
client_fx,#hash_4e34ae0504eb4cb6
client_fx,#hash_4e3dc7da8f681079
client_fx,#hash_4e40eada8f6a81c9
client_fx,#hash_4e55cdda8f7cac8c
client_fx,#hash_4e7dd6f6f41ead5f
client_fx,#impacts/fx_bul_impact_body_armor_lg
client_fx,#hash_4f1fd4a87c6562ec
client_fx,#impacts/fx_flesh_hit_knife_zmb
client_fx,#zm_weapons/fx8_raygun2_ug_bolt_emit
client_fx,#hash_50060cdb19653936
client_fx,#hash_505391476800a162
client_fx,#hash_50599e96f376b4fa
client_fx,#impacts/fx8_bul_impact_blood_limb_nonfatal
client_fx,#impacts/fx_bul_impact_armor_body_nonfatal_exit
client_fx,#hash_51cca4aa04103b43
client_fx,#hash_521b429a109daa06
client_fx,#impacts/fx8_bul_impact_blood_body_nonfatal_exit
client_fx,#hash_52c22f3d0a38c679
client_fx,#zm_weapons/fx8_flamethrower_wind_blast_3p
client_fx,#player/fx_plyr_footstep_dust_dirt
client_fx,#hash_53953c55bab35a43
client_fx,#impacts/fx8_bul_impact_robot_limb_fatal
client_fx,#hash_53e10878cd6a6eef
client_fx,#zm_weapons/fx8_raygun2_world
client_fx,#impacts/fx8_bul_impact_blood_limb_fatal
client_fx,#impacts/fx8_bul_impact_blood_body_nonfatal_zm
client_fx,#impacts/fx8_knife_impact_bone
client_fx,#hash_55efa71212ad7d38
client_fx,#explosions/fx8_exp_grenade_sand
client_fx,#hash_56bc7cb424f56060
client_fx,#weapon/fx8_hero_flamethrower_tip_3p
client_fx,#weapon/fx8_hero_flamethrower_tip_1p
client_fx,#hash_57034716c105e41e
client_fx,#vehicle/fx_treadfx_asphalt_peel
client_fx,#zm_weapons/fx8_raygun2_ug_impact
client_fx,#impacts/fx_bul_impact_heavy_body_fatal
client_fx,#weapon/fx_muz_sm_pistol_3p
client_fx,#weapon/fx_muz_sm_pistol_1p
client_fx,#hash_58c25eabf156f81c
client_fx,#hash_58c3f4e29e8a3e5f
client_fx,#hash_58c964b815e4f69e
client_fx,#hash_58c96eb815e5079c
client_fx,#hash_59422cff58693587
client_fx,#hash_5959ee9eff7b2eac
client_fx,#explosions/fx8_exp_grenade_mud
client_fx,#impacts/fx8_bul_impact_mud_lg
client_fx,#impacts/fx8_bul_impact_mud_sm
client_fx,#hash_5c34950b50177c19
client_fx,#hash_5c3f19c86e73864c
client_fx,#hash_5c4625c86e79b95e
client_fx,#zm_weapons/fx8_flamethrower_tornado_muz
client_fx,#weapon/fx8_hero_flamethrower_end_3p
client_fx,#impacts/fx8_bul_impact_water_sm
client_fx,#hash_5dc98de3d0339855
client_fx,#hash_5de4a57cb2a33be7
client_fx,#impacts/fx8_bul_impact_water_lg
client_fx,#impacts/fx_bul_impact_armor_head_nonfatal_exit
client_fx,#weapon/fx8_trail_grenade
client_fx,#hash_602f075818a2fb2e
client_fx,#impacts/fx8_bul_impact_robot_head_nonfatal_exit
client_fx,#hash_61b9b9ada5bb46b1
client_fx,#weapon/fx8_muz_sm_pistol_3p
client_fx,#weapon/fx8_muz_sm_pistol_1p
client_fx,#hash_620a92bcd2225e0f
client_fx,#player/fx_plyr_jump_dust
client_fx,#fire/fx_fire_ai_human_hip_left_loop
client_fx,#hash_62cd02e76c0d3da0
client_fx,#impacts/fx8_bul_impact_glass_sm
client_fx,#impacts/fx8_bul_impact_glass_lg
client_fx,#hash_62f9570a97e8f893
client_fx,#impacts/fx8_bul_impact_snow_lg
client_fx,#impacts/fx8_bul_impact_snow_sm
client_fx,#impacts/fx8_bul_impact_blood_body_nonfatal
client_fx,#zm_weapons/fx8_raygun_geotrail_zmb
client_fx,#impacts/fx_bul_impact_boss_body_fatal_exit
client_fx,#zm_weapons/fx8_raygun2_impact
client_fx,#impacts/fx8_bul_impact_wood_sm
client_fx,#impacts/fx8_bul_impact_wood_lg
client_fx,#hash_663ffaff4cb77cd5
client_fx,#blood/fx_blood_gib_limb_trail
client_fx,#zm_ai/fx8_cata_cor_aura
client_fx,#hash_6910f1de979f539f
client_fx,#impacts/fx8_bul_impact_blood_corpse_nonfatal
client_fx,#impacts/fx_bul_impact_blood_head_fatal
client_fx,#zm_weapons/fx8_raygun_impact_ug_zmb
client_fx,#explosions/fx8_exp_grenade_dirt
client_fx,#hash_6b459e4a646f7bae
client_fx,#hash_6b577cb8373ca5b7
client_fx,#zm_weapons/fx8_raygun_view_ug_zmb
client_fx,#weapon/fx8_hero_flamethrower_begin_3p
client_fx,#weapon/fx8_hero_flamethrower_begin_1p
client_fx,#hash_6c9cae16e1810cf2
client_fx,#hash_6d07b466bf8f6ecd
client_fx,#hash_6d51d7c934576ac8
client_fx,#hash_6e05ede771d9fb16
client_fx,#impacts/fx8_knife_impact_blood
client_fx,#hash_6e486947534fa228
client_fx,#hash_6e486a47534fa3db
client_fx,#hash_6ecef2377e01d48d
client_fx,#player/fx_plyr_land_dust_dirt_xlg
client_fx,#zm_weapons/fx8_raygun_view_zmb
client_fx,#impacts/fx8_bul_impact_robot_head_nonfatal
client_fx,#impacts/fx8_bul_impact_sand_lg
client_fx,#hash_70f0169b86a98ce1
client_fx,#impacts/fx8_bul_impact_sand_sm
client_fx,#hash_71750fc23a05acdb
client_fx,#hash_71e5e40c76a09b21
client_fx,#hash_72434c8ee049e010
client_fx,#zm_ai/fx8_cata_plasma_blast_tell_head
client_fx,#hash_7282363a66bd14e2
client_fx,#impacts/fx8_bul_impact_robot_limb_nonfatal_exit
client_fx,#impacts/fx8_bul_impact_blood_body_fatal_zm
client_fx,#fire/fx_fire_ai_human_arm_left_loop
client_fx,#impacts/fx_bul_impact_boss_head_fatal_exit
client_fx,#player/fx_plyr_footstep_dust
client_fx,#zombie/fx_idgun_vortex_zod_zmb
client_fx,#zombie/fx_idgun_vortex_explo_ug_zod_zmb
client_fx,#hash_74ea4245b0e1646d
client_fx,#hash_74f12e45b0e7611f
client_fx,#hash_751b9a4bf53bfb69
client_fx,#hash_758eeb6bda18f834
client_fx,#hash_7617d177b746e9bd
client_fx,#hash_7665ecbd288a84d7
client_fx,#maps/zm_office/fx8_teleporter_cooldown
client_fx,#hash_77964e1811bb9a67
client_fx,#hash_779eebf7aed3f4c0
client_fx,#explosions/fx8_exp_grenade_metal
client_fx,#zombie/fx_val_chest_burst
client_fx,#hash_7aa749f5bbcbbed8
client_fx,#zm_ai/fx8_cata_plasma_blast
client_fx,#hash_7af6b9564f0fbeca
client_fx,#explosions/fx8_exp_grenade_water
client_fx,#hash_7b951deec27b35c1
client_fx,#hash_7ba4c51d3e9f68e8
client_fx,#hash_7bd6bc3aea3ff42f
client_fx,#zm_weapons/fx8_raygun2_impact_flesh
client_fx,#impacts/fx8_bul_impact_robot_body_fatal_exit
client_fx,#hash_7cb4e6e4ffb7bc9c
client_fx,#weapon/fx8_hero_flamethrower_blocked
client_fx,#hash_7d69ee9822b45157
client_fx,#hash_7df2dbfda69b0792
client_fx,#hash_7e68dfc1a77f9f59
client_fx,#hash_7e81552f8ec00831
client_fx,#maps/zm_white/fx8_monkey_bomb_reveal
client_fx,#hash_7edcc6c60385d08e
client_fx,#impacts/fx_bul_impact_robot_head_nonfatal
client_fx,#impacts/fx8_bul_impact_robot_head_fatal
client_tagfxset,#weapon_katana_smoke_3p
client_tagfxset,#weapon_katana_zmb_smoke_3p