type,name
vehicle,#misc_camera
model,#p8_fxp_fluid_droplet_blood_hirez_charon
model,#p8_fxanim_zm_red_ww_shell_mound_dks_mod
model,#hash_3dc948aa9159b3
model,#p8_zm_red_tool_pegasus_anvil
model,#c_t8_zmb_dlc2_zombie_male_body1_g_rarmoff_skin2
model,#wpn_t8_zm_hand_charon_view
model,#p8_fxp_fluid_clump_blood_hirez_charon
model,#c_zom_der_zombie_body2_g_rarmoff
model,#p8_door_wood_arch_heavy_02_hinge
model,#p8_fxp_zm_red_ww_o_portal
model,#hash_1ed2ae6b011b25a
model,#c_t8_zmb_dlc2_zombie_male_body3_g_llegoff
model,#c_t8_zmb_dlc2_zombie_male_body3_g_llegoff_skin2
model,#c_t8_zmb_dlc2_zombie_male_body3_g_llegoff_skin3
model,#p7_cai_lantern_round_a_gold
model,#c_t8_zmb_dlc2_zombie_female_body1_g_rarmoff_skin1
model,#c_t8_zmb_dlc2_zombie_female_body1_g_rarmoff_skin2
model,#p8_zm_gla_egy_coin_gold_pouch_closed
model,#p8_zm_red_mechanism_treasury_01_gear_sml
model,#p8_flower_pot_01_plant
model,#p8_fxp_zm_scepter_sun_lvl2
model,#p8_fxanim_zm_red_buyable_gate_01_mod
model,#c_t8_zmb_dlc2_zombie_male_body2_g_rarmoff
model,#p8_fxanim_zm_red_bellows_mod
model,#p8_fxanim_zm_red_gear_wall_03_mod
model,#c_t8_zmb_hero_diego_head1_igc
model,#c_t8_mp_spe_ruin_viewbody1
model,#p8_zm_wall_buy_ar_stealth
model,#p8_zm_wall_buy_smg_mp9
model,#p8_zm_red_oracle_chair_lock
model,#p8_zm_red_prism_fountain_01_rod
model,#p8_fxanim_zm_red_spartoi_parts_rt_upper_leg_mod
model,#c_t8_zmb_3rdclass_male_body1_g_rlegoff
model,#wpn_t7_zmb_dlc2_shield_dmg02_world
model,#wpn_t8_sniper_power_semi_world
model,#p8_fxp_fluid_string_1_blood_charon
model,#c_t8_zmb_dlc2_zombie_male_body1_g_llegoff_skin2
model,#p8_fxanim_zm_red_spartoi_parts_torso_mod
model,#c_t8_zmb_hero_stanton_head1_igc
model,#p8_fxp_fluid_fall_2_blood_charon
model,#c_t8_zmb_dlc2_zombie_male_body3_g_lowclean_skin2
model,#c_t8_zmb_dlc2_zombie_male_body3_g_lowclean_skin3
model,#c_t8_zmb_dlc2_zombie_male_body1_g_blegsoff_skin2
model,#p8_fxp_fluid_droplet_blood_hirez_charon_em
model,#p8_fxanim_zm_red_spartoi_parts_lft_lower_arm_mod
model,#p8_flower_pot_03_piece_01
model,#p8_flower_pot_03_piece_02
model,#p8_fxp_blightfather_tongue_tendril
model,#hash_81ab2a73e332eec
model,#fx_char_gib_chunk_meat01
model,#fx_char_gib_chunk_meat03
model,#fx_char_gib_chunk_meat02
model,#p8_zm_zod_coal_cluster_single_warm
model,#p8_zm_wall_buy_smg_handling
model,#c_t8_zmb_dlc2_zombie_male_body3_split_skin3
model,#c_t8_zmb_dlc2_zombie_male_body3_split_skin2
model,#p8_zm_chaos_ball_01
model,#c_t8_zmb_dlc2_zombie_female_head1_hood
model,#c_t8_zmb_dlc2_zombie_female_head2_hood
model,#p8_fxanim_zm_red_omphalos_egg_mod
model,#hash_9af0ce07aab606c
model,#c_t8_zmb_dlc2_zombie_male_body3_fb
model,#c_t8_zmb_dlc2_zombie_male_fb1
model,#p8_fxanim_zm_red_gaia_sprout_mod
model,#hash_a4bd470a4e711d2
model,#wpn_t8_zm_hand_charon_prop_animate
model,#hash_bb42d78ae4e78fa
model,#c_t8_zmb_catalyst_fire_body
model,#c_t8_zmb_3rdclass_male_body3_s_lleg
model,#p8_debris_concrete_02_chunk_03
model,#p8_debris_concrete_02_chunk_02
model,#p8_fxp_fluid_tendril_2_water
model,#p8_zm_gla_lightning_rod_01_platform_gear_03
model,#c_t8_zmb_catalyst_water_body
model,#p7_zm_der_magic_box_fake
model,#c_t8_zmb_blightfather_head1
model,#p8_zm_red_oracle_chair
model,#c_t8_zmb_blightfather_tongue2
model,#c_t8_zmb_dlc2_zombie_female_body3_g_upclean
model,#hash_d8483cb5cc65489
model,#hash_d8eb4e9e250cdc3
model,#c_t8_zmb_dlc2_hero_bruno_head_glow_igc
model,#p8_zm_red_ballista_stand
model,#p8_fxp_fluid_splash_mud
model,#p8_zm_zod_pap_plinth_sequence_earth
model,#p8_mov_zm_red_torch_hand_01_mount
model,#p8_zm_zod_coal_cluster_single_hot
model,#p8_zm_red_tool_pegasus_tong
model,#hash_e13166c926cb67e
model,#c_t8_zmb_dlc2_zombie_male_body3_g_rarmoff
model,#p8_zm_red_ballista_arrow_whole
model,#p8_zm_zod_coal_cluster_single_cool
model,#wpn_t7_zmb_zod_rocket_shield_tank_parts
model,#c_t8_zmb_dlc2_zombie_male_body3_g_upclean_skin3
model,#c_t8_zmb_dlc2_zombie_male_body3_g_upclean_skin2
model,#c_t8_zmb_dlc2_zombie_female_body2_skin2
model,#c_t8_zmb_dlc2_zombie_female_body2_skin1
model,#p7_zm_sta_gibs_chunk_sm
model,#hash_102c6f5c451cf6fb
model,#p7_zm_teddybear
model,#p8_fxanim_zm_zod_wormhole_mod
model,#p8_zm_red_archimedes_mirror_base_full
model,#c_t8_zmb_dlc2_zombie_female_body2_g_upclean_skin2
model,#c_t8_zmb_dlc2_zombie_female_body2_g_upclean_skin1
model,#c_t8_zmb_catalyst_decay_body_noreveal
model,#p8_zm_red_ww_shell_vase_01
model,#hash_116d11ccd7fdf73f
model,#p8_fxp_fluid_string_omni_blood_hirez_charon_em
model,#p8_fxanim_zm_red_spartoi_rise_spear_mod
model,#c_t8_zmb_dlc2_pegasus_fb
model,#c_t8_zmb_3rdclass_male_body2_g_larmoff
model,#hash_128230ace76a7bce
model,#p8_zm_zod_ice_chunk_med_01
model,#p8_zm_red_shrine_charron_boat_styx_deck
model,#p8_zm_red_bathhouse_mirror_rod
model,#p8_zm_zod_toy_horse
model,#wpn_t8_zm_elixir_bottle_world
model,#p8_zm_red_ww_shell_rubble_01
model,#c_t8_zmb_catalyst_fire_lfoot_gib
model,#c_t8_zmb_dlc2_zombie_male_head1_diadem
model,#p8_zm_red_mechanism_treasury_01_gear_lrg
model,#p8_zm_red_oracle_tribute_bowl_deco
model,#c_t8_zmb_dlc2_zombie_female_body1_g_upclean_skin1
model,#c_t8_zmb_dlc2_zombie_female_body1_g_upclean_skin2
model,#hash_145c85c52d233dc4
model,#zombietron_gib_chunk_meat_01
model,#zombietron_gib_chunk_meat_02
model,#p8_zm_wall_buy_ar_fastfire
model,#c_t8_zmb_dlc2_zombie_female_body1_split_skin1
model,#c_t8_zmb_dlc2_zombie_female_body1_split_skin2
model,#hash_14d0c67939d605fb
model,#c_t8_zmb_catalyst_fire_rarm_gib
model,#c_t8_zmb_dlc2_zombie_female_head1_nophys
model,#hash_16078222639d7afd
model,#c_t8_zmb_3rdclass_male_body3_s_rleg
model,#c_t8_zmb_dlc2_zombie_male_body4_g_lowclean
model,#hash_16966da9d2b5ebb3
model,#c_t8_zmb_dlc2_zombie_female_body2_split
model,#p8_ice_foliage_shrub_01_grp
model,#p8_fxanim_zm_red_spartoi_rise_mod
model,#p8_fxp_fluid_string_omni_blood_hirez_charon
model,#p8_fxp_zm_red_omphalos
model,#hash_176284cb1b96ae76
model,#c_t8_zmb_dlc2_gegenees_fb1
model,#p8_zm_wall_buy_smg_fastfire
model,#c_t8_zmb_dlc2_zombie_male_body3_g_rlegoff_skin2
model,#c_t8_zmb_dlc2_zombie_male_body3_g_rlegoff_skin3
model,#hash_17c9f540216720af
model,#p8_zm_red_gaia_bush_01_chaos_01
model,#p8_zm_red_gaia_bush_01_chaos_03
model,#p8_zm_red_gaia_bush_01_chaos_02
model,#p8_col_rock_large_04
model,#p8_zm_red_shield_part_cover
model,#wpn_t7_zmb_dlc2_shield_dmg02_view
model,#p8_zm_vapor_altar_danu_leaf_single_01_dry
model,#p8_zm_red_coin_gold
model,#p8_fxanim_zm_red_statue_spartan_07_mod
model,#p8_fxanim_zm_red_wall_roots_01_mod
model,#viewmodel_hands_no_model
model,#p8_fxanim_zm_red_ra_wall_mod
model,#wpn_t8_zm_melee_staff_ra_lvl1_prop_animate
model,#p8_fxanim_zm_red_omphalos_crystal_right_mod
model,#c_t8_zmb_dlc2_zombie_male_body2_g_lowclean
model,#p8_fxanim_zm_red_ballista_mod
model,#c_t8_zmb_dlc2_zombie_male_body1_skin2_fb
model,#c_t8_zmb_dlc2_zombie_female_body3_g_rarmoff
model,#p8_fxp_fluid_droplet_blood_dark_half_hirez
model,#c_t8_zmb_dlc2_skeleton_shield
model,#p8_zm_red_dks_chaos_crystal_cluster_med_01
model,#c_t8_zmb_blightfather_mouth_dmg1
model,#c_t8_zmb_dlc2_zombie_male_body3_skin2
model,#c_t8_zmb_dlc2_zombie_male_body3_skin3
model,#hash_1c041d670c2923c8
model,#c_t8_zmb_dlc2_perseus_shield1
model,#p8_fxanim_zm_red_vapor_altar_ra_mod
model,#p8_fxp_fluid_tendril_2_blood
model,#wpn_t8_zm_hand_ouranos_world
model,#p8_zm_wall_buy_lmg_titan
model,#wpn_t8_zm_red_shield_view
model,#p8_fxanim_zm_red_statue_king_03_mod
model,#p8_zm_chaos_portal_01_chunk_02
model,#p8_zm_chaos_portal_01_chunk_03
model,#p8_zm_chaos_portal_01_chunk_01
model,#fx_char_gib_chunk_flesh02
model,#c_zom_der_zombie_body2_g_llegoff
model,#p8_zm_red_gaia_portal_01
model,#tag_origin_animate
model,#hash_1f515a234536363f
model,#hash_1f56ebbf05771702
model,#hash_1f58786a9eb4bae5
model,#p8_zm_red_gaia_bush_01_sprout_01
model,#p8_zm_red_coin_pile_sml
model,#hash_1f913ebf0487b081
model,#c_zom_der_zombie_helmet1
model,#p8_zm_red_dks_chaos_crystal_spire_sml_01b
model,#p8_zm_red_cave_skylight_01_disc
model,#p8_zm_red_powerup_free_shield
model,#p8_flower_pot_04_plant
model,#c_t8_zmb_dlc2_zombie_female_body2_g_larmoff_skin1
model,#c_t8_zmb_dlc2_zombie_female_body2_g_larmoff_skin2
model,#wpn_t8_zm_crossbow_view
model,#c_t8_zmb_dlc2_zombie_male_body1_g_lowclean
model,#c_t8_zmb_dlc2_zombie_male_body4_skin2_fb
model,#p8_fxp_fluid_spill_1_water_dark
model,#p8_fxanim_zm_red_ankh_chaos_mod
model,#c_t8_zmb_dlc2_skeleton_spear
model,#c_t8_zmb_dlc2_zombie_male_body4_g_llegoff
model,#p8_zm_powerup_full_power
model,#p8_fxanim_zm_vapor_altar_zeus_mod
model,#c_t8_zmb_dlc2_zombie_male_body4_g_larmoff
model,#hash_21d77c10ef3b2328
model,#p8_zm_wall_buy_symbol_01_top
model,#p8_fxp_fluid_splash_blood_hirez
model,#c_t8_zmb_catalyst_fire_head
model,#c_t8_zmb_hero_scarlett_head1_igc
model,#c_t8_zmb_3rdclass_male_body1_g_upclean
model,#p8_fxp_brutus_energy_ball_white
model,#c_t8_zmb_dlc2_zombie_male_body3_g_larmoff_skin2
model,#c_t8_zmb_dlc2_zombie_male_body3_g_larmoff_skin3
model,#hash_22cf947c122d305a
model,#p8_fxanim_zm_zod_staff_ra_mod
model,#p8_flower_pot_03
model,#c_t8_zmb_3rdclass_male_head4
model,#c_t8_zmb_3rdclass_male_head1
model,#c_t8_zmb_3rdclass_male_head2
model,#c_t8_zmb_3rdclass_male_head3
model,#wpn_t8_zm_hand_gaia_world
model,#p8_fxp_fluid_splash_blood
model,#p8_zm_wall_buy_pistol_revolver
model,#p8_zm_red_gaia_projectile_petal_01_white
model,#hash_2521179adec22c45
model,#p8_fxp_zm_scepter_beacon_sphere_blue
model,#p8_zm_red_ww_shell_mound_dirt_lts
model,#c_t8_zmb_catalyst_water_rhand_gib
model,#p7_zm_sta_gibs_chunk_intestine
model,#wpn_t8_zm_red_spear_view
model,#c_t8_zmb_dlc2_zombie_male_body1_g_rlegoff
model,#c_t8_zmb_dlc2_zombie_female_body1_g_rlegoff_skin3
model,#c_t8_zmb_dlc2_zombie_female_body1_g_rlegoff_skin2
model,#c_t8_zmb_dlc2_zombie_female_body1_g_rlegoff_skin1
model,#c_t8_zmb_dlc2_zombie_female_body1_g_rlegoff_skin6
model,#c_t8_zmb_dlc2_zombie_female_body1_g_rlegoff_skin5
model,#c_t8_zmb_dlc2_zombie_female_body1_g_rlegoff_skin4
model,#p8_fxp_fluid_string_2_blood_charon
model,#p8_zm_red_treasure_chest_metal_sml_closed
model,#p7_fxp_debris_dirt_clod_01
model,#p8_fxanim_zm_red_omphalos_crystal_left_mod
model,#p8_fxp_fluid_splash_blood_hirez_charon
model,#p8_flower_pot_03_plant
model,#c_t8_zmb_dlc2_zombie_female_body1_fb
model,#p8_fxanim_zm_red_ww_hand_gaia_mod
model,#p8_zm_red_bathhouse_mirror_base
model,#p8_zm_red_shield_part_spear
model,#c_t8_zmb_dlc2_gegenees_sword
model,#hash_2925b783cb905928
model,#hash_2925b883cb905adb
model,#hash_2925b983cb905c8e
model,#p8_zm_red_oracle_tribute_bowl
model,#p7_brick_broken_worn_dirty_01_red_lt_wet
model,#c_t8_zmb_dlc2_zombie_male_head5_diadem
model,#p8_fxp_gegn_shield_energy
model,#c_t8_zmb_3rdclass_male_body3_s_larm
model,#hash_2a36073b42a660f4
model,#p7_zm_zod_traditional_lampost_01
model,#c_t8_zmb_dlc2_zombie_female_body3_split_skin2
model,#c_t8_zmb_dlc2_zombie_female_body3_split_skin1
model,#p8_zm_wall_buy_shotgun_trenchgun
model,#p8_zm_wall_buy_tr_longburst
model,#c_t8_zmb_catalyst_water_lfoot_gib
model,#c_zom_zod_zombie_fem_body1_g_rlegspawn
model,#c_t8_zmb_hero_scarlett_body1_igc
model,#p8_zm_red_omphalos_egg_venom
model,#c_t8_zmb_dlc2_zombie_female_body2_skin2_fb
model,#p7_debris_rockychunks_small_01
model,#p7_debris_rockychunks_small_12
model,#c_t8_zmb_dlc2_zombie_male_body1_g_larmoff_skin2
model,#p8_zm_red_hanging_trinket_cluster_ceramic_03
model,#p8_fxanim_gp_raven_01_mod
model,#p8_zm_kraken_chest_coin_cap
model,#c_zom_der_zombie_body2_g_upclean
model,#p8_zm_gla_egy_coin_gold_pouch_open
model,#hash_2c489f5df61e7807
model,#hash_2c589649cce32295
model,#c_t8_zmb_dlc2_zombie_female_body3_split
model,#c_t8_zmb_dlc2_zombie_female_body2_g_rarmoff
model,#c_t8_zmb_dlc2_zombie_male_body2_g_rlegoff
model,#hash_2d1dbbce3475eb90
model,#p8_fxp_zm_red_mq_gameplay_blocker
model,#hash_2d5b7f6353e480be
model,#p8_door_wood_arch_heavy_02_bolt
model,#c_t8_zmb_catalyst_electric_head
model,#wpn_t8_zm_hand_hemera_prop_animate
model,#c_t8_zmb_dlc2_zombie_female_body1_g_rarmoff
model,#p8_fxanim_zm_red_gear_wall_02_mod
model,#c_t8_zmb_dlc2_zombie_male_body4_skin3
model,#c_t8_zmb_dlc2_zombie_male_body4_skin2
model,#wpn_t7_zmb_dlc2_shield_dmg01_view
model,#p8_zm_chaos_portal_01_chunk_03_red
model,#fx_axis_createfx
model,#c_t8_zmb_dlc2_zombie_male_body1_g_rarmoff
model,#p8_zm_red_dks_chaos_crystal_cluster_sml_01
model,#p8_zm_red_dks_chaos_crystal_cluster_sml_02
model,#p7_gib_chunk_fat
model,#c_t8_zmb_dlc2_perseus_fb1
model,#c_t8_zmb_catalyst_water_head
model,#p8_fxanim_zm_red_shrine_charon_lantern_mod
model,#p8_rock_vsq_med_01
model,#p8_zm_barricade_board_collision
model,#p8_zm_red_apollo_arrow_hlf_front
model,#p8_zm_wall_buy_shotgun_pump
model,#hash_30b0badbca0a10de
model,#hash_30eaac42bd2e585c
model,#p8_zm_red_dks_chaos_crystal_cluster_sml_02b
model,#c_t8_zmb_dlc2_zombie_female_head2
model,#c_t8_zmb_dlc2_zombie_female_head3
model,#c_t8_zmb_dlc2_zombie_female_head1
model,#hash_3150c042bd852d8a
model,#p8_zm_red_rune_circle_hemera
model,#hash_31e55e41dd9c62b7
model,#hash_31f374befeeb958b
model,#c_t8_zmb_3rdclass_male_body1_g_blegsoff
model,#hash_3240d430eadb3334
model,#p8_zm_red_door_buyable_01_grid_01
model,#p8_zm_red_pottery_amphora_lrg_01
model,#p8_zm_red_prism_fountain_01_column
model,#wpn_t8_zm_pistol_webly_prop_animate_lrg_stone
model,#p8_fxanim_zm_red_spartoi_parts_rt_lower_arm_mod
model,#c_t8_zmb_3rdclass_male_body1_g_lowclean
model,#hash_339dd502ea58d99e
model,#p8_zm_red_shield_part_strap
model,#c_t8_zmb_dlc2_zombie_female_body1_g_upclean
model,#p8_zm_red_ankh_chaos_whole
model,#c_t8_zmb_dlc1_alistair_head1_igc
model,#c_zom_zod_zombie_fem_body1_g_rarmspawn
model,#c_t8_zmb_blightfather_elbow1_ri
model,#c_t8_zmb_blightfather_elbow1_le
model,#p8_zm_deity_icon_audio_ra
model,#hash_34db7b026432a965
model,#hash_34f639e5f941492e
model,#c_t8_zmb_catalyst_fire_larm_gib
model,#c_t8_zmb_dlc2_zombie_male_body1_g_upclean
model,#c_t8_zmb_catalyst_decay_body
model,#p8_zm_red_tripod_horse
model,#p8_fxp_zm_red_ww_h_portal
model,#c_t8_zmb_catalyst_water_rfoot_gib
model,#p7_brick_clean_01
model,#p8_flower_pot_03_flower
model,#p8_zm_red_gaia_projectile_flower_01_white
model,#wpn_t8_zm_red_spear_world
model,#c_t8_zmb_blightfather_mouth
model,#p8_fxanim_zm_red_fountain_prism_mod
model,#hash_3690b48eac135baf
model,#p8_zm_red_rune_circle_gaia
model,#c_t8_zmb_dlc2_zombie_male_body4_split_skin2
model,#c_t8_zmb_dlc2_zombie_male_body4_split_skin3
model,#p8_flower_pot_04_piece_01
model,#p8_flower_pot_04_piece_02
model,#p8_fxp_fluid_droplet_blood
model,#c_t8_zmb_catalyst_fire_rfoot_gib
model,#p8_zm_wall_buy_smg_accurate
model,#c_t8_zmb_hero_diego_body1_igc
model,#c_t8_zmb_dlc2_zombie_female_body1_g_larmoff
model,#c_t8_zmb_catalyst_decay_head_noreveal
model,#c_t8_zmb_dlc2_eagle_fb
model,#hash_387d263033b796cc
model,#p8_fxanim_zm_red_spartoi_parts_rt_upper_arm_mod
model,#p8_zm_red_gaia_projectile_flower_01_purple
model,#p8_fxanim_zm_red_statue_philosopher_02_mod
model,#c_t8_zmb_dlc2_medusa_fb1
model,#c_t8_zmb_dlc2_perseus_sword1
model,#hash_3a05f4a919bf3c97
model,#c_t8_zmb_blightfather_eggsack1_ri
model,#p8_pot_iron_hanging_soil
model,#hash_3a8d5d5ba6818507
model,#c_t8_zmb_blightfather_eggsack1_le
model,#p8_zm_red_archimedes_mirror_base
model,#c_t8_zmb_dlc2_zombie_male_body4_g_blegsoff
model,#p8_zm_chaos_portal_01_chunk_01_red
model,#p8_zm_vapor_altar_danu_leaf_single_02_dry
model,#p8_zm_gla_egy_coin_gold_pouch_spilled
model,#c_t8_zmb_blightfather_body1_gib
model,#wpn_t7_zmb_dlc2_shield_dmg01_world
model,#c_t8_zmb_dlc2_zombie_male_head5
model,#c_t8_zmb_dlc2_zombie_male_head4
model,#c_t8_zmb_dlc2_zombie_male_head1
model,#c_t8_zmb_dlc2_zombie_male_head3
model,#c_t8_zmb_dlc2_zombie_male_head2
model,#p8_zm_red_rune_circle_ouranos
model,#p8_fxanim_zm_red_spartoi_parts_lft_upper_arm_mod
model,#p8_fxanim_zm_red_sundial_outer_doors_mod
model,#p8_fxanim_zm_red_ww_shell_mound_mod
model,#hash_3c13d9359f4f7e46
model,#hash_3c1b917eaa4c8e63
model,#p8_zm_red_ballista
model,#wpn_t8_zm_melee_staff_ra_lvl1_world
model,#p7_gib_chunk_flesh_01
model,#p7_gib_chunk_flesh_03
model,#p7_gib_chunk_flesh_02
model,#p8_fxp_flame_geyser_hole_mound
model,#p8_zm_red_door_murder
model,#c_t8_zmb_dlc2_zombie_female_head3_hood
model,#p8_zm_red_gaia_bush_01_script
model,#hash_3cc07416daf83a7d
model,#c_t8_zmb_dlc2_zombie_male_body1_skin2
model,#c_t8_zmb_dlc2_zombie_female_body1_g_llegoff_skin1
model,#c_t8_zmb_dlc2_zombie_female_body1_g_llegoff_skin3
model,#c_t8_zmb_dlc2_zombie_female_body1_g_llegoff_skin2
model,#c_t8_zmb_dlc2_zombie_female_body1_g_llegoff_skin5
model,#c_t8_zmb_dlc2_zombie_female_body1_g_llegoff_skin4
model,#c_t8_zmb_dlc2_zombie_female_body1_g_llegoff_skin6
model,#c_t8_zmb_3rdclass_male_body2
model,#c_t8_zmb_3rdclass_male_body1
model,#p8_mov_zm_zod_dual_knives_diego_01
model,#p8_flower_pot_04_flower
model,#hash_3d72740592074ef5
model,#c_t8_zmb_dlc2_zombie_male_body4_g_rarmoff
model,#p8_zm_whi_camp_fire_pit_ash_pile
model,#c_zom_der_zombie_body2_g_larmoff
model,#p8_fxp_fluid_tendril_2_blood_charon
model,#p8_fxp_fluid_tendril_1_water
model,#hash_3e9aca2f85523d28
model,#p8_fxanim_zm_red_ww_hand_charon_mod
model,#p8_zm_red_archimedes_mirror
model,#wpn_t7_zmb_dlc2_shield_view
model,#p8_zm_red_shrine_ouranos_feather
model,#c_t8_zmb_dlc2_zombie_male_body2_g_llegoff
model,#c_t8_zmb_hero_bruno_body_igc
model,#p8_fxp_fluid_tendril_1_blood_charon
model,#p8_fxp_fluid_fall_1_blood_hirez_charon_em
model,#p7_gib_chunk_bone_01
model,#p7_gib_chunk_bone_03
model,#p7_gib_chunk_bone_02
model,#c_t8_zmb_dlc2_zombie_female_body2_g_rarmoff_skin2
model,#c_t8_zmb_dlc2_zombie_female_body2_g_rarmoff_skin1
model,#p8_zm_red_dks_chaos_crystal_cluster_med_02b
model,#c_t8_zmb_dlc2_zombie_male_body1_split
model,#hash_418ba300a8c91752
model,#c_t8_zmb_3rdclass_male_body3_s_rarm
model,#p7_zm_vending_packapunch_weapon
model,#hash_4234818aa49eda76
model,#p8_zm_red_charron_coin_01_emissive
model,#p8_fxanim_zm_red_sundial_middle_doors_mod
model,#p8_fxp_fluid_tendril_2_blood_charon_em
model,#p8_fxanim_zm_red_buyable_barricade_lrg_mod
model,#p8_fxanim_zm_red_ww_shell_chaos_mod
model,#hash_43f7a41efbac9c3c
model,#c_zom_der_zombie_body2_g_behead
model,#c_t8_zmb_dlc2_skeleton_helmet
model,#p8_fxp_zm_red_boss_eradication_field
model,#p8_fxp_fluid_clump_blood_sm_hirez_charon_em
model,#p8_fxp_zm_red_mq_perseus_shield_arena
model,#p8_zm_deity_icon_audio_odin
model,#c_t8_zmb_catalyst_fire_lleg_gib
model,#c_t8_zmb_dlc2_zombie_male_body1_g_llegoff
model,#p8_zm_red_statue_amp_athena_painted_dmg_07
model,#p8_zm_red_statue_amp_athena_painted_dmg_06
model,#p8_zm_red_statue_amp_athena_painted_dmg_05
model,#p8_zm_red_statue_amp_athena_painted_dmg_04
model,#p8_zm_red_statue_amp_athena_painted_dmg_03
model,#p8_zm_red_statue_amp_athena_painted_dmg_02
model,#p8_zm_red_statue_amp_athena_painted_dmg_01
model,#p7_zm_vending_packapunch_sign_wait
model,#hash_4605e5d5993354e7
model,#c_t8_zmb_3rdclass_male_fb1
model,#c_t8_zmb_3rdclass_male_body2_g_upclean
model,#c_t8_zmb_hero_scarlett_necklace_igc
model,#p8_fxanim_zm_red_ww_shell_rubble_mod
model,#c_t8_zmb_dlc2_zombie_male_body1_g_larmoff
model,#p8_fxanim_zm_red_oil_trail_03_mod
model,#c_t8_zmb_dlc2_skeleton_arm_right
model,#p8_zm_red_tripod_ornate_02_open
model,#p8_fxanim_zm_red_statue_spartan_06b_mod
model,#p8_zm_wall_buy_ar_accurate
model,#p8_door_wood_arch_heavy_02_sml
model,#p8_col_foliage_plant_lion_ear_flower_medium
model,#p8_zm_red_ankh_chaos_ankh
model,#fx_pistol_shell_blur
model,#c_t8_zmb_dlc2_zombie_male_body2_g_blegsoff
model,#c_t8_zmb_hero_stanton_body1_igc
model,#p8_flower_pot_01_dmg_full
model,#p8_zm_red_shrine_charron_lantern
model,#p8_zm_red_door_buyable_01_frame
model,#p8_zm_red_door_buyable_01_box_01
model,#p8_zm_red_dks_rock_shale_boulder_med_01
model,#p8_zm_red_treasure_chest_metal_lrg_02_gold_sml
model,#hash_4aecdfb6d0abddc0
model,#hash_4aece0b6d0abdf73
model,#hash_4aece3b6d0abe48c
model,#hash_4aece5b6d0abe7f2
model,#hash_4aece6b6d0abe9a5
model,#p8_fxanim_zm_red_ww_handle_float_mod
model,#hash_4afeb687f16d2bbe
model,#c_t8_zmb_dlc2_zombie_male_body1_g_lowclean_skin2
model,#hash_4b5f65b53d29b710
model,#p8_zm_wall_buy_pistol_standard
model,#p7_fxp_debris_dirt_clod_01_brown
model,#c_zom_zod_zombie_fem_body1_g_larmspawn
model,#p8_zm_red_gaia_projectile_part_02_norim
model,#c_t8_zmb_dlc2_zombie_male_body4_g_rlegoff
model,#p8_fxp_fluid_spill_1_blood_charon
model,#c_t8_zmb_catalyst_electric_lfoot_gib
model,#c_t8_zmb_dlc2_gegenees_helmet1
model,#c_t8_zmb_catalyst_electric_rarm_gib
model,#p8_zm_red_gaia_projectile_twig_03
model,#p8_zm_red_gaia_projectile_twig_02
model,#p8_zm_red_gaia_projectile_twig_01
model,#hash_4d01986ad7c2d7cc
model,#hash_4d019a6ad7c2db32
model,#hash_4d019b6ad7c2dce5
model,#p8_zm_vapor_altar_zeus_lightning_bolt_03
model,#p8_zm_vapor_altar_zeus_lightning_bolt_02
model,#p8_zm_vapor_altar_zeus_lightning_bolt_01
model,#p8_zm_vapor_altar_zeus_lightning_bolt_04
model,#fx_char_gib_chunk_bone02
model,#fx_char_gib_chunk_bone03
model,#fx_char_gib_chunk_bone01
model,#p8_afr_dinnerware_ceramic_bowl_med_03
model,#p8_zm_wall_buy_symbol_01
model,#hash_4dd4b9b241630af4
model,#c_t8_zmb_3rdclass_male_body1_g_larmoff
model,#c_t8_zmb_dlc2_zombie_female_body1
model,#c_t8_zmb_dlc2_zombie_female_body2
model,#c_t8_zmb_dlc2_zombie_female_body3
model,#hash_4e6a6c0eeb7f6df6
model,#c_t8_zmb_dlc2_zombie_female_body3_skin2
model,#c_t8_zmb_dlc2_zombie_female_body3_skin1
model,#c_t8_zmb_dlc2_zombie_male_body3_g_blegsoff_skin3
model,#c_t8_zmb_dlc2_zombie_male_body3_g_blegsoff_skin2
model,#c_t8_zmb_dlc2_zombie_male_body3_g_lowclean
model,#c_t8_zmb_dlc2_zombie_female_body1_g_llegoff
model,#hash_4efdd19dfd268f23
model,#p8_zm_red_bathhouse_mirror_column
model,#p8_fxanim_zm_vapor_altar_danu_mod
model,#hash_4fc4e36e612a9bbc
model,#p8_zm_red_furniture_chair_klismos_ornate
model,#hash_502af76e618170ea
model,#p8_fxp_fluid_string_2_blood
model,#hash_507d2315ba090279
model,#c_t8_zmb_dlc2_gegenees_shield
model,#p8_zm_red_charron_coin_02_emissive
model,#p8_zm_red_ballista_column
model,#c_t8_zmb_3rdclass_male_body1_split
model,#hash_513452967dbf8ef8
model,#hash_5154d37326adb8b6
model,#hash_51705235210610ab
model,#c_zom_der_zombie_body2_g_lowclean
model,#c_t8_zmb_dlc2_zombie_female_body1_g_larmoff_skin2
model,#c_t8_zmb_dlc2_zombie_female_body1_g_larmoff_skin1
model,#p8_zm_red_bathhouse_mirror_floor
model,#p8_zm_red_gaia_projectile_flower_01
model,#p8_zm_red_treasure_chest_metal_lrg_02_gold_lid_sml
model,#wpn_t8_zm_hand_ouranos_view
model,#p8_zm_red_corpse_chaos_crystal_01
model,#p8_zm_red_corpse_chaos_crystal_03
model,#p8_zm_red_corpse_chaos_crystal_02
model,#p8_flower_pot_03_dmg_full
model,#p8_fxp_fluid_fall_1_blood_hirez_charon
model,#p8_zm_gla_egy_coin_gold_pouch_open_sml
model,#p8_zm_red_gaia_projectile_norim
model,#c_t8_zmb_dlc2_zombie_female_body2_g_larmoff
model,#p8_fxanim_zm_red_spartoi_rise_no_helm_mod
model,#hash_532f80bab345f6f0
model,#hash_535bb9ed12ef8b71
model,#p8_fxp_fluid_clump_blood
model,#c_zom_der_zombie_body2_g_rlegoff
model,#c_t8_zmb_dlc2_zombie_male_body3_g_rarmoff_skin2
model,#c_t8_zmb_dlc2_zombie_male_body3_g_rarmoff_skin3
model,#c_t8_zmb_catalyst_electric_lleg_gib
model,#p7_zm_der_magic_box_fake_trunk
model,#c_t8_zmb_dlc2_zombie_female_body1_g_blegsoff
model,#p8_zm_red_bathhouse_mirror
model,#p8_zm_red_hemera_mirror
model,#c_t8_zmb_dlc2_gegenees_spear_golden
model,#p8_zm_red_pottery_bowl_01
model,#c_t8_zmb_dlc0_zombie_male_body1_s_rleg
model,#p8_fxanim_zm_red_spartoi_parts_lft_lower_leg_mod
model,#c_t8_zmb_dlc2_zombie_female_body3_skin2_fb
model,#p8_door_wood_arch_heavy_02_handle
model,#p8_zm_red_omphalos_egg
model,#p8_zm_red_tool_pegasus_hammer
model,#p8_fxp_fluid_string_omni_blood
model,#c_t8_zmb_3rdclass_male_body1_g_llegoff
model,#hash_55ff22e7b90c84eb
model,#p8_zm_red_ballista_arm_lt
model,#p8_zm_red_powerup_free_equiptment
model,#p8_zm_red_dks_chaos_crystal_spire_single_04a
model,#p8_zm_red_dks_chaos_crystal_spire_single_02a
model,#p8_zm_red_dks_chaos_crystal_spire_single_03a
model,#p8_zm_red_ballista_arm_rt
model,#p8_zm_red_dks_chaos_crystal_spire_single_01a
model,#c_t8_zmb_catalyst_fire_head_gib
model,#p8_fxanim_zm_red_statue_spartan_01_mod
model,#c_t8_zmb_dlc2_skeleton_fb
model,#hash_57513ea2cd64dfdd
model,#p8_fxanim_zm_red_statue_philosopher_01_mod
model,#p8_zm_chaos_portal_01
model,#p8_fxanim_zm_red_sundial_inner_doors_mod
model,#wpn_t8_zm_hand_gaia_prop_animate
model,#c_t8_zmb_catalyst_electric_larm_gib
model,#wpn_t8_zm_red_shield_world
model,#hash_5a39ce7d0bdd4e39
model,#p8_zm_red_hanging_trinket_cluster_basket_01
model,#p8_fxp_fluid_tendril_1_blood_charon_em
model,#c_t8_zmb_dlc2_zombie_female_body2_split_skin2
model,#c_t8_zmb_dlc2_zombie_female_body2_split_skin1
model,#c_zom_der_zombie_body2
model,#c_t8_zmb_dlc2_zombie_male_body1_g_blegsoff
model,#c_t8_zmb_dlc2_zombie_female_body3_g_upclean_skin1
model,#p8_zm_red_gaia_projectile_part_03_norim
model,#wpn_t8_zm_crossbow_world
model,#hash_5be5db42f92e7f38
model,#hash_5be5dc42f92e80eb
model,#hash_5be5dd42f92e829e
model,#hash_5be5de42f92e8451
model,#hash_5be5df42f92e8604
model,#hash_5be5e142f92e896a
model,#hash_5be5e242f92e8b1d
model,#p8_zm_zod_ice_chunk_lrg_01
model,#c_t8_zmb_dlc2_zombie_female_body3_g_larmoff_skin1
model,#p8_fxp_fluid_fall_2_blood_charon_em
model,#hash_5c61cc14af01372f
model,#c_t8_zmb_dlc2_zombie_male_body4_fb
model,#viewmodel_default
model,#hash_5c9af34faff2aa4c
model,#p8_zm_red_tripod_horse_full
model,#p7_gib_chunk_meat_01
model,#p7_gib_chunk_meat_02
model,#p7_gib_chunk_meat_03
model,#hash_5cecf6d549f3b96b
model,#c_t8_zmb_dlc2_zombie_female_body1_g_blegsoff_skin2
model,#c_t8_zmb_dlc2_zombie_female_body1_g_blegsoff_skin3
model,#c_t8_zmb_dlc2_zombie_female_body1_g_blegsoff_skin1
model,#c_t8_zmb_dlc2_zombie_female_body1_g_blegsoff_skin6
model,#c_t8_zmb_dlc2_zombie_female_body1_g_blegsoff_skin4
model,#c_t8_zmb_dlc2_zombie_female_body1_g_blegsoff_skin5
model,#p8_zm_red_ballista_gears
model,#p8_fxanim_zm_red_oil_trail_02_mod
model,#p8_zm_chaos_portal_01_chunk_01_cheap
model,#c_t8_zmb_catalyst_electric_body
model,#p8_fxanim_zm_red_ww_vase_mod
model,#c_t8_zmb_dlc2_zombie_female_head2_nophys
model,#hash_5ece025a238d7051
model,#c_t8_zmb_3rdclass_male_body1_g_rarmoff
model,#c_t8_zmb_catalyst_water_rarm_gib
model,#p8_fxanim_zm_red_spartoi_parts_head_no_helm_mod
model,#hash_5f5b3fd22b7a3cab
model,#hash_5f7c65dd09cb4a37
model,#hash_5fd97bc1e504eefd
model,#hash_5fdca903fa0158dd
model,#c_zom_zod_zombie_fem_body1_g_llegspawn
model,#c_t8_zmb_catalyst_fire_rleg_gib
model,#p8_fxp_fluid_droplet_mud
model,#p8_fxanim_zm_red_gear_wall_01_mod
model,#p7_fxp_debris_rock_01
model,#p7_fxp_debris_rock_02
model,#p7_fxp_debris_rock_03
model,#p8_zm_red_ww_shell_mound_dirt_dks
model,#hash_610e699507e56268
model,#p7_fxp_debris_car_glass_shatter_02
model,#p7_fxp_debris_car_glass_shatter_03
model,#p7_fxp_debris_car_glass_shatter_01
model,#p8_zm_red_prism_fountain_01_prism
model,#hash_616687f6e797a664
model,#p8_zm_red_statue_amp_athena_painted
model,#p7_fxp_debris_wood_splinter_02
model,#p7_fxp_debris_wood_splinter_03
model,#p7_fxp_debris_wood_splinter_01
model,#c_t8_zmb_dlc2_zombie_male_body3_g_rlegoff
model,#c_t8_zmb_dlc1_alistair_body1
model,#fx_pistol_shell
model,#hash_61790877a7f8e580
model,#p8_fxp_fluid_spill_2_water_dark
model,#p8_fxp_fluid_splash_blood_hirez_charon_em
model,#p7_ra2_scroll_vintage_roller
model,#p8_zm_red_dks_rock_shale_boulder_lrg_01
model,#c_t8_zmb_catalyst_water_lleg_gib
model,#p8_fxp_fluid_clump_blood_hirez_charon_em
model,#c_t8_zmb_dlc2_zombie_male_body3_skin2_fb
model,#c_t8_zmb_dlc2_zombie_male_body2_g_larmoff
model,#c_t8_zmb_dlc2_zombie_female_body1_skin1
model,#c_t8_zmb_dlc2_zombie_female_body1_skin2
model,#wpn_t7_shield_riot_world
model,#c_t8_zmb_dlc2_zombie_male_body3_g_upclean
model,#p8_afr_pillow_01_sml01
model,#p8_afr_pillow_01_sml02
model,#c_t8_zmb_3rdclass_male_body2_g_rarmoff
model,#hash_63311436d4786656
model,#c_t8_zmb_dlc2_zombie_female_body1_g_lowclean
model,#p8_zm_gla_mask_acolyte_01_face
model,#c_t8_zmb_catalyst_water_rleg_gib
model,#p8_fxp_fluid_droplet_water
model,#p8_zm_red_rune_circle_charron
model,#p8_fxanim_zm_red_shrine_hemera_mod
model,#p8_zm_red_gaia_projectile_petal_01
model,#p7_cai_abdeen_block_whole_dam
model,#wpn_t8_zm_hand_ouranos_prop_animate
model,#p8_metal_door_latch_simple
model,#p8_zm_zod_pap_plinth_sequence_air
model,#p7_ra2_tool_vintage_hammer_anvil
model,#wpn_t8_zm_hand_gaia_view
model,#p8_afr_dinnerware_ceramic_bowl_sml_04
model,#p8_afr_dinnerware_ceramic_bowl_sml_01
model,#p8_afr_dinnerware_ceramic_bowl_sml_03
model,#p8_afr_dinnerware_ceramic_bowl_sml_02
model,#c_t8_zmb_hero_bruno_head_igc
model,#p8_zm_wall_buy_tr_powersemi
model,#wpn_t8_zm_hand_hemera_view
model,#p8_zm_red_gaia_projectile_bud_01
model,#c_t8_zmb_dlc2_zombie_female_body1_g_rlegoff
model,#p8_zm_red_brazier_ornate_leg
model,#p8_fxp_fluid_clump_water
model,#c_t8_zmb_dlc2_zombie_male_body4
model,#c_t8_zmb_dlc2_zombie_male_body3
model,#c_t8_zmb_dlc2_zombie_male_body2
model,#c_t8_zmb_dlc2_zombie_male_body1
model,#p8_zm_gla_egy_fire_bowl_01_coal_emissive
model,#p7_zm_zod_nitrous_tank
model,#tag_flash
model,#wpn_t7_zmb_zod_rocket_shield_eagle
model,#hash_656d8d8893aae3e0
model,#p8_zm_esc_bones_human_pile_02
model,#p8_zm_vapor_altar_danu_leaf_single_01
model,#p8_zm_vapor_altar_danu_leaf_single_02
model,#c_t8_zmb_dlc2_zombie_female_body1_split
model,#p7_soc_bag_ammo_bag
model,#p8_fxanim_zm_red_buyable_barricade_sml_mod
model,#c_t8_zmb_dlc2_zombie_male_body3_split
model,#c_t8_zmb_dlc0_zombie_male_body1_s_lleg
model,#wpn_t7_special_crossbow_mag_view
model,#p8_fxanim_mp_seaside_fountain_water_01_mod
model,#p8_fxp_fluid_clump_blood_sm_hirez_charon
model,#hash_67092dec8ad477af
model,#p8_zm_red_gaia_projectile_leaf_02
model,#p8_zm_red_gaia_projectile_leaf_01
model,#p8_fxanim_zm_red_bathhouse_mirror_mod
model,#p8_zm_zod_pap_plinth_sequence_fire
model,#wpn_t8_zm_elixir_liquid_base_world
model,#p8_zm_red_door_buyable_01_spike_01
model,#p8_zm_chaos_portal_01_chunk_02_cheap
model,#p8_zm_pap_pedestal
model,#c_t8_zmb_dlc2_zombie_male_body4_g_upclean
model,#c_t8_zmb_dlc2_zombie_female_body2_g_upclean
model,#p8_zm_gla_gre_pottery_bell_krater
model,#p8_fxanim_zm_red_statue_spartan_02a_mod
model,#c_t8_zmb_catalyst_electric_head_gib
model,#p8_fxanim_zm_red_oil_trail_01_mod
model,#hash_68ee9d0e7ee548ac
model,#p8_zm_barricade_board_bare_06
model,#p8_zm_barricade_board_bare_04
model,#p8_zm_barricade_board_bare_05
model,#p8_zm_barricade_board_bare_02
model,#p8_zm_barricade_board_bare_03
model,#p8_zm_barricade_board_bare_01
model,#p8_zm_gla_heart_zombie
model,#p8_zm_red_stone_limestone_01_block_xlrg_tall_01_worn
model,#p8_fxanim_zm_red_statue_king_01_mod
model,#p8_zm_red_treasure_chest_metal_lrg_02_gold_open
model,#p8_zm_deity_icon_audio_zeus
model,#c_t8_zmb_catalyst_electric_rhand_gib
model,#p8_fxanim_zm_red_statue_spartan_06a_mod
model,#p8_fxanim_zm_red_bellows_wheel_mod
model,#p8_zm_red_gaia_projectile_petal_01_purple
model,#wpn_t8_zm_hand_charon_world
model,#p8_zm_wall_buy_bowie_knife
model,#defaultweapon
model,#p8_zm_red_tripod_horse_bowl
model,#hash_6cb3a6b08409cbe2
model,#hash_6ce58aef384aa14a
model,#hash_6d20174a77c4e278
model,#p8_zm_red_gaia_projectile_part_03
model,#p8_zm_red_gaia_projectile_part_02
model,#p8_zm_red_gaia_projectile_part_01
model,#c_t8_zmb_3rdclass_male_body1_g_behead
model,#p8_fxp_zm_magicbox_glow_top
model,#p8_fxanim_zm_red_ww_hand_hemera_mod
model,#tag_origin
model,#p8_fxanim_zm_zod_magic_box_plinth_mod
model,#p8_zm_gla_egy_coin_gold_pouch_closed_sml
model,#p8_fxanim_zm_red_spartoi_parts_lft_upper_leg_mod
model,#p8_fxanim_zm_zod_magic_box_mod
model,#p8_fxanim_zm_red_ouranos_feather_mod
model,#c_t8_zmb_dlc2_zombie_male_body2_g_upclean
model,#fx_char_gib_chunk_fat
model,#wpn_t8_zm_ar_lever_action_prop_animate_stone
model,#p8_afr_pillow_02_sml
model,#hash_7027caf29aee33fe
model,#c_t8_zmb_dlc2_zombie_female_body3_g_larmoff
model,#p8_zm_red_dks_chaos_crystal_spire_lrg_01_02
model,#p8_fxanim_zm_red_statue_king_02_mod
model,#p8_zm_red_gaia_projectile_part_01_norim
model,#p8_zm_red_artifact_sentinel
model,#p8_zm_red_rubble_limestone_01_piles_right
model,#c_t8_zmb_blightfather_body1
model,#p8_fxanim_zm_red_apollo_arrow_dmg_mod
model,#c_t8_zmb_dlc2_gegenees_spear
model,#c_t8_zmb_dlc2_zombie_male_body3_g_larmoff
model,#hash_71c46d843c8b6162
model,#hash_720df197f4546813
model,#p8_fxanim_zm_red_omphalos_crystal_front_mod
model,#c_t8_zmb_dlc2_zombie_male_body3_g_blegsoff
model,#p8_fxanim_zm_red_gaia_bush_mod
model,#p7_cai_abdeen_block_half
model,#p8_zm_red_rune_ra_03
model,#p8_zm_red_rune_ra_02
model,#p8_zm_red_rune_ra_01
model,#p8_fxanim_zm_red_ww_hand_ouranos_mod
model,#p8_zm_red_vase_gold_02
model,#p8_zm_red_vase_gold_01
model,#p7_vase_clay_egyptian_01_shatter_03
model,#c_t8_zmb_dlc2_zombie_female_body1_g_lowclean_skin3
model,#c_t8_zmb_dlc2_zombie_female_body1_g_lowclean_skin2
model,#c_t8_zmb_dlc2_zombie_female_body1_g_lowclean_skin1
model,#c_t8_zmb_dlc2_zombie_female_body1_g_lowclean_skin6
model,#c_t8_zmb_dlc2_zombie_female_body1_g_lowclean_skin5
model,#c_t8_zmb_dlc2_zombie_female_body1_g_lowclean_skin4
model,#p8_zm_red_shrine_charron_boat_styx_paddle
model,#hash_73e16c2a2dc11cb2
model,#p8_zm_red_statue_sphinx
model,#p7_ra2_anvil
model,#p8_zm_chaos_portal_01_chunk_03_cheap
model,#p8_fxanim_zm_vapor_altar_odin_mod
model,#p8_zm_wall_buy_symbol_01_middle
model,#p8_fxanim_zm_zod_magic_box_skull_mod
model,#p8_fxp_zm_red_mq_gameplay_blocker_pap
model,#c_t8_zmb_blightfather_eggsack1_both
model,#p7_cai_lantern_round_b_gold
model,#p8_zm_red_treasure_chest_metal_lrg_02_gold_lid
model,#p8_zm_wall_buy_ar_modular
model,#c_t8_zmb_dlc2_zombie_male_body1_g_rlegoff_skin2
model,#p7_zm_der2_vending_packapunch_sign_wait
model,#c_t8_zmb_catalyst_fire_rhand_gib
model,#p8_zm_red_scepter_ra
model,#c_t8_zmb_dlc2_zombie_male_body1_g_upclean_skin2
model,#p8_zm_red_gaia_bush_01_sprout_01_weapon
model,#p8_zm_red_ankh_chaos_shard
model,#p8_fxanim_zm_red_hemera_mirror_mod
model,#p8_fxp_fluid_string_3_blood_charon
model,#p8_mov_zm_red_torch_hand_01
model,#p8_zm_chaos_portal_01_chunk_02_red
model,#p7_basket_wicker_01
model,#hash_77bcac59f3591a33
model,#p8_zm_wall_buy_tr_leveraction
model,#p8_zm_zod_pap_plinth_sequence_water
model,#p8_zm_deity_icon_audio_danu
model,#p8_fxanim_zm_red_spartoi_parts_rt_lower_leg_mod
model,#p8_fxp_fluid_spill_2_blood_charon
model,#c_t8_zmb_dlc2_zombie_female_body3_g_rarmoff_skin1
model,#c_zom_der_zombie_body2_g_blegsoff
model,#wpn_t8_zm_hand_hemera_world
model,#c_t8_zmb_dlc2_zombie_male_body2_split
model,#p8_zm_red_gear_statue_03
model,#p8_zm_red_gear_statue_02
model,#p8_zm_red_gear_statue_01
model,#p8_zm_powerup_free_perk_02
model,#hash_7982a18296afce46
model,#hash_79aa254f79b6a612
model,#p8_zm_red_ballista_stand_swivel
model,#p7_zm_gen_rune_4_yellow
model,#hash_7a473274c48b98bc
model,#hash_7a517386a04f97e5
model,#p8_fxanim_zm_red_gaia_portal_mod
model,#c_zom_der_zombie_head1
model,#c_zom_der_zombie_head3
model,#c_zom_der_zombie_head2
model,#p8_zm_red_shrine_charron_boat_styx_full
model,#wpn_t7_special_crossbow_mag_world
model,#p8_zm_red_gauntlet_handle
model,#p8_zm_red_hanging_trinket_cluster_ceramic_03_lrg
model,#hash_7ad70aa7f6e8c41f
model,#p8_afr_pillow_01
model,#p8_afr_pillow_02
model,#p8_zm_wall_buy_sniper_quickscope
model,#p8_zm_red_gaia_projectile
model,#hash_7b446fbca13b03fc
model,#c_t8_zmb_dlc2_zombie_male_body4_split
model,#p8_fxp_fluid_string_omni_blood_dark_half_hirez
model,#hash_7bc2a6416182eb9f
model,#p8_zm_powerup_aat
model,#hash_7be12c154074257a
model,#p8_zm_red_rubble_limestone_01_piles_02
model,#p8_zm_red_rubble_limestone_01_piles_03
model,#p8_fxanim_zm_red_gaia_spikes_mod
model,#hash_7c223c1b89ad9e75
model,#p8_zm_red_dks_chaos_crystal_medium_single_04a
model,#p8_zm_red_dks_chaos_crystal_medium_single_05a
model,#p8_zm_red_dks_chaos_crystal_medium_single_06a
model,#p8_fxanim_zm_vapor_altar_zeus_bird_head_mod
model,#p8_zm_red_dks_chaos_crystal_medium_single_07a
model,#c_t8_zmb_catalyst_decay_head
model,#p8_zm_red_dks_chaos_crystal_medium_single_01a
model,#p8_zm_red_dks_chaos_crystal_medium_single_02a
model,#p8_flower_pot_04_dmg_full
model,#wpn_t7_zmb_zod_rocket_shield_window
model,#p8_fxanim_zm_red_spartoi_rise_spear_no_helm_mod
model,#p8_zm_red_brazier_ornate_full
model,#p7_zm_vending_packapunch
model,#c_t8_zmb_dlc2_zombie_male_head2a
model,#p8_mov_zm_gla_weapon_spear_01
model,#c_t8_zmb_dlc2_skeleton_sword
model,#p8_zm_red_shrine_hemera_bell_03
model,#p8_zm_red_shrine_hemera_bell_02
model,#p8_zm_red_shrine_hemera_bell_01
model,#p8_zm_red_shrine_hemera_bell_05
model,#p8_zm_red_shrine_hemera_bell_04
model,#c_t8_zmb_dlc2_zombie_male_body1_split_skin2
model,#c_t8_zmb_3rdclass_male_body2_split
model,#c_t8_zmb_catalyst_water_larm_gib
model,#hash_7f07765e5a8a0b3d
model,#p8_fxanim_zm_red_spartoi_parts_pelvis_mod
model,#p8_zm_red_ww_shell_chaos_01
model,#p8_zm_esc_wood_splintered
model,#p8_zm_red_tool_pegasus_anvil_strap
model,#c_t8_zmb_catalyst_electric_rleg_gib
model,#p8_fxp_zm_red_mq_perseus_shield_tendril
model,#p8_fxanim_zm_red_vapor_altar_ra_arms_mod
aitype,#spawner_zm_zombie_red_male_body3
aitype,#spawner_zm_zombie_red_male_body4
aitype,#spawner_zm_skeleton_spear
aitype,#spawner_zm_zombie_red_male_body4_skin2
aitype,#spawner_zm_catalyst_plasma
aitype,#spawner_zm_zombie_red_male_body3_skin2
aitype,#spawner_zm_catalyst_water
aitype,#spawner_zm_skeleton_helmet_spear
aitype,#spawner_zm_zombie_red_male4
aitype,#spawner_zm_zombie_red_male1
aitype,#spawner_zm_zombie_red_male2
aitype,#spawner_zm_zombie_red_male3
aitype,#spawner_zm_zombie_red_female_body3_skin2
aitype,#spawner_zm_zombie_red_male_body1_skin2
aitype,#spawner_zm_catalyst_corrosive
aitype,#spawner_zm_zombie_red_female_body1
aitype,#spawner_zm_blight_father
aitype,#spawner_zm_zombie_red_female1
aitype,#spawner_zm_zombie_red_female3
aitype,#spawner_zm_zombie_red_female2
aitype,#spawner_zm_zombie
aitype,#spawner_zm_catalyst_electric
aitype,#spawner_zm_skeleton_sword_and_shield
aitype,#spawner_zm_gegenees
aitype,#spawner_zm_skeleton_helmet_sword_and_shield
aitype,#spawner_zm_zombie_red_female_body2_skin2
character,#c_t8_zmb_dlc2_zombie_male1_skin2
character,#c_t8_zmb_dlc2_skeleton1_spear
character,#c_t8_zmb_dlc2_skeleton1_helmet
character,#c_t8_zmb_dlc2_gegenees1
character,#c_t8_zmb_catalyst_decay
character,#c_t8_zmb_blightfather1
character,#c_t8_zmb_catalyst_fire
character,#c_t8_zmb_dlc2_zombie_female3_skin1
character,#c_t8_zmb_dlc2_zombie_female3_skin2
character,#c_t8_zmb_dlc2_zombie_female3
character,#c_t8_zmb_dlc2_zombie_female2
character,#c_t8_zmb_dlc2_zombie_female1
character,#hash_1b78e0ddc6e4f502
character,#c_t8_zmb_dlc2_zombie_male4_skin2
character,#c_t8_zmb_dlc2_zombie_male4_skin3
character,#hash_20fe47528a0d2b5e
character,#c_t8_zmb_hero_diego1_igc
character,#hash_29a42b9a02a306ed
character,#c_t8_zmb_hero_stanton1_igc
character,#c_t8_zmb_3rdclass_male1
character,#c_t8_zmb_3rdclass_male2
character,#c_t8_zmb_catalyst_electric
character,#hash_33c8c5f30857855d
character,#c_t8_zmb_dlc2_zombie_female2_skin1
character,#c_t8_zmb_dlc2_zombie_female2_skin2
character,#hash_392d8e2f4f025699
character,#c_t8_zmb_dlc2_zombie_female1_skin2
character,#c_t8_zmb_dlc2_zombie_female1_skin1
character,#c_t8_zmb_catalyst_water
character,#c_t8_zmb_dlc2_skeleton1_helmet_spear
character,#c_t8_zmb_dlc2_medusa1
character,#c_t8_zmb_dlc2_zombie_male3_skin3
character,#c_t8_zmb_dlc2_zombie_male3_skin2
character,#hash_4c3c53c667bc6787
character,#hash_4f6f834f0c79c650
character,#c_t8_zmb_dlc2_skeleton1
character,#hash_53d8655bc4775f2f
character,#hash_57444f97e51d7d72
character,#c_t8_zmb_dlc2_perseus1
character,#hash_5ed780ccf081fd2d
character,#c_t8_zmb_dlc2_hero_bruno1_glow_igc
character,#c_t8_zmb_dlc2_zombie_male2
character,#c_t8_zmb_dlc2_zombie_male3
character,#c_t8_zmb_dlc2_zombie_male1
character,#c_t8_zmb_dlc2_zombie_male4
character,#hash_66dad92934d9a1a1
character,#c_t8_zmb_dlc1_alistair1_igc
character,#c_zom_der_zombie2
character,#c_t8_zmb_hero_bruno1_igc
character,#hash_75ada3ee1ba2dc59
character,#hash_77884389918aee65
character,#hash_7c1c25fe4c81e4f6
xmodelalias,#c_zom_der_zombie_headalias
xmodelalias,#hash_25829adef4d1feb0
xmodelalias,#hash_3e8b51671f06b5d0
xmodelalias,#hash_532027e580429777
xmodelalias,#hash_612e15b05a54b6c5
xmodelalias,#hash_7f231dad1f762070
weapon,#zitem_red_strike_part_1_zm
weapon,#skeleton_spear_melee
weapon,#perseus_bolt_projectile_zm
weapon,#ww_hand_c_upgraded_zm
weapon,#zhield_zpear_dw_zm
weapon,#gegenees_melee
weapon,#ww_hand_o_charged_zm
weapon,#gegenees_golden_spear_projectile_zm
weapon,#ww_hand_c_zm
weapon,#zhield_zpear_turret_zm
weapon,#thunderstorm_zm
weapon,#ww_hand_c_charged_zm
weapon,#equip_sprout_zm
weapon,#gegenees_spear_projectile_zm
weapon,#ww_hand_h_charged_zm
weapon,#buildable_piece_zm
weapon,#zhield_zpear_lh_zm
weapon,#zombie_ai_defaultmelee_zm
weapon,#ww_hand_o_zm
weapon,#ww_hand_g_upgraded_zm
weapon,#zitem_zhield_zpear_part_1_zm
weapon,#ww_hand_g_zm
weapon,#riotshield_zm
weapon,#ww_hand_g_charged_zm
weapon,#zitem_red_strike_part_2_zm
weapon,#zitem_red_strike_part_3_zm
weapon,#ww_hand_o_uncharged_zm
weapon,#skeleton_sword_melee
weapon,#ww_hand_c_uncharged_zm
weapon,#zombie_ai_defaultmelee
weapon,#blight_father_melee
weapon,#ww_hand_h_uncharged_zm
weapon,#ww_hand_o_upgraded_zm
weapon,#ww_hand_g_uncharged_zm
weapon,#ww_hand_h_upgraded_zm
weapon,#ww_hand_h_zm
weapon,#zitem_zhield_zpear_part_3_zm
weapon,#zitem_zhield_zpear_part_2_zm
gesture,#hash_1ec9e66bcf52e6f
gesture,#hash_c9191ad04ac315e
gesture,#hash_e88f702b7e4b63b
gesture,#hash_1b2024cb5b1c0d05
gesture,#ges_slide_buckler
gesture,#hash_2031cb3032b3f0e1
gesture,#ges_mantle_buckler
gesture,#hash_25459d2d6c7d1983
gesture,#hash_2bc187c75a694a23
gesture,#hash_2c9d84c169cdce08
gesture,#ges_frag_grenade
gesture,#hash_539fb900e65baea9
gesture,#hash_5723248289b2a00b
gesture,#hash_595dd2813164fe86
gesture,#hash_617fadee1c721d6c
gesture,#hash_61d5e8f78a0507d4
gesture,#hash_6cb0845b6cb5730e
gesture,#ges_slide_dw
gesture,#hash_75ebfc135f681a76
gesture,#ges_mantle_bare_hands
gesture,#hash_7a1745a21676ae16
gesture,#hash_7bd0aa12b2a5b23a
gesture,#hash_7da3f8c1244624b4
gesturetable,#hash_5bf0af11f628e09
gesturetable,#hash_441ca49fc989c533
gesturetable,#gestable_stun_reaction
zbarrier,#zmcore_t8_basicwoodbarrier_hide_pieces
zbarrier,#zm_packapunch_stationary
zbarrier,#zm_red_gate
zbarrier,#hash_339aaa33ed9ce3d1
zbarrier,#zodt8_magicbox
zbarrier,#hash_4ba46f7f8bb21235
zbarrier,#zmcore_t8_basicwoodbarrier
rumble,#damage_light
rumble,#hash_bd49cc7b8840964
rumble,#hash_bd49fc7b8840e7d
rumble,#damage_heavy
rumble,#hash_112f9d14b803778e
rumble,#hash_1b194e26c256036c
rumble,#hash_1bdf9c4013e4d12f
rumble,#hash_22cb25543ecfd0bf
rumble,#hash_230077451d7197c1
rumble,#hash_2578b3deb6dd485a
rumble,#zm_red_skylight_rumble
rumble,#zm_red_eagle_impact_rumble
rumble,#hash_2f90ad8c2371d73d
rumble,#hash_32ed6d5a446f6a3a
rumble,#pistol_fire
rumble,#zod_shield_juke
rumble,#crossbow_fire
rumble,#zm_red_omphalos_rumble
rumble,#grenade_rumble
rumble,#zm_red_step_complete_rumble
rumble,#zm_fasttravel_vortex_rumble
rumble,#zm_red_gegenees_land_rumble
rumble,#defaultweapon_fire
rumble,#hash_620ca77f414a6e4b
rumble,#hash_753c961fb3e7a825
rumble,#hash_7549b81fb3f26c47
rumble,#zm_red_pegasus_clear_rumble
rumble,#hash_78384ae5c2a95e85
rumble,#reload_large
shellshock,#shellshock_blur
shellshock,#status_effect_tinnitus
shellshock,#status_effect_flash
shellshock,#shellshock_blur_pc
statuseffect,#deaf_electricity_catalyst
statuseffect,#elephant_spear_fire
statuseffect,#shock_zm_trap
statuseffect,#blind_zm_catalyst
statuseffect,#hash_528115ad9eebc84f
statuseffect,#gegenees_spear_hit
statuseffect,#chaos_missile_damage
statuseffect,#dot_corrosive_catalyst
xcam,#c_cin_zm_red_outro_sh510_cam
xcam,#c_cin_zm_red_outro_sh175_cam
xcam,#c_cin_zm_red_outro_sh415_cam
xcam,#c_vign_cust_zm_red_boss_intro_s06_cam
xcam,#c_cin_zm_red_outro_sh500_cam
xcam,#c_cin_zm_red_outro_sh200_cam
xcam,#c_zm_red_mid_sh060_cam
xcam,#c_vign_cust_zm_red_boss_intro_s07_cam
xcam,#c_vign_cust_zm_red_boss_intro_s02_cam
xcam,#c_cin_zm_red_outro_sh120_cam
xcam,#c_zm_red_mid_sh010_stanton_cam
xcam,#c_cin_zm_red_outro_sh420_cam
xcam,#c_vign_cust_zm_red_boss_intro_s04_cam
xcam,#c_cin_zm_red_outro_sh270_cam
xcam,#c_zm_red_mid_sh060_stanton_cam
xcam,#c_cin_zm_red_outro_sh570_cam
xcam,#c_vign_cust_zm_red_boss_intro_s05_cam
xcam,#c_cin_zm_red_outro_sh210_cam
xcam,#c_cin_zm_red_outro_sh360_cam
xcam,#c_cin_zm_red_outro_sh240_cam
xcam,#c_cin_zm_red_outro_sh465_cam
xcam,#c_cin_zm_red_outro_sh005_cam
xcam,#c_cin_zm_red_outro_sh010_cam
xcam,#c_cin_zm_red_outro_sh090_cam
xcam,#c_cin_zm_red_outro_sh520_cam
xcam,#c_cin_zm_red_outro_sh310_cam
xcam,#c_cin_zm_red_outro_sh250_cam
xcam,#c_cin_zm_red_outro_sh480_cam
xcam,#c_cin_zm_red_outro_sh320_cam
xcam,#c_cin_zm_red_outro_sh290_cam
xcam,#c_cin_zm_red_outro_sh170_cam
xcam,#c_cin_zm_red_outro_sh070_cam
xcam,#c_cin_zm_red_outro_sh030_cam
xcam,#c_cin_zm_red_outro_sh220_cam
xcam,#c_cin_zm_red_pegasus_ride_cam
xcam,#c_zm_red_mid_sh030_cam
xcam,#c_cin_zm_red_outro_sh410_cam
xcam,#c_cin_zm_red_outro_sh530_cam
xcam,#ui_cam_icon_special_crossbow
xcam,#c_cin_zm_red_outro_sh450_cam
xcam,#c_zm_red_mid_sh040_stanton_cam
xcam,#c_cin_zm_red_outro_sh160_cam
xcam,#c_cin_zm_red_outro_sh380_cam
xcam,#c_cin_zm_red_outro_sh040_cam
xcam,#c_cin_zm_red_outro_sh150_cam
xcam,#c_zm_red_mid_sh030_stanton_cam
xcam,#c_zm_red_mid_sh020_stanton_cam
xcam,#c_cin_zm_red_outro_sh440_cam
xcam,#c_cin_zm_red_outro_sh330_cam
xcam,#c_cin_zm_red_outro_sh280_cam
xcam,#c_cin_zm_red_outro_sh100_cam
xcam,#ui_cam_cac_melee_knuckles
xcam,#c_cin_zm_red_outro_sh020_cam
xcam,#c_cin_zm_red_outro_sh260_cam
xcam,#c_zm_red_mid_sh050_stanton_cam
xcam,#ui_cam_icon_melee_knuckles
xcam,#c_cin_zm_red_outro_sh540_cam
xcam,#c_zm_red_mid_sh010_cam
xcam,#c_cin_zm_red_outro_sh560_cam
xcam,#c_zm_red_mid_sh005_stanton_cam
xcam,#c_cin_zm_red_outro_sh460_cam
xcam,#c_zm_red_mid_sh040_cam
xcam,#c_cin_zm_red_outro_sh580_cam
xcam,#c_cin_zm_red_outro_sh080_cam
xcam,#c_cin_zm_red_outro_sh408_cam
xcam,#c_cin_zm_red_outro_sh190_cam
xcam,#c_zm_red_mid_sh050_cam
xcam,#c_cin_zm_red_outro_sh470_cam
xcam,#c_cin_zm_red_outro_sh050_cam
xcam,#c_zm_red_mid_sh005_cam
xcam,#c_cin_zm_red_outro_sh180_cam
xcam,#c_cin_zm_red_outro_sh300_cam
xcam,#c_cin_zm_red_outro_sh405_cam
xcam,#c_cin_zm_red_outro_sh340_cam
xcam,#c_zm_red_mid_sh020_cam
xcam,#c_cin_zm_red_outro_sh400_cam
xcam,#c_vign_cust_zm_red_boss_intro_s03_cam
xcam,#c_cin_zm_red_outro_sh430_cam
xcam,#c_cin_zm_red_outro_sh060_cam
xcam,#c_cin_zm_red_outro_sh230_cam
xcam,#c_cin_zm_red_outro_sh140_cam
xcam,#c_cin_zm_red_outro_sh130_cam
xcam,#c_cin_zm_red_outro_sh550_cam
xcam,#c_vign_cust_zm_red_boss_intro_s01_cam
xcam,#ui_cam_cac_special_crossbow
xcam,#c_cin_zm_red_outro_sh490_cam
destructible,#p8_fxanim_zm_red_ww_shell_chaos_ddef
destructible,#p8_fxanim_zm_red_ww_vase_ddef
streamerhint,#cin_zm_red_mid
streamerhint,#aib_vign_cust_zm_red_boss_intro
streamerhint,#cin_zm_red_outro_temple_part4
streamerhint,#cin_zm_red_outro_temple_part3
streamerhint,#cin_zm_red_outro_temple_part2
streamerhint,#cin_zm_red_outro_temple
xanim,#ai_zombie_base_walk_au_v10_pain_chest_f
xanim,#hash_2226f1ae3de27e
xanim,#ai_zm_dlc1_zombie_crawl_climb_up_256_down_32
xanim,#vm_ww_hand_ouranos_first_raise
xanim,#pt_battle_shield_male_stand_putaway
xanim,#ai_t8_zm_zombie_boardtear_aligned_l_6_pull
xanim,#hash_98e7a862ddfdde
xanim,#ai_zombie_base_walk_au_v5_pain_chest_f
xanim,#ai_t8_zm_zombie_base_walk_jump_up_catwlk_160
xanim,#ai_t8_zm_zombie_base_walk_jump_up_catwlk_128
xanim,#hash_dbcf7e1ccb26cc
xanim,#hash_f0deef4f6ff68c
xanim,#hash_f68dda289fecf7
xanim,#ai_t8_zm_red_spar_spear_run_turn_135_r
xanim,#ai_t8_zm_red_spar_spear_run_turn_135_l
xanim,#ai_t8_zm_zombie_base_trv_jump_up_128_thru_sm_hole
xanim,#ai_t8_zm_red_spar_swrd_wlk_turn_90_l
xanim,#ai_t8_zm_red_spar_swrd_wlk_turn_90_r
xanim,#hash_13fb4aabf5e33e4
xanim,#hash_13fb7aabf5e38fd
xanim,#ai_zm_dlc1_zombie_walk_lowg_v4_pain_chest_f_alt
xanim,#hash_14f00ca064fc148
xanim,#ai_zombie_base_sprint_ad_sidestep_right_long_b
xanim,#ai_zombie_base_sprint_ad_sidestep_right_long_a
xanim,#hash_1c168fcc7cb3381
xanim,#hash_1db200cbc64cc80
xanim,#ai_t8_zm_zombie_base_crawl_boardtear_aligned_l_2_grab
xanim,#hash_21d5bad39f5ca69
xanim,#ai_t8_zm_zombie_base_crawl_boardtear_aligned_l_6_hold
xanim,#ai_t8_zm_zod_catalyst_electric_spawn_01
xanim,#hash_2a3e14fdc491afd
xanim,#hash_2ca038ff4276b63
xanim,#ai_zombie_base_run_ad_v21_pain_chest_f
xanim,#hash_2d1425fdf872a0f
xanim,#ai_zombie_zod_crawl_stunned_electrobolt_e
xanim,#ai_zombie_zod_crawl_stunned_electrobolt_d
xanim,#ai_zombie_zod_crawl_stunned_electrobolt_a
xanim,#ai_zombie_zod_crawl_stunned_electrobolt_c
xanim,#ai_zombie_zod_crawl_stunned_electrobolt_b
xanim,#hash_2eb2591b98a7719
xanim,#ai_t8_zm_zombie_boardtear_aligned_r_3_hold
xanim,#ai_zombie_base_walk_ad_v22_pain_chest_f_alt
xanim,#hash_362fe50ebc7406b
xanim,#vm_ww_hand_charon_first_raise
xanim,#hash_372f03c7e091433
xanim,#ai_zombie_base_walk_au_sidestep_right_b
xanim,#ai_t8_zm_zombie_base_run_jump_up_128_quick
xanim,#hash_38b7ca2fee384aa
xanim,#hash_398087aeed247c7
xanim,#hash_3a6e6dd72b46a80
xanim,#hash_3a704dd72b49d7a
xanim,#ai_zombie_base_walk_ad_v23_pain_chest_f
xanim,#ai_t8_zm_red_spar_swrd_wlk_turn_135_r
xanim,#ai_t8_zm_red_spar_swrd_wlk_turn_135_l
xanim,#hash_4630e41a4a8cb41
xanim,#hash_4630f41a4a8ccf4
xanim,#hash_4631041a4a8cea7
xanim,#hash_4631141a4a8d05a
xanim,#ai_t8_zm_zombie_base_crawl_boardtear_aligned_r_1_hold
xanim,#p8_fxanim_zm_zod_magic_box_skull_drop_anim
xanim,#ai_t8_zm_zombie_boardtear_aligned_m_1_pull
xanim,#hash_4a43f9bcc4cf357
xanim,#pt_bow_prone_flashed_loop
xanim,#hash_4c572728d831b93
xanim,#hash_4d6a95430c755b3
xanim,#vm_brass_knuckles_swim_tw_sprint_loop
xanim,#p8_fxanim_zm_red_ww_hand_float_anim
xanim,#hash_52ca5a11f34df00
xanim,#hash_531329a7957cfd0
xanim,#ai_t8_zm_red_spar_spear_run_f_04_pain_01
xanim,#ai_t8_zm_red_spar_spear_run_f_04_pain_02
xanim,#hash_56ea6f1eba48437
xanim,#hash_57e8d331d4db96c
xanim,#ai_t8_zm_zod_bltfthr_trv_mantle_128
xanim,#hash_5971f4775c4bec3
xanim,#ai_t8_zm_zombie_base_crawl_boardtear_aligned_r_2_hold
xanim,#ai_zombie_base_run_au_v5_pain_chest_f
xanim,#hash_5dede068477c57b
xanim,#hash_5ee4e565ba70e1b
xanim,#hash_60c99afbafa9875
xanim,#hash_60e05c0fad75ab3
xanim,#hash_617aa6c4310c41f
xanim,#ai_t8_zombie_base_walk_au_win_trav_r_v1
xanim,#ai_zm_dlc1_zombie_run_lowg_v1_pain_chest_f
xanim,#ai_zombie_base_dth_f_chest_lt_00
xanim,#ai_zombie_base_dth_f_chest_lt_01
xanim,#ai_zombie_base_dth_f_chest_lt_02
xanim,#ai_zombie_base_dth_f_chest_lt_03
xanim,#hash_65cbe9192f9c3d2
xanim,#p8_fxanim_zm_zod_magic_box_open_anim
xanim,#ai_t8_zm_zombie_boardtear_aligned_l_3_pull
xanim,#ai_zombie_base_walk_ad_v22_pain_chest_f
xanim,#ai_zombie_base_walk_ad_v1_pain_chest_f
xanim,#ai_t8_zm_zod_bltfthr_pain_stun_out
xanim,#vm_ww_hand_charon_pullout
xanim,#ai_t8_zm_red_spar_spear_wlk_turn_90_l
xanim,#ai_t8_zm_red_spar_spear_wlk_turn_90_r
xanim,#pt_staff_crouch_fire
xanim,#ai_zm_dlc1_zombie_climb_up_256_down_40
xanim,#ai_zm_dlc1_zombie_climb_up_256_down_32
xanim,#ai_t8_zombie_base_sprint_au_v20_pain_chest_f
xanim,#ai_t8_zm_zod_bltfthr_trv_jump_dn_36
xanim,#hash_7ca16aeab3098ab
xanim,#hash_7ca17aeab309a5e
xanim,#ai_t8_zm_zod_bltfthr_trv_jump_dn_48
xanim,#ai_t8_zombie_base_cust_trv_jump_up_zm_mnsn_main_hall
xanim,#ai_t8_zm_zod_bltfthr_trv_jump_dn_72
xanim,#ai_t8_zm_zombie_base_crawl_boardtear_aligned_l_1_pull
xanim,#ai_t8_zm_zod_bltfthr_trv_jump_dn_96
xanim,#ai_zombie_zod_crawl_jump_down_256
xanim,#p8_fxanim_zm_red_wall_roots_01_out_anim
xanim,#hash_7e8cb0da7c0704e
xanim,#hash_82a8e04a4f847b1
xanim,#vm_mini_crossbow_ads_base_up
xanim,#hash_83ac683a65dfda8
xanim,#hash_85a65b89b1d614b
xanim,#hash_85cb19f15ddbaec
xanim,#vm_ww_hand_charon_putaway
xanim,#ai_t8_zombie_base_run_au_win_trav_m_v1
xanim,#hash_8934857df6da389
xanim,#vm_zom_zhield_zpear_putaway_quick
xanim,#ai_zombie_smash_react_getup
xanim,#ai_t8_zm_red_spar_swrd_wlk_arrival_2
xanim,#hash_8f520b0a7e21bdd
xanim,#hash_8faaca812c737f7
xanim,#p8_fxanim_zm_towers_buyable_gate_02_b_close_anim
xanim,#vm_zom_zhield_zpear_fall
xanim,#ai_zombie_base_walk_ad_v19_pain_chest_f
xanim,#hash_938de5fa9eaa354
xanim,#hash_97cbaac63c9763a
xanim,#hash_99788272717f77c
xanim,#hash_9ab5971d81d1dfa
xanim,#pt_staff_crouch_raise
xanim,#vm_zom_zhield_zpear_jump
xanim,#hash_9fbdcce8543ae72
xanim,#p8_fxanim_zm_red_omphalos_crystal_front_01_anim
xanim,#ai_t8_zm_zod_catalyst_water_sprint_02
xanim,#ai_t8_zm_zod_catalyst_water_sprint_01
xanim,#hash_a5841790d950bae
xanim,#hash_a7d17da92cab0c5
xanim,#ai_t8_zm_zod_bltfthr_pain_knockdown_f_01
xanim,#bo3_ai_zombie_taunts_4
xanim,#hash_ab94a95ee4bfd1c
xanim,#hash_ad4c3ae272a653d
xanim,#ai_zm_dlc1_zombie_sprint_lowg_v3_pain_chest_f_alt
xanim,#hash_b129d5c419476c2
xanim,#ai_zombie_base_run_au_v11_pain_chest_f_alt
xanim,#hash_b795527fe22ba50
xanim,#vm_t8_swim_idle_static_dw
xanim,#hash_ba0302aac5e9eb9
xanim,#ai_t8_zm_zombie_base_walk_attack_14
xanim,#ai_t8_zm_zombie_base_walk_attack_15
xanim,#ai_t8_zm_zombie_base_walk_attack_11
xanim,#ai_t8_zm_zombie_base_walk_attack_12
xanim,#ai_t8_zm_zombie_base_walk_attack_09
xanim,#ai_t8_zm_zombie_base_walk_attack_08
xanim,#ai_t8_zm_zombie_base_walk_attack_07
xanim,#ai_t8_zm_zombie_base_walk_attack_06
xanim,#ai_t8_zm_zombie_base_walk_attack_05
xanim,#ai_t8_zm_zombie_base_walk_attack_04
xanim,#ai_t8_zm_zombie_base_walk_attack_02
xanim,#ai_t8_zm_zombie_base_walk_attack_01
xanim,#hash_bcc412aac83f687
xanim,#ai_t8_zm_zod_bltfthr_melee_swipe_right
xanim,#hash_bdb56d4e8499a39
xanim,#ai_t8_zm_red_spar_swrd_melee_02
xanim,#ai_t8_zm_red_spar_swrd_melee_03
xanim,#ai_t8_zm_red_spar_swrd_melee_01
xanim,#ai_t8_zm_red_spar_swrd_melee_06
xanim,#ai_t8_zm_red_spar_swrd_melee_07
xanim,#ai_t8_zm_red_spar_swrd_melee_04
xanim,#ai_t8_zm_red_spar_swrd_melee_05
xanim,#ai_t8_zm_red_spar_swrd_melee_08
xanim,#ai_t8_zm_red_spar_swrd_melee_09
xanim,#ai_t8_zm_red_spar_swrd_melee_10
xanim,#hash_c271bce91bf11f1
xanim,#hash_c3fadca5587f151
xanim,#ai_zombie_dr_jump_up_2_climb
xanim,#hash_c943225e804193e
xanim,#hash_c9bebb7f0c82372
xanim,#hash_c9bfdb7f0c84208
xanim,#hash_ca2a7d5c1a6f467
xanim,#vm_brass_knuckles_swim_to_land
xanim,#int_red_plant_lightning_rod
xanim,#ai_t8_zm_zombie_boardtear_aligned_m_1_grab
xanim,#ai_t8_zm_red_spar_swrd_run_melee_01
xanim,#ai_t8_zm_red_spar_swrd_run_melee_02
xanim,#ai_t8_zm_red_spar_swrd_run_melee_03
xanim,#ai_t8_zm_red_spar_swrd_run_melee_04
xanim,#ai_t8_zm_red_spar_swrd_run_melee_05
xanim,#ai_t8_zm_red_spar_swrd_run_melee_06
xanim,#ai_t8_zm_red_spar_swrd_run_melee_07
xanim,#ai_t8_zm_red_spar_swrd_run_melee_08
xanim,#ai_t8_zm_red_spar_spear_wlk_turn_135_r
xanim,#ai_t8_zm_red_spar_spear_wlk_turn_135_l
xanim,#hash_d0fa2b965c3b079
xanim,#hash_d0fbcb965c3dca7
xanim,#ai_t8_zm_red_spar_swrd_idle_twitch_06
xanim,#ai_t8_zm_red_spar_swrd_idle_twitch_04
xanim,#ai_t8_zm_red_spar_swrd_idle_twitch_05
xanim,#ai_t8_zm_red_spar_swrd_idle_twitch_03
xanim,#ai_t8_zm_red_spar_swrd_idle_twitch_01
xanim,#ai_t8_zm_red_spar_swrd_idle_twitch_08
xanim,#ai_t8_zm_red_spar_swrd_idle_twitch_09
xanim,#ai_t8_zm_red_spar_swrd_idle_twitch_10
xanim,#p8_fxanim_gp_raven_idle_eating_anim
xanim,#hash_d408b3ff573446d
xanim,#ai_t8_zm_red_spar_spear_wlk_exit_2
xanim,#ai_t8_zm_red_spar_spear_wlk_exit_3
xanim,#ai_t8_zm_red_spar_spear_wlk_exit_1
xanim,#ai_t8_zm_red_spar_spear_wlk_exit_6
xanim,#ai_t8_zm_red_spar_spear_wlk_exit_7
xanim,#ai_t8_zm_red_spar_spear_wlk_exit_4
xanim,#ai_t8_zm_red_spar_spear_wlk_exit_8
xanim,#ai_t8_zm_red_spar_spear_wlk_exit_9
xanim,#hash_d76fff5bea5e283
xanim,#hash_d7a0ff5bea8338a
xanim,#hash_d8493f5beb1685b
xanim,#ai_base_rifle_stn_run_dth_f_head_lt_1
xanim,#hash_da693f5bece4ec1
xanim,#hash_db56b14f3499122
xanim,#ai_zombie_base_run_turn_45_l_v2
xanim,#ai_t8_zm_red_spar_swrd_wlk_melee_01
xanim,#ai_zombie_base_sprint_turn_45_l_v2
xanim,#o_zombie_base_magic_box_teddy_rise
xanim,#ai_zombie_base_run_ad_v22_pain_chest_f
xanim,#hash_e4a3102d0ddd06e
xanim,#vm_zom_staff_crawl_in
xanim,#hash_e5f270162f2b611
xanim,#hash_e6d15a79613ac2e
xanim,#hash_e6f2c3c58460eef
xanim,#hash_e93179aaa2caa80
xanim,#hash_e9b353c586b5925
xanim,#p8_fxanim_zm_pap_disassemble_anim
xanim,#hash_ea572631e13bc67
xanim,#ai_zombie_base_walk_ad_v24_pain_chest_f
xanim,#ai_t8_zm_zod_bltfthr_stn_turn_r_135
xanim,#vm_mini_crossbow_swim_uw_b
xanim,#vm_mini_crossbow_swim_uw_f
xanim,#vm_mini_crossbow_swim_uw_l
xanim,#vm_mini_crossbow_swim_uw_r
xanim,#ai_zombie_base_crawl_sprint_v2
xanim,#ai_zombie_base_crawl_sprint_v3
xanim,#ai_zombie_base_crawl_sprint_v1
xanim,#hash_eba4d2c6ae57b1c
xanim,#ai_t8_zm_zod_bltfthr_stn_turn_r_180
xanim,#hash_f45e80f82b9bd65
xanim,#hash_f485d1ecc7c7455
xanim,#p8_fxanim_zm_zod_magic_box_plinth_anim
xanim,#hash_f6907709a6ebda1
xanim,#hash_f86fcd914fe4332
xanim,#hash_f886eb1a74d811d
xanim,#ai_zombie_base_fast_sprint_02_pain_chest_f_alt
xanim,#hash_fa0d0a586db3277
xanim,#hash_fd24e7adcfea730
xanim,#hash_fd9dfd3d08b4c03
xanim,#vm_zom_lightning_rod_jump_land
xanim,#vm_mini_crossbow_jump_land
xanim,#vm_zom_zhield_zpear_turret_ads_base_down
xanim,#ai_t8_zm_zombie_base_crawl_boardtear_aligned_m_6_pull
xanim,#vm_t8_swim_out_dw
xanim,#ai_t8_zm_zod_bltfthr_trv_jump_up_36
xanim,#ai_t8_zm_zod_bltfthr_trv_jump_up_48
xanim,#ai_t8_zm_zod_bltfthr_trv_jump_up_72
xanim,#ai_t8_zm_zod_bltfthr_trv_jump_up_96
xanim,#hash_1079f689aa7d5306
xanim,#vm_zom_sapling_ads_base_down
xanim,#vm_mini_crossbow_fire
xanim,#hash_1099844d4c26de5f
xanim,#hash_10a36aeafe8c3589
xanim,#hash_10bf9f26b28b6f7d
xanim,#hash_10c34b00c2661bc7
xanim,#ai_t8_zombie_base_sprint_au_v1_pain_chest_f_alt
xanim,#hash_10e77568e30fa2bc
xanim,#ai_zombie_base_dth_l_chest_hvy_00
xanim,#ai_zombie_base_dth_l_chest_hvy_03
xanim,#ai_zombie_base_dth_l_chest_hvy_02
xanim,#vm_zom_lightning_rod_jump
xanim,#vm_t8_swim_out_additive
xanim,#ai_zombie_base_run_ad_v11_pain_chest_f_alt
xanim,#hash_11334e9d34893f3a
xanim,#ai_zombie_base_walk_au_v6_pain_chest_f
xanim,#hash_115ed54cbdaa8363
xanim,#hash_115f93d93769c59f
xanim,#ai_zombie_base_dth_l_torso_lt
xanim,#p8_fxanim_zm_red_hemera_mirror_02_anim
xanim,#hash_118e79cfa7433701
xanim,#ai_zombie_base_run_au_v23_pain_chest_f_alt
xanim,#hash_119f0b07a96d45df
xanim,#ai_t8_zm_zod_catalyst_plasma_death_01
xanim,#ai_t8_zm_zod_catalyst_plasma_death_03
xanim,#ai_t8_zm_zod_catalyst_plasma_death_02
xanim,#hash_11a464f3900004a9
xanim,#ai_zombie_base_jump_down_48
xanim,#ai_zombie_base_jump_down_72
xanim,#hash_11b290d7c6fb5909
xanim,#ai_zombie_base_jump_down_36
xanim,#ai_zombie_base_walk_ad_v20_pain_chest_f_alt
xanim,#ai_zombie_base_jump_down_96
xanim,#vm_mini_crossbow_gunbutt_swipe
xanim,#p8_fxanim_zm_red_hemera_mirror_01_anim
xanim,#ai_zombie_base_walk_ad_v1_pain_chest_f_alt
xanim,#ai_t8_zm_red_spar_spear_wlk_slow_02
xanim,#ai_t8_zm_red_spar_spear_wlk_slow_01
xanim,#ai_zombie_base_walk_turn_45_r_v2
xanim,#vm_frag_grenade_cancel_additive
xanim,#hash_124435e7e9e7bfc4
xanim,#ai_zombie_base_dth_b_chest_lt_02
xanim,#ai_zombie_base_dth_b_chest_lt_03
xanim,#ai_zombie_base_run_turn_90_l_v3
xanim,#hash_1261c26d1bc75d04
xanim,#ai_t8_zm_zod_bltfthr_vomit_crafting_table
xanim,#vm_zom_sapling_pullout
xanim,#ai_zm_dlc1_zombie_run_lowg_v3_pain_chest_f
xanim,#hash_127c57ae8b464ced
xanim,#ai_t8_zm_zombie_base_crawl_boardtear_aligned_l_5_grab
xanim,#hash_12d8d714bfc1cb79
xanim,#ai_t8_zm_zombie_base_crawl_boardtear_aligned_l_4_grab
xanim,#hash_1346e3ed32b2ad80
xanim,#hash_134756b7dea64988
xanim,#hash_134b8090d1b4b580
xanim,#hash_134b8190d1b4b733
xanim,#hash_134b8390d1b4ba99
xanim,#hash_134b8490d1b4bc4c
xanim,#hash_134b8590d1b4bdff
xanim,#hash_134b8690d1b4bfb2
xanim,#hash_134b8790d1b4c165
xanim,#hash_134b8a90d1b4c67e
xanim,#hash_134b8b90d1b4c831
xanim,#hash_134f0390d1b7c9f0
xanim,#hash_134f0490d1b7cba3
xanim,#hash_134f0790d1b7d0bc
xanim,#hash_134f0890d1b7d26f
xanim,#hash_134f0990d1b7d422
xanim,#hash_134f0a90d1b7d5d5
xanim,#hash_1351f213bb086eef
xanim,#ai_zombie_base_walk_au_v23_pain_chest_f_alt
xanim,#hash_13920df3c2c4398c
xanim,#hash_13b1724ad253ccf1
xanim,#hash_13c0c900aa1bd882
xanim,#hash_13c7d0e087f516e1
xanim,#ai_t8_zm_zod_bltfthr_pain_knockdown_l_01
xanim,#ai_zombie_base_walk_au_v3_pain_chest_f_alt
xanim,#hash_14412386c809050e
xanim,#ai_t8_zm_red_spar_swrd_wlk_fast_01_pain_01
xanim,#ai_t8_zm_red_spar_swrd_wlk_fast_01_pain_02
xanim,#hash_146cb8ba2fd8454d
xanim,#p8_fxanim_zm_red_ww_shell_mound_anim
xanim,#ai_zm_dlc1_zombie_jump_up_lowg_v1
xanim,#hash_148f30a3ea038f73
xanim,#hash_14980f12106be4c6
xanim,#hash_14981012106be679
xanim,#ai_zombie_base_walk_au_sidestep_left_long
xanim,#o_zombie_base_packapunch_working_eject_gun
xanim,#hash_14bb0c27a2807612
xanim,#hash_14d31464a825c088
xanim,#ai_zombie_base_run_ad_v8_pain_chest_f
xanim,#vm_zom_zhield_zpear_first_raise
xanim,#vm_zom_zhield_zpear_pullout_quick
xanim,#ai_zombie_base_run_ad_v8
xanim,#ai_zombie_base_run_ad_v1
xanim,#ai_zombie_base_run_ad_v2
xanim,#ai_zombie_base_run_ad_v4
xanim,#ai_zombie_base_run_ad_v7
xanim,#hash_153788fed1d4c9ef
xanim,#hash_1542dee060cdf6c9
xanim,#hash_1544479ab0f4ac15
xanim,#hash_15505ee060d95aa5
xanim,#hash_1567daa31bf12b7a
xanim,#hash_157019e1ec5186a3
xanim,#hash_1573546ae440f1be
xanim,#ai_zombie_base_run_mantle_over_36
xanim,#hash_158beabd1bf14845
xanim,#ai_t8_zm_zod_catalyst_electric_idle_02
xanim,#ai_t8_zm_zod_catalyst_electric_idle_01
xanim,#ai_zombie_base_run_mantle_over_72
xanim,#ai_zombie_base_run_mantle_over_48
xanim,#ai_zombie_base_run_mantle_over_96
xanim,#ai_t8_zm_zombie_boardtear_aligned_l_4_grab
xanim,#hash_15c07774d292bfa0
xanim,#hash_15e2fe45a816bc67
xanim,#vm_mini_crossbow_swim_uw_out
xanim,#vm_frag_grenade_pullpin_bare_hands
xanim,#hash_1617c41cd4c466ab
xanim,#hash_165e709b31e17172
xanim,#hash_16680bfd781d9a47
xanim,#hash_16680cfd781d9bfa
xanim,#hash_16a654ab264c4436
xanim,#ai_zombie_base_walk_ad_v3
xanim,#ai_zombie_base_walk_ad_v2
xanim,#ai_zombie_base_walk_ad_v1
xanim,#ai_zombie_base_walk_ad_v7
xanim,#ai_zombie_base_walk_ad_v6
xanim,#ai_zombie_base_walk_ad_v5
xanim,#ai_zombie_base_walk_ad_v4
xanim,#ai_t8_zm_red_spar_swrd_wlk_slow_02_pain_01
xanim,#ai_t8_zm_red_spar_swrd_wlk_slow_02_pain_02
xanim,#hash_16c43a6cc144b8e4
xanim,#hash_16e54fbb0250ac09
xanim,#vm_frag_grenade_cancel_bare_hands_additive
xanim,#ai_t8_zm_red_spar_swrd_jump_up_128
xanim,#hash_16ed2d2d7091c3c0
xanim,#hash_16f1da161c58c356
xanim,#ai_t8_zm_zombie_base_crawl_boardtear_aligned_m_5_pull
xanim,#ai_t8_zm_zombie_base_walk_jump_up_96
xanim,#ai_t8_zm_zombie_base_walk_jump_up_48
xanim,#ai_t8_zm_zombie_base_walk_jump_up_72
xanim,#ai_t8_zm_zombie_base_walk_jump_up_36
xanim,#ai_t8_zm_red_spar_swrd_sprint_f_01_pain_02
xanim,#ai_t8_zm_red_spar_swrd_sprint_f_01_pain_01
xanim,#ai_zombie_base_walk_au_pain_head_v1
xanim,#hash_176f338e78f62e39
xanim,#vm_frag_grenade_cancel
xanim,#ai_t8_zm_zombie_base_attack_14
xanim,#ai_t8_zm_zombie_base_attack_15
xanim,#ai_t8_zm_zombie_base_attack_12
xanim,#ai_t8_zm_zombie_base_attack_13
xanim,#ai_t8_zm_zombie_base_attack_10
xanim,#ai_t8_zm_zombie_base_attack_11
xanim,#ai_t8_zm_zombie_base_attack_09
xanim,#ai_t8_zm_zombie_base_attack_08
xanim,#ai_t8_zm_zombie_base_attack_01
xanim,#ai_t8_zm_zombie_base_attack_03
xanim,#ai_t8_zm_zombie_base_attack_02
xanim,#ai_t8_zm_zombie_base_attack_05
xanim,#ai_t8_zm_zombie_base_attack_04
xanim,#ai_t8_zm_zombie_base_attack_07
xanim,#ai_t8_zm_zombie_base_attack_06
xanim,#ai_zombie_base_walk_ad_v23
xanim,#ai_zombie_base_walk_ad_v22
xanim,#ai_zombie_base_walk_ad_v21
xanim,#ai_zombie_base_walk_ad_v20
xanim,#ai_zombie_base_walk_ad_v25
xanim,#ai_zombie_base_walk_ad_v24
xanim,#ai_zombie_base_walk_ad_v19
xanim,#hash_17aa31180840af81
xanim,#ai_t8_zm_zombie_base_run_jump_up_48
xanim,#ai_t8_zm_zombie_base_run_jump_up_72
xanim,#ai_zombie_base_dth_r_head_lt
xanim,#ai_t8_zm_zombie_base_run_jump_up_36
xanim,#ai_t8_zm_zombie_base_run_jump_up_96
xanim,#hash_17d7ef94f2096bed
xanim,#ai_zm_dlc1_zombie_jump_up_36_down_180
xanim,#hash_17f284dc35f49bab
xanim,#ai_zm_dlc1_zombie_sprint_lowg_v4_pain_chest_f
xanim,#ai_t8_zm_zod_catalyst_water_arrival_7
xanim,#ai_t8_zm_zod_catalyst_water_arrival_6
xanim,#ai_t8_zm_zod_catalyst_water_arrival_4
xanim,#ai_t8_zm_zod_catalyst_water_arrival_3
xanim,#ai_t8_zm_zod_catalyst_water_arrival_2
xanim,#ai_t8_zm_zod_catalyst_water_arrival_1
xanim,#ai_t8_zm_zod_catalyst_water_arrival_9
xanim,#ai_t8_zm_zod_catalyst_water_arrival_8
xanim,#hash_181b6bb5f4b1856f
xanim,#ai_zombie_base_walk_ad_v24_pain_chest_f_alt
xanim,#ai_t8_zm_zombie_base_crawl_boardtear_aligned_r_6_grab
xanim,#hash_18759cf25362e442
xanim,#hash_188ba8f7cba47163
xanim,#ai_t8_zm_red_spar_spear_jump_down_72
xanim,#ai_t8_zm_red_spar_spear_jump_down_48
xanim,#ai_t8_zm_red_spar_spear_jump_down_36
xanim,#hash_18b689212520d196
xanim,#ai_zombie_base_sprint_turn_180_r_v3
xanim,#ai_t8_zm_red_spar_spear_jump_down_96
xanim,#vm_zom_lightning_rod_sprint_loop
xanim,#hash_18e2d0365229ac45
xanim,#hash_18ec33ec5e46ee6a
xanim,#ai_t8_zm_zod_bltfthr_stn_turn_r_45
xanim,#hash_190270555563a405
xanim,#ai_zombie_smash_react_f_flatonback
xanim,#ai_t8_zm_zod_bltfthr_stn_turn_r_90
xanim,#vm_zom_zhield_zpear_turret_ads_base_up
xanim,#hash_19550e61a03cdded
xanim,#hash_195f7594e10830df
xanim,#ai_t8_zombie_base_walk_au_win_trav_m_v1
xanim,#ai_t8_zombie_base_walk_au_win_trav_m_v2
xanim,#ai_t8_zombie_base_walk_au_win_trav_m_v3
xanim,#ai_t8_zm_zombie_boardtear_aligned_l_2_hold
xanim,#vm_t8_mantle_over_bare_hands_additive
xanim,#ai_zombie_base_crawl_jump_across_256
xanim,#ai_zombie_base_run_au_v2_pain_chest_f_alt
xanim,#hash_198eca81eff05e13
xanim,#ai_zm_dlc1_zombie_walk_lowg_v2_pain_chest_f
xanim,#p8_fxanim_zm_vapor_altar_odin_anim
xanim,#ai_zombie_base_dth_f_head_hvy_02
xanim,#ai_zombie_base_dth_f_head_hvy_03
xanim,#ai_zombie_base_dth_f_head_hvy_01
xanim,#ai_zombie_base_walk_ad_v5_pain_chest_f_alt
xanim,#vm_frag_grenade_throw_additive
xanim,#hash_1a09be510c452c07
xanim,#vm_zom_zhield_zpear_turret_pullout_alt
xanim,#ai_zombie_base_sprint_turn_90_r_v2
xanim,#hash_1a32e9fd605dceb7
xanim,#ai_t8_zm_zombie_base_run_jump_up_catwlk_160
xanim,#ai_t8_zombie_base_sprint_au_v22_pain_chest_f_alt
xanim,#ai_t8_zm_zombie_base_run_jump_up_catwlk_128
xanim,#hash_1a71bd752a07574f
xanim,#hash_1a796907b14b092e
xanim,#p8_fxanim_zm_red_hemera_mirror_03_anim
xanim,#p8_fxanim_zm_red_omphalos_crystal_left_03_anim
xanim,#hash_1a9fc0cd685a8ff4
xanim,#ai_t8_zm_zombie_boardtear_aligned_r_3_pull
xanim,#hash_1ac4706d8813f389
xanim,#hash_1ac8ac28a2194755
xanim,#hash_1afb9fed79f341bc
xanim,#hash_1afc62e47a4eac42
xanim,#ai_t8_zm_red_spar_swrd_rebuild_01
xanim,#ai_t8_zombie_base_sprint_ad_win_trav_l_v1
xanim,#hash_1b138ab3de2fc700
xanim,#hash_1b671c3243b06519
xanim,#ai_zombie_base_walk_ad_sidestep_right_long_b
xanim,#ai_zombie_base_walk_ad_sidestep_right_long_a
xanim,#ai_zombie_base_run_jump_down_128
xanim,#hash_1be2101cb9181fb2
xanim,#ai_t8_zombie_base_win_attack_arm_l_out
xanim,#ai_t8_zm_zombie_base_crawl_boardtear_aligned_r_2_pull
xanim,#hash_1c09e1f54974bf62
xanim,#hash_1c22cb58433805d0
xanim,#hash_1c22cd5843380936
xanim,#hash_1c22ce5843380ae9
xanim,#hash_1c22cf5843380c9c
xanim,#hash_1c22d05843380e4f
xanim,#hash_1c22d258433811b5
xanim,#ai_zombie_base_dth_r_torso_lt
xanim,#ai_zombie_base_run_ad_v4_pain_chest_f
xanim,#ai_t8_zombie_base_sprint_au_v1_pain_chest_f
xanim,#ai_t8_zombie_base_crawl_run_win_trav_l_v1
xanim,#vm_ww_hand_charon_crawl_out
xanim,#ai_t8_zm_red_spar_swrd_wlk_exit_9
xanim,#ai_t8_zm_red_spar_swrd_wlk_exit_8
xanim,#ai_t8_zm_red_spar_swrd_wlk_exit_7
xanim,#ai_t8_zm_red_spar_swrd_wlk_exit_6
xanim,#ai_t8_zm_red_spar_swrd_wlk_exit_4
xanim,#ai_t8_zm_red_spar_swrd_wlk_exit_3
xanim,#ai_t8_zm_red_spar_swrd_wlk_exit_2
xanim,#ai_t8_zm_red_spar_swrd_wlk_exit_1
xanim,#p8_fxanim_zm_red_oil_trail_03_anim
xanim,#hash_1c9592c9a2530900
xanim,#hash_1cad39c0bf9a2a10
xanim,#hash_1cd1b1ad9094b20f
xanim,#vm_zom_zhield_zpear_turret_fire_delay
xanim,#hash_1cda2d87ca942c45
xanim,#o_t8_zm_zombie_board_5_repair
xanim,#hash_1cff487ffa82a26b
xanim,#ai_t8_zm_zombie_base_crawl_boardtear_aligned_r_4_pull
xanim,#hash_1d3b243c55e6ebcd
xanim,#hash_1d52b8ea4eee3834
xanim,#hash_1d52bbea4eee3d4d
xanim,#ai_zombie_base_walk_turn_180_r_v3
xanim,#ai_t8_zm_zombie_boardtear_aligned_l_3_hold
xanim,#ai_t8_zombie_base_crawl_run_win_trav_r_v1
xanim,#hash_1d9a6c73ed9407a3
xanim,#hash_1da3a8feefad2b4a
xanim,#ai_zombie_base_walk_ad_sidestep_right_short
xanim,#ai_zombie_base_mantle_over_128
xanim,#hash_1de00077bd892bc2
xanim,#hash_1dea925b62219fc9
xanim,#ai_t8_zm_red_spar_swrd_sprint_f_01
xanim,#ai_t8_zm_zombie_base_run_jump_down_72
xanim,#ai_t8_zm_zombie_base_run_jump_down_48
xanim,#hash_1dfeb624bde6bb9f
xanim,#hash_1dfeb724bde6bd52
xanim,#ai_zombie_base_walk_ad_sidestep_left_short
xanim,#ai_zombie_base_dth_r_chest_hvy_03
xanim,#ai_zombie_base_dth_r_chest_hvy_02
xanim,#ai_zombie_base_dth_r_chest_hvy_01
xanim,#ai_t8_zm_zombie_base_run_jump_down_36
xanim,#vm_t8_swim_idle_static_additive
xanim,#hash_1e24a18e037cb4ec
xanim,#ai_t8_zm_zombie_base_run_jump_down_96
xanim,#ai_zombie_base_walk_au_v13
xanim,#ai_zombie_base_walk_au_v12
xanim,#ai_zombie_base_walk_au_v11
xanim,#ai_zombie_base_walk_au_v10
xanim,#ai_zombie_base_walk_au_v15
xanim,#ai_zombie_base_walk_au_v23
xanim,#ai_zombie_base_walk_au_v20
xanim,#ai_zombie_base_walk_au_v21
xanim,#vm_frag_grenade_cancel_bare_hands
xanim,#ai_t8_zm_zod_bltfthr_trv_jump_dn_128
xanim,#ai_t8_zm_zombie_boardtear_aligned_l_3_grab
xanim,#hash_1e5c168b521ab7cd
xanim,#ai_zombie_base_run_jump_up_96
xanim,#ai_zombie_base_run_jump_up_48
xanim,#ai_zombie_base_run_jump_up_72
xanim,#hash_1e7a918b5234865d
xanim,#ai_zombie_base_run_jump_up_36
xanim,#ai_t8_zm_zod_bltfthr_trv_mantle_96
xanim,#ai_t8_zm_zod_bltfthr_trv_mantle_72
xanim,#ai_t8_zm_zod_bltfthr_trv_mantle_40
xanim,#ai_t8_zm_zod_bltfthr_trv_mantle_48
xanim,#ai_t8_zm_zod_bltfthr_trv_mantle_36
xanim,#hash_1ed338d985d37961
xanim,#ai_t8_zm_zod_bltfthr_melee_swipe_left
xanim,#ai_zm_dlc1_zombie_jump_up_36_down_244
xanim,#hash_1f382f68ee8b60e3
xanim,#hash_1f54cb8b69e72d12
xanim,#ai_t8_zm_red_spar_swrd_dth_02
xanim,#ai_t8_zm_red_spar_swrd_dth_00
xanim,#ai_t8_zombie_base_sprint_au_v2_pain_chest_f_alt
xanim,#p8_fxanim_zm_red_spartoi_rise_anim
xanim,#ai_t8_zm_zombie_base_crawl_boardtear_aligned_m_6_grab
xanim,#hash_1fa3435d309bff80
xanim,#ai_zombie_base_walk_au_v2_pain_chest_f_alt
xanim,#ai_t8_zm_zombie_base_crawl_boardtear_aligned_l_6_pull
xanim,#ai_zm_dlc1_zombie_run_lowg_v4_pain_chest_f_alt
xanim,#hash_1fca781bef77f9de
xanim,#ai_zombie_base_run_ad_v12_pain_chest_f_alt
xanim,#p8_fxanim_zm_red_buyable_barricade_lrg_crush_anim
xanim,#ai_t8_zm_zod_bltfthr_stn_turn_l_180
xanim,#ai_t8_zm_zod_bltfthr_stn_turn_l_135
xanim,#vm_zom_zhield_zpear_fire_delay
xanim,#ai_zombie_base_walk_au_v12_pain_chest_f_alt
xanim,#vm_riotshield_zm_putaway
xanim,#ai_zombie_base_run_au_v20_pain_chest_f_alt
xanim,#hash_2085cd201a9bd7cc
xanim,#hash_2086be72892773b8
xanim,#ai_zombie_smash_react_f_upontoback
xanim,#ai_t8_zm_red_spar_swrd_run_exit_2
xanim,#ai_t8_zm_red_spar_swrd_run_exit_3
xanim,#ai_t8_zm_red_spar_swrd_run_exit_1
xanim,#ai_t8_zm_red_spar_swrd_run_exit_6
xanim,#ai_t8_zm_red_spar_swrd_run_exit_7
xanim,#ai_t8_zm_red_spar_swrd_run_exit_4
xanim,#ai_t8_zm_red_spar_swrd_run_exit_8
xanim,#ai_t8_zm_red_spar_swrd_run_exit_9
xanim,#hash_20b645bab7991b15
xanim,#ai_t8_zm_zombie_base_crawl_boardtear_aligned_l_3_grab
xanim,#ai_zombie_base_sprint_au_sidestep_right_long_b
xanim,#ai_zombie_base_sprint_au_sidestep_right_long_a
xanim,#p8_fxanim_zm_red_oil_trail_02_anim
xanim,#ai_t8_zm_zod_bltfthr_pain_getup_l_01
xanim,#hash_20f5e20203923d67
xanim,#ai_zm_dlc1_zombie_walk_lowg_v4_pain_chest_f
xanim,#hash_21527d49a7c2f74c
xanim,#ai_t8_zombie_base_win_attack_arm_r_out
xanim,#hash_218c70acf53e65e5
xanim,#hash_21915467096e43f1
xanim,#hash_21abe3893efc61f4
xanim,#vm_mini_crossbow_swim_to_land
xanim,#ai_t8_zm_zombie_base_sprint_mantle_over_36
xanim,#hash_21b31ac1d79bf3ae
xanim,#ai_zm_dlc1_zombie_crawl_jump_up_180_down_36
xanim,#ai_zombie_base_sprint_ad_sidestep_right_short
xanim,#hash_220af3201914cecf
xanim,#ai_t8_zm_zombie_boardtear_aligned_r_4_pull
xanim,#ai_t8_zm_red_spar_swrd_jump_down_36
xanim,#ai_t8_zm_red_spar_swrd_jump_down_48
xanim,#ai_zm_dlc1_zombie_sprint_lowg_v2_pain_chest_f_alt
xanim,#ai_t8_zm_red_spar_swrd_jump_down_72
xanim,#ai_t8_zm_zombie_boardtear_aligned_m_5_pull
xanim,#hash_22471c78f130f2a6
xanim,#ai_t8_zm_red_spar_swrd_jump_down_96
xanim,#ai_t8_zm_zod_bltfthr_tongue_attack_loop
xanim,#hash_2260f7454ea0561f
xanim,#o_t8_zm_zombie_board_6_pull
xanim,#vm_zom_lightning_rod_sprint_putaway
xanim,#p8_fxanim_zm_vapor_altar_odin_off_anim
xanim,#hash_22836d39049f7de9
xanim,#p8_fxanim_zm_red_bellows_wheel_anim
xanim,#ai_t8_zm_red_spar_spear_jump_up_48
xanim,#ai_t8_zm_red_spar_spear_jump_up_72
xanim,#hash_228fdbfecb5f06e1
xanim,#p8_fxanim_zm_red_shrine_charon_lantern_anim
xanim,#ai_t8_zm_red_spar_spear_jump_up_36
xanim,#ai_t8_zm_red_spar_spear_jump_up_96
xanim,#hash_22b72a331ce9af12
xanim,#hash_22b83337efcd1070
xanim,#hash_2302a7496c96993e
xanim,#hash_230c20104e59e863
xanim,#ai_t8_zm_red_spar_swrd_run_05_pain_01
xanim,#ai_t8_zm_red_spar_swrd_run_05_pain_02
xanim,#hash_231de5362d15ffea
xanim,#ai_zombie_base_jump_up_128
xanim,#ai_zombie_base_jump_up_160
xanim,#vm_mini_crossbow_crawl_out
xanim,#ai_t8_zombie_base_crawl_win_trav_m_v1
xanim,#ai_t8_zombie_base_crawl_win_trav_m_v2
xanim,#vm_mini_crossbow_pullout
xanim,#ai_t8_zm_zombie_boardtear_aligned_m_6_grab
xanim,#hash_23dcfcfff0f885d1
xanim,#hash_24036b1a3446e4ee
xanim,#hash_2405d48aad3c5cf8
xanim,#hash_2420b4cb70ce1cc5
xanim,#hash_2427bc48eb32879e
xanim,#hash_2427c648eb32989c
xanim,#hash_2427cc48eb32a2ce
xanim,#hash_2427d048eb32a99a
xanim,#ai_t8_zm_zombie_base_run_jump_down_128
xanim,#hash_248375178d5cc98e
xanim,#hash_249513f8f30a5a4e
xanim,#ai_t8_zm_zombie_base_crawl_boardtear_aligned_m_2_hold
xanim,#ai_t8_zm_zombie_base_crawl_jump_down_128
xanim,#ai_t8_zm_zombie_base_crawl_jump_down_160
xanim,#hash_24f14127c74ebf4c
xanim,#hash_2512fffe85010185
xanim,#ai_t8_zm_zombie_base_crawl_boardtear_aligned_l_5_hold
xanim,#vm_zom_zhield_zpear_putaway
xanim,#hash_25402fb7b475d216
xanim,#hash_254c8411ec6fbd95
xanim,#pt_brawler_stand_raise
xanim,#hash_256f39ab0903ccae
xanim,#p8_fxanim_zm_packapunch_worldguns_small_ejected
xanim,#p8_fxanim_zm_red_omphalos_crystal_right_03_anim
xanim,#vm_zom_zhield_zpear_stab
xanim,#hash_25d3aa55cc146ae2
xanim,#ai_t8_zm_zombie_base_crawl_boardtear_aligned_r_1_grab
xanim,#vm_mini_crossbow_walk_f
xanim,#ai_t8_zombie_base_sprint_au_v20_pain_chest_f_alt
xanim,#hash_26387c3e3a49e392
xanim,#hash_2652aa11afd99be2
xanim,#p8_fxanim_zm_office_wormhole_anim
xanim,#hash_268ba48e3fbd4759
xanim,#vm_zom_sapling_jump
xanim,#vm_frag_grenade_throw_bare_hands
xanim,#hash_26d1f87337bd7ab3
xanim,#hash_26d1f97337bd7c66
xanim,#hash_26d1fa7337bd7e19
xanim,#hash_26d1fb7337bd7fcc
xanim,#p8_fxanim_zm_red_ww_shell_rubble_anim
xanim,#hash_26f4b536276afe5c
xanim,#ai_zombie_base_run_turn_180_r_v2
xanim,#hash_27063c253c448924
xanim,#hash_270b07bbaa4a4f71
xanim,#hash_274795b7050af36c
xanim,#hash_277367eb6bb01383
xanim,#ai_zombie_smash_react_b_faceplant
xanim,#ai_t8_zm_red_spar_swrd_run_turn_90_r
xanim,#ai_t8_zm_red_spar_swrd_run_turn_90_l
xanim,#hash_2795164881589148
xanim,#hash_27a31b210e31fe61
xanim,#ai_t8_zm_zod_catalyst_corrosive_death_01_scale
xanim,#ai_zombie_base_dth_l_chest_lt_02
xanim,#ai_zombie_base_dth_l_chest_lt_03
xanim,#hash_27dceec02c1fc6ab
xanim,#hash_27e01a488198838e
xanim,#ai_t8_zm_zombie_base_crawl_trv_mantle_window_50
xanim,#hash_280dbfc86d397d17
xanim,#ai_t8_zm_zombie_base_crawl_trv_mantle_window_34
xanim,#hash_28155a67e6984ed3
xanim,#ai_t8_zombie_base_walk_pain_10
xanim,#ai_t8_zombie_base_walk_pain_11
xanim,#ai_t8_zombie_base_walk_pain_12
xanim,#ai_t8_zombie_base_walk_pain_13
xanim,#ai_t8_zombie_base_walk_pain_14
xanim,#ai_t8_zm_zombie_boardtear_aligned_r_5_pull
xanim,#ai_t8_zombie_base_walk_pain_03
xanim,#ai_t8_zombie_base_walk_pain_02
xanim,#ai_t8_zombie_base_walk_pain_01
xanim,#ai_t8_zombie_base_walk_pain_07
xanim,#ai_t8_zombie_base_walk_pain_06
xanim,#ai_t8_zombie_base_walk_pain_05
xanim,#ai_t8_zombie_base_walk_pain_04
xanim,#ai_t8_zombie_base_walk_pain_09
xanim,#ai_t8_zombie_base_walk_pain_08
xanim,#ai_t8_zm_zombie_base_crawl_boardtear_aligned_m_5_hold
xanim,#hash_28487755175a5431
xanim,#ai_zombie_base_walk_au_pain_legs_v1
xanim,#o_t8_zm_zombie_board_2_repair
xanim,#hash_2883ca95a09592f2
xanim,#vm_zom_staff_crawl_out
xanim,#ai_t8_zombie_base_walk_ad_win_trav_m_v1
xanim,#ai_t8_zombie_base_walk_ad_win_trav_m_v3
xanim,#ai_t8_zombie_base_walk_ad_win_trav_m_v2
xanim,#p8_fxanim_zm_vapor_altar_danu_off_anim
xanim,#ai_zombie_dr_crawl_jump_up_2_climb
xanim,#ai_t8_zm_zombie_base_crawl_mantle_up_80_dn_36
xanim,#hash_28d8b14b4db0d2ec
xanim,#hash_2904cbc897a38e67
xanim,#hash_293d86a08c5a041d
xanim,#hash_296c44d55588c2c5
xanim,#hash_2985396b78831d11
xanim,#hash_29c728b78c027fa0
xanim,#ai_t8_zm_red_spar_swrd_wlk_slow_01
xanim,#ai_t8_zm_red_spar_swrd_wlk_slow_02
xanim,#ai_t8_zm_zombie_base_trv_zipline_lighthouse
xanim,#hash_29ea21a9fcbf8603
xanim,#hash_29ec3999129491e6
xanim,#hash_29fe22b9c72b1975
xanim,#hash_2a0a27dbd3a0b13c
xanim,#ai_t8_zm_zombie_boardtear_aligned_r_4_hold
xanim,#vm_zom_zhield_zpear_sprint_putaway
xanim,#ai_t8_zm_red_spar_spear_idle_01
xanim,#ai_t8_zm_red_spar_spear_idle_02
xanim,#ai_t8_zm_zombie_boardtear_aligned_m_4_pull
xanim,#hash_2a225a2bbea5ec8f
xanim,#ai_zombie_base_run_ad_v8_pain_chest_f_alt
xanim,#hash_2a341de816e518cd
xanim,#ai_zombie_base_run_au_sidestep_left_long_c
xanim,#ai_zombie_base_run_au_sidestep_left_long_b
xanim,#ai_zombie_base_run_au_sidestep_left_long_a
xanim,#ai_t8_zm_red_spar_swrd_jump_up_96
xanim,#p8_fxanim_zm_zod_magic_box_open_idle_anim
xanim,#ai_t8_zm_red_spar_swrd_jump_up_72
xanim,#ai_t8_zm_red_spar_swrd_jump_up_48
xanim,#ai_t8_zm_red_spar_swrd_jump_up_36
xanim,#ai_t8_zombie_base_sprint_ad_v5_pain_chest_f_alt
xanim,#ai_t8_zm_zombie_base_crawl_boardtear_aligned_l_6_grab
xanim,#hash_2a87ddec6cc7abb6
xanim,#vm_zom_zhield_zpear_sprint_in
xanim,#hash_2acd47e2d1024a2d
xanim,#ai_zombie_base_jump_down_160
xanim,#hash_2ad42246abf71b59
xanim,#ai_zombie_base_jump_down_128
xanim,#ai_t8_zm_zombie_base_walk_jump_down_96
xanim,#hash_2ae9a56761db1146
xanim,#ai_t8_zm_zombie_base_walk_jump_down_72
xanim,#ai_t8_zm_zombie_base_walk_jump_down_48
xanim,#ai_t8_zm_zombie_base_walk_jump_down_36
xanim,#ai_zombie_base_dth_f_l_arm_lt_00
xanim,#ai_zombie_base_dth_f_l_arm_lt_01
xanim,#vm_mini_crossbow_sprint_in
xanim,#vm_zom_zhield_zpear_turret_melee
xanim,#hash_2b36d1f86eba07c2
xanim,#hash_2b439537c32c9bb4
xanim,#ai_zombie_base_walk_au_pain_torso_v1
xanim,#hash_2b5f26bfc3b370b1
xanim,#hash_2b61e9f24c1bd3ac
xanim,#ai_zombie_base_fast_sprint_01_pain_chest_f_alt
xanim,#hash_2b96a042642dfa09
xanim,#ai_t8_zm_red_spar_swrd_dth_00_loop
xanim,#hash_2be0119ac3e73cd5
xanim,#vm_zom_zhield_zpear_sprint_out
xanim,#ai_zombie_base_run_ad_v22_pain_chest_f_alt
xanim,#hash_2c45fb851781efea
xanim,#ai_zombie_base_run_ad_v14_pain_chest_f
xanim,#ai_t8_zm_red_spar_spear_wlk_slow_01_pain_01
xanim,#ai_t8_zm_red_spar_spear_wlk_slow_01_pain_02
xanim,#hash_2cce8bd542bed62f
xanim,#vm_zom_zhield_zpear_walk_f
xanim,#ai_zombie_base_sprint_turn_135_l_v2
xanim,#ai_zombie_base_walk_au_sidestep_left_short
xanim,#ai_zm_dlc1_zombie_sprint_lowg_v1_pain_chest_f
xanim,#hash_2d084f05e657de13
xanim,#hash_2d1474b0b8e7da7a
xanim,#ai_zombie_base_walk_au_v1
xanim,#ai_zombie_base_walk_au_v2
xanim,#ai_zombie_base_walk_au_v3
xanim,#ai_zombie_base_walk_au_v4
xanim,#ai_zombie_base_walk_au_v5
xanim,#ai_zombie_base_walk_au_v6
xanim,#ai_zombie_base_walk_au_v7
xanim,#ai_zombie_base_walk_au_v8
xanim,#ai_zm_dlc1_zombie_sprint_lowg_v1
xanim,#ai_zm_dlc1_zombie_sprint_lowg_v3
xanim,#ai_zm_dlc1_zombie_sprint_lowg_v2
xanim,#ai_zm_dlc1_zombie_sprint_lowg_v4
xanim,#hash_2d483270fad8e9d7
xanim,#hash_2d6ed2bfd13602bf
xanim,#hash_2d71b75bff91e980
xanim,#ai_zombie_base_walk_au_v2_pain_chest_f
xanim,#ai_t8_zm_zombie_base_crawl_jump_down_256
xanim,#ai_t8_zm_red_spar_spear_run_melee_01
xanim,#ai_t8_zm_red_spar_spear_run_melee_03
xanim,#ai_t8_zm_red_spar_spear_run_melee_02
xanim,#hash_2dfdc3c2a1cb7e85
xanim,#ai_t8_zm_red_spar_spear_wlk_fast_01
xanim,#ai_t8_zm_red_spar_spear_wlk_fast_02
xanim,#hash_2e131255801d7a47
xanim,#ai_zombie_base_fast_sprint_01_pain_chest_f
xanim,#ai_zombie_base_sprint_turn_45_r_v2
xanim,#ai_t8_zm_red_spar_swrd_run_arrival_2
xanim,#hash_2e43d49b13f6077d
xanim,#ai_zombie_base_run_turn_45_r_v2
xanim,#pt_staff_stand_raise
xanim,#hash_2e65b124b994d687
xanim,#hash_2e6b1a8b70fdbfb1
xanim,#vm_riotshield_zm_sprint_loop
xanim,#ai_zombie_base_sprint_au_sidestep_left_long_b
xanim,#ai_zombie_base_sprint_au_sidestep_left_long_a
xanim,#ai_t8_zombie_base_crawl_sprint_win_trav_l_v1
xanim,#hash_2e94f94fa9e0971a
xanim,#hash_2e9f3093dfb0d7d3
xanim,#ai_t8_zm_zod_bltfthr_tongue_grab_stagger_incl_45
xanim,#vm_ww_hand_charon_sprint_out
xanim,#o_t8_zm_zombie_board_3_pull
xanim,#hash_2ece2719006714e6
xanim,#hash_2edbd92c43030ffc
xanim,#hash_2ee425ffb2d2a066
xanim,#hash_2ee427ffb2d2a3cc
xanim,#hash_2ee428ffb2d2a57f
xanim,#hash_2ee42affb2d2a8e5
xanim,#hash_2f36d19c6d5eb655
xanim,#p8_fxanim_zm_red_omphalos_crystal_right_02_anim
xanim,#hash_2f41ed2c4359e52a
xanim,#hash_2f8476418bf8c25d
xanim,#hash_2f85252c4a31d6a5
xanim,#hash_2f8bc20d933e12c9
xanim,#hash_2f97b4af7cd2a322
xanim,#ai_t8_zm_zombie_boardtear_aligned_r_2_grab
xanim,#ai_zombie_base_run_ad_v7_pain_chest_f_alt
xanim,#hash_2ff1632e8fed1e4d
xanim,#hash_2ff3c1f06aabc68c
xanim,#hash_300221ef120ff472
xanim,#hash_300222ef120ff625
xanim,#hash_300223ef120ff7d8
xanim,#hash_300224ef120ff98b
xanim,#hash_300225ef120ffb3e
xanim,#hash_300226ef120ffcf1
xanim,#hash_300227ef120ffea4
xanim,#hash_300228ef12100057
xanim,#hash_30022aef121003bd
xanim,#ai_zombie_base_run_ad_sidestep_left_long_a
xanim,#ai_zombie_base_run_ad_sidestep_left_long_b
xanim,#hash_30058fef1212e533
xanim,#hash_301cf56fa9daf0de
xanim,#hash_301f9821a64d9f29
xanim,#hash_302473fd2a33a037
xanim,#hash_30286fa520b4a6d5
xanim,#hash_303ef16fa9f7d078
xanim,#hash_306c55ece3d47375
xanim,#ai_t8_zm_zombie_boardtear_aligned_l_5_grab
xanim,#ai_zombie_smash_react_b_forwardtoface
xanim,#vm_t8_swim_in_dw
xanim,#vm_frag_grenade_loop_additive
xanim,#ai_zombie_base_run_au_v20_pain_chest_f
xanim,#ai_zombie_base_run_ad_v1_pain_chest_f_alt
xanim,#hash_30c1d7c3e99f6c2d
xanim,#ai_t8_zm_zombie_boardtear_aligned_r_4_grab
xanim,#vm_mini_crossbow_first_raise
xanim,#hash_30d48376fce532b0
xanim,#ai_zombie_base_walk_ad_v19_pain_chest_f_alt
xanim,#hash_30d6e0da052776e1
xanim,#vm_t8_mantle_over_buckler
xanim,#vm_frag_grenade_loop_bare_hands_additive
xanim,#ai_t8_zm_zombie_base_crawl_boardtear_aligned_m_3_hold
xanim,#hash_311afd62cbadec4b
xanim,#hash_313570687b47113f
xanim,#ai_t8_zm_zombie_base_crawl_jump_up_96
xanim,#ai_t8_zm_zombie_base_crawl_jump_up_36
xanim,#ai_t8_zm_zombie_base_crawl_jump_up_72
xanim,#void
xanim,#hash_317414c336a9dad9
xanim,#ai_t8_zm_zombie_base_crawl_jump_up_48
xanim,#ai_t8_zombie_base_run_pain_move_r_02
xanim,#ai_t8_zombie_base_run_pain_move_r_03
xanim,#ai_t8_zombie_base_run_pain_move_r_01
xanim,#ai_t8_zombie_base_run_pain_move_r_06
xanim,#ai_t8_zombie_base_run_pain_move_r_04
xanim,#ai_t8_zombie_base_run_pain_move_r_05
xanim,#hash_3196b6e6aa1534e6
xanim,#ai_zombie_base_dth_r_chest_lt_00
xanim,#ai_zombie_base_dth_r_chest_lt_01
xanim,#ai_zombie_base_dth_r_chest_lt_03
xanim,#ai_zm_dlc1_zombie_run_lowg_v4_pain_chest_f
xanim,#ai_zombie_cp_crawl_jump_up_128_down_32
xanim,#ai_t8_zm_zod_bltfthr_stn_turn_l_45
xanim,#ai_t8_zm_zod_bltfthr_stn_turn_l_90
xanim,#ai_t8_zm_zod_bltfthr_backsacs_add
xanim,#hash_3255afe7a78ca4e6
xanim,#ai_t8_zm_zod_bltfthr_tongue_attack_hit_end
xanim,#hash_32793eb4f96dcf98
xanim,#ai_t8_zm_zombie_base_trv_mantle_window_34
xanim,#hash_32f1094276027bed
xanim,#ai_t8_zm_zombie_base_trv_mantle_window_50
xanim,#ai_zombie_smash_react_f_doublebounce
xanim,#hash_334406affbfb42e5
xanim,#hash_33589d5c69085293
xanim,#ai_zombie_base_dth_f_chest_hvy_02
xanim,#ai_zombie_base_dth_f_chest_hvy_01
xanim,#ai_zombie_base_dth_f_chest_hvy_00
xanim,#vm_ww_hand_charon_idle
xanim,#hash_336e7f296c195892
xanim,#ai_zombie_base_walk_au_v7_pain_chest_f_alt
xanim,#hash_33971f7745b819ca
xanim,#hash_3397217745b81d30
xanim,#vm_mini_crossbow_swim_uw_sprint_in
xanim,#ai_zombie_smash_react_getup_a
xanim,#ai_zombie_smash_react_getup_b
xanim,#ai_zombie_smash_react_getup_c
xanim,#hash_33dae3414fb23f93
xanim,#vm_brass_knuckles_swim_uw_idle
xanim,#hash_3413024d8f7f6912
xanim,#hash_34248b601e2aae82
xanim,#hash_342d71b592105fc8
xanim,#hash_342d74b5921064e1
xanim,#hash_34578d22a4a65c92
xanim,#ai_t8_zm_zombie_boardtear_aligned_m_2_grab
xanim,#ai_zombie_base_crawl_jump_across_128
xanim,#hash_34828ccb9d15048a
xanim,#ai_zombie_base_walk_ad_v21_pain_chest_f_alt
xanim,#ai_t8_zm_zod_catalyst_water_idle_01
xanim,#hash_34a00306bf162bc3
xanim,#ai_t8_zm_red_spar_spear_run_f_03
xanim,#ai_t8_zm_red_spar_spear_run_f_02
xanim,#ai_t8_zm_red_spar_spear_run_f_01
xanim,#ai_t8_zm_red_spar_spear_run_f_04
xanim,#ai_zombie_base_walk_au_sidestep_right_short
xanim,#ai_t8_zm_zod_catalyst_plasma_sprint_01
xanim,#ai_t8_zm_zod_bltfthr_pain_stun_loop
xanim,#hash_3510baf1e5637c40
xanim,#ai_t8_zombie_base_sprint_ad_v24_pain_chest_f_alt
xanim,#ai_t8_zm_red_spar_spear_wlk_turn_180
xanim,#vm_riotshield_zm_sprint_out
xanim,#hash_353af49da4fe45c0
xanim,#hash_353b129da4fe78ba
xanim,#vm_zom_zhield_zpear_sprint_loop
xanim,#vm_mini_crossbow_crawl_l
xanim,#vm_mini_crossbow_crawl_f
xanim,#vm_mini_crossbow_crawl_b
xanim,#vm_mini_crossbow_crawl_r
xanim,#hash_35701168ba2f9343
xanim,#ai_t8_zm_zod_bltfthr_run_turn_l_180
xanim,#hash_35906b8d3cf1e3b1
xanim,#ai_t8_zm_zod_bltfthr_run_turn_l_135
xanim,#ai_t8_zm_red_spar_swrd_stun_01
xanim,#ai_t8_zm_red_spar_swrd_stun_02
xanim,#ai_t8_zm_red_spar_swrd_stun_03
xanim,#ai_t8_zm_red_spar_swrd_stun_04
xanim,#ai_t8_zm_red_spar_swrd_stun_05
xanim,#ai_zombie_base_run_ad_v12_pain_chest_f
xanim,#ai_t8_zm_red_spar_spear_wlk_arrival_2
xanim,#hash_35bea73a88aec315
xanim,#hash_35cd8d568914d662
xanim,#ai_zombie_base_dth_f_r_arm_hvy_00
xanim,#hash_35f1891990ccf5f4
xanim,#hash_35f30ced8e3552a9
xanim,#ai_zombie_base_walk_au_v10_pain_chest_f_alt
xanim,#vm_zom_lightning_rod_putaway
xanim,#ai_t8_zm_zod_bltfthr_trv_jump_up_128
xanim,#hash_36b0cff1e25ac77b
xanim,#ai_zombie_base_sprint_turn_90_l_v2
xanim,#hash_36e6001622e8eea9
xanim,#hash_36e8d83234fce031
xanim,#hash_370cc02474a59dec
xanim,#vm_ww_hand_charon_fall
xanim,#hash_371c9c29ea2a2a6a
xanim,#vm_zom_sapling_idle
xanim,#ai_t8_zm_red_spar_spear_mantle_over_96
xanim,#ai_t8_zm_red_spar_spear_mantle_over_72
xanim,#ai_t8_zm_red_spar_spear_mantle_over_40
xanim,#ai_t8_zm_red_spar_spear_mantle_over_48
xanim,#ai_t8_zm_red_spar_spear_mantle_over_36
xanim,#ai_zombie_dr_jump_down_72
xanim,#vm_t8_mantle_over_bare_hands
xanim,#ai_zombie_dr_jump_down_96
xanim,#vm_t8_swim_r_dw
xanim,#ai_t8_zm_zod_bltfthr_spawn
xanim,#hash_37d2a8fb4e022396
xanim,#o_t8_zm_zombie_board_2_pull
xanim,#ai_t8_zm_red_spar_spear_run_f_02_pain_02
xanim,#ai_t8_zm_red_spar_spear_run_f_02_pain_01
xanim,#ai_zombie_base_run_au_v9_pain_chest_f_alt
xanim,#hash_37f56e36ed9a30f1
xanim,#ai_t8_zm_zombie_boardtear_aligned_l_1_pull
xanim,#ai_t8_zombie_base_crawl_win_trav_r_v1
xanim,#ai_t8_zm_zombie_boardtear_aligned_r_1_hold
xanim,#ai_t8_zm_red_spar_spear_run_arrival_2
xanim,#hash_38575747507b2120
xanim,#ai_t8_zombie_base_sprint_ad_v22_pain_chest_f_alt
xanim,#ai_zombie_base_dth_f_r_arm_lt_00
xanim,#hash_38a9714c7f210ab4
xanim,#hash_38bfd1ace1d802e9
xanim,#vm_brass_knuckles_swim_uw_sprint_loop
xanim,#ai_t8_zm_zod_catalyst_electric_walk_01
xanim,#ai_t8_zm_zod_catalyst_electric_walk_02
xanim,#vm_mini_crossbow_fire_ads
xanim,#p8_fxanim_zm_red_buyable_barricade_sml_idle_anim
xanim,#hash_38fe6ab875919147
xanim,#hash_390000c2d5c0dbfc
xanim,#ai_zm_dlc1_zombie_run_lowg_v4
xanim,#ai_zm_dlc1_zombie_run_lowg_v2
xanim,#ai_zm_dlc1_zombie_run_lowg_v3
xanim,#ai_zm_dlc1_zombie_run_lowg_v1
xanim,#ai_base_rifle_stn_run_dth_r_arms_hvy_1
xanim,#ai_t8_zm_zombie_boardtear_aligned_l_2_pull
xanim,#ai_zombie_base_walk_turn_90_l_v2
xanim,#hash_393fd701fef71da3
xanim,#hash_3942cd63102a8453
xanim,#ai_zombie_base_death_v2
xanim,#ai_zombie_base_death_v3
xanim,#ai_zombie_base_death_v1
xanim,#ai_t8_zm_red_spar_spear_wlk_fast_02_pain_01
xanim,#ai_t8_zm_red_spar_spear_wlk_fast_02_pain_02
xanim,#hash_397a46e76f0c54ef
xanim,#hash_39902bdc530691d6
xanim,#ai_t8_zm_red_spar_swrd_sprint_pain_f_06
xanim,#ai_t8_zm_red_spar_swrd_sprint_pain_f_04
xanim,#ai_t8_zm_red_spar_swrd_sprint_pain_f_05
xanim,#ai_t8_zm_red_spar_swrd_sprint_pain_f_02
xanim,#ai_t8_zm_red_spar_swrd_sprint_pain_f_03
xanim,#ai_t8_zm_red_spar_swrd_sprint_pain_f_01
xanim,#hash_3999e416a3c4a53b
xanim,#hash_3999e516a3c4a6ee
xanim,#p8_fxanim_zm_packapunch_worldguns_small_taken
xanim,#ai_t8_zm_red_spar_spear_jump_up_160
xanim,#ai_zombie_base_walk_ad_v5_pain_chest_f
xanim,#ai_zombie_base_walk_ad_v23_pain_chest_f_alt
xanim,#ai_t8_zm_red_spar_spear_rebuild_01
xanim,#ai_t8_zm_red_spar_spear_jump_up_128
xanim,#hash_39d1ed1e56e38dba
xanim,#hash_39e1aa856e47d0c6
xanim,#vm_t8_swim_in_additive
xanim,#hash_3a05a4a43f4758c0
xanim,#hash_3a05c6d7fe321ec0
xanim,#hash_3a0880705e066d1e
xanim,#hash_3a110b859dc82d09
xanim,#ai_zombie_base_run_au_v4_pain_chest_f_alt
xanim,#hash_3a9a10f725e3d319
xanim,#hash_3a9b0d404c32fdd7
xanim,#hash_3a9bd929afe65c8a
xanim,#hash_3aa047500165cd7d
xanim,#hash_3aa049500165d0e3
xanim,#hash_3aa2c0aa6570aa93
xanim,#ai_t8_zm_zombie_base_crawl_mantle_over_128
xanim,#ai_zm_dlc1_zombie_walk_lowg_v1_pain_chest_f_alt
xanim,#ai_t8_zm_zod_catalyst_water_run_01
xanim,#ai_zombie_base_walk_au_v20_pain_chest_f_alt
xanim,#ai_zombie_base_run_au_v24_pain_chest_f_alt
xanim,#hash_3b02b270b33562fe
xanim,#hash_3b1ef1925070fbd3
xanim,#vm_frag_grenade_loop
xanim,#hash_3b79f8eb0b3bf467
xanim,#ai_zombie_base_sprint_ad_sidestep_left_short
xanim,#p8_fxanim_zm_red_omphalos_crystal_left_01_anim
xanim,#hash_3b976e20965b637f
xanim,#hash_3b978420965b88e1
xanim,#hash_3baf0b65fe7beb29
xanim,#vm_brass_knuckles_swim_uw_pullout
xanim,#ai_t8_zombie_base_sprint_ad_win_trav_r_v1
xanim,#o_zombie_magic_box_weapon_rise
xanim,#hash_3becbae58587cb8f
xanim,#ai_t8_zm_zombie_base_crawl_boardtear_aligned_m_3_pull
xanim,#ai_zm_dlc1_zombie_crawl_jump_up_244_down_36
xanim,#ai_t8_zm_zombie_base_crawl_boardtear_aligned_m_5_grab
xanim,#vm_riotshield_zm_idle
xanim,#ai_t8_zm_red_spar_spear_run_exit_7
xanim,#ai_t8_zm_red_spar_spear_run_exit_6
xanim,#ai_t8_zm_red_spar_spear_run_exit_4
xanim,#ai_t8_zm_red_spar_spear_run_exit_3
xanim,#ai_t8_zm_red_spar_spear_run_exit_2
xanim,#ai_t8_zm_red_spar_spear_run_exit_1
xanim,#ai_t8_zm_red_spar_spear_run_exit_9
xanim,#ai_t8_zm_red_spar_spear_run_exit_8
xanim,#hash_3c61ab0d78eb567f
xanim,#hash_3c6612bfb6ed3dc9
xanim,#ai_t8_zombie_base_cust_trv_jump_down_zm_mnsn_main_hall
xanim,#p8_fxanim_zm_red_buyable_barricade_lrg_idle_anim
xanim,#hash_3c827f91d1bc1b82
xanim,#hash_3c83bf0d79085ee1
xanim,#p8_fxanim_zm_zod_magic_box_arrive_anim
xanim,#vm_zom_zhield_zpear_turret_fire
xanim,#hash_3cbd06463da131b7
xanim,#ai_zombie_base_crawl_death_v2
xanim,#ai_zombie_base_crawl_death_v1
xanim,#ai_zombie_dr_crawl_jump_down_190
xanim,#ai_zombie_dr_crawl_jump_down_184
xanim,#vm_battle_turret_walk_f
xanim,#hash_3cf215973882aac9
xanim,#ai_zombie_dr_crawl_jump_down_127
xanim,#hash_3d02d1ed9c746c70
xanim,#hash_3d07627b6909e66a
xanim,#ai_zombie_base_dth_b_chest_hvy_02
xanim,#ai_zombie_base_dth_b_chest_hvy_00
xanim,#ai_t8_zombie_base_sprint_ad_v23
xanim,#ai_t8_zombie_base_sprint_ad_v22
xanim,#ai_t8_zombie_base_sprint_ad_v21
xanim,#ai_t8_zombie_base_sprint_ad_v24
xanim,#hash_3d4be380fe81d2b6
xanim,#vm_zom_zhield_zpear_hand_pose_l
xanim,#vm_zom_zhield_zpear_hand_pose_r
xanim,#hash_3d63cc98c966e16c
xanim,#ai_t8_zm_zod_bltfthr_tongue_grab_release
xanim,#hash_3d8a7a904fe15795
xanim,#hash_3d93bfbb31079ecf
xanim,#p8_fxanim_zm_red_ww_shell_mound_dks_anim
xanim,#hash_3db4ed657ebd4d0f
xanim,#hash_3dcf468d237f7bf2
xanim,#hash_3e1bc4a8cec98b08
xanim,#hash_3e4c7d521bd9d83c
xanim,#vm_zom_zhield_zpear_turret_pullout
xanim,#hash_3e5dbaefe1f71856
xanim,#vm_ww_hand_charon_hand_pose_r
xanim,#vm_ww_hand_charon_hand_pose_l
xanim,#ai_t8_zm_zod_bltfthr_dth_destroy_head_01_nofx
xanim,#pt_rifle_prone_concussed_loop
xanim,#hash_3e96651895e5b82d
xanim,#ai_zombie_base_run_dth_f_torso_hvy
xanim,#ai_t8_zm_zod_catalyst_corrosive_death_02_scale
xanim,#hash_3ec0d74f51045c49
xanim,#p8_fxanim_zm_red_vapor_altar_ra_anim
xanim,#hash_3f0377592d0547b0
xanim,#hash_3f262766e5a99824
xanim,#ai_zombie_base_run_au_v22_pain_chest_f
xanim,#ai_base_rifle_stn_run_dth_r_arms_lt_1
xanim,#ai_t8_zm_zombie_base_run_mantle_up_80_dn_36
xanim,#ai_zm_dlc1_zombie_run_lowg_v3_pain_chest_f_alt
xanim,#hash_3f66e11d79e9aea4
xanim,#hash_3f66e71d79e9b8d6
xanim,#pt_battle_shield_male_stand_first_raise
xanim,#ai_t8_zm_zombie_base_crawl_trv_jump_up_128_thru_sm_hole
xanim,#hash_3f989b0690c55242
xanim,#vm_brass_knuckles_melee_miss
xanim,#vm_mini_crossbow_swim_uw_idle
xanim,#hash_3fcf0100dbd51b0f
xanim,#hash_3fe4351d936cd6f5
xanim,#hash_3ff32e78f38295cd
xanim,#hash_3ff67c126becd5fc
xanim,#hash_3ff67d126becd7af
xanim,#hash_3ff680126becdcc8
xanim,#hash_3ff681126becde7b
xanim,#hash_3ff682126bece02e
xanim,#hash_3ff683126bece1e1
xanim,#hash_3ff685126bece547
xanim,#hash_3ff686126bece6fa
xanim,#hash_3ff687126bece8ad
xanim,#hash_3ffa05126beff49e
xanim,#hash_3ffa06126beff651
xanim,#hash_3ffa07126beff804
xanim,#hash_3ffa08126beff9b7
xanim,#hash_3ffa09126beffb6a
xanim,#hash_3ffa0a126beffd1d
xanim,#ai_t8_zm_zombie_boardtear_aligned_r_1_pull
xanim,#hash_401fdb3710cc1620
xanim,#hash_4024801561b75319
xanim,#vm_zom_lightning_rod_sprint_out
xanim,#hash_406382db66e7a148
xanim,#ai_t8_zm_zod_bltfthr_vomit_perk
xanim,#vm_brass_knuckles_swim_uw_putaway
xanim,#hash_408ba84bf8e5da6d
xanim,#hash_40961f4bf8eef927
xanim,#hash_40c5c04d30f7e3f1
xanim,#vm_frag_grenade_rh_loop
xanim,#hash_40e38e5095576a99
xanim,#ai_t8_zm_zombie_base_crawl_boardtear_aligned_m_3_grab
xanim,#hash_41220675a59979eb
xanim,#ai_t8_zm_red_spar_spear_run_f_01_pain_01
xanim,#ai_t8_zm_red_spar_spear_run_f_01_pain_02
xanim,#hash_412af4f76eb9f949
xanim,#ai_t8_zm_red_spar_spear_sprint_f_01
xanim,#vm_ww_hand_gaia_first_raise
xanim,#ai_zm_dlc1_zombie_walk_lowg_v1_pain_chest_f
xanim,#hash_413e4071519f2f16
xanim,#vm_ww_hand_charon_ads_fire
xanim,#ai_zombie_base_walk_au_v5_pain_chest_f_alt
xanim,#hash_416b17251b2bd077
xanim,#hash_41892f6eb986bc22
xanim,#ai_zm_dlc1_zombie_walk_lowg_v3_pain_chest_f_alt
xanim,#ai_t8_zm_zod_catalyst_water_walk_01
xanim,#ai_zombie_base_walk_turn_135_l_v3
xanim,#hash_41c1e2d2f0e4a7ef
xanim,#ai_t8_zm_zombie_base_walk_mantle_over_128
xanim,#hash_41da441521aa88ff
xanim,#ai_t8_zm_red_spar_swrd_wlk_pain_f_01
xanim,#ai_t8_zm_red_spar_swrd_wlk_pain_f_02
xanim,#ai_t8_zm_red_spar_swrd_wlk_pain_f_03
xanim,#ai_t8_zm_red_spar_swrd_wlk_pain_f_04
xanim,#ai_t8_zm_red_spar_swrd_wlk_pain_f_05
xanim,#ai_t8_zm_red_spar_swrd_wlk_pain_f_06
xanim,#hash_41fc581521c79161
xanim,#hash_41fff1d1b861fc6a
xanim,#vm_brass_knuckles_swim_from_land
xanim,#ai_zm_dlc1_zombie_jump_up_180_down_36
xanim,#hash_421fc7d2c896acfc
xanim,#hash_4232e0ed1a065a03
xanim,#hash_423f26c9778ab0b8
xanim,#ai_zm_dlc1_zombie_crawl_climb_up_192_down_40
xanim,#hash_426abec542d41ce0
xanim,#hash_426b90f44e9acadf
xanim,#ai_zombie_base_walk_ad_sidestep_left_long_b
xanim,#vm_zom_lightning_rod_ads_base_down
xanim,#hash_427a02d14090e35f
xanim,#hash_4285dbd2c8ed822a
xanim,#ai_t8_zm_zod_catalyst_electric_attack_01
xanim,#ai_t8_zm_zod_catalyst_electric_attack_02
xanim,#hash_42e530b75163eb3b
xanim,#hash_42f1bd66bc8ede99
xanim,#hash_42fb8791c9d1fe12
xanim,#ai_t8_zombie_base_sprint_ad_v24_pain_chest_f
xanim,#ai_zombie_base_walk_au_v13_pain_chest_f
xanim,#hash_4304330f5d40c39c
xanim,#hash_4308db8fa54758c6
xanim,#ai_t8_zm_zombie_boardtear_aligned_m_1_hold
xanim,#hash_433add5c4cef1cf2
xanim,#hash_43513a76af654557
xanim,#ai_zombie_base_sprint_ad_sidestep_right_short_a
xanim,#hash_435acb713bb88f5f
xanim,#ai_t8_zm_zombie_boardtear_aligned_l_1_hold
xanim,#ai_t8_zm_zombie_base_walk_jump_up_128
xanim,#ai_t8_zm_zombie_base_walk_mantle_up_36_dn_80
xanim,#ai_zombie_base_walk_au_v21_pain_chest_f
xanim,#hash_43c689cda6d2822e
xanim,#ai_t8_zm_red_spar_spear_wlk_fast_01_pain_02
xanim,#ai_t8_zm_red_spar_spear_wlk_fast_01_pain_01
xanim,#hash_43cf2d41e042ae1e
xanim,#hash_43e417093692cc20
xanim,#ai_zombie_base_sprint_ad_sidestep_left_long_a
xanim,#ai_zombie_base_sprint_ad_sidestep_left_long_b
xanim,#ai_t8_zm_zombie_base_run_mantle_over_96
xanim,#vm_riotshield_zm_sprint_in
xanim,#ai_t8_zm_zombie_base_run_mantle_over_72
xanim,#ai_t8_zm_zombie_base_run_mantle_over_48
xanim,#ai_t8_zm_zombie_base_run_mantle_over_36
xanim,#hash_44155555b4500948
xanim,#ai_zombie_base_run_ad_v20_pain_chest_f_alt
xanim,#hash_441f59cbda5c9473
xanim,#ai_t8_zm_zombie_boardtear_aligned_r_5_grab
xanim,#ai_t8_zm_zombie_base_crawl_trv_entry_climb_272
xanim,#ai_t8_zombie_base_sprint_au_v21_pain_chest_f_alt
xanim,#hash_447372b3baec3873
xanim,#hash_447d36ebf09b688a
xanim,#hash_44824240bc7b0c60
xanim,#ai_t8_zm_zod_bltfthr_exit_9
xanim,#ai_t8_zm_zod_bltfthr_exit_8
xanim,#ai_t8_zm_zod_bltfthr_exit_4
xanim,#ai_t8_zm_zod_bltfthr_exit_7
xanim,#ai_t8_zm_zod_bltfthr_exit_6
xanim,#ai_t8_zm_zod_bltfthr_exit_2
xanim,#hash_4488c2e1bdf00152
xanim,#hash_44e8563765ef7c0c
xanim,#hash_44e8573765ef7dbf
xanim,#hash_44e85a3765ef82d8
xanim,#hash_44e85c3765ef863e
xanim,#hash_44e85d3765ef87f1
xanim,#hash_44e85f3765ef8b57
xanim,#hash_44e8603765ef8d0a
xanim,#hash_44e8613765ef8ebd
xanim,#hash_44f4e2dedc27e7f5
xanim,#hash_450d2e9baf215a95
xanim,#ai_t8_zm_zod_catalyst_plasma_walk_02
xanim,#ai_t8_zm_zod_catalyst_plasma_walk_03
xanim,#ai_t8_zm_zod_catalyst_plasma_walk_01
xanim,#ai_t8_zm_red_spar_swrd_wlk_fast_02
xanim,#ai_t8_zm_red_spar_swrd_wlk_fast_01
xanim,#vm_mini_crossbow_idle
xanim,#hash_4533f45d401ac723
xanim,#ai_t8_zm_zombie_base_run_mantle_up_36_dn_80
xanim,#vm_riotshield_zm_ads_down
xanim,#ai_zombie_base_run_turn_135_l_v2
xanim,#ai_zombie_base_run_ad_v2_pain_chest_f_alt
xanim,#ai_zombie_base_run_au_v2_pain_chest_f
xanim,#vm_zom_lightning_rod_ads_base_up
xanim,#hash_4599527a7f013b9b
xanim,#hash_45a26ac1ba162334
xanim,#hash_45b1939ca8698b10
xanim,#ai_t8_zombie_base_sprint_ad_win_trav_m_v1
xanim,#ai_t8_zombie_base_sprint_ad_win_trav_m_v2
xanim,#hash_45c9af208e2a190d
xanim,#hash_45ebf790a76da35f
xanim,#vm_zom_lightning_rod_walk_f
xanim,#ai_t8_zombie_base_run_pain_10
xanim,#ai_t8_zombie_base_run_pain_11
xanim,#ai_t8_zombie_base_run_pain_12
xanim,#ai_t8_zombie_base_run_pain_13
xanim,#ai_t8_zombie_base_run_pain_14
xanim,#ai_t8_zombie_base_run_pain_15
xanim,#ai_t8_zombie_base_run_pain_16
xanim,#ai_t8_zombie_base_run_pain_09
xanim,#ai_t8_zombie_base_run_pain_03
xanim,#ai_t8_zombie_base_run_pain_02
xanim,#ai_t8_zombie_base_run_pain_01
xanim,#ai_t8_zombie_base_run_pain_07
xanim,#ai_t8_zombie_base_run_pain_06
xanim,#ai_t8_zombie_base_run_pain_05
xanim,#ai_t8_zombie_base_run_pain_04
xanim,#hash_460e536cb5a8756c
xanim,#ai_t8_zm_zombie_base_crawl_boardtear_aligned_m_2_pull
xanim,#ai_t8_zm_red_spar_swrd_run_04_pain_01
xanim,#ai_t8_zm_red_spar_swrd_run_04_pain_02
xanim,#ai_zombie_base_walk_au_v4_pain_chest_f_alt
xanim,#ai_t8_zombie_base_walk_ad_win_trav_r_v1
xanim,#ai_zombie_base_jump_across_256
xanim,#hash_468e651ae13a2e86
xanim,#hash_46aaf41e5136647a
xanim,#vm_frag_grenade_pullpin
xanim,#hash_46d242e5b02d1d28
xanim,#hash_46db468ab8a64d90
xanim,#ai_zombie_base_run_ad_v4_pain_chest_f_alt
xanim,#vm_mini_crossbow_swim_uw_pullout
xanim,#ai_zombie_base_walk_ad_v3_pain_chest_f_alt
xanim,#ai_t8_zombie_base_sprint_ad_v21_pain_chest_f_alt
xanim,#hash_47449765b1d8ebe4
xanim,#ai_t8_zm_zombie_base_crawl_boardtear_aligned_m_1_pull
xanim,#hash_475621f4bcb0c468
xanim,#ai_zombie_smash_react_r_jackiespinleft
xanim,#ai_zombie_base_run_dth_b_head_lt
xanim,#ai_zombie_base_run_turn_180_l_v2
xanim,#ai_zombie_base_run_au_v24_pain_chest_f
xanim,#hash_47a7dfee2fe603c6
xanim,#hash_47c2fe4cb9fb41c8
xanim,#hash_47c2ff4cb9fb437b
xanim,#hash_47c3004cb9fb452e
xanim,#hash_47c3034cb9fb4a47
xanim,#hash_47c3044cb9fb4bfa
xanim,#hash_47c3054cb9fb4dad
xanim,#vm_zom_lightning_rod_idle
xanim,#ai_t8_zm_zod_catalyst_corrosive_spawn_01
xanim,#hash_481eabf2fc121d9e
xanim,#vm_zom_sapling_walk_f
xanim,#ai_t8_zombie_base_sprint_au_v25_pain_chest_f
xanim,#ai_t8_zm_zod_bltfthr_pain_destroy_leg_right_01
xanim,#hash_489c540ff85397d7
xanim,#ai_zombie_base_walk_au_v8_pain_chest_f_alt
xanim,#ai_zombie_base_run_au_v1_pain_chest_f
xanim,#vm_battle_shield_jump
xanim,#vm_zom_staff_crawl_r
xanim,#vm_zom_staff_crawl_l
xanim,#vm_zom_staff_crawl_b
xanim,#vm_zom_staff_crawl_f
xanim,#ai_zombie_base_run_au_v11_pain_chest_f
xanim,#hash_491f6d55a039a419
xanim,#hash_492b0ef6098d2c73
xanim,#hash_4938723d17e0d5ac
xanim,#ai_t8_zombie_base_super_sprint_attack_01
xanim,#ai_t8_zombie_base_super_sprint_attack_02
xanim,#ai_t8_zombie_base_super_sprint_attack_03
xanim,#ai_t8_zombie_base_super_sprint_attack_04
xanim,#ai_t8_zombie_base_super_sprint_attack_05
xanim,#ai_t8_zombie_base_run_ad_win_trav_m_v1
xanim,#hash_4968d2051d0fc859
xanim,#hash_496dfe1b5a9b5d0a
xanim,#ch_vign_cust_zm_red_gegn_chasm_up
xanim,#hash_4980744fcf48c9ce
xanim,#ai_zombie_base_dth_r_v1
xanim,#ai_zombie_base_dth_r_v2
xanim,#hash_49cd4346ccfd0037
xanim,#ai_t8_zombie_base_sprint_au_v22_pain_chest_f
xanim,#hash_49e489af19dbad11
xanim,#vm_battle_shield_jump_land
xanim,#vm_frag_grenade_throw_bare_hands_additive
xanim,#ai_t8_zm_zombie_base_crawl_boardtear_aligned_l_4_hold
xanim,#hash_4a6b970e44870844
xanim,#vm_ww_hand_charon_walk_f
xanim,#ai_t8_zm_zombie_base_crawl_mantle_up_36_dn_80
xanim,#ai_t8_zombie_base_run_ad_win_trav_l_v1
xanim,#hash_4aefab478ac6358c
xanim,#hash_4aefae478ac63aa5
xanim,#hash_4b019eb0e2ef841d
xanim,#ai_t8_zm_zod_bltfthr_tongue_grab_idle_incl_45
xanim,#hash_4b2da582fd5b5e05
xanim,#ai_t8_zm_zombie_base_trv_zipline_ship
xanim,#hash_4b4751e578135f5f
xanim,#hash_4b6c2213efa7b38f
xanim,#ai_t8_zombie_base_run_attack_17
xanim,#ai_t8_zombie_base_run_attack_10
xanim,#ai_t8_zombie_base_run_attack_12
xanim,#ai_t8_zombie_base_run_attack_13
xanim,#ai_t8_zombie_base_run_attack_18
xanim,#ai_t8_zombie_base_run_attack_19
xanim,#ai_t8_zombie_base_run_attack_06
xanim,#ai_t8_zombie_base_run_attack_04
xanim,#ai_t8_zombie_base_run_attack_03
xanim,#ai_t8_zombie_base_run_attack_02
xanim,#ai_t8_zombie_base_run_attack_08
xanim,#ai_t8_zombie_base_run_attack_30
xanim,#ai_t8_zombie_base_run_attack_29
xanim,#ai_t8_zombie_base_run_attack_28
xanim,#ai_t8_zombie_base_run_attack_25
xanim,#ai_t8_zombie_base_run_attack_24
xanim,#ai_t8_zombie_base_run_attack_26
xanim,#ai_t8_zombie_base_run_attack_21
xanim,#ai_t8_zombie_base_run_attack_20
xanim,#ai_t8_zombie_base_run_attack_23
xanim,#ai_t8_zombie_base_run_attack_22
xanim,#hash_4b8e2213efc499f5
xanim,#hash_4b912a13efc6dd64
xanim,#ai_t8_zm_red_spar_swrd_run_03_pain_02
xanim,#ai_t8_zm_red_spar_swrd_run_03_pain_01
xanim,#hash_4b98e0a083aeaab9
xanim,#hash_4b9bb613efd01fcd
xanim,#hash_4bc4b495e2312a3d
xanim,#hash_4bc4b695e2312da3
xanim,#ai_zombie_base_walk_au_sidestep_left_long_d
xanim,#ai_zombie_smash_react_f
xanim,#ai_t8_zm_zod_catalyst_plasma_idle_04
xanim,#ai_t8_zm_zod_catalyst_plasma_idle_01
xanim,#ai_t8_zm_zod_catalyst_plasma_idle_03
xanim,#ai_t8_zm_zod_catalyst_plasma_idle_02
xanim,#ai_t8_zm_zombie_base_crawl_boardtear_aligned_r_6_hold
xanim,#ai_t8_zm_zombie_boardtear_aligned_m_3_hold
xanim,#hash_4c1d2c85382fb57f
xanim,#hash_4c21e339affa09f7
xanim,#ai_zombie_base_crawl_v3
xanim,#ai_zombie_base_crawl_v2
xanim,#ai_zombie_base_crawl_v1
xanim,#ai_zombie_base_crawl_v5
xanim,#ai_zombie_base_crawl_v4
xanim,#hash_4c30ba865ac6b41d
xanim,#vm_mini_crossbow_fall
xanim,#hash_4c576bfe2f1460b8
xanim,#ai_t8_zm_zombie_base_crawl_boardtear_aligned_r_5_hold
xanim,#hash_4c6e45d8980f7bbc
xanim,#p8_fxanim_zm_red_omphalos_crystal_front_02_anim
xanim,#ai_t8_zm_red_spar_swrd_wlk_turn_45_l
xanim,#ai_t8_zm_red_spar_swrd_wlk_turn_45_r
xanim,#hash_4ca46631fa50a3a6
xanim,#ai_t8_zm_zod_bltfthr_vomit_mystery_box
xanim,#ai_t8_zm_zod_catalyst_water_death_01
xanim,#ai_zombie_base_run_ad_v14_pain_chest_f_alt
xanim,#ai_zombie_base_walk_au_v20_pain_chest_f
xanim,#ai_t8_zm_red_spar_swrd_run_01_pain_01
xanim,#ai_t8_zm_red_spar_swrd_run_01_pain_02
xanim,#ai_t8_zm_red_spar_spear_stun_03
xanim,#ai_t8_zm_red_spar_spear_stun_02
xanim,#ai_t8_zm_red_spar_spear_stun_01
xanim,#ai_t8_zm_red_spar_spear_stun_05
xanim,#ai_t8_zm_red_spar_spear_stun_04
xanim,#ai_zombie_base_walk_turn_45_l_v2
xanim,#ai_t8_zm_zombie_base_crawl_boardtear_aligned_r_3_hold
xanim,#ai_t8_zm_zod_bltfthr_vomit_pap
xanim,#ai_t8_zm_zombie_base_crawl_mantle_over_36
xanim,#ai_t8_zm_zombie_base_crawl_mantle_over_48
xanim,#hash_4d3fef202bf6bb6c
xanim,#ai_t8_zm_zombie_base_crawl_mantle_over_72
xanim,#ai_t8_zm_zombie_boardtear_aligned_m_3_grab
xanim,#ai_t8_zm_zombie_boardtear_aligned_l_2_grab
xanim,#ai_t8_zm_zombie_base_crawl_mantle_over_96
xanim,#p8_fxanim_zm_pap_pedestal_static_anim
xanim,#hash_4d714379d594e93b
xanim,#hash_4d82644c30bb143c
xanim,#ai_zombie_base_run_au_sidestep_left_short_b
xanim,#ai_zombie_base_run_au_sidestep_left_short_a
xanim,#hash_4d87e2403e494523
xanim,#ai_t8_zm_red_spar_spear_run_turn_90_r
xanim,#ai_t8_zm_red_spar_spear_run_turn_90_l
xanim,#hash_4dc450b49570c27d
xanim,#hash_4de6609bc314872f
xanim,#ai_zombie_base_walk_ad_v2_pain_chest_f_alt
xanim,#ai_zombie_base_walk_au_v12_pain_chest_f
xanim,#hash_4e11128b3507deb8
xanim,#hash_4e11148b3507e21e
xanim,#hash_4e11158b3507e3d1
xanim,#vm_t8_swim_b_dw
xanim,#hash_4e267e5ae854c9fd
xanim,#hash_4e317aad9a200c85
xanim,#o_t8_zm_zombie_board_3_repair
xanim,#ai_zm_dlc1_zombie_walk_lowg_v3_pain_chest_f
xanim,#vm_ww_hand_hemera_first_raise
xanim,#hash_4e716b0b0f56bf3f
xanim,#hash_4e72fb700100bc8f
xanim,#ai_t8_zm_zombie_boardtear_aligned_m_3_pull
xanim,#ai_t8_zm_zombie_boardtear_aligned_r_2_pull
xanim,#vm_mini_crossbow_putaway
xanim,#vm_zom_zhield_zpear_turret_hand_pose_r
xanim,#vm_zom_zhield_zpear_turret_hand_pose_l
xanim,#ai_zombie_base_mantle_over_48
xanim,#ai_zombie_base_mantle_over_72
xanim,#hash_4ea9e476f1621c3a
xanim,#vm_t8_swim_l_additive
xanim,#ai_zombie_base_mantle_over_36
xanim,#ai_t8_zm_zod_bltfthr_pain_destroy_sac_left_01
xanim,#hash_4eb3fec881a53094
xanim,#ch_vign_cust_zm_red_gegn_sacred_way
xanim,#ai_zombie_base_mantle_over_96
xanim,#ai_t8_zombie_base_sprint_ad_v23_pain_chest_f_alt
xanim,#hash_4ee2a8dc1095f771
xanim,#ai_zombie_base_crawl_idle_v1
xanim,#hash_4efd96eb2417d06c
xanim,#o_t8_zm_zombie_board_4_pull
xanim,#ai_t8_zm_zombie_base_crawl_boardtear_aligned_m_6_hold
xanim,#vm_zom_lightning_rod_sprint_pullout
xanim,#p8_fxanim_zm_red_gaia_spikes_explode_anim
xanim,#vm_zom_zhield_zpear_ads_base_down
xanim,#hash_4f4c7040e9359bc7
xanim,#ai_zombie_base_walk_ad_v25_pain_chest_f
xanim,#ai_t8_zm_zombie_base_crawl_boardtear_aligned_m_1_hold
xanim,#vm_brass_knuckles_swim_uw_sprint_in
xanim,#ai_t8_zm_zombie_base_crawl_boardtear_aligned_l_5_pull
xanim,#ai_t8_zm_zombie_boardtear_aligned_l_4_hold
xanim,#hash_4fe606b3be567d8a
xanim,#p8_fxanim_zm_red_gaia_spikes_rise_anim
xanim,#o_t8_zm_zombie_board_6_repair
xanim,#ai_t8_zm_zombie_base_walk_mantle_up_80_dn_36
xanim,#hash_503d9f43cf21cf3b
xanim,#vm_ww_hand_charon_sprint_pullout
xanim,#vm_zom_zhield_zpear_turret_idle
xanim,#ai_t8_zm_zombie_base_crawl_boardtear_aligned_r_5_grab
xanim,#vm_mini_crossbow_sprint_out
xanim,#ai_t8_zm_zombie_base_trv_entry_climb_272
xanim,#ai_t8_zm_zombie_boardtear_aligned_l_5_pull
xanim,#p8_fxanim_zm_red_bellows_anim
xanim,#ai_t8_zombie_base_sprint_ad_v5_pain_chest_f
xanim,#hash_50a6033464341443
xanim,#ai_t8_zm_zod_bltfthr_pain_knockdown_r_01
xanim,#ai_t8_zm_zod_bltfthr_tongue_grab_idle_decl_45
xanim,#ai_t8_zm_zombie_boardtear_aligned_m_5_grab
xanim,#ai_zm_dlc1_zombie_crawl_lowg_v1
xanim,#ai_zm_dlc1_zombie_crawl_lowg_v2
xanim,#ai_zm_dlc1_zombie_crawl_lowg_v3
xanim,#hash_50f2c04e1ca960ca
xanim,#pt_bow_stand_flashed_loop
xanim,#hash_5122a46b5c52c2a0
xanim,#vm_zom_zhield_zpear_fire
xanim,#ai_t8_zm_zod_bltfthr_tongue_attack_hit_loop
xanim,#ai_t8_zm_red_spar_swrd_jump_down_128
xanim,#ai_t8_zm_zod_bltfthr_vomit_wallbuy
xanim,#hash_51994b03a21b0327
xanim,#ai_t8_zombie_base_run_ad_win_trav_r_v1
xanim,#vm_mini_crossbow_swim_uw_sprint_out
xanim,#hash_51a2bcb3dbb5ef20
xanim,#hash_51caa34643de3783
xanim,#hash_51eeadfc7cd6500e
xanim,#vm_brass_knuckles_idle
xanim,#ai_t8_zombie_base_super_sprint_25
xanim,#ai_t8_zombie_base_super_sprint_24
xanim,#ai_t8_zombie_base_super_sprint_23
xanim,#ai_t8_zombie_base_super_sprint_22
xanim,#ai_t8_zombie_base_super_sprint_21
xanim,#ai_t8_zombie_base_super_sprint_20
xanim,#ai_t8_zombie_base_super_sprint_18
xanim,#ai_t8_zombie_base_super_sprint_19
xanim,#ai_t8_zombie_base_super_sprint_12
xanim,#ai_t8_zombie_base_super_sprint_13
xanim,#ai_t8_zombie_base_super_sprint_10
xanim,#ai_t8_zombie_base_super_sprint_11
xanim,#ai_t8_zombie_base_super_sprint_16
xanim,#ai_t8_zombie_base_super_sprint_17
xanim,#ai_t8_zombie_base_super_sprint_14
xanim,#ai_t8_zombie_base_super_sprint_15
xanim,#ai_t8_zombie_base_super_sprint_09
xanim,#ai_t8_zombie_base_super_sprint_08
xanim,#ai_t8_zombie_base_super_sprint_05
xanim,#ai_t8_zombie_base_super_sprint_04
xanim,#ai_t8_zombie_base_super_sprint_07
xanim,#ai_t8_zombie_base_super_sprint_06
xanim,#ai_t8_zombie_base_super_sprint_01
xanim,#ai_t8_zombie_base_super_sprint_03
xanim,#ai_t8_zombie_base_super_sprint_02
xanim,#o_zombie_base_magic_box_fake_idle_twitch_a
xanim,#o_zombie_base_magic_box_fake_idle_twitch_b
xanim,#o_t8_zm_zombie_board_4_repair
xanim,#pt_ww_hand_fem_stand_first_raise
xanim,#ai_zombie_base_walk_au_v7_pain_chest_f
xanim,#ai_t8_zm_zombie_base_walk_jump_down_128
xanim,#ai_zombie_base_run_ad_v24_pain_chest_f
xanim,#ai_zombie_base_run_ad_v23_pain_chest_f_alt
xanim,#hash_52b9ec3839bb0089
xanim,#hash_52c4810a893a69e7
xanim,#ai_zombie_base_walk_ad_v20_pain_chest_f
xanim,#hash_5309c3630779d27c
xanim,#ai_zombie_smash_react_l_legsoutright
xanim,#vm_mini_crossbow_swim_uw_putaway
xanim,#hash_531f71147a2c2a67
xanim,#hash_532c978120e931d6
xanim,#hash_532c988120e93389
xanim,#hash_532c9d8120e93c08
xanim,#hash_532c9e8120e93dbb
xanim,#hash_532c9f8120e93f6e
xanim,#hash_532ca18120e942d4
xanim,#hash_532ca28120e94487
xanim,#hash_532ca48120e947ed
xanim,#ai_t8_zm_zombie_boardtear_aligned_r_2_hold
xanim,#ai_t8_zombie_base_sprint_au_v21_pain_chest_f
xanim,#ai_t8_zm_zombie_boardtear_aligned_m_6_hold
xanim,#ai_zm_dlc1_zombie_run_lowg_v2_pain_chest_f
xanim,#ai_zombie_base_dth_l_v2
xanim,#ai_zombie_base_dth_l_v1
xanim,#ai_t8_zm_zombie_base_crawl_boardtear_aligned_r_3_grab
xanim,#ai_t8_zm_zombie_base_crawl_boardtear_aligned_r_2_grab
xanim,#hash_537dfcd37f534eb3
xanim,#ai_zombie_base_walk_ad_sidestep_right_a
xanim,#hash_53b0c65e01c2d8d7
xanim,#hash_53bb7d970f369bd0
xanim,#hash_53bb80970f36a0e9
xanim,#ai_t8_zm_zombie_boardtear_aligned_r_3_grab
xanim,#hash_53d0a0e364499fe5
xanim,#hash_53d4bb16f5e14fdc
xanim,#hash_53d7ba16f5e38400
xanim,#hash_53d7bb16f5e385b3
xanim,#hash_53d7bc16f5e38766
xanim,#hash_53d7bd16f5e38919
xanim,#hash_53d7be16f5e38acc
xanim,#hash_53d7bf16f5e38c7f
xanim,#hash_53d7c016f5e38e32
xanim,#hash_53d7c816f5e39bca
xanim,#hash_53d7c916f5e39d7d
xanim,#ai_t8_zm_zombie_base_crawl_dth_freeze_02
xanim,#ai_t8_zm_zombie_base_crawl_dth_freeze_01
xanim,#ai_t8_zm_red_spar_swrd_wlk_turn_180_r
xanim,#hash_53fe8aef8fd1cfb3
xanim,#ai_zombie_base_run_turn_90_r_v2
xanim,#vm_brass_knuckles_swim_uw_out
xanim,#ai_t8_zm_zombie_base_run_jump_up_128
xanim,#hash_543b652624a1f885
xanim,#ai_t8_zm_quad_crawl_spawn_01
xanim,#ai_zombie_base_walk_ad_v6_pain_chest_f_alt
xanim,#hash_54608463f4b34086
xanim,#ai_zombie_base_run_ad_v11_pain_chest_f
xanim,#hash_546c2be2cf6ee7ce
xanim,#hash_546d30d445b0fa9a
xanim,#hash_549c400dc54bb270
xanim,#hash_54a122a77a6d7cb9
xanim,#hash_54b4c32f9b3ac599
xanim,#hash_54b89e97cbc7fe0c
xanim,#ai_t8_zombie_base_sprint_au_win_trav_r_v1
xanim,#p8_fxanim_zm_red_ra_wall_anim
xanim,#hash_552a4da98e7bfb9f
xanim,#vm_ww_hand_charon_melee
xanim,#hash_5532001dae9940c0
xanim,#hash_554afee38a11ca4b
xanim,#hash_554c6544b6a245b7
xanim,#ch_vign_cust_zm_red_gegn_chasm_down
xanim,#hash_557d8ca26d7f8740
xanim,#hash_557fe5975c729a83
xanim,#hash_557fe6975c729c36
xanim,#ai_zombie_base_jump_up_96
xanim,#ai_zombie_base_fast_sprint_02_pain_chest_f
xanim,#hash_559f76d393a8545d
xanim,#p8_fxanim_zm_red_omphalos_crystal_left_02_anim
xanim,#ai_zombie_base_jump_up_36
xanim,#ai_t8_zm_zombie_base_crawl_boardtear_aligned_l_2_hold
xanim,#ai_t8_zm_zombie_base_crawl_boardtear_aligned_r_5_pull
xanim,#hash_55aaa3298be9d9d6
xanim,#ai_zombie_base_jump_up_72
xanim,#ai_zombie_base_jump_up_48
xanim,#ai_t8_zombie_base_sprint_au_v25
xanim,#ai_t8_zombie_base_sprint_au_v22
xanim,#ai_t8_zombie_base_sprint_au_v20
xanim,#ai_t8_zombie_base_sprint_au_v21
xanim,#ai_zombie_base_walk_ad_v4_pain_chest_f_alt
xanim,#ai_zombie_cp_jump_up_128_down_32
xanim,#ai_t8_zm_zombie_base_crawl_boardtear_aligned_m_1_grab
xanim,#ai_t8_zm_zod_bltfthr_tongue_attack_hit_end_decl_45
xanim,#ai_t8_zm_zod_bltfthr_tongue_grab_stagger_decl_45
xanim,#hash_5625856fff6655e8
xanim,#vm_mini_crossbow_swim_uw_in
xanim,#ai_t8_zombie_base_sprint_au_win_trav_l_v1
xanim,#hash_566262c930731698
xanim,#hash_5664e6b67531c803
xanim,#ai_t8_zm_zod_catalyst_electric_run_01
xanim,#hash_568a0c50db3b04a8
xanim,#ai_zombie_base_sprint_au_sidestep_left_short_a
xanim,#ai_zombie_base_sprint_au_sidestep_left_short_b
xanim,#ai_zm_dlc1_zombie_walk_lowg_v2_pain_chest_f_alt
xanim,#ai_t8_zm_zod_bltfthr_tongue_grab_release_incl_45
xanim,#pt_ww_hand_fem_stand_fire
xanim,#ai_t8_zm_red_spar_spear_run_turn_45_r
xanim,#ai_t8_zm_red_spar_spear_run_turn_45_l
xanim,#hash_56dc561a29c0b6de
xanim,#ai_zombie_base_dth_f_head_lt_02
xanim,#ai_zombie_base_dth_f_head_lt_01
xanim,#ai_zombie_base_dth_f_head_lt_00
xanim,#ai_t8_zm_zombie_boardtear_aligned_m_5_hold
xanim,#ai_t8_zm_zombie_undercroft_spawn_03
xanim,#hash_572d802ec680a0f9
xanim,#hash_57379845c18f6a34
xanim,#ai_zombie_smash_react_getup_quick_b
xanim,#ai_zombie_smash_react_getup_quick_c
xanim,#vm_zom_sapling_putaway
xanim,#hash_5755bf0d7df7b563
xanim,#ai_t8_zombie_base_sprint_ad_v2_pain_chest_f_alt
xanim,#hash_5789d5cabad318f1
xanim,#ai_zm_dlc1_zombie_sprint_lowg_v4_pain_chest_f_alt
xanim,#hash_57cf89a3b7faf232
xanim,#ai_t8_zm_zombie_base_crawl_boardtear_aligned_l_4_pull
xanim,#ai_zombie_base_sprint_au_sidestep_right_short
xanim,#vm_ww_hand_charon_ads_base_up
xanim,#ai_t8_zm_red_spar_swrd_mantle_over_36
xanim,#ai_t8_zm_red_spar_swrd_mantle_over_48
xanim,#ai_t8_zm_red_spar_swrd_mantle_over_40
xanim,#hash_58104e5bcf88f0d4
xanim,#hash_58104f5bcf88f287
xanim,#hash_5810515bcf88f5ed
xanim,#ai_t8_zm_red_spar_swrd_mantle_over_72
xanim,#ai_base_rifle_stn_run_dth_b_head_lt_1
xanim,#ai_t8_zombie_base_sprint_ad_v21_pain_chest_f
xanim,#ai_t8_zm_red_spar_swrd_mantle_over_96
xanim,#hash_5829817b608f08f8
xanim,#ai_t8_zm_zombie_base_crawl_boardtear_aligned_m_4_hold
xanim,#vm_frag_grenade_rh_loop_additive
xanim,#ai_t8_zm_zombie_boardtear_aligned_r_1_grab
xanim,#hash_5896f8cda8d8cc4a
xanim,#hash_58ae74de265b3b77
xanim,#hash_58b71368b4ae58c5
xanim,#hash_58d0c31627ae5fbc
xanim,#vm_brass_knuckles_swim_uw_in
xanim,#p8_fxanim_zm_red_hemera_mirror_04_anim
xanim,#ai_zombie_base_walk_ad_v2_pain_chest_f
xanim,#ai_t8_zm_zombie_base_crawl_boardtear_aligned_l_3_hold
xanim,#hash_594499181682536b
xanim,#vm_zom_sapling_ads_base_up
xanim,#hash_5961c9f0e3099034
xanim,#hash_596a1e1816a251a7
xanim,#ai_t8_zm_zombie_base_crawl_boardtear_aligned_r_6_pull
xanim,#ai_zombie_base_run_ad_sidestep_right_long_a
xanim,#hash_59bcb391919ee091
xanim,#ai_t8_zm_zombie_base_crawl_jump_up_160
xanim,#hash_59c9fb2b1e3a799e
xanim,#ai_t8_zm_zombie_base_crawl_jump_up_128
xanim,#ai_zombie_smash_react_b_deadfallknee
xanim,#ai_zm_dlc1_zombie_climb_up_192_down_40
xanim,#hash_59ef2867d06fcd26
xanim,#ai_zombie_crawl_dr_jump_down_96
xanim,#hash_59f9b067d07908c3
xanim,#hash_59fcbc67d07b52fe
xanim,#hash_5a079f9191deaa0f
xanim,#ai_zombie_crawl_dr_jump_down_72
xanim,#hash_5a0d1348fc76fbc4
xanim,#pt_staff_crouch_putaway
xanim,#ai_t8_zm_red_spar_swrd_run_turn_45_r
xanim,#ai_t8_zm_red_spar_swrd_run_turn_45_l
xanim,#hash_5a1ebc67d0983964
xanim,#hash_5a3203a44b910af1
xanim,#ai_zombie_base_walk_au_v6_pain_chest_f_alt
xanim,#hash_5a485d6958cfd1e0
xanim,#ai_zombie_base_run_ad_v21_pain_chest_f_alt
xanim,#vm_mini_crossbow_swim_from_land
xanim,#o_t8_zm_zombie_board_1_repair
xanim,#ai_t8_zombie_base_sprint_au_v1
xanim,#ai_t8_zombie_base_sprint_au_v2
xanim,#ai_t8_zm_zombie_boardtear_aligned_m_6_pull
xanim,#vm_frag_grenade_rh_pullpin_additive
xanim,#ai_t8_zombie_base_run_au_win_trav_l_v1
xanim,#ai_zombie_base_walk_au_v4_pain_chest_f
xanim,#hash_5b753f0206ee9226
xanim,#vm_mini_crossbow_ads_base_down
xanim,#hash_5ba9af476cd56fee
xanim,#p8_fxanim_zm_red_spartoi_rise_spear_anim
xanim,#ai_zombie_base_run_au_v21_pain_chest_f
xanim,#hash_5c330c8d4623b5a3
xanim,#ai_zombie_base_dth_f_legs_lt_2
xanim,#vm_zom_sapling_jump_land
xanim,#hash_5cce4cb554d1856e
xanim,#hash_5cd52356e2ebd0d0
xanim,#hash_5ce1a92c18099bbe
xanim,#p8_fxanim_zm_red_shrine_hemera_anim
xanim,#ai_t8_zm_zombie_base_dth_freeze_03
xanim,#ai_t8_zm_zombie_base_dth_freeze_02
xanim,#ai_t8_zm_zombie_base_dth_freeze_01
xanim,#ai_t8_zm_zombie_base_dth_freeze_05
xanim,#ai_t8_zm_zombie_base_dth_freeze_04
xanim,#vm_zom_zhield_zpear_turret_putaway
xanim,#ai_t8_zombie_traverse_ground_dugup
xanim,#ai_zombie_base_walk_au_v21_pain_chest_f_alt
xanim,#ai_t8_zm_zod_catalyst_corrosive_idle_02
xanim,#ai_t8_zm_zod_catalyst_corrosive_idle_01
xanim,#vm_zom_lightning_rod_plant
xanim,#hash_5d80194106306496
xanim,#ai_t8_zm_zod_catalyst_water_exit_8
xanim,#ai_t8_zm_zod_catalyst_water_exit_9
xanim,#ai_t8_zm_zod_catalyst_water_exit_6
xanim,#ai_t8_zm_zod_catalyst_water_exit_7
xanim,#ai_t8_zm_zod_catalyst_water_exit_4
xanim,#ai_t8_zm_zod_catalyst_water_exit_2
xanim,#ai_t8_zm_zod_catalyst_water_exit_3
xanim,#ai_t8_zm_zod_catalyst_water_exit_1
xanim,#hash_5da4efea50e02d7e
xanim,#ai_t8_zombie_base_run_au_win_trav_r_v1
xanim,#hash_5df5779a2f7866af
xanim,#hash_5e13de0f7fcc982a
xanim,#vm_ww_hand_charon_ads_base_down
xanim,#hash_5e2eae294570af63
xanim,#o_t8_zm_zombie_board_5_pull
xanim,#ai_t8_zm_zombie_boardtear_aligned_l_1_grab
xanim,#ai_zombie_base_dth_f_l_arm_hvy_01
xanim,#ai_zombie_base_dth_f_l_arm_hvy_00
xanim,#ai_zombie_base_sprint_au_sidestep_right_short_b
xanim,#ai_zombie_base_sprint_au_sidestep_right_short_a
xanim,#ai_t8_zm_red_spar_spear_wlk_pain_f_01
xanim,#hash_5e9b9b9e2e29f1f5
xanim,#hash_5e9c32e77ee146cd
xanim,#vm_mini_crossbow_jump
xanim,#ai_zombie_base_walk_turn_135_r_v2
xanim,#vm_zom_zhield_zpear_turret_putaway_alt
xanim,#ai_zombie_base_walk_au_v15_pain_chest_f_alt
xanim,#hash_5f24261a190df40b
xanim,#hash_5f2636b48c3d20c5
xanim,#hash_5f2f614b3cf55bc2
xanim,#ai_t8_zm_zombie_boardtear_aligned_m_4_grab
xanim,#hash_5f6f9bd075f18a96
xanim,#hash_5f7051e099a5405b
xanim,#ai_zombie_base_idle_ad_v1
xanim,#p8_fxanim_zm_red_buyable_barricade_sml_crush_anim
xanim,#hash_5fc1388bd09da32b
xanim,#ai_t8_zm_red_spar_spear_jump_down_160
xanim,#hash_5fc69eda817e6420
xanim,#ai_t8_zm_red_spar_spear_jump_down_128
xanim,#ai_t8_zm_zod_bltfthr_idle
xanim,#vm_bare_hands_swim_uw_sprint_loop
xanim,#hash_5ff2addebf1aba69
xanim,#hash_600da8ceb37fe406
xanim,#vm_riotshield_zm_raise
xanim,#ai_zombie_base_walk_au_v1_pain_chest_f
xanim,#ai_zombie_base_jump_across_128
xanim,#vm_riotshield_zm_ads_up
xanim,#vm_riotshield_zm_melee
xanim,#ai_t8_zombie_base_sprint_au_v25_pain_chest_f_alt
xanim,#hash_6062a8147810df28
xanim,#ai_t8_zm_zombie_boardtear_aligned_r_5_hold
xanim,#hash_6091ea2d7982228a
xanim,#hash_60b2e6aa011026a8
xanim,#hash_60ca2bfd072e5b17
xanim,#ai_t8_zm_zod_catalyst_electric_death_01
xanim,#hash_60e9eb5771fdc004
xanim,#ai_zombie_smash_react_l_jackiespinright
xanim,#hash_610e9aad216e8bb2
xanim,#ai_t8_zm_zombie_base_crawl_boardtear_aligned_r_3_pull
xanim,#hash_6118df5772251c62
xanim,#ai_t8_zm_zod_catalyst_electric_sprint_01
xanim,#ai_t8_zm_red_spar_spear_run_pain_f_01
xanim,#hash_61d50703fd3ae421
xanim,#hash_61ee02b790d04347
xanim,#hash_61f936a671eb8291
xanim,#p8_fxanim_zm_red_vapor_altar_ra_off_anim
xanim,#ai_t8_zm_zod_bltfthr_fire_projectile_sngl_r
xanim,#ai_t8_zm_zod_bltfthr_fire_projectile_sngl_l
xanim,#hash_625565ea314c9750
xanim,#hash_6267d1481cdfdfce
xanim,#ai_t8_zm_red_spar_spear_run_f_03_pain_02
xanim,#ai_t8_zm_red_spar_spear_run_f_03_pain_01
xanim,#hash_627f1faa4a8b3313
xanim,#ai_zombie_base_walk_turn_90_r_v2
xanim,#ai_zombie_base_run_au_sidestep_right_short_b
xanim,#ai_zombie_base_run_au_sidestep_right_short_c
xanim,#ai_zombie_base_run_au_sidestep_right_short_a
xanim,#ai_zombie_base_run_au_sidestep_right_short_d
xanim,#hash_62ba33fc7e01459b
xanim,#hash_62bd12fcfe25d183
xanim,#hash_62d3e2f75a0ec993
xanim,#vm_mini_crossbow_crawl_in
xanim,#o_zombie_magic_box_weapon_dual_rise
xanim,#vm_t8_swim_b_additive
xanim,#ai_t8_zm_zombie_boardtear_aligned_r_6_hold
xanim,#ai_t8_zm_zombie_base_crawl_boardtear_aligned_m_4_pull
xanim,#ai_t8_zm_zombie_boardtear_aligned_l_4_pull
xanim,#hash_637f2bb669c27acb
xanim,#ai_zm_dlc1_zombie_walk_lowg_v4
xanim,#ai_zm_dlc1_zombie_walk_lowg_v2
xanim,#ai_zm_dlc1_zombie_walk_lowg_v3
xanim,#ai_zm_dlc1_zombie_walk_lowg_v1
xanim,#ai_zombie_base_run_au_v21_pain_chest_f_alt
xanim,#vm_brass_knuckles_swim_uw_r
xanim,#vm_brass_knuckles_swim_uw_b
xanim,#vm_brass_knuckles_swim_uw_f
xanim,#vm_brass_knuckles_swim_uw_l
xanim,#hash_641c307471258dd3
xanim,#hash_64523b00075df820
xanim,#hash_647191cf8e31d7bf
xanim,#hash_6479ebabf100df73
xanim,#hash_6486d9df23c95986
xanim,#hash_6486f3df23c985b4
xanim,#hash_64973da0e949e531
xanim,#hash_649741a0e949ebfd
xanim,#ai_zombie_base_run_au_v22_pain_chest_f_alt
xanim,#ai_t8_zm_zod_bltfthr_run_02
xanim,#ai_t8_zm_zod_bltfthr_run_01
xanim,#hash_64dc68852a2013d4
xanim,#hash_64f29c38f3882a50
xanim,#hash_64f29f38f3882f69
xanim,#ai_zombie_base_walk_ad_v6_pain_chest_f
xanim,#hash_6543b4f6a99bee3d
xanim,#ai_t8_zombie_base_sprint_ad_v22_pain_chest_f
xanim,#ai_zombie_base_run_au_v4_pain_chest_f
xanim,#hash_65a6a568283696ee
xanim,#hash_65b3e90394644ced
xanim,#p8_fxanim_zm_red_ww_handle_float_anim
xanim,#ai_t8_zm_zod_bltfthr_dth_destroy_head_01
xanim,#ai_t8_zm_zombie_boardtear_aligned_l_6_grab
xanim,#hash_65f5a196281c3c94
xanim,#ai_t8_zombie_base_sprint_ad_v1_pain_chest_f_alt
xanim,#hash_65f7dc4aa0808983
xanim,#hash_6601bee56b76c7c6
xanim,#hash_6601bfe56b76c979
xanim,#hash_6601c4e56b76d1f8
xanim,#hash_6601c5e56b76d3ab
xanim,#hash_6601c7e56b76d711
xanim,#hash_6601c8e56b76d8c4
xanim,#hash_6601c9e56b76da77
xanim,#hash_6601cae56b76dc2a
xanim,#hash_66092d700087515b
xanim,#p8_fxanim_zm_zod_magic_box_idle_anim
xanim,#hash_6635ccfc0856eae7
xanim,#pt_staff_stand_putaway
xanim,#vm_frag_grenade_loop_bare_hands
xanim,#hash_66a30c2ff41112ba
xanim,#ai_zombie_base_walk_ad_v7_pain_chest_f
xanim,#hash_66a9f82ff4170f6c
xanim,#ai_t8_zm_zod_bltfthr_pain_knockdown_b_01
xanim,#ai_t8_zm_zod_bltfthr_tongue_attack_hit_end_incl_45
xanim,#ai_t8_zm_red_spar_swrd_rebuild_01_idle
xanim,#vm_frag_grenade_rh_cancel_additive
xanim,#p8_fxanim_zm_packapunch_worldguns_ejected
xanim,#hash_67217698a66fc858
xanim,#hash_672b6b478b7d27a3
xanim,#hash_67437814b34181db
xanim,#hash_67437914b341838e
xanim,#hash_6753e9b1e5a0dcfc
xanim,#vm_zom_zhield_zpear_sprint_pullout
xanim,#p8_fxanim_zm_red_oil_trail_01_anim
xanim,#vm_zom_lightning_rod_hand_pose_r
xanim,#vm_zom_lightning_rod_hand_pose_l
xanim,#ai_zombie_base_run_ad_sidestep_left_short_a
xanim,#ai_zombie_base_walk_au_v13_pain_chest_f_alt
xanim,#ai_t8_zm_red_spar_spear_wlk_turn_45_l
xanim,#ai_t8_zm_red_spar_spear_wlk_turn_45_r
xanim,#ai_base_rifle_stn_run_dth_f_chest_hvy_1
xanim,#hash_67fa67f048b2c8af
xanim,#hash_680408646e4c55d5
xanim,#hash_680442d725c2a3d9
xanim,#hash_68184ed725d36147
xanim,#hash_681bb8f494e5a997
xanim,#ai_zombie_base_run_turn_135_r_v2
xanim,#hash_6838d432c6d617ce
xanim,#ai_t8_zm_red_spar_spear_dth_01
xanim,#ai_t8_zm_zod_bltfthr_run_turn_r_135
xanim,#hash_686856c4496ad9b7
xanim,#ai_t8_zm_zod_bltfthr_run_turn_r_180
xanim,#hash_688d237083bf9a3c
xanim,#hash_68a19101668427b4
xanim,#vm_t8_swim_r_additive
xanim,#hash_68cf13173dc85e44
xanim,#ai_zm_dlc1_zombie_sprint_lowg_v1_pain_chest_f_alt
xanim,#ai_zombie_base_run_au_v13_pain_chest_f
xanim,#ai_zombie_base_run_au_v5_pain_chest_f_alt
xanim,#ai_zombie_base_sprint_ad_sidestep_right_long
xanim,#vm_zom_zhield_zpear_idle_r
xanim,#vm_zom_zhield_zpear_idle_l
xanim,#hash_6957135bceb8c2a9
xanim,#ai_t8_zm_zod_catalyst_corrosive_run_01
xanim,#hash_699a37288a343abb
xanim,#ai_t8_zm_red_spar_swrd_run_melee_dble_01
xanim,#hash_69de2a7474bb799d
xanim,#pt_ww_hand_fem_stand_idle
xanim,#ai_zombie_base_traverse_ground_climbout_fast
xanim,#hash_6a0275b4caa813d5
xanim,#ai_zombie_base_walk_ad_v4_pain_chest_f
xanim,#hash_6a2ece7ba58573fb
xanim,#ai_t8_zm_red_spar_swrd_run_02_pain_02
xanim,#ai_t8_zm_red_spar_swrd_run_02_pain_01
xanim,#hash_6a4bb4c9715760a3
xanim,#o_zombie_base_packapunch_flag_up
xanim,#vm_ww_hand_charon_sprint_loop
xanim,#ai_zombie_smash_react_r_legsoutleft
xanim,#hash_6a7684067f422749
xanim,#ai_t8_zm_zod_bltfthr_tongue_grab_stagger
xanim,#ai_zm_dlc1_zombie_crawl_jump_down_190
xanim,#vm_t8_swim_l_dw
xanim,#ai_t8_zm_zombie_boardtear_aligned_r_6_pull
xanim,#o_zombie_base_packapunch_flag_down
xanim,#hash_6aede6ceaa874251
xanim,#hash_6b09bef61c12f153
xanim,#vm_ww_hand_charon_jump_land
xanim,#ai_zombie_base_walk_au_v11_pain_chest_f_alt
xanim,#ai_t8_zm_red_spar_spear_rebuild_01_idle
xanim,#ai_t8_zombie_base_sprint_ad_v1_pain_chest_f
xanim,#hash_6b474f4693dad7f3
xanim,#vm_t8_swim_f_additive
xanim,#ai_zombie_base_run_ad_v2_pain_chest_f
xanim,#vm_zom_sapling_fall
xanim,#ai_t8_zm_zod_bltfthr_pain_destroy_sac_right_01
xanim,#ai_zombie_base_run_ad_v24_pain_chest_f_alt
xanim,#hash_6bb326f37affcc84
xanim,#hash_6bba2eabd3d8793f
xanim,#p8_fxanim_zm_red_ankh_chaos_drop_anim
xanim,#hash_6bdc413ee767d7e3
xanim,#hash_6bdf72617cd24829
xanim,#hash_6bdfbdece61af216
xanim,#ai_t8_zm_zod_catalyst_corrosive_walk_01
xanim,#ai_zm_dlc1_zombie_crawl_jump_up_36_down_180
xanim,#p8_fxanim_zm_zod_wormhole_anim
xanim,#hash_6c47e711ff458298
xanim,#hash_6c61d2e0c32355d7
xanim,#ai_t8_zm_zod_bltfthr_pain_getup_r_01
xanim,#ai_t8_zombie_base_sprint_ad_v23_pain_chest_f
xanim,#hash_6cc0504bfc782617
xanim,#vm_bare_hands_idle
xanim,#hash_6cf714e7c2dcabe9
xanim,#hash_6cff2015e5f2a5de
xanim,#hash_6d119e8da9bd8957
xanim,#ai_t8_zm_zod_bltfthr_pain_destroy_head_01
xanim,#hash_6d437b51e0e0bccd
xanim,#hash_6d7e7767e476ff47
xanim,#hash_6d7e7867e47700fa
xanim,#ai_t8_base_rifle_stn_run_dth_r_arms_lt_1
xanim,#pt_battle_shield_male_stand_pullout
xanim,#hash_6e2b58d5fc2c869c
xanim,#hash_6e3f67d8e78e1736
xanim,#ai_t8_zm_red_spar_swrd_run_turn_180_r
xanim,#ai_t8_zombie_base_walk_au_win_trav_l_v1
xanim,#ai_zombie_base_run_ad_v23_pain_chest_f
xanim,#hash_6e9a335a404e2d7d
xanim,#ai_zombie_base_run_au_v9_pain_chest_f
xanim,#ai_t8_zm_zombie_base_crawl_boardtear_aligned_l_3_pull
xanim,#ai_t8_zm_red_spar_swrd_sprint_arrival_2
xanim,#hash_6edfb0c9da4d7923
xanim,#hash_6ef346e916dd626c
xanim,#vm_ww_hand_charon_sprint_putaway
xanim,#hash_6efe17658d961181
xanim,#ai_t8_zm_red_spar_spear_sprint_f_01_pain_01
xanim,#ai_t8_zm_red_spar_spear_sprint_f_01_pain_02
xanim,#ai_t8_zombie_base_sprint_ad_v2
xanim,#ai_t8_zombie_base_sprint_ad_v1
xanim,#ai_t8_zombie_base_sprint_ad_v5
xanim,#ai_t8_zm_zod_bltfthr_run_turn_r_45
xanim,#ai_t8_zm_zod_bltfthr_run_turn_r_90
xanim,#hash_6f4f30d56419d86a
xanim,#p8_fxanim_zm_zod_magic_box_close_anim
xanim,#vm_zom_zhield_zpear_jump_land
xanim,#hash_6f653bb1b35fa4a2
xanim,#ai_zombie_base_run_au_sidestep_left_short
xanim,#hash_6fa188677ebe9a97
xanim,#hash_6fa30c9ae1a7fda7
xanim,#ai_t8_zm_zod_bltfthr_tongue_attack_in
xanim,#hash_6faffd579ef6db0f
xanim,#hash_6fb75493a4ac6eb2
xanim,#ai_t8_zm_zod_bltfthr_pain_stun_in
xanim,#hash_6fe2599a779e7911
xanim,#ch_vign_cust_zm_red_amp_perseus_intro
xanim,#vm_ww_hand_charon_crawl_l
xanim,#vm_ww_hand_charon_crawl_f
xanim,#vm_ww_hand_charon_crawl_b
xanim,#vm_ww_hand_charon_crawl_r
xanim,#ai_t8_zm_red_spar_spear_melee_01
xanim,#ai_zombie_base_walk_ad_sidestep_right_short_a
xanim,#hash_707e34d8df702aee
xanim,#ai_t8_zm_zombie_base_crawl_boardtear_aligned_r_1_pull
xanim,#vm_t8_dw_slide
xanim,#vm_zom_zhield_zpear_ads_base_up
xanim,#hash_70c2508b713cc8e5
xanim,#hash_70d39bd86217eec9
xanim,#hash_70e188a556bc0188
xanim,#ai_zombie_base_walk_ad_v7_pain_chest_f_alt
xanim,#ai_t8_zm_zod_bltfthr_pain_destroy_leg_left_01
xanim,#hash_70f503ba583a66c4
xanim,#hash_70f7d2087ad7679d
xanim,#hash_710ce8708cb344ec
xanim,#hash_712b0c71e5226f76
xanim,#ai_t8_zm_zod_bltfthr_tongue_grab_release_decl_45
xanim,#vm_frag_grenade_throw
xanim,#hash_713fc12c6e35e387
xanim,#hash_7140fe8bf2e9954d
xanim,#hash_7142408016fd44df
xanim,#ai_zm_dlc1_zombie_sprint_lowg_v3_pain_chest_f
xanim,#ai_t8_zm_zombie_boardtear_aligned_m_2_pull
xanim,#hash_715e03ff11defff7
xanim,#hash_715e04ff11df01aa
xanim,#ai_t8_zm_zombie_base_crawl_jump_down_36
xanim,#ai_t8_zm_zombie_base_crawl_jump_down_48
xanim,#ai_zombie_base_run_jump_down_36
xanim,#ai_t8_zm_zombie_base_crawl_jump_down_72
xanim,#ai_t8_zm_zombie_base_crawl_jump_down_96
xanim,#p8_fxanim_zm_red_omphalos_crystal_right_01_anim
xanim,#ai_zombie_base_run_jump_down_72
xanim,#ai_zombie_base_run_jump_down_48
xanim,#vm_zom_lightning_rod_pullout
xanim,#ai_zombie_base_run_jump_down_96
xanim,#ai_zm_dlc1_zombie_sprint_lowg_v2_pain_chest_f
xanim,#ai_t8_zombie_base_crawl_sprint_win_trav_r_v1
xanim,#vm_t8_swim_f_dw
xanim,#hash_71eaedd12fae64f5
xanim,#hash_72026ea73bdb7ffe
xanim,#hash_7211379392dc0524
xanim,#hash_7246c019e74a6dba
xanim,#ai_t8_zm_zod_bltfthr_fire_projectile_triple
xanim,#hash_726ec5ba302ee285
xanim,#hash_7279908ba3fe7b0f
xanim,#ai_t8_zm_zod_bltfthr_tongue_grab_idle
xanim,#ai_zombie_base_sprint_ad_sidestep_left_short_a
xanim,#ai_zombie_base_idle_au_v1
xanim,#hash_72de9bc739604b44
xanim,#ai_zombie_base_walk_ad_v21_pain_chest_f
xanim,#hash_73205d805b4b28a4
xanim,#ai_t8_zm_zombie_boardtear_aligned_r_6_grab
xanim,#hash_7327d7ce6f8340dc
xanim,#ai_t8_zombie_base_run_pain_move_l_04
xanim,#ai_t8_zombie_base_run_pain_move_l_05
xanim,#ai_t8_zombie_base_run_pain_move_l_06
xanim,#ai_t8_zombie_base_run_pain_move_l_01
xanim,#ai_t8_zombie_base_run_pain_move_l_02
xanim,#ai_t8_zombie_base_run_pain_move_l_03
xanim,#p8_fxanim_zm_red_buyable_gate_01_open_anim
xanim,#hash_73438b226d467d80
xanim,#ai_t8_zm_zombie_base_run_mantle_over_128
xanim,#hash_7346c663ed37ee05
xanim,#ai_zm_dlc1_zombie_jump_up_244_down_36
xanim,#hash_737af4fc27f89452
xanim,#hash_7388a72cdc7c5a0c
xanim,#hash_73a0d3e8fddbd79f
xanim,#ai_zombie_base_walk_ad_v25_pain_chest_f_alt
xanim,#ai_zombie_base_run_dth_f_torso_lt
xanim,#hash_73dec914a1b9e49d
xanim,#ai_t8_zm_zombie_base_crawl_boardtear_aligned_l_1_hold
xanim,#hash_740d97491389c7fe
xanim,#ai_t8_zm_zombie_base_walk_mantle_over_72
xanim,#ai_t8_zm_zombie_base_walk_mantle_over_48
xanim,#ai_t8_zm_zombie_base_walk_mantle_over_40
xanim,#ai_t8_zm_zombie_base_walk_mantle_over_36
xanim,#hash_743919ec94c72aab
xanim,#p8_fxanim_zm_zod_magic_box_leave_anim
xanim,#ai_t8_zm_zombie_base_walk_mantle_over_96
xanim,#hash_745d9c87f6704552
xanim,#hash_745eec895de118e3
xanim,#hash_7461de624ca4973e
xanim,#hash_7466cf8bf6028dcc
xanim,#ai_t8_zm_red_spar_spear_wlk_slow_02_pain_02
xanim,#ai_t8_zm_red_spar_spear_wlk_slow_02_pain_01
xanim,#ai_zm_dlc1_zombie_crawl_jump_up_36_down_244
xanim,#hash_74d1eb159e91f263
xanim,#ai_t8_zm_zombie_boardtear_aligned_m_4_hold
xanim,#hash_74d3f1a2acc03a86
xanim,#p8_fxanim_zm_red_ouranos_feather_float_anim
xanim,#hash_7539c00336b66933
xanim,#hash_7586b0674bba2418
xanim,#hash_758e833d7a600df8
xanim,#hash_759440674bc5a324
xanim,#hash_7598946901cc6d86
xanim,#hash_75de30131db0404f
xanim,#ai_zombie_base_dth_tesla_d
xanim,#ai_zombie_base_dth_tesla_b
xanim,#ai_zombie_base_dth_tesla_c
xanim,#ai_zombie_base_dth_tesla_a
xanim,#hash_76042a8860d5ba0a
xanim,#ai_zombie_base_run_ad_v1_pain_chest_f
xanim,#ai_zombie_base_crawl_attack_v2
xanim,#ai_zombie_base_crawl_attack_v1
xanim,#ai_zombie_base_run_ad_v11
xanim,#ai_zombie_base_run_ad_v12
xanim,#ai_zombie_base_run_ad_v14
xanim,#vm_ww_hand_charon_jump
xanim,#ai_zombie_base_run_ad_v21
xanim,#ai_zombie_base_run_ad_v20
xanim,#ai_zombie_base_run_ad_v23
xanim,#ai_zombie_base_run_ad_v22
xanim,#ai_zombie_base_run_ad_v24
xanim,#hash_7669c41c7e869b72
xanim,#hash_7673565c0d61482a
xanim,#hash_7673585c0d614b90
xanim,#o_t8_zm_zombie_board_1_pull
xanim,#hash_76d1f56bb7eed0e9
xanim,#hash_76dabeed260af215
xanim,#ai_zombie_base_walk_au_v8_pain_chest_f
xanim,#hash_76dd3a900a8106b0
xanim,#hash_76e0ef08bbbd13cc
xanim,#hash_76f7d1d285a9dc0a
xanim,#ai_t8_zm_zod_bltfthr_run_turn_l_90
xanim,#ai_zombie_base_fast_sprint_01
xanim,#ai_zombie_base_fast_sprint_02
xanim,#ai_t8_zm_zod_bltfthr_run_turn_l_45
xanim,#hash_773efa7ace929dc9
xanim,#ai_zombie_base_walk_turn_180_l_v3
xanim,#vm_bare_hands_swim_tw_sprint_loop
xanim,#hash_77ab12326ad63e24
xanim,#ai_zombie_base_run_au_v23_pain_chest_f
xanim,#hash_77ec5049aeeeae1e
xanim,#vm_zom_zhield_zpear_pullout
xanim,#ai_zm_dlc1_zombie_jump_down_190
xanim,#hash_78499e33a6a9ff9f
xanim,#vm_zom_sapling_hand_pose_r
xanim,#vm_zom_sapling_hand_pose_l
xanim,#hash_78655b5b134ef711
xanim,#hash_786bb233a6c70801
xanim,#ai_t8_zm_red_spar_swrd_run_turn_135_l
xanim,#ai_t8_zm_red_spar_swrd_run_turn_135_r
xanim,#vm_ww_hand_charon_crawl_in
xanim,#ai_t8_zm_zombie_base_crawl_boardtear_aligned_m_4_grab
xanim,#ai_zombie_zod_jump_down_256
xanim,#hash_788296f0707f28e2
xanim,#hash_7887428a17ca870f
xanim,#ai_t8_zombie_base_sprint_ad_v2_pain_chest_f
xanim,#hash_7895c63f78951f6c
xanim,#hash_7895c73f7895211f
xanim,#hash_7895cb3f789527eb
xanim,#hash_7895cc3f7895299e
xanim,#hash_7895cd3f78952b51
xanim,#hash_7895ce3f78952d04
xanim,#hash_7895d03f7895306a
xanim,#hash_7895d13f7895321d
xanim,#hash_78983d8a17d8f1c3
xanim,#ai_zm_dlc1_zombie_run_lowg_v1_pain_chest_f_alt
xanim,#ai_zm_dlc1_zombie_run_lowg_v2_pain_chest_f_alt
xanim,#p8_fxanim_zm_red_hemera_mirror_05_anim
xanim,#hash_78c793887e93bfd4
xanim,#hash_78c87850cadfc643
xanim,#hash_78def91dd3a36435
xanim,#hash_7906fb4cf6ba9fba
xanim,#ai_zombie_base_walk_au_v1_pain_chest_f_alt
xanim,#hash_791cc64020062736
xanim,#ai_zombie_base_run_au_v24
xanim,#ai_zombie_base_run_au_v20
xanim,#ai_zombie_base_run_au_v21
xanim,#ai_zombie_base_run_au_v22
xanim,#ai_zombie_base_run_au_v23
xanim,#vm_frag_grenade_pullpin_additive
xanim,#ai_zombie_base_run_au_v11
xanim,#ai_zombie_base_run_au_v13
xanim,#hash_793205c54cf30709
xanim,#p8_fxanim_zm_red_apollo_arrow_dmg_impact_anim
xanim,#p8_fxanim_gp_raven_idle_standing_anim
xanim,#p8_fxanim_zm_vapor_altar_zeus_off_anim
xanim,#ai_t8_zm_zod_catalyst_plasma_spawn_01
xanim,#vm_mini_crossbow_sprint_loop
xanim,#ai_base_rifle_stn_run_dth_r_hips_lt_1
xanim,#ai_t8_zm_zod_catalyst_water_spawn_01
xanim,#ai_zombie_base_walk_au_v11_pain_chest_f
xanim,#hash_79e6efc3d2193feb
xanim,#ai_t8_zombie_base_crawl_win_trav_l_v1
xanim,#hash_79edcf4bf6daa9dc
xanim,#hash_79fb6c5db69ec9ad
xanim,#hash_7a36ca521a4d1040
xanim,#ai_t8_zm_zombie_base_crawl_boardtear_aligned_l_1_grab
xanim,#hash_7a41c8a7fbd7ee96
xanim,#hash_7a48150a968f1c95
xanim,#ai_zombie_base_sprint_au_sidestep_left_short
xanim,#ai_t8_zm_red_spar_swrd_sprint_exit_8
xanim,#hash_7a78ff837e1c2655
xanim,#p8_fxanim_zm_packapunch_worldguns_taken
xanim,#hash_7a9be334a3e6740c
xanim,#ai_zombie_base_walk_au_v3_pain_chest_f
xanim,#p8_fxanim_zm_red_omphalos_crystal_front_03_anim
xanim,#ai_t8_zm_red_spar_swrd_wlk_slow_01_pain_02
xanim,#ai_t8_zm_red_spar_swrd_wlk_slow_01_pain_01
xanim,#vm_zom_lightning_rod_sprint_in
xanim,#ai_t8_zm_zod_bltfthr_tongue_attack_miss_end
xanim,#ai_t8_zm_red_spar_spear_run_turn_180_l
xanim,#ai_t8_zm_red_spar_spear_run_turn_180_r
xanim,#hash_7af9eb521c7fe832
xanim,#vm_ww_hand_charon_sprint_in
xanim,#hash_7b2aaab228d39d21
xanim,#ai_t8_zm_red_spar_swrd_run_03
xanim,#ai_t8_zm_red_spar_swrd_run_02
xanim,#ai_t8_zm_red_spar_swrd_run_01
xanim,#ai_t8_zm_red_spar_swrd_run_05
xanim,#ai_t8_zm_red_spar_swrd_run_04
xanim,#ai_t8_zm_zombie_boardtear_aligned_l_5_hold
xanim,#vm_frag_grenade_pullpin_bare_hands_additive
xanim,#ai_zombie_base_run_ad_v20_pain_chest_f
xanim,#ai_zombie_base_run_ad_sidestep_right_long
xanim,#hash_7bd9db25c7e93ede
xanim,#hash_7bdc9ffd28b08d8f
xanim,#ai_t8_zm_zod_catalyst_plasma_run_02
xanim,#ai_t8_zm_zod_catalyst_plasma_run_03
xanim,#ai_t8_zm_zod_catalyst_plasma_run_01
xanim,#ai_zombie_base_crawl_dth_tesla_b
xanim,#ai_zombie_base_crawl_dth_tesla_a
xanim,#ai_zombie_base_sprint_turn_180_l_v2
xanim,#ai_zombie_dr_jump_down_190
xanim,#ai_zombie_dr_jump_down_184
xanim,#ai_zombie_dr_jump_down_127
xanim,#hash_7c4c2a41c22fc335
xanim,#hash_7c603d78c185803b
xanim,#ai_t8_zm_zombie_base_crawl_boardtear_aligned_m_2_grab
xanim,#ai_zombie_base_run_ad_sidestep_right_short
xanim,#hash_7c82ef91e8be7a2b
xanim,#hash_7c91c41283dbfd25
xanim,#ai_zombie_zod_stunned_electrobolt_e
xanim,#ai_zombie_zod_stunned_electrobolt_d
xanim,#ai_zombie_zod_stunned_electrobolt_a
xanim,#ai_zombie_zod_stunned_electrobolt_c
xanim,#ai_zombie_zod_stunned_electrobolt_b
xanim,#p8_fxanim_zm_vapor_altar_zeus_anim
xanim,#hash_7ccc605d8d62ccb6
xanim,#hash_7cd8da3c11f98bd6
xanim,#hash_7cdd8187498cc745
xanim,#pt_rifle_stand_concussed_loop
xanim,#ai_zombie_base_walk_ad_v3_pain_chest_f
xanim,#ai_zombie_base_run_ad_v7_pain_chest_f
xanim,#hash_7d2bfff27e04ea2a
xanim,#hash_7d66d803c16cdbd8
xanim,#ai_t8_zm_zod_catalyst_corrosive_death_02
xanim,#ai_t8_zm_zod_catalyst_corrosive_death_01
xanim,#hash_7d7a50d20aa42320
xanim,#ai_t8_zombie_base_sprint_au_v2_pain_chest_f
xanim,#hash_7d9c66034011c5da
xanim,#ai_t8_zm_red_spar_swrd_wlk_fast_02_pain_02
xanim,#ai_t8_zm_red_spar_swrd_wlk_fast_02_pain_01
xanim,#ai_t8_zm_zombie_base_crawl_boardtear_aligned_l_2_pull
xanim,#vm_t8_dw_slide_additive
xanim,#ai_t8_zombie_base_sprint_attack_02
xanim,#ai_t8_zombie_base_sprint_attack_04
xanim,#ai_t8_zombie_base_sprint_attack_06
xanim,#ai_t8_zombie_base_sprint_attack_08
xanim,#ai_t8_zombie_base_sprint_attack_13
xanim,#ai_t8_zombie_base_sprint_attack_12
xanim,#ai_t8_zombie_base_sprint_attack_10
xanim,#ai_t8_zombie_base_sprint_attack_17
xanim,#ai_t8_zombie_base_sprint_attack_19
xanim,#ai_t8_zombie_base_sprint_attack_18
xanim,#ai_t8_zombie_base_sprint_attack_24
xanim,#ai_t8_zombie_base_sprint_attack_25
xanim,#ai_t8_zombie_base_sprint_attack_22
xanim,#ai_t8_zombie_base_sprint_attack_23
xanim,#ai_t8_zombie_base_sprint_attack_20
xanim,#ai_t8_zombie_base_sprint_attack_21
xanim,#ai_t8_zombie_base_sprint_attack_28
xanim,#ai_t8_zombie_base_sprint_attack_29
xanim,#hash_7df3a20930a57c08
xanim,#ai_t8_zombie_base_sprint_attack_30
xanim,#ai_t8_zm_zombie_boardtear_aligned_m_2_hold
xanim,#p8_fxanim_zm_base_packapunch_working_take_gun_anim
xanim,#ai_t8_zm_red_spar_swrd_idle_02
xanim,#ai_t8_zm_red_spar_swrd_idle_01
xanim,#hash_7e52055ab29a68b9
xanim,#ai_zombie_base_walk_ad_sidestep_left_short_b
xanim,#ai_t8_zm_zombie_base_crawl_boardtear_aligned_r_4_grab
xanim,#ai_zombie_base_walk_au_v15_pain_chest_f
xanim,#vm_brass_knuckles_swim_uw_sprint_out
xanim,#ai_zombie_base_run_au_v1_pain_chest_f_alt
xanim,#ai_zombie_base_run_au_sidestep_right_long_a
xanim,#ai_zombie_base_run_au_sidestep_right_long_b
xanim,#ai_zombie_base_run_au_sidestep_right_long_c
xanim,#hash_7e983b68747952a4
xanim,#ai_t8_zombie_base_walk_ad_win_trav_l_v1
xanim,#ai_zombie_base_walk_au_v23_pain_chest_f
xanim,#vm_ww_hand_charon_fire
xanim,#hash_7ee613b6c1b6f17f
xanim,#hash_7ef0a2b6c1c03901
xanim,#ai_t8_zm_quad_taunt_2
xanim,#ai_zombie_base_sprint_turn_135_r_v2
xanim,#ai_zombie_base_run_au_v9
xanim,#ai_zombie_base_run_au_v4
xanim,#ai_zombie_base_run_au_v5
xanim,#ai_zombie_base_run_au_v2
xanim,#ai_zombie_base_run_au_v1
xanim,#hash_7f0a2a8049934940
xanim,#p8_fxanim_zm_vapor_altar_danu_anim
xanim,#hash_7f7a48397ef6401e
xanim,#ai_t8_zombie_base_sprint_au_win_trav_m_v1
xanim,#ai_t8_zombie_base_sprint_au_win_trav_m_v2
xanim,#ai_t8_zm_zombie_base_crawl_boardtear_aligned_r_4_hold
xanim,#ai_t8_zm_zombie_boardtear_aligned_l_6_hold
xanim,#hash_7f8d3a055da1d314
xanim,#hash_7ff63676c5e98a44
xanim,#hash_7ff63976c5e98f5d
xanim,#hash_7ff646ae49295bc8
scriptbundle,#aib_vign_cust_zm_red_boss1_stg3_teleport_end_01
scriptbundle,#p8_fxanim_zm_red_statue_philosopher_01_bundle
scriptbundle,#aib_vign_cust_zm_red_boss2_atk_01
scriptbundle,#cin_zm_red_mid
scriptbundle,#aib_vign_cust_red_gegn_snake_jump
scriptbundle,#aib_vign_cust_zm_red_boss1_stg1_meteor_strike_01
scriptbundle,#p8_fxanim_zm_red_omphalos_crystal_left_bundle
scriptbundle,#p8_fxanim_zm_red_bellows_bundle
scriptbundle,#p8_fxanim_zm_red_ww_shell_mound_dks_bundle
scriptbundle,#p8_fxanim_zm_red_ww_shell_mound_bundle
scriptbundle,#c_t8_zmb_gegenees_weakpoint_def
scriptbundle,#fxb8_zm_char_cata_water
scriptbundle,#p8_fxanim_zm_red_eagle_cage_b_bundle
scriptbundle,#c_t8_zmb_dlc2_skeleton_sword_dst_def
scriptbundle,#aib_vign_zm_zod_catalyst_corrosive_spawn_post_split
scriptbundle,#aib_vign_zm_zod_bltfthr_spawn_post_split
scriptbundle,#aib_vign_cust_zm_red_zmb_venom_lqfy_abv_dth_01
scriptbundle,#aib_vign_cust_zm_red_boss_intro
scriptbundle,#p8_fxanim_zm_red_omphalos_crystal_right_bundle
scriptbundle,#aib_vign_cust_zm_red_boss1_stg1_to_stg2_01
scriptbundle,#p8_fxanim_zm_red_apollo_arrow_dmg_03_bundle
scriptbundle,#p8_fxanim_zm_vapor_altar_odin_bundle
scriptbundle,#aib_vign_cust_zm_red_boss1_stg3_turn_1_to_2_01
scriptbundle,#fxd8_zm_char_cata_water_body
scriptbundle,#fxb8_zm_char_cata_elec
scriptbundle,#aib_vign_cust_zm_red_zmb_impale_from_below_00
scriptbundle,#aib_vign_cust_zm_red_gegn_spear_intro
scriptbundle,#p8_fxanim_zm_zod_wormhole_bundle
scriptbundle,#p8_fxanim_zm_red_ww_hand_charon_bundle
scriptbundle,#p8_fxanim_zm_red_apollo_arrow_dmg_01_bundle
scriptbundle,#p8_fxanim_zm_red_gaia_sprout_bundle
scriptbundle,#aib_vign_cust_zm_red_boss1_stg3_turn_3_to_2_01
scriptbundle,#p8_fxanim_zm_red_gaia_bush_bundle
scriptbundle,#cin_t8_zm_zombie_base_trv_entry_climb_272
scriptbundle,#aib_vign_cust_zm_red_boss2_intro_exit
scriptbundle,#aib_vign_cust_zm_red_orcl
scriptbundle,#aib_vign_cust_zm_red_boss1_stg3_idle_01
scriptbundle,#c_t8_zmb_dlc2_skeleton_helmet_sword_dst_def
scriptbundle,#ztable_red_strike
scriptbundle,#fxb8_zm_char_cata_plasma
scriptbundle,#p8_fxanim_zm_red_ouranos_feather_02_bundle
scriptbundle,#aib_zm_red_vign_peg_inair_flapattack_01
scriptbundle,#c_t8_zmb_blightfather1_dst_def
scriptbundle,#aib_vign_cust_zm_red_gegn_chasm_up
scriptbundle,#p8_fxanim_zm_zod_magic_box_plinth_bundle
scriptbundle,#fxd8_zm_char_werewolf_body
scriptbundle,#aib_vign_zm_zod_catalyst_electric_spawn_post_split
scriptbundle,#aib_vign_zm_zod_catalyst_water_spawn_post_split
scriptbundle,#aib_vign_cust_zm_red_boss1_stg2_to_stg3_01
scriptbundle,#aib_zm_red_vign_pgs_wng_fld_idle
scriptbundle,#p8_fxanim_zm_red_omphalos_egg_bundle
scriptbundle,#aib_vign_zm_zod_catalyst_water_spawn_pre_split
scriptbundle,#p8_fxanim_zm_red_sundial_outer_doors_bundle
scriptbundle,#aib_zm_red_ampthtr_zombie_trnsfxd
scriptbundle,#p8_fxanim_zm_red_statue_spartan_6b_bundle
scriptbundle,#p8_fxanim_zm_red_spartoi_rise_bundle
scriptbundle,#c_zom_der_zombie_hat_gib_def
scriptbundle,#p8_fxanim_zm_zod_magic_box_skull_drop_bundle
scriptbundle,#p8_fxanim_zm_red_ww_shell_rubble_bundle
scriptbundle,#aib_vign_cust_zm_red_spar_swrd_shld_block_l_00
scriptbundle,#zm_aoe_strafe_storm
scriptbundle,#p8_fxanim_zm_red_oil_trail_01_bundle
scriptbundle,#ztable_shield_zhield_zpear
scriptbundle,#cin_zm_red_outro_temple_part4
scriptbundle,#cin_zm_red_outro_temple_part3
scriptbundle,#cin_zm_red_outro_temple_part2
scriptbundle,#zm_blight_father_settings
scriptbundle,#p8_fxanim_zm_red_statue_king_03_bundle
scriptbundle,#aib_vign_cust_zm_red_spart_swrd_dth_f_00
scriptbundle,#p8_fxanim_zm_red_statue_spartan_01_bundle
scriptbundle,#fxd8_zm_char_cata_cor_body
scriptbundle,#fxb8_zm_char_blightfather
scriptbundle,#zblueprint_shield_zhield_zpear
scriptbundle,#c_t8_zmb_dlc2_skeleton_helmet_spear_dst_def
scriptbundle,#p8_fxanim_zm_red_ww_hand_ouranos_bundle
scriptbundle,#aib_vign_cust_zm_red_peg_waterfall_intro
scriptbundle,#aib_vign_cust_zm_red_boss1_stg1_summon_01
scriptbundle,#aib_vign_cust_zm_red_amp_zmb_brk_out_10
scriptbundle,#aib_vign_cust_zm_red_amp_zmb_brk_out_09
scriptbundle,#aib_vign_cust_zm_red_amp_zmb_brk_out_08
scriptbundle,#aib_vign_cust_zm_red_amp_zmb_brk_out_07
scriptbundle,#aib_vign_cust_zm_red_amp_zmb_brk_out_06
scriptbundle,#aib_vign_cust_zm_red_amp_zmb_brk_out_05
scriptbundle,#aib_vign_cust_zm_red_amp_zmb_brk_out_04
scriptbundle,#aib_vign_cust_zm_red_amp_zmb_brk_out_03
scriptbundle,#aib_vign_cust_zm_red_amp_zmb_brk_out_02
scriptbundle,#aib_vign_cust_zm_red_amp_zmb_brk_out_01
scriptbundle,#p8_fxanim_zm_red_ouranos_feather_01_bundle
scriptbundle,#p8_fxanim_zm_red_gear_wall_03_bundle
scriptbundle,#p8_fxanim_gp_raven_idle_standing_bundle
scriptbundle,#cin_zm_red_pegasus_ride
scriptbundle,#c_t8_zmb_skeleton_helmet_weakpoint_def
scriptbundle,#p8_fxanim_zm_red_oil_trail_03_bundle
scriptbundle,#p8_fxanim_zm_office_wormhole_bundle
scriptbundle,#p8_fxanim_zm_red_spartoi_rise_spear_no_helm_bundle
scriptbundle,#fxd8_zm_char_spartoi_body
scriptbundle,#aib_vign_cust_zm_red_boss1_stg3_turn_1_to_3_01
scriptbundle,#aib_vign_zm_zod_catalyst_corrosive_spawn_pre_split
scriptbundle,#aib_vign_cust_zm_red_geg_boss_battle_trvs_dwn
scriptbundle,#aib_vign_cust_zm_red_boss1_stg3_turn_3_to_1_01
scriptbundle,#zblueprint_red_strike
scriptbundle,#p8_fxanim_zm_red_eagle_cage_bundle
scriptbundle,#default_traversal_extents_zm
scriptbundle,#c_t8_zmb_blightfather_weakpoint_def
scriptbundle,#p8_fxanim_zm_red_ouranos_feather_03_bundle
scriptbundle,#p8_fxanim_zm_red_statue_philosopher_02_bundle
scriptbundle,#aib_zm_red_vign_peg_inair_flight_cycle_01
scriptbundle,#zm_aoe_chaos_bolt_annihilate
scriptbundle,#p8_fxanim_zm_red_vapor_altar_ra_arms_bundle
scriptbundle,#p8_fxanim_zm_red_apollo_arrow_dmg_02_bundle
scriptbundle,#p8_fxanim_zm_red_omphalos_crystal_front_bundle
scriptbundle,#aib_vign_cust_zm_red_gegn_chasm_down
scriptbundle,#aib_zm_red_vign_peg_inair_glide_f_01
scriptbundle,#p8_fxanim_zm_red_drakaina_bundle
scriptbundle,#aib_vign_cust_zm_red_boss1_stg3_turn_2_to_1_01
scriptbundle,#p8_fxanim_zm_red_ww_hand_gaia_bundle
scriptbundle,#aib_vign_zm_zod_catalyst_plasma_spawn_pre_split
scriptbundle,#fxd8_zm_char_cata_elec_body
scriptbundle,#p8_fxanim_zm_red_oil_trail_02_bundle
scriptbundle,#p8_fxanim_zm_red_statue_spartan_6a_bundle
scriptbundle,#p8_fxanim_zm_red_ww_hand_hemera_bundle
scriptbundle,#p8_fxanim_zm_red_spartoi_rise_spear_bundle
scriptbundle,#c_t8_zmb_dlc2_gegenees1_dst_def
scriptbundle,#blightfather_footstep_notetrack_bones
scriptbundle,#aib_vign_cust_zm_red_spar_spear_build_01
scriptbundle,#p8_fxanim_zm_red_geg_bundle
scriptbundle,#c_t8_zmb_dlc2_skeleton_spear_dst_def
scriptbundle,#zm_aoe_chaos_bolt_2
scriptbundle,#p8_fxanim_zm_red_gear_wall_02_bundle
scriptbundle,#fxb8_zm_char_gegenees
scriptbundle,#aib_vign_cust_zm_red_boss1_stg1_chaos_atk_01
scriptbundle,#p8_fxanim_zm_red_statue_king_02_bundle
scriptbundle,#aib_vign_cust_zm_red_eagle_1_caged
scriptbundle,#aib_t8_zm_zombie_undercroft_spawn_03
scriptbundle,#aib_vign_cust_zm_red_skel_drggd_dwn_arm_02
scriptbundle,#aib_vign_cust_zm_red_skel_drggd_dwn_arm_01
scriptbundle,#aib_vign_cust_zm_red_skel_drggd_dwn_arm_00
scriptbundle,#aib_vign_cust_zm_red_geg_boss_battle_trvs_up
scriptbundle,#p8_fxanim_zm_red_bathhouse_mirror_bundle
scriptbundle,#zm_skeleton_settings
scriptbundle,#p8_fxanim_zm_red_gear_wall_01_bundle
scriptbundle,#p8_fxanim_zm_red_statue_spartan_02a_bundle
scriptbundle,#p8_fxanim_gp_raven_idle_eating_bundle
scriptbundle,#zm_red_zombie_settings
scriptbundle,#aib_vign_cust_zm_red_gegn_crystal_break
scriptbundle,#aib_vign_cust_zm_red_boss1_stg3_teleport_start_01
scriptbundle,#aib_vign_cust_zm_red_zmb_venom_lqfy_blw_dth_01
scriptbundle,#p8_fxanim_zm_red_statue_king_01_bundle
scriptbundle,#p8_fxanim_zm_red_vapor_altar_ra_bundle
scriptbundle,#p8_fxanim_zm_red_fountain_prism_bundle
scriptbundle,#zm_zombie_settings
scriptbundle,#aib_vign_cust_zm_red_gegn_sacred_way
scriptbundle,#p8_fxanim_zm_red_gaia_portal_bundle
scriptbundle,#p8_fxanim_zm_red_statue_spartan_07_bundle
scriptbundle,#aib_vign_zm_zod_catalyst_plasma_spawn_post_split
scriptbundle,#cin_zm_red_outro_temple
scriptbundle,#aib_vign_cust_zm_red_gegn_arrow_road
scriptbundle,#p8_fxanim_zm_red_hemera_mirror_bundle
scriptbundle,#fxd8_zm_char_zombie_base_body
scriptbundle,#p8_fxanim_zm_red_ballista_bundle
scriptbundle,#p8_fxanim_zm_vapor_altar_zeus_bundle
scriptbundle,#aib_vign_cust_zm_red_eagle_2
scriptbundle,#aib_vign_cust_zm_red_eagle_1
scriptbundle,#zm_aoe_chaos_bolt
scriptbundle,#aib_vign_zm_zod_catalyst_electric_spawn_pre_split
scriptbundle,#zm_gegenees_settings
scriptbundle,#c_t8_zmb_dlc0_zombie_male1_gib_def
scriptbundle,#p8_fxanim_zm_red_shrine_charon_lantern_bundle
scriptbundle,#p8_fxanim_zm_red_ra_wall_bundle
scriptbundle,#aib_vign_cust_zm_red_spar_swrd_shld_block_r_00
scriptbundle,#p8_fxanim_zm_red_ww_handle_float_bundle
scriptbundle,#int_red_plant_lightning_rod_s
scriptbundle,#aib_vign_cust_zm_red_amp_perseus_intro
scriptbundle,#p8_fxanim_zm_red_sundial_inner_doors_bundle
scriptbundle,#aib_vign_cust_zm_red_boss1_stg3_to_dth_01
scriptbundle,#aib_vign_cust_zm_red_boss1_stg3_turn_2_to_3_01
scriptbundle,#aib_vign_zm_zod_bltfthr_spawn_pre_split
scriptbundle,#p8_fxanim_zm_vapor_altar_danu_bundle
scriptbundle,#aib_vign_cust_zm_red_boss1_stg3_chrg_atk_01
scriptbundle,#p8_fxanim_zm_red_sundial_middle_doors_bundle
scriptbundle,#aib_vign_cust_zm_red_spar_swrd_build_01
scriptbundle,#p8_fxanim_zm_red_spartoi_rise_no_helm_bundle
scriptbundle,#aib_vign_cust_zm_red_gegn_treasury_intro
scriptbundle,#fxb8_zm_char_cata_cor
scriptbundle,#fxd8_zm_char_cata_plasma_body
scriptbundle,#zm_catalyst_settings
scriptbundle,#p8_fxanim_zm_red_ankh_chaos_scene
scriptbundle,#c_t8_zmb_skeleton_weakpoint_def
scriptbundle,#p8_fxanim_zm_red_wall_roots_01_bundle
scriptbundle,#p8_fxanim_zm_red_bellows_wheel_bundle
scriptbundle,#p8_fxanim_zm_red_gaia_spikes_bundle
scriptbundle,#c_54i_grunt_fx_table
scriptbundle,#c_t8_zmb_3rdclass_male_gib_def
scriptbundle,#p8_fxanim_zm_red_shrine_hemera_bundle
scriptbundle,#aib_vign_cust_zm_red_zmb_ww_drggd_dwn_00
material,#riotshield_zm_icon
string,#hash_2635b6ade6ebd4
string,#hash_3d74cbb3721616
string,#mpui/stalker
string,#hash_95c5021b448b56
string,#mpui/extclip_desc
string,#mpui/fmj_desc
string,#hash_1232ccbc481cfd1
string,#mpui/supply_desc
string,#hash_1e74a132edbfe75
string,#hash_1fa0254afe1fa66
string,#mpui/dualoptic
string,#hash_2bbe0121500d0f4
string,#mpui/fastreload2_desc
string,#zmui/fmj_desc
string,#menu/camo_loot_zombie_maitai
string,#zmweapon/riotshield
string,#hash_40c47b72c083914
string,#hash_41c78eae0a58032
string,#mpui/camo_active_take_it_personally
string,#mpui/camo_flectarn
string,#mpui/extclip2
string,#hash_53f8ce3091d435c
string,#hash_54d93a685e1f42c
string,#hash_5be026b2781b8c9
string,#hash_5d7eb1442a4f213
string,#hash_5ed001ba2e3c097
string,#hash_60d5f8a81088ca7
string,#hash_62d83db12ce79bd
string,#hash_645ccf84af1a142
string,#zm_red/location_amphitheater
string,#menu/camo_loot_scratchnsniff
string,#hash_6df4c8cf91989af
string,#mpui/quickdraw2_desc
string,#mpui/stalker2_desc
string,#hash_7569a626e8c1a1f
string,#hash_84f311770e142e5
string,#mpui/extclip
string,#hash_870732dcf823d00
string,#menu/camo_loot_roadhouse
string,#hash_9616ad35f75b736
string,#menu/camo_loot_trifecta
string,#hash_a02535d38d06ed4
string,#hash_adf6cd520ffe986
string,#hash_b24be5d98c741f5
string,#hash_b8c56cb3c00a420
string,#hash_b8c57cb3c00a5d3
string,#hash_b8c58cb3c00a786
string,#hash_b8c59cb3c00a939
string,#hash_b8c5acb3c00aaec
string,#hash_b8c5bcb3c00ac9f
string,#hash_b8c5ccb3c00ae52
string,#hash_b8c5dcb3c00b005
string,#hash_b8c62cb3c00b884
string,#hash_b8c63cb3c00ba37
string,#hash_b966ccb3c091e07
string,#mpui/fastreload2
string,#hash_c0c2aecab7c9830
string,#mpui/damage2_desc
string,#hash_c90e11aa231f05c
string,#hash_cb9ec6ff4ccecb8
string,#hash_cdae7108dca0704
string,#hash_d5c41a6d5b24236
string,#hash_d8622d38b0078a8
string,#hash_dcf5f6182603525
string,#hash_e2971bbfafcfe66
string,#mpui/fastlockon_desc
string,#hash_eb276333b85f293
string,#hash_ee567911dd1ce83
string,#menu/camo_loot_circuitboard
string,#zombie/item_meat
string,#hash_101271d2fdd13f6c
string,#mpui/vzoom
string,#zm_red/location_temple_of_apollo
string,#zm_red/location_amphitheater_backstage
string,#hash_10b67141b47524e6
string,#hash_10c127acbe34c506
string,#hash_10c94d259f6ba46b
string,#hash_10f3f07d744bca73
string,#hash_11416e3dffba8d50
string,#hash_114c77bb7d6a22e4
string,#mpui/mk
string,#menu/camo_loot_fractalized
string,#mpui/ir
string,#mpui/is
string,#mpui/gl
string,#mpui/dw
string,#mpui/camo_dante
string,#mpui/sf
string,#mpui/rf
string,#hash_11cfa6d5f521dede
string,#hash_11d1636b778203d5
string,#mpui/no_attachment
string,#hash_120d8fea3a066b71
string,#hash_1283d541ca956dbc
string,#hash_1283d641ca956f6f
string,#hash_1283d941ca957488
string,#hash_1283da41ca95763b
string,#hash_1283db41ca9577ee
string,#hash_1283dc41ca9579a1
string,#hash_1283dd41ca957b54
string,#hash_1283df41ca957eba
string,#hash_1283e041ca95806d
string,#hash_12a6428892830e38
string,#zm_red/location_stoa_of_the_athenians
string,#mpui/uber
string,#hash_1392d94e037ac678
string,#mpui/barrelchoke_desc
string,#hash_13f64b913a8510ce
string,#hash_143e92a6b341b2e3
string,#hash_145f1e36dfff4c6b
string,#menu/camo_active_treasure
string,#hash_1516f25ae34907a6
string,#hash_1517f0bbb322181e
string,#mpui/camo_redhex
string,#hash_15b57cf1d527f801
string,#hash_15cf0d46af70291b
string,#mpui/null
string,#hash_1631121fed1a7edf
string,#mpui/grip
string,#hash_166b7f0f8f0d22fc
string,#hash_16d3e1ce95636700
string,#hash_16f7ba8230a89680
string,#mpui/suppressed_desc
string,#hash_17783814d047454c
string,#menu/camo_loot_fullsuite
string,#mpui/no_attachment_desc
string,#zm_red/challenge_available
string,#zm_red/location_marketplace
string,#menu/camo_loot_goosebumps
string,#hash_1911cd6d9ee079ba
string,#mpui/uber_desc
string,#mpui/camo_active_rapid_kills
string,#hash_1960a6223dd21d1a
string,#mpui/barrelchoke
string,#hash_19ac89c0660faf6f
string,#hash_19bff4ab299e71e6
string,#hash_19e66c91a9933726
string,#hash_1aa9d571212d929c
string,#hash_1bda4036c638cd3e
string,#hash_1c07c87a45375aaf
string,#hash_1c085e4db0b218f9
string,#hash_1c6da12a0fbd82d8
string,#hash_1c8a5493dc5fcd7a
string,#mpui/camo_integer
string,#hash_1de8074c3eafd78e
string,#zmui/mms_desc
string,#mpui/steadyaim2
string,#hash_1ea34b4691ab5ed1
string,#hash_1f91f960f0f25452
string,#hash_2033d0fbd99966ca
string,#zmarcade/fasttravel
string,#menu/camo_loot_benjamins
string,#hash_20aebbbc74cffc87
string,#menu/camo_loot_fearhaze
string,#hash_21bb55a0a8972155
string,#hash_2235004c10e31451
string,#hash_224b2f96e6aeef3d
string,#menu/camo_loot_seaflake
string,#menu/camo_loot_astronomy
string,#hash_23184906a849ac54
string,#hash_238c297b9cef431e
string,#hash_23a486d7f7c86208
string,#mpui/camo_jungle
string,#mpui/dualoptic_desc
string,#zm_red/challenge_failed
string,#mpui/camo_huntsman
string,#hash_246c7d9118b22299
string,#hash_248c775f6ad7c8e5
string,#hash_24a3e0f402bfd000
string,#menu/camo_loot_masks
string,#hash_253df7299a5a534a
string,#menu/camo_loot_shimmer
string,#hash_25760f552752078b
string,#hash_25811ef8abc80b1f
string,#mpui/elo_desc
string,#hash_25b9a3d3430aa158
string,#hash_25d3f454e864bb4a
string,#menu/camo_loot_picnic_royale
string,#hash_25fc6c872fa95f5e
string,#hash_2628f8facd7d3398
string,#mpui/pistolscope
string,#hash_26adc6b84f143b29
string,#zm_red/location_gymnasium_bathhouse
string,#hash_27cdd9110057055c
string,#zm_red/location_ww_quest_air
string,#mpui/fmj2_desc
string,#hash_28f8d698fe4d79d2
string,#zmui/high_caliber_2_desc
string,#zm_red/location_sacred_way
string,#mpui/holdbreath_desc
string,#mpui/camo_active_kill_counter
string,#hash_2a634db8501d93aa
string,#hash_2a7106eb608a748c
string,#hash_2aa6fa1848766679
string,#hash_2b0fae1c09a3d8a9
string,#hash_2b27d20d2cfc1069
string,#hash_2b3d791eb05ec296
string,#mpui/camo_ardent
string,#mpui/acog_desc
string,#mpui/stabilizer_desc
string,#mpui/holdbreath
string,#hash_2c79f65c329fd30a
string,#menu/camo_active_mystic
string,#hash_2d003d6a1240093c
string,#hash_2d85a60f366822d1
string,#hash_2e207b569060b129
string,#hash_2e51dfa0a7d98b5a
string,#hash_2e613e6f3511ecbc
string,#hash_2e6557c6e7a7c024
string,#hash_2e883abcdf8bdb77
string,#mpui/reflex
string,#hash_2e94430f1fc60691
string,#hash_2f3ffd00c724e116
string,#hash_2f60988e7a5d5bf8
string,#hash_2f6eb9c102b831ad
string,#mpui/camo_burnt
string,#hash_2fa0e740320682d2
string,#mpui/fmj2
string,#hash_30332a826f8e13e4
string,#zm_red/location_spartan_monument
string,#hash_3041bf105b58c16a
string,#mpui/ir_desc
string,#hash_309d162d0e1cd1d1
string,#hash_30c2fa2ab04f1d99
string,#hash_30f532e9051a3691
string,#hash_315f9683804aa985
string,#zombie/equip_riotshield_pickup_hint_string
string,#hash_31e9d057a03398bf
string,#hash_3217c824f10958b8
string,#hash_325135d069c6e5f7
string,#hash_3255047731d03c2a
string,#hash_3279150dc6bd1b3b
string,#hash_327b9f441a6e0541
string,#mpui/camo_snowjob
string,#zm_red/location_upper_road
string,#hash_330a65e00da6ea85
string,#menu/camo_active_brains
string,#hash_33c5a3d6ed967788
string,#hash_33f013eacb53964c
string,#hash_33f17c3034f8da74
string,#mpui/holo_desc
string,#hash_354a203d51c5cd8b
string,#hash_355df42c6dbd2e86
string,#hash_35b1ba2834df0699
string,#hash_35c3c9f931f0049a
string,#mpui/quickdraw2
string,#hash_360742434808cf8e
string,#hash_3640fdfd426ba4b4
string,#hash_365d2b268bbfd068
string,#hash_366888e106b2bbb3
string,#hash_367b6a2d351eb73f
string,#menu/camo_active_115
string,#hash_36b6ed710419054d
string,#hash_36be4a2f9e325b50
string,#mpui/fmj
string,#hash_36d8e01e329aef74
string,#hash_3824d76b4a721017
string,#hash_38698d6863661eb6
string,#menu/camo_loot_dinoglyphs
string,#zmui/fmj2_desc
string,#hash_38bc1e3aad78424a
string,#menu/camo_loot_streetrace
string,#mpui/killcounter
string,#mpui/extbarrel2
string,#mpui/grip_desc
string,#hash_39b642cbfd1606d2
string,#mpui/reticle_color_1
string,#mpui/camo_active_showstopper
string,#zm_red/location_river_of_sorrow
string,#zombie/repair_shield_spear
string,#hash_3aa47b7b8258ebd2
string,#mpui/reddot_desc
string,#hash_3ae42f7d6eabab5a
string,#hash_3aeda1b4f0b1547e
string,#hash_3b6c37d4718707a2
string,#mpui/camo_darkmatter
string,#hash_3bf3c84f50358ace
string,#hash_3ca4508c9597fd12
string,#hash_3ca968dee9e5dc02
string,#menu/camo_active_spinal
string,#hash_3cd5b19b981e5c3c
string,#hash_3cdcae60e7ea21e7
string,#hash_3ce2314ad3d39939
string,#hash_3d19d8c1006c9a52
string,#hash_3d25551ba1b51436
string,#hash_3d26eb8dafae98e9
string,#zmui/suppressor_desc
string,#hash_3d822ba844073707
string,#mpui/tacknife
string,#menu/camo_loot_chrysalis
string,#menu/camo_loot_cherryblossom
string,#hash_3e27be7b0510a43b
string,#hash_3e42591da1c1538f
string,#mpui/steadyaim_desc
string,#mpui/camo_chameleon
string,#hash_3eb3dfbc9d3bc2bf
string,#mpui/gl_desc
string,#menu/camo_loot_jellymaw
string,#hash_3ee9cef44af6161a
string,#mpui/is_desc
string,#zombie/powerup_shield_charge
string,#hash_3fcd7430982303db
string,#mpui/fastlockon
string,#hash_40ecf90fa5d89c66
string,#mpui/extbarrel
string,#hash_414ce3af89eedef1
string,#mpui/mixclip_desc
string,#mpui/elo
string,#menu/camo_loot_datamine
string,#mpui/damage_desc
string,#hash_420861c64b6e9e7c
string,#hash_425708536132f236
string,#hash_42cb69becded0870
string,#hash_42da633feb35d41e
string,#mpui/supply
string,#menu/camo_loot_blueup
string,#mpui/camo_jungletek
string,#hash_43b0cfc850dbcc04
string,#mpui/camo_bliss
string,#zombie/grab_shield_spear
string,#mpui/suppressed
string,#hash_452fd06faf792671
string,#hash_4559e7775ede2f66
string,#hash_4597718560da3ea2
string,#zombie/craft_shield_spear
string,#hash_45b295f718835a41
string,#mpui/hipgrip_desc
string,#hash_45fd3f34a60262a3
string,#mpui/holo
string,#mpui/quickdraw_desc
string,#zm_red/location_intersection_of_treasuries
string,#hash_4815bf04e471dc1d
string,#hash_485fed0457aa5e06
string,#zm_red/location_ww_quest_earth
string,#mpui/adsreload_desc
string,#zmweapon/ww_crossbow_t8_upgraded
string,#hash_4973da5ba484b2ae
string,#hash_49b4beddb9e489aa
string,#hash_49e88c8053d4f73e
string,#mpui/camo_heatstroke
string,#hash_4a584bc8c443f246
string,#menu/camo_loot_dogfight
string,#hash_4aa00a9bc891ac28
string,#hash_4b105b524a93b53d
string,#hash_4c2bbe6f91c1ca94
string,#hash_4cd3593f18ffe83f
string,#hash_4cec5d86def1d999
string,#hash_4d048d939c70cad9
string,#mpui/quickdraw
string,#hash_4dff11036295b59f
string,#hash_4ea5e81cd8cf0a7a
string,#menu/camo_loot_afterglow
string,#hash_4ed12c15281be96e
string,#mpui/extclip2_desc
string,#hash_4ed6f1ab0cbc899b
string,#mpui/sf_desc
string,#hash_4f0d8ebb363015e0
string,#hash_4f23c6ecb321fa19
string,#zm_red/location_serpent_pass
string,#mpui/camo_fear
string,#hash_506621193b404166
string,#hash_50663d02f6b02c16
string,#mpui/vzoom_desc
string,#hash_50916c74fe22e63b
string,#menu/camo_loot_smokeblast
string,#hash_51132818e4c5d547
string,#mpui/camo_gold
string,#hash_51b013c0351d8617
string,#hash_51d170c27ccc550f
string,#mpui/none
string,#hash_523af889850e67e6
string,#mpui/camo_diamond
string,#hash_53c692cad67c639c
string,#hash_542d9f1f5c0eb557
string,#mpui/speedreloader_desc
string,#hash_5440bf458877a7e2
string,#hash_5455a9d3a45a75ab
string,#hash_547c99b87a663c09
string,#mpui/extrapellets
string,#menu/camo_loot_megalodon
string,#zmui/extrapellets_desc
string,#hash_556fbdaebf02d158
string,#zmui/high_caliber_desc
string,#hash_560d002c6e40e5df
string,#menu/camo_loot_vice
string,#hash_56698a0a66eec888
string,#hash_572796ab0e1cbfe7
string,#hash_57948661b0f24299
string,#zombie/thunderstorm
string,#hash_5818d2dcee06ede6
string,#mpui/steadyaim2_desc
string,#menu/camo_loot_bacon
string,#hash_58498dd7656392c7
string,#hash_58b7aeee47f428da
string,#mpui/reflex_desc
string,#hash_59056a7b92714e58
string,#mpui/grip2
string,#hash_5a2c2b30f6dc5c82
string,#mpui/hipgrip
string,#hash_5aabbca03c1acbc8
string,#mpui/camo_arctic
string,#hash_5acae5f224c146a9
string,#hash_5ad486b4756bedee
string,#mpui/adsreload
string,#hash_5b07fa123f86d7e0
string,#mpui/camo_battle
string,#hash_5c28147c226eb600
string,#hash_5cb96dd4092c2ea0
string,#hash_5cb96fd4092c3206
string,#hash_5cb970d4092c33b9
string,#hash_5cb971d4092c356c
string,#hash_5cb972d4092c371f
string,#mpui/mixclip
string,#mpui/mms_desc
string,#hash_5dc620aa9640e528
string,#hash_5dd7c06379016cc3
string,#zm_red/location_ww_quest_light
string,#hash_5e2c81adb5a5264a
string,#hash_5e5a534b4a1e00a7
string,#hash_5e6ae4119dda43e0
string,#hash_5e781f6f61833c14
string,#hash_5e7b4f837b6c6744
string,#hash_5e941bfa3ee0c59e
string,#hash_5ea2a3a13605ccd9
string,#mpui/camo_contagious
string,#hash_5eee473576f81bf6
string,#hash_5ef6d21d81a0250b
string,#hash_5f17105e484faba8
string,#mpui/extrapellets_desc
string,#hash_5fbf18c7a76fd791
string,#hash_5fe4e8fa43024e11
string,#mpui/fastreload_desc
string,#hash_6063cd6ae0f6ce28
string,#hash_607993fb651c3014
string,#mpui/camo_interpol
string,#hash_60a3e7841c86cad1
string,#mpui/extbarrel2_desc
string,#zmui/barrelchoke_desc
string,#hash_61fdb7bf86a72637
string,#hash_6219013948376d70
string,#hash_62361fcb7d133dca
string,#mpui/steadyaim
string,#hash_62503932e1d53a87
string,#mpui/reddot
string,#zm_red/location_offering_of_the_attalids
string,#hash_627f640830ae263b
string,#hash_6284385c7d20f875
string,#menu/camo_loot_america
string,#hash_629d187300caa85d
string,#hash_62cbc1e881d872fb
string,#hash_62ec1c07143dc348
string,#hash_62f3c85e5de910a3
string,#hash_632b14cdd8900a35
string,#hash_6336c110420ae95e
string,#feature/gun_tag
string,#mpui/camo_6speed
string,#hash_63b3c4fb5611225c
string,#hash_63b3c5fb5611240f
string,#hash_63b3c6fb561125c2
string,#mpui/clantag
string,#hash_6401bc0ff0d3db94
string,#hash_6421f4712bc94b22
string,#hash_643d8edfae23fd77
string,#mpui/burst2_desc
string,#hash_648ba551adc3865c
string,#hash_64e7a9268225aa04
string,#mpui/pistolscope_desc
string,#hash_652798c8c39df5b0
string,#hash_6591ab9f6ce79e7e
string,#hash_659a9e3b2599c48b
string,#zm_red/location_terrace
string,#zm_red/activate_sentinel_artifact
string,#hash_661321e32a980373
string,#menu/camo_loot_ww2
string,#hash_6647952923444d08
string,#hash_665fcaf288735f26
string,#hash_666d2ebd0b7eb112
string,#hash_66d33b296eb64fbc
string,#mpui/stalker2
string,#hash_67f9ed805de4782c
string,#hash_681a8bda87d29252
string,#hash_688a1b241ffb922e
string,#hash_68942e9f65e72829
string,#hash_68aa6bf5db640dde
string,#mpui/extbarrel_desc
string,#mpui/fastreload
string,#hash_694b66b1b888e2a8
string,#hash_69c54340ac778652
string,#hash_6a0d5c52cd36b8ed
string,#hash_6a3a3c4c0c71e312
string,#hash_6a4930978aef6c45
string,#mpui/burst2
string,#hash_6adaea9a0756a29e
string,#hash_6aee422878d572b9
string,#hash_6b8b6df4e4c161a7
string,#menu/camo_loot_donuts
string,#hash_6c333e42197cd31e
string,#hash_6c7060c02cfbede4
string,#hash_6c8d7834e1591a50
string,#hash_6cc43e140b155820
string,#hash_6d78c0c2901bd46a
string,#mpui/camo_wmd
string,#menu/camo_loot_smooch
string,#mpui/camo_active_objective_kills
string,#hash_6e86b49d6d5196af
string,#hash_6e9395b99bf2f2a1
string,#hash_6e9541ef6c1ea427
string,#mpui/rangefinder
string,#hash_70048eaa02800fdb
string,#mpui/stabilizer
string,#hash_7022c47b56e0ed9f
string,#zm_red/location_monument_of_craterus
string,#hash_7046249526e855e6
string,#mpui/reticle_default
string,#hash_709fb6b7fdde6aa8
string,#hash_714bd85760d8eafd
string,#hash_714cce81de873f11
string,#mpui/acog
string,#hash_719d534973590d24
string,#mpui/damage2
string,#menu/camo_loot_connected
string,#hash_725802b808e14c76
string,#hash_73a0c2b3998429ff
string,#hash_73d3851d119f51a4
string,#hash_73d4bcc7d0dd1647
string,#hash_73fd81875766f7bb
string,#hash_746e33772cb75300
string,#hash_74978fc95bfb2bfd
string,#hash_74b42e74edb2b677
string,#mpui/stalker_desc
string,#hash_7564cce16f4274f6
string,#mpui/damage
string,#hash_758d93baadbc199d
string,#hash_758d9ac1d50488b4
string,#mpui/camo_active_kills_without_dying
string,#hash_76208e521ab783c1
string,#mpui/camo_ash
string,#hash_768c5aeecc2d7cc4
string,#hash_76aaf69e54bf876d
string,#mpui/grip2_desc
string,#hash_7725a43a5e8755ad
string,#hash_7726ad6d8b5ad02c
string,#menu/camo_loot_cyberpunk
string,#zm_red/location_ww_quest_death
string,#menu/camo_active_celestial
string,#menu/camo_loot_citrus
string,#mpui/rf_desc
string,#hash_787fa78858071ba9
string,#mpui/mk_desc
string,#hash_78b448d799b46550
string,#zm_red/location_drakaina_arena
string,#hash_78d753143b405d88
string,#hash_791a26a14b97f770
string,#hash_7931c6a554a9ef8e
string,#hash_7a0d72a6fc92e3f8
string,#mpui/speedreloader
string,#mpui/dw_desc
string,#menu/camo_loot_disavowed
string,#mpui/camo_active_headshots
string,#hash_7a8bc638c30d31d9
string,#zm_red/shield
string,#mpui/rangefinder_desc
string,#hash_7b30716de4500f16
string,#hash_7b3248a20689a28d
string,#hash_7b7075ca3662114c
string,#feature/gun_emblem
string,#hash_7bd41ec2e270824f
string,#hash_7bf8bcf55e2bd26e
string,#hash_7c267e16e45ff895
string,#hash_7c485270314bcf34
string,#hash_7cc354eb0106a3ca
string,#mpui/mms
string,#hash_7cf0aaa08ece2918
string,#hash_7d3a87af11535537
string,#hash_7d3e69af1a992cec
string,#menu/camo_loot_greengradient
string,#mpui/camo_woodlums
string,#hash_7de869e5ba802015
string,#hash_7deb7f6f097ee442
string,#hash_7e2a644ef69ba66f
string,#hash_7e31505384e0837a
string,#mpui/tacknife_desc
string,#menu/camo_loot_paradise
string,#hash_7e9a05542f8747d1
string,#hash_7edf8ed3238a3f6f
string,#hash_7f2b5399434a7ec9
string,#hash_7f4634324c024a2b
string,#menu/camo_loot_plasmadrive
fx,#hash_2a8233f8a1d00e7
fx,#zm_ai/fx8_cata_elec_aura
fx,#maps/zm_red/fx8_wq_dormant_transform_charon
fx,#hash_6ce60bc4b64e793
fx,#hash_7a8056b9d995fa0
fx,#hash_9a8432f2e39c8af
fx,#hash_b182c132d2321d0
fx,#hash_108cfc8cc7b79388
fx,#hash_1093d48cc7bd6e3e
fx,#hash_120056d3027a73cb
fx,#hash_120057d3027a757e
fx,#hash_120058d3027a7731
fx,#impacts/fx8_bul_impact_metal_sm
fx,#maps/zm_red/fx8_wq_dormant_transform_hemera
fx,#hash_162a58538b5d6db0
fx,#zm_ai/fx8_cata_plasma_aura_head
fx,#zombie/fx_bul_flesh_head_nochunks_zmb
fx,#blood/fx8_blood_cam_gib_spray_zm
fx,#zombie/fx_blood_torso_explo_zmb
fx,#zombie/fx_bul_flesh_neck_spurt_zmb
fx,#hash_22aac55b4e3e4c42
fx,#hash_2543453edaf343d4
fx,#hash_259b253edb3d834a
fx,#zm_ai/fx8_cata_water_aura
fx,#zm_ai/fx8_cata_plasma_aura
fx,#hash_28479dabebe445ee
fx,#hash_28ad85abec3ad058
fx,#hash_311a865a91014b22
fx,#hash_3284d7debb01c2e9
fx,#hash_32b6f16bb5eaa401
fx,#zm_ai/fx8_cata_cor_mouth
fx,#zombie/fx_bul_flesh_head_fatal_zmb
fx,#electric/fx8_sparks_burst_dir_sm_orange_os
fx,#hash_3c9948ab313a6483
fx,#maps/zm_red/fx8_wq_dormant_transform_ouranos
fx,#zm_ai/fx8_gegenees_weakpoint_impact
fx,#impacts/fx8_bul_impact_blood_head_fatal_exit
fx,#hash_4c24e997afad36e0
fx,#hash_4d91ce766ebeda81
fx,#hash_4db3c6766edbb34f
fx,#hash_4dd46a244305d465
fx,#zm_ai/fx8_cata_elec_elbow_ri
fx,#zm_ai/fx8_cata_elec_elbow_le
fx,#zm_ai/fx8_werewolf_eye_glow
fx,#hash_5400356a313e2ec3
fx,#maps/zm_red/fx8_wq_dormant_transform_gaia
fx,#hash_57034716c105e41e
fx,#hash_573f7a396c8ea0c1
fx,#hash_57449588f6051a0d
fx,#hash_59422cff58693587
fx,#hash_5aa1120d061d1f6c
fx,#zm_ai/fx8_blightfather_weakspot_jaw_exp
fx,#zm_ai/fx8_cata_water_aura_head
fx,#hash_63074eb9d1a1e00c
fx,#hash_636c8abf0f7d5df9
fx,#hash_6675a54c73addf25
fx,#blood/fx_blood_gib_limb_trail
fx,#hash_6931b098cb2b2086
fx,#hash_6960c898cb52ba10
fx,#hash_6b0872f1b8c6ca3c
fx,#hash_6b0873f1b8c6cbef
fx,#hash_6b0875f1b8c6cf55
fx,#hash_6b7912c3c5da87e2
fx,#hash_6c3beeb5851adca4
fx,#hash_6ce02086fc656138
fx,#hash_70c604c24563ff7a
fx,#hash_70f9f9890480fd54
fx,#hash_74f01ad183c69a5c
fx,#hash_74f6f2d183cc7512
fx,#impacts/fx8_bul_impact_metal_xxlg
fx,#hash_7b951deec27b35c1
fx,#hash_7d69ee9822b45157
lui_elem_uid,#zm_hint_text
lui_elem_uid,#zm_red_challenges_hud
radiant_exploder,#fxexp_trap_poison
radiant_exploder,#fxexp_wq_o_portal_return
radiant_exploder,#exp_lgt_ar_stealth_t8
radiant_exploder,#fxexp_barrier_amph_perseus
radiant_exploder,#fxexp_trap_bath_switch
radiant_exploder,#fxexp_wq_h_portal_p
radiant_exploder,#exp_lgt_xd_sh210
radiant_exploder,#exp_lgt_xd_sh200
radiant_exploder,#exp_lgt_xd_sh230
radiant_exploder,#exp_lgt_xd_sh220
radiant_exploder,#exp_lgt_xd_sh250
radiant_exploder,#hash_72cba9e5edd4ef0
radiant_exploder,#exp_lgt_xd_sh240
radiant_exploder,#exp_lgt_xd_sh270
radiant_exploder,#exp_lgt_xd_sh260
radiant_exploder,#exp_lgt_xd_sh290
radiant_exploder,#exp_lgt_xd_sh280
radiant_exploder,#fxexp_peg_attack_tgt_4
radiant_exploder,#fxexp_peg_attack_tgt_3
radiant_exploder,#fxexp_peg_attack_tgt_2
radiant_exploder,#exp_lgt_oracle_offering_bowl
radiant_exploder,#hash_aa29cd7b23f21dc
radiant_exploder,#exp_lgt_smg_standard_t8
radiant_exploder,#hash_df5bed6f65c3a63
radiant_exploder,#hash_df5bfd6f65c3c16
radiant_exploder,#exp_lgt_xd_sh540
radiant_exploder,#exp_lgt_xd_sh550
radiant_exploder,#exp_lgt_xd_sh560
radiant_exploder,#exp_lgt_xd_sh570
radiant_exploder,#exp_lgt_xd_sh500
radiant_exploder,#exp_lgt_xd_sh510
radiant_exploder,#exp_lgt_xd_sh520
radiant_exploder,#exp_lgt_xd_sh530
radiant_exploder,#exp_lgt_xd_sh580
radiant_exploder,#hash_1096bee01cc9c872
radiant_exploder,#hash_11205d8ce278b62b
radiant_exploder,#fxexp_wq_p_c
radiant_exploder,#fxexp_wq_p_g
radiant_exploder,#fxexp_wq_p_h
radiant_exploder,#fxexp_wq_p_o
radiant_exploder,#fxexp_boss_intro_sh01
radiant_exploder,#fxexp_boss_intro_sh04
radiant_exploder,#fxexp_boss_intro_sh07
radiant_exploder,#fxexp_barrier_pap
radiant_exploder,#hash_12c801cd4f390a9f
radiant_exploder,#exp_lgt_xd_sh470
radiant_exploder,#exp_lgt_xd_sh460
radiant_exploder,#exp_lgt_xd_sh465
radiant_exploder,#exp_lgt_xd_sh450
radiant_exploder,#exp_lgt_xd_sh440
radiant_exploder,#exp_lgt_xd_sh430
radiant_exploder,#exp_lgt_xd_sh420
radiant_exploder,#exp_lgt_xd_sh410
radiant_exploder,#exp_lgt_xd_sh415
radiant_exploder,#exp_lgt_xd_sh405
radiant_exploder,#exp_lgt_xd_sh400
radiant_exploder,#exp_lgt_xd_sh408
radiant_exploder,#exp_lgt_xd_sh490
radiant_exploder,#exp_lgt_xd_sh480
radiant_exploder,#exp_lgt_ar_fastfire_t8
radiant_exploder,#fxexp_barrier_egg_hit
radiant_exploder,#exp_lgt_power_event
radiant_exploder,#exp_lgt_pistol_revolver_t8
radiant_exploder,#exp_lgt_ar_modular_t8
radiant_exploder,#hash_214f38af594c5ba2
radiant_exploder,#hash_23e63ad7ebce3ab8
radiant_exploder,#hash_24987d7389158143
radiant_exploder,#hash_27d2b1205c623eaa
radiant_exploder,#exp_lgt_ar_accurate_t8
radiant_exploder,#hash_295d9a85ae4c6666
radiant_exploder,#hash_2ce26e574a9a0c67
radiant_exploder,#fxexp_barrier_amph
radiant_exploder,#exp_lgt_smg_handling_t8
radiant_exploder,#hash_3252542413c0a52f
radiant_exploder,#fxexp_peg_attack_burst
radiant_exploder,#fxexp_trap_bath_bloody_lvl2
radiant_exploder,#fxexp_trap_bath_bloody_lvl1
radiant_exploder,#exp_lgt_riverglow
radiant_exploder,#hash_35105220c3c9d574
radiant_exploder,#fxexp_boss_pers_area_denial_fountain
radiant_exploder,#fxexp_trap_bath_bloody_lvl2_linger
radiant_exploder,#exp_lgt_shotgun_pump_t8
radiant_exploder,#hash_3ace834f040bd314
radiant_exploder,#hash_3b99fa49bfa2447c
radiant_exploder,#hash_3ce548585c610d33
radiant_exploder,#hash_3cfb8dcd787b1459
radiant_exploder,#fxexp_wq_h_portal
radiant_exploder,#exp_lgt_tr_longburst_t8
radiant_exploder,#hash_427785cbc7302c2f
radiant_exploder,#fxexp_barrier_arena
radiant_exploder,#hash_43492c488646a5b1
radiant_exploder,#fxexp_mq_mirror_light_waterfall
radiant_exploder,#fxexp_wq_h_shrine
radiant_exploder,#hash_45e2927d38b160e6
radiant_exploder,#hash_46a1f0c74594a943
radiant_exploder,#hash_4738fa94b51e38e0
radiant_exploder,#hash_48bb6b4d185307e5
radiant_exploder,#hash_48d1ae47fabfc0d8
radiant_exploder,#hash_48d1af47fabfc28b
radiant_exploder,#hash_48d1b047fabfc43e
radiant_exploder,#hash_48d1b147fabfc5f1
radiant_exploder,#hash_48d1b247fabfc7a4
radiant_exploder,#hash_48d1b347fabfc957
radiant_exploder,#hash_48d1b447fabfcb0a
radiant_exploder,#exp_lgt_tr_leveraction_t8
radiant_exploder,#hash_4ab5a0f1b10461ba
radiant_exploder,#fxexp_trap_venom_switch
radiant_exploder,#hash_5102c9f7e00f175a
radiant_exploder,#exp_lgt_smg_fastfire_t8
radiant_exploder,#exp_lgt_pistol_standard_t8
radiant_exploder,#exp_lgt_bowie
radiant_exploder,#fxexp_wq_h_portal_return
radiant_exploder,#hash_55c3e47ee4c3aee3
radiant_exploder,#exp_lgt_chaos_bush_stoa_1
radiant_exploder,#exp_lgt_chaos_bush_stoa_3
radiant_exploder,#exp_lgt_chaos_bush_stoa_2
radiant_exploder,#fxexp_peg_attack_tgt
radiant_exploder,#hash_57568296788c3111
radiant_exploder,#hash_58340d6587255523
radiant_exploder,#hash_58a73d62e30679e0
radiant_exploder,#hash_597efc95d28ef6a1
radiant_exploder,#exp_lgt_sniper_quickscope_t8
radiant_exploder,#hash_5ac23324f90053f7
radiant_exploder,#exp_lgt_back_chaos
radiant_exploder,#exp_lgt_chaos_bush_iot_2
radiant_exploder,#exp_lgt_chaos_bush_iot_3
radiant_exploder,#exp_lgt_chaos_bush_iot_1
radiant_exploder,#hash_5e7b40137f76c32b
radiant_exploder,#hash_5e7b41137f76c4de
radiant_exploder,#hash_5e7b42137f76c691
radiant_exploder,#hash_5e7b43137f76c844
radiant_exploder,#fxexp_boss_pers_area_denial_forest
radiant_exploder,#exp_lgt_lmg_standard_t8
radiant_exploder,#exp_lgt_boss_isle_2
radiant_exploder,#exp_lgt_boss_isle_1
radiant_exploder,#fxexp_wq_o_portal
radiant_exploder,#exp_lgt_shotgun_trenchgun_t8
radiant_exploder,#hash_68451341906b2e4e
radiant_exploder,#fxexp_fast_travel_orbs
radiant_exploder,#hash_6a98cac81f510692
radiant_exploder,#hash_6bcbd1cb9615db53
radiant_exploder,#exp_lgt_temple_gameplay_group
radiant_exploder,#exp_lgt_xd_sh180
radiant_exploder,#exp_lgt_xd_sh190
radiant_exploder,#exp_lgt_xd_sh100
radiant_exploder,#exp_lgt_xd_sh120
radiant_exploder,#exp_lgt_xd_sh130
radiant_exploder,#exp_lgt_xd_sh140
radiant_exploder,#exp_lgt_xd_sh150
radiant_exploder,#exp_lgt_xd_sh160
radiant_exploder,#exp_lgt_xd_sh175
radiant_exploder,#exp_lgt_xd_sh170
radiant_exploder,#fxexp_trap_bath
radiant_exploder,#hash_6d7d39d13dc00927
radiant_exploder,#hash_6fb1d57b7c74bde4
radiant_exploder,#hash_707e3c6fad80cd3b
radiant_exploder,#hash_707e3d6fad80ceee
radiant_exploder,#hash_708c156fad8cc852
radiant_exploder,#hash_70926f6fad91ccee
radiant_exploder,#hash_7092716fad91d054
radiant_exploder,#exp_lgt_tr_powersemi_t8
radiant_exploder,#hash_72fc4c97c42fde04
radiant_exploder,#exp_lgt_chaos_bush_temple_3
radiant_exploder,#exp_lgt_chaos_bush_temple_2
radiant_exploder,#exp_lgt_chaos_bush_temple_1
radiant_exploder,#exp_lgt_xd_sh090
radiant_exploder,#exp_lgt_xd_sh080
radiant_exploder,#hash_754c251e01cbcebb
radiant_exploder,#exp_lgt_xd_sh030
radiant_exploder,#exp_lgt_xd_sh020
radiant_exploder,#exp_lgt_xd_sh010
radiant_exploder,#exp_lgt_xd_sh005
radiant_exploder,#exp_lgt_xd_sh070
radiant_exploder,#exp_lgt_xd_sh060
radiant_exploder,#exp_lgt_xd_sh050
radiant_exploder,#exp_lgt_xd_sh040
radiant_exploder,#fxexp_wq_o_portal_p
radiant_exploder,#hash_77d2a7bc524a1251
radiant_exploder,#hash_77d62dbc524d2bda
radiant_exploder,#hash_77e01fbc52556895
radiant_exploder,#hash_77e3a5bc5258821e
radiant_exploder,#hash_77e726bc525b9328
radiant_exploder,#exp_lgt_bath_trap
radiant_exploder,#exp_lgt_smg_accurate_t8
radiant_exploder,#fxexp_wq_o_shrine
radiant_exploder,#hash_7d8b4eac4cc854ea
radiant_exploder,#fxexp_trap_bath_bloody_lvl1_linger
radiant_exploder,#exp_lgt_xd_sh380
radiant_exploder,#exp_lgt_xd_sh360
radiant_exploder,#exp_lgt_xd_sh340
radiant_exploder,#exp_lgt_xd_sh320
radiant_exploder,#exp_lgt_xd_sh330
radiant_exploder,#exp_lgt_xd_sh300
radiant_exploder,#exp_lgt_xd_sh310
radiant_exploder,#hash_7f03e4cb025cc9fd
radiant_exploder,#hash_7fb68afb08ce1b0c
radiant_exploder,#exp_lgt_skylight
soundalias,#vox_box_shotgun_plr_4_0
soundalias,#vox_box_shotgun_plr_4_1
soundalias,#vox_box_shotgun_plr_4_2
soundalias,#vox_box_shotgun_plr_4_3
soundalias,#vox_box_shotgun_plr_4_4
soundalias,#hash_189697bbab7735
soundalias,#zmb_ai_gegenees_step_walk
soundalias,#vox_5_banter_dieg_scar_plr_1_1
soundalias,#hash_63c7b574f0996f
soundalias,#hash_75e30519bd0ec3
soundalias,#fly_step_crouch_walk_zdog_concrete
soundalias,#vox_plr_4_exert_concuss
soundalias,#hash_aed5c123abb41e
soundalias,#hash_d52d82c6414349
soundalias,#hash_d9cd3d59940994
soundalias,#vox_zomb_pers_pegasus_attack_plr_1_2
soundalias,#vox_zomb_pers_pegasus_attack_plr_1_0
soundalias,#vox_zomb_pers_pegasus_attack_plr_1_1
soundalias,#hash_f396b0445a1072
soundalias,#vox_bop2_exert_mant_light
soundalias,#vox_powerup_double_plr_4_2
soundalias,#vox_powerup_double_plr_4_3
soundalias,#vox_powerup_double_plr_4_0
soundalias,#vox_powerup_double_plr_4_1
soundalias,#vox_powerup_double_plr_4_4
soundalias,#hash_10b3b428b4c5f44
soundalias,#hash_10d67163202c0f1
soundalias,#vox_pickup_bowie_plr_1_0
soundalias,#vox_pickup_bowie_plr_1_1
soundalias,#vox_pickup_bowie_plr_1_2
soundalias,#vox_plr_3_exert_gas_gasp
soundalias,#amb_rain_concrete
soundalias,#vox_kill_revenge_plr_2_7
soundalias,#vox_kill_revenge_plr_2_6
soundalias,#vox_kill_revenge_plr_2_5
soundalias,#vox_kill_revenge_plr_2_4
soundalias,#vox_kill_revenge_plr_2_3
soundalias,#vox_kill_revenge_plr_2_2
soundalias,#vox_kill_revenge_plr_2_1
soundalias,#vox_kill_revenge_plr_2_0
soundalias,#vox_kill_revenge_plr_2_9
soundalias,#vox_kill_revenge_plr_2_8
soundalias,#hash_132e60d6a8113de
soundalias,#vox_bop2_exert_punch_give
soundalias,#zmb_bridle_pickup
soundalias,#vox_anvil_brontes_pickup_plr_2_1
soundalias,#vox_anvil_brontes_pickup_plr_2_0
soundalias,#vox_anvil_brontes_pickup_plr_2_2
soundalias,#zmb_ai_gegenees_spear_lp
soundalias,#wpn_zpear_catch_plr
soundalias,#hash_186bc5f17583a80
soundalias,#vox_plr_3_exert_gas_cough
soundalias,#hash_19c04b10754ffed
soundalias,#wpn_generic_clip_bounce_asphalt
soundalias,#vox_4_banter_dieg_shaw_plr_4_0
soundalias,#vox_bop2_exert_sniper_hold
soundalias,#vox_plr_1_exert_explo_dead
soundalias,#vox_ra_altar_ankh_los_plr_4_0
soundalias,#vox_destroy_rocketshield_plr_2_2
soundalias,#vox_destroy_rocketshield_plr_2_0
soundalias,#vox_destroy_rocketshield_plr_2_1
soundalias,#fly_step_prone_zdog_ice
soundalias,#vox_gegenees_react_plr_2_3
soundalias,#vox_gegenees_react_plr_2_2
soundalias,#vox_gegenees_react_plr_2_1
soundalias,#vox_gegenees_react_plr_2_0
soundalias,#vox_gegenees_react_plr_2_4
soundalias,#vox_bop1_exert_sniper_gasp
soundalias,#phy_impact_flesh_flesh
soundalias,#hash_21e9e0a70f607e8
soundalias,#hash_232b3b5b7f5d86d
soundalias,#vox_brun_kill_headshot_plr_1_2
soundalias,#vox_brun_kill_headshot_plr_1_3
soundalias,#vox_brun_kill_headshot_plr_1_0
soundalias,#vox_brun_kill_headshot_plr_1_1
soundalias,#vox_brun_kill_headshot_plr_1_4
soundalias,#vox_shaw_kill_streak_plr_3_0
soundalias,#vox_shaw_kill_streak_plr_3_1
soundalias,#vox_shaw_kill_streak_plr_3_2
soundalias,#vox_shaw_kill_streak_plr_3_3
soundalias,#vox_shaw_kill_streak_plr_3_4
soundalias,#hash_25db697922ee278
soundalias,#wpn_hammer_melee_impact_victim
soundalias,#hash_270a40c2a252d44
soundalias,#hash_2711658d467bd2d
soundalias,#hash_27819b31ff25273
soundalias,#vox_cliff_eagle_free_react_plr_2_0
soundalias,#vox_cliff_eagle_free_react_plr_2_1
soundalias,#wpn_scepter_revive
soundalias,#fly_melee_imp_galva_npc_riot
soundalias,#wpn_wwgrenade_cocoon_stop
soundalias,#hash_2bb4a8b02a0d697
soundalias,#fly_step_sprint_zdog_metalcatwalk
soundalias,#hash_2d366db4932e994
soundalias,#hash_2d367db4932eb47
soundalias,#hash_2d369db4932eead
soundalias,#hash_2d40a75eafe60af
soundalias,#zmb_vapor_dyingwish_end
soundalias,#zmb_ai_gegenees_spear_whizby
soundalias,#vox_playhouse_trail_banter_0_plr_3_0
soundalias,#fly_step_crouch_run_zdog_bark
soundalias,#vox_bop2_exert_death_veh_fly
soundalias,#hash_32a5289a56c0747
soundalias,#hash_32a5389a56c08fa
soundalias,#hash_32a5489a56c0aad
soundalias,#vox_solo_game_start_shaw_plr_4_0
soundalias,#wpn_dragon_fire_lvl1_npc_lfe
soundalias,#zmb_hellhound_prespawn_lfe
soundalias,#vox_bop4_exert_death_veh_hit
soundalias,#hash_331b62b49768f70
soundalias,#hash_3337eb331816597
soundalias,#hash_33c6fcca57aca8d
soundalias,#vox_ballista_rises_react_plr_2_0
soundalias,#hash_35ee152d044a5ae
soundalias,#vox_pegasus_ride_dark_plr_3_2
soundalias,#vox_pegasus_ride_dark_plr_3_1
soundalias,#vox_pegasus_ride_dark_plr_3_0
soundalias,#vox_revive_dieg_plr_4_4
soundalias,#vox_revive_dieg_plr_4_3
soundalias,#vox_revive_dieg_plr_4_2
soundalias,#vox_revive_dieg_plr_4_1
soundalias,#vox_revive_dieg_plr_4_0
soundalias,#zmb_pegasus_aoe_end
soundalias,#vox_blightfather_kill_plr_1_4
soundalias,#vox_blightfather_kill_plr_1_2
soundalias,#vox_blightfather_kill_plr_1_3
soundalias,#vox_blightfather_kill_plr_1_0
soundalias,#vox_blightfather_kill_plr_1_1
soundalias,#vox_spartoi_react_first_plr_3_0
soundalias,#vox_spartoi_react_first_plr_3_1
soundalias,#vox_spartoi_react_first_plr_3_2
soundalias,#hash_3b8275186f62d3a
soundalias,#wpn_chakram_melee_impact_swt
soundalias,#vox_gaia_hand_kill_first_resp_orac_0
soundalias,#vox_ra_altar_ankh_restored_plr_2_0
soundalias,#vox_pap_appear_plr_2_0
soundalias,#vox_box_peg_plr_1_4
soundalias,#vox_box_peg_plr_1_3
soundalias,#vox_box_peg_plr_1_2
soundalias,#vox_box_peg_plr_1_1
soundalias,#vox_box_peg_plr_1_0
soundalias,#vox_surrounded_oh_shit_plr_4_8
soundalias,#vox_surrounded_oh_shit_plr_4_9
soundalias,#vox_surrounded_oh_shit_plr_4_4
soundalias,#vox_surrounded_oh_shit_plr_4_5
soundalias,#vox_surrounded_oh_shit_plr_4_6
soundalias,#vox_surrounded_oh_shit_plr_4_7
soundalias,#vox_surrounded_oh_shit_plr_4_0
soundalias,#vox_surrounded_oh_shit_plr_4_1
soundalias,#vox_surrounded_oh_shit_plr_4_2
soundalias,#vox_surrounded_oh_shit_plr_4_3
soundalias,#vox_fast_port_react_plr_2_0
soundalias,#hash_3fe1ae5fd3002be
soundalias,#vox_serp_eagle_free_react_plr_1_1
soundalias,#vox_serp_eagle_free_react_plr_1_0
soundalias,#vox_serp_eagle_free_react_plr_1_2
soundalias,#hash_40886b2ba15e4b8
soundalias,#wpn_zhield_fire_lfe_plr
soundalias,#vox_scar_surrounded_oh_shit_plr_2_4
soundalias,#vox_scar_surrounded_oh_shit_plr_2_2
soundalias,#vox_scar_surrounded_oh_shit_plr_2_3
soundalias,#vox_scar_surrounded_oh_shit_plr_2_0
soundalias,#vox_scar_surrounded_oh_shit_plr_2_1
soundalias,#vox_chakram_ready_plr_3_0
soundalias,#vox_chakram_ready_plr_3_1
soundalias,#vox_chakram_ready_plr_3_2
soundalias,#vox_chakram_ready_plr_3_3
soundalias,#vox_chakram_ready_plr_3_4
soundalias,#wpn_zhield_melee_impact_plr
soundalias,#hash_43413288a913e03
soundalias,#hash_43eca068008afe4
soundalias,#fly_melee_swipe_player_knife
soundalias,#vox_pap_pickup_plr_3_4
soundalias,#vox_pap_pickup_plr_3_3
soundalias,#vox_pap_pickup_plr_3_2
soundalias,#vox_pap_pickup_plr_3_1
soundalias,#vox_pap_pickup_plr_3_0
soundalias,#vox_charon_rune_circle_react_plr_3_0
soundalias,#hash_448aee345c95775
soundalias,#fly_step_crouch_run_zdog_rock
soundalias,#vox_bop5_exert_razor_wire
soundalias,#fly_melee_imp_hammer_wood
soundalias,#fly_melee_imp_chakram_npc_plastic
soundalias,#hash_4b301fe401c4f18
soundalias,#phy_street_cone_bounce
soundalias,#hash_4be3b90cf7d0762
soundalias,#vox_kill_headshot_plr_1_8
soundalias,#vox_kill_headshot_plr_1_9
soundalias,#vox_kill_headshot_plr_1_4
soundalias,#vox_kill_headshot_plr_1_5
soundalias,#vox_kill_headshot_plr_1_6
soundalias,#vox_kill_headshot_plr_1_7
soundalias,#vox_kill_headshot_plr_1_0
soundalias,#vox_kill_headshot_plr_1_1
soundalias,#vox_kill_headshot_plr_1_2
soundalias,#vox_kill_headshot_plr_1_3
soundalias,#hash_4c6f281ecb070e8
soundalias,#vox_powerup_ammo_plr_4_3
soundalias,#vox_powerup_ammo_plr_4_2
soundalias,#vox_powerup_ammo_plr_4_1
soundalias,#vox_powerup_ammo_plr_4_0
soundalias,#vox_powerup_ammo_plr_4_4
soundalias,#fly_step_sprint_zdog_default
soundalias,#phy_impact_rock_small
soundalias,#vox_ammo_out_plr_3_2
soundalias,#vox_ammo_out_plr_3_3
soundalias,#vox_ammo_out_plr_3_0
soundalias,#vox_ammo_out_plr_3_1
soundalias,#vox_ammo_out_plr_3_4
soundalias,#hash_502c50791bae7fa
soundalias,#vox_plr_3_exert_death
soundalias,#fly_melee_imp_hammer_npc_rock
soundalias,#wpn_zpear_turret_throw_plr
soundalias,#hash_52dc659f4d82ca6
soundalias,#vox_plateau_jump_plr_3_0
soundalias,#vox_plateau_jump_plr_3_1
soundalias,#vox_plateau_jump_plr_3_2
soundalias,#vox_tedd_exert_mant_heavy
soundalias,#wpn_chakram_sheathe_plr
soundalias,#zmb_perks_packa_upgrade_short
soundalias,#phy_impact_glass_flesh
soundalias,#hash_56abd6c0dfcf85c
soundalias,#zmb_switch_flip_trap_alarm_reset
soundalias,#vox_vision_mode_enter_plr_1_0
soundalias,#hash_582d4bdca23498f
soundalias,#vox_4_banter_brun_dieg_plr_3_1
soundalias,#fly_melee_imp_chakram_glass
soundalias,#vox_bop4_exert_suppressed
soundalias,#hash_5a43f9a67288b60
soundalias,#hash_5af24daf516325b
soundalias,#mus_homunculus_dance
soundalias,#hash_5cead0b105ae9ec
soundalias,#vox_ouranos_arena_enter_0_plr_2_0
soundalias,#vox_powerup_firesale_plr_4_4
soundalias,#vox_powerup_firesale_plr_4_0
soundalias,#vox_powerup_firesale_plr_4_1
soundalias,#vox_powerup_firesale_plr_4_2
soundalias,#vox_powerup_firesale_plr_4_3
soundalias,#hash_5dd75be565f9cc2
soundalias,#hash_5ef15877a30a35c
soundalias,#vox_venom_trap_active_plr_4_0
soundalias,#vox_venom_trap_active_plr_4_1
soundalias,#vox_venom_trap_active_plr_4_2
soundalias,#vox_venom_trap_active_plr_4_3
soundalias,#vox_venom_trap_active_plr_4_4
soundalias,#zmb_earth_seed_plant
soundalias,#hash_60a1a9475224f99
soundalias,#zmb_ai_gegenees_death_land
soundalias,#hash_60fc5081c4fd6b7
soundalias,#fly_step_crouch_walk_zdog_water
soundalias,#vox_ra_altar_ankh_pickup_plr_1_0
soundalias,#vox_bop3_exert_stabbed
soundalias,#vox_terrace_trail_banter_0_plr_2_0
soundalias,#vox_bop2_exert_blind
soundalias,#hash_636505e80a9c999
soundalias,#hash_64404af7c67f452
soundalias,#vox_generic_wall_buy_plr_1_0
soundalias,#vox_generic_wall_buy_plr_1_1
soundalias,#vox_generic_wall_buy_plr_1_2
soundalias,#vox_generic_wall_buy_plr_1_3
soundalias,#vox_generic_wall_buy_plr_1_4
soundalias,#vox_generic_wall_buy_plr_1_5
soundalias,#vox_generic_wall_buy_plr_1_6
soundalias,#vox_generic_wall_buy_plr_1_7
soundalias,#vox_generic_wall_buy_plr_1_8
soundalias,#vox_generic_wall_buy_plr_1_9
soundalias,#vox_center_world_enter_plr_2_1
soundalias,#vox_center_world_enter_plr_2_0
soundalias,#vox_center_world_enter_plr_2_2
soundalias,#hash_6576ec0ef9b894e
soundalias,#vox_bop3_exert_mant_light
soundalias,#zmb_blocker_door_lp
soundalias,#hash_665ab7c50aea32a
soundalias,#hash_6664e0b7672935b
soundalias,#hash_6695f76b2719f77
soundalias,#fly_melee_imp_scepter_metal
soundalias,#phy_impact_heavy_metal
soundalias,#vox_1_banter_brun_scar_plr_2_1
soundalias,#hash_69b4b8f53967333
soundalias,#vox_pickup_generic_plr_1_5
soundalias,#vox_pickup_generic_plr_1_4
soundalias,#vox_pickup_generic_plr_1_7
soundalias,#vox_pickup_generic_plr_1_6
soundalias,#vox_pickup_generic_plr_1_1
soundalias,#vox_pickup_generic_plr_1_0
soundalias,#vox_pickup_generic_plr_1_3
soundalias,#vox_pickup_generic_plr_1_2
soundalias,#vox_pickup_generic_plr_1_9
soundalias,#vox_pickup_generic_plr_1_8
soundalias,#hash_6a7b4f2b0502e0d
soundalias,#vox_viper_dragon_ready_plr_2_4
soundalias,#vox_viper_dragon_ready_plr_2_2
soundalias,#vox_viper_dragon_ready_plr_2_3
soundalias,#vox_viper_dragon_ready_plr_2_0
soundalias,#vox_viper_dragon_ready_plr_2_1
soundalias,#bik_zm_red_pegride_kill_audio
soundalias,#hash_6b98920a69fd329
soundalias,#vox_revive_support_dieg_plr_4_4
soundalias,#vox_revive_support_dieg_plr_4_3
soundalias,#vox_revive_support_dieg_plr_4_2
soundalias,#vox_revive_support_dieg_plr_4_1
soundalias,#vox_revive_support_dieg_plr_4_0
soundalias,#vox_plr_1_exert_burn_dead
soundalias,#vox_bop1_exert_underwater_pain
soundalias,#wpn_wwgrenade_cocoon_lp
soundalias,#vox_blac_exert_underwater_emerge_gasp
soundalias,#vox_kill_arnie_plr_2_2
soundalias,#vox_kill_arnie_plr_2_3
soundalias,#vox_kill_arnie_plr_2_0
soundalias,#vox_kill_arnie_plr_2_1
soundalias,#vox_kill_arnie_plr_2_4
soundalias,#hash_7241e6a65a1219a
soundalias,#vox_box_sniper_plr_3_4
soundalias,#vox_box_sniper_plr_3_2
soundalias,#vox_box_sniper_plr_3_3
soundalias,#vox_box_sniper_plr_3_0
soundalias,#vox_box_sniper_plr_3_1
soundalias,#fly_melee_lunge_player_knife
soundalias,#vox_bop2_exert_punch_take
soundalias,#hash_769122d75ae80d8
soundalias,#vox_brun_surrounded_oh_shit_plr_4_2
soundalias,#vox_brun_surrounded_oh_shit_plr_4_3
soundalias,#vox_brun_surrounded_oh_shit_plr_4_0
soundalias,#vox_brun_surrounded_oh_shit_plr_4_1
soundalias,#vox_brun_surrounded_oh_shit_plr_4_4
soundalias,#hash_76df1da773d332a
soundalias,#phy_impact_glass_glass
soundalias,#hash_7799f8b5d78f5f3
soundalias,#vox_powerup_double_plr_3_1
soundalias,#vox_powerup_double_plr_3_0
soundalias,#vox_powerup_double_plr_3_3
soundalias,#vox_powerup_double_plr_3_2
soundalias,#vox_powerup_double_plr_3_4
soundalias,#fly_step_walk_zdog_metalhollow
soundalias,#hash_7ab942a3510a767
soundalias,#hash_7aeea3d29c1624a
soundalias,#vox_bop5_exert_bludgeoned
soundalias,#vox_bop4_exert_razor_wire
soundalias,#vox_hammer_ready_plr_2_2
soundalias,#vox_hammer_ready_plr_2_3
soundalias,#vox_hammer_ready_plr_2_0
soundalias,#vox_hammer_ready_plr_2_1
soundalias,#vox_hammer_ready_plr_2_4
soundalias,#vox_kill_wonder_plr_3_1
soundalias,#vox_kill_wonder_plr_3_0
soundalias,#vox_kill_wonder_plr_3_3
soundalias,#vox_kill_wonder_plr_3_2
soundalias,#vox_kill_wonder_plr_3_4
soundalias,#hash_8121e0d6de42d4f
soundalias,#vox_plr_4_exert_electro
soundalias,#hash_825b37a44371712
soundalias,#phy_impact_ceramic_nobreak
soundalias,#vox_tedd_exert_underwater_air_low
soundalias,#hash_83542f629d907c8
soundalias,#mus_ee_song_intro
soundalias,#vox_bop4_exert_underwater_emerge_breath
soundalias,#fly_step_run_zdog_concrete
soundalias,#vox_powerup_insta_plr_3_3
soundalias,#vox_powerup_insta_plr_3_2
soundalias,#vox_powerup_insta_plr_3_1
soundalias,#vox_powerup_insta_plr_3_0
soundalias,#vox_powerup_insta_plr_3_4
soundalias,#hash_868e3ed7747ae38
soundalias,#wpn_scorpion_fire_npc
soundalias,#hash_873d995e49d9eb5
soundalias,#hash_87e6bc0a0994683
soundalias,#vox_sapling_react_first_plr_4_0
soundalias,#hash_895096b873c07a7
soundalias,#phy_impact_hard_metal
soundalias,#hash_8ab7a5e00241cf5
soundalias,#hash_8b809a727dc1c6e
soundalias,#fly_step_sprint_zdog_mud
soundalias,#vox_1_banter_dieg_scar_plr_3_0
soundalias,#hash_8fceaff9b57f692
soundalias,#vox_bop4_exert_explo_dead
soundalias,#hash_93ad4d9fee7c43e
soundalias,#vox_gegenees_react_plr_3_2
soundalias,#vox_gegenees_react_plr_3_3
soundalias,#vox_gegenees_react_plr_3_0
soundalias,#vox_gegenees_react_plr_3_1
soundalias,#vox_gegenees_react_plr_3_4
soundalias,#vox_pickup_bowie_plr_2_2
soundalias,#vox_pickup_bowie_plr_2_1
soundalias,#vox_pickup_bowie_plr_2_0
soundalias,#vox_bop5_exert_underwater_pain
soundalias,#fly_step_prone_zdog_bodyarmor
soundalias,#fly_step_walk_zdog_tallgrass
soundalias,#hash_971eb5ba2f7dcf9
soundalias,#fly_step_prone_zdog_foliage
soundalias,#hash_9b946d695a3c920
soundalias,#evt_cage_drop
soundalias,#vox_bop1_exert_rad_start
soundalias,#zmb_ai_gegenees_damage_armor
soundalias,#hash_9d670ad099b664c
soundalias,#vox_bop1_exert_electro
soundalias,#vox_bop3_exert_underwater_air_low
soundalias,#zmb_spartoi_reassemble_fx
soundalias,#hash_9fd84825dfde1ed
soundalias,#fly_step_prone_zdog_cloth
soundalias,#hash_a06cf9bab0e59a3
soundalias,#hash_a0b10010add6c8e
soundalias,#hash_a1197a45b387cff
soundalias,#vox_revive_self_plr_1_1
soundalias,#vox_revive_self_plr_1_0
soundalias,#vox_revive_self_plr_1_2
soundalias,#vox_2_banter_dieg_scar_plr_3_0
soundalias,#hash_a3c0c3baf61597a
soundalias,#hash_a4627a5894c615a
soundalias,#hash_a472956da563608
soundalias,#hash_a472a56da5637bb
soundalias,#hash_a472b56da56396e
soundalias,#fly_melee_imp_scepter_flesh_npc
soundalias,#amb_tree_creak
soundalias,#hash_a60c9533e476dd1
soundalias,#vox_blac_exert_stabbed
soundalias,#wpn_generic_clip_bounce_bark
soundalias,#vox_bop4_exert_gas_gasp
soundalias,#zmb_venom_deactivate
soundalias,#vox_pegasus_ride_dark_plr_2_2
soundalias,#vox_pegasus_ride_dark_plr_2_0
soundalias,#vox_pegasus_ride_dark_plr_2_1
soundalias,#vox_cliff_eagle_free_react_plr_1_2
soundalias,#vox_cliff_eagle_free_react_plr_1_1
soundalias,#vox_cliff_eagle_free_react_plr_1_0
soundalias,#vox_bop5_exert_mant_heavy
soundalias,#fly_step_sprint_zdog_metalthin
soundalias,#hash_ac90bbc6595fe53
soundalias,#hash_ad50b59ee592ac4
soundalias,#vox_serp_pass_enter_plr_1_0
soundalias,#vox_serp_pass_enter_plr_1_1
soundalias,#vox_serp_pass_enter_plr_1_2
soundalias,#wpn_viper_bite_end
soundalias,#wpn_zpear_first_raise
soundalias,#hash_b09e7805e6c4b45
soundalias,#wpn_generic_clip_bounce_carpet
soundalias,#wpn_hammer_storm_thunder
soundalias,#hash_b1964956908508f
soundalias,#vox_greek_fire_complete_plr_2_0
soundalias,#vox_anvil_brontes_pickup_plr_3_0
soundalias,#vox_anvil_brontes_pickup_plr_3_1
soundalias,#vox_anvil_brontes_pickup_plr_3_2
soundalias,#vox_bop3_exert_punch_give
soundalias,#hash_b573db2bdd72aad
soundalias,#vox_ammo_out_plr_4_1
soundalias,#vox_ammo_out_plr_4_0
soundalias,#vox_ammo_out_plr_4_3
soundalias,#vox_ammo_out_plr_4_2
soundalias,#vox_ammo_out_plr_4_4
soundalias,#vox_ballista_rises_react_plr_3_0
soundalias,#hash_b73b2f07dead44c
soundalias,#hash_b8551427a404b9e
soundalias,#vox_pap_pickup_plr_2_4
soundalias,#vox_pap_pickup_plr_2_2
soundalias,#vox_pap_pickup_plr_2_3
soundalias,#vox_pap_pickup_plr_2_0
soundalias,#vox_pap_pickup_plr_2_1
soundalias,#hash_ba8595e679baddc
soundalias,#vox_bop3_exert_underwater_pain
soundalias,#wpn_generic_clip_bounce_fruit
soundalias,#hash_bc432b7cd09e11d
soundalias,#hash_bc551f958b18108
soundalias,#vox_bop5_exert_death_veh_under
soundalias,#hash_bd407bab72c8280
soundalias,#hash_bdb30092e9dc406
soundalias,#vox_kill_revenge_plr_3_8
soundalias,#vox_kill_revenge_plr_3_9
soundalias,#vox_kill_revenge_plr_3_6
soundalias,#vox_kill_revenge_plr_3_7
soundalias,#vox_kill_revenge_plr_3_4
soundalias,#vox_kill_revenge_plr_3_5
soundalias,#vox_kill_revenge_plr_3_2
soundalias,#vox_kill_revenge_plr_3_3
soundalias,#vox_kill_revenge_plr_3_0
soundalias,#vox_kill_revenge_plr_3_1
soundalias,#hash_bed745bc0187b9d
soundalias,#fly_step_crouch_run_zdog_flesh
soundalias,#vox_dieg_kill_headshot_plr_2_4
soundalias,#vox_dieg_kill_headshot_plr_2_1
soundalias,#vox_dieg_kill_headshot_plr_2_0
soundalias,#vox_dieg_kill_headshot_plr_2_3
soundalias,#vox_dieg_kill_headshot_plr_2_2
soundalias,#vox_boss_arena_exit_plr_4_0
soundalias,#phy_canteen_bounce
soundalias,#zmb_vocals_spartoi_death
soundalias,#fly_step_sprint_zdog_watershallow
soundalias,#vox_ouranos_arena_enter_0_plr_3_0
soundalias,#vox_gegenees_kill_plr_4_4
soundalias,#vox_gegenees_kill_plr_4_2
soundalias,#vox_gegenees_kill_plr_4_3
soundalias,#vox_gegenees_kill_plr_4_0
soundalias,#vox_gegenees_kill_plr_4_1
soundalias,#vox_pegasus_stun_plr_1_0
soundalias,#vox_pegasus_stun_plr_1_1
soundalias,#vox_pegasus_stun_plr_1_2
soundalias,#evt_bath_mirror
soundalias,#vox_plr_1_exert_gas_gasp
soundalias,#wpn_dragon_flux_npc_r
soundalias,#wpn_dragon_flux_npc_l
soundalias,#fly_step_crouch_walk_zdog_metalhollow
soundalias,#hash_c7661887ac55b9c
soundalias,#hash_c775906a283558d
soundalias,#hash_c7f396aed80374b
soundalias,#vox_bop5_exert_burn_dead
soundalias,#amb_water_fountain_sml
soundalias,#vox_vision_mode_enter_plr_2_0
soundalias,#vox_plr_3_outro_igc_9_9
soundalias,#vox_kill_headshot_plr_2_3
soundalias,#vox_kill_headshot_plr_2_2
soundalias,#vox_kill_headshot_plr_2_1
soundalias,#vox_kill_headshot_plr_2_0
soundalias,#vox_kill_headshot_plr_2_7
soundalias,#vox_kill_headshot_plr_2_6
soundalias,#vox_kill_headshot_plr_2_5
soundalias,#vox_kill_headshot_plr_2_4
soundalias,#vox_kill_headshot_plr_2_9
soundalias,#vox_kill_headshot_plr_2_8
soundalias,#hash_cec26ffcb2ae15e
soundalias,#zmb_portal_death_lp
soundalias,#phy_impact_wood_foliage
soundalias,#hash_d09856cb05b1a39
soundalias,#vox_pegasus_attack_react_plr_4_1
soundalias,#vox_pegasus_attack_react_plr_4_0
soundalias,#vox_pegasus_attack_react_plr_4_2
soundalias,#vox_5_banter_scar_shaw_plr_1_1
soundalias,#vox_plr_3_exert_razor_wire
soundalias,#hash_d1ae3bf08f6cfa7
soundalias,#vox_plr_2_exert_punch_take
soundalias,#wpn_scepter_first_raise_lvl3_npc
soundalias,#hash_d377c202c27be3f
soundalias,#hash_d4c1b4d970f73ef
soundalias,#wpn_viper_melee_retract_double_plr
soundalias,#zmb_spartoi_sword_swing
soundalias,#hash_d5dd6efff968f2c
soundalias,#hash_d63b8c5ed8cb060
soundalias,#hash_d7ec6d73abe892b
soundalias,#vox_zomb_pers_chaos_react_plr_4_2
soundalias,#vox_zomb_pers_chaos_react_plr_4_0
soundalias,#vox_zomb_pers_chaos_react_plr_4_1
soundalias,#hash_d99523b4deb0640
soundalias,#hash_d9a98fc554f1a7b
soundalias,#vox_generic_wall_buy_plr_2_7
soundalias,#vox_generic_wall_buy_plr_2_6
soundalias,#vox_generic_wall_buy_plr_2_5
soundalias,#vox_generic_wall_buy_plr_2_4
soundalias,#vox_generic_wall_buy_plr_2_3
soundalias,#vox_generic_wall_buy_plr_2_2
soundalias,#vox_generic_wall_buy_plr_2_1
soundalias,#vox_generic_wall_buy_plr_2_0
soundalias,#vox_generic_wall_buy_plr_2_9
soundalias,#vox_generic_wall_buy_plr_2_8
soundalias,#vox_bop3_exert_razor_wire
soundalias,#wpn_zpear_loop
soundalias,#vox_pap_appear_plr_3_0
soundalias,#vox_plr_3_exert_death_veh_under
soundalias,#hash_dc234a0880dd59b
soundalias,#hash_dc5a87ff79146e2
soundalias,#hash_dc8a9f0c8308e91
soundalias,#hash_dd13a4fbdd9c86d
soundalias,#vox_box_move_plr_2_4
soundalias,#vox_box_move_plr_2_1
soundalias,#vox_box_move_plr_2_0
soundalias,#vox_box_move_plr_2_3
soundalias,#vox_box_move_plr_2_2
soundalias,#hash_de73182f138b62c
soundalias,#zmb_blocker_debris_escape_lp
soundalias,#wpn_scorpion_zombie_explode
soundalias,#hash_e03bc8ebb29e3a6
soundalias,#vox_hemera_arena_enter_0_plr_3_0
soundalias,#hash_e16370a98ce32e7
soundalias,#zmb_sentinel_artifact_charged_lp
soundalias,#wpn_generic_clip_bounce_plastic
soundalias,#hash_e3c1c918ebb703d
soundalias,#wpn_generic_clip_bounce_plaster
soundalias,#hash_e3e5f7c83015171
soundalias,#hash_e3e70858f5614e3
soundalias,#vox_box_launcher_plr_4_4
soundalias,#vox_box_launcher_plr_4_0
soundalias,#vox_box_launcher_plr_4_1
soundalias,#vox_box_launcher_plr_4_2
soundalias,#vox_box_launcher_plr_4_3
soundalias,#vox_pap_end_react_0_plr_4_0
soundalias,#hash_e5d1a437e61654e
soundalias,#hash_e78b254cdfde6dd
soundalias,#vox_kill_wonder_plr_2_0
soundalias,#vox_kill_wonder_plr_2_1
soundalias,#vox_kill_wonder_plr_2_2
soundalias,#vox_kill_wonder_plr_2_3
soundalias,#vox_kill_wonder_plr_2_4
soundalias,#hash_e81fe3cd8d13088
soundalias,#vox_blac_exert_mant_light
soundalias,#hash_e902c086e6a174d
soundalias,#hash_ea37a7d6cf6bfb3
soundalias,#vox_bop5_exert_gas_gasp
soundalias,#wpn_chakram_projectile_throw_plr
soundalias,#fly_step_sprint_zdog_cushion
soundalias,#hash_f063385ccef5263
soundalias,#hash_f09467115bf5b17
soundalias,#hash_f0b2bdde6355ee5
soundalias,#hash_f2ae6581a9a552c
soundalias,#hash_f32d9de6827bf7d
soundalias,#vox_plr_1_exert_suppressed
soundalias,#hash_f7993813b9abd08
soundalias,#hash_f7eec568ea87441
soundalias,#vox_brun_surrounded_oh_shit_plr_3_1
soundalias,#vox_brun_surrounded_oh_shit_plr_3_0
soundalias,#vox_brun_surrounded_oh_shit_plr_3_3
soundalias,#vox_brun_surrounded_oh_shit_plr_3_2
soundalias,#vox_brun_surrounded_oh_shit_plr_3_4
soundalias,#hash_fa3fa8d2434cae7
soundalias,#vox_prism_rise_react_plr_1_0
soundalias,#vox_5_banter_dieg_scar_plr_3_0
soundalias,#vox_powerup_insta_plr_2_2
soundalias,#vox_powerup_insta_plr_2_3
soundalias,#vox_powerup_insta_plr_2_0
soundalias,#vox_powerup_insta_plr_2_1
soundalias,#vox_powerup_insta_plr_2_4
soundalias,#fly_step_run_zdog_carpet
soundalias,#hash_fd02930eecd9d4a
soundalias,#fly_step_run_zdog_metal
soundalias,#vox_2_banter_scar_shaw_plr_4_1
soundalias,#vox_mid_igc_3_plr_4_0
soundalias,#vox_1_banter_brun_dieg_plr_3_0
soundalias,#hash_102b39edce79ef69
soundalias,#hash_10320501215e405b
soundalias,#fly_step_crouch_run_zdog_brick
soundalias,#vox_pegasus_los_plr_2_0
soundalias,#fly_step_crouch_run_zdog_asphalt
soundalias,#vox_pickup_bowie_plr_3_2
soundalias,#vox_pickup_bowie_plr_3_0
soundalias,#vox_pickup_bowie_plr_3_1
soundalias,#hash_10a119e9606a6988
soundalias,#zmb_perks_packa_loop
soundalias,#wpn_dragon_fire_npc_decay
soundalias,#hash_10bc5f56dd5eb00a
soundalias,#hash_10bc6056dd5eb1bd
soundalias,#hash_10c8553d48a79af3
soundalias,#hash_10cbb1b8573a0040
soundalias,#hash_10cdee9634de107f
soundalias,#vox_amphi_react_first_plr_4_0
soundalias,#vox_amphi_react_first_plr_4_1
soundalias,#vox_amphi_react_first_plr_4_2
soundalias,#vox_terrace_trail_banter_0_plr_3_0
soundalias,#hash_10e209e9e8ea4734
soundalias,#hash_10e887d95fef1678
soundalias,#hash_10f7dee939554f61
soundalias,#hash_10fca2f4c8c19081
soundalias,#hash_10fd15f68a062ed4
soundalias,#fly_melee_imp_hammer_npc
soundalias,#vox_center_world_enter_plr_3_0
soundalias,#vox_center_world_enter_plr_3_1
soundalias,#vox_center_world_enter_plr_3_2
soundalias,#hash_110c05c0f63fc1e3
soundalias,#wpn_zpear_turret_throw_plr_swt
soundalias,#hash_11150d7d8bb08b6d
soundalias,#wpn_hammer_first_raise_lvl3_npc
soundalias,#vox_plr_1_outro_igc_3_3
soundalias,#vox_ammo_low_plr_4_4
soundalias,#vox_ammo_low_plr_4_3
soundalias,#vox_ammo_low_plr_4_2
soundalias,#vox_ammo_low_plr_4_1
soundalias,#vox_ammo_low_plr_4_0
soundalias,#vox_bop5_exert_sniper_hold
soundalias,#vox_gegenees_react_plr_4_1
soundalias,#vox_gegenees_react_plr_4_0
soundalias,#vox_gegenees_react_plr_4_3
soundalias,#vox_gegenees_react_plr_4_2
soundalias,#vox_gegenees_react_plr_4_4
soundalias,#hash_1169f161390a9847
soundalias,#vox_tribute_boon_plr_4_0
soundalias,#vox_tribute_boon_plr_4_1
soundalias,#vox_tribute_boon_plr_4_2
soundalias,#vox_tribute_boon_plr_4_3
soundalias,#vox_tribute_boon_plr_4_4
soundalias,#vox_tribute_boon_plr_4_5
soundalias,#vox_tribute_boon_plr_4_6
soundalias,#vox_tribute_boon_plr_4_7
soundalias,#vox_tribute_boon_plr_4_8
soundalias,#vox_tribute_boon_plr_4_9
soundalias,#wpn_viper_bite_lp
soundalias,#hash_1178a0c11728dc62
soundalias,#hash_117b5abefa0aab76
soundalias,#hash_1180478fc140ce49
soundalias,#hash_11855496f2ae0456
soundalias,#hash_11a7f1d08f9789a1
soundalias,#hash_11b068290cb3564f
soundalias,#vox_bop2_exert_underwater_emerge_breath
soundalias,#vox_shaw_kill_streak_plr_1_4
soundalias,#vox_shaw_kill_streak_plr_1_2
soundalias,#vox_shaw_kill_streak_plr_1_3
soundalias,#vox_shaw_kill_streak_plr_1_0
soundalias,#vox_shaw_kill_streak_plr_1_1
soundalias,#amb_river
soundalias,#vox_bop1_exert_death_veh_fly
soundalias,#hash_11f01ed4b7074670
soundalias,#wpn_chakram_melee_impact_victim
soundalias,#hash_121e2b2d7c539653
soundalias,#hash_1227f43dfc58c601
soundalias,#vox_powerup_double_plr_2_0
soundalias,#vox_powerup_double_plr_2_1
soundalias,#vox_powerup_double_plr_2_2
soundalias,#vox_powerup_double_plr_2_3
soundalias,#vox_powerup_double_plr_2_4
soundalias,#amb_rain_foliage
soundalias,#hash_1259041350e5f60d
soundalias,#vox_pap_wait_plr_4_4
soundalias,#vox_pap_wait_plr_4_3
soundalias,#vox_pap_wait_plr_4_2
soundalias,#vox_pap_wait_plr_4_1
soundalias,#vox_pap_wait_plr_4_0
soundalias,#zmb_vocals_zombie_behind
soundalias,#fly_step_prone_zdog_bark
soundalias,#wpn_chakram_projectile_catch_npc
soundalias,#vox_greek_fire_complete_plr_3_0
soundalias,#vox_box_pistol_plr_4_4
soundalias,#vox_box_pistol_plr_4_1
soundalias,#vox_box_pistol_plr_4_0
soundalias,#vox_box_pistol_plr_4_3
soundalias,#vox_box_pistol_plr_4_2
soundalias,#amb_water_fountain_med
soundalias,#wpn_generic_wpn_bounce_sand
soundalias,#vox_revive_support_shaw_plr_2_4
soundalias,#vox_revive_support_shaw_plr_2_1
soundalias,#vox_revive_support_shaw_plr_2_0
soundalias,#vox_revive_support_shaw_plr_2_3
soundalias,#vox_revive_support_shaw_plr_2_2
soundalias,#vox_ouranos_rune_circle_react_plr_2_0
soundalias,#hash_12b84642bfd9083b
soundalias,#wpn_scepter_first_raise_lvl3_plr
soundalias,#hash_12cb31a37fd2df71
soundalias,#hash_12d662cbb0e02a5a
soundalias,#pfx_bath_fountain
soundalias,#hash_12efe44d866e14cd
soundalias,#vox_bop3_exert_self_heal
soundalias,#fly_step_crouch_run_zdog_grass
soundalias,#zmb_perk_bandolier_reload
soundalias,#vox_bop4_exert_stabbed
soundalias,#vox_plr_1_exert_mant_heavy
soundalias,#hash_131a6e25fe07d152
soundalias,#hash_131b4db5b684bc21
soundalias,#fly_step_sprint_zdog_fruit
soundalias,#vox_bop1_exert_underwater_air_low
soundalias,#amb_outdoor_wind
soundalias,#hash_133d64121785241e
soundalias,#amb_frogs
soundalias,#wpn_perseus_sword_take
soundalias,#hash_13881a5ef6463c90
soundalias,#amb_darkside
soundalias,#hash_13944ade049b7b82
soundalias,#vox_pegasus_stun_plr_2_2
soundalias,#vox_pegasus_stun_plr_2_1
soundalias,#vox_pegasus_stun_plr_2_0
soundalias,#hash_13ae4ec246717759
soundalias,#vox_peg_summon_use_plr_4_4
soundalias,#vox_peg_summon_use_plr_4_0
soundalias,#vox_peg_summon_use_plr_4_1
soundalias,#vox_peg_summon_use_plr_4_2
soundalias,#vox_peg_summon_use_plr_4_3
soundalias,#vox_tedd_exert_rad_dmg
soundalias,#hash_13db393ba2bb0c2c
soundalias,#vox_war_sounds_react_plr_4_0
soundalias,#wpn_wwgrenade_explode_lfe
soundalias,#hash_13ebaddf5ce08e73
soundalias,#fly_step_prone_zdog_fruit
soundalias,#vox_bop1_exert_gas_gag
soundalias,#fly_step_crouch_walk_zdog_carpet
soundalias,#fly_mann_limb_bounce_snow
soundalias,#hash_1451be2e88441cde
soundalias,#wpn_generic_clip_bounce_foliage
soundalias,#hash_1454c3b0530d321e
soundalias,#vox_3_banter_dieg_scar_plr_3_0
soundalias,#wpn_generic_clip_bounce_metal
soundalias,#hash_146afcf9e755fb03
soundalias,#vox_tedd_exert_burn_dmg
soundalias,#vox_blac_exert_sniper_hold
soundalias,#vox_hemera_arena_enter_0_plr_2_0
soundalias,#zmb_hellhound_explode_lfe
soundalias,#hash_148bf1442de0307b
soundalias,#vox_plr_3_exert_bludgeoned
soundalias,#hash_14a267379a079f5e
soundalias,#hash_14a6b0529c8ecd16
soundalias,#vox_bom4_exert_rad_end
soundalias,#hash_14ac86ceee99d2f3
soundalias,#vox_bop5_exert_stabbed
soundalias,#hash_14bc03501b2e126f
soundalias,#vox_bop2_exert_underwater_pain
soundalias,#vox_mid_igc_5_plr_4_0
soundalias,#fly_step_run_zdog_plaster
soundalias,#fly_step_run_zdog_plastic
soundalias,#fly_step_run_zdog_sand
soundalias,#hash_14f5104610856f3e
soundalias,#vox_box_move_plr_3_4
soundalias,#vox_box_move_plr_3_0
soundalias,#vox_box_move_plr_3_1
soundalias,#vox_box_move_plr_3_2
soundalias,#vox_box_move_plr_3_3
soundalias,#hash_15269b1a0691d443
soundalias,#hash_152789aa6d7ceb74
soundalias,#wpn_hammer_bolt_lp
soundalias,#vox_serp_eagle_free_react_plr_3_2
soundalias,#vox_serp_eagle_free_react_plr_3_1
soundalias,#vox_serp_eagle_free_react_plr_3_0
soundalias,#zmb_box_weapon_spin
soundalias,#hash_15350c3643360459
soundalias,#hash_153699eff35f40ab
soundalias,#vox_chakram_ready_plr_1_4
soundalias,#vox_chakram_ready_plr_1_2
soundalias,#vox_chakram_ready_plr_1_3
soundalias,#vox_chakram_ready_plr_1_0
soundalias,#vox_chakram_ready_plr_1_1
soundalias,#wpn_hammer_storm_end
soundalias,#hash_15690b330a9a91e4
soundalias,#vox_3_banter_dieg_shaw_plr_4_0
soundalias,#hash_158a3cb40bd7d97f
soundalias,#vox_serp_pass_enter_plr_2_2
soundalias,#vox_serp_pass_enter_plr_2_1
soundalias,#vox_serp_pass_enter_plr_2_0
soundalias,#hash_1598f6998a206ef0
soundalias,#fly_step_sprint_zdog_wood
soundalias,#hash_15b0b3db54520a2b
soundalias,#hash_15b0b4db54520bde
soundalias,#hash_15b0b5db54520d91
soundalias,#zmb_crafting_fail
soundalias,#vox_zomb_pers_chaos_react_plr_3_1
soundalias,#vox_zomb_pers_chaos_react_plr_3_0
soundalias,#vox_zomb_pers_chaos_react_plr_3_2
soundalias,#hash_15d40c46633515be
soundalias,#fly_melee_imp_galva_metal
soundalias,#zmb_portal_close
soundalias,#hash_15ebff7555912e98
soundalias,#fly_melee_imp_chakram_npc
soundalias,#vox_elixir_drink_plr_4_8
soundalias,#vox_elixir_drink_plr_4_9
soundalias,#vox_elixir_drink_plr_4_4
soundalias,#vox_elixir_drink_plr_4_5
soundalias,#vox_elixir_drink_plr_4_6
soundalias,#vox_elixir_drink_plr_4_7
soundalias,#vox_elixir_drink_plr_4_0
soundalias,#vox_elixir_drink_plr_4_1
soundalias,#vox_elixir_drink_plr_4_2
soundalias,#vox_elixir_drink_plr_4_3
soundalias,#vox_plr_2_exert_sniper_exhale
soundalias,#vox_pegasus_chaos_react_plr_1_0
soundalias,#fly_step_crouch_walk_zdog_metalcar
soundalias,#hash_163a0c0a9e24921f
soundalias,#hash_164524f657045498
soundalias,#wpn_generic_wpn_bounce_gravel
soundalias,#vox_revive_scar_plr_2_4
soundalias,#vox_revive_scar_plr_2_3
soundalias,#vox_revive_scar_plr_2_2
soundalias,#vox_revive_scar_plr_2_1
soundalias,#vox_revive_scar_plr_2_0
soundalias,#hash_165f79e16f9425b0
soundalias,#fly_melee_imp_hammer_zm
soundalias,#hash_1663079294f189b0
soundalias,#hash_166762facd657625
soundalias,#evt_bellows_wheel
soundalias,#hash_166f0f941a5b1e45
soundalias,#wpn_chakram_melee_impact_swt_plr
soundalias,#vox_spartoi_react_first_plr_1_2
soundalias,#vox_spartoi_react_first_plr_1_0
soundalias,#vox_spartoi_react_first_plr_1_1
soundalias,#hash_16804090e77a1368
soundalias,#fly_step_walk_zdog_dirt
soundalias,#vox_ra_altar_ankh_restored_plr_4_0
soundalias,#wpn_generic_clip_bounce_mud
soundalias,#fly_step_run_zdog_wood
soundalias,#vox_bop2_exert_underwater_air_low
soundalias,#vox_scar_kill_headshot_plr_2_3
soundalias,#vox_scar_kill_headshot_plr_2_2
soundalias,#vox_scar_kill_headshot_plr_2_1
soundalias,#vox_scar_kill_headshot_plr_2_0
soundalias,#vox_scar_kill_headshot_plr_2_4
soundalias,#hash_16c30790b38cd2c5
soundalias,#wpn_generic_wpn_bounce_flesh
soundalias,#hash_16c5b9610bfa70b3
soundalias,#hash_16c5ba610bfa7266
soundalias,#hash_16c5bb610bfa7419
soundalias,#hash_16de7f592462ec4b
soundalias,#hash_16e4b9e0e3895117
soundalias,#vox_blac_exert_punch_take
soundalias,#fly_step_run_zdog_glass
soundalias,#fly_step_prone_zdog_brick
soundalias,#hash_17000149fd822e78
soundalias,#hash_170aa1970243fc4a
soundalias,#hash_171f4130f28f8812
soundalias,#vox_charon_rune_circle_react_plr_1_0
soundalias,#fly_step_run_zdog_metalhollow
soundalias,#vox_1_banter_brun_dieg_plr_2_1
soundalias,#vox_pegasus_ride_light_plr_3_1
soundalias,#vox_pegasus_ride_light_plr_3_0
soundalias,#vox_pegasus_ride_light_plr_3_2
soundalias,#hash_174b52d5d7bb70ea
soundalias,#vox_amphi_enter_plr_4_0
soundalias,#vox_amphi_enter_plr_4_1
soundalias,#vox_amphi_enter_plr_4_2
soundalias,#zmb_weap_wall
soundalias,#hash_1750dbb6aad726e4
soundalias,#vox_hammer_ready_plr_4_0
soundalias,#vox_hammer_ready_plr_4_1
soundalias,#vox_hammer_ready_plr_4_2
soundalias,#vox_hammer_ready_plr_4_3
soundalias,#vox_hammer_ready_plr_4_4
soundalias,#hash_17633da83189eb00
soundalias,#vox_bop3_exert_underwater_emerge_gasp
soundalias,#fly_golden_spork_first_raise
soundalias,#vox_generic_wall_buy_plr_3_8
soundalias,#vox_generic_wall_buy_plr_3_9
soundalias,#vox_generic_wall_buy_plr_3_6
soundalias,#vox_generic_wall_buy_plr_3_7
soundalias,#vox_generic_wall_buy_plr_3_4
soundalias,#vox_generic_wall_buy_plr_3_5
soundalias,#vox_generic_wall_buy_plr_3_2
soundalias,#vox_generic_wall_buy_plr_3_3
soundalias,#vox_generic_wall_buy_plr_3_0
soundalias,#vox_generic_wall_buy_plr_3_1
soundalias,#vox_vision_mode_enter_plr_3_0
soundalias,#wpn_scepter_plant_activate_npc
soundalias,#wpn_chakram_projectile_catch_plr
soundalias,#vox_kill_headshot_plr_3_8
soundalias,#vox_kill_headshot_plr_3_9
soundalias,#vox_kill_headshot_plr_3_2
soundalias,#vox_kill_headshot_plr_3_3
soundalias,#vox_kill_headshot_plr_3_0
soundalias,#vox_kill_headshot_plr_3_1
soundalias,#vox_kill_headshot_plr_3_6
soundalias,#vox_kill_headshot_plr_3_7
soundalias,#vox_kill_headshot_plr_3_4
soundalias,#vox_kill_headshot_plr_3_5
soundalias,#wpn_generic_wpn_bounce_water
soundalias,#vox_powerup_ammo_plr_2_1
soundalias,#vox_powerup_ammo_plr_2_0
soundalias,#vox_powerup_ammo_plr_2_3
soundalias,#vox_powerup_ammo_plr_2_2
soundalias,#vox_powerup_ammo_plr_2_4
soundalias,#zmb_blocker_door_purchase_swt
soundalias,#hash_17c7895c4b5180ce
soundalias,#vox_pickup_generic_plr_3_3
soundalias,#vox_pickup_generic_plr_3_2
soundalias,#vox_pickup_generic_plr_3_1
soundalias,#vox_pickup_generic_plr_3_0
soundalias,#vox_pickup_generic_plr_3_7
soundalias,#vox_pickup_generic_plr_3_6
soundalias,#vox_pickup_generic_plr_3_5
soundalias,#vox_pickup_generic_plr_3_4
soundalias,#vox_pickup_generic_plr_3_9
soundalias,#vox_pickup_generic_plr_3_8
soundalias,#hash_17f2fef698d5c07b
soundalias,#amb_heavy_wind
soundalias,#fly_step_crouch_walk_zdog_dirt
soundalias,#vox_plr_2_exert_stabbed
soundalias,#vox_bop4_exert_breath_hurt
soundalias,#vox_charon_arena_enter_0_plr_4_0
soundalias,#hash_18142763381d7f0d
soundalias,#vox_plateau_jump_plr_1_2
soundalias,#vox_plateau_jump_plr_1_0
soundalias,#vox_plateau_jump_plr_1_1
soundalias,#vox_bop5_exert_death_veh_hit
soundalias,#vox_kill_arnie_plr_4_0
soundalias,#vox_kill_arnie_plr_4_1
soundalias,#vox_kill_arnie_plr_4_2
soundalias,#vox_kill_arnie_plr_4_3
soundalias,#vox_kill_arnie_plr_4_4
soundalias,#vox_blac_exert_razor_wire
soundalias,#vox_bop3_exert_blind
soundalias,#hash_18583440eee45a4b
soundalias,#wpn_viper_melee_impact_victim
soundalias,#hash_186c808588ff2465
soundalias,#vox_plr_2_exert_death_veh_under
soundalias,#vox_plr_4_exert_underwater_pain
soundalias,#vox_pegasus_los_plr_3_0
soundalias,#hash_1891b3211ab36c94
soundalias,#vox_light_pickup_plr_4_0
soundalias,#hash_18a5515e3206c55c
soundalias,#wpn_homunculus_throw_npc
soundalias,#hash_18b9c1b30e385483
soundalias,#fly_melee_imp_chakram_metal
soundalias,#hash_18d264594f3e63b7
soundalias,#hash_18d60994d6238a6b
soundalias,#phy_impact_default
soundalias,#hash_18f50be3a4e3af84
soundalias,#hash_18f6d3cce0085384
soundalias,#fly_scorpion_raise
soundalias,#vox_terrace_trail_banter_0_plr_4_0
soundalias,#hash_190de0e3d0106035
soundalias,#vox_bathhouse_enter_plr_3_1
soundalias,#vox_bathhouse_enter_plr_3_0
soundalias,#vox_bathhouse_enter_plr_3_2
soundalias,#vox_dragon_kill_plr_1_1
soundalias,#vox_dragon_kill_plr_1_0
soundalias,#vox_dragon_kill_plr_1_3
soundalias,#vox_dragon_kill_plr_1_2
soundalias,#vox_dragon_kill_plr_1_4
soundalias,#vox_kill_wonder_plr_1_4
soundalias,#vox_kill_wonder_plr_1_3
soundalias,#vox_kill_wonder_plr_1_2
soundalias,#vox_kill_wonder_plr_1_1
soundalias,#vox_kill_wonder_plr_1_0
soundalias,#vox_zombies_awaken_plr_2_0
soundalias,#wpn_viper_melee_retract_npc
soundalias,#vox_bop3_exert_death_veh_fly
soundalias,#vox_bop3_exert_burn_dmg
soundalias,#hash_1958c65416aca66b
soundalias,#zmb_perks_packa_ticktock
soundalias,#fly_step_crouch_run_zdog_metalcatcrouch_run
soundalias,#vox_scepter_ready_plr_4_2
soundalias,#vox_scepter_ready_plr_4_3
soundalias,#vox_scepter_ready_plr_4_0
soundalias,#vox_scepter_ready_plr_4_1
soundalias,#vox_scepter_ready_plr_4_4
soundalias,#hash_196ce02d8014d8e2
soundalias,#vox_powerup_double_plr_1_4
soundalias,#vox_powerup_double_plr_1_3
soundalias,#vox_powerup_double_plr_1_2
soundalias,#vox_powerup_double_plr_1_1
soundalias,#vox_powerup_double_plr_1_0
soundalias,#hash_198682b92e7d3b28
soundalias,#vox_shield_piece_pickup_1_plr_2_1
soundalias,#vox_shield_piece_pickup_1_plr_2_0
soundalias,#vox_shield_piece_pickup_1_plr_2_2
soundalias,#wpn_hammer_slam_npc
soundalias,#hash_19881d774c4bb8ae
soundalias,#hash_1988d42c4f4e3682
soundalias,#hash_198fc242c6fc5c30
soundalias,#zmb_ai_gegenees_movement
soundalias,#fly_step_crouch_run_zdog_tallgrass
soundalias,#hash_199ada9e76c36f81
soundalias,#hash_199de7173fb36de6
soundalias,#zmb_spartoi_rebuild_head_swt
soundalias,#zmb_electrocute_zombie
soundalias,#hash_19cf4d96bdc87afd
soundalias,#vox_bop3_exert_rad_end
soundalias,#hash_19dbdeeee13b5df7
soundalias,#vox_bop1_exert_death_fall
soundalias,#hash_19ed62938d8ef1ae
soundalias,#vox_plr_4_exert_burn_dead
soundalias,#wpn_chaos_bolt_lp
soundalias,#vox_plr_3_exert_sniper_gasp
soundalias,#zmb_venom_activate
soundalias,#hash_1a4afe794206808f
soundalias,#vox_bof1_exert_rad_start
soundalias,#fly_mann_limb_bounce_water
soundalias,#vox_tedd_exert_razor_wire
soundalias,#fly_step_crouch_run_zdog_carpet
soundalias,#vox_blac_exert_breath_hurt
soundalias,#hash_1a78c32ce00170c7
soundalias,#hash_1a9f5c7b1d51d62a
soundalias,#vox_blac_exert_death
soundalias,#vox_terrace_mirror_final_react_plr_3_0
soundalias,#vox_zomb_pers_stun_plr_1_1
soundalias,#vox_zomb_pers_stun_plr_1_0
soundalias,#vox_zomb_pers_stun_plr_1_2
soundalias,#hash_1ad15c7df960acf6
soundalias,#vox_ouranos_rune_circle_react_plr_3_0
soundalias,#vox_solo_end_round1_shaw_plr_4_0
soundalias,#hash_1afab8875f1342bc
soundalias,#hash_1afd1c392812ecf3
soundalias,#hash_1afd9574dc72cc8f
soundalias,#hash_1b1929b1c0a57e33
soundalias,#fly_step_run_zdog_bodyarmor
soundalias,#hash_1b221d6248a53127
soundalias,#hash_1b28ca975224396b
soundalias,#fly_step_walk_zdog_foliage
soundalias,#vox_revive_self_plr_3_2
soundalias,#vox_revive_self_plr_3_1
soundalias,#vox_revive_self_plr_3_0
soundalias,#hash_1b44784b04e5d8fc
soundalias,#vox_sapling_react_first_plr_2_0
soundalias,#vox_plr_4_exert_mant_heavy
soundalias,#hash_1b717556e403c06c
soundalias,#hash_1b717756e403c3d2
soundalias,#hash_1b717856e403c585
soundalias,#fly_step_walk_zdog_glasscar
soundalias,#wpn_generic_wpn_bounce_plaster
soundalias,#hash_1b8312696702abe6
soundalias,#vox_tedd_exert_rad_end
soundalias,#vox_bom4_exert_rad_dmg
soundalias,#vox_brun_kill_headshot_plr_4_4
soundalias,#vox_brun_kill_headshot_plr_4_3
soundalias,#vox_brun_kill_headshot_plr_4_2
soundalias,#vox_brun_kill_headshot_plr_4_1
soundalias,#vox_brun_kill_headshot_plr_4_0
soundalias,#wpn_scepter_melee_npc
soundalias,#hash_1ba21851b1f035f6
soundalias,#wpn_generic_wpn_bounce_plastic
soundalias,#wpn_hammer_bolt_fire
soundalias,#vox_pegasus_stun_plr_3_2
soundalias,#vox_pegasus_stun_plr_3_0
soundalias,#vox_pegasus_stun_plr_3_1
soundalias,#hash_1bcaaee34d63db31
soundalias,#zmb_ai_gegenees_step_sprint
soundalias,#zmb_perks_packa_ready
soundalias,#vox_terrace_mirror_rise_react_plr_1_0
soundalias,#hash_1bec8966de2572c0
soundalias,#hash_1bf02c1e1384b7f3
soundalias,#hash_1bf5fe37a1f1ddf8
soundalias,#vox_serp_pass_enter_plr_3_2
soundalias,#vox_serp_pass_enter_plr_3_0
soundalias,#vox_serp_pass_enter_plr_3_1
soundalias,#fly_melee_imp_chakram_npc_rock
soundalias,#hash_1c0bcda26f980cd0
soundalias,#evt_oil_fire
soundalias,#hash_1c16f5a0e1da502d
soundalias,#fly_step_sprint_zdog_glassbulletproof
soundalias,#hash_1c220cf993f81792
soundalias,#hash_1c25cadb575a4f80
soundalias,#hash_1c25ccdb575a52e6
soundalias,#hash_1c25cddb575a5499
soundalias,#hash_1c3e58e0b9110b37
soundalias,#vox_bop4_exert_burn_dmg
soundalias,#hash_1c4acf7a1c9c1cda
soundalias,#fly_melee_imp_scepter_npc_riot
soundalias,#vox_revive_support_shaw_plr_3_4
soundalias,#vox_revive_support_shaw_plr_3_0
soundalias,#vox_revive_support_shaw_plr_3_1
soundalias,#vox_revive_support_shaw_plr_3_2
soundalias,#vox_revive_support_shaw_plr_3_3
soundalias,#hash_1c696244a9a3dbbf
soundalias,#vox_serp_eagle_free_react_plr_2_2
soundalias,#vox_serp_eagle_free_react_plr_2_0
soundalias,#vox_serp_eagle_free_react_plr_2_1
soundalias,#fly_mann_limb_bounce_metal
soundalias,#hash_1c8dd30ad4577f23
soundalias,#vox_ballista_rises_react_plr_1_0
soundalias,#vox_scepter_kill_plr_2_4
soundalias,#vox_scepter_kill_plr_2_1
soundalias,#vox_scepter_kill_plr_2_0
soundalias,#vox_scepter_kill_plr_2_3
soundalias,#vox_scepter_kill_plr_2_2
soundalias,#hash_1ca40222207eef19
soundalias,#hash_1ca7575800b7ff57
soundalias,#hash_1caf9f4283edd968
soundalias,#hash_1cb45295c6129bbf
soundalias,#fly_step_crouch_walk_zdog_metalcatcrouch_walk
soundalias,#hash_1cc59bd671b94b13
soundalias,#hash_1cdc8a3e02fcfce3
soundalias,#vox_blac_exert_sniper_gasp
soundalias,#hash_1cdfea6a813f2498
soundalias,#hash_1cdfeb6a813f264b
soundalias,#hash_1cdfed6a813f29b1
soundalias,#hash_1ce63db5622dcaf5
soundalias,#vox_plr_4_exert_death_veh_hit
soundalias,#vox_zomb_pers_chaos_react_plr_2_0
soundalias,#vox_zomb_pers_chaos_react_plr_2_1
soundalias,#vox_zomb_pers_chaos_react_plr_2_2
soundalias,#vox_gegenees_react_first_plr_4_2
soundalias,#vox_gegenees_react_first_plr_4_0
soundalias,#vox_gegenees_react_first_plr_4_1
soundalias,#hash_1d1eed8eddb302db
soundalias,#zmb_spawn_walla
soundalias,#vox_anvil_brontes_pickup_plr_1_2
soundalias,#vox_anvil_brontes_pickup_plr_1_0
soundalias,#vox_anvil_brontes_pickup_plr_1_1
soundalias,#vox_bop3_exert_bludgeoned
soundalias,#wpn_scorpion_idle_light
soundalias,#zmb_attack_underwater_whoosh
soundalias,#vox_bop2_exert_gas_gag
soundalias,#amb_rain_on_water
soundalias,#vox_pegasus_ride_dark_plr_4_0
soundalias,#vox_pegasus_ride_dark_plr_4_1
soundalias,#vox_pegasus_ride_dark_plr_4_2
soundalias,#vox_2_banter_dieg_shaw_plr_4_1
soundalias,#hash_1da6407e4cd932bf
soundalias,#vox_revive_scar_plr_3_4
soundalias,#vox_revive_scar_plr_3_2
soundalias,#vox_revive_scar_plr_3_3
soundalias,#vox_revive_scar_plr_3_0
soundalias,#vox_revive_scar_plr_3_1
soundalias,#hash_1dbe8bcc3c51153a
soundalias,#vox_gaia_rune_circle_react_plr_4_0
soundalias,#hash_1de18dce8a27c19c
soundalias,#vox_plr_4_exert_gas_cough
soundalias,#hash_1e0ccafc1372b4df
soundalias,#fly_step_run_zdog_metalcatrun
soundalias,#zmb_gaia_hand_deposit
soundalias,#zmb_blocker_powerdoor_purchase_swt
soundalias,#hash_1e2887a33211a780
soundalias,#zmb_vocals_zombie_taunt
soundalias,#hash_1e329197dee1519d
soundalias,#hash_1e3312d30c58f0ba
soundalias,#hash_1e33d0e0e74b3a2c
soundalias,#vox_pegasus_chaos_react_plr_2_0
soundalias,#hash_1e5f90e7e4d4f449
soundalias,#hash_1e66eec2fba6abdf
soundalias,#vox_shield_piece_pickup_2_plr_1_1
soundalias,#vox_shield_piece_pickup_2_plr_1_0
soundalias,#vox_shield_piece_pickup_2_plr_1_2
soundalias,#hash_1e9c8e5515df0054
soundalias,#vox_bom2_exert_rad_start
soundalias,#wpn_viper_melee_swing_plr
soundalias,#vox_barrier_rebuild_plr_1_4
soundalias,#vox_barrier_rebuild_plr_1_0
soundalias,#vox_barrier_rebuild_plr_1_1
soundalias,#vox_barrier_rebuild_plr_1_2
soundalias,#vox_barrier_rebuild_plr_1_3
soundalias,#vox_bop1_exert_mant_light
soundalias,#hash_1ee59f37d5cfee08
soundalias,#hash_1ee5a037d5cfefbb
soundalias,#hash_1ee5a137d5cff16e
soundalias,#hash_1ee5f337c6355dc1
soundalias,#vox_kill_headshot_plr_4_1
soundalias,#vox_kill_headshot_plr_4_0
soundalias,#vox_kill_headshot_plr_4_3
soundalias,#vox_kill_headshot_plr_4_2
soundalias,#vox_kill_headshot_plr_4_5
soundalias,#vox_kill_headshot_plr_4_4
soundalias,#vox_kill_headshot_plr_4_7
soundalias,#vox_kill_headshot_plr_4_6
soundalias,#vox_kill_headshot_plr_4_9
soundalias,#vox_kill_headshot_plr_4_8
soundalias,#hash_1efee59e97770b5c
soundalias,#vox_powerup_ammo_plr_3_0
soundalias,#vox_powerup_ammo_plr_3_1
soundalias,#vox_powerup_ammo_plr_3_2
soundalias,#vox_powerup_ammo_plr_3_3
soundalias,#vox_powerup_ammo_plr_3_4
soundalias,#fly_step_walk_zdog_metalcar
soundalias,#vox_tribute_initiate_plr_2_5
soundalias,#vox_tribute_initiate_plr_2_4
soundalias,#vox_tribute_initiate_plr_2_7
soundalias,#vox_tribute_initiate_plr_2_6
soundalias,#vox_tribute_initiate_plr_2_1
soundalias,#vox_tribute_initiate_plr_2_0
soundalias,#vox_tribute_initiate_plr_2_3
soundalias,#vox_tribute_initiate_plr_2_2
soundalias,#vox_tribute_initiate_plr_2_9
soundalias,#vox_tribute_initiate_plr_2_8
soundalias,#vox_pickup_generic_plr_2_8
soundalias,#vox_pickup_generic_plr_2_9
soundalias,#vox_pickup_generic_plr_2_2
soundalias,#vox_pickup_generic_plr_2_3
soundalias,#vox_pickup_generic_plr_2_0
soundalias,#vox_pickup_generic_plr_2_1
soundalias,#vox_pickup_generic_plr_2_6
soundalias,#vox_pickup_generic_plr_2_7
soundalias,#vox_pickup_generic_plr_2_4
soundalias,#vox_pickup_generic_plr_2_5
soundalias,#vox_ouranos_arena_enter_0_plr_1_0
soundalias,#wpn_generic_wpn_bounce_grass
soundalias,#fly_step_run_zdog_snow
soundalias,#hash_1f39cf85dba56934
soundalias,#hash_1f3a25ed02b0fb5f
soundalias,#hash_1f58939de54b1b59
soundalias,#vox_bop3_exert_electro
soundalias,#fly_scorpion_idle_shell
soundalias,#vox_tedd_exert_electro
soundalias,#vox_1_banter_dieg_shaw_plr_3_1
soundalias,#fly_mann_limb_bounce_ice
soundalias,#vox_blac_exert_blind
soundalias,#hash_1f8294d74524e135
soundalias,#vox_bathhouse_enter_plr_2_0
soundalias,#vox_bathhouse_enter_plr_2_1
soundalias,#vox_bathhouse_enter_plr_2_2
soundalias,#hash_1f915dd1636a1d4c
soundalias,#wpn_chakram_melee_impact
soundalias,#vox_plr_2_exert_gas_gasp
soundalias,#vox_pap_appear_plr_1_0
soundalias,#vox_surrounded_oh_shit_plr_1_1
soundalias,#vox_surrounded_oh_shit_plr_1_0
soundalias,#vox_surrounded_oh_shit_plr_1_3
soundalias,#vox_surrounded_oh_shit_plr_1_2
soundalias,#vox_surrounded_oh_shit_plr_1_5
soundalias,#vox_surrounded_oh_shit_plr_1_4
soundalias,#vox_surrounded_oh_shit_plr_1_7
soundalias,#vox_surrounded_oh_shit_plr_1_6
soundalias,#vox_surrounded_oh_shit_plr_1_9
soundalias,#vox_surrounded_oh_shit_plr_1_8
soundalias,#hash_1fc058736573a9b5
soundalias,#exp_zpear_imp_dist
soundalias,#wpn_hammer_storm_lp
soundalias,#hash_1fd218acf8959773
soundalias,#vox_plr_2_exert_burn_dead
soundalias,#vox_scepter_ready_plr_3_1
soundalias,#vox_scepter_ready_plr_3_0
soundalias,#vox_scepter_ready_plr_3_3
soundalias,#vox_scepter_ready_plr_3_2
soundalias,#vox_scepter_ready_plr_3_4
soundalias,#fly_melee_imp_hammer_metalcar
soundalias,#vox_plr_1_exert_sniper_exhale
soundalias,#zmb_ai_gegenees_spear_imp
soundalias,#vox_shield_piece_pickup_1_plr_3_0
soundalias,#vox_shield_piece_pickup_1_plr_3_1
soundalias,#vox_shield_piece_pickup_1_plr_3_2
soundalias,#wpn_generic_wpn_bounce_metal
soundalias,#zmb_crafting_start
soundalias,#vox_powerup_firesale_plr_1_1
soundalias,#vox_powerup_firesale_plr_1_0
soundalias,#vox_powerup_firesale_plr_1_3
soundalias,#vox_powerup_firesale_plr_1_2
soundalias,#vox_powerup_firesale_plr_1_4
soundalias,#vox_tedd_exert_death_veh_under
soundalias,#vox_box_lmg_plr_3_4
soundalias,#vox_box_lmg_plr_3_1
soundalias,#vox_box_lmg_plr_3_0
soundalias,#vox_box_lmg_plr_3_3
soundalias,#vox_box_lmg_plr_3_2
soundalias,#vox_bop4_exert_bludgeoned
soundalias,#fly_step_crouch_run_zdog_mud
soundalias,#fly_melee_imp_galva_npc_wood
soundalias,#fly_step_prone_zdog_sand
soundalias,#hash_2052d8709436ffc5
soundalias,#hash_205cc527b5726b4d
soundalias,#vox_bop1_exert_death_veh_hit
soundalias,#hash_207a52f6165120c8
soundalias,#hash_207e044ff75d9068
soundalias,#vox_zombies_awaken_plr_3_0
soundalias,#hash_20bee66279fad547
soundalias,#vox_brun_surrounded_oh_shit_plr_1_4
soundalias,#vox_brun_surrounded_oh_shit_plr_1_3
soundalias,#vox_brun_surrounded_oh_shit_plr_1_2
soundalias,#vox_brun_surrounded_oh_shit_plr_1_1
soundalias,#vox_brun_surrounded_oh_shit_plr_1_0
soundalias,#vox_shield_piece_pickup_3_plr_1_0
soundalias,#vox_shield_piece_pickup_3_plr_1_1
soundalias,#vox_shield_piece_pickup_3_plr_1_2
soundalias,#mus_red_roundend_2_intro
soundalias,#vox_powerup_insta_plr_4_0
soundalias,#vox_powerup_insta_plr_4_1
soundalias,#vox_powerup_insta_plr_4_2
soundalias,#vox_powerup_insta_plr_4_3
soundalias,#vox_powerup_insta_plr_4_4
soundalias,#hash_20e6275c6513eb95
soundalias,#phy_plastic_bucket_bounce
soundalias,#vox_bop4_exert_underwater_pain
soundalias,#fly_melee_swipealt_player_knife
soundalias,#fly_step_prone_zdog_concrete
soundalias,#hash_210265271f212c8f
soundalias,#hash_2115ac365fbaf55f
soundalias,#hash_21206f1b7fb27f81
soundalias,#vox_box_smg_plr_1_0
soundalias,#vox_box_smg_plr_1_1
soundalias,#vox_box_smg_plr_1_2
soundalias,#vox_box_smg_plr_1_3
soundalias,#vox_box_smg_plr_1_4
soundalias,#fly_scorpion_first_raise
soundalias,#wpn_chakram_projectile_impact
soundalias,#vox_plr_1_exert_gas_cough
soundalias,#hash_214eb0cf09013847
soundalias,#hash_2154176afc98624c
soundalias,#fly_step_crouch_run_zdog_ceramic
soundalias,#hash_215e1891b2952ace
soundalias,#vox_blightfather_react_plr_4_4
soundalias,#vox_blightfather_react_plr_4_2
soundalias,#vox_blightfather_react_plr_4_3
soundalias,#vox_blightfather_react_plr_4_0
soundalias,#vox_blightfather_react_plr_4_1
soundalias,#hash_2165d07aca2b3d70
soundalias,#vox_scar_kill_headshot_plr_3_2
soundalias,#vox_scar_kill_headshot_plr_3_3
soundalias,#vox_scar_kill_headshot_plr_3_0
soundalias,#vox_scar_kill_headshot_plr_3_1
soundalias,#vox_scar_kill_headshot_plr_3_4
soundalias,#hash_2175b725b43ec02d
soundalias,#wpn_hammer_jab_plr
soundalias,#vox_initial_attack_react_plr_1_0
soundalias,#zmb_no_cha_ching
soundalias,#phy_impact_hard_hard
soundalias,#hash_218f697344bc4ca4
soundalias,#hash_218f6a7344bc4e57
soundalias,#hash_218f6c7344bc51bd
soundalias,#hash_21955c1b3abedef2
soundalias,#hash_2199b57945c7c684
soundalias,#vox_bop3_exert_rad_dmg
soundalias,#zmb_blocker_door_purchase
soundalias,#hash_21bfd3813003fd44
soundalias,#wpn_zpear_throw_npc
soundalias,#vox_sapling_react_first_plr_3_0
soundalias,#vox_pegasus_ride_light_plr_2_0
soundalias,#vox_pegasus_ride_light_plr_2_1
soundalias,#vox_pegasus_ride_light_plr_2_2
soundalias,#fly_melee_imp_chakram_riot
soundalias,#vox_mirror_trail_banter_0_plr_4_0
soundalias,#zmb_vocals_gegenees_roar
soundalias,#wpn_viper_melee_extend_npc
soundalias,#vox_center_world_enter_plr_1_2
soundalias,#vox_center_world_enter_plr_1_0
soundalias,#vox_center_world_enter_plr_1_1
soundalias,#hash_22381717002ffa5b
soundalias,#hash_223ae521b31be6c3
soundalias,#fly_mann_limb_bounce_dirt
soundalias,#hash_223c3071ea10c2cb
soundalias,#hash_224e1c16bb6396c0
soundalias,#fly_step_run_zdog_glassbulletproof
soundalias,#fly_melee_imp_hammer
soundalias,#hash_226da01373c24627
soundalias,#vox_solo_end_round2_scar_plr_1_0
soundalias,#hash_2283cbfbc6b9e736
soundalias,#hash_2283de655e711908
soundalias,#vox_revive_self_plr_2_2
soundalias,#vox_revive_self_plr_2_0
soundalias,#vox_revive_self_plr_2_1
soundalias,#zmb_vapor_dyingwish_lp
soundalias,#vox_bof1_exert_rad_end
soundalias,#phy_impact_wood_flesh
soundalias,#hash_22dbce472ee3015b
soundalias,#hash_22e4054b05c95b88
soundalias,#hash_22e45f12bb95d04e
soundalias,#hash_22f0275e647e01e8
soundalias,#hash_22f1026b321ace65
soundalias,#vox_kill_melee_plr_2_9
soundalias,#vox_kill_melee_plr_2_8
soundalias,#vox_kill_melee_plr_2_5
soundalias,#vox_kill_melee_plr_2_4
soundalias,#vox_kill_melee_plr_2_7
soundalias,#vox_kill_melee_plr_2_6
soundalias,#vox_kill_melee_plr_2_1
soundalias,#vox_kill_melee_plr_2_0
soundalias,#vox_kill_melee_plr_2_3
soundalias,#vox_kill_melee_plr_2_2
soundalias,#wpn_chakram_first_raise_lvl3_npc
soundalias,#hash_22fb6c165aac9059
soundalias,#zmb_crafting_pickup_generic
soundalias,#vox_scepter_kill_plr_3_4
soundalias,#vox_scepter_kill_plr_3_0
soundalias,#vox_scepter_kill_plr_3_1
soundalias,#vox_scepter_kill_plr_3_2
soundalias,#vox_scepter_kill_plr_3_3
soundalias,#hash_23338cb2b8ef2117
soundalias,#hash_23404428f33dad19
soundalias,#fly_step_prone_zdog_wood
soundalias,#phy_impact_zombie_swt
soundalias,#vox_pegasus_ride_waterfall_0_plr_2_0
soundalias,#hash_2369e43b73a484ed
soundalias,#fly_mann_limb_bounce_cloth
soundalias,#hash_237ed3e4a4fd3449
soundalias,#zmb_vocals_zombie_death
soundalias,#zmb_vocals_pegasus_pain
soundalias,#hash_2398d51541c749ee
soundalias,#fly_step_sprint_zdog_glass
soundalias,#vox_ammo_buy_plr_4_1
soundalias,#vox_ammo_buy_plr_4_0
soundalias,#vox_ammo_buy_plr_4_2
soundalias,#hash_23b70a4921e44f50
soundalias,#vox_bop5_exert_burn_dmg
soundalias,#hash_23cd3154cfdf6e95
soundalias,#vox_tedd_exert_sniper_gasp
soundalias,#hash_23e7483164955a17
soundalias,#vox_generic_responses_negative_plr_3_5
soundalias,#vox_generic_responses_negative_plr_3_4
soundalias,#vox_generic_responses_negative_plr_3_7
soundalias,#vox_generic_responses_negative_plr_3_6
soundalias,#vox_generic_responses_negative_plr_3_1
soundalias,#vox_generic_responses_negative_plr_3_0
soundalias,#vox_generic_responses_negative_plr_3_3
soundalias,#vox_generic_responses_negative_plr_3_2
soundalias,#vox_generic_responses_negative_plr_3_9
soundalias,#vox_generic_responses_negative_plr_3_8
soundalias,#fly_step_crouch_run_zdog_paintedmetal
soundalias,#vox_box_arnie_plr_1_0
soundalias,#vox_box_arnie_plr_1_1
soundalias,#vox_box_arnie_plr_1_2
soundalias,#vox_box_arnie_plr_1_3
soundalias,#vox_box_arnie_plr_1_4
soundalias,#hash_24067f2a91e41d3d
soundalias,#vox_bop1_exert_self_heal
soundalias,#hash_2426faf5a7318736
soundalias,#hash_242d04592ac9c01b
soundalias,#hash_242d4dda05399a77
soundalias,#hash_2437150119bdd4cd
soundalias,#vox_5_banter_brun_dieg_plr_3_1
soundalias,#pfx_blood_dripping
soundalias,#hash_2452403ff6a1c545
soundalias,#vox_gegenees_react_first_plr_3_1
soundalias,#vox_gegenees_react_first_plr_3_0
soundalias,#vox_gegenees_react_first_plr_3_2
soundalias,#hash_24654c19f66a10b9
soundalias,#hash_246b0331273b8963
soundalias,#vox_acheron_drink_react_plr_4_0
soundalias,#fly_melee_imp_chakram_npc_metalcar
soundalias,#vox_bop4_exert_concuss
soundalias,#fly_melee_imp_hammer_flesh
soundalias,#vox_plr_3_exert_underwater_emerge_gasp
soundalias,#vox_bop2_exert_gas_cough
soundalias,#evt_egg_crack_swt
soundalias,#hash_24af8554667c6b49
soundalias,#fly_step_crouch_walk_zdog_flesh
soundalias,#zmb_step_spartoi_run_swt
soundalias,#hash_24c84b4dd959785a
soundalias,#wpn_zpear_putaway
soundalias,#zmb_vocals_gegenees_melee_swing
soundalias,#hash_24d7b7428867b4f0
soundalias,#fly_step_crouch_walk_zdog_default
soundalias,#vox_solo_end_round2_dieg_plr_3_0
soundalias,#fly_step_prone_zdog_metalhollow
soundalias,#hash_24eefd2f2e76d686
soundalias,#zmb_vocals_zombie_teardown
soundalias,#hash_2504c23e07770ecb
soundalias,#fly_melee_imp_scepter_flesh
soundalias,#hash_250ed160222d7dd0
soundalias,#hash_25186336e0631b10
soundalias,#hash_25266e5e780e6ac8
soundalias,#vox_barrier_rebuild_plr_2_3
soundalias,#vox_barrier_rebuild_plr_2_2
soundalias,#vox_barrier_rebuild_plr_2_1
soundalias,#vox_barrier_rebuild_plr_2_0
soundalias,#vox_barrier_rebuild_plr_2_4
soundalias,#fly_mann_limb_bounce_gravel
soundalias,#hash_25343ce78e1c9c6c
soundalias,#zmb_portal_open
soundalias,#vox_greek_fire_complete_plr_1_0
soundalias,#vox_bop1_exert_underwater_emerge_breath
soundalias,#fly_melee_imp_galva_npc_metal
soundalias,#wpn_hammer_bolt_explo_swt
soundalias,#vox_plr_4_exert_stabbed
soundalias,#hash_255ad437d8d86657
soundalias,#hash_255ad537d8d8680a
soundalias,#hash_255ad637d8d869bd
soundalias,#hash_255e2eb89fb1d228
soundalias,#vox_bop4_exert_death
soundalias,#evt_egg_crack
soundalias,#vox_plr_3_exert_explo_dead
soundalias,#zmb_vocals_gegenees_pain
soundalias,#hash_25afe488e04ae938
soundalias,#hash_25b57891043eeb47
soundalias,#wpn_zpear_throw_plr
soundalias,#fly_step_run_zdog_bark
soundalias,#hash_25d9e2929f1b7eb0
soundalias,#zmb_spartoi_spear_stab
soundalias,#vox_bop4_exert_sniper_exhale
soundalias,#vox_plr_3_exert_blind
soundalias,#hash_25eb2ecb06922b3e
soundalias,#vox_pegasus_ride_0_plr_4_2
soundalias,#vox_pegasus_ride_0_plr_4_0
soundalias,#vox_pegasus_ride_0_plr_4_1
soundalias,#vox_bop5_exert_rad_start
soundalias,#vox_gaia_rune_circle_react_plr_3_0
soundalias,#hash_2612baeb741d5600
soundalias,#vox_revive_support_scar_plr_4_4
soundalias,#vox_revive_support_scar_plr_4_1
soundalias,#vox_revive_support_scar_plr_4_0
soundalias,#vox_revive_support_scar_plr_4_3
soundalias,#vox_revive_support_scar_plr_4_2
soundalias,#pfx_torch_sm_lp
soundalias,#wpn_generic_wpn_bounce_cushion
soundalias,#fly_step_sprint_zdog_cloth
soundalias,#zmb_vocals_pegasus_intro
soundalias,#vox_dieg_kill_headshot_plr_1_2
soundalias,#vox_dieg_kill_headshot_plr_1_3
soundalias,#vox_dieg_kill_headshot_plr_1_0
soundalias,#vox_dieg_kill_headshot_plr_1_1
soundalias,#vox_dieg_kill_headshot_plr_1_4
soundalias,#vox_box_move_plr_1_2
soundalias,#vox_box_move_plr_1_3
soundalias,#vox_box_move_plr_1_0
soundalias,#vox_box_move_plr_1_1
soundalias,#vox_box_move_plr_1_4
soundalias,#vox_plateau_loss_react_plr_4_0
soundalias,#hash_266abe875511476f
soundalias,#wpn_meteor_flak
soundalias,#vox_pegasus_stun_plr_4_1
soundalias,#vox_pegasus_stun_plr_4_0
soundalias,#vox_pegasus_stun_plr_4_2
soundalias,#zmb_vapor_dyingwish_start
soundalias,#hash_26935699e93f1db7
soundalias,#vox_zomb_pers_death_react_plr_1_0
soundalias,#vox_bop2_exert_razor_wire
soundalias,#vox_plr_2_exert_death_fall
soundalias,#vox_serp_pass_enter_plr_4_1
soundalias,#vox_serp_pass_enter_plr_4_0
soundalias,#vox_serp_pass_enter_plr_4_2
soundalias,#hash_26c12206c8b7d65d
soundalias,#vox_pap_end_react_0_plr_1_0
soundalias,#hash_26efdad6a0045d6d
soundalias,#hash_26f8717dbe9938fe
soundalias,#pfx_crystals
soundalias,#hash_27307cf6fa94ac1f
soundalias,#vox_3_banter_dieg_scar_plr_1_1
soundalias,#zmb_switch_flip_trap_reset
soundalias,#fly_mann_limb_bounce_plastic
soundalias,#vox_tribute_initiate_plr_3_8
soundalias,#vox_tribute_initiate_plr_3_9
soundalias,#vox_tribute_initiate_plr_3_4
soundalias,#vox_tribute_initiate_plr_3_5
soundalias,#vox_tribute_initiate_plr_3_6
soundalias,#vox_tribute_initiate_plr_3_7
soundalias,#vox_tribute_initiate_plr_3_0
soundalias,#vox_tribute_initiate_plr_3_1
soundalias,#vox_tribute_initiate_plr_3_2
soundalias,#vox_tribute_initiate_plr_3_3
soundalias,#hash_27384a9aed0e6481
soundalias,#vox_blac_exert_mant_heavy
soundalias,#fly_mann_limb_bounce_plaster
soundalias,#hash_2744e20c904dcaf0
soundalias,#hash_2753913c06df592c
soundalias,#vox_bop1_exert_gas_cough
soundalias,#hash_275e5553b6cf5aac
soundalias,#fly_melee_imp_scepter_npc_plastic
soundalias,#hash_276a2088190751d9
soundalias,#hash_277d298cf39a2119
soundalias,#vox_tedd_exert_explo_dead
soundalias,#vox_box_launcher_plr_1_1
soundalias,#vox_box_launcher_plr_1_0
soundalias,#vox_box_launcher_plr_1_3
soundalias,#vox_box_launcher_plr_1_2
soundalias,#vox_box_launcher_plr_1_4
soundalias,#hash_27a406ca1cce6b34
soundalias,#hash_27a408ca1cce6e9a
soundalias,#hash_27a409ca1cce704d
soundalias,#vox_5_banter_dieg_shaw_plr_4_0
soundalias,#hash_27aacbd7499ef16a
soundalias,#hash_27af4f102b79c3c0
soundalias,#hash_27b9dcc6ada75bb4
soundalias,#vox_zomb_pers_chaos_react_plr_1_2
soundalias,#vox_zomb_pers_chaos_react_plr_1_1
soundalias,#vox_zomb_pers_chaos_react_plr_1_0
soundalias,#hash_27c02185cabe2640
soundalias,#hash_27c1e5d7dbff24c1
soundalias,#hash_27d65c572028dd08
soundalias,#fly_step_walk_zdog_paper
soundalias,#vox_ballista_stuck_react_plr_1_0
soundalias,#hash_27f12e7284f453c6
soundalias,#hash_27f190e538ad7050
soundalias,#hash_27fed7313de44e58
soundalias,#zmb_death_nohead_blood
soundalias,#vox_plr_3_outro_igc_11_11
soundalias,#hash_282d97c7a651af5a
soundalias,#vox_plr_4_exert_breath_hurt
soundalias,#wpn_chakram_melee_fx_npc
soundalias,#hash_284f0a411f78c07c
soundalias,#hash_2851b65c33ed27e7
soundalias,#hash_28584b77a82fe7d9
soundalias,#hash_28762a5a9e4b571f
soundalias,#hash_288a6a78f8830a52
soundalias,#hash_288a6befcfe526f3
soundalias,#hash_289b15dba7547241
soundalias,#vox_gauntlet_reveal_plr_4_2
soundalias,#vox_gauntlet_reveal_plr_4_0
soundalias,#vox_gauntlet_reveal_plr_4_1
soundalias,#hash_28c988611660ca70
soundalias,#hash_28c989611660cc23
soundalias,#hash_28c98b611660cf89
soundalias,#vox_4_banter_scar_shaw_plr_4_0
soundalias,#hash_28d19706c882d8c3
soundalias,#vox_pegasus_chaos_react_plr_3_0
soundalias,#vox_bop2_exert_death_fall
soundalias,#hash_29073042cf388bda
soundalias,#zmb_earth_seed_take
soundalias,#amb_deep_wind_r
soundalias,#amb_deep_wind_l
soundalias,#hash_291018d20bb10fb2
soundalias,#hash_292337a38fc5c6e6
soundalias,#vox_charon_arena_enter_0_plr_2_0
soundalias,#fly_melee_imp_galva_riot
soundalias,#vox_plr_2_exert_self_heal
soundalias,#vox_bom2_exert_rad_end
soundalias,#vox_scar_kill_headshot_plr_4_1
soundalias,#vox_scar_kill_headshot_plr_4_0
soundalias,#vox_scar_kill_headshot_plr_4_3
soundalias,#vox_scar_kill_headshot_plr_4_2
soundalias,#vox_scar_kill_headshot_plr_4_4
soundalias,#fly_zombie_jumpland_soft
soundalias,#vox_pegasus_los_plr_1_0
soundalias,#wpn_zpear_turret_catch_plr
soundalias,#phy_metal_pan_bounce
soundalias,#hash_29c7aff9e28ddf88
soundalias,#hash_29c7b0f9e28de13b
soundalias,#hash_29c7b1f9e28de2ee
soundalias,#hash_29cf11da1bc61910
soundalias,#hash_29d34dfe70d5327c
soundalias,#vox_prism_rise_react_plr_4_0
soundalias,#hash_29f2a9f49833dfaf
soundalias,#fly_step_run_zdog_gravel
soundalias,#fly_step_sprint_zdog_carpet
soundalias,#vox_pegasus_ride_light_plr_1_2
soundalias,#vox_pegasus_ride_light_plr_1_1
soundalias,#vox_pegasus_ride_light_plr_1_0
soundalias,#hash_2a2a23a72475e869
soundalias,#hash_2a2ac7f134b7cb0f
soundalias,#hash_2a2e94df88aba776
soundalias,#hash_2a31523a0ae484f8
soundalias,#vox_plr_2_exert_blind
soundalias,#vox_terrace_mirror_final_react_plr_1_0
soundalias,#vox_bathhouse_enter_plr_1_2
soundalias,#vox_bathhouse_enter_plr_1_1
soundalias,#vox_bathhouse_enter_plr_1_0
soundalias,#vox_powerup_bonus_plr_4_4
soundalias,#vox_powerup_bonus_plr_4_0
soundalias,#vox_powerup_bonus_plr_4_1
soundalias,#vox_powerup_bonus_plr_4_2
soundalias,#vox_powerup_bonus_plr_4_3
soundalias,#hash_2a4b30f5343f03da
soundalias,#fly_step_prone_zdog_paintedmetal
soundalias,#wpn_generic_wpn_bounce_dirt
soundalias,#hash_2a5705fb818a1b67
soundalias,#zmb_vocals_spartoi_pain
soundalias,#vox_revive_down_plr_3_4
soundalias,#vox_revive_down_plr_3_1
soundalias,#vox_revive_down_plr_3_0
soundalias,#vox_revive_down_plr_3_3
soundalias,#vox_revive_down_plr_3_2
soundalias,#hash_2a6e793295de605f
soundalias,#wpn_chaos_bolt_imp
soundalias,#vox_scepter_ready_plr_2_0
soundalias,#vox_scepter_ready_plr_2_1
soundalias,#vox_scepter_ready_plr_2_2
soundalias,#vox_scepter_ready_plr_2_3
soundalias,#vox_scepter_ready_plr_2_4
soundalias,#wpn_generic_clip_bounce_glass
soundalias,#hash_2aad936970462330
soundalias,#vox_plr_3_exert_burn_dmg
soundalias,#hash_2abbc74b0d21d3f9
soundalias,#vox_box_lmg_plr_2_4
soundalias,#vox_box_lmg_plr_2_0
soundalias,#vox_box_lmg_plr_2_1
soundalias,#vox_box_lmg_plr_2_2
soundalias,#vox_box_lmg_plr_2_3
soundalias,#hash_2adfa98b79668366
soundalias,#hash_2ae342cebb1ba3f1
soundalias,#fly_step_prone_zdog_metalcatprone
soundalias,#vox_plr_3_exert_self_heal
soundalias,#vox_spartoi_kill_plr_4_4
soundalias,#vox_spartoi_kill_plr_4_1
soundalias,#vox_spartoi_kill_plr_4_0
soundalias,#vox_spartoi_kill_plr_4_3
soundalias,#vox_spartoi_kill_plr_4_2
soundalias,#vox_bop5_exert_rad_end
soundalias,#hash_2b2ce304596c11cd
soundalias,#vox_dragon_kill_plr_3_4
soundalias,#vox_dragon_kill_plr_3_3
soundalias,#vox_dragon_kill_plr_3_2
soundalias,#vox_dragon_kill_plr_3_1
soundalias,#vox_dragon_kill_plr_3_0
soundalias,#vox_pegasus_ride_waterfall_plr_4_0
soundalias,#vox_pegasus_ride_waterfall_plr_4_1
soundalias,#vox_pegasus_ride_waterfall_plr_4_2
soundalias,#hash_2b394f251b9ab685
soundalias,#hash_2b3e9902ba3d0282
soundalias,#hash_2b4f03822bdc9869
soundalias,#vox_initial_attack_react_plr_2_0
soundalias,#hash_2b5c72ef4441ab0b
soundalias,#hash_2b67d88ef795d22c
soundalias,#vox_bom3_exert_rad_dmg
soundalias,#vox_shield_piece_pickup_3_plr_2_2
soundalias,#vox_shield_piece_pickup_3_plr_2_1
soundalias,#vox_shield_piece_pickup_3_plr_2_0
soundalias,#hash_2b74cc794bb334d9
soundalias,#hash_2b9b9ae27f099922
soundalias,#hash_2b9cdcb1738afacb
soundalias,#mus_fire_sale
soundalias,#phy_book_bounce
soundalias,#vox_mirror_trail_banter_0_plr_3_0
soundalias,#vox_box_smg_plr_2_4
soundalias,#vox_box_smg_plr_2_3
soundalias,#vox_box_smg_plr_2_2
soundalias,#vox_box_smg_plr_2_1
soundalias,#vox_box_smg_plr_2_0
soundalias,#hash_2be6ede02abf5cfc
soundalias,#vox_ouranos_rune_circle_react_plr_1_0
soundalias,#hash_2bfff78ed4aefdbc
soundalias,#hash_2c1a2b29f89d9c1e
soundalias,#fly_melee_lungealt_knife
soundalias,#vox_box_arnie_plr_2_4
soundalias,#vox_box_arnie_plr_2_3
soundalias,#vox_box_arnie_plr_2_2
soundalias,#vox_box_arnie_plr_2_1
soundalias,#vox_box_arnie_plr_2_0
soundalias,#hash_2c276374e61f80d9
soundalias,#hash_2c353a931f7b6186
soundalias,#hash_2c3c886a5f128a1b
soundalias,#phy_toy_car_bounce
soundalias,#hash_2c455029c498a6fe
soundalias,#vox_sent_artifact_stuck_plr_4_0
soundalias,#hash_2c53f73e0b392ada
soundalias,#hash_2c5d886025eec3c5
soundalias,#vox_5_banter_brun_dieg_plr_2_0
soundalias,#vox_box_tactical_plr_2_4
soundalias,#vox_box_tactical_plr_2_1
soundalias,#vox_box_tactical_plr_2_0
soundalias,#vox_box_tactical_plr_2_3
soundalias,#vox_box_tactical_plr_2_2
soundalias,#vox_plr_3_exert_rad_end
soundalias,#hash_2c81ea0c696b6232
soundalias,#vox_gegenees_react_first_plr_2_0
soundalias,#vox_gegenees_react_first_plr_2_1
soundalias,#vox_amphi_react_first_plr_1_1
soundalias,#vox_amphi_react_first_plr_1_0
soundalias,#vox_amphi_react_first_plr_1_2
soundalias,#hash_2cb99908783105d8
soundalias,#hash_2cc8c6c1b8e764b9
soundalias,#fly_step_sprint_zdog_ice
soundalias,#vox_bof1_exert_rad_dmg
soundalias,#fly_melee_imp_scepter_rock
soundalias,#hash_2d2de7c6c02699d2
soundalias,#hash_2d2ebb39be31994c
soundalias,#fly_mann_limb_bounce_paper
soundalias,#fly_step_crouch_walk_zdog_grass
soundalias,#vox_plr_3_exert_mant_heavy
soundalias,#zmb_water_deactivate
soundalias,#hash_2d87822f312b7e39
soundalias,#fly_mann_limb_bounce_asphalt
soundalias,#hash_2d8f8d79d800431f
soundalias,#hash_2d956dd01a5a8800
soundalias,#fly_melee_imp_galva_cloth
soundalias,#vox_plr_2_exert_breath_hurt
soundalias,#vox_kill_melee_plr_3_4
soundalias,#vox_kill_melee_plr_3_5
soundalias,#vox_kill_melee_plr_3_6
soundalias,#vox_kill_melee_plr_3_7
soundalias,#vox_kill_melee_plr_3_0
soundalias,#vox_kill_melee_plr_3_1
soundalias,#vox_kill_melee_plr_3_2
soundalias,#vox_kill_melee_plr_3_3
soundalias,#vox_kill_melee_plr_3_8
soundalias,#vox_kill_melee_plr_3_9
soundalias,#vox_zomb_pers_stun_plr_3_2
soundalias,#vox_zomb_pers_stun_plr_3_1
soundalias,#vox_zomb_pers_stun_plr_3_0
soundalias,#vox_4_banter_brun_shaw_plr_4_1
soundalias,#vox_bop4_exert_sniper_hold
soundalias,#hash_2dcae1487f158766
soundalias,#hash_2ddfa665da39f449
soundalias,#vox_peg_summon_use_plr_1_1
soundalias,#vox_peg_summon_use_plr_1_0
soundalias,#vox_peg_summon_use_plr_1_3
soundalias,#vox_peg_summon_use_plr_1_2
soundalias,#vox_peg_summon_use_plr_1_4
soundalias,#hash_2dee60bdb03507b7
soundalias,#fly_step_crouch_run_zdog_bodyarmor
soundalias,#hash_2dfa3192317aab20
soundalias,#hash_2dfe7f7f7939c1a7
soundalias,#hash_2e01a9d7debf17d2
soundalias,#wpn_chakram_projectile_lp_swt
soundalias,#vox_plr_2_exert_rad_dmg
soundalias,#zmb_pegasus_aoe_lp
soundalias,#hash_2e38d5b9c9382a71
soundalias,#hash_2e3ad86fbbde47ec
soundalias,#vox_revive_support_shaw_plr_1_2
soundalias,#vox_revive_support_shaw_plr_1_3
soundalias,#vox_revive_support_shaw_plr_1_0
soundalias,#vox_revive_support_shaw_plr_1_1
soundalias,#vox_revive_support_shaw_plr_1_4
soundalias,#vox_elixir_drink_plr_1_1
soundalias,#vox_elixir_drink_plr_1_0
soundalias,#vox_elixir_drink_plr_1_3
soundalias,#vox_elixir_drink_plr_1_2
soundalias,#vox_elixir_drink_plr_1_5
soundalias,#vox_elixir_drink_plr_1_4
soundalias,#vox_elixir_drink_plr_1_7
soundalias,#vox_elixir_drink_plr_1_6
soundalias,#vox_elixir_drink_plr_1_9
soundalias,#vox_elixir_drink_plr_1_8
soundalias,#fly_melee_imp_galva_npc_metalcar
soundalias,#exp_zpear_imp_flux_l
soundalias,#exp_zpear_imp_flux_r
soundalias,#wpn_hammer_jab_elec_plr
soundalias,#hash_2e96fdea97c99d58
soundalias,#hash_2e99a36dce19a803
soundalias,#vox_generic_responses_negative_plr_2_8
soundalias,#vox_generic_responses_negative_plr_2_9
soundalias,#vox_generic_responses_negative_plr_2_4
soundalias,#vox_generic_responses_negative_plr_2_5
soundalias,#vox_generic_responses_negative_plr_2_6
soundalias,#vox_generic_responses_negative_plr_2_7
soundalias,#vox_generic_responses_negative_plr_2_0
soundalias,#vox_generic_responses_negative_plr_2_1
soundalias,#vox_generic_responses_negative_plr_2_2
soundalias,#vox_generic_responses_negative_plr_2_3
soundalias,#phy_milkcrate_bounce
soundalias,#vox_plr_4_exert_punch_give
soundalias,#vox_terrace_mirror_rise_react_plr_3_0
soundalias,#hash_2ed08d7e5686bed6
soundalias,#pfx_fire_trap_rdy
soundalias,#vox_brun_kill_streak_plr_4_3
soundalias,#vox_brun_kill_streak_plr_4_2
soundalias,#vox_brun_kill_streak_plr_4_1
soundalias,#vox_brun_kill_streak_plr_4_0
soundalias,#vox_brun_kill_streak_plr_4_4
soundalias,#amb_hanging_chains
soundalias,#zmb_spartoi_fakedeath_move_lp
soundalias,#wpn_scepter_melee_impact
soundalias,#vox_spartoi_react_first_plr_4_2
soundalias,#vox_spartoi_react_first_plr_4_1
soundalias,#vox_spartoi_react_first_plr_4_0
soundalias,#hash_2f031adb62797530
soundalias,#hash_2f031bdb627976e3
soundalias,#hash_2f031cdb62797896
soundalias,#hash_2f0f235f7f6fc84d
soundalias,#fly_step_crouch_run_zdog_default
soundalias,#vox_surrounded_oh_shit_plr_3_9
soundalias,#vox_surrounded_oh_shit_plr_3_8
soundalias,#vox_surrounded_oh_shit_plr_3_7
soundalias,#vox_surrounded_oh_shit_plr_3_6
soundalias,#vox_surrounded_oh_shit_plr_3_5
soundalias,#vox_surrounded_oh_shit_plr_3_4
soundalias,#vox_surrounded_oh_shit_plr_3_3
soundalias,#vox_surrounded_oh_shit_plr_3_2
soundalias,#vox_surrounded_oh_shit_plr_3_1
soundalias,#vox_surrounded_oh_shit_plr_3_0
soundalias,#hash_2f32917a81f90ba0
soundalias,#mus_play_loop_0
soundalias,#vox_bof3_exert_rad_start
soundalias,#vox_plr_3_exert_rad_start
soundalias,#vox_serp_eagle_free_react_plr_4_0
soundalias,#vox_serp_eagle_free_react_plr_4_1
soundalias,#vox_serp_eagle_free_react_plr_4_2
soundalias,#hash_2f5b570f7b90ee62
soundalias,#vox_temp_apollo_enter_0_plr_2_0
soundalias,#zmb_ai_gegenees_spear_take
soundalias,#zmb_vocals_gegenees_ambient
soundalias,#hash_2f906af4529152ca
soundalias,#fly_step_crouch_run_zdog_gravel
soundalias,#vox_plr_2_exert_underwater_pain
soundalias,#hash_2faaba67ac840556
soundalias,#fly_step_crouch_walk_zdog_fruit
soundalias,#hash_2fbdc4636d2460f1
soundalias,#fly_bowie_impact_npc
soundalias,#vox_plr_1_exert_electro
soundalias,#vox_plr_4_exert_burn_dmg
soundalias,#fly_step_prone_zdog_snow
soundalias,#vox_barrier_rebuild_plr_3_2
soundalias,#vox_barrier_rebuild_plr_3_3
soundalias,#vox_barrier_rebuild_plr_3_0
soundalias,#vox_barrier_rebuild_plr_3_1
soundalias,#vox_barrier_rebuild_plr_3_4
soundalias,#hash_2fe6e1cfe6d482cd
soundalias,#hash_2fecc7c65673fe14
soundalias,#hash_2fecc8c65673ffc7
soundalias,#hash_2fecc9c65674017a
soundalias,#vox_tedd_exert_burn_dead
soundalias,#vox_gauntlet_reveal_plr_3_1
soundalias,#vox_gauntlet_reveal_plr_3_0
soundalias,#vox_gauntlet_reveal_plr_3_2
soundalias,#wpn_scorpion_zombie_lp
soundalias,#vox_ballista_stuck_react_plr_2_0
soundalias,#zmb_hellhound_loop_breath
soundalias,#hash_300feb37df7d786c
soundalias,#hash_300fed37df7d7bd2
soundalias,#hash_300fee37df7d7d85
soundalias,#zmb_vocals_gegenees_shield_attack
soundalias,#vox_powerup_ammo_plr_1_4
soundalias,#vox_powerup_ammo_plr_1_2
soundalias,#vox_powerup_ammo_plr_1_3
soundalias,#vox_powerup_ammo_plr_1_0
soundalias,#vox_powerup_ammo_plr_1_1
soundalias,#fly_step_crouch_run_zdog_dirt
soundalias,#vox_pegasus_chaos_react_plr_4_0
soundalias,#wpn_generic_wpn_bounce_asphalt
soundalias,#evt_bellows_fire
soundalias,#vox_bop4_exert_gas_gag
soundalias,#phy_impact_fruit
soundalias,#fly_step_sprint_zdog_paper
soundalias,#hash_308d13eefe4215e6
soundalias,#vox_plateau_jump_plr_4_2
soundalias,#vox_plateau_jump_plr_4_1
soundalias,#vox_plateau_jump_plr_4_0
soundalias,#wpn_viper_bite_impact
soundalias,#vox_bop5_exert_suppressed
soundalias,#hash_309ccaa2cf6590f1
soundalias,#fly_step_prone_zdog_glassbulletproof
soundalias,#fly_melee_lunge_knife
soundalias,#vox_gaia_rune_circle_react_plr_2_0
soundalias,#hash_30c158da46215d2f
soundalias,#zmb_perks_packa_knuckle_0
soundalias,#zmb_perks_packa_knuckle_1
soundalias,#zmb_hellhound_loop_fire
soundalias,#vox_revive_down_plr_2_4
soundalias,#vox_revive_down_plr_2_0
soundalias,#vox_revive_down_plr_2_1
soundalias,#vox_revive_down_plr_2_2
soundalias,#vox_revive_down_plr_2_3
soundalias,#vox_ballista_shoot_react_plr_4_0
soundalias,#hash_30e00e9ec91a7461
soundalias,#fly_scorpion_idle_claw
soundalias,#hash_30f1c0611adadc58
soundalias,#hash_30f1c1611adade0b
soundalias,#hash_30f1c2611adadfbe
soundalias,#evt_spare_change
soundalias,#vox_3_banter_brun_shaw_plr_2_1
soundalias,#fly_step_walk_zdog_water
soundalias,#hash_312206fe74967bd7
soundalias,#hash_312343edef77b727
soundalias,#hash_3126b098b980b5a3
soundalias,#vox_kill_explo_plr_1_4
soundalias,#vox_kill_explo_plr_1_0
soundalias,#vox_kill_explo_plr_1_1
soundalias,#vox_kill_explo_plr_1_2
soundalias,#vox_kill_explo_plr_1_3
soundalias,#vox_powerup_firesale_plr_3_4
soundalias,#vox_powerup_firesale_plr_3_3
soundalias,#vox_powerup_firesale_plr_3_2
soundalias,#vox_powerup_firesale_plr_3_1
soundalias,#vox_powerup_firesale_plr_3_0
soundalias,#vox_pegasus_react_first_plr_2_1
soundalias,#vox_pegasus_react_first_plr_2_0
soundalias,#vox_pegasus_react_first_plr_2_2
soundalias,#phy_silverware_bounce
soundalias,#vox_box_lmg_plr_1_3
soundalias,#vox_box_lmg_plr_1_2
soundalias,#vox_box_lmg_plr_1_1
soundalias,#vox_box_lmg_plr_1_0
soundalias,#vox_box_lmg_plr_1_4
soundalias,#hash_3150a609d055a88b
soundalias,#vox_plr_4_exert_self_heal
soundalias,#hash_315685483901984c
soundalias,#vox_shield_piece_pickup_2_plr_3_2
soundalias,#vox_shield_piece_pickup_2_plr_3_1
soundalias,#vox_shield_piece_pickup_2_plr_3_0
soundalias,#hash_3160f3646fbb3144
soundalias,#hash_31642472e12e91b6
soundalias,#vox_attacked_zombie_plr_4_8
soundalias,#vox_attacked_zombie_plr_4_9
soundalias,#vox_attacked_zombie_plr_4_4
soundalias,#vox_attacked_zombie_plr_4_5
soundalias,#vox_attacked_zombie_plr_4_6
soundalias,#vox_attacked_zombie_plr_4_7
soundalias,#vox_attacked_zombie_plr_4_0
soundalias,#vox_attacked_zombie_plr_4_1
soundalias,#vox_attacked_zombie_plr_4_2
soundalias,#vox_attacked_zombie_plr_4_3
soundalias,#hash_3166ad457b358dfb
soundalias,#bik_zm_red_pegride_front
soundalias,#fly_step_run_zdog_flesh
soundalias,#hash_31853afc1ad7ea18
soundalias,#vox_oracle_help_resp_plr_2_1
soundalias,#vox_oracle_help_resp_plr_2_0
soundalias,#vox_oracle_help_resp_plr_2_2
soundalias,#zmb_spartoi_spear_swt
soundalias,#vox_solo_game_start_scar_plr_1_0
soundalias,#hash_3195703b0c9c24b9
soundalias,#hash_31995b2656971de0
soundalias,#hash_31995c2656971f93
soundalias,#hash_31995d2656972146
soundalias,#hash_31995e26569722f9
soundalias,#hash_31a9fb6be6fe1013
soundalias,#vox_zombies_awaken_plr_1_0
soundalias,#fly_step_walk_zdog_brick
soundalias,#vox_plr_3_outro_igc_5_5
soundalias,#vox_blac_exert_gas_gag
soundalias,#hash_31e3fd3c1feef6fd
soundalias,#hash_31e90a2e8f036327
soundalias,#hash_31f3b0479d450d5a
soundalias,#vox_box_ar_plr_1_4
soundalias,#vox_box_ar_plr_1_0
soundalias,#vox_box_ar_plr_1_1
soundalias,#vox_box_ar_plr_1_2
soundalias,#vox_box_ar_plr_1_3
soundalias,#vox_pickup_generic_plr_4_8
soundalias,#vox_pickup_generic_plr_4_9
soundalias,#vox_pickup_generic_plr_4_0
soundalias,#vox_pickup_generic_plr_4_1
soundalias,#vox_pickup_generic_plr_4_2
soundalias,#vox_pickup_generic_plr_4_3
soundalias,#vox_pickup_generic_plr_4_4
soundalias,#vox_pickup_generic_plr_4_5
soundalias,#vox_pickup_generic_plr_4_6
soundalias,#vox_pickup_generic_plr_4_7
soundalias,#vox_kill_streak_plr_1_4
soundalias,#vox_kill_streak_plr_1_5
soundalias,#vox_kill_streak_plr_1_6
soundalias,#vox_kill_streak_plr_1_7
soundalias,#vox_kill_streak_plr_1_0
soundalias,#vox_kill_streak_plr_1_1
soundalias,#vox_kill_streak_plr_1_2
soundalias,#vox_kill_streak_plr_1_3
soundalias,#vox_kill_streak_plr_1_8
soundalias,#vox_kill_streak_plr_1_9
soundalias,#wpn_generic_wpn_bounce_glass
soundalias,#hash_320de21d8b9468da
soundalias,#vox_gold_bridle_pickup_0_plr_2_0
soundalias,#zmb_switch_flip
soundalias,#hash_32365d9a3eae9e88
soundalias,#vox_tedd_exert_death_veh_fly
soundalias,#fly_step_prone_zdog_metal
soundalias,#phy_impact_metal_cart
soundalias,#vox_bom3_exert_rad_end
soundalias,#vox_box_smg_plr_3_4
soundalias,#vox_box_smg_plr_3_2
soundalias,#vox_box_smg_plr_3_3
soundalias,#vox_box_smg_plr_3_0
soundalias,#vox_box_smg_plr_3_1
soundalias,#hash_325263666dea3050
soundalias,#vox_hemera_rune_circle_react_plr_1_0
soundalias,#vox_5_banter_dieg_shaw_plr_3_1
soundalias,#fly_step_sprint_zdog_metal
soundalias,#vox_plr_1_exert_bludgeoned
soundalias,#hash_3274d5a6da05a801
soundalias,#vox_mirror_rise_react_plr_4_0
soundalias,#vox_plr_1_exert_death_veh_hit
soundalias,#zmb_perks_packa_upgrade
soundalias,#hash_329003fa3cbc92be
soundalias,#vox_initial_attack_react_plr_3_0
soundalias,#vox_tedd_exert_punch_take
soundalias,#fly_zombie_ground_climbout
soundalias,#wpn_scepter_plant_lp
soundalias,#vox_scepter_ready_plr_1_4
soundalias,#vox_scepter_ready_plr_1_3
soundalias,#vox_scepter_ready_plr_1_2
soundalias,#vox_scepter_ready_plr_1_1
soundalias,#vox_scepter_ready_plr_1_0
soundalias,#vox_plr_4_exert_underwater_air_low
soundalias,#hash_32cb3c7a5c4e9163
soundalias,#vox_shield_piece_pickup_1_plr_1_2
soundalias,#vox_shield_piece_pickup_1_plr_1_0
soundalias,#vox_shield_piece_pickup_1_plr_1_1
soundalias,#zmb_fasttravel_teleport_end_plr
soundalias,#hash_32e24942d523fd95
soundalias,#hash_32e2c6e9b7449114
soundalias,#vox_mirror_trail_banter_0_plr_2_0
soundalias,#mus_fire_sale_end
soundalias,#vox_amphi_enter_plr_1_1
soundalias,#vox_amphi_enter_plr_1_0
soundalias,#vox_amphi_enter_plr_1_2
soundalias,#hash_3331d5e0e935c05f
soundalias,#wpn_hammer_storm_activate
soundalias,#vox_dragon_kill_plr_2_4
soundalias,#vox_dragon_kill_plr_2_2
soundalias,#vox_dragon_kill_plr_2_3
soundalias,#vox_dragon_kill_plr_2_0
soundalias,#vox_dragon_kill_plr_2_1
soundalias,#vox_revive_shaw_plr_2_4
soundalias,#vox_revive_shaw_plr_2_1
soundalias,#vox_revive_shaw_plr_2_0
soundalias,#vox_revive_shaw_plr_2_3
soundalias,#vox_revive_shaw_plr_2_2
soundalias,#hash_3360f981ac697bfe
soundalias,#zmb_fasttravel_teleport_lp_plr
soundalias,#hash_33769a74e9e1a04e
soundalias,#vox_ouranos_hand_kill_first_resp_orac_0
soundalias,#fly_melee_imp_chakram_rock
soundalias,#zmb_fasttravel_teleport_start_npc
soundalias,#vox_shield_piece_pickup_3_plr_3_2
soundalias,#vox_shield_piece_pickup_3_plr_3_0
soundalias,#vox_shield_piece_pickup_3_plr_3_1
soundalias,#hash_339e50753ce9c39b
soundalias,#vox_sent_artifact_stuck_plr_3_0
soundalias,#hash_33b6a998603c309d
soundalias,#hash_33b86d83e7607317
soundalias,#vox_bop2_exert_self_heal
soundalias,#hash_33de302626950d78
soundalias,#wpn_homunculus_throw_plr
soundalias,#hash_33e1e5be84d42bba
soundalias,#vox_sapling_react_first_plr_1_0
soundalias,#vox_charon_arena_enter_0_plr_3_0
soundalias,#vox_dieg_kill_streak_plr_4_3
soundalias,#vox_dieg_kill_streak_plr_4_2
soundalias,#vox_dieg_kill_streak_plr_4_1
soundalias,#vox_dieg_kill_streak_plr_4_0
soundalias,#vox_dieg_kill_streak_plr_4_4
soundalias,#zmb_portal_air_lp
soundalias,#zmb_trap_acid_loop_plr
soundalias,#hash_3422706f7d7bcc36
soundalias,#hash_3422726f7d7bcf9c
soundalias,#hash_3422736f7d7bd14f
soundalias,#hash_3422756f7d7bd4b5
soundalias,#fly_step_walk_zdog_ice
soundalias,#hash_342a3db46674e67a
soundalias,#hash_342a766fba03b232
soundalias,#vox_bom2_exert_rad_dmg
soundalias,#vox_plr_3_exert_rad_dmg
soundalias,#mpl_status_burn_start
soundalias,#vox_plr_2_exert_burn_dmg
soundalias,#zmb_hemera_crystal
soundalias,#hash_3483c8da226a8805
soundalias,#vox_5_banter_brun_shaw_plr_2_1
soundalias,#hash_3492e9b123ea0734
soundalias,#hash_34939cf74f37ebaa
soundalias,#fly_step_walk_zdog_metalcatwalk
soundalias,#evt_ballista_proj
soundalias,#fly_step_run_zdog_glasscar
soundalias,#hash_34d03ee0f1438b63
soundalias,#hash_34d1426dd3b11eb8
soundalias,#vox_plr_1_exert_rad_start
soundalias,#vox_zomb_pers_stun_plr_2_2
soundalias,#vox_zomb_pers_stun_plr_2_0
soundalias,#vox_zomb_pers_stun_plr_2_1
soundalias,#phy_glass_bottle_bounce
soundalias,#vox_plr_4_outro_igc_7_7
soundalias,#vox_generic_responses_negative_plr_1_3
soundalias,#vox_generic_responses_negative_plr_1_2
soundalias,#vox_generic_responses_negative_plr_1_1
soundalias,#vox_generic_responses_negative_plr_1_0
soundalias,#vox_generic_responses_negative_plr_1_7
soundalias,#vox_generic_responses_negative_plr_1_6
soundalias,#vox_generic_responses_negative_plr_1_5
soundalias,#vox_generic_responses_negative_plr_1_4
soundalias,#vox_generic_responses_negative_plr_1_9
soundalias,#vox_generic_responses_negative_plr_1_8
soundalias,#amb_waterfall_close_sml
soundalias,#fly_mann_limb_bounce_rubber
soundalias,#evt_mirror_turn
soundalias,#hash_35413bdf3d48cfa7
soundalias,#zmb_hellhound_spawn
soundalias,#hash_3551c9daf9fc1732
soundalias,#wpn_zpear_turret_set
soundalias,#wpn_generic_clip_bounce_ceramic
soundalias,#vox_revive_self_plr_4_0
soundalias,#vox_revive_self_plr_4_1
soundalias,#vox_revive_self_plr_4_2
soundalias,#hash_35707f4b13c644a1
soundalias,#wpn_scorpion_fire_hold_plr
soundalias,#fly_step_crouch_walk_zdog_mud
soundalias,#hash_358620dadbcee428
soundalias,#hash_358621dadbcee5db
soundalias,#hash_358622dadbcee78e
soundalias,#hash_358623dadbcee941
soundalias,#hash_358626dadbceee5a
soundalias,#vox_bop5_exert_self_heal
soundalias,#vox_gold_bridle_pickup_plr_4_0
soundalias,#vox_gold_bridle_pickup_plr_4_1
soundalias,#vox_gold_bridle_pickup_plr_4_2
soundalias,#vox_plr_4_exert_death_fall
soundalias,#vox_bop5_exert_rad_dmg
soundalias,#zmb_ai_gegenees_sword_swing
soundalias,#hash_35ef50bc7c10427e
soundalias,#vox_3_banter_brun_scar_plr_2_0
soundalias,#vox_scepter_kill_plr_1_2
soundalias,#vox_scepter_kill_plr_1_3
soundalias,#vox_scepter_kill_plr_1_0
soundalias,#vox_scepter_kill_plr_1_1
soundalias,#vox_scepter_kill_plr_1_4
soundalias,#fly_step_sprint_zdog_tallgrass
soundalias,#vox_bop1_exert_concuss
soundalias,#vox_tedd_exert_death
soundalias,#vox_plr_1_exert_death_fall
soundalias,#hash_35fe77df40567d45
soundalias,#hash_35ff2a8a3a043066
soundalias,#vox_terrace_mirror_rise_react_plr_2_0
soundalias,#hash_3614625ba65790bc
soundalias,#hash_3614645ba6579422
soundalias,#hash_3614655ba65795d5
soundalias,#wpn_generic_wpn_bounce_wood
soundalias,#vox_zomb_pers_death_react_plr_3_0
soundalias,#hash_3622f517953ed43e
soundalias,#fly_step_crouch_run_zdog_concrete
soundalias,#wpn_zhield_melee_impact
soundalias,#vox_box_tactical_plr_3_4
soundalias,#vox_box_tactical_plr_3_0
soundalias,#vox_box_tactical_plr_3_1
soundalias,#vox_box_tactical_plr_3_2
soundalias,#vox_box_tactical_plr_3_3
soundalias,#hash_364c98e4ca3d5e9a
soundalias,#hash_364cd5cdbbc66749
soundalias,#hash_365525e6193d1f1e
soundalias,#zmb_hellhound_prespawn
soundalias,#wpn_zhield_melee_impact_victim
soundalias,#fly_step_crouch_walk_zdog_cloth
soundalias,#hash_366d405ed7daeaa0
soundalias,#hash_3675fc89d07c4c0c
soundalias,#evt_bellows_out
soundalias,#vox_anvil_brontes_pickup_plr_4_2
soundalias,#vox_anvil_brontes_pickup_plr_4_1
soundalias,#vox_anvil_brontes_pickup_plr_4_0
soundalias,#vox_bop5_exert_underwater_emerge_gasp
soundalias,#hash_368446c66a3fc8cb
soundalias,#zmb_gaia_hand_float
soundalias,#vox_plr_4_exert_blind
soundalias,#wpn_generic_clip_bounce_paper
soundalias,#vox_plr_2_exert_razor_wire
soundalias,#phy_impact_hard_foliage
soundalias,#vox_ballista_rises_react_plr_4_0
soundalias,#vox_box_arnie_plr_3_4
soundalias,#vox_box_arnie_plr_3_2
soundalias,#vox_box_arnie_plr_3_3
soundalias,#vox_box_arnie_plr_3_0
soundalias,#vox_box_arnie_plr_3_1
soundalias,#hash_36dba64292ce450d
soundalias,#vox_bop5_exert_mant_light
soundalias,#zmb_trap_acid_sizzle_loop_plr
soundalias,#hash_37123f602c9332ba
soundalias,#vox_plr_4_outro_igc_8_8
soundalias,#hash_372c81df781f0287
soundalias,#vox_gaia_rune_circle_react_plr_1_0
soundalias,#fly_melee_imp_hammer_zm_flesh
soundalias,#vox_gegenees_react_first_plr_1_2
soundalias,#vox_gegenees_react_first_plr_1_1
soundalias,#vox_gegenees_react_first_plr_1_0
soundalias,#vox_ballista_stuck_react_plr_3_0
soundalias,#wpn_scepter_melee_impact_swt_plr
soundalias,#vox_bop5_exert_death_fall
soundalias,#hash_376422c69209cc37
soundalias,#hash_376423c69209cdea
soundalias,#hash_3765e25049981166
soundalias,#vox_zeus_eagle_attack_react_plr_1_0
soundalias,#wpn_scepter_sheathe_plr
soundalias,#vox_pegasus_attack_react_plr_1_0
soundalias,#vox_pegasus_attack_react_plr_1_1
soundalias,#vox_pegasus_attack_react_plr_1_2
soundalias,#hash_3791248064be5f0a
soundalias,#vox_ouranos_arena_enter_0_plr_4_0
soundalias,#wpn_scepter_plant_kill
soundalias,#fly_zombie_mantle_fast
soundalias,#hash_37b2309d9c8e0ea5
soundalias,#hash_37b2bf0b37157bf5
soundalias,#zmb_hemera_light_transfer
soundalias,#fly_step_walk_zdog_cloth
soundalias,#fly_mann_limb_bounce_grass
soundalias,#fly_melee_imp_hammer_flesh_npc
soundalias,#vox_plr_2_exert_bludgeoned
soundalias,#fly_step_run_zdog_asphalt
soundalias,#wpn_zpear_turret_throw_npc
soundalias,#zmb_pegasus_aoe_start
soundalias,#vox_oracle_help_resp_plr_3_0
soundalias,#vox_oracle_help_resp_plr_3_1
soundalias,#vox_oracle_help_resp_plr_3_2
soundalias,#fly_step_walk_zdog_rock
soundalias,#vox_barrier_rebuild_plr_4_1
soundalias,#vox_barrier_rebuild_plr_4_0
soundalias,#vox_barrier_rebuild_plr_4_3
soundalias,#vox_barrier_rebuild_plr_4_2
soundalias,#vox_barrier_rebuild_plr_4_4
soundalias,#hash_381306926fe6491f
soundalias,#vox_gauntlet_reveal_plr_2_0
soundalias,#vox_gauntlet_reveal_plr_2_1
soundalias,#vox_gauntlet_reveal_plr_2_2
soundalias,#hash_382b409a835eba84
soundalias,#hash_38379721ee659f1e
soundalias,#hash_383f6a5ac94d1fbf
soundalias,#vox_rune_trail_banter_0_plr_1_0
soundalias,#fly_step_sprint_zdog_snow
soundalias,#vox_bop1_exert_sniper_hold
soundalias,#wpn_generic_clip_bounce_rock
soundalias,#vox_5_banter_scar_shaw_plr_4_0
soundalias,#vox_kill_streak_plr_2_9
soundalias,#vox_kill_streak_plr_2_8
soundalias,#vox_kill_streak_plr_2_3
soundalias,#vox_kill_streak_plr_2_2
soundalias,#vox_kill_streak_plr_2_1
soundalias,#vox_kill_streak_plr_2_0
soundalias,#vox_kill_streak_plr_2_7
soundalias,#vox_kill_streak_plr_2_6
soundalias,#vox_kill_streak_plr_2_5
soundalias,#vox_kill_streak_plr_2_4
soundalias,#wpn_viper_melee_swing_double_plr
soundalias,#hash_3875fec910bd2928
soundalias,#vox_plr_2_exert_rad_end
soundalias,#vox_bop4_exert_death_fall
soundalias,#wpn_generic_wpn_bounce_paintedmetal
soundalias,#fly_step_prone_zdog_cushion
soundalias,#vox_shield_piece_pickup_2_plr_2_2
soundalias,#vox_shield_piece_pickup_2_plr_2_0
soundalias,#vox_shield_piece_pickup_2_plr_2_1
soundalias,#wpn_scepter_plant_stop
soundalias,#fly_step_run_zdog_water
soundalias,#fly_step_prone_zdog_glass
soundalias,#hash_38f22e3a9da78821
soundalias,#hash_390aa4c8a2db661d
soundalias,#vox_blac_exert_rad_start
soundalias,#fly_step_crouch_run_zdog_cushion
soundalias,#fly_step_walk_zdog_sand
soundalias,#vox_revive_support_brun_plr_3_4
soundalias,#vox_revive_support_brun_plr_3_0
soundalias,#vox_revive_support_brun_plr_3_1
soundalias,#vox_revive_support_brun_plr_3_2
soundalias,#vox_revive_support_brun_plr_3_3
soundalias,#vox_tedd_exert_underwater_emerge_breath
soundalias,#vox_tribute_initiate_plr_1_8
soundalias,#vox_tribute_initiate_plr_1_9
soundalias,#vox_tribute_initiate_plr_1_2
soundalias,#vox_tribute_initiate_plr_1_3
soundalias,#vox_tribute_initiate_plr_1_0
soundalias,#vox_tribute_initiate_plr_1_1
soundalias,#vox_tribute_initiate_plr_1_6
soundalias,#vox_tribute_initiate_plr_1_7
soundalias,#vox_tribute_initiate_plr_1_4
soundalias,#vox_tribute_initiate_plr_1_5
soundalias,#hash_39439e9dc5619421
soundalias,#hash_394a9cfe79112d79
soundalias,#vox_powerup_firesale_plr_2_4
soundalias,#vox_powerup_firesale_plr_2_2
soundalias,#vox_powerup_firesale_plr_2_3
soundalias,#vox_powerup_firesale_plr_2_0
soundalias,#vox_powerup_firesale_plr_2_1
soundalias,#fly_zombie_jumpland_hard_swt
soundalias,#fly_step_prone_zdog_paper
soundalias,#hash_396f1597d3662c78
soundalias,#hash_397014717ca7373e
soundalias,#fly_scorpion_hiss
soundalias,#hash_3985467e5d2b3131
soundalias,#vox_box_launcher_plr_3_4
soundalias,#vox_box_launcher_plr_3_3
soundalias,#vox_box_launcher_plr_3_2
soundalias,#vox_box_launcher_plr_3_1
soundalias,#vox_box_launcher_plr_3_0
soundalias,#vox_pap_end_react_0_plr_3_0
soundalias,#hash_39ac0584c78a756f
soundalias,#fly_melee_imp_chakram_metalcar
soundalias,#hash_39c2296cc1b913b9
soundalias,#wpn_viper_melee_impact_swt_plr
soundalias,#hash_39d30b7d40892c58
soundalias,#hash_39d3969548550824
soundalias,#hash_39d728b999c0f020
soundalias,#vox_surrounded_oh_shit_plr_2_6
soundalias,#vox_surrounded_oh_shit_plr_2_7
soundalias,#vox_surrounded_oh_shit_plr_2_4
soundalias,#vox_surrounded_oh_shit_plr_2_5
soundalias,#vox_surrounded_oh_shit_plr_2_2
soundalias,#vox_surrounded_oh_shit_plr_2_3
soundalias,#vox_surrounded_oh_shit_plr_2_0
soundalias,#vox_surrounded_oh_shit_plr_2_1
soundalias,#vox_surrounded_oh_shit_plr_2_8
soundalias,#vox_surrounded_oh_shit_plr_2_9
soundalias,#wpn_hammer_slam_elec_npc
soundalias,#phy_impact_metal_metal
soundalias,#hash_39f17b728f579ac6
soundalias,#hash_3a00192f62922210
soundalias,#vox_bop4_exert_punch_give
soundalias,#zmb_vocals_hellhound_ambient_anim
soundalias,#hash_3a180f4c4f1a4d19
soundalias,#amb_waterfall_dist_lrg
soundalias,#zmb_spartoi_spear_swing
soundalias,#vox_plr_1_exert_mant_light
soundalias,#wpn_generic_wpn_bounce_brick
soundalias,#hash_3a5e26183d8b51c1
soundalias,#hash_3a681f400deb121b
soundalias,#hash_3a99f739009a77fa
soundalias,#hash_3a9a7ade1b1e0ee1
soundalias,#zmb_vocals_zombie_death_nohead
soundalias,#hash_3aa1dcc65d190cc3
soundalias,#hash_3aa1ddc65d190e76
soundalias,#hash_3aa1dec65d191029
soundalias,#hash_3abe63d3d32acaa4
soundalias,#vox_initial_attack_react_plr_4_0
soundalias,#zmb_perks_packa_deny
soundalias,#vox_terrace_mirror_stop_react_plr_4_0
soundalias,#hash_3ae2789639d0a5f0
soundalias,#hash_3ae2799639d0a7a3
soundalias,#hash_3ae27b9639d0ab09
soundalias,#hash_3ae27e9639d0b022
soundalias,#hash_3ae27f9639d0b1d5
soundalias,#vox_shield_piece_pickup_3_plr_4_1
soundalias,#vox_shield_piece_pickup_3_plr_4_0
soundalias,#vox_shield_piece_pickup_3_plr_4_2
soundalias,#vox_plr_4_exert_death
soundalias,#vox_plr_1_exert_sniper_gasp
soundalias,#amb_hell_hole
soundalias,#vox_plr_1_exert_self_heal
soundalias,#hash_3b277f4572603015
soundalias,#hash_3b2996dd5aedfb50
soundalias,#vox_2_banter_scar_shaw_plr_1_0
soundalias,#wpn_viper_melee_impact_swt_victim
soundalias,#hash_3b4498972bdd0afe
soundalias,#fly_melee_imp_scepter_plastic
soundalias,#hash_3b59d3c99bac4071
soundalias,#hash_3b5a0ce0edafd094
soundalias,#fly_step_crouch_run_zdog_sand
soundalias,#vox_4_banter_dieg_scar_plr_3_0
soundalias,#fly_melee_imp_galva_rock
soundalias,#vox_revive_shaw_plr_3_4
soundalias,#vox_revive_shaw_plr_3_0
soundalias,#vox_revive_shaw_plr_3_1
soundalias,#vox_revive_shaw_plr_3_2
soundalias,#vox_revive_shaw_plr_3_3
soundalias,#hash_3b86a435479f2bb5
soundalias,#vox_bop5_exert_sniper_exhale
soundalias,#vox_revive_down_plr_1_3
soundalias,#vox_revive_down_plr_1_2
soundalias,#vox_revive_down_plr_1_1
soundalias,#vox_revive_down_plr_1_0
soundalias,#vox_plr_2_exert_underwater_air_low
soundalias,#vox_revive_down_plr_1_4
soundalias,#vox_plr_3_exert_electro
soundalias,#hash_3b8ff9cc19cedb30
soundalias,#hash_3b91b084eadff65e
soundalias,#hash_3b9e51203894dde7
soundalias,#fly_step_walk_zdog_asphalt
soundalias,#hash_3bbc9f29ccd4a1fb
soundalias,#vox_gaia_arena_enter_0_plr_4_0
soundalias,#fly_golden_knife_first_raise
soundalias,#zmb_blocker_debris_lp
soundalias,#hash_3bd27fda262bcdfa
soundalias,#wpn_scepter_melee_plr
soundalias,#vox_blac_exert_pain
soundalias,#vox_kill_explo_plr_2_3
soundalias,#vox_kill_explo_plr_2_2
soundalias,#vox_kill_explo_plr_2_1
soundalias,#vox_kill_explo_plr_2_0
soundalias,#vox_kill_explo_plr_2_4
soundalias,#vox_pegasus_react_first_plr_3_0
soundalias,#vox_pegasus_react_first_plr_3_1
soundalias,#vox_pegasus_react_first_plr_3_2
soundalias,#hash_3bf3dbe329c0568b
soundalias,#hash_3c0dc8688620ea73
soundalias,#zmb_portal_light_lp
soundalias,#hash_3c11c5cb7fafbbb2
soundalias,#hash_3c19e72698ac95d0
soundalias,#hash_3c2c3e9442d79358
soundalias,#vox_amphi_react_first_plr_3_2
soundalias,#vox_amphi_react_first_plr_3_1
soundalias,#vox_amphi_react_first_plr_3_0
soundalias,#vox_revive_brun_plr_3_4
soundalias,#vox_revive_brun_plr_3_0
soundalias,#vox_revive_brun_plr_3_1
soundalias,#vox_revive_brun_plr_3_2
soundalias,#vox_revive_brun_plr_3_3
soundalias,#vox_market_enter_plr_1_0
soundalias,#vox_market_enter_plr_1_1
soundalias,#vox_market_enter_plr_1_2
soundalias,#hash_3c388fe926f0388f
soundalias,#hash_3c592afca5126028
soundalias,#hash_3c5968e07addf50f
soundalias,#vox_plr_4_outro_igc_6_6
soundalias,#hash_3c61bf4e7b20bd38
soundalias,#vox_plr_1_outro_igc_4_4
soundalias,#hash_3c75d4328bdb2dfc
soundalias,#hash_3c7b9b222c1518b3
soundalias,#vox_1_banter_brun_shaw_plr_4_0
soundalias,#hash_3c8efffb52007668
soundalias,#vox_pegasus_death_react_plr_2_0
soundalias,#vox_4_banter_dieg_shaw_plr_3_1
soundalias,#vox_box_ar_plr_2_3
soundalias,#vox_box_ar_plr_2_2
soundalias,#vox_box_ar_plr_2_1
soundalias,#vox_box_ar_plr_2_0
soundalias,#vox_box_ar_plr_2_4
soundalias,#fly_melee_imp_scepter_metalcar
soundalias,#fly_step_crouch_walk_zdog_rock
soundalias,#wpn_viper_melee_swing_double_npc
soundalias,#wpn_chakram_projectile_lp
soundalias,#hash_3cda7b64c5e43336
soundalias,#hash_3ce6fa67371415f0
soundalias,#hash_3ceb4fe0d1617464
soundalias,#hash_3ceb52e0d161797d
soundalias,#vox_box_pistol_plr_1_0
soundalias,#vox_box_pistol_plr_1_1
soundalias,#vox_box_pistol_plr_1_2
soundalias,#vox_box_pistol_plr_1_3
soundalias,#vox_box_pistol_plr_1_4
soundalias,#hash_3cf81bf9f70bc77d
soundalias,#fly_step_crouch_walk_zdog_bark
soundalias,#hash_3d1a74aa3a1ce22f
soundalias,#vox_kill_melee_plr_1_2
soundalias,#vox_kill_melee_plr_1_3
soundalias,#vox_kill_melee_plr_1_0
soundalias,#vox_kill_melee_plr_1_1
soundalias,#vox_kill_melee_plr_1_6
soundalias,#vox_kill_melee_plr_1_7
soundalias,#vox_kill_melee_plr_1_4
soundalias,#vox_kill_melee_plr_1_5
soundalias,#vox_kill_melee_plr_1_8
soundalias,#vox_kill_melee_plr_1_9
soundalias,#hash_3d24b9655233513d
soundalias,#vox_powerup_carpenter_plr_4_4
soundalias,#vox_powerup_carpenter_plr_4_1
soundalias,#vox_powerup_carpenter_plr_4_0
soundalias,#vox_powerup_carpenter_plr_4_3
soundalias,#vox_powerup_carpenter_plr_4_2
soundalias,#vox_magic_box_share_plr_4_3
soundalias,#vox_magic_box_share_plr_4_2
soundalias,#vox_magic_box_share_plr_4_1
soundalias,#vox_magic_box_share_plr_4_0
soundalias,#vox_magic_box_share_plr_4_4
soundalias,#hash_3d661fe1a295c10c
soundalias,#hash_3d675b5319c334b7
soundalias,#vox_plr_2_exert_rad_start
soundalias,#vox_plr_3_exert_punch_take
soundalias,#hash_3d7811c8269d75cf
soundalias,#hash_3d7ba193a917b881
soundalias,#vox_sent_artifact_stuck_plr_2_0
soundalias,#zmb_ai_gegenees_spear_lp_swt
soundalias,#fly_step_crouch_walk_zdog_tallgrass
soundalias,#hash_3d8fef5997663b17
soundalias,#vox_plr_1_exert_underwater_emerge_gasp
soundalias,#hash_3da0420ea00584e8
soundalias,#hash_3da0460ea0058bb4
soundalias,#hash_3da0470ea0058d67
soundalias,#hash_3da0480ea0058f1a
soundalias,#hash_3da0490ea00590cd
soundalias,#fly_melee_imp_galva_plastic
soundalias,#vox_greek_fire_complete_plr_4_0
soundalias,#vox_plr_4_exert_gas_gag
soundalias,#hash_3dd3d455ab107a1e
soundalias,#vox_mirror_trail_banter_0_plr_1_0
soundalias,#wpn_hammer_melee_impact_swt_victim
soundalias,#hash_3df5396258847d29
soundalias,#fly_step_walk_zdog_ceramic
soundalias,#zmb_vocals_zombie_attack_melee
soundalias,#vox_blac_exert_underwater_air_low
soundalias,#hash_3e1cb51f1e4c027a
soundalias,#hash_3e4b8c1799b98793
soundalias,#hash_3e54901956e30c70
soundalias,#hash_3e62626113c18af9
soundalias,#vox_bop5_exert_punch_take
soundalias,#zmb_hemera_proj
soundalias,#mpl_status_burn_end
soundalias,#hash_3ea4c30e74942c65
soundalias,#hash_3eab01eef538f70a
soundalias,#hash_3eaf25c84b92c2e1
soundalias,#amb_cave_r
soundalias,#amb_cave_l
soundalias,#vox_dieg_kill_headshot_plr_4_4
soundalias,#vox_dieg_kill_headshot_plr_4_3
soundalias,#vox_dieg_kill_headshot_plr_4_2
soundalias,#vox_dieg_kill_headshot_plr_4_1
soundalias,#vox_dieg_kill_headshot_plr_4_0
soundalias,#vox_bop2_exert_death_veh_under
soundalias,#vox_pegasus_attack_react_plr_2_2
soundalias,#vox_pegasus_attack_react_plr_2_1
soundalias,#vox_pegasus_attack_react_plr_2_0
soundalias,#fly_step_run_zdog_cloth
soundalias,#hash_3ee7d77f646a378d
soundalias,#wpn_generic_wpn_bounce_cloth
soundalias,#hash_3efca867dc76b512
soundalias,#vox_bop4_exert_burn_dead
soundalias,#vox_bop4_exert_sniper_gasp
soundalias,#vox_peg_summon_use_plr_3_4
soundalias,#vox_peg_summon_use_plr_3_3
soundalias,#vox_peg_summon_use_plr_3_2
soundalias,#vox_peg_summon_use_plr_3_1
soundalias,#vox_peg_summon_use_plr_3_0
soundalias,#hash_3f18aebdb9e29581
soundalias,#vox_spartoi_react_plr_1_4
soundalias,#vox_spartoi_react_plr_1_1
soundalias,#vox_spartoi_react_plr_1_0
soundalias,#vox_spartoi_react_plr_1_3
soundalias,#vox_spartoi_react_plr_1_2
soundalias,#hash_3f2007b693c27c10
soundalias,#wpn_hammer_bolt_explo
soundalias,#hash_3f2febc0250ace29
soundalias,#wpn_generic_wpn_bounce_carpet
soundalias,#hash_3f359e0c90ea70ee
soundalias,#fly_step_sprint_zdog_gravel
soundalias,#hash_3f466cfb8195da90
soundalias,#fly_melee_imp_scepter_riot
soundalias,#fly_step_crouch_run_zdog_glassbulletproof
soundalias,#hash_3f6858ef82b8b066
soundalias,#hash_3f6bf7f6cd5e624c
soundalias,#hash_3f6bf8f6cd5e63ff
soundalias,#vox_tedd_exert_gas_gasp
soundalias,#amb_waterfall_med_lrg
soundalias,#vox_bop5_exert_gas_gag
soundalias,#wpn_zhield_melee_swing_npc
soundalias,#vox_zeus_eagle_attack_react_plr_2_0
soundalias,#hash_3fa09c7acb091dc7
soundalias,#phy_impact_wood_hard
soundalias,#zmb_vocals_zombie_mutate
soundalias,#zmb_altar_danu_palm_lp
soundalias,#hash_3fbc22745dc90009
soundalias,#hash_3fc47e14a55e5bbc
soundalias,#vox_bop1_exert_razor_wire
soundalias,#vox_zomb_pers_death_react_plr_2_0
soundalias,#zmb_step_spartoi_sprint_default
soundalias,#fly_step_sprint_zdog_concrete
soundalias,#hash_402d4a87b58810d5
soundalias,#hash_40317c908287dc4c
soundalias,#hash_403975f99dc44ca4
soundalias,#hash_403ba8c0b5d62e30
soundalias,#hash_4041f4afad333e1e
soundalias,#vox_plr_4_exert_underwater_emerge_breath
soundalias,#hash_405207468549341c
soundalias,#vox_chakram_kill_mult_plr_2_4
soundalias,#vox_chakram_kill_mult_plr_2_1
soundalias,#vox_chakram_kill_mult_plr_2_0
soundalias,#vox_chakram_kill_mult_plr_2_3
soundalias,#vox_chakram_kill_mult_plr_2_2
soundalias,#vox_rune_trail_banter_0_plr_2_0
soundalias,#vox_box_move_plr_4_4
soundalias,#vox_box_move_plr_4_3
soundalias,#vox_box_move_plr_4_2
soundalias,#vox_box_move_plr_4_1
soundalias,#vox_box_move_plr_4_0
soundalias,#hash_4081f86f16c90f9a
soundalias,#hash_4086389ce7de4a81
soundalias,#phy_impact_robot_gib
soundalias,#hash_408c249d1188012a
soundalias,#hash_408d03c3618bff24
soundalias,#hash_409aacc54a1939d1
soundalias,#vox_3_banter_brun_scar_plr_1_1
soundalias,#vox_plr_1_exert_burn_dmg
soundalias,#fly_melee_imp_chakram_npc_glass
soundalias,#vox_3_banter_dieg_shaw_plr_3_1
soundalias,#vox_mid_igc_0_plr_4_0
soundalias,#wpn_scorpion_projectile_lp
soundalias,#vox_4_banter_brun_scar_plr_2_1
soundalias,#hash_40e3c7e9bc9f68df
soundalias,#vox_plr_2_exert_pain
soundalias,#hash_40e8e3be1a559184
soundalias,#vox_pap_end_react_0_plr_2_0
soundalias,#hash_40f93f81c44b9e40
soundalias,#zmb_chaos_break_swt
soundalias,#fly_zombie_jumpland_hard
soundalias,#fly_step_prone_zdog_plaster
soundalias,#phy_impact_wood_wood
soundalias,#hash_4125f996df00a018
soundalias,#fly_dog_step_run_default
soundalias,#hash_4129cf9133e09d53
soundalias,#vox_plr_1_exert_underwater_emerge_breath
soundalias,#fly_step_prone_zdog_plastic
soundalias,#zmb_buyable_gate
soundalias,#vox_plr_3_exert_mant_light
soundalias,#vox_hammer_kill_plr_1_4
soundalias,#vox_hammer_kill_plr_1_0
soundalias,#vox_hammer_kill_plr_1_1
soundalias,#vox_hammer_kill_plr_1_2
soundalias,#vox_hammer_kill_plr_1_3
soundalias,#vox_elixir_drink_plr_3_9
soundalias,#vox_elixir_drink_plr_3_8
soundalias,#vox_elixir_drink_plr_3_7
soundalias,#vox_elixir_drink_plr_3_6
soundalias,#vox_elixir_drink_plr_3_5
soundalias,#vox_elixir_drink_plr_3_4
soundalias,#vox_elixir_drink_plr_3_3
soundalias,#vox_elixir_drink_plr_3_2
soundalias,#vox_elixir_drink_plr_3_1
soundalias,#vox_elixir_drink_plr_3_0
soundalias,#hash_41517b15c6c56e59
soundalias,#fly_mann_limb_bounce_foliage
soundalias,#vox_tedd_exert_rad_start
soundalias,#fly_step_sprint_zdog_foliage
soundalias,#fly_step_crouch_run_zdog_fruit
soundalias,#hash_41e54a23702498e5
soundalias,#hash_41ef3ac6a05aeee3
soundalias,#hash_41f093c660da52b8
soundalias,#hash_41f095c660da561e
soundalias,#hash_41f096c660da57d1
soundalias,#hash_41fe70e9f247be41
soundalias,#hash_42068e9344b63c57
soundalias,#vox_ballista_stuck_react_plr_4_0
soundalias,#hash_4213ae83ae31fd70
soundalias,#zmb_crafting_success
soundalias,#hash_421c0c61248866bc
soundalias,#hash_421c0e6124886a22
soundalias,#hash_421c0f6124886bd5
soundalias,#hash_422b80dd1389acd0
soundalias,#vox_gaia_arena_enter_0_plr_3_0
soundalias,#fly_step_prone_zdog_default
soundalias,#hash_42880967b7a32953
soundalias,#hash_42a0e2c70dd50b92
soundalias,#vox_amphi_enter_plr_3_2
soundalias,#vox_amphi_enter_plr_3_1
soundalias,#vox_amphi_enter_plr_3_0
soundalias,#vox_bop3_exert_death_veh_hit
soundalias,#hash_42cd48e341e803c5
soundalias,#hash_42d34713fed239f2
soundalias,#vox_gauntlet_reveal_plr_1_2
soundalias,#vox_gauntlet_reveal_plr_1_1
soundalias,#vox_gauntlet_reveal_plr_1_0
soundalias,#vox_bop5_exert_sniper_gasp
soundalias,#hash_42d81bbe10aa0489
soundalias,#amb_thunder_dist_strike
soundalias,#vox_blac_exert_gas_gasp
soundalias,#vox_2_banter_brun_shaw_plr_2_1
soundalias,#hash_42efef53d17e020f
soundalias,#fly_step_sprint_zdog_bark
soundalias,#vox_plr_4_exert_punch_take
soundalias,#vox_kill_streak_plr_3_2
soundalias,#vox_kill_streak_plr_3_3
soundalias,#vox_kill_streak_plr_3_0
soundalias,#vox_kill_streak_plr_3_1
soundalias,#vox_kill_streak_plr_3_6
soundalias,#vox_kill_streak_plr_3_7
soundalias,#vox_kill_streak_plr_3_4
soundalias,#vox_kill_streak_plr_3_5
soundalias,#vox_kill_streak_plr_3_8
soundalias,#vox_kill_streak_plr_3_9
soundalias,#hash_4332e54b12b06564
soundalias,#hash_433549ddd805d9bd
soundalias,#hash_43376c821d8f3cef
soundalias,#fly_melee_imp_hammer_glass
soundalias,#hash_4359cbda82766edc
soundalias,#wpn_scepter_melee_impact_victim
soundalias,#hash_43648c14c312bc73
soundalias,#vox_charon_arena_enter_0_plr_1_0
soundalias,#vox_blac_exert_suppressed
soundalias,#fly_step_sprint_zdog_plastic
soundalias,#vox_box_launcher_plr_2_4
soundalias,#vox_box_launcher_plr_2_2
soundalias,#vox_box_launcher_plr_2_3
soundalias,#vox_box_launcher_plr_2_0
soundalias,#vox_box_launcher_plr_2_1
soundalias,#vox_hemera_rune_circle_react_plr_3_0
soundalias,#wpn_generic_clip_bounce_paintedmetal
soundalias,#fly_step_sprint_zdog_plaster
soundalias,#wpn_generic_wpn_bounce_snow
soundalias,#vox_ra_altar_ankh_los_plr_3_0
soundalias,#hash_43afa67fdd3d5468
soundalias,#vox_bop2_exert_electro
soundalias,#hash_43cfbbee98fb0071
soundalias,#wpn_wwgrenade_cocoon_imp
soundalias,#vox_pegasus_los_plr_4_0
soundalias,#vox_3_banter_brun_shaw_plr_4_0
soundalias,#vox_light_pickup_plr_1_0
soundalias,#vox_kill_explo_plr_3_2
soundalias,#vox_kill_explo_plr_3_3
soundalias,#vox_kill_explo_plr_3_0
soundalias,#vox_kill_explo_plr_3_1
soundalias,#vox_kill_explo_plr_3_4
soundalias,#hash_4408c5d6997e0630
soundalias,#vox_bop3_exert_burn_dead
soundalias,#fly_step_crouch_run_zdog_ice
soundalias,#vox_tedd_exert_concuss
soundalias,#fly_step_walk_zdog_snow
soundalias,#vox_box_pistol_plr_2_4
soundalias,#vox_box_pistol_plr_2_3
soundalias,#vox_box_pistol_plr_2_2
soundalias,#vox_box_pistol_plr_2_1
soundalias,#vox_box_pistol_plr_2_0
soundalias,#vox_tedd_exert_death_veh_hit
soundalias,#evt_ra_wall_break
soundalias,#fly_step_sprint_zdog_rock
soundalias,#hash_4450c12a6a4528df
soundalias,#vox_powerup_bonus_plr_1_1
soundalias,#vox_powerup_bonus_plr_1_0
soundalias,#vox_powerup_bonus_plr_1_3
soundalias,#vox_powerup_bonus_plr_1_2
soundalias,#vox_powerup_bonus_plr_1_4
soundalias,#fly_step_crouch_walk_zdog_brick
soundalias,#vox_spear_throw_kill_plr_2_1
soundalias,#vox_spear_throw_kill_plr_2_0
soundalias,#vox_spear_throw_kill_plr_2_2
soundalias,#vox_mirror_rise_react_plr_2_0
soundalias,#hash_44848af090dbba51
soundalias,#hash_4487a8cfa9a5a5da
soundalias,#vox_ra_altar_altered_react_plr_4_0
soundalias,#vox_bop2_exert_explo_dead
soundalias,#hash_44b705b5bfbbb4dc
soundalias,#vox_pegasus_death_react_plr_3_0
soundalias,#phy_impact_hard_soft
soundalias,#hash_44c65adb3b6f2576
soundalias,#wpn_dragon_close_decay
soundalias,#vox_sent_artifact_stuck_plr_1_0
soundalias,#vox_box_ar_plr_3_2
soundalias,#vox_box_ar_plr_3_3
soundalias,#vox_box_ar_plr_3_0
soundalias,#vox_box_ar_plr_3_1
soundalias,#vox_box_ar_plr_3_4
soundalias,#vox_blac_exert_underwater_pain
soundalias,#hash_44d51c9753d17a7a
soundalias,#hash_44d91ed4d3903e3c
soundalias,#vox_plr_3_exert_suppressed
soundalias,#vox_tedd_exert_blind
soundalias,#hash_44fb419c0ec4f639
soundalias,#wpn_hammer_melee_impact_plr
soundalias,#vox_bop4_exert_electro
soundalias,#hash_45110e3b69c3282e
soundalias,#hash_451155be4f9a7eaa
soundalias,#hash_451f13e31c49b4d0
soundalias,#wpn_generic_clip_bounce_flesh
soundalias,#fly_step_walk_zdog_default
soundalias,#fly_melee_imp_galva_npc_glass
soundalias,#vox_pegasus_ride_waterfall_plr_1_1
soundalias,#vox_pegasus_ride_waterfall_plr_1_0
soundalias,#vox_pegasus_ride_waterfall_plr_1_2
soundalias,#wpn_hammer_melee_elec_plr
soundalias,#hash_4572307d016259a6
soundalias,#hash_458647ea6251e886
soundalias,#vox_dieg_surrounded_oh_shit_plr_4_2
soundalias,#vox_dieg_surrounded_oh_shit_plr_4_3
soundalias,#vox_dieg_surrounded_oh_shit_plr_4_0
soundalias,#vox_dieg_surrounded_oh_shit_plr_4_1
soundalias,#vox_dieg_surrounded_oh_shit_plr_4_4
soundalias,#hash_458f9052ae9b894d
soundalias,#fly_mann_limb_bounce_bark
soundalias,#fly_step_sprint_zdog_water
soundalias,#hash_45a859394a1f455f
soundalias,#hash_45a87a32ed98445a
soundalias,#hash_45af39801ff51e40
soundalias,#hash_45af3c801ff52359
soundalias,#hash_45da578907c2942c
soundalias,#zmb_ai_gegenees_spear_throw
soundalias,#hash_45e1aff6d067b934
soundalias,#hash_45e1b0f6d067bae7
soundalias,#hash_45e1b1f6d067bc9a
soundalias,#vox_dieg_kill_streak_plr_2_1
soundalias,#vox_dieg_kill_streak_plr_2_0
soundalias,#vox_dieg_kill_streak_plr_2_3
soundalias,#vox_dieg_kill_streak_plr_2_2
soundalias,#vox_dieg_kill_streak_plr_2_4
soundalias,#vox_bop5_exert_punch_give
soundalias,#vox_plr_3_exert_pain
soundalias,#hash_460f23e0f454e2a9
soundalias,#hash_461ddd3c21ae3a9c
soundalias,#hash_462556cbd2d38d08
soundalias,#vox_zomb_pers_stun_plr_4_0
soundalias,#vox_zomb_pers_stun_plr_4_1
soundalias,#vox_zomb_pers_stun_plr_4_2
soundalias,#hash_4626935765df7206
soundalias,#vox_ouranos_rune_circle_react_plr_4_0
soundalias,#vox_plr_4_exert_death_veh_fly
soundalias,#zmb_spartoi_sword_swt
soundalias,#hash_46536874f4ffe918
soundalias,#hash_46583fd3867f90d7
soundalias,#fly_zombie_mantle_slow
soundalias,#vox_pickup_rocketshield_plr_4_0
soundalias,#vox_pickup_rocketshield_plr_4_1
soundalias,#vox_pickup_rocketshield_plr_4_2
soundalias,#vox_playhouse_trail_banter_0_plr_4_0
soundalias,#hash_469acd4b1d73d26b
soundalias,#vox_chakram_kill_mult_plr_3_4
soundalias,#vox_chakram_kill_mult_plr_3_0
soundalias,#vox_chakram_kill_mult_plr_3_1
soundalias,#vox_chakram_kill_mult_plr_3_2
soundalias,#vox_chakram_kill_mult_plr_3_3
soundalias,#hash_46dae7c29e954ba4
soundalias,#vox_plr_1_exert_breath_hurt
soundalias,#vox_amphi_react_first_plr_2_2
soundalias,#vox_amphi_react_first_plr_2_0
soundalias,#vox_amphi_react_first_plr_2_1
soundalias,#vox_zeus_eagle_attack_react_plr_3_0
soundalias,#vox_market_enter_plr_2_2
soundalias,#vox_market_enter_plr_2_1
soundalias,#vox_market_enter_plr_2_0
soundalias,#hash_46ea8ddf8dcb480e
soundalias,#vox_plr_1_exert_punch_take
soundalias,#hash_46ffb5d9f0cc93bf
soundalias,#vox_temp_apollo_enter_plr_2_1
soundalias,#vox_temp_apollo_enter_plr_2_0
soundalias,#hash_4717c666d8a921e2
soundalias,#vox_terrace_mirror_rise_react_plr_4_0
soundalias,#vox_peg_summon_use_plr_2_4
soundalias,#vox_peg_summon_use_plr_2_2
soundalias,#vox_peg_summon_use_plr_2_3
soundalias,#vox_peg_summon_use_plr_2_0
soundalias,#vox_peg_summon_use_plr_2_1
soundalias,#vox_bop3_exert_rad_start
soundalias,#hash_474d2ea03ea86530
soundalias,#vox_brun_kill_streak_plr_3_0
soundalias,#vox_brun_kill_streak_plr_3_1
soundalias,#vox_brun_kill_streak_plr_3_2
soundalias,#vox_brun_kill_streak_plr_3_3
soundalias,#vox_brun_kill_streak_plr_3_4
soundalias,#vox_blac_exert_gas_cough
soundalias,#wpn_generic_clip_bounce_default
soundalias,#hash_47582f1f5f7e4779
soundalias,#vox_bop4_exert_pain
soundalias,#wpn_hammer_first_raise_lvl3_plr
soundalias,#hash_477e5e37b685fd83
soundalias,#fly_mann_limb_bounce_default
soundalias,#hash_47a2f5879aafc938
soundalias,#fly_step_crouch_run_zdog_glasscar
soundalias,#hash_47aca0d306a8ffdc
soundalias,#hash_47b1d1906537993a
soundalias,#vox_elixir_drink_plr_2_6
soundalias,#vox_elixir_drink_plr_2_7
soundalias,#vox_elixir_drink_plr_2_4
soundalias,#vox_elixir_drink_plr_2_5
soundalias,#vox_elixir_drink_plr_2_2
soundalias,#vox_elixir_drink_plr_2_3
soundalias,#vox_elixir_drink_plr_2_0
soundalias,#vox_elixir_drink_plr_2_1
soundalias,#vox_elixir_drink_plr_2_8
soundalias,#vox_elixir_drink_plr_2_9
soundalias,#vox_plr_3_exert_underwater_pain
soundalias,#vox_plr_1_exert_pain
soundalias,#hash_47f89ff10ff89743
soundalias,#hash_480e1f7a5e8631cb
soundalias,#fly_step_prone_zdog_carpet
soundalias,#vox_box_tactical_plr_1_2
soundalias,#vox_box_tactical_plr_1_3
soundalias,#vox_box_tactical_plr_1_0
soundalias,#vox_box_tactical_plr_1_1
soundalias,#vox_box_tactical_plr_1_4
soundalias,#hash_48545a2446eefd1c
soundalias,#fly_step_run_zdog_metalcar
soundalias,#vox_tedd_exert_pain
soundalias,#fly_step_crouch_run_zdog_watershallow
soundalias,#hash_489109cc61ab6258
soundalias,#hash_48910acc61ab640b
soundalias,#hash_48910bcc61ab65be
soundalias,#hash_48910ccc61ab6771
soundalias,#hash_48910dcc61ab6924
soundalias,#hash_48910ecc61ab6ad7
soundalias,#hash_48910fcc61ab6c8a
soundalias,#vox_plr_4_exert_sniper_hold
soundalias,#fly_step_walk_zdog_watershallow
soundalias,#vox_hammer_kill_plr_2_3
soundalias,#vox_hammer_kill_plr_2_2
soundalias,#vox_hammer_kill_plr_2_1
soundalias,#vox_hammer_kill_plr_2_0
soundalias,#vox_hammer_kill_plr_2_4
soundalias,#fly_step_prone_zdog_metalthin
soundalias,#fly_step_walk_zdog_glassbulletproof
soundalias,#fly_step_walk_zdog_metal
soundalias,#wpn_zhield_fire_npc
soundalias,#wpn_hammer_melee_plr
soundalias,#hash_48e9f010df79bf6b
soundalias,#hash_48fc947e65672a7b
soundalias,#hash_49004317a05df688
soundalias,#hash_490ee8818bb2ea64
soundalias,#hash_49115090fadc0f27
soundalias,#hash_4917791296076e1d
soundalias,#vox_tedd_exert_stabbed
soundalias,#hash_4947f04b2d92c698
soundalias,#hash_495a282fc8b810f5
soundalias,#vox_generic_responses_positive_plr_4_8
soundalias,#vox_generic_responses_positive_plr_4_9
soundalias,#vox_generic_responses_positive_plr_4_2
soundalias,#vox_generic_responses_positive_plr_4_3
soundalias,#vox_generic_responses_positive_plr_4_0
soundalias,#vox_generic_responses_positive_plr_4_1
soundalias,#vox_generic_responses_positive_plr_4_6
soundalias,#vox_generic_responses_positive_plr_4_7
soundalias,#vox_generic_responses_positive_plr_4_4
soundalias,#vox_generic_responses_positive_plr_4_5
soundalias,#hash_496cb67630585a81
soundalias,#zmb_chaos_break_glass
soundalias,#vox_1_banter_scar_shaw_plr_4_1
soundalias,#hash_4978eae5057be225
soundalias,#hash_497d4298ff17357a
soundalias,#hash_497fe8b43d4bbcf7
soundalias,#vox_pegasus_attack_react_plr_3_2
soundalias,#vox_pegasus_attack_react_plr_3_0
soundalias,#vox_pegasus_attack_react_plr_3_1
soundalias,#hash_498d9db47f00d663
soundalias,#hash_4995d012e2df3193
soundalias,#hash_499d5f58bb808122
soundalias,#fly_melee_imp_galva_metalcar
soundalias,#hash_49a7a1d40cf917e8
soundalias,#hash_49a99f39007f7039
soundalias,#hash_49c0129bd571abb9
soundalias,#hash_49c3da536100a9c8
soundalias,#hash_49c63b1bf78af2bc
soundalias,#hash_49c65e9234b3bdf0
soundalias,#hash_49cd45bdc086ce16
soundalias,#hash_49d17300fbc95a4a
soundalias,#vox_shield_piece_pickup_2_plr_4_0
soundalias,#vox_shield_piece_pickup_2_plr_4_1
soundalias,#vox_shield_piece_pickup_2_plr_4_2
soundalias,#zmb_spartoi_death_explo
soundalias,#hash_49d6c167bb6470fb
soundalias,#vox_attacked_zombie_plr_1_1
soundalias,#vox_attacked_zombie_plr_1_0
soundalias,#vox_attacked_zombie_plr_1_3
soundalias,#vox_attacked_zombie_plr_1_2
soundalias,#vox_attacked_zombie_plr_1_5
soundalias,#vox_attacked_zombie_plr_1_4
soundalias,#vox_attacked_zombie_plr_1_7
soundalias,#vox_attacked_zombie_plr_1_6
soundalias,#vox_attacked_zombie_plr_1_9
soundalias,#vox_attacked_zombie_plr_1_8
soundalias,#fly_step_crouch_walk_zdog_asphalt
soundalias,#vox_plr_4_exert_explo_dead
soundalias,#fly_step_crouch_walk_zdog_watershallow
soundalias,#fly_step_prone_zdog_flesh
soundalias,#vox_ballista_shoot_react_plr_1_0
soundalias,#hash_4a35af42af4de3fa
soundalias,#zmb_vocals_hellhound_ambient_loud
soundalias,#vox_revive_support_brun_plr_1_2
soundalias,#vox_revive_support_brun_plr_1_3
soundalias,#vox_revive_support_brun_plr_1_0
soundalias,#vox_revive_support_brun_plr_1_1
soundalias,#vox_revive_support_brun_plr_1_4
soundalias,#vox_plr_3_exert_underwater_emerge_breath
soundalias,#hash_4a4db0e035bd674e
soundalias,#vox_tedd_exert_suppressed
soundalias,#zmb_step_spartoi_sprint_swt
soundalias,#fly_step_sprint_zdog_bodyarmor
soundalias,#hash_4a6c02ebb0aaef31
soundalias,#hash_4a6dec9dcf0f21eb
soundalias,#hash_4a75dfd44b715890
soundalias,#wpn_scepter_melee_impact_swt_victim
soundalias,#phy_impact_hard_wood
soundalias,#fly_melee_imp_hammer_riot
soundalias,#vox_box_sniper_plr_4_4
soundalias,#vox_box_sniper_plr_4_1
soundalias,#vox_box_sniper_plr_4_0
soundalias,#vox_box_sniper_plr_4_3
soundalias,#vox_box_sniper_plr_4_2
soundalias,#hash_4ab6c8f326b512de
soundalias,#fly_step_run_zdog_dirt
soundalias,#vox_hemera_rune_circle_react_plr_2_0
soundalias,#vox_oracle_help_resp_plr_1_2
soundalias,#vox_oracle_help_resp_plr_1_0
soundalias,#vox_oracle_help_resp_plr_1_1
soundalias,#vox_mirror_rise_react_plr_3_0
soundalias,#hash_4b0b0c6354b28654
soundalias,#hash_4b10569ed5261a5c
soundalias,#vox_rune_trail_banter_0_plr_3_0
soundalias,#vox_bop5_exert_death_veh_fly
soundalias,#evt_geg_door_open
soundalias,#hash_4b358bd3931ede8e
soundalias,#fly_melee_imp_chakram
soundalias,#hash_4b4a1df956b94dd8
soundalias,#vox_kill_streak_plr_4_9
soundalias,#vox_kill_streak_plr_4_8
soundalias,#vox_kill_streak_plr_4_1
soundalias,#vox_kill_streak_plr_4_0
soundalias,#vox_kill_streak_plr_4_3
soundalias,#vox_kill_streak_plr_4_2
soundalias,#vox_kill_streak_plr_4_5
soundalias,#vox_kill_streak_plr_4_4
soundalias,#vox_kill_streak_plr_4_7
soundalias,#vox_kill_streak_plr_4_6
soundalias,#vox_shield_piece_pickup_1_plr_4_2
soundalias,#vox_shield_piece_pickup_1_plr_4_1
soundalias,#vox_shield_piece_pickup_1_plr_4_0
soundalias,#vox_kill_explo_plr_4_1
soundalias,#vox_kill_explo_plr_4_0
soundalias,#vox_kill_explo_plr_4_3
soundalias,#vox_kill_explo_plr_4_2
soundalias,#vox_kill_explo_plr_4_4
soundalias,#vox_pegasus_react_first_plr_1_2
soundalias,#vox_pegasus_react_first_plr_1_0
soundalias,#vox_pegasus_react_first_plr_1_1
soundalias,#hash_4b624dad2a08a6cd
soundalias,#fly_step_prone_zdog_watershallow
soundalias,#fly_step_crouch_walk_zdog_sand
soundalias,#hash_4b8f5da922f38e16
soundalias,#hash_4bbc3e03101885c9
soundalias,#hash_4bc2bad985ecbd3f
soundalias,#hash_4bcbabc666c5c2c0
soundalias,#hash_4bcbacc666c5c473
soundalias,#hash_4bcbaec666c5c7d9
soundalias,#vox_plr_3_exert_sniper_exhale
soundalias,#vox_blac_exert_death_veh
soundalias,#zmb_blocker_debris_purchase
soundalias,#vox_zombies_awaken_plr_4_0
soundalias,#vox_mid_igc_1_plr_4_0
soundalias,#hash_4bee60b68c12edf1
soundalias,#hash_4c00064d849209ae
soundalias,#hash_4c08d1414859cc60
soundalias,#zmb_step_spartoi_walk_default
soundalias,#vox_light_pickup_plr_2_0
soundalias,#vox_box_ar_plr_4_1
soundalias,#vox_box_ar_plr_4_0
soundalias,#vox_box_ar_plr_4_3
soundalias,#vox_box_ar_plr_4_2
soundalias,#vox_box_ar_plr_4_4
soundalias,#hash_4c29e41ef47ad9b2
soundalias,#vox_plr_4_exert_mant_light
soundalias,#hash_4c33dd6270ac189a
soundalias,#hash_4c42133fc91d1373
soundalias,#hash_4c436c7624408266
soundalias,#hash_4c73701cb213ceed
soundalias,#fly_step_run_zdog_fruit
soundalias,#vox_bom1_exert_rad_start
soundalias,#hash_4ca81ffc1793c4fd
soundalias,#vox_4_banter_dieg_scar_plr_1_1
soundalias,#hash_4cc85ba1ffa59d0b
soundalias,#hash_4cd2ae6c8be71e9e
soundalias,#hash_4cde391232649006
soundalias,#hash_4ce0d89fd6f88682
soundalias,#vox_gaia_arena_enter_0_plr_2_0
soundalias,#hash_4cf18ee358ca7385
soundalias,#vox_plr_3_exert_gas_gag
soundalias,#vox_apollo_light_react_plr_4_0
soundalias,#vox_bop3_exert_underwater_emerge_breath
soundalias,#vox_amphi_enter_plr_2_2
soundalias,#vox_amphi_enter_plr_2_0
soundalias,#vox_amphi_enter_plr_2_1
soundalias,#vox_revive_shaw_plr_1_2
soundalias,#vox_revive_shaw_plr_1_3
soundalias,#vox_revive_shaw_plr_1_0
soundalias,#vox_revive_shaw_plr_1_1
soundalias,#vox_revive_shaw_plr_1_4
soundalias,#hash_4d8c59e8434e13c0
soundalias,#hash_4d8d4582477aca1b
soundalias,#vox_plr_4_exert_sniper_gasp
soundalias,#hash_4d972c4ea58ca9eb
soundalias,#vox_1_banter_brun_shaw_plr_2_1
soundalias,#wpn_zpear_raise
soundalias,#vox_kill_revenge_plr_4_9
soundalias,#vox_kill_revenge_plr_4_8
soundalias,#vox_kill_revenge_plr_4_5
soundalias,#vox_kill_revenge_plr_4_4
soundalias,#vox_kill_revenge_plr_4_7
soundalias,#vox_kill_revenge_plr_4_6
soundalias,#vox_kill_revenge_plr_4_1
soundalias,#vox_kill_revenge_plr_4_0
soundalias,#vox_kill_revenge_plr_4_3
soundalias,#vox_kill_revenge_plr_4_2
soundalias,#hash_4dba6b9ac80d1ec1
soundalias,#vox_terrace_mirror_stop_react_plr_2_0
soundalias,#hash_4dc10c417b2d65ce
soundalias,#hash_4dc90b0a7990f309
soundalias,#hash_4dd7e4d5320a2bc3
soundalias,#wpn_scorpion_fire_plr_lfe
soundalias,#vox_bop4_exert_underwater_emerge_gasp
soundalias,#hash_4e0f49a6de027614
soundalias,#fly_step_run_zdog_cushion
soundalias,#vox_gold_bridle_pickup_plr_1_1
soundalias,#vox_gold_bridle_pickup_plr_1_0
soundalias,#vox_gold_bridle_pickup_plr_1_2
soundalias,#zmb_oura_feather_complete
soundalias,#vox_gold_spear_pickup_plr_4_0
soundalias,#hash_4e2d16bd4ae0c8d1
soundalias,#vox_market_enter_plr_3_2
soundalias,#vox_market_enter_plr_3_0
soundalias,#vox_market_enter_plr_3_1
soundalias,#fly_step_run_zdog_ceramic
soundalias,#amb_waterfall_close
soundalias,#hash_4e4c99e3ade761ff
soundalias,#vox_spear_throw_kill_plr_3_0
soundalias,#vox_spear_throw_kill_plr_3_1
soundalias,#vox_spear_throw_kill_plr_3_2
soundalias,#vox_ra_altar_ankh_los_plr_2_0
soundalias,#wpn_viper_melee_retract_double_npc
soundalias,#vox_ra_altar_altered_react_plr_3_0
soundalias,#vox_scepter_kill_plr_4_4
soundalias,#vox_scepter_kill_plr_4_3
soundalias,#vox_scepter_kill_plr_4_2
soundalias,#vox_scepter_kill_plr_4_1
soundalias,#vox_scepter_kill_plr_4_0
soundalias,#vox_magic_box_share_plr_2_1
soundalias,#vox_magic_box_share_plr_2_0
soundalias,#vox_magic_box_share_plr_2_3
soundalias,#vox_magic_box_share_plr_2_2
soundalias,#vox_magic_box_share_plr_2_4
soundalias,#vox_tedd_exert_breath_hurt
soundalias,#vox_bop3_exert_punch_take
soundalias,#phy_impact_wood_metal
soundalias,#hash_4e8805c7d4d809c1
soundalias,#hash_4e916bea4aecf6ed
soundalias,#vox_bop1_exert_blind
soundalias,#vox_plr_1_exert_underwater_pain
soundalias,#zmb_vocals_pegasus_ending_start
soundalias,#fly_melee_imp_scepter_npc_rock
soundalias,#hash_4ece88057c2ca9af
soundalias,#hash_4ee4ffe12c6dc572
soundalias,#fly_melee_imp_chakram_flesh
soundalias,#vox_box_pistol_plr_3_4
soundalias,#vox_box_pistol_plr_3_2
soundalias,#vox_box_pistol_plr_3_3
soundalias,#vox_box_pistol_plr_3_0
soundalias,#vox_box_pistol_plr_3_1
soundalias,#vox_scar_surrounded_oh_shit_plr_4_4
soundalias,#vox_scar_surrounded_oh_shit_plr_4_0
soundalias,#vox_scar_surrounded_oh_shit_plr_4_1
soundalias,#vox_scar_surrounded_oh_shit_plr_4_2
soundalias,#vox_scar_surrounded_oh_shit_plr_4_3
soundalias,#vox_plr_3_outro_igc_14_14
soundalias,#vox_ammo_buy_plr_1_0
soundalias,#vox_ammo_buy_plr_1_1
soundalias,#vox_ammo_buy_plr_1_2
soundalias,#vox_revive_brun_plr_1_2
soundalias,#vox_revive_brun_plr_1_3
soundalias,#vox_revive_brun_plr_1_0
soundalias,#vox_revive_brun_plr_1_1
soundalias,#vox_revive_brun_plr_1_4
soundalias,#hash_4f15b954359cc303
soundalias,#vox_plr_4_exert_suppressed
soundalias,#hash_4f378ff1bae02961
soundalias,#zmb_vocals_pegasus_pain_bb
soundalias,#vox_blac_exert_underwater_emerge_breath
soundalias,#vox_tedd_exert_mant_light
soundalias,#vox_zomb_pers_death_react_plr_4_0
soundalias,#hash_4f757a17a366723d
soundalias,#vox_plr_1_exert_underwater_air_low
soundalias,#hash_4f78bd85d9a43e3c
soundalias,#zmb_ai_gegenees_spawn_oneshot
soundalias,#hash_4f8d6d13b1c2f7b4
soundalias,#wpn_chakram_melee_plr
soundalias,#vox_perk_generic_plr_1_5
soundalias,#vox_perk_generic_plr_1_4
soundalias,#vox_perk_generic_plr_1_7
soundalias,#vox_perk_generic_plr_1_6
soundalias,#vox_perk_generic_plr_1_1
soundalias,#vox_perk_generic_plr_1_0
soundalias,#vox_perk_generic_plr_1_3
soundalias,#vox_perk_generic_plr_1_2
soundalias,#vox_perk_generic_plr_1_9
soundalias,#vox_perk_generic_plr_1_8
soundalias,#hash_4fa11f98ec24cf9c
soundalias,#fly_melee_imp_scepter_npc_glass
soundalias,#zmb_vocals_gegenees_death
soundalias,#vox_gegenees_kill_plr_3_4
soundalias,#vox_gegenees_kill_plr_3_1
soundalias,#vox_gegenees_kill_plr_3_0
soundalias,#vox_gegenees_kill_plr_3_3
soundalias,#vox_gegenees_kill_plr_3_2
soundalias,#vox_acheron_drink_react_plr_1_0
soundalias,#vox_revive_dieg_plr_2_4
soundalias,#vox_revive_dieg_plr_2_1
soundalias,#vox_revive_dieg_plr_2_0
soundalias,#vox_revive_dieg_plr_2_3
soundalias,#vox_revive_dieg_plr_2_2
soundalias,#hash_4ffd8ac85d3a7cbb
soundalias,#wpn_scorpion_projectile_charged_sizzle
soundalias,#vox_destroy_rocketshield_plr_4_0
soundalias,#vox_destroy_rocketshield_plr_4_1
soundalias,#vox_destroy_rocketshield_plr_4_2
soundalias,#fly_step_crouch_walk_zdog_bodyarmor
soundalias,#fly_step_run_zdog_ice
soundalias,#hash_502a0297a359206a
soundalias,#hash_502efb03a3c8c1d0
soundalias,#hash_50373780e60052ca
soundalias,#hash_5041c40e78de49e0
soundalias,#vox_plr_2_exert_sniper_gasp
soundalias,#hash_504e6e3f0da7a9df
soundalias,#fly_melee_imp_hammer_npc_metal
soundalias,#hash_5069ed8fdae493ce
soundalias,#zmb_electrocute_zombie_swt
soundalias,#fly_step_run_zdog_default
soundalias,#fly_melee_imp_galva_npc_rock
soundalias,#hash_507f37d60e0add97
soundalias,#hash_50854989891cccfc
soundalias,#hash_50854a89891cceaf
soundalias,#hash_509756d0fbd7b460
soundalias,#hash_509abffc8a3afd07
soundalias,#hash_50d2943c2852a991
soundalias,#vox_plr_1_exert_punch_give
soundalias,#evt_bush_heal
soundalias,#hash_50d808ddc2891cac
soundalias,#vox_treasur_enter_0_plr_2_0
soundalias,#hash_50daf567c473d26d
soundalias,#hash_51230e1015ce6b0e
soundalias,#wpn_viper_bite_activate_npc
soundalias,#vox_boss_arena_exit_plr_3_0
soundalias,#hash_515a4b5c896112e2
soundalias,#hash_515c43642284628b
soundalias,#hash_516083f9ceeab414
soundalias,#hash_516af99064cebfc6
soundalias,#fly_step_walk_zdog_grass
soundalias,#vox_bop3_exert_sniper_gasp
soundalias,#hash_5178a45df9ddf60d
soundalias,#vox_generic_responses_positive_plr_3_1
soundalias,#vox_generic_responses_positive_plr_3_0
soundalias,#vox_generic_responses_positive_plr_3_3
soundalias,#vox_generic_responses_positive_plr_3_2
soundalias,#vox_generic_responses_positive_plr_3_5
soundalias,#vox_generic_responses_positive_plr_3_4
soundalias,#vox_generic_responses_positive_plr_3_7
soundalias,#vox_generic_responses_positive_plr_3_6
soundalias,#vox_generic_responses_positive_plr_3_9
soundalias,#vox_generic_responses_positive_plr_3_8
soundalias,#fly_step_sprint_zdog_glasscar
soundalias,#hash_51923ec42cdda138
soundalias,#vox_zeus_eagle_attack_react_plr_4_0
soundalias,#wpn_zhield_melee_swing_plr
soundalias,#vox_temp_apollo_enter_plr_3_0
soundalias,#vox_temp_apollo_enter_plr_3_1
soundalias,#vox_temp_apollo_enter_plr_3_2
soundalias,#hash_51bc839dd2d03180
soundalias,#fly_melee_imp_chakram_npc_riot
soundalias,#vox_plr_1_exert_blind
soundalias,#vox_bof2_exert_rad_dmg
soundalias,#hash_51de8795c89de25a
soundalias,#vox_plr_3_exert_punch_give
soundalias,#fly_melee_imp_hammer_metal
soundalias,#vox_spartoi_react_plr_3_3
soundalias,#vox_spartoi_react_plr_3_2
soundalias,#vox_spartoi_react_plr_3_1
soundalias,#vox_spartoi_react_plr_3_0
soundalias,#vox_spartoi_react_plr_3_4
soundalias,#vox_plr_2_exert_gas_cough
soundalias,#hash_520663356028c9a4
soundalias,#hash_520664356028cb57
soundalias,#hash_520665356028cd0a
soundalias,#vox_playhouse_enter_plr_1_0
soundalias,#vox_fast_port_react_plr_4_0
soundalias,#vox_shaw_kill_headshot_plr_2_4
soundalias,#vox_shaw_kill_headshot_plr_2_1
soundalias,#vox_shaw_kill_headshot_plr_2_0
soundalias,#vox_shaw_kill_headshot_plr_2_3
soundalias,#vox_shaw_kill_headshot_plr_2_2
soundalias,#zmb_portal_earth_lp
soundalias,#vox_bop1_exert_underwater_emerge_gasp
soundalias,#wpn_hammer_sheathe_npc
soundalias,#hash_52407300ef648e59
soundalias,#fly_step_crouch_run_zdog_glass
soundalias,#hash_524f133197547204
soundalias,#hash_52503fde319886e9
soundalias,#vox_rune_trail_banter_0_plr_4_0
soundalias,#vox_hammer_kill_plr_3_2
soundalias,#vox_hammer_kill_plr_3_3
soundalias,#vox_hammer_kill_plr_3_0
soundalias,#vox_hammer_kill_plr_3_1
soundalias,#vox_hammer_kill_plr_3_4
soundalias,#hash_527affa472c96d3e
soundalias,#vox_bom3_exert_rad_start
soundalias,#hash_527eea74ab1a923e
soundalias,#vox_tribute_initiate_plr_4_9
soundalias,#vox_tribute_initiate_plr_4_8
soundalias,#vox_tribute_initiate_plr_4_7
soundalias,#vox_tribute_initiate_plr_4_6
soundalias,#vox_tribute_initiate_plr_4_5
soundalias,#vox_tribute_initiate_plr_4_4
soundalias,#vox_tribute_initiate_plr_4_3
soundalias,#vox_tribute_initiate_plr_4_2
soundalias,#vox_tribute_initiate_plr_4_1
soundalias,#vox_tribute_initiate_plr_4_0
soundalias,#zmb_fasttravel_teleport_end_npc
soundalias,#phy_impact_soft_flesh
soundalias,#vox_bop1_exert_burn_dmg
soundalias,#zmb_vocals_zombie_sprint
soundalias,#hash_52bb76830aaa9c37
soundalias,#wpn_chaos_bolt_throw
soundalias,#hash_52c2f244c43714a9
soundalias,#hash_52ca892f7e24d838
soundalias,#vox_bop1_exert_gas_gasp
soundalias,#fly_zombie_hand
soundalias,#phy_impact_metal_glass
soundalias,#hash_52e26c9c18279987
soundalias,#hash_52e26d9c18279b3a
soundalias,#hash_52ec679100c77d7c
soundalias,#hash_52ef2f977320c648
soundalias,#hash_530bca9955807e90
soundalias,#wpn_scorpion_fire_npc_lfe
soundalias,#vox_plr_4_exert_underwater_emerge_gasp
soundalias,#wpn_generic_clip_bounce_gravel
soundalias,#vox_viper_dragon_ready_plr_4_4
soundalias,#vox_viper_dragon_ready_plr_4_0
soundalias,#vox_viper_dragon_ready_plr_4_1
soundalias,#vox_viper_dragon_ready_plr_4_2
soundalias,#vox_viper_dragon_ready_plr_4_3
soundalias,#wpn_hammer_electrocution_loop
soundalias,#hash_53ce051a5ea76c76
soundalias,#hash_53d277c8b1114728
soundalias,#hash_53ea8207208023e0
soundalias,#hash_53ea8507208028f9
soundalias,#hash_53f8a70357ec0da8
soundalias,#hash_53feac8b61dd1f65
soundalias,#vox_plr_4_exert_pain
soundalias,#fly_step_prone_zdog_gravel
soundalias,#hash_54180fda77534ccd
soundalias,#vox_4_banter_scar_shaw_plr_1_1
soundalias,#zmb_hellhound_explode
soundalias,#wpn_zhield_melee_ignite
soundalias,#wpn_zhield_melee_burn_lp
soundalias,#fly_step_crouch_walk_zdog_metal
soundalias,#hash_5464a4b510524088
soundalias,#hash_546bb2923f30ce51
soundalias,#hash_546c8c413765b541
soundalias,#vox_gegenees_react_first_0_plr_2_0
soundalias,#vox_plr_3_exert_death_fall
soundalias,#vox_bop4_exert_gas_cough
soundalias,#vox_plr_3_exert_concuss
soundalias,#vox_apollo_light_react_plr_3_0
soundalias,#vox_box_shotgun_plr_1_4
soundalias,#vox_box_shotgun_plr_1_1
soundalias,#vox_box_shotgun_plr_1_0
soundalias,#vox_box_shotgun_plr_1_3
soundalias,#vox_box_shotgun_plr_1_2
soundalias,#hash_54c258a779c04c58
soundalias,#fly_step_crouch_run_zdog_cloth
soundalias,#hash_54f3a1ff24f1ea91
soundalias,#vox_revive_support_dieg_plr_2_4
soundalias,#vox_revive_support_dieg_plr_2_1
soundalias,#vox_revive_support_dieg_plr_2_0
soundalias,#vox_revive_support_dieg_plr_2_3
soundalias,#vox_revive_support_dieg_plr_2_2
soundalias,#vox_terrace_mirror_stop_react_plr_3_0
soundalias,#vox_gaia_arena_enter_0_plr_1_0
soundalias,#vox_bop4_exert_blind
soundalias,#wpn_viper_melee_extend_plr
soundalias,#wpn_hammer_slam_plr
soundalias,#fly_step_run_zdog_paintedmetal
soundalias,#hash_553c8042d558151c
soundalias,#vox_tedd_exert_punch_give
soundalias,#vox_bop2_exert_rad_dmg
soundalias,#hash_5562515e8d18ca4c
soundalias,#hash_5566187d94eab0c0
soundalias,#wpn_chakram_first_raise_lvl3_plr
soundalias,#vox_pegasus_ride_light_plr_4_2
soundalias,#vox_pegasus_ride_light_plr_4_0
soundalias,#vox_pegasus_ride_light_plr_4_1
soundalias,#vox_zomb_pers_pegasus_attack_plr_4_2
soundalias,#vox_zomb_pers_pegasus_attack_plr_4_1
soundalias,#vox_zomb_pers_pegasus_attack_plr_4_0
soundalias,#vox_bathhouse_enter_plr_4_2
soundalias,#vox_bathhouse_enter_plr_4_0
soundalias,#vox_bathhouse_enter_plr_4_1
soundalias,#vox_powerup_bonus_plr_3_4
soundalias,#vox_powerup_bonus_plr_3_3
soundalias,#vox_powerup_bonus_plr_3_2
soundalias,#vox_powerup_bonus_plr_3_1
soundalias,#vox_powerup_bonus_plr_3_0
soundalias,#hash_559e4450889c346f
soundalias,#vox_bop5_exert_explo_dead
soundalias,#fly_step_crouch_run_zdog_wood
soundalias,#vox_ra_altar_altered_react_plr_2_0
soundalias,#vox_plr_2_exert_underwater_emerge_breath
soundalias,#vox_pickup_bowie_plr_4_1
soundalias,#vox_pickup_bowie_plr_4_0
soundalias,#vox_pickup_bowie_plr_4_2
soundalias,#vox_pegasus_death_react_plr_1_0
soundalias,#hash_55f323ffd86c9888
soundalias,#hash_55fbb0328f3f782f
soundalias,#hash_5600b4bffa46c384
soundalias,#phy_impact_metal_foliage
soundalias,#vox_bom1_exert_rad_dmg
soundalias,#fly_melee_imp_chakram_npc_wood
soundalias,#fly_mann_limb_bounce_sand
soundalias,#vox_ammo_buy_plr_2_2
soundalias,#vox_ammo_buy_plr_2_1
soundalias,#vox_ammo_buy_plr_2_0
soundalias,#vox_plr_2_exert_death_veh_fly
soundalias,#vox_market_enter_plr_4_1
soundalias,#vox_market_enter_plr_4_0
soundalias,#vox_market_enter_plr_4_2
soundalias,#hash_5674d8ca7846c4a5
soundalias,#fly_step_walk_zdog_flesh
soundalias,#vox_ra_altar_ankh_los_plr_1_0
soundalias,#vox_spartoi_kill_plr_1_0
soundalias,#vox_spartoi_kill_plr_1_1
soundalias,#vox_spartoi_kill_plr_1_2
soundalias,#vox_spartoi_kill_plr_1_3
soundalias,#vox_spartoi_kill_plr_1_4
soundalias,#vox_pegasus_ride_waterfall_plr_3_2
soundalias,#vox_pegasus_ride_waterfall_plr_3_1
soundalias,#vox_pegasus_ride_waterfall_plr_3_0
soundalias,#pfx_bath_fountain_up
soundalias,#hash_568bf3e596d5f930
soundalias,#vox_dieg_surrounded_oh_shit_plr_2_0
soundalias,#vox_dieg_surrounded_oh_shit_plr_2_1
soundalias,#vox_dieg_surrounded_oh_shit_plr_2_2
soundalias,#vox_dieg_surrounded_oh_shit_plr_2_3
soundalias,#vox_dieg_surrounded_oh_shit_plr_2_4
soundalias,#hash_56cb1f7964412ae2
soundalias,#vox_light_pickup_plr_3_0
soundalias,#wpn_melee_galva
soundalias,#vox_viper_kill_plr_1_4
soundalias,#vox_viper_kill_plr_1_0
soundalias,#vox_viper_kill_plr_1_1
soundalias,#vox_viper_kill_plr_1_2
soundalias,#vox_viper_kill_plr_1_3
soundalias,#fly_step_run_zdog_grass
soundalias,#vox_solo_end_round1_scar_plr_1_0
soundalias,#fly_step_crouch_run_zdog_metalhollow
soundalias,#vox_plr_3_exert_stabbed
soundalias,#hash_57114f2e8a5b2699
soundalias,#hash_57134271b6d5eb2d
soundalias,#vox_nomoney_generic_plr_1_4
soundalias,#vox_nomoney_generic_plr_1_0
soundalias,#vox_nomoney_generic_plr_1_1
soundalias,#vox_nomoney_generic_plr_1_2
soundalias,#vox_nomoney_generic_plr_1_3
soundalias,#vox_acheron_drink_react_plr_2_0
soundalias,#hash_571f48484dfb646b
soundalias,#wpn_generic_clip_bounce_cushion
soundalias,#hash_5747ab3c2b5aeee6
soundalias,#wpn_pegasus_storm_lp
soundalias,#hash_57772d705af87282
soundalias,#hash_578a02c5ffa2126b
soundalias,#hash_579797ce6390ec3b
soundalias,#hash_5797afa332ae6f0b
soundalias,#amb_water_runoff
soundalias,#vox_bop1_exert_bludgeoned
soundalias,#hash_57bdad55111836fa
soundalias,#hash_57c7e3bc2df74195
soundalias,#hash_57d401898cde14a4
soundalias,#hash_57d402898cde1657
soundalias,#hash_57d403898cde180a
soundalias,#wpn_zpear_turret_putaway
soundalias,#hash_57e4fbf6dacd3458
soundalias,#hash_57e4fdf6dacd37be
soundalias,#hash_57e4fef6dacd3971
soundalias,#wpn_hammer_jab_elec_npc
soundalias,#hash_57f7a8a10722c251
soundalias,#zmb_vocals_zombie_taunt_v1
soundalias,#vox_3_banter_brun_dieg_plr_3_0
soundalias,#hash_58192bc650304beb
soundalias,#hash_581b3b27da3ead87
soundalias,#wpn_viper_melee_retract_plr
soundalias,#fly_step_walk_zdog_mud
soundalias,#hash_58399595f5bdc42a
soundalias,#fly_step_run_zdog_paper
soundalias,#vox_blightfather_kill_plr_4_3
soundalias,#vox_blightfather_kill_plr_4_2
soundalias,#vox_blightfather_kill_plr_4_1
soundalias,#vox_blightfather_kill_plr_4_0
soundalias,#vox_blightfather_kill_plr_4_4
soundalias,#fly_melee_imp_hammer_npc_metalcar
soundalias,#hash_5873d8a7c549c041
soundalias,#hash_588047eba8deb34e
soundalias,#fly_step_crouch_walk_zdog_foliage
soundalias,#fly_step_prone_zdog_water
soundalias,#vox_boss_arena_exit_plr_2_0
soundalias,#zmb_vocals_zombie_electrocute
soundalias,#hash_58b60c3d133f7e28
soundalias,#vox_bop1_exert_burn_dead
soundalias,#hash_58d43f9fb8b1ffc1
soundalias,#vox_chakram_kill_mult_plr_1_2
soundalias,#vox_chakram_kill_mult_plr_1_3
soundalias,#vox_chakram_kill_mult_plr_1_0
soundalias,#vox_chakram_kill_mult_plr_1_1
soundalias,#vox_chakram_kill_mult_plr_1_4
soundalias,#vox_pap_pickup_plr_4_4
soundalias,#vox_pap_pickup_plr_4_0
soundalias,#vox_pap_pickup_plr_4_1
soundalias,#vox_pap_pickup_plr_4_2
soundalias,#vox_pap_pickup_plr_4_3
soundalias,#hash_58ee076d75ce7da5
soundalias,#hash_58ef400c43212578
soundalias,#hash_58fcc38c1c4f7d24
soundalias,#vox_kill_melee_plr_4_7
soundalias,#vox_kill_melee_plr_4_6
soundalias,#vox_kill_melee_plr_4_5
soundalias,#vox_kill_melee_plr_4_4
soundalias,#vox_kill_melee_plr_4_3
soundalias,#vox_kill_melee_plr_4_2
soundalias,#vox_kill_melee_plr_4_1
soundalias,#vox_kill_melee_plr_4_0
soundalias,#vox_kill_melee_plr_4_9
soundalias,#vox_kill_melee_plr_4_8
soundalias,#hash_590040ddc7032e94
soundalias,#vox_magic_box_share_plr_3_0
soundalias,#vox_magic_box_share_plr_3_1
soundalias,#vox_magic_box_share_plr_3_2
soundalias,#vox_magic_box_share_plr_3_3
soundalias,#vox_magic_box_share_plr_3_4
soundalias,#hash_594493bdc8c2c760
soundalias,#zmb_spartoi_rebuild_swt
soundalias,#vox_spartoi_react_plr_2_2
soundalias,#vox_spartoi_react_plr_2_3
soundalias,#vox_spartoi_react_plr_2_0
soundalias,#vox_spartoi_react_plr_2_1
soundalias,#vox_spartoi_react_plr_2_4
soundalias,#fly_melee_imp_hammer_npc_plastic
soundalias,#hash_595f458309c973cc
soundalias,#fly_step_walk_zdog_concrete
soundalias,#hash_5967f4485be5bfd6
soundalias,#wpn_generic_clip_bounce_rubber
soundalias,#hash_59860fd1852b2d19
soundalias,#vox_revive_support_scar_plr_2_4
soundalias,#vox_revive_support_scar_plr_2_3
soundalias,#vox_revive_support_scar_plr_2_2
soundalias,#vox_revive_support_scar_plr_2_1
soundalias,#vox_revive_support_scar_plr_2_0
soundalias,#zmb_box_weapon_spin_short
soundalias,#vox_plr_4_exert_bludgeoned
soundalias,#vox_gegenees_kill_plr_2_4
soundalias,#vox_gegenees_kill_plr_2_0
soundalias,#vox_gegenees_kill_plr_2_1
soundalias,#vox_gegenees_kill_plr_2_2
soundalias,#vox_gegenees_kill_plr_2_3
soundalias,#vox_hammer_kill_plr_4_1
soundalias,#vox_hammer_kill_plr_4_0
soundalias,#vox_hammer_kill_plr_4_3
soundalias,#vox_hammer_kill_plr_4_2
soundalias,#vox_hammer_kill_plr_4_4
soundalias,#hash_59dbb3cfebc60a89
soundalias,#vox_crash_land_react_plr_1_0
soundalias,#vox_crash_land_react_plr_1_1
soundalias,#vox_crash_land_react_plr_1_2
soundalias,#hash_59eeee1a21399228
soundalias,#hash_59f15c93815a0687
soundalias,#wpn_chaos_bolt_aoe_elec
soundalias,#fly_step_crouch_walk_zdog_ice
soundalias,#hash_5a0f42ba113a1e1b
soundalias,#vox_4_banter_brun_scar_plr_1_0
soundalias,#vox_brun_kill_streak_plr_1_4
soundalias,#vox_brun_kill_streak_plr_1_2
soundalias,#vox_brun_kill_streak_plr_1_3
soundalias,#vox_brun_kill_streak_plr_1_0
soundalias,#vox_brun_kill_streak_plr_1_1
soundalias,#vox_3_banter_scar_shaw_plr_4_1
soundalias,#hash_5a2ef83564a37993
soundalias,#hash_5a2ef93564a37b46
soundalias,#hash_5a2efa3564a37cf9
soundalias,#hash_5a30947c39f11ca4
soundalias,#wpn_hammer_storm_bolt
soundalias,#hash_5a4a005ac681a695
soundalias,#wpn_generic_wpn_bounce_bark
soundalias,#vox_5_banter_brun_scar_plr_1_0
soundalias,#vox_solo_end_round2_shaw_plr_4_0
soundalias,#hash_5a71ef96c17c8283
soundalias,#phy_impact_soft_metal
soundalias,#hash_5a8184d1f890f17c
soundalias,#vox_venom_trap_active_plr_1_4
soundalias,#vox_venom_trap_active_plr_1_1
soundalias,#vox_venom_trap_active_plr_1_0
soundalias,#vox_venom_trap_active_plr_1_3
soundalias,#vox_venom_trap_active_plr_1_2
soundalias,#fly_step_walk_zdog_plaster
soundalias,#fly_scorpion_first_raise_hiss
soundalias,#hash_5aa45eab2ab681e8
soundalias,#fly_step_walk_zdog_plastic
soundalias,#hash_5ab27086e5a04d18
soundalias,#hash_5ab3f90f703eed52
soundalias,#zmb_spartoi_rebuild_head_spear
soundalias,#hash_5ab96b664239250b
soundalias,#hash_5abec0ae1cc80274
soundalias,#fly_step_walk_zdog_fruit
soundalias,#vox_generic_wall_buy_plr_4_9
soundalias,#vox_generic_wall_buy_plr_4_8
soundalias,#vox_generic_wall_buy_plr_4_5
soundalias,#vox_generic_wall_buy_plr_4_4
soundalias,#vox_generic_wall_buy_plr_4_7
soundalias,#vox_generic_wall_buy_plr_4_6
soundalias,#vox_generic_wall_buy_plr_4_1
soundalias,#vox_generic_wall_buy_plr_4_0
soundalias,#vox_generic_wall_buy_plr_4_3
soundalias,#vox_generic_wall_buy_plr_4_2
soundalias,#hash_5afdef724a12726c
soundalias,#hash_5b010f67c511fec5
soundalias,#vox_vision_mode_enter_plr_4_0
soundalias,#hash_5b1245a92e08f5d8
soundalias,#vox_ammo_low_plr_2_4
soundalias,#vox_ammo_low_plr_2_1
soundalias,#vox_ammo_low_plr_2_0
soundalias,#vox_ammo_low_plr_2_3
soundalias,#vox_ammo_low_plr_2_2
soundalias,#vox_mid_igc_6_plr_4_0
soundalias,#hash_5b1fc7fce1734175
soundalias,#hash_5b212a83adda428f
soundalias,#hash_5b3374cdce8e1865
soundalias,#hash_5b4c5a7ffa12b382
soundalias,#fly_step_crouch_walk_zdog_cushion
soundalias,#evt_ballista_rotate
soundalias,#fly_mann_limb_bounce_flesh
soundalias,#vox_bop1_exert_stabbed
soundalias,#hash_5b959c1af4616c3f
soundalias,#hash_5b997132499ceb4a
soundalias,#vox_bof2_exert_rad_start
soundalias,#phy_impact_metal_wood
soundalias,#wpn_scepter_plant_kill_swt
soundalias,#hash_5bc9e5ae154acfb0
soundalias,#hash_5bcd3088193f642e
soundalias,#hash_5bdfb8591ff7dd84
soundalias,#hash_5bdfb9591ff7df37
soundalias,#hash_5bdfbb591ff7e29d
soundalias,#hash_5be8978544c6ae75
soundalias,#vox_shaw_kill_headshot_plr_3_4
soundalias,#vox_shaw_kill_headshot_plr_3_0
soundalias,#vox_shaw_kill_headshot_plr_3_1
soundalias,#vox_shaw_kill_headshot_plr_3_2
soundalias,#vox_shaw_kill_headshot_plr_3_3
soundalias,#vox_1_banter_dieg_shaw_plr_4_0
soundalias,#fly_step_crouch_walk_zdog_snow
soundalias,#hash_5bf1b2b5ce868b9c
soundalias,#hash_5bfd19fc09294153
soundalias,#evt_cage_drop_open
soundalias,#vox_blac_exert_explo_dead
soundalias,#hash_5c2b3c85b072a73e
soundalias,#vox_ballista_shoot_react_plr_3_0
soundalias,#wpn_generic_wpn_bounce_mud
soundalias,#vox_generic_responses_positive_plr_2_8
soundalias,#vox_generic_responses_positive_plr_2_9
soundalias,#vox_generic_responses_positive_plr_2_0
soundalias,#vox_generic_responses_positive_plr_2_1
soundalias,#vox_generic_responses_positive_plr_2_2
soundalias,#vox_generic_responses_positive_plr_2_3
soundalias,#vox_generic_responses_positive_plr_2_4
soundalias,#vox_generic_responses_positive_plr_2_5
soundalias,#vox_generic_responses_positive_plr_2_6
soundalias,#vox_generic_responses_positive_plr_2_7
soundalias,#hash_5c3dedb2f5939cbc
soundalias,#phy_impact_soft_glass
soundalias,#hash_5c54526d25535e04
soundalias,#hash_5c59a8a1c3e86cf8
soundalias,#zmb_vocals_hellhound_attack_melee
soundalias,#vox_bop3_exert_pain
soundalias,#exp_zpear_imp_lfe
soundalias,#zmb_sentinel_artifact_lp
soundalias,#hash_5c827c8b5d6786d0
soundalias,#vox_bath_trap_active_plr_4_2
soundalias,#vox_bath_trap_active_plr_4_3
soundalias,#vox_bath_trap_active_plr_4_0
soundalias,#vox_bath_trap_active_plr_4_1
soundalias,#vox_bath_trap_active_plr_4_4
soundalias,#vox_playhouse_complete_plr_4_0
soundalias,#hash_5c93bca1c41a073b
soundalias,#fly_melee_imp_hammer_rock
soundalias,#vox_box_lmg_plr_4_4
soundalias,#vox_box_lmg_plr_4_2
soundalias,#vox_box_lmg_plr_4_3
soundalias,#vox_box_lmg_plr_4_0
soundalias,#vox_box_lmg_plr_4_1
soundalias,#vox_bop4_exert_death_veh_under
soundalias,#zmb_venom_spray
soundalias,#vox_attacked_zombie_plr_3_9
soundalias,#vox_attacked_zombie_plr_3_8
soundalias,#vox_attacked_zombie_plr_3_7
soundalias,#vox_attacked_zombie_plr_3_6
soundalias,#vox_attacked_zombie_plr_3_5
soundalias,#vox_attacked_zombie_plr_3_4
soundalias,#vox_attacked_zombie_plr_3_3
soundalias,#vox_attacked_zombie_plr_3_2
soundalias,#vox_attacked_zombie_plr_3_1
soundalias,#vox_attacked_zombie_plr_3_0
soundalias,#vox_apollo_light_react_plr_2_0
soundalias,#vox_bop2_exert_gas_gasp
soundalias,#vox_bof2_exert_rad_end
soundalias,#vox_spartoi_kill_plr_2_4
soundalias,#vox_spartoi_kill_plr_2_3
soundalias,#vox_spartoi_kill_plr_2_2
soundalias,#vox_spartoi_kill_plr_2_1
soundalias,#vox_spartoi_kill_plr_2_0
soundalias,#hash_5cf9d72bd1aa0071
soundalias,#hash_5cfdfc7bb8f0fda2
soundalias,#hash_5d198ba69ef6a1e9
soundalias,#vox_bop2_exert_rad_start
soundalias,#vox_plr_1_exert_concuss
soundalias,#vox_bom1_exert_rad_end
soundalias,#hash_5d3a176d632eb0da
soundalias,#vox_plr_1_exert_gas_gag
soundalias,#hash_5d530f332a80c426
soundalias,#fly_step_run_zdog_tallgrass
soundalias,#vox_viper_kill_plr_2_3
soundalias,#vox_viper_kill_plr_2_2
soundalias,#vox_viper_kill_plr_2_1
soundalias,#vox_viper_kill_plr_2_0
soundalias,#vox_viper_kill_plr_2_4
soundalias,#fly_step_sprint_zdog_flesh
soundalias,#hash_5d7a73d4a214dd96
soundalias,#phy_impact_pool_ball
soundalias,#hash_5dad092f584503eb
soundalias,#vox_hemera_rune_circle_react_plr_4_0
soundalias,#hash_5db70ce3f767bd03
soundalias,#vox_powerup_bonus_plr_2_4
soundalias,#vox_powerup_bonus_plr_2_2
soundalias,#vox_powerup_bonus_plr_2_3
soundalias,#vox_powerup_bonus_plr_2_0
soundalias,#vox_powerup_bonus_plr_2_1
soundalias,#zmb_spartoi_rebuild_spear
soundalias,#hash_5dc4052f9b9557aa
soundalias,#zmb_blocker_powerdoor_purchase
soundalias,#vox_spear_throw_kill_plr_1_2
soundalias,#vox_spear_throw_kill_plr_1_0
soundalias,#vox_spear_throw_kill_plr_1_1
soundalias,#vox_war_sounds_react_plr_2_0
soundalias,#vox_mirror_rise_react_plr_1_0
soundalias,#vox_bop3_exert_gas_cough
soundalias,#vox_ra_altar_altered_react_plr_1_0
soundalias,#zmb_sentinel_artifact_explode
soundalias,#vox_plr_2_exert_sniper_hold
soundalias,#vox_bop1_exert_death_veh_under
soundalias,#vox_dieg_surrounded_oh_shit_plr_1_4
soundalias,#vox_dieg_surrounded_oh_shit_plr_1_3
soundalias,#vox_dieg_surrounded_oh_shit_plr_1_2
soundalias,#vox_dieg_surrounded_oh_shit_plr_1_1
soundalias,#vox_dieg_surrounded_oh_shit_plr_1_0
soundalias,#hash_5e07cc4ee28c44e7
soundalias,#hash_5e11c44ee2948bd4
soundalias,#wpn_hammer_melee_impact_swt
soundalias,#fly_zombie_hand_swt
soundalias,#hash_5e1e162af8490f1d
soundalias,#fly_step_prone_zdog_glasscar
soundalias,#hash_5e56b7fe2e124bbd
soundalias,#fly_step_crouch_walk_zdog_gravel
soundalias,#hash_5e5e7d42f62fb92d
soundalias,#hash_5e5fc609282c18d2
soundalias,#mus_red_roundstart_1_intro
soundalias,#evt_ballista_load
soundalias,#hash_5e93b1a6cba0fb35
soundalias,#vox_pegasus_ride_waterfall_plr_2_0
soundalias,#vox_pegasus_ride_waterfall_plr_2_1
soundalias,#evt_ballista_fire
soundalias,#hash_5ec9c1953513bd3e
soundalias,#vox_plr_2_exert_suppressed
soundalias,#hash_5ef0d556c1c83e4c
soundalias,#hash_5ef0d656c1c83fff
soundalias,#hash_5ef0d856c1c84365
soundalias,#vox_2_banter_brun_dieg_plr_2_1
soundalias,#vox_powerup_nuke_plr_4_2
soundalias,#vox_powerup_nuke_plr_4_3
soundalias,#vox_powerup_nuke_plr_4_0
soundalias,#vox_powerup_nuke_plr_4_1
soundalias,#vox_powerup_nuke_plr_4_4
soundalias,#hash_5f11cf35c7a26267
soundalias,#fly_step_crouch_run_zdog_paper
soundalias,#hash_5f25de3806fc35e1
soundalias,#wpn_viper_bite_activate_plr_lfe
soundalias,#wpn_scorpion_projectile_impact
soundalias,#vox_nomoney_generic_plr_2_3
soundalias,#vox_nomoney_generic_plr_2_2
soundalias,#vox_nomoney_generic_plr_2_1
soundalias,#vox_nomoney_generic_plr_2_0
soundalias,#vox_nomoney_generic_plr_2_4
soundalias,#vox_dieg_kill_streak_plr_1_4
soundalias,#vox_dieg_kill_streak_plr_1_2
soundalias,#vox_dieg_kill_streak_plr_1_3
soundalias,#vox_dieg_kill_streak_plr_1_0
soundalias,#vox_dieg_kill_streak_plr_1_1
soundalias,#vox_acheron_drink_react_plr_3_0
soundalias,#hash_5f5002686176097f
soundalias,#zmb_vocals_hellhound_bite
soundalias,#vox_3_banter_brun_dieg_plr_2_1
soundalias,#hash_5f6b730c30da027d
soundalias,#amb_rain_canvas
soundalias,#vox_bop1_exert_suppressed
soundalias,#vox_bop2_exert_rad_end
soundalias,#hash_5fb3938045de5389
soundalias,#vox_pap_wait_plr_2_1
soundalias,#vox_pap_wait_plr_2_0
soundalias,#vox_pap_wait_plr_2_3
soundalias,#vox_pap_wait_plr_2_2
soundalias,#fly_melee_imp_galva_glass
soundalias,#vox_plr_3_exert_death_veh_hit
soundalias,#zmb_oura_feather_float
soundalias,#vox_charon_hand_kill_first_resp_orac_0
soundalias,#zmb_vocals_hellhound_death
soundalias,#vox_tedd_exert_underwater_emerge_gasp
soundalias,#hash_5fed0c8cb27e5156
soundalias,#hash_5ff26c3886a52a43
soundalias,#hash_600ddf8f26982a1b
soundalias,#hash_601f3ca82269a2df
soundalias,#vox_gold_spear_pickup_plr_2_0
soundalias,#vox_ammo_buy_plr_3_2
soundalias,#vox_ammo_buy_plr_3_0
soundalias,#vox_ammo_buy_plr_3_1
soundalias,#vox_bop5_exert_pain
soundalias,#hash_6043c078f3675169
soundalias,#vox_bop3_exert_death_veh_under
soundalias,#vox_4_banter_brun_shaw_plr_2_0
soundalias,#hash_606d51fe21e749ac
soundalias,#wpn_scorpion_projectile_sizzle
soundalias,#fly_step_run_zdog_metalthin
soundalias,#vox_generic_responses_negative_plr_4_6
soundalias,#vox_generic_responses_negative_plr_4_7
soundalias,#vox_generic_responses_negative_plr_4_4
soundalias,#vox_generic_responses_negative_plr_4_5
soundalias,#vox_generic_responses_negative_plr_4_2
soundalias,#vox_generic_responses_negative_plr_4_3
soundalias,#vox_generic_responses_negative_plr_4_0
soundalias,#vox_generic_responses_negative_plr_4_1
soundalias,#vox_generic_responses_negative_plr_4_8
soundalias,#vox_generic_responses_negative_plr_4_9
soundalias,#vox_plr_1_exert_sniper_hold
soundalias,#phy_impact_soft_wood
soundalias,#hash_60a1b31d1e49dfef
soundalias,#vox_pickup_rocketshield_plr_1_1
soundalias,#vox_pickup_rocketshield_plr_1_0
soundalias,#vox_pickup_rocketshield_plr_1_2
soundalias,#fly_step_walk_zdog_paintedmetal
soundalias,#vox_bop4_exert_self_heal
soundalias,#hash_60c2bcbfecd64847
soundalias,#vox_boss_arena_exit_plr_1_0
soundalias,#hash_60e25a39a1d9295a
soundalias,#vox_gegenees_kill_plr_1_3
soundalias,#vox_gegenees_kill_plr_1_2
soundalias,#vox_gegenees_kill_plr_1_1
soundalias,#vox_gegenees_kill_plr_1_0
soundalias,#vox_gegenees_kill_plr_1_4
soundalias,#vox_gold_bridle_pickup_plr_3_2
soundalias,#vox_gold_bridle_pickup_plr_3_1
soundalias,#vox_gold_bridle_pickup_plr_3_0
soundalias,#fly_step_crouch_run_zdog_metal
soundalias,#hash_6113a80b49757cb9
soundalias,#hash_61150086f42e0ae1
soundalias,#vox_revive_scar_plr_4_4
soundalias,#vox_revive_scar_plr_4_1
soundalias,#vox_revive_scar_plr_4_0
soundalias,#vox_revive_scar_plr_4_3
soundalias,#vox_revive_scar_plr_4_2
soundalias,#fly_step_prone_zdog_mud
soundalias,#vox_plr_3_exert_sniper_hold
soundalias,#phy_impact_soft_foliage
soundalias,#vox_playhouse_enter_plr_3_0
soundalias,#vox_box_tactical_plr_4_4
soundalias,#vox_box_tactical_plr_4_3
soundalias,#vox_box_tactical_plr_4_2
soundalias,#vox_box_tactical_plr_4_1
soundalias,#vox_box_tactical_plr_4_0
soundalias,#vox_bop3_exert_death
soundalias,#wpn_viper_melee_impact_plr
soundalias,#hash_61ab5fc8df884b6c
soundalias,#fly_mann_limb_bounce_brick
soundalias,#fly_step_sprint_zdog_brick
soundalias,#hash_61c057ffadb7a5af
soundalias,#hash_61e0a55df7acf428
soundalias,#phy_impact_metal_barrel
soundalias,#vox_2_banter_brun_scar_plr_1_1
soundalias,#fly_step_walk_zdog_carpet
soundalias,#hash_61fce23c3200375b
soundalias,#hash_61fe324f03dd16d7
soundalias,#vox_bop2_exert_sniper_exhale
soundalias,#hash_62053df0aeefcac5
soundalias,#vox_bop2_exert_sniper_gasp
soundalias,#hash_621b2e6170b08109
soundalias,#fly_step_crouch_run_zdog_rubber
soundalias,#wpn_generic_wpn_bounce_fruit
soundalias,#vox_plr_2_exert_death
soundalias,#vox_bop2_exert_death
soundalias,#hash_62527c2c941c5f22
soundalias,#hash_6263b591090376c6
soundalias,#vox_perk_generic_plr_3_3
soundalias,#vox_perk_generic_plr_3_2
soundalias,#vox_perk_generic_plr_3_1
soundalias,#vox_perk_generic_plr_3_0
soundalias,#vox_perk_generic_plr_3_7
soundalias,#vox_perk_generic_plr_3_6
soundalias,#vox_perk_generic_plr_3_5
soundalias,#vox_perk_generic_plr_3_4
soundalias,#vox_perk_generic_plr_3_9
soundalias,#vox_perk_generic_plr_3_8
soundalias,#hash_627b8c3b335712e3
soundalias,#hash_627c599558a48326
soundalias,#vox_blac_exert_sniper_exhale
soundalias,#wpn_hammer_melee_impact_swt_plr
soundalias,#vox_ballista_shoot_react_plr_2_0
soundalias,#hash_62abf8f91f119ead
soundalias,#vox_generic_responses_positive_plr_1_9
soundalias,#vox_generic_responses_positive_plr_1_8
soundalias,#vox_generic_responses_positive_plr_1_7
soundalias,#vox_generic_responses_positive_plr_1_6
soundalias,#vox_generic_responses_positive_plr_1_5
soundalias,#vox_generic_responses_positive_plr_1_4
soundalias,#vox_generic_responses_positive_plr_1_3
soundalias,#vox_generic_responses_positive_plr_1_2
soundalias,#vox_generic_responses_positive_plr_1_1
soundalias,#vox_generic_responses_positive_plr_1_0
soundalias,#vox_hemera_arena_enter_0_plr_4_0
soundalias,#hash_62bb524c32872dab
soundalias,#hash_62bb554c328732c4
soundalias,#hash_62bb574c3287362a
soundalias,#hash_62bb584c328737dd
soundalias,#hash_62c26d0f2eb9a6ca
soundalias,#fly_dog_melee_victim
soundalias,#vox_temp_apollo_enter_plr_1_2
soundalias,#vox_temp_apollo_enter_plr_1_0
soundalias,#vox_temp_apollo_enter_plr_1_1
soundalias,#fly_step_run_zdog_brick
soundalias,#zmb_altar_zeus_bird_oneshot
soundalias,#vox_bop1_exert_punch_take
soundalias,#fly_melee_imp_galva_npc_cloth
soundalias,#hash_630e468a8a9acbca
soundalias,#vox_plr_1_exert_razor_wire
soundalias,#fly_step_prone_zdog_rubber
soundalias,#vox_tedd_exert_gas_gag
soundalias,#vox_scar_kill_streak_plr_2_3
soundalias,#vox_scar_kill_streak_plr_2_2
soundalias,#vox_scar_kill_streak_plr_2_1
soundalias,#vox_scar_kill_streak_plr_2_0
soundalias,#vox_scar_kill_streak_plr_2_4
soundalias,#vox_oracle_help_resp_plr_4_2
soundalias,#vox_oracle_help_resp_plr_4_1
soundalias,#vox_oracle_help_resp_plr_4_0
soundalias,#hash_636d6777ed3fc946
soundalias,#fly_step_crouch_walk_zdog_glassbulletproof
soundalias,#fly_mann_limb_bounce_ceramic
soundalias,#wpn_scepter_melee_impact_swt
soundalias,#vox_1_banter_scar_shaw_plr_1_0
soundalias,#wpn_scorpion_fire_charged_plr
soundalias,#hash_63ad15fe85235a2d
soundalias,#hash_63b556ddcda83ef6
soundalias,#amb_water_lap
soundalias,#wpn_hammer_electrocution_impact
soundalias,#vox_bath_trap_active_plr_3_1
soundalias,#vox_bath_trap_active_plr_3_0
soundalias,#vox_bath_trap_active_plr_3_3
soundalias,#vox_bath_trap_active_plr_3_2
soundalias,#vox_bath_trap_active_plr_3_4
soundalias,#wpn_hammer_sheathe_plr
soundalias,#hash_63e359413fa0d358
soundalias,#hash_63f3b18564d1391d
soundalias,#vox_mid_igc_2_plr_4_0
soundalias,#vox_attacked_zombie_plr_2_6
soundalias,#vox_attacked_zombie_plr_2_7
soundalias,#vox_attacked_zombie_plr_2_4
soundalias,#vox_attacked_zombie_plr_2_5
soundalias,#vox_attacked_zombie_plr_2_2
soundalias,#vox_attacked_zombie_plr_2_3
soundalias,#vox_attacked_zombie_plr_2_0
soundalias,#vox_attacked_zombie_plr_2_1
soundalias,#vox_attacked_zombie_plr_2_8
soundalias,#vox_attacked_zombie_plr_2_9
soundalias,#hash_641286598a33d4e3
soundalias,#hash_6427ad4c71007e15
soundalias,#vox_bop5_exert_breath_hurt
soundalias,#phy_impact_glass_wood
soundalias,#vox_pegasus_ride_0_0_plr_2_0
soundalias,#vox_revive_support_scar_plr_3_4
soundalias,#vox_revive_support_scar_plr_3_2
soundalias,#vox_revive_support_scar_plr_3_3
soundalias,#vox_revive_support_scar_plr_3_0
soundalias,#vox_revive_support_scar_plr_3_1
soundalias,#vox_cliff_eagle_free_react_0_plr_2_0
soundalias,#fly_step_sprint_zdog_grass
soundalias,#hash_6469d6b70bfbf855
soundalias,#hash_646edc1c9bbfbc69
soundalias,#fly_step_crouch_walk_zdog_metalthin
soundalias,#vox_revive_support_brun_plr_4_4
soundalias,#vox_revive_support_brun_plr_4_3
soundalias,#vox_revive_support_brun_plr_4_2
soundalias,#vox_revive_support_brun_plr_4_1
soundalias,#vox_revive_support_brun_plr_4_0
soundalias,#fly_melee_imp_scepter_npc_metal
soundalias,#hash_647a5830d6408427
soundalias,#hash_647f96cdf0b9fce0
soundalias,#hash_6480ad8abcc4f6ac
soundalias,#hash_6480ae8abcc4f85f
soundalias,#hash_6480b08abcc4fbc5
soundalias,#vox_crash_land_react_plr_2_2
soundalias,#vox_crash_land_react_plr_2_1
soundalias,#vox_crash_land_react_plr_2_0
soundalias,#wpn_dragon_fire_lvl1_plr_lfe
soundalias,#hash_6499f19dddef8a2a
soundalias,#hash_64a0f0fe919f2535
soundalias,#zmb_blocker_powerdoor_lp
soundalias,#vox_plr_1_exert_death_veh_fly
soundalias,#hash_64b57d798715da70
soundalias,#vox_playhouse_complete_plr_3_0
soundalias,#vox_treasur_enter_plr_1_0
soundalias,#vox_treasur_enter_plr_1_1
soundalias,#vox_treasur_enter_plr_1_2
soundalias,#phy_impact_wood_soft
soundalias,#phy_impact_gib
soundalias,#hash_64dc8c3287b2f5f1
soundalias,#vox_blightfather_react_plr_3_4
soundalias,#vox_blightfather_react_plr_3_1
soundalias,#vox_blightfather_react_plr_3_0
soundalias,#vox_blightfather_react_plr_3_3
soundalias,#vox_blightfather_react_plr_3_2
soundalias,#hash_64e3af356b47e888
soundalias,#hash_64e3b1356b47ebee
soundalias,#hash_64e3b2356b47eda1
soundalias,#hash_64e47ed675709294
soundalias,#hash_64f4710fde506b2b
soundalias,#zmb_sentinel_artifact_buildup
soundalias,#vox_plr_3_exert_death_veh_fly
soundalias,#wpn_wwgrenade_explode
soundalias,#vox_bop5_exert_blind
soundalias,#vox_hammer_arges_pickup_plr_4_2
soundalias,#vox_hammer_arges_pickup_plr_4_0
soundalias,#vox_hammer_arges_pickup_plr_4_1
soundalias,#hash_6554399878869ac2
soundalias,#hash_6563f4d176387b90
soundalias,#vox_2_banter_brun_dieg_plr_3_0
soundalias,#vox_bop2_exert_pain
soundalias,#fly_step_prone_zdog_rock
soundalias,#fly_scorpion_idle_strike
soundalias,#hash_657c7b4c30f7fcd3
soundalias,#hash_658ae19813699419
soundalias,#hash_659b263cd0dd4df5
soundalias,#vox_tedd_exert_sniper_hold
soundalias,#vox_tedd_exert_death_fall
soundalias,#hash_65c9033002979c1c
soundalias,#hash_65c9043002979dcf
soundalias,#hash_65c9053002979f82
soundalias,#vox_ammo_low_plr_3_4
soundalias,#vox_ammo_low_plr_3_0
soundalias,#vox_ammo_low_plr_3_1
soundalias,#vox_ammo_low_plr_3_2
soundalias,#vox_ammo_low_plr_3_3
soundalias,#vox_box_shotgun_plr_3_3
soundalias,#vox_box_shotgun_plr_3_2
soundalias,#vox_box_shotgun_plr_3_1
soundalias,#vox_box_shotgun_plr_3_0
soundalias,#vox_box_shotgun_plr_3_4
soundalias,#hash_65dbfa8df991491a
soundalias,#hash_65f206ba9704e3f9
soundalias,#hash_6602f6ff55aea604
soundalias,#vox_tribute_boon_plr_1_9
soundalias,#vox_tribute_boon_plr_1_8
soundalias,#vox_tribute_boon_plr_1_5
soundalias,#vox_tribute_boon_plr_1_4
soundalias,#vox_tribute_boon_plr_1_7
soundalias,#vox_tribute_boon_plr_1_6
soundalias,#vox_tribute_boon_plr_1_1
soundalias,#vox_tribute_boon_plr_1_0
soundalias,#vox_tribute_boon_plr_1_3
soundalias,#vox_tribute_boon_plr_1_2
soundalias,#hash_662ba0c16b482cec
soundalias,#fly_step_sprint_zdog_asphalt
soundalias,#vox_terrace_mirror_stop_react_plr_1_0
soundalias,#vox_5_banter_brun_shaw_plr_4_0
soundalias,#vox_powerup_nuke_plr_3_1
soundalias,#vox_powerup_nuke_plr_3_0
soundalias,#vox_powerup_nuke_plr_3_3
soundalias,#vox_powerup_nuke_plr_3_2
soundalias,#vox_powerup_nuke_plr_3_4
soundalias,#hash_6662c407371ddaff
soundalias,#hash_668157b966a6416e
soundalias,#vox_plr_1_exert_stabbed
soundalias,#vox_bop2_exert_mant_heavy
soundalias,#hash_66995dd6b87cc0a8
soundalias,#vox_gold_spear_pickup_plr_3_0
soundalias,#hash_66ac1a59a45915b8
soundalias,#zmb_ai_gegenees_step_run
soundalias,#hash_66b733441d74cd21
soundalias,#hash_66cea79656de98a3
soundalias,#vox_bop3_exert_sniper_exhale
soundalias,#fly_step_walk_zdog_wood
soundalias,#vox_revive_down_plr_4_4
soundalias,#vox_revive_down_plr_4_2
soundalias,#vox_revive_down_plr_4_3
soundalias,#vox_revive_down_plr_4_0
soundalias,#vox_revive_down_plr_4_1
soundalias,#hash_66eb97e2bce2a423
soundalias,#hash_66edd342df7791fd
soundalias,#vox_pap_wait_plr_3_4
soundalias,#vox_pap_wait_plr_3_0
soundalias,#vox_pap_wait_plr_3_1
soundalias,#vox_pap_wait_plr_3_2
soundalias,#vox_pap_wait_plr_3_3
soundalias,#amb_chaos_ball
soundalias,#fly_step_walk_zdog_gravel
soundalias,#vox_bop4_exert_mant_light
soundalias,#phy_impact_glass_foliage
soundalias,#fly_melee_imp_scepter
soundalias,#hash_67194a0d71625bef
soundalias,#fly_bowie_impact_victim
soundalias,#vox_plr_1_exert_death_veh_under
soundalias,#vox_pegasus_react_first_plr_4_2
soundalias,#vox_pegasus_react_first_plr_4_1
soundalias,#vox_pegasus_react_first_plr_4_0
soundalias,#hash_6740d58ccd4742e5
soundalias,#wpn_meteor_beam_start
soundalias,#hash_675da49fa19c9f26
soundalias,#vox_gold_bridle_pickup_plr_2_0
soundalias,#vox_gold_bridle_pickup_plr_2_1
soundalias,#wpn_generic_clip_bounce_dirt
soundalias,#hash_676e555ab4377285
soundalias,#vox_apollo_light_react_plr_1_0
soundalias,#vox_revive_brun_plr_4_4
soundalias,#vox_revive_brun_plr_4_3
soundalias,#vox_revive_brun_plr_4_2
soundalias,#vox_revive_brun_plr_4_1
soundalias,#vox_revive_brun_plr_4_0
soundalias,#hash_678f44703c046db6
soundalias,#fly_step_walk_zdog_glass
soundalias,#vox_zomb_pers_pegasus_attack_plr_2_1
soundalias,#vox_zomb_pers_pegasus_attack_plr_2_0
soundalias,#vox_zomb_pers_pegasus_attack_plr_2_2
soundalias,#vox_bof3_exert_rad_end
soundalias,#vox_spartoi_kill_plr_3_4
soundalias,#vox_spartoi_kill_plr_3_2
soundalias,#vox_spartoi_kill_plr_3_3
soundalias,#vox_spartoi_kill_plr_3_0
soundalias,#vox_spartoi_kill_plr_3_1
soundalias,#hash_67ade88bdc2d836e
soundalias,#fly_step_walk_zdog_bodyarmor
soundalias,#hash_67c353461c5e3f2c
soundalias,#fly_step_run_zdog_rock
soundalias,#fly_step_sprint_zdog_paintedmetal
soundalias,#vox_bop2_exert_suppressed
soundalias,#vox_tedd_exert_underwater_pain
soundalias,#hash_67f1fcdfe32ea3f7
soundalias,#hash_67fe68eec41d210f
soundalias,#zmb_spartoi_fakedeath_move_start
soundalias,#vox_plateau_loss_react_plr_3_0
soundalias,#vox_viper_kill_plr_3_2
soundalias,#vox_viper_kill_plr_3_3
soundalias,#vox_viper_kill_plr_3_0
soundalias,#vox_viper_kill_plr_3_1
soundalias,#vox_viper_kill_plr_3_4
soundalias,#zmb_step_spartoi_run_default
soundalias,#fly_melee_imp_chakram_plastic
soundalias,#hash_6845d8009f05e81c
soundalias,#wpn_wwgrenade_explode_swt
soundalias,#zmb_vocals_zombie_crawler
soundalias,#hash_685aec3eee9aacf3
soundalias,#fly_spoon_first_raise
soundalias,#vox_hemera_hand_kill_first_resp_orac_0
soundalias,#hash_6875e2ab9b8e11d7
soundalias,#hash_687f519b0bed9408
soundalias,#vox_destroy_rocketshield_plr_1_1
soundalias,#vox_destroy_rocketshield_plr_1_0
soundalias,#vox_destroy_rocketshield_plr_1_2
soundalias,#vox_war_sounds_react_plr_3_0
soundalias,#hash_688ab65ff6c98303
soundalias,#vox_powerup_carpenter_plr_1_0
soundalias,#vox_powerup_carpenter_plr_1_1
soundalias,#vox_powerup_carpenter_plr_1_2
soundalias,#vox_powerup_carpenter_plr_1_3
soundalias,#vox_powerup_carpenter_plr_1_4
soundalias,#vox_magic_box_share_plr_1_4
soundalias,#vox_magic_box_share_plr_1_2
soundalias,#vox_magic_box_share_plr_1_3
soundalias,#vox_magic_box_share_plr_1_0
soundalias,#vox_magic_box_share_plr_1_1
soundalias,#vox_bop3_exert_suppressed
soundalias,#zmb_water_activate
soundalias,#vox_tedd_exert_sniper_exhale
soundalias,#wpn_chakram_sheathe_npc
soundalias,#vox_bop2_exert_concuss
soundalias,#vox_bop1_exert_breath_hurt
soundalias,#wpn_meteor_hit
soundalias,#mus_red_roundend_1_intro
soundalias,#prj_viper_bite_impact
soundalias,#wpn_generic_wpn_bounce_paper
soundalias,#wpn_zhield_fire_plr
soundalias,#hash_68fdfd308b67904f
soundalias,#hash_68ffd38a5e862cbe
soundalias,#vox_blac_exert_death_fall
soundalias,#zmb_blocker_debris_escape_purchase
soundalias,#wpn_viper_melee_impact
soundalias,#wpn_generic_clip_bounce_concrete
soundalias,#vox_revive_dieg_plr_1_2
soundalias,#vox_revive_dieg_plr_1_3
soundalias,#vox_revive_dieg_plr_1_0
soundalias,#vox_revive_dieg_plr_1_1
soundalias,#vox_revive_dieg_plr_1_4
soundalias,#zmb_fasttravel_teleport_start_plr
soundalias,#vox_plr_1_exert_rad_end
soundalias,#fly_dog_melee_npc
soundalias,#vox_pegasus_ride_0_plr_3_1
soundalias,#vox_pegasus_ride_0_plr_3_0
soundalias,#vox_pegasus_ride_0_plr_3_2
soundalias,#fly_step_crouch_walk_zdog_paper
soundalias,#hash_697aedfa270594ec
soundalias,#hash_6986c1ef63a8c733
soundalias,#hash_6994ad38bce10d14
soundalias,#vox_plr_2_exert_mant_light
soundalias,#vox_bop5_exert_underwater_emerge_breath
soundalias,#hash_69a61f074e359f95
soundalias,#hash_69ae106c640c0dc5
soundalias,#zmb_altar_danu_staff_lp
soundalias,#vox_perk_generic_plr_2_8
soundalias,#vox_perk_generic_plr_2_9
soundalias,#vox_perk_generic_plr_2_2
soundalias,#vox_perk_generic_plr_2_3
soundalias,#vox_perk_generic_plr_2_0
soundalias,#vox_perk_generic_plr_2_1
soundalias,#vox_perk_generic_plr_2_6
soundalias,#vox_perk_generic_plr_2_7
soundalias,#vox_perk_generic_plr_2_4
soundalias,#vox_perk_generic_plr_2_5
soundalias,#hash_69c687b4733b5712
soundalias,#hash_69c6cacdd6f7e9fd
soundalias,#mus_boss_battle_stage_1_exit
soundalias,#fly_step_run_zdog_rubber
soundalias,#vox_nomoney_generic_plr_3_2
soundalias,#vox_nomoney_generic_plr_3_3
soundalias,#vox_nomoney_generic_plr_3_0
soundalias,#vox_nomoney_generic_plr_3_1
soundalias,#vox_nomoney_generic_plr_3_4
soundalias,#hash_69f5e6478ad40f1b
soundalias,#fly_mann_limb_bounce_concrete
soundalias,#vox_chakram_ready_plr_4_3
soundalias,#vox_chakram_ready_plr_4_2
soundalias,#vox_chakram_ready_plr_4_1
soundalias,#vox_chakram_ready_plr_4_0
soundalias,#vox_chakram_ready_plr_4_4
soundalias,#vox_tedd_exert_bludgeoned
soundalias,#hash_6a1a87f71c400d60
soundalias,#hash_6a1a88f71c400f13
soundalias,#hash_6a1a89f71c4010c6
soundalias,#hash_6a1a8af71c401279
soundalias,#hash_6a1a8bf71c40142c
soundalias,#hash_6a1a8cf71c4015df
soundalias,#hash_6a1a8df71c401792
soundalias,#hash_6a1a8ef71c401945
soundalias,#hash_6a1a8ff71c401af8
soundalias,#hash_6a1a90f71c401cab
soundalias,#hash_6a3a7714a2c454fb
soundalias,#vox_blightfather_kill_plr_2_1
soundalias,#vox_blightfather_kill_plr_2_0
soundalias,#vox_blightfather_kill_plr_2_3
soundalias,#vox_blightfather_kill_plr_2_2
soundalias,#vox_blightfather_kill_plr_2_4
soundalias,#hash_6a48fa9d116b7376
soundalias,#hash_6a4c0b5fff2011e3
soundalias,#vox_spartoi_react_plr_4_0
soundalias,#vox_spartoi_react_plr_4_1
soundalias,#vox_spartoi_react_plr_4_2
soundalias,#vox_spartoi_react_plr_4_3
soundalias,#vox_spartoi_react_plr_4_4
soundalias,#fly_melee_imp_galva_wood
soundalias,#vox_fast_port_react_plr_1_0
soundalias,#wpn_generic_clip_bounce_grass
soundalias,#phy_pocket_pool_ball
soundalias,#hash_6a976c322ecb5d02
soundalias,#vox_1_banter_brun_scar_plr_1_0
soundalias,#hash_6aa32cc737673479
soundalias,#hash_6aa35ab86c22666e
soundalias,#hash_6aa9daf93f721590
soundalias,#fly_step_crouch_walk_zdog_rubber
soundalias,#hash_6ab14d8997fd3388
soundalias,#hash_6ab14f8997fd36ee
soundalias,#hash_6ab1508997fd38a1
soundalias,#hash_6ad135ba8d22c93d
soundalias,#hash_6ad799f5e9d52a02
soundalias,#vox_shaw_surrounded_oh_shit_plr_3_1
soundalias,#vox_shaw_surrounded_oh_shit_plr_3_0
soundalias,#vox_shaw_surrounded_oh_shit_plr_3_3
soundalias,#vox_shaw_surrounded_oh_shit_plr_3_2
soundalias,#vox_shaw_surrounded_oh_shit_plr_3_4
soundalias,#hash_6af2fc9b90813082
soundalias,#hash_6af8d2df8b6b202a
soundalias,#hash_6afe331afabbae9d
soundalias,#hash_6b1e4ed04ac39ec3
soundalias,#vox_blac_exert_burn_dmg
soundalias,#wpn_scepter_melee_impact_plr
soundalias,#hash_6b45ce1c6599b410
soundalias,#vox_ra_altar_ankh_restored_plr_1_0
soundalias,#zmb_ai_gegenees_spear_grab
soundalias,#hash_6b56372df0bdb444
soundalias,#vox_blightfather_react_plr_2_4
soundalias,#vox_blightfather_react_plr_2_0
soundalias,#vox_blightfather_react_plr_2_1
soundalias,#vox_blightfather_react_plr_2_2
soundalias,#vox_blightfather_react_plr_2_3
soundalias,#vox_box_peg_plr_4_2
soundalias,#vox_box_peg_plr_4_3
soundalias,#vox_box_peg_plr_4_0
soundalias,#vox_box_peg_plr_4_1
soundalias,#vox_box_peg_plr_4_4
soundalias,#vox_scar_kill_streak_plr_3_2
soundalias,#vox_scar_kill_streak_plr_3_3
soundalias,#vox_scar_kill_streak_plr_3_0
soundalias,#vox_scar_kill_streak_plr_3_1
soundalias,#vox_scar_kill_streak_plr_3_4
soundalias,#hash_6b91419f41fc8d34
soundalias,#hash_6bae336584399f4d
soundalias,#hash_6bb0cd7e729782bc
soundalias,#wpn_viper_melee_swing_npc
soundalias,#vox_venom_trap_active_plr_3_3
soundalias,#vox_venom_trap_active_plr_3_2
soundalias,#vox_venom_trap_active_plr_3_1
soundalias,#vox_venom_trap_active_plr_3_0
soundalias,#vox_venom_trap_active_plr_3_4
soundalias,#vox_charon_rune_circle_react_plr_4_0
soundalias,#fly_melee_imp_scepter_npc_wood
soundalias,#wpn_perseus_sword_swing
soundalias,#vox_crash_land_react_plr_3_2
soundalias,#vox_crash_land_react_plr_3_0
soundalias,#vox_crash_land_react_plr_3_1
soundalias,#hash_6be095a90990e0ee
soundalias,#vox_bath_trap_active_plr_2_0
soundalias,#vox_bath_trap_active_plr_2_1
soundalias,#vox_bath_trap_active_plr_2_2
soundalias,#vox_bath_trap_active_plr_2_3
soundalias,#vox_bath_trap_active_plr_2_4
soundalias,#fly_step_crouch_run_zdog_foliage
soundalias,#vox_hammer_ready_plr_1_4
soundalias,#vox_hammer_ready_plr_1_1
soundalias,#vox_hammer_ready_plr_1_0
soundalias,#vox_hammer_ready_plr_1_3
soundalias,#vox_hammer_ready_plr_1_2
soundalias,#vox_treasur_enter_plr_2_1
soundalias,#vox_treasur_enter_plr_2_0
soundalias,#fly_melee_imp_scepter_npc_metalcar
soundalias,#hash_6c226df4d604ed59
soundalias,#vox_tedd_exert_self_heal
soundalias,#hash_6c32c7356f09d350
soundalias,#hash_6c32c8356f09d503
soundalias,#hash_6c32ca356f09d869
soundalias,#vox_playhouse_enter_plr_4_0
soundalias,#vox_plr_4_exert_sniper_exhale
soundalias,#fly_melee_imp_hammer_npc_wood
soundalias,#zmb_switch_flip_trap
soundalias,#zmb_switch_flip_trap_alarm
soundalias,#hash_6c4dee81df419edc
soundalias,#wpn_melee_foley_swt
soundalias,#fly_step_crouch_walk_zdog_paintedmetal
soundalias,#vox_bop5_exert_concuss
soundalias,#hash_6c868cfb996660a1
soundalias,#hash_6c9192b5b34e83a7
soundalias,#vox_2_banter_brun_scar_plr_2_0
soundalias,#vox_bop5_exert_electro
soundalias,#hash_6cdda8b51dc11294
soundalias,#fly_mann_limb_bounce_cushion
soundalias,#zmb_vocals_hellhound_ambient
soundalias,#hash_6d0bcd77a8ec36fe
soundalias,#wpn_generic_clip_bounce_snow
soundalias,#hash_6d3093fa5bbbbe2f
soundalias,#hash_6d36c32b83f1376a
soundalias,#hash_6d4d114514ea4566
soundalias,#wpn_scorpion_fire_plr
soundalias,#vox_bop1_exert_rad_end
soundalias,#zmb_vocals_spartoi_sprint
soundalias,#vox_viper_dragon_ready_plr_1_1
soundalias,#vox_viper_dragon_ready_plr_1_0
soundalias,#vox_viper_dragon_ready_plr_1_3
soundalias,#vox_viper_dragon_ready_plr_1_2
soundalias,#vox_viper_dragon_ready_plr_1_4
soundalias,#hash_6d66dabb2eb19908
soundalias,#hash_6d6731a1c9da7371
soundalias,#fly_step_prone_zdog_dirt
soundalias,#vox_bop3_exert_death_fall
soundalias,#fly_bowie_impact_player
soundalias,#vox_ra_altar_ankh_pickup_plr_4_0
soundalias,#vox_bop2_exert_bludgeoned
soundalias,#vox_plr_4_exert_rad_start
soundalias,#hash_6d9e1d549cc1b3ba
soundalias,#vox_kill_arnie_plr_1_4
soundalias,#vox_kill_arnie_plr_1_1
soundalias,#vox_kill_arnie_plr_1_0
soundalias,#vox_kill_arnie_plr_1_3
soundalias,#vox_kill_arnie_plr_1_2
soundalias,#fly_step_crouch_run_zdog_plastic
soundalias,#fly_step_crouch_run_zdog_plaster
soundalias,#vox_bop4_exert_punch_take
soundalias,#vox_shaw_kill_headshot_plr_1_2
soundalias,#vox_shaw_kill_headshot_plr_1_3
soundalias,#vox_shaw_kill_headshot_plr_1_0
soundalias,#vox_shaw_kill_headshot_plr_1_1
soundalias,#vox_shaw_kill_headshot_plr_1_4
soundalias,#hash_6dfa4854873e2e9e
soundalias,#fly_step_crouch_walk_zdog_glass
soundalias,#wpn_chakram_melee_npc
soundalias,#hash_6e2c0b00fa8b6fcf
soundalias,#hash_6e30f1761b6645a4
soundalias,#hash_6e5604c8cf7c55c0
soundalias,#vox_revive_support_dieg_plr_1_2
soundalias,#vox_revive_support_dieg_plr_1_3
soundalias,#vox_revive_support_dieg_plr_1_0
soundalias,#vox_revive_support_dieg_plr_1_1
soundalias,#vox_revive_support_dieg_plr_1_4
soundalias,#fly_step_crouch_run_zdog_metalthin
soundalias,#hash_6e6f0998af127ebe
soundalias,#hash_6e6f34dac427c4ee
soundalias,#hash_6e7410aad6f58cde
soundalias,#vox_blac_exert_burn_dead
soundalias,#evt_egg_portal
soundalias,#fly_golden_knife_first_raise_npc
soundalias,#hash_6ecc12171d70a788
soundalias,#hash_6ee819ce1d175470
soundalias,#hash_6ef7ae2fd8250179
soundalias,#vox_bop1_exert_pain
soundalias,#hash_6f07df93fbeb10f5
soundalias,#fly_melee_imp_chakram_npc_metal
soundalias,#hash_6f1df3b4e6354472
soundalias,#hash_6f30c390503d064f
soundalias,#hash_6f3539d2ca988304
soundalias,#zmb_ai_gegenees_shield_attack
soundalias,#vox_bop1_exert_mant_heavy
soundalias,#hash_6f4aafb91ebfc7b1
soundalias,#vox_bof3_exert_rad_dmg
soundalias,#vox_plr_2_exert_electro
soundalias,#phy_impact_hard_flesh
soundalias,#hash_6f6079fc4c389dfa
soundalias,#vox_plr_4_exert_rad_dmg
soundalias,#vox_playhouse_complete_plr_2_0
soundalias,#vox_viper_kill_plr_4_1
soundalias,#vox_viper_kill_plr_4_0
soundalias,#vox_viper_kill_plr_4_3
soundalias,#vox_viper_kill_plr_4_2
soundalias,#vox_viper_kill_plr_4_4
soundalias,#hash_6f8230d675a6b3a1
soundalias,#hash_6f92861cecef280e
soundalias,#uin_perk4_buff_gain
soundalias,#vox_bop5_exert_underwater_air_low
soundalias,#wpn_bowie_whoosh_npc
soundalias,#zmb_ai_gegenees_water_exit
soundalias,#vox_zomb_pers_pegasus_attack_plr_3_0
soundalias,#vox_zomb_pers_pegasus_attack_plr_3_1
soundalias,#vox_zomb_pers_pegasus_attack_plr_3_2
soundalias,#hash_6fbde56e825c38e3
soundalias,#vox_bop1_exert_sniper_exhale
soundalias,#hash_6fd0739f355c5220
soundalias,#hash_6fd0e1e25b089a9b
soundalias,#hash_6fd9a2d043b80b4c
soundalias,#fly_step_crouch_walk_zdog_glasscar
soundalias,#vox_bop3_exert_gas_gag
soundalias,#fly_melee_swipealt_knife
soundalias,#vox_hammer_arges_pickup_plr_3_1
soundalias,#vox_hammer_arges_pickup_plr_3_0
soundalias,#vox_hammer_arges_pickup_plr_3_2
soundalias,#vox_pegasus_death_react_plr_4_0
soundalias,#zmb_vocals_gegenees_sprint
soundalias,#wpn_meteor_lp
soundalias,#hash_7026c261624e7880
soundalias,#vox_bop1_exert_explo_dead
soundalias,#fly_step_sprint_zdog_dirt
soundalias,#vox_powerup_nuke_plr_2_0
soundalias,#vox_powerup_nuke_plr_2_1
soundalias,#vox_powerup_nuke_plr_2_2
soundalias,#vox_powerup_nuke_plr_2_3
soundalias,#vox_powerup_nuke_plr_2_4
soundalias,#vox_brun_kill_headshot_plr_3_4
soundalias,#vox_brun_kill_headshot_plr_3_0
soundalias,#vox_brun_kill_headshot_plr_3_1
soundalias,#vox_brun_kill_headshot_plr_3_2
soundalias,#vox_brun_kill_headshot_plr_3_3
soundalias,#hash_704d2194aebad26f
soundalias,#vox_nomoney_generic_plr_4_1
soundalias,#vox_nomoney_generic_plr_4_0
soundalias,#vox_nomoney_generic_plr_4_3
soundalias,#vox_nomoney_generic_plr_4_2
soundalias,#vox_nomoney_generic_plr_4_4
soundalias,#hash_70717b71f19db790
soundalias,#hash_707a0e2ff93b63e5
soundalias,#vox_box_shotgun_plr_2_2
soundalias,#vox_box_shotgun_plr_2_3
soundalias,#vox_box_shotgun_plr_2_0
soundalias,#vox_box_shotgun_plr_2_1
soundalias,#vox_box_shotgun_plr_2_4
soundalias,#vox_blac_exert_bludgeoned
soundalias,#fly_melee_imp_scepter_glass
soundalias,#vox_powerup_carpenter_plr_2_4
soundalias,#vox_powerup_carpenter_plr_2_3
soundalias,#vox_powerup_carpenter_plr_2_2
soundalias,#vox_powerup_carpenter_plr_2_1
soundalias,#vox_powerup_carpenter_plr_2_0
soundalias,#hash_70cbedeca3e90f7f
soundalias,#hash_70d7722a1c750245
soundalias,#hash_70debef2ec3977e9
soundalias,#phy_impact_soft_soft
soundalias,#vox_plr_1_exert_death
soundalias,#hash_7107f284f1253b19
soundalias,#vox_bop2_exert_death_veh_hit
soundalias,#vox_bop4_exert_death_veh_fly
soundalias,#hash_713780f6e8f4d257
soundalias,#hash_713781f6e8f4d40a
soundalias,#hash_713782f6e8f4d5bd
soundalias,#hash_713c76249f9c3c8d
soundalias,#hash_71408bc1b435c994
soundalias,#fly_step_run_zdog_foliage
soundalias,#vox_blac_exert_electro
soundalias,#vox_cliff_eagle_free_react_plr_4_2
soundalias,#vox_cliff_eagle_free_react_plr_4_0
soundalias,#vox_cliff_eagle_free_react_plr_4_1
soundalias,#vox_pap_pickup_plr_1_1
soundalias,#vox_pap_pickup_plr_1_0
soundalias,#vox_pap_pickup_plr_1_3
soundalias,#vox_pap_pickup_plr_1_2
soundalias,#vox_pap_pickup_plr_1_4
soundalias,#hash_7164f6e10ce1ff32
soundalias,#fly_mann_limb_bounce_rock
soundalias,#vox_plr_2_exert_underwater_emerge_gasp
soundalias,#fly_step_walk_zdog_bark
soundalias,#hash_719775c44cc7a0b2
soundalias,#hash_71b4f4a4b5319f41
soundalias,#hash_71b6579783254a73
soundalias,#mus_darkside_underscore
soundalias,#wpn_generic_clip_bounce_water
soundalias,#vox_plr_2_exert_concuss
soundalias,#wpn_generic_wpn_bounce_ceramic
soundalias,#vox_pickup_rocketshield_plr_3_2
soundalias,#vox_pickup_rocketshield_plr_3_1
soundalias,#vox_pickup_rocketshield_plr_3_0
soundalias,#fly_step_sprint_zdog_rubber
soundalias,#vox_playhouse_trail_banter_0_plr_1_0
soundalias,#hash_71e42f29ab39255f
soundalias,#hash_71f95c195f8e618c
soundalias,#hash_71fa2657f5fd0bfd
soundalias,#hash_7204b092c976136b
soundalias,#hash_7209c8ab82d14e04
soundalias,#vox_bop3_exert_mant_heavy
soundalias,#wpn_hammer_melee_npc
soundalias,#vox_chakram_kill_mult_plr_4_4
soundalias,#vox_chakram_kill_mult_plr_4_3
soundalias,#vox_chakram_kill_mult_plr_4_2
soundalias,#vox_chakram_kill_mult_plr_4_1
soundalias,#vox_chakram_kill_mult_plr_4_0
soundalias,#wpn_chaos_bolt_aoe
soundalias,#vox_shaw_surrounded_oh_shit_plr_2_0
soundalias,#vox_shaw_surrounded_oh_shit_plr_2_1
soundalias,#vox_shaw_surrounded_oh_shit_plr_2_2
soundalias,#vox_shaw_surrounded_oh_shit_plr_2_3
soundalias,#vox_shaw_surrounded_oh_shit_plr_2_4
soundalias,#wpn_wwmelee_swing_plr
soundalias,#vox_pegasus_ride_dark_plr_1_1
soundalias,#vox_pegasus_ride_dark_plr_1_0
soundalias,#vox_pegasus_ride_dark_plr_1_2
soundalias,#zmb_spartoi_helmet_hit
soundalias,#vox_2_banter_dieg_shaw_plr_3_0
soundalias,#hash_72533b3d4278425d
soundalias,#wpn_dragon_fire_plr_decay
soundalias,#wpn_dragon_npc_impact
soundalias,#hash_727d292d845dc65e
soundalias,#hash_7290e08050fd7420
soundalias,#hash_729ae56623f13415
soundalias,#zmb_vocals_spartoi_ambient
soundalias,#wpn_chakram_projectile_bounce
soundalias,#hash_72a60692d8da733e
soundalias,#vox_box_peg_plr_3_1
soundalias,#vox_box_peg_plr_3_0
soundalias,#vox_box_peg_plr_3_3
soundalias,#vox_box_peg_plr_3_2
soundalias,#vox_box_peg_plr_3_4
soundalias,#wpn_homunculus_bounce_default
soundalias,#vox_plateau_loss_react_plr_2_0
soundalias,#hash_72d55f9efed16b54
soundalias,#hash_72d5609efed16d07
soundalias,#hash_72db081c52e1b776
soundalias,#zmb_ai_gegenees_hit_shield
soundalias,#hash_72de38b2b06856ee
soundalias,#fly_melee_imp_hammer_npc_riot
soundalias,#hash_72ead4f09100f7a7
soundalias,#vox_ammo_out_plr_1_4
soundalias,#vox_ammo_out_plr_1_0
soundalias,#vox_ammo_out_plr_1_1
soundalias,#vox_ammo_out_plr_1_2
soundalias,#vox_ammo_out_plr_1_3
soundalias,#hash_72f5967a35325ac3
soundalias,#evt_bellows_in
soundalias,#vox_venom_trap_active_plr_2_2
soundalias,#vox_venom_trap_active_plr_2_3
soundalias,#vox_venom_trap_active_plr_2_0
soundalias,#vox_venom_trap_active_plr_2_1
soundalias,#vox_venom_trap_active_plr_2_4
soundalias,#hash_73188c838e8d29c7
soundalias,#vox_bop2_exert_burn_dmg
soundalias,#hash_733a84ca1a8c471b
soundalias,#vox_bop2_exert_breath_hurt
soundalias,#hash_734e7fed8c7cbeb5
soundalias,#fly_melee_swipe_knife
soundalias,#hash_73590178da09a7a7
soundalias,#vox_bop4_exert_mant_heavy
soundalias,#hash_737ff3246a85fd0e
soundalias,#hash_738f4b37bd41f64c
soundalias,#hash_738f4c37bd41f7ff
soundalias,#hash_738f4e37bd41fb65
soundalias,#vox_bop2_exert_stabbed
soundalias,#hash_739ca481e302e31e
soundalias,#hash_73ae4e30dfdf732d
soundalias,#hash_73b66a25abec1fe4
soundalias,#fly_step_run_zdog_mud
soundalias,#hash_73cf0fb013e9af90
soundalias,#wpn_meteor_beam_lp
soundalias,#zmb_pegasus_aoe_start_impact
soundalias,#hash_73dae3c5e1e26cb1
soundalias,#phy_impact_hard_glass
soundalias,#zmb_hellhound_bolt_lfe
soundalias,#hash_7402a533a73978ee
soundalias,#hash_7407398a881b41f8
soundalias,#hash_7409dcc0b01a2542
soundalias,#vox_ra_altar_ankh_pickup_plr_3_0
soundalias,#fly_melee_imp_chakram_flesh_npc
soundalias,#vox_plr_1_exert_rad_dmg
soundalias,#vox_blightfather_kill_plr_3_0
soundalias,#vox_blightfather_kill_plr_3_1
soundalias,#vox_blightfather_kill_plr_3_2
soundalias,#vox_blightfather_kill_plr_3_3
soundalias,#vox_blightfather_kill_plr_3_4
soundalias,#vox_pegasus_ride_0_plr_2_0
soundalias,#vox_pegasus_ride_0_plr_2_1
soundalias,#hash_742c41d72c96eb2c
soundalias,#hash_743361ea0e37c80d
soundalias,#vox_bop4_exert_rad_dmg
soundalias,#fly_step_crouch_run_zdog_water
soundalias,#hash_7448b7db1e6873c5
soundalias,#hash_744a0174f2cdc054
soundalias,#vox_pap_appear_plr_4_0
soundalias,#vox_3_banter_scar_shaw_plr_1_0
soundalias,#hash_7475f04a6f57f03b
soundalias,#zmb_vocals_zombie_pain
soundalias,#vox_bof4_exert_rad_dmg
soundalias,#fly_step_sprint_zdog_metalhollow
soundalias,#hash_748ebfa215a02be6
soundalias,#phy_impact_plastic_barrel
soundalias,#vox_bop5_exert_gas_cough
soundalias,#amb_spooky_chamber_l
soundalias,#amb_spooky_chamber_r
soundalias,#vox_plr_2_exert_gas_gag
soundalias,#wpn_generic_wpn_bounce_concrete
soundalias,#vox_bop1_exert_punch_give
soundalias,#zmb_ai_gegenees_step_heavy
soundalias,#fly_step_prone_zdog_metalcar
soundalias,#vox_bop1_exert_rad_dmg
soundalias,#hash_752684beddb96e82
soundalias,#hash_752d20c0e5edfb84
soundalias,#zmb_vocals_pegasus_ending_pain
soundalias,#fly_step_crouch_run_zdog_metalcar
soundalias,#hash_756ecc535bac347f
soundalias,#hash_756ecd535bac3632
soundalias,#vox_bop3_exert_gas_gasp
soundalias,#vox_powerup_insta_plr_1_4
soundalias,#vox_powerup_insta_plr_1_1
soundalias,#vox_powerup_insta_plr_1_0
soundalias,#vox_powerup_insta_plr_1_3
soundalias,#vox_powerup_insta_plr_1_2
soundalias,#vox_2_banter_brun_shaw_plr_4_0
soundalias,#hash_75a2099e8df5a448
soundalias,#hash_75b523ba694eea96
soundalias,#zmb_sentinel_artifact_activate
soundalias,#vox_plr_4_exert_death_veh_under
soundalias,#zmb_vapor_electriccherry_activate
soundalias,#vox_crash_land_react_plr_4_1
soundalias,#vox_crash_land_react_plr_4_0
soundalias,#vox_crash_land_react_plr_4_2
soundalias,#vox_blac_exert_rad_end
soundalias,#vox_bop3_exert_explo_dead
soundalias,#wpn_zpear_throw_plr_swt
soundalias,#vox_box_smg_plr_4_4
soundalias,#vox_box_smg_plr_4_1
soundalias,#vox_box_smg_plr_4_0
soundalias,#vox_box_smg_plr_4_3
soundalias,#vox_box_smg_plr_4_2
soundalias,#vox_plr_2_exert_mant_heavy
soundalias,#vox_playhouse_complete_plr_1_0
soundalias,#hash_75e91bf08cd631e8
soundalias,#hash_75fdbd0fb47043a6
soundalias,#vox_box_sniper_plr_1_0
soundalias,#vox_box_sniper_plr_1_1
soundalias,#vox_box_sniper_plr_1_2
soundalias,#vox_box_sniper_plr_1_3
soundalias,#vox_box_sniper_plr_1_4
soundalias,#vox_bop4_exert_underwater_air_low
soundalias,#vox_blightfather_react_plr_1_3
soundalias,#vox_blightfather_react_plr_1_2
soundalias,#vox_blightfather_react_plr_1_1
soundalias,#vox_blightfather_react_plr_1_0
soundalias,#vox_blightfather_react_plr_1_4
soundalias,#wpn_wwmelee_swing_npc
soundalias,#vox_scar_kill_streak_plr_4_1
soundalias,#vox_scar_kill_streak_plr_4_0
soundalias,#vox_scar_kill_streak_plr_4_3
soundalias,#vox_scar_kill_streak_plr_4_2
soundalias,#vox_scar_kill_streak_plr_4_4
soundalias,#vox_plr_2_exert_explo_dead
soundalias,#hash_762892b530ae89ea
soundalias,#hash_76293501ac65c83f
soundalias,#hash_7638532d66f5f9b6
soundalias,#wpn_generic_clip_bounce_ice
soundalias,#hash_764458163b3f25f1
soundalias,#vox_5_banter_brun_scar_plr_2_1
soundalias,#amb_indoor_wind
soundalias,#vox_prism_rise_react_plr_2_0
soundalias,#wpn_scepter_plant_lp_center
soundalias,#mus_boss_battle_stage_1_loop_0
soundalias,#hash_769f75d14373cb9c
soundalias,#vox_bath_trap_active_plr_1_4
soundalias,#vox_bath_trap_active_plr_1_3
soundalias,#vox_bath_trap_active_plr_1_2
soundalias,#vox_bath_trap_active_plr_1_1
soundalias,#vox_bath_trap_active_plr_1_0
soundalias,#mus_the_ride_intro
soundalias,#wpn_generic_wpn_bounce_default
soundalias,#hash_76c659bb664b357e
soundalias,#vox_treasur_enter_plr_3_2
soundalias,#vox_treasur_enter_plr_3_0
soundalias,#vox_treasur_enter_plr_3_1
soundalias,#vox_center_world_enter_plr_4_2
soundalias,#vox_center_world_enter_plr_4_1
soundalias,#vox_center_world_enter_plr_4_0
soundalias,#vox_playhouse_enter_0_plr_2_0
soundalias,#vox_1_banter_dieg_scar_plr_1_1
soundalias,#zmb_hellhound_spawn_flux_l
soundalias,#zmb_hellhound_spawn_flux_r
soundalias,#fly_step_crouch_walk_zdog_plaster
soundalias,#vox_ammo_low_plr_1_2
soundalias,#vox_ammo_low_plr_1_3
soundalias,#vox_ammo_low_plr_1_0
soundalias,#vox_ammo_low_plr_1_1
soundalias,#vox_ammo_low_plr_1_4
soundalias,#wpn_viper_bite_start
soundalias,#fly_melee_lungealt_player_knife
soundalias,#fly_step_crouch_walk_zdog_plastic
soundalias,#fly_step_sprint_zdog_ceramic
soundalias,#hash_772b6a593788929f
soundalias,#vox_gegenees_react_plr_1_4
soundalias,#vox_gegenees_react_plr_1_0
soundalias,#vox_gegenees_react_plr_1_1
soundalias,#vox_gegenees_react_plr_1_2
soundalias,#vox_gegenees_react_plr_1_3
soundalias,#vox_tribute_boon_plr_3_9
soundalias,#vox_tribute_boon_plr_3_8
soundalias,#vox_tribute_boon_plr_3_3
soundalias,#vox_tribute_boon_plr_3_2
soundalias,#vox_tribute_boon_plr_3_1
soundalias,#vox_tribute_boon_plr_3_0
soundalias,#vox_tribute_boon_plr_3_7
soundalias,#vox_tribute_boon_plr_3_6
soundalias,#vox_tribute_boon_plr_3_5
soundalias,#vox_tribute_boon_plr_3_4
soundalias,#wpn_hammer_melee_impact
soundalias,#zmb_cha_ching_loud
soundalias,#hash_77675a71f617dbd1
soundalias,#amb_tunnel
soundalias,#vox_plr_2_exert_punch_give
soundalias,#hash_77770b1f57b3de15
soundalias,#vox_blac_exert_punch_give
soundalias,#vox_powerup_nuke_plr_1_4
soundalias,#vox_powerup_nuke_plr_1_3
soundalias,#vox_powerup_nuke_plr_1_2
soundalias,#vox_powerup_nuke_plr_1_1
soundalias,#vox_powerup_nuke_plr_1_0
soundalias,#hash_778703bdea8f5b9a
soundalias,#phy_impact_foliage_flesh
soundalias,#vox_shaw_kill_streak_plr_2_1
soundalias,#vox_shaw_kill_streak_plr_2_0
soundalias,#vox_shaw_kill_streak_plr_2_3
soundalias,#vox_shaw_kill_streak_plr_2_2
soundalias,#vox_shaw_kill_streak_plr_2_4
soundalias,#wpn_generic_clip_bounce_brick
soundalias,#zmb_cha_ching
soundalias,#amb_thunder_dist
soundalias,#fly_scorpion_idle_mvmt
soundalias,#vox_plr_3_exert_burn_dead
soundalias,#hash_77be2df5180465a2
soundalias,#vox_blac_exert_self_heal
soundalias,#vox_cliff_eagle_free_react_plr_3_1
soundalias,#vox_cliff_eagle_free_react_plr_3_0
soundalias,#vox_cliff_eagle_free_react_plr_3_2
soundalias,#fly_step_prone_zdog_ceramic
soundalias,#wpn_generic_wpn_bounce_rubber
soundalias,#fly_step_crouch_walk_zdog_wood
soundalias,#fly_melee_imp_hammer_plastic
soundalias,#vox_war_sounds_react_plr_1_0
soundalias,#wpn_hammer_jab_npc
soundalias,#vox_2_banter_dieg_scar_plr_1_1
soundalias,#vox_hammer_arges_pickup_plr_2_0
soundalias,#vox_hammer_arges_pickup_plr_2_1
soundalias,#vox_hammer_arges_pickup_plr_2_2
soundalias,#fly_step_walk_zdog_metalthin
soundalias,#hash_782ad42c87c1e6a8
soundalias,#vox_bop3_exert_concuss
soundalias,#wpn_bowie_whoosh_plr
soundalias,#fly_melee_imp_chakram_wood
soundalias,#fly_step_crouch_run_zdog_snow
soundalias,#fly_step_walk_zdog_cushion
soundalias,#hash_785c5e94f2e23b48
soundalias,#hash_785d3904a5751afd
soundalias,#hash_788f7c89f5ab521f
soundalias,#wpn_scepter_sheathe_npc
soundalias,#phy_impact_metal_flesh
soundalias,#hash_78a2cf5f2fd959c2
soundalias,#vox_box_arnie_plr_4_4
soundalias,#vox_box_arnie_plr_4_1
soundalias,#vox_box_arnie_plr_4_0
soundalias,#vox_box_arnie_plr_4_3
soundalias,#vox_box_arnie_plr_4_2
soundalias,#hash_78aa2961bc1f4ed1
soundalias,#fly_mann_limb_bounce_glass
soundalias,#phy_impact_plastic_small
soundalias,#wpn_generic_wpn_bounce_foliage
soundalias,#hash_78e0c201012fdec4
soundalias,#zmb_spartoi_fakedeath_explo
soundalias,#hash_790e26e42381271d
soundalias,#hash_7926daaf052fa6b9
soundalias,#vox_pickup_rocketshield_plr_2_2
soundalias,#vox_pickup_rocketshield_plr_2_0
soundalias,#vox_pickup_rocketshield_plr_2_1
soundalias,#hash_792896baba5747bf
soundalias,#hash_792d0d49a93ca1a3
soundalias,#vox_playhouse_trail_banter_0_plr_2_0
soundalias,#wpn_chakram_melee_impact_swt_victim
soundalias,#hash_7950035a5d0cf19a
soundalias,#vox_bop1_exert_death
soundalias,#zmb_step_spartoi_walk_swt
soundalias,#vox_gold_spear_pickup_plr_1_0
soundalias,#hash_797bb8ac11645016
soundalias,#fly_spoon_first_raise_npc
soundalias,#exp_zpear_imp
soundalias,#vox_spear_throw_kill_plr_4_2
soundalias,#vox_spear_throw_kill_plr_4_1
soundalias,#vox_spear_throw_kill_plr_4_0
soundalias,#phy_floor_pool_ball
soundalias,#vox_solo_game_start_dieg_plr_3_0
soundalias,#wpn_generic_clip_bounce_wood
soundalias,#zmb_hellhound_bolt
soundalias,#zmb_vocals_zombie_ambient
soundalias,#evt_mirror_destroy
soundalias,#hash_79df998054bebd7b
soundalias,#vox_kill_revenge_plr_1_0
soundalias,#vox_kill_revenge_plr_1_1
soundalias,#vox_kill_revenge_plr_1_2
soundalias,#vox_kill_revenge_plr_1_3
soundalias,#vox_kill_revenge_plr_1_4
soundalias,#vox_kill_revenge_plr_1_5
soundalias,#vox_kill_revenge_plr_1_6
soundalias,#vox_kill_revenge_plr_1_7
soundalias,#vox_kill_revenge_plr_1_8
soundalias,#vox_kill_revenge_plr_1_9
soundalias,#vox_pap_wait_plr_1_2
soundalias,#vox_pap_wait_plr_1_3
soundalias,#vox_pap_wait_plr_1_0
soundalias,#vox_pap_wait_plr_1_1
soundalias,#vox_pap_wait_plr_1_4
soundalias,#fly_step_prone_zdog_grass
soundalias,#fly_melee_imp_scepter_npc
soundalias,#wpn_hammer_slam_elec_plr
soundalias,#hash_7a2d2c4a7ebce019
soundalias,#hash_7a2d4fb2b42a4003
soundalias,#vox_ammo_out_plr_2_3
soundalias,#vox_ammo_out_plr_2_2
soundalias,#vox_ammo_out_plr_2_1
soundalias,#vox_ammo_out_plr_2_0
soundalias,#vox_ammo_out_plr_2_4
soundalias,#vox_scar_surrounded_oh_shit_plr_3_4
soundalias,#vox_scar_surrounded_oh_shit_plr_3_3
soundalias,#vox_scar_surrounded_oh_shit_plr_3_2
soundalias,#vox_scar_surrounded_oh_shit_plr_3_1
soundalias,#vox_scar_surrounded_oh_shit_plr_3_0
soundalias,#hash_7a559effcc85b077
soundalias,#vox_mid_igc_4_plr_4_0
soundalias,#wpn_viper_bite_activate_plr
soundalias,#vox_plr_4_exert_rad_end
soundalias,#hash_7a921e600a588867
soundalias,#vox_pegasus_ride_0_plr_1_2
soundalias,#vox_pegasus_ride_0_plr_1_1
soundalias,#vox_pegasus_ride_0_plr_1_0
soundalias,#hash_7aa05778ada10163
soundalias,#zmb_water_boil
soundalias,#hash_7aace930793493ef
soundalias,#wpn_viper_melee_impact_swt
soundalias,#vox_bop3_exert_breath_hurt
soundalias,#hash_7ae95cf38425ba82
soundalias,#vox_perk_generic_plr_4_8
soundalias,#vox_perk_generic_plr_4_9
soundalias,#vox_perk_generic_plr_4_0
soundalias,#vox_perk_generic_plr_4_1
soundalias,#vox_perk_generic_plr_4_2
soundalias,#vox_perk_generic_plr_4_3
soundalias,#vox_perk_generic_plr_4_4
soundalias,#vox_perk_generic_plr_4_5
soundalias,#vox_perk_generic_plr_4_6
soundalias,#vox_perk_generic_plr_4_7
soundalias,#vox_plateau_loss_react_plr_1_0
soundalias,#wpn_generic_wpn_bounce_rock
soundalias,#fly_step_prone_zdog_asphalt
soundalias,#wpn_hammer_melee_elec_npc
soundalias,#hash_7b4a3cf3b143436a
soundalias,#fly_step_sprint_zdog_sand
soundalias,#hash_7b569d241e9c29aa
soundalias,#fly_melee_imp_hammer_npc_glass
soundalias,#vox_destroy_rocketshield_plr_3_2
soundalias,#vox_destroy_rocketshield_plr_3_1
soundalias,#vox_destroy_rocketshield_plr_3_0
soundalias,#wpn_scorpion_zombie_impact
soundalias,#vox_powerup_carpenter_plr_3_4
soundalias,#vox_powerup_carpenter_plr_3_2
soundalias,#vox_powerup_carpenter_plr_3_3
soundalias,#vox_powerup_carpenter_plr_3_0
soundalias,#vox_powerup_carpenter_plr_3_1
soundalias,#wpn_zhield_fire_lfe_npc
soundalias,#hash_7b8ddcc3ac603349
soundalias,#hash_7b9fec388654f2b5
soundalias,#hash_7ba3efc9f7327ec4
soundalias,#hash_7ba6b613164a34f4
soundalias,#bik_zm_red_pegride_back
soundalias,#hash_7bb3c08f7eacf696
soundalias,#vox_plr_3_exert_underwater_air_low
soundalias,#hash_7bb9f96a13de9eba
soundalias,#hash_7bc20381f7011997
soundalias,#fly_mann_limb_bounce_mud
soundalias,#vox_bop4_exert_rad_start
soundalias,#vox_bom4_exert_rad_start
soundalias,#wpn_homunculus_raise_plr
soundalias,#hash_7bf2313c99f89a62
soundalias,#vox_shaw_surrounded_oh_shit_plr_1_4
soundalias,#vox_shaw_surrounded_oh_shit_plr_1_3
soundalias,#vox_shaw_surrounded_oh_shit_plr_1_2
soundalias,#vox_shaw_surrounded_oh_shit_plr_1_1
soundalias,#vox_shaw_surrounded_oh_shit_plr_1_0
soundalias,#vox_hemera_arena_enter_0_plr_1_0
soundalias,#wpn_chakram_melee_impact_plr
soundalias,#wpn_wwgrenade_impact
soundalias,#vox_bof4_exert_rad_end
soundalias,#vox_spartoi_react_first_plr_2_1
soundalias,#vox_spartoi_react_first_plr_2_0
soundalias,#vox_spartoi_react_first_plr_2_2
soundalias,#hash_7c51534a91103a32
soundalias,#wpn_scepter_plant_activate_plr
soundalias,#fly_mann_limb_bounce_paintedmetal
soundalias,#hash_7c6b06941557e340
soundalias,#vox_ra_altar_ankh_restored_plr_3_0
soundalias,#hash_7c7a276d99080b4a
soundalias,#vox_box_peg_plr_2_0
soundalias,#vox_box_peg_plr_2_1
soundalias,#vox_box_peg_plr_2_2
soundalias,#vox_box_peg_plr_2_3
soundalias,#vox_box_peg_plr_2_4
soundalias,#fly_golden_spork_first_raise_npc
soundalias,#wpn_chakram_projectile_throw_npc
soundalias,#hash_7ca5eeb8da95b2af
soundalias,#vox_blac_exert_rad_dmg
soundalias,#wpn_generic_clip_bounce_sand
soundalias,#fly_melee_imp_galva_npc_plastic
soundalias,#hash_7cd8582798401757
soundalias,#vox_chakram_ready_plr_2_1
soundalias,#vox_chakram_ready_plr_2_0
soundalias,#vox_chakram_ready_plr_2_3
soundalias,#vox_chakram_ready_plr_2_2
soundalias,#vox_chakram_ready_plr_2_4
soundalias,#hash_7ce448667e05b481
soundalias,#hash_7cf25562693acda2
soundalias,#vox_charon_rune_circle_react_plr_2_0
soundalias,#amb_rain_bg
soundalias,#mus_red_roundstart_2_intro
soundalias,#hash_7d11219a263cf6b4
soundalias,#vox_temp_apollo_enter_plr_4_2
soundalias,#vox_temp_apollo_enter_plr_4_1
soundalias,#vox_temp_apollo_enter_plr_4_0
soundalias,#fly_mann_limb_bounce_fruit
soundalias,#hash_7d25105b527960fe
soundalias,#zmb_vocals_hellhound_close
soundalias,#vox_hammer_ready_plr_3_3
soundalias,#vox_hammer_ready_plr_3_2
soundalias,#vox_hammer_ready_plr_3_1
soundalias,#vox_hammer_ready_plr_3_0
soundalias,#vox_hammer_ready_plr_3_4
soundalias,#vox_treasur_enter_plr_4_1
soundalias,#vox_treasur_enter_plr_4_0
soundalias,#vox_treasur_enter_plr_4_2
soundalias,#exp_zpear_imp_decay
soundalias,#hash_7d47aae362b1598a
soundalias,#wpn_generic_wpn_bounce_ice
soundalias,#vox_box_sniper_plr_2_4
soundalias,#vox_box_sniper_plr_2_3
soundalias,#vox_box_sniper_plr_2_2
soundalias,#vox_box_sniper_plr_2_1
soundalias,#vox_box_sniper_plr_2_0
soundalias,#vox_kill_wonder_plr_4_2
soundalias,#vox_kill_wonder_plr_4_3
soundalias,#vox_kill_wonder_plr_4_0
soundalias,#vox_kill_wonder_plr_4_1
soundalias,#vox_kill_wonder_plr_4_4
soundalias,#vox_plr_4_exert_gas_gasp
soundalias,#vox_fast_port_react_plr_3_0
soundalias,#zmb_magicbox_leave_2d
soundalias,#hash_7d77bd81e8ee54d9
soundalias,#hash_7d8da2a380b75551
soundalias,#wpn_viper_bite_activate_npc_lfe
soundalias,#wpn_generic_clip_bounce_cloth
soundalias,#vox_plr_3_exert_breath_hurt
soundalias,#hash_7da2042e5511ebdc
soundalias,#hash_7da4f54a7e06208b
soundalias,#fly_step_crouch_walk_zdog_ceramic
soundalias,#hash_7db0de42b6aa9784
soundalias,#vox_bop2_exert_underwater_emerge_gasp
soundalias,#hash_7dd8d603476a2fdc
soundalias,#vox_plr_4_exert_razor_wire
soundalias,#amb_spooky_chamber_back
soundalias,#hash_7e01de7cf0aa4995
soundalias,#hash_7e0bcff9cf221f89
soundalias,#hash_7e123854b98405a4
soundalias,#hash_7e17c0850b86d621
soundalias,#vox_bop3_exert_sniper_hold
soundalias,#vox_4_banter_brun_dieg_plr_2_0
soundalias,#evt_egg_crack_dew
soundalias,#hash_7e42ba9119557385
soundalias,#fly_step_walk_zdog_rubber
soundalias,#vox_bop2_exert_burn_dead
soundalias,#vox_prism_rise_react_plr_3_0
soundalias,#vox_viper_dragon_ready_plr_3_4
soundalias,#vox_viper_dragon_ready_plr_3_3
soundalias,#vox_viper_dragon_ready_plr_3_2
soundalias,#vox_viper_dragon_ready_plr_3_1
soundalias,#vox_viper_dragon_ready_plr_3_0
soundalias,#zmb_hellhound_spirit
soundalias,#vox_tribute_boon_plr_2_2
soundalias,#vox_tribute_boon_plr_2_3
soundalias,#vox_tribute_boon_plr_2_0
soundalias,#vox_tribute_boon_plr_2_1
soundalias,#vox_tribute_boon_plr_2_6
soundalias,#vox_tribute_boon_plr_2_7
soundalias,#vox_tribute_boon_plr_2_4
soundalias,#vox_tribute_boon_plr_2_5
soundalias,#vox_tribute_boon_plr_2_8
soundalias,#vox_tribute_boon_plr_2_9
soundalias,#hash_7ea63b30e520b2a0
soundalias,#hash_7eab2f25cd2d5c0c
soundalias,#vox_ra_altar_ankh_pickup_plr_2_0
soundalias,#vox_plateau_jump_plr_2_1
soundalias,#vox_plateau_jump_plr_2_0
soundalias,#vox_plateau_jump_plr_2_2
soundalias,#vox_kill_arnie_plr_3_3
soundalias,#vox_kill_arnie_plr_3_2
soundalias,#vox_kill_arnie_plr_3_1
soundalias,#vox_kill_arnie_plr_3_0
soundalias,#vox_kill_arnie_plr_3_4
soundalias,#hash_7ed9d6bbddcec39a
soundalias,#vox_terrace_mirror_final_react_plr_4_0
soundalias,#wpn_chakram_melee_fx_plr
soundalias,#vox_tedd_exert_gas_cough
soundalias,#fly_step_prone_zdog_tallgrass
soundalias,#fly_melee_imp_scepter_wood
soundalias,#hash_7f0837c0ebd969d9
soundalias,#hash_7f2e66132114e68c
soundalias,#fly_step_sprint_zdog_metalcar
soundalias,#hash_7f40dc2d71347256
soundalias,#hash_7f525eda03f123a7
soundalias,#vox_bop4_exert_rad_end
soundalias,#vox_blac_exert_concuss
soundalias,#vox_solo_end_round1_dieg_plr_3_0
soundalias,#vox_bop5_exert_death
soundalias,#vox_hammer_arges_pickup_plr_1_2
soundalias,#vox_hammer_arges_pickup_plr_1_1
soundalias,#vox_hammer_arges_pickup_plr_1_0
soundalias,#hash_7f7f45c29f1228f0
soundalias,#vox_plr_2_exert_death_veh_hit
soundalias,#vox_bof4_exert_rad_start
soundalias,#fly_mann_limb_bounce_carpet
soundalias,#vox_terrace_trail_banter_0_plr_1_0
soundalias,#hash_7fb087d4eda7e845
soundalias,#fly_step_run_zdog_watershallow
soundalias,#phy_impact_cardboard
soundalias,#hash_7fce3a84b4e750f5
soundalias,#hash_7fd0c2d94aed7612
soundalias,#hash_7fd1c9b8c5fd4b6d
soundalias,#zmb_vocals_gegenees_stun
soundalias,#vox_dragon_kill_plr_4_4
soundalias,#vox_dragon_kill_plr_4_0
soundalias,#vox_dragon_kill_plr_4_1
soundalias,#vox_dragon_kill_plr_4_2
soundalias,#vox_dragon_kill_plr_4_3
soundalias,#hash_7ff41417f780afbd
soundalias,#hash_7ffb375159d9b67b
client_fx,#hash_b3bc039e7aca94
client_fx,#weapon/fx_trail_grenade
client_fx,#impacts/fx8_proj_impact_water_lg
client_fx,#impacts/fx8_proj_impact_water_sm
client_fx,#hash_1d9fd55ec74837c
client_fx,#hash_224a2a7d7295284
client_fx,#hash_240783e54de51f0
client_fx,#hash_255bae38528d46b
client_fx,#hash_2a8233f8a1d00e7
client_fx,#zm_ai/fx8_cata_elec_aura
client_fx,#explosions/fx8_exp_grenade_default
client_fx,#hash_33771e94b2c2583
client_fx,#maps/zm_red/fx8_soul_yellow
client_fx,#impacts/fx8_bul_impact_blood_head_nonfatal
client_fx,#hash_4390857c11cf46d
client_fx,#hash_45df7abd6ad1c06
client_fx,#hash_4611402cb26df20
client_fx,#hash_4714fbfc5cbde58
client_fx,#hash_57ff7c670774f7d
client_fx,#hash_590a0c54ac9607c
client_fx,#hash_5e3511f0d5e500f
client_fx,#hash_62f074d527f46c0
client_fx,#hash_6638fd8cf4876df
client_fx,#hash_698145b245c1bff
client_fx,#hash_6ce60bc4b64e793
client_fx,#hash_6f2e078e14a435d
client_fx,#fire/fx_fire_ai_human_torso_loop
client_fx,#hash_83747e8c736e638
client_fx,#hash_858ccf87056e9f3
client_fx,#player/fx_plyr_jump_dust_dirt
client_fx,#hash_88dadfc0ec8d186
client_fx,#zm_ai/fx8_stoker_dest_weak_point_exp_generic
client_fx,#hash_8f0bc31efc7463e
client_fx,#zombie/fx_spawn_body_cp_zmb
client_fx,#hash_9c7935d1106ec1d
client_fx,#hash_a522275afc959a7
client_fx,#weapon/fx8_shellejects_pistol
client_fx,#zm_ai/fx8_gegenees_shield_guard
client_fx,#fire/fx_fire_ai_human_leg_right_loop
client_fx,#hash_b182c132d2321d0
client_fx,#fire/fx_fire_ai_human_head_loop
client_fx,#zm_ai/fx8_cata_plasma_blast_tell_torso
client_fx,#hash_cb5ab216f90ba29
client_fx,#hash_d0cf56779f6c4e1
client_fx,#hash_d18a1b0aa751cbe
client_fx,#hash_d2b136a3d2607a0
client_fx,#zm_ai/fx8_elec_bolt
client_fx,#explosions/fx8_exp_grenade_wood
client_fx,#hash_105b525291a60488
client_fx,#hash_108cfc8cc7b79388
client_fx,#hash_1093d48cc7bd6e3e
client_fx,#hash_10cab6f6345be4d8
client_fx,#maps/zm_red/fx8_soul_charge_green
client_fx,#hash_120056d3027a73cb
client_fx,#hash_120057d3027a757e
client_fx,#hash_120058d3027a7731
client_fx,#impacts/fx8_bul_impact_metal_sm
client_fx,#zombie/fx_trail_gem_blue_doa
client_fx,#zm_ai/fx8_cata_cor_aura_locked
client_fx,#hash_131f7254a32ca20e
client_fx,#zm_ai/fx8_gegenees_spear_trail
client_fx,#hash_1361aa342359ba56
client_fx,#hash_13a5a3395df9015f
client_fx,#hash_13b6231a05889663
client_fx,#hash_13cf1738cd97717e
client_fx,#zm_ai/fx8_cata_elec_blast
client_fx,#hash_150e82f10596be24
client_fx,#hash_15783e5f6900380f
client_fx,#hash_1615f2a383a626ca
client_fx,#hash_162a58538b5d6db0
client_fx,#hash_16460aa383cf7354
client_fx,#maps/zm_red/fx8_soul_charge_orange
client_fx,#hash_17e7186ea20ae80c
client_fx,#hash_17e9105690c8500d
client_fx,#hash_1807ad62ba867a20
client_fx,#hash_18aa9a13a27e7810
client_fx,#hash_18b1a613a284ab22
client_fx,#tools/fx_null
client_fx,#fire/fx_fire_ai_human_hip_right_loop
client_fx,#hash_19464c4c5b91297b
client_fx,#hash_194fead3457d21f5
client_fx,#hash_19f390eac78920bb
client_fx,#hash_1a06427eff8dfe13
client_fx,#hash_1a423b45182c5613
client_fx,#maps/zm_red/fx8_soul_red
client_fx,#zm_ai/fx8_cata_plasma_aura_head
client_fx,#hash_1bdd0dedebd76ddb
client_fx,#zombie/fx_bul_flesh_head_nochunks_zmb
client_fx,#hash_1cba44493f952a95
client_fx,#blood/fx8_blood_cam_gib_spray_zm
client_fx,#hash_1ce96a401d67fe8f
client_fx,#hash_1df67bc26cd3ec4e
client_fx,#maps/zm_red/fx8_soul_charge_blue
client_fx,#hash_1e3e41de01894921
client_fx,#hash_1e3fc11990603f72
client_fx,#hash_1e6d039eb5b80b1b
client_fx,#hash_1ed4c87a3f6da9b9
client_fx,#player/fx_plyr_land_dust_xlg
client_fx,#hash_201378189651055d
client_fx,#zm_ai/fx8_blightfather_weakspot_elbow_amb
client_fx,#hash_211c80023671737b
client_fx,#hash_212bce954d1e21ea
client_fx,#hash_213b84f5f5775699
client_fx,#hash_214db8c579b8672b
client_fx,#hash_215ead487c4bef59
client_fx,#zombie/fx_bul_flesh_neck_spurt_zmb
client_fx,#hash_222c5ff4b46bbee2
client_fx,#hash_22422ba79bd4eaaa
client_fx,#hash_22aac55b4e3e4c42
client_fx,#hash_230a59dd0d0f7361
client_fx,#hash_232acd362e1309ec
client_fx,#hash_237010c93c358590
client_fx,#hash_247c28b43c001b30
client_fx,#zm_ai/fx8_blightfather_chaos_missle
client_fx,#hash_2543453edaf343d4
client_fx,#hash_256e3c1bedee56c8
client_fx,#hash_259b253edb3d834a
client_fx,#fire/fx_fire_ai_human_arm_right_loop
client_fx,#hash_25c4a39b373bfc67
client_fx,#zm_ai/fx8_blightfather_vomit_statue_purchase
client_fx,#hash_269f259a4cd762e8
client_fx,#zm_ai/fx8_cata_water_aura
client_fx,#hash_26ef50e01d7e97e5
client_fx,#impacts/fx8_bul_impact_metal_xsm
client_fx,#maps/zm_red/fx8_reward_brazier_fire_green
client_fx,#hash_278c744d7ef41186
client_fx,#hash_281a29752dd70fec
client_fx,#zm_ai/fx8_cata_plasma_aura
client_fx,#hash_28479dabebe445ee
client_fx,#hash_288135cd6716a658
client_fx,#hash_28ad85abec3ad058
client_fx,#hash_28e306b2b1b0a110
client_fx,#hash_2a095e7cd20884a9
client_fx,#maps/zm_red/fx8_reward_brazier_fire_purple
client_fx,#explosions/fx8_exp_grenade_snow
client_fx,#hash_2b3a857498481375
client_fx,#maps/zm_escape/fx8_lightning_trail_red
client_fx,#hash_2b910e77f63948fb
client_fx,#fire/fx_fire_ai_human_leg_left_loop
client_fx,#zm_ai/fx8_blightfather_maggot_death_exp
client_fx,#hash_2c52af4b97cdbc0a
client_fx,#hash_2c5e782929758203
client_fx,#zm_ai/fx8_gegenees_spear_tip_tell
client_fx,#hash_2dc8e3470244bf1c
client_fx,#hash_2de436091e3fa43c
client_fx,#hash_2deb42091e45d74e
client_fx,#hash_2e19b9e91b220bf7
client_fx,#hash_2ea0cefc397c3d81
client_fx,#hash_2ec73246ddf52378
client_fx,#hash_2fa2ffba30119b62
client_fx,#hash_307731202349b92a
client_fx,#hash_30db2fdbdde25718
client_fx,#hash_311a865a91014b22
client_fx,#hash_318aaa12f9dc7fd4
client_fx,#hash_31c3c5542f095358
client_fx,#hash_31d142c6e5adc4c7
client_fx,#hash_31dc43b5cf4c60f2
client_fx,#hash_31e7c5600f464e95
client_fx,#hash_31f55ccf8a4406bf
client_fx,#hash_326e8ad99fb9a4d2
client_fx,#hash_3284d7debb01c2e9
client_fx,#zm_ai/fx8_cata_water_purify
client_fx,#hash_32f753ce767010e4
client_fx,#explosions/fx8_exp_grenade_glass
client_fx,#player/fx8_plyr_pstfx_vomit_loop
client_fx,#hash_33982a2797f1a552
client_fx,#hash_33cedc8be1b46bed
client_fx,#hash_340a0cee99cfb1cd
client_fx,#hash_346e7d4c153fd89d
client_fx,#hash_3475694c1545d54f
client_fx,#zm_ai/fx8_cata_cor_mouth
client_fx,#maps/zm_office/fx8_teleporter_destination
client_fx,#hash_34fb31ef6c57f845
client_fx,#hash_3649e75cf315b150
client_fx,#hash_3689f962239a7a63
client_fx,#hash_36a8758df9221bce
client_fx,#hash_36fcac84404831fd
client_fx,#hash_37bc7da216893b77
client_fx,#zombie/fx_bul_flesh_head_fatal_zmb
client_fx,#hash_39c7de58cd57bf14
client_fx,#hash_3a0c132d4e39ba81
client_fx,#hash_3a7504611a8ee7ef
client_fx,#hash_3a840f89285e77e9
client_fx,#zm_ai/fx8_blightfather_weakspot_jaw_amb
client_fx,#hash_3b0b9cc4cdb70c89
client_fx,#hash_3b12a8c4cdbd3f9b
client_fx,#hash_3be9c523d47d5593
client_fx,#maps/zm_towers/fx8_crowd_reward_flower_exp
client_fx,#impacts/fx8_bul_impact_blood_head_fatal
client_fx,#zm_ai/fx8_elec_shock_eyes
client_fx,#hash_3c9948ab313a6483
client_fx,#zm_ai/fx8_blightfather_vomit
client_fx,#hash_3d4d6663770c0e14
client_fx,#maps/zm_red/fx8_soul_charge_purple
client_fx,#hash_3d88b8f128288ebe
client_fx,#hash_3dad87c01b75d5ae
client_fx,#zm_weapons/fx8_aat_opposite_exp
client_fx,#hash_3ee5b689d09f0824
client_fx,#hash_3f2f5721b1727993
client_fx,#hash_3f8b9b553576408b
client_fx,#hash_3fae66a8e84f3002
client_fx,#hash_40b273c6e93bc0a0
client_fx,#hash_40f4c2f5a7d7e23a
client_fx,#hash_410c47b601f1eb2a
client_fx,#hash_413a7f11167bdef8
client_fx,#hash_415449086edcfd2a
client_fx,#zm_ai/fx8_spartoi_reassemble_displace_trail
client_fx,#hash_4195ec9c1dfab330
client_fx,#hash_41bf89311f2ef5dd
client_fx,#hash_433034414b39f1ef
client_fx,#hash_433035414b39f3a2
client_fx,#hash_4362bf189648db39
client_fx,#hash_4368d718964d6faf
client_fx,#zm_ai/fx8_blightfather_vomit_craft_purchase
client_fx,#hash_44bd80522ac100e7
client_fx,#hash_47156cf8a794bef0
client_fx,#hash_47fe9ffe78c83012
client_fx,#hash_48053ee21dfed9c9
client_fx,#zm_weapons/fx8_cymbal_monkey_light
client_fx,#hash_482741e21e1bc548
client_fx,#hash_482b24e21e1f7cd8
client_fx,#maps/zm_red/fx8_reward_brazier_fire_blue
client_fx,#hash_4892036ab624d723
client_fx,#hash_4952906e2b897ac8
client_fx,#hash_4960d9278d639297
client_fx,#hash_4a3e0ecc06d7f471
client_fx,#hash_4ad5b3e108bc2b3c
client_fx,#hash_4b047008007a4310
client_fx,#hash_4b2ca31f081f59b2
client_fx,#hash_4b4a315f77dd312c
client_fx,#explosions/fx8_exp_grenade_concrete
client_fx,#hash_4bbfe2d612f8393d
client_fx,#hash_4bd8c2963780c080
client_fx,#hash_4bdfce963786f392
client_fx,#hash_4bfca9124b4b177e
client_fx,#impacts/fx8_bul_impact_blood_head_fatal_exit
client_fx,#hash_4c14004cd89a0d66
client_fx,#hash_4c24e997afad36e0
client_fx,#hash_4cc40e13ee8dff61
client_fx,#hash_4d09e042a77cfba3
client_fx,#hash_4d91ce766ebeda81
client_fx,#hash_4db3c6766edbb34f
client_fx,#hash_4dd46a244305d465
client_fx,#hash_4df6f1dbc41bc9c3
client_fx,#hash_4dfe5bc7d0d3b538
client_fx,#hash_4ed82491302dabd1
client_fx,#hash_4ee71079fa3bd589
client_fx,#maps/zm_red/fx8_reward_brazier_fire_orange
client_fx,#hash_4f1fd4a87c6562ec
client_fx,#zm_ai/fx8_blightfather_vomit_object
client_fx,#hash_50060cdb19653936
client_fx,#hash_503192839d9bde33
client_fx,#hash_5032702e3265af2d
client_fx,#hash_505391476800a162
client_fx,#hash_50655ac7dc942305
client_fx,#zm_ai/fx8_cata_elec_elbow_ri
client_fx,#zm_ai/fx8_cata_elec_elbow_le
client_fx,#maps/zm_red/fx8_soul_charge_white
client_fx,#hash_513bda1b67490064
client_fx,#hash_515548ac872ebd06
client_fx,#impacts/fx8_bul_impact_blood_limb_nonfatal
client_fx,#maps/zm_red/fx8_soul_blue
client_fx,#zm_ai/fx8_gegenees_spear_impact
client_fx,#hash_51fd09e47e0cd679
client_fx,#hash_520eae6eb9a6e958
client_fx,#hash_520fd2427c5fcea3
client_fx,#zm_ai/fx8_werewolf_eye_glow
client_fx,#hash_527b5ca4206503fd
client_fx,#hash_528248a4206b00af
client_fx,#hash_52c22f3d0a38c679
client_fx,#player/fx_plyr_footstep_dust_dirt
client_fx,#hash_53d70b0cb4fc5b82
client_fx,#hash_53e10878cd6a6eef
client_fx,#hash_5400356a313e2ec3
client_fx,#zm_ai/fx8_blightfather_vomit_purchase
client_fx,#hash_5493d96403f608c6
client_fx,#impacts/fx8_bul_impact_blood_limb_fatal
client_fx,#hash_54b810af1fb36d6d
client_fx,#zombie/fx_egg_ready_zod_zmb
client_fx,#hash_556b5a8aa255768d
client_fx,#hash_5591c8559d52363a
client_fx,#hash_55d06957e137b062
client_fx,#hash_55efa71212ad7d38
client_fx,#explosions/fx8_exp_grenade_sand
client_fx,#hash_567c5a1dcc540804
client_fx,#hash_569b6effe4db6f54
client_fx,#hash_56b5bf856aece457
client_fx,#maps/zm_red/fx8_soul_green
client_fx,#hash_57034716c105e41e
client_fx,#hash_570e356dcecf7c0f
client_fx,#hash_57817f8de95527cd
client_fx,#hash_5869597389a55f7b
client_fx,#hash_5873b3e8eed6eece
client_fx,#hash_58e484ac8b26c8ef
client_fx,#hash_59422cff58693587
client_fx,#hash_59977c4c851916e0
client_fx,#hash_59f2aa2322b05256
client_fx,#hash_5a767b0262929c1b
client_fx,#hash_5aa1120d061d1f6c
client_fx,#explosions/fx8_exp_grenade_mud
client_fx,#hash_5af4531f04364a15
client_fx,#zm_ai/fx8_cata_water_footstep
client_fx,#hash_5cb54b390ec5a1a4
client_fx,#hash_5cbc37390ecb9e56
client_fx,#hash_5ce9f224ee5c9c63
client_fx,#hash_5dab3144897e562f
client_fx,#zm_ai/fx8_blightfather_weakspot_jaw_exp
client_fx,#zm_ai/fx8_cata_water_aura_head
client_fx,#hash_5f247e5ee77f7108
client_fx,#hash_5f7d8c231fbcf09e
client_fx,#hash_5f9afb7b8e19321f
client_fx,#hash_5ff2bd993dcf28d3
client_fx,#hash_5ff39b8a7796fe83
client_fx,#hash_6009053e911b946a
client_fx,#hash_60d6e4e440733464
client_fx,#hash_623c4ff75bcaa1a9
client_fx,#player/fx_plyr_jump_dust
client_fx,#fire/fx_fire_ai_human_hip_left_loop
client_fx,#hash_62f4ee1a2e3c46fc
client_fx,#hash_63074eb9d1a1e00c
client_fx,#hash_636c8abf0f7d5df9
client_fx,#hash_6400b8e89418b50e
client_fx,#hash_647338beb2cb34ec
client_fx,#maps/zm_red/fx8_soul_charge_red
client_fx,#hash_65cea36e2f1cd4c7
client_fx,#hash_65d0dff5c51ac70d
client_fx,#hash_65d7cbf5c520c3bf
client_fx,#hash_65ffe1f3d8933a48
client_fx,#hash_661f2c77e14f0edf
client_fx,#hash_6675a54c73addf25
client_fx,#explosions/fx8_exp_rocket_mud
client_fx,#hash_674b671eee7e83ca
client_fx,#maps/zm_red/fx8_soul_white
client_fx,#blood/fx_blood_gib_limb_trail
client_fx,#hash_68b98df00a36d680
client_fx,#hash_68bea9ce435c79cc
client_fx,#zm_ai/fx8_cata_cor_aura
client_fx,#hash_690957421115776c
client_fx,#hash_6931b098cb2b2086
client_fx,#hash_6937321c4a8e7349
client_fx,#hash_6960c898cb52ba10
client_fx,#explosions/fx8_exp_grenade_dirt
client_fx,#hash_6b7912c3c5da87e2
client_fx,#maps/zm_red/fx8_soul_purple
client_fx,#hash_6c85f225817867f6
client_fx,#hash_6c9f6d6353ff3c71
client_fx,#hash_6ca6596354053923
client_fx,#hash_6ce02086fc656138
client_fx,#maps/zm_red/fx8_soul_orange
client_fx,#hash_6d56f51f9b1fabaa
client_fx,#zm_ai/fx8_gegenees_shield_blast
client_fx,#zm_ai/fx8_blightfather_weakspot_sack_amb
client_fx,#hash_6e87fbd77320ada5
client_fx,#hash_6e99f08f4b615aeb
client_fx,#player/fx_plyr_land_dust_dirt_xlg
client_fx,#zm_ai/fx8_gegenees_spear_trail_gold
client_fx,#hash_6fa47bf8bfa3ff3a
client_fx,#hash_70c604c24563ff7a
client_fx,#hash_7240c9c35d80dab2
client_fx,#hash_72434c8ee049e010
client_fx,#zm_ai/fx8_cata_plasma_blast_tell_head
client_fx,#hash_72c896c5a56c873f
client_fx,#hash_72d74d75e679897b
client_fx,#fire/fx_fire_ai_human_arm_left_loop
client_fx,#hash_73c0e210b5e3e5a8
client_fx,#player/fx_plyr_footstep_dust
client_fx,#maps/zm_red/fx8_soul_charge_yellow
client_fx,#zm_ai/fx8_cata_elec_footstep
client_fx,#hash_749d6ee7eea4a790
client_fx,#hash_74f01ad183c69a5c
client_fx,#hash_74f6f2d183cc7512
client_fx,#hash_7504bcf503817eb2
client_fx,#hash_7519a614333f0ab5
client_fx,#hash_752bfcf80c9da234
client_fx,#hash_7531e8f80ca1ebe6
client_fx,#hash_758eeb6bda18f834
client_fx,#hash_75bb776a76f782f2
client_fx,#zm_ai/fx8_blightfather_vomit_box_purchase
client_fx,#hash_7617d177b746e9bd
client_fx,#hash_7665ecbd288a84d7
client_fx,#hash_7668b8e00c2854ae
client_fx,#hash_7770e29dfcabc1cb
client_fx,#hash_77e79d57c2d9ea76
client_fx,#hash_79141a0b34003d16
client_fx,#maps/zm_red/fx8_reward_brazier_fire_white
client_fx,#hash_792c9bdd6ccaf244
client_fx,#explosions/fx8_exp_grenade_metal
client_fx,#hash_795ee7d89d6f10d2
client_fx,#impacts/fx8_bul_impact_metal_xxlg
client_fx,#zombie/fx_val_chest_burst
client_fx,#hash_7a9a94bbcf902878
client_fx,#zm_ai/fx8_cata_water_footstep_right
client_fx,#hash_7aa749f5bbcbbed8
client_fx,#zm_ai/fx8_cata_plasma_blast
client_fx,#hash_7b7ba0ac0755a064
client_fx,#hash_7b951deec27b35c1
client_fx,#hash_7c755acc6547a0fd
client_fx,#hash_7cced41e0b367ca6
client_fx,#hash_7d10580c812fce51
client_fx,#hash_7d24820ee5231fef
client_fx,#hash_7d69ee9822b45157
client_fx,#hash_7d7d5c3856622734
client_fx,#hash_7da081bd4cf99d11
client_fx,#hash_7da76dbd4cff99c3
client_fx,#zm_ai/fx8_gegenees_spear_tip_flame
client_fx,#hash_7e05382442f5d8df
client_fx,#hash_7e62aa95417546aa
client_fx,#hash_7e6fa9ad6b551a7d
client_fx,#hash_7e78428dbf4099a8
client_fx,#hash_7e7c55a6d7f8159c
client_fx,#hash_7e9736ee8b5ec443
client_fx,#hash_7f3bd1e736bb4859
client_fx,#zm_ai/fx8_blightfather_maggot_spawn_burst
client_fx,#hash_7fca1782163cbb01
client_lui_elem,#zm_red_challenges_hud