type,name
vehicle,#hash_2db015dc967ccf56
vehicle,#hash_6be593a62b8b87a5
model,#c_t8_zmb_dlc0_zombie_destroyer_helmet1
model,#hash_839ee4d02ec440
model,#p7_3d_txt_antiqua_bold_b_red
model,#c_t8_zmb_dlc0_zombie_marauder_cestus1
model,#c_t8_zmb_dlc0_zombie_male_body2_g_blegsoff
model,#c_t8_zmb_dlc0_zombie_male_body2_g_rarmoff
model,#c_t8_zmb_dlc0_zombie_male_body2_g_rarmoff_skin2
model,#p8_zm_gla_pap_sarcophagus_chunk_02
model,#p8_zm_gla_pap_sarcophagus_chunk_03
model,#p8_zm_gla_pap_sarcophagus_chunk_01
model,#p8_zm_gla_pap_sarcophagus_chunk_06
model,#p8_zm_gla_pap_sarcophagus_chunk_07
model,#p8_zm_gla_pap_sarcophagus_chunk_04
model,#p8_zm_gla_pap_sarcophagus_chunk_05
model,#p8_zm_gla_pap_sarcophagus_chunk_08
model,#p8_zm_gla_pap_sarcophagus_chunk_09
model,#c_t8_zmb_dlc0_zombie_female_body1_g_rlegoff
model,#p8_fxanim_zm_towers_pap_sarcophagus_blood_02_mod
model,#p8_zm_gla_buyable_door_frame
model,#p8_zm_gla_buyable_door_frame_sides
model,#collision_player_512x512x512
model,#hash_3b02d953ed09b42
model,#p8_zm_gla_trap_blade_01_frame
model,#p8_fire_pit_large
model,#hash_40af8d244cfc1cb
model,#p8_fxanim_zm_towers_pap_door_blue_02_mod
model,#hash_453007fe24e9df4
model,#wpn_t8_zm_pistol_webly_view
model,#hash_4973461a43fcb56
model,#hash_49b1938ed9e94bc
model,#c_t8_zmb_dlc0_zombie_male_body3_g_rarmoff
model,#p7_zm_isl_bones_human_leg_upper
model,#p8_zm_wall_buy_ar_stealth
model,#c_t8_zmb_dlc0_zombie_female_body2_split_skin2
model,#p8_zm_wall_buy_smg_mp9
model,#hash_5b375642a63bcae
model,#c_t8_zmb_3rdclass_male_body1_g_rlegoff
model,#wpn_t7_zmb_dlc2_shield_dmg02_world
model,#p8_zm_gla_tunnel_gate
model,#hash_647f60bbe59847e
model,#c_t8_zmb_dlc0_zombie_gladiator_body1
model,#hash_6db3dde314ca084
model,#hash_72e769491343f52
model,#c_t8_zmb_dlc0_zombie_male_body1_g_blegsoff_skin3
model,#c_t8_zmb_dlc0_zombie_male_body1_g_blegsoff_skin2
model,#c_t8_zmb_dlc0_zombie_male_body2_g_llegoff_skin2
model,#p8_fxp_blightfather_tongue_tendril
model,#fx_char_gib_chunk_meat01
model,#fx_char_gib_chunk_meat03
model,#fx_char_gib_chunk_meat02
model,#wpn_t7_grenade_incendiary_world
model,#hash_85f1a2ad4a8a800
model,#p8_zm_wall_buy_smg_handling
model,#p7_dung_camel_pile_03
model,#p8_zm_chaos_ball_01
model,#c_t8_zmb_dlc0_zombie_male_body2_g_lowclean
model,#hash_9af0ce07aab606c
model,#hash_9b13ef05a36478b
model,#p8_zm_esc_obsidian_rock_large_01
model,#p8_fxanim_zm_towers_trap_acid_mod
model,#c_t8_zmb_dlc0_zombie_female_body1_g_upclean_skin2
model,#hash_a3555c0c041bd06
model,#c_t8_zmb_dlc0_zombie_female_body2
model,#c_t8_zmb_dlc0_zombie_female_body1
model,#c_t8_zmb_dlc0_zombie_marauder_body1
model,#p8_zm_gla_trap_acid_01_part_chain
model,#p8_zm_gla_trap_fire_01_door_01d
model,#p8_zm_gla_trap_fire_01_door_01a
model,#p8_zm_gla_trap_fire_01_door_01b
model,#p8_zm_gla_trap_fire_01_door_01c
model,#p8_fxanim_zm_towers_trap_fire_mod
model,#hash_ba602a1891743d4
model,#c_t8_zmb_dlc0_zombie_male_body1_g_rarmoff
model,#c_t8_zmb_catalyst_fire_body
model,#c_t8_zmb_3rdclass_male_body3_s_lleg
model,#p8_fxp_fluid_tendril_2_water
model,#p8_zm_gla_lightning_rod_01_platform_gear_02
model,#p8_zm_gla_lightning_rod_01_platform_gear_03
model,#p8_zm_gla_lightning_rod_01_platform_gear_01
model,#c_t8_zmb_catalyst_water_body
model,#p7_zm_der_magic_box_fake
model,#c_t8_zmb_blightfather_head1
model,#c_t8_zmb_blightfather_tongue2
model,#c_t8_zmb_dlc0_zombie_female_body1_g_larmoff
model,#p8_fxp_fluid_splash_mud
model,#p8_zm_zod_pap_plinth_sequence_earth
model,#hash_dedec3f5036ca1f
model,#p8_zm_zod_coal_cluster_single_hot
model,#c_t8_zmb_dlc0_zombie_male_body4_g_larmoff
model,#hash_e4becf499896c7f
model,#p8_zm_esc_bodybag_hanging
model,#c_t8_zmb_dlc0_elephant_husk_body1
model,#c_t8_zmb_dlc0_zombie_female_body2_g_rarmoff_skin2
model,#p8_zm_zod_coal_cluster_single_cool
model,#p8_fxanim_zm_towers_boss_death_01_mod
model,#p8_zm_gla_pap_sarcophagus
model,#wpn_t7_zmb_zod_rocket_shield_tank_parts
model,#c_t8_zmb_dlc0_zombie_female_body1_g_rarmoff
model,#c_t8_zmb_dlc0_elephant_chain4_evil
model,#hash_1034a375fec90657
model,#p7_zm_teddybear
model,#p8_zm_gla_pap_sarcophagus_gobo
model,#c_t8_zmb_catalyst_decay_body_noreveal
model,#veh_t8_raps_drone_piece_05
model,#hash_119fdcf3e238a978
model,#hash_11d00220470db280
model,#p7_shr_weapon_shield_03_dmg
model,#hash_121b73e62a68dfc8
model,#c_t8_zmb_3rdclass_male_body2_g_larmoff
model,#p8_zm_zod_ice_chunk_med_01
model,#c_t8_zmb_dlc0_zombie_female_body1_split
model,#p8_fxanim_zm_towers_cage_hang_03_mod
model,#c_t8_zmb_catalyst_fire_lfoot_gib
model,#c_t8_zmb_dlc0_zombie_male_body1_g_rlegoff
model,#p8_zm_gla_paper_narrative_27
model,#p8_zm_gla_paper_narrative_26
model,#p8_zm_gla_paper_narrative_28
model,#p8_zm_gla_paper_narrative_52
model,#p8_zm_gla_paper_narrative_53
model,#p8_zm_gla_paper_narrative_50
model,#p8_zm_gla_paper_narrative_51
model,#p8_zm_gla_paper_narrative_56
model,#p8_zm_gla_paper_narrative_54
model,#p8_zm_gla_paper_narrative_55
model,#hash_145c85c52d233dc4
model,#p8_zm_gla_paper_narrative_47
model,#p8_zm_gla_paper_narrative_46
model,#p8_zm_gla_paper_narrative_49
model,#p8_zm_gla_paper_narrative_48
model,#zombietron_gib_chunk_meat_01
model,#zombietron_gib_chunk_meat_02
model,#p8_zm_wall_buy_ar_fastfire
model,#p8_zm_gla_lightning_rod_01_platform_cage
model,#p7_3d_txt_antiqua_bold_m_red
model,#p8_fxanim_zm_towers_cage_hang_04_mod
model,#c_t8_zmb_catalyst_fire_rarm_gib
model,#c_t8_zmb_dlc0_zombie_male_body2_g_llegoff
model,#c_t8_zmb_3rdclass_male_body3_s_rleg
model,#c_t8_zmb_dlc0_zombie_marauder_body1_igc
model,#c_t8_zmb_dlc0_zombie_marauder_rarm1
model,#p8_zm_wall_buy_smg_fastfire
model,#p8_zm_gla_trap_acid_01_part_cauldron
model,#wpn_t7_zmb_dlc2_shield_dmg02_view
model,#hash_18a44b6afa971a22
model,#p8_zm_gla_obelisk_med_02_glyph
model,#hash_1917678d5712a6c8
model,#hash_1936c9a858079ed9
model,#c_t8_zmb_dlc0_zombie_male_body2_split
model,#p8_zm_gla_trap_switch_01_box
model,#viewmodel_hands_no_model
model,#c_t8_zmb_dlc0_zombie_female_body2_g_lowclean
model,#p8_zm_gla_drawbridge_01_support_01
model,#p8_zm_gla_obelisk_med_02_glyph_02
model,#c_t8_zmb_blightfather_mouth_dmg1
model,#c_t8_zmb_dlc0_zombie_marauder_helmet1
model,#c_t8_zmb_dlc0_zombie_male_body1_skin3_split
model,#hash_1bdd9b75c99850af
model,#p8_fxanim_zm_towers_crowd_jar_02_mod
model,#p8_zm_gla_drawbridge_01_pulley_01
model,#p8_fxanim_zm_towers_pap_sarcophagus_blood_03_mod
model,#p8_fxanim_zm_towers_pap_door_red_mod
model,#p8_zm_gla_buyable_door_gate_01_top
model,#p8_zm_esc_bones_human_leg_upper
model,#c_t8_zmb_dlc0_zombie_male_body3_split
model,#p8_zm_wall_buy_lmg_titan
model,#p8_zm_gla_pap_sarcophagus_capstone_piece_02
model,#p8_zm_gla_pap_sarcophagus_capstone_piece_01
model,#p8_fxanim_zm_towers_banner_achievement_blue_mod
model,#c_t8_zmb_dlc0_zombie_male_body2_skin2
model,#p8_zm_gla_drawbridge_01_counterweight_01
model,#p8_zm_chaos_portal_01_chunk_02
model,#p8_zm_chaos_portal_01_chunk_03
model,#p8_zm_chaos_portal_01_chunk_01
model,#fx_char_gib_chunk_flesh02
model,#fx_char_gib_chunk_flesh03
model,#tag_origin_animate
model,#c_t8_zmb_dlc0_zombie_female_body1_g_llegoff_skin2
model,#c_t8_zmb_dlc0_zombie_male_body1_skin2_split
model,#hash_20179c55e029b0f0
model,#c_t8_zmb_dlc0_zombie_female_body1_g_larmoff_skin2
model,#wpn_t8_zm_crossbow_view
model,#p8_zm_gla_pap_sarcophagus_trim_chunk_01
model,#p8_zm_gla_pap_sarcophagus_trim_chunk_02
model,#p8_zm_gla_trap_blade_01_gear_02
model,#p8_zm_gla_trap_blade_01_gear_01
model,#hash_210daf411fa7f861
model,#c_t8_zmb_dlc0_zombie_male_body4_g_llegoff
model,#p8_fxanim_zm_vapor_altar_zeus_mod
model,#hash_21aeaceb8a6d4050
model,#p8_zm_wall_buy_symbol_01_top
model,#p8_fxp_fluid_splash_blood_hirez
model,#p8_zm_gla_nor_cage_small
model,#p8_fxanim_zm_towers_odin_cauldron_chain_shackle_mod
model,#c_t8_zmb_catalyst_fire_head
model,#hash_224e95c98368dd46
model,#c_t8_zmb_3rdclass_male_body1_g_upclean
model,#p8_mov_zm_gla_weapon_axe_01
model,#p8_zm_gla_target_bull_flat
model,#p8_zm_esc_wood_splintered_burnt
model,#hash_22ff9439e827add6
model,#hash_234a2cd7531199a2
model,#c_t8_zmb_dlc0_elephant_chain3_evil
model,#c_t8_zmb_3rdclass_male_head4
model,#c_t8_zmb_3rdclass_male_head1
model,#c_t8_zmb_3rdclass_male_head2
model,#c_t8_zmb_3rdclass_male_head3
model,#p8_mov_zm_gla_chopping_block
model,#p8_fxp_fluid_splash_blood
model,#p8_zm_wall_buy_pistol_revolver
model,#c_t8_zmb_dlc0_elephant_bodyarmor1
model,#hash_24b64597b7c3725f
model,#c_t8_zmb_catalyst_water_rhand_gib
model,#hash_2577e93af00b6194
model,#c_t8_zmb_dlc0_zombie_destroyer_le_arm1
model,#p8_zm_gla_shield_part_nose
model,#hash_26b6e46f315ae4b8
model,#p8_fxanim_zm_towers_pap_sarcophagus_blood_01_mod
model,#p8_zm_gla_buyable_door_gate_02_mid
model,#hash_276e15acb487f29e
model,#p7_fxp_debris_dirt_clod_02
model,#p7_fxp_debris_dirt_clod_01
model,#c_t8_zmb_dlc0_zombie_female_body1_g_lowclean_skin2
model,#p7_shr_weapon_sword_lrg_02
model,#c_t8_zmb_dlc0_tiger_body1
model,#c_t8_zmb_dlc0_zombie_male_body2_g_rlegoff
model,#c_t8_zmb_dlc0_zombie_male_head4_skin3
model,#c_t8_zmb_dlc0_zombie_male_head4_skin2
model,#c_t8_zmb_dlc0_elephant_body1_hb
model,#c_t8_zmb_dlc0_zombie_male_body1_g_llegoff
model,#c_t8_zmb_3rdclass_male_body3_s_larm
model,#p8_fxanim_zm_towers_banner_achievement_green_mod
model,#hash_2a2eae8b8d64d6c9
model,#p8_zm_gla_spile_serket_01
model,#c_t8_zmb_dlc0_zombie_male_body3_g_larmoff
model,#c_t8_zmb_dlc0_zombie_male_body1_g_upclean_skin3
model,#c_t8_zmb_dlc0_zombie_male_body1_g_upclean_skin2
model,#p8_zm_wall_buy_shotgun_trenchgun
model,#p8_zm_wall_buy_tr_longburst
model,#c_t8_zmb_dlc0_tiger_head1
model,#c_t8_zmb_catalyst_water_lfoot_gib
model,#wpn_t8_zm_crossbow_v2_world
model,#hash_2ade4f6bd9de10b4
model,#p8_zm_gla_jar_gold_01_full
model,#p7_shr_weapon_shield_06
model,#p7_debris_rockychunks_small_01
model,#p7_debris_rockychunks_small_12
model,#hash_2b458f17054945d9
model,#p8_fxanim_zm_towers_pap_sarcophagus_spikes_mod
model,#hash_2bbcba00bc56421c
model,#p8_zm_gla_trap_acid_01_part_gear
model,#c_t8_zmb_dlc0_zombie_destroyer_rarm1_dam
model,#p7_shr_weapon_shield_06_dmg
model,#fx_debris_stone_01
model,#c_t8_zmb_dlc0_zombie_male_body3_g_upclean
model,#c_t8_zmb_catalyst_electric_head
model,#p7_3d_txt_antiqua_bold_d_red
model,#c_t8_zmb_dlc0_zombie_female_body1_g_lowclean
model,#hash_2dbaa84bdc3f8864
model,#p8_fxanim_zm_towers_boss_death_02_mod
model,#hash_2de139921fda52d2
model,#wpn_t7_zmb_dlc2_shield_dmg01_view
model,#hash_2e66e889356753b5
model,#c_t8_zmb_dlc0_zombie_destroyer_le_pauldron1
model,#p8_fxanim_zm_towers_buyable_gate_01_frameless_mod
model,#fx_axis_createfx
model,#p8_fxanim_zm_towers_pap_door_blue_mod
model,#p8_zm_gla_column_glyph_01
model,#c_t8_zmb_dlc0_zombie_female_body1_split_skin4
model,#c_t8_zmb_dlc0_zombie_female_body1_split_skin2
model,#c_t8_zmb_dlc0_zombie_female_body1_split_skin3
model,#hash_2f738203487358e8
model,#p7_gib_chunk_fat
model,#hash_2fb1e27da7452a7a
model,#c_t8_zmb_dlc0_zombie_male_body1
model,#c_t8_zmb_dlc0_zombie_male_body3
model,#c_t8_zmb_dlc0_zombie_male_body2
model,#c_t8_zmb_dlc0_zombie_male_body4
model,#c_t8_zmb_catalyst_water_head
model,#p8_zm_barricade_board_collision
model,#p8_zm_wall_buy_shotgun_pump
model,#collision_player_256x256x256
model,#c_t8_zmb_dlc0_zombie_female_body1_g_blegsoff_skin2
model,#p8_fxanim_zm_towers_crowd_jar_03_mod
model,#p8_zm_gla_door_wood_pap_temple
model,#c_t8_zmb_3rdclass_male_body1_g_blegsoff
model,#c_t8_zmb_dlc0_elephant_chain6_evil
model,#p8_zm_gla_lightning_rod_01_platform_base
model,#c_t8_zmb_3rdclass_male_body1_g_lowclean
model,#hash_33cd5ebe810c90b6
model,#c_t8_zmb_blightfather_elbow1_ri
model,#c_t8_zmb_blightfather_elbow1_le
model,#p8_zm_deity_icon_audio_ra
model,#hash_34f26e4caf5ff3e4
model,#c_t8_zmb_catalyst_fire_larm_gib
model,#c_t8_zmb_dlc0_zombie_male_head1_skin2
model,#c_t8_zmb_dlc0_zombie_male_head1_skin3
model,#hash_3535884370b21158
model,#p8_zm_wall_buy_symbol_01_reverse
model,#c_t8_zmb_catalyst_decay_body
model,#p8_fxanim_zm_towers_boss_armor_explode_mod
model,#c_t8_zmb_dlc0_zombie_male_body4_g_blegsoff
model,#p8_zm_gla_trap_acid_01_cauldron
model,#c_t8_zmb_catalyst_water_rfoot_gib
model,#wpn_t8_zm_pistol_webly_world
model,#c_t8_zmb_dlc0_zombie_destroyer_larm1_dam
model,#c_t8_zmb_blightfather_mouth
model,#c_t8_zmb_dlc0_zombie_male_body1_split
model,#p8_fxp_fluid_droplet_blood
model,#c_t8_zmb_catalyst_fire_rfoot_gib
model,#p8_zm_wall_buy_smg_accurate
model,#c_t8_zmb_catalyst_decay_head_noreveal
model,#p8_fxanim_zm_towers_buyable_gate_01_mod
model,#p7_3d_txt_antiqua_bold_w_red
model,#p8_mov_zm_gla_flesh_02
model,#p8_mov_zm_gla_flesh_01
model,#p8_fxanim_zm_towers_odin_cauldron_chain_hook_meat_02_mod
model,#c_t8_zmb_dlc0_zombie_female_body1_g_upclean
model,#p8_mov_zm_gla_rope_restraint_01_stanton
model,#c_t8_zmb_blightfather_eggsack1_ri
model,#c_t8_zmb_blightfather_eggsack1_le
model,#c_t8_zmb_dlc0_zombie_male_body4_g_rlegoff
model,#c_t8_zmb_blightfather_body1_gib
model,#wpn_t7_zmb_dlc2_shield_dmg01_world
model,#wpn_t8_eqp_molotov_view
model,#c_t8_zmb_dlc0_hero_scarlett_head1_igc
model,#hash_3be85cfd2fbfc6e1
model,#c_t8_zmb_dlc0_zombie_male_body4_g_lowclean
model,#p7_gib_chunk_flesh_01
model,#p7_gib_chunk_flesh_03
model,#p7_gib_chunk_flesh_02
model,#p8_fxp_flame_geyser_hole_mound
model,#p8_zm_gla_drawbridge_01_flap_01
model,#hash_3c9f0cdd73ce9475
model,#p8_fxanim_zm_towers_grinder_mod
model,#c_t8_zmb_3rdclass_male_body2
model,#c_t8_zmb_3rdclass_male_body1
model,#p7_zm_isl_bones_human_arm_lower
model,#p8_zm_gla_artifact_podium
model,#c_t8_zmb_dlc0_zombie_male_body1_g_behead_skin2
model,#c_t8_zmb_dlc0_zombie_male_body1_g_behead_skin3
model,#p8_zm_gla_trap_acid_01_gear_01
model,#p8_fxp_fluid_tendril_1_water
model,#p8_zm_gla_trap_switch_01_handle
model,#p8_fxanim_zm_towers_banner_achievement_rope_mod
model,#wpn_t7_zmb_dlc2_shield_view
model,#p8_fxanim_zm_towers_crowd_jar_01_mod
model,#p8_mov_zm_gla_rope_restraint_01_scarlet
model,#p7_gib_chunk_bone_01
model,#p7_gib_chunk_bone_03
model,#p7_gib_chunk_bone_02
model,#p8_zm_esc_bones_human_torso
model,#c_t8_zmb_dlc0_zombie_male_body2_g_larmoff_skin2
model,#hash_4138a4e9f2ce6832
model,#p8_zm_gla_pap_sarcophagus_skull_piece_02
model,#p8_zm_gla_pap_sarcophagus_skull_piece_01
model,#p8_fxanim_zm_towers_wall_2_mod
model,#hash_419e23129a051c82
model,#c_t8_zmb_3rdclass_male_body3_s_rarm
model,#c_t8_zmb_dlc0_hero_bruno_head1_igc
model,#p7_zm_vending_packapunch_weapon
model,#hash_4223616c6451bb89
model,#hash_4286272708c5e5c0
model,#p7_shr_rusty_chalice_cup
model,#c_t8_zmb_dlc0_zombie_destroyer_axe1
model,#p8_fxanim_zm_towers_drawbridge_mod
model,#hash_43676178db155a2e
model,#p8_zm_gla_skull_glyph_01
model,#hash_443004f8a11546cc
model,#c_t8_zmb_dlc0_hero_diego_head1_igc
model,#p8_zm_deity_icon_audio_odin
model,#hash_450cd1a7670f5fb7
model,#veh_t8_raps_drone_shrapnel_04
model,#veh_t8_raps_drone_shrapnel_05
model,#veh_t8_raps_drone_shrapnel_02
model,#veh_t8_raps_drone_shrapnel_03
model,#veh_t8_raps_drone_shrapnel_01
model,#c_t8_zmb_catalyst_fire_lleg_gib
model,#p7_zm_isl_bones_human_leg_lower
model,#p7_zm_vending_packapunch_sign_wait
model,#c_t8_zmb_dlc0_zombie_male_body1_g_rarmoff_skin2
model,#c_t8_zmb_dlc0_zombie_male_body1_g_rarmoff_skin3
model,#p8_fxanim_zm_towers_boss_armor_explode_02_mod
model,#c_t8_zmb_3rdclass_male_body2_g_upclean
model,#c_t8_zmb_dlc0_zombie_male_body2_g_blegsoff_skin2
model,#c_t8_zmb_dlc0_zombie_male_body2_g_upclean
model,#p7_ra2_garden_gate_right
model,#hash_4726f545c425a53b
model,#p8_fxanim_zm_towers_pap_sarcophagus_blood_04_mod
model,#c_t8_zmb_dlc0_zombie_destroyer_ri_arm1
model,#p7_shr_weapon_shield_02_dmg
model,#p8_zm_gla_lightning_rod_01_platform_rod_04_large
model,#c_t8_zmb_dlc0_zombie_male_body3_g_blegsoff
model,#p8_fxanim_zm_towers_rod_mod
model,#p8_mov_zm_gla_rope_restraint_01_diego
model,#c_t8_zmb_dlc0_hero_diego_head1
model,#p8_zm_wall_buy_ar_accurate
model,#p8_zm_gla_jar_gold_01
model,#fx_pistol_shell_blur
model,#p7_3d_txt_antiqua_bold_t_red
model,#c_t8_zmb_dlc0_zombie_female_body2_g_llegoff
model,#hash_4a69936ce5d462b1
model,#wpn_t8_ar_accurate_prop_animate
model,#c_t8_zmb_dlc0_zombie_female_body2_g_lowclean_skin2
model,#c_t8_zmb_dlc0_zombie_male_body3_g_llegoff
model,#p7_zm_isl_bones_human_arm_upper
model,#p8_zm_wall_buy_pistol_standard
model,#c_t8_zmb_dlc0_zombie_male_body4_g_upclean
model,#p7_shr_weapon_shield_05_dmg
model,#c_t8_zmb_catalyst_electric_lfoot_gib
model,#c_t8_zmb_catalyst_electric_rarm_gib
model,#p8_zm_gla_jar_gold_01_liquid
model,#p8_zm_vapor_altar_zeus_lightning_bolt_03
model,#p8_zm_vapor_altar_zeus_lightning_bolt_02
model,#p8_zm_vapor_altar_zeus_lightning_bolt_01
model,#p8_zm_vapor_altar_zeus_lightning_bolt_04
model,#fx_char_gib_chunk_bone02
model,#fx_char_gib_chunk_bone03
model,#fx_char_gib_chunk_bone01
model,#p7_shr_suit_armor_helmet_01
model,#p8_zm_wall_buy_symbol_01
model,#c_t8_zmb_3rdclass_male_body1_g_larmoff
model,#zombie_pickup_perk_bottle
model,#p8_fxp_zm_scepter_sun
model,#p7_zm_zod_robot_gibs_gear
model,#c_t8_zmb_dlc0_zombie_female_head2_skin2
model,#hash_4efdd19dfd268f23
model,#hash_4f282085ef50e088
model,#hash_4f282185ef50e23b
model,#hash_4f282285ef50e3ee
model,#hash_4f282585ef50e907
model,#hash_4f282785ef50ec6d
model,#c_t8_zmb_dlc0_hero_bruno_body1_igc
model,#p8_fxanim_zm_vapor_altar_danu_mod
model,#c_t8_zmb_dlc0_elephant_chain1
model,#c_t8_zmb_dlc0_elephant_chain3
model,#c_t8_zmb_dlc0_elephant_chain2
model,#c_t8_zmb_dlc0_elephant_chain5
model,#c_t8_zmb_dlc0_elephant_chain4
model,#c_t8_zmb_dlc0_elephant_chain6
model,#p8_zm_gla_stake_tower_wood_01_plank_10
model,#p8_zm_gla_stake_tower_wood_01_plank_09
model,#p8_zm_gla_stake_tower_wood_01_plank_08
model,#p8_zm_gla_stake_tower_wood_01_plank_03
model,#p8_zm_gla_stake_tower_wood_01_plank_02
model,#p8_zm_gla_stake_tower_wood_01_plank_01
model,#p8_zm_gla_stake_tower_wood_01_plank_07
model,#p8_zm_gla_stake_tower_wood_01_plank_06
model,#p8_zm_gla_stake_tower_wood_01_plank_05
model,#p8_zm_gla_stake_tower_wood_01_plank_04
model,#c_t8_zmb_dlc0_zombie_male_body1_g_lowclean_skin2
model,#c_t8_zmb_dlc0_zombie_male_body1_g_lowclean_skin3
model,#p8_fxp_fluid_string_2_blood
model,#hash_50813a66e4b4e2b3
model,#c_t8_zmb_dlc0_zombie_female_body1_g_rlegoff_skin2
model,#c_t8_zmb_3rdclass_male_body1_split
model,#p8_zm_gla_arena_gate_door_01
model,#hash_515552274e74acfe
model,#c_t8_zmb_dlc0_zombie_male_body1_g_lowclean
model,#p8_fxanim_zm_vapor_altar_ra_mod
model,#p8_fxanim_zm_towers_ww_quest_bowl_mod
model,#c_t8_zmb_dlc0_zombie_female_body2_g_larmoff
model,#p8_zm_gla_nor_cage_with_bottom
model,#p8_zm_gla_buyable_door_gate_02_btm
model,#hash_534a8889633c5f83
model,#hash_53571fb496a1baf7
model,#hash_5380b733abd1a762
model,#hash_53ac5aa39c680a35
model,#c_t8_zmb_catalyst_electric_lleg_gib
model,#p8_fxanim_zm_towers_boss_arena_gate_raise_mod
model,#p7_zm_der_magic_box_fake_trunk
model,#hash_543e4844936c1007
model,#hash_544c2d6ec40d6b80
model,#hash_54af3c60222dbebf
model,#c_t8_zmb_dlc0_zombie_male_body1_s_rleg
model,#p7_3d_txt_antiqua_bold_p_red
model,#p8_fxanim_zm_towers_trap_blade_01_mod
model,#hash_5550b8905a6284c1
model,#p8_fxanim_zm_towers_buyable_gate_02_b_mod
model,#c_t8_zmb_dlc0_zombie_female_head1
model,#c_t8_zmb_dlc0_zombie_female_head2
model,#c_t8_zmb_dlc0_zombie_female_head3
model,#p8_fxp_fluid_string_omni_blood
model,#c_t8_zmb_3rdclass_male_body1_g_llegoff
model,#c_t8_zmb_dlc0_zombie_female_body1_g_llegoff
model,#hash_55f4b4dc9ecc95a5
model,#c_t8_zmb_dlc0_zombie_male_body1_g_rlegoff_skin2
model,#c_t8_zmb_dlc0_zombie_male_body1_g_rlegoff_skin3
model,#c_t8_zmb_dlc0_zombie_male_head7
model,#c_t8_zmb_dlc0_zombie_male_head6
model,#c_t8_zmb_dlc0_zombie_male_head5
model,#c_t8_zmb_dlc0_zombie_male_head4
model,#c_t8_zmb_dlc0_zombie_male_head3
model,#c_t8_zmb_dlc0_zombie_male_head2
model,#c_t8_zmb_dlc0_zombie_male_head1
model,#c_t8_zmb_catalyst_fire_head_gib
model,#c_t8_zmb_dlc0_zombie_male_body4_g_rarmoff
model,#hash_571dce3dbd970ee6
model,#p8_zm_gla_lightning_rod_01_platform_rod_01
model,#p8_zm_gla_lightning_rod_01_platform_rod_02
model,#p8_zm_gla_lightning_rod_01_platform_rod_03
model,#p8_zm_gla_lightning_rod_01_platform_rod_04
model,#c_t8_zmb_dlc0_zombie_corpse_head_1
model,#c_t8_zmb_dlc0_zombie_corpse_head_2
model,#c_t8_zmb_dlc0_zombie_corpse_head_5
model,#c_t8_zmb_dlc0_zombie_corpse_head_4
model,#c_t8_zmb_dlc0_zombie_corpse_head_6
model,#c_t8_zmb_dlc0_elephant_body1_evil
model,#p8_fxanim_zm_towers_boss_arena_gate_destroy_mod
model,#p8_zm_chaos_portal_01
model,#hash_57c60091689d66d2
model,#p8_zm_gla_buyable_door_gate_02_top
model,#c_t8_zmb_dlc0_zombie_male_body2_g_upclean_skin2
model,#p8_zm_gla_drawbridge_01_bridge_01
model,#hash_598d4dbe66263af6
model,#c_t8_zmb_dlc0_zombie_female_body2_g_llegoff_skin2
model,#c_t8_zmb_catalyst_electric_larm_gib
model,#p8_zm_gla_drawbridge_01_pulley_bar_01
model,#p8_fxp_debris_rock_02
model,#p8_zm_gla_spile_serket_head_01
model,#hash_5aa20be4217014f1
model,#p8_zm_gla_banner_achievement_tiedown
model,#c_t8_zmb_dlc0_zombie_female_body2_g_upclean_skin2
model,#p8_zm_gla_target_bull
model,#wpn_t8_zm_crossbow_world
model,#p8_zm_zod_ice_chunk_lrg_01
model,#viewmodel_default
model,#p7_gib_chunk_meat_01
model,#p7_gib_chunk_meat_02
model,#p7_gib_chunk_meat_03
model,#p8_fxanim_zm_towers_trap_fire_4_door_mod
model,#hash_5d8f4effc2a12a21
model,#c_t8_zmb_dlc0_zombie_female_body2_g_upclean
model,#p8_zm_chaos_portal_01_chunk_01_cheap
model,#hash_5dd8abee2d470359
model,#c_t8_zmb_dlc0_zombie_destroyer_head
model,#c_t8_zmb_catalyst_electric_body
model,#c_t8_zmb_3rdclass_male_body1_g_rarmoff
model,#c_t8_zmb_catalyst_water_rarm_gib
model,#wpn_t8_eqp_molotov_world
model,#p8_fxanim_zm_towers_challenge_gong_mod
model,#c_t8_zmb_dlc0_zombie_female_head1_skin2
model,#c_t8_zmb_catalyst_fire_rleg_gib
model,#p8_fxp_fluid_droplet_mud
model,#p7_fxp_debris_rock_01
model,#p7_fxp_debris_rock_02
model,#p7_fxp_debris_rock_03
model,#c_t8_zmb_dlc0_zombie_male_body1_g_blegsoff
model,#p8_fxanim_zm_towers_trap_switch_mod
model,#hash_610e699507e56268
model,#p7_fxp_debris_car_glass_shatter_02
model,#p7_fxp_debris_car_glass_shatter_03
model,#p7_fxp_debris_car_glass_shatter_01
model,#p8_zm_wall_buy_pistol_burst
model,#p7_fxp_debris_wood_splinter_02
model,#p7_fxp_debris_wood_splinter_03
model,#p7_fxp_debris_wood_splinter_01
model,#fx_pistol_shell
model,#c_t8_zmb_dlc0_zombie_female_body1_g_rarmoff_skin2
model,#hash_61f18c477c1a2acd
model,#p8_zm_gla_column_glyph_01_flat
model,#c_t8_zmb_dlc0_zombie_female_body2_g_blegsoff
model,#c_t8_zmb_catalyst_water_lleg_gib
model,#p8_zm_gla_drawbridge_01_platform_01
model,#wpn_t7_shield_riot_world
model,#c_t8_zmb_3rdclass_male_body2_g_rarmoff
model,#c_t8_zmb_catalyst_water_rleg_gib
model,#p8_fxp_fluid_droplet_water
model,#p8_zm_zod_pap_plinth_sequence_air
model,#c_t8_zmb_dlc0_zombie_female_body2_g_larmoff_skin2
model,#p7_zm_ctl_tool_fireplace_cauldron
model,#p8_zm_wall_buy_tr_powersemi
model,#p7_zm_zod_nitrous_tank
model,#p8_fxanim_zm_towers_trap_fire_2_door_mod
model,#wpn_t8_zm_crossbow_v2_view
model,#wpn_t7_zmb_zod_rocket_shield_eagle
model,#c_t8_zmb_dlc0_zombie_male_body1_g_larmoff
model,#hash_6594ef853a532da6
model,#p7_zm_isl_bones_human_pile_02
model,#p8_zm_vapor_altar_danu_leaf_single_01
model,#p8_zm_vapor_altar_danu_leaf_single_02
model,#p7_ra2_gold_coin
model,#c_t8_zmb_dlc0_zombie_female_body1_g_blegsoff
model,#p7_shr_wooden_mug
model,#c_t8_zmb_dlc0_zombie_male_body1_s_lleg
model,#wpn_t7_special_crossbow_mag_view
model,#c_t8_zmb_dlc0_zombie_male_body4_split
model,#c_t8_zmb_dlc0_zombie_female_body2_g_blegsoff_skin2
model,#c_t8_zmb_dlc0_zombie_male_body1_g_larmoff_skin2
model,#c_t8_zmb_dlc0_zombie_male_body1_g_larmoff_skin3
model,#wpn_t7_grenade_incendiary_projectile
model,#hash_671e3fab1e4f8320
model,#wpn_t8_ar_accurate_world
model,#p8_fxanim_zm_towers_boss_arena_tower_01_mod
model,#p8_zm_zod_pap_plinth_sequence_fire
model,#p8_zm_chaos_portal_01_chunk_02_cheap
model,#c_t8_zmb_dlc0_hero_diego_body1
model,#p8_zm_pap_pedestal
model,#c_t8_zmb_dlc0_zombie_male_helmet1
model,#c_t8_zmb_catalyst_electric_head_gib
model,#c_t8_zmb_dlc0_zombie_marauder_decapitated_head1
model,#p8_zm_wall_buy_smg_drum_pistol
model,#hash_68afd73a6d5c8314
model,#p7_zm_isl_bones_human_skull_02
model,#c_t8_zmb_dlc0_zombie_female_body2_g_rlegoff
model,#hash_697b10947df3a153
model,#p8_zm_barricade_board_bare_06
model,#p8_zm_barricade_board_bare_04
model,#p8_zm_barricade_board_bare_05
model,#p8_zm_barricade_board_bare_02
model,#p8_zm_barricade_board_bare_03
model,#p8_zm_barricade_board_bare_01
model,#p8_zm_gla_heart_zombie
model,#c_t8_zmb_dlc0_zombie_female_body2_g_rlegoff_skin2
model,#hash_6a116a10c2333237
model,#hash_6a116e10c2333903
model,#hash_6a117510c23344e8
model,#hash_6a117910c2334bb4
model,#hash_6a117a10c2334d67
model,#c_t8_zmb_dlc0_zombie_male_body1_g_llegoff_skin2
model,#c_t8_zmb_dlc0_zombie_male_body1_g_llegoff_skin3
model,#p8_zm_deity_icon_audio_zeus
model,#c_t8_zmb_catalyst_electric_rhand_gib
model,#c_t8_zmb_dlc0_elephant_carriage1
model,#p8_fxanim_zm_towers_ww_quest_wall_mod
model,#c_t8_zmb_dlc0_zombie_female_body2_g_rarmoff
model,#c_t8_zmb_dlc0_zombie_female_body2_split
model,#p8_zm_wall_buy_bowie_knife
model,#p7_shr_weapon_shield_01_dmg
model,#p8_zm_gla_trap_switch_01_gear_02
model,#p8_zm_gla_trap_switch_01_gear_01
model,#p8_zm_gla_trap_blade_01_cylinder_closed
model,#defaultweapon
model,#p8_fxanim_zm_towers_pap_sarcophagus_mod
model,#hash_6c3f5f5ff361f664
model,#p8_fxanim_zm_towers_chaos_pustule_idle_mod
model,#c_t8_zmb_dlc0_hero_scarlett_body1_igc
model,#hash_6c628dba1821e44d
model,#p7_zm_isl_bones_human_foot
model,#p7_ra2_arena_gate_door
model,#p8_fxanim_zm_towers_banner_achievement_red_mod
model,#c_t8_zmb_dlc0_zombie_destroyer_ri_pauldron1
model,#c_t8_zmb_3rdclass_male_body1_g_behead
model,#c_t8_zmb_dlc0_elephant_headarmor1
model,#p8_fxp_zm_magicbox_glow_top
model,#c_t8_zmb_dlc0_zombie_male_head3_skin2
model,#tag_origin
model,#c_t8_zmb_dlc0_zombie_female_body2_skin2
model,#p8_fxanim_zm_zod_magic_box_plinth_mod
model,#p8_fxanim_zm_zod_magic_box_mod
model,#hash_6ef265b9b93fa55b
model,#p8_fxanim_zm_towers_boss_arena_tower_entrance_mod
model,#fx_char_gib_chunk_fat
model,#c_t8_zmb_dlc0_zombie_male_body1_g_behead
model,#c_t8_zmb_dlc0_zombie_female_body1_skin2
model,#p8_zm_gla_key_block_01
model,#c_t8_zmb_dlc0_tiger_head1_decapitated
model,#p8_fxanim_zm_towers_buyable_gate_02_a_frameless_mod
model,#c_t8_zmb_dlc0_zombie_male_body1_g_upclean
model,#p8_zm_gla_trap_blade_01_cylinder_bearing
model,#hash_70f1aafdf8d06953
model,#c_t8_zmb_blightfather_body1
model,#p8_zm_esc_skull_sgl
model,#p8_zm_gla_artifact_mind
model,#veh_t8_drone_seeker_rig
model,#c_t8_zmb_dlc0_zombie_male_body3_g_rlegoff
model,#p8_mov_zm_gla_rope_restraint_01_bruno
model,#p8_zm_gla_target_bull_eye_glow
model,#c_t8_zmb_dlc0_zombie_male_body2_g_larmoff
model,#wpn_t7_grenade_incendiary_view
model,#hash_727ce05b59a016ff
model,#p8_fxanim_zm_towers_cage_hang_01_mod
model,#p7_shr_weapon_spear_lrg
model,#hash_7327ed95397bed81
model,#p8_zm_gla_buyable_door_gate_01_lt
model,#p8_zm_gla_buyable_door_gate_01_rt
model,#p8_zm_chaos_portal_01_chunk_03_cheap
model,#p8_fxanim_zm_vapor_altar_odin_mod
model,#p8_zm_wall_buy_symbol_01_middle
model,#p8_fxanim_zm_zod_magic_box_skull_mod
model,#hash_74b948c7d152f457
model,#c_t8_zmb_dlc0_zombie_female_head3_skin2
model,#c_t8_zmb_dlc0_hero_diego_body1_igc
model,#p8_fxanim_zm_towers_pap_door_red_02_mod
model,#c_t8_zmb_blightfather_eggsack1_both
model,#hash_757ba975d7f33096
model,#p8_zm_wall_buy_ar_modular
model,#p8_zm_gla_pap_sarcophagus_dmg
model,#p7_zm_der2_vending_packapunch_sign_wait
model,#c_t8_zmb_catalyst_fire_rhand_gib
model,#c_t8_zmb_dlc0_elephant_armor1
model,#p7_3d_txt_antiqua_bold_c_red
model,#p8_zm_gla_cel_floor_tile_dmg_01_emissive
model,#c_t8_zmb_dlc0_elephant_body1
model,#p8_fxanim_gp_rat_01_mod
model,#p7_3d_txt_antiqua_bold_r_red
model,#hash_77659f61538a4beb
model,#c_t8_zmb_blightfather_eggsack1_both_bullet_collision
model,#c_t8_zmb_dlc0_elephant_chain5_evil
model,#p8_zm_gla_artifact_podium_on
model,#p8_zm_wall_buy_tr_leveraction
model,#p8_zm_zod_pap_plinth_sequence_water
model,#p8_zm_deity_icon_audio_danu
model,#hash_77ef8294c44076f1
model,#p8_zm_gla_nor_cage_tall
model,#hash_78fee920883d70c9
model,#p8_fxanim_zm_towers_buyable_gate_02_a_mod
model,#p8_zm_gla_nor_funeral_pyre_person_helm
model,#p8_zm_powerup_free_perk_02
model,#hash_7a2908480c938991
model,#c_t8_zmb_dlc0_zombie_male_body2_g_lowclean_skin2
model,#c_zom_der_zombie_head1
model,#hash_7a7adcbe561969a2
model,#p8_fxanim_zm_towers_hand_cipher_mod
model,#wpn_t7_special_crossbow_mag_world
model,#hash_7ae080619872654e
model,#c_t8_zmb_dlc0_zombie_male_body1_skin2
model,#c_t8_zmb_dlc0_zombie_male_body1_skin3
model,#c_t8_zmb_dlc0_zombie_destroyer_head_decapitated
model,#p8_fxanim_zm_vapor_altar_zeus_bird_head_mod
model,#c_t8_zmb_catalyst_decay_head
model,#wpn_t7_zmb_zod_rocket_shield_window
model,#p8_zm_gla_trap_acid_01_frame
model,#c_t8_zmb_dlc0_elephant_chain2_evil
model,#p7_zm_vending_packapunch
model,#c_t8_zmb_dlc0_elephant_chain1_evil
model,#p8_fxanim_zm_towers_odin_cauldron_chain_hook_meat_01_mod
model,#p8_mov_zm_gla_weapon_spear_01
model,#c_t8_zmb_dlc0_zombie_male_body3_g_lowclean
model,#p8_fxanim_zm_towers_cage_hang_02_mod
model,#p8_fxanim_zm_towers_banner_achievement_purple_mod
model,#hash_7e828263e7a97a21
model,#p7_ra2_garden_gate_left
model,#c_t8_zmb_3rdclass_male_body2_split
model,#c_t8_zmb_catalyst_water_larm_gib
model,#c_t8_zmb_dlc0_zombie_destroyer_body1
model,#c_t8_zmb_dlc0_zombie_male_head2_skin2
model,#c_t8_zmb_dlc0_elephant_husk_body1_evil
model,#c_t8_zmb_dlc0_zombie_destroyer_body1_igc
model,#p8_zm_esc_wood_splintered
model,#c_t8_zmb_dlc0_zombie_male_body2_g_rlegoff_skin2
model,#c_t8_zmb_catalyst_electric_rleg_gib
aitype,#spawner_zm_towers_boss_2
aitype,#spawner_zm_zombie_female_towers
aitype,#spawner_zm_catalyst_plasma
aitype,#spawner_zm_catalyst_water
aitype,#spawner_zm_gladiator_marauder
aitype,#spawner_zm_catalyst_corrosive
aitype,#spawner_zm_zombie_2_towers
aitype,#spawner_zm_towers_boss_rider
aitype,#spawner_zm_towers_boss
aitype,#spawner_zm_blight_father
aitype,#spawner_zm_gladiator_destroyer
aitype,#spawner_zm_zombie_towers
aitype,#spawner_zm_zombie
aitype,#spawner_zm_catalyst_electric
aitype,#spawner_zm_tiger
character,#c_t8_zmb_catalyst_decay
character,#c_t8_zmb_dlc0_zombie_female2_skin2
character,#c_t8_zmb_blightfather1
character,#hash_fa17b711ee009bb
character,#c_t8_zmb_catalyst_fire
character,#c_t8_zmb_dlc0_zombie_destroyer1
character,#hash_14c348b1d895f7b1
character,#hash_162c7501bb4e5e35
character,#c_t8_zmb_dlc0_hero_stanton1_igc
character,#c_t8_zmb_dlc0_hero_scarlett1_igc
character,#c_t8_zmb_dlc0_zombie_female1
character,#c_t8_zmb_dlc0_zombie_female2
character,#c_t8_zmb_3rdclass_male1
character,#c_t8_zmb_3rdclass_male2
character,#c_t8_zmb_dlc0_zombie_marauder1
character,#hash_2f666bb2f4cb8be9
character,#c_t8_zmb_catalyst_electric
character,#hash_3221e8b3c0c61381
character,#c_t8_zmb_dlc0_tiger1
character,#hash_3c954413cbb4e650
character,#c_t8_zmb_catalyst_water
character,#hash_3ed5ad86e9fc7677
character,#c_t8_zmb_dlc0_zombie_male4
character,#c_t8_zmb_dlc0_zombie_male1
character,#c_t8_zmb_dlc0_zombie_male2
character,#c_t8_zmb_dlc0_zombie_male3
character,#hash_4a61b16b4110cba7
character,#hash_5095ea6f1f637881
character,#hash_54d54f3258305ab1
character,#c_t8_zmb_dlc0_zombie_male1_skin3
character,#c_t8_zmb_dlc0_zombie_male1_skin2
character,#hash_5b9981f95bbc2248
character,#hash_654b8434b49db0b8
character,#c_t8_zmb_dlc0_hero_diego1
character,#c_t8_zmb_dlc0_elephant1
character,#c_t8_zmb_dlc0_zombie_female1_skin2
character,#c_t8_zmb_dlc0_elephant1_evil
character,#c_t8_zmb_dlc0_hero_bruno1_igc
character,#c_t8_zmb_dlc0_hero_diego1_igc
character,#c_t8_zmb_dlc0_zombie_male2_skin2
character,#hash_798c2bca983e168c
character,#hash_7ce0eb9fb0174c3a
xmodelalias,#hash_8fb2fcc7f6ad130
xmodelalias,#hash_1dc9d37579de5fe4
xmodelalias,#hash_28ae66a52a027563
xmodelalias,#hash_3c1a5330b7a71c4e
xmodelalias,#hash_475528e39f16a91a
xmodelalias,#hash_593da0986e28fab2
xmodelalias,#hash_612e15b05a54b6c5
xmodelalias,#hash_63d0cca6d6bfe571
xmodelalias,#hash_67d844747eaa7dc6
xmodelalias,#hash_683f1f1d5213b61d
weapon,#zitem_zhield_zword_part_3_zm
weapon,#zitem_traps_hellpools_part_2_zm
weapon,#zhield_zword_dw_zm
weapon,#incendiary_fire_zm
weapon,#dog_ai_defaultmelee_zm
weapon,#pistol_topbreak_t8_zm
weapon,#zhield_zword_turret_zm
weapon,#zhield_zword_lh_upgraded_zm
weapon,#zitem_traps_hellpools_part_1_zm
weapon,#zitem_zhield_zword_part_2_zm
weapon,#gladiator_melee
weapon,#zitem_traps_hellpools_part_3_zm
weapon,#buildable_piece_zm
weapon,#ww_crossbow_t8_zm
weapon,#zhield_zword_lh_zm
weapon,#zombie_ai_defaultmelee_zm
weapon,#eq_molotov_zm
weapon,#ww_crossbow_t8_upgraded_zm
weapon,#riotshield_zm
weapon,#rider_spear_projectile_zm
weapon,#ww_crossbow_charged_t8_upgraded_zm
weapon,#zitem_zhield_zword_part_1_zm
weapon,#zombie_ai_defaultmelee
weapon,#blight_father_melee
weapon,#zhield_zword_turret_upgraded_zm
weapon,#ww_crossbow_charged_t8_zm
weapon,#elephant_eye_projectile_zm
weapon,#zhield_zword_dw_upgraded_zm
gesture,#ges_prone_to_crouch
gesture,#ges_slide
gesture,#ges_slide_buckler
gesture,#ges_mantle_buckler
gesture,#hash_277749aab1c80810
gesture,#ges_crouch_to_prone
gesture,#ges_swim_idle
gesture,#hash_5be3e5303dfe56c4
gesture,#ges_mantle
gesture,#hash_61d5e8f78a0507d4
gesture,#hash_758fbb1ee474d941
gesture,#hash_75ebfc135f681a76
zbarrier,#zmcore_t8_basicwoodbarrier_hide_pieces
zbarrier,#zm_packapunch_stationary
zbarrier,#hash_1469c7f50cc7236e
zbarrier,#hash_1dfefc9ccf58e71c
zbarrier,#hash_1f0242eb3d4f9d01
zbarrier,#hash_223b3f349b5935e9
zbarrier,#hash_426eb5493677d4f3
zbarrier,#zodt8_magicbox
zbarrier,#zmcore_t8_basicwoodbarrier
rumble,#damage_light
rumble,#zm_towers_earthquake_light
rumble,#damage_heavy
rumble,#hash_1b194e26c256036c
rumble,#grapple_reel
rumble,#shotgun_fire
rumble,#hash_336e1d9a83b29d55
rumble,#pistol_fire
rumble,#zod_shield_juke
rumble,#veh_jump_landing
rumble,#zm_towers_earthquake_heavy
rumble,#crossbow_fire
rumble,#grenade_rumble
rumble,#grenade_throw
rumble,#defaultweapon_fire
rumble,#veh_collision_heavy
rumble,#veh_collision_light
rumble,#shotgun_adsfire
rumble,#hash_772f3a128d16acc3
rumble,#hash_7a7eacfb6ce82094
rumble,#anim_med
shellshock,#shellshock_blur
shellshock,#status_effect_tinnitus
shellshock,#status_effect_flash
shellshock,#shellshock_blur_pc
statuseffect,#deaf_electricity_catalyst
statuseffect,#hash_baee445ed1d9b99
statuseffect,#elephant_spear_fire
statuseffect,#hash_2c80515d8ac9f1b4
statuseffect,#blind_zm_catalyst
statuseffect,#hash_4b174f501c358c4c
statuseffect,#hash_528115ad9eebc84f
statuseffect,#chaos_missile_damage
statuseffect,#dot_corrosive_catalyst
xcam,#c_zm_ix_outro_sh070_cam
xcam,#c_zm_ix_outro_sh168_cam
xcam,#c_zm_ix_outro_sh170
xcam,#c_zm_ix_outro_sh145
xcam,#c_zm_ix_outro_sh135
xcam,#c_zm_ix_outro_sh138
xcam,#c_zm_ix_outro_sh140_cam
xcam,#c_zm_ix_outro_sh060_cam
xcam,#ui_cam_icon_pistol_shotgun
xcam,#c_zm_ix_outro_sh160_cam
xcam,#c_zm_ix_outro_sh050_cam
xcam,#c_cin_zm_mvid_acid_trap_cam3_cam
xcam,#c_zm_ix_outro_sh180_cam
xcam,#ui_cam_cac_pistol_topbreak
xcam,#ui_cam_icon_special_crossbow
xcam,#ui_cam_cac_equip_incendiary
xcam,#c_cin_zm_mvid_acid_trap_cam2
xcam,#c_cin_zm_mvid_acid_trap_cam1
xcam,#c_zm_ix_outro_sh110_cam
xcam,#c_zm_ix_outro_sh080_cam
xcam,#c_zm_ix_outro_sh030_cam
xcam,#c_zm_mvid_pack_a_punch_react_cam1
xcam,#c_zm_ix_outro_sh150_cam
xcam,#c_zm_ix_outro_sh020_cam
xcam,#c_zm_ix_outro_sh165_cam
xcam,#c_zm_ix_outro_sh010_cam
xcam,#c_zm_ix_outro_sh120_cam
xcam,#c_cin_zm_mvid_onfire_cam1
xcam,#c_zm_ix_outro_sh040_cam
xcam,#ui_cam_cac_special_crossbow
xcam,#c_zm_ix_outro_sh100_cam
streamerhint,#cin_zm_mvid_acid_trap
streamerhint,#cin_zm_ix_outro
streamerhint,#cin_zm_mvid_pack_a_punch_react
streamerhint,#cin_zm_mvid_onfire
xanim,#ai_zombie_base_walk_au_v10_pain_chest_f
xanim,#ai_zm_dlc1_zombie_crawl_climb_up_256_down_32
xanim,#pt_battle_shield_male_stand_putaway
xanim,#ai_t8_zm_zombie_boardtear_aligned_l_6_pull
xanim,#p8_fxanim_zm_towers_odin_cauldron_chain_hook_anim
xanim,#vm_pistol_webley_fire_ads
xanim,#ai_zombie_base_walk_au_v5_pain_chest_f
xanim,#ai_t8_zm_twrs_zg_dstyr_melee_l
xanim,#ai_t8_zm_twrs_zg_dstyr_melee_r
xanim,#ai_t8_zm_zombie_base_walk_jump_up_catwlk_160
xanim,#vm_zom_tower_shield_turret_melee
xanim,#ai_t8_zm_twrs_tgr_stalk_idle_01
xanim,#ai_t8_zm_zombie_base_walk_jump_up_catwlk_128
xanim,#p8_fxanim_zm_towers_rat_odin_hall_02_anim
xanim,#hash_103e0377704701f
xanim,#hash_103e137770471d2
xanim,#vm_scorpion_pullout_quick
xanim,#ai_t8_zm_zombie_base_trv_jump_up_128_thru_sm_hole
xanim,#ai_zm_dlc1_zombie_walk_lowg_v4_pain_chest_f_alt
xanim,#ai_t8_zm_twrs_zg_dstyr_getup_facedown
xanim,#hash_1a5544f4f7b7183
xanim,#hash_1a5554f4f7b7336
xanim,#ai_zombie_base_sprint_ad_sidestep_right_long_b
xanim,#ai_zombie_base_sprint_ad_sidestep_right_long_a
xanim,#hash_1d9a228d4779155
xanim,#ai_t8_zm_zombie_base_crawl_boardtear_aligned_l_2_grab
xanim,#vm_grapple_gun_reel_in_additive
xanim,#ai_t8_zm_zombie_base_crawl_boardtear_aligned_l_6_hold
xanim,#hash_28de49288638cdf
xanim,#hash_28de59288638e92
xanim,#ai_t8_zm_zod_catalyst_electric_spawn_01
xanim,#ai_t8_zm_twrs_tgr_dth_l_01
xanim,#ai_zombie_base_run_ad_v21_pain_chest_f
xanim,#ai_zombie_zod_crawl_stunned_electrobolt_e
xanim,#ai_zombie_zod_crawl_stunned_electrobolt_d
xanim,#ai_zombie_zod_crawl_stunned_electrobolt_a
xanim,#ai_zombie_zod_crawl_stunned_electrobolt_c
xanim,#ai_zombie_zod_crawl_stunned_electrobolt_b
xanim,#hash_30720ce21730319
xanim,#ai_t8_zm_zombie_boardtear_aligned_r_3_hold
xanim,#hash_34f00ee2a68746a
xanim,#ai_zombie_base_walk_ad_v22_pain_chest_f_alt
xanim,#ai_zombie_base_walk_au_sidestep_right_b
xanim,#ai_t8_zm_zombie_base_run_jump_up_128_quick
xanim,#ai_zombie_base_walk_ad_v23_pain_chest_f
xanim,#hash_3d08e4380091f56
xanim,#hash_3d773557a343278
xanim,#ai_t8_zm_twrs_zg_dstyr_axe_throw_r
xanim,#ai_t8_zm_twrs_zg_dstyr_axe_throw_l
xanim,#ai_t8_zm_zombie_base_crawl_boardtear_aligned_r_1_hold
xanim,#p8_fxanim_zm_zod_magic_box_skull_drop_anim
xanim,#vm_pistol_webley_sprint_loop
xanim,#ai_t8_zm_zombie_boardtear_aligned_m_1_pull
xanim,#vm_grapple_gun_reel_in
xanim,#ai_t8_zm_twrs_zg_dstyr_axe_run_throw_l
xanim,#ai_t8_zm_twrs_zg_dstyr_axe_run_throw_r
xanim,#ai_t8_zm_twrs_zg_mrdr_knockdown_f
xanim,#ai_t8_zm_twrs_zg_mrdr_knockdown_b
xanim,#ai_t8_zm_twrs_zg_mrdr_knockdown_l
xanim,#ai_t8_zm_twrs_zg_mrdr_knockdown_r
xanim,#vm_pistol_webley_jump
xanim,#hash_5615e16d97b5775
xanim,#hash_576e9f8b72295db
xanim,#ai_t8_zm_zod_bltfthr_trv_mantle_128
xanim,#ai_t8_zm_zombie_base_crawl_boardtear_aligned_r_2_hold
xanim,#ai_t8_zm_twrs_tgr_trv_boardbreak_01
xanim,#ai_zombie_base_run_au_v5_pain_chest_f
xanim,#ai_t8_zm_twrs_zg_mrdr_jump_dn_128
xanim,#p8_fxanim_zm_towers_rat_ra_tunnel_01_anim
xanim,#ai_t8_zm_twrs_zg_mrdr_jump_dn_160
xanim,#ai_t8_zombie_base_walk_au_win_trav_r_v1
xanim,#p8_fxanim_zm_towers_boss_arena_tower_entrance_anim
xanim,#ai_zm_dlc1_zombie_run_lowg_v1_pain_chest_f
xanim,#ai_zombie_base_dth_f_chest_lt_00
xanim,#ai_zombie_base_dth_f_chest_lt_01
xanim,#ai_zombie_base_dth_f_chest_lt_02
xanim,#ai_zombie_base_dth_f_chest_lt_03
xanim,#p8_fxanim_zm_zod_magic_box_open_anim
xanim,#hash_67cf596b7814a53
xanim,#ai_t8_zm_zombie_boardtear_aligned_l_3_pull
xanim,#hash_6a18ec3fcda0dce
xanim,#ai_zombie_base_walk_ad_v22_pain_chest_f
xanim,#ai_zombie_base_walk_ad_v1_pain_chest_f
xanim,#ai_t8_zm_zod_bltfthr_pain_stun_out
xanim,#ai_t8_zm_twrs_zg_dstyr_stun_loop_01
xanim,#pt_scorpion_crouch_fire_hold
xanim,#ai_zm_dlc1_zombie_climb_up_256_down_40
xanim,#ai_zm_dlc1_zombie_climb_up_256_down_32
xanim,#ai_t8_zombie_base_sprint_au_v20_pain_chest_f
xanim,#ai_t8_zm_zod_bltfthr_trv_jump_dn_36
xanim,#hash_7ca16aeab3098ab
xanim,#hash_7ca17aeab309a5e
xanim,#ai_t8_zm_zod_bltfthr_trv_jump_dn_48
xanim,#ai_t8_zombie_base_cust_trv_jump_up_zm_mnsn_main_hall
xanim,#ai_t8_zm_zod_bltfthr_trv_jump_dn_72
xanim,#ai_t8_zm_zombie_base_crawl_boardtear_aligned_l_1_pull
xanim,#ai_t8_zm_zod_bltfthr_trv_jump_dn_96
xanim,#hash_7db4837e9114abc
xanim,#ai_zombie_zod_crawl_jump_down_256
xanim,#ai_t8_zm_twrs_tgr_trv_jump_up_36
xanim,#ai_t8_zm_twrs_tgr_trv_jump_up_48
xanim,#vm_mini_crossbow_ads_base_up
xanim,#ai_t8_zombie_base_run_au_win_trav_m_v1
xanim,#hash_89706697c2d7916
xanim,#hash_89c0f095b5b3ac0
xanim,#ai_zombie_smash_react_getup
xanim,#p8_fxanim_zm_towers_rod_loc01_02_anim
xanim,#p8_fxanim_zm_towers_buyable_gate_02_b_close_anim
xanim,#ai_zombie_base_walk_ad_v19_pain_chest_f
xanim,#hash_996c15904eb054a
xanim,#hash_9ab5971d81d1dfa
xanim,#ai_t8_zm_zombie_crawl_undercroft_spawn_02
xanim,#hash_9e524cf923004fd
xanim,#vm_incendiary_throw_quick
xanim,#p8_fxanim_zm_vapor_altar_ra_off_anim
xanim,#vm_bare_hands_t8_swim_uw_sprint_loop
xanim,#vm_scorpion_fire_intro
xanim,#ai_t8_zm_zod_catalyst_water_sprint_02
xanim,#ai_t8_zm_zod_catalyst_water_sprint_01
xanim,#ai_t8_zm_zod_bltfthr_pain_knockdown_f_01
xanim,#bo3_ai_zombie_taunts_4
xanim,#ai_zm_dlc1_zombie_sprint_lowg_v3_pain_chest_f_alt
xanim,#hash_b043ba035453ebb
xanim,#p8_fxanim_zm_towers_boss_arena_tower_01_01_anim
xanim,#hash_b35aad71abf3484
xanim,#ai_zombie_base_run_au_v11_pain_chest_f_alt
xanim,#ai_t8_zm_zombie_base_walk_attack_14
xanim,#ai_t8_zm_zombie_base_walk_attack_15
xanim,#ai_t8_zm_zombie_base_walk_attack_11
xanim,#ai_t8_zm_zombie_base_walk_attack_12
xanim,#ai_t8_zm_zombie_base_walk_attack_09
xanim,#ai_t8_zm_zombie_base_walk_attack_08
xanim,#ai_t8_zm_zombie_base_walk_attack_07
xanim,#ai_t8_zm_zombie_base_walk_attack_06
xanim,#ai_t8_zm_zombie_base_walk_attack_05
xanim,#ai_t8_zm_zombie_base_walk_attack_04
xanim,#ai_t8_zm_zombie_base_walk_attack_02
xanim,#ai_t8_zm_zombie_base_walk_attack_01
xanim,#vm_pistol_webley_sprint_out
xanim,#ai_t8_zm_zod_bltfthr_melee_swipe_right
xanim,#hash_be3f5faed0c98db
xanim,#hash_be3f6faed0c9a8e
xanim,#hash_be3f7faed0c9c41
xanim,#hash_be3f8faed0c9df4
xanim,#hash_be3f9faed0c9fa7
xanim,#hash_be3fafaed0ca15a
xanim,#ai_zombie_dr_jump_up_2_climb
xanim,#vm_scorpion_idle
xanim,#ai_t8_zm_zombie_boardtear_aligned_m_1_grab
xanim,#hash_ce4aaf241716589
xanim,#hash_ce4abf24171673c
xanim,#hash_ce4acf2417168ef
xanim,#hash_ce4adf241716aa2
xanim,#vm_pistol_webley_putaway
xanim,#hash_d03fa4bc9cad5f3
xanim,#hash_d156fa6b8ed51ca
xanim,#ai_t8_zm_twrs_tgr_stun_loop
xanim,#p8_fxanim_zm_towers_trap_blade_01_start_anim
xanim,#vm_zom_tower_shield_sprint_putaway
xanim,#ai_base_rifle_stn_run_dth_f_head_lt_1
xanim,#pt_scorpion_prone_fire_hold
xanim,#ai_zombie_base_run_turn_45_l_v2
xanim,#vm_scorpion_ads_base_down
xanim,#hash_dec0b269041702e
xanim,#ai_t8_zm_twrs_tgr_stalk_react_f_01
xanim,#ai_zombie_base_sprint_turn_45_l_v2
xanim,#o_zombie_base_magic_box_teddy_rise
xanim,#ai_zombie_base_run_ad_v22_pain_chest_f
xanim,#p8_fxanim_zm_towers_rod_loc02_03_anim
xanim,#p8_fxanim_zm_pap_disassemble_anim
xanim,#ai_zombie_base_walk_ad_v24_pain_chest_f
xanim,#ai_t8_zm_zod_bltfthr_stn_turn_r_135
xanim,#vm_mini_crossbow_swim_uw_b
xanim,#vm_mini_crossbow_swim_uw_f
xanim,#vm_mini_crossbow_swim_uw_l
xanim,#vm_mini_crossbow_swim_uw_r
xanim,#ai_zombie_base_crawl_sprint_v2
xanim,#ai_zombie_base_crawl_sprint_v3
xanim,#ai_zombie_base_crawl_sprint_v1
xanim,#ai_t8_zm_zod_bltfthr_stn_turn_r_180
xanim,#ai_t8_zm_twrs_zg_dstyr_axe_catch_r
xanim,#ai_t8_zm_twrs_zg_dstyr_axe_catch_l
xanim,#hash_f1478ab63c00e64
xanim,#p8_fxanim_zm_zod_magic_box_plinth_anim
xanim,#vm_t8_swim_out
xanim,#ai_t8_zm_twrs_zg_dstyr_turn_r_135
xanim,#ai_zombie_base_fast_sprint_02_pain_chest_f_alt
xanim,#ai_t8_zm_twrs_zg_dstyr_turn_r_180
xanim,#hash_fd24e7adcfea730
xanim,#p8_fxanim_zm_towers_cage_hang_01_anim
xanim,#vm_mini_crossbow_jump_land
xanim,#ai_t8_zm_zombie_base_crawl_boardtear_aligned_m_6_pull
xanim,#p8_fxanim_zm_towers_trap_fire_2_door_close_anim
xanim,#ai_t8_zm_twrs_hllpht_idle_01
xanim,#ai_t8_zm_twrs_hllpht_idle_02
xanim,#ai_t8_zm_twrs_hllpht_idle_03
xanim,#ai_t8_zm_zod_bltfthr_trv_jump_up_36
xanim,#ai_t8_zm_zod_bltfthr_trv_jump_up_48
xanim,#ai_t8_zm_zod_bltfthr_trv_jump_up_72
xanim,#ai_t8_zm_twrs_tgr_stalk_walk_exit_8
xanim,#ai_t8_zm_zod_bltfthr_trv_jump_up_96
xanim,#ai_t8_zm_twrs_tgr_stn_turn_l_90
xanim,#ai_t8_zm_twrs_tgr_stn_turn_l_45
xanim,#hash_107d9d6342182665
xanim,#vm_mini_crossbow_fire
xanim,#hash_10aab1e736f9cdc3
xanim,#hash_10aab2e736f9cf76
xanim,#hash_10aab3e736f9d129
xanim,#hash_10aab4e736f9d2dc
xanim,#ai_t8_zombie_base_sprint_au_v1_pain_chest_f_alt
xanim,#ai_zombie_base_dth_l_chest_hvy_00
xanim,#ai_zombie_base_dth_l_chest_hvy_03
xanim,#ai_zombie_base_dth_l_chest_hvy_02
xanim,#vm_t8_swim_out_additive
xanim,#ai_t8_zm_twrs_zg_dstyr_jump_up_160
xanim,#ai_zombie_base_run_ad_v11_pain_chest_f_alt
xanim,#ai_t8_zm_twrs_zg_dstyr_jump_up_128
xanim,#ai_zombie_base_walk_au_v6_pain_chest_f
xanim,#ai_zombie_base_dth_l_torso_lt
xanim,#vm_zom_tower_shield_fall
xanim,#ai_zombie_base_run_au_v23_pain_chest_f_alt
xanim,#ai_t8_zm_zod_catalyst_plasma_death_01
xanim,#ai_t8_zm_zod_catalyst_plasma_death_03
xanim,#ai_t8_zm_zod_catalyst_plasma_death_02
xanim,#ai_zombie_base_jump_down_48
xanim,#ai_zombie_base_jump_down_72
xanim,#ai_zombie_base_jump_down_36
xanim,#ai_zombie_base_walk_ad_v20_pain_chest_f_alt
xanim,#ai_zombie_base_jump_down_96
xanim,#vm_mini_crossbow_gunbutt_swipe
xanim,#ai_zombie_base_walk_ad_v1_pain_chest_f_alt
xanim,#ai_zombie_base_walk_turn_45_r_v2
xanim,#ai_zombie_base_dth_b_chest_lt_02
xanim,#ai_zombie_base_dth_b_chest_lt_03
xanim,#ai_zombie_base_run_turn_90_l_v3
xanim,#hash_1260ad0816536a19
xanim,#ai_t8_zm_zod_bltfthr_vomit_crafting_table
xanim,#ai_zm_dlc1_zombie_run_lowg_v3_pain_chest_f
xanim,#ai_t8_zm_zombie_base_crawl_boardtear_aligned_l_5_grab
xanim,#hash_12f0e090b9e030d7
xanim,#ai_t8_zm_zombie_base_crawl_boardtear_aligned_l_4_grab
xanim,#vm_pistol_webley_ads_base_up
xanim,#hash_134b8090d1b4b580
xanim,#hash_134b8190d1b4b733
xanim,#hash_134b8390d1b4ba99
xanim,#hash_134b8490d1b4bc4c
xanim,#hash_134b8590d1b4bdff
xanim,#hash_134b8690d1b4bfb2
xanim,#hash_134b8790d1b4c165
xanim,#hash_134b8a90d1b4c67e
xanim,#hash_134b8b90d1b4c831
xanim,#hash_134f0390d1b7c9f0
xanim,#hash_134f0490d1b7cba3
xanim,#hash_134f0790d1b7d0bc
xanim,#hash_134f0890d1b7d26f
xanim,#hash_134f0990d1b7d422
xanim,#hash_134f0a90d1b7d5d5
xanim,#hash_13574f5b3b4024f1
xanim,#ai_zombie_base_walk_au_v23_pain_chest_f_alt
xanim,#hash_13a945eea7f84e99
xanim,#hash_13a9eac9d432e71c
xanim,#hash_13bbc067bb0a1344
xanim,#hash_13c0c900aa1bd882
xanim,#pt_scorpion_prone_fire_cancel
xanim,#vm_zom_tower_shield_turret_ads_base_up
xanim,#ai_t8_zm_zod_bltfthr_pain_knockdown_l_01
xanim,#ai_t8_zm_twrs_zg_dstyr_pain_f_lt_01
xanim,#ai_t8_zm_twrs_zg_mrdr_boardbreak_02
xanim,#ai_t8_zm_twrs_zg_mrdr_boardbreak_01
xanim,#ai_zombie_base_walk_au_v3_pain_chest_f_alt
xanim,#p8_fxanim_zm_towers_trap_acid_start_02_anim
xanim,#hash_1447253275dbb643
xanim,#hash_1447263275dbb7f6
xanim,#hash_1447273275dbb9a9
xanim,#hash_1447283275dbbb5c
xanim,#ai_zm_dlc1_zombie_jump_up_lowg_v1
xanim,#ai_zombie_base_walk_au_sidestep_left_long
xanim,#o_zombie_base_packapunch_working_eject_gun
xanim,#ai_zombie_base_run_ad_v8_pain_chest_f
xanim,#ai_zombie_base_run_ad_v8
xanim,#ai_zombie_base_run_ad_v1
xanim,#ai_zombie_base_run_ad_v2
xanim,#ai_zombie_base_run_ad_v4
xanim,#ai_zombie_base_run_ad_v7
xanim,#hash_1544479ab0f4ac15
xanim,#ai_t8_zm_twrs_zg_dstyr_melee_l_02
xanim,#ai_zombie_base_run_mantle_over_36
xanim,#ai_t8_zm_zod_catalyst_electric_idle_02
xanim,#ai_t8_zm_zod_catalyst_electric_idle_01
xanim,#ai_zombie_base_run_mantle_over_72
xanim,#ai_zombie_base_run_mantle_over_48
xanim,#ai_zombie_base_run_mantle_over_96
xanim,#ai_t8_zm_zombie_boardtear_aligned_l_4_grab
xanim,#vm_mini_crossbow_swim_uw_out
xanim,#ai_t8_zm_twrs_zg_mrdr_pain_head
xanim,#p8_fxanim_zm_towers_pap_door_blue_anim
xanim,#hash_1663d6a2e4ed5901
xanim,#hash_16680bfd781d9a47
xanim,#hash_16680cfd781d9bfa
xanim,#ai_zombie_base_walk_ad_v3
xanim,#ai_zombie_base_walk_ad_v2
xanim,#ai_zombie_base_walk_ad_v1
xanim,#ai_zombie_base_walk_ad_v7
xanim,#ai_zombie_base_walk_ad_v6
xanim,#ai_zombie_base_walk_ad_v5
xanim,#ai_zombie_base_walk_ad_v4
xanim,#hash_16c1123ef836ba2e
xanim,#ai_t8_zm_zombie_base_crawl_boardtear_aligned_m_5_pull
xanim,#ai_t8_zm_zombie_base_walk_jump_up_96
xanim,#ai_t8_zm_zombie_base_walk_jump_up_48
xanim,#ai_t8_zm_zombie_base_walk_jump_up_72
xanim,#ai_t8_zm_zombie_base_walk_jump_up_36
xanim,#ai_zombie_base_walk_au_pain_head_v1
xanim,#hash_174ac685485b46a6
xanim,#hash_1790eb30a2b66540
xanim,#ai_t8_zm_zombie_base_attack_14
xanim,#ai_t8_zm_zombie_base_attack_15
xanim,#ai_t8_zm_zombie_base_attack_12
xanim,#ai_t8_zm_zombie_base_attack_13
xanim,#ai_t8_zm_zombie_base_attack_10
xanim,#ai_t8_zm_zombie_base_attack_11
xanim,#ai_t8_zm_zombie_base_attack_09
xanim,#ai_t8_zm_zombie_base_attack_08
xanim,#ai_t8_zm_zombie_base_attack_01
xanim,#ai_t8_zm_zombie_base_attack_03
xanim,#ai_t8_zm_zombie_base_attack_02
xanim,#ai_t8_zm_zombie_base_attack_05
xanim,#ai_t8_zm_zombie_base_attack_04
xanim,#ai_t8_zm_zombie_base_attack_07
xanim,#ai_t8_zm_zombie_base_attack_06
xanim,#ai_zombie_base_walk_ad_v23
xanim,#ai_zombie_base_walk_ad_v22
xanim,#ai_zombie_base_walk_ad_v21
xanim,#ai_zombie_base_walk_ad_v20
xanim,#ai_zombie_base_walk_ad_v25
xanim,#ai_zombie_base_walk_ad_v24
xanim,#ai_zombie_base_walk_ad_v19
xanim,#ai_t8_zm_zombie_base_run_jump_up_48
xanim,#ai_t8_zm_zombie_base_run_jump_up_72
xanim,#ai_zombie_base_dth_r_head_lt
xanim,#ai_t8_zm_zombie_base_run_jump_up_36
xanim,#vm_scorpion_fall
xanim,#ai_t8_zm_zombie_base_run_jump_up_96
xanim,#ai_zm_dlc1_zombie_jump_up_36_down_180
xanim,#ai_zm_dlc1_zombie_sprint_lowg_v4_pain_chest_f
xanim,#ai_t8_zm_zod_catalyst_water_arrival_7
xanim,#ai_t8_zm_zod_catalyst_water_arrival_6
xanim,#ai_t8_zm_zod_catalyst_water_arrival_4
xanim,#ai_t8_zm_zod_catalyst_water_arrival_3
xanim,#ai_t8_zm_zod_catalyst_water_arrival_2
xanim,#ai_t8_zm_zod_catalyst_water_arrival_1
xanim,#ai_t8_zm_zod_catalyst_water_arrival_9
xanim,#ai_t8_zm_zod_catalyst_water_arrival_8
xanim,#ai_zombie_base_walk_ad_v24_pain_chest_f_alt
xanim,#hash_1830e3c38aa46b64
xanim,#ai_t8_zm_zombie_base_crawl_boardtear_aligned_r_6_grab
xanim,#ai_t8_zm_twrs_hllpht_turn_l_45
xanim,#hash_187d096c7018d849
xanim,#ai_t8_zm_twrs_hllpht_turn_l_90
xanim,#ai_zombie_base_sprint_turn_180_r_v3
xanim,#hash_18d9a8af3891169a
xanim,#vm_pistol_webley_sprint_pullout
xanim,#ai_t8_zm_twrs_tgr_run_exit_1
xanim,#ai_t8_zm_twrs_tgr_run_exit_3
xanim,#ai_t8_zm_twrs_tgr_run_exit_2
xanim,#ai_t8_zm_twrs_tgr_run_exit_4
xanim,#ai_t8_zm_twrs_tgr_run_exit_7
xanim,#ai_t8_zm_twrs_tgr_run_exit_6
xanim,#ai_t8_zm_twrs_tgr_run_exit_9
xanim,#ai_t8_zm_twrs_tgr_run_exit_8
xanim,#ai_t8_zm_zod_bltfthr_stn_turn_r_45
xanim,#hash_19148e7553112f64
xanim,#ai_t8_zm_twrs_zg_dstyr_jump_up_48
xanim,#ai_t8_zm_twrs_zg_mrdr_getup_facedown
xanim,#ai_zombie_smash_react_f_flatonback
xanim,#ai_t8_zm_twrs_zg_dstyr_jump_up_72
xanim,#ai_t8_zm_zod_bltfthr_stn_turn_r_90
xanim,#ai_t8_zm_twrs_zg_dstyr_jump_up_36
xanim,#ai_t8_zm_twrs_zg_dstyr_jump_up_96
xanim,#ai_t8_zombie_base_walk_au_win_trav_m_v1
xanim,#ai_t8_zombie_base_walk_au_win_trav_m_v2
xanim,#ai_t8_zombie_base_walk_au_win_trav_m_v3
xanim,#ai_t8_zm_zombie_boardtear_aligned_l_2_hold
xanim,#vm_scorpion_jump_land
xanim,#ai_zombie_base_crawl_jump_across_256
xanim,#ai_zombie_base_run_au_v2_pain_chest_f_alt
xanim,#ai_zm_dlc1_zombie_walk_lowg_v2_pain_chest_f
xanim,#p8_fxanim_zm_vapor_altar_odin_anim
xanim,#ai_zombie_base_dth_f_head_hvy_02
xanim,#ai_zombie_base_dth_f_head_hvy_03
xanim,#ai_zombie_base_dth_f_head_hvy_01
xanim,#ai_zombie_base_walk_ad_v5_pain_chest_f_alt
xanim,#ai_t8_zm_twrs_zg_dstyr_idle_01
xanim,#ai_t8_zm_twrs_zg_dstyr_idle_02
xanim,#ai_t8_zm_twrs_zg_mrdr_lunge_attack01
xanim,#ai_zombie_base_sprint_turn_90_r_v2
xanim,#ai_t8_zm_zombie_base_run_jump_up_catwlk_160
xanim,#ai_t8_zombie_base_sprint_au_v22_pain_chest_f_alt
xanim,#ai_t8_zm_zombie_base_run_jump_up_catwlk_128
xanim,#ai_t8_zm_zombie_boardtear_aligned_r_3_pull
xanim,#ai_t8_zombie_base_sprint_ad_win_trav_l_v1
xanim,#ai_zombie_base_walk_ad_sidestep_right_long_b
xanim,#ai_zombie_base_walk_ad_sidestep_right_long_a
xanim,#ai_zombie_base_run_jump_down_128
xanim,#ai_t8_zombie_base_win_attack_arm_l_out
xanim,#ai_t8_zm_zombie_base_crawl_boardtear_aligned_r_2_pull
xanim,#vm_zom_tower_shield_idle
xanim,#ai_zombie_base_dth_r_torso_lt
xanim,#ai_zombie_base_run_ad_v4_pain_chest_f
xanim,#ai_t8_zombie_base_sprint_au_v1_pain_chest_f
xanim,#ai_t8_zombie_base_crawl_run_win_trav_l_v1
xanim,#hash_1c76c55ed14af0c6
xanim,#hash_1c76c75ed14af42c
xanim,#hash_1c76c85ed14af5df
xanim,#hash_1c76ca5ed14af945
xanim,#vm_grapple_gun_reel_loop_l
xanim,#vm_grapple_gun_reel_loop_d
xanim,#vm_grapple_gun_reel_loop_u
xanim,#vm_grapple_gun_reel_loop_r
xanim,#o_t8_zm_zombie_board_5_repair
xanim,#pt_scorpion_stand_fire_cancel
xanim,#hash_1cff487ffa82a26b
xanim,#ai_t8_zm_zombie_base_crawl_boardtear_aligned_r_4_pull
xanim,#vm_molotov_pullpin_zm
xanim,#vm_bare_hands_t8_swim_tw_sprint_loop
xanim,#vm_scorpion_walk_f
xanim,#ai_zombie_base_walk_turn_180_r_v3
xanim,#ai_t8_zm_zombie_boardtear_aligned_l_3_hold
xanim,#ai_t8_zombie_base_crawl_run_win_trav_r_v1
xanim,#vm_t8_swim_in
xanim,#hash_1dac15a6fa51212a
xanim,#ai_zombie_base_walk_ad_sidestep_right_short
xanim,#ai_zombie_base_mantle_over_128
xanim,#vm_mp9_walk_f
xanim,#ai_t8_zm_twrs_hllpht_charge_arrival_8
xanim,#ai_t8_zm_zombie_base_run_jump_down_72
xanim,#ai_t8_zm_twrs_zg_dstyr_pain_b_lt_01
xanim,#ai_t8_zm_zombie_base_run_jump_down_48
xanim,#ai_zombie_base_walk_ad_sidestep_left_short
xanim,#ai_zombie_base_dth_r_chest_hvy_03
xanim,#ai_zombie_base_dth_r_chest_hvy_02
xanim,#ai_zombie_base_dth_r_chest_hvy_01
xanim,#ai_t8_zm_zombie_base_run_jump_down_36
xanim,#vm_t8_swim_idle_static_additive
xanim,#ai_t8_zm_zombie_base_run_jump_down_96
xanim,#ai_zombie_base_walk_au_v13
xanim,#ai_zombie_base_walk_au_v12
xanim,#ai_zombie_base_walk_au_v11
xanim,#ai_zombie_base_walk_au_v10
xanim,#ai_zombie_base_walk_au_v15
xanim,#ai_zombie_base_walk_au_v23
xanim,#ai_zombie_base_walk_au_v20
xanim,#ai_zombie_base_walk_au_v21
xanim,#ai_t8_zm_zod_bltfthr_trv_jump_dn_128
xanim,#ai_t8_zm_twrs_zg_dstyr_pain_l_lt_01
xanim,#hash_1e5393c2807def2b
xanim,#ai_t8_zm_zombie_boardtear_aligned_l_3_grab
xanim,#p8_fxanim_zm_towers_boss_arena_gate_destroy_anim
xanim,#ai_zombie_base_run_jump_up_96
xanim,#ai_zombie_base_run_jump_up_48
xanim,#ai_zombie_base_run_jump_up_72
xanim,#ai_zombie_base_run_jump_up_36
xanim,#p8_fxanim_zm_towers_trap_fire_4_door_open_anim
xanim,#ai_t8_zm_zod_bltfthr_trv_mantle_96
xanim,#ai_t8_zm_zod_bltfthr_trv_mantle_72
xanim,#hash_1ebace6452ef7a79
xanim,#ai_t8_zm_zod_bltfthr_trv_mantle_40
xanim,#ai_t8_zm_zod_bltfthr_trv_mantle_48
xanim,#ai_t8_zm_zod_bltfthr_trv_mantle_36
xanim,#p8_fxanim_zm_towers_boss_arena_gate_raise_01_anim
xanim,#ai_t8_zm_zod_bltfthr_melee_swipe_left
xanim,#ai_zm_dlc1_zombie_jump_up_36_down_244
xanim,#p8_fxanim_zm_towers_hand_cipher_anim
xanim,#vm_zom_tower_shield_ads_base_down
xanim,#ai_t8_zm_twrs_zg_dstyr_jump_down_160
xanim,#p8_fxanim_zm_towers_trap_acid_loop_anim
xanim,#ai_t8_zm_twrs_zg_dstyr_jump_down_128
xanim,#ai_t8_zombie_base_sprint_au_v2_pain_chest_f_alt
xanim,#ai_t8_zm_zombie_base_crawl_boardtear_aligned_m_6_grab
xanim,#ai_zombie_base_walk_au_v2_pain_chest_f_alt
xanim,#ai_t8_zm_zombie_base_crawl_boardtear_aligned_l_6_pull
xanim,#ai_zm_dlc1_zombie_run_lowg_v4_pain_chest_f_alt
xanim,#hash_1fca781bef77f9de
xanim,#ai_zombie_base_run_ad_v12_pain_chest_f_alt
xanim,#ai_t8_zm_zod_bltfthr_stn_turn_l_180
xanim,#hash_1fe8cd604c97df5f
xanim,#p8_fxanim_zm_towers_crowd_jar_02_anim
xanim,#ai_t8_zm_zod_bltfthr_stn_turn_l_135
xanim,#ai_zombie_base_walk_au_v12_pain_chest_f_alt
xanim,#vm_riotshield_zm_putaway
xanim,#ai_zombie_base_run_au_v20_pain_chest_f_alt
xanim,#ai_zombie_smash_react_f_upontoback
xanim,#vm_grapple_gun_reel_out_additive
xanim,#ai_t8_zm_zombie_base_crawl_boardtear_aligned_l_3_grab
xanim,#ai_zombie_base_sprint_au_sidestep_right_long_b
xanim,#ai_zombie_base_sprint_au_sidestep_right_long_a
xanim,#ai_t8_zm_twrs_zg_mrdr_walk_turn_l_180
xanim,#ch_vign_tplt_inbtl_hllpht_evlve_2_stg_2_00_rider1
xanim,#ch_vign_tplt_inbtl_hllpht_evlve_2_stg_2_00_rider2
xanim,#ai_t8_zm_twrs_tgr_stalk_walk_01
xanim,#p8_fxanim_zm_towers_rat_odin_hall_01_anim
xanim,#ai_t8_zm_zod_bltfthr_pain_getup_l_01
xanim,#ai_t8_zm_twrs_zg_mrdr_walk_turn_l_135
xanim,#hash_20f3dbec21870e3c
xanim,#ai_t8_zm_twrs_tgr_dth_f_01
xanim,#ai_zm_dlc1_zombie_walk_lowg_v4_pain_chest_f
xanim,#ai_t8_zm_twrs_zg_mrdr_walk_01
xanim,#ai_t8_zombie_base_win_attack_arm_r_out
xanim,#hash_217b52d7470b010c
xanim,#vm_mini_crossbow_swim_to_land
xanim,#ai_t8_zm_zombie_base_sprint_mantle_over_36
xanim,#ai_t8_zm_twrs_zg_mrdr_melee_r_01
xanim,#ai_t8_zm_twrs_zg_mrdr_melee_r_02
xanim,#ai_t8_zm_twrs_zg_mrdr_melee_r_03
xanim,#ai_zm_dlc1_zombie_crawl_jump_up_180_down_36
xanim,#ai_t8_zm_twrs_zg_dstyr_mantle_over_96
xanim,#ai_zombie_base_sprint_ad_sidestep_right_short
xanim,#hash_21e4687259e31ae8
xanim,#hash_21e46b7259e32001
xanim,#ai_t8_zm_twrs_zg_dstyr_mantle_over_36
xanim,#ai_t8_zm_twrs_zg_dstyr_mantle_over_72
xanim,#ai_t8_zm_twrs_zg_dstyr_mantle_over_48
xanim,#hash_220af3201914cecf
xanim,#ai_t8_zm_zombie_boardtear_aligned_r_4_pull
xanim,#ai_t8_zm_twrs_zg_dstyr_run_attack_2_stn_l
xanim,#ai_t8_zm_twrs_zg_dstyr_run_attack_2_stn_r
xanim,#hash_22243ad8e796ab87
xanim,#hash_222e91d5f84330d7
xanim,#ai_zm_dlc1_zombie_sprint_lowg_v2_pain_chest_f_alt
xanim,#ai_t8_zm_zombie_boardtear_aligned_m_5_pull
xanim,#ai_t8_zm_twrs_tgr_stalk_turn_r_90
xanim,#hash_22518cb90c6ef434
xanim,#ai_t8_zm_zod_bltfthr_tongue_attack_loop
xanim,#ai_t8_zm_twrs_tgr_stalk_turn_r_45
xanim,#o_t8_zm_zombie_board_6_pull
xanim,#p8_fxanim_zm_vapor_altar_odin_off_anim
xanim,#ai_t8_zm_twrs_tgr_stalk_turn_r_135
xanim,#ai_t8_zm_twrs_zg_dstyr_stnd_pain_wkpnt_head_01
xanim,#ai_t8_zm_twrs_tgr_stalk_turn_r_180
xanim,#hash_230f6edaa2868044
xanim,#hash_230f71daa286855d
xanim,#hash_2318e2126f742901
xanim,#hash_234649cc1ffccfdb
xanim,#hash_23464acc1ffcd18e
xanim,#ai_zombie_base_jump_up_128
xanim,#p8_fxanim_zm_towers_buyable_gate_01_frameless_open_anim
xanim,#ai_zombie_base_jump_up_160
xanim,#vm_mini_crossbow_crawl_out
xanim,#ai_t8_zombie_base_crawl_win_trav_m_v1
xanim,#ai_t8_zombie_base_crawl_win_trav_m_v2
xanim,#vm_mini_crossbow_pullout
xanim,#ai_t8_zm_twrs_zg_dstyr_axe_throw_dble
xanim,#ai_t8_zm_zombie_boardtear_aligned_m_6_grab
xanim,#hash_23cc2bd16dc43807
xanim,#hash_23e5c5144623ffd8
xanim,#hash_23e75f634cdbfbdc
xanim,#hash_23f82fa131485643
xanim,#ai_t8_zm_zombie_base_run_jump_down_128
xanim,#vm_zom_tower_shield_turret_ads_base_down
xanim,#ai_t8_zm_twrs_tgr_run_turn_r_90
xanim,#vm_scorpion_reload
xanim,#ai_t8_zm_twrs_tgr_run_turn_r_45
xanim,#hash_2489d8ca43bc24ea
xanim,#ai_t8_zm_zombie_base_crawl_boardtear_aligned_m_2_hold
xanim,#ai_t8_zm_zombie_base_crawl_jump_down_128
xanim,#ai_t8_zm_zombie_base_crawl_jump_down_160
xanim,#hash_24c34886f865426a
xanim,#ai_t8_zm_twrs_tgr_jump_across_256
xanim,#hash_24d8b92ca7ab0c24
xanim,#hash_24e0bd56db01958b
xanim,#p8_fxanim_zm_towers_crowd_jar_03_anim
xanim,#hash_2511d716b5c14058
xanim,#hash_2511d916b5c143be
xanim,#hash_2511da16b5c14571
xanim,#hash_2511dc16b5c148d7
xanim,#hash_25176de525bc561f
xanim,#vm_pistol_webley_reload
xanim,#ai_t8_zm_twrs_zg_dstyr_walk_turn_r_90
xanim,#ai_t8_zm_zombie_base_crawl_boardtear_aligned_l_5_hold
xanim,#ai_t8_zm_twrs_zg_dstyr_walk_turn_r_45
xanim,#ai_t8_zm_twrs_zg_dstyr_walk_arrival_7
xanim,#ai_t8_zm_twrs_zg_dstyr_walk_arrival_6
xanim,#ai_t8_zm_twrs_zg_dstyr_walk_arrival_4
xanim,#ai_t8_zm_twrs_zg_dstyr_walk_arrival_3
xanim,#ai_t8_zm_twrs_zg_dstyr_walk_arrival_2
xanim,#ai_t8_zm_twrs_zg_dstyr_walk_arrival_1
xanim,#ai_t8_zm_twrs_zg_dstyr_walk_arrival_9
xanim,#ai_t8_zm_twrs_zg_dstyr_walk_arrival_8
xanim,#p8_fxanim_zm_packapunch_worldguns_small_ejected
xanim,#ai_t8_zm_twrs_hllpht_turn_r_180
xanim,#ai_t8_zm_twrs_hllpht_turn_r_135
xanim,#hash_25e761630d14a692
xanim,#ai_t8_zm_zombie_base_crawl_boardtear_aligned_r_1_grab
xanim,#hash_25f7c6d539823aa7
xanim,#hash_25f7c7d539823c5a
xanim,#hash_25f7f54e535c18cb
xanim,#vm_mini_crossbow_walk_f
xanim,#ai_t8_zombie_base_sprint_au_v20_pain_chest_f_alt
xanim,#ai_t8_zm_twrs_zg_mrdr_walk_turn_l_90
xanim,#hash_26b6ae45ea0a5f00
xanim,#ai_t8_zm_twrs_zg_mrdr_walk_turn_l_45
xanim,#vm_t8_base_slide
xanim,#ai_zombie_base_run_turn_180_r_v2
xanim,#hash_273bc67220a28378
xanim,#hash_273bc77220a2852b
xanim,#ai_t8_zm_twrs_zg_dstyr_run_turn_r_180
xanim,#hash_2775e798fc42cb39
xanim,#ai_zombie_smash_react_b_faceplant
xanim,#hash_277c60f50ce6e3a2
xanim,#vm_pistol_webley_inspect
xanim,#hash_278c4d6ca27e3b73
xanim,#ai_t8_zm_zod_catalyst_corrosive_death_01_scale
xanim,#hash_27bb081117b3cfa6
xanim,#ai_zombie_base_dth_l_chest_lt_02
xanim,#ai_zombie_base_dth_l_chest_lt_03
xanim,#p8_fxanim_zm_towers_trap_fire_2_door_open_anim
xanim,#ai_t8_zm_zombie_base_crawl_trv_mantle_window_50
xanim,#ai_t8_zm_zombie_base_crawl_trv_mantle_window_34
xanim,#ai_t8_zombie_base_walk_pain_10
xanim,#ai_t8_zombie_base_walk_pain_11
xanim,#ai_t8_zombie_base_walk_pain_12
xanim,#ai_t8_zombie_base_walk_pain_13
xanim,#ai_t8_zombie_base_walk_pain_14
xanim,#ai_t8_zm_zombie_boardtear_aligned_r_5_pull
xanim,#ai_t8_zombie_base_walk_pain_03
xanim,#ai_t8_zombie_base_walk_pain_02
xanim,#ai_t8_zombie_base_walk_pain_01
xanim,#ai_t8_zombie_base_walk_pain_07
xanim,#ai_t8_zombie_base_walk_pain_06
xanim,#ai_t8_zombie_base_walk_pain_05
xanim,#ai_t8_zombie_base_walk_pain_04
xanim,#ai_t8_zombie_base_walk_pain_09
xanim,#ai_t8_zombie_base_walk_pain_08
xanim,#hash_28336c058157fe33
xanim,#ai_t8_zm_zombie_base_crawl_boardtear_aligned_m_5_hold
xanim,#ai_zombie_base_walk_au_pain_legs_v1
xanim,#ai_t8_zm_twrs_zg_dstyr_walk_02
xanim,#ai_t8_zm_twrs_zg_dstyr_walk_01
xanim,#vm_zom_tower_shield_sprint_out
xanim,#o_t8_zm_zombie_board_2_repair
xanim,#ai_t8_zombie_base_walk_ad_win_trav_m_v1
xanim,#ai_t8_zombie_base_walk_ad_win_trav_m_v3
xanim,#ai_t8_zombie_base_walk_ad_win_trav_m_v2
xanim,#p8_fxanim_zm_vapor_altar_danu_off_anim
xanim,#ai_zombie_dr_crawl_jump_up_2_climb
xanim,#ai_t8_zm_zombie_base_crawl_mantle_up_80_dn_36
xanim,#hash_28f9edddb0cb8247
xanim,#hash_2912a47045c877d8
xanim,#hash_291963619cb23cdf
xanim,#hash_2932e3ebbd2644cf
xanim,#hash_2932e4ebbd264682
xanim,#hash_29c2cb796271ab2c
xanim,#vm_pistol_webley_gunbutt_swipe
xanim,#ai_t8_zm_zombie_base_trv_zipline_lighthouse
xanim,#hash_2a0f061b4552a2b7
xanim,#ai_t8_zm_zombie_boardtear_aligned_r_4_hold
xanim,#ai_t8_zm_zombie_boardtear_aligned_m_4_pull
xanim,#ai_zombie_base_run_ad_v8_pain_chest_f_alt
xanim,#ai_zombie_base_run_au_sidestep_left_long_c
xanim,#ai_zombie_base_run_au_sidestep_left_long_b
xanim,#ai_zombie_base_run_au_sidestep_left_long_a
xanim,#hash_2a5578047e7dd352
xanim,#p8_fxanim_zm_zod_magic_box_open_idle_anim
xanim,#ai_t8_zombie_base_sprint_ad_v5_pain_chest_f_alt
xanim,#ai_t8_zm_zombie_base_crawl_boardtear_aligned_l_6_grab
xanim,#vm_pistol_webley_crawl_in
xanim,#ai_zombie_base_jump_down_160
xanim,#ai_zombie_base_jump_down_128
xanim,#ai_t8_zm_zombie_base_walk_jump_down_96
xanim,#ai_t8_zm_zombie_base_walk_jump_down_72
xanim,#ai_t8_zm_zombie_base_walk_jump_down_48
xanim,#ai_t8_zm_zombie_base_walk_jump_down_36
xanim,#ai_zombie_base_dth_f_l_arm_lt_00
xanim,#ai_zombie_base_dth_f_l_arm_lt_01
xanim,#vm_mini_crossbow_sprint_in
xanim,#ai_t8_zm_twrs_zg_dstyr_walk_turn_l_135
xanim,#ai_t8_zm_twrs_tgr_pro_trv_mantle_96
xanim,#ai_t8_zm_twrs_zg_mrdr_getup_faceup
xanim,#ai_t8_zm_twrs_tgr_pro_trv_mantle_36
xanim,#ai_t8_zm_twrs_tgr_pro_trv_mantle_48
xanim,#pt_scorpion_crouch_fire_intro
xanim,#ai_t8_zm_twrs_tgr_pro_trv_mantle_72
xanim,#ai_zombie_base_walk_au_pain_torso_v1
xanim,#ai_t8_zm_twrs_tgr_pro_trv_mantle_64
xanim,#ai_zombie_base_fast_sprint_01_pain_chest_f_alt
xanim,#pt_scorpion_stand_fire_intro
xanim,#hash_2bc80a6e94a5c73e
xanim,#p8_fxanim_zm_towers_trap_acid_end_anim
xanim,#ai_t8_zm_twrs_zg_dstyr_walk_turn_l_45
xanim,#ai_t8_zm_twrs_hllpht_dth_01
xanim,#ai_t8_zm_twrs_zg_dstyr_walk_turn_l_90
xanim,#hash_2c2d230958a990fc
xanim,#hash_2c3ca0d00562d462
xanim,#ai_zombie_base_run_ad_v22_pain_chest_f_alt
xanim,#hash_2c619c0774d0425e
xanim,#ai_zombie_base_run_ad_v14_pain_chest_f
xanim,#p8_fxanim_zm_towers_buyable_gate_01_open_anim
xanim,#ai_zombie_base_sprint_turn_135_l_v2
xanim,#ai_zombie_base_walk_au_sidestep_left_short
xanim,#ai_zm_dlc1_zombie_sprint_lowg_v1_pain_chest_f
xanim,#p8_fxanim_zm_towers_pap_door_blue_02_anim
xanim,#vm_grapple_gun_reel_loop_r_additive
xanim,#ai_zombie_base_walk_au_v1
xanim,#ai_zombie_base_walk_au_v2
xanim,#ai_zombie_base_walk_au_v3
xanim,#ai_zombie_base_walk_au_v4
xanim,#ai_zombie_base_walk_au_v5
xanim,#ai_zombie_base_walk_au_v6
xanim,#ai_zombie_base_walk_au_v7
xanim,#ai_zombie_base_walk_au_v8
xanim,#vm_pistol_webley_jump_land
xanim,#ai_zm_dlc1_zombie_sprint_lowg_v1
xanim,#ai_zm_dlc1_zombie_sprint_lowg_v3
xanim,#ai_zm_dlc1_zombie_sprint_lowg_v2
xanim,#ai_zm_dlc1_zombie_sprint_lowg_v4
xanim,#ai_t8_zm_twrs_zg_dstyr_boardbreak_01
xanim,#p8_fxanim_zm_towers_rod_loc02_05_anim
xanim,#ai_zombie_base_walk_au_v2_pain_chest_f
xanim,#vm_molotov_ads_up
xanim,#ai_t8_zm_zombie_base_crawl_jump_down_256
xanim,#p8_fxanim_zm_towers_boss_arena_gate_raise_close_anim
xanim,#ai_t8_zm_twrs_zg_mrdr_run_turn_l_180
xanim,#pt_scorpion_stand_firstraise
xanim,#hash_2dfb9d8471a64963
xanim,#vm_molotov_throw
xanim,#ai_zombie_base_fast_sprint_01_pain_chest_f
xanim,#ai_zombie_base_sprint_turn_45_r_v2
xanim,#hash_2e43d49b13f6077d
xanim,#ai_zombie_base_run_turn_45_r_v2
xanim,#vm_riotshield_zm_sprint_loop
xanim,#ai_zombie_base_sprint_au_sidestep_left_long_b
xanim,#ai_zombie_base_sprint_au_sidestep_left_long_a
xanim,#ai_t8_zombie_base_crawl_sprint_win_trav_l_v1
xanim,#hash_2e92c86164acdf8d
xanim,#ai_t8_zm_zod_bltfthr_tongue_grab_stagger_incl_45
xanim,#hash_2ec048e905c6756d
xanim,#o_t8_zm_zombie_board_3_pull
xanim,#vm_scorpion_crawl_out
xanim,#hash_2f1a3b5d766f55e7
xanim,#ai_t8_zm_twrs_zg_dstyr_run_arrival_1
xanim,#ai_t8_zm_twrs_zg_dstyr_run_arrival_3
xanim,#ai_t8_zm_twrs_zg_dstyr_run_arrival_2
xanim,#ai_t8_zm_twrs_zg_dstyr_run_arrival_4
xanim,#ai_t8_zm_twrs_zg_dstyr_run_arrival_7
xanim,#ai_t8_zm_twrs_zg_dstyr_run_arrival_6
xanim,#ai_t8_zm_twrs_zg_dstyr_run_arrival_9
xanim,#ai_t8_zm_twrs_zg_dstyr_run_arrival_8
xanim,#p8_fxanim_zm_towers_rod_loc01_04_anim
xanim,#ai_t8_zm_zombie_boardtear_aligned_r_2_grab
xanim,#ai_zombie_base_run_ad_v7_pain_chest_f_alt
xanim,#ai_zombie_base_run_ad_sidestep_left_long_a
xanim,#ai_zombie_base_run_ad_sidestep_left_long_b
xanim,#hash_302473fd2a33a037
xanim,#ai_t8_zm_zombie_boardtear_aligned_l_5_grab
xanim,#ai_zombie_smash_react_b_forwardtoface
xanim,#vm_zom_tower_shield_ads_base_up
xanim,#ai_t8_zm_twrs_tgr_stun_out
xanim,#hash_30a497999279a33f
xanim,#ai_zombie_base_run_au_v20_pain_chest_f
xanim,#ai_zombie_base_run_ad_v1_pain_chest_f_alt
xanim,#ai_t8_zm_zombie_boardtear_aligned_r_4_grab
xanim,#vm_mini_crossbow_first_raise
xanim,#ai_zombie_base_walk_ad_v19_pain_chest_f_alt
xanim,#vm_t8_mantle_over_buckler
xanim,#p8_fxanim_zm_towers_boss_arena_gate_raise_02_anim
xanim,#ai_t8_zm_twrs_zg_dstyr_run_dth_f_01
xanim,#ai_t8_zm_zombie_base_crawl_boardtear_aligned_m_3_hold
xanim,#ai_t8_zm_zombie_base_crawl_jump_up_96
xanim,#ai_t8_zm_zombie_base_crawl_jump_up_36
xanim,#ai_t8_zm_zombie_base_crawl_jump_up_72
xanim,#void
xanim,#ai_t8_zm_zombie_base_crawl_jump_up_48
xanim,#ai_t8_zombie_base_run_pain_move_r_02
xanim,#ai_t8_zombie_base_run_pain_move_r_03
xanim,#ai_t8_zombie_base_run_pain_move_r_01
xanim,#ai_t8_zombie_base_run_pain_move_r_06
xanim,#ai_t8_zombie_base_run_pain_move_r_04
xanim,#ai_t8_zombie_base_run_pain_move_r_05
xanim,#hash_319996b5d054af06
xanim,#ai_zombie_base_dth_r_chest_lt_00
xanim,#ai_zombie_base_dth_r_chest_lt_01
xanim,#ai_zombie_base_dth_r_chest_lt_03
xanim,#hash_31d72feee6398f0b
xanim,#pt_battle_turret_male_stand_first_raise
xanim,#ai_zm_dlc1_zombie_run_lowg_v4_pain_chest_f
xanim,#ai_zombie_cp_crawl_jump_up_128_down_32
xanim,#ai_t8_zm_zod_bltfthr_stn_turn_l_45
xanim,#hash_31fca1e4ed4ab17b
xanim,#ai_t8_zm_zod_bltfthr_stn_turn_l_90
xanim,#ai_t8_zm_zod_bltfthr_backsacs_add
xanim,#ai_t8_zm_zod_bltfthr_tongue_attack_hit_end
xanim,#vm_mp9_jump_land
xanim,#ai_t8_zm_zombie_base_trv_mantle_window_34
xanim,#ai_t8_zm_zombie_base_trv_mantle_window_50
xanim,#ai_zombie_smash_react_f_doublebounce
xanim,#ai_t8_zm_twrs_hllpht_dth_01_loop
xanim,#vm_zom_tower_shield_turret_pullout
xanim,#hash_3351bb76f8ac3d08
xanim,#hash_3351bc76f8ac3ebb
xanim,#hash_3351be76f8ac4221
xanim,#hash_3351c176f8ac473a
xanim,#vm_prone_to_crouch_additive
xanim,#ai_zombie_base_dth_f_chest_hvy_02
xanim,#ai_zombie_base_dth_f_chest_hvy_01
xanim,#ai_zombie_base_dth_f_chest_hvy_00
xanim,#ai_zombie_base_walk_au_v7_pain_chest_f_alt
xanim,#vm_mini_crossbow_swim_uw_sprint_in
xanim,#ai_zombie_smash_react_getup_a
xanim,#ai_zombie_smash_react_getup_b
xanim,#ai_zombie_smash_react_getup_c
xanim,#ch_vign_tplt_inbtl_hllpht_evlve_2_stg_3_00_hllpht
xanim,#hash_3414202a76ec6057
xanim,#hash_34248b601e2aae82
xanim,#ai_t8_zm_zombie_boardtear_aligned_m_2_grab
xanim,#ai_zombie_base_crawl_jump_across_128
xanim,#ai_zombie_base_walk_ad_v21_pain_chest_f_alt
xanim,#ai_t8_zm_zod_catalyst_water_idle_01
xanim,#hash_34c8c4f2a556fcec
xanim,#p8_fxanim_zm_towers_boss_armor_explode_02_anim
xanim,#ai_zombie_base_walk_au_sidestep_right_short
xanim,#ai_t8_zm_zod_catalyst_plasma_sprint_01
xanim,#ai_t8_zm_zod_bltfthr_pain_stun_loop
xanim,#ai_t8_zombie_base_sprint_ad_v24_pain_chest_f_alt
xanim,#vm_riotshield_zm_sprint_out
xanim,#hash_3548f9f61cb116a0
xanim,#hash_355afe93b0da012e
xanim,#vm_mini_crossbow_crawl_l
xanim,#vm_mini_crossbow_crawl_f
xanim,#vm_mini_crossbow_crawl_b
xanim,#vm_mini_crossbow_crawl_r
xanim,#ai_t8_zm_zod_bltfthr_run_turn_l_180
xanim,#ai_t8_zm_zod_bltfthr_run_turn_l_135
xanim,#ai_zombie_base_run_ad_v12_pain_chest_f
xanim,#hash_35b06d96e142f408
xanim,#ai_zombie_base_dth_f_r_arm_hvy_00
xanim,#hash_363965f602efc6e1
xanim,#ai_zombie_base_walk_au_v10_pain_chest_f_alt
xanim,#p8_fxanim_zm_towers_banner_achievement_idle_anim
xanim,#p8_fxanim_zm_towers_rod_loc03_05_anim
xanim,#ai_t8_zm_zod_bltfthr_trv_jump_up_128
xanim,#p8_fxanim_zm_towers_trap_fire_4_door_close_anim
xanim,#ai_t8_zm_twrs_zg_dstyr_turn_r_45
xanim,#p8_fxanim_zm_towers_boss_arena_gate_hit_anim
xanim,#ai_t8_zm_twrs_zg_dstyr_turn_r_90
xanim,#ai_zombie_base_sprint_turn_90_l_v2
xanim,#vm_pistol_webley_fire
xanim,#vm_molotov_pullpin_loop
xanim,#ai_zombie_dr_jump_down_72
xanim,#ai_zombie_dr_jump_down_96
xanim,#vm_pistol_webley_sprint_putaway
xanim,#hash_37a1553a05b43d66
xanim,#p8_fxanim_zm_towers_trap_fire_close_anim
xanim,#ai_t8_zm_zod_bltfthr_spawn
xanim,#o_t8_zm_zombie_board_2_pull
xanim,#ai_zombie_base_run_au_v9_pain_chest_f_alt
xanim,#ai_t8_zm_twrs_hllpht_turn_l_135
xanim,#ai_t8_zm_twrs_hllpht_turn_l_180
xanim,#ai_t8_zm_zombie_boardtear_aligned_l_1_pull
xanim,#ai_t8_zombie_base_crawl_win_trav_r_v1
xanim,#ai_t8_zm_zombie_boardtear_aligned_r_1_hold
xanim,#hash_384e6b2ebbdca35a
xanim,#hash_3870c672c80f97b6
xanim,#hash_3891ac23e87f3245
xanim,#ai_t8_zombie_base_sprint_ad_v22_pain_chest_f_alt
xanim,#ai_zombie_base_dth_f_r_arm_lt_00
xanim,#p8_fxanim_zm_towers_boss_death_02_anim
xanim,#ai_t8_zm_zod_catalyst_electric_walk_01
xanim,#ai_t8_zm_zod_catalyst_electric_walk_02
xanim,#vm_mini_crossbow_fire_ads
xanim,#ai_zm_dlc1_zombie_run_lowg_v4
xanim,#ai_zm_dlc1_zombie_run_lowg_v2
xanim,#ai_zm_dlc1_zombie_run_lowg_v3
xanim,#ai_zm_dlc1_zombie_run_lowg_v1
xanim,#p8_fxanim_zm_towers_rat_pit_01_anim
xanim,#ai_base_rifle_stn_run_dth_r_arms_hvy_1
xanim,#hash_3915193b05342a83
xanim,#hash_39151d3b0534314f
xanim,#hash_39151e3b05343302
xanim,#hash_39151f3b053434b5
xanim,#ai_t8_zm_zombie_boardtear_aligned_l_2_pull
xanim,#ai_zombie_base_walk_turn_90_l_v2
xanim,#vm_zom_tower_shield_jump
xanim,#ai_zombie_base_death_v2
xanim,#ai_zombie_base_death_v3
xanim,#ai_zombie_base_death_v1
xanim,#vm_scorpion_pullout
xanim,#p8_fxanim_zm_vapor_altar_ra_anim
xanim,#p8_fxanim_zm_towers_rod_loc01_03_anim
xanim,#p8_fxanim_zm_packapunch_worldguns_small_taken
xanim,#ai_zombie_base_walk_ad_v5_pain_chest_f
xanim,#ai_zombie_base_walk_ad_v23_pain_chest_f_alt
xanim,#p8_fxanim_zm_towers_trap_blade_01_loop_anim
xanim,#vm_t8_swim_in_additive
xanim,#p8_fxanim_zm_towers_buyable_gate_02_a_close_anim
xanim,#ai_zombie_base_run_au_v4_pain_chest_f_alt
xanim,#vm_zom_tower_shield_putaway_quick
xanim,#hash_3aae928cef1f1141
xanim,#ai_t8_zm_zombie_base_crawl_mantle_over_128
xanim,#ai_zm_dlc1_zombie_walk_lowg_v1_pain_chest_f_alt
xanim,#ai_t8_zm_twrs_zg_mrdr_stun_in
xanim,#ai_t8_zm_zod_catalyst_water_run_01
xanim,#ai_zombie_base_walk_au_v20_pain_chest_f_alt
xanim,#ai_zombie_base_run_au_v24_pain_chest_f_alt
xanim,#hash_3b312e452b45d7a0
xanim,#ai_zombie_base_sprint_ad_sidestep_left_short
xanim,#pt_one_handed_gun_male_prone_fire
xanim,#vm_pistol_webley_first_raise
xanim,#ai_t8_zombie_base_sprint_ad_win_trav_r_v1
xanim,#o_zombie_magic_box_weapon_rise
xanim,#ai_t8_zm_zombie_base_crawl_boardtear_aligned_m_3_pull
xanim,#ai_t8_zm_twrs_zg_dstyr_run_02
xanim,#ai_zm_dlc1_zombie_crawl_jump_up_244_down_36
xanim,#ai_t8_zm_zombie_base_crawl_boardtear_aligned_m_5_grab
xanim,#ai_t8_zm_zombie_base_dth_ww_xbow_loop
xanim,#vm_riotshield_zm_idle
xanim,#ai_t8_zm_twrs_zg_mrdr_mantle_72
xanim,#ai_t8_zm_twrs_zg_mrdr_mantle_48
xanim,#ai_t8_zm_twrs_zg_mrdr_mantle_36
xanim,#ai_t8_zombie_base_cust_trv_jump_down_zm_mnsn_main_hall
xanim,#ai_t8_zm_twrs_zg_mrdr_mantle_96
xanim,#p8_fxanim_zm_zod_magic_box_arrive_anim
xanim,#ai_zombie_base_crawl_death_v2
xanim,#ai_zombie_base_crawl_death_v1
xanim,#ai_zombie_dr_crawl_jump_down_190
xanim,#ai_zombie_dr_crawl_jump_down_184
xanim,#vm_battle_turret_walk_f
xanim,#p8_fxanim_zm_towers_rod_loc02_06_anim
xanim,#ai_zombie_dr_crawl_jump_down_127
xanim,#ai_zombie_base_dth_b_chest_hvy_02
xanim,#ai_zombie_base_dth_b_chest_hvy_00
xanim,#ai_t8_zombie_base_sprint_ad_v23
xanim,#ai_t8_zombie_base_sprint_ad_v22
xanim,#ai_t8_zombie_base_sprint_ad_v21
xanim,#ai_t8_zombie_base_sprint_ad_v24
xanim,#ai_t8_zm_zod_bltfthr_tongue_grab_release
xanim,#vm_crouch_to_prone
xanim,#hash_3debee1ffa0092ef
xanim,#vm_zom_tower_shield_turret_putaway_alt
xanim,#ai_t8_zm_zod_bltfthr_dth_destroy_head_01_nofx
xanim,#hash_3e96651895e5b82d
xanim,#ai_zombie_base_run_dth_f_torso_hvy
xanim,#ai_t8_zm_zod_catalyst_corrosive_death_02_scale
xanim,#p8_fxanim_zm_towers_rod_loc03_04_anim
xanim,#ai_zombie_base_run_au_v22_pain_chest_f
xanim,#ai_base_rifle_stn_run_dth_r_arms_lt_1
xanim,#ai_t8_zm_zombie_base_run_mantle_up_80_dn_36
xanim,#ai_zm_dlc1_zombie_run_lowg_v3_pain_chest_f_alt
xanim,#pt_battle_shield_male_stand_first_raise
xanim,#ai_t8_zm_zombie_base_crawl_trv_jump_up_128_thru_sm_hole
xanim,#hash_3f8d3ce2ca2312ed
xanim,#p8_fxanim_zm_towers_pap_sarcophagus_anim
xanim,#vm_mini_crossbow_swim_uw_idle
xanim,#ai_t8_zm_twrs_zg_dstyr_pain_head
xanim,#p8_fxanim_zm_towers_rod_loc04_02_anim
xanim,#hash_3ff67c126becd5fc
xanim,#hash_3ff67d126becd7af
xanim,#hash_3ff680126becdcc8
xanim,#hash_3ff681126becde7b
xanim,#hash_3ff682126bece02e
xanim,#hash_3ff683126bece1e1
xanim,#hash_3ff685126bece547
xanim,#hash_3ff686126bece6fa
xanim,#hash_3ff687126bece8ad
xanim,#hash_3ffa05126beff49e
xanim,#hash_3ffa06126beff651
xanim,#hash_3ffa07126beff804
xanim,#hash_3ffa08126beff9b7
xanim,#hash_3ffa09126beffb6a
xanim,#hash_3ffa0a126beffd1d
xanim,#ai_t8_zm_zombie_boardtear_aligned_r_1_pull
xanim,#ai_t8_zm_zod_bltfthr_vomit_perk
xanim,#vm_pistol_webley_walk_f
xanim,#ai_t8_zm_twrs_zg_dstyr_jump_down_96
xanim,#vm_pistol_webley_crawl_out
xanim,#ai_t8_zm_twrs_zg_dstyr_jump_down_36
xanim,#ai_t8_zm_twrs_zg_dstyr_jump_down_72
xanim,#ai_t8_zm_twrs_zg_dstyr_jump_down_48
xanim,#ai_t8_zm_zombie_base_crawl_boardtear_aligned_m_3_grab
xanim,#hash_4114d6ce3151b93c
xanim,#hash_412a18c3824da0ab
xanim,#ai_zm_dlc1_zombie_walk_lowg_v1_pain_chest_f
xanim,#hash_4137b5430ea13f30
xanim,#vm_zom_tower_shield_sprint_in
xanim,#ai_zombie_base_walk_au_v5_pain_chest_f_alt
xanim,#hash_41892f6eb986bc22
xanim,#ai_zm_dlc1_zombie_walk_lowg_v3_pain_chest_f_alt
xanim,#ai_t8_zm_zod_catalyst_water_walk_01
xanim,#vm_zom_tower_shield_walk_f
xanim,#ai_zombie_base_walk_turn_135_l_v3
xanim,#hash_41c73140c0f59df2
xanim,#ai_t8_zm_zombie_base_walk_mantle_over_128
xanim,#hash_41f37843fb6a5224
xanim,#ai_zm_dlc1_zombie_jump_up_180_down_36
xanim,#ai_t8_zm_twrs_zg_mrdr_run_turn_r_180
xanim,#ai_zm_dlc1_zombie_crawl_climb_up_192_down_40
xanim,#hash_424db13493c38716
xanim,#ai_zombie_base_walk_ad_sidestep_left_long_b
xanim,#hash_4284d62a1797928b
xanim,#ai_t8_zm_zod_catalyst_electric_attack_01
xanim,#ai_t8_zm_zod_catalyst_electric_attack_02
xanim,#vm_mp9_jump
xanim,#ai_t8_zombie_base_sprint_ad_v24_pain_chest_f
xanim,#ai_zombie_base_walk_au_v13_pain_chest_f
xanim,#ai_t8_zm_zombie_boardtear_aligned_m_1_hold
xanim,#ai_t8_zm_twrs_tgr_stn_turn_r_135
xanim,#ai_t8_zm_twrs_tgr_stn_turn_r_180
xanim,#ai_zombie_base_sprint_ad_sidestep_right_short_a
xanim,#ai_t8_zm_zombie_boardtear_aligned_l_1_hold
xanim,#hash_43739e0a5dd40d90
xanim,#hash_4373a00a5dd410f6
xanim,#hash_4373a10a5dd412a9
xanim,#hash_4373a20a5dd4145c
xanim,#p8_fxanim_zm_towers_boss_armor_explode_anim
xanim,#vm_zom_tower_shield_putaway
xanim,#ai_t8_zm_zombie_base_walk_jump_up_128
xanim,#ai_t8_zm_zombie_base_walk_mantle_up_36_dn_80
xanim,#ai_zombie_base_walk_au_v21_pain_chest_f
xanim,#ai_zombie_base_sprint_ad_sidestep_left_long_a
xanim,#ai_zombie_base_sprint_ad_sidestep_left_long_b
xanim,#ai_t8_zm_zombie_base_run_mantle_over_96
xanim,#vm_prone_to_crouch
xanim,#vm_riotshield_zm_sprint_in
xanim,#ai_t8_zm_zombie_base_run_mantle_over_72
xanim,#ai_t8_zm_zombie_base_run_mantle_over_48
xanim,#ai_t8_zm_zombie_base_run_mantle_over_36
xanim,#p8_fxanim_zm_towers_trap_acid_end_02_anim
xanim,#ai_zombie_base_run_ad_v20_pain_chest_f_alt
xanim,#ai_t8_zm_zombie_boardtear_aligned_r_5_grab
xanim,#hash_444339f9f54192b6
xanim,#ai_t8_zombie_base_sprint_au_v21_pain_chest_f_alt
xanim,#ai_t8_zm_zod_bltfthr_exit_9
xanim,#ai_t8_zm_zod_bltfthr_exit_8
xanim,#ai_t8_zm_zod_bltfthr_exit_4
xanim,#ai_t8_zm_zod_bltfthr_exit_7
xanim,#ai_t8_zm_zod_bltfthr_exit_6
xanim,#ai_t8_zm_zod_bltfthr_exit_2
xanim,#ai_t8_zm_twrs_zg_mrdr_jump_dn_36
xanim,#ai_t8_zm_twrs_tgr_dth_b_01
xanim,#ai_t8_zm_zod_catalyst_plasma_walk_02
xanim,#ai_t8_zm_zod_catalyst_plasma_walk_03
xanim,#ai_t8_zm_zod_catalyst_plasma_walk_01
xanim,#ai_t8_zm_twrs_zg_mrdr_jump_dn_72
xanim,#ai_t8_zm_twrs_zg_mrdr_jump_dn_48
xanim,#ai_t8_zm_twrs_zg_mrdr_walk_turn_r_45
xanim,#vm_mini_crossbow_idle
xanim,#ai_t8_zm_twrs_zg_mrdr_jump_dn_96
xanim,#ai_t8_zm_twrs_zg_mrdr_walk_turn_r_90
xanim,#ai_t8_zm_zombie_base_run_mantle_up_36_dn_80
xanim,#vm_riotshield_zm_ads_down
xanim,#vm_scorpion_putaway_quick
xanim,#ai_zombie_base_run_turn_135_l_v2
xanim,#ai_zombie_base_run_ad_v2_pain_chest_f_alt
xanim,#ai_zombie_base_run_au_v2_pain_chest_f
xanim,#hash_458c64acb08b8c9b
xanim,#hash_458c65acb08b8e4e
xanim,#hash_458c66acb08b9001
xanim,#hash_458c67acb08b91b4
xanim,#hash_458c68acb08b9367
xanim,#hash_458c69acb08b951a
xanim,#p8_fxanim_zm_towers_buyable_gate_02_a_open_anim
xanim,#hash_45ad2200e4075a21
xanim,#ai_t8_zombie_base_sprint_ad_win_trav_m_v1
xanim,#ai_t8_zombie_base_sprint_ad_win_trav_m_v2
xanim,#vm_zom_tower_shield_turret_idle
xanim,#ai_t8_zombie_base_run_pain_10
xanim,#ai_t8_zombie_base_run_pain_11
xanim,#ai_t8_zombie_base_run_pain_12
xanim,#ai_t8_zombie_base_run_pain_13
xanim,#ai_t8_zombie_base_run_pain_14
xanim,#ai_t8_zombie_base_run_pain_15
xanim,#ai_t8_zombie_base_run_pain_16
xanim,#ai_t8_zombie_base_run_pain_09
xanim,#ai_t8_zombie_base_run_pain_03
xanim,#ai_t8_zombie_base_run_pain_02
xanim,#ai_t8_zombie_base_run_pain_01
xanim,#ai_t8_zombie_base_run_pain_07
xanim,#ai_t8_zombie_base_run_pain_06
xanim,#ai_t8_zombie_base_run_pain_05
xanim,#ai_t8_zombie_base_run_pain_04
xanim,#ai_t8_zm_zombie_base_crawl_boardtear_aligned_m_2_pull
xanim,#vm_scorpion_sprint_raise
xanim,#ai_zombie_base_walk_au_v4_pain_chest_f_alt
xanim,#ai_t8_zombie_base_walk_ad_win_trav_r_v1
xanim,#hash_4675147d1585eed2
xanim,#ai_zombie_base_jump_across_256
xanim,#hash_46a927f3cdc1ff78
xanim,#hash_46ad28cb52e5e618
xanim,#p8_fxanim_zm_towers_rat_odin_basement_02_anim
xanim,#ai_zombie_base_run_ad_v4_pain_chest_f_alt
xanim,#vm_mini_crossbow_swim_uw_pullout
xanim,#ai_zombie_base_walk_ad_v3_pain_chest_f_alt
xanim,#ai_t8_zombie_base_sprint_ad_v21_pain_chest_f_alt
xanim,#hash_4745561c3587a0e9
xanim,#ai_t8_zm_zombie_base_crawl_boardtear_aligned_m_1_pull
xanim,#ai_zombie_smash_react_r_jackiespinleft
xanim,#vm_incendiary_ads_up
xanim,#ai_zombie_base_run_dth_b_head_lt
xanim,#ai_zombie_base_run_turn_180_l_v2
xanim,#ai_zombie_base_run_au_v24_pain_chest_f
xanim,#p8_fxanim_zm_towers_buyable_gate_02_b_open_anim
xanim,#ai_t8_zm_zod_catalyst_corrosive_spawn_01
xanim,#vm_grapple_gun_reel_loop_l_additive
xanim,#vm_pistol_webley_sprint_in
xanim,#hash_484da23a13df0866
xanim,#hash_485de37ae65b7ff1
xanim,#ai_t8_zombie_base_sprint_au_v25_pain_chest_f
xanim,#hash_4881f3219580b7fa
xanim,#ai_t8_zm_zod_bltfthr_pain_destroy_leg_right_01
xanim,#ai_zombie_base_walk_au_v8_pain_chest_f_alt
xanim,#hash_48c452bd93d12605
xanim,#ai_zombie_base_run_au_v1_pain_chest_f
xanim,#vm_battle_shield_jump
xanim,#ai_t8_zm_twrs_tgr_stalk_turn_l_180
xanim,#ai_t8_zm_twrs_tgr_stalk_turn_l_135
xanim,#ai_zombie_base_run_au_v11_pain_chest_f
xanim,#ai_t8_zombie_base_super_sprint_attack_01
xanim,#ai_t8_zombie_base_super_sprint_attack_02
xanim,#ai_t8_zombie_base_super_sprint_attack_03
xanim,#ai_t8_zombie_base_super_sprint_attack_04
xanim,#ai_t8_zombie_base_super_sprint_attack_05
xanim,#ai_t8_zombie_base_run_ad_win_trav_m_v1
xanim,#ai_zombie_base_dth_r_v1
xanim,#ai_zombie_base_dth_r_v2
xanim,#p8_fxanim_zm_towers_rod_loc01_01_anim
xanim,#ai_t8_zm_twrs_zg_dstyr_run_turn_l_90
xanim,#ai_t8_zombie_base_sprint_au_v22_pain_chest_f
xanim,#vm_battle_shield_jump_land
xanim,#hash_49f748c23b033b4f
xanim,#ai_t8_zm_zombie_base_crawl_boardtear_aligned_l_4_hold
xanim,#ai_t8_zm_twrs_zg_dstyr_melee_dbl_01
xanim,#ai_t8_zm_twrs_zg_dstyr_melee_dbl_03
xanim,#ai_t8_zm_twrs_zg_dstyr_melee_dbl_02
xanim,#hash_4a8519f30708656d
xanim,#ai_t8_zm_zombie_base_crawl_mantle_up_36_dn_80
xanim,#hash_4ab2dbae7f96db99
xanim,#p8_fxanim_zm_towers_rat_odin_basement_01_anim
xanim,#ai_t8_zombie_base_run_ad_win_trav_l_v1
xanim,#ai_t8_zm_zod_bltfthr_tongue_grab_idle_incl_45
xanim,#ai_t8_zm_zombie_base_trv_zipline_ship
xanim,#ai_t8_zombie_base_run_attack_17
xanim,#ai_t8_zombie_base_run_attack_10
xanim,#ai_t8_zombie_base_run_attack_12
xanim,#ai_t8_zombie_base_run_attack_13
xanim,#ai_t8_zombie_base_run_attack_18
xanim,#ai_t8_zombie_base_run_attack_19
xanim,#ai_t8_zombie_base_run_attack_06
xanim,#ai_t8_zombie_base_run_attack_04
xanim,#ai_t8_zombie_base_run_attack_03
xanim,#ai_t8_zombie_base_run_attack_02
xanim,#ai_t8_zombie_base_run_attack_08
xanim,#ai_t8_zombie_base_run_attack_30
xanim,#ai_t8_zombie_base_run_attack_29
xanim,#ai_t8_zombie_base_run_attack_28
xanim,#ai_t8_zombie_base_run_attack_25
xanim,#ai_t8_zombie_base_run_attack_24
xanim,#ai_t8_zombie_base_run_attack_26
xanim,#ai_t8_zombie_base_run_attack_21
xanim,#ai_t8_zombie_base_run_attack_20
xanim,#ai_t8_zombie_base_run_attack_23
xanim,#ai_t8_zombie_base_run_attack_22
xanim,#ai_t8_zm_twrs_tgr_stalk_turn_l_90
xanim,#ai_t8_zm_twrs_tgr_stalk_turn_l_45
xanim,#ai_zombie_base_walk_au_sidestep_left_long_d
xanim,#ai_zombie_smash_react_f
xanim,#ai_t8_zm_zod_catalyst_plasma_idle_04
xanim,#ai_t8_zm_zod_catalyst_plasma_idle_01
xanim,#ai_t8_zm_zod_catalyst_plasma_idle_03
xanim,#ai_t8_zm_zod_catalyst_plasma_idle_02
xanim,#ai_t8_zm_zombie_base_crawl_boardtear_aligned_r_6_hold
xanim,#ai_t8_zm_zombie_boardtear_aligned_m_3_hold
xanim,#ai_t8_zm_twrs_zg_mrdr_stun_out
xanim,#hash_4c1cf47543c06ccb
xanim,#hash_4c1cf77543c071e4
xanim,#hash_4c1cf97543c0754a
xanim,#hash_4c1cfa7543c076fd
xanim,#ai_zombie_base_crawl_v3
xanim,#ai_zombie_base_crawl_v2
xanim,#ai_zombie_base_crawl_v1
xanim,#ai_zombie_base_crawl_v5
xanim,#ai_zombie_base_crawl_v4
xanim,#vm_mini_crossbow_fall
xanim,#ai_t8_zm_twrs_zg_dstyr_walk_2_run
xanim,#vm_zom_tower_shield_first_raise
xanim,#ai_t8_zm_zombie_base_crawl_boardtear_aligned_r_5_hold
xanim,#hash_4c751e900f20d5a2
xanim,#vm_scorpion_gunbutt_strike
xanim,#ai_t8_zm_zod_bltfthr_vomit_mystery_box
xanim,#ai_t8_zm_zod_catalyst_water_death_01
xanim,#ai_zombie_base_run_ad_v14_pain_chest_f_alt
xanim,#ai_zombie_base_walk_au_v20_pain_chest_f
xanim,#hash_4cee3b5dcdd84b9e
xanim,#ai_t8_zm_twrs_zg_mrdr_walk_turn_r_135
xanim,#ai_t8_zm_twrs_zg_mrdr_run_exit_4
xanim,#ai_t8_zm_twrs_zg_mrdr_run_exit_7
xanim,#ai_t8_zm_twrs_zg_mrdr_run_exit_6
xanim,#ai_t8_zm_twrs_zg_mrdr_run_exit_1
xanim,#ai_t8_zm_twrs_zg_mrdr_run_exit_3
xanim,#ai_t8_zm_twrs_zg_mrdr_run_exit_2
xanim,#ai_t8_zm_twrs_zg_mrdr_run_exit_9
xanim,#ai_t8_zm_twrs_zg_mrdr_run_exit_8
xanim,#ai_zombie_base_walk_turn_45_l_v2
xanim,#ai_t8_zm_twrs_zg_mrdr_walk_turn_r_180
xanim,#vm_scorpion_fire_hold
xanim,#ai_t8_zm_zombie_base_crawl_boardtear_aligned_r_3_hold
xanim,#ai_t8_zm_zod_bltfthr_vomit_pap
xanim,#ai_t8_zm_zombie_base_crawl_mantle_over_36
xanim,#ai_t8_zm_zombie_base_crawl_mantle_over_48
xanim,#p8_fxanim_zm_towers_rod_loc02_04_anim
xanim,#ai_t8_zm_zombie_base_crawl_mantle_over_72
xanim,#ai_t8_zm_zombie_boardtear_aligned_m_3_grab
xanim,#ai_t8_zm_zombie_boardtear_aligned_l_2_grab
xanim,#ai_t8_zm_zombie_base_crawl_mantle_over_96
xanim,#p8_fxanim_zm_pap_pedestal_static_anim
xanim,#ai_zombie_base_run_au_sidestep_left_short_b
xanim,#ai_zombie_base_run_au_sidestep_left_short_a
xanim,#vm_zom_tower_shield_pullout
xanim,#p8_fxanim_zm_towers_pap_door_red_02_anim
xanim,#hash_4da2bef826dd384c
xanim,#hash_4da2c1f826dd3d65
xanim,#hash_4dc450b49570c27d
xanim,#ai_zombie_base_walk_ad_v2_pain_chest_f_alt
xanim,#hash_4e079551c8abcdbe
xanim,#ai_zombie_base_walk_au_v12_pain_chest_f
xanim,#vm_incendiary_idle
xanim,#o_t8_zm_zombie_board_3_repair
xanim,#vm_zom_tower_shield_turret_fire
xanim,#ai_zm_dlc1_zombie_walk_lowg_v3_pain_chest_f
xanim,#ai_t8_zm_zombie_boardtear_aligned_m_3_pull
xanim,#vm_t8_mantle_over_additive
xanim,#ai_t8_zm_zombie_boardtear_aligned_r_2_pull
xanim,#vm_mini_crossbow_putaway
xanim,#ai_zombie_base_mantle_over_48
xanim,#ai_zombie_base_mantle_over_72
xanim,#vm_t8_swim_l_additive
xanim,#ai_zombie_base_mantle_over_36
xanim,#ai_t8_zm_zod_bltfthr_pain_destroy_sac_left_01
xanim,#ai_zombie_base_mantle_over_96
xanim,#ai_t8_zombie_base_sprint_ad_v23_pain_chest_f_alt
xanim,#ai_zombie_base_crawl_idle_v1
xanim,#p8_fxanim_zm_towers_rat_danu_tunnel_01_anim
xanim,#p8_fxanim_zm_towers_buyable_gate_02_a_frameless_close_anim
xanim,#o_t8_zm_zombie_board_4_pull
xanim,#ai_t8_zm_zombie_base_crawl_boardtear_aligned_m_6_hold
xanim,#hash_4f2920ed5e6dab15
xanim,#hash_4f2f010625f725e8
xanim,#ai_zombie_base_walk_ad_v25_pain_chest_f
xanim,#ai_t8_zm_zombie_base_crawl_boardtear_aligned_m_1_hold
xanim,#ai_t8_zm_zombie_base_crawl_boardtear_aligned_l_5_pull
xanim,#hash_4f9e04ef4988efea
xanim,#hash_4fbb9524a3748abc
xanim,#ai_t8_zm_zombie_boardtear_aligned_l_4_hold
xanim,#o_t8_zm_zombie_board_6_repair
xanim,#ai_t8_zm_zombie_base_walk_mantle_up_80_dn_36
xanim,#ai_t8_zm_twrs_zg_mrdr_stun_loop
xanim,#hash_502ff37ce4c75d17
xanim,#ai_t8_zm_zombie_base_crawl_boardtear_aligned_r_5_grab
xanim,#vm_mini_crossbow_sprint_out
xanim,#ai_t8_zm_zombie_boardtear_aligned_l_5_pull
xanim,#hash_509b6922c208ad5e
xanim,#ai_t8_zombie_base_sprint_ad_v5_pain_chest_f
xanim,#vm_zom_tower_shield_stab
xanim,#ai_t8_zm_zod_bltfthr_pain_knockdown_r_01
xanim,#ai_t8_zm_zod_bltfthr_tongue_grab_idle_decl_45
xanim,#ai_t8_zm_twrs_zg_dstyr_run_turn_r_90
xanim,#ai_t8_zm_zombie_boardtear_aligned_m_5_grab
xanim,#ai_zm_dlc1_zombie_crawl_lowg_v1
xanim,#ai_zm_dlc1_zombie_crawl_lowg_v2
xanim,#ai_zm_dlc1_zombie_crawl_lowg_v3
xanim,#hash_50efa3088c5ad81d
xanim,#p8_fxanim_zm_towers_grinder_loop_anim
xanim,#ai_t8_zm_zod_bltfthr_tongue_attack_hit_loop
xanim,#p8_fxanim_zm_towers_pap_door_red_anim
xanim,#ai_t8_zm_zod_bltfthr_vomit_wallbuy
xanim,#ai_t8_zombie_base_run_ad_win_trav_r_v1
xanim,#vm_mini_crossbow_swim_uw_sprint_out
xanim,#p8_fxanim_zm_towers_chaos_pustule_idle_anim
xanim,#hash_51b31378ad525c30
xanim,#hash_51b31478ad525de3
xanim,#hash_51b31678ad526149
xanim,#hash_51b31978ad526662
xanim,#hash_51caa34643de3783
xanim,#ai_zombie_base_dog_traverse_down_190
xanim,#ai_zombie_base_dog_traverse_down_184
xanim,#ai_zombie_base_dog_traverse_down_127
xanim,#ai_zombie_base_dog_traverse_down_126
xanim,#ai_zombie_base_dog_traverse_down_96
xanim,#ai_t8_zombie_base_super_sprint_25
xanim,#ai_t8_zombie_base_super_sprint_24
xanim,#ai_t8_zombie_base_super_sprint_23
xanim,#ai_t8_zombie_base_super_sprint_22
xanim,#ai_t8_zombie_base_super_sprint_21
xanim,#ai_t8_zombie_base_super_sprint_20
xanim,#ai_t8_zombie_base_super_sprint_18
xanim,#ai_t8_zombie_base_super_sprint_19
xanim,#ai_t8_zombie_base_super_sprint_12
xanim,#ai_t8_zombie_base_super_sprint_13
xanim,#ai_t8_zombie_base_super_sprint_10
xanim,#ai_t8_zombie_base_super_sprint_11
xanim,#ai_t8_zombie_base_super_sprint_16
xanim,#ai_t8_zombie_base_super_sprint_17
xanim,#ai_t8_zombie_base_super_sprint_14
xanim,#ai_t8_zombie_base_super_sprint_15
xanim,#ai_t8_zombie_base_super_sprint_09
xanim,#ai_t8_zombie_base_super_sprint_08
xanim,#ai_t8_zombie_base_super_sprint_05
xanim,#ai_t8_zombie_base_super_sprint_04
xanim,#ai_t8_zombie_base_super_sprint_07
xanim,#ai_t8_zombie_base_super_sprint_06
xanim,#ai_t8_zombie_base_super_sprint_01
xanim,#ai_t8_zombie_base_super_sprint_03
xanim,#ai_t8_zombie_base_super_sprint_02
xanim,#o_zombie_base_magic_box_fake_idle_twitch_a
xanim,#o_zombie_base_magic_box_fake_idle_twitch_b
xanim,#o_t8_zm_zombie_board_4_repair
xanim,#ai_zombie_base_dog_traverse_down_72
xanim,#ai_zombie_base_walk_au_v7_pain_chest_f
xanim,#ai_t8_zm_zombie_base_walk_jump_down_128
xanim,#ai_zombie_base_run_ad_v24_pain_chest_f
xanim,#ai_zombie_base_run_ad_v23_pain_chest_f_alt
xanim,#hash_52de2448fbffeef7
xanim,#ai_zombie_base_walk_ad_v20_pain_chest_f
xanim,#hash_52f98026cf540d68
xanim,#ai_zombie_smash_react_l_legsoutright
xanim,#vm_mini_crossbow_swim_uw_putaway
xanim,#ai_t8_zm_zombie_boardtear_aligned_r_2_hold
xanim,#ai_t8_zm_twrs_zg_dstyr_run_attack_2_run_l
xanim,#ai_t8_zm_twrs_zg_dstyr_run_attack_2_run_r
xanim,#ai_t8_zombie_base_sprint_au_v21_pain_chest_f
xanim,#ai_t8_zm_zombie_boardtear_aligned_m_6_hold
xanim,#ai_zm_dlc1_zombie_run_lowg_v2_pain_chest_f
xanim,#ai_zombie_base_dth_l_v2
xanim,#ai_zombie_base_dth_l_v1
xanim,#ai_t8_zm_zombie_base_crawl_boardtear_aligned_r_3_grab
xanim,#ai_t8_zm_zombie_base_crawl_boardtear_aligned_r_2_grab
xanim,#ai_zombie_base_walk_ad_sidestep_right_a
xanim,#hash_53bbb6862fb87db3
xanim,#ai_t8_zm_zombie_boardtear_aligned_r_3_grab
xanim,#ai_t8_zm_zombie_base_crawl_dth_freeze_02
xanim,#ai_t8_zm_zombie_base_crawl_dth_freeze_01
xanim,#ai_zombie_base_run_turn_90_r_v2
xanim,#ai_t8_zm_zombie_base_run_jump_up_128
xanim,#ai_t8_zm_quad_crawl_spawn_01
xanim,#ai_t8_zm_quad_crawl_spawn_02
xanim,#ai_zombie_base_walk_ad_v6_pain_chest_f_alt
xanim,#hash_54588538675f3d45
xanim,#ai_zombie_base_run_ad_v11_pain_chest_f
xanim,#hash_549c400dc54bb270
xanim,#p8_fxanim_zm_towers_boss_arena_gate_raise_03_anim
xanim,#ai_t8_zombie_base_sprint_au_win_trav_r_v1
xanim,#p8_fxanim_zm_towers_rod_loc04_06_anim
xanim,#p8_fxanim_zm_towers_trap_acid_start_anim
xanim,#vm_zom_tower_shield_turret_pullout_alt
xanim,#p8_fxanim_zm_towers_trap_switch_activate_anim
xanim,#hash_557004438df4c0cb
xanim,#hash_557fe5975c729a83
xanim,#hash_557fe6975c729c36
xanim,#ai_zombie_base_jump_up_96
xanim,#ai_zombie_base_fast_sprint_02_pain_chest_f
xanim,#ai_zombie_base_jump_up_36
xanim,#ai_t8_zm_zombie_base_crawl_boardtear_aligned_l_2_hold
xanim,#ai_t8_zm_zombie_base_crawl_boardtear_aligned_r_5_pull
xanim,#ai_zombie_base_jump_up_72
xanim,#ai_zombie_base_jump_up_48
xanim,#ai_t8_zombie_base_sprint_au_v25
xanim,#ai_t8_zombie_base_sprint_au_v22
xanim,#ai_t8_zombie_base_sprint_au_v20
xanim,#ai_t8_zombie_base_sprint_au_v21
xanim,#ai_zombie_base_walk_ad_v4_pain_chest_f_alt
xanim,#ai_zombie_cp_jump_up_128_down_32
xanim,#ai_t8_zm_twrs_zg_dstyr_walk_exit_8
xanim,#ai_t8_zm_twrs_zg_dstyr_walk_exit_9
xanim,#ai_t8_zm_twrs_zg_dstyr_walk_exit_6
xanim,#ai_t8_zm_twrs_zg_dstyr_walk_exit_7
xanim,#ai_t8_zm_twrs_zg_dstyr_walk_exit_4
xanim,#ai_t8_zm_twrs_zg_dstyr_walk_exit_2
xanim,#ai_t8_zm_twrs_zg_dstyr_walk_exit_3
xanim,#ai_t8_zm_twrs_zg_dstyr_walk_exit_1
xanim,#ai_t8_zm_zombie_base_crawl_boardtear_aligned_m_1_grab
xanim,#ai_t8_zm_twrs_zg_mrdr_run_dth_01
xanim,#ai_t8_zm_zod_bltfthr_tongue_attack_hit_end_decl_45
xanim,#hash_561cf75af113fd6b
xanim,#hash_561cf85af113ff1e
xanim,#ai_t8_zm_zod_bltfthr_tongue_grab_stagger_decl_45
xanim,#vm_mini_crossbow_swim_uw_in
xanim,#ai_t8_zombie_base_sprint_au_win_trav_l_v1
xanim,#ai_t8_zm_zod_catalyst_electric_run_01
xanim,#hash_5674f92609a9abdc
xanim,#p8_fxanim_zm_towers_cage_hang_02_anim
xanim,#ai_zombie_base_sprint_au_sidestep_left_short_a
xanim,#ai_zombie_base_sprint_au_sidestep_left_short_b
xanim,#ai_zm_dlc1_zombie_walk_lowg_v2_pain_chest_f_alt
xanim,#ai_t8_zm_zod_bltfthr_tongue_grab_release_incl_45
xanim,#ai_zombie_base_dth_f_head_lt_02
xanim,#ai_zombie_base_dth_f_head_lt_01
xanim,#ai_zombie_base_dth_f_head_lt_00
xanim,#ai_t8_zm_zombie_boardtear_aligned_m_5_hold
xanim,#ai_t8_zm_zombie_undercroft_spawn_03
xanim,#ai_t8_zm_zombie_undercroft_spawn_02
xanim,#ai_t8_zm_twrs_zg_dstyr_stun_out_01
xanim,#ai_zombie_smash_react_getup_quick_b
xanim,#ai_zombie_smash_react_getup_quick_c
xanim,#p8_fxanim_zm_towers_rod_loc04_05_anim
xanim,#ai_t8_zombie_base_sprint_ad_v2_pain_chest_f_alt
xanim,#p8_fxanim_zm_towers_ww_quest_wall_crumble_anim
xanim,#ai_zm_dlc1_zombie_sprint_lowg_v4_pain_chest_f_alt
xanim,#pt_one_handed_gun_male_stand_fire
xanim,#ai_t8_zm_zombie_base_crawl_boardtear_aligned_l_4_pull
xanim,#ai_zombie_base_sprint_au_sidestep_right_short
xanim,#vm_t8_swim_idle_static
xanim,#hash_57f789ce2c0acc9b
xanim,#ai_t8_zm_twrs_zg_mrdr_jump_up_36
xanim,#ai_base_rifle_stn_run_dth_b_head_lt_1
xanim,#ai_t8_zm_twrs_zg_mrdr_jump_up_72
xanim,#ai_t8_zombie_base_sprint_ad_v21_pain_chest_f
xanim,#ai_t8_zm_twrs_zg_mrdr_jump_up_48
xanim,#ai_t8_zm_twrs_zg_mrdr_jump_up_96
xanim,#vm_scorpion_putaway
xanim,#ai_t8_zm_zombie_base_crawl_boardtear_aligned_m_4_hold
xanim,#pt_scorpion_prone_fire_intro
xanim,#pt_scorpion_crouch_fire_cancel
xanim,#hash_58792c92d78f8aff
xanim,#p8_fxanim_zm_towers_rod_loc02_01_anim
xanim,#ai_t8_zm_zombie_boardtear_aligned_r_1_grab
xanim,#vm_incendiary_pullpin
xanim,#ai_zombie_base_walk_ad_v2_pain_chest_f
xanim,#ai_t8_zm_zombie_base_crawl_boardtear_aligned_l_3_hold
xanim,#vm_pistol_webley_swim_uw_pullout
xanim,#p8_fxanim_zm_towers_crowd_jar_01_anim
xanim,#ai_t8_zm_zombie_base_crawl_boardtear_aligned_r_6_pull
xanim,#pt_scorpion_stand_fire
xanim,#ai_zombie_base_run_ad_sidestep_right_long_a
xanim,#ai_t8_zm_zombie_base_crawl_jump_up_160
xanim,#ai_t8_zm_zombie_base_crawl_jump_up_128
xanim,#ai_zombie_smash_react_b_deadfallknee
xanim,#ai_zm_dlc1_zombie_climb_up_192_down_40
xanim,#ai_zombie_crawl_dr_jump_down_96
xanim,#hash_59fd3cdfe590ae34
xanim,#ai_zombie_crawl_dr_jump_down_72
xanim,#hash_5a46d949801c4e9f
xanim,#ai_zombie_base_walk_au_v6_pain_chest_f_alt
xanim,#ai_zombie_base_run_ad_v21_pain_chest_f_alt
xanim,#vm_mini_crossbow_swim_from_land
xanim,#o_t8_zm_zombie_board_1_repair
xanim,#hash_5a8244cf76c8bf91
xanim,#ai_t8_zombie_base_sprint_au_v1
xanim,#ai_t8_zombie_base_sprint_au_v2
xanim,#ai_t8_zm_zombie_boardtear_aligned_m_6_pull
xanim,#hash_5b2073b2c63f9e93
xanim,#vm_grapple_gun_reel_loop_additive
xanim,#ai_t8_zombie_base_run_au_win_trav_l_v1
xanim,#ai_zombie_base_walk_au_v4_pain_chest_f
xanim,#vm_mini_crossbow_ads_base_down
xanim,#ai_t8_zm_twrs_tgr_pro_trv_mantle_128
xanim,#hash_5bc292a293eef49d
xanim,#vm_crouch_to_prone_additive
xanim,#ai_zombie_base_run_au_v21_pain_chest_f
xanim,#hash_5c38717d989627f3
xanim,#vm_scorpion_fire
xanim,#ai_t8_zm_twrs_zg_dstyr_react_agro_from_idle
xanim,#ai_zombie_base_dth_f_legs_lt_2
xanim,#p8_fxanim_zm_towers_rod_loc03_03_anim
xanim,#ai_t8_zm_twrs_tgr_dth_r_01
xanim,#hash_5ce05168906559af
xanim,#ai_t8_zm_zombie_base_dth_freeze_03
xanim,#ai_t8_zm_zombie_base_dth_freeze_02
xanim,#ai_t8_zm_zombie_base_dth_freeze_01
xanim,#ai_t8_zm_zombie_base_dth_freeze_05
xanim,#ai_t8_zm_zombie_base_dth_freeze_04
xanim,#ai_t8_zombie_traverse_ground_dugup
xanim,#ai_zombie_base_walk_au_v21_pain_chest_f_alt
xanim,#ai_t8_zm_zod_catalyst_corrosive_idle_02
xanim,#ai_t8_zm_zod_catalyst_corrosive_idle_01
xanim,#ai_t8_zm_zod_catalyst_water_exit_8
xanim,#ai_t8_zm_zod_catalyst_water_exit_9
xanim,#ai_t8_zm_zod_catalyst_water_exit_6
xanim,#ai_t8_zm_zod_catalyst_water_exit_7
xanim,#ai_t8_zm_zod_catalyst_water_exit_4
xanim,#ai_t8_zm_zod_catalyst_water_exit_2
xanim,#ai_t8_zm_zod_catalyst_water_exit_3
xanim,#ai_t8_zm_zod_catalyst_water_exit_1
xanim,#ai_t8_zombie_base_run_au_win_trav_r_v1
xanim,#o_t8_zm_zombie_board_5_pull
xanim,#ai_t8_zm_zombie_boardtear_aligned_l_1_grab
xanim,#ai_t8_zm_twrs_zg_mrdr_melee_l_02
xanim,#ai_t8_zm_twrs_zg_mrdr_melee_l_03
xanim,#ai_t8_zm_twrs_zg_mrdr_melee_l_01
xanim,#ai_zombie_base_dth_f_l_arm_hvy_01
xanim,#ai_zombie_base_dth_f_l_arm_hvy_00
xanim,#ai_zombie_base_sprint_au_sidestep_right_short_b
xanim,#ai_zombie_base_sprint_au_sidestep_right_short_a
xanim,#p8_fxanim_zm_towers_cage_hang_04_anim
xanim,#hash_5e7c52294a5c0084
xanim,#vm_mini_crossbow_jump
xanim,#ai_t8_zm_twrs_tgr_run_01
xanim,#ai_zombie_base_walk_turn_135_r_v2
xanim,#ai_zombie_base_walk_au_v15_pain_chest_f_alt
xanim,#hash_5eeede4027d49d2a
xanim,#hash_5eeedf4027d49edd
xanim,#p8_fxanim_zm_towers_rod_loc01_05_anim
xanim,#hash_5f2636b48c3d20c5
xanim,#hash_5f2f1bc666c80a3b
xanim,#ai_t8_zm_zombie_boardtear_aligned_m_4_grab
xanim,#ai_zombie_base_idle_ad_v1
xanim,#p8_fxanim_zm_towers_wall_2_anim
xanim,#hash_5fd395f06a829ee0
xanim,#hash_5fd396f06a82a093
xanim,#hash_5fd397f06a82a246
xanim,#hash_5fd39cf06a82aac5
xanim,#ai_t8_zm_zod_bltfthr_idle
xanim,#vm_bare_hands_swim_uw_sprint_loop
xanim,#hash_5ffd8188a56ab143
xanim,#ai_t8_zm_twrs_tgr_pro_trv_jump_up_36
xanim,#hash_600da8ceb37fe406
xanim,#ai_t8_zm_twrs_tgr_pro_trv_jump_up_64
xanim,#ai_t8_zm_twrs_tgr_pro_trv_jump_up_72
xanim,#vm_riotshield_zm_raise
xanim,#ai_t8_zm_twrs_tgr_pro_trv_jump_up_48
xanim,#ai_zombie_base_walk_au_v1_pain_chest_f
xanim,#ai_zombie_base_jump_across_128
xanim,#vm_riotshield_zm_ads_up
xanim,#ai_t8_zm_twrs_tgr_pro_trv_jump_up_96
xanim,#vm_riotshield_zm_melee
xanim,#ai_t8_zombie_base_sprint_au_v25_pain_chest_f_alt
xanim,#ai_t8_zm_zombie_boardtear_aligned_r_5_hold
xanim,#hash_60804dde64da8a1a
xanim,#ai_t8_zm_twrs_tgr_stun_in
xanim,#vm_incendiary_throwback
xanim,#pt_scorpion_prone_firstraise
xanim,#ai_t8_zm_twrs_tgr_idle_01
xanim,#pt_scorpion_crouch_fire
xanim,#ai_t8_zm_zod_catalyst_electric_death_01
xanim,#p8_fxanim_zm_towers_challenge_gong_hit_anim
xanim,#ai_zombie_smash_react_l_jackiespinright
xanim,#p8_fxanim_zm_towers_rod_loc04_04_anim
xanim,#ai_t8_zm_zombie_base_crawl_boardtear_aligned_r_3_pull
xanim,#p8_fxanim_zm_towers_rod_loc01_06_anim
xanim,#ai_t8_zm_twrs_zg_dstyr_getup_faceup
xanim,#ai_t8_zm_twrs_tgr_trv_jump_dn_48
xanim,#ai_t8_zm_twrs_zg_mrdr_react_agro_r
xanim,#ai_t8_zm_twrs_zg_mrdr_react_agro_f
xanim,#ai_t8_zm_twrs_zg_mrdr_react_agro_b
xanim,#ai_t8_zm_twrs_zg_mrdr_react_agro_l
xanim,#ai_t8_zm_zod_catalyst_electric_sprint_01
xanim,#vm_pistol_webley_pullout
xanim,#vm_zom_tower_shield_pullout_quick
xanim,#hash_62293b2ffa068852
xanim,#hash_623066eb78e958f4
xanim,#hash_62376ea3415ebc2d
xanim,#ai_t8_zm_zod_bltfthr_fire_projectile_sngl_r
xanim,#ai_t8_zm_zod_bltfthr_fire_projectile_sngl_l
xanim,#hash_6267d1481cdfdfce
xanim,#ai_zombie_base_walk_turn_90_r_v2
xanim,#ai_zombie_base_run_au_sidestep_right_short_b
xanim,#ai_zombie_base_run_au_sidestep_right_short_c
xanim,#ai_zombie_base_run_au_sidestep_right_short_a
xanim,#ai_zombie_base_run_au_sidestep_right_short_d
xanim,#vm_scorpion_crawl_in
xanim,#vm_mini_crossbow_crawl_in
xanim,#o_zombie_magic_box_weapon_dual_rise
xanim,#vm_t8_swim_b_additive
xanim,#p8_fxanim_zm_towers_odin_cauldron_chain_shackle_anim
xanim,#ai_t8_zm_zombie_boardtear_aligned_r_6_hold
xanim,#hash_636b21208334e959
xanim,#hash_636b22208334eb0c
xanim,#hash_636b23208334ecbf
xanim,#hash_636b25208334f025
xanim,#ai_t8_zm_zombie_base_crawl_boardtear_aligned_m_4_pull
xanim,#ai_t8_zm_zombie_boardtear_aligned_l_4_pull
xanim,#ai_zm_dlc1_zombie_walk_lowg_v4
xanim,#ai_zm_dlc1_zombie_walk_lowg_v2
xanim,#ai_zm_dlc1_zombie_walk_lowg_v3
xanim,#ai_zm_dlc1_zombie_walk_lowg_v1
xanim,#ai_t8_zm_twrs_zg_mrdr_run_turn_r_90
xanim,#hash_63e10f0b6e8d42a1
xanim,#ai_t8_zm_twrs_tgr_run_turn_l_135
xanim,#p8_fxanim_zm_towers_trap_blade_01_end_anim
xanim,#ai_t8_zm_twrs_tgr_run_turn_l_180
xanim,#ai_zombie_base_run_au_v21_pain_chest_f_alt
xanim,#ai_t8_zm_twrs_zg_mrdr_pain_f
xanim,#ai_t8_zm_twrs_zg_mrdr_pain_b
xanim,#ai_t8_zm_twrs_zg_mrdr_pain_l
xanim,#ai_t8_zm_twrs_zg_mrdr_pain_r
xanim,#hash_6461da255695dae8
xanim,#ai_zombie_base_dog_traverse_up_40
xanim,#ai_t8_zm_twrs_zg_dstyr_turn_l_135
xanim,#ai_t8_zm_twrs_zg_dstyr_turn_l_180
xanim,#ai_zombie_base_run_au_v22_pain_chest_f_alt
xanim,#ai_t8_zm_zod_bltfthr_run_02
xanim,#ai_t8_zm_zod_bltfthr_run_01
xanim,#ai_t8_zm_twrs_hllpht_charge_00
xanim,#hash_64dc68852a2013d4
xanim,#ai_zombie_base_walk_ad_v6_pain_chest_f
xanim,#ai_t8_zm_twrs_zg_dstyr_mantle_over_zm_barrier_36
xanim,#vm_pistol_webley_swim_uw_putaway
xanim,#ai_t8_zombie_base_sprint_ad_v22_pain_chest_f
xanim,#ai_zombie_base_run_au_v4_pain_chest_f
xanim,#ai_t8_zm_zod_bltfthr_dth_destroy_head_01
xanim,#ai_t8_zm_zombie_boardtear_aligned_l_6_grab
xanim,#vm_grapple_gun_reel_out
xanim,#ai_t8_zombie_base_sprint_ad_v1_pain_chest_f_alt
xanim,#p8_fxanim_zm_towers_buyable_gate_01_frameless_close_anim
xanim,#p8_fxanim_zm_zod_magic_box_idle_anim
xanim,#hash_661059752033b0ba
xanim,#ai_zombie_base_walk_ad_v7_pain_chest_f
xanim,#ai_t8_zm_zod_bltfthr_pain_knockdown_b_01
xanim,#ai_t8_zm_zod_bltfthr_tongue_attack_hit_end_incl_45
xanim,#ai_t8_zm_twrs_tgr_pro_trv_jump_down_160
xanim,#ai_t8_zm_twrs_tgr_pro_trv_jump_down_128
xanim,#vm_zom_tower_shield_hand_pose_r
xanim,#vm_zom_tower_shield_hand_pose_l
xanim,#ai_t8_zm_twrs_tgr_stn_turn_r_90
xanim,#p8_fxanim_zm_packapunch_worldguns_ejected
xanim,#ai_t8_zm_twrs_tgr_stn_turn_r_45
xanim,#ai_t8_zm_twrs_zg_dstyr_pain_r_lt_01
xanim,#ai_zombie_base_run_ad_sidestep_left_short_a
xanim,#ai_zombie_base_walk_au_v13_pain_chest_f_alt
xanim,#vm_grapple_gun_reel_loop_u_additive
xanim,#p8_fxanim_zm_towers_rod_loc03_02_anim
xanim,#vm_t8_mantle_over
xanim,#ai_base_rifle_stn_run_dth_f_chest_hvy_1
xanim,#ai_zombie_base_run_turn_135_r_v2
xanim,#ch_vign_tplt_inbtl_hllpht_evlve_2_stg_2_00_hllpht
xanim,#hash_684c84af631d9ac3
xanim,#ai_t8_zm_zod_bltfthr_run_turn_r_135
xanim,#ai_t8_zm_zod_bltfthr_run_turn_r_180
xanim,#p8_fxanim_zm_towers_trap_fire_open_anim
xanim,#vm_scorpion_sprint_out
xanim,#vm_t8_swim_r_additive
xanim,#ai_zm_dlc1_zombie_sprint_lowg_v1_pain_chest_f_alt
xanim,#ai_zombie_base_run_au_v13_pain_chest_f
xanim,#ai_zombie_base_run_au_v5_pain_chest_f_alt
xanim,#ai_zombie_base_sprint_ad_sidestep_right_long
xanim,#ai_t8_zm_twrs_tgr_stn_turn_l_180
xanim,#ai_t8_zm_twrs_tgr_stn_turn_l_135
xanim,#ai_t8_zm_zod_catalyst_corrosive_run_01
xanim,#hash_69af21d8c404e514
xanim,#hash_69af24d8c404ea2d
xanim,#ai_zombie_base_traverse_ground_climbout_fast
xanim,#hash_6a07eac1dcfc681b
xanim,#ai_zombie_base_walk_ad_v4_pain_chest_f
xanim,#ai_t8_zm_twrs_hllpht_charge_exit_3
xanim,#ai_t8_zm_twrs_hllpht_charge_exit_2
xanim,#ai_t8_zm_twrs_hllpht_charge_exit_1
xanim,#ai_t8_zm_twrs_hllpht_charge_exit_7
xanim,#ai_t8_zm_twrs_hllpht_charge_exit_6
xanim,#ai_t8_zm_twrs_hllpht_charge_exit_4
xanim,#ai_t8_zm_twrs_hllpht_charge_exit_9
xanim,#ai_t8_zm_twrs_hllpht_charge_exit_8
xanim,#o_zombie_base_packapunch_flag_up
xanim,#ai_zombie_smash_react_r_legsoutleft
xanim,#ai_t8_zm_zod_bltfthr_tongue_grab_stagger
xanim,#ai_zm_dlc1_zombie_crawl_jump_down_190
xanim,#p8_fxanim_zm_towers_rod_loc02_02_anim
xanim,#ai_t8_zm_twrs_zg_dstyr_knockdown_r
xanim,#ai_t8_zm_twrs_zg_dstyr_knockdown_f
xanim,#ai_t8_zm_twrs_zg_dstyr_knockdown_b
xanim,#ai_t8_zm_twrs_zg_dstyr_knockdown_l
xanim,#ai_t8_zm_zombie_boardtear_aligned_r_6_pull
xanim,#o_zombie_base_packapunch_flag_down
xanim,#ai_zombie_base_walk_au_v11_pain_chest_f_alt
xanim,#ai_t8_zombie_base_sprint_ad_v1_pain_chest_f
xanim,#vm_scorpion_fire_cancel
xanim,#vm_t8_swim_f_additive
xanim,#ai_t8_zm_twrs_zg_mrdr_jump_up_160
xanim,#ai_t8_zm_twrs_zg_mrdr_jump_up_128
xanim,#ai_zombie_base_run_ad_v2_pain_chest_f
xanim,#ai_t8_zm_zod_bltfthr_pain_destroy_sac_right_01
xanim,#ai_zombie_base_run_ad_v24_pain_chest_f_alt
xanim,#vm_pistol_webley_idle
xanim,#ai_t8_zm_zod_catalyst_corrosive_walk_01
xanim,#ai_zm_dlc1_zombie_crawl_jump_up_36_down_180
xanim,#hash_6c8025cc49dceec4
xanim,#ai_t8_zm_zod_bltfthr_pain_getup_r_01
xanim,#hash_6c900f8adbbc286f
xanim,#ai_t8_zombie_base_sprint_ad_v23_pain_chest_f
xanim,#hash_6caa8352404dc8f3
xanim,#hash_6caa8452404dcaa6
xanim,#vm_bare_hands_idle
xanim,#hash_6cff2015e5f2a5de
xanim,#vm_zom_tower_shield_swipe
xanim,#ai_t8_zm_zod_bltfthr_pain_destroy_head_01
xanim,#vm_molotov_idle
xanim,#ai_t8_zm_zombie_base_dth_ww_xbow_intro
xanim,#ai_t8_zm_twrs_tgr_pro_trv_jump_down_96
xanim,#ai_t8_zm_twrs_tgr_pro_trv_jump_down_48
xanim,#ai_t8_base_rifle_stn_run_dth_r_arms_lt_1
xanim,#ai_t8_zm_twrs_tgr_pro_trv_jump_down_72
xanim,#ai_t8_zm_twrs_tgr_pro_trv_jump_down_64
xanim,#ai_t8_zm_twrs_tgr_pro_trv_jump_down_36
xanim,#p8_fxanim_zm_towers_buyable_gate_01_close_anim
xanim,#pt_battle_shield_male_stand_pullout
xanim,#ai_t8_zombie_base_walk_au_win_trav_l_v1
xanim,#ai_zombie_base_run_ad_v23_pain_chest_f
xanim,#ai_t8_zm_twrs_zg_mrdr_run_pain_head
xanim,#vm_incendiary_throw
xanim,#hash_6e9ac0e9ed1040f5
xanim,#ai_zombie_base_run_au_v9_pain_chest_f
xanim,#p8_fxanim_zm_towers_buyable_gate_02_a_frameless_open_anim
xanim,#ai_t8_zm_zombie_base_crawl_boardtear_aligned_l_3_pull
xanim,#hash_6ed92c55f1ceb726
xanim,#ai_t8_zombie_base_sprint_ad_v2
xanim,#ai_t8_zombie_base_sprint_ad_v1
xanim,#ai_t8_zombie_base_sprint_ad_v5
xanim,#ai_t8_zm_zod_bltfthr_run_turn_r_45
xanim,#ai_t8_zm_twrs_tgr_pro_trv_jump_up_128
xanim,#ai_t8_zm_zod_bltfthr_run_turn_r_90
xanim,#ai_t8_zm_twrs_tgr_pro_trv_jump_up_160
xanim,#p8_fxanim_zm_zod_magic_box_close_anim
xanim,#ai_zombie_base_run_au_sidestep_left_short
xanim,#ai_t8_zm_zod_bltfthr_tongue_attack_in
xanim,#vm_scorpion_swim_uw_putaway
xanim,#ai_t8_zm_twrs_zg_mrdr_melee_l
xanim,#ai_t8_zm_twrs_zg_mrdr_melee_r
xanim,#ai_t8_zm_zod_bltfthr_pain_stun_in
xanim,#ai_t8_zm_twrs_zg_mrdr_run_01
xanim,#vm_scorpion_swim_uw_pullout
xanim,#vm_scorpion_jump
xanim,#ai_zombie_base_walk_ad_sidestep_right_short_a
xanim,#vm_scorpion_sprint_loop
xanim,#hash_707e34d8df702aee
xanim,#ai_t8_zm_zombie_base_crawl_boardtear_aligned_r_1_pull
xanim,#hash_7090e9164b4a454f
xanim,#hash_7092acf0e32375c4
xanim,#ai_t8_zm_twrs_zg_dstyr_react_agro_from_walk
xanim,#p8_fxanim_zm_towers_cage_hang_03_anim
xanim,#ai_t8_zm_twrs_hllpht_turn_r_45
xanim,#hash_70d39bd86217eec9
xanim,#ai_t8_zm_twrs_hllpht_turn_r_90
xanim,#ai_zombie_base_walk_ad_v7_pain_chest_f_alt
xanim,#hash_70ebc6c4bc80ad84
xanim,#hash_70ebc7c4bc80af37
xanim,#ai_t8_zm_zod_bltfthr_pain_destroy_leg_left_01
xanim,#ai_t8_zm_zod_bltfthr_tongue_grab_release_decl_45
xanim,#ai_zm_dlc1_zombie_sprint_lowg_v3_pain_chest_f
xanim,#ai_t8_zm_zombie_boardtear_aligned_m_2_pull
xanim,#hash_715b632f315ad1c0
xanim,#hash_715b812f315b04ba
xanim,#ai_t8_zm_zombie_base_crawl_jump_down_36
xanim,#ai_t8_zm_zombie_base_crawl_jump_down_48
xanim,#ai_zombie_base_run_jump_down_36
xanim,#ai_t8_zm_zombie_base_crawl_jump_down_72
xanim,#hash_716d804248949493
xanim,#hash_716d814248949646
xanim,#ai_t8_zm_zombie_base_crawl_jump_down_96
xanim,#ai_zombie_base_run_jump_down_72
xanim,#ai_zombie_base_run_jump_down_48
xanim,#ai_zombie_base_run_jump_down_96
xanim,#ai_zm_dlc1_zombie_sprint_lowg_v2_pain_chest_f
xanim,#ai_t8_zombie_base_crawl_sprint_win_trav_r_v1
xanim,#ai_t8_zm_twrs_zg_mrdr_run_turn_l_90
xanim,#vm_t8_swim_l
xanim,#vm_t8_swim_f
xanim,#vm_t8_swim_b
xanim,#vm_t8_swim_r
xanim,#ai_t8_zm_zod_bltfthr_fire_projectile_triple
xanim,#vm_grapple_gun_reel_loop_d_additive
xanim,#vm_molotov_ads_down
xanim,#ai_t8_zm_zod_bltfthr_tongue_grab_idle
xanim,#hash_72b7d9eac76c1ff3
xanim,#ai_zombie_base_sprint_ad_sidestep_left_short_a
xanim,#vm_pistol_webley_fall
xanim,#ai_zombie_base_idle_au_v1
xanim,#ai_zombie_base_walk_ad_v21_pain_chest_f
xanim,#ai_t8_zm_twrs_zg_mrdr_pain_ww
xanim,#ai_t8_zm_twrs_zg_dstyr_stnd_pain_wkpnt_arm_l_01
xanim,#ai_t8_zm_zombie_boardtear_aligned_r_6_grab
xanim,#pt_battle_turret_male_stand_putaway
xanim,#ai_t8_zm_twrs_zg_mrdr_idle_02
xanim,#ai_t8_zm_twrs_zg_mrdr_idle_01
xanim,#hash_733664d690657677
xanim,#hash_733665d69065782a
xanim,#ai_t8_zombie_base_run_pain_move_l_04
xanim,#ai_t8_zombie_base_run_pain_move_l_05
xanim,#ai_t8_zombie_base_run_pain_move_l_06
xanim,#ai_t8_zombie_base_run_pain_move_l_01
xanim,#ai_t8_zombie_base_run_pain_move_l_02
xanim,#ai_t8_zombie_base_run_pain_move_l_03
xanim,#ai_t8_zm_zombie_base_run_mantle_over_128
xanim,#ai_zm_dlc1_zombie_jump_up_244_down_36
xanim,#hash_7388a72cdc7c5a0c
xanim,#vm_pistol_webley_ads_base_down
xanim,#vm_pistol_webley_crawl_l
xanim,#vm_pistol_webley_crawl_f
xanim,#vm_pistol_webley_crawl_b
xanim,#vm_pistol_webley_crawl_r
xanim,#ai_zombie_base_walk_ad_v25_pain_chest_f_alt
xanim,#ai_zombie_base_run_dth_f_torso_lt
xanim,#ai_t8_zm_zombie_base_crawl_boardtear_aligned_l_1_hold
xanim,#vm_scorpion_crawl_b
xanim,#vm_scorpion_crawl_f
xanim,#vm_scorpion_crawl_l
xanim,#vm_scorpion_crawl_r
xanim,#ai_t8_zm_zombie_base_walk_mantle_over_72
xanim,#ai_t8_zm_zombie_base_walk_mantle_over_48
xanim,#ai_t8_zm_zombie_base_walk_mantle_over_40
xanim,#hash_74253e94304e5f89
xanim,#ai_t8_zm_zombie_base_walk_mantle_over_36
xanim,#p8_fxanim_zm_zod_magic_box_leave_anim
xanim,#pt_scorpion_prone_fire
xanim,#ai_t8_zm_zombie_base_walk_mantle_over_96
xanim,#vm_scorpion_sprint_in
xanim,#hash_748de0a6b6a5da26
xanim,#ai_zm_dlc1_zombie_crawl_jump_up_36_down_244
xanim,#ai_t8_zm_zombie_boardtear_aligned_m_4_hold
xanim,#vm_scorpion_sprint_drop
xanim,#hash_7560564e5089bf9f
xanim,#p8_fxanim_zm_towers_grinder_anim
xanim,#p8_fxanim_zm_towers_rod_loc04_03_anim
xanim,#ai_zombie_base_dth_tesla_d
xanim,#ai_zombie_base_dth_tesla_b
xanim,#ai_zombie_base_dth_tesla_c
xanim,#ai_zombie_base_dth_tesla_a
xanim,#vm_grapple_gun_reel_loop
xanim,#hash_764fce2f1192a0a8
xanim,#ai_zombie_base_run_ad_v1_pain_chest_f
xanim,#ai_zombie_base_crawl_attack_v2
xanim,#ai_zombie_base_crawl_attack_v1
xanim,#ai_zombie_base_run_ad_v11
xanim,#ai_zombie_base_run_ad_v12
xanim,#ai_zombie_base_run_ad_v14
xanim,#ai_zombie_base_run_ad_v21
xanim,#ai_zombie_base_run_ad_v20
xanim,#ai_zombie_base_run_ad_v23
xanim,#ai_zombie_base_run_ad_v22
xanim,#ai_zombie_base_run_ad_v24
xanim,#hash_7669c41c7e869b72
xanim,#ai_t8_zm_twrs_zg_dstyr_walk_turn_r_180
xanim,#ai_t8_zm_twrs_zg_dstyr_walk_turn_r_135
xanim,#o_t8_zm_zombie_board_1_pull
xanim,#ai_t8_zm_twrs_zg_dstyr_dth_f_01
xanim,#hash_76ce4243149dd4f4
xanim,#ai_zombie_base_walk_au_v8_pain_chest_f
xanim,#ai_t8_zm_zod_bltfthr_run_turn_l_90
xanim,#hash_771492645eb1c082
xanim,#ai_zombie_base_fast_sprint_01
xanim,#ai_zombie_base_fast_sprint_02
xanim,#ai_t8_zm_zod_bltfthr_run_turn_l_45
xanim,#ai_zombie_base_walk_turn_180_l_v3
xanim,#vm_zom_tower_shield_sprint_loop
xanim,#vm_bare_hands_swim_tw_sprint_loop
xanim,#pt_battle_turret_male_stand_fire
xanim,#ai_zombie_base_run_au_v23_pain_chest_f
xanim,#vm_scorpion_ads_base_up
xanim,#hash_78164ab1180e9f2f
xanim,#ai_zm_dlc1_zombie_jump_down_190
xanim,#ai_t8_zm_zombie_base_crawl_boardtear_aligned_m_4_grab
xanim,#ai_zombie_zod_jump_down_256
xanim,#ai_t8_zombie_base_sprint_ad_v2_pain_chest_f
xanim,#ai_zm_dlc1_zombie_run_lowg_v1_pain_chest_f_alt
xanim,#ai_zm_dlc1_zombie_run_lowg_v2_pain_chest_f_alt
xanim,#p8_fxanim_zm_towers_rod_loc03_01_anim
xanim,#ai_t8_zm_twrs_tgr_run_turn_r_180
xanim,#ai_t8_zm_twrs_tgr_run_turn_r_135
xanim,#ai_t8_zm_twrs_zg_mrdr_barrage
xanim,#p8_fxanim_zm_towers_boss_death_01_anim
xanim,#ai_zombie_base_walk_au_v1_pain_chest_f_alt
xanim,#vm_scorpion_first_raise
xanim,#ai_zombie_base_run_au_v24
xanim,#ai_zombie_base_run_au_v20
xanim,#ai_zombie_base_run_au_v21
xanim,#ai_zombie_base_run_au_v22
xanim,#ai_zombie_base_run_au_v23
xanim,#ai_zombie_base_run_au_v11
xanim,#ai_zombie_base_run_au_v13
xanim,#p8_fxanim_zm_vapor_altar_zeus_off_anim
xanim,#ai_t8_zm_zod_catalyst_plasma_spawn_01
xanim,#ai_t8_zm_twrs_zg_mrdr_dth_01
xanim,#vm_zom_tower_shield_turret_hand_pose_r
xanim,#vm_zom_tower_shield_turret_hand_pose_l
xanim,#vm_mini_crossbow_sprint_loop
xanim,#ai_base_rifle_stn_run_dth_r_hips_lt_1
xanim,#ai_t8_zm_zod_catalyst_water_spawn_01
xanim,#ai_t8_zm_twrs_zg_dstyr_run_2_walk
xanim,#ai_zombie_base_walk_au_v11_pain_chest_f
xanim,#ai_t8_zombie_base_crawl_win_trav_l_v1
xanim,#hash_79f03fbd016fcd7c
xanim,#ai_t8_zm_zombie_base_crawl_boardtear_aligned_l_1_grab
xanim,#ai_zombie_base_sprint_au_sidestep_left_short
xanim,#p8_fxanim_zm_packapunch_worldguns_taken
xanim,#pt_scorpion_crouch_firstraise
xanim,#hash_7a9b1ebca51ec2f7
xanim,#hash_7a9b1fbca51ec4aa
xanim,#ai_zombie_base_walk_au_v3_pain_chest_f
xanim,#ai_t8_zm_zod_bltfthr_tongue_attack_miss_end
xanim,#ai_t8_zm_twrs_zg_dstyr_stnd_pain_wkpnt_arm_r_01
xanim,#ai_t8_zm_twrs_zg_dstyr_run_exit_8
xanim,#ai_t8_zm_twrs_zg_dstyr_run_exit_9
xanim,#ai_t8_zm_twrs_zg_dstyr_run_exit_1
xanim,#ai_t8_zm_twrs_zg_dstyr_run_exit_2
xanim,#ai_t8_zm_twrs_zg_dstyr_run_exit_3
xanim,#ai_t8_zm_twrs_zg_dstyr_run_exit_4
xanim,#ai_t8_zm_twrs_zg_dstyr_run_exit_6
xanim,#ai_t8_zm_twrs_zg_dstyr_run_exit_7
xanim,#ai_t8_zm_zombie_boardtear_aligned_l_5_hold
xanim,#ai_zombie_base_run_ad_v20_pain_chest_f
xanim,#ai_zombie_base_run_ad_sidestep_right_long
xanim,#vm_zom_tower_shield_turret_putaway
xanim,#ai_t8_zm_twrs_tgr_run_turn_l_90
xanim,#hash_7bd7342e05d8dabd
xanim,#ai_t8_zm_twrs_tgr_run_turn_l_45
xanim,#vm_zom_tower_shield_jump_land
xanim,#p8_fxanim_zm_towers_rod_loc03_06_anim
xanim,#ai_t8_zm_zod_catalyst_plasma_run_02
xanim,#ai_t8_zm_zod_catalyst_plasma_run_03
xanim,#ai_t8_zm_zod_catalyst_plasma_run_01
xanim,#ai_zombie_base_crawl_dth_tesla_b
xanim,#ai_zombie_base_crawl_dth_tesla_a
xanim,#ai_zombie_base_sprint_turn_180_l_v2
xanim,#hash_7c25b4d28409b914
xanim,#hash_7c25b7d28409be2d
xanim,#ai_zombie_dr_jump_down_190
xanim,#ai_zombie_dr_jump_down_184
xanim,#ai_zombie_dr_jump_down_127
xanim,#ai_t8_zm_twrs_zg_dstyr_turn_l_90
xanim,#ai_t8_zm_zombie_base_crawl_boardtear_aligned_m_2_grab
xanim,#ai_zombie_base_run_ad_sidestep_right_short
xanim,#hash_7c82d454c56b3365
xanim,#ai_t8_zm_twrs_zg_dstyr_turn_l_45
xanim,#hash_7c8e5a6e63da54a2
xanim,#ai_zombie_zod_stunned_electrobolt_e
xanim,#ai_zombie_zod_stunned_electrobolt_d
xanim,#ai_zombie_zod_stunned_electrobolt_a
xanim,#ai_zombie_zod_stunned_electrobolt_c
xanim,#ai_zombie_zod_stunned_electrobolt_b
xanim,#p8_fxanim_zm_vapor_altar_zeus_anim
xanim,#hash_7cd1b7987cc6e4ce
xanim,#ai_t8_zm_twrs_zg_dstyr_stun_in_01
xanim,#ai_zombie_base_walk_ad_v3_pain_chest_f
xanim,#ai_zombie_base_run_ad_v7_pain_chest_f
xanim,#vm_incendiary_ads_down
xanim,#ai_t8_zm_zod_catalyst_corrosive_death_02
xanim,#ai_t8_zm_zod_catalyst_corrosive_death_01
xanim,#hash_7d88d74673e4e400
xanim,#ai_t8_zombie_base_sprint_au_v2_pain_chest_f
xanim,#ai_t8_zm_twrs_zg_dstyr_melee_r_02
xanim,#ai_t8_zm_zombie_base_crawl_boardtear_aligned_l_2_pull
xanim,#vm_zom_tower_shield_sprint_pullout
xanim,#vm_pistol_webley_hand_pose_r
xanim,#vm_pistol_webley_hand_pose_l
xanim,#ai_t8_zombie_base_sprint_attack_02
xanim,#ai_t8_zombie_base_sprint_attack_04
xanim,#ai_t8_zombie_base_sprint_attack_06
xanim,#ai_t8_zombie_base_sprint_attack_08
xanim,#ai_t8_zombie_base_sprint_attack_13
xanim,#ai_t8_zombie_base_sprint_attack_12
xanim,#ai_t8_zombie_base_sprint_attack_10
xanim,#ai_t8_zombie_base_sprint_attack_17
xanim,#ai_t8_zombie_base_sprint_attack_19
xanim,#ai_t8_zombie_base_sprint_attack_18
xanim,#ai_t8_zombie_base_sprint_attack_24
xanim,#ai_t8_zombie_base_sprint_attack_25
xanim,#ai_t8_zombie_base_sprint_attack_22
xanim,#ai_t8_zombie_base_sprint_attack_23
xanim,#ai_t8_zombie_base_sprint_attack_20
xanim,#ai_t8_zombie_base_sprint_attack_21
xanim,#ai_t8_zombie_base_sprint_attack_28
xanim,#ai_t8_zombie_base_sprint_attack_29
xanim,#ai_t8_zombie_base_sprint_attack_30
xanim,#ai_t8_zm_zombie_boardtear_aligned_m_2_hold
xanim,#p8_fxanim_zm_base_packapunch_working_take_gun_anim
xanim,#ai_zombie_base_walk_ad_sidestep_left_short_b
xanim,#ai_t8_zm_zombie_base_crawl_boardtear_aligned_r_4_grab
xanim,#ai_zombie_base_walk_au_v15_pain_chest_f
xanim,#ai_zombie_base_run_au_v1_pain_chest_f_alt
xanim,#ai_zombie_base_run_au_sidestep_right_long_a
xanim,#ai_zombie_base_run_au_sidestep_right_long_b
xanim,#ai_zombie_base_run_au_sidestep_right_long_c
xanim,#ai_t8_zombie_base_walk_ad_win_trav_l_v1
xanim,#ai_zombie_base_walk_au_v23_pain_chest_f
xanim,#pt_scorpion_stand_fire_hold
xanim,#ai_zombie_base_sprint_turn_135_r_v2
xanim,#ai_zombie_base_run_au_v9
xanim,#ai_zombie_base_run_au_v4
xanim,#ai_zombie_base_run_au_v5
xanim,#ai_zombie_base_run_au_v2
xanim,#ai_zombie_base_run_au_v1
xanim,#p8_fxanim_zm_towers_rod_loc04_01_anim
xanim,#p8_fxanim_zm_vapor_altar_danu_anim
xanim,#ai_t8_zombie_base_sprint_au_win_trav_m_v1
xanim,#ai_t8_zombie_base_sprint_au_win_trav_m_v2
xanim,#ai_t8_zm_zombie_base_crawl_boardtear_aligned_r_4_hold
xanim,#ai_t8_zm_zombie_boardtear_aligned_l_6_hold
xanim,#vm_t8_base_slide_additive
sanim,#ch_vign_tplt_prebtl_zm_crowd_seatd_to_stand_neutral_01_civ_1
sanim,#grp27_ch_vign_tplt_prebtl_zm_crowd_seatd_neutral_1
sanim,#ch_vign_tplt_prebtl_zm_crowd_stand_angry_to_stand_neutral_01_civ_1
sanim,#grp27_ch_vign_tplt_prebtl_zm_crowd_stand_angry_to_stand_neutral_1
sanim,#grp27_ch_vign_tplt_prebtl_zm_crowd_seatd_to_stand_neutral_1
sanim,#ch_vign_tplt_prebtl_zm_crowd_stand_neutral_to_stand_angry_01_civ_1
sanim,#ch_vign_tplt_prebtl_zm_crowd_stand_neutral_01_civ_4
sanim,#ch_vign_tplt_prebtl_zm_crowd_stand_neutral_01_civ_1
sanim,#ch_vign_tplt_prebtl_zm_crowd_stand_neutral_01_civ_3
sanim,#ch_vign_tplt_prebtl_zm_crowd_stand_neutral_01_civ_2
sanim,#grp27_ch_vign_tplt_prebtl_zm_crowd_stand_neutral_to_stand_angry_1
sanim,#ch_vign_tplt_prebtl_zm_crowd_seatd_to_stand_cheer_01_civ_1
sanim,#grp27_ch_vign_tplt_prebtl_zm_crowd_seatd_to_stand_cheer_1
sanim,#grp27_ch_vign_tplt_prebtl_zm_crowd_seatd_to_stand_angry_1
sanim,#grp27_ch_vign_tplt_prebtl_zm_crowd_stand_neutral_to_seatd_1
sanim,#grp27_ch_vign_tplt_prebtl_zm_crowd_stand_cheer_1
sanim,#ch_vign_tplt_prebtl_zm_crowd_stand_cheer_to_stand_neutral_01_civ_1
sanim,#ch_vign_tplt_prebtl_zm_crowd_stand_angry_to_seatd_01_civ_1
sanim,#ch_vign_tplt_prebtl_zm_crowd_stand_cheer_01_civ_5
sanim,#ch_vign_tplt_prebtl_zm_crowd_stand_cheer_01_civ_4
sanim,#ch_vign_tplt_prebtl_zm_crowd_stand_cheer_01_civ_3
sanim,#ch_vign_tplt_prebtl_zm_crowd_stand_cheer_01_civ_2
sanim,#ch_vign_tplt_prebtl_zm_crowd_stand_cheer_01_civ_1
sanim,#grp27_ch_vign_tplt_prebtl_zm_crowd_stand_cheer_to_stand_neutral_1
sanim,#ch_vign_tplt_prebtl_zm_crowd_stand_angry_01_civ_3
sanim,#ch_vign_tplt_prebtl_zm_crowd_stand_angry_01_civ_2
sanim,#ch_vign_tplt_prebtl_zm_crowd_stand_angry_01_civ_1
sanim,#ch_vign_tplt_prebtl_zm_crowd_stand_angry_01_civ_5
sanim,#ch_vign_tplt_prebtl_zm_crowd_stand_angry_01_civ_4
sanim,#ch_vign_tplt_prebtl_zm_crowd_seatd_to_stand_angry_01_civ_1
sanim,#ch_vign_tplt_prebtl_zm_crowd_stand_neutral_to_seatd_01_civ_1
sanim,#grp27_ch_vign_tplt_prebtl_zm_crowd_stand_neutral_1
sanim,#grp27_ch_vign_tplt_prebtl_zm_crowd_stand_neutral_to_stand_cheer_1
sanim,#grp27_ch_vign_tplt_prebtl_zm_crowd_stand_angry_1
sanim,#grp27_ch_vign_tplt_prebtl_zm_crowd_stand_angry_to_seatd_1
sanim,#ch_vign_tplt_prebtl_zm_crowd_stand_neutral_to_stand_cheer_01_civ_1
sanim,#grp27_ch_vign_tplt_prebtl_zm_crowd_stand_cheer_to_seatd_1
sanim,#ch_vign_tplt_prebtl_zm_crowd_stand_cheer_to_seatd_01_civ_1
sanim,#ch_vign_tplt_prebtl_zm_crowd_seatd_01_civ_6
sanim,#ch_vign_tplt_prebtl_zm_crowd_seatd_01_civ_4
sanim,#ch_vign_tplt_prebtl_zm_crowd_seatd_01_civ_5
sanim,#ch_vign_tplt_prebtl_zm_crowd_seatd_01_civ_2
sanim,#ch_vign_tplt_prebtl_zm_crowd_seatd_01_civ_3
sanim,#ch_vign_tplt_prebtl_zm_crowd_seatd_01_civ_1
scriptbundle,#settings_towers_boss_dust_ball_zm
scriptbundle,#activecamoinfo_t8_sig_lmg_heavy_seventies_van
scriptbundle,#activecamoinfo_t8_sig_ar_accurate_postapocalyptic
scriptbundle,#p8_fxanim_zm_towers_rod_loc01_bundle
scriptbundle,#activecamoinfo_t8_sig_shotgun_pump_police
scriptbundle,#p8_fxanim_zm_towers_trap_blade_01_bundle
scriptbundle,#p8_fxanim_zm_towers_boss_armor_explode_bundle
scriptbundle,#c_t8_zmb_gladiator_mar_weakpoint_def
scriptbundle,#activecamoinfo_t8_kill_counter_zm
scriptbundle,#activecamoinfo_t8_kill_counter_wz
scriptbundle,#zm_aoe_spear
scriptbundle,#aib_vign_zm_twrs_ent_closet_turn_r_tgr_01
scriptbundle,#p8_fxanim_zm_towers_rod_loc04_bundle
scriptbundle,#ability_dog_mp_scoreevents
scriptbundle,#activecamoinfo_t8_fast_direct_action_kills
scriptbundle,#zm_aoe_spear_big
scriptbundle,#fxb8_zm_char_cata_water
scriptbundle,#activecamoinfo_t8_kill_counter
scriptbundle,#activecamoinfo_t8_sig_lmg_spray_venom_wz
scriptbundle,#activecamoinfo_t8_sig_lmg_spray_venom_zm
scriptbundle,#zm_aoe_spear_small
scriptbundle,#aib_vign_zm_twrs_ent_ra_top_zg_dstry_01
scriptbundle,#aib_vign_zm_twrs_ent_ra_top_zg_dstry_03
scriptbundle,#aib_vign_zm_twrs_ent_ra_top_zg_dstry_02
scriptbundle,#aib_vign_zm_twrs_ent_ra_top_zg_dstry_05
scriptbundle,#activecamoinfo_t8_ar_fastfire
scriptbundle,#activecamoinfo_t8_sig_smg_capacity_spaceshuttle_wz
scriptbundle,#activecamoinfo_t8_sig_smg_capacity_spaceshuttle_zm
scriptbundle,#aib_vign_zm_zod_catalyst_corrosive_spawn_post_split
scriptbundle,#aib_vign_zm_zod_bltfthr_spawn_post_split
scriptbundle,#aib_vign_tplt_inbtl_hllpht_evlve_2_stg_2_00
scriptbundle,#activecamoinfo_t8_smg_standard_wz
scriptbundle,#activecamoinfo_t8_smg_standard_zm
scriptbundle,#zm_marauder_settings
scriptbundle,#activecamoinfo_t8_fast_direct_action_kills_symbiosis
scriptbundle,#p8_fxanim_zm_towers_hand_cipher_bundle
scriptbundle,#activecamoinfo_t8_sig_smg_fastfire_voyage_zm
scriptbundle,#activecamoinfo_t8_sig_smg_fastfire_voyage_wz
scriptbundle,#activecamoinfo_t8_direct_action_kills_solarflare
scriptbundle,#ztable_traps_hellpool
scriptbundle,#p8_fxanim_zm_vapor_altar_odin_bundle
scriptbundle,#fxd8_zm_char_cata_water_body
scriptbundle,#fxb8_zm_char_cata_elec
scriptbundle,#aib_vign_zm_twrs_ent_ra_top_zg_mrdr_05
scriptbundle,#aib_vign_zm_twrs_ent_ra_top_zg_mrdr_02
scriptbundle,#aib_vign_zm_twrs_ent_ra_top_zg_mrdr_03
scriptbundle,#aib_vign_zm_twrs_ent_ra_top_zg_mrdr_01
scriptbundle,#activecamoinfo_t8_direct_action_kills_zombie_flick
scriptbundle,#activecamoinfo_t8_darkmatter_wz
scriptbundle,#p8_fxanim_zm_towers_boss_armor_explode_02_bundle
scriptbundle,#activecamoinfo_t8_darkmatter_zm
scriptbundle,#p8_fxanim_zm_towers_pap_sarcophagus_blood_02_bundle
scriptbundle,#aib_vign_zm_twrs_ent_odin_top_tiger_01
scriptbundle,#aib_vign_zm_twrs_ent_odin_top_tiger_03
scriptbundle,#aib_vign_zm_twrs_ent_odin_top_tiger_02
scriptbundle,#aib_vign_zm_twrs_ent_odin_top_tiger_04
scriptbundle,#cin_zm_mvid_acid_trap
scriptbundle,#p8_fxanim_zm_towers_boss_death_02_bundle
scriptbundle,#activecamoinfo_t8_smg_accurate_wz
scriptbundle,#activecamoinfo_t8_smg_accurate_zm
scriptbundle,#p8_fxanim_zm_towers_boss_arena_gate_raise_bundle
scriptbundle,#activecamoinfo_t8_direct_action_kills_alt_zm
scriptbundle,#activecamoinfo_t8_direct_action_kills_alt_wz
scriptbundle,#aib_vign_zm_twrs_ent_danu_top_zg_dstry_01
scriptbundle,#aib_vign_zm_twrs_ent_danu_top_zg_dstry_02
scriptbundle,#activecamoinfo_t8_sig_pistol_fullauto_arcade
scriptbundle,#c_t8_zmb_dlc0_towers_boss_weakpoint_def
scriptbundle,#activecamoinfo_t8_direct_action_kills_wz
scriptbundle,#aib_t8_zm_tiger_dth_ww_xbow
scriptbundle,#activecamoinfo_t8_direct_action_kills_zm
scriptbundle,#zblueprint_trap_hellpools
scriptbundle,#activecamoinfo_t8_sig_sniper_powerbolt_viking
scriptbundle,#p8_fxanim_zm_towers_trap_fire_bundle
scriptbundle,#p8_fxanim_zm_towers_cage_hang_03_bundle
scriptbundle,#activecamoinfo_t8_kills_without_dying_retro_vegas_neon
scriptbundle,#fxb8_zm_char_cata_plasma
scriptbundle,#activecamoinfo_t8_ar_accurate
scriptbundle,#eq_molotov_mp_scoreevents
scriptbundle,#activecamoinfo_t8_take_it_personally
scriptbundle,#cin_zm_ix_outro
scriptbundle,#c_t8_zmb_blightfather1_dst_def
scriptbundle,#p8_fxanim_zm_towers_pap_door_blue_bundle
scriptbundle,#activecamoinfo_t8_sig_shotgun_pump_police_zm
scriptbundle,#activecamoinfo_t8_sig_shotgun_pump_police_wz
scriptbundle,#p8_fxanim_zm_towers_cage_hang_01_bundle
scriptbundle,#p8_fxanim_zm_towers_rat_ra_tunnel_01_bundle
scriptbundle,#activecamoinfo_t8_sig_lmg_heavy_seventies_van_wz
scriptbundle,#p8_fxanim_zm_towers_rat_pit_01_bundle
scriptbundle,#activecamoinfo_t8_sig_lmg_heavy_seventies_van_zm
scriptbundle,#activecamoinfo_t8_sig_tr_longburst_scrimshaw_zm
scriptbundle,#activecamoinfo_t8_sig_tr_longburst_scrimshaw_wz
scriptbundle,#activecamoinfo_t8_sig_ar_accurate_postapocalyptic_zm
scriptbundle,#p8_fxanim_zm_zod_magic_box_plinth_bundle
scriptbundle,#activecamoinfo_t8_sig_ar_accurate_postapocalyptic_wz
scriptbundle,#activecamoinfo_t8_fast_direct_action_kills_spinal
scriptbundle,#aib_vign_zm_zod_catalyst_electric_spawn_post_split
scriptbundle,#activecamoinfo_t8_pistol_standard
scriptbundle,#aib_vign_zm_zod_catalyst_water_spawn_post_split
scriptbundle,#activecamoinfo_t8_shotgun_semiauto_zm
scriptbundle,#activecamoinfo_t8_shotgun_semiauto_wz
scriptbundle,#p8_fxanim_zm_towers_banner_achievement_blue_bundle
scriptbundle,#p8_fxanim_zm_towers_boss_arena_tower_entrance_bundle
scriptbundle,#activecamoinfo_t8_sig_smg_fastfire_voyage
scriptbundle,#p8_fxanim_zm_towers_pap_sarcophagus_blood_03_bundle
scriptbundle,#aib_vign_zm_zod_catalyst_water_spawn_pre_split
scriptbundle,#activecamoinfo_t8_sig_tr_flechette_rivermonster_wz
scriptbundle,#activecamoinfo_t8_sig_tr_flechette_rivermonster_zm
scriptbundle,#p8_fxanim_zm_towers_trap_acid_02_bundle
scriptbundle,#activecamoinfo_t8_smg_accurate
scriptbundle,#activecamoinfo_t8_kills_without_dying_alt
scriptbundle,#activecamoinfo_t8_gold_zm
scriptbundle,#activecamoinfo_t8_gold_wz
scriptbundle,#activecamoinfo_t8_sig_sniper_powerbolt_viking_zm
scriptbundle,#activecamoinfo_t8_shotgun_semiauto
scriptbundle,#activecamoinfo_t8_sig_sniper_powerbolt_viking_wz
scriptbundle,#p8_fxanim_zm_zod_magic_box_skull_drop_bundle
scriptbundle,#aib_t8_zm_blightfather_dth_ww_xbow
scriptbundle,#zm_destroyer_settings
scriptbundle,#aib_t8_zm_twrs_zg_dstyr_rockon
scriptbundle,#activecamoinfo_t8_sig_tr_powersemi_rustymech_zm
scriptbundle,#activecamoinfo_t8_sig_tr_powersemi_rustymech_wz
scriptbundle,#activecamoinfo_t8_kills_without_dying
scriptbundle,#c_t8_zmb_gladiator_dst_weakpoint_def
scriptbundle,#p8_fxanim_zm_towers_rat_odin_basement_02_bundle
scriptbundle,#p8_fxanim_zm_towers_center_platform_rails_bundle
scriptbundle,#activecamoinfo_t8_direct_action_kills_shattered_wz
scriptbundle,#activecamoinfo_t8_direct_action_kills_shattered_zm
scriptbundle,#zm_blight_father_settings
scriptbundle,#activecamoinfo_t8_sig_shotgun_fullauto_construction
scriptbundle,#aib_vign_cust_zm_twrs_ent_hllpht_00_rider_2
scriptbundle,#aib_vign_cust_zm_twrs_ent_hllpht_00_rider_1
scriptbundle,#fxd8_zm_char_cata_cor_body
scriptbundle,#activecamoinfo_t8_sig_tr_flechette_rivermonster
scriptbundle,#activecamoinfo_t8_objective_kills_zm
scriptbundle,#fxb8_zm_char_blightfather
scriptbundle,#activecamoinfo_t8_objective_kills_wz
scriptbundle,#aib_vign_zm_twrs_ent_closet_turn_l_tgr_01
scriptbundle,#activecamoinfo_t8_kill_counter_party_rock_wz
scriptbundle,#activecamoinfo_t8_kill_counter_party_rock_zm
scriptbundle,#aib_vign_zm_twrs_ent_obelisk_tgr_01
scriptbundle,#p8_fxanim_zm_towers_challenge_gong_bundle
scriptbundle,#activecamoinfo_t8_fast_direct_action_kills_treasure_wz
scriptbundle,#activecamoinfo_t8_fast_direct_action_kills_treasure_zm
scriptbundle,#activecamoinfo_t8_ar_accurate_wz
scriptbundle,#activecamoinfo_t8_ar_accurate_zm
scriptbundle,#p8_fxanim_zm_towers_banner_achievement_purple_bundle
scriptbundle,#c_t8_zmb_dlc0_zombie_female_gib_def
scriptbundle,#activecamoinfo_t8_darkmatter_classic_dark
scriptbundle,#aib_vign_zm_twrs_ent_danu_top_zg_mrdr_01
scriptbundle,#aib_vign_zm_twrs_ent_danu_top_zg_mrdr_02
scriptbundle,#activecamoinfo_t8_diamond_zm
scriptbundle,#activecamoinfo_t8_diamond_wz
scriptbundle,#p8_fxanim_zm_towers_crowd_jar_01_bundle
scriptbundle,#activecamoinfo_t8_fast_direct_action_kills_phased_zm
scriptbundle,#aib_vign_zm_twrs_ent_danu_top_zg_dstry_02_no_death
scriptbundle,#activecamoinfo_t8_fast_direct_action_kills_phased_wz
scriptbundle,#activecamoinfo_t8_sig_sniper_quickscope_zombies
scriptbundle,#p8_fxanim_zm_towers_chaos_pustule_bundle
scriptbundle,#activecamoinfo_t8_sig_tr_midburst_bomber_wz
scriptbundle,#activecamoinfo_t8_sig_tr_midburst_bomber
scriptbundle,#activecamoinfo_t8_sig_tr_midburst_bomber_zm
scriptbundle,#activecamoinfo_t8_fast_direct_action_kills_circle_slice_zm
scriptbundle,#activecamoinfo_t8_fast_direct_action_kills_circle_slice_wz
scriptbundle,#activecamoinfo_t8_sig_tr_longburst_scrimshaw
scriptbundle,#activecamoinfo_t8_rapid_kills_zm
scriptbundle,#activecamoinfo_t8_rapid_kills_wz
scriptbundle,#activecamoinfo_t8_fast_direct_action_kills_mystic_wz
scriptbundle,#activecamoinfo_t8_fast_direct_action_kills_mystic_zm
scriptbundle,#p8_fxanim_zm_towers_trap_fire_2_door_bundle
scriptbundle,#activecamoinfo_t8_direct_action_kills_115
scriptbundle,#activecamoinfo_t8_fast_direct_action_kills_spinal_wz
scriptbundle,#activecamoinfo_t8_fast_direct_action_kills_spinal_zm
scriptbundle,#aib_t8_zm_gladiator_dth_ww_xbow
scriptbundle,#activecamoinfo_t8_sig_ar_damage_fighter_plane_zm
scriptbundle,#activecamoinfo_t8_sig_ar_damage_fighter_plane_wz
scriptbundle,#aib_vign_tplt_inbtl_hllpht_evlve_2_stg_3_00
scriptbundle,#activecamoinfo_t8_darkmatter
scriptbundle,#p8_fxanim_zm_towers_drawbridge_bundle
scriptbundle,#activecamoinfo_t8_sig_smg_accurate_darkunicorn
scriptbundle,#p8_fxanim_zm_towers_ww_quest_bowl_bundle
scriptbundle,#aib_vign_zm_zod_catalyst_corrosive_spawn_pre_split
scriptbundle,#p8_fxanim_zm_towers_grinder_bundle
scriptbundle,#activecamoinfo_t8_direct_action_kills_solarflare_wz
scriptbundle,#activecamoinfo_t8_direct_action_kills_solarflare_zm
scriptbundle,#activecamoinfo_t8_sig_ar_damage_fighter_plane
scriptbundle,#aib_vign_zm_twrs_ent_danu_top_tiger_04
scriptbundle,#aib_vign_zm_twrs_ent_danu_top_tiger_03
scriptbundle,#aib_vign_zm_twrs_ent_danu_top_tiger_02
scriptbundle,#aib_vign_zm_twrs_ent_danu_top_tiger_01
scriptbundle,#zm_zombie_settings_towers
scriptbundle,#activecamoinfo_t8_gold_classic
scriptbundle,#activecamoinfo_t8_sig_ar_modular_faberge_wz
scriptbundle,#activecamoinfo_t8_sig_ar_modular_faberge_zm
scriptbundle,#default_traversal_extents_zm
scriptbundle,#towers_boss_footstep_notetrack_bones
scriptbundle,#c_t8_zmb_blightfather_weakpoint_def
scriptbundle,#p8_fxanim_zm_towers_trap_fire_4_door_bundle
scriptbundle,#activecamoinfo_t8_sig_sniper_powersemi_vietnam_zm
scriptbundle,#activecamoinfo_t8_sig_sniper_powersemi_vietnam_wz
scriptbundle,#activecamoinfo_t8_kills_without_dying_retro_vegas_neon_wz
scriptbundle,#activecamoinfo_t8_kills_without_dying_retro_vegas_neon_zm
scriptbundle,#ztable_shield_zhield_zword
scriptbundle,#zblueprint_shield_zhield_zword
scriptbundle,#aib_vign_zm_twrs_ent_odin_top_zg_dstry_02_no_death
scriptbundle,#p8_fxanim_zm_towers_wall_2_bundle
scriptbundle,#activecamoinfo_t8_direct_action_kills_brains_zm
scriptbundle,#cin_zm_mvid_pack_a_punch_react
scriptbundle,#c_t8_zmb_dlc0_zombie_marauder1_dst_def
scriptbundle,#activecamoinfo_t8_direct_action_kills_brains_wz
scriptbundle,#activecamoinfo_t8_showstopper
scriptbundle,#aib_vign_zm_twrs_ent_odin_top_zg_mrdr_03
scriptbundle,#aib_vign_zm_twrs_ent_odin_top_zg_mrdr_02
scriptbundle,#aib_vign_zm_twrs_ent_odin_top_zg_mrdr_01
scriptbundle,#aib_vign_zm_twrs_ent_odin_top_zg_mrdr_04
scriptbundle,#aib_vign_zm_twrs_ent_zeus_top_zg_dstry_03_no_death
scriptbundle,#settings_towers_boss_soul_ball_zm
scriptbundle,#p8_fxanim_zm_towers_rat_danu_tunnel_01_bundle
scriptbundle,#activecamoinfo_t8_sig_pistol_burst_raven_zm
scriptbundle,#activecamoinfo_t8_sig_pistol_burst_raven_wz
scriptbundle,#zm_towers_boss_rider_settings
scriptbundle,#activecamoinfo_t8_lmg_standard
scriptbundle,#aib_vign_zm_zod_catalyst_plasma_spawn_pre_split
scriptbundle,#activecamoinfo_t8_rapid_kills
scriptbundle,#p8_fxanim_zm_towers_odin_cauldron_chain_hook_meat_01_bundle
scriptbundle,#activecamoinfo_t8_sig_ar_stealth_vampire
scriptbundle,#fxd8_zm_char_cata_elec_body
scriptbundle,#p8_fxanim_zm_towers_odin_cauldron_chain_shackle_bundle
scriptbundle,#activecamoinfo_t8_sig_smg_fastburst_diy
scriptbundle,#p8_fxanim_zm_towers_rod_loc03_bundle
scriptbundle,#activecamoinfo_t8_pistol_standard_zm
scriptbundle,#activecamoinfo_t8_pistol_standard_wz
scriptbundle,#activecamoinfo_t8_headshot
scriptbundle,#blightfather_footstep_notetrack_bones
scriptbundle,#activecamoinfo_t8_sig_smg_accurate_darkunicorn_wz
scriptbundle,#activecamoinfo_t8_sig_smg_accurate_darkunicorn_zm
scriptbundle,#activecamoinfo_t8_gold
scriptbundle,#p8_fxanim_zm_towers_rat_odin_basement_01_bundle
scriptbundle,#activecamoinfo_t8_sig_smg_capacity_spaceshuttle
scriptbundle,#activecamoinfo_t8_sig_smg_handling_hunter_wz
scriptbundle,#activecamoinfo_t8_sig_smg_handling_hunter_zm
scriptbundle,#p8_fxanim_zm_towers_pap_sarcophagus_bundle
scriptbundle,#activecamoinfo_t8_sig_tr_powersemi_rustymech
scriptbundle,#aib_vign_zm_twrs_ent_odin_top_zg_dstry_04
scriptbundle,#aib_vign_zm_twrs_ent_odin_top_zg_dstry_02
scriptbundle,#aib_vign_zm_twrs_ent_odin_top_zg_dstry_03
scriptbundle,#aib_vign_zm_twrs_ent_odin_top_zg_dstry_01
scriptbundle,#activecamoinfo_t8_sig_ar_standard_adventure_zm
scriptbundle,#activecamoinfo_t8_sig_ar_standard_adventure_wz
scriptbundle,#fxb8_zm_char_towers_boss
scriptbundle,#activecamoinfo_t8_direct_action_kills_zombie_flick_zm
scriptbundle,#activecamoinfo_t8_direct_action_kills_zombie_flick_wz
scriptbundle,#activecamoinfo_t8_sig_pistol_revolver_cyberpunk
scriptbundle,#p8_fxanim_zm_towers_boss_arena_tower_01_bundle
scriptbundle,#aib_vign_zm_twrs_ent_zeus_top_tiger_01
scriptbundle,#aib_vign_zm_twrs_ent_zeus_top_tiger_02
scriptbundle,#aib_vign_zm_twrs_ent_zeus_top_tiger_03
scriptbundle,#aib_vign_zm_twrs_ent_zeus_top_tiger_04
scriptbundle,#activecamoinfo_t8_fast_direct_action_kills_apb
scriptbundle,#p8_fxanim_zm_towers_rat_odin_hall_02_bundle
scriptbundle,#p8_fxanim_zm_towers_boss_arena_gate_destroy_bundle
scriptbundle,#p8_fxanim_zm_towers_boss_death_01_bundle
scriptbundle,#activecamoinfo_t8_direct_action_kills_fractalflames_wz
scriptbundle,#aib_t8_zm_zombie_undercroft_spawn_03
scriptbundle,#aib_t8_zm_zombie_undercroft_spawn_02
scriptbundle,#activecamoinfo_t8_direct_action_kills_fractalflames_zm
scriptbundle,#damageeffecttype_fire
scriptbundle,#activecamoinfo_t8_diamond
scriptbundle,#activecamoinfo_t8_sig_pistol_fullauto_arcade_zm
scriptbundle,#activecamoinfo_t8_sig_pistol_fullauto_arcade_wz
scriptbundle,#activecamoinfo_t8_direct_action_kills_celestial
scriptbundle,#p8_fxanim_zm_towers_pap_sarcophagus_blood_04_bundle
scriptbundle,#p8_fxanim_zm_towers_rat_odin_hall_01_bundle
scriptbundle,#c_default_annhilate_gib_def
scriptbundle,#p8_fxanim_zm_towers_pap_sarcophagus_spikes_bundle
scriptbundle,#activecamoinfo_t8_kill_counter_party_rock
scriptbundle,#aib_vign_cust_zm_twrs_ent_hllpht_01
scriptbundle,#aib_vign_cust_zm_twrs_ent_hllpht_00
scriptbundle,#activecamoinfo_t8_direct_action_kills_fractalflames
scriptbundle,#zm_tiger_settings
scriptbundle,#activecamoinfo_t8_showstopper_wz
scriptbundle,#activecamoinfo_t8_showstopper_zm
scriptbundle,#activecamoinfo_t8_sig_ar_standard_adventure
scriptbundle,#zm_towers_boss_settings
scriptbundle,#activecamoinfo_t8_lmg_standard_wz
scriptbundle,#activecamoinfo_t8_lmg_standard_zm
scriptbundle,#activecamoinfo_t8_direct_action_kills_brains
scriptbundle,#activecamoinfo_t8_objective_kills
scriptbundle,#cin_zm_mvid_onfire
scriptbundle,#activecamoinfo_t8_sig_smg_handling_hunter
scriptbundle,#p8_fxanim_zm_towers_rod_loc02_bundle
scriptbundle,#zm_zombie_settings
scriptbundle,#p8_fxanim_zm_towers_cage_hang_04_bundle
scriptbundle,#activecamoinfo_t8_direct_action_kills_115_zm
scriptbundle,#activecamoinfo_t8_direct_action_kills_115_wz
scriptbundle,#activecamoinfo_t8_sig_pistol_burst_raven
scriptbundle,#aib_vign_tplt_prebtl_drummer_00
scriptbundle,#p8_fxanim_zm_towers_crowd_jar_02_bundle
scriptbundle,#activecamoinfo_t8_kills_without_dying_wz
scriptbundle,#activecamoinfo_t8_kills_without_dying_zm
scriptbundle,#activecamoinfo_t8_ar_fastfire_zm
scriptbundle,#activecamoinfo_t8_sig_pistol_revolver_cyberpunk_wz
scriptbundle,#c_t8_zmb_dlc0_zombie_male4_dst_def
scriptbundle,#aib_vign_zm_zod_catalyst_plasma_spawn_post_split
scriptbundle,#activecamoinfo_t8_sig_pistol_revolver_cyberpunk_zm
scriptbundle,#activecamoinfo_t8_ar_fastfire_wz
scriptbundle,#activecamoinfo_t8_sig_shotgun_fullauto_construction_zm
scriptbundle,#activecamoinfo_t8_sig_shotgun_fullauto_construction_wz
scriptbundle,#activecamoinfo_t8_direct_action_kills_celestial_zm
scriptbundle,#activecamoinfo_t8_fast_direct_action_kills_circle_slice
scriptbundle,#activecamoinfo_t8_direct_action_kills_celestial_wz
scriptbundle,#activecamoinfo_t8_sig_sniper_fastrechamber_western
scriptbundle,#aib_vign_zm_twrs_ent_zeus_top_zg_mrdr_02
scriptbundle,#aib_vign_zm_twrs_ent_zeus_top_zg_mrdr_03
scriptbundle,#aib_vign_zm_twrs_ent_zeus_top_zg_mrdr_01
scriptbundle,#aib_vign_zm_twrs_ent_zeus_top_zg_mrdr_04
scriptbundle,#fxd8_zm_char_zombie_base_body
scriptbundle,#activecamoinfo_t8_fast_direct_action_kills_phased
scriptbundle,#p8_fxanim_zm_vapor_altar_zeus_bundle
scriptbundle,#p8_fxanim_zm_towers_crowd_jar_03_bundle
scriptbundle,#activecamoinfo_t8_sig_ar_modular_porcelain_wz
scriptbundle,#activecamoinfo_t8_sig_ar_modular_porcelain_zm
scriptbundle,#p8_fxanim_zm_towers_trap_acid_bundle
scriptbundle,#p8_fxanim_zm_towers_banner_achievement_red_bundle
scriptbundle,#activecamoinfo_t8_fast_direct_action_kills_apb_wz
scriptbundle,#activecamoinfo_t8_fast_direct_action_kills_apb_zm
scriptbundle,#activecamoinfo_t8_darkmatter_classic_red
scriptbundle,#activecamoinfo_t8_diamond_classic
scriptbundle,#aib_vign_zm_zod_catalyst_electric_spawn_pre_split
scriptbundle,#c_t8_zmb_dlc0_zombie_male1_gib_def
scriptbundle,#activecamoinfo_t8_sig_lmg_spray_venom
scriptbundle,#activecamoinfo_t8_sig_smg_fastburst_diy_wz
scriptbundle,#activecamoinfo_t8_sig_smg_fastburst_diy_zm
scriptbundle,#activecamoinfo_t8_direct_action_kills_alt
scriptbundle,#activecamoinfo_t8_smg_standard
scriptbundle,#activecamoinfo_t8_direct_action_kills
scriptbundle,#activecamoinfo_t8_fast_direct_action_kills_treasure
scriptbundle,#activecamoinfo_t8_sig_sniper_fastrechamber_western_zm
scriptbundle,#activecamoinfo_t8_sig_sniper_fastrechamber_western_wz
scriptbundle,#activecamoinfo_t8_cyberpunk
scriptbundle,#activecamoinfo_t8_headshot_alt
scriptbundle,#p8_fxanim_zm_vapor_altar_ra_bundle
scriptbundle,#p8_fxanim_zm_towers_pap_door_red_bundle
scriptbundle,#activecamoinfo_t8_sig_sniper_quickscope_zombies_zm
scriptbundle,#activecamoinfo_t8_sig_sniper_quickscope_zombies_wz
scriptbundle,#activecamoinfo_t8_sig_ar_stealth_vampire_zm
scriptbundle,#activecamoinfo_t8_sig_ar_stealth_vampire_wz
scriptbundle,#aib_t8_zm_zombie_base_dth_ww_xbow
scriptbundle,#activecamoinfo_t8_headshot_zm
scriptbundle,#activecamoinfo_t8_sig_ar_modular_porcelain
scriptbundle,#activecamoinfo_t8_headshot_wz
scriptbundle,#aib_vign_zm_zod_bltfthr_spawn_pre_split
scriptbundle,#p8_fxanim_zm_vapor_altar_danu_bundle
scriptbundle,#p8_fxanim_zm_towers_banner_achievement_green_bundle
scriptbundle,#aib_vign_tplt_prebtl_drummer_sr_00
scriptbundle,#aib_t8_zm_twrs_zg_mrdr_rockon
scriptbundle,#activecamoinfo_t8_take_it_personally_wz
scriptbundle,#activecamoinfo_t8_take_it_personally_zm
scriptbundle,#activecamoinfo_t8_sig_ar_modular_faberge
scriptbundle,#p8_fxanim_zm_towers_odin_cauldron_chain_hook_meat_02_bundle
scriptbundle,#aib_t8_zm_gladiator_dth_ra_puzzle
scriptbundle,#aib_vign_zm_twrs_ent_ra_top_tiger_05
scriptbundle,#aib_vign_zm_twrs_ent_ra_top_tiger_01
scriptbundle,#aib_vign_zm_twrs_ent_ra_top_tiger_02
scriptbundle,#aib_vign_zm_twrs_ent_ra_top_tiger_03
scriptbundle,#activecamoinfo_t8_fast_direct_action_kills_mystic
scriptbundle,#p8_fxanim_zm_towers_pap_sarcophagus_blood_01_bundle
scriptbundle,#molotov_custom_settings_zm
scriptbundle,#p8_fxanim_zm_towers_trap_switch_bundle
scriptbundle,#c_t8_zmb_dlc0_zombie_destroyer1_dst_def
scriptbundle,#activecamoinfo_t8_fast_direct_action_kills_zm
scriptbundle,#activecamoinfo_t8_fast_direct_action_kills_wz
scriptbundle,#activecamoinfo_t8_sig_sniper_powersemi_vietnam
scriptbundle,#activecamoinfo_t8_fast_direct_action_kills_symbiosis_zm
scriptbundle,#activecamoinfo_t8_fast_direct_action_kills_symbiosis_wz
scriptbundle,#fxb8_zm_char_cata_cor
scriptbundle,#aib_vign_cust_zm_twrs_ent_hllpht_01_rider_2
scriptbundle,#aib_vign_cust_zm_twrs_ent_hllpht_01_rider_3
scriptbundle,#aib_vign_cust_zm_twrs_ent_hllpht_01_rider_1
scriptbundle,#aib_vign_cust_zm_twrs_ent_hllpht_01_rider_4
scriptbundle,#activecamoinfo_t8_kills_without_dying_alt_zm
scriptbundle,#activecamoinfo_t8_kills_without_dying_alt_wz
scriptbundle,#p8_fxanim_zm_towers_cage_hang_02_bundle
scriptbundle,#fxd8_zm_char_cata_plasma_body
scriptbundle,#zm_catalyst_settings
scriptbundle,#p8_fxanim_zm_towers_ww_quest_wall_bundle
scriptbundle,#activecamoinfo_t8_headshot_alt_wz
scriptbundle,#activecamoinfo_t8_headshot_alt_zm
scriptbundle,#activecamoinfo_t8_direct_action_kills_shattered
scriptbundle,#c_54i_grunt_fx_table
scriptbundle,#c_t8_zmb_3rdclass_male_gib_def
scriptbundle,#activecamoinfo_t8_cyberpunk_wz
scriptbundle,#activecamoinfo_t8_cyberpunk_zm
scriptbundle,#aib_vign_zm_twrs_ent_zeus_top_zg_dstry_04
scriptbundle,#aib_vign_zm_twrs_ent_zeus_top_zg_dstry_01
scriptbundle,#aib_vign_zm_twrs_ent_zeus_top_zg_dstry_03
scriptbundle,#aib_vign_zm_twrs_ent_zeus_top_zg_dstry_02
material,#riotshield_zm_icon
string,#mpui/stalker
string,#hash_95c5021b448b56
string,#mpui/extclip_desc
string,#mpui/fmj_desc
string,#hash_a3dbb8559be3c1
string,#mpui/supply_desc
string,#hash_172f6f29aaee2d0
string,#hash_1fa0254afe1fa66
string,#mpui/dualoptic
string,#mpui/fastreload2_desc
string,#zmui/fmj_desc
string,#hash_379a16a53bc4ebf
string,#menu/camo_loot_zombie_maitai
string,#zmweapon/riotshield
string,#hash_40c47b72c083914
string,#mpui/camo_active_take_it_personally
string,#mpui/camo_flectarn
string,#hash_4af8c1464e537f6
string,#mpui/extclip2
string,#hash_50fc385a94b3d3f
string,#hash_5be026b2781b8c9
string,#hash_5d7eb1442a4f213
string,#menu/camo_loot_scratchnsniff
string,#hash_6ae8481555edd32
string,#mpui/quickdraw2_desc
string,#mpui/stalker2_desc
string,#weapon/sig_buckler_dw
string,#hash_74af66549232171
string,#hash_7bbf2a5487ffe0c
string,#zmweapon/shield_sword
string,#mpui/extclip
string,#hash_870732dcf823d00
string,#menu/camo_loot_roadhouse
string,#menu/camo_loot_trifecta
string,#zm_towers/location_zeus_altar_room
string,#zm_towers/crowd_warm_up
string,#hash_9b98137ec7cd136
string,#hash_a57efeec61b5a4e
string,#hash_b83e894faf4d112
string,#hash_b9ef623f63eb472
string,#mpui/fastreload2
string,#hash_c0c2aecab7c9830
string,#mpui/damage2_desc
string,#hash_c641ebe32c2d1fc
string,#hash_c69465e0b5ec27b
string,#hash_d1a6fe737f0b6e6
string,#hash_d405270b6b750c6
string,#hash_d63a7885e762aa5
string,#hash_d8622d38b0078a8
string,#hash_e2971bbfafcfe66
string,#mpui/fastlockon_desc
string,#hash_ed407098b77bc91
string,#hash_ee567911dd1ce83
string,#zm_towers/location_ra_basement
string,#menu/camo_loot_circuitboard
string,#zombie/item_meat
string,#mpui/vzoom
string,#hash_107cd70abcec1413
string,#hash_110075b9efe67cd0
string,#hash_11416e3dffba8d50
string,#mpui/mk
string,#menu/camo_loot_fractalized
string,#mpui/ir
string,#mpui/is
string,#mpui/gl
string,#mpui/dw
string,#mpui/camo_dante
string,#mpui/sf
string,#mpui/rf
string,#hash_11cfa6d5f521dede
string,#mpui/no_attachment
string,#mpui/uber
string,#hash_12f48f7fb7e1a8fb
string,#hash_12f9edb86e6ba05d
string,#hash_1354af92e864254c
string,#mpui/barrelchoke_desc
string,#hash_13f64b913a8510ce
string,#zm_towers/location_flooded_crypt
string,#menu/camo_active_treasure
string,#zm_towers/location_starting_area
string,#mpui/camo_redhex
string,#hash_15cf0d46af70291b
string,#mpui/null
string,#mpui/grip
string,#hash_166b7f0f8f0d22fc
string,#hash_16eb46dabae1c0ae
string,#hash_1705b54e6528bc52
string,#mpui/suppressed_desc
string,#hash_17783814d047454c
string,#menu/camo_loot_fullsuite
string,#mpui/no_attachment_desc
string,#hash_18341747d3b4143a
string,#menu/camo_loot_goosebumps
string,#mpui/uber_desc
string,#mpui/camo_active_rapid_kills
string,#hash_1960a6223dd21d1a
string,#hash_196636b14fafbe56
string,#mpui/barrelchoke
string,#hash_1a0bc9a2403dc1ee
string,#zm_towers/location_ra_tunnel
string,#hash_1b26db34a1fb9d5f
string,#hash_1c07c87a45375aaf
string,#hash_1c085e4db0b218f9
string,#mpui/camo_integer
string,#hash_1d78b48769eec427
string,#zmui/mms_desc
string,#hash_1e2dbe377100a39f
string,#hash_1e2e0e1f2879db9f
string,#mpui/steadyaim2
string,#hash_1e6964fc2922d01a
string,#hash_1eafdb1b0b12fa11
string,#menu/camo_loot_benjamins
string,#menu/camo_loot_fearhaze
string,#zmweapon/ww_crossbow_t8
string,#menu/camo_loot_seaflake
string,#menu/camo_loot_astronomy
string,#hash_23184906a849ac54
string,#mpui/camo_jungle
string,#mpui/dualoptic_desc
string,#hash_241698a67ac1d9d0
string,#zm_towers/crowd_loves
string,#mpui/camo_huntsman
string,#hash_246c7d9118b22299
string,#hash_246e66cb1b63cbdf
string,#hash_24a3e0f402bfd000
string,#menu/camo_loot_masks
string,#menu/camo_loot_shimmer
string,#hash_25811ef8abc80b1f
string,#mpui/elo_desc
string,#hash_25d3f454e864bb4a
string,#hash_25d85717f971c376
string,#weapon/molotov
string,#menu/camo_loot_picnic_royale
string,#hash_25fc6c872fa95f5e
string,#hash_2628f8facd7d3398
string,#mpui/pistolscope
string,#hash_26adc6b84f143b29
string,#zm_towers/location_fallen_hero
string,#zm_towers/location_zeus_entrance
string,#mpui/fmj2_desc
string,#hash_28f8d698fe4d79d2
string,#zmui/high_caliber_2_desc
string,#mpui/holdbreath_desc
string,#hash_298247685ea80656
string,#mpui/camo_active_kill_counter
string,#zm_towers/location_odin_altar_room
string,#hash_2a4860e40142bac5
string,#hash_2a634db8501d93aa
string,#hash_2a82088dd0b6b42f
string,#hash_2aa6fa1848766679
string,#hash_2b0fae1c09a3d8a9
string,#hash_2b27d20d2cfc1069
string,#hash_2b3d791eb05ec296
string,#mpui/camo_ardent
string,#mpui/acog_desc
string,#hash_2bf18201f54178a3
string,#mpui/stabilizer_desc
string,#mpui/holdbreath
string,#menu/camo_active_mystic
string,#hash_2cf00f3e51c59d63
string,#hash_2d003d6a1240093c
string,#hash_2d85a60f366822d1
string,#zm_towers/location_odin_tunnel
string,#mpui/reflex
string,#hash_2e9e5b687ffd2e47
string,#hash_2f6eb9c102b831ad
string,#mpui/camo_burnt
string,#mpui/fmj2
string,#hash_3041bf105b58c16a
string,#hash_30733dec2e9e228a
string,#mpui/ir_desc
string,#hash_3083207742f405f6
string,#zm_towers/power_doors
string,#hash_30f532e9051a3691
string,#zmweapon/shield_sword_turret_upgraded
string,#zombie/equip_riotshield_pickup_hint_string
string,#hash_31e9d057a03398bf
string,#hash_3235c0f8ff21201d
string,#hash_3279150dc6bd1b3b
string,#mpui/camo_snowjob
string,#menu/camo_active_brains
string,#hash_33c5a3d6ed967788
string,#hash_33e05a25f080d845
string,#hash_33f013eacb53964c
string,#weapon/incendiary_grenade
string,#zm_towers/location_danu_ra_bridge
string,#mpui/holo_desc
string,#hash_35fd31a4342c9786
string,#mpui/quickdraw2
string,#hash_36019120b3e88151
string,#hash_360742434808cf8e
string,#hash_3640fdfd426ba4b4
string,#hash_366888e106b2bbb3
string,#menu/camo_active_115
string,#hash_36be4a2f9e325b50
string,#mpui/fmj
string,#hash_37fe206ef8f70207
string,#hash_3824d76b4a721017
string,#zm_towers/location_danu_tunnel
string,#hash_38698d6863661eb6
string,#menu/camo_loot_dinoglyphs
string,#zmui/fmj2_desc
string,#menu/camo_loot_streetrace
string,#mpui/killcounter
string,#mpui/extbarrel2
string,#zm_towers/location_danu_basement
string,#hash_39a5e0978d0efd73
string,#mpui/grip_desc
string,#mpui/reticle_color_1
string,#mpui/camo_active_showstopper
string,#hash_3aa47b7b8258ebd2
string,#mpui/reddot_desc
string,#hash_3ae42f7d6eabab5a
string,#hash_3b7574758a2049ce
string,#mpui/camo_darkmatter
string,#zm_towers/location_zeus_basement
string,#hash_3ca968dee9e5dc02
string,#menu/camo_active_spinal
string,#hash_3d26eb8dafae98e9
string,#zmui/suppressor_desc
string,#mpui/tacknife
string,#menu/camo_loot_chrysalis
string,#menu/camo_loot_cherryblossom
string,#hash_3e2be45acfa798cd
string,#hash_3e42591da1c1538f
string,#mpui/steadyaim_desc
string,#mpui/camo_chameleon
string,#zm_towers/location_odin_zeus_bridge
string,#mpui/gl_desc
string,#hash_3edd4a623fc74bce
string,#menu/camo_loot_jellymaw
string,#mpui/is_desc
string,#zombie/powerup_shield_charge
string,#hash_40388f79ccbf7b9f
string,#hash_4071eaa9981c7b75
string,#hash_40d3b427f5fcc414
string,#mpui/fastlockon
string,#zmweapon/shield_sword_turret
string,#mpui/extbarrel
string,#hash_414ce3af89eedef1
string,#mpui/mixclip_desc
string,#hash_417a5feff0cb56ea
string,#mpui/elo
string,#menu/camo_loot_datamine
string,#mpui/damage_desc
string,#hash_420861c64b6e9e7c
string,#zmweapon/shield_sword_upgraded
string,#zm_towers/location_ra_entrance
string,#mpui/supply
string,#menu/camo_loot_blueup
string,#mpui/camo_jungletek
string,#hash_43b0cfc850dbcc04
string,#mpui/camo_bliss
string,#zombie/craft_shield_sword
string,#zm_towers/crowd_no_love
string,#mpui/suppressed
string,#hash_452fd06faf792671
string,#mpui/hipgrip_desc
string,#hash_45d7dc4e4f0b00f4
string,#mpui/holo
string,#mpui/quickdraw_desc
string,#hash_468014d28365550c
string,#hash_4741e74c4ca6f8ce
string,#hash_4758a78b4732480d
string,#mpui/adsreload_desc
string,#zmweapon/ww_crossbow_t8_upgraded
string,#hash_4973da5ba484b2ae
string,#hash_49e88c8053d4f73e
string,#mpui/camo_heatstroke
string,#hash_4a584bc8c443f246
string,#zm_towers/location_challenge_podium
string,#menu/camo_loot_dogfight
string,#zombie/repair_shield_sword
string,#hash_4b00caebf5058f14
string,#hash_4b105b524a93b53d
string,#zombie/grab_shield_sword_keyboard
string,#hash_4c2bbe6f91c1ca94
string,#hash_4c3385a49cb47a2c
string,#hash_4d048d939c70cad9
string,#mpui/quickdraw
string,#hash_4d59f666d8b7f20c
string,#hash_4dff11036295b59f
string,#menu/camo_loot_afterglow
string,#mpui/extclip2_desc
string,#hash_4ed6f1ab0cbc899b
string,#mpui/sf_desc
string,#hash_4f0d8ebb363015e0
string,#hash_4f23c6ecb321fa19
string,#zombie/grab_shield_sword
string,#mpui/camo_fear
string,#hash_506621193b404166
string,#mpui/vzoom_desc
string,#menu/camo_loot_smokeblast
string,#mpui/camo_gold
string,#hash_51397dc3d51e150c
string,#hash_51aafb1548ffec49
string,#hash_51ae58346462e5ea
string,#mpui/none
string,#mpui/camo_diamond
string,#mpui/speedreloader_desc
string,#mpui/extrapellets
string,#zm_towers/location_pap_room
string,#menu/camo_loot_megalodon
string,#hash_5501784aa04e0df2
string,#hash_5508264363b9e3a3
string,#zm_towers/location_odin_zeus_tunnel
string,#zmui/extrapellets_desc
string,#hash_556fbdaebf02d158
string,#zmui/high_caliber_desc
string,#hash_560d002c6e40e5df
string,#menu/camo_loot_vice
string,#zm_towers/crowd_hates
string,#mpui/steadyaim2_desc
string,#menu/camo_loot_bacon
string,#hash_58b7aeee47f428da
string,#mpui/reflex_desc
string,#mpui/grip2
string,#mpui/hipgrip
string,#mpui/camo_arctic
string,#hash_5acae5f224c146a9
string,#mpui/adsreload
string,#mpui/camo_battle
string,#zm_towers/location_danu_altar_room
string,#hash_5c28147c226eb600
string,#mpui/mixclip
string,#mpui/mms_desc
string,#hash_5d5686795cc21d24
string,#hash_5db3ede8aef13738
string,#hash_5dc620aa9640e528
string,#hash_5e203d11381c57c7
string,#hash_5e2c81adb5a5264a
string,#hash_5e6ae4119dda43e0
string,#mpui/camo_contagious
string,#hash_5ef6d21d81a0250b
string,#hash_5f17105e484faba8
string,#mpui/extrapellets_desc
string,#mpui/fastreload_desc
string,#hash_6063cd6ae0f6ce28
string,#hash_607993fb651c3014
string,#mpui/camo_interpol
string,#mpui/extbarrel2_desc
string,#hash_60d0a2116fe02835
string,#zm_towers/location_odin_basement
string,#zmui/barrelchoke_desc
string,#zm_towers/location_zeus_tunnel
string,#mpui/steadyaim
string,#hash_62503932e1d53a87
string,#mpui/reddot
string,#hash_627f640830ae263b
string,#menu/camo_loot_america
string,#hash_629d187300caa85d
string,#zm_towers/crowd_likes
string,#hash_63302e97b05d8fc4
string,#hash_633d7079a7b20701
string,#hash_634e7ac7c0316c00
string,#feature/gun_tag
string,#mpui/camo_6speed
string,#mpui/clantag
string,#mpui/burst2_desc
string,#mpui/pistolscope_desc
string,#hash_652798c8c39df5b0
string,#menu/camo_loot_ww2
string,#hash_665fcaf288735f26
string,#hash_66d33b296eb64fbc
string,#zombie/repair_shield_sword_keyboard
string,#mpui/stalker2
string,#zm_towers/location_ra_altar_room
string,#hash_685d7c68f4c511a7
string,#hash_6880f6ff86cde47e
string,#hash_688a1b241ffb922e
string,#hash_68aa6bf5db640dde
string,#zm_towers/location_cursed_room
string,#mpui/extbarrel_desc
string,#mpui/fastreload
string,#hash_694b66b1b888e2a8
string,#hash_6a4930978aef6c45
string,#zm_towers/challenge_complete
string,#mpui/burst2
string,#hash_6adaea9a0756a29e
string,#hash_6aee422878d572b9
string,#hash_6b4f36812ac1e729
string,#menu/camo_loot_donuts
string,#hash_6c8d7834e1591a50
string,#hash_6cace1c666f1a9b1
string,#mpui/camo_wmd
string,#menu/camo_loot_smooch
string,#mpui/camo_active_objective_kills
string,#hash_6e86b49d6d5196af
string,#hash_6e8e6d2639901410
string,#zm_towers/location_odin_entrance
string,#hash_6f823e80320927c5
string,#mpui/rangefinder
string,#mpui/stabilizer
string,#mpui/reticle_default
string,#hash_709fb6b7fdde6aa8
string,#hash_710531ce6bfa48c8
string,#hash_714cce81de873f11
string,#mpui/acog
string,#mpui/damage2
string,#menu/camo_loot_connected
string,#hash_746c876308278b16
string,#hash_74941e980968cff6
string,#hash_74978fc95bfb2bfd
string,#mpui/stalker_desc
string,#hash_7564cce16f4274f6
string,#hash_756891f8e9b19c50
string,#zm_towers/location_danu_ra_tunnel
string,#mpui/damage
string,#hash_758d93baadbc199d
string,#hash_75add73ac9df6bbc
string,#mpui/camo_active_kills_without_dying
string,#weapon/pistol_topbreak_t8
string,#hash_76208e521ab783c1
string,#mpui/camo_ash
string,#hash_768c5aeecc2d7cc4
string,#mpui/grip2_desc
string,#hash_7725a43a5e8755ad
string,#hash_77bd07afdb58abd9
string,#menu/camo_loot_cyberpunk
string,#menu/camo_active_celestial
string,#hash_781f9cab14f565c8
string,#menu/camo_loot_citrus
string,#mpui/rf_desc
string,#hash_785577888de11add
string,#mpui/mk_desc
string,#hash_78b1d1196746763d
string,#hash_78b448d799b46550
string,#hash_78d753143b405d88
string,#hash_79cb73f346a68dba
string,#mpui/speedreloader
string,#mpui/dw_desc
string,#menu/camo_loot_disavowed
string,#zm_towers/location_body_pit
string,#mpui/camo_active_headshots
string,#zm_towers/location_danu_entrance
string,#mpui/rangefinder_desc
string,#feature/gun_emblem
string,#hash_7bf8bcf55e2bd26e
string,#hash_7c465ea7da6991fb
string,#mpui/mms
string,#hash_7d3e69af1a992cec
string,#hash_7d4bd5aa38a4f41b
string,#menu/camo_loot_greengradient
string,#hash_7d572184f439180a
string,#mpui/camo_woodlums
string,#zm_towers/crowd_loathes
string,#hash_7e31505384e0837a
string,#mpui/tacknife_desc
string,#menu/camo_loot_paradise
string,#hash_7f0c14b967f871a0
string,#menu/camo_loot_plasmadrive
fx,#hash_224710d041fd043
fx,#zm_ai/fx8_cata_elec_aura
fx,#zombie/fx8_magicbox_opened
fx,#hash_6ce60bc4b64e793
fx,#electric/fx_ability_elec_surge_short_raps
fx,#zombie/fx8_magicbox_marker_red
fx,#blood/fx_blood_impact_exp_body_lg
fx,#hash_108cfc8cc7b79388
fx,#hash_1093d48cc7bd6e3e
fx,#hash_1537ea9ec67435d0
fx,#hash_153e7a9ec679962e
fx,#hash_154f7e9ec688102d
fx,#zm_ai/fx8_cata_plasma_aura_head
fx,#fire/fx_ability_fire_immolation_raps
fx,#maps/zm_towers/fx8_boss_dmg_flesh
fx,#zombie/fx_bul_flesh_head_nochunks_zmb
fx,#blood/fx8_blood_cam_gib_spray_zm
fx,#zombie/fx_blood_torso_explo_zmb
fx,#zombie/fx8_magicbox_arrival
fx,#maps/zm_towers/fx8_boss_dmg_weakspot_organ
fx,#zombie/fx_bul_flesh_neck_spurt_zmb
fx,#hash_22aac55b4e3e4c42
fx,#hash_24eb30a2d07ae5a9
fx,#hash_2543453edaf343d4
fx,#hash_259b253edb3d834a
fx,#impacts/fx_bul_impact_blood_head_fatal_exit
fx,#zm_ai/fx8_cata_water_aura
fx,#zm_ai/fx8_cata_plasma_aura
fx,#hash_28479dabebe445ee
fx,#hash_28ad85abec3ad058
fx,#maps/zm_towers/fx8_crowd_reward_flower_trail
fx,#maps/zm_towers/fx8_challenge_head_blood_drips
fx,#hash_311a865a91014b22
fx,#zm_ai/fx8_cata_cor_mouth
fx,#hash_37631c88b85a74ec
fx,#explosions/fx_vexp_raps_death
fx,#hash_387c78244f5f45e5
fx,#zombie/fx_bul_flesh_head_fatal_zmb
fx,#electric/fx8_sparks_burst_dir_sm_orange_os
fx,#maps/zm_towers/fx8_crowd_reward_flower_exp
fx,#hash_3c9948ab313a6483
fx,#hash_45724a1ec8049cd0
fx,#hash_4c24e997afad36e0
fx,#hash_4d91ce766ebeda81
fx,#hash_4db3c6766edbb34f
fx,#hash_4e3dc7da8f681079
fx,#hash_4e40eada8f6a81c9
fx,#hash_4e55cdda8f7cac8c
fx,#zm_ai/fx8_cata_elec_elbow_ri
fx,#zm_ai/fx8_cata_elec_elbow_le
fx,#maps/zm_towers/fx8_boss_dmg_weakspot_gem_red
fx,#hash_5400356a313e2ec3
fx,#hash_57034716c105e41e
fx,#zm_ai/fx8_zombie_eye_glow_red
fx,#hash_59422cff58693587
fx,#hash_595ec25b8b3b0e9b
fx,#hash_5968b25b8b4347f0
fx,#hash_596fba5b8b497436
fx,#explosions/fx_vexp_raps_death_core
fx,#zm_ai/fx8_blightfather_weakspot_jaw_exp
fx,#zm_ai/fx8_cata_water_aura_head
fx,#hash_5f376e9395e16666
fx,#maps/zm_towers/fx8_boss_dmg_weakspot_gem_blue
fx,#maps/zm_towers/fx8_challenge_head_blood_burst
fx,#zm_ai/fx8_cata_cor_death
fx,#hash_63074eb9d1a1e00c
fx,#explosions/fx_vexp_raps_death_side
fx,#blood/fx_blood_gib_limb_trail
fx,#hash_6931b098cb2b2086
fx,#hash_6960c898cb52ba10
fx,#hash_6b7912c3c5da87e2
fx,#hash_6f5f4eb9267613e3
fx,#hash_70a9912a46b2e34e
fx,#zm_ai/fx8_marauder_dest_weak_point_exp_generic
fx,#hash_74f01ad183c69a5c
fx,#hash_74f6f2d183cc7512
fx,#impacts/fx8_bul_impact_metal_xxlg
fx,#hash_7b951deec27b35c1
fx,#hash_7d69ee9822b45157
lui_elem_uid,#zm_towers_pap_elem
lui_elem_uid,#zm_towers_crowd_meter
radiant_exploder,#exp_lgt_ar_stealth_t8
radiant_exploder,#exp_lgt_body_pit_secret_room
radiant_exploder,#exp_lgt_magic_box_danub
radiant_exploder,#exp_lgt_magic_box_danu2
radiant_exploder,#exp_lgt_smg_standard_t8
radiant_exploder,#exp_odin_eyes
radiant_exploder,#hash_10a88ccb10a9e972
radiant_exploder,#fx8_exp_blaze_kill
radiant_exploder,#exp_special_round_gas
radiant_exploder,#hash_15a435b03b930760
radiant_exploder,#hash_16a766485c754eaa
radiant_exploder,#hash_17e07bed3aff4327
radiant_exploder,#exp_lgt_ar_fastfire_t8
radiant_exploder,#exp_danu_eyes
radiant_exploder,#exp_lgt_pistol_revolver_t8
radiant_exploder,#exp_lgt_ar_modular_t8
radiant_exploder,#hash_225ee17770c0100b
radiant_exploder,#exp_danu_portal
radiant_exploder,#exp_lgt_ar_accurate_t8
radiant_exploder,#exp_aqueduct_2
radiant_exploder,#exp_aqueduct_3
radiant_exploder,#exp_aqueduct_1
radiant_exploder,#exp_lgt_pistol_burst_t8
radiant_exploder,#fxexp_gong_ra
radiant_exploder,#hash_315698cd19d01338
radiant_exploder,#exp_lgt_smg_handling_t8
radiant_exploder,#exp_lgt_smg_drum_pistol_t8
radiant_exploder,#hash_37f2e84bcbb27d72
radiant_exploder,#exp_lgt_magic_box_odin2
radiant_exploder,#exp_lgt_magic_box_odinb
radiant_exploder,#exp_lgt_shotgun_pump_t8
radiant_exploder,#exp_lgt_magic_box_zeus2
radiant_exploder,#exp_lgt_magic_box_zeusb
radiant_exploder,#hash_3bd02105e03cea41
radiant_exploder,#exp_lgt_tr_longburst_t8
radiant_exploder,#fxexp_gong_zeus
radiant_exploder,#hash_42665153dd2778d7
radiant_exploder,#fxexp_gong_odin
radiant_exploder,#hash_457bcafa40d1cba8
radiant_exploder,#fx8_exp_blaze_vista
radiant_exploder,#fxexp_boss_arena_gas_gate_2
radiant_exploder,#fxexp_boss_arena_gas_gate_1
radiant_exploder,#exp_lgt_tr_leveraction_t8
radiant_exploder,#hash_4bc287b2b5cdb690
radiant_exploder,#hash_4bc28cb2b5cdbf0f
radiant_exploder,#hash_4bc28db2b5cdc0c2
radiant_exploder,#hash_4bc28eb2b5cdc275
radiant_exploder,#exp_special_storm
radiant_exploder,#exp_lgt_special_round
radiant_exploder,#exp_lgt_smg_fastfire_t8
radiant_exploder,#hash_534187d015a08d3e
radiant_exploder,#exp_lgt_magic_box_cat_swt
radiant_exploder,#exp_lgt_pistol_standard_t8
radiant_exploder,#hash_5404accb1f4e5061
radiant_exploder,#exp_lgt_bowie
radiant_exploder,#hash_548168b95c951d85
radiant_exploder,#hash_5501995269d31da9
radiant_exploder,#hash_578f8efe6c29e097
radiant_exploder,#hash_57abb9429e7824d5
radiant_exploder,#exp_lgt_player_start
radiant_exploder,#exp_lgt_magic_box_cat_net
radiant_exploder,#exp_blue_fire
radiant_exploder,#hash_5b195496a8918967
radiant_exploder,#hash_5b81f1f32ce3b5af
radiant_exploder,#hash_5cd386d26a997218
radiant_exploder,#hash_5cd5234ea810a393
radiant_exploder,#exp_lgt_magic_box_ra2
radiant_exploder,#exp_lgt_magic_box_rab
radiant_exploder,#hash_5d8dd18aa709fbe3
radiant_exploder,#hash_5d8dd28aa709fd96
radiant_exploder,#hash_5d8dd38aa709ff49
radiant_exploder,#hash_5d8dd48aa70a00fc
radiant_exploder,#exp_lgt_lmg_standard_t8
radiant_exploder,#exp_lgt_shotgun_trenchgun_t8
radiant_exploder,#hash_68713d78aea0b795
radiant_exploder,#fxexp_fast_travel_orbs
radiant_exploder,#exp_lgt_xd_sh180
radiant_exploder,#exp_lgt_xd_sh100
radiant_exploder,#exp_lgt_xd_sh110
radiant_exploder,#exp_lgt_xd_sh120
radiant_exploder,#exp_lgt_xd_sh135
radiant_exploder,#exp_lgt_xd_sh138
radiant_exploder,#exp_lgt_xd_sh145
radiant_exploder,#exp_lgt_xd_sh140
radiant_exploder,#exp_lgt_xd_sh150
radiant_exploder,#exp_lgt_xd_sh168
radiant_exploder,#exp_lgt_xd_sh160
radiant_exploder,#exp_lgt_xd_sh165
radiant_exploder,#exp_lgt_xd_sh170
radiant_exploder,#fxexp_xd_ambience_2
radiant_exploder,#fxexp_xd_ambience
radiant_exploder,#exp_lgt_tr_powersemi_t8
radiant_exploder,#hash_733c8bcc3d0a2774
radiant_exploder,#exp_ra_eyes
radiant_exploder,#exp_lgt_xd_sh080
radiant_exploder,#exp_lgt_xd_sh030
radiant_exploder,#exp_lgt_xd_sh020
radiant_exploder,#exp_lgt_xd_sh010
radiant_exploder,#exp_lgt_xd_sh070
radiant_exploder,#exp_lgt_xd_sh060
radiant_exploder,#exp_lgt_xd_sh050
radiant_exploder,#exp_lgt_xd_sh040
radiant_exploder,#hash_76ebd000603523dd
radiant_exploder,#fx8_exp_pap_slam_smk
radiant_exploder,#exp_lgt_pap
radiant_exploder,#exp_lgt_smg_accurate_t8
radiant_exploder,#fxexp_gong_danu
radiant_exploder,#hash_7c621973304296e2
radiant_exploder,#exp_zeus_eyes
radiant_exploder,#exp_gate_slam
radiant_exploder,#exp_dust_fall_4
radiant_exploder,#exp_dust_fall_1
radiant_exploder,#exp_dust_fall_2
radiant_exploder,#exp_dust_fall_3
soundalias,#vox_box_shotgun_plr_4_0
soundalias,#vox_box_shotgun_plr_4_1
soundalias,#vox_box_shotgun_plr_4_2
soundalias,#vox_box_shotgun_plr_4_3
soundalias,#vox_box_shotgun_plr_4_4
soundalias,#zmb_traps_fire_grate_close
soundalias,#zmb_vocals_tiger_roar_long
soundalias,#fly_step_run_tiger_water
soundalias,#hash_2d2625a537062e
soundalias,#fly_step_crouch_walk_tiger_metalthin
soundalias,#hash_32922faa46ef1c
soundalias,#vox_5_banter_dieg_scar_plr_1_1
soundalias,#hash_63c7b574f0996f
soundalias,#fly_step_crouch_walk_zdog_concrete
soundalias,#vox_plr_4_exert_concuss
soundalias,#zmb_traps_blade_open
soundalias,#prj_brass_impact_gren_case_ceramic
soundalias,#hash_d52d82c6414349
soundalias,#prj_brass_impact_plr_gren_case_water
soundalias,#evt_head_pickup
soundalias,#fly_step_prone_tiger_metal
soundalias,#vox_bop2_exert_mant_light
soundalias,#vox_m_quest_build_fertilizer_plr_2_0
soundalias,#vox_powerup_double_plr_4_2
soundalias,#vox_powerup_double_plr_4_3
soundalias,#vox_powerup_double_plr_4_0
soundalias,#vox_powerup_double_plr_4_1
soundalias,#vox_powerup_double_plr_4_4
soundalias,#vox_blightfather_react_first_plr_1_0
soundalias,#hash_10b3b428b4c5f44
soundalias,#hash_1154e304ae131d0
soundalias,#hash_1154f304ae13383
soundalias,#hash_11550304ae13536
soundalias,#vox_pickup_bowie_plr_1_0
soundalias,#vox_m_quest_charge_warn_plr_3_2
soundalias,#vox_m_quest_charge_warn_plr_3_1
soundalias,#vox_m_quest_charge_warn_plr_3_0
soundalias,#vox_plr_3_exert_gas_gasp
soundalias,#fly_wpn_grab_rattle
soundalias,#vox_kill_revenge_plr_2_7
soundalias,#vox_kill_revenge_plr_2_6
soundalias,#vox_kill_revenge_plr_2_5
soundalias,#vox_kill_revenge_plr_2_4
soundalias,#vox_kill_revenge_plr_2_3
soundalias,#vox_kill_revenge_plr_2_2
soundalias,#vox_kill_revenge_plr_2_1
soundalias,#vox_kill_revenge_plr_2_0
soundalias,#vox_kill_revenge_plr_2_9
soundalias,#vox_kill_revenge_plr_2_8
soundalias,#hash_132e60d6a8113de
soundalias,#vox_bop2_exert_punch_give
soundalias,#vox_m_quest_fury_arrive_plr_1_0
soundalias,#prj_brass_impact_sniper_rock
soundalias,#hash_1664b8de0c37897
soundalias,#dst_xlight
soundalias,#hash_17b06fb26f89a08
soundalias,#hash_186bc5f17583a80
soundalias,#zmb_traps_blade_lp_swt
soundalias,#hash_194a1aff3bcc4a1
soundalias,#vox_plr_3_exert_gas_cough
soundalias,#vox_arena_react_plr_2_0
soundalias,#vox_4_banter_dieg_shaw_plr_4_0
soundalias,#fly_sniper_shell_out_npc
soundalias,#vox_bop2_exert_sniper_hold
soundalias,#vox_plr_1_exert_explo_dead
soundalias,#vox_destroy_rocketshield_plr_2_2
soundalias,#vox_destroy_rocketshield_plr_2_0
soundalias,#vox_destroy_rocketshield_plr_2_1
soundalias,#vox_m_quest_heart_nag_plr_2_2
soundalias,#vox_m_quest_heart_nag_plr_2_0
soundalias,#vox_m_quest_heart_nag_plr_2_1
soundalias,#fly_step_prone_zdog_ice
soundalias,#prj_brass_impact_large_default
soundalias,#vox_bop1_exert_sniper_gasp
soundalias,#prj_brass_impact_small_paintedmetal
soundalias,#hash_1f31bbfa8ba1393
soundalias,#mpl_seeker_mine_hunt
soundalias,#vox_flame_hazard_unharmed_plr_3_0
soundalias,#vox_flame_hazard_unharmed_plr_3_1
soundalias,#vox_flame_hazard_unharmed_plr_3_2
soundalias,#vox_crowd_positive_good_plr_2_3
soundalias,#vox_crowd_positive_good_plr_2_2
soundalias,#vox_crowd_positive_good_plr_2_1
soundalias,#vox_crowd_positive_good_plr_2_0
soundalias,#vox_crowd_positive_good_plr_2_4
soundalias,#prj_brass_impact_sniper_default
soundalias,#hash_21e9e0a70f607e8
soundalias,#zmb_tiger_explode_decay
soundalias,#fly_step_walk_tiger_metalhollow
soundalias,#hash_232b3b5b7f5d86d
soundalias,#dst_propane_tank_lfe
soundalias,#vox_brun_kill_headshot_plr_1_2
soundalias,#vox_brun_kill_headshot_plr_1_3
soundalias,#vox_brun_kill_headshot_plr_1_0
soundalias,#vox_brun_kill_headshot_plr_1_1
soundalias,#vox_brun_kill_headshot_plr_1_4
soundalias,#vox_shaw_kill_streak_plr_3_0
soundalias,#vox_shaw_kill_streak_plr_3_1
soundalias,#vox_shaw_kill_streak_plr_3_2
soundalias,#vox_shaw_kill_streak_plr_3_3
soundalias,#vox_shaw_kill_streak_plr_3_4
soundalias,#prj_brass_impact_shell_foliage
soundalias,#hash_25db697922ee278
soundalias,#wpn_hammer_melee_impact_victim
soundalias,#dst_palet_wood
soundalias,#hash_29462385390b973
soundalias,#hash_29468385390c3a5
soundalias,#wpn_scepter_revive
soundalias,#fly_step_crouch_run_tiger_paper
soundalias,#hash_2a8bc9fc5e6a2b6
soundalias,#fly_melee_imp_galva_npc_riot
soundalias,#hash_2b67826ebf711f3
soundalias,#hash_2b67926ebf713a6
soundalias,#hash_2b67a26ebf71559
soundalias,#hash_2bb4a8b02a0d697
soundalias,#fly_step_sprint_zdog_metalcatwalk
soundalias,#fly_step_sprint_tiger_sand
soundalias,#zmb_ai_gladiator_step_swt
soundalias,#hash_2fda558a051c272
soundalias,#hash_304f97176ddf10a
soundalias,#fly_step_crouch_run_zdog_bark
soundalias,#vox_bop2_exert_death_veh_fly
soundalias,#vox_crawler_los_plr_1_4
soundalias,#vox_crawler_los_plr_1_2
soundalias,#vox_crawler_los_plr_1_3
soundalias,#vox_crawler_los_plr_1_0
soundalias,#vox_crawler_los_plr_1_1
soundalias,#prj_brass_impact_small_bark
soundalias,#dst_cover_concrete
soundalias,#wpn_dragon_fire_lvl1_npc_lfe
soundalias,#zmb_hellhound_prespawn_lfe
soundalias,#vox_bop4_exert_death_veh_hit
soundalias,#vox_decay_gas_react_plr_2_0
soundalias,#fly_step_crouch_walk_tiger_default
soundalias,#hash_35ee152d044a5ae
soundalias,#vox_revive_dieg_plr_4_4
soundalias,#vox_revive_dieg_plr_4_3
soundalias,#vox_revive_dieg_plr_4_2
soundalias,#vox_revive_dieg_plr_4_1
soundalias,#vox_revive_dieg_plr_4_0
soundalias,#vox_blightfather_kill_plr_1_2
soundalias,#vox_blightfather_kill_plr_1_3
soundalias,#vox_blightfather_kill_plr_1_0
soundalias,#vox_blightfather_kill_plr_1_1
soundalias,#vox_m_quest_second_floor_prst_0
soundalias,#hash_3b8275186f62d3a
soundalias,#wpn_chakram_melee_impact_swt
soundalias,#vox_surrounded_oh_shit_plr_4_8
soundalias,#vox_surrounded_oh_shit_plr_4_9
soundalias,#vox_surrounded_oh_shit_plr_4_4
soundalias,#vox_surrounded_oh_shit_plr_4_5
soundalias,#vox_surrounded_oh_shit_plr_4_6
soundalias,#vox_surrounded_oh_shit_plr_4_7
soundalias,#vox_surrounded_oh_shit_plr_4_0
soundalias,#vox_surrounded_oh_shit_plr_4_1
soundalias,#vox_surrounded_oh_shit_plr_4_2
soundalias,#vox_surrounded_oh_shit_plr_4_3
soundalias,#prj_brass_impact_large_fruit
soundalias,#hash_3e8ef7908bf6c66
soundalias,#hash_3fe1ae5fd3002be
soundalias,#vox_m_quest_missile_warn_plr_1_0
soundalias,#dst_gas_pipe_lp
soundalias,#wpn_zhield_fire_lfe_plr
soundalias,#vox_scar_surrounded_oh_shit_plr_2_4
soundalias,#vox_scar_surrounded_oh_shit_plr_2_2
soundalias,#vox_scar_surrounded_oh_shit_plr_2_3
soundalias,#vox_scar_surrounded_oh_shit_plr_2_0
soundalias,#vox_scar_surrounded_oh_shit_plr_2_1
soundalias,#vox_chakram_ready_plr_3_0
soundalias,#vox_chakram_ready_plr_3_1
soundalias,#vox_chakram_ready_plr_3_2
soundalias,#wpn_zhield_melee_impact_plr
soundalias,#hash_43eca068008afe4
soundalias,#fly_melee_swipe_player_knife
soundalias,#vox_pap_pickup_plr_3_4
soundalias,#vox_pap_pickup_plr_3_3
soundalias,#vox_pap_pickup_plr_3_2
soundalias,#vox_pap_pickup_plr_3_1
soundalias,#vox_pap_pickup_plr_3_0
soundalias,#fly_step_crouch_run_zdog_rock
soundalias,#vox_bop5_exert_razor_wire
soundalias,#prj_brass_impact_shell_glass
soundalias,#fly_melee_imp_hammer_wood
soundalias,#hash_484f870ae922590
soundalias,#vox_solo_game_start_plr_4_0
soundalias,#vox_m_quest_fury_kill_plr_1_0
soundalias,#fly_melee_imp_chakram_npc_plastic
soundalias,#fly_step_run_tiger_tallgrass
soundalias,#vox_kill_headshot_plr_1_8
soundalias,#vox_kill_headshot_plr_1_9
soundalias,#vox_kill_headshot_plr_1_4
soundalias,#vox_kill_headshot_plr_1_5
soundalias,#vox_kill_headshot_plr_1_6
soundalias,#vox_kill_headshot_plr_1_7
soundalias,#vox_kill_headshot_plr_1_0
soundalias,#vox_kill_headshot_plr_1_1
soundalias,#vox_kill_headshot_plr_1_2
soundalias,#vox_kill_headshot_plr_1_3
soundalias,#vox_powerup_ammo_plr_4_3
soundalias,#vox_powerup_ammo_plr_4_2
soundalias,#vox_powerup_ammo_plr_4_1
soundalias,#vox_powerup_ammo_plr_4_0
soundalias,#vox_powerup_ammo_plr_4_4
soundalias,#fly_step_sprint_zdog_default
soundalias,#vox_flame_hazard_react_plr_2_0
soundalias,#vox_flame_hazard_react_plr_2_1
soundalias,#vox_flame_hazard_react_plr_2_2
soundalias,#vox_ammo_out_plr_3_2
soundalias,#vox_ammo_out_plr_3_3
soundalias,#vox_ammo_out_plr_3_0
soundalias,#vox_ammo_out_plr_3_1
soundalias,#vox_ammo_out_plr_3_4
soundalias,#hash_4fc11a9bb4da7e3
soundalias,#hash_502c50791bae7fa
soundalias,#vox_plr_3_exert_death
soundalias,#vox_radiant_react_plr_1_0
soundalias,#fly_melee_imp_hammer_npc_rock
soundalias,#vox_tedd_exert_mant_heavy
soundalias,#wpn_chakram_sheathe_plr
soundalias,#zmb_perks_packa_upgrade_short
soundalias,#prj_brass_impact_plr_gren_case_foliage
soundalias,#zmb_switch_flip_trap_alarm_reset
soundalias,#prj_brass_impact_small_wood
soundalias,#vox_4_banter_brun_dieg_plr_3_0
soundalias,#fly_step_run_tiger_plastic
soundalias,#fly_melee_imp_chakram_glass
soundalias,#vox_bop4_exert_suppressed
soundalias,#vox_m_quest_collect_wood_plr_2_0
soundalias,#hash_5a43f9a67288b60
soundalias,#hash_5af24daf516325b
soundalias,#mus_homunculus_dance
soundalias,#fly_step_run_tiger_plaster
soundalias,#hash_5b611c94a31a1e0
soundalias,#hash_5b613c94a31a546
soundalias,#hash_5b614c94a31a6f9
soundalias,#hash_5b735e44a3a6fd3
soundalias,#vox_viper_dragon_activate_plr_1_4
soundalias,#vox_viper_dragon_activate_plr_1_3
soundalias,#vox_viper_dragon_activate_plr_1_2
soundalias,#vox_viper_dragon_activate_plr_1_1
soundalias,#vox_viper_dragon_activate_plr_1_0
soundalias,#vox_powerup_firesale_plr_4_4
soundalias,#vox_powerup_firesale_plr_4_0
soundalias,#vox_powerup_firesale_plr_4_1
soundalias,#vox_powerup_firesale_plr_4_2
soundalias,#vox_powerup_firesale_plr_4_3
soundalias,#hash_5d602641594e77a
soundalias,#prj_brass_impact_wraith_metal
soundalias,#prj_bullet_explode_wood
soundalias,#fly_step_crouch_walk_zdog_water
soundalias,#hash_61052d99f398097
soundalias,#zmb_ai_hellephant_slam_impact
soundalias,#hash_617de54576f6168
soundalias,#hash_617df54576f631b
soundalias,#vox_bop3_exert_stabbed
soundalias,#dst_fish_tank
soundalias,#vox_bop2_exert_blind
soundalias,#hash_636505e80a9c999
soundalias,#vox_m_quest_missile_track_plr_2_1
soundalias,#vox_m_quest_missile_track_plr_2_0
soundalias,#vox_m_quest_missile_track_plr_2_2
soundalias,#vox_marauder_react_plr_3_4
soundalias,#vox_marauder_react_plr_3_2
soundalias,#vox_marauder_react_plr_3_3
soundalias,#vox_marauder_react_plr_3_0
soundalias,#vox_marauder_react_plr_3_1
soundalias,#vox_generic_wall_buy_plr_1_0
soundalias,#vox_generic_wall_buy_plr_1_1
soundalias,#vox_generic_wall_buy_plr_1_2
soundalias,#vox_generic_wall_buy_plr_1_3
soundalias,#vox_generic_wall_buy_plr_1_4
soundalias,#vox_generic_wall_buy_plr_1_5
soundalias,#vox_generic_wall_buy_plr_1_6
soundalias,#vox_generic_wall_buy_plr_1_7
soundalias,#vox_generic_wall_buy_plr_1_8
soundalias,#vox_generic_wall_buy_plr_1_9
soundalias,#vox_bop3_exert_mant_light
soundalias,#zmb_blocker_door_lp
soundalias,#vox_plr_1_outro_igc_2_2
soundalias,#fly_melee_imp_scepter_metal
soundalias,#vox_1_banter_brun_scar_plr_2_0
soundalias,#hash_69436a9c625028b
soundalias,#hash_69437a9c625043e
soundalias,#hash_69438a9c62505f1
soundalias,#hash_6943aa9c6250957
soundalias,#prj_bullet_explode_dirt
soundalias,#hash_69b4b8f53967333
soundalias,#prj_brass_impact_gren_case_snow
soundalias,#vox_pickup_generic_plr_1_5
soundalias,#vox_pickup_generic_plr_1_4
soundalias,#vox_pickup_generic_plr_1_7
soundalias,#vox_pickup_generic_plr_1_6
soundalias,#vox_pickup_generic_plr_1_1
soundalias,#vox_pickup_generic_plr_1_0
soundalias,#vox_pickup_generic_plr_1_3
soundalias,#vox_pickup_generic_plr_1_2
soundalias,#vox_pickup_generic_plr_1_9
soundalias,#vox_pickup_generic_plr_1_8
soundalias,#wpn_rgun_flux_r_plr
soundalias,#vox_viper_dragon_ready_plr_2_2
soundalias,#vox_viper_dragon_ready_plr_2_0
soundalias,#vox_viper_dragon_ready_plr_2_1
soundalias,#hash_6b98920a69fd329
soundalias,#vox_revive_support_dieg_plr_4_4
soundalias,#vox_revive_support_dieg_plr_4_3
soundalias,#vox_revive_support_dieg_plr_4_2
soundalias,#vox_revive_support_dieg_plr_4_1
soundalias,#vox_revive_support_dieg_plr_4_0
soundalias,#prj_brass_impact_small_dirt
soundalias,#vox_destroyer_react_plr_1_4
soundalias,#vox_destroyer_react_plr_1_2
soundalias,#vox_destroyer_react_plr_1_3
soundalias,#vox_destroyer_react_plr_1_0
soundalias,#vox_destroyer_react_plr_1_1
soundalias,#vox_plr_1_exert_burn_dead
soundalias,#vox_bop1_exert_underwater_pain
soundalias,#vox_blac_exert_underwater_emerge_gasp
soundalias,#hash_6f34e8badf2c9a9
soundalias,#vox_kill_arnie_plr_2_2
soundalias,#vox_kill_arnie_plr_2_3
soundalias,#vox_kill_arnie_plr_2_0
soundalias,#vox_kill_arnie_plr_2_1
soundalias,#vox_kill_arnie_plr_2_4
soundalias,#fly_step_sprint_tiger_tallgrass
soundalias,#vox_decay_react_plr_3_0
soundalias,#hash_711ae3ab73a8323
soundalias,#hash_71f3e47a118786c
soundalias,#hash_7241e6a65a1219a
soundalias,#vox_box_sniper_plr_3_4
soundalias,#vox_box_sniper_plr_3_2
soundalias,#vox_box_sniper_plr_3_3
soundalias,#vox_box_sniper_plr_3_0
soundalias,#vox_box_sniper_plr_3_1
soundalias,#fly_melee_lunge_player_knife
soundalias,#prj_brass_impact_shell_wood
soundalias,#vox_bop2_exert_punch_take
soundalias,#vox_brun_surrounded_oh_shit_plr_4_2
soundalias,#vox_brun_surrounded_oh_shit_plr_4_3
soundalias,#vox_brun_surrounded_oh_shit_plr_4_0
soundalias,#vox_brun_surrounded_oh_shit_plr_4_1
soundalias,#vox_brun_surrounded_oh_shit_plr_4_4
soundalias,#hash_76df1da773d332a
soundalias,#vox_m_quest_spear_warn_plr_4_0
soundalias,#hash_7799f8b5d78f5f3
soundalias,#zmb_vocals_tiger_ambient_anim
soundalias,#vox_powerup_double_plr_3_1
soundalias,#vox_powerup_double_plr_3_0
soundalias,#vox_powerup_double_plr_3_3
soundalias,#vox_powerup_double_plr_3_2
soundalias,#vox_powerup_double_plr_3_4
soundalias,#zmb_tiger_loop_breath
soundalias,#fly_step_walk_zdog_metalhollow
soundalias,#hash_7ab3d08b1b1ae93
soundalias,#prj_brass_impact_shell_sand
soundalias,#vox_bop5_exert_bludgeoned
soundalias,#vox_bop4_exert_razor_wire
soundalias,#vox_plasma_react_plr_1_0
soundalias,#vox_hammer_ready_plr_2_2
soundalias,#vox_hammer_ready_plr_2_0
soundalias,#vox_hammer_ready_plr_2_1
soundalias,#hash_7fe3e35ae873d19
soundalias,#vox_kill_wonder_plr_3_1
soundalias,#vox_kill_wonder_plr_3_0
soundalias,#vox_kill_wonder_plr_3_3
soundalias,#vox_kill_wonder_plr_3_2
soundalias,#vox_kill_wonder_plr_3_4
soundalias,#hash_8121e0d6de42d4f
soundalias,#zmb_challenges_energy_impact
soundalias,#vox_plr_4_exert_electro
soundalias,#vox_m_quest_catacomb_enter_plr_1_0
soundalias,#dst_transformer_lfe
soundalias,#vox_tedd_exert_underwater_air_low
soundalias,#vox_bop4_exert_underwater_emerge_breath
soundalias,#vox_m_quest_build_fertilizer_plr_1_0
soundalias,#vox_m_quest_fury_start_plr_4_0
soundalias,#fly_step_run_zdog_concrete
soundalias,#vox_powerup_insta_plr_3_3
soundalias,#vox_powerup_insta_plr_3_2
soundalias,#vox_powerup_insta_plr_3_1
soundalias,#vox_powerup_insta_plr_3_0
soundalias,#vox_powerup_insta_plr_3_4
soundalias,#vox_serket_spile_pickup_plr_2_0
soundalias,#wpn_scorpion_fire_npc
soundalias,#hash_873d995e49d9eb5
soundalias,#fly_step_crouch_walk_tiger_foliage
soundalias,#hash_88b780be001669a
soundalias,#hash_8ab7a5e00241cf5
soundalias,#vox_m_quest_open_gate_plr_1_0
soundalias,#fly_step_sprint_zdog_mud
soundalias,#vox_1_banter_dieg_scar_plr_3_0
soundalias,#prj_brass_impact_gren_case_paintedmetal
soundalias,#hash_8fac1152ce61fc9
soundalias,#hash_8fceaff9b57f692
soundalias,#amb_crowd_oneshot_negative_max
soundalias,#vox_bop4_exert_explo_dead
soundalias,#hash_929cb50cf634fb4
soundalias,#hash_92f3c3ba47d16dd
soundalias,#hash_93ad4d9fee7c43e
soundalias,#prj_brass_impact_shell_rubber
soundalias,#vox_pickup_bowie_plr_2_0
soundalias,#vox_m_quest_charge_warn_plr_2_2
soundalias,#vox_m_quest_charge_warn_plr_2_0
soundalias,#vox_m_quest_charge_warn_plr_2_1
soundalias,#vox_crowd_positive_great_plr_2_1
soundalias,#vox_crowd_positive_great_plr_2_0
soundalias,#vox_crowd_positive_great_plr_2_3
soundalias,#vox_crowd_positive_great_plr_2_2
soundalias,#vox_crowd_positive_great_plr_2_4
soundalias,#uin_seeker_qte_fail
soundalias,#vox_bop5_exert_underwater_pain
soundalias,#fly_step_prone_zdog_bodyarmor
soundalias,#vox_m_quest_wrath_arrive_plr_4_0
soundalias,#fly_step_walk_zdog_tallgrass
soundalias,#fly_step_prone_zdog_foliage
soundalias,#zmb_vocals_hellephant_growl_gate
soundalias,#prj_brass_impact_wraith_ceramic
soundalias,#hash_9b946d695a3c920
soundalias,#vox_bop1_exert_rad_start
soundalias,#vox_crowd_positive_general_prst_8
soundalias,#vox_crowd_positive_general_prst_9
soundalias,#vox_crowd_positive_general_prst_0
soundalias,#vox_crowd_positive_general_prst_1
soundalias,#vox_crowd_positive_general_prst_2
soundalias,#vox_crowd_positive_general_prst_3
soundalias,#vox_crowd_positive_general_prst_4
soundalias,#vox_crowd_positive_general_prst_5
soundalias,#vox_crowd_positive_general_prst_6
soundalias,#vox_crowd_positive_general_prst_7
soundalias,#vox_marauder_kill_plr_1_3
soundalias,#vox_marauder_kill_plr_1_2
soundalias,#vox_marauder_kill_plr_1_1
soundalias,#vox_marauder_kill_plr_1_0
soundalias,#exp_chain_break_final
soundalias,#vox_bop1_exert_electro
soundalias,#vox_arena_react_plr_3_0
soundalias,#zmb_vocals_marauder_leap
soundalias,#fly_step_sprint_tiger_water
soundalias,#vox_bop3_exert_underwater_air_low
soundalias,#hash_9fd84825dfde1ed
soundalias,#fly_step_prone_zdog_cloth
soundalias,#hash_a06cf9bab0e59a3
soundalias,#hash_a1197a45b387cff
soundalias,#prj_brass_impact_sniper_plastic
soundalias,#vox_revive_self_plr_1_1
soundalias,#vox_revive_self_plr_1_0
soundalias,#vox_revive_self_plr_1_2
soundalias,#vox_2_banter_dieg_scar_plr_3_1
soundalias,#hash_a1bfab6e04e3dad
soundalias,#zmb_ai_gladiator_step_run
soundalias,#prj_brass_impact_large_rock
soundalias,#fly_step_tiger_sweet
soundalias,#prj_brass_impact_sniper_plaster
soundalias,#fly_melee_imp_scepter_flesh_npc
soundalias,#hash_a60c9533e476dd1
soundalias,#vox_blac_exert_stabbed
soundalias,#fly_thermal_scope
soundalias,#prj_brass_impact_large_glassbulletproof
soundalias,#vox_bop4_exert_gas_gasp
soundalias,#hash_aa07bc1f30fdf4b
soundalias,#vox_bop5_exert_mant_heavy
soundalias,#fly_step_run_tiger_watershallow
soundalias,#fly_step_sprint_zdog_metalthin
soundalias,#fly_step_prone_tiger_metalthin
soundalias,#hash_ad50b59ee592ac4
soundalias,#wpn_viper_bite_end
soundalias,#hash_afd77d09387bac0
soundalias,#vox_m_quest_ground_floor_prst_0
soundalias,#wpn_hammer_storm_thunder
soundalias,#vox_destroyer_react_first_plr_1_1
soundalias,#vox_destroyer_react_first_plr_1_0
soundalias,#vox_bop3_exert_punch_give
soundalias,#veh_raps_mini_in_air
soundalias,#uin_seeker_qte_fail_swt
soundalias,#vox_ammo_out_plr_4_1
soundalias,#vox_ammo_out_plr_4_0
soundalias,#vox_ammo_out_plr_4_3
soundalias,#vox_ammo_out_plr_4_2
soundalias,#vox_ammo_out_plr_4_4
soundalias,#hash_b73b2f07dead44c
soundalias,#vox_radiant_react_plr_2_0
soundalias,#fly_step_crouch_walk_tiger_ice
soundalias,#vox_pap_pickup_plr_2_4
soundalias,#vox_pap_pickup_plr_2_2
soundalias,#vox_pap_pickup_plr_2_3
soundalias,#vox_pap_pickup_plr_2_0
soundalias,#vox_pap_pickup_plr_2_1
soundalias,#hash_b9cd0dea430fd6e
soundalias,#hash_b9cd1dea430ff21
soundalias,#hash_b9cd3dea4310287
soundalias,#hash_b9e5c0f0c4b51ec
soundalias,#mus_towers_roundend_1_intro
soundalias,#vox_crowd_positive_immac_plr_2_4
soundalias,#vox_crowd_positive_immac_plr_2_1
soundalias,#vox_crowd_positive_immac_plr_2_0
soundalias,#vox_crowd_positive_immac_plr_2_3
soundalias,#vox_crowd_positive_immac_plr_2_2
soundalias,#vox_blightfather_react_first_plr_2_0
soundalias,#vox_bop3_exert_underwater_pain
soundalias,#fly_step_prone_tiger_foliage
soundalias,#hash_bc551f958b18108
soundalias,#hash_bd1b1757f94488b
soundalias,#vox_bop5_exert_death_veh_under
soundalias,#dst_hydrant_destroyed
soundalias,#hash_bdb30092e9dc406
soundalias,#hash_bde75843d826490
soundalias,#zmb_vocals_hellephant_charge
soundalias,#vox_kill_revenge_plr_3_8
soundalias,#vox_kill_revenge_plr_3_9
soundalias,#vox_kill_revenge_plr_3_6
soundalias,#vox_kill_revenge_plr_3_7
soundalias,#vox_kill_revenge_plr_3_4
soundalias,#vox_kill_revenge_plr_3_5
soundalias,#vox_kill_revenge_plr_3_2
soundalias,#vox_kill_revenge_plr_3_3
soundalias,#vox_kill_revenge_plr_3_0
soundalias,#vox_kill_revenge_plr_3_1
soundalias,#hash_be43cfca92fbd03
soundalias,#hash_bed745bc0187b9d
soundalias,#zmb_ai_gladiator_axe_throw
soundalias,#vox_m_quest_fury_arrive_plr_2_0
soundalias,#hash_c0bb4bb6f79f737
soundalias,#fly_step_crouch_run_zdog_flesh
soundalias,#vox_dieg_kill_headshot_plr_2_4
soundalias,#vox_dieg_kill_headshot_plr_2_1
soundalias,#vox_dieg_kill_headshot_plr_2_0
soundalias,#vox_dieg_kill_headshot_plr_2_3
soundalias,#vox_dieg_kill_headshot_plr_2_2
soundalias,#hash_c1f134d7bcfa69d
soundalias,#fly_step_sprint_zdog_watershallow
soundalias,#hash_c4ac5a9bf0ee8bf
soundalias,#prj_brass_impact_large_metalcatwalk
soundalias,#vox_plr_1_exert_gas_gasp
soundalias,#hash_c648800c55e1554
soundalias,#wpn_dragon_flux_npc_r
soundalias,#wpn_dragon_flux_npc_l
soundalias,#fly_step_crouch_walk_zdog_metalhollow
soundalias,#hash_c71dc0700cfc406
soundalias,#hash_c7661887ac55b9c
soundalias,#hash_c7737aeb3831b86
soundalias,#fly_step_crouch_walk_tiger_glasscar
soundalias,#vox_bop5_exert_burn_dead
soundalias,#hash_c9dcb3f0d078099
soundalias,#vox_crowd_positive_good_plr_3_2
soundalias,#vox_crowd_positive_good_plr_3_3
soundalias,#vox_crowd_positive_good_plr_3_0
soundalias,#vox_crowd_positive_good_plr_3_1
soundalias,#vox_crowd_positive_good_plr_3_4
soundalias,#hash_cd1db8bf773df9b
soundalias,#hash_cd1dc8bf773e14e
soundalias,#hash_cd1dd8bf773e301
soundalias,#hash_cd1de8bf773e4b4
soundalias,#fly_shroud_raise
soundalias,#hash_ce52cbf5b58f36d
soundalias,#hash_ceb7935b59ca8ff
soundalias,#vox_kill_headshot_plr_2_3
soundalias,#vox_kill_headshot_plr_2_2
soundalias,#vox_kill_headshot_plr_2_1
soundalias,#vox_kill_headshot_plr_2_0
soundalias,#vox_kill_headshot_plr_2_7
soundalias,#vox_kill_headshot_plr_2_6
soundalias,#vox_kill_headshot_plr_2_5
soundalias,#vox_kill_headshot_plr_2_4
soundalias,#vox_kill_headshot_plr_2_9
soundalias,#vox_kill_headshot_plr_2_8
soundalias,#prj_brass_impact_small_carpet
soundalias,#fly_step_run_tiger_paper
soundalias,#hash_cfcdb12c4cc0476
soundalias,#vox_5_banter_scar_shaw_plr_1_0
soundalias,#vox_flame_hazard_react_plr_1_1
soundalias,#vox_flame_hazard_react_plr_1_0
soundalias,#hash_d1235a7f33572e2
soundalias,#vox_plr_3_exert_razor_wire
soundalias,#hash_d1ae3bf08f6cfa7
soundalias,#vox_plr_2_exert_punch_take
soundalias,#wpn_scepter_first_raise_lvl3_npc
soundalias,#vox_body_pit_react_plr_4_0
soundalias,#veh_raps_mini_idle_drone
soundalias,#hash_d4b330503498b0f
soundalias,#wpn_viper_melee_retract_double_plr
soundalias,#hash_d55fbd13a30070a
soundalias,#hash_d5dd6efff968f2c
soundalias,#fly_step_sprint_tiger_metal
soundalias,#vox_crowd_negative_terrible_plr_1_2
soundalias,#vox_crowd_negative_terrible_plr_1_3
soundalias,#vox_crowd_negative_terrible_plr_1_0
soundalias,#vox_crowd_negative_terrible_plr_1_1
soundalias,#vox_decay_react_plr_2_0
soundalias,#fly_step_prone_tiger_water
soundalias,#hash_d9a98fc554f1a7b
soundalias,#vox_generic_wall_buy_plr_2_7
soundalias,#vox_generic_wall_buy_plr_2_6
soundalias,#vox_generic_wall_buy_plr_2_5
soundalias,#vox_generic_wall_buy_plr_2_4
soundalias,#vox_generic_wall_buy_plr_2_3
soundalias,#vox_generic_wall_buy_plr_2_2
soundalias,#vox_generic_wall_buy_plr_2_1
soundalias,#vox_generic_wall_buy_plr_2_0
soundalias,#vox_generic_wall_buy_plr_2_9
soundalias,#vox_generic_wall_buy_plr_2_8
soundalias,#vox_bop3_exert_razor_wire
soundalias,#vox_plr_3_exert_death_veh_under
soundalias,#hash_dc234a0880dd59b
soundalias,#hash_dc5a87ff79146e2
soundalias,#hash_dc614a24abcc3b8
soundalias,#vox_m_quest_collect_wood_plr_3_0
soundalias,#fly_step_walk_tiger_metalthin
soundalias,#veh_raps_wall_imp
soundalias,#vox_m_quest_collect_skull_plr_2_0
soundalias,#hash_dd2d121764dc100
soundalias,#hash_dd2d221764dc2b3
soundalias,#hash_dd2d321764dc466
soundalias,#hash_dd2d421764dc619
soundalias,#hash_dd2d521764dc7cc
soundalias,#hash_dd2d621764dc97f
soundalias,#hash_dd2d721764dcb32
soundalias,#hash_dd2d821764dcce5
soundalias,#hash_dd2db21764dd1fe
soundalias,#hash_dd2dc21764dd3b1
soundalias,#vox_box_move_plr_2_4
soundalias,#vox_box_move_plr_2_1
soundalias,#vox_box_move_plr_2_0
soundalias,#vox_box_move_plr_2_3
soundalias,#vox_box_move_plr_2_2
soundalias,#hash_de73182f138b62c
soundalias,#vox_m_quest_collect_charcoal_plr_2_0
soundalias,#zmb_blocker_debris_escape_lp
soundalias,#hash_dfaed8eda51e6dc
soundalias,#wpn_scorpion_zombie_explode
soundalias,#hash_e01a65eedb7f078
soundalias,#hash_e01a75eedb7f22b
soundalias,#hash_e01a85eedb7f3de
soundalias,#hash_e01a95eedb7f591
soundalias,#hash_e01ab5eedb7f8f7
soundalias,#hash_e03bc8ebb29e3a6
soundalias,#prj_brass_impact_sniper_metalhollow
soundalias,#hash_e3c1c918ebb703d
soundalias,#fly_step_crouch_walk_tiger_bark
soundalias,#zmb_traps_blade_stop
soundalias,#vox_box_launcher_plr_4_4
soundalias,#vox_box_launcher_plr_4_0
soundalias,#vox_box_launcher_plr_4_1
soundalias,#vox_box_launcher_plr_4_2
soundalias,#vox_box_launcher_plr_4_3
soundalias,#hash_e5d1a437e61654e
soundalias,#vox_m_quest_missile_track_plr_3_0
soundalias,#vox_m_quest_missile_track_plr_3_1
soundalias,#vox_m_quest_missile_track_plr_3_2
soundalias,#fly_wpn_gear_rattle_ads
soundalias,#hash_e78b254cdfde6dd
soundalias,#vox_kill_wonder_plr_2_0
soundalias,#vox_kill_wonder_plr_2_1
soundalias,#vox_kill_wonder_plr_2_2
soundalias,#vox_kill_wonder_plr_2_3
soundalias,#vox_kill_wonder_plr_2_4
soundalias,#vox_blac_exert_mant_light
soundalias,#vox_zombie_tiger_react_first_plr_1_0
soundalias,#vox_zombie_tiger_react_first_plr_1_1
soundalias,#vox_bop5_exert_gas_gasp
soundalias,#wpn_chakram_projectile_throw_plr
soundalias,#fly_step_sprint_zdog_cushion
soundalias,#prj_brass_impact_sniper_grass
soundalias,#vox_m_quest_shockwave_warn_plr_4_0
soundalias,#zmb_step_hellephant_run_default
soundalias,#hash_f210344da062582
soundalias,#fly_step_crouch_walk_tiger_grass
soundalias,#hash_f2ae6581a9a552c
soundalias,#hash_f32d9de6827bf7d
soundalias,#zmb_magic_box_poison
soundalias,#vox_hammer_active_plr_2_1
soundalias,#vox_hammer_active_plr_2_0
soundalias,#vox_hammer_active_plr_2_3
soundalias,#vox_hammer_active_plr_2_2
soundalias,#vox_hammer_active_plr_2_4
soundalias,#vox_plr_1_exert_suppressed
soundalias,#hash_f7993813b9abd08
soundalias,#vox_brun_surrounded_oh_shit_plr_3_1
soundalias,#vox_brun_surrounded_oh_shit_plr_3_0
soundalias,#vox_brun_surrounded_oh_shit_plr_3_3
soundalias,#vox_brun_surrounded_oh_shit_plr_3_2
soundalias,#vox_brun_surrounded_oh_shit_plr_3_4
soundalias,#wpn_ray_reload_open
soundalias,#fly_step_walk_tiger_bodyarmor
soundalias,#hash_faf1a04721d2526
soundalias,#hash_faf1c04721d288c
soundalias,#hash_faf1d04721d2a3f
soundalias,#vox_5_banter_dieg_scar_plr_3_0
soundalias,#vox_powerup_insta_plr_2_2
soundalias,#vox_powerup_insta_plr_2_3
soundalias,#vox_powerup_insta_plr_2_0
soundalias,#vox_powerup_insta_plr_2_1
soundalias,#vox_powerup_insta_plr_2_4
soundalias,#hash_fba879cc46998d7
soundalias,#vox_serket_spile_pickup_plr_3_0
soundalias,#fly_step_run_zdog_carpet
soundalias,#fly_step_run_zdog_metal
soundalias,#vox_2_banter_scar_shaw_plr_4_0
soundalias,#fly_wpn_gear_rattle
soundalias,#vox_1_banter_brun_dieg_plr_3_0
soundalias,#hash_102b39edce79ef69
soundalias,#hash_10320501215e405b
soundalias,#hash_1049781530a765be
soundalias,#fly_step_crouch_run_zdog_brick
soundalias,#prj_brass_impact_wraith_metalthin
soundalias,#fly_step_crouch_run_zdog_asphalt
soundalias,#wpn_ray_1straise
soundalias,#zmb_ai_gladiator_damage_armor
soundalias,#fly_step_crouch_run_tiger_dirt
soundalias,#vox_pickup_bowie_plr_3_0
soundalias,#vox_crowd_positive_great_plr_3_0
soundalias,#vox_crowd_positive_great_plr_3_1
soundalias,#vox_crowd_positive_great_plr_3_2
soundalias,#vox_crowd_positive_great_plr_3_3
soundalias,#vox_crowd_positive_great_plr_3_4
soundalias,#hash_10a119e9606a6988
soundalias,#zmb_perks_packa_loop
soundalias,#fly_step_sprint_tiger_bark
soundalias,#hash_10adfda2367b07ef
soundalias,#wpn_dragon_fire_npc_decay
soundalias,#evt_fxa_wall_fall
soundalias,#hash_10cdee9634de107f
soundalias,#prj_brass_impact_small_metalcar
soundalias,#hash_10e209e9e8ea4734
soundalias,#fly_step_crouch_run_tiger_fruit
soundalias,#hash_10fca2f4c8c19081
soundalias,#fly_melee_imp_hammer_npc
soundalias,#wpn_hammer_first_raise_lvl3_npc
soundalias,#vox_ammo_low_plr_4_4
soundalias,#vox_ammo_low_plr_4_3
soundalias,#vox_ammo_low_plr_4_2
soundalias,#vox_ammo_low_plr_4_1
soundalias,#vox_ammo_low_plr_4_0
soundalias,#hash_1146632abcb5f618
soundalias,#hash_1146642abcb5f7cb
soundalias,#hash_1146652abcb5f97e
soundalias,#vox_bop5_exert_sniper_hold
soundalias,#hash_1158ca937d0645df
soundalias,#hash_1169f161390a9847
soundalias,#wpn_viper_bite_lp
soundalias,#hash_1180478fc140ce49
soundalias,#hash_11855496f2ae0456
soundalias,#vox_flame_hazard_unharmed_plr_1_2
soundalias,#vox_flame_hazard_unharmed_plr_1_0
soundalias,#vox_flame_hazard_unharmed_plr_1_1
soundalias,#prj_brass_impact_wraith_foliage
soundalias,#hash_119d4d341483b32c
soundalias,#hash_11a7f1d08f9789a1
soundalias,#fly_step_crouch_run_tiger_glass
soundalias,#vox_bop2_exert_underwater_emerge_breath
soundalias,#vox_shaw_kill_streak_plr_1_2
soundalias,#vox_shaw_kill_streak_plr_1_3
soundalias,#vox_shaw_kill_streak_plr_1_0
soundalias,#vox_shaw_kill_streak_plr_1_1
soundalias,#prj_brass_impact_wraith_asphalt
soundalias,#vox_bop1_exert_death_veh_fly
soundalias,#wpn_rgun_exp
soundalias,#wpn_chakram_melee_impact_victim
soundalias,#vox_powerup_double_plr_2_0
soundalias,#vox_powerup_double_plr_2_1
soundalias,#vox_powerup_double_plr_2_2
soundalias,#vox_powerup_double_plr_2_3
soundalias,#vox_powerup_double_plr_2_4
soundalias,#vox_blightfather_react_first_plr_3_0
soundalias,#zmb_tiger_bolt
soundalias,#fly_step_sprint_tiger_paper
soundalias,#hash_1259041350e5f60d
soundalias,#vox_pap_wait_plr_4_4
soundalias,#vox_pap_wait_plr_4_3
soundalias,#vox_pap_wait_plr_4_2
soundalias,#vox_pap_wait_plr_4_1
soundalias,#vox_pap_wait_plr_4_0
soundalias,#prj_brass_impact_shell_watershallow
soundalias,#zmb_vocals_zombie_behind
soundalias,#hash_12647dfc68cb34dd
soundalias,#hash_126563398c4bacce
soundalias,#fly_step_prone_zdog_bark
soundalias,#wpn_chakram_projectile_catch_npc
soundalias,#prj_brass_impact_wraith_cushion
soundalias,#vox_box_pistol_plr_4_4
soundalias,#vox_box_pistol_plr_4_1
soundalias,#vox_box_pistol_plr_4_0
soundalias,#vox_box_pistol_plr_4_3
soundalias,#vox_box_pistol_plr_4_2
soundalias,#vox_m_quest_fury_arrive_plr_3_0
soundalias,#vox_revive_support_shaw_plr_2_4
soundalias,#vox_revive_support_shaw_plr_2_1
soundalias,#vox_revive_support_shaw_plr_2_0
soundalias,#vox_revive_support_shaw_plr_2_3
soundalias,#vox_revive_support_shaw_plr_2_2
soundalias,#hash_12a559fb30a63051
soundalias,#hash_12b84642bfd9083b
soundalias,#wpn_scepter_first_raise_lvl3_plr
soundalias,#hash_12d662cbb0e02a5a
soundalias,#fly_step_run_tiger_glass
soundalias,#fly_step_walk_tiger_cloth
soundalias,#fly_step_crouch_walk_tiger_metalcatcrouch_walk
soundalias,#hash_12ef5ec3a91ef6c5
soundalias,#fly_step_sprint_tiger_glasscar
soundalias,#vox_bop3_exert_self_heal
soundalias,#fly_step_crouch_run_zdog_grass
soundalias,#vox_bop4_exert_stabbed
soundalias,#vox_m_quest_heart_nag_plr_4_0
soundalias,#vox_m_quest_heart_nag_plr_4_1
soundalias,#vox_m_quest_heart_nag_plr_4_2
soundalias,#vox_plr_1_exert_mant_heavy
soundalias,#hash_131a6e25fe07d152
soundalias,#hash_131b4db5b684bc21
soundalias,#wpn_shotgun_dryfire_npc
soundalias,#fly_step_sprint_zdog_fruit
soundalias,#fly_step_walk_tiger_fruit
soundalias,#hash_132c394600fa0d83
soundalias,#vox_bop1_exert_underwater_air_low
soundalias,#prj_brass_impact_plr_gren_case_metal
soundalias,#hash_13417ba4d06209ac
soundalias,#vox_crowd_positive_good_plr_4_1
soundalias,#vox_crowd_positive_good_plr_4_0
soundalias,#vox_crowd_positive_good_plr_4_3
soundalias,#vox_crowd_positive_good_plr_4_2
soundalias,#vox_crowd_positive_good_plr_4_4
soundalias,#prj_brass_impact_large_paper
soundalias,#prj_brass_impact_wraith_plastic
soundalias,#prj_brass_impact_gren_case_brick
soundalias,#vox_m_quest_open_gate_plr_2_0
soundalias,#hash_13944ade049b7b82
soundalias,#prj_brass_impact_wraith_plaster
soundalias,#hash_13b84ed8d5eb2394
soundalias,#hash_13c6910f10c55ebb
soundalias,#vox_tedd_exert_rad_dmg
soundalias,#hash_13db393ba2bb0c2c
soundalias,#hash_13ebaddf5ce08e73
soundalias,#hash_13fdd939d59a1447
soundalias,#prj_brass_impact_plr_gren_case_bark
soundalias,#fly_step_prone_zdog_fruit
soundalias,#hash_1404102ec1359017
soundalias,#prj_crack_raygun_supersonic
soundalias,#vox_bop1_exert_gas_gag
soundalias,#fly_step_crouch_walk_zdog_carpet
soundalias,#prj_brass_impact_shell_default
soundalias,#prj_brass_impact_shell_metal
soundalias,#fly_step_walk_tiger_bark
soundalias,#vox_m_quest_collect_skull_plr_3_0
soundalias,#fly_step_prone_tiger_brick
soundalias,#fly_step_walk_tiger_concrete
soundalias,#hash_1451be2e88441cde
soundalias,#hash_1454c3b0530d321e
soundalias,#vox_3_banter_dieg_scar_plr_3_1
soundalias,#hash_146afcf9e755fb03
soundalias,#wpn_rifle_dryfire_plr
soundalias,#vox_tedd_exert_burn_dmg
soundalias,#fly_reload_servo
soundalias,#vox_blac_exert_sniper_hold
soundalias,#zmb_hellhound_explode_lfe
soundalias,#hash_148bf1442de0307b
soundalias,#vox_zeus_base_react_plr_4_0
soundalias,#vox_plr_3_exert_bludgeoned
soundalias,#hash_1497ad297013be24
soundalias,#hash_14a6b0529c8ecd16
soundalias,#vox_bom4_exert_rad_end
soundalias,#hash_14ba1a188f360113
soundalias,#vox_bop5_exert_stabbed
soundalias,#hash_14bc03501b2e126f
soundalias,#prj_brass_impact_shell_snow
soundalias,#vox_bop2_exert_underwater_pain
soundalias,#fly_step_run_zdog_plaster
soundalias,#fly_step_run_zdog_plastic
soundalias,#hash_14edc840592d3e35
soundalias,#fly_step_run_zdog_sand
soundalias,#fly_step_crouch_run_tiger_glassbulletproof
soundalias,#fly_scope_zoom
soundalias,#vox_m_quest_collect_wood_plr_4_0
soundalias,#hash_1520069daa9734fd
soundalias,#vox_box_move_plr_3_4
soundalias,#vox_box_move_plr_3_0
soundalias,#vox_box_move_plr_3_1
soundalias,#vox_box_move_plr_3_2
soundalias,#vox_box_move_plr_3_3
soundalias,#hash_15269b1a0691d443
soundalias,#wpn_hammer_bolt_lp
soundalias,#mpl_seeker_mine_find
soundalias,#zmb_box_weapon_spin
soundalias,#vox_rough_statue_pickup_plr_1_0
soundalias,#hash_153699eff35f40ab
soundalias,#mpl_seeker_mine_fire
soundalias,#zmb_step_hellephant_step_armor_swt
soundalias,#vox_chakram_ready_plr_1_2
soundalias,#vox_chakram_ready_plr_1_0
soundalias,#vox_chakram_ready_plr_1_1
soundalias,#wpn_hammer_storm_end
soundalias,#vox_3_banter_dieg_shaw_plr_4_1
soundalias,#hash_158a3cb40bd7d97f
soundalias,#hash_1598f6998a206ef0
soundalias,#fly_step_sprint_zdog_wood
soundalias,#hash_15a98fa81782b075
soundalias,#zmb_crafting_fail
soundalias,#fly_step_crouch_walk_tiger_watershallow
soundalias,#vox_m_quest_fury_kill_plr_3_0
soundalias,#hash_15d40c46633515be
soundalias,#fly_melee_imp_galva_metal
soundalias,#fly_step_crouch_walk_tiger_metal
soundalias,#hash_15ebff7555912e98
soundalias,#fly_melee_imp_chakram_npc
soundalias,#vox_elixir_drink_plr_4_8
soundalias,#vox_elixir_drink_plr_4_9
soundalias,#vox_elixir_drink_plr_4_4
soundalias,#vox_elixir_drink_plr_4_5
soundalias,#vox_elixir_drink_plr_4_6
soundalias,#vox_elixir_drink_plr_4_7
soundalias,#vox_elixir_drink_plr_4_0
soundalias,#vox_elixir_drink_plr_4_1
soundalias,#vox_elixir_drink_plr_4_2
soundalias,#vox_elixir_drink_plr_4_3
soundalias,#vox_plr_2_exert_sniper_exhale
soundalias,#fly_step_prone_tiger_paper
soundalias,#zmb_zombie_head_gib
soundalias,#hash_161e138aa355f330
soundalias,#hash_161e148aa355f4e3
soundalias,#hash_161e168aa355f849
soundalias,#hash_161e198aa355fd62
soundalias,#fly_step_crouch_walk_zdog_metalcar
soundalias,#fly_step_crouch_run_tiger_flesh
soundalias,#vox_radiant_react_plr_3_0
soundalias,#vox_blightfather_weak_points_plr_4_1
soundalias,#vox_blightfather_weak_points_plr_4_0
soundalias,#vox_blightfather_weak_points_plr_4_2
soundalias,#hash_163dd62ba1722340
soundalias,#hash_163dd72ba17224f3
soundalias,#hash_163dd92ba1722859
soundalias,#hash_163ddc2ba1722d72
soundalias,#hash_164524f657045498
soundalias,#fly_step_crouch_run_tiger_bodyarmor
soundalias,#vox_revive_scar_plr_2_4
soundalias,#vox_revive_scar_plr_2_3
soundalias,#vox_revive_scar_plr_2_2
soundalias,#vox_revive_scar_plr_2_1
soundalias,#vox_revive_scar_plr_2_0
soundalias,#hash_165f79e16f9425b0
soundalias,#fly_melee_imp_hammer_zm
soundalias,#hash_1663079294f189b0
soundalias,#vox_crowd_positive_immac_plr_3_4
soundalias,#vox_crowd_positive_immac_plr_3_0
soundalias,#vox_crowd_positive_immac_plr_3_1
soundalias,#vox_crowd_positive_immac_plr_3_2
soundalias,#vox_crowd_positive_immac_plr_3_3
soundalias,#wpn_chakram_melee_impact_swt_plr
soundalias,#hash_16804090e77a1368
soundalias,#fly_step_walk_zdog_dirt
soundalias,#fly_step_sprint_tiger_carpet
soundalias,#fly_step_run_zdog_wood
soundalias,#vox_bop2_exert_underwater_air_low
soundalias,#hash_16aa0d2f2e99dd72
soundalias,#vox_scar_kill_headshot_plr_2_3
soundalias,#vox_scar_kill_headshot_plr_2_2
soundalias,#vox_scar_kill_headshot_plr_2_1
soundalias,#vox_scar_kill_headshot_plr_2_0
soundalias,#vox_scar_kill_headshot_plr_2_4
soundalias,#hash_16c30790b38cd2c5
soundalias,#hash_16c63d7913de8eb0
soundalias,#hash_16cf4a69776a9d2d
soundalias,#hash_16de7f592462ec4b
soundalias,#vox_m_quest_missile_warn_plr_3_0
soundalias,#vox_blac_exert_punch_take
soundalias,#fly_step_run_zdog_glass
soundalias,#fly_step_prone_zdog_brick
soundalias,#prj_brass_impact_small_snow
soundalias,#zmb_vocals_destroyer_bodyfall_pain
soundalias,#vox_plasma_detonation_react_plr_4_0
soundalias,#hash_170aa1970243fc4a
soundalias,#fly_step_run_zdog_metalhollow
soundalias,#hash_1736e8c7a79a7db8
soundalias,#vox_1_banter_brun_dieg_plr_2_1
soundalias,#vox_box_wonder_plr_1_4
soundalias,#vox_box_wonder_plr_1_0
soundalias,#vox_box_wonder_plr_1_1
soundalias,#vox_box_wonder_plr_1_2
soundalias,#vox_box_wonder_plr_1_3
soundalias,#vox_plasma_react_plr_3_0
soundalias,#zmb_weap_wall
soundalias,#vox_hammer_ready_plr_4_0
soundalias,#vox_hammer_ready_plr_4_1
soundalias,#vox_hammer_ready_plr_4_2
soundalias,#vox_bop3_exert_underwater_emerge_gasp
soundalias,#fly_golden_spork_first_raise
soundalias,#prj_brass_impact_small_rubber
soundalias,#vox_generic_wall_buy_plr_3_8
soundalias,#vox_generic_wall_buy_plr_3_9
soundalias,#vox_generic_wall_buy_plr_3_6
soundalias,#vox_generic_wall_buy_plr_3_7
soundalias,#vox_generic_wall_buy_plr_3_4
soundalias,#vox_generic_wall_buy_plr_3_5
soundalias,#vox_generic_wall_buy_plr_3_2
soundalias,#vox_generic_wall_buy_plr_3_3
soundalias,#vox_generic_wall_buy_plr_3_0
soundalias,#vox_generic_wall_buy_plr_3_1
soundalias,#wpn_scepter_plant_activate_npc
soundalias,#wpn_chakram_projectile_catch_plr
soundalias,#vox_kill_headshot_plr_3_8
soundalias,#vox_kill_headshot_plr_3_9
soundalias,#vox_kill_headshot_plr_3_2
soundalias,#vox_kill_headshot_plr_3_3
soundalias,#vox_kill_headshot_plr_3_0
soundalias,#vox_kill_headshot_plr_3_1
soundalias,#vox_kill_headshot_plr_3_6
soundalias,#vox_kill_headshot_plr_3_7
soundalias,#vox_kill_headshot_plr_3_4
soundalias,#vox_kill_headshot_plr_3_5
soundalias,#zmb_traps_fire_stop_ug
soundalias,#vox_powerup_ammo_plr_2_1
soundalias,#vox_powerup_ammo_plr_2_0
soundalias,#vox_powerup_ammo_plr_2_3
soundalias,#vox_powerup_ammo_plr_2_2
soundalias,#vox_powerup_ammo_plr_2_4
soundalias,#zmb_blocker_door_purchase_swt
soundalias,#hash_17c7895c4b5180ce
soundalias,#vox_pickup_generic_plr_3_3
soundalias,#vox_pickup_generic_plr_3_2
soundalias,#vox_pickup_generic_plr_3_1
soundalias,#vox_pickup_generic_plr_3_0
soundalias,#vox_pickup_generic_plr_3_7
soundalias,#vox_pickup_generic_plr_3_6
soundalias,#vox_pickup_generic_plr_3_5
soundalias,#vox_pickup_generic_plr_3_4
soundalias,#vox_pickup_generic_plr_3_9
soundalias,#vox_pickup_generic_plr_3_8
soundalias,#prj_brass_impact_large_mud
soundalias,#prj_brass_impact_large_paintedmetal
soundalias,#hash_17f2fef698d5c07b
soundalias,#vox_m_quest_armor_nag_plr_4_1
soundalias,#vox_m_quest_armor_nag_plr_4_0
soundalias,#vox_m_quest_armor_nag_plr_4_2
soundalias,#fly_step_crouch_walk_zdog_dirt
soundalias,#vox_plr_2_exert_stabbed
soundalias,#vox_bop4_exert_breath_hurt
soundalias,#hash_180a68db37f2bf3c
soundalias,#hash_18142763381d7f0d
soundalias,#vox_bop5_exert_death_veh_hit
soundalias,#amb_candles_lp
soundalias,#vox_kill_arnie_plr_4_0
soundalias,#vox_kill_arnie_plr_4_1
soundalias,#vox_kill_arnie_plr_4_2
soundalias,#vox_kill_arnie_plr_4_3
soundalias,#vox_kill_arnie_plr_4_4
soundalias,#vox_blac_exert_razor_wire
soundalias,#vox_bop3_exert_blind
soundalias,#hash_1828d6bce135f085
soundalias,#vox_hammer_level_3_plr_1_0
soundalias,#vox_hammer_level_3_plr_1_1
soundalias,#vox_hammer_level_3_plr_1_2
soundalias,#vox_decay_react_plr_1_0
soundalias,#wpn_viper_melee_impact_victim
soundalias,#hash_186c808588ff2465
soundalias,#vox_plr_2_exert_death_veh_under
soundalias,#hash_18720f1535221913
soundalias,#vox_plr_4_exert_underwater_pain
soundalias,#hash_1891b3211ab36c94
soundalias,#hash_18a5515e3206c55c
soundalias,#wpn_homunculus_throw_npc
soundalias,#vox_m_quest_collect_charcoal_plr_3_0
soundalias,#fly_step_sprint_tiger_concrete
soundalias,#hash_18b9c1b30e385483
soundalias,#fly_melee_imp_chakram_metal
soundalias,#hash_18c3ff3ac15baf9e
soundalias,#hash_18d264594f3e63b7
soundalias,#hash_18d60994d6238a6b
soundalias,#hash_18f50be3a4e3af84
soundalias,#hash_18f5703be48501c0
soundalias,#hash_18f5713be4850373
soundalias,#hash_18f5733be48506d9
soundalias,#zmb_ee_gtr_sting_8
soundalias,#zmb_ee_gtr_sting_1
soundalias,#zmb_ee_gtr_sting_2
soundalias,#zmb_ee_gtr_sting_3
soundalias,#zmb_ee_gtr_sting_4
soundalias,#zmb_ee_gtr_sting_5
soundalias,#zmb_ee_gtr_sting_6
soundalias,#zmb_ee_gtr_sting_7
soundalias,#hash_18fbcd35001a92c5
soundalias,#fly_scorpion_raise
soundalias,#vox_hammer_active_plr_3_0
soundalias,#vox_hammer_active_plr_3_1
soundalias,#vox_hammer_active_plr_3_2
soundalias,#vox_hammer_active_plr_3_3
soundalias,#vox_hammer_active_plr_3_4
soundalias,#vox_dragon_kill_plr_1_1
soundalias,#vox_dragon_kill_plr_1_0
soundalias,#vox_dragon_kill_plr_1_3
soundalias,#vox_dragon_kill_plr_1_2
soundalias,#vox_dragon_kill_plr_1_4
soundalias,#vox_kill_wonder_plr_1_4
soundalias,#vox_kill_wonder_plr_1_3
soundalias,#vox_kill_wonder_plr_1_2
soundalias,#vox_kill_wonder_plr_1_1
soundalias,#vox_kill_wonder_plr_1_0
soundalias,#hash_19331028a5435ebc
soundalias,#wpn_viper_melee_retract_npc
soundalias,#vox_bop3_exert_death_veh_fly
soundalias,#vox_bop3_exert_burn_dmg
soundalias,#hash_1958c65416aca66b
soundalias,#zmb_perks_packa_ticktock
soundalias,#fly_step_crouch_run_zdog_metalcatcrouch_run
soundalias,#vox_scepter_ready_plr_4_2
soundalias,#vox_scepter_ready_plr_4_0
soundalias,#vox_scepter_ready_plr_4_1
soundalias,#vox_powerup_double_plr_1_3
soundalias,#vox_powerup_double_plr_1_2
soundalias,#vox_powerup_double_plr_1_1
soundalias,#vox_powerup_double_plr_1_0
soundalias,#hash_198682b92e7d3b28
soundalias,#wpn_hammer_slam_npc
soundalias,#hash_1988d42c4f4e3682
soundalias,#fly_step_crouch_run_zdog_tallgrass
soundalias,#hash_199ada9e76c36f81
soundalias,#hash_19b314fc6c8c4472
soundalias,#hash_19b7c124ed3de16f
soundalias,#zmb_electrocute_zombie
soundalias,#zmb_traps_fire_grate_open_ug
soundalias,#hash_19cf4d96bdc87afd
soundalias,#prj_brass_impact_shell_cushion
soundalias,#hash_19d5b0b0d8399dd8
soundalias,#prj_brass_impact_shell_ceramic
soundalias,#vox_bop3_exert_rad_end
soundalias,#hash_19dbdeeee13b5df7
soundalias,#vox_purity_react_plr_1_0
soundalias,#vox_bop1_exert_death_fall
soundalias,#hash_19ed62938d8ef1ae
soundalias,#hash_19f3effb34673e33
soundalias,#fly_step_walk_tiger_glasscar
soundalias,#vox_m_quest_open_gate_plr_3_0
soundalias,#vox_plr_4_exert_burn_dead
soundalias,#prj_brass_impact_gren_case_plastic
soundalias,#prj_brass_impact_gren_case_plaster
soundalias,#vox_plr_3_exert_sniper_gasp
soundalias,#vox_bof1_exert_rad_start
soundalias,#dst_water_bottle
soundalias,#vox_tedd_exert_razor_wire
soundalias,#fly_step_crouch_run_zdog_carpet
soundalias,#vox_blac_exert_breath_hurt
soundalias,#hash_1a78c32ce00170c7
soundalias,#hash_1a9f5c7b1d51d62a
soundalias,#vox_blac_exert_death
soundalias,#hash_1ab74bf970721d2f
soundalias,#vox_solo_end_round1_plr_2_0
soundalias,#hash_1ac8c014caa1f64d
soundalias,#hash_1ad15c7df960acf6
soundalias,#hash_1af609fa7eb6d2a0
soundalias,#prj_brass_impact_plr_gren_case_ice
soundalias,#hash_1b15ab0f14874ce9
soundalias,#fly_step_run_zdog_bodyarmor
soundalias,#hash_1b28ca975224396b
soundalias,#hash_1b29088a325ca260
soundalias,#hash_1b29098a325ca413
soundalias,#hash_1b290b8a325ca779
soundalias,#hash_1b290e8a325cac92
soundalias,#fly_step_walk_zdog_foliage
soundalias,#vox_revive_self_plr_3_2
soundalias,#vox_revive_self_plr_3_1
soundalias,#vox_revive_self_plr_3_0
soundalias,#hash_1b62b4a23d1f76e4
soundalias,#prj_brass_impact_wraith_sand
soundalias,#vox_plr_4_exert_mant_heavy
soundalias,#fly_sniper_shell_in_plr
soundalias,#fly_step_walk_zdog_glasscar
soundalias,#hash_1b8312696702abe6
soundalias,#vox_tedd_exert_rad_end
soundalias,#vox_bom4_exert_rad_dmg
soundalias,#vox_brun_kill_headshot_plr_4_4
soundalias,#vox_brun_kill_headshot_plr_4_3
soundalias,#vox_brun_kill_headshot_plr_4_2
soundalias,#vox_brun_kill_headshot_plr_4_1
soundalias,#vox_brun_kill_headshot_plr_4_0
soundalias,#wpn_scepter_melee_npc
soundalias,#wpn_rgun_fire_npc
soundalias,#vox_rough_statue_pickup_plr_2_0
soundalias,#wpn_hammer_bolt_fire
soundalias,#hash_1bb676ee73ed729c
soundalias,#hash_1bb678ee73ed7602
soundalias,#hash_1bb679ee73ed77b5
soundalias,#hash_1bcac2e25f1af2fa
soundalias,#zmb_perks_packa_ready
soundalias,#hash_1befd714ba572b72
soundalias,#hash_1bf5fe37a1f1ddf8
soundalias,#fly_melee_imp_chakram_npc_rock
soundalias,#hash_1c16f5a0e1da502d
soundalias,#fly_step_sprint_zdog_glassbulletproof
soundalias,#hash_1c2e8e92fd97011f
soundalias,#hash_1c3e58e0b9110b37
soundalias,#vox_bop4_exert_burn_dmg
soundalias,#hash_1c4acf7a1c9c1cda
soundalias,#fly_melee_imp_scepter_npc_riot
soundalias,#vox_revive_support_shaw_plr_3_4
soundalias,#vox_revive_support_shaw_plr_3_0
soundalias,#vox_revive_support_shaw_plr_3_1
soundalias,#vox_revive_support_shaw_plr_3_2
soundalias,#vox_revive_support_shaw_plr_3_3
soundalias,#vox_m_quest_fury_start_prst_0
soundalias,#hash_1c8dd30ad4577f23
soundalias,#vox_scepter_kill_plr_2_4
soundalias,#vox_scepter_kill_plr_2_1
soundalias,#vox_scepter_kill_plr_2_0
soundalias,#vox_scepter_kill_plr_2_3
soundalias,#vox_scepter_kill_plr_2_2
soundalias,#hash_1ca40222207eef19
soundalias,#fly_step_crouch_walk_zdog_metalcatcrouch_walk
soundalias,#hash_1cc59bd671b94b13
soundalias,#vox_blac_exert_sniper_gasp
soundalias,#hash_1ce63db5622dcaf5
soundalias,#vox_plr_4_exert_death_veh_hit
soundalias,#vox_m_quest_fury_kill_plr_2_0
soundalias,#zmb_spawn_walla
soundalias,#vox_bop3_exert_bludgeoned
soundalias,#wpn_scorpion_idle_light
soundalias,#zmb_attack_underwater_whoosh
soundalias,#prj_brass_impact_wraith_watershallow
soundalias,#evt_raps_mini_alarm
soundalias,#fly_step_crouch_run_tiger_ice
soundalias,#vox_bop2_exert_gas_gag
soundalias,#zmb_ai_hellephant_tusk_whoosh_armor
soundalias,#fly_step_crouch_walk_tiger_ceramic
soundalias,#vox_radiant_react_plr_4_0
soundalias,#hash_1d87fe1c6a016ee8
soundalias,#hash_1d87ff1c6a01709b
soundalias,#hash_1d88001c6a01724e
soundalias,#hash_1d88011c6a017401
soundalias,#hash_1d88041c6a01791a
soundalias,#vox_2_banter_dieg_shaw_plr_4_1
soundalias,#hash_1da1dccdd4a06b31
soundalias,#vox_revive_scar_plr_3_4
soundalias,#vox_revive_scar_plr_3_2
soundalias,#vox_revive_scar_plr_3_3
soundalias,#vox_revive_scar_plr_3_0
soundalias,#vox_revive_scar_plr_3_1
soundalias,#vox_crowd_negative_poor_plr_4_4
soundalias,#vox_crowd_negative_poor_plr_4_2
soundalias,#vox_crowd_negative_poor_plr_4_3
soundalias,#vox_crowd_negative_poor_plr_4_0
soundalias,#vox_crowd_negative_poor_plr_4_1
soundalias,#hash_1dbe8bcc3c51153a
soundalias,#hash_1de18dce8a27c19c
soundalias,#vox_plr_4_exert_gas_cough
soundalias,#vox_destroyer_react_first_plr_3_1
soundalias,#vox_destroyer_react_first_plr_3_0
soundalias,#hash_1e0ccafc1372b4df
soundalias,#prj_brass_impact_plr_gren_case_asphalt
soundalias,#fly_step_run_zdog_metalcatrun
soundalias,#zmb_blocker_powerdoor_purchase_swt
soundalias,#vox_m_quest_missile_warn_plr_2_0
soundalias,#zmb_vocals_zombie_taunt
soundalias,#hash_1e329197dee1519d
soundalias,#hash_1e3312d30c58f0ba
soundalias,#fly_step_crouch_walk_tiger_wood
soundalias,#hash_1e4d5354c45216b1
soundalias,#fly_generic_first_raise_plr
soundalias,#hash_1e94e2f99d445177
soundalias,#vox_bom2_exert_rad_start
soundalias,#wpn_viper_melee_swing_plr
soundalias,#vox_barrier_rebuild_plr_1_4
soundalias,#vox_barrier_rebuild_plr_1_0
soundalias,#vox_barrier_rebuild_plr_1_1
soundalias,#vox_barrier_rebuild_plr_1_2
soundalias,#vox_barrier_rebuild_plr_1_3
soundalias,#zmb_vocals_tiger_death
soundalias,#vox_bop1_exert_mant_light
soundalias,#fly_step_prone_tiger_default
soundalias,#hash_1ee5f337c6355dc1
soundalias,#hash_1eeb0d38cf56cc1b
soundalias,#vox_kill_headshot_plr_4_1
soundalias,#vox_kill_headshot_plr_4_0
soundalias,#vox_kill_headshot_plr_4_3
soundalias,#vox_kill_headshot_plr_4_2
soundalias,#vox_kill_headshot_plr_4_5
soundalias,#vox_kill_headshot_plr_4_4
soundalias,#vox_kill_headshot_plr_4_7
soundalias,#vox_kill_headshot_plr_4_6
soundalias,#vox_kill_headshot_plr_4_9
soundalias,#vox_kill_headshot_plr_4_8
soundalias,#vox_powerup_ammo_plr_3_0
soundalias,#vox_powerup_ammo_plr_3_1
soundalias,#vox_powerup_ammo_plr_3_2
soundalias,#vox_powerup_ammo_plr_3_3
soundalias,#vox_powerup_ammo_plr_3_4
soundalias,#fly_step_walk_zdog_metalcar
soundalias,#vox_pickup_generic_plr_2_8
soundalias,#vox_pickup_generic_plr_2_9
soundalias,#vox_pickup_generic_plr_2_2
soundalias,#vox_pickup_generic_plr_2_3
soundalias,#vox_pickup_generic_plr_2_0
soundalias,#vox_pickup_generic_plr_2_1
soundalias,#vox_pickup_generic_plr_2_6
soundalias,#vox_pickup_generic_plr_2_7
soundalias,#vox_pickup_generic_plr_2_4
soundalias,#vox_pickup_generic_plr_2_5
soundalias,#fly_step_run_zdog_snow
soundalias,#hash_1f39cf85dba56934
soundalias,#fly_combat_knife_first_raise
soundalias,#veh_raps_mini_idle_offload
soundalias,#hash_1f58939de54b1b59
soundalias,#vox_bop3_exert_electro
soundalias,#fly_scorpion_idle_shell
soundalias,#vox_tedd_exert_electro
soundalias,#vox_box_wonder_plr_2_3
soundalias,#vox_box_wonder_plr_2_2
soundalias,#vox_box_wonder_plr_2_1
soundalias,#vox_box_wonder_plr_2_0
soundalias,#vox_box_wonder_plr_2_4
soundalias,#vox_1_banter_dieg_shaw_plr_3_1
soundalias,#vox_blac_exert_blind
soundalias,#prj_brass_impact_small_concrete
soundalias,#fly_step_puddle_plr
soundalias,#vox_m_quest_danu_complete_plr_4_1
soundalias,#vox_m_quest_missile_track_plr_1_2
soundalias,#vox_m_quest_missile_track_plr_1_0
soundalias,#vox_m_quest_missile_track_plr_1_1
soundalias,#hash_1f915dd1636a1d4c
soundalias,#dst_nitrogen_tank_leak
soundalias,#wpn_chakram_melee_impact
soundalias,#vox_plr_2_exert_gas_gasp
soundalias,#vox_surrounded_oh_shit_plr_1_1
soundalias,#vox_surrounded_oh_shit_plr_1_0
soundalias,#vox_surrounded_oh_shit_plr_1_3
soundalias,#vox_surrounded_oh_shit_plr_1_2
soundalias,#vox_surrounded_oh_shit_plr_1_5
soundalias,#vox_surrounded_oh_shit_plr_1_4
soundalias,#vox_surrounded_oh_shit_plr_1_7
soundalias,#vox_surrounded_oh_shit_plr_1_6
soundalias,#vox_surrounded_oh_shit_plr_1_9
soundalias,#vox_surrounded_oh_shit_plr_1_8
soundalias,#prj_brass_impact_gren_case_gravel
soundalias,#vox_solo_end_round2_plr_1_0
soundalias,#hash_1fc058736573a9b5
soundalias,#wpn_hammer_storm_lp
soundalias,#hash_1fd218acf8959773
soundalias,#hash_1fd377e4062391ab
soundalias,#vox_plr_2_exert_burn_dead
soundalias,#fly_step_sprint_tiger_gravel
soundalias,#vox_scepter_ready_plr_3_1
soundalias,#vox_scepter_ready_plr_3_0
soundalias,#vox_scepter_ready_plr_3_2
soundalias,#prj_brass_impact_sniper_dirt
soundalias,#zmb_funtime_fert_smell_lp
soundalias,#fly_melee_imp_hammer_metalcar
soundalias,#vox_plr_1_exert_sniper_exhale
soundalias,#zmb_crafting_start
soundalias,#vox_powerup_firesale_plr_1_1
soundalias,#vox_powerup_firesale_plr_1_0
soundalias,#vox_powerup_firesale_plr_1_3
soundalias,#vox_powerup_firesale_plr_1_2
soundalias,#vox_powerup_firesale_plr_1_4
soundalias,#hash_2005715ef81e4369
soundalias,#hash_2005725ef81e451c
soundalias,#hash_2005735ef81e46cf
soundalias,#hash_2005745ef81e4882
soundalias,#hash_2005755ef81e4a35
soundalias,#vox_tedd_exert_death_veh_under
soundalias,#hash_200e28bcd26bab77
soundalias,#hash_200e2ebcd26bb5a9
soundalias,#vox_box_lmg_plr_3_4
soundalias,#vox_box_lmg_plr_3_1
soundalias,#vox_box_lmg_plr_3_0
soundalias,#vox_box_lmg_plr_3_3
soundalias,#vox_box_lmg_plr_3_2
soundalias,#hash_202153aad29b9054
soundalias,#hash_2023a0597a7bdf0b
soundalias,#vox_bop4_exert_bludgeoned
soundalias,#fly_step_crouch_run_zdog_mud
soundalias,#fly_step_walk_tiger_ice
soundalias,#fly_melee_imp_galva_npc_wood
soundalias,#zmb_ai_marauder_leap_attack
soundalias,#fly_step_prone_zdog_sand
soundalias,#hash_2052d8709436ffc5
soundalias,#prj_brass_impact_gren_case_grass
soundalias,#vox_bop1_exert_death_veh_hit
soundalias,#prj_brass_impact_sniper_carpet
soundalias,#fly_step_sprint_tiger_fruit
soundalias,#fly_step_prone_tiger_snow
soundalias,#hash_20bee66279fad547
soundalias,#vox_brun_surrounded_oh_shit_plr_1_2
soundalias,#vox_brun_surrounded_oh_shit_plr_1_1
soundalias,#vox_brun_surrounded_oh_shit_plr_1_0
soundalias,#fly_step_crouch_walk_tiger_tallgrass
soundalias,#fly_step_run_tiger_bark
soundalias,#vox_powerup_insta_plr_4_0
soundalias,#vox_powerup_insta_plr_4_1
soundalias,#vox_powerup_insta_plr_4_2
soundalias,#vox_powerup_insta_plr_4_3
soundalias,#vox_powerup_insta_plr_4_4
soundalias,#vox_bop4_exert_underwater_pain
soundalias,#fly_melee_swipealt_player_knife
soundalias,#fly_step_prone_zdog_concrete
soundalias,#hash_21206f1b7fb27f81
soundalias,#vox_box_smg_plr_1_0
soundalias,#vox_box_smg_plr_1_1
soundalias,#vox_box_smg_plr_1_2
soundalias,#vox_box_smg_plr_1_3
soundalias,#vox_purity_react_plr_2_0
soundalias,#fly_scorpion_first_raise
soundalias,#vox_solo_end_round1_plr_3_0
soundalias,#wpn_chakram_projectile_impact
soundalias,#hash_213b9be487a74a81
soundalias,#prj_brass_impact_plr_gren_case_sand
soundalias,#vox_plr_1_exert_gas_cough
soundalias,#fly_step_crouch_walk_tiger_asphalt
soundalias,#hash_214eb0cf09013847
soundalias,#fly_step_sprint_tiger_glass
soundalias,#fly_step_crouch_run_zdog_ceramic
soundalias,#hash_215e1891b2952ace
soundalias,#vox_blightfather_react_plr_4_4
soundalias,#vox_blightfather_react_plr_4_2
soundalias,#vox_blightfather_react_plr_4_3
soundalias,#vox_blightfather_react_plr_4_0
soundalias,#vox_blightfather_react_plr_4_1
soundalias,#vox_scar_kill_headshot_plr_3_2
soundalias,#vox_scar_kill_headshot_plr_3_3
soundalias,#vox_scar_kill_headshot_plr_3_0
soundalias,#vox_scar_kill_headshot_plr_3_1
soundalias,#vox_scar_kill_headshot_plr_3_4
soundalias,#wpn_hammer_jab_plr
soundalias,#zmb_no_cha_ching
soundalias,#vox_crawler_kill_plr_1_0
soundalias,#vox_crawler_kill_plr_1_1
soundalias,#vox_crawler_kill_plr_1_2
soundalias,#vox_crawler_kill_plr_1_3
soundalias,#vox_bop3_exert_rad_dmg
soundalias,#vox_plasma_detonation_react_plr_3_0
soundalias,#zmb_blocker_door_purchase
soundalias,#fly_step_sprint_tiger_snow
soundalias,#wpn_shotgun_dryfire_plr
soundalias,#fly_step_walk_tiger_sand
soundalias,#mpl_seeker_mine_warn
soundalias,#prj_brass_impact_gren_case_dirt
soundalias,#fly_melee_imp_chakram_riot
soundalias,#vox_plasma_react_plr_2_0
soundalias,#zmb_trap_acid_loop_npc
soundalias,#veh_raps_mini_spawn
soundalias,#veh_raps_explode_lfe
soundalias,#fly_step_run_tiger_concrete
soundalias,#hash_2223d392dee3aa3e
soundalias,#hash_222a3f35bd679e8c
soundalias,#wpn_viper_melee_extend_npc
soundalias,#hash_22381717002ffa5b
soundalias,#prj_brass_impact_wraith_glassbulletproof
soundalias,#hash_223ae521b31be6c3
soundalias,#fly_step_prone_tiger_sand
soundalias,#hash_223c3071ea10c2cb
soundalias,#vox_plr_1_outro_igc_1_1
soundalias,#hash_224e1c16bb6396c0
soundalias,#hash_2251bd5cecd3ebdb
soundalias,#fly_step_run_zdog_glassbulletproof
soundalias,#pfx_blood_drip_oneshot
soundalias,#fly_melee_imp_hammer
soundalias,#hash_226d03f09a99b0d7
soundalias,#hash_226da01373c24627
soundalias,#vox_scepter_active_plr_4_4
soundalias,#vox_scepter_active_plr_4_1
soundalias,#vox_scepter_active_plr_4_0
soundalias,#vox_scepter_active_plr_4_3
soundalias,#vox_scepter_active_plr_4_2
soundalias,#hash_2283de655e711908
soundalias,#hash_228d379ca7c13b55
soundalias,#vox_revive_self_plr_2_2
soundalias,#vox_revive_self_plr_2_0
soundalias,#vox_revive_self_plr_2_1
soundalias,#vox_serket_spile_pickup_plr_1_0
soundalias,#hash_22abe268673e616a
soundalias,#vox_bof1_exert_rad_end
soundalias,#prj_brass_impact_wraith_mud
soundalias,#hash_22e4054b05c95b88
soundalias,#hash_22e45f12bb95d04e
soundalias,#vox_hammer_level_3_plr_2_2
soundalias,#vox_hammer_level_3_plr_2_1
soundalias,#vox_hammer_level_3_plr_2_0
soundalias,#hash_22f0275e647e01e8
soundalias,#vox_kill_melee_plr_2_9
soundalias,#vox_kill_melee_plr_2_8
soundalias,#vox_kill_melee_plr_2_5
soundalias,#vox_kill_melee_plr_2_4
soundalias,#vox_kill_melee_plr_2_7
soundalias,#vox_kill_melee_plr_2_6
soundalias,#vox_kill_melee_plr_2_1
soundalias,#vox_kill_melee_plr_2_0
soundalias,#vox_kill_melee_plr_2_3
soundalias,#vox_kill_melee_plr_2_2
soundalias,#wpn_chakram_first_raise_lvl3_npc
soundalias,#hash_22fb6c165aac9059
soundalias,#zmb_crafting_pickup_generic
soundalias,#hash_23093e268f7abbb3
soundalias,#vox_fire_trail_active_plr_4_0
soundalias,#vox_scepter_kill_plr_3_4
soundalias,#vox_scepter_kill_plr_3_0
soundalias,#vox_scepter_kill_plr_3_1
soundalias,#vox_scepter_kill_plr_3_2
soundalias,#vox_scepter_kill_plr_3_3
soundalias,#fly_generic_down_med_plr
soundalias,#hash_23404428f33dad19
soundalias,#fly_step_prone_zdog_wood
soundalias,#hash_234629299dd9e17c
soundalias,#fly_step_walk_tiger_snow
soundalias,#vox_crowd_positive_great_plr_1_4
soundalias,#vox_crowd_positive_great_plr_1_2
soundalias,#vox_crowd_positive_great_plr_1_3
soundalias,#vox_crowd_positive_great_plr_1_0
soundalias,#vox_crowd_positive_great_plr_1_1
soundalias,#zmb_vocals_zombie_death
soundalias,#hash_23893ac78665b127
soundalias,#prj_brass_impact_wraith_metalcatwalk
soundalias,#hash_23a8e8f61c4fc32c
soundalias,#fly_step_sprint_zdog_glass
soundalias,#vox_ammo_buy_plr_4_1
soundalias,#vox_ammo_buy_plr_4_0
soundalias,#vox_ammo_buy_plr_4_2
soundalias,#fly_uw_move_reload_deep
soundalias,#hash_23b8d9a07e7b5724
soundalias,#vox_bop5_exert_burn_dmg
soundalias,#vox_tedd_exert_sniper_gasp
soundalias,#wpn_optic_zoom_out
soundalias,#hash_23e7483164955a17
soundalias,#vox_generic_responses_negative_plr_3_5
soundalias,#vox_generic_responses_negative_plr_3_4
soundalias,#vox_generic_responses_negative_plr_3_7
soundalias,#vox_generic_responses_negative_plr_3_6
soundalias,#vox_generic_responses_negative_plr_3_1
soundalias,#vox_generic_responses_negative_plr_3_0
soundalias,#vox_generic_responses_negative_plr_3_3
soundalias,#vox_generic_responses_negative_plr_3_2
soundalias,#vox_generic_responses_negative_plr_3_9
soundalias,#vox_generic_responses_negative_plr_3_8
soundalias,#zmb_traps_blade_start
soundalias,#fly_step_crouch_run_zdog_paintedmetal
soundalias,#vox_box_arnie_plr_1_0
soundalias,#vox_box_arnie_plr_1_1
soundalias,#vox_box_arnie_plr_1_2
soundalias,#vox_box_arnie_plr_1_3
soundalias,#vox_box_arnie_plr_1_4
soundalias,#hash_24067f2a91e41d3d
soundalias,#hash_2418e0c07da336c7
soundalias,#vox_bop1_exert_self_heal
soundalias,#hash_2426faf5a7318736
soundalias,#wpn_generic_dryfire_plr
soundalias,#hash_242d04592ac9c01b
soundalias,#prj_brass_impact_shell_metalhollow
soundalias,#vox_5_banter_brun_dieg_plr_3_1
soundalias,#hash_2452403ff6a1c545
soundalias,#hash_24654c19f66a10b9
soundalias,#fly_step_sprint_tiger_glassbulletproof
soundalias,#prj_brass_impact_small_mud
soundalias,#fly_melee_imp_chakram_npc_metalcar
soundalias,#hash_248ae7b0dedee64d
soundalias,#fly_mag_empty_sweet
soundalias,#zmb_banner_rope_cut
soundalias,#vox_bop4_exert_concuss
soundalias,#fly_melee_imp_hammer_flesh
soundalias,#vox_plr_3_exert_underwater_emerge_gasp
soundalias,#prj_brass_impact_wraith_dirt
soundalias,#vox_bop2_exert_gas_cough
soundalias,#fly_step_crouch_walk_zdog_flesh
soundalias,#hash_24c4fb008d048a53
soundalias,#hash_24c84b4dd959785a
soundalias,#prj_brass_impact_shell_glasscar
soundalias,#prj_brass_impact_shell_mud
soundalias,#fly_step_crouch_walk_zdog_default
soundalias,#fly_step_prone_zdog_metalhollow
soundalias,#hash_24eefd2f2e76d686
soundalias,#fly_step_crouch_walk_tiger_bodyarmor
soundalias,#hash_24f0e20f1a72f19e
soundalias,#zmb_vocals_zombie_teardown
soundalias,#fly_step_sprint_tiger_paintedmetal
soundalias,#fly_melee_imp_scepter_flesh
soundalias,#hash_2517e2d2141fc128
soundalias,#prj_brass_impact_shell_water
soundalias,#fly_step_crouch_walk_tiger_gravel
soundalias,#vox_barrier_rebuild_plr_2_3
soundalias,#vox_barrier_rebuild_plr_2_2
soundalias,#vox_barrier_rebuild_plr_2_1
soundalias,#vox_barrier_rebuild_plr_2_0
soundalias,#vox_barrier_rebuild_plr_2_4
soundalias,#vox_viper_level_3_plr_1_0
soundalias,#vox_viper_level_3_plr_1_1
soundalias,#vox_viper_level_3_plr_1_2
soundalias,#fly_step_run_tiger_rubber
soundalias,#vox_bop1_exert_underwater_emerge_breath
soundalias,#fly_melee_imp_galva_npc_metal
soundalias,#vox_destroyer_react_first_plr_2_0
soundalias,#wpn_hammer_bolt_explo_swt
soundalias,#vox_plr_4_exert_stabbed
soundalias,#fly_step_prone_tiger_metalhollow
soundalias,#vox_bop4_exert_death
soundalias,#vox_blade_trap_active_plr_1_4
soundalias,#vox_blade_trap_active_plr_1_0
soundalias,#vox_blade_trap_active_plr_1_1
soundalias,#vox_blade_trap_active_plr_1_2
soundalias,#vox_blade_trap_active_plr_1_3
soundalias,#vox_plr_3_exert_explo_dead
soundalias,#dst_server_glass
soundalias,#hash_25a4a858781a2285
soundalias,#hash_25a90d70bb2a2e57
soundalias,#hash_25afe488e04ae938
soundalias,#hash_25b57891043eeb47
soundalias,#fly_step_run_zdog_bark
soundalias,#fly_step_sprint_tiger_flesh
soundalias,#hash_25d9e2929f1b7eb0
soundalias,#vox_crowd_positive_immac_plr_1_2
soundalias,#vox_crowd_positive_immac_plr_1_3
soundalias,#vox_crowd_positive_immac_plr_1_0
soundalias,#vox_crowd_positive_immac_plr_1_1
soundalias,#vox_crowd_positive_immac_plr_1_4
soundalias,#vox_bop4_exert_sniper_exhale
soundalias,#vox_plr_3_exert_blind
soundalias,#hash_25eb2ecb06922b3e
soundalias,#vox_bop5_exert_rad_start
soundalias,#vox_revive_support_scar_plr_4_4
soundalias,#vox_revive_support_scar_plr_4_1
soundalias,#vox_revive_support_scar_plr_4_0
soundalias,#vox_revive_support_scar_plr_4_3
soundalias,#vox_revive_support_scar_plr_4_2
soundalias,#pfx_torch_sm_lp
soundalias,#fly_step_sprint_zdog_cloth
soundalias,#fly_step_prone_tiger_watershallow
soundalias,#vox_dieg_kill_headshot_plr_1_2
soundalias,#vox_dieg_kill_headshot_plr_1_3
soundalias,#vox_dieg_kill_headshot_plr_1_0
soundalias,#vox_dieg_kill_headshot_plr_1_1
soundalias,#vox_m_quest_collect_skull_plr_1_0
soundalias,#vox_scepter_level_3_plr_2_1
soundalias,#vox_scepter_level_3_plr_2_0
soundalias,#vox_scepter_level_3_plr_2_2
soundalias,#vox_box_move_plr_1_2
soundalias,#vox_box_move_plr_1_3
soundalias,#vox_box_move_plr_1_0
soundalias,#vox_box_move_plr_1_1
soundalias,#vox_rough_statue_pickup_plr_3_0
soundalias,#fly_step_sprint_tiger_wood
soundalias,#hash_267141228ad71cb4
soundalias,#fly_step_run_tiger_dirt
soundalias,#vox_body_pit_react_plr_1_0
soundalias,#vox_gib_zombie_plr_1_0
soundalias,#vox_gib_zombie_plr_1_1
soundalias,#vox_gib_zombie_plr_1_2
soundalias,#vox_gib_zombie_plr_1_3
soundalias,#vox_gib_zombie_plr_1_4
soundalias,#fly_step_walk_tiger_water
soundalias,#amb_danu_otherspace_lp
soundalias,#zmb_banner_rope_drop
soundalias,#hash_26a1845fa03cc84b
soundalias,#vox_bop2_exert_razor_wire
soundalias,#vox_box_wonder_plr_3_2
soundalias,#vox_box_wonder_plr_3_3
soundalias,#vox_box_wonder_plr_3_0
soundalias,#vox_box_wonder_plr_3_1
soundalias,#vox_box_wonder_plr_3_4
soundalias,#vox_plr_2_exert_death_fall
soundalias,#hash_26f3d971c8abc21a
soundalias,#hash_26f8717dbe9938fe
soundalias,#zmb_ee_item_drop
soundalias,#hash_27025156145f5ae8
soundalias,#hash_27025256145f5c9b
soundalias,#hash_27025356145f5e4e
soundalias,#prj_bullet_explode
soundalias,#hash_270c80055a8d296c
soundalias,#vox_zombie_tiger_react_first_plr_4_1
soundalias,#vox_zombie_tiger_react_first_plr_4_0
soundalias,#hash_27307cf6fa94ac1f
soundalias,#vox_3_banter_dieg_scar_plr_1_0
soundalias,#zmb_switch_flip_trap_reset
soundalias,#vox_blac_exert_mant_heavy
soundalias,#hash_2744e20c904dcaf0
soundalias,#wpn_rgun_flux_l_plr
soundalias,#hash_274dbd902f1fe451
soundalias,#prj_brass_impact_shell_dirt
soundalias,#vox_bop1_exert_gas_cough
soundalias,#fly_melee_imp_scepter_npc_plastic
soundalias,#hash_277d298cf39a2119
soundalias,#vox_tedd_exert_explo_dead
soundalias,#vox_box_launcher_plr_1_1
soundalias,#vox_box_launcher_plr_1_0
soundalias,#vox_box_launcher_plr_1_3
soundalias,#vox_box_launcher_plr_1_2
soundalias,#vox_box_launcher_plr_1_4
soundalias,#zmb_vocals_hellephant_projectile
soundalias,#vox_5_banter_dieg_shaw_plr_4_0
soundalias,#vox_crowd_negative_terrible_plr_4_4
soundalias,#vox_crowd_negative_terrible_plr_4_3
soundalias,#vox_crowd_negative_terrible_plr_4_2
soundalias,#vox_crowd_negative_terrible_plr_4_1
soundalias,#vox_crowd_negative_terrible_plr_4_0
soundalias,#hash_27c02185cabe2640
soundalias,#hash_27c1e5d7dbff24c1
soundalias,#prj_brass_impact_gren_case_metal
soundalias,#fly_step_walk_zdog_paper
soundalias,#fly_step_prone_tiger_rubber
soundalias,#hash_27f12e7284f453c6
soundalias,#zmb_death_nohead_blood
soundalias,#vox_m_quest_collect_charcoal_plr_1_0
soundalias,#vox_plasma_detonation_react_plr_2_0
soundalias,#hash_282d97c7a651af5a
soundalias,#hash_282da85efc98539e
soundalias,#hash_282daa5efc985704
soundalias,#hash_282dab5efc9858b7
soundalias,#hash_282dac5efc985a6a
soundalias,#hash_282dad5efc985c1d
soundalias,#vox_marauder_react_first_plr_3_1
soundalias,#vox_marauder_react_first_plr_3_0
soundalias,#vox_plr_4_exert_breath_hurt
soundalias,#wpn_chakram_melee_fx_npc
soundalias,#mus_towers_roundend_3_intro
soundalias,#hash_2851b65c33ed27e7
soundalias,#prj_brass_impact_shell_metalthin
soundalias,#hash_28762a5a9e4b571f
soundalias,#hash_288a6befcfe526f3
soundalias,#hash_2897f50604cc0c50
soundalias,#hash_2897f70604cc0fb6
soundalias,#hash_2897f80604cc1169
soundalias,#hash_28be0d4b328c7bf0
soundalias,#hash_28c75fd4ab4e4b54
soundalias,#vox_4_banter_scar_shaw_plr_4_1
soundalias,#hash_28d19706c882d8c3
soundalias,#prj_brass_impact_large_sand
soundalias,#hash_28eb4447b04ba6cb
soundalias,#vox_crawler_kill_plr_2_3
soundalias,#vox_crawler_kill_plr_2_2
soundalias,#vox_crawler_kill_plr_2_1
soundalias,#vox_crawler_kill_plr_2_0
soundalias,#vox_crawler_kill_plr_2_4
soundalias,#fly_step_crouch_run_tiger_grass
soundalias,#vox_imp_jar_pickup_plr_1_1
soundalias,#vox_bop2_exert_death_fall
soundalias,#hash_291018d20bb10fb2
soundalias,#hash_291e372a8e4dbf1d
soundalias,#zmb_tiger_spawn
soundalias,#vox_m_quest_basket_nag_plr_4_2
soundalias,#vox_m_quest_basket_nag_plr_4_0
soundalias,#vox_m_quest_basket_nag_plr_4_1
soundalias,#zmb_tiger_debris
soundalias,#fly_melee_imp_galva_riot
soundalias,#vox_plr_2_exert_self_heal
soundalias,#vox_bom2_exert_rad_end
soundalias,#vox_scar_kill_headshot_plr_4_1
soundalias,#vox_scar_kill_headshot_plr_4_0
soundalias,#vox_scar_kill_headshot_plr_4_3
soundalias,#vox_scar_kill_headshot_plr_4_2
soundalias,#vox_scar_kill_headshot_plr_4_4
soundalias,#hash_29a6a6f61dd21d77
soundalias,#fly_zombie_jumpland_soft
soundalias,#fly_generic_down_shrt_plr
soundalias,#prj_brass_impact_sniper_gravel
soundalias,#vox_danu_react_plr_4_0
soundalias,#fly_combat_knife_first_raise_npc
soundalias,#hash_29f2a9f49833dfaf
soundalias,#hash_2a02753bc05ff3de
soundalias,#fly_step_run_zdog_gravel
soundalias,#fly_step_sprint_zdog_carpet
soundalias,#hash_2a2a23a72475e869
soundalias,#hash_2a2e99f978ae1679
soundalias,#vox_plr_2_exert_blind
soundalias,#vox_hammer_level_3_plr_3_2
soundalias,#vox_hammer_level_3_plr_3_0
soundalias,#vox_hammer_level_3_plr_3_1
soundalias,#amb_crowd_oneshot_negative
soundalias,#vox_powerup_bonus_plr_4_4
soundalias,#vox_powerup_bonus_plr_4_0
soundalias,#vox_powerup_bonus_plr_4_1
soundalias,#vox_powerup_bonus_plr_4_2
soundalias,#vox_powerup_bonus_plr_4_3
soundalias,#hash_2a47bddc66844931
soundalias,#hash_2a47bedc66844ae4
soundalias,#hash_2a47bfdc66844c97
soundalias,#hash_2a47c0dc66844e4a
soundalias,#hash_2a4b30f5343f03da
soundalias,#fly_step_prone_zdog_paintedmetal
soundalias,#vox_revive_down_plr_3_4
soundalias,#vox_revive_down_plr_3_1
soundalias,#vox_revive_down_plr_3_0
soundalias,#vox_revive_down_plr_3_3
soundalias,#vox_revive_down_plr_3_2
soundalias,#hash_2a6e793295de605f
soundalias,#vox_m_quest_collect_dung_plr_4_0
soundalias,#prj_brass_impact_sniper_brick
soundalias,#vox_scepter_ready_plr_2_0
soundalias,#vox_scepter_ready_plr_2_1
soundalias,#vox_scepter_ready_plr_2_2
soundalias,#prj_brass_impact_small_flesh
soundalias,#zmb_ai_hellephant_bodyfall_00
soundalias,#zmb_ai_hellephant_bodyfall_01
soundalias,#vox_plr_3_exert_burn_dmg
soundalias,#zmb_vocals_marauder_death
soundalias,#fly_step_crouch_walk_tiger_concrete
soundalias,#prj_brass_impact_plr_gren_case_rubber
soundalias,#vox_box_lmg_plr_2_4
soundalias,#vox_box_lmg_plr_2_0
soundalias,#vox_box_lmg_plr_2_1
soundalias,#vox_box_lmg_plr_2_2
soundalias,#vox_box_lmg_plr_2_3
soundalias,#prj_brass_impact_large_metalthin
soundalias,#hash_2ada02a2455b702e
soundalias,#hash_2afffeb0e1e72ba2
soundalias,#hash_2b052fc95f9740ef
soundalias,#vox_purity_react_plr_3_0
soundalias,#fly_step_prone_zdog_metalcatprone
soundalias,#prj_brass_impact_wraith_flesh
soundalias,#vox_plr_3_exert_self_heal
soundalias,#vox_hammer_active_plr_1_4
soundalias,#vox_hammer_active_plr_1_2
soundalias,#vox_hammer_active_plr_1_3
soundalias,#vox_hammer_active_plr_1_0
soundalias,#vox_hammer_active_plr_1_1
soundalias,#vox_bop5_exert_rad_end
soundalias,#hash_2b2ce304596c11cd
soundalias,#vox_dragon_kill_plr_3_4
soundalias,#vox_dragon_kill_plr_3_3
soundalias,#vox_dragon_kill_plr_3_2
soundalias,#vox_dragon_kill_plr_3_1
soundalias,#vox_dragon_kill_plr_3_0
soundalias,#prj_brass_impact_large_brick
soundalias,#hash_2b4f03822bdc9869
soundalias,#prj_brass_impact_small_foliage
soundalias,#hash_2b5c72ef4441ab0b
soundalias,#hash_2b62a1e9f3c56b65
soundalias,#vox_bom3_exert_rad_dmg
soundalias,#fly_step_walk_tiger_paper
soundalias,#fly_step_crouch_walk_tiger_cushion
soundalias,#hash_2b9b9ae27f099922
soundalias,#mus_fire_sale
soundalias,#prj_brass_impact_shell_gravel
soundalias,#vox_box_smg_plr_2_4
soundalias,#vox_box_smg_plr_2_3
soundalias,#vox_box_smg_plr_2_2
soundalias,#vox_box_smg_plr_2_1
soundalias,#vox_box_smg_plr_2_0
soundalias,#fly_step_run_tiger_metalthin
soundalias,#hash_2be6ede02abf5cfc
soundalias,#hash_2bfff78ed4aefdbc
soundalias,#hash_2c0f3d30c86009c6
soundalias,#hash_2c13715283b79ce3
soundalias,#hash_2c13745283b7a1fc
soundalias,#hash_2c13765283b7a562
soundalias,#hash_2c13775283b7a715
soundalias,#hash_2c1a2b29f89d9c1e
soundalias,#fly_melee_lungealt_knife
soundalias,#vox_box_arnie_plr_2_4
soundalias,#vox_box_arnie_plr_2_3
soundalias,#vox_box_arnie_plr_2_2
soundalias,#vox_box_arnie_plr_2_1
soundalias,#vox_box_arnie_plr_2_0
soundalias,#hash_2c353a931f7b6186
soundalias,#hash_2c52ce4c42d0bfdd
soundalias,#fly_step_crouch_run_tiger_metalthin
soundalias,#vox_5_banter_brun_dieg_plr_2_0
soundalias,#vox_box_tactical_plr_2_4
soundalias,#vox_box_tactical_plr_2_1
soundalias,#vox_box_tactical_plr_2_0
soundalias,#vox_box_tactical_plr_2_3
soundalias,#vox_box_tactical_plr_2_2
soundalias,#vox_plr_3_exert_rad_end
soundalias,#zmb_bull_hit_ping
soundalias,#fly_step_crouch_walk_tiger_mud
soundalias,#prj_brass_impact_wraith_cloth
soundalias,#exp_transformer_flux_r
soundalias,#exp_transformer_flux_l
soundalias,#hash_2cb99908783105d8
soundalias,#wpn_ray_reload_battery_in
soundalias,#hash_2cd15cfb3f86952a
soundalias,#fly_step_sprint_zdog_ice
soundalias,#vox_bof1_exert_rad_dmg
soundalias,#fly_step_run_tiger_wood
soundalias,#zmb_traps_fire_grate_open
soundalias,#fly_melee_imp_scepter_rock
soundalias,#hash_2d3bee47dae176ec
soundalias,#vox_m_quest_key_pickup_plr_4_0
soundalias,#fly_step_walk_tiger_rubber
soundalias,#fly_step_crouch_walk_zdog_grass
soundalias,#vox_plr_3_exert_mant_heavy
soundalias,#prj_brass_impact_large_cushion
soundalias,#hash_2d87822f312b7e39
soundalias,#wpn_rgun_fire_act_plr
soundalias,#hash_2d8d2d1b95daa1ae
soundalias,#hash_2d8f8d79d800431f
soundalias,#dst_dest_reel2reel_01_dp_d0
soundalias,#dst_dest_reel2reel_01_dp_d1
soundalias,#dst_dest_reel2reel_01_dp_d2
soundalias,#fly_melee_imp_galva_cloth
soundalias,#vox_plr_2_exert_breath_hurt
soundalias,#vox_kill_melee_plr_3_4
soundalias,#vox_kill_melee_plr_3_5
soundalias,#vox_kill_melee_plr_3_6
soundalias,#vox_kill_melee_plr_3_7
soundalias,#vox_kill_melee_plr_3_0
soundalias,#vox_kill_melee_plr_3_1
soundalias,#vox_kill_melee_plr_3_2
soundalias,#vox_kill_melee_plr_3_3
soundalias,#vox_kill_melee_plr_3_8
soundalias,#vox_kill_melee_plr_3_9
soundalias,#vox_4_banter_brun_shaw_plr_4_0
soundalias,#vox_bop4_exert_sniper_hold
soundalias,#hash_2dc4a154cc8e0ffb
soundalias,#hash_2dcae1487f158766
soundalias,#vox_gib_zombie_plr_2_4
soundalias,#vox_gib_zombie_plr_2_3
soundalias,#vox_gib_zombie_plr_2_2
soundalias,#vox_gib_zombie_plr_2_1
soundalias,#vox_gib_zombie_plr_2_0
soundalias,#hash_2ddcd295a40a8458
soundalias,#hash_2ddfa665da39f449
soundalias,#hash_2dea0d17c0c69226
soundalias,#fly_step_crouch_run_zdog_bodyarmor
soundalias,#hash_2dfa3192317aab20
soundalias,#hash_2dfe7f7f7939c1a7
soundalias,#hash_2e01a9d7debf17d2
soundalias,#hash_2e08e4ff8f949d48
soundalias,#wpn_chakram_projectile_lp_swt
soundalias,#vox_plr_2_exert_rad_dmg
soundalias,#prj_brass_impact_wraith_rock
soundalias,#hash_2e38d5b9c9382a71
soundalias,#hash_2e3ad86fbbde47ec
soundalias,#prj_brass_impact_gren_case_cushion
soundalias,#fly_step_crouch_walk_tiger_fruit
soundalias,#vox_revive_support_shaw_plr_1_2
soundalias,#vox_revive_support_shaw_plr_1_3
soundalias,#vox_revive_support_shaw_plr_1_0
soundalias,#vox_revive_support_shaw_plr_1_1
soundalias,#vox_revive_support_shaw_plr_1_4
soundalias,#vox_elixir_drink_plr_1_1
soundalias,#vox_elixir_drink_plr_1_0
soundalias,#vox_elixir_drink_plr_1_3
soundalias,#vox_elixir_drink_plr_1_2
soundalias,#vox_elixir_drink_plr_1_5
soundalias,#vox_elixir_drink_plr_1_4
soundalias,#vox_elixir_drink_plr_1_7
soundalias,#vox_elixir_drink_plr_1_6
soundalias,#vox_elixir_drink_plr_1_9
soundalias,#vox_elixir_drink_plr_1_8
soundalias,#vox_scepter_level_3_plr_3_0
soundalias,#vox_scepter_level_3_plr_3_1
soundalias,#vox_scepter_level_3_plr_3_2
soundalias,#fly_melee_imp_galva_npc_metalcar
soundalias,#hash_2e8147d4c18ded0a
soundalias,#vox_zombie_tiger_kill_plr_4_4
soundalias,#vox_zombie_tiger_kill_plr_4_1
soundalias,#vox_zombie_tiger_kill_plr_4_0
soundalias,#vox_zombie_tiger_kill_plr_4_3
soundalias,#vox_zombie_tiger_kill_plr_4_2
soundalias,#exp_mp_propane_tank_explo
soundalias,#prj_brass_impact_large_plaster
soundalias,#fly_step_crouch_walk_tiger_water
soundalias,#wpn_hammer_jab_elec_plr
soundalias,#hash_2e96fdea97c99d58
soundalias,#prj_brass_impact_shell_paper
soundalias,#hash_2e99a36dce19a803
soundalias,#vox_generic_responses_negative_plr_2_8
soundalias,#vox_generic_responses_negative_plr_2_9
soundalias,#vox_generic_responses_negative_plr_2_4
soundalias,#vox_generic_responses_negative_plr_2_5
soundalias,#vox_generic_responses_negative_plr_2_6
soundalias,#vox_generic_responses_negative_plr_2_7
soundalias,#vox_generic_responses_negative_plr_2_0
soundalias,#vox_generic_responses_negative_plr_2_1
soundalias,#vox_generic_responses_negative_plr_2_2
soundalias,#vox_generic_responses_negative_plr_2_3
soundalias,#pfx_water_drip_oneshot
soundalias,#vox_plr_4_exert_punch_give
soundalias,#hash_2eba6046a67af2aa
soundalias,#prj_brass_impact_large_plastic
soundalias,#vox_brun_kill_streak_plr_4_3
soundalias,#vox_brun_kill_streak_plr_4_2
soundalias,#vox_brun_kill_streak_plr_4_1
soundalias,#vox_brun_kill_streak_plr_4_0
soundalias,#vox_brun_kill_streak_plr_4_4
soundalias,#hash_2ee2e728ad3b547e
soundalias,#vox_temple_react_plr_4_0
soundalias,#wpn_scepter_melee_impact
soundalias,#fly_step_run_tiger_snow
soundalias,#hash_2f093c9a79640514
soundalias,#dst_server_power
soundalias,#fly_step_crouch_run_zdog_default
soundalias,#vox_surrounded_oh_shit_plr_3_9
soundalias,#vox_surrounded_oh_shit_plr_3_8
soundalias,#vox_surrounded_oh_shit_plr_3_7
soundalias,#vox_surrounded_oh_shit_plr_3_6
soundalias,#vox_surrounded_oh_shit_plr_3_5
soundalias,#vox_surrounded_oh_shit_plr_3_4
soundalias,#vox_surrounded_oh_shit_plr_3_3
soundalias,#vox_surrounded_oh_shit_plr_3_2
soundalias,#vox_surrounded_oh_shit_plr_3_1
soundalias,#vox_surrounded_oh_shit_plr_3_0
soundalias,#hash_2f2a865618d967b7
soundalias,#hash_2f2a875618d9696a
soundalias,#hash_2f2a885618d96b1d
soundalias,#hash_2f32917a81f90ba0
soundalias,#vox_bof3_exert_rad_start
soundalias,#vox_plr_3_exert_rad_start
soundalias,#vox_blade_trap_active_plr_2_3
soundalias,#vox_blade_trap_active_plr_2_2
soundalias,#vox_blade_trap_active_plr_2_1
soundalias,#vox_blade_trap_active_plr_2_0
soundalias,#vox_blade_trap_active_plr_2_4
soundalias,#vox_m_quest_missile_warn_plr_4_0
soundalias,#hash_2f5b570f7b90ee62
soundalias,#wpn_rgun_loop
soundalias,#hash_2f6e446b6e46484b
soundalias,#zmb_ai_gladiator_step_walk
soundalias,#vox_marauder_react_first_plr_2_0
soundalias,#prj_brass_impact_small_gravel
soundalias,#hash_2f906af4529152ca
soundalias,#fly_step_crouch_run_zdog_gravel
soundalias,#vox_plr_2_exert_underwater_pain
soundalias,#fly_step_crouch_walk_zdog_fruit
soundalias,#fly_bowie_impact_npc
soundalias,#vox_plr_1_exert_electro
soundalias,#vox_plr_4_exert_burn_dmg
soundalias,#prj_brass_impact_gren_case_paper
soundalias,#fly_step_run_tiger_ice
soundalias,#fly_step_prone_zdog_snow
soundalias,#fly_step_prone_tiger_metalcar
soundalias,#vox_barrier_rebuild_plr_3_2
soundalias,#vox_barrier_rebuild_plr_3_3
soundalias,#vox_barrier_rebuild_plr_3_0
soundalias,#vox_barrier_rebuild_plr_3_1
soundalias,#vox_barrier_rebuild_plr_3_4
soundalias,#vox_viper_level_3_plr_2_2
soundalias,#vox_viper_level_3_plr_2_1
soundalias,#vox_viper_level_3_plr_2_0
soundalias,#vox_tedd_exert_burn_dead
soundalias,#fly_step_run_tiger_sand
soundalias,#wpn_scorpion_zombie_lp
soundalias,#zmb_tiger_loop_fire
soundalias,#zmb_hellhound_loop_breath
soundalias,#vox_powerup_ammo_plr_1_2
soundalias,#vox_powerup_ammo_plr_1_3
soundalias,#vox_powerup_ammo_plr_1_0
soundalias,#vox_powerup_ammo_plr_1_1
soundalias,#fly_step_crouch_run_zdog_dirt
soundalias,#zmb_death_gibss
soundalias,#zmb_vocals_tiger_ambient
soundalias,#fly_step_crouch_walk_tiger_glassbulletproof
soundalias,#vox_bop4_exert_gas_gag
soundalias,#prj_brass_impact_gren_case_cloth
soundalias,#fly_step_sprint_zdog_paper
soundalias,#hash_308d13eefe4215e6
soundalias,#prj_brass_impact_wraith_metalcar
soundalias,#wpn_viper_bite_impact
soundalias,#vox_bop5_exert_suppressed
soundalias,#fly_step_prone_zdog_glassbulletproof
soundalias,#fly_melee_lunge_knife
soundalias,#amb_water_drip
soundalias,#hash_30b990837c062495
soundalias,#hash_30c158da46215d2f
soundalias,#zmb_perks_packa_knuckle_0
soundalias,#zmb_perks_packa_knuckle_1
soundalias,#zmb_hellhound_loop_fire
soundalias,#veh_seeker_explode
soundalias,#vox_revive_down_plr_2_4
soundalias,#vox_revive_down_plr_2_0
soundalias,#vox_revive_down_plr_2_1
soundalias,#vox_revive_down_plr_2_2
soundalias,#vox_revive_down_plr_2_3
soundalias,#hash_30e00e9ec91a7461
soundalias,#fly_scorpion_idle_claw
soundalias,#evt_spare_change
soundalias,#vox_3_banter_brun_shaw_plr_2_1
soundalias,#vox_crawler_kill_plr_3_2
soundalias,#vox_crawler_kill_plr_3_3
soundalias,#vox_crawler_kill_plr_3_0
soundalias,#vox_crawler_kill_plr_3_1
soundalias,#vox_crawler_kill_plr_3_4
soundalias,#hash_31197a3f22374184
soundalias,#fly_step_walk_zdog_water
soundalias,#vox_imp_jar_pickup_plr_2_1
soundalias,#hash_312343edef77b727
soundalias,#hash_3126b098b980b5a3
soundalias,#vox_kill_explo_plr_1_4
soundalias,#vox_kill_explo_plr_1_0
soundalias,#vox_kill_explo_plr_1_1
soundalias,#vox_kill_explo_plr_1_2
soundalias,#vox_kill_explo_plr_1_3
soundalias,#vox_powerup_firesale_plr_3_4
soundalias,#vox_powerup_firesale_plr_3_3
soundalias,#vox_powerup_firesale_plr_3_2
soundalias,#vox_powerup_firesale_plr_3_1
soundalias,#vox_powerup_firesale_plr_3_0
soundalias,#hash_31322befc7dc33d3
soundalias,#vox_box_lmg_plr_1_3
soundalias,#vox_box_lmg_plr_1_2
soundalias,#vox_box_lmg_plr_1_1
soundalias,#vox_box_lmg_plr_1_0
soundalias,#hash_3150a609d055a88b
soundalias,#vox_plr_4_exert_self_heal
soundalias,#hash_315685483901984c
soundalias,#vox_attacked_zombie_plr_4_8
soundalias,#vox_attacked_zombie_plr_4_9
soundalias,#vox_attacked_zombie_plr_4_4
soundalias,#vox_attacked_zombie_plr_4_5
soundalias,#vox_attacked_zombie_plr_4_6
soundalias,#vox_attacked_zombie_plr_4_7
soundalias,#vox_attacked_zombie_plr_4_0
soundalias,#vox_attacked_zombie_plr_4_1
soundalias,#vox_attacked_zombie_plr_4_2
soundalias,#vox_attacked_zombie_plr_4_3
soundalias,#hash_3166ad457b358dfb
soundalias,#fly_step_crouch_run_tiger_sand
soundalias,#vox_box_wonder_plr_4_1
soundalias,#vox_box_wonder_plr_4_0
soundalias,#vox_box_wonder_plr_4_3
soundalias,#vox_box_wonder_plr_4_2
soundalias,#vox_box_wonder_plr_4_4
soundalias,#fly_step_run_zdog_flesh
soundalias,#prj_brass_impact_sniper_paintedmetal
soundalias,#vox_m_quest_danu_complete_plr_2_1
soundalias,#fly_step_walk_zdog_brick
soundalias,#vox_plr_3_outro_igc_5_5
soundalias,#fly_step_prone_tiger_bark
soundalias,#prj_brass_impact_shell_asphalt
soundalias,#vox_blac_exert_gas_gag
soundalias,#hash_31e3fd3c1feef6fd
soundalias,#hash_31e90a2e8f036327
soundalias,#hash_31f3b0479d450d5a
soundalias,#vox_box_ar_plr_1_4
soundalias,#vox_box_ar_plr_1_0
soundalias,#vox_box_ar_plr_1_1
soundalias,#vox_box_ar_plr_1_2
soundalias,#vox_box_ar_plr_1_3
soundalias,#vox_pickup_generic_plr_4_8
soundalias,#vox_pickup_generic_plr_4_9
soundalias,#vox_pickup_generic_plr_4_0
soundalias,#vox_pickup_generic_plr_4_1
soundalias,#vox_pickup_generic_plr_4_2
soundalias,#vox_pickup_generic_plr_4_3
soundalias,#vox_pickup_generic_plr_4_4
soundalias,#vox_pickup_generic_plr_4_5
soundalias,#vox_pickup_generic_plr_4_6
soundalias,#vox_pickup_generic_plr_4_7
soundalias,#vox_kill_streak_plr_1_4
soundalias,#vox_kill_streak_plr_1_5
soundalias,#vox_kill_streak_plr_1_6
soundalias,#vox_kill_streak_plr_1_7
soundalias,#vox_kill_streak_plr_1_0
soundalias,#vox_kill_streak_plr_1_1
soundalias,#vox_kill_streak_plr_1_2
soundalias,#vox_kill_streak_plr_1_3
soundalias,#vox_kill_streak_plr_1_8
soundalias,#vox_kill_streak_plr_1_9
soundalias,#fly_step_prone_tiger_cushion
soundalias,#hash_320aaabf441156a4
soundalias,#hash_3211a6f0acd9c8ed
soundalias,#zmb_switch_flip
soundalias,#fly_uw_move_reload
soundalias,#prj_brass_impact_large_flesh
soundalias,#vox_tedd_exert_death_veh_fly
soundalias,#fly_step_prone_zdog_metal
soundalias,#hash_32403acd6811484e
soundalias,#mpl_seeker_mine_arc
soundalias,#vox_bom3_exert_rad_end
soundalias,#vox_box_smg_plr_3_4
soundalias,#vox_box_smg_plr_3_2
soundalias,#vox_box_smg_plr_3_3
soundalias,#vox_box_smg_plr_3_0
soundalias,#vox_box_smg_plr_3_1
soundalias,#hash_325263666dea3050
soundalias,#vox_5_banter_dieg_shaw_plr_3_1
soundalias,#amb_chimes_lp
soundalias,#fly_step_sprint_zdog_metal
soundalias,#hash_3263089c1a9fe414
soundalias,#hash_32630b9c1a9fe92d
soundalias,#vox_plr_1_exert_bludgeoned
soundalias,#hash_3274d5a6da05a801
soundalias,#hash_327d27253aef928c
soundalias,#hash_327d29253aef95f2
soundalias,#hash_327d2a253aef97a5
soundalias,#vox_plr_1_exert_death_veh_hit
soundalias,#zmb_perks_packa_upgrade
soundalias,#hash_329003fa3cbc92be
soundalias,#vox_solo_end_round2_plr_3_0
soundalias,#vox_tedd_exert_punch_take
soundalias,#fly_zombie_ground_climbout
soundalias,#prj_brass_impact_shell_carpet
soundalias,#wpn_scepter_plant_lp
soundalias,#vox_scepter_ready_plr_1_2
soundalias,#vox_scepter_ready_plr_1_1
soundalias,#vox_scepter_ready_plr_1_0
soundalias,#hash_32bdd54c78f577b7
soundalias,#vox_plr_4_exert_underwater_air_low
soundalias,#vox_m_quest_spear_warn_plr_1_0
soundalias,#hash_32ce0d568f9543ff
soundalias,#vox_plasma_detonation_react_plr_1_0
soundalias,#zmb_fasttravel_teleport_end_plr
soundalias,#hash_32e2c6e9b7449114
soundalias,#mus_fire_sale_end
soundalias,#fly_step_walk_tiger_foliage
soundalias,#wpn_hammer_storm_activate
soundalias,#dst_spark_bounces
soundalias,#vox_dragon_kill_plr_2_4
soundalias,#vox_dragon_kill_plr_2_2
soundalias,#vox_dragon_kill_plr_2_3
soundalias,#vox_dragon_kill_plr_2_0
soundalias,#vox_dragon_kill_plr_2_1
soundalias,#vox_revive_shaw_plr_2_4
soundalias,#vox_revive_shaw_plr_2_1
soundalias,#vox_revive_shaw_plr_2_0
soundalias,#vox_revive_shaw_plr_2_3
soundalias,#vox_revive_shaw_plr_2_2
soundalias,#fly_step_crouch_walk_tiger_rubber
soundalias,#zmb_fasttravel_teleport_lp_plr
soundalias,#vox_m_quest_catacomb_enter_plr_4_0
soundalias,#fly_melee_imp_chakram_rock
soundalias,#zmb_fasttravel_teleport_start_npc
soundalias,#hash_338c802929e278d4
soundalias,#hash_339b376fb02738f5
soundalias,#hash_33b6a998603c309d
soundalias,#vox_bop2_exert_self_heal
soundalias,#hash_33c5e3222e38a6ff
soundalias,#hash_33d06d36505ab058
soundalias,#hash_33de302626950d78
soundalias,#wpn_homunculus_throw_plr
soundalias,#vox_dieg_kill_streak_plr_4_3
soundalias,#vox_dieg_kill_streak_plr_4_2
soundalias,#vox_dieg_kill_streak_plr_4_1
soundalias,#vox_dieg_kill_streak_plr_4_0
soundalias,#vox_dieg_kill_streak_plr_4_4
soundalias,#zmb_vocals_destroyer_death
soundalias,#fly_step_crouch_run_tiger_ceramic
soundalias,#vox_solo_end_round1_plr_1_0
soundalias,#zmb_trap_acid_loop_plr
soundalias,#hash_3422706f7d7bcc36
soundalias,#hash_3422726f7d7bcf9c
soundalias,#hash_3422736f7d7bd14f
soundalias,#hash_3422756f7d7bd4b5
soundalias,#hash_342716d459dce983
soundalias,#fly_step_walk_zdog_ice
soundalias,#hash_342a3db46674e67a
soundalias,#vox_bom2_exert_rad_dmg
soundalias,#vox_plr_3_exert_rad_dmg
soundalias,#vox_plr_2_exert_burn_dmg
soundalias,#vox_5_banter_brun_shaw_plr_2_1
soundalias,#veh_seeker_explode_mtl
soundalias,#fly_step_walk_zdog_metalcatwalk
soundalias,#fly_step_run_zdog_glasscar
soundalias,#fly_generic_raise_npc
soundalias,#vox_plr_1_exert_rad_start
soundalias,#hash_34e350f97f52856e
soundalias,#prj_brass_impact_large_concrete
soundalias,#hash_3501eab062d8e553
soundalias,#fly_step_walk_tiger_glass
soundalias,#vox_generic_responses_negative_plr_1_3
soundalias,#vox_generic_responses_negative_plr_1_2
soundalias,#vox_generic_responses_negative_plr_1_1
soundalias,#vox_generic_responses_negative_plr_1_0
soundalias,#vox_generic_responses_negative_plr_1_7
soundalias,#vox_generic_responses_negative_plr_1_6
soundalias,#vox_generic_responses_negative_plr_1_5
soundalias,#vox_generic_responses_negative_plr_1_4
soundalias,#vox_generic_responses_negative_plr_1_9
soundalias,#vox_generic_responses_negative_plr_1_8
soundalias,#hash_35413bdf3d48cfa7
soundalias,#zmb_hellhound_spawn
soundalias,#hash_3551c9daf9fc1732
soundalias,#wpn_ray_reload_close
soundalias,#vox_revive_self_plr_4_0
soundalias,#vox_revive_self_plr_4_1
soundalias,#vox_revive_self_plr_4_2
soundalias,#wpn_scorpion_fire_hold_plr
soundalias,#fly_step_walk_tiger_brick
soundalias,#fly_step_crouch_walk_zdog_mud
soundalias,#vox_bop5_exert_self_heal
soundalias,#zmb_ai_marauder_melee_attack
soundalias,#hash_35c03e3efe6d4487
soundalias,#vox_plr_4_exert_death_fall
soundalias,#hash_35d56c3cf35df021
soundalias,#vox_bop5_exert_rad_dmg
soundalias,#hash_35ed5a90807e6bfe
soundalias,#hash_35ef50bc7c10427e
soundalias,#prj_brass_impact_small_rock
soundalias,#vox_3_banter_brun_scar_plr_2_0
soundalias,#vox_scepter_kill_plr_1_2
soundalias,#vox_scepter_kill_plr_1_3
soundalias,#vox_scepter_kill_plr_1_0
soundalias,#vox_scepter_kill_plr_1_1
soundalias,#fly_step_sprint_zdog_tallgrass
soundalias,#vox_bop1_exert_concuss
soundalias,#vox_tedd_exert_death
soundalias,#vox_plr_1_exert_death_fall
soundalias,#hash_35fe77df40567d45
soundalias,#hash_36205d061add62d1
soundalias,#prj_brass_impact_small_plastic
soundalias,#fly_step_crouch_run_zdog_concrete
soundalias,#wpn_zhield_melee_impact
soundalias,#fly_wpn_handle_high
soundalias,#prj_brass_impact_small_plaster
soundalias,#vox_box_tactical_plr_3_4
soundalias,#vox_box_tactical_plr_3_0
soundalias,#vox_box_tactical_plr_3_1
soundalias,#vox_box_tactical_plr_3_2
soundalias,#vox_box_tactical_plr_3_3
soundalias,#hash_364c98e4ca3d5e9a
soundalias,#hash_364cd5cdbbc66749
soundalias,#hash_365525e6193d1f1e
soundalias,#zmb_hellhound_prespawn
soundalias,#vox_viper_level_3_plr_3_2
soundalias,#vox_viper_level_3_plr_3_0
soundalias,#vox_viper_level_3_plr_3_1
soundalias,#wpn_zhield_melee_impact_victim
soundalias,#fly_step_crouch_walk_zdog_cloth
soundalias,#hash_36740ef6a3261e07
soundalias,#vox_bop5_exert_underwater_emerge_gasp
soundalias,#vox_m_quest_danu_complete_prst_0
soundalias,#vox_plr_4_exert_blind
soundalias,#veh_raps_mini_idle_onload
soundalias,#vox_plr_2_exert_razor_wire
soundalias,#vox_blade_trap_active_plr_3_2
soundalias,#vox_blade_trap_active_plr_3_3
soundalias,#vox_blade_trap_active_plr_3_0
soundalias,#vox_blade_trap_active_plr_3_1
soundalias,#vox_blade_trap_active_plr_3_4
soundalias,#prj_brass_impact_large_bark
soundalias,#vox_box_arnie_plr_3_4
soundalias,#vox_box_arnie_plr_3_2
soundalias,#vox_box_arnie_plr_3_3
soundalias,#vox_box_arnie_plr_3_0
soundalias,#vox_box_arnie_plr_3_1
soundalias,#vox_bop5_exert_mant_light
soundalias,#fly_step_prone_tiger_dirt
soundalias,#zmb_trap_acid_sizzle_loop_plr
soundalias,#vox_plr_4_outro_igc_8_8
soundalias,#fly_melee_imp_hammer_zm_flesh
soundalias,#prj_brass_impact_sniper_metalcar
soundalias,#wpn_scepter_melee_impact_swt_plr
soundalias,#vox_bop5_exert_death_fall
soundalias,#fly_step_run_tiger_ceramic
soundalias,#hash_376422c69209cc37
soundalias,#hash_376423c69209cdea
soundalias,#hash_3765e25049981166
soundalias,#wpn_scepter_sheathe_plr
soundalias,#hash_37a03854d27a57d0
soundalias,#wpn_scepter_plant_kill
soundalias,#vox_marauder_react_first_plr_1_1
soundalias,#vox_marauder_react_first_plr_1_0
soundalias,#fly_zombie_mantle_fast
soundalias,#hash_37b2309d9c8e0ea5
soundalias,#hash_37b2bf0b37157bf5
soundalias,#vox_m_quest_odin_complete_prst_0
soundalias,#fly_step_prone_tiger_ceramic
soundalias,#fly_step_walk_zdog_cloth
soundalias,#fly_melee_imp_hammer_flesh_npc
soundalias,#vox_plr_2_exert_bludgeoned
soundalias,#fly_step_run_zdog_asphalt
soundalias,#fly_step_crouch_walk_tiger_paper
soundalias,#hash_37fe4a291c1768af
soundalias,#hash_37fe4b291c176a62
soundalias,#fly_step_walk_zdog_rock
soundalias,#vox_barrier_rebuild_plr_4_1
soundalias,#vox_barrier_rebuild_plr_4_0
soundalias,#vox_barrier_rebuild_plr_4_3
soundalias,#vox_barrier_rebuild_plr_4_2
soundalias,#vox_barrier_rebuild_plr_4_4
soundalias,#prj_brass_impact_small_fruit
soundalias,#hash_381306926fe6491f
soundalias,#prj_brass_impact_large_rubber
soundalias,#hash_382b409a835eba84
soundalias,#hash_38379721ee659f1e
soundalias,#hash_383913757051f87d
soundalias,#hash_383ddbe2167b3532
soundalias,#fly_step_sprint_zdog_snow
soundalias,#vox_bop1_exert_sniper_hold
soundalias,#vox_5_banter_scar_shaw_plr_4_1
soundalias,#vox_flame_hazard_react_plr_4_2
soundalias,#vox_flame_hazard_react_plr_4_0
soundalias,#vox_flame_hazard_react_plr_4_1
soundalias,#vox_kill_streak_plr_2_9
soundalias,#vox_kill_streak_plr_2_8
soundalias,#vox_kill_streak_plr_2_3
soundalias,#vox_kill_streak_plr_2_2
soundalias,#vox_kill_streak_plr_2_1
soundalias,#vox_kill_streak_plr_2_0
soundalias,#vox_kill_streak_plr_2_7
soundalias,#vox_kill_streak_plr_2_6
soundalias,#vox_kill_streak_plr_2_5
soundalias,#vox_kill_streak_plr_2_4
soundalias,#wpn_viper_melee_swing_double_plr
soundalias,#hash_3875fec910bd2928
soundalias,#vox_plr_2_exert_rad_end
soundalias,#vox_body_pit_react_plr_3_0
soundalias,#vox_gib_zombie_plr_3_4
soundalias,#vox_gib_zombie_plr_3_2
soundalias,#vox_gib_zombie_plr_3_3
soundalias,#vox_gib_zombie_plr_3_0
soundalias,#vox_gib_zombie_plr_3_1
soundalias,#vox_bop4_exert_death_fall
soundalias,#hash_3897a36236b75e0c
soundalias,#fly_step_sprint_tiger_grass
soundalias,#hash_38a5562984e4effd
soundalias,#fly_step_prone_zdog_cushion
soundalias,#hash_38aa6aff9a0395ed
soundalias,#hash_38bae751fa353d99
soundalias,#wpn_scepter_plant_stop
soundalias,#hash_38c39a7f0966480e
soundalias,#fly_step_run_zdog_water
soundalias,#fly_step_prone_zdog_glass
soundalias,#prj_brass_impact_wraith_water
soundalias,#fly_step_run_tiger_metal
soundalias,#vox_blac_exert_rad_start
soundalias,#fly_step_run_tiger_flesh
soundalias,#fly_step_crouch_run_zdog_cushion
soundalias,#fly_step_walk_zdog_sand
soundalias,#vox_revive_support_brun_plr_3_4
soundalias,#vox_revive_support_brun_plr_3_0
soundalias,#vox_revive_support_brun_plr_3_1
soundalias,#vox_revive_support_brun_plr_3_2
soundalias,#vox_revive_support_brun_plr_3_3
soundalias,#vox_tedd_exert_underwater_emerge_breath
soundalias,#vox_powerup_firesale_plr_2_4
soundalias,#vox_powerup_firesale_plr_2_2
soundalias,#vox_powerup_firesale_plr_2_3
soundalias,#vox_powerup_firesale_plr_2_0
soundalias,#vox_powerup_firesale_plr_2_1
soundalias,#fly_zombie_jumpland_hard_swt
soundalias,#fly_step_prone_zdog_paper
soundalias,#hash_397014717ca7373e
soundalias,#fly_scorpion_hiss
soundalias,#prj_brass_impact_plr_gren_case_ceramic
soundalias,#fly_step_sprint_tiger_mud
soundalias,#prj_brass_impact_wraith_snow
soundalias,#vox_box_launcher_plr_3_4
soundalias,#vox_box_launcher_plr_3_3
soundalias,#vox_box_launcher_plr_3_2
soundalias,#vox_box_launcher_plr_3_1
soundalias,#vox_box_launcher_plr_3_0
soundalias,#hash_39ac0584c78a756f
soundalias,#vox_m_quest_danu_complete_plr_3_1
soundalias,#fly_melee_imp_chakram_metalcar
soundalias,#wpn_viper_melee_impact_swt_plr
soundalias,#prj_brass_impact_sniper_mud
soundalias,#hash_39d3969548550824
soundalias,#hash_39d728b999c0f020
soundalias,#vox_surrounded_oh_shit_plr_2_6
soundalias,#vox_surrounded_oh_shit_plr_2_7
soundalias,#vox_surrounded_oh_shit_plr_2_4
soundalias,#vox_surrounded_oh_shit_plr_2_5
soundalias,#vox_surrounded_oh_shit_plr_2_2
soundalias,#vox_surrounded_oh_shit_plr_2_3
soundalias,#vox_surrounded_oh_shit_plr_2_0
soundalias,#vox_surrounded_oh_shit_plr_2_1
soundalias,#vox_surrounded_oh_shit_plr_2_8
soundalias,#vox_surrounded_oh_shit_plr_2_9
soundalias,#hash_39df1d561f7da04c
soundalias,#hash_39df1f561f7da3b2
soundalias,#hash_39df20561f7da565
soundalias,#wpn_hammer_slam_elec_npc
soundalias,#vox_solo_end_round2_plr_2_0
soundalias,#hash_39f17b728f579ac6
soundalias,#vox_bop4_exert_punch_give
soundalias,#zmb_vocals_hellhound_ambient_anim
soundalias,#hash_3a180f4c4f1a4d19
soundalias,#fly_step_run_tiger_glassbulletproof
soundalias,#vox_plr_1_exert_mant_light
soundalias,#hash_3a5be037b504d0f0
soundalias,#hash_3a68c26240abda9b
soundalias,#mus_underdark_underscore
soundalias,#hash_3a99f739009a77fa
soundalias,#hash_3a9a7ade1b1e0ee1
soundalias,#hash_3a9be38e256027c6
soundalias,#zmb_vocals_zombie_death_nohead
soundalias,#hash_3abe63d3d32acaa4
soundalias,#hash_3acbd44ea99fbd3e
soundalias,#zmb_perks_packa_deny
soundalias,#vox_plr_4_exert_death
soundalias,#prj_brass_impact_plr_gren_case_snow
soundalias,#vox_plr_1_exert_sniper_gasp
soundalias,#prj_brass_impact_gren_case_sand
soundalias,#vox_m_quest_wrath_kill_prst_0
soundalias,#vox_m_quest_wrath_kill_prst_1
soundalias,#vox_plr_1_exert_self_heal
soundalias,#hash_3b2996dd5aedfb50
soundalias,#fly_step_puddle_npc
soundalias,#vox_2_banter_scar_shaw_plr_1_1
soundalias,#wpn_viper_melee_impact_swt_victim
soundalias,#hash_3b3b9ee2743ecfd5
soundalias,#prj_brass_impact_plr_gren_case_glass
soundalias,#fly_melee_imp_scepter_plastic
soundalias,#fly_step_crouch_run_zdog_sand
soundalias,#dst_solar_flux_l
soundalias,#dst_solar_flux_r
soundalias,#hash_3b6983b084cfef53
soundalias,#vox_4_banter_dieg_scar_plr_3_1
soundalias,#fly_melee_imp_galva_rock
soundalias,#vox_revive_shaw_plr_3_4
soundalias,#vox_revive_shaw_plr_3_0
soundalias,#vox_revive_shaw_plr_3_1
soundalias,#vox_revive_shaw_plr_3_2
soundalias,#vox_revive_shaw_plr_3_3
soundalias,#zmb_ee_item_pickup
soundalias,#hash_3b86a435479f2bb5
soundalias,#hash_3b8710faca2e4111
soundalias,#vox_bop5_exert_sniper_exhale
soundalias,#vox_revive_down_plr_1_3
soundalias,#vox_revive_down_plr_1_2
soundalias,#vox_revive_down_plr_1_1
soundalias,#vox_revive_down_plr_1_0
soundalias,#vox_plr_2_exert_underwater_air_low
soundalias,#vox_plr_3_exert_electro
soundalias,#mpl_seeker_mine_lose
soundalias,#fly_step_walk_zdog_asphalt
soundalias,#fly_golden_knife_first_raise
soundalias,#veh_seeker_explode_lfe
soundalias,#zmb_blocker_debris_lp
soundalias,#vox_crawler_kill_plr_4_1
soundalias,#vox_crawler_kill_plr_4_0
soundalias,#vox_crawler_kill_plr_4_3
soundalias,#vox_crawler_kill_plr_4_2
soundalias,#vox_crawler_kill_plr_4_4
soundalias,#vox_imp_jar_pickup_plr_3_1
soundalias,#wpn_scepter_melee_plr
soundalias,#vox_blac_exert_pain
soundalias,#vox_kill_explo_plr_2_3
soundalias,#vox_kill_explo_plr_2_2
soundalias,#vox_kill_explo_plr_2_1
soundalias,#vox_kill_explo_plr_2_0
soundalias,#vox_kill_explo_plr_2_4
soundalias,#prj_brass_impact_large_ice
soundalias,#hash_3c11c5cb7fafbbb2
soundalias,#pfx_fire_sml_spear
soundalias,#hash_3c2c3e9442d79358
soundalias,#hash_3c2c7d1a0e6510eb
soundalias,#vox_revive_brun_plr_3_4
soundalias,#vox_revive_brun_plr_3_0
soundalias,#vox_revive_brun_plr_3_1
soundalias,#vox_revive_brun_plr_3_2
soundalias,#vox_revive_brun_plr_3_3
soundalias,#hash_3c388fe926f0388f
soundalias,#hash_3c4406fd93098acf
soundalias,#vox_plr_4_outro_igc_6_6
soundalias,#hash_3c61bf4e7b20bd38
soundalias,#veh_raps_explode
soundalias,#vox_plr_1_outro_igc_4_4
soundalias,#hash_3c7b9b222c1518b3
soundalias,#vox_1_banter_brun_shaw_plr_4_1
soundalias,#hash_3c7f7dd956e2317d
soundalias,#hash_3c8efffb52007668
soundalias,#vox_4_banter_dieg_shaw_plr_3_1
soundalias,#vox_m_quest_spear_warn_plr_2_0
soundalias,#vox_box_ar_plr_2_3
soundalias,#vox_box_ar_plr_2_2
soundalias,#vox_box_ar_plr_2_1
soundalias,#vox_box_ar_plr_2_0
soundalias,#vox_box_ar_plr_2_4
soundalias,#fly_melee_imp_scepter_metalcar
soundalias,#fly_step_crouch_walk_zdog_rock
soundalias,#wpn_viper_melee_swing_double_npc
soundalias,#wpn_chakram_projectile_lp
soundalias,#hash_3cda7b64c5e43336
soundalias,#hash_3ce6fa67371415f0
soundalias,#vox_box_pistol_plr_1_0
soundalias,#vox_box_pistol_plr_1_1
soundalias,#vox_box_pistol_plr_1_2
soundalias,#vox_box_pistol_plr_1_3
soundalias,#hash_3cee8f860c831f0b
soundalias,#fly_step_crouch_walk_zdog_bark
soundalias,#fly_step_crouch_walk_tiger_dirt
soundalias,#hash_3d11f9b0fe49fc34
soundalias,#hash_3d1a74aa3a1ce22f
soundalias,#vox_kill_melee_plr_1_2
soundalias,#vox_kill_melee_plr_1_3
soundalias,#vox_kill_melee_plr_1_0
soundalias,#vox_kill_melee_plr_1_1
soundalias,#vox_kill_melee_plr_1_6
soundalias,#vox_kill_melee_plr_1_7
soundalias,#vox_kill_melee_plr_1_4
soundalias,#vox_kill_melee_plr_1_5
soundalias,#vox_kill_melee_plr_1_8
soundalias,#vox_kill_melee_plr_1_9
soundalias,#fly_step_crouch_walk_tiger_flesh
soundalias,#vox_powerup_carpenter_plr_4_4
soundalias,#vox_powerup_carpenter_plr_4_1
soundalias,#vox_powerup_carpenter_plr_4_0
soundalias,#vox_powerup_carpenter_plr_4_3
soundalias,#vox_powerup_carpenter_plr_4_2
soundalias,#vox_magic_box_share_plr_4_3
soundalias,#vox_magic_box_share_plr_4_2
soundalias,#vox_magic_box_share_plr_4_1
soundalias,#vox_magic_box_share_plr_4_0
soundalias,#vox_magic_box_share_plr_4_4
soundalias,#vox_zeus_base_react_plr_1_0
soundalias,#prj_brass_impact_wraith_fruit
soundalias,#hash_3d661fe1a295c10c
soundalias,#vox_plr_2_exert_rad_start
soundalias,#hash_3d6c80289918e22c
soundalias,#vox_plr_3_exert_punch_take
soundalias,#hash_3d7066af9c9bf849
soundalias,#hash_3d7ba193a917b881
soundalias,#fly_step_crouch_walk_zdog_tallgrass
soundalias,#vox_plr_1_exert_underwater_emerge_gasp
soundalias,#fly_melee_imp_galva_plastic
soundalias,#fly_generic_ads_lower_plr
soundalias,#fly_step_sprint_tiger_watershallow
soundalias,#vox_plr_4_exert_gas_gag
soundalias,#hash_3dc40c9d94d68a08
soundalias,#hash_3dd3d455ab107a1e
soundalias,#hash_3dd532abff51574a
soundalias,#fly_step_sprint_tiger_ceramic
soundalias,#wpn_hammer_melee_impact_swt_victim
soundalias,#hash_3df5396258847d29
soundalias,#hash_3dfb10d0d33a5733
soundalias,#hash_3e024dd45fc88e38
soundalias,#fly_step_walk_zdog_ceramic
soundalias,#zmb_vocals_zombie_attack_melee
soundalias,#vox_blac_exert_underwater_air_low
soundalias,#hash_3e54901956e30c70
soundalias,#hash_3e62626113c18af9
soundalias,#vox_bop5_exert_punch_take
soundalias,#hash_3e85a13656fff3b4
soundalias,#hash_3ea4c30e74942c65
soundalias,#hash_3eab01eef538f70a
soundalias,#vox_dieg_kill_headshot_plr_4_4
soundalias,#vox_dieg_kill_headshot_plr_4_3
soundalias,#vox_dieg_kill_headshot_plr_4_2
soundalias,#vox_dieg_kill_headshot_plr_4_1
soundalias,#vox_dieg_kill_headshot_plr_4_0
soundalias,#vox_blade_trap_active_plr_4_1
soundalias,#vox_blade_trap_active_plr_4_0
soundalias,#vox_blade_trap_active_plr_4_3
soundalias,#vox_blade_trap_active_plr_4_2
soundalias,#vox_blade_trap_active_plr_4_4
soundalias,#mus_towers_ee_song_intro
soundalias,#vox_bop2_exert_death_veh_under
soundalias,#fly_step_run_zdog_cloth
soundalias,#vox_bop4_exert_burn_dead
soundalias,#vox_blightfather_weak_points_plr_1_0
soundalias,#vox_blightfather_weak_points_plr_1_1
soundalias,#vox_blightfather_weak_points_plr_1_2
soundalias,#vox_bop4_exert_sniper_gasp
soundalias,#fly_step_crouch_walk_tiger_metalhollow
soundalias,#vox_m_quest_water_resp_plr_4_0
soundalias,#wpn_hammer_bolt_explo
soundalias,#hash_3f2febc0250ace29
soundalias,#hash_3f359e0c90ea70ee
soundalias,#fly_step_sprint_zdog_gravel
soundalias,#zmb_vocals_marauder_melee
soundalias,#fly_step_crouch_run_tiger_metalcar
soundalias,#fly_step_crouch_run_tiger_bark
soundalias,#vox_m_quest_key_pickup_plr_2_0
soundalias,#fly_melee_imp_scepter_riot
soundalias,#hash_3f4d4c01f45d3fa6
soundalias,#fly_step_crouch_run_zdog_glassbulletproof
soundalias,#vox_tedd_exert_gas_gasp
soundalias,#vox_bop5_exert_gas_gag
soundalias,#vox_imp_jar_pickup_prst_0
soundalias,#wpn_zhield_melee_swing_npc
soundalias,#prj_bullet_impact_headshot_helmet_nodie
soundalias,#vox_m_quest_collect_skull_plr_4_0
soundalias,#fly_step_prone_tiger_plastic
soundalias,#zmb_vocals_zombie_mutate
soundalias,#zmb_altar_danu_palm_lp
soundalias,#hash_3fbf7f3763bd4e9a
soundalias,#vox_bop1_exert_razor_wire
soundalias,#fly_step_prone_tiger_plaster
soundalias,#prj_brass_impact_small_metalcatwalk
soundalias,#amb_water_drip_water
soundalias,#mpl_seekermine_charge
soundalias,#fly_step_sprint_zdog_concrete
soundalias,#hash_40317c908287dc4c
soundalias,#hash_403975f99dc44ca4
soundalias,#hash_403ba8c0b5d62e30
soundalias,#vox_plr_4_exert_underwater_emerge_breath
soundalias,#hash_405207468549341c
soundalias,#fly_step_walk_tiger_tallgrass
soundalias,#vox_chakram_kill_mult_plr_2_4
soundalias,#vox_chakram_kill_mult_plr_2_1
soundalias,#vox_chakram_kill_mult_plr_2_0
soundalias,#vox_chakram_kill_mult_plr_2_3
soundalias,#vox_chakram_kill_mult_plr_2_2
soundalias,#hash_4061dc3dc7f197ba
soundalias,#vox_scepter_level_3_plr_1_2
soundalias,#vox_scepter_level_3_plr_1_0
soundalias,#vox_scepter_level_3_plr_1_1
soundalias,#vox_box_move_plr_4_4
soundalias,#vox_box_move_plr_4_3
soundalias,#vox_box_move_plr_4_2
soundalias,#vox_box_move_plr_4_1
soundalias,#vox_box_move_plr_4_0
soundalias,#hash_4086389ce7de4a81
soundalias,#hash_4087e3a67a6dff59
soundalias,#hash_408c249d1188012a
soundalias,#hash_408d03c3618bff24
soundalias,#hash_409aacc54a1939d1
soundalias,#hash_40a407b04a55c30d
soundalias,#hash_40a6a28923cf0f3e
soundalias,#vox_3_banter_brun_scar_plr_1_1
soundalias,#vox_plr_1_exert_burn_dmg
soundalias,#vox_body_pit_react_plr_2_0
soundalias,#prj_brass_impact_sniper_sand
soundalias,#fly_melee_imp_chakram_npc_glass
soundalias,#vox_3_banter_dieg_shaw_plr_3_0
soundalias,#fly_step_sprint_tiger_metalhollow
soundalias,#wpn_scorpion_projectile_lp
soundalias,#vox_4_banter_brun_scar_plr_2_0
soundalias,#fly_step_crouch_run_tiger_carpet
soundalias,#hash_40e3c7e9bc9f68df
soundalias,#vox_plr_2_exert_pain
soundalias,#hash_40e8e3be1a559184
soundalias,#fly_generic_down_npc
soundalias,#hash_40f93f81c44b9e40
soundalias,#prj_brass_impact_plr_gren_case_wood
soundalias,#fly_zombie_jumpland_hard
soundalias,#fly_step_prone_zdog_plaster
soundalias,#fly_dog_step_run_default
soundalias,#hash_4129cf9133e09d53
soundalias,#vox_plr_1_exert_underwater_emerge_breath
soundalias,#fly_step_prone_zdog_plastic
soundalias,#vox_plr_3_exert_mant_light
soundalias,#vox_hammer_kill_plr_1_4
soundalias,#vox_hammer_kill_plr_1_0
soundalias,#vox_hammer_kill_plr_1_1
soundalias,#vox_hammer_kill_plr_1_2
soundalias,#vox_hammer_kill_plr_1_3
soundalias,#vox_elixir_drink_plr_3_8
soundalias,#vox_elixir_drink_plr_3_7
soundalias,#vox_elixir_drink_plr_3_6
soundalias,#vox_elixir_drink_plr_3_5
soundalias,#vox_elixir_drink_plr_3_4
soundalias,#vox_elixir_drink_plr_3_3
soundalias,#vox_elixir_drink_plr_3_2
soundalias,#vox_elixir_drink_plr_3_1
soundalias,#vox_elixir_drink_plr_3_0
soundalias,#hash_41517b15c6c56e59
soundalias,#hash_4170107034d51780
soundalias,#hash_4170127034d51ae6
soundalias,#hash_4170147034d51e4c
soundalias,#hash_4170167034d521b2
soundalias,#hash_41701c7034d52be4
soundalias,#vox_tedd_exert_rad_start
soundalias,#hash_419d268160428733
soundalias,#prj_brass_impact_wraith_grass
soundalias,#prj_brass_impact_large_ceramic
soundalias,#vox_crowd_positive_immac_plr_4_4
soundalias,#vox_crowd_positive_immac_plr_4_3
soundalias,#vox_crowd_positive_immac_plr_4_2
soundalias,#vox_crowd_positive_immac_plr_4_1
soundalias,#vox_crowd_positive_immac_plr_4_0
soundalias,#fly_step_sprint_zdog_foliage
soundalias,#fly_step_crouch_run_zdog_fruit
soundalias,#hash_41ebaeffdf80aaf3
soundalias,#hash_41fe70e9f247be41
soundalias,#fly_step_crouch_walk_tiger_metalcar
soundalias,#zmb_crafting_success
soundalias,#prj_brass_impact_shell_paintedmetal
soundalias,#hash_4225d335943d9218
soundalias,#hash_4225d435943d93cb
soundalias,#hash_4225d535943d957e
soundalias,#hash_4225d635943d9731
soundalias,#prj_brass_impact_large_grass
soundalias,#mus_towers_roundstart_1_intro
soundalias,#hash_4242c92643cc6775
soundalias,#fly_step_prone_zdog_default
soundalias,#hash_426de22f48634976
soundalias,#fly_step_walk_tiger_dirt
soundalias,#vox_box_feed_elixir_plr_1_0
soundalias,#hash_42973b1b67b5ce01
soundalias,#hash_42a0e2c70dd50b92
soundalias,#vox_bop3_exert_death_veh_hit
soundalias,#amb_crowd_underground_lp
soundalias,#vox_bop5_exert_sniper_gasp
soundalias,#vox_blac_exert_gas_gasp
soundalias,#vox_plr_3_outro_igc_7_7
soundalias,#hash_42ed420b739dad61
soundalias,#vox_2_banter_brun_shaw_plr_2_0
soundalias,#hash_42efef53d17e020f
soundalias,#zmb_traps_fire_lp_ug
soundalias,#fly_step_sprint_zdog_bark
soundalias,#wpn_assault_dryfire_plr
soundalias,#hash_43052a90488ebe28
soundalias,#zmb_tiger_spirit
soundalias,#vox_plr_4_exert_punch_take
soundalias,#amb_blood_splatter
soundalias,#vox_imp_jar_pickup_plr_4_1
soundalias,#fly_step_crouch_walk_tiger_paintedmetal
soundalias,#vox_kill_streak_plr_3_2
soundalias,#vox_kill_streak_plr_3_3
soundalias,#vox_kill_streak_plr_3_0
soundalias,#vox_kill_streak_plr_3_1
soundalias,#vox_kill_streak_plr_3_6
soundalias,#vox_kill_streak_plr_3_7
soundalias,#vox_kill_streak_plr_3_4
soundalias,#vox_kill_streak_plr_3_5
soundalias,#vox_kill_streak_plr_3_8
soundalias,#vox_kill_streak_plr_3_9
soundalias,#hash_4332e54b12b06564
soundalias,#hash_433549ddd805d9bd
soundalias,#fly_melee_imp_hammer_glass
soundalias,#vox_m_quest_armor_nag_plr_1_0
soundalias,#vox_m_quest_armor_nag_plr_1_1
soundalias,#vox_m_quest_armor_nag_plr_1_2
soundalias,#hash_4359cbda82766edc
soundalias,#prj_brass_impact_wraith_paintedmetal
soundalias,#wpn_scepter_melee_impact_victim
soundalias,#hash_435f89a9399a5d04
soundalias,#dst_hydrant_end_loop
soundalias,#hash_436b0d8120fe7c7c
soundalias,#hash_436b0f8120fe7fe2
soundalias,#fly_step_sprint_tiger_rock
soundalias,#vox_blac_exert_suppressed
soundalias,#fly_step_sprint_zdog_plastic
soundalias,#vox_box_launcher_plr_2_4
soundalias,#vox_box_launcher_plr_2_2
soundalias,#vox_box_launcher_plr_2_3
soundalias,#vox_box_launcher_plr_2_0
soundalias,#vox_box_launcher_plr_2_1
soundalias,#fly_step_sprint_zdog_plaster
soundalias,#hash_438712b1015244ef
soundalias,#dst_gas_canister_open
soundalias,#exp_nitrogen_tank_lfe
soundalias,#vox_decay_react_plr_4_0
soundalias,#hash_43afa67fdd3d5468
soundalias,#fly_step_tiger_chain
soundalias,#vox_bop2_exert_electro
soundalias,#hash_43cfbbee98fb0071
soundalias,#vox_3_banter_brun_shaw_plr_4_0
soundalias,#hash_43e4430be08d8525
soundalias,#vox_m_quest_spear_warn_plr_3_0
soundalias,#vox_kill_explo_plr_3_2
soundalias,#vox_kill_explo_plr_3_3
soundalias,#vox_kill_explo_plr_3_0
soundalias,#vox_kill_explo_plr_3_1
soundalias,#vox_kill_explo_plr_3_4
soundalias,#hash_4408c5d6997e0630
soundalias,#hash_44163603295b2408
soundalias,#vox_bop3_exert_burn_dead
soundalias,#fly_step_crouch_run_zdog_ice
soundalias,#vox_tedd_exert_concuss
soundalias,#fly_step_walk_zdog_snow
soundalias,#vox_box_pistol_plr_2_4
soundalias,#vox_box_pistol_plr_2_3
soundalias,#vox_box_pistol_plr_2_2
soundalias,#vox_box_pistol_plr_2_1
soundalias,#vox_box_pistol_plr_2_0
soundalias,#vox_tedd_exert_death_veh_hit
soundalias,#hash_44400c488e1e8a8d
soundalias,#fly_step_sprint_zdog_rock
soundalias,#hash_4450c12a6a4528df
soundalias,#vox_powerup_bonus_plr_1_1
soundalias,#vox_powerup_bonus_plr_1_0
soundalias,#vox_powerup_bonus_plr_1_3
soundalias,#vox_powerup_bonus_plr_1_2
soundalias,#vox_powerup_bonus_plr_1_4
soundalias,#prj_brass_impact_small_metalhollow
soundalias,#fly_step_crouch_walk_zdog_brick
soundalias,#hash_44848af090dbba51
soundalias,#hash_4487a8cfa9a5a5da
soundalias,#hash_4489363f604b439c
soundalias,#vox_bop2_exert_explo_dead
soundalias,#fly_step_crouch_run_tiger_brick
soundalias,#fly_step_walk_tiger_mud
soundalias,#hash_44b523ea01ed044b
soundalias,#hash_44b705b5bfbbb4dc
soundalias,#hash_44c65adb3b6f2576
soundalias,#wpn_dragon_close_decay
soundalias,#vox_box_ar_plr_3_2
soundalias,#vox_box_ar_plr_3_3
soundalias,#vox_box_ar_plr_3_0
soundalias,#vox_box_ar_plr_3_1
soundalias,#vox_box_ar_plr_3_4
soundalias,#vox_blac_exert_underwater_pain
soundalias,#hash_44d51c9753d17a7a
soundalias,#prj_brass_impact_small_glasscar
soundalias,#vox_plr_3_exert_suppressed
soundalias,#vox_tedd_exert_blind
soundalias,#fly_step_walk_tiger_rock
soundalias,#fly_step_walk_tiger_default
soundalias,#hash_44fb419c0ec4f639
soundalias,#wpn_hammer_melee_impact_plr
soundalias,#vox_bop4_exert_electro
soundalias,#hash_45110e3b69c3282e
soundalias,#hash_451155be4f9a7eaa
soundalias,#prj_brass_impact_large_metal
soundalias,#hash_4528b21da2a5d3a2
soundalias,#hash_4529dc902a07ad08
soundalias,#fly_step_walk_zdog_default
soundalias,#fly_melee_imp_galva_npc_glass
soundalias,#hash_4550e7d46389a2e6
soundalias,#wpn_hammer_melee_elec_plr
soundalias,#hash_456af38afaef9d77
soundalias,#hash_456af98afaefa7a9
soundalias,#hash_458647ea6251e886
soundalias,#vox_dieg_surrounded_oh_shit_plr_4_2
soundalias,#vox_dieg_surrounded_oh_shit_plr_4_3
soundalias,#vox_dieg_surrounded_oh_shit_plr_4_0
soundalias,#vox_dieg_surrounded_oh_shit_plr_4_1
soundalias,#vox_dieg_surrounded_oh_shit_plr_4_4
soundalias,#hash_458f9052ae9b894d
soundalias,#hash_4594ba289d92f77a
soundalias,#prj_brass_impact_wraith_paper
soundalias,#hash_45979019387072dc
soundalias,#fly_step_sprint_zdog_water
soundalias,#hash_45a859394a1f455f
soundalias,#fly_step_walk_tiger_metal
soundalias,#hash_45a87a32ed98445a
soundalias,#vox_danu_react_plr_1_0
soundalias,#zmb_ai_gladiator_axe_swing_quick
soundalias,#vox_m_quest_key_pickup_plr_3_0
soundalias,#vox_dieg_kill_streak_plr_2_1
soundalias,#vox_dieg_kill_streak_plr_2_0
soundalias,#vox_dieg_kill_streak_plr_2_3
soundalias,#vox_dieg_kill_streak_plr_2_2
soundalias,#vox_dieg_kill_streak_plr_2_4
soundalias,#vox_bop5_exert_punch_give
soundalias,#prj_brass_impact_shell_ice
soundalias,#vox_plr_3_exert_pain
soundalias,#hash_460d9ef989001338
soundalias,#hash_460de5f71e0dbd2a
soundalias,#hash_46233f5f75541000
soundalias,#hash_462556cbd2d38d08
soundalias,#hash_4626935765df7206
soundalias,#fly_equipment_raise
soundalias,#vox_plr_4_exert_death_veh_fly
soundalias,#zmb_ai_gladiator_movement
soundalias,#zmb_challenges_complete
soundalias,#fly_zombie_mantle_slow
soundalias,#hash_4675381c0e587228
soundalias,#vox_pickup_rocketshield_plr_4_0
soundalias,#vox_pickup_rocketshield_plr_4_1
soundalias,#vox_pickup_rocketshield_plr_4_2
soundalias,#prj_brass_impact_wraith_default
soundalias,#hash_46aec984fab973b8
soundalias,#hash_46b907a255ad6ced
soundalias,#vox_chakram_kill_mult_plr_3_4
soundalias,#vox_chakram_kill_mult_plr_3_0
soundalias,#vox_chakram_kill_mult_plr_3_1
soundalias,#vox_chakram_kill_mult_plr_3_2
soundalias,#vox_chakram_kill_mult_plr_3_3
soundalias,#vox_plr_1_exert_breath_hurt
soundalias,#hash_46ddcfa7b8081e89
soundalias,#prj_brass_impact_wraith_ice
soundalias,#amb_crowd_lp_01
soundalias,#amb_crowd_lp_00
soundalias,#vox_plr_1_exert_punch_take
soundalias,#hash_46ffb5d9f0cc93bf
soundalias,#prj_brass_impact_shell_grass
soundalias,#hash_4717c666d8a921e2
soundalias,#hash_47250229cff17aad
soundalias,#fly_step_crouch_walk_tiger_carpet
soundalias,#hash_473e265e57e397c8
soundalias,#wpn_rifle_dryfire_npc
soundalias,#vox_bop3_exert_rad_start
soundalias,#hash_474b903ff2cabb10
soundalias,#vox_brun_kill_streak_plr_3_0
soundalias,#vox_brun_kill_streak_plr_3_1
soundalias,#vox_brun_kill_streak_plr_3_2
soundalias,#vox_brun_kill_streak_plr_3_3
soundalias,#vox_brun_kill_streak_plr_3_4
soundalias,#vox_blac_exert_gas_cough
soundalias,#hash_47582f1f5f7e4779
soundalias,#hash_47695f9b76b93253
soundalias,#hash_4769619b76b935b9
soundalias,#hash_4769639b76b9391f
soundalias,#hash_4769659b76b93c85
soundalias,#hash_4769699b76b94351
soundalias,#vox_bop4_exert_pain
soundalias,#prj_brass_impact_plr_gren_case_gravel
soundalias,#wpn_hammer_first_raise_lvl3_plr
soundalias,#dst_garbage_bag
soundalias,#fly_step_crouch_run_zdog_glasscar
soundalias,#hash_47aca0d306a8ffdc
soundalias,#hash_47b1d1906537993a
soundalias,#hash_47bf4f2d76cd6951
soundalias,#vox_elixir_drink_plr_2_6
soundalias,#vox_elixir_drink_plr_2_7
soundalias,#vox_elixir_drink_plr_2_4
soundalias,#vox_elixir_drink_plr_2_5
soundalias,#vox_elixir_drink_plr_2_2
soundalias,#vox_elixir_drink_plr_2_3
soundalias,#vox_elixir_drink_plr_2_0
soundalias,#vox_elixir_drink_plr_2_1
soundalias,#vox_elixir_drink_plr_2_8
soundalias,#vox_elixir_drink_plr_2_9
soundalias,#vox_plr_3_exert_underwater_pain
soundalias,#vox_plr_1_exert_pain
soundalias,#hash_47f9503151af5e71
soundalias,#hash_4804b558e2b0d8f4
soundalias,#hash_480e1f7a5e8631cb
soundalias,#vox_zeus_base_react_plr_2_0
soundalias,#vox_marauder_react_plr_4_4
soundalias,#vox_marauder_react_plr_4_1
soundalias,#vox_marauder_react_plr_4_0
soundalias,#vox_marauder_react_plr_4_3
soundalias,#vox_marauder_react_plr_4_2
soundalias,#hash_48186f85393ff6a1
soundalias,#hash_481bb2830d09d01f
soundalias,#hash_481d86c03825cd82
soundalias,#hash_4829b94921595ecc
soundalias,#hash_4832047b1941ace1
soundalias,#hash_4846ca43e548ee63
soundalias,#hash_48477035102bb86f
soundalias,#fly_step_prone_zdog_carpet
soundalias,#vox_box_tactical_plr_1_2
soundalias,#vox_box_tactical_plr_1_3
soundalias,#vox_box_tactical_plr_1_0
soundalias,#vox_box_tactical_plr_1_1
soundalias,#fly_step_run_zdog_metalcar
soundalias,#amb_crowd_oneshot_positive
soundalias,#hash_4857eadf6e394309
soundalias,#vox_tedd_exert_pain
soundalias,#prj_brass_impact_gren_case_mud
soundalias,#fly_step_crouch_run_zdog_watershallow
soundalias,#hash_488e51364172acd9
soundalias,#prj_brass_impact_small_ice
soundalias,#vox_plr_4_exert_sniper_hold
soundalias,#fly_step_walk_zdog_watershallow
soundalias,#vox_hammer_kill_plr_2_3
soundalias,#vox_hammer_kill_plr_2_2
soundalias,#vox_hammer_kill_plr_2_1
soundalias,#vox_hammer_kill_plr_2_0
soundalias,#vox_hammer_kill_plr_2_4
soundalias,#fly_step_prone_zdog_metalthin
soundalias,#fly_step_walk_zdog_glassbulletproof
soundalias,#prj_brass_impact_gren_case_bark
soundalias,#fly_step_walk_zdog_metal
soundalias,#wpn_zhield_fire_npc
soundalias,#fly_step_run_tiger_gravel
soundalias,#wpn_hammer_melee_plr
soundalias,#fly_step_run_tiger_bodyarmor
soundalias,#hash_48fba595fbad5271
soundalias,#hash_49029a95cb048e3b
soundalias,#hash_490ee8818bb2ea64
soundalias,#amb_fire_sml
soundalias,#prj_brass_impact_large_asphalt
soundalias,#vox_tedd_exert_stabbed
soundalias,#hash_4947f04b2d92c698
soundalias,#vox_generic_responses_positive_plr_4_8
soundalias,#vox_generic_responses_positive_plr_4_9
soundalias,#vox_generic_responses_positive_plr_4_2
soundalias,#vox_generic_responses_positive_plr_4_3
soundalias,#vox_generic_responses_positive_plr_4_0
soundalias,#vox_generic_responses_positive_plr_4_1
soundalias,#vox_generic_responses_positive_plr_4_6
soundalias,#vox_generic_responses_positive_plr_4_7
soundalias,#vox_generic_responses_positive_plr_4_4
soundalias,#vox_generic_responses_positive_plr_4_5
soundalias,#zmb_ai_gladiator_spawn_mar
soundalias,#vox_hammer_level_2_plr_4_0
soundalias,#vox_hammer_level_2_plr_4_1
soundalias,#vox_hammer_level_2_plr_4_2
soundalias,#vox_1_banter_scar_shaw_plr_4_1
soundalias,#hash_497fe8b43d4bbcf7
soundalias,#prj_brass_impact_shell_metalcatwalk
soundalias,#hash_498d9db47f00d663
soundalias,#hash_4995d012e2df3193
soundalias,#fly_melee_imp_galva_metalcar
soundalias,#hash_49a3a654dce00cba
soundalias,#hash_49a7a1d40cf917e8
soundalias,#hash_49a99f39007f7039
soundalias,#vox_blightfather_weak_points_plr_2_2
soundalias,#vox_blightfather_weak_points_plr_2_1
soundalias,#vox_blightfather_weak_points_plr_2_0
soundalias,#hash_49c3da536100a9c8
soundalias,#hash_49c63b1bf78af2bc
soundalias,#hash_49c65e9234b3bdf0
soundalias,#vox_attacked_zombie_plr_1_1
soundalias,#vox_attacked_zombie_plr_1_0
soundalias,#vox_attacked_zombie_plr_1_3
soundalias,#vox_attacked_zombie_plr_1_2
soundalias,#vox_attacked_zombie_plr_1_5
soundalias,#vox_attacked_zombie_plr_1_4
soundalias,#vox_attacked_zombie_plr_1_7
soundalias,#vox_attacked_zombie_plr_1_6
soundalias,#fly_step_crouch_walk_zdog_asphalt
soundalias,#vox_plr_4_exert_explo_dead
soundalias,#fly_step_crouch_walk_zdog_watershallow
soundalias,#fly_step_prone_zdog_flesh
soundalias,#hash_49fb781467abd24c
soundalias,#fly_step_crouch_run_tiger_gravel
soundalias,#fly_step_prone_tiger_glassbulletproof
soundalias,#hash_4a35af42af4de3fa
soundalias,#zmb_vocals_hellhound_ambient_loud
soundalias,#prj_brass_impact_sniper_watershallow
soundalias,#vox_revive_support_brun_plr_1_2
soundalias,#vox_revive_support_brun_plr_1_3
soundalias,#vox_revive_support_brun_plr_1_0
soundalias,#vox_revive_support_brun_plr_1_1
soundalias,#vox_revive_support_brun_plr_1_4
soundalias,#vox_plr_3_exert_underwater_emerge_breath
soundalias,#vox_tedd_exert_suppressed
soundalias,#fly_step_sprint_zdog_bodyarmor
soundalias,#hash_4a75dfd44b715890
soundalias,#wpn_scepter_melee_impact_swt_victim
soundalias,#prj_brass_impact_small_sand
soundalias,#vox_m_quest_armor_nag_plr_2_2
soundalias,#vox_m_quest_armor_nag_plr_2_1
soundalias,#vox_m_quest_armor_nag_plr_2_0
soundalias,#dst_pipe_water
soundalias,#fly_melee_imp_hammer_riot
soundalias,#vox_box_sniper_plr_4_4
soundalias,#vox_box_sniper_plr_4_1
soundalias,#vox_box_sniper_plr_4_0
soundalias,#vox_box_sniper_plr_4_3
soundalias,#vox_box_sniper_plr_4_2
soundalias,#fly_step_run_zdog_dirt
soundalias,#hash_4aca0608bf4fa64e
soundalias,#hash_4ad6201a8477162e
soundalias,#vox_m_quest_danu_complete_plr_1_1
soundalias,#hash_4ae316b00b8ec0a0
soundalias,#hash_4af81ddd4ad3f4d1
soundalias,#hash_4b0b0c6354b28654
soundalias,#vox_solo_end_round2_plr_4_0
soundalias,#vox_bop5_exert_death_veh_fly
soundalias,#hash_4b358bd3931ede8e
soundalias,#fly_step_walk_tiger_cushion
soundalias,#fly_melee_imp_chakram
soundalias,#vox_kill_streak_plr_4_9
soundalias,#vox_kill_streak_plr_4_8
soundalias,#vox_kill_streak_plr_4_1
soundalias,#vox_kill_streak_plr_4_0
soundalias,#vox_kill_streak_plr_4_3
soundalias,#vox_kill_streak_plr_4_2
soundalias,#vox_kill_streak_plr_4_5
soundalias,#vox_kill_streak_plr_4_4
soundalias,#vox_kill_streak_plr_4_7
soundalias,#vox_kill_streak_plr_4_6
soundalias,#vox_kill_explo_plr_4_1
soundalias,#vox_kill_explo_plr_4_0
soundalias,#vox_kill_explo_plr_4_3
soundalias,#vox_kill_explo_plr_4_2
soundalias,#vox_kill_explo_plr_4_4
soundalias,#hash_4b624dad2a08a6cd
soundalias,#fly_step_prone_zdog_watershallow
soundalias,#fly_step_crouch_walk_zdog_sand
soundalias,#prj_brass_impact_gren_case_wood
soundalias,#hash_4b8f5da922f38e16
soundalias,#hash_4b91523166c19292
soundalias,#hash_4bc05f42a04dcfd8
soundalias,#zmb_vocals_tiger_bite
soundalias,#hash_4bc2bad985ecbd3f
soundalias,#vox_plr_3_exert_sniper_exhale
soundalias,#vox_blac_exert_death_veh
soundalias,#vox_m_quest_fury_start_plr_3_0
soundalias,#zmb_blocker_debris_purchase
soundalias,#hash_4bee60b68c12edf1
soundalias,#prj_brass_impact_gren_case_default
soundalias,#hash_4c00064d849209ae
soundalias,#prj_brass_impact_shell_rock
soundalias,#vox_box_ar_plr_4_1
soundalias,#vox_box_ar_plr_4_0
soundalias,#vox_box_ar_plr_4_3
soundalias,#vox_box_ar_plr_4_2
soundalias,#vox_box_ar_plr_4_4
soundalias,#vox_plr_4_exert_mant_light
soundalias,#hash_4c33dd6270ac189a
soundalias,#zmb_death_gibs
soundalias,#hash_4c42133fc91d1373
soundalias,#hash_4c436c7624408266
soundalias,#exp_nitrogen_flux_r
soundalias,#exp_nitrogen_flux_l
soundalias,#prj_brass_impact_shell_bark
soundalias,#prj_brass_impact_sniper_ceramic
soundalias,#hash_4c73701cb213ceed
soundalias,#fly_step_run_zdog_fruit
soundalias,#zmb_traps_fire_grate_close_ug
soundalias,#vox_solo_end_round1_plr_4_0
soundalias,#hash_4ca3d2aaa573f1c8
soundalias,#vox_bom1_exert_rad_start
soundalias,#vox_4_banter_dieg_scar_plr_1_0
soundalias,#prj_brass_impact_sniper_cloth
soundalias,#hash_4ccddcb7cba5b2d2
soundalias,#zmb_challenges_energy_lp
soundalias,#hash_4ce0d89fd6f88682
soundalias,#hash_4cf18ee358ca7385
soundalias,#zmb_ai_hellephant_death_stinger
soundalias,#prj_brass_impact_small_glass
soundalias,#fly_step_sprint_tiger_metalcatwalk
soundalias,#fly_step_crouch_run_tiger_tallgrass
soundalias,#dst_solar_panel_lrg
soundalias,#vox_decay_gas_react_plr_4_0
soundalias,#vox_plr_3_exert_gas_gag
soundalias,#dst_solar_panel_lfe
soundalias,#vox_bop3_exert_underwater_emerge_breath
soundalias,#vox_revive_shaw_plr_1_2
soundalias,#vox_revive_shaw_plr_1_3
soundalias,#vox_revive_shaw_plr_1_0
soundalias,#vox_revive_shaw_plr_1_1
soundalias,#vox_revive_shaw_plr_1_4
soundalias,#hash_4d8c59e8434e13c0
soundalias,#hash_4d8d4582477aca1b
soundalias,#vox_plr_4_exert_sniper_gasp
soundalias,#vox_special_round_start_prst_3
soundalias,#vox_special_round_start_prst_2
soundalias,#vox_special_round_start_prst_1
soundalias,#vox_special_round_start_prst_0
soundalias,#vox_special_round_start_prst_7
soundalias,#vox_special_round_start_prst_6
soundalias,#vox_special_round_start_prst_5
soundalias,#vox_special_round_start_prst_4
soundalias,#vox_special_round_start_prst_9
soundalias,#vox_special_round_start_prst_8
soundalias,#hash_4d972c4ea58ca9eb
soundalias,#vox_1_banter_brun_shaw_plr_2_0
soundalias,#hash_4da9224eb4bedf88
soundalias,#vox_kill_revenge_plr_4_9
soundalias,#vox_kill_revenge_plr_4_8
soundalias,#vox_kill_revenge_plr_4_5
soundalias,#vox_kill_revenge_plr_4_4
soundalias,#vox_kill_revenge_plr_4_7
soundalias,#vox_kill_revenge_plr_4_6
soundalias,#vox_kill_revenge_plr_4_1
soundalias,#vox_kill_revenge_plr_4_0
soundalias,#vox_kill_revenge_plr_4_3
soundalias,#vox_kill_revenge_plr_4_2
soundalias,#hash_4dba6b9ac80d1ec1
soundalias,#prj_bullet_impact_headshot_helmet_nodie_2d
soundalias,#fly_generic_ads_plr
soundalias,#vox_scepter_active_plr_1_0
soundalias,#vox_scepter_active_plr_1_1
soundalias,#vox_scepter_active_plr_1_2
soundalias,#vox_scepter_active_plr_1_3
soundalias,#vox_scepter_active_plr_1_4
soundalias,#hash_4dd7e4d5320a2bc3
soundalias,#wpn_scorpion_fire_plr_lfe
soundalias,#prj_brass_impact_small_paper
soundalias,#vox_odin_floor_react_plr_1_0
soundalias,#vox_bop4_exert_underwater_emerge_gasp
soundalias,#fly_step_run_zdog_cushion
soundalias,#hash_4e2811c0bd19be20
soundalias,#hash_4e2d16bd4ae0c8d1
soundalias,#amb_desolate_wind_oneshot
soundalias,#fly_step_run_zdog_ceramic
soundalias,#hash_4e3faff4782826e4
soundalias,#hash_4e3fb1f478282a4a
soundalias,#hash_4e3fb2f478282bfd
soundalias,#prj_brass_impact_plr_gren_case_paper
soundalias,#wpn_viper_melee_retract_double_npc
soundalias,#vox_scepter_kill_plr_4_4
soundalias,#vox_scepter_kill_plr_4_3
soundalias,#vox_scepter_kill_plr_4_2
soundalias,#vox_scepter_kill_plr_4_1
soundalias,#vox_scepter_kill_plr_4_0
soundalias,#vox_magic_box_share_plr_2_1
soundalias,#vox_magic_box_share_plr_2_0
soundalias,#vox_magic_box_share_plr_2_3
soundalias,#vox_magic_box_share_plr_2_2
soundalias,#vox_magic_box_share_plr_2_4
soundalias,#vox_tedd_exert_breath_hurt
soundalias,#fly_step_prone_tiger_glasscar
soundalias,#vox_bop3_exert_punch_take
soundalias,#hash_4e8552d4b9f67a9c
soundalias,#hash_4e8553d4b9f67c4f
soundalias,#hash_4e8555d4b9f67fb5
soundalias,#hash_4e8805c7d4d809c1
soundalias,#prj_brass_impact_sniper_bark
soundalias,#vox_bop1_exert_blind
soundalias,#hash_4ea920651bd8c380
soundalias,#vox_plr_1_exert_underwater_pain
soundalias,#fly_melee_imp_scepter_npc_rock
soundalias,#dst_propane_tank_explo
soundalias,#hash_4ee4ffe12c6dc572
soundalias,#fly_melee_imp_chakram_flesh
soundalias,#vox_box_pistol_plr_3_4
soundalias,#vox_box_pistol_plr_3_2
soundalias,#vox_box_pistol_plr_3_3
soundalias,#vox_box_pistol_plr_3_0
soundalias,#vox_box_pistol_plr_3_1
soundalias,#vox_scar_surrounded_oh_shit_plr_4_4
soundalias,#vox_scar_surrounded_oh_shit_plr_4_0
soundalias,#vox_scar_surrounded_oh_shit_plr_4_1
soundalias,#vox_scar_surrounded_oh_shit_plr_4_2
soundalias,#vox_scar_surrounded_oh_shit_plr_4_3
soundalias,#vox_zombie_tiger_react_plr_1_4
soundalias,#vox_zombie_tiger_react_plr_1_1
soundalias,#vox_zombie_tiger_react_plr_1_0
soundalias,#vox_zombie_tiger_react_plr_1_3
soundalias,#vox_zombie_tiger_react_plr_1_2
soundalias,#vox_ammo_buy_plr_1_0
soundalias,#vox_ammo_buy_plr_1_1
soundalias,#vox_ammo_buy_plr_1_2
soundalias,#hash_4f0f4227675f62d0
soundalias,#hash_4f0f4327675f6483
soundalias,#hash_4f0f4527675f67e9
soundalias,#vox_revive_brun_plr_1_2
soundalias,#vox_revive_brun_plr_1_3
soundalias,#vox_revive_brun_plr_1_0
soundalias,#vox_revive_brun_plr_1_1
soundalias,#vox_revive_brun_plr_1_4
soundalias,#vox_arena_react_plr_4_0
soundalias,#hash_4f15b954359cc303
soundalias,#vox_plr_4_exert_suppressed
soundalias,#hash_4f378ff1bae02961
soundalias,#prj_brass_impact_small_asphalt
soundalias,#vox_blac_exert_underwater_emerge_breath
soundalias,#hash_4f460155233a9eac
soundalias,#hash_4f5ccce6dcf7da95
soundalias,#vox_zeus_base_react_plr_3_0
soundalias,#vox_tedd_exert_mant_light
soundalias,#fly_step_prone_tiger_glass
soundalias,#vox_plr_1_exert_underwater_air_low
soundalias,#hash_4f78bd85d9a43e3c
soundalias,#zmb_traps_fire_lp_close
soundalias,#prj_brass_impact_small_cloth
soundalias,#dst_pipe_steam
soundalias,#hash_4f92e435baec573d
soundalias,#wpn_chakram_melee_plr
soundalias,#vox_perk_generic_plr_1_5
soundalias,#vox_perk_generic_plr_1_4
soundalias,#vox_perk_generic_plr_1_7
soundalias,#vox_perk_generic_plr_1_6
soundalias,#vox_perk_generic_plr_1_1
soundalias,#vox_perk_generic_plr_1_0
soundalias,#vox_perk_generic_plr_1_3
soundalias,#vox_perk_generic_plr_1_2
soundalias,#vox_perk_generic_plr_1_9
soundalias,#vox_perk_generic_plr_1_8
soundalias,#hash_4fa11f98ec24cf9c
soundalias,#fly_melee_imp_scepter_npc_glass
soundalias,#vox_revive_dieg_plr_2_4
soundalias,#vox_revive_dieg_plr_2_1
soundalias,#vox_revive_dieg_plr_2_0
soundalias,#vox_revive_dieg_plr_2_3
soundalias,#vox_revive_dieg_plr_2_2
soundalias,#hash_4ffd8ac85d3a7cbb
soundalias,#wpn_scorpion_projectile_charged_sizzle
soundalias,#hash_50061cd46a2ee7f5
soundalias,#vox_destroy_rocketshield_plr_4_0
soundalias,#vox_destroy_rocketshield_plr_4_1
soundalias,#fly_step_crouch_walk_zdog_bodyarmor
soundalias,#fly_step_run_zdog_ice
soundalias,#prj_brass_impact_plr_gren_case_brick
soundalias,#fly_step_sprint_tiger_bodyarmor
soundalias,#hash_502a0297a359206a
soundalias,#hash_50373780e60052ca
soundalias,#vox_plr_2_exert_sniper_gasp
soundalias,#hash_5049cf28a4380629
soundalias,#fly_step_crouch_run_tiger_paintedmetal
soundalias,#fly_melee_imp_hammer_npc_metal
soundalias,#hash_5069ed8fdae493ce
soundalias,#zmb_electrocute_zombie_swt
soundalias,#fly_step_run_zdog_default
soundalias,#fly_step_crouch_run_tiger_snow
soundalias,#hash_5078928529ea5434
soundalias,#fly_melee_imp_galva_npc_rock
soundalias,#hash_5089792a12f9ab9f
soundalias,#fly_step_run_tiger_mud
soundalias,#hash_509756d0fbd7b460
soundalias,#hash_509abffc8a3afd07
soundalias,#zmb_ai_gladiator_step_sprint
soundalias,#zmb_tiger_explode_lfe
soundalias,#vox_plr_1_exert_punch_give
soundalias,#vox_chakram_active_plr_4_2
soundalias,#vox_chakram_active_plr_4_3
soundalias,#vox_chakram_active_plr_4_0
soundalias,#vox_chakram_active_plr_4_1
soundalias,#vox_chakram_active_plr_4_4
soundalias,#zmb_ai_gladiator_board_break
soundalias,#prj_brass_impact_plr_gren_case_default
soundalias,#vox_blightfather_weak_points_plr_3_2
soundalias,#vox_blightfather_weak_points_plr_3_0
soundalias,#vox_blightfather_weak_points_plr_3_1
soundalias,#wpn_viper_bite_activate_npc
soundalias,#vox_destroyer_kill_plr_1_4
soundalias,#vox_destroyer_kill_plr_1_1
soundalias,#vox_destroyer_kill_plr_1_0
soundalias,#vox_destroyer_kill_plr_1_3
soundalias,#vox_destroyer_kill_plr_1_2
soundalias,#hash_516083f9ceeab414
soundalias,#fly_step_walk_zdog_grass
soundalias,#vox_bop3_exert_sniper_gasp
soundalias,#hash_5178a45df9ddf60d
soundalias,#vox_generic_responses_positive_plr_3_1
soundalias,#vox_generic_responses_positive_plr_3_0
soundalias,#vox_generic_responses_positive_plr_3_3
soundalias,#vox_generic_responses_positive_plr_3_2
soundalias,#vox_generic_responses_positive_plr_3_5
soundalias,#vox_generic_responses_positive_plr_3_4
soundalias,#vox_generic_responses_positive_plr_3_7
soundalias,#vox_generic_responses_positive_plr_3_6
soundalias,#vox_generic_responses_positive_plr_3_9
soundalias,#vox_generic_responses_positive_plr_3_8
soundalias,#fly_step_sprint_zdog_glasscar
soundalias,#wpn_zhield_melee_swing_plr
soundalias,#prj_brass_impact_shell_concrete
soundalias,#hash_51cdcdfbc2179292
soundalias,#fly_melee_imp_chakram_npc_riot
soundalias,#vox_plr_1_exert_blind
soundalias,#vox_bof2_exert_rad_dmg
soundalias,#hash_51de8795c89de25a
soundalias,#vox_solo_game_start_plr_2_0
soundalias,#vox_plr_3_exert_punch_give
soundalias,#prj_brass_impact_plr_gren_case_grass
soundalias,#fly_melee_imp_hammer_metal
soundalias,#vox_plr_2_exert_gas_cough
soundalias,#hash_5200594266ea871a
soundalias,#vox_shaw_kill_headshot_plr_2_4
soundalias,#vox_shaw_kill_headshot_plr_2_1
soundalias,#vox_shaw_kill_headshot_plr_2_0
soundalias,#vox_shaw_kill_headshot_plr_2_3
soundalias,#vox_shaw_kill_headshot_plr_2_2
soundalias,#vox_bop1_exert_underwater_emerge_gasp
soundalias,#wpn_hammer_sheathe_npc
soundalias,#hash_5235f559d6c4b429
soundalias,#hash_52407300ef648e59
soundalias,#fly_step_sprint_tiger_rubber
soundalias,#fly_step_crouch_run_zdog_glass
soundalias,#hash_52503fde319886e9
soundalias,#hash_5265e42288d5b3fa
soundalias,#hash_5268eeef67075ad7
soundalias,#vox_hammer_kill_plr_3_2
soundalias,#vox_hammer_kill_plr_3_3
soundalias,#vox_hammer_kill_plr_3_0
soundalias,#vox_hammer_kill_plr_3_1
soundalias,#vox_hammer_kill_plr_3_4
soundalias,#vox_bom3_exert_rad_start
soundalias,#hash_527eea74ab1a923e
soundalias,#zmb_fasttravel_teleport_end_npc
soundalias,#vox_bop1_exert_burn_dmg
soundalias,#zmb_vocals_zombie_sprint
soundalias,#hash_52bb76830aaa9c37
soundalias,#prj_brass_impact_small_watershallow
soundalias,#vox_bop1_exert_gas_gasp
soundalias,#fly_zombie_hand
soundalias,#zmb_step_hellephant_sprint_default
soundalias,#fly_reload_wpn_grab
soundalias,#hash_530bca9955807e90
soundalias,#wpn_scorpion_fire_npc_lfe
soundalias,#vox_plr_4_exert_underwater_emerge_gasp
soundalias,#vox_m_quest_fury_start_plr_2_0
soundalias,#fly_step_crouch_run_tiger_cushion
soundalias,#vox_viper_dragon_ready_plr_4_0
soundalias,#vox_viper_dragon_ready_plr_4_1
soundalias,#vox_viper_dragon_ready_plr_4_2
soundalias,#prj_brass_impact_wraith_bark
soundalias,#wpn_hammer_electrocution_loop
soundalias,#wpn_rgun_exp_flux_r
soundalias,#wpn_rgun_exp_flux_l
soundalias,#vox_radiant_scream_react_plr_1_0
soundalias,#dst_server
soundalias,#hash_5390d89dc611da6c
soundalias,#hash_539eb529963d7db4
soundalias,#zmb_ai_hellephant_tusk_whoosh
soundalias,#hash_53c1ff06eff08f20
soundalias,#hash_53e5b376cd17b6d6
soundalias,#hash_53ea8207208023e0
soundalias,#hash_53ea8507208028f9
soundalias,#hash_53f8a70357ec0da8
soundalias,#hash_5400983d00a3ee1f
soundalias,#vox_plr_4_exert_pain
soundalias,#fly_step_prone_zdog_gravel
soundalias,#hash_541ebb4eb7c801c3
soundalias,#vox_4_banter_scar_shaw_plr_1_0
soundalias,#zmb_hellhound_explode
soundalias,#wpn_zhield_melee_ignite
soundalias,#fly_step_sprint_tiger_brick
soundalias,#fly_step_crouch_walk_tiger_cloth
soundalias,#wpn_zhield_melee_burn_lp
soundalias,#dst_pipe_steam_pop
soundalias,#fly_step_crouch_walk_zdog_metal
soundalias,#dst_garbage_bag_02
soundalias,#vox_m_quest_armor_nag_plr_3_2
soundalias,#vox_m_quest_armor_nag_plr_3_0
soundalias,#vox_m_quest_armor_nag_plr_3_1
soundalias,#zmb_challenges_energy_start
soundalias,#vox_plr_3_exert_death_fall
soundalias,#vox_bop4_exert_gas_cough
soundalias,#vox_plr_3_exert_concuss
soundalias,#hash_54aef6113c97c201
soundalias,#vox_box_shotgun_plr_1_4
soundalias,#vox_box_shotgun_plr_1_1
soundalias,#vox_box_shotgun_plr_1_0
soundalias,#vox_box_shotgun_plr_1_3
soundalias,#vox_box_shotgun_plr_1_2
soundalias,#prj_brass_impact_wraith_carpet
soundalias,#mus_towers_roundstart_3_intro
soundalias,#fly_step_crouch_run_zdog_cloth
soundalias,#hash_54f3a1ff24f1ea91
soundalias,#fly_step_crouch_run_tiger_wood
soundalias,#vox_revive_support_dieg_plr_2_4
soundalias,#vox_revive_support_dieg_plr_2_1
soundalias,#vox_revive_support_dieg_plr_2_0
soundalias,#vox_revive_support_dieg_plr_2_3
soundalias,#vox_revive_support_dieg_plr_2_2
soundalias,#fly_step_run_tiger_grass
soundalias,#fly_step_prone_tiger_paintedmetal
soundalias,#vox_scepter_active_plr_2_4
soundalias,#vox_scepter_active_plr_2_3
soundalias,#vox_scepter_active_plr_2_2
soundalias,#vox_scepter_active_plr_2_1
soundalias,#vox_scepter_active_plr_2_0
soundalias,#vox_bop4_exert_blind
soundalias,#wpn_viper_melee_extend_plr
soundalias,#vox_danu_react_plr_3_0
soundalias,#wpn_hammer_slam_plr
soundalias,#fly_step_run_zdog_paintedmetal
soundalias,#hash_553c8042d558151c
soundalias,#hash_5546339318faa223
soundalias,#vox_tedd_exert_punch_give
soundalias,#prj_brass_impact_gren_case_foliage
soundalias,#vox_box_feed_elixir_plr_3_0
soundalias,#vox_bop2_exert_rad_dmg
soundalias,#hash_5562515e8d18ca4c
soundalias,#wpn_chakram_first_raise_lvl3_plr
soundalias,#prj_brass_impact_shell_cloth
soundalias,#fly_step_run_tiger_asphalt
soundalias,#fly_step_prone_tiger_rock
soundalias,#zmb_vocals_tiger_roar
soundalias,#vox_powerup_bonus_plr_3_4
soundalias,#vox_powerup_bonus_plr_3_3
soundalias,#vox_powerup_bonus_plr_3_2
soundalias,#vox_powerup_bonus_plr_3_1
soundalias,#vox_powerup_bonus_plr_3_0
soundalias,#vox_bop5_exert_explo_dead
soundalias,#fly_step_crouch_run_zdog_wood
soundalias,#wpn_pistol_dryfire_plr
soundalias,#vox_blightfather_react_first_plr_4_0
soundalias,#vox_plr_2_exert_underwater_emerge_breath
soundalias,#exp_chain_hit
soundalias,#vox_pickup_bowie_plr_4_0
soundalias,#vox_m_quest_charge_warn_plr_4_0
soundalias,#vox_m_quest_charge_warn_plr_4_1
soundalias,#vox_m_quest_charge_warn_plr_4_2
soundalias,#zmb_ai_gladiator_axe_swing
soundalias,#prj_brass_impact_wraith_rubber
soundalias,#hash_55f323ffd86c9888
soundalias,#zmb_vocals_hellephant_swipe
soundalias,#vox_ra_base_react_plr_1_0
soundalias,#hash_55fbb0328f3f782f
soundalias,#vox_m_quest_fury_arrive_plr_4_0
soundalias,#hash_5600b4bffa46c384
soundalias,#prj_brass_impact_large_glass
soundalias,#vox_bom1_exert_rad_dmg
soundalias,#fly_step_walk_tiger_glassbulletproof
soundalias,#hash_564a6893bc6dfae2
soundalias,#fly_melee_imp_chakram_npc_wood
soundalias,#prj_brass_impact_plr_gren_case_concrete
soundalias,#hash_5653b4666b4c83cd
soundalias,#hash_5653bacd3880f5e6
soundalias,#vox_ammo_buy_plr_2_2
soundalias,#vox_ammo_buy_plr_2_1
soundalias,#vox_ammo_buy_plr_2_0
soundalias,#vox_plr_2_exert_death_veh_fly
soundalias,#hash_566460b10c716739
soundalias,#veh_raps_mini_land
soundalias,#wpn_ray_1straise_dial
soundalias,#fly_step_walk_zdog_flesh
soundalias,#hash_56a6dd4f9ee2ba10
soundalias,#hash_56a6de4f9ee2bbc3
soundalias,#hash_56a6df4f9ee2bd76
soundalias,#hash_56a6e04f9ee2bf29
soundalias,#vox_dieg_surrounded_oh_shit_plr_2_0
soundalias,#vox_dieg_surrounded_oh_shit_plr_2_1
soundalias,#vox_dieg_surrounded_oh_shit_plr_2_2
soundalias,#vox_dieg_surrounded_oh_shit_plr_2_3
soundalias,#vox_dieg_surrounded_oh_shit_plr_2_4
soundalias,#hash_56b8f0ea0c535aa2
soundalias,#zmb_ai_gladiator_step_heavy
soundalias,#hash_56d7ef0008ae3f23
soundalias,#wpn_melee_galva
soundalias,#vox_viper_kill_plr_1_4
soundalias,#vox_viper_kill_plr_1_0
soundalias,#vox_viper_kill_plr_1_1
soundalias,#vox_viper_kill_plr_1_2
soundalias,#vox_viper_kill_plr_1_3
soundalias,#fly_step_run_zdog_grass
soundalias,#fly_step_crouch_run_zdog_metalhollow
soundalias,#vox_plr_3_exert_stabbed
soundalias,#hash_57114f2e8a5b2699
soundalias,#hash_57134271b6d5eb2d
soundalias,#hash_5715e56daeda99c5
soundalias,#vox_nomoney_generic_plr_1_4
soundalias,#vox_nomoney_generic_plr_1_0
soundalias,#vox_nomoney_generic_plr_1_1
soundalias,#vox_nomoney_generic_plr_1_2
soundalias,#vox_nomoney_generic_plr_1_3
soundalias,#hash_571f48484dfb646b
soundalias,#hash_573cc3cfed5f2e88
soundalias,#hash_5749e3194291a2bd
soundalias,#hash_575b9626050c1129
soundalias,#zmb_tiger_prespawn_lfe
soundalias,#hash_57679eab45e20ad3
soundalias,#prj_whizby_raygun
soundalias,#prj_brass_impact_small_brick
soundalias,#hash_578a02c5ffa2126b
soundalias,#prj_brass_impact_wraith_glass
soundalias,#hash_579797ce6390ec3b
soundalias,#hash_5797afa332ae6f0b
soundalias,#hash_57b0d65c6bc36311
soundalias,#vox_crowd_positive_general_prst_11
soundalias,#vox_crowd_positive_general_prst_10
soundalias,#hash_57b39cfb7cb2d31a
soundalias,#vox_bop1_exert_bludgeoned
soundalias,#vox_crawler_los_plr_4_3
soundalias,#vox_crawler_los_plr_4_2
soundalias,#vox_crawler_los_plr_4_1
soundalias,#vox_crawler_los_plr_4_0
soundalias,#vox_crawler_los_plr_4_4
soundalias,#hash_57c7e3bc2df74195
soundalias,#veh_raps_mini_targeting
soundalias,#wpn_hammer_jab_elec_npc
soundalias,#fly_step_run_tiger_carpet
soundalias,#prj_bullet_explode_rock
soundalias,#zmb_vocals_zombie_taunt_v1
soundalias,#fly_step_run_tiger_foliage
soundalias,#vox_3_banter_brun_dieg_plr_3_0
soundalias,#hash_58192bc650304beb
soundalias,#fly_step_run_tiger_metalhollow
soundalias,#dst_steam_pipe_lp
soundalias,#hash_582245811fe19ce9
soundalias,#wpn_viper_melee_retract_plr
soundalias,#fly_step_walk_zdog_mud
soundalias,#hash_5837f95b257fbe20
soundalias,#hash_5838015b257fcbb8
soundalias,#hash_5838035b257fcf1e
soundalias,#hash_5838055b257fd284
soundalias,#hash_5838075b257fd5ea
soundalias,#hash_58399595f5bdc42a
soundalias,#fly_step_run_zdog_paper
soundalias,#vox_blightfather_kill_plr_4_3
soundalias,#vox_blightfather_kill_plr_4_2
soundalias,#vox_blightfather_kill_plr_4_1
soundalias,#vox_blightfather_kill_plr_4_0
soundalias,#vox_blightfather_kill_plr_4_4
soundalias,#vox_chakram_active_plr_3_1
soundalias,#vox_chakram_active_plr_3_0
soundalias,#vox_chakram_active_plr_3_3
soundalias,#vox_chakram_active_plr_3_2
soundalias,#vox_chakram_active_plr_3_4
soundalias,#prj_brass_impact_small_metalthin
soundalias,#fly_melee_imp_hammer_npc_metalcar
soundalias,#hash_5876763900b72110
soundalias,#hash_588047eba8deb34e
soundalias,#hash_5882b5c895d2ddc5
soundalias,#fly_step_crouch_walk_zdog_foliage
soundalias,#fly_step_prone_zdog_water
soundalias,#vox_m_quest_key_pickup_plr_1_0
soundalias,#zmb_vocals_zombie_electrocute
soundalias,#vox_odin_floor_react_plr_2_0
soundalias,#hash_58b60c3d133f7e28
soundalias,#vox_bop1_exert_burn_dead
soundalias,#vox_chakram_kill_mult_plr_1_2
soundalias,#vox_chakram_kill_mult_plr_1_3
soundalias,#vox_chakram_kill_mult_plr_1_0
soundalias,#vox_chakram_kill_mult_plr_1_1
soundalias,#vox_chakram_kill_mult_plr_1_4
soundalias,#fly_step_walk_tiger_ceramic
soundalias,#vox_m_quest_shockwave_warn_plr_2_0
soundalias,#vox_pap_pickup_plr_4_4
soundalias,#fly_step_walk_tiger_paintedmetal
soundalias,#vox_pap_pickup_plr_4_0
soundalias,#vox_pap_pickup_plr_4_1
soundalias,#vox_pap_pickup_plr_4_2
soundalias,#vox_pap_pickup_plr_4_3
soundalias,#hash_58ef400c43212578
soundalias,#fly_ar_bolt_release_sweet
soundalias,#vox_kill_melee_plr_4_7
soundalias,#vox_kill_melee_plr_4_6
soundalias,#vox_kill_melee_plr_4_5
soundalias,#vox_kill_melee_plr_4_4
soundalias,#vox_kill_melee_plr_4_3
soundalias,#vox_kill_melee_plr_4_2
soundalias,#vox_kill_melee_plr_4_1
soundalias,#vox_kill_melee_plr_4_0
soundalias,#vox_kill_melee_plr_4_9
soundalias,#vox_kill_melee_plr_4_8
soundalias,#dst_hotdog_cart
soundalias,#vox_pap_quest_reveal_pap_prst_0
soundalias,#vox_magic_box_share_plr_3_0
soundalias,#vox_magic_box_share_plr_3_1
soundalias,#vox_magic_box_share_plr_3_2
soundalias,#vox_magic_box_share_plr_3_3
soundalias,#vox_magic_box_share_plr_3_4
soundalias,#vox_solo_game_start_plr_3_0
soundalias,#veh_raps_mini_skid
soundalias,#hash_5949809a2b6867a3
soundalias,#fly_melee_imp_hammer_npc_plastic
soundalias,#hash_595961243e5885f7
soundalias,#fly_step_walk_zdog_concrete
soundalias,#hash_5967f4485be5bfd6
soundalias,#fly_step_crouch_walk_tiger_rock
soundalias,#wpn_pistol_dryfire_npc
soundalias,#vox_revive_support_scar_plr_2_4
soundalias,#vox_revive_support_scar_plr_2_3
soundalias,#vox_revive_support_scar_plr_2_2
soundalias,#vox_revive_support_scar_plr_2_1
soundalias,#vox_revive_support_scar_plr_2_0
soundalias,#prj_brass_impact_sniper_metalcatwalk
soundalias,#zmb_box_weapon_spin_short
soundalias,#vox_plr_4_exert_bludgeoned
soundalias,#hash_59b4817362ba8e4c
soundalias,#vox_hammer_kill_plr_4_1
soundalias,#vox_hammer_kill_plr_4_0
soundalias,#vox_hammer_kill_plr_4_3
soundalias,#vox_hammer_kill_plr_4_2
soundalias,#vox_hammer_kill_plr_4_4
soundalias,#vox_scepter_level_3_plr_4_2
soundalias,#vox_scepter_level_3_plr_4_1
soundalias,#vox_scepter_level_3_plr_4_0
soundalias,#hash_59dbb3cfebc60a89
soundalias,#hash_59ed73d06252024c
soundalias,#hash_59f15c93815a0687
soundalias,#vox_radiant_scream_react_plr_2_0
soundalias,#fly_step_crouch_walk_zdog_ice
soundalias,#hash_5a0f42ba113a1e1b
soundalias,#fly_step_run_tiger_fruit
soundalias,#vox_chakram_level_3_plr_4_2
soundalias,#vox_chakram_level_3_plr_4_0
soundalias,#vox_chakram_level_3_plr_4_1
soundalias,#vox_4_banter_brun_scar_plr_1_1
soundalias,#vox_brun_kill_streak_plr_1_4
soundalias,#vox_brun_kill_streak_plr_1_2
soundalias,#vox_brun_kill_streak_plr_1_3
soundalias,#vox_brun_kill_streak_plr_1_0
soundalias,#vox_brun_kill_streak_plr_1_1
soundalias,#vox_3_banter_scar_shaw_plr_4_0
soundalias,#wpn_hammer_storm_bolt
soundalias,#zmb_vocals_hellephant_slam
soundalias,#zmb_vocals_destroyer_roar
soundalias,#prj_brass_impact_gren_case_asphalt
soundalias,#vox_temple_react_plr_1_0
soundalias,#prj_brass_impact_small_water
soundalias,#vox_5_banter_brun_scar_plr_1_1
soundalias,#hash_5a71ef96c17c8283
soundalias,#hash_5a8184d1f890f17c
soundalias,#hash_5a86f9bc7ecbe39c
soundalias,#wpn_rgun_fire_plr
soundalias,#prj_brass_impact_plr_gren_case_plastic
soundalias,#zmb_traps_blade_close
soundalias,#fly_step_walk_zdog_plaster
soundalias,#fly_scorpion_first_raise_hiss
soundalias,#prj_brass_impact_plr_gren_case_plaster
soundalias,#fly_step_walk_zdog_plastic
soundalias,#vox_zombie_tiger_kill_plr_1_0
soundalias,#vox_zombie_tiger_kill_plr_1_1
soundalias,#vox_zombie_tiger_kill_plr_1_2
soundalias,#vox_zombie_tiger_kill_plr_1_3
soundalias,#vox_zombie_tiger_kill_plr_1_4
soundalias,#hash_5ab3f90f703eed52
soundalias,#hash_5ab96b664239250b
soundalias,#fly_step_walk_zdog_fruit
soundalias,#hash_5ad0b20106c2431a
soundalias,#prj_brass_impact_small_cushion
soundalias,#prj_brass_impact_large_wood
soundalias,#hash_5add6839874d997a
soundalias,#wpn_smg_dryfire_npc
soundalias,#vox_generic_wall_buy_plr_4_9
soundalias,#vox_generic_wall_buy_plr_4_8
soundalias,#vox_generic_wall_buy_plr_4_5
soundalias,#vox_generic_wall_buy_plr_4_4
soundalias,#vox_generic_wall_buy_plr_4_7
soundalias,#vox_generic_wall_buy_plr_4_6
soundalias,#vox_generic_wall_buy_plr_4_1
soundalias,#vox_generic_wall_buy_plr_4_0
soundalias,#vox_generic_wall_buy_plr_4_3
soundalias,#vox_generic_wall_buy_plr_4_2
soundalias,#hash_5afdef724a12726c
soundalias,#fly_step_prone_tiger_ice
soundalias,#hash_5b18895703fba823
soundalias,#vox_ammo_low_plr_2_4
soundalias,#vox_ammo_low_plr_2_1
soundalias,#vox_ammo_low_plr_2_0
soundalias,#vox_ammo_low_plr_2_3
soundalias,#vox_ammo_low_plr_2_2
soundalias,#hash_5b2eb9e209b6ab5f
soundalias,#zmb_vocals_hellephant_growl_idle
soundalias,#zmb_traps_blade_lp
soundalias,#prj_brass_impact_gren_case_fruit
soundalias,#fly_step_crouch_walk_zdog_cushion
soundalias,#vox_bop1_exert_stabbed
soundalias,#vox_destroyer_react_plr_4_3
soundalias,#vox_destroyer_react_plr_4_2
soundalias,#vox_destroyer_react_plr_4_1
soundalias,#vox_destroyer_react_plr_4_0
soundalias,#vox_destroyer_react_plr_4_4
soundalias,#hash_5b959c1af4616c3f
soundalias,#zmb_tiger_mantle
soundalias,#hash_5b997132499ceb4a
soundalias,#fly_step_sprint_tiger_metalcar
soundalias,#vox_bof2_exert_rad_start
soundalias,#vox_m_quest_fury_kill_prst_0
soundalias,#hash_5ba90f6f7a297d52
soundalias,#wpn_scepter_plant_kill_swt
soundalias,#hash_5bc9e5ae154acfb0
soundalias,#vox_box_feed_elixir_plr_2_0
soundalias,#hash_5bdfb8591ff7dd84
soundalias,#hash_5bdfb9591ff7df37
soundalias,#hash_5bdfbb591ff7e29d
soundalias,#hash_5be8978544c6ae75
soundalias,#vox_shaw_kill_headshot_plr_3_4
soundalias,#vox_shaw_kill_headshot_plr_3_0
soundalias,#vox_shaw_kill_headshot_plr_3_1
soundalias,#vox_shaw_kill_headshot_plr_3_2
soundalias,#vox_shaw_kill_headshot_plr_3_3
soundalias,#vox_1_banter_dieg_shaw_plr_4_0
soundalias,#fly_step_crouch_walk_zdog_snow
soundalias,#hash_5bf1b2b5ce868b9c
soundalias,#hash_5bfd19fc09294153
soundalias,#vox_blac_exert_explo_dead
soundalias,#prj_brass_impact_sniper_rubber
soundalias,#zmb_tiger_swipe
soundalias,#vox_generic_responses_positive_plr_2_8
soundalias,#vox_generic_responses_positive_plr_2_9
soundalias,#vox_generic_responses_positive_plr_2_0
soundalias,#vox_generic_responses_positive_plr_2_1
soundalias,#vox_generic_responses_positive_plr_2_2
soundalias,#vox_generic_responses_positive_plr_2_3
soundalias,#vox_generic_responses_positive_plr_2_4
soundalias,#vox_generic_responses_positive_plr_2_5
soundalias,#vox_generic_responses_positive_plr_2_6
soundalias,#vox_generic_responses_positive_plr_2_7
soundalias,#hash_5c54526d25535e04
soundalias,#zmb_vocals_hellhound_attack_melee
soundalias,#vox_bop3_exert_pain
soundalias,#fly_sniper_shell_in_npc
soundalias,#hash_5c71c3bfd6080ce6
soundalias,#exp_spear
soundalias,#hash_5c9150da16c41e10
soundalias,#fly_step_prone_tiger_cloth
soundalias,#fly_melee_imp_hammer_rock
soundalias,#vox_box_lmg_plr_4_4
soundalias,#vox_box_lmg_plr_4_2
soundalias,#vox_box_lmg_plr_4_3
soundalias,#vox_box_lmg_plr_4_0
soundalias,#vox_box_lmg_plr_4_1
soundalias,#hash_5ca0151a3b6fba43
soundalias,#vox_bop4_exert_death_veh_under
soundalias,#dst_transformer_explo
soundalias,#vox_attacked_zombie_plr_3_9
soundalias,#vox_attacked_zombie_plr_3_8
soundalias,#vox_attacked_zombie_plr_3_7
soundalias,#vox_attacked_zombie_plr_3_6
soundalias,#vox_attacked_zombie_plr_3_5
soundalias,#vox_attacked_zombie_plr_3_4
soundalias,#vox_attacked_zombie_plr_3_3
soundalias,#vox_attacked_zombie_plr_3_2
soundalias,#vox_attacked_zombie_plr_3_1
soundalias,#vox_attacked_zombie_plr_3_0
soundalias,#fly_step_walk_tiger_flesh
soundalias,#fly_reload_cloth_lg
soundalias,#vox_special_round_start_plr_1_4
soundalias,#vox_special_round_start_plr_1_0
soundalias,#vox_special_round_start_plr_1_1
soundalias,#vox_special_round_start_plr_1_2
soundalias,#vox_special_round_start_plr_1_3
soundalias,#vox_bop2_exert_gas_gasp
soundalias,#fly_reload_equip_grab
soundalias,#vox_bof2_exert_rad_end
soundalias,#hash_5cfdfc7bb8f0fda2
soundalias,#vox_m_quest_fury_start_plr_1_0
soundalias,#fly_step_sprint_tiger_cushion
soundalias,#hash_5d198ba69ef6a1e9
soundalias,#vox_bop2_exert_rad_start
soundalias,#zmb_step_hellephant_step_debris
soundalias,#fly_reload_cloth_sm
soundalias,#hash_5d2e26ea0f5bd4a4
soundalias,#vox_plr_1_exert_concuss
soundalias,#vox_bom1_exert_rad_end
soundalias,#fly_wpn_handle_low
soundalias,#hash_5d3a176d632eb0da
soundalias,#vox_plr_1_exert_gas_gag
soundalias,#vox_scepter_active_plr_3_4
soundalias,#vox_scepter_active_plr_3_2
soundalias,#vox_scepter_active_plr_3_3
soundalias,#vox_scepter_active_plr_3_0
soundalias,#vox_scepter_active_plr_3_1
soundalias,#fly_step_sprint_tiger_ice
soundalias,#hash_5d530f332a80c426
soundalias,#hash_5d534ac036533040
soundalias,#prj_brass_impact_small_metal
soundalias,#fly_step_run_zdog_tallgrass
soundalias,#vox_viper_kill_plr_2_3
soundalias,#vox_viper_kill_plr_2_2
soundalias,#vox_viper_kill_plr_2_1
soundalias,#vox_viper_kill_plr_2_0
soundalias,#vox_viper_kill_plr_2_4
soundalias,#fly_step_sprint_zdog_flesh
soundalias,#vox_m_quest_open_gate_plr_4_0
soundalias,#hash_5d787e4d04a7b93d
soundalias,#hash_5d7a73d4a214dd96
soundalias,#zmb_dung_lp
soundalias,#prj_brass_impact_sniper_ice
soundalias,#hash_5dad092f584503eb
soundalias,#zmb_vocals_destroyer_attack_melee
soundalias,#prj_brass_impact_small_glassbulletproof
soundalias,#vox_powerup_bonus_plr_2_4
soundalias,#vox_powerup_bonus_plr_2_2
soundalias,#vox_powerup_bonus_plr_2_3
soundalias,#vox_powerup_bonus_plr_2_0
soundalias,#vox_powerup_bonus_plr_2_1
soundalias,#hash_5dc4052f9b9557aa
soundalias,#zmb_blocker_powerdoor_purchase
soundalias,#vox_bop3_exert_gas_cough
soundalias,#prj_brass_impact_large_dirt
soundalias,#hash_5ded242bd1525a14
soundalias,#vox_plr_2_exert_sniper_hold
soundalias,#vox_bop1_exert_death_veh_under
soundalias,#vox_dieg_surrounded_oh_shit_plr_1_2
soundalias,#vox_dieg_surrounded_oh_shit_plr_1_1
soundalias,#vox_dieg_surrounded_oh_shit_plr_1_0
soundalias,#wpn_hammer_melee_impact_swt
soundalias,#fly_zombie_hand_swt
soundalias,#fly_step_prone_zdog_glasscar
soundalias,#fly_step_crouch_walk_zdog_gravel
soundalias,#hash_5e5fc609282c18d2
soundalias,#exp_nitrogen_tank_explo
soundalias,#hash_5e6e9e3171e0b176
soundalias,#fly_step_walk_tiger_asphalt
soundalias,#hash_5e9c2b60ce62844a
soundalias,#wpn_assault_dryfire_npc
soundalias,#vox_plr_2_exert_suppressed
soundalias,#prj_brass_impact_shell_plaster
soundalias,#vox_2_banter_brun_dieg_plr_2_1
soundalias,#vox_powerup_nuke_plr_4_2
soundalias,#vox_powerup_nuke_plr_4_3
soundalias,#vox_powerup_nuke_plr_4_0
soundalias,#vox_powerup_nuke_plr_4_1
soundalias,#vox_powerup_nuke_plr_4_4
soundalias,#prj_brass_impact_shell_plastic
soundalias,#hash_5f11cf35c7a26267
soundalias,#fly_step_crouch_run_zdog_paper
soundalias,#vox_odin_floor_react_plr_3_0
soundalias,#hash_5f25de3806fc35e1
soundalias,#wpn_viper_bite_activate_plr_lfe
soundalias,#wpn_scorpion_projectile_impact
soundalias,#vox_nomoney_generic_plr_2_3
soundalias,#vox_nomoney_generic_plr_2_2
soundalias,#vox_nomoney_generic_plr_2_1
soundalias,#vox_nomoney_generic_plr_2_0
soundalias,#vox_nomoney_generic_plr_2_4
soundalias,#vox_dieg_kill_streak_plr_1_2
soundalias,#vox_dieg_kill_streak_plr_1_3
soundalias,#vox_dieg_kill_streak_plr_1_0
soundalias,#vox_dieg_kill_streak_plr_1_1
soundalias,#hash_5f5002686176097f
soundalias,#zmb_vocals_hellhound_bite
soundalias,#zmb_tiger_explode
soundalias,#vox_3_banter_brun_dieg_plr_2_1
soundalias,#hash_5f6b730c30da027d
soundalias,#prj_brass_impact_gren_case_flesh
soundalias,#hash_5f80ae9db16e36f5
soundalias,#hash_5f8e33ac1c927130
soundalias,#vox_bop1_exert_suppressed
soundalias,#hash_5fb19c637b0099fe
soundalias,#vox_bop2_exert_rad_end
soundalias,#vox_pap_wait_plr_2_4
soundalias,#vox_pap_wait_plr_2_1
soundalias,#vox_pap_wait_plr_2_0
soundalias,#vox_pap_wait_plr_2_3
soundalias,#vox_pap_wait_plr_2_2
soundalias,#fly_melee_imp_galva_glass
soundalias,#dst_hydrant_destroyed_loop
soundalias,#vox_plr_3_exert_death_veh_hit
soundalias,#prj_brass_impact_sniper_snow
soundalias,#vox_blightfather_vomit_plr_4_2
soundalias,#vox_blightfather_vomit_plr_4_0
soundalias,#vox_blightfather_vomit_plr_4_1
soundalias,#vox_danu_react_plr_2_0
soundalias,#vox_ra_base_react_plr_2_0
soundalias,#amb_leaves_rustling
soundalias,#zmb_vocals_hellhound_death
soundalias,#vox_tedd_exert_underwater_emerge_gasp
soundalias,#hash_5fe96957623badbc
soundalias,#hash_5fed0c8cb27e5156
soundalias,#hash_5ff26c3886a52a43
soundalias,#hash_5ff6ce0b3a2db603
soundalias,#prj_brass_impact_large_cloth
soundalias,#vox_zombie_tiger_react_plr_3_3
soundalias,#vox_zombie_tiger_react_plr_3_2
soundalias,#vox_zombie_tiger_react_plr_3_1
soundalias,#vox_zombie_tiger_react_plr_3_0
soundalias,#vox_zombie_tiger_react_plr_3_4
soundalias,#prj_brass_impact_sniper_water
soundalias,#vox_ammo_buy_plr_3_2
soundalias,#vox_ammo_buy_plr_3_0
soundalias,#vox_ammo_buy_plr_3_1
soundalias,#vox_bop5_exert_pain
soundalias,#zmb_traps_fire_stop
soundalias,#hash_6043c078f3675169
soundalias,#prj_brass_impact_wraith_brick
soundalias,#vox_bop3_exert_death_veh_under
soundalias,#hash_6057cff37bda6d1a
soundalias,#vox_4_banter_brun_shaw_plr_2_1
soundalias,#hash_606d51fe21e749ac
soundalias,#wpn_scorpion_projectile_sizzle
soundalias,#fly_step_run_zdog_metalthin
soundalias,#vox_generic_responses_negative_plr_4_6
soundalias,#vox_generic_responses_negative_plr_4_7
soundalias,#vox_generic_responses_negative_plr_4_4
soundalias,#vox_generic_responses_negative_plr_4_5
soundalias,#vox_generic_responses_negative_plr_4_2
soundalias,#vox_generic_responses_negative_plr_4_3
soundalias,#vox_generic_responses_negative_plr_4_0
soundalias,#vox_generic_responses_negative_plr_4_1
soundalias,#vox_generic_responses_negative_plr_4_8
soundalias,#vox_generic_responses_negative_plr_4_9
soundalias,#vox_plr_1_exert_sniper_hold
soundalias,#zmb_ee_brewing_done
soundalias,#hash_609c2bdb6def129f
soundalias,#prj_brass_impact_gren_case_rubber
soundalias,#vox_pickup_rocketshield_plr_1_1
soundalias,#vox_pickup_rocketshield_plr_1_0
soundalias,#vox_pickup_rocketshield_plr_1_2
soundalias,#fly_step_walk_zdog_paintedmetal
soundalias,#vox_temple_react_plr_2_0
soundalias,#hash_60b664fe20b86e5d
soundalias,#vox_bop4_exert_self_heal
soundalias,#vox_destroyer_kill_plr_3_3
soundalias,#vox_destroyer_kill_plr_3_2
soundalias,#vox_destroyer_kill_plr_3_1
soundalias,#vox_destroyer_kill_plr_3_0
soundalias,#vox_destroyer_kill_plr_3_4
soundalias,#hash_60c2bcbfecd64847
soundalias,#zmb_vocals_hellephant_death
soundalias,#hash_60e25a39a1d9295a
soundalias,#prj_brass_impact_shell_glassbulletproof
soundalias,#zmb_tiger_prespawn
soundalias,#fly_step_crouch_run_zdog_metal
soundalias,#wpn_rgun_exp_cl
soundalias,#vox_revive_scar_plr_4_4
soundalias,#vox_revive_scar_plr_4_1
soundalias,#vox_revive_scar_plr_4_0
soundalias,#vox_revive_scar_plr_4_3
soundalias,#vox_revive_scar_plr_4_2
soundalias,#fly_step_prone_zdog_mud
soundalias,#vox_crowd_negative_poor_plr_3_4
soundalias,#vox_crowd_negative_poor_plr_3_1
soundalias,#vox_crowd_negative_poor_plr_3_0
soundalias,#vox_crowd_negative_poor_plr_3_3
soundalias,#vox_crowd_negative_poor_plr_3_2
soundalias,#hash_6145a3a5daa07aff
soundalias,#vox_plr_3_exert_sniper_hold
soundalias,#prj_brass_impact_gren_case_glass
soundalias,#mus_towers_roundend_2_intro
soundalias,#vox_box_tactical_plr_4_4
soundalias,#vox_box_tactical_plr_4_3
soundalias,#vox_box_tactical_plr_4_2
soundalias,#vox_box_tactical_plr_4_1
soundalias,#vox_box_tactical_plr_4_0
soundalias,#vox_bop3_exert_death
soundalias,#wpn_viper_melee_impact_plr
soundalias,#hash_61ab5fc8df884b6c
soundalias,#fly_step_sprint_zdog_brick
soundalias,#prj_brass_impact_plr_gren_case_dirt
soundalias,#vox_2_banter_brun_scar_plr_1_1
soundalias,#fly_step_sprint_tiger_dirt
soundalias,#fly_step_walk_zdog_carpet
soundalias,#vox_zombie_tiger_kill_plr_2_4
soundalias,#vox_zombie_tiger_kill_plr_2_3
soundalias,#vox_zombie_tiger_kill_plr_2_2
soundalias,#vox_zombie_tiger_kill_plr_2_1
soundalias,#vox_zombie_tiger_kill_plr_2_0
soundalias,#vox_bop2_exert_sniper_exhale
soundalias,#hash_62053df0aeefcac5
soundalias,#fly_step_prone_tiger_bodyarmor
soundalias,#hash_62134415f7cb98bf
soundalias,#vox_bop2_exert_sniper_gasp
soundalias,#hash_621b2e6170b08109
soundalias,#vox_chakram_active_plr_2_0
soundalias,#vox_chakram_active_plr_2_1
soundalias,#vox_chakram_active_plr_2_2
soundalias,#vox_chakram_active_plr_2_3
soundalias,#vox_chakram_active_plr_2_4
soundalias,#hash_62309a58f1910ad3
soundalias,#fly_step_crouch_run_zdog_rubber
soundalias,#p_dest_paper_stack02
soundalias,#p_dest_paper_stack01
soundalias,#vox_plr_2_exert_death
soundalias,#vox_bop2_exert_death
soundalias,#hash_62527c2c941c5f22
soundalias,#hash_625ff5d45245151d
soundalias,#vox_perk_generic_plr_3_3
soundalias,#vox_perk_generic_plr_3_2
soundalias,#vox_perk_generic_plr_3_1
soundalias,#vox_perk_generic_plr_3_0
soundalias,#vox_perk_generic_plr_3_7
soundalias,#vox_perk_generic_plr_3_6
soundalias,#vox_perk_generic_plr_3_5
soundalias,#vox_perk_generic_plr_3_4
soundalias,#vox_perk_generic_plr_3_9
soundalias,#vox_perk_generic_plr_3_8
soundalias,#hash_627b8c3b335712e3
soundalias,#vox_blac_exert_sniper_exhale
soundalias,#wpn_hammer_melee_impact_swt_plr
soundalias,#hash_62894125ab280b62
soundalias,#vox_generic_responses_positive_plr_1_9
soundalias,#vox_generic_responses_positive_plr_1_8
soundalias,#vox_generic_responses_positive_plr_1_7
soundalias,#vox_generic_responses_positive_plr_1_6
soundalias,#vox_generic_responses_positive_plr_1_5
soundalias,#vox_generic_responses_positive_plr_1_4
soundalias,#vox_generic_responses_positive_plr_1_3
soundalias,#vox_generic_responses_positive_plr_1_2
soundalias,#vox_generic_responses_positive_plr_1_1
soundalias,#vox_generic_responses_positive_plr_1_0
soundalias,#hash_62bb524c32872dab
soundalias,#hash_62bb554c328732c4
soundalias,#hash_62bb574c3287362a
soundalias,#hash_62bb584c328737dd
soundalias,#hash_62bd783a0737ec6a
soundalias,#hash_62c26d0f2eb9a6ca
soundalias,#vox_hammer_level_2_plr_1_1
soundalias,#vox_hammer_level_2_plr_1_0
soundalias,#vox_hammer_level_2_plr_1_2
soundalias,#fly_dog_melee_victim
soundalias,#pfx_splash_lrg
soundalias,#fly_step_run_zdog_brick
soundalias,#zmb_altar_zeus_bird_oneshot
soundalias,#vox_marauder_react_first_plr_4_0
soundalias,#vox_marauder_react_first_plr_4_1
soundalias,#vox_bop1_exert_punch_take
soundalias,#fly_melee_imp_galva_npc_cloth
soundalias,#hash_630e468a8a9acbca
soundalias,#fly_step_walk_tiger_watershallow
soundalias,#vox_plr_1_exert_razor_wire
soundalias,#wpn_generic_dryfire_npc
soundalias,#fly_step_prone_zdog_rubber
soundalias,#wpn_revolver_dryfire_npc
soundalias,#fly_step_prone_tiger_concrete
soundalias,#vox_tedd_exert_gas_gag
soundalias,#amb_flies
soundalias,#vox_scar_kill_streak_plr_2_3
soundalias,#vox_scar_kill_streak_plr_2_2
soundalias,#vox_scar_kill_streak_plr_2_1
soundalias,#vox_scar_kill_streak_plr_2_0
soundalias,#vox_scar_kill_streak_plr_2_4
soundalias,#hash_634818c98eff6728
soundalias,#hash_63661f92ceba62ea
soundalias,#prj_brass_impact_small_default
soundalias,#zmb_step_hellephant_step_armor
soundalias,#fly_step_crouch_walk_zdog_glassbulletproof
soundalias,#hash_637970691de964a7
soundalias,#prj_brass_impact_shell_brick
soundalias,#vox_m_quest_shockwave_warn_plr_3_0
soundalias,#wpn_scepter_melee_impact_swt
soundalias,#vox_1_banter_scar_shaw_plr_1_0
soundalias,#wpn_scorpion_fire_charged_plr
soundalias,#hash_63ad15fe85235a2d
soundalias,#prj_brass_impact_sniper_metal
soundalias,#hash_63c6ccb073476b94
soundalias,#fly_step_crouch_run_tiger_asphalt
soundalias,#wpn_hammer_electrocution_impact
soundalias,#hash_63dcc2bd59631940
soundalias,#wpn_rgun_fire_lfe_plr
soundalias,#wpn_hammer_sheathe_plr
soundalias,#prj_brass_impact_wraith_concrete
soundalias,#zmb_banner_rope_cut_swt
soundalias,#vox_attacked_zombie_plr_2_6
soundalias,#vox_attacked_zombie_plr_2_7
soundalias,#vox_attacked_zombie_plr_2_4
soundalias,#vox_attacked_zombie_plr_2_5
soundalias,#vox_attacked_zombie_plr_2_2
soundalias,#vox_attacked_zombie_plr_2_3
soundalias,#vox_attacked_zombie_plr_2_0
soundalias,#vox_attacked_zombie_plr_2_1
soundalias,#vox_attacked_zombie_plr_2_8
soundalias,#vox_attacked_zombie_plr_2_9
soundalias,#hash_6427ad4c71007e15
soundalias,#hash_642834b4c1587ac9
soundalias,#zmb_bull_hit_marker
soundalias,#vox_bop5_exert_breath_hurt
soundalias,#prj_brass_impact_large_water
soundalias,#vox_revive_support_scar_plr_3_4
soundalias,#vox_revive_support_scar_plr_3_2
soundalias,#vox_revive_support_scar_plr_3_3
soundalias,#vox_revive_support_scar_plr_3_0
soundalias,#vox_revive_support_scar_plr_3_1
soundalias,#prj_brass_impact_sniper_wood
soundalias,#fly_step_sprint_zdog_grass
soundalias,#zmb_step_hellephant_walk_default
soundalias,#fly_step_crouch_walk_zdog_metalthin
soundalias,#vox_revive_support_brun_plr_4_4
soundalias,#vox_revive_support_brun_plr_4_3
soundalias,#vox_revive_support_brun_plr_4_2
soundalias,#vox_revive_support_brun_plr_4_1
soundalias,#vox_revive_support_brun_plr_4_0
soundalias,#fly_melee_imp_scepter_npc_metal
soundalias,#prj_brass_impact_shell_flesh
soundalias,#hash_6484399209a2b20b
soundalias,#wpn_dragon_fire_lvl1_plr_lfe
soundalias,#vox_radiant_scream_react_plr_3_0
soundalias,#zmb_blocker_powerdoor_lp
soundalias,#vox_plr_1_exert_death_veh_fly
soundalias,#zmb_tiger_blend
soundalias,#hash_64b57d798715da70
soundalias,#prj_brass_impact_small_grass
soundalias,#vox_chakram_level_3_plr_3_1
soundalias,#vox_chakram_level_3_plr_3_0
soundalias,#vox_chakram_level_3_plr_3_2
soundalias,#hash_64dc8c3287b2f5f1
soundalias,#vox_blightfather_react_plr_3_4
soundalias,#vox_blightfather_react_plr_3_1
soundalias,#vox_blightfather_react_plr_3_0
soundalias,#vox_blightfather_react_plr_3_3
soundalias,#vox_blightfather_react_plr_3_2
soundalias,#hash_64e47ed675709294
soundalias,#hash_64f4710fde506b2b
soundalias,#vox_plr_3_exert_death_veh_fly
soundalias,#vox_special_round_start_plr_2_3
soundalias,#vox_special_round_start_plr_2_2
soundalias,#vox_special_round_start_plr_2_1
soundalias,#vox_special_round_start_plr_2_0
soundalias,#vox_special_round_start_plr_2_4
soundalias,#fly_step_crouch_run_tiger_metalcatcrouch_run
soundalias,#mus_towers_roundend_special_1_intro
soundalias,#vox_bop5_exert_blind
soundalias,#fly_step_prone_tiger_grass
soundalias,#amb_rats
soundalias,#vox_2_banter_brun_dieg_plr_3_0
soundalias,#fly_step_crouch_run_tiger_foliage
soundalias,#prj_brass_impact_gren_case_water
soundalias,#vox_bop2_exert_pain
soundalias,#fly_step_prone_zdog_rock
soundalias,#fly_scorpion_idle_strike
soundalias,#hash_65803d6a6f392992
soundalias,#hash_658ae19813699419
soundalias,#fly_step_run_tiger_paintedmetal
soundalias,#hash_659b263cd0dd4df5
soundalias,#vox_tedd_exert_sniper_hold
soundalias,#vox_tedd_exert_death_fall
soundalias,#hash_65bd563175a1f91e
soundalias,#hash_65c65fe1abe6595a
soundalias,#prj_brass_impact_plr_gren_case_cloth
soundalias,#vox_ammo_low_plr_3_4
soundalias,#vox_ammo_low_plr_3_0
soundalias,#vox_ammo_low_plr_3_1
soundalias,#vox_ammo_low_plr_3_2
soundalias,#vox_ammo_low_plr_3_3
soundalias,#prj_brass_impact_large_gravel
soundalias,#vox_box_shotgun_plr_3_3
soundalias,#vox_box_shotgun_plr_3_2
soundalias,#vox_box_shotgun_plr_3_1
soundalias,#vox_box_shotgun_plr_3_0
soundalias,#vox_box_shotgun_plr_3_4
soundalias,#hash_661d27480f8acae3
soundalias,#hash_6622294ec22db6ad
soundalias,#fly_sniper_shell_out_plr
soundalias,#hash_662ba0c16b482cec
soundalias,#fly_step_sprint_zdog_asphalt
soundalias,#vox_flame_hazard_unharmed_plr_4_2
soundalias,#vox_flame_hazard_unharmed_plr_4_1
soundalias,#vox_flame_hazard_unharmed_plr_4_0
soundalias,#fly_step_sprint_tiger_metalthin
soundalias,#vox_m_quest_ra_complete_prst_0
soundalias,#prj_brass_impact_plr_gren_case_fruit
soundalias,#vox_5_banter_brun_shaw_plr_4_0
soundalias,#vox_powerup_nuke_plr_3_1
soundalias,#vox_powerup_nuke_plr_3_0
soundalias,#vox_powerup_nuke_plr_3_3
soundalias,#vox_powerup_nuke_plr_3_2
soundalias,#vox_powerup_nuke_plr_3_4
soundalias,#hash_6662c407371ddaff
soundalias,#hash_668420a3544ac61a
soundalias,#vox_plr_1_exert_stabbed
soundalias,#vox_bop2_exert_mant_heavy
soundalias,#hash_668d62d874527e1c
soundalias,#hash_66a078f92412aeab
soundalias,#zmb_dung_pickup
soundalias,#hash_66ac1a59a45915b8
soundalias,#prj_brass_impact_shell_metalcar
soundalias,#fly_step_crouch_run_tiger_cloth
soundalias,#hash_66c4f052016ba6a0
soundalias,#vox_bop3_exert_sniper_exhale
soundalias,#hash_66d99dc55fca94a5
soundalias,#hash_66dd1564ba1e9474
soundalias,#fly_step_walk_zdog_wood
soundalias,#vox_revive_down_plr_4_4
soundalias,#vox_revive_down_plr_4_2
soundalias,#vox_revive_down_plr_4_3
soundalias,#vox_revive_down_plr_4_0
soundalias,#vox_revive_down_plr_4_1
soundalias,#hash_66eb97e2bce2a423
soundalias,#hash_66edd342df7791fd
soundalias,#hash_66f5d6e0b826d9cb
soundalias,#vox_pap_wait_plr_3_4
soundalias,#vox_pap_wait_plr_3_0
soundalias,#vox_pap_wait_plr_3_1
soundalias,#vox_pap_wait_plr_3_2
soundalias,#vox_pap_wait_plr_3_3
soundalias,#amb_chaos_ball
soundalias,#fly_step_walk_zdog_gravel
soundalias,#hash_670e2afc503d3ed4
soundalias,#vox_bop4_exert_mant_light
soundalias,#fly_melee_imp_scepter
soundalias,#vox_ra_base_react_plr_3_0
soundalias,#fly_bowie_impact_victim
soundalias,#fly_step_crouch_walk_tiger_brick
soundalias,#vox_plr_1_exert_death_veh_under
soundalias,#vox_crawler_los_plr_2_1
soundalias,#vox_crawler_los_plr_2_0
soundalias,#vox_crawler_los_plr_2_3
soundalias,#vox_crawler_los_plr_2_2
soundalias,#vox_crawler_los_plr_2_4
soundalias,#hash_6740d58ccd4742e5
soundalias,#zmb_vocals_destroyer_pain
soundalias,#hash_676e555ab4377285
soundalias,#zmb_vocals_hellephant_intro_roar
soundalias,#vox_revive_brun_plr_4_4
soundalias,#vox_revive_brun_plr_4_3
soundalias,#vox_revive_brun_plr_4_2
soundalias,#vox_revive_brun_plr_4_1
soundalias,#vox_revive_brun_plr_4_0
soundalias,#fly_step_walk_zdog_glass
soundalias,#vox_bof3_exert_rad_end
soundalias,#hash_67ab50b44ebf94a7
soundalias,#hash_67ade88bdc2d836e
soundalias,#vox_m_quest_heart_nag_plr_1_1
soundalias,#vox_m_quest_heart_nag_plr_1_0
soundalias,#vox_m_quest_heart_nag_plr_1_2
soundalias,#fly_step_walk_zdog_bodyarmor
soundalias,#hash_67c58a1872a83846
soundalias,#fly_step_run_zdog_rock
soundalias,#wpn_rgun_fire_lfe_npc
soundalias,#zmb_vocals_marauder_pain
soundalias,#fly_step_sprint_zdog_paintedmetal
soundalias,#vox_bop2_exert_suppressed
soundalias,#hash_67e6193e3606082c
soundalias,#vox_tedd_exert_underwater_pain
soundalias,#hash_67f1fcdfe32ea3f7
soundalias,#fly_step_walk_tiger_plastic
soundalias,#hash_67f7a2a4b4073b81
soundalias,#hash_67fe68eec41d210f
soundalias,#hash_68123d3c746fe40c
soundalias,#zmb_traps_fire_lp_ug_close
soundalias,#fly_step_walk_tiger_plaster
soundalias,#vox_viper_kill_plr_3_2
soundalias,#vox_viper_kill_plr_3_3
soundalias,#vox_viper_kill_plr_3_0
soundalias,#vox_viper_kill_plr_3_1
soundalias,#vox_viper_kill_plr_3_4
soundalias,#fly_melee_imp_chakram_plastic
soundalias,#zmb_vocals_tiger_growl
soundalias,#vox_fire_trail_active_plr_3_0
soundalias,#zmb_vocals_zombie_crawler
soundalias,#vox_zombie_tiger_react_plr_2_2
soundalias,#vox_zombie_tiger_react_plr_2_3
soundalias,#vox_zombie_tiger_react_plr_2_0
soundalias,#vox_zombie_tiger_react_plr_2_1
soundalias,#vox_zombie_tiger_react_plr_2_4
soundalias,#wpn_rgun_flux_l_npc
soundalias,#fly_spoon_first_raise
soundalias,#mus_towers_roundstart_2_intro
soundalias,#amb_big_fire
soundalias,#hash_6875e2ab9b8e11d7
soundalias,#prj_brass_impact_wraith_wood
soundalias,#hash_687f519b0bed9408
soundalias,#vox_destroy_rocketshield_plr_1_1
soundalias,#vox_destroy_rocketshield_plr_1_0
soundalias,#vox_destroy_rocketshield_plr_1_2
soundalias,#hash_688ab65ff6c98303
soundalias,#prj_brass_impact_sniper_paper
soundalias,#vox_powerup_carpenter_plr_1_0
soundalias,#vox_powerup_carpenter_plr_1_1
soundalias,#vox_powerup_carpenter_plr_1_2
soundalias,#vox_magic_box_share_plr_1_4
soundalias,#vox_magic_box_share_plr_1_2
soundalias,#vox_magic_box_share_plr_1_3
soundalias,#vox_magic_box_share_plr_1_0
soundalias,#vox_magic_box_share_plr_1_1
soundalias,#vox_bop3_exert_suppressed
soundalias,#fly_generic_first_raise_npc
soundalias,#prj_brass_impact_gren_case_ice
soundalias,#vox_tedd_exert_sniper_exhale
soundalias,#wpn_chakram_sheathe_npc
soundalias,#vox_bop2_exert_concuss
soundalias,#vox_bop1_exert_breath_hurt
soundalias,#vox_m_quest_zeus_complete_prst_0
soundalias,#prj_viper_bite_impact
soundalias,#wpn_zhield_fire_plr
soundalias,#hash_68fa5e075be1f9f3
soundalias,#hash_68fa60075be1fd59
soundalias,#hash_68fa62075be200bf
soundalias,#hash_68fa64075be20425
soundalias,#hash_68fa68075be20af1
soundalias,#hash_68ffd38a5e862cbe
soundalias,#vox_decay_gas_react_plr_1_0
soundalias,#fly_step_crouch_run_tiger_watershallow
soundalias,#vox_blac_exert_death_fall
soundalias,#zmb_blocker_debris_escape_purchase
soundalias,#wpn_viper_melee_impact
soundalias,#vox_revive_dieg_plr_1_2
soundalias,#vox_revive_dieg_plr_1_3
soundalias,#vox_revive_dieg_plr_1_0
soundalias,#vox_revive_dieg_plr_1_1
soundalias,#vox_revive_dieg_plr_1_4
soundalias,#zmb_fasttravel_teleport_start_plr
soundalias,#vox_plr_1_exert_rad_end
soundalias,#fly_dog_melee_npc
soundalias,#hash_696eae19388361c8
soundalias,#vox_chakram_active_plr_1_4
soundalias,#vox_chakram_active_plr_1_3
soundalias,#vox_chakram_active_plr_1_2
soundalias,#vox_chakram_active_plr_1_1
soundalias,#vox_chakram_active_plr_1_0
soundalias,#fly_step_crouch_walk_zdog_paper
soundalias,#hash_6986c1ef63a8c733
soundalias,#hash_6994ad38bce10d14
soundalias,#vox_plr_2_exert_mant_light
soundalias,#vox_bop5_exert_underwater_emerge_breath
soundalias,#hash_69a61f074e359f95
soundalias,#fly_step_crouch_run_tiger_default
soundalias,#zmb_altar_danu_staff_lp
soundalias,#vox_perk_generic_plr_2_8
soundalias,#vox_perk_generic_plr_2_9
soundalias,#vox_perk_generic_plr_2_2
soundalias,#vox_perk_generic_plr_2_3
soundalias,#vox_perk_generic_plr_2_0
soundalias,#vox_perk_generic_plr_2_1
soundalias,#vox_perk_generic_plr_2_6
soundalias,#vox_perk_generic_plr_2_7
soundalias,#vox_perk_generic_plr_2_4
soundalias,#vox_perk_generic_plr_2_5
soundalias,#hash_69c687b4733b5712
soundalias,#hash_69c6cacdd6f7e9fd
soundalias,#vox_odin_floor_react_plr_4_0
soundalias,#vox_rough_statue_pickup_plr_4_0
soundalias,#vox_viper_dragon_activate_plr_4_2
soundalias,#vox_viper_dragon_activate_plr_4_3
soundalias,#vox_viper_dragon_activate_plr_4_0
soundalias,#vox_viper_dragon_activate_plr_4_1
soundalias,#vox_viper_dragon_activate_plr_4_4
soundalias,#fly_step_run_zdog_rubber
soundalias,#vox_nomoney_generic_plr_3_2
soundalias,#vox_nomoney_generic_plr_3_3
soundalias,#vox_nomoney_generic_plr_3_0
soundalias,#vox_nomoney_generic_plr_3_1
soundalias,#vox_nomoney_generic_plr_3_4
soundalias,#vox_chakram_ready_plr_4_2
soundalias,#vox_chakram_ready_plr_4_1
soundalias,#vox_chakram_ready_plr_4_0
soundalias,#vox_tedd_exert_bludgeoned
soundalias,#pfx_splash_med
soundalias,#prj_brass_impact_large_watershallow
soundalias,#prj_brass_impact_plr_gren_case_carpet
soundalias,#hash_6a3a7714a2c454fb
soundalias,#vox_blightfather_kill_plr_2_1
soundalias,#vox_blightfather_kill_plr_2_0
soundalias,#vox_blightfather_kill_plr_2_3
soundalias,#vox_blightfather_kill_plr_2_2
soundalias,#vox_blightfather_kill_plr_2_4
soundalias,#hash_6a48fa9d116b7376
soundalias,#hash_6a4c0b5fff2011e3
soundalias,#vox_m_quest_fury_kill_plr_4_0
soundalias,#fly_melee_imp_galva_wood
soundalias,#zmb_special_round_fire
soundalias,#dst_luggage
soundalias,#vox_m_quest_water_resp_plr_1_0
soundalias,#hash_6a82d4a4cdb804d6
soundalias,#vox_blightfather_vomit_plr_3_1
soundalias,#vox_blightfather_vomit_plr_3_0
soundalias,#vox_blightfather_vomit_plr_3_2
soundalias,#hash_6a968a78fa9804c7
soundalias,#hash_6a976c322ecb5d02
soundalias,#vox_destroyer_kill_plr_2_2
soundalias,#vox_destroyer_kill_plr_2_3
soundalias,#vox_destroyer_kill_plr_2_0
soundalias,#vox_destroyer_kill_plr_2_1
soundalias,#vox_destroyer_kill_plr_2_4
soundalias,#vox_1_banter_brun_scar_plr_1_1
soundalias,#hash_6aa35ab86c22666e
soundalias,#hash_6aa406082cbead15
soundalias,#hash_6aa9daf93f721590
soundalias,#fly_step_crouch_walk_zdog_rubber
soundalias,#prj_brass_impact_gren_case_carpet
soundalias,#vox_shaw_surrounded_oh_shit_plr_3_1
soundalias,#vox_shaw_surrounded_oh_shit_plr_3_0
soundalias,#vox_shaw_surrounded_oh_shit_plr_3_3
soundalias,#vox_shaw_surrounded_oh_shit_plr_3_2
soundalias,#vox_shaw_surrounded_oh_shit_plr_3_4
soundalias,#hash_6af8d2df8b6b202a
soundalias,#hash_6afe331afabbae9d
soundalias,#hash_6b02638730f2f88c
soundalias,#vox_crowd_negative_poor_plr_2_4
soundalias,#vox_crowd_negative_poor_plr_2_0
soundalias,#vox_crowd_negative_poor_plr_2_1
soundalias,#vox_crowd_negative_poor_plr_2_2
soundalias,#vox_crowd_negative_poor_plr_2_3
soundalias,#hash_6b1e4ed04ac39ec3
soundalias,#vox_blac_exert_burn_dmg
soundalias,#wpn_scepter_melee_impact_plr
soundalias,#hash_6b45ce1c6599b410
soundalias,#vox_chakram_level_3_plr_2_0
soundalias,#vox_chakram_level_3_plr_2_1
soundalias,#vox_chakram_level_3_plr_2_2
soundalias,#hash_6b56372df0bdb444
soundalias,#vox_blightfather_react_plr_2_4
soundalias,#vox_blightfather_react_plr_2_0
soundalias,#vox_blightfather_react_plr_2_1
soundalias,#vox_blightfather_react_plr_2_2
soundalias,#vox_blightfather_react_plr_2_3
soundalias,#vox_temple_react_plr_3_0
soundalias,#vox_scar_kill_streak_plr_3_2
soundalias,#vox_scar_kill_streak_plr_3_3
soundalias,#vox_scar_kill_streak_plr_3_0
soundalias,#vox_scar_kill_streak_plr_3_1
soundalias,#vox_scar_kill_streak_plr_3_4
soundalias,#prj_brass_impact_sniper_cushion
soundalias,#fly_reload_cloth_med
soundalias,#hash_6bae336584399f4d
soundalias,#mpl_seeker_mine_activate
soundalias,#prj_brass_impact_small_ceramic
soundalias,#wpn_viper_melee_swing_npc
soundalias,#hash_6bc2c45bdaed326e
soundalias,#hash_6bc2c55bdaed3421
soundalias,#hash_6bc2c65bdaed35d4
soundalias,#hash_6bc2c75bdaed3787
soundalias,#hash_6bc2c95bdaed3aed
soundalias,#fly_step_prone_tiger_gravel
soundalias,#fly_melee_imp_scepter_npc_wood
soundalias,#hash_6bdd8952e1a998a0
soundalias,#hash_6be095a90990e0ee
soundalias,#zmb_vocals_destroyer_ambient
soundalias,#fly_step_run_tiger_glasscar
soundalias,#prj_brass_impact_large_snow
soundalias,#vox_plasma_react_plr_4_0
soundalias,#vox_radiant_scream_react_plr_4_0
soundalias,#fly_step_crouch_run_zdog_foliage
soundalias,#fly_wpn_gear_rattle_low
soundalias,#vox_hammer_ready_plr_1_1
soundalias,#vox_hammer_ready_plr_1_0
soundalias,#vox_hammer_ready_plr_1_2
soundalias,#vox_solo_game_start_plr_1_0
soundalias,#fly_melee_imp_scepter_npc_metalcar
soundalias,#hash_6c226df4d604ed59
soundalias,#vox_tedd_exert_self_heal
soundalias,#vox_plr_4_exert_sniper_exhale
soundalias,#fly_melee_imp_hammer_npc_wood
soundalias,#zmb_switch_flip_trap
soundalias,#zmb_switch_flip_trap_alarm
soundalias,#wpn_melee_foley_swt
soundalias,#fly_step_crouch_walk_zdog_paintedmetal
soundalias,#vox_bop5_exert_concuss
soundalias,#hash_6c8156c1a0a2bc5c
soundalias,#fly_step_run_tiger_brick
soundalias,#hash_6c9192b5b34e83a7
soundalias,#vox_2_banter_brun_scar_plr_2_0
soundalias,#vox_bop5_exert_electro
soundalias,#mpl_seeker_mine_elec
soundalias,#vox_destroyer_react_plr_2_1
soundalias,#vox_destroyer_react_plr_2_0
soundalias,#vox_destroyer_react_plr_2_3
soundalias,#vox_destroyer_react_plr_2_2
soundalias,#vox_destroyer_react_plr_2_4
soundalias,#vox_zombie_tiger_kill_plr_3_4
soundalias,#vox_zombie_tiger_kill_plr_3_2
soundalias,#vox_zombie_tiger_kill_plr_3_3
soundalias,#vox_zombie_tiger_kill_plr_3_0
soundalias,#vox_zombie_tiger_kill_plr_3_1
soundalias,#hash_6cc0ebfb6b543b6a
soundalias,#zmb_tiger_spawn_flux_r
soundalias,#zmb_tiger_spawn_flux_l
soundalias,#zmb_fire_loop
soundalias,#zmb_vocals_hellhound_ambient
soundalias,#hash_6d0bcd77a8ec36fe
soundalias,#vox_challenges_complete_prst_8
soundalias,#vox_challenges_complete_prst_9
soundalias,#hash_6d25402166c71958
soundalias,#vox_challenges_complete_prst_1
soundalias,#vox_challenges_complete_prst_2
soundalias,#vox_challenges_complete_prst_3
soundalias,#vox_challenges_complete_prst_4
soundalias,#vox_challenges_complete_prst_5
soundalias,#vox_challenges_complete_prst_6
soundalias,#vox_challenges_complete_prst_7
soundalias,#zmb_traps_fire_start_ug
soundalias,#wpn_scorpion_fire_plr
soundalias,#vox_bop1_exert_rad_end
soundalias,#vox_viper_dragon_ready_plr_1_1
soundalias,#vox_viper_dragon_ready_plr_1_0
soundalias,#vox_viper_dragon_ready_plr_1_2
soundalias,#hash_6d60f9c84ed73c2e
soundalias,#hash_6d66dabb2eb19908
soundalias,#hash_6d6731a1c9da7371
soundalias,#fly_step_prone_zdog_dirt
soundalias,#vox_bop3_exert_death_fall
soundalias,#fly_bowie_impact_player
soundalias,#vox_bop2_exert_bludgeoned
soundalias,#vox_plr_4_exert_rad_start
soundalias,#vox_kill_arnie_plr_1_4
soundalias,#vox_kill_arnie_plr_1_1
soundalias,#vox_kill_arnie_plr_1_0
soundalias,#vox_kill_arnie_plr_1_3
soundalias,#vox_kill_arnie_plr_1_2
soundalias,#zmb_vocals_marauder_bodyfall_pain
soundalias,#fly_step_sprint_tiger_asphalt
soundalias,#fly_step_crouch_run_zdog_plastic
soundalias,#fly_generic_raise_med_plr
soundalias,#fly_step_crouch_run_zdog_plaster
soundalias,#fly_generic_pickup_npc
soundalias,#fly_step_run_tiger_default
soundalias,#vox_bop4_exert_punch_take
soundalias,#vox_shaw_kill_headshot_plr_1_2
soundalias,#vox_shaw_kill_headshot_plr_1_3
soundalias,#vox_shaw_kill_headshot_plr_1_0
soundalias,#vox_shaw_kill_headshot_plr_1_1
soundalias,#vox_shaw_kill_headshot_plr_1_4
soundalias,#vox_m_quest_collect_dung_plr_3_0
soundalias,#hash_6dfa4854873e2e9e
soundalias,#veh_raps_mini_direction
soundalias,#prj_brass_impact_sniper_metalthin
soundalias,#fly_step_crouch_walk_zdog_glass
soundalias,#hash_6e1807b67b012552
soundalias,#hash_6e1881a291ad6bda
soundalias,#wpn_chakram_melee_npc
soundalias,#fly_step_prone_tiger_wood
soundalias,#vox_m_quest_build_fertilizer_plr_4_0
soundalias,#vox_revive_support_dieg_plr_1_2
soundalias,#vox_revive_support_dieg_plr_1_3
soundalias,#vox_revive_support_dieg_plr_1_0
soundalias,#vox_revive_support_dieg_plr_1_1
soundalias,#hash_6e5b63a4795232df
soundalias,#fly_step_crouch_run_zdog_metalthin
soundalias,#hash_6e6f0998af127ebe
soundalias,#hash_6e6f34dac427c4ee
soundalias,#vox_m_quest_basket_nag_plr_3_1
soundalias,#vox_m_quest_basket_nag_plr_3_0
soundalias,#vox_m_quest_basket_nag_plr_3_2
soundalias,#hash_6e7fddb0bfac814f
soundalias,#hash_6e85fbc9e512a858
soundalias,#vox_purity_react_plr_4_0
soundalias,#vox_blac_exert_burn_dead
soundalias,#prj_brass_impact_sniper_glasscar
soundalias,#hash_6eabd835a05fd3c7
soundalias,#hash_6eabe9d8e8950eca
soundalias,#vox_box_feed_elixir_plr_4_0
soundalias,#fly_step_run_tiger_cloth
soundalias,#fly_step_walk_tiger_carpet
soundalias,#fly_golden_knife_first_raise_npc
soundalias,#hash_6ecc12171d70a788
soundalias,#hash_6edd63b119e03792
soundalias,#vox_bop1_exert_pain
soundalias,#fly_melee_imp_chakram_npc_metal
soundalias,#hash_6f3539d2ca988304
soundalias,#vox_bop1_exert_mant_heavy
soundalias,#hash_6f4aafb91ebfc7b1
soundalias,#hash_6f4dbc9a189140b9
soundalias,#vox_ra_base_react_plr_4_0
soundalias,#fly_step_sprint_tiger_foliage
soundalias,#vox_bof3_exert_rad_dmg
soundalias,#vox_plr_2_exert_electro
soundalias,#hash_6f5d9107ac51fcde
soundalias,#vox_hammer_level_3_plr_4_1
soundalias,#vox_hammer_level_3_plr_4_0
soundalias,#vox_hammer_level_3_plr_4_2
soundalias,#vox_plr_4_exert_rad_dmg
soundalias,#vox_viper_kill_plr_4_1
soundalias,#vox_viper_kill_plr_4_0
soundalias,#vox_viper_kill_plr_4_3
soundalias,#vox_viper_kill_plr_4_2
soundalias,#vox_viper_kill_plr_4_4
soundalias,#prj_brass_impact_shell_fruit
soundalias,#prj_brass_impact_large_foliage
soundalias,#vox_bop5_exert_underwater_air_low
soundalias,#wpn_bowie_whoosh_npc
soundalias,#vox_special_round_start_plr_3_2
soundalias,#vox_special_round_start_plr_3_3
soundalias,#vox_special_round_start_plr_3_0
soundalias,#vox_special_round_start_plr_3_1
soundalias,#vox_special_round_start_plr_3_4
soundalias,#vox_bop1_exert_sniper_exhale
soundalias,#hash_6fd0739f355c5220
soundalias,#hash_6fd0e1e25b089a9b
soundalias,#hash_6fd9a2d043b80b4c
soundalias,#exp_spear_lfe
soundalias,#fly_step_crouch_walk_zdog_glasscar
soundalias,#vox_m_quest_charge_warn_plr_1_1
soundalias,#vox_m_quest_charge_warn_plr_1_0
soundalias,#vox_m_quest_charge_warn_plr_1_2
soundalias,#prj_brass_impact_plr_gren_case_rock
soundalias,#vox_bop3_exert_gas_gag
soundalias,#fly_melee_swipealt_knife
soundalias,#fly_step_run_tiger_metalcar
soundalias,#vox_m_quest_wrath_arrive_plr_1_0
soundalias,#zmb_ai_gladiator_axe_lp
soundalias,#hash_701556583c7b3416
soundalias,#hash_701557583c7b35c9
soundalias,#hash_701558583c7b377c
soundalias,#hash_701559583c7b392f
soundalias,#hash_70155a583c7b3ae2
soundalias,#hash_7026c261624e7880
soundalias,#vox_bop1_exert_explo_dead
soundalias,#fly_step_sprint_zdog_dirt
soundalias,#vox_powerup_nuke_plr_2_0
soundalias,#vox_powerup_nuke_plr_2_1
soundalias,#vox_powerup_nuke_plr_2_2
soundalias,#vox_powerup_nuke_plr_2_3
soundalias,#vox_powerup_nuke_plr_2_4
soundalias,#vox_brun_kill_headshot_plr_3_4
soundalias,#vox_brun_kill_headshot_plr_3_0
soundalias,#vox_brun_kill_headshot_plr_3_1
soundalias,#vox_brun_kill_headshot_plr_3_2
soundalias,#vox_brun_kill_headshot_plr_3_3
soundalias,#hash_704d2194aebad26f
soundalias,#vox_nomoney_generic_plr_4_1
soundalias,#vox_nomoney_generic_plr_4_0
soundalias,#vox_nomoney_generic_plr_4_3
soundalias,#vox_nomoney_generic_plr_4_2
soundalias,#vox_nomoney_generic_plr_4_4
soundalias,#hash_706ee55c2c6f2678
soundalias,#vox_fire_trail_active_plr_2_0
soundalias,#hash_707a0e2ff93b63e5
soundalias,#vox_marauder_kill_plr_4_2
soundalias,#vox_marauder_kill_plr_4_3
soundalias,#vox_marauder_kill_plr_4_0
soundalias,#vox_marauder_kill_plr_4_1
soundalias,#vox_marauder_kill_plr_4_4
soundalias,#hash_708d124fb1b2203e
soundalias,#vox_box_shotgun_plr_2_2
soundalias,#vox_box_shotgun_plr_2_3
soundalias,#vox_box_shotgun_plr_2_0
soundalias,#vox_box_shotgun_plr_2_1
soundalias,#vox_box_shotgun_plr_2_4
soundalias,#vox_blac_exert_bludgeoned
soundalias,#fly_melee_imp_scepter_glass
soundalias,#vox_powerup_carpenter_plr_2_4
soundalias,#vox_powerup_carpenter_plr_2_3
soundalias,#vox_powerup_carpenter_plr_2_2
soundalias,#vox_powerup_carpenter_plr_2_1
soundalias,#vox_powerup_carpenter_plr_2_0
soundalias,#hash_70cbedeca3e90f7f
soundalias,#fly_mag_pouch_pat
soundalias,#hash_70d7722a1c750245
soundalias,#hash_70d9fd993e01154d
soundalias,#hash_70debef2ec3977e9
soundalias,#fly_combat_knife_taunt_npc
soundalias,#vox_plr_1_exert_death
soundalias,#amb_beetle_flyby
soundalias,#hash_7101f8d31ad66888
soundalias,#fly_step_walk_tiger_metalcar
soundalias,#hash_7107f284f1253b19
soundalias,#vox_bop2_exert_death_veh_hit
soundalias,#vox_crawler_los_plr_3_0
soundalias,#vox_crawler_los_plr_3_1
soundalias,#vox_crawler_los_plr_3_2
soundalias,#vox_crawler_los_plr_3_3
soundalias,#vox_crawler_los_plr_3_4
soundalias,#vox_bop4_exert_death_veh_fly
soundalias,#hash_713c76249f9c3c8d
soundalias,#fly_step_run_zdog_foliage
soundalias,#vox_blac_exert_electro
soundalias,#vox_pap_pickup_plr_1_1
soundalias,#vox_pap_pickup_plr_1_0
soundalias,#vox_pap_pickup_plr_1_3
soundalias,#vox_pap_pickup_plr_1_2
soundalias,#vox_pap_pickup_plr_1_4
soundalias,#vox_plr_2_exert_underwater_emerge_gasp
soundalias,#pfx_crystal_light_lp
soundalias,#fly_step_prone_tiger_flesh
soundalias,#fly_step_walk_zdog_bark
soundalias,#hash_719775c44cc7a0b2
soundalias,#fly_step_crouch_run_tiger_plastic
soundalias,#hash_71b4f4a4b5319f41
soundalias,#hash_71b6579783254a73
soundalias,#prj_brass_impact_wraith_gravel
soundalias,#vox_plr_2_exert_concuss
soundalias,#hash_71ccff1831605f41
soundalias,#vox_plr_2_outro_igc_9_9
soundalias,#fly_step_crouch_run_tiger_plaster
soundalias,#vox_pickup_rocketshield_plr_3_2
soundalias,#vox_pickup_rocketshield_plr_3_1
soundalias,#vox_pickup_rocketshield_plr_3_0
soundalias,#fly_step_sprint_zdog_rubber
soundalias,#prj_brass_impact_plr_gren_case_flesh
soundalias,#hash_71fa2657f5fd0bfd
soundalias,#hash_71fcbb6090ff031e
soundalias,#hash_7204b092c976136b
soundalias,#vox_bop3_exert_mant_heavy
soundalias,#wpn_hammer_melee_npc
soundalias,#fly_step_crouch_run_tiger_rock
soundalias,#hash_721ec2a9b02e83e6
soundalias,#vox_chakram_kill_mult_plr_4_4
soundalias,#vox_chakram_kill_mult_plr_4_3
soundalias,#vox_chakram_kill_mult_plr_4_2
soundalias,#vox_chakram_kill_mult_plr_4_1
soundalias,#vox_chakram_kill_mult_plr_4_0
soundalias,#vox_shaw_surrounded_oh_shit_plr_2_0
soundalias,#vox_shaw_surrounded_oh_shit_plr_2_1
soundalias,#vox_shaw_surrounded_oh_shit_plr_2_2
soundalias,#vox_shaw_surrounded_oh_shit_plr_2_3
soundalias,#vox_shaw_surrounded_oh_shit_plr_2_4
soundalias,#zmb_traps_acid_stop
soundalias,#fly_generic_pickup_plr
soundalias,#vox_2_banter_dieg_shaw_plr_3_0
soundalias,#wpn_dragon_fire_plr_decay
soundalias,#zmb_vocals_destroyer_throw
soundalias,#vox_crowd_negative_poor_plr_1_3
soundalias,#vox_crowd_negative_poor_plr_1_2
soundalias,#vox_crowd_negative_poor_plr_1_1
soundalias,#vox_crowd_negative_poor_plr_1_0
soundalias,#fly_step_walk_tiger_grass
soundalias,#dst_trash_bag
soundalias,#wpn_dragon_npc_impact
soundalias,#hash_729ae56623f13415
soundalias,#wpn_chakram_projectile_bounce
soundalias,#hash_72a60692d8da733e
soundalias,#vox_destroyer_react_first_plr_4_0
soundalias,#vox_destroyer_react_first_plr_4_1
soundalias,#wpn_homunculus_bounce_default
soundalias,#vox_blightfather_vomit_plr_2_0
soundalias,#vox_blightfather_vomit_plr_2_1
soundalias,#vox_blightfather_vomit_plr_2_2
soundalias,#fly_step_run_tiger_cushion
soundalias,#zmb_vocals_tiger_attack_melee
soundalias,#hash_72d55f9efed16b54
soundalias,#hash_72d5609efed16d07
soundalias,#fly_melee_imp_hammer_npc_riot
soundalias,#vox_ammo_out_plr_1_0
soundalias,#vox_ammo_out_plr_1_1
soundalias,#vox_ammo_out_plr_1_2
soundalias,#vox_ammo_out_plr_1_3
soundalias,#fly_generic_raise_shrt_plr
soundalias,#vox_m_quest_shockwave_warn_plr_1_0
soundalias,#vox_bop2_exert_burn_dmg
soundalias,#vox_bop2_exert_breath_hurt
soundalias,#fly_melee_swipe_knife
soundalias,#zmb_ai_gladiator_axe_catch
soundalias,#fly_step_prone_tiger_fruit
soundalias,#hash_735a8858fb3df57d
soundalias,#vox_bop4_exert_mant_heavy
soundalias,#fly_step_sprint_tiger_default
soundalias,#vox_bop2_exert_stabbed
soundalias,#fly_step_run_zdog_mud
soundalias,#hash_73dae3c5e1e26cb1
soundalias,#zmb_hellhound_bolt_lfe
soundalias,#amb_underground_lp
soundalias,#hash_7402a533a73978ee
soundalias,#hash_7407398a881b41f8
soundalias,#hash_7409dcc0b01a2542
soundalias,#prj_brass_impact_large_carpet
soundalias,#fly_melee_imp_chakram_flesh_npc
soundalias,#vox_plr_1_exert_rad_dmg
soundalias,#vox_blightfather_kill_plr_3_0
soundalias,#vox_blightfather_kill_plr_3_1
soundalias,#vox_blightfather_kill_plr_3_2
soundalias,#vox_blightfather_kill_plr_3_3
soundalias,#vox_blightfather_kill_plr_3_4
soundalias,#prj_brass_impact_wraith_metalhollow
soundalias,#vox_crowd_negative_terrible_plr_2_4
soundalias,#vox_crowd_negative_terrible_plr_2_1
soundalias,#vox_crowd_negative_terrible_plr_2_0
soundalias,#vox_crowd_negative_terrible_plr_2_3
soundalias,#vox_crowd_negative_terrible_plr_2_2
soundalias,#hash_743361ea0e37c80d
soundalias,#hash_743459bdbedaa021
soundalias,#vox_m_quest_missile_track_plr_4_2
soundalias,#vox_m_quest_missile_track_plr_4_1
soundalias,#vox_m_quest_missile_track_plr_4_0
soundalias,#vox_bop4_exert_rad_dmg
soundalias,#fly_step_crouch_run_zdog_water
soundalias,#vox_marauder_react_plr_1_0
soundalias,#vox_marauder_react_plr_1_1
soundalias,#vox_marauder_react_plr_1_2
soundalias,#vox_marauder_react_plr_1_3
soundalias,#vox_marauder_react_plr_1_4
soundalias,#hash_744a0174f2cdc054
soundalias,#prj_brass_impact_sniper_concrete
soundalias,#zmb_traps_fire_lp
soundalias,#vox_3_banter_scar_shaw_plr_1_1
soundalias,#zmb_vocals_tiger_close
soundalias,#prj_brass_impact_wraith_glasscar
soundalias,#vox_zombie_tiger_react_first_plr_2_1
soundalias,#vox_zombie_tiger_react_first_plr_2_0
soundalias,#zmb_vocals_zombie_pain
soundalias,#vox_bof4_exert_rad_dmg
soundalias,#uin_seeker_qte_success
soundalias,#fly_step_sprint_zdog_metalhollow
soundalias,#vox_viper_dragon_activate_plr_3_1
soundalias,#vox_viper_dragon_activate_plr_3_0
soundalias,#vox_viper_dragon_activate_plr_3_3
soundalias,#vox_viper_dragon_activate_plr_3_2
soundalias,#vox_viper_dragon_activate_plr_3_4
soundalias,#vox_bop5_exert_gas_cough
soundalias,#hash_74af1e5edf904d60
soundalias,#hash_74af225edf90542c
soundalias,#hash_74af235edf9055df
soundalias,#hash_74af245edf905792
soundalias,#hash_74af255edf905945
soundalias,#vox_plr_2_exert_gas_gag
soundalias,#hash_74b9b2f9aec72dac
soundalias,#hash_74b9b3f9aec72f5f
soundalias,#hash_74b9b6f9aec73478
soundalias,#hash_74b9b7f9aec7362b
soundalias,#hash_74b9b8f9aec737de
soundalias,#hash_74b9b9f9aec73991
soundalias,#hash_74b9baf9aec73b44
soundalias,#hash_74b9bbf9aec73cf7
soundalias,#hash_74b9bcf9aec73eaa
soundalias,#hash_74b9bdf9aec7405d
soundalias,#vox_bop1_exert_punch_give
soundalias,#vox_hammer_level_2_plr_3_2
soundalias,#vox_hammer_level_2_plr_3_1
soundalias,#vox_hammer_level_2_plr_3_0
soundalias,#wpn_rgun_flux_r_npc
soundalias,#pfx_flies
soundalias,#fly_step_prone_zdog_metalcar
soundalias,#vox_bop1_exert_rad_dmg
soundalias,#hash_752684beddb96e82
soundalias,#vox_m_quest_water_resp_plr_2_0
soundalias,#vox_m_quest_catacomb_enter_plr_3_0
soundalias,#fly_step_crouch_run_zdog_metalcar
soundalias,#vox_bop3_exert_gas_gasp
soundalias,#vox_powerup_insta_plr_1_4
soundalias,#vox_powerup_insta_plr_1_1
soundalias,#vox_powerup_insta_plr_1_0
soundalias,#vox_powerup_insta_plr_1_3
soundalias,#vox_powerup_insta_plr_1_2
soundalias,#hash_758e21d2aef25766
soundalias,#vox_2_banter_brun_shaw_plr_4_1
soundalias,#fly_step_crouch_walk_tiger_plastic
soundalias,#hash_75a2099e8df5a448
soundalias,#hash_75a593d5ae5aaf36
soundalias,#pfx_water_on_metal
soundalias,#prj_brass_impact_plr_gren_case_paintedmetal
soundalias,#hash_75b523ba694eea96
soundalias,#vox_plr_4_exert_death_veh_under
soundalias,#vox_blac_exert_rad_end
soundalias,#fly_step_crouch_walk_tiger_plaster
soundalias,#vox_bop3_exert_explo_dead
soundalias,#vox_m_quest_basket_nag_plr_2_0
soundalias,#vox_m_quest_basket_nag_plr_2_1
soundalias,#vox_m_quest_basket_nag_plr_2_2
soundalias,#vox_box_smg_plr_4_4
soundalias,#vox_box_smg_plr_4_1
soundalias,#vox_box_smg_plr_4_0
soundalias,#vox_box_smg_plr_4_3
soundalias,#vox_box_smg_plr_4_2
soundalias,#vox_plr_2_exert_mant_heavy
soundalias,#hash_75e91bf08cd631e8
soundalias,#vox_chakram_level_3_plr_1_2
soundalias,#vox_chakram_level_3_plr_1_1
soundalias,#vox_chakram_level_3_plr_1_0
soundalias,#vox_box_sniper_plr_1_0
soundalias,#vox_box_sniper_plr_1_1
soundalias,#vox_box_sniper_plr_1_2
soundalias,#vox_box_sniper_plr_1_3
soundalias,#vox_box_sniper_plr_1_4
soundalias,#vox_bop4_exert_underwater_air_low
soundalias,#vox_blightfather_react_plr_1_3
soundalias,#vox_blightfather_react_plr_1_2
soundalias,#vox_blightfather_react_plr_1_1
soundalias,#vox_blightfather_react_plr_1_0
soundalias,#vox_blightfather_react_plr_1_4
soundalias,#vox_scar_kill_streak_plr_4_1
soundalias,#vox_scar_kill_streak_plr_4_0
soundalias,#vox_scar_kill_streak_plr_4_3
soundalias,#vox_scar_kill_streak_plr_4_2
soundalias,#vox_scar_kill_streak_plr_4_4
soundalias,#vox_plr_2_exert_explo_dead
soundalias,#vox_special_round_start_plr_4_1
soundalias,#vox_special_round_start_plr_4_0
soundalias,#vox_special_round_start_plr_4_3
soundalias,#vox_special_round_start_plr_4_2
soundalias,#vox_special_round_start_plr_4_4
soundalias,#vox_5_banter_brun_scar_plr_2_0
soundalias,#fly_step_sprint_tiger_cloth
soundalias,#wpn_scepter_plant_lp_center
soundalias,#hash_76650c2381ffec04
soundalias,#hash_76650d2381ffedb7
soundalias,#hash_76650f2381fff11d
soundalias,#mpl_seeker_mine_warn_ui
soundalias,#hash_767698596aa0ea4a
soundalias,#wpn_smg_dryfire_plr
soundalias,#zmb_vocals_tiger_ambient_loud
soundalias,#fly_step_crouch_run_tiger_glasscar
soundalias,#hash_769f75d14373cb9c
soundalias,#hash_76c83834077a371c
soundalias,#hash_76c83934077a38cf
soundalias,#hash_76c83a34077a3a82
soundalias,#hash_76d47135a4da8a82
soundalias,#vox_1_banter_dieg_scar_plr_1_1
soundalias,#prj_brass_impact_sniper_fruit
soundalias,#zmb_hellhound_spawn_flux_l
soundalias,#zmb_hellhound_spawn_flux_r
soundalias,#hash_76e7a6317f4f8a4e
soundalias,#fly_step_crouch_walk_zdog_plaster
soundalias,#vox_ammo_low_plr_1_2
soundalias,#vox_ammo_low_plr_1_3
soundalias,#vox_ammo_low_plr_1_0
soundalias,#vox_ammo_low_plr_1_1
soundalias,#vox_ammo_low_plr_1_4
soundalias,#wpn_viper_bite_start
soundalias,#fly_melee_lungealt_player_knife
soundalias,#fly_step_crouch_walk_zdog_plastic
soundalias,#hash_771eed11598c2709
soundalias,#fly_step_sprint_zdog_ceramic
soundalias,#dst_dest_reel2reel_02_dp_d0
soundalias,#wpn_rgun_fire_act_npc
soundalias,#vox_serket_spile_pickup_plr_4_0
soundalias,#wpn_hammer_melee_impact
soundalias,#fly_riotshield_zm_impact_zombies
soundalias,#fly_step_prone_tiger_metalcatprone
soundalias,#vox_flame_hazard_unharmed_plr_2_1
soundalias,#vox_flame_hazard_unharmed_plr_2_0
soundalias,#vox_flame_hazard_unharmed_plr_2_2
soundalias,#vox_destroyer_react_plr_3_0
soundalias,#vox_destroyer_react_plr_3_1
soundalias,#vox_destroyer_react_plr_3_2
soundalias,#vox_destroyer_react_plr_3_3
soundalias,#vox_destroyer_react_plr_3_4
soundalias,#zmb_cha_ching_loud
soundalias,#hash_77675a71f617dbd1
soundalias,#vox_plr_2_exert_punch_give
soundalias,#zmb_vocals_marauder_ambient
soundalias,#vox_blac_exert_punch_give
soundalias,#vox_powerup_nuke_plr_1_4
soundalias,#vox_powerup_nuke_plr_1_3
soundalias,#vox_powerup_nuke_plr_1_2
soundalias,#vox_powerup_nuke_plr_1_1
soundalias,#vox_powerup_nuke_plr_1_0
soundalias,#hash_778703bdea8f5b9a
soundalias,#mus_towers_roundstart_special_1_intro
soundalias,#vox_shaw_kill_streak_plr_2_1
soundalias,#vox_shaw_kill_streak_plr_2_0
soundalias,#vox_shaw_kill_streak_plr_2_3
soundalias,#vox_shaw_kill_streak_plr_2_2
soundalias,#vox_shaw_kill_streak_plr_2_4
soundalias,#zmb_cha_ching
soundalias,#prj_brass_impact_sniper_glass
soundalias,#fly_scorpion_idle_mvmt
soundalias,#vox_plr_3_exert_burn_dead
soundalias,#hash_77bc0900154a80c8
soundalias,#hash_77bc0b00154a842e
soundalias,#hash_77bc0c00154a85e1
soundalias,#hash_77be2df5180465a2
soundalias,#vox_fire_trail_active_plr_1_0
soundalias,#vox_blac_exert_self_heal
soundalias,#fly_step_prone_zdog_ceramic
soundalias,#fly_step_crouch_walk_zdog_wood
soundalias,#fly_melee_imp_hammer_plastic
soundalias,#dst_wood_crate
soundalias,#wpn_hammer_jab_npc
soundalias,#fly_step_prone_tiger_carpet
soundalias,#vox_2_banter_dieg_scar_plr_1_0
soundalias,#vox_crowd_positive_great_plr_4_3
soundalias,#vox_crowd_positive_great_plr_4_2
soundalias,#vox_crowd_positive_great_plr_4_1
soundalias,#vox_crowd_positive_great_plr_4_0
soundalias,#vox_crowd_positive_great_plr_4_4
soundalias,#fly_step_walk_zdog_metalthin
soundalias,#hash_782ad42c87c1e6a8
soundalias,#vox_bop3_exert_concuss
soundalias,#vox_m_quest_wrath_arrive_plr_2_0
soundalias,#wpn_bowie_whoosh_plr
soundalias,#fly_melee_imp_chakram_wood
soundalias,#hash_784c6d9757964494
soundalias,#fly_step_crouch_run_zdog_snow
soundalias,#fly_step_walk_zdog_cushion
soundalias,#hash_785c5e94f2e23b48
soundalias,#vox_decay_gas_react_plr_3_0
soundalias,#hash_788f7c89f5ab521f
soundalias,#wpn_scepter_sheathe_npc
soundalias,#hash_78a2cf5f2fd959c2
soundalias,#vox_box_arnie_plr_4_4
soundalias,#vox_box_arnie_plr_4_1
soundalias,#vox_box_arnie_plr_4_0
soundalias,#vox_box_arnie_plr_4_3
soundalias,#vox_box_arnie_plr_4_2
soundalias,#vox_marauder_kill_plr_3_1
soundalias,#vox_marauder_kill_plr_3_0
soundalias,#vox_marauder_kill_plr_3_3
soundalias,#vox_marauder_kill_plr_3_2
soundalias,#vox_marauder_kill_plr_3_4
soundalias,#vox_m_quest_collect_dung_plr_2_0
soundalias,#hash_78c08083e3293db8
soundalias,#fly_step_walk_tiger_wood
soundalias,#vox_m_quest_build_fertilizer_plr_3_0
soundalias,#hash_790e26e42381271d
soundalias,#hash_7926daaf052fa6b9
soundalias,#vox_pickup_rocketshield_plr_2_2
soundalias,#vox_pickup_rocketshield_plr_2_0
soundalias,#vox_pickup_rocketshield_plr_2_1
soundalias,#hash_792d0d49a93ca1a3
soundalias,#wpn_chakram_melee_impact_swt_victim
soundalias,#vox_bop1_exert_death
soundalias,#hash_796c15628290e413
soundalias,#hash_797bb8ac11645016
soundalias,#fly_spoon_first_raise_npc
soundalias,#vox_zombie_tiger_react_plr_4_0
soundalias,#vox_zombie_tiger_react_plr_4_1
soundalias,#vox_zombie_tiger_react_plr_4_2
soundalias,#vox_zombie_tiger_react_plr_4_3
soundalias,#vox_zombie_tiger_react_plr_4_4
soundalias,#fly_step_run_tiger_metalcatrun
soundalias,#wpn_ray_reload_battery_out
soundalias,#fly_step_crouch_run_tiger_mud
soundalias,#prj_brass_impact_gren_case_concrete
soundalias,#zmb_hellhound_bolt
soundalias,#zmb_vocals_zombie_ambient
soundalias,#zmb_ai_gladiator_spawn_des
soundalias,#vox_viper_level_3_plr_4_1
soundalias,#vox_viper_level_3_plr_4_0
soundalias,#vox_viper_level_3_plr_4_2
soundalias,#vox_kill_revenge_plr_1_0
soundalias,#vox_kill_revenge_plr_1_1
soundalias,#vox_kill_revenge_plr_1_2
soundalias,#vox_kill_revenge_plr_1_3
soundalias,#vox_kill_revenge_plr_1_4
soundalias,#vox_kill_revenge_plr_1_5
soundalias,#vox_kill_revenge_plr_1_6
soundalias,#vox_kill_revenge_plr_1_7
soundalias,#vox_pap_wait_plr_1_2
soundalias,#vox_pap_wait_plr_1_3
soundalias,#vox_pap_wait_plr_1_0
soundalias,#vox_pap_wait_plr_1_1
soundalias,#vox_crowd_positive_good_plr_1_4
soundalias,#vox_crowd_positive_good_plr_1_0
soundalias,#vox_crowd_positive_good_plr_1_1
soundalias,#vox_crowd_positive_good_plr_1_2
soundalias,#vox_crowd_positive_good_plr_1_3
soundalias,#vox_blightfather_vomit_plr_1_2
soundalias,#vox_blightfather_vomit_plr_1_1
soundalias,#vox_blightfather_vomit_plr_1_0
soundalias,#fly_step_run_tiger_rock
soundalias,#vox_m_quest_fury_arrive_prst_0
soundalias,#vox_destroyer_kill_plr_4_0
soundalias,#vox_destroyer_kill_plr_4_1
soundalias,#vox_destroyer_kill_plr_4_2
soundalias,#vox_destroyer_kill_plr_4_3
soundalias,#vox_destroyer_kill_plr_4_4
soundalias,#hash_7a160e0502e22c36
soundalias,#fly_step_prone_zdog_grass
soundalias,#fly_melee_imp_scepter_npc
soundalias,#wpn_hammer_slam_elec_plr
soundalias,#vox_flame_hazard_react_plr_3_1
soundalias,#vox_flame_hazard_react_plr_3_0
soundalias,#vox_flame_hazard_react_plr_3_2
soundalias,#vox_ammo_out_plr_2_3
soundalias,#vox_ammo_out_plr_2_2
soundalias,#vox_ammo_out_plr_2_1
soundalias,#vox_ammo_out_plr_2_0
soundalias,#vox_ammo_out_plr_2_4
soundalias,#prj_brass_impact_plr_gren_case_mud
soundalias,#fly_step_crouch_run_tiger_water
soundalias,#vox_scar_surrounded_oh_shit_plr_3_4
soundalias,#vox_scar_surrounded_oh_shit_plr_3_3
soundalias,#vox_scar_surrounded_oh_shit_plr_3_2
soundalias,#vox_scar_surrounded_oh_shit_plr_3_1
soundalias,#vox_scar_surrounded_oh_shit_plr_3_0
soundalias,#hash_7a56f1a5171000a4
soundalias,#hash_7a56f2a517100257
soundalias,#hash_7a56f4a5171005bd
soundalias,#zmb_vocals_hellephant_growl
soundalias,#vox_arena_react_plr_1_0
soundalias,#wpn_viper_bite_activate_plr
soundalias,#vox_plr_4_exert_rad_end
soundalias,#vox_m_quest_heart_nag_plr_3_2
soundalias,#vox_m_quest_heart_nag_plr_3_1
soundalias,#vox_m_quest_heart_nag_plr_3_0
soundalias,#hash_7aa05778ada10163
soundalias,#hash_7aa99f58feffde92
soundalias,#hash_7aabe8279fd1dc56
soundalias,#hash_7aace930793493ef
soundalias,#wpn_viper_melee_impact_swt
soundalias,#hash_7ac5fa6568de2461
soundalias,#fly_mag_velcrp_rip
soundalias,#fly_step_crouch_walk_tiger_glass
soundalias,#vox_bop3_exert_breath_hurt
soundalias,#hash_7ae95cf38425ba82
soundalias,#vox_m_quest_collect_wood_plr_1_0
soundalias,#vox_perk_generic_plr_4_8
soundalias,#vox_perk_generic_plr_4_9
soundalias,#vox_perk_generic_plr_4_0
soundalias,#vox_perk_generic_plr_4_1
soundalias,#vox_perk_generic_plr_4_2
soundalias,#vox_perk_generic_plr_4_3
soundalias,#vox_perk_generic_plr_4_4
soundalias,#vox_perk_generic_plr_4_5
soundalias,#vox_perk_generic_plr_4_6
soundalias,#vox_perk_generic_plr_4_7
soundalias,#vox_viper_dragon_activate_plr_2_0
soundalias,#vox_viper_dragon_activate_plr_2_1
soundalias,#vox_viper_dragon_activate_plr_2_2
soundalias,#vox_viper_dragon_activate_plr_2_3
soundalias,#vox_viper_dragon_activate_plr_2_4
soundalias,#prj_brass_impact_large_metalhollow
soundalias,#fly_step_prone_zdog_asphalt
soundalias,#prj_brass_impact_gren_case_rock
soundalias,#fly_step_crouch_walk_tiger_snow
soundalias,#wpn_hammer_melee_elec_npc
soundalias,#mpl_seeker_mine_move
soundalias,#fly_step_sprint_zdog_sand
soundalias,#hash_7b569d241e9c29aa
soundalias,#fly_melee_imp_hammer_npc_glass
soundalias,#vox_destroy_rocketshield_plr_3_2
soundalias,#vox_destroy_rocketshield_plr_3_1
soundalias,#vox_destroy_rocketshield_plr_3_0
soundalias,#wpn_scorpion_zombie_impact
soundalias,#vox_powerup_carpenter_plr_3_4
soundalias,#vox_powerup_carpenter_plr_3_2
soundalias,#vox_powerup_carpenter_plr_3_3
soundalias,#vox_powerup_carpenter_plr_3_0
soundalias,#vox_powerup_carpenter_plr_3_1
soundalias,#prj_brass_impact_large_glasscar
soundalias,#wpn_zhield_fire_lfe_npc
soundalias,#fly_step_sprint_tiger_plastic
soundalias,#hash_7b8ddcc3ac603349
soundalias,#vox_marauder_react_plr_2_4
soundalias,#vox_marauder_react_plr_2_3
soundalias,#vox_marauder_react_plr_2_2
soundalias,#vox_marauder_react_plr_2_1
soundalias,#vox_marauder_react_plr_2_0
soundalias,#hash_7b9ca5d6a06de2e1
soundalias,#hash_7b9fa128bcc520ff
soundalias,#hash_7b9fec388654f2b5
soundalias,#fly_step_walk_tiger_metalcatwalk
soundalias,#hash_7ba3efc9f7327ec4
soundalias,#hash_7ba6b613164a34f4
soundalias,#hash_7babfd55fbd1632c
soundalias,#hash_7babfe55fbd164df
soundalias,#hash_7bac0055fbd16845
soundalias,#vox_plr_3_exert_underwater_air_low
soundalias,#fly_step_sprint_tiger_plaster
soundalias,#hash_7bb9f96a13de9eba
soundalias,#hash_7bc20381f7011997
soundalias,#vox_zombie_tiger_react_first_plr_3_0
soundalias,#vox_zombie_tiger_react_first_plr_3_1
soundalias,#prj_brass_impact_sniper_glassbulletproof
soundalias,#hash_7bd802b65d31a431
soundalias,#zmb_vocals_hellephant_pain
soundalias,#hash_7be24f149608de05
soundalias,#vox_bop4_exert_rad_start
soundalias,#vox_bom4_exert_rad_start
soundalias,#wpn_homunculus_raise_plr
soundalias,#vox_gib_zombie_plr_4_4
soundalias,#vox_gib_zombie_plr_4_1
soundalias,#vox_gib_zombie_plr_4_0
soundalias,#vox_gib_zombie_plr_4_3
soundalias,#vox_gib_zombie_plr_4_2
soundalias,#vox_shaw_surrounded_oh_shit_plr_1_3
soundalias,#vox_shaw_surrounded_oh_shit_plr_1_2
soundalias,#vox_shaw_surrounded_oh_shit_plr_1_1
soundalias,#vox_shaw_surrounded_oh_shit_plr_1_0
soundalias,#prj_brass_impact_sniper_flesh
soundalias,#zmb_traps_fire_start
soundalias,#wpn_chakram_melee_impact_plr
soundalias,#prj_brass_impact_sniper_asphalt
soundalias,#vox_bof4_exert_rad_end
soundalias,#fly_step_crouch_run_tiger_concrete
soundalias,#vox_crowd_negative_terrible_plr_3_4
soundalias,#vox_crowd_negative_terrible_plr_3_0
soundalias,#vox_crowd_negative_terrible_plr_3_1
soundalias,#vox_crowd_negative_terrible_plr_3_2
soundalias,#vox_crowd_negative_terrible_plr_3_3
soundalias,#wpn_optic_zoom_in
soundalias,#wpn_scepter_plant_activate_plr
soundalias,#hash_7c6b06941557e340
soundalias,#hash_7c7a276d99080b4a
soundalias,#hash_7c80a84ccd412ca4
soundalias,#fly_step_crouch_run_tiger_rubber
soundalias,#fly_golden_spork_first_raise_npc
soundalias,#wpn_chakram_projectile_throw_npc
soundalias,#hash_7ca5eeb8da95b2af
soundalias,#vox_blac_exert_rad_dmg
soundalias,#amb_water_drizzle
soundalias,#prj_brass_impact_plr_gren_case_cushion
soundalias,#vox_m_quest_collect_charcoal_plr_4_0
soundalias,#hash_7cd3faa9b6d3ce0e
soundalias,#fly_melee_imp_galva_npc_plastic
soundalias,#vox_chakram_ready_plr_2_1
soundalias,#vox_chakram_ready_plr_2_0
soundalias,#vox_chakram_ready_plr_2_2
soundalias,#hash_7ce448667e05b481
soundalias,#fly_step_prone_tiger_asphalt
soundalias,#vox_hammer_level_2_plr_2_2
soundalias,#vox_hammer_level_2_plr_2_0
soundalias,#vox_hammer_level_2_plr_2_1
soundalias,#fly_step_crouch_run_tiger_metalhollow
soundalias,#fly_step_prone_tiger_tallgrass
soundalias,#hash_7d11219a263cf6b4
soundalias,#zmb_vocals_hellhound_close
soundalias,#vox_hammer_ready_plr_3_2
soundalias,#vox_hammer_ready_plr_3_1
soundalias,#vox_hammer_ready_plr_3_0
soundalias,#vox_box_sniper_plr_2_4
soundalias,#vox_box_sniper_plr_2_3
soundalias,#vox_box_sniper_plr_2_2
soundalias,#vox_box_sniper_plr_2_1
soundalias,#vox_box_sniper_plr_2_0
soundalias,#vox_kill_wonder_plr_4_2
soundalias,#vox_kill_wonder_plr_4_3
soundalias,#vox_kill_wonder_plr_4_0
soundalias,#vox_kill_wonder_plr_4_1
soundalias,#vox_kill_wonder_plr_4_4
soundalias,#mpl_electrical_surge
soundalias,#vox_plr_4_exert_gas_gasp
soundalias,#vox_m_quest_water_resp_plr_3_0
soundalias,#hash_7d73d87905b72711
soundalias,#zmb_magicbox_leave_2d
soundalias,#prj_brass_impact_large_metalcar
soundalias,#wpn_viper_bite_activate_npc_lfe
soundalias,#vox_plr_3_exert_breath_hurt
soundalias,#fly_step_crouch_walk_tiger_sand
soundalias,#hash_7da4f54a7e06208b
soundalias,#fly_step_crouch_walk_zdog_ceramic
soundalias,#hash_7daf356c9c920be7
soundalias,#vox_bop2_exert_underwater_emerge_gasp
soundalias,#fly_step_crouch_run_tiger_metal
soundalias,#prj_brass_impact_sniper_foliage
soundalias,#vox_plr_4_exert_razor_wire
soundalias,#vox_m_quest_basket_nag_plr_1_2
soundalias,#vox_m_quest_basket_nag_plr_1_1
soundalias,#vox_m_quest_basket_nag_plr_1_0
soundalias,#hash_7e0bcff9cf221f89
soundalias,#hash_7e123854b98405a4
soundalias,#vox_bop3_exert_sniper_hold
soundalias,#vox_4_banter_brun_dieg_plr_2_1
soundalias,#hash_7e462a152641e734
soundalias,#zmb_vocals_marauder_roar
soundalias,#fly_step_walk_zdog_rubber
soundalias,#vox_bop2_exert_burn_dead
soundalias,#vox_viper_dragon_ready_plr_3_2
soundalias,#vox_viper_dragon_ready_plr_3_1
soundalias,#vox_viper_dragon_ready_plr_3_0
soundalias,#zmb_hellhound_spirit
soundalias,#zmb_traps_acid_start
soundalias,#hash_7eab2f25cd2d5c0c
soundalias,#evt_fan_break
soundalias,#vox_kill_arnie_plr_3_3
soundalias,#vox_kill_arnie_plr_3_2
soundalias,#vox_kill_arnie_plr_3_1
soundalias,#vox_kill_arnie_plr_3_0
soundalias,#vox_kill_arnie_plr_3_4
soundalias,#wpn_revolver_dryfire_plr
soundalias,#hash_7ed9d6bbddcec39a
soundalias,#wpn_chakram_melee_fx_plr
soundalias,#vox_tedd_exert_gas_cough
soundalias,#fly_step_prone_zdog_tallgrass
soundalias,#fly_melee_imp_scepter_wood
soundalias,#hash_7f067d9322e18ffa
soundalias,#fly_step_prone_tiger_mud
soundalias,#hash_7f118ea3a4874268
soundalias,#vox_m_quest_collect_dung_plr_1_0
soundalias,#hash_7f22e377ad286988
soundalias,#hash_7f22e577ad286cee
soundalias,#hash_7f22e677ad286ea1
soundalias,#hash_7f22e777ad287054
soundalias,#hash_7f22e877ad287207
soundalias,#hash_7f22ea77ad28756d
soundalias,#zmb_ai_marauder_melee_quick
soundalias,#hash_7f2e66132114e68c
soundalias,#fly_step_sprint_zdog_metalcar
soundalias,#fly_combat_knife_taunt
soundalias,#vox_bop4_exert_rad_end
soundalias,#vox_blac_exert_concuss
soundalias,#vox_bop5_exert_death
soundalias,#hash_7f6bf79b60f1e8d4
soundalias,#zmb_ai_gladiator_death_land
soundalias,#fly_step_walk_tiger_gravel
soundalias,#vox_m_quest_wrath_arrive_plr_3_0
soundalias,#hash_7f870ffc5dabdc33
soundalias,#vox_m_quest_wrath_arrive_prst_0
soundalias,#hash_7f8f5a20e4b87aac
soundalias,#hash_7f957a9edc638fd3
soundalias,#vox_plr_2_exert_death_veh_hit
soundalias,#vox_bof4_exert_rad_start
soundalias,#hash_7faa2fa42daae8d3
soundalias,#hash_7faa32a42daaedec
soundalias,#hash_7faa34a42daaf152
soundalias,#hash_7faa35a42daaf305
soundalias,#hash_7fb087d4eda7e845
soundalias,#fly_step_run_zdog_watershallow
soundalias,#hash_7fce3a84b4e750f5
soundalias,#hash_7fd0c2d94aed7612
soundalias,#hash_7fd1c9b8c5fd4b6d
soundalias,#vox_hammer_active_plr_4_3
soundalias,#vox_hammer_active_plr_4_2
soundalias,#vox_hammer_active_plr_4_1
soundalias,#vox_hammer_active_plr_4_0
soundalias,#vox_hammer_active_plr_4_4
soundalias,#vox_dragon_kill_plr_4_4
soundalias,#vox_dragon_kill_plr_4_0
soundalias,#vox_dragon_kill_plr_4_1
soundalias,#vox_dragon_kill_plr_4_2
soundalias,#vox_dragon_kill_plr_4_3
soundalias,#hash_7fe5636b1fde99aa
soundalias,#hash_7ff41417f780afbd
soundalias,#vox_marauder_kill_plr_2_0
soundalias,#vox_marauder_kill_plr_2_1
soundalias,#vox_marauder_kill_plr_2_2
soundalias,#vox_marauder_kill_plr_2_3
soundalias,#vox_marauder_kill_plr_2_4
soundalias,#vox_m_quest_catacomb_enter_plr_2_0
client_fx,#maps/zm_towers/fx8_boss_attack_eye_trail
client_fx,#hash_81acefeeab6c48
client_fx,#weapon/fx_trail_grenade
client_fx,#impacts/fx8_proj_impact_water_sm
client_fx,#hash_14d7c3ad478543a
client_fx,#hash_1d6280fe28ef047
client_fx,#hash_1d9fd55ec74837c
client_fx,#hash_24d0d45080034da
client_fx,#hash_255bae38528d46b
client_fx,#hash_2947a74c2209d11
client_fx,#hash_29adecede9b00a2
client_fx,#zm_ai/fx8_cata_elec_aura
client_fx,#hash_2d151fbde925d3e
client_fx,#hash_2fa6e69cbbe0de1
client_fx,#hash_33771e94b2c2583
client_fx,#impacts/fx_bul_impact_heavy_head_nonfatal_exit
client_fx,#impacts/fx8_bul_impact_blood_head_nonfatal
client_fx,#maps/zm_towers/fx8_boss_attack_slam_trail_lg
client_fx,#impacts/fx8_bul_impact_robot_limb_nonfatal
client_fx,#hash_46234b48f3c3d22
client_fx,#hash_6ce60bc4b64e793
client_fx,#hash_71198dfc5b0fd85
client_fx,#impacts/fx8_bul_impact_default_lg
client_fx,#hash_75bbd0f87c4680f
client_fx,#hash_764c40cff30dca5
client_fx,#impacts/fx8_bul_impact_default_sm
client_fx,#fire/fx_fire_ai_human_torso_loop
client_fx,#hash_858ccf87056e9f3
client_fx,#player/fx_plyr_jump_dust_dirt
client_fx,#electric/fx_ability_elec_surge_short_raps
client_fx,#impacts/fx_bul_impact_pwr_armor_lg
client_fx,#hash_9dd3174f1e4d47b
client_fx,#weapon/fx8_shellejects_pistol
client_fx,#fire/fx_fire_ai_human_leg_right_loop
client_fx,#fire/fx_fire_ai_human_head_loop
client_fx,#zm_ai/fx8_cata_plasma_blast_tell_torso
client_fx,#impacts/fx_bul_impact_boss_body_nonfatal_exit
client_fx,#impacts/fx_bul_impact_boss_body_nonfatal
client_fx,#blood/fx_blood_impact_exp_body_lg
client_fx,#hash_fbadfbe7348ad4d
client_fx,#hash_fc0cbbe734cf6ff
client_fx,#hash_ffe98ef7723c875
client_fx,#hash_108cfc8cc7b79388
client_fx,#hash_1093d48cc7bd6e3e
client_fx,#hash_10cab6f6345be4d8
client_fx,#hash_11321db507e6caf1
client_fx,#impacts/fx8_bul_impact_concrete_sm
client_fx,#impacts/fx8_bul_impact_concrete_lg
client_fx,#impacts/fx8_bul_impact_metal_sm
client_fx,#impacts/fx8_bul_impact_metal_lg
client_fx,#impacts/fx8_bul_impact_blood_head_nonfatal_exit
client_fx,#zm_ai/fx8_cata_cor_aura_locked
client_fx,#hash_13f09e4051884309
client_fx,#zm_ai/fx8_cata_elec_blast
client_fx,#hash_14d8ee59ca5931f2
client_fx,#player/fx8_plyr_breath_steam_1p
client_fx,#hash_1537ea9ec67435d0
client_fx,#player/fx8_plyr_breath_steam_3p
client_fx,#hash_153e7a9ec679962e
client_fx,#hash_154f7e9ec688102d
client_fx,#maps/zm_towers/fx8_boss_death_soul_trail
client_fx,#hash_16d3d7ce6102593e
client_fx,#impacts/fx8_bul_impact_gravel_lg
client_fx,#impacts/fx8_bul_impact_gravel_sm
client_fx,#hash_1839d27856f4aed9
client_fx,#impacts/fx8_bul_impact_blood_limb_zm
client_fx,#tools/fx_null
client_fx,#fire/fx_fire_ai_human_hip_right_loop
client_fx,#impacts/fx8_bul_impact_robot_head_fatal_exit
client_fx,#hash_19cfaef54c89e021
client_fx,#hash_19f390eac78920bb
client_fx,#impacts/fx8_bul_impact_robot_body_fatal
client_fx,#impacts/fx_bul_impact_boss_body_fatal
client_fx,#zm_ai/fx8_cata_plasma_aura_head
client_fx,#impacts/fx_bul_impact_heavy_head_fatal
client_fx,#fire/fx_ability_fire_immolation_raps
client_fx,#hash_1bdd0dedebd76ddb
client_fx,#zombie/fx_bul_flesh_head_nochunks_zmb
client_fx,#blood/fx8_blood_cam_gib_spray_zm
client_fx,#hash_1cbb93dadf453751
client_fx,#hash_1cf28497519df049
client_fx,#impacts/fx8_bul_impact_dirt_sm
client_fx,#impacts/fx_bul_impact_armor_head_nonfatal
client_fx,#impacts/fx8_bul_impact_dirt_lg
client_fx,#hash_1e3fc11990603f72
client_fx,#impacts/fx_bul_impact_heavy_head_fatal_exit
client_fx,#impacts/fx_bul_impact_armor_head_fatal
client_fx,#zm_ai/fx8_zombie_tiger_death_exp
client_fx,#player/fx_plyr_land_dust_xlg
client_fx,#zm_ai/fx8_blightfather_weakspot_elbow_amb
client_fx,#hash_213b84f5f5775699
client_fx,#zombie/fx_bul_flesh_neck_spurt_zmb
client_fx,#impacts/fx_bul_impact_blood_body_fatal
client_fx,#hash_21f3a61d1d6cfbbf
client_fx,#hash_223c6a623adb13fb
client_fx,#hash_22722c91ebbd77f9
client_fx,#hash_22aac55b4e3e4c42
client_fx,#hash_231c5e173b446f0c
client_fx,#hash_232d6ea0cf34968b
client_fx,#hash_246ba1502485a840
client_fx,#impacts/fx8_bul_impact_robot_body_nonfatal_exit
client_fx,#impacts/fx8_bul_impact_blood_limb_fatal_exit
client_fx,#hash_24ce0898c3432283
client_fx,#hash_24eb30a2d07ae5a9
client_fx,#zm_ai/fx8_blightfather_chaos_missle
client_fx,#hash_2543453edaf343d4
client_fx,#hash_256e3c1bedee56c8
client_fx,#hash_259b253edb3d834a
client_fx,#fire/fx_fire_ai_human_arm_right_loop
client_fx,#impacts/fx_bul_impact_blood_head_fatal_exit
client_fx,#zm_ai/fx8_blightfather_vomit_statue_purchase
client_fx,#impacts/fx_bul_impact_armor_body_fatal
client_fx,#impacts/fx_bul_impact_boss_head_nonfatal_exit
client_fx,#hash_266633b36a852fd5
client_fx,#zm_ai/fx8_cata_water_aura
client_fx,#impacts/fx8_bul_impact_metal_xsm
client_fx,#hash_278c744d7ef41186
client_fx,#hash_27c8afcc9ddccfe5
client_fx,#zm_ai/fx8_cata_plasma_aura
client_fx,#hash_28479dabebe445ee
client_fx,#hash_28ad85abec3ad058
client_fx,#impacts/fx8_bul_impact_robot_body_nonfatal
client_fx,#maps/zm_towers/fx8_crowd_reward_flower_trail
client_fx,#impacts/fx_bul_impact_boss_head_nonfatal
client_fx,#hash_2a4dc3aacf70bb96
client_fx,#hash_2a96b7ec1a387f0d
client_fx,#hash_2b3a857498481375
client_fx,#hash_2b4f0b7b45b86a3d
client_fx,#hash_2b4f2f30d115f02a
client_fx,#fire/fx_fire_ai_human_leg_left_loop
client_fx,#zm_ai/fx8_blightfather_maggot_death_exp
client_fx,#hash_2c30b8327eb9deaa
client_fx,#hash_2c31222822538e7d
client_fx,#hash_2c36c10b1ca1f825
client_fx,#hash_2cc3ea8531851af8
client_fx,#impacts/fx8_bul_impact_robot_limb_fatal_exit
client_fx,#hash_2eeb08ff15dbd6b1
client_fx,#hash_2f1958cd9b473bec
client_fx,#hash_2f290373e23f9616
client_fx,#impacts/fx_bul_impact_heavy_body_nonfatal_exit
client_fx,#hash_30a51086d1de2e56
client_fx,#hash_311a865a91014b22
client_fx,#hash_31dc43b5cf4c60f2
client_fx,#zm_ai/fx8_cata_water_purify
client_fx,#hash_32f753ce767010e4
client_fx,#player/fx8_plyr_pstfx_vomit_loop
client_fx,#hash_33ca6401bbf3798c
client_fx,#impacts/fx8_bul_impact_blood_body_fatal_exit
client_fx,#hash_340a0cee99cfb1cd
client_fx,#zm_ai/fx8_cata_cor_mouth
client_fx,#impacts/fx_bul_impact_heavy_body_nonfatal
client_fx,#zombie/fx_powerup_on_red_zmb
client_fx,#impacts/fx8_bul_impact_thin_metal_sm
client_fx,#impacts/fx8_bul_impact_thin_metal_lg
client_fx,#hash_35efdb3670af76c5
client_fx,#hash_3689f962239a7a63
client_fx,#impacts/fx_bul_impact_snow_sm
client_fx,#explosions/fx_vexp_raps_death
client_fx,#hash_387c78244f5f45e5
client_fx,#zm_ai/fx8_destroyer_axe_trail
client_fx,#hash_38a043ca24c928f5
client_fx,#hash_393af938c98cf4d0
client_fx,#zombie/fx_bul_flesh_head_fatal_zmb
client_fx,#hash_396a3bd29f816da1
client_fx,#zm_ai/fx8_blightfather_weakspot_jaw_amb
client_fx,#maps/zm_towers/fx8_crowd_reward_flower_exp
client_fx,#impacts/fx8_bul_impact_blood_head_fatal
client_fx,#hash_3c9948ab313a6483
client_fx,#zm_ai/fx8_blightfather_vomit
client_fx,#hash_3d747c46ddc314cc
client_fx,#hash_3e014af37ce6e996
client_fx,#hash_3e4398c7829b11ac
client_fx,#impacts/fx8_bul_impact_blood_limb_nonfatal_exit
client_fx,#zm_weapons/fx8_aat_opposite_exp
client_fx,#impacts/fx_bul_impact_armor_body_fatal_exit
client_fx,#impacts/fx_bul_impact_armor_head_fatal_exit
client_fx,#hash_42c7bce755258e73
client_fx,#hash_42de958558ff8118
client_fx,#hash_43160181273732c9
client_fx,#impacts/fx8_bul_impact_blood_body_fatal
client_fx,#hash_43b2eaf6037de947
client_fx,#zm_ai/fx8_blightfather_vomit_craft_purchase
client_fx,#hash_446cf10b26252043
client_fx,#hash_4542693a5b0810a0
client_fx,#hash_45986a532c3ea6cc
client_fx,#hash_459f76532c44d9de
client_fx,#impacts/fx_bul_impact_armor_body_nonfatal
client_fx,#impacts/fx_bul_impact_heavy_body_fatal_exit
client_fx,#hash_481a91b78ceaf7da
client_fx,#hash_48344f893bb65bf2
client_fx,#maps/zm_towers/fx8_boss_attack_slam_trail_end
client_fx,#hash_4960d9278d639297
client_fx,#hash_4b047008007a4310
client_fx,#hash_4b2ca31f081f59b2
client_fx,#hash_4b4a315f77dd312c
client_fx,#hash_4bfca9124b4b177e
client_fx,#impacts/fx8_bul_impact_blood_head_fatal_exit
client_fx,#hash_4c24e997afad36e0
client_fx,#impacts/fx_bul_impact_boss_head_fatal
client_fx,#impacts/fx_bul_impact_robot_body_nonfatal
client_fx,#hash_4d11f0ab46451330
client_fx,#impacts/fx_bul_impact_heavy_head_nonfatal
client_fx,#hash_4d91ce766ebeda81
client_fx,#hash_4d95d8d2f3b07ca5
client_fx,#hash_4db3c6766edbb34f
client_fx,#weapon/fx_incend_grenade_fire_sm
client_fx,#hash_4dfe5bc7d0d3b538
client_fx,#hash_4e3dc7da8f681079
client_fx,#hash_4e40eada8f6a81c9
client_fx,#hash_4e55cdda8f7cac8c
client_fx,#impacts/fx_bul_impact_body_armor_lg
client_fx,#zm_ai/fx8_blightfather_vomit_object
client_fx,#hash_5089724c9ec9d4f7
client_fx,#hash_50be4928aa2fb3d4
client_fx,#hash_50c53528aa35b086
client_fx,#zm_ai/fx8_cata_elec_elbow_ri
client_fx,#zm_ai/fx8_cata_elec_elbow_le
client_fx,#impacts/fx8_bul_impact_blood_limb_nonfatal
client_fx,#impacts/fx_bul_impact_armor_body_nonfatal_exit
client_fx,#impacts/fx8_bul_impact_blood_body_nonfatal_exit
client_fx,#player/fx_plyr_footstep_dust_dirt
client_fx,#impacts/fx8_bul_impact_robot_limb_fatal
client_fx,#hash_53e10878cd6a6eef
client_fx,#hash_5400356a313e2ec3
client_fx,#zm_ai/fx8_blightfather_vomit_purchase
client_fx,#impacts/fx8_bul_impact_blood_limb_fatal
client_fx,#hash_550b061edbd9bca4
client_fx,#impacts/fx8_bul_impact_blood_body_nonfatal_zm
client_fx,#hash_55efa71212ad7d38
client_fx,#hash_56b121a7e7eee303
client_fx,#hash_57034716c105e41e
client_fx,#impacts/fx_bul_impact_heavy_body_fatal
client_fx,#hash_58c6d85016803043
client_fx,#maps/zm_towers/fx8_boss_attack_slam_trail
client_fx,#hash_59422cff58693587
client_fx,#hash_595ec25b8b3b0e9b
client_fx,#hash_5968b25b8b4347f0
client_fx,#hash_596fba5b8b497436
client_fx,#hash_5a07c709253f930e
client_fx,#hash_5a45cca38c2dd6c8
client_fx,#hash_5a4cd8a38c3409da
client_fx,#impacts/fx8_bul_impact_mud_lg
client_fx,#impacts/fx8_bul_impact_mud_sm
client_fx,#hash_5b37197a43afded7
client_fx,#explosions/fx_vexp_raps_death_core
client_fx,#zm_ai/fx8_cata_water_footstep
client_fx,#hash_5ce9f224ee5c9c63
client_fx,#impacts/fx8_bul_impact_water_sm
client_fx,#impacts/fx8_bul_impact_water_lg
client_fx,#hash_5e456969dcb6d449
client_fx,#zm_ai/fx8_blightfather_weakspot_jaw_exp
client_fx,#zm_ai/fx8_cata_water_aura_head
client_fx,#zm_ai/fx8_zombie_tiger_eye_glow_green
client_fx,#hash_5efc6976bcba1957
client_fx,#hash_5f247e5ee77f7108
client_fx,#impacts/fx_bul_impact_armor_head_nonfatal_exit
client_fx,#maps/zm_towers/fx8_boss_attack_eye_trail_split
client_fx,#hash_5f48f8d916a0f612
client_fx,#impacts/fx8_bul_impact_robot_head_nonfatal_exit
client_fx,#hash_60af04267097dc27
client_fx,#weapon/fx8_muz_sm_pistol_3p
client_fx,#weapon/fx8_muz_sm_pistol_1p
client_fx,#player/fx_plyr_jump_dust
client_fx,#fire/fx_fire_ai_human_hip_left_loop
client_fx,#impacts/fx8_bul_impact_glass_sm
client_fx,#impacts/fx8_bul_impact_glass_lg
client_fx,#hash_62ef4090559ca8c8
client_fx,#impacts/fx8_bul_impact_snow_lg
client_fx,#impacts/fx8_bul_impact_snow_sm
client_fx,#hash_63074eb9d1a1e00c
client_fx,#hash_63dd0bdb994303b0
client_fx,#impacts/fx8_bul_impact_blood_body_nonfatal
client_fx,#explosions/fx_vexp_raps_death_side
client_fx,#impacts/fx_bul_impact_boss_body_fatal_exit
client_fx,#impacts/fx8_bul_impact_wood_sm
client_fx,#impacts/fx8_bul_impact_wood_lg
client_fx,#blood/fx_blood_gib_limb_trail
client_fx,#hash_682f944518a1171c
client_fx,#zm_ai/fx8_cata_cor_aura
client_fx,#hash_6931b098cb2b2086
client_fx,#impacts/fx8_bul_impact_blood_corpse_nonfatal
client_fx,#hash_6960c898cb52ba10
client_fx,#impacts/fx_bul_impact_blood_head_fatal
client_fx,#hash_6a031a2cd1310f97
client_fx,#hash_6a5c671e82cb5243
client_fx,#hash_6b7912c3c5da87e2
client_fx,#hash_6bdbf048268529ee
client_fx,#hash_6c7ae381de64a8d8
client_fx,#hash_6d3f50f00db41676
client_fx,#hash_6d7100bc284c41bf
client_fx,#maps/zm_towers/fx8_boss_eye_glow_alt
client_fx,#zm_ai/fx8_blightfather_weakspot_sack_amb
client_fx,#player/fx_plyr_land_dust_dirt_xlg
client_fx,#hash_6f5f4eb9267613e3
client_fx,#hash_6fd3d30a984a4585
client_fx,#impacts/fx8_bul_impact_robot_head_nonfatal
client_fx,#impacts/fx8_bul_impact_sand_lg
client_fx,#impacts/fx8_bul_impact_sand_sm
client_fx,#maps/zm_towers/fx8_boss_attack_spear_trail
client_fx,#hash_7240c9c35d80dab2
client_fx,#hash_72432f697d87397d
client_fx,#zm_ai/fx8_cata_plasma_blast_tell_head
client_fx,#hash_7282363a66bd14e2
client_fx,#zm_ai/fx8_marauder_dest_weak_point_exp_generic
client_fx,#impacts/fx8_bul_impact_robot_limb_nonfatal_exit
client_fx,#impacts/fx8_bul_impact_blood_body_fatal_zm
client_fx,#fire/fx_fire_ai_human_arm_left_loop
client_fx,#impacts/fx_bul_impact_boss_head_fatal_exit
client_fx,#hash_739df502c71c8513
client_fx,#player/fx_plyr_footstep_dust
client_fx,#maps/zm_towers/fx8_boss_eye_glow
client_fx,#maps/zm_towers/fx8_boss_attack_spear_exp
client_fx,#zm_ai/fx8_cata_elec_footstep
client_fx,#hash_74f01ad183c69a5c
client_fx,#hash_74f6f2d183cc7512
client_fx,#hash_758eeb6bda18f834
client_fx,#hash_75b48b8b912d1e41
client_fx,#zm_ai/fx8_blightfather_vomit_box_purchase
client_fx,#maps/zm_towers/fx8_boss_attack_eye_trail_sm
client_fx,#hash_7617d177b746e9bd
client_fx,#hash_7665ecbd288a84d7
client_fx,#zm_ai/fx8_zombie_tiger_eye_glow_red
client_fx,#hash_7872962edf123231
client_fx,#hash_78c487ac760f594c
client_fx,#hash_792c9bdd6ccaf244
client_fx,#hash_794c532edfcb6418
client_fx,#hash_794c542edfcb65cb
client_fx,#impacts/fx8_bul_impact_metal_xxlg
client_fx,#hash_7a0b1245b3311ead
client_fx,#zombie/fx_val_chest_burst
client_fx,#hash_7a37d99aaa7057cf
client_fx,#zm_ai/fx8_cata_water_footstep_right
client_fx,#hash_7aa749f5bbcbbed8
client_fx,#zm_ai/fx8_cata_plasma_blast
client_fx,#hash_7b951deec27b35c1
client_fx,#zm_ai/fx8_destroyer_arm_spurt
client_fx,#impacts/fx8_bul_impact_robot_body_fatal_exit
client_fx,#hash_7cced41e0b367ca6
client_fx,#hash_7d69ee9822b45157
client_fx,#hash_7d92c5012968852f
client_fx,#zombie/fx_teleport_flashback_zmb
client_fx,#hash_7df55a8e3d87037a
client_fx,#impacts/fx8_bul_impact_robot_head_fatal
client_fx,#hash_7f3bd1e736bb4859
client_fx,#maps/zm_towers/fx8_special_round_green_gas_lg
client_fx,#zm_ai/fx8_blightfather_maggot_spawn_burst
client_tagfxset,#weapon_zm_scorpion_3p
client_tagfxset,#weapon_zm_scorpion_1p
client_tagfxset,#weapon_zm_scorpion_charged_3p
client_tagfxset,#weapon_zm_scorpion_charged_1p