type,name
vehicle,#misc_camera
model,#hash_a4c2c6b05763cb
model,#wpn_t7_zmb_knife_bowie_view
model,#hash_16ee59565cf271d
model,#p8_fxanim_zm_whi_timecard_clock_animated_no_hour_hand
model,#p8_fxanim_zm_white_raygun_printer_compartment
model,#wpn_t8_loot_knife_ballistic_karambit_dw_view
model,#attach_t8_charm_base
model,#wpn_t8_zm_raygun_mk2_view_orange
model,#c_t8_zmb_ofc_quadcrawler_head
model,#wpn_t8_zm_pistol_webly_view
model,#p8_zm_whi_punch_card
model,#p8_zm_whi_fuse_pickup_fluid_purple_half
model,#wpn_t8_ar_accurate_sig_03_view
model,#c_t8_zmb_ofc_zombie_male_body1_g_rarmoff
model,#hash_544ef689a3e4896
model,#wpn_t8_ar_accurate_mag_sig_02_world
model,#c_t8_zmb_3rdclass_male_body1_g_rlegoff
model,#wpn_t7_zmb_dlc2_shield_dmg02_world
model,#wpn_t8_zm_talon_spikes_dw_view
model,#wpn_t8_zm_melee_katana_lvl3_view
model,#wpn_t8_zm_flamethrower_view
model,#hash_7d0140775216c4e
model,#fx_char_gib_chunk_meat01
model,#p7_slu_cooler_plastic
model,#p7_trash_bin_small_01_black_dirty
model,#c_t8_zmb_dlc3_mannequin_male
model,#p7_dinnerware_01_plate02
model,#c_t8_default_character_fb
model,#wpn_t8_ar_accurate_mag_sig_01_world
model,#p7_zm_mob_trap_control_base_red
model,#p8_zm_whi_chemistry_kit_cannister_fluid_01_purple
model,#wpn_t8_zm_raygun_mk2_world_yellow
model,#p7_zm_ori_orb_wind
model,#c_t8_zmb_3rdclass_male_body3_s_lleg
model,#p8_fxp_fluid_tendril_2_water
model,#p8_zm_whi_cabinet_upper_01_door_02
model,#p8_zm_whi_cabinet_upper_01_door_01
model,#p8_fxanim_zm_perk_vending_tonic_mod
model,#p8_zm_whi_filing_cabinet_02_drawer
model,#p8_zm_whi_chemistry_kit_cables_02
model,#wpn_t8_zm_freeze_gun_view
model,#p8_zm_whi_chemistry_kit_cannister_fluid_01_yellow
model,#p7_book_office_lrg_red
model,#p8_fxp_fluid_splash_mud
model,#p8_zm_zod_pap_plinth_sequence_earth
model,#p8_zm_esc_chalk_buy_pistol_standard
model,#hash_e43f4935c824b9a
model,#p7_can_metal_cube_01_small
model,#wpn_t8_shotgun_pump_prop_animate
model,#p7_bucket_plastic_5_gal_closed_green
model,#wpn_t8_zm_smg_thompson_mag_view
model,#p8_zm_esc_chalk_buy_ar_modular
model,#p8_zm_esc_perk_vending_soda
model,#wpn_t7_zmb_zod_rocket_shield_tank_parts
model,#wpn_t8_zm_raygun_mk2_view_green
model,#hash_f59c09035d3dc98
model,#p8_zm_white_chalk_wallbuy_galvaknuckles
model,#fx_rifle_shell
model,#c_t8_zmb_ofc_zombie_male_body3_g_larmoff
model,#p7_zm_teddybear
model,#p7_bottle_plastic_cleaner_dmg
model,#p8_fxanim_zm_zod_wormhole_mod
model,#p7_fir_barbed_wire_metal_fence_wire
model,#p8_zm_whi_power_station_panel_02_panel_dyn
model,#hash_10c4ac12157186cc
model,#wpn_t7_mr6_view
model,#wpn_t7_zmb_knife_bowie_world
model,#p7_zm_tra_tv_vintage
model,#hash_11e85f735c70dc33
model,#c_t8_zmb_3rdclass_male_body2_g_larmoff
model,#hash_13369b7394addaa4
model,#c_t8_zmb_ofc_quadcrawler_s_larmspawn
model,#c_t8_zmb_catalyst_fire_lfoot_gib
model,#wpn_t8_zm_raygun_mk2_dw_world_blue
model,#p7_medical_rolling_iv_drip
model,#hash_147a5a1043220e75
model,#p8_zm_white_computer_system_code_display_large_space
model,#hash_15285868e6495dfe
model,#c_zom_dlc_waw_nikolai_fb
model,#c_t8_zmb_catalyst_fire_rarm_gib
model,#p7_fir_ball_sports_soccer
model,#p8_zm_white_computer_system_face
model,#p8_fxanim_zm_white_marlton_door
model,#p8_zm_white_mannequin_male_02_body_tie
model,#hash_15e00c258bcc4fad
model,#c_t8_zmb_ofc_zombie_male_body3_g_llegoff
model,#p8_zm_ori_button_alarm
model,#c_t8_zmb_3rdclass_male_body3_s_rleg
model,#wpn_t8_eqp_grenade_frag_world
model,#wpn_t8_zm_melee_katana_lvl1_world
model,#p8_zm_white_mannequin_male_01_head
model,#p8_zm_whi_fuse_pickup_fluid_orange_half
model,#c_t8_zmb_ofc_zombie_male_body1_g_blegsoff
model,#p8_zm_off_chalk_buy_smg_drum_pistol
model,#p8_zm_whi_power_station_panel_01_panel_dyn
model,#wpn_t8_zm_raygun_mk2_view_yellow
model,#wpn_t7_zmb_dlc2_shield_dmg02_view
model,#p7_breadbag_flat
model,#hash_18d789b58ab4c4a9
model,#viewmodel_hands_no_model
model,#p8_fxanim_zm_white_trap_switch_box
model,#p7_book_vintage_02_burn
model,#wpn_t8_zm_battle_shield_gun_view
model,#p8_zm_esc_chalk_buy_smg_thompson
model,#p7_jun_helmet_military
model,#p8_zm_whi_power_station_panel_03_panel
model,#c_zom_dlc_richtofen_fb
model,#p8_zm_off_trap_switch_light_green_on
model,#wpn_zmb_dlc1_talon_spikes_prop
model,#c_t8_zmb_ofc_zombie_male_body3_g_upclean
model,#p7_cup_coffee_mug_01
model,#c_t8_zmb_ofc_quadcrawler_g_rarmoff
model,#p8_zm_esc_chalk_buy_tr_powersemi
model,#hash_1d1a3384082efc5e
model,#p8_zm_white_chalk_wallbuy_smg_fastfire
model,#hash_1d23406e1365e3b2
model,#p8_zm_esc_orb_black
model,#p8_mannequin_male_coat_02_fullbody_pose_3_rarm
model,#hash_1e3030cf0f44daee
model,#wpn_t8_ar_accurate_mag_world
model,#c_t8_zmb_ofc_zombie_male_body1_g_lowclean
model,#wpn_t8_ar_accurate_sig_01_world
model,#fx_char_gib_chunk_flesh02
model,#fx_char_gib_chunk_flesh03
model,#hash_1eae18287bf60f6c
model,#tag_origin_animate
model,#p8_zm_whi_steel_tunnel_door
model,#c_t8_zmb_ofc_zombie_male_body2
model,#c_t8_zmb_ofc_zombie_male_body3
model,#c_t8_zmb_ofc_zombie_male_body1
model,#p8_fxanim_zm_esc_trap_fan_mod
model,#wpn_t8_zm_raygun_view
model,#wpn_t8_lmg_titan_prop_static
model,#wpn_t8_zm_crossbow_view
model,#p7_mou_electrical_panel_pane_02
model,#c_t8_zmb_ofc_quadcrawler_g_larmoff
model,#p7_books_office_row_02
model,#hash_21f039ce8b202784
model,#p8_zm_whi_painting_broken_arrow_02_dyn
model,#p8_zm_off_recorder_vintage_reel_unique
model,#p8_zm_whi_apd_door_animated
model,#c_t8_zmb_3rdclass_male_body1_g_upclean
model,#wpn_t8_zm_battle_shield_buckler_world
model,#p8_zm_esc_chalk_buy_ar_fastfire
model,#p7_fir_barbed_wire_metal_fence
model,#c_t8_zmb_ofc_zombie_male_body1_g_rlegoff
model,#wpn_t8_zm_minigun_view
model,#p8_zm_white_mannequin_male_01_body
model,#p8_flower_pot_02
model,#wpn_t8_zm_monkey_bomb_view
model,#c_t8_zmb_ofc_zombie_male_body1_g_llegoff
model,#c_t8_zmb_3rdclass_male_head4
model,#c_t8_zmb_3rdclass_male_head1
model,#c_t8_zmb_3rdclass_male_head2
model,#c_t8_zmb_3rdclass_male_head3
model,#hash_2412bdae765fc0aa
model,#p8_fxp_fluid_splash_blood
model,#hash_2490b3d1c2fcc7b3
model,#hash_24b64597b7c3725f
model,#wpn_t7_mr6_world
model,#p8_zm_whi_chemistry_kit_cannister_fluid_01_orange
model,#p7_medical_surgical_tools_tray_bloody
model,#wpn_t8_zm_minigun_world
model,#hash_261611ab27c537d4
model,#hash_261613ab27c53b3a
model,#hash_261614ab27c53ced
model,#c_zom_der_richtofen_old_cin_fb
model,#hash_262a390a488924a7
model,#hash_262a3a0a4889265a
model,#hash_262a3b0a4889280d
model,#hash_265f4b82dea4347d
model,#p8_zm_whi_desk_wood_drawer
model,#c_t8_zmb_ofc_zombie_male_body1_g_upclean
model,#p8_zm_off_trap_switch_light_red_on
model,#p7_cai_sprinkler_system_head
model,#wpn_t8_zm_galvaknuckles_world
model,#wpn_t8_zm_freeze_gun_world
model,#p8_usa_painting_vertical_broken_arrow_01_dyn
model,#p8_zm_whi_steel_tunnel_door_01
model,#hash_28bb4e32deb1e06a
model,#hash_2932a9d806f70023
model,#p8_zm_whi_fuse_pickup_empty
model,#wpn_t8_zm_raygun_mk2_world_purple
model,#c_t8_zmb_3rdclass_male_body3_s_larm
model,#p8_box_cardboard_d_closed
model,#c_t8_zmb_dlc3_mannequin_male_damage_head_static
model,#p7_debris_rockychunks_small_01
model,#p7_debris_rockychunks_small_12
model,#p8_zm_esc_chalk_buy_ar_stealth
model,#hash_2c6b49b676231230
model,#wpn_t8_eqp_grenade_frag_projectile
model,#wpn_t8_ar_accurate_view
model,#wpn_t8_zm_melee_katana_lvl3_world
model,#fx_debris_stone_01
model,#p8_zm_whi_filing_cabinet_01_drawer
model,#p8_zm_white_computer_system_code_display_small_7
model,#p8_zm_white_computer_system_code_display_small_6
model,#p8_zm_white_computer_system_code_display_small_5
model,#p8_zm_white_computer_system_code_display_small_4
model,#p8_zm_white_computer_system_code_display_small_3
model,#p8_zm_white_computer_system_code_display_small_2
model,#p8_zm_white_computer_system_code_display_small_1
model,#p8_zm_white_computer_system_code_display_small_0
model,#p8_zm_white_computer_system_code_display_small_9
model,#p8_zm_white_computer_system_code_display_small_8
model,#wpn_t8_zm_battle_shield_gun_world
model,#c_t8_zmb_ofc_quadcrawler_g_rlegoff
model,#p8_zm_off_teleporter_icons_warroom
model,#p8_zm_whi_radio_01
model,#wpn_t7_zmb_dlc2_shield_dmg01_view
model,#p8_zm_whi_blueprint_01
model,#p8_zm_whi_blueprint_02
model,#p8_zm_whi_blueprint_04
model,#hash_2ea6fab94aca4ab6
model,#hash_2eb1fc808b904595
model,#p8_zm_white_computer_system_code_display_small_cursor
model,#fx_axis_createfx
model,#p7_gib_chunk_fat
model,#c_t8_zmb_ofc_quadcrawler_g_lowclean
model,#p8_rock_vsq_med_01
model,#p8_box_cardboard_c_closed
model,#wpn_t8_zm_flamethrower_world
model,#p8_zm_whi_power_gate
model,#wpn_t8_loot_knife_ballistic_blade_view
model,#p8_zm_whi_chemistry_kit_cannister_fluid_01_blue
model,#c_t8_zmb_3rdclass_male_body1_g_blegsoff
model,#p8_zm_zod_ice_crystalline_01
model,#c_t8_zmb_3rdclass_male_body1_g_lowclean
model,#p8_zm_off_num_machine_light_off
model,#p7_rus_box_cardboard_07
model,#p8_box_cardboard_c_open02
model,#hash_34e42dfa52b23249
model,#p8_zm_whi_power_station_panel_03_panel_dyn
model,#c_t8_zmb_catalyst_fire_larm_gib
model,#hash_35477038e34f5c7b
model,#p8_zm_white_chalk_buy_ar_accurate
model,#hash_358c4704f3fe4d13
model,#p8_zm_off_teleporter_icons_packapunch
model,#wpn_t8_zm_galvaknuckles_view
model,#wpn_t8_zm_pistol_webly_world
model,#p8_zm_whi_painting_washington_broken_arrow
model,#c_t8_zmb_ofc_zombie_male_s_rlegoff
model,#c_t8_c_zom_avagadro_fb_scaled_1_point_5
model,#p7_zm_vending_packapunch_on
model,#p7_pot_metal_boiling_lg
model,#p8_fxp_fluid_droplet_blood
model,#c_t8_zmb_catalyst_fire_rfoot_gib
model,#hash_37fbe145e5b2733f
model,#hash_38713c0f45862c8d
model,#p7_canteen_bottle_bagged
model,#p8_zm_esc_perk_vending_brew
model,#p8_zm_whi_photos_06
model,#c_t8_zmb_ofc_zombie_male_body1_g_larmoff
model,#hash_39aaefdac8c874a7
model,#wpn_t8_sig_battle_shield_gun_world
model,#p8_zm_esc_perk_vending_cola
model,#hash_3a2add5a4d7fbcab
model,#p7_slu_panel_electrical_02_base_full
model,#p8_zm_off_monitor_security_screen_v2
model,#p7_medical_surgical_tray_tools_bloody
model,#p8_zm_off_teleporter_icons_lab
model,#wpn_t8_zm_raygun_mk2_world_blue
model,#p8_zm_white_computer_system_code_display_large_cursor
model,#c_t8_zmb_ofc_zombie_male_body2_g_upclean
model,#hash_3ad338210ce3daba
model,#wpn_t7_zmb_dlc2_shield_dmg01_world
model,#p8_mannequin_male_coat_02_fullbody_pose_1_larm
model,#hash_3c314527c16c1a76
model,#c_t8_zmb_ofc_zombie_male_s_rarmoff
model,#hash_3c64827d69dbaba2
model,#p7_gib_chunk_flesh_01
model,#p7_gib_chunk_flesh_03
model,#p7_gib_chunk_flesh_02
model,#c_t8_zmb_ofc_zombie_male_body2_g_rlegoff
model,#c_t8_zmb_3rdclass_male_body2
model,#c_t8_zmb_3rdclass_male_body1
model,#hash_3d61026b20c67ae4
model,#p7_toolbox_handheld_small_red
model,#wpn_t8_ar_accurate_sig_01_view
model,#c_t8_zmb_dlc3_mannequin_male_damage_head_2_dyn
model,#wpn_t8_loot_knife_ballistic_blade_projectile
model,#p8_zm_esc_chalk_buy_tr_leveraction
model,#p8_fxp_fluid_tendril_1_water
model,#hash_3e6ca31c99c41a9c
model,#p8_zm_whi_painting_washington_broken_arrow_dyn
model,#wpn_t7_zmb_dlc2_shield_view
model,#p8_zm_off_trap_switch_light
model,#c_zom_dlc_nikolai_fb
model,#wpn_t8_zm_flamethrower_lvl2_world
model,#hash_3fcb839dd299546a
model,#hash_402965c7de759c1b
model,#wpn_t8_zm_talon_spikes_dw_world
model,#wpn_t8_ar_accurate_sig_02_view
model,#p7_cup_coffee_paper
model,#hash_40b3d29d64d4db21
model,#p7_gib_chunk_bone_01
model,#p7_gib_chunk_bone_03
model,#p7_gib_chunk_bone_02
model,#p8_fxanim_zm_perk_vending_soda_mod
model,#wpn_t8_zm_flamethrower_lvl3_world
model,#wpn_t8_zm_smg_thompson_view
model,#c_t8_zmb_3rdclass_male_body3_s_rarm
model,#p7_zm_vending_packapunch_weapon
model,#hash_4226d258d53bdd4f
model,#hash_4306a2f5898cfe40
model,#p8_zm_whi_fuse_pickup_fluid_purple
model,#c_zom_zod_robot_protector_fb
model,#p8_fxanim_zm_white_mccain_mannequin_pickup_head
model,#wpn_t8_zm_freeze_gun_world_upgraded
model,#p8_zm_off_recorder_vintage_reel
model,#p8_zm_esc_shield_blue_print_01
model,#c_t8_zmb_ofc_quadcrawler_s_llegspawn
model,#p8_zm_whi_sign_nuketown_counter
model,#wpn_t8_sig_battle_shield_gun_view
model,#p7_medicine_bottles_clump
model,#p8_zm_off_teleporter_together
model,#c_t8_zmb_catalyst_fire_lleg_gib
model,#p8_zm_esc_chalk_buy_shotgun_trenchgun
model,#p8_zm_white_code_printer_paper
model,#p8_zm_white_code_type
model,#wpn_t8_ar_accurate_sig_03_world
model,#p7_zm_vending_packapunch_sign_wait
model,#wpn_t8_zm_smg_thompson_world
model,#zm_koala_debris_03_xmodel
model,#c_t8_zmb_3rdclass_male_body2_g_upclean
model,#p8_zm_whi_power_station_panel_02_panel
model,#c_t8_zmb_ofc_zombie_male_body2_g_loclean
model,#wpn_t8_ar_accurate_mag_sig_01_view
model,#c_t8_zmb_dlc3_mannequin_female_static_standpose_body
model,#hash_47c806d17aa9ecd9
model,#wpn_t8_zm_talon_spikes_world
model,#p8_wz_frack_metal_plate_thin_01
model,#hash_47fa195cd4f5f2b4
model,#p8_fxanim_zm_white_perk_machine_dummy
model,#p7_zm_mob_trap_control_base
model,#c_t8_zmb_ofc_zombie_male_body3_g_lowclean
model,#fx_pistol_shell_blur
model,#c_t8_zmb_ofc_quadcrawler_s_rarmspawn
model,#c_t8_zmb_dlc3_mannequin_female_static_standpose_head
model,#p8_zm_whi_fuse_pickup_fluid_yellow
model,#p7_debris_trash_snack_bag_07
model,#wpn_t8_zm_raygun_upg_view
model,#p8_fxanim_zm_whi_ceiling_fan_trap_animated
model,#wpn_t8_loot_knife_ballistic_view
model,#p7_fxp_debris_dirt_clod_01_brown
model,#hash_4c6dc167d5b443e3
model,#wpn_t8_zm_raygun_mk2_world_green
model,#p8_mannequin_female_coat_04_fullbody_pose_1_rarm
model,#fx_char_gib_chunk_bone02
model,#fx_char_gib_chunk_bone03
model,#fx_char_gib_chunk_bone01
model,#wpn_t8_zm_freeze_gun_view_upgraded
model,#c_t8_zmb_3rdclass_male_body1_g_larmoff
model,#zombie_pickup_perk_bottle
model,#p7_glassware_martini_01
model,#p8_zm_esc_chemistry_kit_01
model,#p8_zm_esc_chemistry_kit_02
model,#p8_zm_esc_chemistry_kit_06
model,#p7_pot_metal_stock_dirty
model,#wpn_t8_sig_battle_shield_buckler_world
model,#p8_zm_whi_painting_broken_arrow_02
model,#c_t8_c_zom_avagadro_fb
model,#wpn_t8_ar_accurate_mag_sig_03_world
model,#wpn_t8_loot_knife_ballistic_world
model,#c_t8_zmb_ofc_quadcrawler_g_llegoff
model,#wpn_t8_ar_accurate_prop_static
model,#c_t8_zmb_ofc_zombie_male_head5b
model,#wpn_t8_zm_raygun_mk2_world_red
model,#c_t8_zmb_3rdclass_male_body1_split
model,#p8_zm_esc_chalk_buy_smg_standard
model,#hash_511638854c2cd007
model,#p7_book_vintage_02
model,#p7_book_vintage_05
model,#p8_zm_off_chalk_buy_sniper_quickscope_t8
model,#c_zom_dlc_waw_takeo_fb
model,#wpn_t8_pistol_standard_clip_view
model,#p8_fxanim_zm_perk_vending_brew_mod
model,#p8_zm_esc_turbine_generator_01_animated
model,#hash_5319d5a15840b32a
model,#p8_zm_whi_disguised_power_door
model,#p8_zm_whi_chemistry_kit_cables_01_flat
model,#zm_koala_debris_01_xmodel
model,#p7_medicine_bottle_single
model,#wpn_t8_zm_raygun_world
model,#p8_zm_whi_fuse_pickup_fluid_magenta_pink_half
model,#p7_medical_rolling_iv_drip_dmg
model,#wpn_t8_zm_minigun_projectile
model,#c_t8_zmb_3rdclass_male_body1_g_llegoff
model,#wpn_t8_zm_battle_shield_buckler_view
model,#p7_clipboard_01_wpaper
model,#p8_zm_off_chalk_buy_knife_bowie_story_1
model,#c_t8_zmb_ofc_quadcrawler_g_upclean
model,#c_t8_zmb_ofc_quadcrawler_g_blegsoff
model,#fx_bullet_chain
model,#c_t8_zmb_catalyst_fire_head_gib
model,#hash_5718454ca9e58ebb
model,#p8_zm_white_mannequin_male_01_head_dyn
model,#p8_zm_white_mannequin_male_01_body_color_02
model,#p8_zm_white_mannequin_male_01_body_color_03
model,#p8_zm_white_mannequin_male_01_body_color_01
model,#p8_fxanim_zm_white_magic_box_fake
model,#p7_book_vintage_03_burn
model,#p7_cup_coffee_mug
model,#p7_zm_der_magic_box
model,#c_t8_zmb_ofc_zombie_male_body3_g_rarmoff
model,#p8_zm_off_num_machine_light_on_green
model,#p8_zm_whi_elemental_shard
model,#p8_zm_whi_power_station_panel_01_panel
model,#c_t8_zmb_ofc_quadcrawler_g_behead
model,#p8_zm_esc_chalk_buy_pistol_revolver
model,#wpn_t8_zm_flamethrower_lvl2_view
model,#p8_zm_whi_freestanding_1960_tv_screen_vfx
model,#c_t8_zmb_ofc_zombie_male_body2_g_llegoff
model,#p8_zm_whi_goop_puddle_01
model,#c_t8_zmb_ofc_zombie_male_body3_g_rlegoff
model,#p7_book_vintage_open_01
model,#p8_usa_painting_vertical_broken_arrow_01
model,#wpn_t8_zm_melee_katana_lvl2_view
model,#hash_5a9a1ee2f0076cde
model,#p8_zm_esc_chalk_buy_lmg_standard
model,#p8_zm_whi_chemistry_kit_cannister_fluid_01_green
model,#hash_5b3594288042ca67
model,#wpn_t8_zm_crossbow_world
model,#hash_5be023c1539ff74b
model,#p8_zm_whi_chemistry_kit_cannister_fluid_01_magenta_pink
model,#p7_medical_gauze_sanitation_towels_02
model,#viewmodel_default
model,#wpn_t8_zm_talon_spikes_view
model,#p7_gib_chunk_meat_01
model,#p7_gib_chunk_meat_02
model,#p7_gib_chunk_meat_03
model,#p8_zm_whi_power_door
model,#p8_fxp_fluid_clump_mud
model,#hash_5d1d4cf183a83a94
model,#wpn_t8_zm_melee_katana_lvl1_view
model,#p8_fxanim_zm_white_fallout_shelter_door
model,#p8_zm_white_chalk_buy_pistol_burst_zm
model,#p8_zm_white_mannequin_female_01_head
model,#hash_5ead039246fdf693
model,#p8_zm_off_teleporter_icons_offices
model,#c_t8_zmb_3rdclass_male_body1_g_rarmoff
model,#c_gen_direwolf_fb
model,#c_t8_zmb_catalyst_fire_rleg_gib
model,#wpn_t8_zm_raygun_mk2_view_red
model,#p8_fxp_fluid_droplet_mud
model,#p7_fxp_debris_rock_01
model,#p7_fxp_debris_rock_02
model,#p7_fxp_debris_rock_03
model,#wpn_t8_zm_raygun_mk2_world_orange
model,#hash_608b92af2d13f57a
model,#p8_zm_red_ww_shell_mound_dirt_dks
model,#p8_zm_esc_chalk_buy_shotgun_pump
model,#p8_zm_white_mannequin_female_02_body_color_01
model,#p8_zm_white_mannequin_female_02_body_color_02
model,#p8_zm_white_mannequin_female_02_body_color_03
model,#p7_fxp_debris_car_glass_shatter_02
model,#p7_fxp_debris_car_glass_shatter_03
model,#p7_fxp_debris_car_glass_shatter_01
model,#p7_fxp_debris_wood_splinter_02
model,#p7_fxp_debris_wood_splinter_03
model,#p7_fxp_debris_wood_splinter_01
model,#fx_pistol_shell
model,#wpn_t8_zm_raygun_mk2_view_purple
model,#wpn_t8_zm_smg_thompson_mag_world
model,#p8_lamp_floor_01_shade
model,#wpn_t8_zm_battle_shield_turret_view
model,#c_t8_zmb_ofc_zombie_male_s_larmoff
model,#wpn_t7_shield_riot_world
model,#p8_mannequin_female_coat_04_fullbody_pose_2_larm
model,#p7_medical_surgical_tools_syringe
model,#c_t8_zmb_3rdclass_male_body2_g_rarmoff
model,#p8_fxp_fluid_droplet_water
model,#p8_zm_zod_pap_plinth_sequence_air
model,#wpn_t8_zm_melee_katana_lvl2_world
model,#c_t8_default_character_head
model,#p7_zm_zod_nitrous_tank
model,#tag_flash
model,#wpn_t7_zmb_zod_rocket_shield_eagle
model,#hash_6526f55fe124ccac
model,#p8_zm_white_code_printer_monitor
model,#wpn_t8_zm_raygun_mk2_view_blue
model,#p8_zm_whi_pap_console
model,#c_t8_zmb_ofc_zombie_male_body2_g_rarmoff
model,#c_zom_der_hellhound_fb
model,#p7_zm_tra_tv_vintage_on
model,#hash_6690aef20a9c6534
model,#wpn_t7_special_crossbow_mag_view
model,#wpn_t8_ar_accurate_world
model,#p7_box_copy_paper_sheet
model,#p8_zm_zod_pap_plinth_sequence_fire
model,#hash_67cd8b07f32ec72d
model,#p8_zm_whi_chemistry_kit_cannister_fluid_01
model,#wpn_t8_eqp_grenade_frag_view
model,#hash_688c7ea76b44b0b5
model,#p8_fxanim_zm_white_debris_buy_01
model,#p8_fxanim_zm_white_debris_buy_03
model,#p8_fxanim_zm_white_debris_buy_02
model,#p8_zm_esc_perk_vending_tonic
model,#wpn_t8_ar_accurate_mag_sig_02_view
model,#p8_zm_gla_heart_zombie
model,#wpn_t8_zm_monkey_bomb_world
model,#p8_zm_esc_chalk_buy_smg_handling
model,#p7_newspaper_group_01
model,#c_t8_zmb_dlc3_mannequin_male_damage_head_2
model,#defaultweapon
model,#p8_fxanim_zm_esc_trap_spinning_mod
model,#p8_fxanim_zm_whi_timecard_clock_animated_hour_hand
model,#c_t8_zmb_3rdclass_male_body1_g_behead
model,#wpn_t8_zm_raygun_mk2_dw_view_blue
model,#hash_6d6bee727003899f
model,#p8_fxp_zm_magicbox_glow_top
model,#p8_zm_whi_desk_metal_vintage_drawer
model,#wpn_t8_ar_accurate_mag_sig_03_view
model,#tag_origin
model,#hash_6e68993462879514
model,#c_t8_zmb_ofc_quadcrawler_body
model,#p8_fire_extinguisher_01
model,#p7_diner_table_hotsauce
model,#p8_zm_white_mannequin_male_02_body_color_01
model,#p8_zm_white_mannequin_male_02_body_color_03
model,#p8_zm_white_mannequin_male_02_body_color_02
model,#wpn_t8_loot_knife_ballistic_blade_world
model,#hash_6f9b9b6a92171e67
model,#c_t8_zmb_ofc_zombie_male_s_llegoff
model,#p8_fxanim_zm_white_raygun_case
model,#p8_zm_off_teleporter_icons_jfk
model,#p8_zm_white_mannequin_male_02_head
model,#hash_708992f204ffcb90
model,#hash_708993f204ffcd43
model,#hash_708994f204ffcef6
model,#hash_708999f204ffd775
model,#p7_zm_mob_door_security_window_green_lft
model,#p8_fire_extinguisher_01_dmg_01
model,#p7_fxp_debris_newspaper_02
model,#p7_fxp_debris_newspaper_03
model,#p7_fxp_debris_newspaper_01
model,#hash_7184f1978931500f
model,#p7_bottle_glass_wine_broken_01
model,#p7_bottle_glass_wine_broken_02
model,#hash_72176b18e1675fe8
model,#p8_fxanim_zm_perk_vending_cola_mod
model,#c_zom_dlc_dempsey_fb
model,#p7_zm_der_pswitch_handle
model,#wpn_t8_zm_raygun_upg_world
model,#p8_zmu_bus_zombie_driver
model,#p8_zm_whi_fuse_pickup_fluid_magenta_pink
model,#p7_office_paper_stack_sml
model,#p8_zm_off_console_standing_02_small
model,#p8_zm_white_chalk_buy_tr_longburst
model,#p8_zm_off_panel_electric_box_03_animated
model,#wpn_t8_tac_rifle_swordfish_mk2_prop
model,#hash_75bcfb8fca4999a4
model,#p8_zm_white_mannequin_female_01_head_dyn
model,#wpn_t8_zm_battle_shield_turret_world
model,#p7_zm_der2_vending_packapunch_sign_wait
model,#c_t8_zmb_catalyst_fire_rhand_gib
model,#c_t8_zmb_dlc3_mannequin_male_damage_ally_ready_pose
model,#zm_koala_debris_02_xmodel
model,#p8_zm_off_num_machine_light_on_red
model,#p8_zm_zod_pap_plinth_sequence_water
model,#p8_zm_white_computer_system_code_display_small_colon
model,#c_t8_zmb_dlc3_mannequin_male_damage_ally
model,#wpn_t8_zm_flamethrower_lvl3_view
model,#c_t8_zmb_ofc_zombie_male_body2_g_larmoff
model,#p7_slu_panel_electrical_02_base_pipe
model,#wpn_t8_ar_accurate_mag_view
model,#p7_bottle_plastic_detergent_2
model,#p7_zm_isl_utility_pole_insulator_01
model,#p8_handler_uni_pipe_metal_sprinkler_straight_8
model,#p7_mou_locker_metal_door_rt
model,#wpn_t8_loot_knife_ballistic_karambit_dw_world
model,#p7_mou_locker_metal_door_lt
model,#p8_zm_powerup_free_perk_02
model,#c_t8_zmb_ofc_zombie_male_head4
model,#c_t8_zmb_ofc_zombie_male_head5
model,#c_t8_zmb_ofc_zombie_male_head6
model,#c_t8_zmb_ofc_zombie_male_head1
model,#c_t8_zmb_ofc_zombie_male_head2
model,#c_t8_zmb_ofc_zombie_male_head3
model,#hash_799888297e4ef498
model,#p7_medicine_bottle_single_green
model,#p7_fan_industrial_metal_02_down
model,#p8_zm_whi_paper_stack_01
model,#p8_fxanim_zm_white_mccain_mannequin_pickup_arm_right
model,#wpn_t7_special_crossbow_mag_world
model,#p8_zm_white_computer_system_code_display_large_3
model,#p8_zm_white_computer_system_code_display_large_2
model,#p8_zm_white_computer_system_code_display_large_1
model,#p8_zm_white_computer_system_code_display_large_0
model,#p8_zm_white_computer_system_code_display_large_7
model,#p8_zm_white_computer_system_code_display_large_6
model,#p8_zm_white_computer_system_code_display_large_5
model,#p8_zm_white_computer_system_code_display_large_4
model,#p8_zm_white_computer_system_code_display_large_9
model,#p8_zm_white_computer_system_code_display_large_8
model,#p7_zm_der_trap_control_box
model,#p8_zm_whi_fuse_pickup_fluid_orange
model,#p8_zm_zod_hat_crew_01
model,#p8_zm_white_computer_system_code_display_small_space
model,#p8_wz_door_01_farm_double
model,#c_t8_zmb_ofc_zombie_male_body3_g_blegsoff
model,#wpn_t7_zmb_zod_rocket_shield_window
model,#p8_fxanim_zm_white_mccain_mannequin_pickup_arm_left
model,#p8_zm_whi_desk_key
model,#c_zom_dlc_waw_dempsey_fb
model,#p7_zm_vending_packapunch
model,#p8_zm_esc_chalk_buy_smg_accurate
model,#p7_office_paper_sheet_10
model,#p7_office_paper_sheet_12
model,#p8_zm_white_mannequin_male_01_body_tie
model,#p7_office_paper_sheet_09
model,#p7_office_paper_sheet_08
model,#p7_office_paper_sheet_03
model,#p7_office_paper_sheet_02
model,#wpn_t8_ar_accurate_sig_02_world
model,#hash_7de94f2c812ace80
model,#p8_zm_nuk_debris_wood_pile_splinter_burnt
model,#c_zom_dlc_takeo_fb
model,#p8_fxanim_zm_white_mccain_mannequin_full
model,#c_t8_zmb_3rdclass_male_body2_split
model,#c_t8_zmb_ofc_quadcrawler_s_rlegspawn
model,#c_t8_zmb_dlc3_mannequin_male_damage
model,#p8_zm_whi_fuse_pickup_fluid_yellow_half
model,#fx_rifle_shell_blur
model,#p8_zm_whi_door_white_64
model,#p8_zm_white_mannequin_female_01_body_color_03
model,#p8_zm_white_mannequin_female_01_body_color_02
model,#p8_zm_white_mannequin_female_01_body_color_01
aitype,#spawner_zm_mannequin
aitype,#spawner_zm_blue_nova_crawler
aitype,#spawner_zm_white_nova_crawler
aitype,#spawner_zm_mannequin_ally
aitype,#$default_aitype
aitype,#spawner_zm_avogadro
aitype,#spawner_zm_dog_electric
aitype,#spawner_zm_wolf_ally
aitype,#spawner_zm_weeping_angel
aitype,#spawner_zm_zombie
aitype,#spawner_zm_ranged_nova_crawler
aitype,#spawner_zm_zombie_office
character,#c_t8_zmb_dlc3_mannequin
character,#c_t8_zmb_ofc_zombie_male1
character,#c_t8_zmb_ofc_zombie_male3
character,#c_t8_zmb_ofc_zombie_male2
character,#c_t8_zmb_whi_ranged_quadcrawler
character,#c_t8_zmb_3rdclass_male1
character,#c_t8_zmb_3rdclass_male2
character,#c_t8_zmb_ofc_quadcrawler1
character,#hash_44b38f849094dde1
character,#c_t8_zmb_dlc3_mannequin_ally
character,#c_t8_c_zom_avagadro
character,#character_sp_direwolf
character,#c_zom_der_hellhound
xmodelalias,#hash_1aae719deb3bcc1e
xmodelalias,#hash_55d70ded04de0c3c
xmodelalias,#hash_612e15b05a54b6c5
weapon,#hero_minigun_t8_lv3_zm
weapon,#ray_gun_mk2x_dw_zm
weapon,#zitem_white_mmtd_part_1_zm
weapon,#hero_minigun_t8_lv2_zm
weapon,#galvaknuckles_t8_zm
weapon,#frag_grenade_zm
weapon,#bowie_flourish_story_1_zm
weapon,#hero_katana_t8_lv2_zm
weapon,#zhield_dw_zm
weapon,#white_nova_crawler_projectile_zm
weapon,#ray_gun_mk2x_zm
weapon,#ray_gun_mk2v_zm
weapon,#dog_ai_defaultmelee_zm
weapon,#ray_gun_mk2y_upgraded_charged_zm
weapon,#ray_gun_upgraded_zm
weapon,#pistol_topbreak_t8_zm
weapon,#hero_gravityspikes_t8_lv2_zm
weapon,#zitem_riotshield_part_2_zm
weapon,#special_ballisticknife_freezing_t8_dw_zm
weapon,#avogadro_ai_defaultmelee_zm
weapon,#zitem_white_bear_bomb_part_2_zm
weapon,#zombie_fists_bowie_story_1_zm
weapon,#ray_gun_mk2_zm
weapon,#zitem_white_ww_modkit_part_3_zm
weapon,#ray_gun_mk2z_upgraded_zm
weapon,#zitem_white_mmtd_part_3_zm
weapon,#zhield_lh_zm
weapon,#hero_minigun_t8_lv3_Grenade_zm
weapon,#pistol_standard_zm
weapon,#special_ballisticknife_freezing_t8_lh_zm
weapon,#hero_flamethrower_t8_lv2_zm
weapon,#ar_accurate_t8_mannequin_ally_zm
weapon,#hero_katana_t8_lv3_zm
weapon,#ray_gun_mk2z_zm
weapon,#ray_gun_mk2v_upgraded_zm
weapon,#wolf_ally_defaultmelee_zm
weapon,#buildable_piece_zm
weapon,#ar_accurate_t8_zm
weapon,#ray_gun_zm
weapon,#hero_gravityspikes_t8_lv3_zm
weapon,#zombie_ai_defaultmelee_zm
weapon,#ray_gun_mk2_upgraded_zm
weapon,#zitem_riotshield_part_1_zm
weapon,#hero_gravityspikes_t8_lv1_zm
weapon,#smg_thompson_t8_zm
weapon,#zitem_white_bear_bomb_part_1_zm
weapon,#ray_gun_mk2x_lh_zm
weapon,#zitem_riotshield_part_3_zm
weapon,#bowie_knife_story_1_zm
weapon,#zitem_white_bear_bomb_part_3_zm
weapon,#zitem_white_ww_modkit_part_1_zm
weapon,#zhield_riot_lh_zm
weapon,#zitem_white_ww_modkit_part_2_zm
weapon,#ww_freezegun_t8_zm
weapon,#zitem_white_mmtd_part_2_zm
weapon,#hero_gravityspikes_t8_lh_lv1_zm
weapon,#hero_minigun_t8_lv1_zm
weapon,#hero_gravityspikes_t8_lh_lv3_zm
weapon,#zhield_riot_turret_zm
weapon,#ww_freezegun_t8_upgraded_zm
weapon,#smg_thompson_t8_upgraded_zm
weapon,#riotshield_zm
weapon,#hero_flamethrower_t8_lv1_zm
weapon,#hero_flamethrower_t8_lv3_zm
weapon,#galvaknuckles_t8_flourish_zm
weapon,#hero_katana_t8_lv1_zm
weapon,#cymbal_monkey_zm
weapon,#ray_gun_mk2y_zm
weapon,#zhield_riot_dw_zm
weapon,#ray_gun_mk2y_upgraded_zm
weapon,#hero_minigun_t8_lv2_Grenade_zm
weapon,#ray_gun_mk2y_charged_zm
weapon,#hero_gravityspikes_t8_lh_lv2_zm
weapon,#zhield_turret_zm
weapon,#blue_nova_crawler_projectile_zm
gesture,#hash_1ec9e66bcf52e6f
gesture,#hash_9f9a72bef795b82
gesture,#hash_a079d470c270b1e
gesture,#hash_c9191ad04ac315e
gesture,#hash_e88f702b7e4b63b
gesture,#ges_prone_to_crouch
gesture,#hash_1b2024cb5b1c0d05
gesture,#ges_slide
gesture,#ges_slide_buckler
gesture,#hash_2031cb3032b3f0e1
gesture,#ges_mantle_buckler
gesture,#hash_25459d2d6c7d1983
gesture,#ges_mantle_light
gesture,#hash_277749aab1c80810
gesture,#ges_crouch_to_prone
gesture,#hash_2bc187c75a694a23
gesture,#hash_2c9d84c169cdce08
gesture,#hash_3125767a38612dff
gesture,#hash_3aa7543743488b4e
gesture,#hash_3b18c19eaec1e8bc
gesture,#ges_frag_grenade
gesture,#ges_swim_idle
gesture,#hash_55d0a63257bcebde
gesture,#hash_5be3e5303dfe56c4
gesture,#ges_mantle
gesture,#hash_617fadee1c721d6c
gesture,#hash_61d5e8f78a0507d4
gesture,#hash_6c0b7b24b828b624
gesture,#hash_6cb0845b6cb5730e
gesture,#ges_slide_dw
gesture,#hash_6f206602fb335ee8
gesture,#ges_slide_bare_hands
gesture,#hash_75ebfc135f681a76
gesture,#hash_78e9edb84304873a
gesture,#ges_mantle_bare_hands
gesture,#hash_7bd0aa12b2a5b23a
gesture,#hash_7da3f8c1244624b4
gesturetable,#hash_5bf0af11f628e09
gesturetable,#hash_441ca49fc989c533
zbarrier,#zmcore_packapunch
zbarrier,#hash_41be53cc4d29cabe
zbarrier,#zm_white_debris_03
zbarrier,#zm_white_debris_02
zbarrier,#zm_white_debris_01
zbarrier,#zm_white_magicbox
zbarrier,#hash_6c06e33cd3ebb050
zbarrier,#hash_6c06e43cd3ebb203
zbarrier,#hash_6c06e63cd3ebb569
rumble,#zm_white_nuke_aftershock
rumble,#defaultweapon_melee
rumble,#zm_nova_explosion_rumble
rumble,#zm_castle_pulsing_rumble
rumble,#zm_nova_phase_exit_rumble
rumble,#talon_spike
rumble,#zm_white_nuke_wind
rumble,#zm_white_perk_impact
rumble,#zm_weap_gravityspikes_vortex
rumble,#zm_shield_break
rumble,#smg_fire
rumble,#hash_1b194e26c256036c
rumble,#assault_adsfire
rumble,#smg_adsfire
rumble,#zm_white_perk_aftershock
rumble,#shotgun_fire
rumble,#hash_322cc8a226215312
rumble,#hash_336e1d9a83b29d55
rumble,#heavygun_fire
rumble,#assault_fire
rumble,#hash_38a12b73c9342fd9
rumble,#pistol_fire
rumble,#zod_shield_juke
rumble,#flamethrower
rumble,#zod_idgun_vortex_shockwave
rumble,#grenade_rumble
rumble,#grenade_throw
rumble,#zod_idgun_vortex_interior
rumble,#zm_fasttravel_vortex_rumble
rumble,#defaultweapon_fire
rumble,#zm_white_nuke_impact
rumble,#zm_shield_damage
rumble,#shotgun_adsfire
shellshock,#shellshock_blur
shellshock,#explosion_shock
shellshock,#shellshock_blur_pc
shellshock,#explosion_zm
statuseffect,#dot_purifier
statuseffect,#shock_zm_trap
statuseffect,#zm_white_nova_gas
statuseffect,#hash_2608bf886a137e8e
statuseffect,#hash_320c81d91eb89d73
statuseffect,#hash_3552c44f5e6ff87d
statuseffect,#avogadro_shock_slowed
statuseffect,#wound_purifier
xcam,#hash_9c4ea39463d14ac
xcam,#hash_db5c34f7d9e1861
xcam,#ui_cam_icon_ar_accurate
xcam,#ui_cam_icon_pistol_shotgun
xcam,#ui_cam_cac_special_knife
xcam,#hash_1ae1e697609dd70b
xcam,#ui_cam_icon_special_knife
xcam,#ui_cam_cac_smg_thompson
xcam,#hash_2547de4f2204205b
xcam,#ui_cam_cac_ar_accurate
xcam,#ui_cam_cac_pistol_topbreak
xcam,#ui_cam_icon_special_crossbow
xcam,#ui_cam_cac_melee_knuckles
xcam,#ui_cam_icon_melee_knuckles
xcam,#ui_cam_cac_pistol_standard
xcam,#ui_cam_icon_pistol_standard
xcam,#ui_cam_cac_equip_frag
xcam,#ui_cam_cac_special_crossbow
xanim,#ai_zombie_base_walk_au_v10_pain_chest_f
xanim,#ai_zm_dlc1_zombie_crawl_climb_up_256_down_32
xanim,#ai_robot_cmpn_spawn_drop
xanim,#pt_battle_shield_male_stand_putaway
xanim,#vm_ar_accurate_inspect
xanim,#ai_t8_zm_zombie_boardtear_aligned_l_6_pull
xanim,#ai_robot_rogue_ctrl_run_lowready_f_v2
xanim,#ai_robot_rogue_ctrl_run_lowready_f_v1
xanim,#vm_raygun_fire_ads
xanim,#vm_pistol_webley_fire_ads
xanim,#ai_zombie_base_walk_au_v5_pain_chest_f
xanim,#ai_t8_zm_zombie_base_walk_jump_up_catwlk_160
xanim,#ai_t8_zm_quad_phaseright_long_a
xanim,#ai_t8_zm_quad_phaseright_long_b
xanim,#ai_t8_zm_zombie_base_walk_jump_up_catwlk_128
xanim,#pt_pistol_swim_raise
xanim,#vm_battle_shield_ads_base_down
xanim,#vm_ar_accurate_walk_f
xanim,#p8_fxanim_zm_white_perk_machine_dummy_idle
xanim,#ai_t8_zm_avogadro_melee_attack_v2
xanim,#ai_t8_zm_avogadro_melee_attack_v1
xanim,#vm_ballistic_knife_t8_pullout
xanim,#ai_t8_zm_zombie_base_trv_jump_up_128_thru_sm_hole
xanim,#ai_t8_zm_mob_zombie_dog_stun_out
xanim,#hash_1268742ab2ef44e
xanim,#vm_brawler_t8_sprint_in
xanim,#ai_zm_dlc1_zombie_walk_lowg_v4_pain_chest_f_alt
xanim,#vm_t8_PRONE_TO_CROUCH_dw_ballistic
xanim,#hash_1b7abbd22aea272
xanim,#ai_zombie_base_sprint_ad_sidestep_right_long_b
xanim,#ai_zombie_base_sprint_ad_sidestep_right_long_a
xanim,#vm_battle_shield_idle
xanim,#vm_brass_knuckles_fall
xanim,#hash_1f40909bb41c100
xanim,#ai_robot_rogue_ctrl_melee_left_arm_b
xanim,#ai_robot_rogue_ctrl_melee_left_arm_c
xanim,#ai_t8_zm_zombie_base_crawl_boardtear_aligned_l_2_grab
xanim,#hash_21d5bad39f5ca69
xanim,#ai_t8_zm_zombie_base_crawl_boardtear_aligned_l_6_hold
xanim,#hash_23757499345d55e
xanim,#pt_flamethrower_crouch_fire_alt
xanim,#pt_rifle_stand_raise
xanim,#vm_smg_thompson_fire_intro_ads
xanim,#vm_brass_knuckles_melee_fatal_l
xanim,#vm_brass_knuckles_jump
xanim,#vm_battle_shield_hand_pose_l
xanim,#vm_battle_shield_hand_pose_r
xanim,#ai_t8_zm_zombie_dog_pro_trv_mantle_up_36_dn_128
xanim,#hash_29ed5acf5c7c5f0
xanim,#ai_t8_zm_zombie_base_walk_mantle_up_128_dn_36
xanim,#vm_ww_freezegun_idle_empty
xanim,#hash_2c107f5bb910588
xanim,#ai_zombie_base_run_ad_v21_pain_chest_f
xanim,#ai_t8_zm_quad_traverse_ground_crawlfast
xanim,#hash_2ddf517f6291328
xanim,#hash_2ddf717f629168e
xanim,#ai_zombie_zod_crawl_stunned_electrobolt_e
xanim,#ai_zombie_zod_crawl_stunned_electrobolt_d
xanim,#ai_zombie_zod_crawl_stunned_electrobolt_a
xanim,#ai_zombie_zod_crawl_stunned_electrobolt_c
xanim,#ai_zombie_zod_crawl_stunned_electrobolt_b
xanim,#pt_battle_shield_male_stand_fire
xanim,#vm_minigun_ads_base_down
xanim,#vm_battle_shield_sprint_putaway
xanim,#vm_zom_raygun_mk2_crawl_l
xanim,#vm_zom_raygun_mk2_crawl_f
xanim,#vm_zom_raygun_mk2_crawl_b
xanim,#vm_zom_raygun_mk2_crawl_r
xanim,#ai_t8_zm_zombie_boardtear_aligned_r_3_hold
xanim,#ai_zombie_base_walk_ad_v22_pain_chest_f_alt
xanim,#ai_t8_zm_avogadro_intro_idle_to_combat
xanim,#vm_smg_thompson_first_raise
xanim,#ai_zombie_base_walk_au_sidestep_right_b
xanim,#ai_t8_zm_zombie_base_run_jump_up_128_quick
xanim,#hash_3a3379e6ddc2ac0
xanim,#hash_3a3399e6ddc2e26
xanim,#hash_3a33d9e6ddc34f2
xanim,#hash_3a3439e6ddc3f24
xanim,#ai_robot_rogue_ctrl_walk_f_pain_legs
xanim,#ai_zombie_base_walk_ad_v23_pain_chest_f
xanim,#ai_robot_base_stn_exposed_reload_01
xanim,#vm_t8_zom_galvaknuckles_melee_out
xanim,#hash_412c474a5de2518
xanim,#pt_minigun_stand_fire
xanim,#ai_t8_zm_zombie_base_crawl_boardtear_aligned_r_1_hold
xanim,#vm_katana_crawl_r
xanim,#vm_katana_crawl_b
xanim,#vm_katana_crawl_f
xanim,#vm_katana_crawl_l
xanim,#vm_pistol_webley_sprint_loop
xanim,#ai_t8_zm_zombie_boardtear_aligned_m_1_pull
xanim,#o_zombie_base_packapunch_poweron
xanim,#vm_zom_raygun_mk2_reload_empty
xanim,#vm_brass_knuckles_swim_tw_sprint_loop
xanim,#vm_purifier_t8_fire
xanim,#vm_pistol_webley_jump
xanim,#vm_ww_freezegun_sprint_putaway
xanim,#hash_57b19095ae3642f
xanim,#hash_57e9f095ae67db8
xanim,#ai_t8_zm_zombie_base_crawl_boardtear_aligned_r_2_hold
xanim,#vm_ww_freezegun_swim_uw_putaway
xanim,#ai_zombie_base_run_au_v5_pain_chest_f
xanim,#p8_fxanim_zm_white_fallout_shelter_door_idle
xanim,#hash_5d88759d0352ed6
xanim,#vm_raygun_reload
xanim,#pt_pistol_swim_putaway
xanim,#ai_t8_zm_zombie_base_walk_mantle_up_36_dn_240
xanim,#ai_t8_zombie_base_walk_au_win_trav_r_v1
xanim,#ai_zm_dlc1_zombie_run_lowg_v1_pain_chest_f
xanim,#ai_zombie_base_dth_f_chest_lt_00
xanim,#ai_zombie_base_dth_f_chest_lt_01
xanim,#ai_zombie_base_dth_f_chest_lt_02
xanim,#ai_zombie_base_dth_f_chest_lt_03
xanim,#hash_65cbe9192f9c3d2
xanim,#hash_67f5d04bc733a6c
xanim,#ai_t8_zm_zombie_boardtear_aligned_l_3_pull
xanim,#ai_direwolf_base_run_turn_l_90
xanim,#ai_zombie_base_walk_ad_v22_pain_chest_f
xanim,#vm_ww_freezegun_jump
xanim,#ai_zombie_base_walk_ad_v1_pain_chest_f
xanim,#pt_brawler_prone_putaway
xanim,#pt_katana_stand_putaway_quick
xanim,#ai_robot_base_stn_exposed_juke_short_right
xanim,#vm_ar_accurate_ads_base_up
xanim,#ai_zm_dlc1_zombie_climb_up_256_down_40
xanim,#ai_robot_base_stn_shutdown_idle
xanim,#ai_zm_dlc1_zombie_climb_up_256_down_32
xanim,#ai_t8_zombie_base_sprint_au_v20_pain_chest_f
xanim,#ai_t8_zm_avogadro_super_sprint
xanim,#hash_7ca16aeab3098ab
xanim,#hash_7ca17aeab309a5e
xanim,#ai_t8_zombie_base_cust_trv_jump_up_zm_mnsn_main_hall
xanim,#ai_t8_zm_zombie_base_crawl_boardtear_aligned_l_1_pull
xanim,#ai_zombie_zod_crawl_jump_down_256
xanim,#pt_rifle_swim_fire
xanim,#hash_7e60119b546c31d
xanim,#ai_t8_zm_quad_jump_down_96
xanim,#vm_minigun_sprint_in
xanim,#vm_katana_sprint_out
xanim,#ai_t8_zm_quad_jump_down_48
xanim,#ai_t8_zm_quad_jump_down_72
xanim,#ai_t8_zm_quad_jump_down_36
xanim,#vm_mini_crossbow_ads_base_up
xanim,#vm_brass_knuckles_jump_land
xanim,#pt_dw_swim_raise_over
xanim,#pt_grenade_crouch_throw
xanim,#ai_t8_zombie_base_run_au_win_trav_m_v1
xanim,#vm_zom_talon_spikes_dw_walk_f
xanim,#vm_battle_shield_sprint_loop
xanim,#p8_fxanim_zm_whi_ceiling_fan_trap_outro_anim
xanim,#ai_zombie_smash_react_getup
xanim,#vm_ar_accurate_sprint_out
xanim,#vm_raygun_ads_base_down
xanim,#hash_8f5ae736d912564
xanim,#hash_8f5b4736d912f96
xanim,#ai_zombie_base_walk_ad_v19_pain_chest_f
xanim,#pt_grenade_prone_throw
xanim,#hash_936d4d0391b8494
xanim,#vm_minigun_first_raise
xanim,#hash_97cbaac63c9763a
xanim,#pt_dw_stand_melee_gunbutt
xanim,#ai_t8_zm_zombie_crawl_undercroft_spawn_02
xanim,#ai_direwolf_base_trot
xanim,#vm_battle_turret_pullout
xanim,#vm_zom_bowie_knife_melee_stab
xanim,#vm_bare_hands_t8_swim_uw_sprint_loop
xanim,#vm_ballistic_knife_t8_putaway
xanim,#pt_dw_swim_fire_rightarm
xanim,#hash_a5934fffa76dc54
xanim,#hash_a87d5bcedd44ede
xanim,#bo3_ai_zombie_taunts_4
xanim,#p8_fxanim_zm_perk_vending_soda_on_anim
xanim,#ai_zm_dlc1_zombie_sprint_lowg_v3_pain_chest_f_alt
xanim,#vm_katana_putaway_quick
xanim,#vm_katana_ads_base_up
xanim,#ai_zombie_base_run_au_v11_pain_chest_f_alt
xanim,#pt_grenade_stand_throw
xanim,#hash_b795527fe22ba50
xanim,#vm_t8_swim_idle_static_dw
xanim,#pt_brawler_prone_raise
xanim,#ai_t8_zm_avogadro_intro_idle
xanim,#ai_t8_zm_zombie_base_walk_attack_14
xanim,#ai_t8_zm_zombie_base_walk_attack_15
xanim,#ai_t8_zm_zombie_base_walk_attack_11
xanim,#ai_t8_zm_zombie_base_walk_attack_12
xanim,#ai_t8_zm_zombie_base_walk_attack_09
xanim,#ai_t8_zm_zombie_base_walk_attack_08
xanim,#ai_t8_zm_zombie_base_walk_attack_07
xanim,#ai_t8_zm_zombie_base_walk_attack_06
xanim,#ai_t8_zm_zombie_base_walk_attack_05
xanim,#ai_t8_zm_zombie_base_walk_attack_04
xanim,#ai_t8_zm_zombie_base_walk_attack_02
xanim,#ai_t8_zm_zombie_base_walk_attack_01
xanim,#vm_purifier_t8_putaway_quick
xanim,#vm_purifier_t8_sprint_out
xanim,#vm_pistol_webley_sprint_out
xanim,#hash_bef38d878913e58
xanim,#vm_shotgun_pump_swim_to_land
xanim,#pt_pistol_prone_putaway
xanim,#vm_ballistic_knife_t8_ads_base_down
xanim,#vm_ar_accurate_fire_intro_ads
xanim,#hash_c849b218b354fd3
xanim,#ai_zombie_dr_jump_up_2_climb
xanim,#vm_brass_knuckles_swim_to_land
xanim,#vm_t8_zom_galvaknuckles_first_raise
xanim,#p8_fxanim_zm_perk_vending_soda_use5_anim
xanim,#ai_t8_zm_zombie_boardtear_aligned_m_1_grab
xanim,#vm_pistol_webley_putaway
xanim,#vm_smg_thompson_crawl_in
xanim,#pt_battle_shield_male_stand_fire_delay
xanim,#vm_minigun_walk_f
xanim,#hash_d31e3306591b08a
xanim,#ai_t8_zm_quad_attack_2
xanim,#ai_t8_zm_quad_attack_3
xanim,#ai_t8_zm_quad_attack_4
xanim,#ai_t8_zm_quad_attack_5
xanim,#ai_t8_zm_quad_attack_6
xanim,#pt_dw_prone_raise
xanim,#hash_d7cc2e2b8e62c7c
xanim,#ai_base_rifle_stn_run_dth_f_head_lt_1
xanim,#vm_zom_talon_spikes_dw_jump
xanim,#vm_battle_shield_sprint_out
xanim,#ai_robot_base_trv_mantle_over_128
xanim,#p8_fxanim_zm_perk_vending_cola_disable_anim
xanim,#ai_zombie_base_run_turn_45_l_v2
xanim,#p8_fxanim_zm_perk_vending_brew_disable_anim
xanim,#hash_deb8a6fd8a87f93
xanim,#pt_dw_swim_reload_over
xanim,#vm_brass_knuckles_crawl_out
xanim,#vm_katana_dash_out
xanim,#vm_frag_throw_quick
xanim,#vm_mr6_ads_base_down
xanim,#ai_zombie_base_sprint_turn_45_l_v2
xanim,#o_zombie_base_magic_box_teddy_rise
xanim,#ai_zombie_base_run_ad_v22_pain_chest_f
xanim,#hash_e4d72123cd995e2
xanim,#hash_e52234d0701d23b
xanim,#vm_zom_raygun_mk2_fire
xanim,#p8_fxanim_zm_whi_timecard_clock_animated_idle
xanim,#ai_zombie_base_walk_ad_v24_pain_chest_f
xanim,#vm_mini_crossbow_swim_uw_b
xanim,#vm_mini_crossbow_swim_uw_f
xanim,#vm_mini_crossbow_swim_uw_l
xanim,#vm_mini_crossbow_swim_uw_r
xanim,#vm_ar_accurate_crawl_in
xanim,#ai_zombie_base_crawl_sprint_v2
xanim,#ai_zombie_base_crawl_sprint_v3
xanim,#ai_zombie_base_crawl_sprint_v1
xanim,#ai_robot_base_tac_walk_scan_f
xanim,#ai_t8_zm_quad_crawl
xanim,#ai_zm_dlc1_zombie_talonspike_loop
xanim,#vm_ar_accurate_pullout
xanim,#ai_t8_zm_zombie_base_walk_mantle_up_36_dn_128
xanim,#ai_robot_rogue_ctrl_fastwalk_f_pain_chest
xanim,#pt_pistol_stand_raise
xanim,#ai_direwolf_base_trot_turn_r_180
xanim,#pt_dw_crouch_raise
xanim,#vm_t8_swim_out
xanim,#ai_zombie_base_fast_sprint_02_pain_chest_f_alt
xanim,#ai_direwolf_base_run_attack_single
xanim,#ai_robot_base_stn_exposed_grenade_throw_02
xanim,#ai_robot_base_stn_exposed_grenade_throw_01
xanim,#hash_fedc41ab10780fd
xanim,#hash_fedc61ab1078463
xanim,#vm_mini_crossbow_jump_land
xanim,#ai_t8_zm_zombie_base_crawl_boardtear_aligned_m_6_pull
xanim,#vm_t8_swim_out_dw
xanim,#ai_t8_zm_zombie_base_run_mantle_up_36_dn_240
xanim,#vm_mini_crossbow_fire
xanim,#vm_mr6_fall
xanim,#hash_10c34b00c2661bc7
xanim,#ai_t8_zombie_base_sprint_au_v1_pain_chest_f_alt
xanim,#ai_zombie_base_dth_l_chest_hvy_00
xanim,#ai_zombie_base_dth_l_chest_hvy_03
xanim,#ai_zombie_base_dth_l_chest_hvy_02
xanim,#hash_10fa4e5e6fdbccb4
xanim,#vm_t8_swim_out_additive
xanim,#vm_ar_accurate_idle
xanim,#vm_smg_thompson_inspect
xanim,#ai_zombie_base_run_ad_v11_pain_chest_f_alt
xanim,#ai_zombie_base_walk_au_v6_pain_chest_f
xanim,#ai_zombie_base_dth_l_torso_lt
xanim,#ai_zombie_base_run_au_v23_pain_chest_f_alt
xanim,#pt_rifle_t8_smg_handling_dw_stand_inspect
xanim,#hash_119f0b07a96d45df
xanim,#ai_t8_zm_zod_catalyst_plasma_death_01
xanim,#ai_t8_zm_zod_catalyst_plasma_death_03
xanim,#ai_t8_zm_zod_catalyst_plasma_death_02
xanim,#ai_zombie_base_jump_down_48
xanim,#ai_zombie_base_jump_down_72
xanim,#vm_brawler_t8_crawl_out
xanim,#hash_11b82cd1f9c9b6eb
xanim,#hash_11b83ad1f9c9ceb5
xanim,#vm_battle_shield_fire
xanim,#ai_zombie_base_jump_down_36
xanim,#ai_zombie_base_walk_ad_v20_pain_chest_f_alt
xanim,#ai_zombie_base_jump_down_96
xanim,#vm_mini_crossbow_gunbutt_swipe
xanim,#ai_zombie_base_walk_ad_v1_pain_chest_f_alt
xanim,#hash_11e0b5ef2967645f
xanim,#ai_zombie_base_walk_turn_45_r_v2
xanim,#vm_frag_grenade_cancel_additive
xanim,#ai_zombie_base_dth_b_chest_lt_02
xanim,#ai_zombie_base_dth_b_chest_lt_03
xanim,#ai_zombie_base_run_turn_90_l_v3
xanim,#ai_direwolf_base_trot_turn_r_90
xanim,#ai_robot_base_stn_exposed_pain_left_arm
xanim,#ai_zm_dlc1_zombie_run_lowg_v3_pain_chest_f
xanim,#hash_127d9bcf25e8cb4c
xanim,#ai_t8_zm_zombie_base_crawl_boardtear_aligned_l_5_grab
xanim,#ai_t8_zm_mnsn_direwolf_pro_trv_jump_dn_128
xanim,#ai_t8_zm_mnsn_direwolf_pro_trv_jump_dn_160
xanim,#ai_wolf_ally_base_run_attack_low
xanim,#hash_12e100fd64db8146
xanim,#hash_12e2ac0cad5d1bcf
xanim,#hash_12e481fd64de9250
xanim,#hash_12e482fd64de9403
xanim,#hash_12e483fd64de95b6
xanim,#hash_12e484fd64de9769
xanim,#hash_12e485fd64de991c
xanim,#hash_12e487fd64de9c82
xanim,#hash_12e488fd64de9e35
xanim,#hash_12e48dfd64dea6b4
xanim,#hash_12e48efd64dea867
xanim,#vm_mr6_swim_uw_putaway
xanim,#ai_t8_zm_zombie_base_crawl_boardtear_aligned_l_4_grab
xanim,#vm_pistol_webley_ads_base_up
xanim,#ai_t8_zm_quad_getup_facedown_1
xanim,#ai_zombie_base_walk_au_v23_pain_chest_f_alt
xanim,#vm_mr6_crawl_in
xanim,#hash_13a6e4b545ff34e8
xanim,#hash_13c61984c006c557
xanim,#vm_brass_knuckles_ads_base_down
xanim,#pt_ballistic_knife_t8_swim_pullout
xanim,#hash_13f301f1d17e69f3
xanim,#pt_dw_swim_putaway
xanim,#ai_zombie_base_walk_au_v3_pain_chest_f_alt
xanim,#ai_t8_zm_avogadro_ranged_attack_v1
xanim,#ai_t8_zm_avogadro_ranged_attack_v2
xanim,#hash_144a7d4fc46231c6
xanim,#ai_zm_dlc1_zombie_jump_up_lowg_v1
xanim,#pt_rifle_t8_smg_handling_dw_crouch_inspect
xanim,#ai_direwolf_base_run
xanim,#ai_zombie_base_walk_au_sidestep_left_long
xanim,#o_zombie_base_packapunch_working_eject_gun
xanim,#ai_zombie_base_run_ad_v8_pain_chest_f
xanim,#vm_battle_shield_walk_f
xanim,#p8_fxanim_zm_perk_vending_soda_use4_anim
xanim,#vm_zom_raygun_mk2_sprint_out
xanim,#vm_minigun_jump
xanim,#ai_zombie_base_run_ad_v8
xanim,#ai_zombie_base_run_ad_v1
xanim,#ai_zombie_base_run_ad_v2
xanim,#ai_zombie_base_run_ad_v4
xanim,#ai_zombie_base_run_ad_v7
xanim,#vm_brass_knuckles_crawl_r
xanim,#vm_brass_knuckles_crawl_l
xanim,#vm_brass_knuckles_crawl_f
xanim,#vm_brass_knuckles_crawl_b
xanim,#hash_1544479ab0f4ac15
xanim,#vm_purifier_t8_sprint_putaway
xanim,#vm_mp9_walk_f_ads
xanim,#ai_zombie_base_run_mantle_over_36
xanim,#vm_mr6_crawl_r
xanim,#vm_mr6_crawl_b
xanim,#vm_mr6_crawl_f
xanim,#vm_mr6_crawl_l
xanim,#ai_zombie_base_run_mantle_over_72
xanim,#ai_zombie_base_run_mantle_over_48
xanim,#ai_zombie_base_run_mantle_over_96
xanim,#ai_t8_zm_zombie_boardtear_aligned_l_4_grab
xanim,#p8_fxanim_zm_white_debris_buy_01_clear
xanim,#vm_mr6_reload
xanim,#vm_frag_ads_down
xanim,#vm_purifier_t8_crawl_out
xanim,#o_spikes_stand_plant
xanim,#ai_robot_base_stn_exposed_pain_back
xanim,#vm_mini_crossbow_swim_uw_out
xanim,#vm_frag_grenade_pullpin_bare_hands
xanim,#vm_ar_accurate_fire_intro
xanim,#hash_164b08523118a65a
xanim,#vm_t8_swim_brawler_out
xanim,#ai_robot_base_stn_exposed_death_juiced_ammo
xanim,#hash_16680bfd781d9a47
xanim,#hash_16680cfd781d9bfa
xanim,#pt_grenade_stand_hold_fire
xanim,#vm_ar_accurate_fall
xanim,#vm_ar_accurate_swim_from_land
xanim,#ai_zombie_base_walk_ad_v3
xanim,#ai_zombie_base_walk_ad_v2
xanim,#ai_zombie_base_walk_ad_v1
xanim,#ai_zombie_base_walk_ad_v7
xanim,#ai_zombie_base_walk_ad_v6
xanim,#ai_zombie_base_walk_ad_v5
xanim,#ai_zombie_base_walk_ad_v4
xanim,#pt_pistol_crouch_putaway
xanim,#pt_dw_stand_full_putaway
xanim,#hash_16e1f913cd7cb766
xanim,#vm_frag_grenade_cancel_bare_hands_additive
xanim,#ai_t8_zm_zombie_base_crawl_boardtear_aligned_m_5_pull
xanim,#ai_t8_zm_zombie_base_walk_jump_up_96
xanim,#vm_raygun_crawl_out
xanim,#ai_t8_zm_zombie_base_walk_jump_up_48
xanim,#ai_t8_zm_zombie_base_walk_jump_up_72
xanim,#ai_t8_zm_zombie_base_walk_jump_up_36
xanim,#ai_robot_base_vs_player_run_2_melee
xanim,#hash_172c48341f59abff
xanim,#hash_172c4c341f59b2cb
xanim,#hash_172c4e341f59b631
xanim,#hash_172c52341f59bcfd
xanim,#ai_zombie_base_walk_au_pain_head_v1
xanim,#ai_robot_rogue_ctrl_run_lowready_f_pain_head
xanim,#vm_katana_first_raise
xanim,#vm_frag_grenade_cancel
xanim,#ai_t8_zm_zombie_base_attack_14
xanim,#ai_t8_zm_zombie_base_attack_15
xanim,#ai_t8_zm_zombie_base_attack_12
xanim,#ai_t8_zm_zombie_base_attack_13
xanim,#ai_t8_zm_zombie_base_attack_10
xanim,#ai_t8_zm_zombie_base_attack_11
xanim,#ai_t8_zm_zombie_base_attack_09
xanim,#ai_t8_zm_zombie_base_attack_08
xanim,#ai_t8_zm_zombie_base_attack_01
xanim,#ai_t8_zm_zombie_base_attack_03
xanim,#ai_t8_zm_zombie_base_attack_02
xanim,#ai_t8_zm_zombie_base_attack_05
xanim,#ai_t8_zm_zombie_base_attack_04
xanim,#ai_t8_zm_zombie_base_attack_07
xanim,#ai_t8_zm_zombie_base_attack_06
xanim,#ai_zombie_base_walk_ad_v23
xanim,#ai_zombie_base_walk_ad_v22
xanim,#ai_zombie_base_walk_ad_v21
xanim,#ai_zombie_base_walk_ad_v20
xanim,#ai_zombie_base_walk_ad_v25
xanim,#ai_zombie_base_walk_ad_v24
xanim,#vm_raygun_sprint_pullout
xanim,#ai_zombie_base_walk_ad_v19
xanim,#hash_17aa31180840af81
xanim,#ai_t8_zm_zombie_base_run_jump_up_48
xanim,#ai_t8_zm_zombie_base_run_jump_up_72
xanim,#ai_zombie_base_dth_r_head_lt
xanim,#ai_t8_zm_zombie_base_run_jump_up_36
xanim,#vm_zom_raygun_mk2_idle
xanim,#ai_t8_zm_zombie_base_run_jump_up_96
xanim,#vm_ballistic_knife_t8_melee_l_finisher
xanim,#ai_zm_dlc1_zombie_jump_up_36_down_180
xanim,#pt_rifle_stand_putaway
xanim,#p8_fxanim_zm_perk_vending_tonic_use_anim
xanim,#ai_zm_dlc1_zombie_sprint_lowg_v4_pain_chest_f
xanim,#ai_t8_zm_zod_catalyst_water_arrival_7
xanim,#ai_t8_zm_zod_catalyst_water_arrival_6
xanim,#ai_t8_zm_zod_catalyst_water_arrival_4
xanim,#ai_t8_zm_zod_catalyst_water_arrival_3
xanim,#ai_t8_zm_zod_catalyst_water_arrival_2
xanim,#ai_t8_zm_zod_catalyst_water_arrival_1
xanim,#ai_t8_zm_zod_catalyst_water_arrival_9
xanim,#ai_t8_zm_zod_catalyst_water_arrival_8
xanim,#vm_t8_swim_b_dw_ballistic
xanim,#pt_grenade_swim_throw
xanim,#ai_zombie_base_walk_ad_v24_pain_chest_f_alt
xanim,#ai_direwolf_base_trv_jump_down_96
xanim,#hash_18556bebce47ed5c
xanim,#ai_t8_zm_zombie_base_crawl_boardtear_aligned_r_6_grab
xanim,#ai_direwolf_base_trv_jump_down_40
xanim,#ai_direwolf_base_trv_jump_down_48
xanim,#ai_direwolf_base_trv_jump_down_72
xanim,#pb_spikes_slam_intro
xanim,#vm_slide_bare_hands
xanim,#vm_katana_walk_f
xanim,#ai_robot_cmpn_trv_jump_up_308_down_36
xanim,#ai_zombie_base_sprint_turn_180_r_v3
xanim,#ai_t8_zm_zombie_dog_pro_trv_jump_dn_32
xanim,#ai_t8_zm_zombie_dog_pro_trv_jump_dn_64
xanim,#vm_pistol_webley_sprint_pullout
xanim,#zm_koala_debris_01_clear
xanim,#ai_t8_zm_zombie_base_run_mantle_up_36_dn_128
xanim,#ai_zombie_smash_react_f_flatonback
xanim,#pt_rifle_swim_idle_gunbutt_melee
xanim,#p8_fxanim_zm_white_raygun_case_idle
xanim,#ai_t8_zm_mannequin_ally_stn_exposed_revive
xanim,#hash_19550e61a03cdded
xanim,#hash_1966507bb65ac96c
xanim,#ai_t8_zombie_base_walk_au_win_trav_m_v1
xanim,#ai_t8_zombie_base_walk_au_win_trav_m_v2
xanim,#ai_t8_zombie_base_walk_au_win_trav_m_v3
xanim,#vm_minigun_pullout_quick
xanim,#ai_t8_zm_zombie_boardtear_aligned_l_2_hold
xanim,#vm_t8_mantle_over_bare_hands_additive
xanim,#ai_robot_base_trv_jump_across_128
xanim,#pt_minigun_fem_crouch_firstraise
xanim,#ai_zombie_base_crawl_jump_across_256
xanim,#ai_zombie_base_run_au_v2_pain_chest_f_alt
xanim,#ai_zm_dlc1_zombie_walk_lowg_v2_pain_chest_f
xanim,#vm_mr6_swim_uw_l
xanim,#vm_mr6_swim_uw_b
xanim,#vm_mr6_swim_uw_f
xanim,#vm_mr6_swim_uw_r
xanim,#ai_robot_base_charge_melee_l_hand
xanim,#ai_zombie_base_dth_f_head_hvy_02
xanim,#ai_zombie_base_dth_f_head_hvy_03
xanim,#ai_zombie_base_dth_f_head_hvy_01
xanim,#vm_zom_raygun_mk2_walk_f
xanim,#ai_zombie_base_walk_ad_v5_pain_chest_f_alt
xanim,#vm_ballistic_knife_t8_melee_l_out
xanim,#pt_grenade_stand_prime
xanim,#vm_frag_grenade_throw_additive
xanim,#ai_zombie_base_sprint_turn_90_r_v2
xanim,#hash_1a36cdc20da7315f
xanim,#ai_t8_zm_zombie_base_run_jump_up_catwlk_160
xanim,#ai_t8_zombie_base_sprint_au_v22_pain_chest_f_alt
xanim,#ai_t8_zm_zombie_base_run_jump_up_catwlk_128
xanim,#hash_1a6ecd6c0f34545f
xanim,#hash_1a6ee36c0f3479c1
xanim,#pt_ballistic_knife_t8_stand_melee_stick
xanim,#ai_robot_base_stn_exposed_pain_face_b
xanim,#pt_rifle_stand_melee_gunbutt_swipe
xanim,#ai_t8_zm_zombie_boardtear_aligned_r_3_pull
xanim,#pt_pistol_stand_melee_gunbutt_strike
xanim,#ai_t8_zombie_base_sprint_ad_win_trav_l_v1
xanim,#vm_zom_raygun_mk2_sprint_putaway
xanim,#vm_ar_accurate_putaway
xanim,#vm_raygun_crawl_f
xanim,#vm_raygun_crawl_b
xanim,#vm_raygun_crawl_l
xanim,#vm_raygun_crawl_r
xanim,#pt_rifle_swim_putaway
xanim,#ai_zombie_base_walk_ad_sidestep_right_long_b
xanim,#ai_zombie_base_walk_ad_sidestep_right_long_a
xanim,#vm_mr6_first_raise
xanim,#pt_brawler_stand_inspect
xanim,#ai_t8_zm_zombie_dog_pro_trv_mantle_up_36_dn_240
xanim,#ai_zombie_base_run_jump_down_128
xanim,#hash_1be72cb0b14d5c9f
xanim,#ai_t8_zombie_base_win_attack_arm_l_out
xanim,#vm_ww_freezegun_gunbutt_swipe
xanim,#ai_t8_zm_zombie_base_crawl_boardtear_aligned_r_2_pull
xanim,#ai_robot_cmpn_trv_jump_up_36_down_308
xanim,#vm_zom_talon_spikes_dw_plant
xanim,#ai_zombie_base_dth_r_torso_lt
xanim,#ai_zombie_base_run_ad_v4_pain_chest_f
xanim,#ai_t8_zm_quad_idle_2
xanim,#hash_1c3ba6a8c94fc000
xanim,#ai_t8_zombie_base_sprint_au_v1_pain_chest_f
xanim,#hash_1c50ba59da59576a
xanim,#p8_zm_esc_turbine_generator_01_starting
xanim,#ai_t8_zombie_base_crawl_run_win_trav_l_v1
xanim,#vm_t8_PRONE_TO_CROUCH_bare_hands
xanim,#vm_zom_talon_spikes_dw_sprint_loop
xanim,#hash_1ca22c90f3bb528a
xanim,#p8_fxanim_zm_esc_trap_fan_end_anim
xanim,#pt_ballistic_knife_t8_swim_first_raise
xanim,#vm_brawler_t8_sprint_loop
xanim,#ai_t8_zm_zombie_base_crawl_boardtear_aligned_r_4_pull
xanim,#pt_pistol_crouch_raise
xanim,#hash_1d1730f5440fbf62
xanim,#ai_t8_zm_quad_mantle_over_48
xanim,#ai_t8_zm_quad_mantle_over_40
xanim,#ai_t8_zm_quad_mantle_over_36
xanim,#hash_1d3de1aa4d9770a4
xanim,#vm_bare_hands_t8_swim_tw_sprint_loop
xanim,#ai_t8_zm_avogadro_sprint_v1
xanim,#vm_smg_handling_dw_gunbutt_miss
xanim,#ai_zombie_base_walk_turn_180_r_v3
xanim,#vm_katana_melee_out
xanim,#vm_ar_accurate_fire_ads
xanim,#vm_ballistic_knife_t8_fire_r
xanim,#ai_t8_zm_zombie_boardtear_aligned_l_3_hold
xanim,#vm_mr6_putaway
xanim,#vm_ww_freezegun_crawl_in
xanim,#ai_t8_zombie_base_crawl_run_win_trav_r_v1
xanim,#vm_t8_swim_in
xanim,#ai_zombie_base_walk_ad_sidestep_right_short
xanim,#ai_zombie_base_mantle_over_128
xanim,#vm_mp9_walk_f
xanim,#ai_t8_zm_zombie_base_run_jump_down_72
xanim,#ai_t8_zm_zombie_base_run_jump_down_48
xanim,#pt_rifle_swim_fire_over
xanim,#ai_zombie_base_walk_ad_sidestep_left_short
xanim,#ai_zombie_base_dth_r_chest_hvy_03
xanim,#ai_zombie_base_dth_r_chest_hvy_02
xanim,#ai_zombie_base_dth_r_chest_hvy_01
xanim,#ai_t8_zm_zombie_base_run_jump_down_36
xanim,#vm_t8_swim_idle_static_additive
xanim,#ai_t8_zm_zombie_base_run_jump_down_96
xanim,#ai_zombie_base_walk_au_v13
xanim,#ai_zombie_base_walk_au_v12
xanim,#ai_zombie_base_walk_au_v11
xanim,#ai_zombie_base_walk_au_v10
xanim,#ai_zombie_base_walk_au_v15
xanim,#ai_zombie_base_walk_au_v23
xanim,#ai_zombie_base_walk_au_v20
xanim,#ai_zombie_base_walk_au_v21
xanim,#vm_frag_grenade_cancel_bare_hands
xanim,#ai_zombie_base_dog_trot_turn_180_right
xanim,#hash_1e5206173a7af18d
xanim,#ai_t8_zm_zombie_boardtear_aligned_l_3_grab
xanim,#ai_robot_base_stn_exposed_pain_right_chest
xanim,#ai_zombie_base_run_jump_up_96
xanim,#p8_fxanim_zm_perk_vending_brew_use_anim
xanim,#ai_zombie_base_run_jump_up_48
xanim,#ai_zombie_base_run_jump_up_72
xanim,#vm_zom_raygun_mk2_hand_pose_r
xanim,#vm_zom_raygun_mk2_hand_pose_l
xanim,#vm_zom_talon_spikes_dw_sprint_in
xanim,#ai_zombie_base_run_jump_up_36
xanim,#vm_minigun_sprint_pullout
xanim,#vm_zom_talon_spikes_dw_first_raise
xanim,#ai_robot_base_tac_walk_f_pain_chest_f
xanim,#pt_rifle_t8_ar_accurate_stand_reload_partial
xanim,#ai_robot_base_stn_exposed_juke_right
xanim,#vm_katana_swim_uw_pullout
xanim,#p8_fxanim_zm_perk_vending_tonic_disable_anim
xanim,#ai_zm_dlc1_zombie_jump_up_36_down_244
xanim,#p8_fxanim_zm_white_raygun_case_open
xanim,#vm_zom_talon_spikes_dw_ads_base_down
xanim,#vm_smg_thompson_fire_ads
xanim,#hash_1f4819dc57f29224
xanim,#hash_1f4b96dc57f59c62
xanim,#hash_1f4b97dc57f59e15
xanim,#hash_1f4b98dc57f59fc8
xanim,#hash_1f4b99dc57f5a17b
xanim,#hash_1f4b9adc57f5a32e
xanim,#hash_1f4b9bdc57f5a4e1
xanim,#hash_1f4b9cdc57f5a694
xanim,#hash_1f4b9ddc57f5a847
xanim,#hash_1f4b9edc57f5a9fa
xanim,#hash_1f4b9fdc57f5abad
xanim,#vm_brawler_t8_idle
xanim,#ai_t8_zombie_base_sprint_au_v2_pain_chest_f_alt
xanim,#vm_raygun_pullout
xanim,#p8_fxanim_zm_whi_ceiling_fan_trap_loop_anim
xanim,#ai_t8_zm_zombie_base_crawl_boardtear_aligned_m_6_grab
xanim,#ai_zombie_base_walk_au_v2_pain_chest_f_alt
xanim,#ai_t8_zm_zombie_base_crawl_boardtear_aligned_l_6_pull
xanim,#ai_zm_dlc1_zombie_run_lowg_v4_pain_chest_f_alt
xanim,#hash_1fca781bef77f9de
xanim,#vm_zom_talon_spikes_dw_jump_land
xanim,#hash_1fd3640cc45ec148
xanim,#ai_zombie_base_run_ad_v12_pain_chest_f_alt
xanim,#ai_robot_cmpn_trv_jump_up_36_down_52
xanim,#ai_zombie_base_walk_au_v12_pain_chest_f_alt
xanim,#vm_riotshield_zm_putaway
xanim,#ai_zombie_base_run_au_v20_pain_chest_f_alt
xanim,#vm_t8_swim_brawler_f_additive
xanim,#hash_207a6b95544a27aa
xanim,#vm_zom_talon_spikes_dw_sprint_out
xanim,#pt_brawler_crouch_firstraise
xanim,#ai_zombie_smash_react_f_upontoback
xanim,#vm_purifier_t8_swim_uw_pullout
xanim,#vm_t8_zom_galvaknuckles_idle
xanim,#ai_zombie_base_dog_run_turn_90_left
xanim,#vm_brass_knuckles_putaway
xanim,#ai_t8_zm_zombie_base_crawl_boardtear_aligned_l_3_grab
xanim,#ai_zombie_base_sprint_au_sidestep_right_long_b
xanim,#ai_zombie_base_sprint_au_sidestep_right_long_a
xanim,#hash_20d67099b47133dd
xanim,#vm_brawler_t8_first_raise
xanim,#p8_fxanim_zm_white_trap_switch_box_idle
xanim,#vm_smg_thompson_sprint_in
xanim,#vm_zom_raygun_mk2_ads_base_down
xanim,#vm_smg_thompson_sprint_out
xanim,#vm_mr6_fire_ads
xanim,#ai_zm_dlc1_zombie_walk_lowg_v4_pain_chest_f
xanim,#vm_purifier_t8_first_raise
xanim,#ai_t8_zombie_base_win_attack_arm_r_out
xanim,#vm_zom_talon_spikes_dw_swipe
xanim,#ai_robot_cmpn_trv_jump_across_pap_bridge_smallgap_to_altar
xanim,#vm_mini_crossbow_swim_to_land
xanim,#ai_t8_zm_zombie_base_sprint_mantle_over_36
xanim,#vm_katana_dash_in
xanim,#ai_zm_dlc1_zombie_crawl_jump_up_180_down_36
xanim,#ai_zombie_base_sprint_ad_sidestep_right_short
xanim,#vm_katana_melee_miss
xanim,#p8_fxanim_zm_perk_vending_brew_on_anim
xanim,#vm_battle_shield_putaway
xanim,#hash_220af3201914cecf
xanim,#ai_t8_zm_zombie_boardtear_aligned_r_4_pull
xanim,#vm_ar_accurate_sprint_pullout
xanim,#hash_22220d0af917108d
xanim,#ai_t8_zm_zombie_base_walk_react_l_05
xanim,#ai_t8_zm_zombie_base_walk_react_l_04
xanim,#ai_t8_zm_zombie_base_walk_react_l_03
xanim,#ai_t8_zm_zombie_base_walk_react_l_02
xanim,#ai_t8_zm_zombie_base_walk_react_l_01
xanim,#ai_zm_dlc1_zombie_sprint_lowg_v2_pain_chest_f_alt
xanim,#ai_t8_zm_zombie_boardtear_aligned_m_5_pull
xanim,#hash_22518cb90c6ef434
xanim,#hash_2260f7454ea0561f
xanim,#hash_226e95f14d48f956
xanim,#hash_2276b52997355a05
xanim,#ai_zombie_base_dog_run_start
xanim,#vm_ballistic_knife_t8_ads_base_up
xanim,#vm_battle_turret_putaway_alt
xanim,#vm_zom_raygun_mk2_first_raise
xanim,#ai_t8_zm_quad_spitattack_1
xanim,#hash_231c51987f2797a9
xanim,#ai_t8_zm_avogadro_arrival
xanim,#ai_zombie_base_jump_up_128
xanim,#ai_zombie_base_jump_up_160
xanim,#vm_mini_crossbow_crawl_out
xanim,#ai_t8_zombie_base_crawl_win_trav_m_v1
xanim,#ai_t8_zombie_base_crawl_win_trav_m_v2
xanim,#vm_brass_knuckles_sprint_in
xanim,#vm_mini_crossbow_pullout
xanim,#ai_t8_zm_zombie_boardtear_aligned_m_6_grab
xanim,#pb_galvaknuckles_stand_firstraise
xanim,#vm_smg_thompson_crawl_f
xanim,#vm_smg_thompson_crawl_b
xanim,#vm_smg_thompson_crawl_l
xanim,#vm_smg_thompson_crawl_r
xanim,#pt_rifle_crouch_melee_gunbutt
xanim,#ai_zombie_base_dog_death_hit_back
xanim,#ai_t8_zm_zombie_base_run_jump_down_128
xanim,#ai_direwolf_base_idle_howl
xanim,#ai_t8_zm_mnsn_direwolf_pro_trv_jump_up_32
xanim,#ai_t8_zm_mnsn_direwolf_pro_trv_jump_up_64
xanim,#ai_t8_zm_zombie_base_crawl_boardtear_aligned_m_2_hold
xanim,#pt_dw_swim_melee_gunbutt
xanim,#ai_t8_zm_zombie_base_crawl_jump_down_128
xanim,#vm_t8_zom_galvaknuckles_melee_swipe
xanim,#ai_t8_zm_zombie_base_crawl_jump_down_160
xanim,#vm_brass_knuckles_first_raise
xanim,#vm_brawler_t8_fall
xanim,#hash_24d7c093e842612f
xanim,#hash_24d7c493e84267fb
xanim,#hash_24d7c693e8426b61
xanim,#hash_24d7ca93e842722d
xanim,#ai_robot_cmpn_trv_jump_up_36_down_244
xanim,#vm_pistol_webley_reload
xanim,#ai_t8_zm_zombie_base_crawl_boardtear_aligned_l_5_hold
xanim,#vm_katana_jump_land
xanim,#pt_brawler_stand_raise
xanim,#hash_257d64533c0538be
xanim,#hash_257d66533c053c24
xanim,#ai_t8_zm_quad_idle
xanim,#vm_minigun_throw
xanim,#vm_mr6_swim_from_land
xanim,#ai_robot_rogue_ctrl_run_lowready_f_pain_legs
xanim,#vm_katana_hand_pose_l
xanim,#vm_katana_hand_pose_r
xanim,#ai_t8_zm_zombie_base_crawl_boardtear_aligned_r_1_grab
xanim,#vm_mini_crossbow_walk_f
xanim,#ai_t8_zombie_base_sprint_au_v20_pain_chest_f_alt
xanim,#pt_grenade_swim_prime
xanim,#hash_263c79252efceb83
xanim,#p8_fxanim_zm_office_wormhole_anim
xanim,#hash_268ba48e3fbd4759
xanim,#vm_frag_grenade_throw_bare_hands
xanim,#vm_brawler_t8_pullout
xanim,#vm_t8_base_slide
xanim,#ai_zombie_base_run_turn_180_r_v2
xanim,#hash_270f1acadbbae9d0
xanim,#pt_rifle_t8_ar_accurate_prone_reload_partial
xanim,#ai_t8_zm_mob_brutus_tesla_loop
xanim,#vm_minigun_fall
xanim,#ai_robot_cmpn_trv_jump_across_pap_bridge_smallgap
xanim,#p8_fxanim_zm_office_magic_box_leave_anim
xanim,#vm_frag_pullpin
xanim,#p8_fxanim_zm_office_magic_box_arrive_anim
xanim,#ai_zombie_smash_react_b_faceplant
xanim,#pt_rifle_prone_putaway
xanim,#vm_pistol_webley_inspect
xanim,#vm_brawler_t8_jump_land
xanim,#ai_t8_zm_zod_catalyst_corrosive_death_01_scale
xanim,#ai_zombie_base_dth_l_chest_lt_02
xanim,#ai_zombie_base_dth_l_chest_lt_03
xanim,#ai_t8_zm_zombie_base_crawl_trv_mantle_window_50
xanim,#ai_t8_zm_zombie_base_crawl_trv_mantle_window_34
xanim,#ai_t8_zombie_base_walk_pain_10
xanim,#ai_t8_zombie_base_walk_pain_11
xanim,#ai_t8_zombie_base_walk_pain_12
xanim,#ai_t8_zombie_base_walk_pain_13
xanim,#ai_t8_zombie_base_walk_pain_14
xanim,#ai_t8_zm_zombie_boardtear_aligned_r_5_pull
xanim,#ai_t8_zombie_base_walk_pain_03
xanim,#ai_t8_zombie_base_walk_pain_02
xanim,#ai_t8_zombie_base_walk_pain_01
xanim,#ai_t8_zombie_base_walk_pain_07
xanim,#ai_t8_zombie_base_walk_pain_06
xanim,#ai_t8_zombie_base_walk_pain_05
xanim,#ai_t8_zombie_base_walk_pain_04
xanim,#ai_t8_zombie_base_walk_pain_09
xanim,#ai_t8_zombie_base_walk_pain_08
xanim,#vm_battle_shield_putaway_quick
xanim,#ai_t8_zm_zombie_base_crawl_boardtear_aligned_m_5_hold
xanim,#vm_zom_talon_spikes_dw_crawl_in
xanim,#ai_zombie_base_walk_au_pain_legs_v1
xanim,#vm_ar_accurate_swim_uw_pullout
xanim,#vm_t8_swim_brawler_b_additive
xanim,#hash_28856b762d087d13
xanim,#o_monkey_bomb
xanim,#ai_t8_zombie_base_walk_ad_win_trav_m_v1
xanim,#ai_t8_zombie_base_walk_ad_win_trav_m_v3
xanim,#ai_t8_zombie_base_walk_ad_win_trav_m_v2
xanim,#ai_zombie_dr_crawl_jump_up_2_climb
xanim,#ai_t8_zm_zombie_base_crawl_mantle_up_80_dn_36
xanim,#vm_zom_monkey_bomb_idle
xanim,#p8_fxanim_zm_white_marlton_door_init
xanim,#hash_2984870ab076e760
xanim,#hash_2984910ab076f85e
xanim,#hash_2984950ab076ff2a
xanim,#hash_2984a50ab0771a5a
xanim,#hash_2985396b78831d11
xanim,#pt_brawler_crouch_inspect
xanim,#hash_29c2cb796271ab2c
xanim,#vm_pistol_webley_gunbutt_swipe
xanim,#hash_29db872460650d4e
xanim,#ai_t8_zm_zombie_base_trv_zipline_lighthouse
xanim,#hash_29fe374518d64742
xanim,#ai_t8_zm_zombie_boardtear_aligned_r_4_hold
xanim,#ai_t8_zm_zombie_boardtear_aligned_m_4_pull
xanim,#hash_2a22da4de52ace36
xanim,#vm_ww_freezegun_reload_empty
xanim,#ai_zombie_base_run_ad_v8_pain_chest_f_alt
xanim,#vm_raygun_sprint_in
xanim,#ai_zombie_base_run_au_sidestep_left_long_c
xanim,#ai_zombie_base_run_au_sidestep_left_long_b
xanim,#ai_zombie_base_run_au_sidestep_left_long_a
xanim,#hash_2a5de3ab8214f3d0
xanim,#vm_minigun_hand_pose_r
xanim,#vm_minigun_hand_pose_l
xanim,#ai_t8_zombie_base_sprint_ad_v5_pain_chest_f_alt
xanim,#hash_2a7bb6cae6ef58b7
xanim,#ai_t8_zm_zombie_base_crawl_boardtear_aligned_l_6_grab
xanim,#vm_shotgun_pump_idle
xanim,#vm_pistol_webley_crawl_in
xanim,#vm_ar_accurate_sprint_in
xanim,#ai_t8_zm_quad_phaseleft_short_b
xanim,#ai_t8_zm_quad_phaseleft_short_a
xanim,#hash_2acd47e2d1024a2d
xanim,#ai_zombie_base_dog_death_front
xanim,#ai_zombie_base_jump_down_160
xanim,#hash_2ad42246abf71b59
xanim,#hash_2ad9f99110611bd0
xanim,#ai_zombie_base_jump_down_128
xanim,#ai_t8_zm_zombie_base_walk_jump_down_96
xanim,#vm_ballistic_knife_t8_sprint_in
xanim,#ai_t8_zm_zombie_base_walk_jump_down_72
xanim,#ai_t8_zm_zombie_base_walk_jump_down_48
xanim,#ai_t8_zm_zombie_base_walk_jump_down_36
xanim,#ai_zombie_base_dth_f_l_arm_lt_00
xanim,#ai_zombie_base_dth_f_l_arm_lt_01
xanim,#vm_mini_crossbow_sprint_in
xanim,#pt_pistol_stand_putaway
xanim,#hash_2b23e83c19b96f64
xanim,#pt_pistol_raygun_prone_reload
xanim,#ai_zombie_base_walk_au_pain_torso_v1
xanim,#vm_zom_talon_spikes_dw_putaway
xanim,#ai_zombie_base_fast_sprint_01_pain_chest_f_alt
xanim,#vm_brass_knuckles_pullout
xanim,#pt_rifle_swim_idle_gunbutt_over
xanim,#hash_2bb31c4ebacad622
xanim,#vm_minigun_sprint_putaway
xanim,#vm_battle_turret_hand_pose_l
xanim,#vm_battle_turret_hand_pose_r
xanim,#pt_katana_stand_melee
xanim,#ai_t8_zm_mnsn_direwolf_pro_trv_mantle_128
xanim,#vm_t8_swim_l_dw_ballistic
xanim,#hash_2c3ca0d00562d462
xanim,#ai_zombie_base_run_ad_v22_pain_chest_f_alt
xanim,#vm_ballistic_knife_t8_first_raise
xanim,#vm_CROUCH_TO_PRONE_bare_hands
xanim,#p8_fxanim_zm_esc_trap_fan_idle_anim
xanim,#ai_zombie_base_run_ad_v14_pain_chest_f
xanim,#hash_2c9ee608be50ce5a
xanim,#vm_brawler_t8_sprint_pullout
xanim,#vm_zom_bowie_knife_melee_swipe
xanim,#ai_zombie_base_sprint_turn_135_l_v2
xanim,#ai_zombie_base_walk_au_sidestep_left_short
xanim,#pt_pistol_crouch_melee_gunbutt_strike
xanim,#ai_zm_dlc1_zombie_sprint_lowg_v1_pain_chest_f
xanim,#pt_ballistic_knife_t8_prone_fire
xanim,#ai_zombie_base_walk_au_v1
xanim,#ai_zombie_base_walk_au_v2
xanim,#ai_zombie_base_walk_au_v3
xanim,#ai_zombie_base_walk_au_v4
xanim,#ai_zombie_base_walk_au_v5
xanim,#ai_zombie_base_walk_au_v6
xanim,#ai_zombie_base_walk_au_v7
xanim,#ai_zombie_base_walk_au_v8
xanim,#vm_pistol_webley_jump_land
xanim,#ai_zm_dlc1_zombie_sprint_lowg_v1
xanim,#ai_zm_dlc1_zombie_sprint_lowg_v3
xanim,#ai_zm_dlc1_zombie_sprint_lowg_v2
xanim,#ai_zm_dlc1_zombie_sprint_lowg_v4
xanim,#pt_rifle_swim_raise_over
xanim,#ai_zombie_base_walk_au_v2_pain_chest_f
xanim,#ai_t8_zm_zombie_base_stn_idle_react_l_04
xanim,#ai_t8_zm_zombie_base_stn_idle_react_l_05
xanim,#ai_t8_zm_zombie_base_stn_idle_react_l_01
xanim,#ai_t8_zm_zombie_base_stn_idle_react_l_02
xanim,#ai_t8_zm_zombie_base_stn_idle_react_l_03
xanim,#ai_t8_zm_zombie_base_crawl_jump_down_256
xanim,#ai_robot_cmpn_trv_jump_up_36_down_108
xanim,#vm_battle_turret_putaway
xanim,#ai_robot_cmpn_trv_jump_up_36_down_180
xanim,#hash_2dfb9d8471a64963
xanim,#ai_zombie_base_fast_sprint_01_pain_chest_f
xanim,#ai_zombie_base_sprint_turn_45_r_v2
xanim,#ai_t8_zm_zombie_dog_pro_trv_mantle_up_240_dn_36
xanim,#hash_2e43d49b13f6077d
xanim,#ai_zombie_base_run_turn_45_r_v2
xanim,#hash_2e5b68266446a55b
xanim,#vm_katana_sprint_loop
xanim,#vm_riotshield_zm_sprint_loop
xanim,#ai_zombie_base_dog_trot
xanim,#ai_zombie_base_sprint_au_sidestep_left_long_b
xanim,#ai_zombie_base_sprint_au_sidestep_left_long_a
xanim,#ai_t8_zombie_base_crawl_sprint_win_trav_l_v1
xanim,#vm_raygun_first_raise
xanim,#pt_pistol_swim_reload
xanim,#p8_fxanim_zm_perk_vending_soda_off_anim
xanim,#hash_2f6068458aadda28
xanim,#hash_2f7e1ecd0009a704
xanim,#p8_fxanim_zm_whi_apd_door_open
xanim,#hash_2f8bc20d933e12c9
xanim,#hash_2f981bd40bf18727
xanim,#pt_ballistic_knife_t8_swim_fire
xanim,#ai_t8_zm_zombie_boardtear_aligned_r_2_grab
xanim,#ai_robot_base_stn_melee_r_hand
xanim,#ai_zombie_base_run_ad_v7_pain_chest_f_alt
xanim,#ai_robot_base_stn_melee_01
xanim,#hash_2ff3c1f06aabc68c
xanim,#ai_zombie_base_run_ad_sidestep_left_long_a
xanim,#ai_zombie_base_run_ad_sidestep_left_long_b
xanim,#hash_302473fd2a33a037
xanim,#vm_smg_thompson_pullout_quick
xanim,#ai_t8_zm_zombie_boardtear_aligned_l_5_grab
xanim,#ai_zombie_smash_react_b_forwardtoface
xanim,#hash_307e5b64497ab655
xanim,#hash_307e5d64497ab9bb
xanim,#hash_307e5f64497abd21
xanim,#hash_307e6164497ac087
xanim,#vm_t8_swim_in_dw
xanim,#vm_frag_grenade_loop_additive
xanim,#ai_zombie_base_run_au_v20_pain_chest_f
xanim,#ai_zombie_base_run_ad_v1_pain_chest_f_alt
xanim,#p8_fxanim_zm_white_debris_buy_01_idle
xanim,#ai_t8_zm_zombie_boardtear_aligned_r_4_grab
xanim,#vm_mini_crossbow_first_raise
xanim,#ai_robot_base_stn_exposed_pain_left_leg
xanim,#ai_zombie_base_walk_ad_v19_pain_chest_f_alt
xanim,#vm_t8_mantle_over_buckler
xanim,#vm_frag_grenade_loop_bare_hands_additive
xanim,#vm_minigun_pullout
xanim,#ai_t8_zm_zombie_base_crawl_boardtear_aligned_m_3_hold
xanim,#hash_3126873efcc0576c
xanim,#vm_zom_raygun_mk2_sprint_in
xanim,#hash_313570687b47113f
xanim,#hash_313a350d00cc6291
xanim,#hash_313a3f0d00cc738f
xanim,#hash_313a450d00cc7dc1
xanim,#vm_purifier_t8_crawl_in
xanim,#vm_brawler_t8_taunt
xanim,#ai_t8_zm_zombie_base_crawl_jump_up_96
xanim,#ai_t8_zm_zombie_base_crawl_jump_up_36
xanim,#vm_smg_thompson_putaway_quick
xanim,#ai_t8_zm_zombie_base_crawl_jump_up_72
xanim,#void
xanim,#ai_t8_zm_zombie_base_crawl_jump_up_48
xanim,#vm_purifier_t8_ads_base_down
xanim,#pb_pistol_prone_gunbutt_melee
xanim,#ai_t8_zombie_base_run_pain_move_r_02
xanim,#ai_t8_zombie_base_run_pain_move_r_03
xanim,#ai_t8_zombie_base_run_pain_move_r_01
xanim,#ai_t8_zombie_base_run_pain_move_r_06
xanim,#ai_t8_zombie_base_run_pain_move_r_04
xanim,#ai_t8_zombie_base_run_pain_move_r_05
xanim,#pt_katana_stand_putaway
xanim,#ai_zombie_base_dth_r_chest_lt_00
xanim,#ai_zombie_base_dth_r_chest_lt_01
xanim,#ai_zombie_base_dth_r_chest_lt_03
xanim,#vm_t8_swim_out_dw_ballistic
xanim,#pt_battle_turret_male_stand_first_raise
xanim,#ai_zm_dlc1_zombie_run_lowg_v4_pain_chest_f
xanim,#vm_smg_thompson_reload_empty
xanim,#ai_t8_zm_quad_knockdown_facedown_1
xanim,#ai_zombie_cp_crawl_jump_up_128_down_32
xanim,#ai_direwolf_base_idle
xanim,#hash_325b181cba54a407
xanim,#ai_robot_base_stn_exposed_burst_3
xanim,#vm_smg_thompson_sprint_drop
xanim,#vm_brawler_t8_putaway
xanim,#ai_t8_zm_zombie_base_trv_mantle_window_34
xanim,#ai_robot_base_trv_jump_across_256
xanim,#ai_t8_zm_zombie_base_trv_mantle_window_50
xanim,#hash_333c74912f4eb9bd
xanim,#ai_zombie_smash_react_f_doublebounce
xanim,#vm_purifier_t8_pullout
xanim,#vm_prone_to_crouch_additive
xanim,#ai_direwolf_base_dth_f
xanim,#ai_direwolf_base_dth_b
xanim,#ai_direwolf_base_dth_l
xanim,#ai_direwolf_base_dth_r
xanim,#ai_zombie_base_dth_f_chest_hvy_02
xanim,#ai_zombie_base_dth_f_chest_hvy_01
xanim,#ai_zombie_base_dth_f_chest_hvy_00
xanim,#ai_zombie_base_walk_au_v7_pain_chest_f_alt
xanim,#ai_t8_zm_zombie_dog_pro_trv_mantle_up_36_dn_80
xanim,#vm_mini_crossbow_swim_uw_sprint_in
xanim,#hash_33b371ef9d19db54
xanim,#vm_mr6_swim_uw_sprint_out
xanim,#ai_t8_zm_zombie_base_walk_react_r_05
xanim,#ai_t8_zm_zombie_base_walk_react_r_04
xanim,#ai_t8_zm_zombie_base_walk_react_r_01
xanim,#ai_t8_zm_zombie_base_walk_react_r_03
xanim,#ai_t8_zm_zombie_base_walk_react_r_02
xanim,#ai_zombie_smash_react_getup_a
xanim,#ai_zombie_smash_react_getup_b
xanim,#ai_zombie_smash_react_getup_c
xanim,#vm_brass_knuckles_swim_uw_idle
xanim,#ai_t8_zm_quad_freeze_death_b
xanim,#ai_t8_zm_quad_freeze_death_a
xanim,#ai_t8_zm_zombie_boardtear_aligned_m_2_grab
xanim,#vm_ballistic_knife_t8_sprint_out
xanim,#ai_zombie_base_crawl_jump_across_128
xanim,#ai_zombie_base_walk_ad_v21_pain_chest_f_alt
xanim,#pt_rifle_crouch_shoot
xanim,#vm_minigun_putaway
xanim,#vm_zom_raygun_mk2_jump
xanim,#hash_34eba6d496c273cc
xanim,#vm_ballistic_knife_t8_idle_r
xanim,#vm_ballistic_knife_t8_idle_l
xanim,#ai_zombie_base_walk_au_sidestep_right_short
xanim,#vm_minigun_t7_reload_empty
xanim,#ai_t8_zombie_base_sprint_ad_v24_pain_chest_f_alt
xanim,#vm_mr6_sprint_in
xanim,#vm_riotshield_zm_sprint_out
xanim,#vm_purifier_t8_sprint_pullout
xanim,#vm_t8_swim_brawler_r_additive
xanim,#vm_mini_crossbow_crawl_l
xanim,#vm_mini_crossbow_crawl_f
xanim,#vm_mini_crossbow_crawl_b
xanim,#vm_mini_crossbow_crawl_r
xanim,#p8_fxanim_zm_whi_apd_door_idle
xanim,#hash_358cea8653fa0ba4
xanim,#ai_zombie_base_run_ad_v12_pain_chest_f
xanim,#vm_zom_raygun_mk2_jump_fall
xanim,#ai_zombie_base_dth_f_r_arm_hvy_00
xanim,#ai_robot_base_trv_ladder_down_112
xanim,#ai_zombie_base_walk_au_v10_pain_chest_f_alt
xanim,#ai_robot_base_trv_mantle_over_96
xanim,#ai_t8_zm_zombie_dog_pro_trv_mantle_72
xanim,#ai_t8_zm_zombie_dog_pro_trv_mantle_48
xanim,#ai_robot_base_trv_mantle_over_36
xanim,#ai_t8_zm_zombie_dog_pro_trv_mantle_36
xanim,#ai_robot_base_trv_mantle_over_72
xanim,#ai_robot_base_trv_mantle_over_48
xanim,#ai_t8_zm_zombie_dog_pro_trv_mantle_96
xanim,#ai_t8_zm_avogadro_exit
xanim,#hash_36cadb1b2afd2c93
xanim,#ai_zombie_base_sprint_turn_90_l_v2
xanim,#vm_zom_monkey_bomb_throw
xanim,#vm_katana_jump
xanim,#vm_raygun_swim_uw_putaway
xanim,#ai_robot_base_crc_exposed_2_stn_exposed
xanim,#vm_zom_talon_spikes_dw_sprint_putaway
xanim,#pt_dw_swim_raise
xanim,#vm_pistol_webley_fire
xanim,#hash_3738e9a3f47b75b3
xanim,#pt_dw_stand_full_pullout
xanim,#hash_3744bb4de608673f
xanim,#vm_battle_turret_ads_base_up
xanim,#ai_zombie_dr_jump_down_72
xanim,#vm_t8_mantle_over_bare_hands
xanim,#vm_mr6_walk_f
xanim,#hash_37875d7751b6a874
xanim,#ai_zombie_dr_jump_down_96
xanim,#vm_pistol_webley_sprint_putaway
xanim,#o_zombie_base_packapunch_working_loop
xanim,#vm_t8_swim_r_dw
xanim,#hash_37c1579c34dd9226
xanim,#pt_ballistic_knife_t8_swim_putaway
xanim,#ai_zombie_base_run_au_v9_pain_chest_f_alt
xanim,#hash_37f56e36ed9a30f1
xanim,#ai_t8_zm_zombie_boardtear_aligned_l_1_pull
xanim,#ai_robot_rogue_ctrl_run_lowready_f_death_legs_a
xanim,#hash_3834620a3194b6fa
xanim,#ai_t8_zombie_base_crawl_win_trav_r_v1
xanim,#hash_383d85975fc3f37f
xanim,#ai_t8_zm_zombie_boardtear_aligned_r_1_hold
xanim,#hash_38575747507b2120
xanim,#ai_zombie_base_dog_run_turn_180_left
xanim,#ai_t8_zombie_base_sprint_ad_v22_pain_chest_f_alt
xanim,#ai_zombie_base_dth_f_r_arm_lt_00
xanim,#vm_ww_freezegun_fire
xanim,#pt_dw_swim_reload
xanim,#vm_raygun_putaway
xanim,#vm_brass_knuckles_swim_uw_sprint_loop
xanim,#vm_zom_purifier_t8_blast
xanim,#vm_mini_crossbow_fire_ads
xanim,#ai_t8_zm_avogadro_pain_long
xanim,#ai_zm_dlc1_zombie_run_lowg_v4
xanim,#ai_zm_dlc1_zombie_run_lowg_v2
xanim,#ai_zm_dlc1_zombie_run_lowg_v3
xanim,#ai_zm_dlc1_zombie_run_lowg_v1
xanim,#ai_base_rifle_stn_run_dth_r_arms_hvy_1
xanim,#ai_t8_zm_zombie_boardtear_aligned_l_2_pull
xanim,#pt_crouch_shoot_pistol
xanim,#ai_zombie_base_walk_turn_90_l_v2
xanim,#ai_robot_cmpn_trv_jump_up_244_down_36
xanim,#ai_zombie_base_death_v2
xanim,#ai_zombie_base_death_v3
xanim,#ai_zombie_base_death_v1
xanim,#hash_39902bdc530691d6
xanim,#ai_zombie_base_walk_ad_v5_pain_chest_f
xanim,#ai_zombie_base_walk_ad_v23_pain_chest_f_alt
xanim,#pt_dw_crouch_putaway
xanim,#vm_t8_swim_in_additive
xanim,#pt_rifle_crouch_raise
xanim,#ai_t8_zm_quad_attack_double
xanim,#ai_t8_zm_quad_gas_attack
xanim,#ai_robot_base_trv_jump_up_128
xanim,#ai_robot_base_trv_jump_up_160
xanim,#ai_zombie_base_run_au_v4_pain_chest_f_alt
xanim,#hash_3a9bd929afe65c8a
xanim,#ai_t8_zm_zombie_base_crawl_mantle_over_128
xanim,#ai_zm_dlc1_zombie_walk_lowg_v1_pain_chest_f_alt
xanim,#hash_3ac2761f8a02a77b
xanim,#ai_zombie_base_walk_au_v20_pain_chest_f_alt
xanim,#vm_purifier_t8_crawl_l
xanim,#vm_purifier_t8_crawl_f
xanim,#vm_purifier_t8_crawl_b
xanim,#vm_purifier_t8_crawl_r
xanim,#ai_t8_zm_mob_brutus_tesla_in
xanim,#ai_zombie_base_run_au_v24_pain_chest_f_alt
xanim,#vm_raygun_walk_f
xanim,#vm_ar_accurate_crawl_out
xanim,#vm_frag_grenade_loop
xanim,#vm_purifier_t8_walk_f
xanim,#ai_t8_zm_quad_crawl_sprint_2
xanim,#ai_t8_zm_quad_crawl_sprint_3
xanim,#pt_ballistic_knife_t8_prone_inspect
xanim,#ai_zombie_base_sprint_ad_sidestep_left_short
xanim,#hash_3b9b0b9047a22de8
xanim,#pt_one_handed_gun_male_prone_fire
xanim,#ai_t8_zm_zombie_dog_pro_trv_jump_dn_128
xanim,#vm_minigun_jump_land
xanim,#hash_3ba45d14b150f28d
xanim,#ai_t8_zm_zombie_dog_pro_trv_jump_dn_160
xanim,#vm_brass_knuckles_swim_uw_pullout
xanim,#vm_pistol_webley_first_raise
xanim,#ai_t8_zombie_base_sprint_ad_win_trav_r_v1
xanim,#o_zombie_magic_box_weapon_rise
xanim,#vm_zom_raygun_mk2_fire_beam
xanim,#ai_t8_zm_zombie_base_crawl_boardtear_aligned_m_3_pull
xanim,#ai_zm_dlc1_zombie_crawl_jump_up_244_down_36
xanim,#hash_3c14140d05d263c6
xanim,#pt_pistol_prone_raise
xanim,#ai_t8_zm_zombie_base_crawl_boardtear_aligned_m_5_grab
xanim,#vm_riotshield_zm_idle
xanim,#vm_t8_swim_brawler_in
xanim,#ai_t8_zombie_base_cust_trv_jump_down_zm_mnsn_main_hall
xanim,#vm_smg_handling_dw_sprint_out
xanim,#vm_mr6_crawl_out
xanim,#ai_zombie_base_crawl_death_v2
xanim,#ai_zombie_base_crawl_death_v1
xanim,#pt_brawler_stand_firstraise
xanim,#ai_zombie_dr_crawl_jump_down_190
xanim,#ai_zombie_dr_crawl_jump_down_184
xanim,#vm_battle_turret_walk_f
xanim,#ai_zombie_dr_crawl_jump_down_127
xanim,#vm_brass_knuckles_melee_swipe_l
xanim,#ai_zombie_base_dth_b_chest_hvy_02
xanim,#ai_zombie_base_dth_b_chest_hvy_00
xanim,#ai_t8_zombie_base_sprint_ad_v23
xanim,#ai_t8_zombie_base_sprint_ad_v22
xanim,#ai_t8_zombie_base_sprint_ad_v21
xanim,#ai_t8_zombie_base_sprint_ad_v24
xanim,#vm_battle_turret_idle
xanim,#vm_crouch_to_prone
xanim,#ai_zombie_base_dog_death_hit_right
xanim,#vm_frag_idle
xanim,#hash_3dbcf6d513a46d7f
xanim,#ai_robot_rogue_ctrl_stn_melee_left_arm_a
xanim,#vm_smg_thompson_jump_land
xanim,#vm_ww_freezegun_hand_pose_r
xanim,#vm_ww_freezegun_hand_pose_l
xanim,#hash_3e4561ffeae353dd
xanim,#p8_fxanim_zm_perk_vending_soda_use3_anim
xanim,#vm_smg_thompson_sprint_raise
xanim,#hash_3e96651895e5b82d
xanim,#ai_zombie_base_run_dth_f_torso_hvy
xanim,#ai_t8_zm_zod_catalyst_corrosive_death_02_scale
xanim,#vm_purifier_t8_jump
xanim,#vm_raygun_ads_base_up
xanim,#ai_t8_zm_quad_attack_double_6
xanim,#ai_t8_zm_quad_attack_double_4
xanim,#ai_t8_zm_quad_attack_double_5
xanim,#ai_t8_zm_quad_attack_double_2
xanim,#ai_t8_zm_quad_attack_double_3
xanim,#ai_zombie_base_run_au_v22_pain_chest_f
xanim,#pt_grenade_prone_prime
xanim,#ai_base_rifle_stn_run_dth_r_arms_lt_1
xanim,#ai_t8_zm_zombie_base_run_mantle_up_80_dn_36
xanim,#pt_war_machine_stand_fire
xanim,#ai_zm_dlc1_zombie_run_lowg_v3_pain_chest_f_alt
xanim,#hash_3f5f9cede367e24b
xanim,#pt_pistol_stand_firstraise
xanim,#hash_3f6621af47cab6ac
xanim,#ai_t8_zm_quad_stunned_electrobolt
xanim,#ai_direwolf_base_run_start
xanim,#hash_3f78f6d6c9b89f09
xanim,#pt_battle_shield_male_stand_first_raise
xanim,#ai_t8_zm_zombie_base_crawl_trv_jump_up_128_thru_sm_hole
xanim,#vm_zom_raygun_mk2_putaway
xanim,#hash_3f98a5c7d9930100
xanim,#vm_brass_knuckles_melee_miss
xanim,#vm_mini_crossbow_swim_uw_idle
xanim,#ai_t8_zm_avogadro_ranged_attack_v1_loop
xanim,#hash_3fc2c91233420ed5
xanim,#ai_robot_base_charge_melee_r_hand
xanim,#vm_mr6_swim_uw_idle
xanim,#ai_t8_zm_zombie_boardtear_aligned_r_1_pull
xanim,#hash_4024801561b75319
xanim,#pt_ballistic_knife_t8_swim_reload
xanim,#vm_purifier_t8_fall
xanim,#vm_pistol_webley_walk_f
xanim,#ai_zombie_base_dog_idle
xanim,#vm_brass_knuckles_swim_uw_putaway
xanim,#vm_pistol_webley_crawl_out
xanim,#hash_40c5c04d30f7e3f1
xanim,#vm_frag_grenade_rh_loop
xanim,#ai_t8_zm_zombie_base_crawl_boardtear_aligned_m_3_grab
xanim,#ai_robot_base_stn_exposed_pain_right_arm
xanim,#ai_zm_dlc1_zombie_walk_lowg_v1_pain_chest_f
xanim,#hash_4130e6367af159bb
xanim,#vm_brass_knuckles_showcase_in
xanim,#vm_smg_thompson_fall
xanim,#ai_zombie_base_walk_au_v5_pain_chest_f_alt
xanim,#hash_41892f6eb986bc22
xanim,#p8_fxanim_zm_white_perk_machine_dummy_fly_in
xanim,#ai_zombie_base_dog_run_turn_90_right
xanim,#ai_zm_dlc1_zombie_walk_lowg_v3_pain_chest_f_alt
xanim,#vm_t8_zom_galvaknuckles_hand_pose_l
xanim,#vm_t8_zom_galvaknuckles_hand_pose_r
xanim,#ai_t8_zm_mnsn_direwolf_trv_run_jump_40
xanim,#vm_frag_throw
xanim,#vm_ar_accurate_swim_uw_putaway
xanim,#ai_zombie_base_walk_turn_135_l_v3
xanim,#hash_41c1e2d2f0e4a7ef
xanim,#ai_t8_zm_zombie_base_walk_mantle_over_128
xanim,#vm_raygun_swim_uw_pullout
xanim,#vm_brass_knuckles_swim_from_land
xanim,#vm_brass_knuckles_crawl_in
xanim,#ai_zm_dlc1_zombie_jump_up_180_down_36
xanim,#ai_robot_rogue_ctrl_fastwalk_f
xanim,#pt_knife_stand_first_raise
xanim,#ai_zm_dlc1_zombie_crawl_climb_up_192_down_40
xanim,#pt_minigun_crouch_fire
xanim,#ai_zombie_base_walk_ad_sidestep_left_long_b
xanim,#vm_ballistic_knife_t8_hand_pose_l
xanim,#vm_ballistic_knife_t8_hand_pose_r
xanim,#ai_t8_zm_zod_catalyst_electric_attack_01
xanim,#ai_t8_zm_zod_catalyst_electric_attack_02
xanim,#ai_t8_zm_quad_jump_up_36
xanim,#ai_t8_zm_quad_jump_up_72
xanim,#ai_t8_zm_quad_jump_up_48
xanim,#ai_t8_zm_quad_jump_up_96
xanim,#ai_t8_zombie_base_sprint_ad_v24_pain_chest_f
xanim,#ai_zombie_base_walk_au_v13_pain_chest_f
xanim,#p8_fxanim_zm_whi_ceiling_fan_trap_idle_anim
xanim,#ai_t8_zm_zombie_boardtear_aligned_m_1_hold
xanim,#vm_zom_talon_spikes_dw_slam_out
xanim,#ai_zombie_base_sprint_ad_sidestep_right_short_a
xanim,#hash_43606f8bf6deb70a
xanim,#ai_t8_zm_zombie_boardtear_aligned_l_1_hold
xanim,#ai_t8_zm_zombie_base_walk_jump_up_128
xanim,#ai_t8_zm_zombie_base_walk_mantle_up_36_dn_80
xanim,#ai_zombie_base_walk_au_v21_pain_chest_f
xanim,#hash_43b361b28313beee
xanim,#vm_purifier_t8_fire_intro
xanim,#pt_galvaknuckles_prone_melee_swipe
xanim,#ai_zombie_base_sprint_ad_sidestep_left_long_a
xanim,#ai_zombie_base_sprint_ad_sidestep_left_long_b
xanim,#ai_t8_zm_avogadro_run_v1
xanim,#ai_t8_zm_zombie_base_run_mantle_over_96
xanim,#vm_prone_to_crouch
xanim,#vm_riotshield_zm_sprint_in
xanim,#ai_t8_zm_zombie_base_run_mantle_over_72
xanim,#hash_43f44592e8409f71
xanim,#hash_43f44f92e840b06f
xanim,#ai_t8_zm_zombie_base_run_mantle_over_48
xanim,#ai_t8_zm_zombie_base_run_mantle_over_36
xanim,#vm_katana_sprint_putaway
xanim,#ai_zombie_base_run_ad_v20_pain_chest_f_alt
xanim,#p8_fxanim_zm_esc_trap_fan_start_anim
xanim,#ai_robot_cmpn_traversal_procedural_idle
xanim,#ai_t8_zm_zombie_boardtear_aligned_r_5_grab
xanim,#vm_zom_monkey_bomb_pullpin
xanim,#hash_4452091481bcdd1d
xanim,#ai_robot_rogue_ctrl_melee_right_arm_a
xanim,#ai_robot_rogue_ctrl_melee_right_arm_c
xanim,#ai_robot_rogue_ctrl_melee_right_arm_b
xanim,#vm_smg_thompson_reload
xanim,#ai_t8_zombie_base_sprint_au_v21_pain_chest_f_alt
xanim,#hash_44824240bc7b0c60
xanim,#vm_brass_knuckles_walk_f
xanim,#pt_dw_swim_melee_gunbutt_over
xanim,#vm_ww_freezegun_sprint_loop
xanim,#ai_zombie_base_dog_run_attack
xanim,#ai_zombie_base_dog_trot_turn_180_left
xanim,#vm_mini_crossbow_idle
xanim,#ai_t8_zm_zombie_base_run_mantle_up_36_dn_80
xanim,#vm_riotshield_zm_ads_down
xanim,#ai_zombie_base_run_turn_135_l_v2
xanim,#ai_zombie_base_run_ad_v2_pain_chest_f_alt
xanim,#vm_minigun_sprint_loop
xanim,#vm_brass_knuckles_melee_out_l
xanim,#ai_zombie_base_run_au_v2_pain_chest_f
xanim,#pt_katana_stand_raise
xanim,#vm_mr6_gunbutt_swipe
xanim,#ai_t8_zombie_base_sprint_ad_win_trav_m_v1
xanim,#ai_t8_zombie_base_sprint_ad_win_trav_m_v2
xanim,#hash_45eab352574df032
xanim,#ai_t8_zombie_base_run_pain_10
xanim,#ai_t8_zombie_base_run_pain_11
xanim,#ai_t8_zombie_base_run_pain_12
xanim,#ai_t8_zombie_base_run_pain_13
xanim,#ai_t8_zombie_base_run_pain_14
xanim,#ai_t8_zombie_base_run_pain_15
xanim,#ai_t8_zombie_base_run_pain_16
xanim,#ai_t8_zm_zombie_base_walk_mantle_up_240_dn_36
xanim,#ai_t8_zombie_base_run_pain_09
xanim,#ai_t8_zombie_base_run_pain_03
xanim,#ai_t8_zombie_base_run_pain_02
xanim,#ai_t8_zombie_base_run_pain_01
xanim,#ai_t8_zombie_base_run_pain_07
xanim,#ai_t8_zombie_base_run_pain_06
xanim,#ai_t8_zombie_base_run_pain_05
xanim,#ai_t8_zombie_base_run_pain_04
xanim,#ai_t8_zm_zombie_base_crawl_boardtear_aligned_m_2_pull
xanim,#ai_zombie_base_walk_au_v4_pain_chest_f_alt
xanim,#ai_t8_zombie_base_walk_ad_win_trav_r_v1
xanim,#ai_t8_zm_quad_jump_up_128
xanim,#ai_robot_base_stn_exposed_pain_left_chest
xanim,#pt_rifle_prone_melee_gunbutt
xanim,#ai_zombie_base_jump_across_256
xanim,#hash_46aaf41e5136647a
xanim,#vm_frag_grenade_pullpin
xanim,#pt_pistol_raygun_crouch_reload
xanim,#ai_zombie_base_run_ad_v4_pain_chest_f_alt
xanim,#vm_t8_PRONE_TO_CROUCH_bare_hands_additive
xanim,#p8_fxanim_zm_perk_vending_tonic_off_anim
xanim,#vm_zom_talon_spikes_dw_idle_r
xanim,#vm_zom_talon_spikes_dw_idle_l
xanim,#hash_470e99e59c717744
xanim,#vm_mini_crossbow_swim_uw_pullout
xanim,#ai_zombie_base_walk_ad_v3_pain_chest_f_alt
xanim,#ai_t8_zombie_base_sprint_ad_v21_pain_chest_f_alt
xanim,#hash_47449765b1d8ebe4
xanim,#hash_4745561c3587a0e9
xanim,#ai_t8_zm_zombie_base_crawl_boardtear_aligned_m_1_pull
xanim,#hash_47584fbf1db850cb
xanim,#ai_zombie_smash_react_r_jackiespinleft
xanim,#hash_475e26db88690efb
xanim,#ai_zombie_base_run_dth_b_head_lt
xanim,#ai_zombie_base_run_turn_180_l_v2
xanim,#ai_zombie_base_run_au_v24_pain_chest_f
xanim,#pt_katana_stand_firstraise
xanim,#vm_battle_turret_ads_base_down
xanim,#ai_direwolf_base_run_turn_l_180
xanim,#ai_t8_zm_quad_death_4
xanim,#ai_t8_zm_quad_death_5
xanim,#ai_t8_zm_quad_death_6
xanim,#ai_t8_zm_quad_death_2
xanim,#ai_t8_zm_quad_death_3
xanim,#ai_t8_zm_quad_phaseleft_long_b
xanim,#ai_t8_zm_quad_phaseleft_long_a
xanim,#vm_zom_raygun_mk2_fire_shotgun
xanim,#hash_481eabf2fc121d9e
xanim,#ai_t8_zm_quad_crawl_sprint
xanim,#pt_rifle_t8_ar_accurate_stand_reload
xanim,#vm_ar_accurate_ads_base_down
xanim,#pt_ballistic_knife_t8_prone_melee_stick
xanim,#vm_pistol_webley_sprint_in
xanim,#ai_t8_zm_quad_phaseright_short_b
xanim,#ai_t8_zm_quad_phaseright_short_a
xanim,#ai_zombie_base_dog_trot_turn_90_left
xanim,#ai_t8_zombie_base_sprint_au_v25_pain_chest_f
xanim,#pt_dw_swim_fire_leftarm
xanim,#ai_zombie_base_walk_au_v8_pain_chest_f_alt
xanim,#hash_48b8ae34c82da2f1
xanim,#hash_48b8b834c82db3ef
xanim,#ai_zombie_base_run_au_v1_pain_chest_f
xanim,#vm_battle_shield_jump
xanim,#hash_48db03e94fe48500
xanim,#hash_48db04e94fe486b3
xanim,#hash_48db05e94fe48866
xanim,#hash_48db06e94fe48a19
xanim,#hash_48db07e94fe48bcc
xanim,#hash_48db08e94fe48d7f
xanim,#hash_48db09e94fe48f32
xanim,#hash_4907cb4382d3c40b
xanim,#vm_purifier_t8_sprint_in
xanim,#ai_zombie_base_run_au_v11_pain_chest_f
xanim,#vm_minigun_idle
xanim,#vm_battle_turret_melee
xanim,#ai_t8_zombie_base_super_sprint_attack_01
xanim,#ai_t8_zombie_base_super_sprint_attack_02
xanim,#ai_t8_zombie_base_super_sprint_attack_03
xanim,#ai_t8_zombie_base_super_sprint_attack_04
xanim,#ai_t8_zombie_base_super_sprint_attack_05
xanim,#ai_t8_zm_quad_death
xanim,#ai_t8_zombie_base_run_ad_win_trav_m_v1
xanim,#ai_t8_zm_zombie_dog_pro_trv_jump_up_160
xanim,#ai_t8_zm_zombie_dog_pro_trv_jump_up_128
xanim,#ai_zombie_base_dth_r_v1
xanim,#ai_zombie_base_dth_r_v2
xanim,#vm_katana_fall
xanim,#ai_t8_zm_zombie_base_walk_react_b_05
xanim,#ai_t8_zm_zombie_base_walk_react_b_04
xanim,#ai_t8_zm_zombie_base_walk_react_b_01
xanim,#ai_t8_zm_zombie_base_walk_react_b_03
xanim,#ai_t8_zm_zombie_base_walk_react_b_02
xanim,#ai_zombie_base_dog_run_jump_256
xanim,#ai_t8_zombie_base_sprint_au_v22_pain_chest_f
xanim,#hash_49e42a14559e8564
xanim,#vm_battle_shield_jump_land
xanim,#p8_fxanim_zm_whi_apd_door_close
xanim,#pt_rifle_prone_inspect
xanim,#vm_frag_grenade_throw_bare_hands_additive
xanim,#ai_t8_zm_zombie_base_crawl_boardtear_aligned_l_4_hold
xanim,#vm_raygun_sprint_out
xanim,#hash_4a65fad8a01f1674
xanim,#pt_rifle_t8_ar_damage_stand_firstraise
xanim,#ai_t8_zm_zombie_base_crawl_mantle_up_36_dn_80
xanim,#ai_direwolf_base_trot_turn_l_90
xanim,#ai_t8_zombie_base_run_ad_win_trav_l_v1
xanim,#hash_4af65dc0a0e80619
xanim,#hash_4b10b36f72e96dac
xanim,#vm_t8_swim_brawler_in_additive
xanim,#p8_fxanim_zm_perk_vending_soda_use6_anim
xanim,#ai_t8_zm_zombie_base_trv_zipline_ship
xanim,#hash_4b60b13c624e8a32
xanim,#ai_t8_zombie_base_run_attack_17
xanim,#ai_t8_zombie_base_run_attack_10
xanim,#ai_t8_zombie_base_run_attack_12
xanim,#ai_t8_zombie_base_run_attack_13
xanim,#ai_t8_zombie_base_run_attack_18
xanim,#ai_t8_zombie_base_run_attack_19
xanim,#ai_t8_zombie_base_run_attack_06
xanim,#ai_t8_zombie_base_run_attack_04
xanim,#ai_t8_zombie_base_run_attack_03
xanim,#ai_t8_zombie_base_run_attack_02
xanim,#ai_t8_zombie_base_run_attack_08
xanim,#ai_t8_zombie_base_run_attack_30
xanim,#ai_t8_zombie_base_run_attack_29
xanim,#ai_t8_zombie_base_run_attack_28
xanim,#ai_t8_zombie_base_run_attack_25
xanim,#ai_t8_zombie_base_run_attack_24
xanim,#ai_t8_zombie_base_run_attack_26
xanim,#ai_t8_zombie_base_run_attack_21
xanim,#ai_t8_zombie_base_run_attack_20
xanim,#ai_t8_zombie_base_run_attack_23
xanim,#ai_t8_zombie_base_run_attack_22
xanim,#hash_4b8a9bfc72889af4
xanim,#hash_4b8a9cfc72889ca7
xanim,#hash_4b8a9efc7288a00d
xanim,#p8_zm_esc_turbine_generator_01_off
xanim,#ai_t8_zm_quad_getup_faceup_1
xanim,#vm_raygun_sprint_loop
xanim,#ai_zombie_base_walk_au_sidestep_left_long_d
xanim,#vm_t8_swim_brawler_r
xanim,#vm_t8_swim_brawler_l
xanim,#vm_t8_swim_brawler_f
xanim,#vm_t8_swim_brawler_b
xanim,#ai_zombie_smash_react_f
xanim,#vm_minigun_sprint_out
xanim,#ai_t8_zm_zombie_base_crawl_boardtear_aligned_r_6_hold
xanim,#ai_t8_zm_zombie_boardtear_aligned_m_3_hold
xanim,#ai_zombie_base_crawl_v3
xanim,#ai_zombie_base_crawl_v2
xanim,#ai_zombie_base_crawl_v1
xanim,#ai_zombie_base_crawl_v5
xanim,#ai_zombie_base_crawl_v4
xanim,#vm_mini_crossbow_fall
xanim,#vm_minigun_ads_base_up
xanim,#pt_ballistic_knife_t8_swim_melee
xanim,#ai_t8_zm_zombie_base_crawl_boardtear_aligned_r_5_hold
xanim,#vm_purifier_t8_hand_pose_r
xanim,#vm_purifier_t8_hand_pose_l
xanim,#pt_rifle_stand_firstraise
xanim,#ai_t8_zm_avogadro_walk_ranged_attack_v2
xanim,#pt_ballistic_knife_t8_prone_first_raise
xanim,#ai_zombie_base_run_ad_v14_pain_chest_f_alt
xanim,#ai_zombie_base_walk_au_v20_pain_chest_f
xanim,#vm_battle_shield_fall
xanim,#ai_robot_base_tac_fast_walk_f
xanim,#ai_zombie_base_walk_turn_45_l_v2
xanim,#vm_t8_swim_brawler_idle_static
xanim,#ai_t8_zm_zombie_base_crawl_boardtear_aligned_r_3_hold
xanim,#ai_t8_zm_zombie_base_crawl_mantle_over_36
xanim,#ai_t8_zm_zombie_base_crawl_mantle_over_48
xanim,#ai_t8_zm_zombie_base_crawl_mantle_over_72
xanim,#ai_t8_zm_zombie_boardtear_aligned_m_3_grab
xanim,#ai_t8_zm_zombie_boardtear_aligned_l_2_grab
xanim,#ai_t8_zm_zombie_base_crawl_mantle_over_96
xanim,#vm_smg_thompson_fire_intro
xanim,#ai_t8_zm_avogadro_pain_short
xanim,#hash_4d840809d7179c00
xanim,#hash_4d840a09d7179f66
xanim,#ai_zombie_base_run_au_sidestep_left_short_b
xanim,#ai_zombie_base_run_au_sidestep_left_short_a
xanim,#hash_4d87e2403e494523
xanim,#vm_zom_bowie_knife_ads_base_down
xanim,#vm_smg_capacity_jump
xanim,#hash_4db8e4973cea74ea
xanim,#hash_4dc450b49570c27d
xanim,#ai_t8_zm_quad_attack
xanim,#ai_zombie_base_walk_ad_v2_pain_chest_f_alt
xanim,#vm_ballistic_knife_t8_sprint_pullout
xanim,#ai_zombie_base_walk_au_v12_pain_chest_f
xanim,#vm_t8_swim_b_dw
xanim,#ai_t8_zm_zombie_dog_pro_trv_mantle_up_128_dn_36
xanim,#hash_4e5c797bc77e3a51
xanim,#ai_zm_dlc1_zombie_walk_lowg_v3_pain_chest_f
xanim,#ai_t8_zm_zombie_boardtear_aligned_m_3_pull
xanim,#pt_katana_stand_taunt
xanim,#vm_t8_mantle_over_additive
xanim,#ai_t8_zm_zombie_boardtear_aligned_r_2_pull
xanim,#vm_mini_crossbow_putaway
xanim,#ai_zombie_base_mantle_over_48
xanim,#ai_zombie_base_mantle_over_72
xanim,#vm_ar_accurate_putaway_quick
xanim,#vm_t8_swim_l_additive
xanim,#ai_zombie_base_mantle_over_36
xanim,#ai_zombie_base_mantle_over_96
xanim,#hash_4ecc3321dc07e130
xanim,#ai_t8_zombie_base_sprint_ad_v23_pain_chest_f_alt
xanim,#vm_brawler_t8_walk_f
xanim,#ai_zombie_base_crawl_idle_v1
xanim,#ai_t8_zm_zombie_base_crawl_boardtear_aligned_m_6_hold
xanim,#hash_4f4c7040e9359bc7
xanim,#o_zombie_base_magic_box_close
xanim,#ai_zombie_base_walk_ad_v25_pain_chest_f
xanim,#ai_t8_zm_zombie_base_crawl_boardtear_aligned_m_1_hold
xanim,#vm_brass_knuckles_swim_uw_sprint_in
xanim,#ai_t8_zm_zombie_base_crawl_boardtear_aligned_l_5_pull
xanim,#vm_ww_freezegun_walk_f
xanim,#ai_robot_cmpn_trv_jump_across_72
xanim,#hash_4f99d749dded6a6a
xanim,#ai_t8_zm_mnsn_direwolf_pro_trv_mantle_96
xanim,#ai_t8_zm_mnsn_direwolf_pro_trv_mantle_72
xanim,#ai_t8_zm_mnsn_direwolf_pro_trv_mantle_48
xanim,#ai_t8_zm_mnsn_direwolf_pro_trv_mantle_36
xanim,#ai_t8_zm_zombie_boardtear_aligned_l_4_hold
xanim,#hash_50026740c9fdea7f
xanim,#hash_500269e9631009e7
xanim,#pt_knife_crouch_first_raise
xanim,#hash_50161f892933ce10
xanim,#ai_t8_zm_zombie_base_walk_mantle_up_80_dn_36
xanim,#vm_slide_bare_hands_additive
xanim,#vm_katana_sprint_pullout
xanim,#pt_grenade_crouch_prime
xanim,#ai_t8_zm_zombie_base_crawl_boardtear_aligned_r_5_grab
xanim,#vm_mini_crossbow_sprint_out
xanim,#ai_robot_base_stn_exposed_pain_right_leg
xanim,#ai_t8_zm_zombie_boardtear_aligned_l_5_pull
xanim,#pt_rifle_t8_ar_accurate_crouch_reload
xanim,#vm_minigun_gunbutt_swipe
xanim,#vm_ar_accurate_reload
xanim,#ai_t8_zm_quad_phaseforward_short_b
xanim,#ai_t8_zm_quad_phaseforward_short_a
xanim,#ai_t8_zombie_base_sprint_ad_v5_pain_chest_f
xanim,#vm_zom_bowie_knife_idle
xanim,#hash_50b9d9c4a57a5e20
xanim,#hash_50b9e3c4a57a6f1e
xanim,#hash_50b9e7c4a57a75ea
xanim,#pt_dw_crouch_melee_gunbutt
xanim,#ai_t8_zm_zombie_boardtear_aligned_m_5_grab
xanim,#ai_zm_dlc1_zombie_crawl_lowg_v1
xanim,#ai_zm_dlc1_zombie_crawl_lowg_v2
xanim,#ai_zm_dlc1_zombie_crawl_lowg_v3
xanim,#p8_zm_esc_turbine_generator_01_on
xanim,#vm_ar_accurate_jump_land
xanim,#vm_battle_turret_fire
xanim,#hash_5119deb11e8111d3
xanim,#p8_fxanim_zm_white_debris_buy_02_idle
xanim,#ai_robot_rogue_ctrl_exposed_idle
xanim,#vm_raygun_idle
xanim,#vm_smg_handling_dw_pullout
xanim,#hash_51994b03a21b0327
xanim,#ai_t8_zombie_base_run_ad_win_trav_r_v1
xanim,#vm_mini_crossbow_swim_uw_sprint_out
xanim,#vm_ballistic_knife_t8_reload_r
xanim,#vm_ar_accurate_fire
xanim,#ai_zombie_base_dog_traverse_down_190
xanim,#ai_zombie_base_dog_traverse_down_184
xanim,#ai_t8_zm_quad_knockdown_l_1
xanim,#vm_brass_knuckles_idle
xanim,#hash_51f88bda43982481
xanim,#hash_51fb05f3994c12d9
xanim,#vm_raygun_crawl_in
xanim,#ai_zombie_base_dog_traverse_down_127
xanim,#ai_zombie_base_dog_traverse_down_126
xanim,#vm_minigun_fire_grenade
xanim,#p8_fxanim_zm_perk_vending_tonic_on_anim
xanim,#vm_zom_raygun_mk2_fire_ads
xanim,#ai_robot_rogue_ctrl_exposed_idle_twitch2
xanim,#ai_robot_rogue_ctrl_exposed_idle_twitch1
xanim,#ai_zombie_base_dog_traverse_down_96
xanim,#ai_t8_zombie_base_super_sprint_25
xanim,#ai_t8_zombie_base_super_sprint_24
xanim,#ai_t8_zombie_base_super_sprint_23
xanim,#ai_t8_zombie_base_super_sprint_22
xanim,#ai_t8_zombie_base_super_sprint_21
xanim,#ai_t8_zombie_base_super_sprint_20
xanim,#ai_t8_zombie_base_super_sprint_18
xanim,#ai_t8_zombie_base_super_sprint_19
xanim,#ai_t8_zombie_base_super_sprint_12
xanim,#ai_t8_zombie_base_super_sprint_13
xanim,#ai_t8_zombie_base_super_sprint_10
xanim,#ai_t8_zombie_base_super_sprint_11
xanim,#ai_t8_zombie_base_super_sprint_16
xanim,#ai_t8_zombie_base_super_sprint_17
xanim,#ai_t8_zombie_base_super_sprint_14
xanim,#ai_t8_zombie_base_super_sprint_15
xanim,#ai_t8_zombie_base_super_sprint_09
xanim,#ai_t8_zombie_base_super_sprint_08
xanim,#ai_t8_zombie_base_super_sprint_05
xanim,#ai_t8_zombie_base_super_sprint_04
xanim,#ai_t8_zombie_base_super_sprint_07
xanim,#ai_t8_zombie_base_super_sprint_06
xanim,#ai_t8_zombie_base_super_sprint_01
xanim,#ai_t8_zombie_base_super_sprint_03
xanim,#ai_t8_zombie_base_super_sprint_02
xanim,#o_zombie_base_magic_box_fake_idle_twitch_a
xanim,#o_zombie_base_magic_box_fake_idle_twitch_b
xanim,#ai_zombie_base_dog_traverse_down_40
xanim,#ai_zombie_base_dog_traverse_down_48
xanim,#ai_zombie_base_dog_traverse_down_72
xanim,#vm_battle_shield_pullout
xanim,#ai_zombie_base_walk_au_v7_pain_chest_f
xanim,#ai_t8_zm_zombie_base_walk_jump_down_128
xanim,#ai_zombie_base_run_ad_v24_pain_chest_f
xanim,#ai_zombie_base_run_ad_v23_pain_chest_f_alt
xanim,#vm_battle_turret_pullout_alt
xanim,#vm_zom_purifier_t8_tornado
xanim,#hash_52dc6c416a491fa0
xanim,#ai_zombie_base_walk_ad_v20_pain_chest_f
xanim,#vm_smg_thompson_pullout
xanim,#ai_robot_rogue_ctrl_run_lowready_f_pain_chest
xanim,#hash_5306003c8795ec5e
xanim,#ai_zombie_smash_react_l_legsoutright
xanim,#vm_mini_crossbow_swim_uw_putaway
xanim,#ai_robot_rogue_ctrl_run_lowready_f_death_chest_a
xanim,#ai_t8_zm_zombie_boardtear_aligned_r_2_hold
xanim,#ai_t8_zombie_base_sprint_au_v21_pain_chest_f
xanim,#ai_t8_zm_zombie_boardtear_aligned_m_6_hold
xanim,#ai_zm_dlc1_zombie_run_lowg_v2_pain_chest_f
xanim,#vm_brawler_t8_sprint_out
xanim,#ai_zombie_base_dth_l_v2
xanim,#ai_zombie_base_dth_l_v1
xanim,#ai_t8_zm_zombie_base_crawl_boardtear_aligned_r_3_grab
xanim,#vm_katana_ads_base_down
xanim,#ai_t8_zm_zombie_base_crawl_boardtear_aligned_r_2_grab
xanim,#vm_ww_freezegun_ads_base_up
xanim,#ai_zombie_base_walk_ad_sidestep_right_a
xanim,#vm_ww_freezegun_pullout
xanim,#ai_t8_zm_zombie_base_run_mantle_up_128_dn_36
xanim,#vm_t8_swim_brawler_idle_static_additive
xanim,#hash_53bca59b4ad64613
xanim,#ai_t8_zm_zombie_boardtear_aligned_r_3_grab
xanim,#hash_53dba55cc8ce48da
xanim,#p8_fxanim_zm_perk_vending_brew_off_anim
xanim,#ai_t8_zm_zombie_base_crawl_dth_freeze_02
xanim,#ai_t8_zm_zombie_base_crawl_dth_freeze_01
xanim,#ai_zombie_base_run_turn_90_r_v2
xanim,#pt_rifle_swim_reload_over_partial
xanim,#ai_t8_zm_quad_phaseforward_long_b
xanim,#ai_t8_zm_quad_phaseforward_long_a
xanim,#vm_brass_knuckles_swim_uw_out
xanim,#ai_t8_zm_zombie_base_run_jump_up_128
xanim,#vm_ar_accurate_sprint_putaway
xanim,#ai_t8_zm_quad_crawl_spawn_02
xanim,#ai_zombie_base_walk_ad_v6_pain_chest_f_alt
xanim,#vm_purifier_t8_ads_base_up
xanim,#ai_zombie_base_run_ad_v11_pain_chest_f
xanim,#vm_zom_raygun_mk2_fire_shotgun_ads
xanim,#vm_smg_handling_dw_gunbutt_swipe
xanim,#hash_549c400dc54bb270
xanim,#vm_ar_accurate_reload_empty
xanim,#ai_t8_zombie_base_sprint_au_win_trav_r_v1
xanim,#ai_t8_zm_zombie_base_stn_idle_react_b_02
xanim,#ai_t8_zm_zombie_base_stn_idle_react_b_03
xanim,#ai_t8_zm_zombie_base_stn_idle_react_b_01
xanim,#ai_t8_zm_zombie_base_stn_idle_react_b_04
xanim,#ai_t8_zm_zombie_base_stn_idle_react_b_05
xanim,#pb_spikes_slam_outro
xanim,#hash_557fe5975c729a83
xanim,#hash_557fe6975c729c36
xanim,#vm_mr6_fire
xanim,#ai_zombie_base_jump_up_96
xanim,#vm_mr6_pullout
xanim,#ai_zombie_base_fast_sprint_02_pain_chest_f
xanim,#ai_zombie_base_jump_up_36
xanim,#ai_t8_zm_zombie_base_crawl_boardtear_aligned_l_2_hold
xanim,#ai_t8_zm_zombie_base_crawl_boardtear_aligned_r_5_pull
xanim,#ai_zombie_base_jump_up_72
xanim,#ai_zombie_base_jump_up_48
xanim,#pt_battle_shield_male_stand_melee
xanim,#ai_t8_zombie_base_sprint_au_v25
xanim,#ai_t8_zombie_base_sprint_au_v22
xanim,#ai_t8_zombie_base_sprint_au_v20
xanim,#ai_t8_zombie_base_sprint_au_v21
xanim,#ai_zombie_base_walk_ad_v4_pain_chest_f_alt
xanim,#ai_zombie_cp_jump_up_128_down_32
xanim,#vm_t8_swim_f_dw_ballistic
xanim,#ai_t8_zm_zombie_base_crawl_boardtear_aligned_m_1_grab
xanim,#hash_561012cb9a80456d
xanim,#ai_t8_zm_zombie_base_run_mantle_up_240_dn_36
xanim,#vm_mini_crossbow_swim_uw_in
xanim,#p8_fxanim_zm_perk_vending_soda_disable_anim
xanim,#vm_ballistic_knife_t8_inspect
xanim,#ai_t8_zombie_base_sprint_au_win_trav_l_v1
xanim,#hash_5665926f8f996b70
xanim,#hash_5665946f8f996ed6
xanim,#vm_katana_taunt
xanim,#vm_mr6_swim_uw_out
xanim,#o_zombie_base_packapunch_working_take_gun
xanim,#vm_zom_talon_spikes_dw_slam
xanim,#ai_zombie_base_sprint_au_sidestep_left_short_a
xanim,#ai_zombie_base_sprint_au_sidestep_left_short_b
xanim,#ai_zm_dlc1_zombie_walk_lowg_v2_pain_chest_f_alt
xanim,#hash_56bf1d79b86481d7
xanim,#pt_pistol_swim_melee_gunbutt
xanim,#hash_56cbb902dabcc31f
xanim,#ai_zombie_base_dth_f_head_lt_02
xanim,#ai_zombie_base_dth_f_head_lt_01
xanim,#ai_zombie_base_dth_f_head_lt_00
xanim,#ai_t8_zm_zombie_boardtear_aligned_m_5_hold
xanim,#ai_t8_zm_zombie_undercroft_spawn_02
xanim,#ai_zombie_smash_react_getup_quick_b
xanim,#ai_zombie_smash_react_getup_quick_c
xanim,#vm_smg_handling_dw_slide_additive
xanim,#ai_t8_zm_quad_crawl_run
xanim,#o_zombie_base_packapunch_worldguns_ejected
xanim,#ai_t8_zombie_base_sprint_ad_v2_pain_chest_f_alt
xanim,#ai_robot_rogue_ctrl_fastwalk_f_pain_head
xanim,#hash_578ac6bf1e24eeb9
xanim,#hash_578ae0bf1e251ae7
xanim,#ai_zm_dlc1_zombie_sprint_lowg_v4_pain_chest_f_alt
xanim,#hash_579969ee6591d136
xanim,#hash_57a40f5ee2dd665e
xanim,#pt_one_handed_gun_male_stand_fire
xanim,#ai_t8_zm_zombie_base_crawl_boardtear_aligned_l_4_pull
xanim,#ai_zombie_base_sprint_au_sidestep_right_short
xanim,#vm_t8_swim_idle_static
xanim,#ai_base_rifle_stn_run_dth_b_head_lt_1
xanim,#ai_t8_zombie_base_sprint_ad_v21_pain_chest_f
xanim,#vm_frag_ads_up
xanim,#vm_ar_accurate_jump
xanim,#p8_fxanim_zm_perk_vending_cola_on_anim
xanim,#ai_t8_zm_zombie_base_crawl_boardtear_aligned_m_4_hold
xanim,#ai_t8_zm_mnsn_direwolf_pro_trv_jump_up_160
xanim,#ai_t8_zm_mnsn_direwolf_pro_trv_jump_up_128
xanim,#hash_5859b72b0aff35e8
xanim,#ai_t8_zm_zombie_dog_pro_trv_mantle_128
xanim,#vm_frag_grenade_rh_loop_additive
xanim,#pt_rifle_t8_ar_damage_crouch_firstraise
xanim,#ai_t8_zm_zombie_boardtear_aligned_r_1_grab
xanim,#vm_battle_shield_pullout_quick
xanim,#vm_brass_knuckles_swim_uw_in
xanim,#ai_zombie_base_walk_ad_v2_pain_chest_f
xanim,#ai_t8_zm_quad_spore_attack
xanim,#vm_katana_putaway
xanim,#ai_t8_zm_zombie_base_crawl_boardtear_aligned_l_3_hold
xanim,#vm_pistol_webley_swim_uw_pullout
xanim,#ai_t8_zm_zombie_base_dog_run_25
xanim,#pt_minigun_fem_stand_firstraise
xanim,#ai_t8_zm_avogadro_intro
xanim,#ai_t8_zm_zombie_base_crawl_boardtear_aligned_r_6_pull
xanim,#ai_zombie_base_run_ad_sidestep_right_long_a
xanim,#ai_t8_zm_zombie_base_crawl_jump_up_160
xanim,#ai_t8_zm_zombie_base_crawl_jump_up_128
xanim,#ai_t8_zm_quad_knockdown_r_1
xanim,#p8_fxanim_zm_perk_vending_cola_off_anim
xanim,#vm_ballistic_knife_t8_crawl_in
xanim,#ai_zombie_smash_react_b_deadfallknee
xanim,#hash_59de69d4c61944d7
xanim,#vm_purifier_t8_fire_intro_ads
xanim,#ai_robot_rogue_ctrl_walk_f
xanim,#ai_zm_dlc1_zombie_climb_up_192_down_40
xanim,#hash_59ef77542141e046
xanim,#ai_zombie_crawl_dr_jump_down_96
xanim,#hash_5a06fc542155a126
xanim,#ai_zombie_crawl_dr_jump_down_72
xanim,#vm_battle_shield_fire_hold
xanim,#o_spikes_planted_idle
xanim,#vm_zom_talon_spikes_dw_ads_base_up
xanim,#ai_zombie_base_walk_au_v6_pain_chest_f_alt
xanim,#ai_zombie_base_run_ad_v21_pain_chest_f_alt
xanim,#ai_robot_rogue_ctrl_stn_melee_right_arm_a
xanim,#vm_mini_crossbow_swim_from_land
xanim,#hash_5aa93b9e6344725f
xanim,#vm_t8_swim_idle_static_dw_ballistic
xanim,#pt_minigun_fem_crouch_throw
xanim,#pt_pistol_swim_fire
xanim,#hash_5ac2a6b098a8c842
xanim,#ai_t8_zombie_base_sprint_au_v1
xanim,#ai_t8_zombie_base_sprint_au_v2
xanim,#ai_t8_zm_zombie_boardtear_aligned_m_6_pull
xanim,#pt_ballistic_knife_t8_stand_inspect
xanim,#vm_frag_grenade_rh_pullpin_additive
xanim,#pt_prone_shoot_pistol
xanim,#ai_t8_zombie_base_run_au_win_trav_l_v1
xanim,#ai_zombie_base_walk_au_v4_pain_chest_f
xanim,#ai_robot_base_trv_jump_up_96
xanim,#vm_zom_talon_spikes_dw_hand_pose_l
xanim,#vm_zom_talon_spikes_dw_hand_pose_r
xanim,#ai_robot_base_trv_jump_up_36
xanim,#ai_robot_base_trv_jump_up_32
xanim,#ai_robot_base_trv_jump_up_48
xanim,#vm_mini_crossbow_ads_base_down
xanim,#ai_robot_base_trv_jump_up_72
xanim,#ai_zombie_base_dog_death_front_a
xanim,#ai_zombie_base_dog_death_hit_left
xanim,#vm_crouch_to_prone_additive
xanim,#ai_zombie_base_run_au_v21_pain_chest_f
xanim,#ai_robot_base_trv_jump_up_48_across_64_down_48
xanim,#vm_battle_shield_ads_base_up
xanim,#ai_cmpn_time_out_death
xanim,#ai_direwolf_base_run_turn_r_180
xanim,#pt_rifle_swim_raise
xanim,#vm_mr6_idle
xanim,#p8_fxanim_zm_white_debris_buy_03_clear
xanim,#ai_zombie_base_dth_f_legs_lt_2
xanim,#vm_CROUCH_TO_PRONE_bare_hands_additive
xanim,#ai_t8_zm_quad_taunt
xanim,#pt_ballistic_knife_t8_stand_fire
xanim,#vm_katana_dash
xanim,#vm_ar_accurate_sprint_loop
xanim,#hash_5ce05168906559af
xanim,#hash_5ce1a92c18099bbe
xanim,#ai_t8_zm_zombie_base_dth_freeze_03
xanim,#ai_t8_zm_zombie_base_dth_freeze_02
xanim,#ai_t8_zm_zombie_base_dth_freeze_01
xanim,#ai_t8_zm_zombie_base_dth_freeze_05
xanim,#ai_t8_zm_zombie_base_dth_freeze_04
xanim,#ai_t8_zombie_traverse_ground_dugup
xanim,#p8_fxanim_zm_white_debris_buy_02_clear
xanim,#hash_5d20dcc7ecea794b
xanim,#ai_zombie_base_walk_au_v21_pain_chest_f_alt
xanim,#ai_t8_zm_mob_zombie_dog_stun_in
xanim,#zm_koala_debris_01_idle
xanim,#ai_t8_zm_zod_catalyst_water_exit_8
xanim,#ai_t8_zm_zod_catalyst_water_exit_9
xanim,#ai_t8_zm_zod_catalyst_water_exit_6
xanim,#ai_t8_zm_zod_catalyst_water_exit_7
xanim,#ai_t8_zm_zod_catalyst_water_exit_4
xanim,#ai_t8_zm_zod_catalyst_water_exit_2
xanim,#ai_t8_zm_zod_catalyst_water_exit_3
xanim,#ai_t8_zm_zod_catalyst_water_exit_1
xanim,#pt_rifle_t8_ar_accurate_prone_reload
xanim,#ai_t8_zombie_base_run_au_win_trav_r_v1
xanim,#ai_robot_base_tac_walk_b_pain_chest_f
xanim,#ai_t8_zm_zombie_boardtear_aligned_l_1_grab
xanim,#vm_battle_shield_gunbutt
xanim,#ai_zombie_base_dth_f_l_arm_hvy_01
xanim,#ai_zombie_base_dth_f_l_arm_hvy_00
xanim,#ai_zombie_base_sprint_au_sidestep_right_short_b
xanim,#ai_zombie_base_sprint_au_sidestep_right_short_a
xanim,#hash_5e7a42cd3f1c567b
xanim,#vm_ar_accurate_gunbutt_swipe
xanim,#vm_mini_crossbow_jump
xanim,#pt_brawler_stand_putaway
xanim,#pt_rifle_crouch_putaway
xanim,#vm_brawler_t8_sprint_putaway
xanim,#ai_zombie_base_walk_turn_135_r_v2
xanim,#ai_zombie_base_walk_au_v15_pain_chest_f_alt
xanim,#pt_ballistic_knife_t8_stand_first_raise
xanim,#vm_battle_shield_sprint_pullout
xanim,#ai_t8_zm_zombie_boardtear_aligned_m_4_grab
xanim,#pt_ballistic_knife_t8_stand_melee
xanim,#hash_5f860554904749ad
xanim,#ai_zombie_base_idle_ad_v1
xanim,#vm_raygun_inspect
xanim,#vm_zom_talon_spikes_dw_slam_in
xanim,#vm_bare_hands_swim_uw_sprint_loop
xanim,#vm_ballistic_knife_t8_sprint_loop
xanim,#ai_robot_cmpn_hover_land
xanim,#hash_600da8ceb37fe406
xanim,#vm_riotshield_zm_raise
xanim,#ai_zombie_base_walk_au_v1_pain_chest_f
xanim,#hash_601cfb84950623af
xanim,#ai_zombie_base_jump_across_128
xanim,#vm_riotshield_zm_ads_up
xanim,#vm_riotshield_zm_melee
xanim,#ai_t8_zombie_base_sprint_au_v25_pain_chest_f_alt
xanim,#hash_6062a8147810df28
xanim,#ai_t8_zm_zombie_boardtear_aligned_r_5_hold
xanim,#hash_60804dde64da8a1a
xanim,#p8_fxanim_zm_esc_trap_spinning_loop_anim
xanim,#vm_zom_raygun_mk2_crawl_in
xanim,#vm_ar_accurate_crawl_r
xanim,#vm_ar_accurate_crawl_f
xanim,#vm_ar_accurate_crawl_b
xanim,#vm_ar_accurate_crawl_l
xanim,#hash_60aeb9859498344e
xanim,#hash_60aebb85949837b4
xanim,#vm_ar_accurate_first_raise
xanim,#p8_fxanim_zm_perk_vending_soda_use1_anim
xanim,#hash_60dd875c817a098b
xanim,#hash_60e30448f91f82e0
xanim,#ai_zombie_smash_react_l_jackiespinright
xanim,#vm_ww_freezegun_jump_land
xanim,#ai_t8_zm_zombie_base_crawl_boardtear_aligned_r_3_pull
xanim,#vm_raygun_hand_pose_r
xanim,#vm_raygun_hand_pose_l
xanim,#p8_fxanim_zm_white_trap_switch_box_open
xanim,#vm_zom_talon_spikes_dw_pullout
xanim,#p8_fxanim_zm_whi_ceiling_fan_trap_intro_anim
xanim,#ai_robot_base_trv_ladder_up_112
xanim,#vm_purifier_t8_idle
xanim,#o_zombie_base_packapunch_worldguns_taken
xanim,#vm_pistol_webley_pullout
xanim,#hash_623066eb78e958f4
xanim,#vm_smg_capacity_jump_land
xanim,#ai_t8_zm_avogadro_walk_v1
xanim,#hash_6267d1481cdfdfce
xanim,#ai_zombie_base_walk_turn_90_r_v2
xanim,#ai_zombie_base_run_au_sidestep_right_short_b
xanim,#ai_zombie_base_run_au_sidestep_right_short_c
xanim,#ai_zombie_base_run_au_sidestep_right_short_a
xanim,#ai_zombie_base_run_au_sidestep_right_short_d
xanim,#vm_minigun_fire
xanim,#hash_62ab93eedebe3246
xanim,#ai_robot_cmpn_trv_jump_across_pap_bridge
xanim,#vm_mini_crossbow_crawl_in
xanim,#o_zombie_magic_box_weapon_dual_rise
xanim,#vm_t8_swim_b_additive
xanim,#vm_purifier_t8_jump_land
xanim,#vm_brass_knuckles_sprint_loop
xanim,#ai_t8_zm_zombie_boardtear_aligned_r_6_hold
xanim,#ai_t8_zm_zombie_dog_pro_trv_mantle_up_80_dn_36
xanim,#ai_robot_rogue_ctrl_run_lowready_f_v1_twitch_a
xanim,#ai_t8_zm_zombie_base_crawl_boardtear_aligned_m_4_pull
xanim,#ai_t8_zm_zombie_boardtear_aligned_l_4_pull
xanim,#vm_ballistic_knife_t8_melee_l_in
xanim,#hash_6384792ecd3e95f0
xanim,#hash_639dfede93db4c8f
xanim,#ai_zm_dlc1_zombie_walk_lowg_v4
xanim,#ai_zm_dlc1_zombie_walk_lowg_v2
xanim,#ai_zm_dlc1_zombie_walk_lowg_v3
xanim,#ai_zm_dlc1_zombie_walk_lowg_v1
xanim,#vm_ballistic_knife_t8_melee_l
xanim,#ai_robot_rogue_ctrl_walk_f_pain_chest
xanim,#ai_direwolf_base_trot_turn_l_180
xanim,#ai_zombie_base_run_au_v21_pain_chest_f_alt
xanim,#vm_smg_thompson_idle
xanim,#hash_6415aa9f96a37fca
xanim,#vm_brass_knuckles_swim_uw_r
xanim,#vm_brass_knuckles_swim_uw_b
xanim,#vm_brass_knuckles_swim_uw_f
xanim,#vm_brass_knuckles_swim_uw_l
xanim,#vm_ww_freezegun_swim_from_land
xanim,#hash_6460f0ac9dff0a5a
xanim,#vm_t8_swim_in_dw_ballistic
xanim,#ai_zombie_base_dog_traverse_up_40
xanim,#ai_zombie_base_dog_traverse_up_48
xanim,#vm_smg_handling_dw_slide
xanim,#vm_mr6_sprint_loop
xanim,#hash_64785a2eaf5caa42
xanim,#hash_649d5c2eaf7bc9e5
xanim,#ai_zombie_base_run_au_v22_pain_chest_f_alt
xanim,#vm_zom_talon_spikes_dw_crawl_f
xanim,#vm_zom_talon_spikes_dw_crawl_b
xanim,#vm_zom_talon_spikes_dw_crawl_l
xanim,#vm_zom_talon_spikes_dw_crawl_r
xanim,#hash_64dc68852a2013d4
xanim,#ai_robot_base_stn_exposed_juke_left
xanim,#ai_zombie_base_walk_ad_v6_pain_chest_f
xanim,#ai_robot_base_stn_exposed_2_casual
xanim,#ai_robot_base_stn_death_legs_1
xanim,#vm_pistol_webley_swim_uw_putaway
xanim,#ai_t8_zombie_base_sprint_ad_v22_pain_chest_f
xanim,#vm_purifier_t8_putaway
xanim,#vm_ww_freezegun_crawl_l
xanim,#vm_ww_freezegun_crawl_f
xanim,#vm_ww_freezegun_crawl_b
xanim,#vm_ww_freezegun_crawl_r
xanim,#ai_zombie_base_run_au_v4_pain_chest_f
xanim,#vm_ww_freezegun_ads_base_down
xanim,#ai_direwolf_exposed_run_thru_melee_short_f_01
xanim,#ai_direwolf_exposed_run_thru_melee_short_f_00
xanim,#vm_katana_sprint_in
xanim,#ai_t8_zm_zombie_boardtear_aligned_l_6_grab
xanim,#ai_t8_zombie_base_sprint_ad_v1_pain_chest_f_alt
xanim,#vm_t8_swim_r_dw_ballistic
xanim,#vm_brawler_t8_jump
xanim,#hash_6696c423aee36f42
xanim,#vm_frag_grenade_loop_bare_hands
xanim,#ai_zombie_base_walk_ad_v7_pain_chest_f
xanim,#vm_ww_freezegun_sprint_pullout
xanim,#vm_zom_raygun_mk2_first_raise_alt
xanim,#vm_purifier_t8_sprint_loop
xanim,#ai_t8_zm_zombie_base_dog_run_jump_40
xanim,#vm_frag_grenade_rh_cancel_additive
xanim,#vm_zom_talon_spikes_dw_sprint_pullout
xanim,#hash_672b6b478b7d27a3
xanim,#pt_ww_freezegun_t8_prone_reload
xanim,#pt_rifle_swim_putaway_over
xanim,#hash_6755a0e14eef1f8e
xanim,#vm_zom_raygun_mk2_crawl_out
xanim,#vm_brass_knuckles_taunt
xanim,#ai_zombie_base_run_ad_sidestep_left_short_a
xanim,#ai_zombie_base_walk_au_v13_pain_chest_f_alt
xanim,#ai_robot_base_stn_exposed_juke_short_left
xanim,#hash_67d0f0ab20421792
xanim,#pt_pistol_raygun_stand_reload
xanim,#vm_t8_mantle_over
xanim,#ai_base_rifle_stn_run_dth_f_chest_hvy_1
xanim,#hash_681f79204f002cb9
xanim,#ai_zombie_base_run_turn_135_r_v2
xanim,#vm_battle_shield_sprint_in
xanim,#ai_robot_cmpn_trv_jump_up_52_down_36
xanim,#hash_6858a79b665284d6
xanim,#ai_t8_zm_mob_brutus_tesla_out
xanim,#vm_purifier_t8_swim_uw_putaway
xanim,#hash_688713ef66943f5c
xanim,#ai_robot_base_stn_exposed_revive
xanim,#pt_ballistic_knife_t8_prone_putaway
xanim,#vm_t8_swim_r_additive
xanim,#ai_zombie_base_dog_run_turn_180_right
xanim,#ai_zm_dlc1_zombie_sprint_lowg_v1_pain_chest_f_alt
xanim,#hash_68d371cb669851fd
xanim,#hash_68d373cb66985563
xanim,#hash_68d453759df4e1c3
xanim,#hash_68d454759df4e376
xanim,#ai_zombie_base_run_au_v13_pain_chest_f
xanim,#vm_t8_swim_brawler_out_additive
xanim,#ai_zombie_base_run_au_v5_pain_chest_f_alt
xanim,#vm_mr6_swim_uw_sprint_in
xanim,#ai_zombie_base_sprint_ad_sidestep_right_long
xanim,#hash_6957135bceb8c2a9
xanim,#hash_69993af7088e2d66
xanim,#hash_699954f7088e5994
xanim,#ai_direwolf_base_run_turn_r_90
xanim,#ai_t8_zm_avogadro_idle_v1
xanim,#vm_raygun_fire
xanim,#ai_zombie_base_traverse_ground_climbout_fast
xanim,#ai_zombie_base_walk_ad_v4_pain_chest_f
xanim,#hash_6a18347f7638dcfc
xanim,#vm_zom_raygun_mk2_sprint_loop
xanim,#vm_smg_thompson_putaway
xanim,#vm_raygun_gunbutt_swipe
xanim,#ai_t8_zm_zombie_base_stn_idle_react_r_02
xanim,#ai_t8_zm_zombie_base_stn_idle_react_r_03
xanim,#ai_t8_zm_zombie_base_stn_idle_react_r_01
xanim,#ai_t8_zm_zombie_base_stn_idle_react_r_04
xanim,#ai_t8_zm_zombie_base_stn_idle_react_r_05
xanim,#o_zombie_base_magic_box_open
xanim,#vm_smg_handling_dw_putaway
xanim,#o_zombie_base_packapunch_flag_up
xanim,#ai_zombie_smash_react_r_legsoutleft
xanim,#ai_zm_dlc1_zombie_crawl_jump_down_190
xanim,#vm_zom_raygun_mk2_ads_base_up
xanim,#vm_minigun_putaway_quick
xanim,#vm_t8_swim_l_dw
xanim,#ai_direwolf_base_dth_f_a
xanim,#ai_t8_zm_zombie_boardtear_aligned_r_6_pull
xanim,#ai_robot_base_stn_exposed_pain_face
xanim,#o_zombie_base_packapunch_flag_down
xanim,#ai_zombie_base_walk_au_v11_pain_chest_f_alt
xanim,#vm_battle_shield_first_raise
xanim,#ai_t8_zombie_base_sprint_ad_v1_pain_chest_f
xanim,#ai_robot_base_trv_jump_down_32
xanim,#ai_robot_base_trv_jump_down_36
xanim,#vm_t8_swim_f_additive
xanim,#ai_robot_base_trv_jump_down_72
xanim,#ai_robot_base_trv_jump_down_48
xanim,#ai_robot_base_trv_jump_down_96
xanim,#ai_robot_rogue_ctrl_walk_f_pain_head
xanim,#vm_katana_swim_uw_putaway
xanim,#hash_6b87a31a29b1e90b
xanim,#ai_zombie_base_run_ad_v2_pain_chest_f
xanim,#ai_zombie_base_run_ad_v24_pain_chest_f_alt
xanim,#vm_pistol_webley_idle
xanim,#pt_ballistic_knife_t8_stand_reload
xanim,#vm_smg_thompson_crawl_out
xanim,#ai_zm_dlc1_zombie_crawl_jump_up_36_down_180
xanim,#p8_fxanim_zm_esc_trap_spinning_out_anim
xanim,#ai_t8_zm_quad_knockdown_faceup_1
xanim,#p8_fxanim_zm_zod_wormhole_anim
xanim,#vm_katana_pullout_quick
xanim,#ai_t8_zombie_base_sprint_ad_v23_pain_chest_f
xanim,#ai_direwolf_base_trv_jump_up_40
xanim,#ai_direwolf_base_trv_jump_up_48
xanim,#pt_rifle_t8_smg_handling_dw_prone_inspect
xanim,#vm_purifier_t8_fire_ads
xanim,#vm_bare_hands_idle
xanim,#hash_6cfecbaacef25768
xanim,#hash_6cff2015e5f2a5de
xanim,#vm_smg_thompson_ads_base_up
xanim,#vm_smg_handling_dw_jump_land
xanim,#ai_robot_cmpn_trv_jump_down_256
xanim,#hash_6d21e5cc46a4770a
xanim,#ai_direwolf_base_trv_jump_down_190
xanim,#ai_direwolf_base_trv_jump_down_184
xanim,#vm_ballistic_knife_t8_fire_last_r
xanim,#vm_ww_freezegun_idle
xanim,#ai_direwolf_base_trv_jump_down_127
xanim,#ai_direwolf_base_trv_jump_down_126
xanim,#pt_ww_freezegun_t8_crouch_reload
xanim,#hash_6d66daa98f6665c6
xanim,#p8_fxanim_zm_white_raygun_printer_compartment_init
xanim,#hash_6dad9142d1f008ca
xanim,#hash_6dcb367e623b1930
xanim,#ai_t8_base_rifle_stn_run_dth_r_arms_lt_1
xanim,#ai_t8_zm_quad_jump_down_128
xanim,#pt_battle_shield_male_stand_pullout
xanim,#p8_fxanim_zm_white_marlton_door_play
xanim,#ai_t8_zombie_base_walk_au_win_trav_l_v1
xanim,#ai_zombie_base_run_ad_v23_pain_chest_f
xanim,#hash_6e75bce6030752c1
xanim,#hash_6e836c21d63767f6
xanim,#pt_ballistic_knife_t8_prone_melee
xanim,#vm_ballistic_knife_reload_empty
xanim,#pt_rifle_swim_reload
xanim,#ai_zombie_base_run_au_v9_pain_chest_f
xanim,#vm_zom_raygun_mk2_pullout
xanim,#ai_t8_zm_zombie_base_crawl_boardtear_aligned_l_3_pull
xanim,#vm_mr6_sprint_out
xanim,#hash_6edfb0c9da4d7923
xanim,#vm_mr6_jump_land
xanim,#ai_robot_base_tac_walk_r_pain_chest_f
xanim,#vm_mr6_swim_uw_pullout
xanim,#ai_t8_zombie_base_sprint_ad_v2
xanim,#ai_t8_zombie_base_sprint_ad_v1
xanim,#ai_t8_zombie_base_sprint_ad_v5
xanim,#p8_fxanim_zm_perk_vending_soda_use2_anim
xanim,#ai_t8_zm_zombie_base_walk_react_f_01
xanim,#ai_t8_zm_zombie_base_walk_react_f_03
xanim,#ai_t8_zm_zombie_base_walk_react_f_02
xanim,#ai_t8_zm_zombie_base_walk_react_f_05
xanim,#ai_t8_zm_zombie_base_walk_react_f_04
xanim,#hash_6f5cc9c56f75d58d
xanim,#ai_zombie_base_run_au_sidestep_left_short
xanim,#ai_t8_zm_quad_crawl_run_5
xanim,#ai_t8_zm_quad_crawl_run_4
xanim,#ai_t8_zm_quad_crawl_run_3
xanim,#ai_t8_zm_quad_crawl_run_2
xanim,#hash_6fc6c9f92857a298
xanim,#vm_brawler_t8_crawl_in
xanim,#p8_fxanim_zm_white_fallout_shelter_door_open
xanim,#ai_t8_zm_mob_zombie_dog_stun_loop
xanim,#vm_ballistic_knife_t8_crawl_r
xanim,#vm_ballistic_knife_t8_crawl_l
xanim,#vm_ballistic_knife_t8_crawl_f
xanim,#vm_ballistic_knife_t8_crawl_b
xanim,#ai_t8_zm_quad_crawl_3
xanim,#ai_t8_zm_quad_crawl_2
xanim,#vm_smg_thompson_gunbutt_swipe
xanim,#pt_ballistic_knife_t8_swim_melee_stick
xanim,#vm_mr6_swim_uw_in
xanim,#ai_zombie_base_walk_ad_sidestep_right_short_a
xanim,#hash_707e34d8df702aee
xanim,#ai_t8_zm_zombie_base_crawl_boardtear_aligned_r_1_pull
xanim,#vm_t8_dw_slide
xanim,#vm_smg_handling_dw_jump
xanim,#hash_70d39bd86217eec9
xanim,#ai_zombie_base_walk_ad_v7_pain_chest_f_alt
xanim,#ai_robot_cmpn_trv_jump_up_108_down_36
xanim,#vm_frag_grenade_throw
xanim,#vm_zom_monkey_bomb_hand_pose_l
xanim,#vm_zom_monkey_bomb_hand_pose_r
xanim,#ai_zm_dlc1_zombie_sprint_lowg_v3_pain_chest_f
xanim,#ai_t8_zm_zombie_boardtear_aligned_m_2_pull
xanim,#ai_t8_zm_zombie_base_crawl_jump_down_36
xanim,#ai_t8_zm_zombie_base_crawl_jump_down_48
xanim,#ai_zombie_base_run_jump_down_36
xanim,#ai_t8_zm_zombie_base_crawl_jump_down_72
xanim,#ai_t8_zm_zombie_base_crawl_jump_down_96
xanim,#ai_zombie_base_run_jump_down_72
xanim,#ai_robot_rogue_ctrl_fastwalk_f_pain_legs
xanim,#ai_zombie_base_run_jump_down_48
xanim,#hash_718a153866ac389e
xanim,#ai_zombie_base_run_jump_down_96
xanim,#ai_zm_dlc1_zombie_sprint_lowg_v2_pain_chest_f
xanim,#ai_t8_zombie_base_crawl_sprint_win_trav_r_v1
xanim,#vm_t8_swim_f_dw
xanim,#vm_smg_handling_dw_pullout_quick
xanim,#vm_ar_accurate_hand_pose_l
xanim,#vm_ar_accurate_hand_pose_r
xanim,#vm_t8_swim_l
xanim,#vm_t8_swim_f
xanim,#vm_t8_swim_b
xanim,#vm_t8_swim_r
xanim,#vm_brass_knuckles_melee_in_l
xanim,#pt_ballistic_knife_t8_prone_pullout
xanim,#hash_72b56baaa12f7c33
xanim,#ai_zombie_base_sprint_ad_sidestep_left_short_a
xanim,#vm_pistol_webley_fall
xanim,#ai_zombie_base_idle_au_v1
xanim,#ai_zombie_base_walk_ad_v21_pain_chest_f
xanim,#pt_pistol_stand_shoot
xanim,#hash_7318470cbb04f0bf
xanim,#ai_t8_zm_zombie_boardtear_aligned_r_6_grab
xanim,#pt_battle_turret_male_stand_putaway
xanim,#vm_purifier_t8_pullout_quick
xanim,#ai_t8_zombie_base_run_pain_move_l_04
xanim,#ai_t8_zombie_base_run_pain_move_l_05
xanim,#ai_t8_zombie_base_run_pain_move_l_06
xanim,#ai_t8_zombie_base_run_pain_move_l_01
xanim,#ai_t8_zombie_base_run_pain_move_l_02
xanim,#ai_t8_zombie_base_run_pain_move_l_03
xanim,#ai_t8_zm_zombie_base_run_mantle_over_128
xanim,#ai_zm_dlc1_zombie_jump_up_244_down_36
xanim,#hash_73627c6ade72715e
xanim,#vm_ww_freezegun_fire_ads
xanim,#hash_7388a72cdc7c5a0c
xanim,#vm_pistol_webley_ads_base_down
xanim,#vm_pistol_webley_crawl_l
xanim,#vm_pistol_webley_crawl_f
xanim,#vm_pistol_webley_crawl_b
xanim,#vm_pistol_webley_crawl_r
xanim,#ai_zombie_base_walk_ad_v25_pain_chest_f_alt
xanim,#ai_zombie_base_run_dth_f_torso_lt
xanim,#hash_73d25b803dbeaf75
xanim,#ai_t8_zm_zombie_base_crawl_boardtear_aligned_l_1_hold
xanim,#ai_t8_zm_zombie_base_walk_mantle_over_72
xanim,#ai_t8_zm_zombie_base_walk_mantle_over_48
xanim,#ai_t8_zm_zombie_base_walk_mantle_over_40
xanim,#hash_7424d0a4e419d836
xanim,#ai_t8_zm_zombie_base_walk_mantle_over_36
xanim,#ai_t8_zm_zombie_base_walk_mantle_over_96
xanim,#vm_ww_freezegun_fall
xanim,#hash_745608bcf88b1560
xanim,#hash_745609bcf88b1713
xanim,#hash_74560abcf88b18c6
xanim,#hash_74560cbcf88b1c2c
xanim,#hash_74560dbcf88b1ddf
xanim,#hash_74560ebcf88b1f92
xanim,#hash_74560fbcf88b2145
xanim,#vm_ar_accurate_pullout_quick
xanim,#hash_747889711f3fc574
xanim,#vm_ww_freezegun_crawl_out
xanim,#pt_rifle_stand_inspect
xanim,#hash_74b8b5a0e6302073
xanim,#hash_74b8bfa0e6303171
xanim,#hash_74b8c1a0e63034d7
xanim,#hash_74b8c3a0e630383d
xanim,#vm_zom_raygun_mk2_jump_land
xanim,#ai_zm_dlc1_zombie_crawl_jump_up_36_down_244
xanim,#ai_t8_zm_zombie_boardtear_aligned_m_4_hold
xanim,#ai_robot_base_trv_jump_down_190
xanim,#ai_direwolf_base_run_1
xanim,#ai_direwolf_base_run_2
xanim,#pt_ww_freezegun_t8_stand_reload
xanim,#ai_robot_base_trv_jump_down_128
xanim,#ai_robot_base_trv_jump_down_160
xanim,#pt_ballistic_knife_t8_stand_putaway
xanim,#hash_75c57c014066a59e
xanim,#hash_75ecf78b4c7b52b5
xanim,#ai_zombie_base_dth_tesla_d
xanim,#ai_zombie_base_dth_tesla_b
xanim,#ai_zombie_base_dth_tesla_c
xanim,#ai_zombie_base_dth_tesla_a
xanim,#ai_zombie_base_run_ad_v1_pain_chest_f
xanim,#ai_zombie_base_crawl_attack_v2
xanim,#ai_zombie_base_crawl_attack_v1
xanim,#ai_zombie_base_run_ad_v11
xanim,#ai_zombie_base_run_ad_v12
xanim,#ai_zombie_base_run_ad_v14
xanim,#ai_zombie_base_run_ad_v21
xanim,#ai_zombie_base_run_ad_v20
xanim,#ai_zombie_base_run_ad_v23
xanim,#ai_zombie_base_run_ad_v22
xanim,#ai_zombie_base_run_ad_v24
xanim,#vm_ww_freezegun_sprint_out
xanim,#vm_brass_knuckles_melee_out_l_miss
xanim,#pt_pistol_stand_weapon_inspect
xanim,#vm_smg_thompson_sprint_loop
xanim,#vm_t8_crouch_to_prone_dw_ballistic
xanim,#hash_76dabeed260af215
xanim,#ai_zombie_base_walk_au_v8_pain_chest_f
xanim,#pt_rifle_stand_fire
xanim,#hash_7702d712fb30f1e2
xanim,#pt_rifle_prone_raise
xanim,#ai_zombie_base_fast_sprint_01
xanim,#ai_zombie_base_fast_sprint_02
xanim,#vm_raygun_sprint_putaway
xanim,#vm_zom_bowie_knife_ads_base_up
xanim,#ai_t8_zm_avogadro_ranged_attack_v1_end
xanim,#vm_pistol_webley_dw_crawl_r
xanim,#vm_smg_capacity_fall
xanim,#ai_zombie_base_walk_turn_180_l_v3
xanim,#vm_ballistic_knife_t8_crawl_out
xanim,#vm_bare_hands_swim_tw_sprint_loop
xanim,#pt_battle_turret_male_stand_fire
xanim,#hash_77d101e54ecca2d4
xanim,#ai_zombie_base_run_au_v23_pain_chest_f
xanim,#hash_77e1fce54edb0d88
xanim,#vm_katana_crawl_in
xanim,#ai_zombie_base_dog_trot_turn_90_right
xanim,#ai_zm_dlc1_zombie_jump_down_190
xanim,#vm_brass_knuckles_sprint_out
xanim,#vm_brawler_t8_crawl_r
xanim,#vm_brawler_t8_crawl_f
xanim,#vm_brawler_t8_crawl_b
xanim,#vm_brawler_t8_crawl_l
xanim,#ai_t8_zm_mannequin_ally_intro
xanim,#ai_t8_zm_zombie_base_crawl_boardtear_aligned_m_4_grab
xanim,#ai_zombie_zod_jump_down_256
xanim,#ai_t8_zombie_base_sprint_ad_v2_pain_chest_f
xanim,#vm_smg_thompson_walk_f
xanim,#hash_78995d0a054b0b5c
xanim,#ai_zm_dlc1_zombie_run_lowg_v1_pain_chest_f_alt
xanim,#pt_ballistic_knife_t8_stand_pullout
xanim,#ai_zm_dlc1_zombie_run_lowg_v2_pain_chest_f_alt
xanim,#ai_robot_base_tac_walk_l_pain_chest_f
xanim,#ai_zombie_base_walk_au_v1_pain_chest_f_alt
xanim,#vm_smg_thompson_fire
xanim,#hash_791cca47776db067
xanim,#ai_zombie_base_run_au_v24
xanim,#ai_zombie_base_run_au_v20
xanim,#ai_zombie_base_run_au_v21
xanim,#ai_zombie_base_run_au_v22
xanim,#ai_zombie_base_run_au_v23
xanim,#vm_frag_grenade_pullpin_additive
xanim,#ai_zombie_base_run_au_v11
xanim,#ai_zombie_base_run_au_v13
xanim,#vm_katana_crawl_out
xanim,#pt_dw_prone_melee_gunbutt
xanim,#vm_mini_crossbow_sprint_loop
xanim,#p8_fxanim_zm_white_debris_buy_03_idle
xanim,#ai_base_rifle_stn_run_dth_r_hips_lt_1
xanim,#vm_ww_freezegun_swim_uw_pullout
xanim,#ai_direwolf_base_howl
xanim,#ai_zombie_base_walk_au_v11_pain_chest_f
xanim,#ai_t8_zombie_base_crawl_win_trav_l_v1
xanim,#vm_zom_monkey_bomb_ads_up
xanim,#ai_t8_zm_zombie_base_crawl_boardtear_aligned_l_1_grab
xanim,#ai_t8_zm_zombie_base_stn_idle_react_f_04
xanim,#ai_t8_zm_zombie_base_stn_idle_react_f_05
xanim,#ai_t8_zm_zombie_base_stn_idle_react_f_02
xanim,#ai_t8_zm_zombie_base_stn_idle_react_f_03
xanim,#ai_t8_zm_zombie_base_stn_idle_react_f_01
xanim,#ai_zombie_base_sprint_au_sidestep_left_short
xanim,#vm_mr6_reload_empty
xanim,#hash_7aa37e3d7adf1611
xanim,#ai_zombie_base_walk_au_v3_pain_chest_f
xanim,#hash_7b15f5dd62961995
xanim,#hash_7b15f7dd62961cfb
xanim,#hash_7b15f9dd62962061
xanim,#hash_7b15fbdd629623c7
xanim,#vm_t8_swim_brawler_l_additive
xanim,#ai_t8_zm_avogadro_pain_med
xanim,#ai_robot_base_stn_exposed_2_crc_exposed
xanim,#ai_t8_zm_zombie_boardtear_aligned_l_5_hold
xanim,#vm_frag_grenade_pullpin_bare_hands_additive
xanim,#ai_zombie_base_run_ad_v20_pain_chest_f
xanim,#vm_mr6_ads_base_up
xanim,#hash_7baade5a5da5d98a
xanim,#ai_zombie_base_run_ad_sidestep_right_long
xanim,#pt_dw_prone_putaway
xanim,#vm_smg_thompson_ads_base_down
xanim,#ai_zombie_base_crawl_dth_tesla_b
xanim,#ai_zombie_base_crawl_dth_tesla_a
xanim,#ai_zombie_base_sprint_turn_180_l_v2
xanim,#ai_direwolf_base_run_jump_across_256
xanim,#vm_ww_freezegun_first_raise
xanim,#vm_ww_freezegun_sprint_in
xanim,#pt_rifle_t8_ar_accurate_crouch_reload_partial
xanim,#ai_zombie_dr_jump_down_190
xanim,#ai_zombie_dr_jump_down_184
xanim,#hash_7c3ed6728eca1661
xanim,#ai_zombie_dr_jump_down_127
xanim,#ai_t8_zm_mnsn_direwolf_pro_trv_jump_dn_32
xanim,#vm_zom_raygun_mk2_sprint_pullout
xanim,#hash_7c5098925c41641f
xanim,#ai_t8_zm_mnsn_direwolf_pro_trv_jump_dn_64
xanim,#hash_7c566300f425134d
xanim,#ai_t8_zm_zombie_base_crawl_boardtear_aligned_m_2_grab
xanim,#ai_zombie_base_run_ad_sidestep_right_short
xanim,#hash_7c91c41283dbfd25
xanim,#ai_zombie_zod_stunned_electrobolt_e
xanim,#ai_zombie_zod_stunned_electrobolt_d
xanim,#ai_zombie_zod_stunned_electrobolt_a
xanim,#ai_zombie_zod_stunned_electrobolt_c
xanim,#ai_zombie_zod_stunned_electrobolt_b
xanim,#hash_7c9de411b1d5d865
xanim,#pt_rifle_prone_fire
xanim,#vm_zom_monkey_bomb_ads_down
xanim,#ai_zombie_base_walk_ad_v3_pain_chest_f
xanim,#hash_7cfd5145ed097dbe
xanim,#hash_7d033467de525ff0
xanim,#vm_frag_throwback
xanim,#vm_smg_thompson_jump
xanim,#ai_zombie_base_run_ad_v7_pain_chest_f
xanim,#vm_katana_idle
xanim,#hash_7d39028a61d1d3cc
xanim,#vm_zom_talon_spikes_dw_crawl_out
xanim,#ai_zombie_base_dog_run_attack_low
xanim,#ai_t8_zm_zod_catalyst_corrosive_death_02
xanim,#ai_t8_zm_zod_catalyst_corrosive_death_01
xanim,#ai_t8_zombie_base_sprint_au_v2_pain_chest_f
xanim,#p8_fxanim_zm_white_raygun_printer_compartment_open
xanim,#ai_robot_cmpn_traversal_procedural_jump
xanim,#ai_t8_zm_zombie_base_crawl_boardtear_aligned_l_2_pull
xanim,#vm_pistol_webley_hand_pose_r
xanim,#vm_pistol_webley_hand_pose_l
xanim,#vm_t8_dw_slide_additive
xanim,#pt_galvaknuckles_crouch_firstraise
xanim,#vm_katana_melee_in
xanim,#ai_t8_zombie_base_sprint_attack_02
xanim,#ai_t8_zombie_base_sprint_attack_04
xanim,#ai_t8_zombie_base_sprint_attack_06
xanim,#ai_t8_zombie_base_sprint_attack_08
xanim,#ai_t8_zombie_base_sprint_attack_13
xanim,#ai_t8_zombie_base_sprint_attack_12
xanim,#ai_t8_zombie_base_sprint_attack_10
xanim,#ai_t8_zombie_base_sprint_attack_17
xanim,#ai_t8_zombie_base_sprint_attack_19
xanim,#ai_t8_zombie_base_sprint_attack_18
xanim,#ai_t8_zombie_base_sprint_attack_24
xanim,#ai_t8_zombie_base_sprint_attack_25
xanim,#ai_t8_zombie_base_sprint_attack_22
xanim,#ai_t8_zombie_base_sprint_attack_23
xanim,#ai_t8_zombie_base_sprint_attack_20
xanim,#ai_t8_zombie_base_sprint_attack_21
xanim,#ai_t8_zombie_base_sprint_attack_28
xanim,#ai_t8_zombie_base_sprint_attack_29
xanim,#ai_t8_zombie_base_sprint_attack_30
xanim,#ai_t8_zm_zombie_boardtear_aligned_m_2_hold
xanim,#hash_7e450bacb0cdd4e9
xanim,#pt_dw_swim_putaway_over
xanim,#hash_7e52055ab29a68b9
xanim,#ai_zombie_base_walk_ad_sidestep_left_short_b
xanim,#ai_t8_zm_zombie_base_crawl_boardtear_aligned_r_4_grab
xanim,#ai_zombie_base_walk_au_v15_pain_chest_f
xanim,#vm_brass_knuckles_swim_uw_sprint_out
xanim,#ai_zombie_base_run_au_v1_pain_chest_f_alt
xanim,#ai_robot_cmpn_trv_jump_up_180_down_36
xanim,#ai_zombie_base_run_au_sidestep_right_long_a
xanim,#ai_zombie_base_run_au_sidestep_right_long_b
xanim,#ai_zombie_base_run_au_sidestep_right_long_c
xanim,#vm_mr6_swim_to_land
xanim,#pt_ballistic_knife_t8_prone_reload
xanim,#vm_ww_freezegun_putaway
xanim,#ai_t8_zombie_base_walk_ad_win_trav_l_v1
xanim,#ai_zombie_base_walk_au_v23_pain_chest_f
xanim,#ai_t8_zm_zombie_dog_pro_trv_jump_up_32
xanim,#ai_t8_zm_zombie_dog_pro_trv_jump_up_64
xanim,#ai_t8_zm_quad_taunt_6
xanim,#ai_t8_zm_quad_taunt_4
xanim,#ai_t8_zm_quad_taunt_5
xanim,#ai_t8_zm_quad_taunt_2
xanim,#ai_t8_zm_quad_taunt_3
xanim,#ai_zombie_base_sprint_turn_135_r_v2
xanim,#ai_zombie_base_run_au_v9
xanim,#ai_zombie_base_run_au_v4
xanim,#ai_zombie_base_run_au_v5
xanim,#ai_zombie_base_run_au_v2
xanim,#ai_zombie_base_run_au_v1
xanim,#hash_7f09327a5765951d
xanim,#vm_mr6_jump
xanim,#pt_minigun_fem_stand_throw
xanim,#hash_7f45d2262b64c886
xanim,#ai_t8_zombie_base_sprint_au_win_trav_m_v1
xanim,#ai_t8_zombie_base_sprint_au_win_trav_m_v2
xanim,#ai_t8_zm_zombie_base_crawl_boardtear_aligned_r_4_hold
xanim,#ai_t8_zm_zombie_boardtear_aligned_l_6_hold
xanim,#hash_7f8d3a055da1d314
xanim,#vm_t8_base_slide_additive
xanim,#ai_t8_zm_avogadro_outro
scriptbundle,#activecamoinfo_t8_sig_lmg_heavy_seventies_van
scriptbundle,#activecamoinfo_t8_sig_ar_accurate_postapocalyptic
scriptbundle,#activecamoinfo_t8_sig_shotgun_pump_police
scriptbundle,#zblueprint_white_bear_bomb
scriptbundle,#activecamoinfo_t8_kill_counter_zm
scriptbundle,#activecamoinfo_t8_kill_counter_wz
scriptbundle,#p8_zm_whi_radio_01_bundle
scriptbundle,#ability_dog_mp_scoreevents
scriptbundle,#activecamoinfo_t8_fast_direct_action_kills
scriptbundle,#activecamoinfo_t8_kill_counter
scriptbundle,#activecamoinfo_t8_sig_lmg_spray_venom_wz
scriptbundle,#activecamoinfo_t8_sig_lmg_spray_venom_zm
scriptbundle,#activecamoinfo_t8_ar_fastfire
scriptbundle,#activecamoinfo_t8_sig_smg_capacity_spaceshuttle_wz
scriptbundle,#activecamoinfo_t8_sig_smg_capacity_spaceshuttle_zm
scriptbundle,#activecamoinfo_t8_smg_standard_wz
scriptbundle,#activecamoinfo_t8_smg_standard_zm
scriptbundle,#activecamoinfo_t8_fast_direct_action_kills_symbiosis
scriptbundle,#activecamoinfo_t8_sig_smg_fastfire_voyage_zm
scriptbundle,#activecamoinfo_t8_sig_smg_fastfire_voyage_wz
scriptbundle,#activecamoinfo_t8_direct_action_kills_solarflare
scriptbundle,#p8_zm_whi_radio_01_bundle_c5a4602
scriptbundle,#p8_fxanim_zm_white_marlton_door_bunde
scriptbundle,#zblueprint_white_mmtd
scriptbundle,#activecamoinfo_t8_direct_action_kills_zombie_flick
scriptbundle,#activecamoinfo_t8_darkmatter_wz
scriptbundle,#activecamoinfo_t8_darkmatter_zm
scriptbundle,#p8_fxanim_zm_zod_wormhole_bundle
scriptbundle,#p8_zm_whi_apd_door_bundle
scriptbundle,#p8_fxanim_zm_white_raygun_printer_compartment_bundle
scriptbundle,#aib_vign_zm_mnsn_tornado_zombie
scriptbundle,#activecamoinfo_t8_smg_accurate_wz
scriptbundle,#activecamoinfo_t8_smg_accurate_zm
scriptbundle,#activecamoinfo_t8_direct_action_kills_alt_zm
scriptbundle,#activecamoinfo_t8_direct_action_kills_alt_wz
scriptbundle,#activecamoinfo_t8_sig_pistol_fullauto_arcade
scriptbundle,#p8_fxanim_zm_white_raygun_case_bundle
scriptbundle,#activecamoinfo_t8_direct_action_kills_wz
scriptbundle,#activecamoinfo_t8_direct_action_kills_zm
scriptbundle,#activecamoinfo_t8_sig_sniper_powerbolt_viking
scriptbundle,#p8_fxanim_zm_esc_trap_spinning_bundle
scriptbundle,#activecamoinfo_t8_kills_without_dying_retro_vegas_neon
scriptbundle,#activecamoinfo_t8_ar_accurate
scriptbundle,#activecamoinfo_t8_take_it_personally
scriptbundle,#activecamoinfo_t8_sig_shotgun_pump_police_zm
scriptbundle,#activecamoinfo_t8_sig_shotgun_pump_police_wz
scriptbundle,#activecamoinfo_t8_sig_lmg_heavy_seventies_van_wz
scriptbundle,#p8_fxanim_zm_white_trap_switch_box_bundle
scriptbundle,#activecamoinfo_t8_sig_lmg_heavy_seventies_van_zm
scriptbundle,#activecamoinfo_t8_sig_tr_longburst_scrimshaw_zm
scriptbundle,#activecamoinfo_t8_sig_tr_longburst_scrimshaw_wz
scriptbundle,#activecamoinfo_t8_sig_ar_accurate_postapocalyptic_zm
scriptbundle,#activecamoinfo_t8_sig_ar_accurate_postapocalyptic_wz
scriptbundle,#activecamoinfo_t8_fast_direct_action_kills_spinal
scriptbundle,#activecamoinfo_t8_pistol_standard
scriptbundle,#activecamoinfo_t8_shotgun_semiauto_zm
scriptbundle,#activecamoinfo_t8_shotgun_semiauto_wz
scriptbundle,#c_t8_zmb_ofc_quadcrawler_gib_def
scriptbundle,#c_t8_zmb_whi_ranged_quadcrawler_gib_def
scriptbundle,#p8_fxanim_zm_perk_vending_tonic_bundle
scriptbundle,#activecamoinfo_t8_sig_smg_fastfire_voyage
scriptbundle,#activecamoinfo_t8_sig_tr_flechette_rivermonster_wz
scriptbundle,#activecamoinfo_t8_sig_tr_flechette_rivermonster_zm
scriptbundle,#activecamoinfo_t8_smg_accurate
scriptbundle,#activecamoinfo_t8_kills_without_dying_alt
scriptbundle,#activecamoinfo_t8_gold_zm
scriptbundle,#eq_frag_grenade_mp_scoreevents
scriptbundle,#activecamoinfo_t8_gold_wz
scriptbundle,#activecamoinfo_t8_sig_sniper_powerbolt_viking_zm
scriptbundle,#activecamoinfo_t8_shotgun_semiauto
scriptbundle,#activecamoinfo_t8_sig_sniper_powerbolt_viking_wz
scriptbundle,#p8_fxanim_zm_whi_timecard_clock_animated_bundle
scriptbundle,#hero_pineapplegun_scoreevents
scriptbundle,#activecamoinfo_t8_sig_tr_powersemi_rustymech_zm
scriptbundle,#activecamoinfo_t8_sig_tr_powersemi_rustymech_wz
scriptbundle,#activecamoinfo_t8_kills_without_dying
scriptbundle,#ztable_white_teddy_bear_bomb
scriptbundle,#activecamoinfo_t8_direct_action_kills_shattered_wz
scriptbundle,#activecamoinfo_t8_direct_action_kills_shattered_zm
scriptbundle,#activecamoinfo_t8_sig_shotgun_fullauto_construction
scriptbundle,#activecamoinfo_t8_sig_tr_flechette_rivermonster
scriptbundle,#activecamoinfo_t8_objective_kills_zm
scriptbundle,#activecamoinfo_t8_objective_kills_wz
scriptbundle,#p8_fxanim_zm_whi_ceiling_fan_trap_bundle
scriptbundle,#cin_t8_monkeybomb_dance
scriptbundle,#activecamoinfo_t8_kill_counter_party_rock_wz
scriptbundle,#activecamoinfo_t8_kill_counter_party_rock_zm
scriptbundle,#c_t8_zmb_ofc_zombie_male1_gib_def
scriptbundle,#activecamoinfo_t8_fast_direct_action_kills_treasure_wz
scriptbundle,#zm_zombie_dog_settings
scriptbundle,#activecamoinfo_t8_fast_direct_action_kills_treasure_zm
scriptbundle,#activecamoinfo_t8_ar_accurate_wz
scriptbundle,#activecamoinfo_t8_ar_accurate_zm
scriptbundle,#default_fx_table
scriptbundle,#activecamoinfo_t8_darkmatter_classic_dark
scriptbundle,#activecamoinfo_t8_diamond_zm
scriptbundle,#activecamoinfo_t8_diamond_wz
scriptbundle,#activecamoinfo_t8_fast_direct_action_kills_phased_zm
scriptbundle,#activecamoinfo_t8_fast_direct_action_kills_phased_wz
scriptbundle,#activecamoinfo_t8_sig_sniper_quickscope_zombies
scriptbundle,#activecamoinfo_t8_sig_tr_midburst_bomber_wz
scriptbundle,#activecamoinfo_t8_sig_tr_midburst_bomber
scriptbundle,#activecamoinfo_t8_sig_tr_midburst_bomber_zm
scriptbundle,#ztable_white_open
scriptbundle,#activecamoinfo_t8_fast_direct_action_kills_circle_slice_zm
scriptbundle,#activecamoinfo_t8_fast_direct_action_kills_circle_slice_wz
scriptbundle,#activecamoinfo_t8_sig_tr_longburst_scrimshaw
scriptbundle,#activecamoinfo_t8_rapid_kills_zm
scriptbundle,#activecamoinfo_t8_rapid_kills_wz
scriptbundle,#activecamoinfo_t8_fast_direct_action_kills_mystic_wz
scriptbundle,#activecamoinfo_t8_fast_direct_action_kills_mystic_zm
scriptbundle,#activecamoinfo_t8_direct_action_kills_115
scriptbundle,#activecamoinfo_t8_fast_direct_action_kills_spinal_wz
scriptbundle,#activecamoinfo_t8_fast_direct_action_kills_spinal_zm
scriptbundle,#activecamoinfo_t8_sig_ar_damage_fighter_plane_zm
scriptbundle,#activecamoinfo_t8_sig_ar_damage_fighter_plane_wz
scriptbundle,#activecamoinfo_t8_darkmatter
scriptbundle,#t8_zm_white_gas_vent_machine_bundle
scriptbundle,#p8_fxanim_zm_office_wormhole_bundle
scriptbundle,#activecamoinfo_t8_sig_smg_accurate_darkunicorn
scriptbundle,#p8_fxanim_zm_perk_vending_cola_bundle
scriptbundle,#p8_fxanim_zm_esc_trap_fan_play
scriptbundle,#fxb8_zm_char_wolf
scriptbundle,#activecamoinfo_t8_direct_action_kills_solarflare_wz
scriptbundle,#activecamoinfo_t8_direct_action_kills_solarflare_zm
scriptbundle,#activecamoinfo_t8_sig_ar_damage_fighter_plane
scriptbundle,#p8_fxanim_zm_white_perk_machine_dummy_bundle
scriptbundle,#activecamoinfo_t8_gold_classic
scriptbundle,#activecamoinfo_t8_sig_ar_modular_faberge_wz
scriptbundle,#activecamoinfo_t8_sig_ar_modular_faberge_zm
scriptbundle,#default_traversal_extents_zm
scriptbundle,#zm_wolf_ally_settings
scriptbundle,#activecamoinfo_t8_sig_sniper_powersemi_vietnam_zm
scriptbundle,#activecamoinfo_t8_sig_sniper_powersemi_vietnam_wz
scriptbundle,#activecamoinfo_t8_kills_without_dying_retro_vegas_neon_wz
scriptbundle,#activecamoinfo_t8_kills_without_dying_retro_vegas_neon_zm
scriptbundle,#zm_escape_zombie_settings
scriptbundle,#cin_zod_robot_companion_entrance
scriptbundle,#p8_zm_off_panel_electric_box_03_bundle
scriptbundle,#cin_zm_dlc1_spike_plant_loop
scriptbundle,#activecamoinfo_t8_direct_action_kills_brains_zm
scriptbundle,#cin_zm_dlc1_zombie_crawler_talonspike_a_loop
scriptbundle,#activecamoinfo_t8_direct_action_kills_brains_wz
scriptbundle,#activecamoinfo_t8_showstopper
scriptbundle,#p8_zm_esc_turbine_generator_01_animated_bundle
scriptbundle,#activecamoinfo_t8_sig_pistol_burst_raven_zm
scriptbundle,#activecamoinfo_t8_sig_pistol_burst_raven_wz
scriptbundle,#p8_fxanim_zm_perk_vending_soda_bundle
scriptbundle,#zm_nova_crawler_settings
scriptbundle,#activecamoinfo_t8_lmg_standard
scriptbundle,#activecamoinfo_t8_rapid_kills
scriptbundle,#activecamoinfo_t8_sig_ar_stealth_vampire
scriptbundle,#activecamoinfo_t8_sig_smg_fastburst_diy
scriptbundle,#activecamoinfo_t8_pistol_standard_zm
scriptbundle,#activecamoinfo_t8_pistol_standard_wz
scriptbundle,#activecamoinfo_t8_headshot
scriptbundle,#activecamoinfo_t8_sig_smg_accurate_darkunicorn_wz
scriptbundle,#activecamoinfo_t8_sig_smg_accurate_darkunicorn_zm
scriptbundle,#activecamoinfo_t8_gold
scriptbundle,#hero_flamethrower_scoreevents
scriptbundle,#activecamoinfo_t8_sig_smg_capacity_spaceshuttle
scriptbundle,#activecamoinfo_t8_sig_smg_handling_hunter_wz
scriptbundle,#activecamoinfo_t8_sig_smg_handling_hunter_zm
scriptbundle,#activecamoinfo_t8_sig_tr_powersemi_rustymech
scriptbundle,#activecamoinfo_t8_sig_ar_standard_adventure_zm
scriptbundle,#activecamoinfo_t8_sig_ar_standard_adventure_wz
scriptbundle,#activecamoinfo_t8_direct_action_kills_zombie_flick_zm
scriptbundle,#activecamoinfo_t8_direct_action_kills_zombie_flick_wz
scriptbundle,#activecamoinfo_t8_sig_pistol_revolver_cyberpunk
scriptbundle,#activecamoinfo_t8_fast_direct_action_kills_apb
scriptbundle,#zblueprint_white_ww_modkit
scriptbundle,#default_traversal_extents
scriptbundle,#activecamoinfo_t8_direct_action_kills_fractalflames_wz
scriptbundle,#aib_t8_zm_zombie_undercroft_spawn_02
scriptbundle,#activecamoinfo_t8_direct_action_kills_fractalflames_zm
scriptbundle,#damageeffecttype_fire
scriptbundle,#zm_weeping_angel_settings
scriptbundle,#activecamoinfo_t8_diamond
scriptbundle,#activecamoinfo_t8_sig_pistol_fullauto_arcade_zm
scriptbundle,#activecamoinfo_t8_sig_pistol_fullauto_arcade_wz
scriptbundle,#activecamoinfo_t8_direct_action_kills_celestial
scriptbundle,#ztable_white_ww_modkit
scriptbundle,#p8_zm_white_chemestry_kit_bundle
scriptbundle,#activecamoinfo_t8_kill_counter_party_rock
scriptbundle,#zm_avogadro_settings
scriptbundle,#zm_mannequin_ally_settings
scriptbundle,#activecamoinfo_t8_direct_action_kills_fractalflames
scriptbundle,#activecamoinfo_t8_showstopper_wz
scriptbundle,#activecamoinfo_t8_showstopper_zm
scriptbundle,#activecamoinfo_t8_sig_ar_standard_adventure
scriptbundle,#activecamoinfo_t8_lmg_standard_wz
scriptbundle,#activecamoinfo_t8_lmg_standard_zm
scriptbundle,#activecamoinfo_t8_direct_action_kills_brains
scriptbundle,#activecamoinfo_t8_objective_kills
scriptbundle,#activecamoinfo_t8_sig_smg_handling_hunter
scriptbundle,#zm_zombie_settings
scriptbundle,#activecamoinfo_t8_direct_action_kills_115_zm
scriptbundle,#cin_zod_robot_companion_exit_death
scriptbundle,#activecamoinfo_t8_direct_action_kills_115_wz
scriptbundle,#activecamoinfo_t8_sig_pistol_burst_raven
scriptbundle,#activecamoinfo_t8_kills_without_dying_wz
scriptbundle,#activecamoinfo_t8_kills_without_dying_zm
scriptbundle,#activecamoinfo_t8_ar_fastfire_zm
scriptbundle,#activecamoinfo_t8_sig_pistol_revolver_cyberpunk_wz
scriptbundle,#activecamoinfo_t8_sig_pistol_revolver_cyberpunk_zm
scriptbundle,#activecamoinfo_t8_ar_fastfire_wz
scriptbundle,#activecamoinfo_t8_sig_shotgun_fullauto_construction_zm
scriptbundle,#activecamoinfo_t8_sig_shotgun_fullauto_construction_wz
scriptbundle,#p8_zm_gravityspikes_miniboss_trap_scene
scriptbundle,#activecamoinfo_t8_direct_action_kills_celestial_zm
scriptbundle,#activecamoinfo_t8_fast_direct_action_kills_circle_slice
scriptbundle,#activecamoinfo_t8_direct_action_kills_celestial_wz
scriptbundle,#activecamoinfo_t8_sig_sniper_fastrechamber_western
scriptbundle,#p8_fxanim_zm_whi_server_bundle
scriptbundle,#fxd8_zm_char_zombie_base_body
scriptbundle,#activecamoinfo_t8_fast_direct_action_kills_phased
scriptbundle,#activecamoinfo_t8_sig_ar_modular_porcelain_wz
scriptbundle,#activecamoinfo_t8_sig_ar_modular_porcelain_zm
scriptbundle,#p8_zm_flame_tornado_miniboss_scene
scriptbundle,#activecamoinfo_t8_fast_direct_action_kills_apb_wz
scriptbundle,#activecamoinfo_t8_fast_direct_action_kills_apb_zm
scriptbundle,#activecamoinfo_t8_darkmatter_classic_red
scriptbundle,#activecamoinfo_t8_diamond_classic
scriptbundle,#p8_fxanim_zm_perk_vending_brew_bundle
scriptbundle,#p8_fxanim_zm_white_fallout_shelter_door_bundle
scriptbundle,#aib_vign_zm_mob_hook_trap_zombie
scriptbundle,#activecamoinfo_t8_sig_lmg_spray_venom
scriptbundle,#activecamoinfo_t8_sig_smg_fastburst_diy_wz
scriptbundle,#activecamoinfo_t8_sig_smg_fastburst_diy_zm
scriptbundle,#activecamoinfo_t8_direct_action_kills_alt
scriptbundle,#activecamoinfo_t8_smg_standard
scriptbundle,#activecamoinfo_t8_direct_action_kills
scriptbundle,#activecamoinfo_t8_fast_direct_action_kills_treasure
scriptbundle,#activecamoinfo_t8_sig_sniper_fastrechamber_western_zm
scriptbundle,#activecamoinfo_t8_sig_sniper_fastrechamber_western_wz
scriptbundle,#activecamoinfo_t8_cyberpunk
scriptbundle,#zblueprint_zhield_white
scriptbundle,#activecamoinfo_t8_headshot_alt
scriptbundle,#activecamoinfo_t8_sig_sniper_quickscope_zombies_zm
scriptbundle,#activecamoinfo_t8_sig_sniper_quickscope_zombies_wz
scriptbundle,#activecamoinfo_t8_sig_ar_stealth_vampire_zm
scriptbundle,#activecamoinfo_t8_sig_ar_stealth_vampire_wz
scriptbundle,#activecamoinfo_t8_headshot_zm
scriptbundle,#activecamoinfo_t8_sig_ar_modular_porcelain
scriptbundle,#activecamoinfo_t8_headshot_wz
scriptbundle,#activecamoinfo_t8_take_it_personally_wz
scriptbundle,#activecamoinfo_t8_take_it_personally_zm
scriptbundle,#activecamoinfo_t8_sig_ar_modular_faberge
scriptbundle,#activecamoinfo_t8_fast_direct_action_kills_mystic
scriptbundle,#activecamoinfo_t8_fast_direct_action_kills_zm
scriptbundle,#activecamoinfo_t8_fast_direct_action_kills_wz
scriptbundle,#activecamoinfo_t8_sig_sniper_powersemi_vietnam
scriptbundle,#activecamoinfo_t8_fast_direct_action_kills_symbiosis_zm
scriptbundle,#activecamoinfo_t8_fast_direct_action_kills_symbiosis_wz
scriptbundle,#activecamoinfo_t8_kills_without_dying_alt_zm
scriptbundle,#activecamoinfo_t8_kills_without_dying_alt_wz
scriptbundle,#activecamoinfo_t8_headshot_alt_wz
scriptbundle,#activecamoinfo_t8_headshot_alt_zm
scriptbundle,#activecamoinfo_t8_direct_action_kills_shattered
scriptbundle,#cin_zm_dlc1_zombie_talonspike_loop
scriptbundle,#c_54i_grunt_fx_table
scriptbundle,#c_t8_zmb_3rdclass_male_gib_def
scriptbundle,#activecamoinfo_t8_cyberpunk_wz
scriptbundle,#activecamoinfo_t8_cyberpunk_zm
material,#riotshield_zm_icon
string,#mpui/stalker
string,#hash_5da008b5fb1b3d
string,#hash_6831cfd35264e1
string,#hash_95c5021b448b56
string,#zmweapon/smg_thompson
string,#mpui/extclip_desc
string,#mpui/fmj_desc
string,#hash_d533adface5114
string,#hash_1277174ca2ba0df
string,#mpui/supply_desc
string,#hash_1b2c80095746520
string,#mpui/dualoptic
string,#hash_24a438482954901
string,#mpui/fastreload2_desc
string,#zmui/fmj_desc
string,#hash_3346a327a4a83f8
string,#menu/camo_loot_zombie_maitai
string,#zmweapon/riotshield
string,#hash_3b1888151d4b06b
string,#zm_escape/trap_cooldown
string,#hash_3c61bc28df1dd51
string,#hash_40c47b72c083914
string,#mpui/camo_active_take_it_personally
string,#mpui/camo_flectarn
string,#mpui/extclip2
string,#hash_4e6ad0a0aed9c99
string,#hash_57249497bfb88a5
string,#hash_59a1cf82de6de51
string,#hash_5be026b2781b8c9
string,#hash_5d7eb1442a4f213
string,#menu/camo_loot_scratchnsniff
string,#mpui/quickdraw2_desc
string,#mpui/stalker2_desc
string,#weapon/sig_buckler_dw
string,#hash_73f632514ab7d15
string,#hash_744b68f010abb05
string,#hash_788ffc8d7448f05
string,#hash_7aea9fef103ab16
string,#hash_7beee9fea50190a
string,#mpui/extclip
string,#hash_870732dcf823d00
string,#hash_8976407f64add4b
string,#menu/camo_loot_roadhouse
string,#menu/camo_loot_trifecta
string,#hash_b877496afcd42c8
string,#mpui/fastreload2
string,#hash_bbf156a097e8c76
string,#hash_c0c2aecab7c9830
string,#mpui/damage2_desc
string,#hash_c39f99b7da2b1b2
string,#hash_d8622d38b0078a8
string,#hash_e2971bbfafcfe66
string,#zm_escape/spinning_trap_keyboard
string,#mpui/fastlockon_desc
string,#weapon/fraggrenade
string,#hash_ee567911dd1ce83
string,#menu/camo_loot_circuitboard
string,#weapon/ar_accurate_t8
string,#zombie/item_meat
string,#hash_100d349fbdcacb2b
string,#hash_1014fb82e4e32c24
string,#mpui/vzoom
string,#hash_11416e3dffba8d50
string,#mpui/mk
string,#menu/camo_loot_fractalized
string,#mpui/ir
string,#mpui/is
string,#mpui/gl
string,#mpui/dw
string,#mpui/camo_dante
string,#mpui/sf
string,#mpui/rf
string,#hash_11cfa6d5f521dede
string,#mpui/no_attachment
string,#hash_12346bdab086516e
string,#hash_124b395fc222642b
string,#mpui/uber
string,#mpui/barrelchoke_desc
string,#hash_13f64b913a8510ce
string,#hash_14892eda87420294
string,#zm_escape/spinning_trap
string,#menu/camo_active_treasure
string,#hash_14eae7c162ebb8d2
string,#mpui/camo_redhex
string,#hash_15cf0d46af70291b
string,#mpui/null
string,#mpui/grip
string,#hash_166b7f0f8f0d22fc
string,#hash_172253c9314825fc
string,#mpui/suppressed_desc
string,#hash_17783814d047454c
string,#hash_1796d85a4ee770b1
string,#hash_17a473c2067a81f1
string,#menu/camo_loot_fullsuite
string,#mpui/no_attachment_desc
string,#hash_17f86af9c5a89e4e
string,#hash_1876edb9b30c4c43
string,#menu/camo_loot_goosebumps
string,#hash_1923621001f3835f
string,#hash_1923631001f38512
string,#mpui/uber_desc
string,#mpui/camo_active_rapid_kills
string,#hash_1960a6223dd21d1a
string,#mpui/barrelchoke
string,#hash_1a1e29920a655055
string,#hash_1b13f0782c49ab87
string,#zm_white/location_bunker_lounge
string,#zmweapon/ww_freezegun_t8
string,#hash_1bf1ded4916b4aa6
string,#hash_1c07c87a45375aaf
string,#hash_1c085e4db0b218f9
string,#mpui/camo_integer
string,#hash_1c978c7c32d6accb
string,#hash_1cba478a3a2ba155
string,#hash_1cc24c9fd1233b2a
string,#hash_1d175f6387d44262
string,#hash_1dce5b6ffea6c5bd
string,#hash_1de54db35ad2c33a
string,#zmui/mms_desc
string,#hash_1e1724de3db625e7
string,#mpui/steadyaim2
string,#zm_white/location_bunker_beds
string,#hash_1ee18bf56df7a29b
string,#hash_2054e8fdb6521566
string,#hash_205e609da892b2d2
string,#menu/camo_loot_benjamins
string,#hash_209b7a0a83ce0276
string,#zm_white/location_bunker_apd
string,#hash_2101bfc49f49de46
string,#hash_21228d40f4860929
string,#hash_216fb8f215328314
string,#menu/camo_loot_fearhaze
string,#zombie/trap_cooldown
string,#hash_21e4f19ea51f49c9
string,#hash_22403f43ff20f2db
string,#menu/camo_loot_seaflake
string,#hash_2273a91e3516122a
string,#zombie/trap_locked
string,#hash_22dc6a35ff6146d7
string,#hash_22e5834c00b8bbf3
string,#menu/camo_loot_astronomy
string,#hash_23056ec7ef2980d0
string,#hash_23184906a849ac54
string,#zombie/button_buy_trap
string,#mpui/camo_jungle
string,#mpui/dualoptic_desc
string,#mpui/camo_huntsman
string,#hash_246c7d9118b22299
string,#zombie/wallbuy_cooldown
string,#hash_24a3e0f402bfd000
string,#hash_24acc68c936da840
string,#menu/camo_loot_masks
string,#hash_24f2c78de733d877
string,#hash_253d93e1249b135c
string,#menu/camo_loot_shimmer
string,#hash_25811ef8abc80b1f
string,#hash_258f60f733c7a181
string,#hash_25ac72d1e45049ef
string,#mpui/elo_desc
string,#hash_25d3f454e864bb4a
string,#menu/camo_loot_picnic_royale
string,#hash_25fc6c872fa95f5e
string,#hash_2628f8facd7d3398
string,#mpui/pistolscope
string,#hash_26adc6b84f143b29
string,#hash_26e2186a2f81e8c7
string,#hash_2755ffa17bc473e4
string,#hash_276fd5b98fead0c4
string,#hash_28c1446ca1a2440c
string,#mpui/fmj2_desc
string,#hash_28f8d698fe4d79d2
string,#zmui/high_caliber_2_desc
string,#mpui/holdbreath_desc
string,#hash_299d0a3534135476
string,#mpui/camo_active_kill_counter
string,#hash_2a017f92951267d2
string,#hash_2a634db8501d93aa
string,#hash_2a77221ed09d2928
string,#hash_2aa6fa1848766679
string,#zmweapon/galvaknuckles_t8
string,#hash_2b0fae1c09a3d8a9
string,#hash_2b27d20d2cfc1069
string,#hash_2b3d791eb05ec296
string,#mpui/camo_ardent
string,#zm_escape/acid_trap
string,#mpui/acog_desc
string,#hash_2b939967b7ce331a
string,#hash_2bf9eb58ed3ac518
string,#hash_2c1852a26bee7917
string,#mpui/stabilizer_desc
string,#mpui/holdbreath
string,#menu/camo_active_mystic
string,#hash_2d003d6a1240093c
string,#hash_2d85a60f366822d1
string,#hash_2df82d83303d3d40
string,#hash_2e3938a646e43352
string,#mpui/reflex
string,#hash_2ed06d351658eadf
string,#hash_2ed7f0b52bd11574
string,#hash_2f6eb9c102b831ad
string,#mpui/camo_burnt
string,#hash_2fa3f09f73bf523c
string,#hash_2fb176e305167a3b
string,#mpui/fmj2
string,#hash_3041bf105b58c16a
string,#mpui/ir_desc
string,#hash_30df02915fdc6a67
string,#hash_30f532e9051a3691
string,#hash_314a7588b45256eb
string,#hash_314d27b045b35ee4
string,#zombie/equip_riotshield_pickup_hint_string
string,#hash_31e9d057a03398bf
string,#hash_323a35945e51c09a
string,#hash_3262580790190195
string,#hash_3279150dc6bd1b3b
string,#mpui/camo_snowjob
string,#hash_32a4695a245410a6
string,#hash_32fa112e9fe55d3f
string,#menu/camo_active_brains
string,#hash_33116738f78d04b3
string,#hash_33c5a3d6ed967788
string,#hash_33f013eacb53964c
string,#mpui/holo_desc
string,#hash_351a359dee18e66c
string,#zombie/ray_gun_upgraded
string,#zm_white/location_bunker_diner
string,#hash_3562fe8569b10d6f
string,#mpui/quickdraw2
string,#hash_360742434808cf8e
string,#hash_3640fdfd426ba4b4
string,#hash_366888e106b2bbb3
string,#menu/camo_active_115
string,#hash_36be4a2f9e325b50
string,#mpui/fmj
string,#hash_3824d76b4a721017
string,#hash_385e1ce240650791
string,#hash_38698d6863661eb6
string,#menu/camo_loot_dinoglyphs
string,#zmui/fmj2_desc
string,#hash_388256f1e5a62d7c
string,#hash_388479afabb2a89e
string,#zmweapon/ray_gun_mk2x_upgraded
string,#hash_38c5e4e71fc96473
string,#menu/camo_loot_streetrace
string,#mpui/killcounter
string,#hash_39408eaefc72e055
string,#mpui/extbarrel2
string,#mpui/grip_desc
string,#mpui/reticle_color_1
string,#zombie/trap_active
string,#hash_39d6b1ad0b94f111
string,#mpui/camo_active_showstopper
string,#zmweapon/ray_gun_mk2z_upgraded
string,#hash_3a6067fdb28789e8
string,#mpui/reddot_desc
string,#hash_3ae42f7d6eabab5a
string,#hash_3b5dc0adfa400025
string,#mpui/camo_darkmatter
string,#hash_3ca968dee9e5dc02
string,#menu/camo_active_spinal
string,#hash_3cedf7684da7e8a8
string,#hash_3d030d65a86f31cc
string,#hash_3d1e4f7ac23674b5
string,#hash_3d26eb8dafae98e9
string,#zmui/suppressor_desc
string,#mpui/tacknife
string,#menu/camo_loot_chrysalis
string,#menu/camo_loot_cherryblossom
string,#hash_3e42591da1c1538f
string,#mpui/steadyaim_desc
string,#hash_3e916dea9d22f1b2
string,#mpui/camo_chameleon
string,#mpui/gl_desc
string,#menu/camo_loot_jellymaw
string,#hash_3f0cb3a3a888e340
string,#mpui/is_desc
string,#zombie/powerup_shield_charge
string,#zmweapon/ray_gun_mk2y_upgraded
string,#hash_407cc98232081886
string,#mpui/fastlockon
string,#zmtrials/player_took_damage
string,#mpui/extbarrel
string,#hash_414ce3af89eedef1
string,#hash_41566159bc3e336d
string,#mpui/mixclip_desc
string,#hash_4176883a68b00090
string,#zm_white/replace_weapon
string,#mpui/elo
string,#menu/camo_loot_datamine
string,#mpui/damage_desc
string,#hash_420861c64b6e9e7c
string,#hash_42a58f21fe6769a4
string,#mpui/supply
string,#hash_430c860d7d1f2c49
string,#hash_431ca00866da650c
string,#hash_431ca30866da6a25
string,#menu/camo_loot_blueup
string,#mpui/camo_jungletek
string,#hash_4379f5f9c69cd0c1
string,#zombie/cymbal_monkey
string,#hash_43b0cfc850dbcc04
string,#hash_43cbc37ab728289b
string,#hash_43f1d033be044ed3
string,#mpui/camo_bliss
string,#mpui/suppressed
string,#zmweapon/ray_gun_mk2v
string,#zmweapon/ray_gun_mk2z
string,#zmweapon/ray_gun_mk2y
string,#zmweapon/ray_gun_mk2x
string,#hash_452fd06faf792671
string,#weapon/pistol_standard
string,#hash_45755e67c1efbdb6
string,#mpui/hipgrip_desc
string,#hash_45e0e71f5c4ad089
string,#mpui/holo
string,#mpui/quickdraw_desc
string,#hash_473eac95e36e4ab6
string,#hash_47763d747e9c35d7
string,#hash_4811820ea0fe509e
string,#mpui/adsreload_desc
string,#zmweapon/ww_crossbow_t8_upgraded
string,#hash_4973da5ba484b2ae
string,#hash_49e88c8053d4f73e
string,#hash_49f589580684d1b6
string,#hash_4a081ed23f9db2d8
string,#mpui/camo_heatstroke
string,#hash_4a50459d19896ff5
string,#hash_4a584bc8c443f246
string,#hash_4a621c0c0f51fef9
string,#hash_4a6b20a71fb9496b
string,#menu/camo_loot_dogfight
string,#zm_white/location_culdesac
string,#hash_4b105b524a93b53d
string,#hash_4b3c40d9079f38d1
string,#zmweapon/none
string,#hash_4bf673fe684c7bcd
string,#hash_4c1c6b0604c8cf91
string,#hash_4c2bbe6f91c1ca94
string,#hash_4c83bb6fd69bf1ea
string,#hash_4ca1dab09181b33c
string,#hash_4d048d939c70cad9
string,#hash_4d2c213842a0855c
string,#mpui/quickdraw
string,#zmweapon/bowie
string,#hash_4dff11036295b59f
string,#hash_4e543dd90408cd76
string,#menu/camo_loot_afterglow
string,#mpui/extclip2_desc
string,#hash_4ed6f1ab0cbc899b
string,#mpui/sf_desc
string,#hash_4f0d8ebb363015e0
string,#hash_4f23c6ecb321fa19
string,#mpui/camo_fear
string,#hash_506621193b404166
string,#mpui/vzoom_desc
string,#menu/camo_loot_smokeblast
string,#mpui/camo_gold
string,#hash_516f9bc77bc9ef44
string,#mpui/none
string,#hash_52cddac894472d22
string,#weapon/ray_gun
string,#mpui/camo_diamond
string,#hash_53f4514d440c7816
string,#hash_53f9aac41c4fa384
string,#hash_5436ed3c090b1b5b
string,#mpui/speedreloader_desc
string,#hash_544ec9f3ae2423c8
string,#mpui/extrapellets
string,#menu/camo_loot_megalodon
string,#hash_551b715f4aea3557
string,#hash_551b725f4aea370a
string,#zmui/extrapellets_desc
string,#hash_556fbdaebf02d158
string,#zmui/high_caliber_desc
string,#hash_560d002c6e40e5df
string,#menu/camo_loot_vice
string,#hash_5678e908d228814e
string,#hash_56917185158b9df4
string,#hash_57516d7d358e63df
string,#zm_white/location_bunker_storage
string,#hash_57748c9a86bf5e92
string,#mpui/steadyaim2_desc
string,#menu/camo_loot_bacon
string,#hash_5889e925689d6ce2
string,#hash_58b7aeee47f428da
string,#hash_58bd37425bd02736
string,#hash_58eff35154ec1990
string,#mpui/reflex_desc
string,#hash_595a7e6ce85abd6e
string,#zmweapon/ww_freezegun_t8_upgraded
string,#mpui/grip2
string,#hash_5a225ae7a050e84a
string,#hash_5a354b422e429f71
string,#hash_5a88da5258ab1883
string,#mpui/hipgrip
string,#zmweapon/ray_gun_mk2_upgraded
string,#mpui/camo_arctic
string,#hash_5acae5f224c146a9
string,#mpui/adsreload
string,#hash_5b005aa1fe5cd936
string,#zombie/grab_riotshield
string,#mpui/camo_battle
string,#zm_escape/trap_active
string,#hash_5c28147c226eb600
string,#mpui/mixclip
string,#mpui/mms_desc
string,#hash_5d01239f88dfd90c
string,#hash_5d01269f88dfde25
string,#hash_5dc620aa9640e528
string,#hash_5df9a1469d000961
string,#hash_5e083adaa2cc330e
string,#hash_5e2c81adb5a5264a
string,#hash_5e6ae4119dda43e0
string,#hash_5ebbcacfe7506b1b
string,#mpui/camo_contagious
string,#hash_5ededbbfb31435b8
string,#hash_5f17105e484faba8
string,#hash_5f2758a66286e12f
string,#mpui/extrapellets_desc
string,#hash_5fb23a325b41e010
string,#zm_white/location_truck
string,#mpui/fastreload_desc
string,#hash_6048bb3579a34287
string,#hash_6063cd6ae0f6ce28
string,#hash_607993fb651c3014
string,#mpui/camo_interpol
string,#mpui/extbarrel2_desc
string,#zmui/barrelchoke_desc
string,#hash_61d85c966dd9e83f
string,#hash_6228a6a31d64d0ee
string,#mpui/steadyaim
string,#hash_62503932e1d53a87
string,#mpui/reddot
string,#hash_627f640830ae263b
string,#menu/camo_loot_america
string,#hash_629d187300caa85d
string,#feature/gun_tag
string,#mpui/camo_6speed
string,#mpui/clantag
string,#mpui/burst2_desc
string,#hash_648a5b1eedae58b9
string,#mpui/pistolscope_desc
string,#hash_652798c8c39df5b0
string,#zm_escape/acid_trap_unavailable
string,#menu/camo_loot_ww2
string,#hash_6653854fb4eb2a2f
string,#hash_665fcaf288735f26
string,#hash_6686ce3bf4639b76
string,#hash_66d33b296eb64fbc
string,#hash_670dd9efc63b2d3c
string,#hash_672c8450c778c664
string,#mpui/stalker2
string,#hash_677a56d7dd089956
string,#hash_67e3bd58716e5f3e
string,#hash_6801c3df1d9b2a37
string,#hash_683c616025752252
string,#zombie/craft_riot
string,#hash_688a1b241ffb922e
string,#hash_68aa6bf5db640dde
string,#hash_68ae5772aec47222
string,#hash_68d7ac4aedcba8f5
string,#mpui/extbarrel_desc
string,#hash_69320c1b3c0f8fdb
string,#hash_6933501bf415a72c
string,#mpui/fastreload
string,#hash_694b66b1b888e2a8
string,#hash_6a1df2dbfb66a948
string,#hash_6a4930978aef6c45
string,#mpui/burst2
string,#hash_6adaea9a0756a29e
string,#hash_6aee422878d572b9
string,#hash_6b4f0b375a21c020
string,#hash_6b8356cd47c953f3
string,#menu/camo_loot_donuts
string,#hash_6c8d7834e1591a50
string,#hash_6d1bafbffaf5eea3
string,#hash_6d3eb3674d99ca86
string,#mpui/camo_wmd
string,#hash_6d852577912f7e9d
string,#hash_6dd7b677c74ebba9
string,#menu/camo_loot_smooch
string,#mpui/camo_active_objective_kills
string,#hash_6e44a744b6a4a569
string,#hash_6e86b49d6d5196af
string,#zombie/button_buy_trap_keyboard
string,#hash_6ea5c6e0b726ece2
string,#hash_6fd37a805e3137fe
string,#mpui/rangefinder
string,#mpui/stabilizer
string,#mpui/reticle_default
string,#hash_709fb6b7fdde6aa8
string,#hash_71016e43b6fe0570
string,#zombie/need_power
string,#hash_714cce81de873f11
string,#mpui/acog
string,#mpui/damage2
string,#menu/camo_loot_connected
string,#hash_729cfe90dcf9fc37
string,#hash_73242c859b850294
string,#hash_735edac51c5c590d
string,#hash_73a50a71d5726422
string,#hash_73afea47172727f1
string,#zmweapon/smg_thompson_upgraded
string,#hash_7473609f57236a6a
string,#hash_74978fc95bfb2bfd
string,#mpui/stalker_desc
string,#zmweapon/ray_gun_mk2v_upgraded
string,#hash_74fc96e8d58ff646
string,#hash_75391830b5467acb
string,#hash_75391930b5467c7e
string,#hash_7564cce16f4274f6
string,#hash_757733252517119a
string,#mpui/damage
string,#hash_758d93baadbc199d
string,#hash_75977ef6e92a8fb9
string,#hash_75b783e73aebbac1
string,#mpui/camo_active_kills_without_dying
string,#weapon/pistol_topbreak_t8
string,#mpui/camo_ash
string,#hash_768c5aeecc2d7cc4
string,#hash_7693de01f82d93f0
string,#mpui/grip2_desc
string,#hash_7725a43a5e8755ad
string,#menu/camo_loot_cyberpunk
string,#menu/camo_active_celestial
string,#menu/camo_loot_citrus
string,#mpui/rf_desc
string,#mpui/mk_desc
string,#hash_78b448d799b46550
string,#hash_78d753143b405d88
string,#hash_79fc5d02a880a44b
string,#hash_7a302b1a3b250fa7
string,#mpui/speedreloader
string,#mpui/dw_desc
string,#menu/camo_loot_disavowed
string,#mpui/camo_active_headshots
string,#mpui/rangefinder_desc
string,#zm_white/location_security_checkpoint
string,#zm_white/replace_weapon_keyboard
string,#feature/gun_emblem
string,#hash_7bf8bcf55e2bd26e
string,#zmweapon/ray_gun_mk2
string,#mpui/mms
string,#hash_7d3e69af1a992cec
string,#menu/camo_loot_greengradient
string,#mpui/camo_woodlums
string,#hash_7dc876068950e355
string,#hash_7dca7ee995ad3d4a
string,#hash_7df1e511b6a42cda
string,#hash_7e31505384e0837a
string,#mpui/tacknife_desc
string,#menu/camo_loot_paradise
string,#hash_7e7143f972f73264
string,#menu/camo_loot_plasmadrive
moviefile,#e7f9394efa6092dc415ee0f0bbaa6598776bb52e2d4188488a873079ea76ae8c00000000000000ff
moviefile,#zm_white_outro
fx,#hash_2cafcfa899f12c0
fx,#hash_46930ee4cb10485
fx,#hash_964810cc067cb78
fx,#zm_ai/fx8_nova_crawler_mq_aura
fx,#maps/zm_white/fx8_toxic_gas_vent_machine
fx,#maps/zm_office/fx8_barrier_buy_zmb
fx,#maps/zm_office/fx8_teleporter_spawn
fx,#zm_ai/fx8_avo_elec_teleport_flash
fx,#maps/zm_white/fx8_toxic_gas_lg
fx,#zm_ai/fx8_avo_elec_projectile
fx,#zm_ai/fx8_nova_crawler_elec_aura
fx,#maps/zm_white/fx8_power_wisp_lg
fx,#tools/fx_null
fx,#_t6/env/electrical/fx_elec_wire_spark_burst
fx,#hash_1a6b5072e162ccd4
fx,#_t6/misc/fx_zombie_bloodspurt
fx,#blood/fx8_blood_cam_gib_spray_zm
fx,#hash_1e8cb303d3103833
fx,#maps/zm_office/fx8_magicbox_marker
fx,#zombie/fx_blood_torso_explo_zmb
fx,#_t6/trail/fx_trail_blood_streak
fx,#zm_ai/fx8_avo_elec_teleport_appear
fx,#_t6/misc/fx_zombie_eye_single
fx,#zm_ai/fx8_nova_crawler_aura
fx,#maps/zm_white/fx8_toxic_gas_venting_lg
fx,#hash_2eb17822848d1484
fx,#hash_2edb406c045a5b80
fx,#hash_2f079a0d04b14a46
fx,#hash_311a865a91014b22
fx,#dirt/fx8_dust_fall_impact_lg
fx,#maps/zm_office/fx8_teleporter_destination
fx,#hash_3c9948ab313a6483
fx,#hash_4419642343624864
fx,#zm_weapons/fx8_cymbal_monkey_light
fx,#hash_49e8b79f1a6b2952
fx,#maps/zm_office/fx8_teleporter_despawn
fx,#hash_4c24e997afad36e0
fx,#maps/zm_escape/fx8_magicbox_flare
fx,#hash_4e3dc7da8f681079
fx,#hash_4e40eada8f6a81c9
fx,#hash_4e55cdda8f7cac8c
fx,#hash_50655ac7dc942305
fx,#_t6/misc/fx_zombie_bloodsplat
fx,#zm_ai/fx8_nova_crawler_elec_teleport_appear
fx,#hash_57034716c105e41e
fx,#hash_5786dec7b12d6253
fx,#hash_59422cff58693587
fx,#zm_ai/fx8_nova_crawler_elec_teleport_flash
fx,#_t6/impacts/fx_flesh_hit
fx,#hash_65b963adaa7389d3
fx,#hash_6b707ed5326021b1
fx,#maps/zm_office/fx8_teleporter_origin
fx,#hash_731cff4f6f2d012d
fx,#zm_ai/fx8_nova_crawler_gas_trail
fx,#zm_weapons/fx8_cymbal_monkey_lightning
fx,#hash_7b951deec27b35c1
fx,#hash_7d69ee9822b45157
fx,#hash_7dec2fde8393c0f4
fx,#maps/zm_office/fx8_magicbox_marker_fl
fx,#maps/zm_towers/fx8_special_round_green_gas_md
lui_elem_uid,#full_screen_movie
radiant_exploder,#fxexp_script_power_on_lgt_house_obrien
radiant_exploder,#hash_39d77758068994d
radiant_exploder,#fxexp_script_power_on_lgt_house_shed
radiant_exploder,#hash_a0a7047979bb7cb
radiant_exploder,#hash_c2aefc3422fb0ae
radiant_exploder,#hash_ccf0f695e1f02aa
radiant_exploder,#fxexp_toxic_gas_power_vent
radiant_exploder,#fxexp_toxic_gas_house_green
radiant_exploder,#fxexp_script_power_on
radiant_exploder,#fxexp_elec_beds
radiant_exploder,#fxexp_chair_scorch
radiant_exploder,#fxexp_script_power_on_lgt_house_green
radiant_exploder,#hash_124882efd7c52145
radiant_exploder,#hash_139eac8ec8c82218
radiant_exploder,#hash_13b6226dc0148f96
radiant_exploder,#fxexp_script_power_room_gas_event_intermediate
radiant_exploder,#hash_16ed587c52f4f2b0
radiant_exploder,#hash_1849fb98672609b8
radiant_exploder,#fxexp_pyramid_transmit
radiant_exploder,#hash_186e9f4cdc29d648
radiant_exploder,#hash_19408452f829bb35
radiant_exploder,#hash_1a7e8de1f1d4e8ad
radiant_exploder,#fxexp_mannequin_defend_reveal_smoke_prison
radiant_exploder,#fxexp_toxic_gas_house_obrien
radiant_exploder,#fxexp_script_projector_on
radiant_exploder,#fxexp_fireworks
radiant_exploder,#fxexp_pyramid_capture
radiant_exploder,#hash_1f65d1117e26741c
radiant_exploder,#hash_207016d433158459
radiant_exploder,#fxexp_script_power_room_monitor_white
radiant_exploder,#hash_20aa3f3ecfcabe1e
radiant_exploder,#fxexp_script_power_on_lgt_house_hoggatt
radiant_exploder,#hash_21550bd2458e5b81
radiant_exploder,#fxexp_brainrot_painting_green
radiant_exploder,#fxexp_toxic_gas_corridor
radiant_exploder,#fxexp_elec_storage
radiant_exploder,#fxexp_mannequin_defend_reveal_smoke_diner
radiant_exploder,#fxexp_disco_fx
radiant_exploder,#fxexp_avo_elec_floor
radiant_exploder,#fxexp_mannequin_defend_reveal_smoke_lounge
radiant_exploder,#fxexp_mannequin_defend_reveal_smoke_yellow_house
radiant_exploder,#fxexp_script_power_on_lgt_house_reinsel
radiant_exploder,#fxexp_script_power_room_monitor_red
radiant_exploder,#hash_2be722119cf2d4e7
radiant_exploder,#hash_2e3df43905bf83f9
radiant_exploder,#fxexp_elec_lounge
radiant_exploder,#fxexp_script_power_on_lgt_house_hammond
radiant_exploder,#fxexp_jolting_jack_fx
radiant_exploder,#fxexp_script_power_room_gas_event
radiant_exploder,#hash_326af1418583d965
radiant_exploder,#hash_32d30fbd996b2c98
radiant_exploder,#fxexp_toxic_gas_house_yellow
radiant_exploder,#hash_36b3ca5f72338d00
radiant_exploder,#hash_38787fa6df6da5bd
radiant_exploder,#hash_38bf3bf9e1766a96
radiant_exploder,#fxexp_brainrot_painting_lounge
radiant_exploder,#hash_3ab1796fc319c323
radiant_exploder,#hash_3afb84d116c88ed7
radiant_exploder,#fxexp_script_perk_lgt
radiant_exploder,#hash_3e1c1170cecbebbd
radiant_exploder,#fxexp_pyramid_open
radiant_exploder,#fxexp_mannequin_defend_reveal_smoke_green_house
radiant_exploder,#fxexp_quest_raygun_m2_v_stage_5_active
radiant_exploder,#fxexp_toxic_gas_house_hoggatt
radiant_exploder,#hash_44c801f2eac0ebc0
radiant_exploder,#hash_44c804f2eac0f0d9
radiant_exploder,#hash_47b935b00a9ce7d1
radiant_exploder,#hash_484cafa03eb2ed67
radiant_exploder,#hash_4861b383a9089a6b
radiant_exploder,#hash_4861b483a9089c1e
radiant_exploder,#hash_4861b583a9089dd1
radiant_exploder,#fxexp_brainrot_painting_beds
radiant_exploder,#fxexp_toxic_gas_bunker
radiant_exploder,#hash_4b8fc90d7e8b4311
radiant_exploder,#hash_4ba35cb1ecf83764
radiant_exploder,#hash_4ba35db1ecf83917
radiant_exploder,#hash_4ba35fb1ecf83c7d
radiant_exploder,#fxexp_script_power_room_monitor_green
radiant_exploder,#fxexp_toxic_gas_house_reinsel
radiant_exploder,#exploder_test
radiant_exploder,#hash_4ee21f82f10f4ca3
radiant_exploder,#fxexp_nuke_event
radiant_exploder,#hash_534bff23f542130a
radiant_exploder,#fxexp_script_power_on_lgt_exterior
radiant_exploder,#hash_555210241ae67c38
radiant_exploder,#hash_5581f9c5354a6501
radiant_exploder,#hash_5851ad1478cc16b5
radiant_exploder,#fxexp_disco_lgt
radiant_exploder,#fxexp_script_pap_lgt
radiant_exploder,#hash_5eaa7688712e223c
radiant_exploder,#hash_5f3abd6744b7197f
radiant_exploder,#hash_603c9b14599b80b4
radiant_exploder,#hash_6067b77fba81b556
radiant_exploder,#hash_60c72019ca5784c8
radiant_exploder,#hash_60c72119ca57867b
radiant_exploder,#hash_60c72219ca57882e
radiant_exploder,#hash_60c72619ca578efa
radiant_exploder,#hash_60c72719ca5790ad
radiant_exploder,#fxexp_script_power_on_lgt_house_red
radiant_exploder,#fxexp_script_power_on_bunker
radiant_exploder,#fxexp_script_bus_driver_on
radiant_exploder,#hash_62311446e72557e8
radiant_exploder,#fxexp_mannequin_defend_reveal_smoke_transfusion
radiant_exploder,#fxexp_ground_fog_bunker_on
radiant_exploder,#fxexp_fast_travel_orbs
radiant_exploder,#hash_6afcb48e679f41a5
radiant_exploder,#hash_6cd3eb4c2182afb3
radiant_exploder,#hash_6cd3ec4c2182b166
radiant_exploder,#hash_6cd3ed4c2182b319
radiant_exploder,#hash_6cd3ee4c2182b4cc
radiant_exploder,#hash_6cd3ef4c2182b67f
radiant_exploder,#hash_6d61e212fc948f70
radiant_exploder,#fxexp_script_projector_off
radiant_exploder,#hash_70f06d37fbf3ae2d
radiant_exploder,#fxexp_script_power_room_monitor_yellow
radiant_exploder,#fxexp_toxic_gas_pap_tube
radiant_exploder,#fxexp_toxic_gas_house_hammond
radiant_exploder,#hash_74a9e9942830d4f7
radiant_exploder,#fxexp_frosty_console_gas
radiant_exploder,#fxexp_quest_raygun_m2_v_stage_6_active
radiant_exploder,#fxexp_script_power_on_lgt_house_yellow
radiant_exploder,#hash_782075b742621656
radiant_exploder,#fxexp_power_on
radiant_exploder,#fxexp_elec_diner
radiant_exploder,#hash_7b696cb84d307f95
radiant_exploder,#fxexp_script_computersystem_screen
radiant_exploder,#hash_7ebb29010c4e997c
radiant_exploder,#hash_7ebb2a010c4e9b2f
radiant_exploder,#hash_7ebb30010c4ea561
soundalias,#hash_1778a872b013a
soundalias,#hash_16abe098cdc870
soundalias,#fly_step_cardboard_plr
soundalias,#vox_path_sorrow_ready_plr_6_4
soundalias,#vox_path_sorrow_ready_plr_6_2
soundalias,#vox_path_sorrow_ready_plr_6_3
soundalias,#vox_path_sorrow_ready_plr_6_0
soundalias,#vox_path_sorrow_ready_plr_6_1
soundalias,#evt_bunker_door_interior_close
soundalias,#hash_3b70665927afec
soundalias,#vox_box_monkey_plr_16_2
soundalias,#vox_box_monkey_plr_16_3
soundalias,#vox_box_monkey_plr_16_0
soundalias,#vox_box_monkey_plr_16_1
soundalias,#vox_box_monkey_plr_16_4
soundalias,#hash_4501f1b94ad1df
soundalias,#vox_generic_responses_negative_plr_16_5
soundalias,#vox_generic_responses_negative_plr_16_4
soundalias,#vox_generic_responses_negative_plr_16_7
soundalias,#vox_generic_responses_negative_plr_16_6
soundalias,#vox_generic_responses_negative_plr_16_1
soundalias,#vox_generic_responses_negative_plr_16_0
soundalias,#vox_generic_responses_negative_plr_16_3
soundalias,#vox_generic_responses_negative_plr_16_2
soundalias,#vox_generic_responses_negative_plr_16_9
soundalias,#vox_generic_responses_negative_plr_16_8
soundalias,#zmb_step_mannequin_swt
soundalias,#vox_pap_wait_plr_6_1
soundalias,#vox_pap_wait_plr_6_0
soundalias,#vox_pap_wait_plr_6_3
soundalias,#vox_pap_wait_plr_6_2
soundalias,#vox_pap_wait_plr_6_4
soundalias,#hash_68a5eaff5bf607
soundalias,#vox_overkill_ready_plr_7_3
soundalias,#vox_overkill_ready_plr_7_2
soundalias,#vox_overkill_ready_plr_7_1
soundalias,#vox_overkill_ready_plr_7_0
soundalias,#vox_overkill_ready_plr_7_4
soundalias,#vox_box_smg_plr_5_4
soundalias,#vox_box_smg_plr_5_0
soundalias,#vox_box_smg_plr_5_1
soundalias,#vox_box_smg_plr_5_2
soundalias,#vox_box_smg_plr_5_3
soundalias,#evt_raygun_case_open
soundalias,#vox_revive_support_demp_plr_5_1
soundalias,#vox_revive_support_demp_plr_5_0
soundalias,#vox_revive_support_demp_plr_5_2
soundalias,#fly_step_crouch_walk_zdog_concrete
soundalias,#hash_a550e9fde4854d
soundalias,#hash_b6d6b67379d258
soundalias,#hash_b6d7b67379d40b
soundalias,#hash_b6d8b67379d5be
soundalias,#hash_b6d9b67379d771
soundalias,#hash_b6dab67379d924
soundalias,#hash_b6dbb67379dad7
soundalias,#hash_b995773c1bb85a
soundalias,#hash_be93a02419e722
soundalias,#hash_d52d82c6414349
soundalias,#fly_bump_barrel
soundalias,#vox_generator_defend_plr_16_2
soundalias,#vox_generator_defend_plr_16_1
soundalias,#vox_generator_defend_plr_16_0
soundalias,#vox_plr_6_exert_gas_cough
soundalias,#vox_bop2_exert_mant_light
soundalias,#hash_109e2058961aafd
soundalias,#vox_uric_kill_headshot_plr_16_2
soundalias,#vox_uric_kill_headshot_plr_16_0
soundalias,#vox_uric_kill_headshot_plr_16_1
soundalias,#fly_wpn_grab_rattle
soundalias,#hash_132b8ac3a2d9d11
soundalias,#hash_132e60d6a8113de
soundalias,#vox_bop2_exert_punch_give
soundalias,#vox_revive_udem_plr_15_1
soundalias,#vox_revive_udem_plr_15_0
soundalias,#vox_revive_udem_plr_15_2
soundalias,#hash_1591d5795ff3cab
soundalias,#dst_xlight
soundalias,#vox_box_lmg_plr_8_2
soundalias,#vox_box_lmg_plr_8_3
soundalias,#vox_box_lmg_plr_8_0
soundalias,#vox_box_lmg_plr_8_1
soundalias,#vox_box_lmg_plr_8_4
soundalias,#vox_box_pistol_plr_15_3
soundalias,#vox_box_pistol_plr_15_2
soundalias,#vox_box_pistol_plr_15_1
soundalias,#vox_box_pistol_plr_15_0
soundalias,#vox_box_pistol_plr_15_5
soundalias,#vox_box_pistol_plr_15_4
soundalias,#hash_186bc5f17583a80
soundalias,#vox_3_banter_uric_utak_plr_16_1
soundalias,#hash_1930dc0434323a3
soundalias,#vox_plr_8_exert_sniper_exhale
soundalias,#hash_19c685d821f5e48
soundalias,#wpn_generic_clip_bounce_asphalt
soundalias,#zmb_step_mann_run_glassbulletproof
soundalias,#vox_kill_streak_plr_15_7
soundalias,#vox_kill_streak_plr_15_6
soundalias,#vox_kill_streak_plr_15_5
soundalias,#vox_kill_streak_plr_15_4
soundalias,#vox_kill_streak_plr_15_3
soundalias,#vox_kill_streak_plr_15_2
soundalias,#vox_kill_streak_plr_15_1
soundalias,#vox_kill_streak_plr_15_0
soundalias,#vox_kill_streak_plr_15_9
soundalias,#vox_kill_streak_plr_15_8
soundalias,#fly_sniper_shell_out_npc
soundalias,#vox_bop2_exert_sniper_hold
soundalias,#fly_step_prone_zdog_ice
soundalias,#fly_bike_bell
soundalias,#hash_1f0edbaf20aa8a2
soundalias,#vox_bop1_exert_sniper_gasp
soundalias,#phy_impact_flesh_flesh
soundalias,#zmb_step_mann_walk_ceramic
soundalias,#hash_21ce09cbfebf327
soundalias,#hash_21e9e0a70f607e8
soundalias,#vox_roundstart_special_plr_5_3
soundalias,#vox_roundstart_special_plr_5_2
soundalias,#vox_roundstart_special_plr_5_1
soundalias,#vox_roundstart_special_plr_5_0
soundalias,#vox_roundstart_special_plr_5_4
soundalias,#dst_propane_tank_lfe
soundalias,#hash_2402082b98ff12c
soundalias,#vox_box_raygun_plr_15_4
soundalias,#vox_box_raygun_plr_15_2
soundalias,#vox_box_raygun_plr_15_3
soundalias,#vox_box_raygun_plr_15_0
soundalias,#vox_box_raygun_plr_15_1
soundalias,#vox_mmtd_place_plr_13_2
soundalias,#vox_mmtd_place_plr_13_3
soundalias,#vox_mmtd_place_plr_13_0
soundalias,#vox_mmtd_place_plr_13_1
soundalias,#vox_mmtd_place_plr_13_4
soundalias,#vox_nomoney_generic_plr_6_4
soundalias,#vox_nomoney_generic_plr_6_3
soundalias,#vox_nomoney_generic_plr_6_2
soundalias,#vox_nomoney_generic_plr_6_1
soundalias,#vox_nomoney_generic_plr_6_0
soundalias,#vox_rushmore_relationship_rush_0
soundalias,#vox_generic_responses_positive_plr_14_9
soundalias,#vox_generic_responses_positive_plr_14_8
soundalias,#vox_generic_responses_positive_plr_14_7
soundalias,#vox_generic_responses_positive_plr_14_6
soundalias,#vox_generic_responses_positive_plr_14_5
soundalias,#vox_generic_responses_positive_plr_14_4
soundalias,#vox_generic_responses_positive_plr_14_3
soundalias,#vox_generic_responses_positive_plr_14_2
soundalias,#vox_generic_responses_positive_plr_14_1
soundalias,#vox_generic_responses_positive_plr_14_0
soundalias,#hash_28707927bb714f9
soundalias,#zmb_step_mann_crouch_run_npc_grass
soundalias,#dst_palet_wood
soundalias,#hash_29d7d8f54884045
soundalias,#vox_boss_electric_warn_plr_6_2
soundalias,#vox_boss_electric_warn_plr_6_3
soundalias,#vox_boss_electric_warn_plr_6_0
soundalias,#vox_boss_electric_warn_plr_6_1
soundalias,#vox_boss_electric_warn_plr_6_4
soundalias,#hash_29df5fd8753429e
soundalias,#hash_29df7fd87534604
soundalias,#hash_29df8fd875347b7
soundalias,#hash_29df9fd8753496a
soundalias,#hash_29dfafd87534b1d
soundalias,#fly_melee_imp_galva_npc_riot
soundalias,#hash_2bb4a8b02a0d697
soundalias,#zmb_step_mann_crouch_walk_npc_tallgrass
soundalias,#fly_step_sprint_zdog_metalcatwalk
soundalias,#zmb_wisp_close_lp
soundalias,#amb_bunker_entrance
soundalias,#vox_boss_nuke_count_one_ncom_0
soundalias,#zmb_box_move
soundalias,#hash_2e3c44d7745c05a
soundalias,#hash_2e8a0cae50639ee
soundalias,#hash_2f609bd95efa5bc
soundalias,#hash_30034644b0b6077
soundalias,#hash_3026c976369dea3
soundalias,#hash_3026e976369e209
soundalias,#hash_3026f976369e3bc
soundalias,#hash_30275976369edee
soundalias,#fly_step_crouch_run_zdog_bark
soundalias,#vox_perk_generic_plr_7_9
soundalias,#vox_perk_generic_plr_7_8
soundalias,#vox_perk_generic_plr_7_7
soundalias,#vox_perk_generic_plr_7_6
soundalias,#vox_perk_generic_plr_7_5
soundalias,#vox_perk_generic_plr_7_4
soundalias,#vox_perk_generic_plr_7_3
soundalias,#vox_perk_generic_plr_7_2
soundalias,#vox_perk_generic_plr_7_1
soundalias,#vox_perk_generic_plr_7_0
soundalias,#vox_bop2_exert_death_veh_fly
soundalias,#evt_power_pole_loop
soundalias,#vox_revive_self_plr_15_0
soundalias,#vox_revive_self_plr_15_1
soundalias,#vox_revive_self_plr_15_2
soundalias,#vox_revive_self_plr_15_3
soundalias,#vox_revive_self_plr_15_4
soundalias,#dst_cover_concrete
soundalias,#zmb_hellhound_prespawn_lfe
soundalias,#vox_bop4_exert_death_veh_hit
soundalias,#fly_bump_potedplant
soundalias,#amb_outdoor_wind_back
soundalias,#vox_uric_surrounded_oh_shit_plr_16_1
soundalias,#vox_uric_surrounded_oh_shit_plr_16_0
soundalias,#vox_uric_surrounded_oh_shit_plr_16_2
soundalias,#hash_35ee152d044a5ae
soundalias,#vox_kill_raygun_mk2_plr_14_4
soundalias,#vox_kill_raygun_mk2_plr_14_3
soundalias,#vox_kill_raygun_mk2_plr_14_2
soundalias,#vox_kill_raygun_mk2_plr_14_1
soundalias,#vox_kill_raygun_mk2_plr_14_0
soundalias,#wpn_pineapple_fire_plr
soundalias,#vox_3_banter_rich_take_plr_8_0
soundalias,#vox_udem_surrounded_oh_shit_plr_5_2
soundalias,#vox_udem_surrounded_oh_shit_plr_5_1
soundalias,#vox_udem_surrounded_oh_shit_plr_5_0
soundalias,#hash_3a99a8a50d2b4af
soundalias,#zmb_vocals_mann_sprint
soundalias,#hash_3b1640241e927a4
soundalias,#hash_3b8275186f62d3a
soundalias,#evt_teleporter_go
soundalias,#hash_3c86e770a7c6675
soundalias,#vox_5_banter_rich_take_plr_8_1
soundalias,#hash_3e7fd381361d6ba
soundalias,#amb_bunker_generator_fans
soundalias,#hash_3faa335fd02a531
soundalias,#hash_3fbcd40e9f59cda
soundalias,#hash_3fe1ae5fd3002be
soundalias,#fly_step_cardboard_npc
soundalias,#vox_4_banter_demp_niko_plr_6_0
soundalias,#vox_utak_kill_headshot_plr_7_2
soundalias,#vox_utak_kill_headshot_plr_7_0
soundalias,#vox_utak_kill_headshot_plr_7_1
soundalias,#hash_407e76c94fc409a
soundalias,#dst_gas_pipe_lp
soundalias,#hash_42a69afb8dff9b6
soundalias,#wpn_dg4_sheathe_plr
soundalias,#hash_43eca068008afe4
soundalias,#fly_melee_swipe_player_knife
soundalias,#fly_step_crouch_run_zdog_rock
soundalias,#zmb_step_mann_crouch_run_npc_metalthin
soundalias,#vox_bop5_exert_razor_wire
soundalias,#fly_step_dirt
soundalias,#evt_computer_interact
soundalias,#zmb_step_mann_run_fruit
soundalias,#vox_revive_support_demp_plr_16_2
soundalias,#vox_revive_support_demp_plr_16_1
soundalias,#vox_revive_support_demp_plr_16_0
soundalias,#zmb_step_mann_run_gravel
soundalias,#vox_boss_intro_plr_14_3
soundalias,#vox_solo_game_start_niko_plr_7_0
soundalias,#hash_49d1c490dbc2be0
soundalias,#phy_street_cone_bounce
soundalias,#zmb_monkey_throw_plr
soundalias,#fly_step_grate_plr
soundalias,#vox_plr_6_exert_burn_dmg
soundalias,#vox_special_round_kill_plr_7_2
soundalias,#vox_special_round_kill_plr_7_3
soundalias,#vox_special_round_kill_plr_7_0
soundalias,#vox_special_round_kill_plr_7_1
soundalias,#vox_special_round_kill_plr_7_4
soundalias,#wpn_dg4_shockwave_deactivate
soundalias,#fly_step_sprint_zdog_default
soundalias,#phy_impact_rock_small
soundalias,#hash_4e5ff4bc4105bfb
soundalias,#wpn_rgun_mk2y_fire_lfe_plr
soundalias,#vox_nova_gas_encounter_plr_7_2
soundalias,#vox_nova_gas_encounter_plr_7_1
soundalias,#vox_nova_gas_encounter_plr_7_0
soundalias,#vox_box_tactical_plr_15_1
soundalias,#vox_box_tactical_plr_15_0
soundalias,#vox_box_tactical_plr_15_3
soundalias,#vox_box_tactical_plr_15_2
soundalias,#vox_box_tactical_plr_15_4
soundalias,#fly_step_shells_sweet
soundalias,#amb_sprinkler_small
soundalias,#zmb_quad_explo
soundalias,#hash_514a90732378f78
soundalias,#vox_revive_support_unik_plr_13_2
soundalias,#vox_revive_support_unik_plr_13_1
soundalias,#vox_revive_support_unik_plr_13_0
soundalias,#mus_round_end_special_intro
soundalias,#zmb_step_mann_run_glass
soundalias,#vox_tedd_exert_mant_heavy
soundalias,#vox_4_banter_niko_take_plr_7_0
soundalias,#hash_54eda19e877957a
soundalias,#zmb_perks_packa_upgrade_short
soundalias,#vox_revive_rich_plr_15_0
soundalias,#vox_revive_rich_plr_15_1
soundalias,#vox_revive_rich_plr_15_2
soundalias,#phy_impact_glass_flesh
soundalias,#hash_569ef90efe52944
soundalias,#hash_569f090efe52af7
soundalias,#hash_569f190efe52caa
soundalias,#vox_path_sorrow_ready_plr_8_4
soundalias,#vox_path_sorrow_ready_plr_8_0
soundalias,#vox_path_sorrow_ready_plr_8_1
soundalias,#vox_path_sorrow_ready_plr_8_2
soundalias,#vox_path_sorrow_ready_plr_8_3
soundalias,#vox_3_banter_udem_utak_plr_16_1
soundalias,#zmb_switch_flip_trap_alarm_reset
soundalias,#vox_revive_unik_plr_6_1
soundalias,#vox_revive_unik_plr_6_0
soundalias,#vox_revive_unik_plr_6_2
soundalias,#vox_plr_6_exert_sniper_hold
soundalias,#vox_trap_generic_activate_plr_14_4
soundalias,#vox_trap_generic_activate_plr_14_2
soundalias,#vox_trap_generic_activate_plr_14_3
soundalias,#vox_trap_generic_activate_plr_14_0
soundalias,#vox_trap_generic_activate_plr_14_1
soundalias,#vox_s3_success_plr_7_2
soundalias,#zmb_wisp_move
soundalias,#vox_bop4_exert_suppressed
soundalias,#hash_5a43f9a67288b60
soundalias,#vox_trap_electric_activate_plr_16_4
soundalias,#vox_trap_electric_activate_plr_16_0
soundalias,#vox_trap_electric_activate_plr_16_1
soundalias,#vox_trap_electric_activate_plr_16_2
soundalias,#vox_trap_electric_activate_plr_16_3
soundalias,#hash_5af24daf516325b
soundalias,#vox_revive_down_plr_14_3
soundalias,#vox_revive_down_plr_14_2
soundalias,#vox_revive_down_plr_14_1
soundalias,#vox_revive_down_plr_14_0
soundalias,#vox_revive_down_plr_14_4
soundalias,#vox_perk_generic_plr_15_8
soundalias,#vox_perk_generic_plr_15_9
soundalias,#vox_perk_generic_plr_15_0
soundalias,#vox_perk_generic_plr_15_1
soundalias,#vox_perk_generic_plr_15_2
soundalias,#vox_perk_generic_plr_15_3
soundalias,#vox_perk_generic_plr_15_4
soundalias,#vox_perk_generic_plr_15_5
soundalias,#vox_perk_generic_plr_15_6
soundalias,#vox_perk_generic_plr_15_7
soundalias,#vox_path_sorrow_kill_mult_plr_6_2
soundalias,#vox_path_sorrow_kill_mult_plr_6_3
soundalias,#vox_path_sorrow_kill_mult_plr_6_0
soundalias,#vox_path_sorrow_kill_mult_plr_6_1
soundalias,#vox_path_sorrow_kill_mult_plr_6_4
soundalias,#hash_5c9459aa623620c
soundalias,#hash_5c9479aa6236572
soundalias,#hash_5c9489aa6236725
soundalias,#hash_5cdc9b84f7f7f81
soundalias,#wpn_electric_trap_arc
soundalias,#hash_5dc92cbe0fbe5da
soundalias,#hash_5dce6678e6b5ff3
soundalias,#hash_5e33db8cfb352fa
soundalias,#vox_2_banter_demp_take_plr_6_0
soundalias,#hash_5e8382d7fb61b8b
soundalias,#vox_2_banter_niko_rich_plr_7_0
soundalias,#vox_kill_ballistic_plr_15_2
soundalias,#vox_kill_ballistic_plr_15_3
soundalias,#vox_kill_ballistic_plr_15_0
soundalias,#vox_kill_ballistic_plr_15_1
soundalias,#vox_kill_ballistic_plr_15_4
soundalias,#vox_2_banter_udem_utak_plr_14_0
soundalias,#fly_step_crouch_walk_zdog_water
soundalias,#zmb_step_mann_crouch_walk_npc_watershallow
soundalias,#vox_bop3_exert_stabbed
soundalias,#fly_melee_imp_katana_metalcar
soundalias,#dst_fish_tank
soundalias,#vox_bop2_exert_blind
soundalias,#zmb_step_mann_run_glasscar
soundalias,#hash_63980643d26650f
soundalias,#hash_6411ebbb3257cbe
soundalias,#vox_nova_react_plr_6_2
soundalias,#vox_nova_react_plr_6_3
soundalias,#vox_nova_react_plr_6_0
soundalias,#vox_nova_react_plr_6_1
soundalias,#vox_nova_react_plr_6_4
soundalias,#hash_64b569d26fc97df
soundalias,#hash_64b589d26fc9b45
soundalias,#evt_computer_boot_up
soundalias,#vox_bop3_exert_mant_light
soundalias,#zmb_blocker_door_lp
soundalias,#hash_6664e0b7672935b
soundalias,#hash_66800a7d6877c58
soundalias,#hash_66801a7d6877e0b
soundalias,#hash_66803a7d6878171
soundalias,#vox_ammo_low_plr_7_0
soundalias,#vox_ammo_low_plr_7_1
soundalias,#vox_ammo_low_plr_7_2
soundalias,#vox_ammo_low_plr_7_3
soundalias,#vox_ammo_low_plr_7_4
soundalias,#phy_impact_heavy_metal
soundalias,#hash_697f7b1c0aea593
soundalias,#hash_69b4b8f53967333
soundalias,#hash_6a68132adcffeec
soundalias,#wpn_rgun_flux_r_plr
soundalias,#hash_6ae4b963c38b400
soundalias,#hash_6b0bd705ea3d28d
soundalias,#hash_6b98920a69fd329
soundalias,#wpn_dg4_first_raise_lvl3_plr
soundalias,#vox_bop1_exert_underwater_pain
soundalias,#amb_bunker_generator
soundalias,#vox_blac_exert_underwater_emerge_gasp
soundalias,#vox_revive_support_rich_plr_8_0
soundalias,#vox_revive_support_rich_plr_8_1
soundalias,#vox_revive_support_rich_plr_8_2
soundalias,#vox_box_launcher_plr_5_4
soundalias,#vox_box_launcher_plr_5_1
soundalias,#vox_box_launcher_plr_5_0
soundalias,#vox_box_launcher_plr_5_3
soundalias,#vox_box_launcher_plr_5_2
soundalias,#vox_box_smg_plr_6_3
soundalias,#vox_box_smg_plr_6_2
soundalias,#vox_box_smg_plr_6_1
soundalias,#vox_box_smg_plr_6_0
soundalias,#vox_box_smg_plr_6_4
soundalias,#hash_704243deceb66db
soundalias,#hash_711ae3ab73a8323
soundalias,#vox_box_move_plr_16_4
soundalias,#vox_box_move_plr_16_2
soundalias,#vox_box_move_plr_16_3
soundalias,#vox_box_move_plr_16_0
soundalias,#vox_box_move_plr_16_1
soundalias,#mus_outside_underscore
soundalias,#vox_solo_end_round1_take_plr_8_0
soundalias,#hash_7241e6a65a1219a
soundalias,#hash_733c5a027225a58
soundalias,#fly_melee_lunge_player_knife
soundalias,#vox_plr_5_outro_igc_0_0
soundalias,#vox_revive_utak_plr_15_2
soundalias,#vox_revive_utak_plr_15_1
soundalias,#vox_revive_utak_plr_15_0
soundalias,#vox_4_banter_take_udem_plr_14_1
soundalias,#wpn_pineapple_raise_npc
soundalias,#vox_bop2_exert_punch_take
soundalias,#phy_impact_glass_glass
soundalias,#vox_maxi_outro_igc_4_0
soundalias,#hash_77fc3e5623291f5
soundalias,#vox_revive_down_plr_8_2
soundalias,#vox_revive_down_plr_8_3
soundalias,#vox_revive_down_plr_8_0
soundalias,#vox_revive_down_plr_8_1
soundalias,#vox_revive_down_plr_8_4
soundalias,#fly_step_walk_zdog_metalhollow
soundalias,#vox_revive_uric_plr_6_1
soundalias,#vox_revive_uric_plr_6_0
soundalias,#vox_revive_uric_plr_6_2
soundalias,#hash_79d2425e80dc726
soundalias,#vox_1_banter_demp_take_plr_6_0
soundalias,#zmb_step_mannequin_run
soundalias,#zmb_zombie_spawn
soundalias,#vox_bop5_exert_bludgeoned
soundalias,#wpn_rgun_mk2_1straise_dial_lh
soundalias,#exp_rocket_bow_decay
soundalias,#vox_1_banter_niko_utak_plr_7_0
soundalias,#vox_plr_5_exert_rad_start
soundalias,#vox_bop4_exert_razor_wire
soundalias,#hash_7d2526ddf7b6473
soundalias,#zmb_avogadro_teleport_out
soundalias,#hash_7e42277765ce254
soundalias,#hash_7ec7351c28abadd
soundalias,#wpn_rgun_mk2_1straise_dial_rh
soundalias,#hash_7faee6f9897da4c
soundalias,#hash_8121e0d6de42d4f
soundalias,#dst_transformer_lfe
soundalias,#vox_pap_wait_plr_15_1
soundalias,#vox_pap_wait_plr_15_0
soundalias,#vox_pap_wait_plr_15_3
soundalias,#vox_pap_wait_plr_15_2
soundalias,#vox_pap_wait_plr_15_4
soundalias,#phy_impact_ceramic_nobreak
soundalias,#vox_tedd_exert_underwater_air_low
soundalias,#zmb_insanity_start
soundalias,#vox_3_banter_rich_udem_plr_14_0
soundalias,#vox_bop4_exert_underwater_emerge_breath
soundalias,#fly_step_run_zdog_concrete
soundalias,#vox_dg5_kill_mult_plr_8_0
soundalias,#vox_dg5_kill_mult_plr_8_1
soundalias,#vox_dg5_kill_mult_plr_8_2
soundalias,#vox_dg5_kill_mult_plr_8_3
soundalias,#vox_dg5_kill_mult_plr_8_4
soundalias,#hash_873d995e49d9eb5
soundalias,#hash_88153ac3deeb372
soundalias,#vox_3_banter_udem_unik_plr_14_1
soundalias,#hash_88ad925c2e8ec10
soundalias,#phy_impact_hard_metal
soundalias,#hash_8ab7a5e00241cf5
soundalias,#hash_8b4e30b3b89b855
soundalias,#hash_8b7db1eb1a3365b
soundalias,#vox_revive_demp_plr_13_2
soundalias,#vox_revive_demp_plr_13_0
soundalias,#vox_revive_demp_plr_13_1
soundalias,#fly_step_sprint_zdog_mud
soundalias,#fly_melee_imp_katana_npc
soundalias,#vox_5_banter_demp_rich_plr_6_1
soundalias,#vox_4_banter_niko_uric_plr_7_0
soundalias,#hash_8fceaff9b57f692
soundalias,#hash_91c9ccbfda23895
soundalias,#vox_hellfire_kill_mult_plr_6_1
soundalias,#vox_hellfire_kill_mult_plr_6_0
soundalias,#vox_hellfire_kill_mult_plr_6_3
soundalias,#vox_hellfire_kill_mult_plr_6_2
soundalias,#vox_hellfire_kill_mult_plr_6_4
soundalias,#vox_bop4_exert_explo_dead
soundalias,#vox_trap_electric_activate_plr_5_4
soundalias,#vox_trap_electric_activate_plr_5_0
soundalias,#vox_trap_electric_activate_plr_5_1
soundalias,#vox_trap_electric_activate_plr_5_2
soundalias,#vox_trap_electric_activate_plr_5_3
soundalias,#vox_dg5_ready_plr_13_2
soundalias,#vox_dg5_ready_plr_13_3
soundalias,#vox_dg5_ready_plr_13_0
soundalias,#vox_dg5_ready_plr_13_1
soundalias,#vox_dg5_ready_plr_13_4
soundalias,#vox_s4_success_plr_15_1
soundalias,#zmb_lid_close
soundalias,#vox_bop5_exert_underwater_pain
soundalias,#fly_step_prone_zdog_bodyarmor
soundalias,#vox_box_sniper_plr_14_2
soundalias,#vox_box_sniper_plr_14_3
soundalias,#vox_box_sniper_plr_14_0
soundalias,#vox_box_sniper_plr_14_1
soundalias,#vox_box_sniper_plr_14_4
soundalias,#prj_pineapple_bounce
soundalias,#fly_step_walk_zdog_tallgrass
soundalias,#hash_96e875f947cdcab
soundalias,#fly_step_prone_zdog_foliage
soundalias,#evt_server_explode
soundalias,#vox_plr_7_exert_rad_end
soundalias,#vox_solo_game_start_udem_plr_14_0
soundalias,#zmb_step_mann_run_flesh
soundalias,#hash_9b946d695a3c920
soundalias,#wpn_rgun_mk2_fire_act_plr
soundalias,#wpn_dg4_plant_lp
soundalias,#vox_box_lmg_plr_16_4
soundalias,#vox_box_lmg_plr_16_1
soundalias,#vox_box_lmg_plr_16_0
soundalias,#vox_box_lmg_plr_16_3
soundalias,#vox_box_lmg_plr_16_2
soundalias,#vox_bop1_exert_rad_start
soundalias,#vox_bop1_exert_electro
soundalias,#vox_box_shotgun_plr_7_4
soundalias,#vox_box_shotgun_plr_7_3
soundalias,#vox_box_shotgun_plr_7_2
soundalias,#vox_box_shotgun_plr_7_1
soundalias,#vox_box_shotgun_plr_7_0
soundalias,#hash_9eba9a289329816
soundalias,#hash_9ebaba289329b7c
soundalias,#hash_9ebaca289329d2f
soundalias,#hash_9ebada289329ee2
soundalias,#hash_9ebaea28932a095
soundalias,#vox_bop3_exert_underwater_air_low
soundalias,#hash_9fd84825dfde1ed
soundalias,#fly_step_prone_zdog_cloth
soundalias,#zmb_step_mann_run_rock
soundalias,#hash_a06cf9bab0e59a3
soundalias,#vox_revive_support_rich_plr_14_1
soundalias,#vox_revive_support_rich_plr_14_0
soundalias,#vox_revive_support_rich_plr_14_2
soundalias,#vox_udem_kill_headshot_plr_7_0
soundalias,#vox_udem_kill_headshot_plr_7_1
soundalias,#vox_udem_kill_headshot_plr_7_2
soundalias,#vox_unik_kill_headshot_plr_8_2
soundalias,#vox_unik_kill_headshot_plr_8_1
soundalias,#vox_unik_kill_headshot_plr_8_0
soundalias,#hash_a1197a45b387cff
soundalias,#zmb_step_mann_walk_glassbulletproof
soundalias,#hash_a1ec97fe9228c14
soundalias,#hash_a1eca7fe9228dc7
soundalias,#hash_a1ecb7fe9228f7a
soundalias,#hash_a1ecc7fe922912d
soundalias,#hash_a24b8d649da9f00
soundalias,#vox_4_banter_take_udem_plr_8_0
soundalias,#hash_a30c2e2bca8757e
soundalias,#hash_a36424c08ba9c08
soundalias,#zmb_step_mann_crouch_walk_npc_gravel
soundalias,#zmb_step_mann_run_foliage
soundalias,#hash_a56dd0dec75f924
soundalias,#hash_a60c9533e476dd1
soundalias,#vox_4_banter_rich_udem_plr_14_0
soundalias,#hash_a685982be0a04c7
soundalias,#vox_revive_self_plr_16_4
soundalias,#vox_revive_self_plr_16_3
soundalias,#vox_revive_self_plr_16_2
soundalias,#vox_revive_self_plr_16_1
soundalias,#vox_revive_self_plr_16_0
soundalias,#wpn_vulcan_fire_stop_npc
soundalias,#vox_mmtd_place_plr_14_1
soundalias,#vox_mmtd_place_plr_14_0
soundalias,#vox_mmtd_place_plr_14_3
soundalias,#vox_mmtd_place_plr_14_2
soundalias,#vox_mmtd_place_plr_14_4
soundalias,#vox_blac_exert_stabbed
soundalias,#vox_plr_7_exert_mant_heavy
soundalias,#wpn_generic_clip_bounce_bark
soundalias,#hash_a815501fe12c3d2
soundalias,#hash_a8e76de3f60138a
soundalias,#fly_thermal_scope
soundalias,#wpn_vulcan_stop_plr
soundalias,#vox_nomoney_generic_plr_7_4
soundalias,#vox_nomoney_generic_plr_7_2
soundalias,#vox_nomoney_generic_plr_7_3
soundalias,#vox_nomoney_generic_plr_7_0
soundalias,#vox_nomoney_generic_plr_7_1
soundalias,#hash_a96373a57769391
soundalias,#hash_a9a6a70f1dea6cc
soundalias,#vox_bop4_exert_gas_gasp
soundalias,#vox_bop5_exert_mant_heavy
soundalias,#fly_step_sprint_zdog_metalthin
soundalias,#hash_ad50b59ee592ac4
soundalias,#zmb_step_mann_sprint_metal
soundalias,#zmb_step_mann_crouch_run_npc_metalhollow
soundalias,#hash_aec062a8a2a5d26
soundalias,#vox_plr_8_exert_rad_dmg
soundalias,#wpn_pineapple_explode_lfe
soundalias,#vox_pap_wait_plr_7_0
soundalias,#vox_pap_wait_plr_7_1
soundalias,#vox_pap_wait_plr_7_2
soundalias,#vox_pap_wait_plr_7_3
soundalias,#vox_pap_wait_plr_7_4
soundalias,#hash_b0b8fefd0b8005e
soundalias,#wpn_generic_clip_bounce_carpet
soundalias,#hash_b240268bedada2a
soundalias,#vox_overkill_ready_plr_6_2
soundalias,#vox_overkill_ready_plr_6_3
soundalias,#vox_overkill_ready_plr_6_0
soundalias,#vox_overkill_ready_plr_6_1
soundalias,#vox_overkill_ready_plr_6_4
soundalias,#mus_im_3_intro
soundalias,#hash_b37d29ff68d703b
soundalias,#evt_clock_turn_fast
soundalias,#zmb_quad_attack_swing
soundalias,#vox_bop3_exert_punch_give
soundalias,#amb_bunker
soundalias,#vox_kill_raygun_mk2_plr_15_4
soundalias,#vox_kill_raygun_mk2_plr_15_2
soundalias,#vox_kill_raygun_mk2_plr_15_3
soundalias,#vox_kill_raygun_mk2_plr_15_0
soundalias,#vox_kill_raygun_mk2_plr_15_1
soundalias,#evt_packapunch_revolve_loop
soundalias,#vox_kill_streak_plr_14_8
soundalias,#vox_kill_streak_plr_14_9
soundalias,#vox_kill_streak_plr_14_6
soundalias,#vox_kill_streak_plr_14_7
soundalias,#vox_kill_streak_plr_14_4
soundalias,#vox_kill_streak_plr_14_5
soundalias,#vox_kill_streak_plr_14_2
soundalias,#vox_kill_streak_plr_14_3
soundalias,#vox_kill_streak_plr_14_0
soundalias,#vox_kill_streak_plr_14_1
soundalias,#vox_dg5_ready_plr_7_4
soundalias,#vox_dg5_ready_plr_7_3
soundalias,#vox_dg5_ready_plr_7_2
soundalias,#vox_dg5_ready_plr_7_1
soundalias,#vox_dg5_ready_plr_7_0
soundalias,#vox_demp_surrounded_oh_shit_plr_15_1
soundalias,#vox_demp_surrounded_oh_shit_plr_15_0
soundalias,#vox_demp_surrounded_oh_shit_plr_15_2
soundalias,#vox_bop3_exert_underwater_pain
soundalias,#wpn_generic_clip_bounce_fruit
soundalias,#hash_bc4a11012e10834
soundalias,#fly_gl_reload_rotate
soundalias,#hash_bc99f36a047290c
soundalias,#fly_bump_table_scoot
soundalias,#vox_3_banter_take_udem_plr_8_0
soundalias,#mus_im_7_intro
soundalias,#vox_bop5_exert_death_veh_under
soundalias,#vox_nomoney_generic_plr_16_0
soundalias,#vox_nomoney_generic_plr_16_1
soundalias,#vox_nomoney_generic_plr_16_2
soundalias,#vox_nomoney_generic_plr_16_3
soundalias,#vox_nomoney_generic_plr_16_4
soundalias,#hash_bd4ca36081bb034
soundalias,#dst_hydrant_destroyed
soundalias,#hash_bdb30092e9dc406
soundalias,#vox_boss_intro_plr_15_3
soundalias,#vox_plr_6_exert_blind
soundalias,#hash_beb38384e52c2aa
soundalias,#hash_c0283020bdfe2af
soundalias,#amb_wind_gust_trash
soundalias,#hash_c0881ea00ded9d3
soundalias,#wpn_pineapple_fire_npc
soundalias,#fly_step_crouch_run_zdog_flesh
soundalias,#wpn_katana_melee_single_plr
soundalias,#phy_canteen_bounce
soundalias,#hash_c30b9ecbea35aaa
soundalias,#hash_c366aa076c915be
soundalias,#vox_box_pistol_plr_14_2
soundalias,#vox_box_pistol_plr_14_3
soundalias,#vox_box_pistol_plr_14_0
soundalias,#vox_box_pistol_plr_14_1
soundalias,#vox_box_pistol_plr_14_4
soundalias,#vox_magic_box_share_plr_16_2
soundalias,#vox_magic_box_share_plr_16_3
soundalias,#vox_magic_box_share_plr_16_0
soundalias,#vox_magic_box_share_plr_16_1
soundalias,#vox_magic_box_share_plr_16_4
soundalias,#fly_step_sprint_zdog_watershallow
soundalias,#hash_c47c2c049e78f32
soundalias,#mus_generator_defend_intro
soundalias,#vox_generic_responses_positive_plr_15_6
soundalias,#vox_generic_responses_positive_plr_15_7
soundalias,#vox_generic_responses_positive_plr_15_4
soundalias,#vox_generic_responses_positive_plr_15_5
soundalias,#vox_generic_responses_positive_plr_15_2
soundalias,#vox_generic_responses_positive_plr_15_3
soundalias,#vox_generic_responses_positive_plr_15_0
soundalias,#vox_generic_responses_positive_plr_15_1
soundalias,#vox_generic_responses_positive_plr_15_8
soundalias,#vox_generic_responses_positive_plr_15_9
soundalias,#hash_c5c46be75d8c5b0
soundalias,#hash_c5c4abe75d8cc7c
soundalias,#hash_c5c4bbe75d8ce2f
soundalias,#hash_c5c4cbe75d8cfe2
soundalias,#hash_c5c4dbe75d8d195
soundalias,#zmb_step_mann_sprint_ceramic
soundalias,#fly_step_crouch_walk_zdog_metalhollow
soundalias,#hash_c7661887ac55b9c
soundalias,#vox_kill_melee_plr_15_1
soundalias,#vox_kill_melee_plr_15_0
soundalias,#vox_kill_melee_plr_15_3
soundalias,#vox_kill_melee_plr_15_2
soundalias,#vox_kill_melee_plr_15_5
soundalias,#vox_kill_melee_plr_15_4
soundalias,#vox_kill_melee_plr_15_7
soundalias,#vox_kill_melee_plr_15_6
soundalias,#hash_c8b7b672317555b
soundalias,#vox_kill_melee_plr_15_9
soundalias,#vox_kill_melee_plr_15_8
soundalias,#hash_c8d3a1557c42ab7
soundalias,#vox_bop5_exert_burn_dead
soundalias,#vox_generator_defend_plr_7_2
soundalias,#vox_generator_defend_plr_7_1
soundalias,#vox_generator_defend_plr_7_0
soundalias,#vox_5_banter_take_unik_plr_8_1
soundalias,#vox_special_round_kill_plr_16_4
soundalias,#vox_special_round_kill_plr_16_0
soundalias,#vox_special_round_kill_plr_16_1
soundalias,#vox_special_round_kill_plr_16_2
soundalias,#vox_special_round_kill_plr_16_3
soundalias,#hash_ca5a0baf8af10cb
soundalias,#vox_revive_rich_plr_16_2
soundalias,#vox_revive_rich_plr_16_1
soundalias,#vox_revive_rich_plr_16_0
soundalias,#hash_cae65cfebdc444e
soundalias,#vox_solo_end_round2_demp_plr_6_0
soundalias,#zmb_step_mann_run_ice
soundalias,#zmb_comp_keypad_action_success
soundalias,#vox_rushmore_bill_rush_0
soundalias,#evt_perk_meteor
soundalias,#hash_cef2a5fa269e010
soundalias,#vox_trap_electric_activate_plr_15_3
soundalias,#vox_trap_electric_activate_plr_15_2
soundalias,#vox_trap_electric_activate_plr_15_1
soundalias,#vox_trap_electric_activate_plr_15_0
soundalias,#vox_trap_electric_activate_plr_15_4
soundalias,#phy_impact_wood_foliage
soundalias,#vox_niko_kill_headshot_plr_14_0
soundalias,#vox_niko_kill_headshot_plr_14_1
soundalias,#vox_niko_kill_headshot_plr_14_2
soundalias,#hash_d1ae3bf08f6cfa7
soundalias,#vox_take_kill_headshot_plr_13_2
soundalias,#vox_take_kill_headshot_plr_13_1
soundalias,#vox_take_kill_headshot_plr_13_0
soundalias,#vox_1_banter_niko_rich_plr_7_0
soundalias,#hash_d5cb89fd3613434
soundalias,#hash_d5cb99fd36135e7
soundalias,#hash_d5cbb9fd361394d
soundalias,#vox_attacked_zombie_plr_8_0
soundalias,#vox_attacked_zombie_plr_8_1
soundalias,#vox_attacked_zombie_plr_8_2
soundalias,#vox_attacked_zombie_plr_8_3
soundalias,#vox_attacked_zombie_plr_8_4
soundalias,#vox_attacked_zombie_plr_8_5
soundalias,#vox_attacked_zombie_plr_8_6
soundalias,#vox_attacked_zombie_plr_8_7
soundalias,#vox_attacked_zombie_plr_8_8
soundalias,#vox_attacked_zombie_plr_8_9
soundalias,#fly_bump_chain_door
soundalias,#vox_joke_four_rush_0
soundalias,#hash_d88356440e7a79e
soundalias,#evt_circuit_panel_up
soundalias,#evt_mmtd_place
soundalias,#evt_boss_reveal
soundalias,#vox_2_banter_take_udem_plr_14_1
soundalias,#zmb_television_turn_on
soundalias,#hash_d96f60ad45143c4
soundalias,#vox_bop3_exert_razor_wire
soundalias,#zmb_step_mann_walk_flesh
soundalias,#hash_dbc918787f1246d
soundalias,#hash_dc234a0880dd59b
soundalias,#hash_dc5a87ff79146e2
soundalias,#vox_perk_generic_plr_6_6
soundalias,#vox_perk_generic_plr_6_7
soundalias,#vox_perk_generic_plr_6_4
soundalias,#vox_perk_generic_plr_6_5
soundalias,#vox_perk_generic_plr_6_2
soundalias,#vox_perk_generic_plr_6_3
soundalias,#vox_perk_generic_plr_6_0
soundalias,#vox_perk_generic_plr_6_1
soundalias,#vox_perk_generic_plr_6_8
soundalias,#vox_perk_generic_plr_6_9
soundalias,#vox_ww_mod_hint_rush_0
soundalias,#evt_apd_open
soundalias,#wpn_pineapple_1straise_plr
soundalias,#hash_de2af40c6f28517
soundalias,#prj_brass_gren_case
soundalias,#hash_de73182f138b62c
soundalias,#zmb_blocker_debris_escape_lp
soundalias,#vox_5_banter_niko_utak_plr_16_1
soundalias,#hash_e03bc8ebb29e3a6
soundalias,#vox_5_banter_udem_utak_plr_14_1
soundalias,#hash_e0bd6b8d42e09b5
soundalias,#zmb_vocals_mann_crawler
soundalias,#vox_plr_8_outro_igc_11_0
soundalias,#hash_e2fd2f3f207a913
soundalias,#hash_e2fd5f3f207ae2c
soundalias,#hash_e2fd6f3f207afdf
soundalias,#hash_e2fd7f3f207b192
soundalias,#hash_e2fd8f3f207b345
soundalias,#wpn_generic_clip_bounce_plastic
soundalias,#hash_e3c1c918ebb703d
soundalias,#wpn_generic_clip_bounce_plaster
soundalias,#hash_e4ccada70f95370
soundalias,#hash_e5fa838a397ccec
soundalias,#fly_wpn_gear_rattle_ads
soundalias,#hash_e69b5bbb7a03013
soundalias,#hash_e70a46f9ba12dce
soundalias,#vox_solo_end_round2_rich_plr_5_0
soundalias,#hash_e78b254cdfde6dd
soundalias,#vox_blac_exert_mant_light
soundalias,#vox_bop5_exert_gas_gasp
soundalias,#vox_uric_kill_headshot_plr_8_2
soundalias,#vox_uric_kill_headshot_plr_8_1
soundalias,#vox_uric_kill_headshot_plr_8_0
soundalias,#hash_ec1344bc9fbfd4a
soundalias,#vox_nova_gas_encounter_plr_6_2
soundalias,#vox_nova_gas_encounter_plr_6_0
soundalias,#vox_nova_gas_encounter_plr_6_1
soundalias,#vox_plr_6_exert_sniper_gasp
soundalias,#fly_step_sprint_zdog_cushion
soundalias,#hash_ef67a616ce1cb99
soundalias,#vox_revive_support_unik_plr_5_2
soundalias,#vox_revive_support_unik_plr_5_0
soundalias,#vox_revive_support_unik_plr_5_1
soundalias,#fly_melee_imp_katana
soundalias,#zmb_step_mann_run_metalcatwalk
soundalias,#evt_power_pole_spark
soundalias,#hash_f21896de33d83e8
soundalias,#hash_f32d9de6827bf7d
soundalias,#zmb_step_mann_crouch_run_npc_ice
soundalias,#fly_mann_head_bounce_flesh
soundalias,#hash_f3b0a51c64bca72
soundalias,#zmb_step_mann_crouch_walk_npc_glassbulletproof
soundalias,#hash_f42013e950db7cd
soundalias,#vox_plr_5_outro_igc_1_0
soundalias,#wpn_minigun_sheathe_npc
soundalias,#fly_step_water_move
soundalias,#vox_pap_wait_plr_14_0
soundalias,#vox_pap_wait_plr_14_1
soundalias,#vox_pap_wait_plr_14_2
soundalias,#vox_pap_wait_plr_14_3
soundalias,#vox_pap_wait_plr_14_4
soundalias,#hash_f845bec3e80208d
soundalias,#zmb_step_mann_sprint_rock
soundalias,#zmb_box_poof_land_flux_l
soundalias,#zmb_box_poof_land_flux_r
soundalias,#vox_perk_generic_plr_16_9
soundalias,#vox_perk_generic_plr_16_8
soundalias,#vox_perk_generic_plr_16_7
soundalias,#vox_perk_generic_plr_16_6
soundalias,#vox_perk_generic_plr_16_5
soundalias,#vox_perk_generic_plr_16_4
soundalias,#vox_perk_generic_plr_16_3
soundalias,#vox_perk_generic_plr_16_2
soundalias,#vox_perk_generic_plr_16_1
soundalias,#vox_perk_generic_plr_16_0
soundalias,#zmb_step_mann_sprint_asphalt
soundalias,#vox_trap_electric_activate_plr_6_3
soundalias,#vox_trap_electric_activate_plr_6_2
soundalias,#vox_trap_electric_activate_plr_6_1
soundalias,#vox_trap_electric_activate_plr_6_0
soundalias,#vox_trap_electric_activate_plr_6_4
soundalias,#vox_unik_surrounded_oh_shit_plr_13_0
soundalias,#vox_unik_surrounded_oh_shit_plr_13_1
soundalias,#vox_unik_surrounded_oh_shit_plr_13_2
soundalias,#wpn_ray_reload_open
soundalias,#vox_box_tactical_plr_14_0
soundalias,#vox_box_tactical_plr_14_1
soundalias,#vox_box_tactical_plr_14_2
soundalias,#vox_box_tactical_plr_14_3
soundalias,#vox_box_tactical_plr_14_4
soundalias,#vox_maxi_outro_igc_7_0
soundalias,#zmb_step_mann_walk_sand
soundalias,#fly_step_run_zdog_carpet
soundalias,#fly_step_run_zdog_metal
soundalias,#hash_fd6ad4ca5e55207
soundalias,#zmb_avogadro_charge_travel
soundalias,#hash_fda2abccee87985
soundalias,#hash_fdff3eb0797ef51
soundalias,#hash_fe015bba327cf4b
soundalias,#fly_wpn_gear_rattle
soundalias,#hash_fff6f7069be2e12
soundalias,#zmb_step_mann_run_concrete
soundalias,#hash_100c4c2fe2822fa0
soundalias,#hash_100c4d2fe2823153
soundalias,#hash_100c4e2fe2823306
soundalias,#hash_100f568bff9537be
soundalias,#vox_s2_success_rush_0
soundalias,#zmb_step_mann_crouch_run_npc_carpet
soundalias,#hash_101e7e0b592096fe
soundalias,#vox_ammo_low_plr_13_3
soundalias,#vox_ammo_low_plr_13_2
soundalias,#vox_ammo_low_plr_13_1
soundalias,#vox_ammo_low_plr_13_0
soundalias,#vox_ammo_low_plr_13_4
soundalias,#hash_1028cda607d3852c
soundalias,#hash_10292377d19c265b
soundalias,#zmb_ee_painting_gas
soundalias,#hash_10320501215e405b
soundalias,#hash_103b34faf541f230
soundalias,#hash_103b36faf541f596
soundalias,#hash_103b37faf541f749
soundalias,#vox_s3_success_plr_6_2
soundalias,#hash_10527c78b7bb294a
soundalias,#hash_1054b04e0d74b20e
soundalias,#zmb_monkey_bounce_default
soundalias,#fly_step_crouch_run_zdog_brick
soundalias,#vox_4_banter_uric_utak_plr_16_0
soundalias,#vox_revive_down_plr_15_2
soundalias,#vox_revive_down_plr_15_3
soundalias,#vox_revive_down_plr_15_0
soundalias,#vox_revive_down_plr_15_1
soundalias,#vox_revive_down_plr_15_4
soundalias,#fly_step_crouch_run_zdog_asphalt
soundalias,#vox_hellfire_kill_mult_plr_7_0
soundalias,#vox_hellfire_kill_mult_plr_7_1
soundalias,#vox_hellfire_kill_mult_plr_7_2
soundalias,#vox_hellfire_kill_mult_plr_7_3
soundalias,#vox_hellfire_kill_mult_plr_7_4
soundalias,#wpn_ray_1straise
soundalias,#wpn_reload_smg_clipin_npc
soundalias,#vox_plr_7_exert_rad_dmg
soundalias,#vox_dg5_ready_plr_14_1
soundalias,#vox_dg5_ready_plr_14_0
soundalias,#vox_dg5_ready_plr_14_3
soundalias,#vox_dg5_ready_plr_14_2
soundalias,#vox_dg5_ready_plr_14_4
soundalias,#vox_revive_niko_plr_13_2
soundalias,#vox_revive_niko_plr_13_1
soundalias,#vox_revive_niko_plr_13_0
soundalias,#vox_kill_raygun_mk2_plr_7_4
soundalias,#vox_kill_raygun_mk2_plr_7_1
soundalias,#vox_kill_raygun_mk2_plr_7_0
soundalias,#vox_kill_raygun_mk2_plr_7_3
soundalias,#vox_kill_raygun_mk2_plr_7_2
soundalias,#hash_10a119e9606a6988
soundalias,#zmb_perks_packa_loop
soundalias,#vox_box_sniper_plr_13_1
soundalias,#vox_box_sniper_plr_13_0
soundalias,#vox_box_sniper_plr_13_3
soundalias,#vox_box_sniper_plr_13_2
soundalias,#vox_box_sniper_plr_13_4
soundalias,#wpn_vulcan_1straise_npc
soundalias,#vox_rich_kill_headshot_plr_7_2
soundalias,#vox_rich_kill_headshot_plr_7_1
soundalias,#vox_rich_kill_headshot_plr_7_0
soundalias,#vox_3_banter_rich_udem_plr_5_1
soundalias,#hash_10e209e9e8ea4734
soundalias,#hash_1100019d2da0f270
soundalias,#hash_1100039d2da0f5d6
soundalias,#hash_111d18a7dd2c9020
soundalias,#hash_111d19a7dd2c91d3
soundalias,#hash_111d1aa7dd2c9386
soundalias,#hash_1124c095c62f49ec
soundalias,#hash_1124c195c62f4b9f
soundalias,#hash_1124c395c62f4f05
soundalias,#vox_box_shotgun_plr_6_4
soundalias,#vox_box_shotgun_plr_6_2
soundalias,#vox_box_shotgun_plr_6_3
soundalias,#vox_box_shotgun_plr_6_0
soundalias,#vox_box_shotgun_plr_6_1
soundalias,#hash_1132f2d5a1acd678
soundalias,#hash_1144cecc021c404b
soundalias,#hash_114a063f68325caf
soundalias,#hash_114cacb1c7531122
soundalias,#hash_1150fbd58a01609a
soundalias,#vox_bop5_exert_sniper_hold
soundalias,#hash_1163849642ddffdb
soundalias,#hash_1169f161390a9847
soundalias,#vox_revive_utak_plr_5_0
soundalias,#vox_revive_utak_plr_5_1
soundalias,#vox_revive_utak_plr_5_2
soundalias,#hash_11737e9b0401e166
soundalias,#vox_s4_success_plr_14_1
soundalias,#vox_generic_responses_negative_plr_14_3
soundalias,#vox_generic_responses_negative_plr_14_2
soundalias,#vox_generic_responses_negative_plr_14_1
soundalias,#vox_generic_responses_negative_plr_14_0
soundalias,#vox_generic_responses_negative_plr_14_7
soundalias,#vox_generic_responses_negative_plr_14_6
soundalias,#vox_generic_responses_negative_plr_14_5
soundalias,#vox_generic_responses_negative_plr_14_4
soundalias,#vox_generic_responses_negative_plr_14_9
soundalias,#vox_generic_responses_negative_plr_14_8
soundalias,#fly_step_car
soundalias,#vox_3_banter_unik_uric_plr_13_1
soundalias,#wpn_minigun_projectile_lp
soundalias,#zmb_step_mann_sprint_glass
soundalias,#hash_1185023e7342f615
soundalias,#vox_plr_6_exert_mant_light
soundalias,#vox_2_banter_demp_utak_plr_16_1
soundalias,#hash_119fca71057157a6
soundalias,#hash_11a7f1d08f9789a1
soundalias,#vox_box_smg_plr_7_2
soundalias,#vox_box_smg_plr_7_3
soundalias,#vox_box_smg_plr_7_0
soundalias,#vox_box_smg_plr_7_1
soundalias,#vox_box_smg_plr_7_4
soundalias,#vox_bop2_exert_underwater_emerge_breath
soundalias,#hash_11c87d0e0a9df4c5
soundalias,#vox_plr_8_exert_sniper_hold
soundalias,#vox_bop1_exert_death_veh_fly
soundalias,#evt_circuit_panel_down
soundalias,#hash_11e8e4a02dc77a05
soundalias,#wpn_rgun_exp
soundalias,#hash_11f01ed4b7074670
soundalias,#vox_revive_utak_plr_14_2
soundalias,#vox_revive_utak_plr_14_0
soundalias,#vox_revive_utak_plr_14_1
soundalias,#zmb_step_mann_sprint_paper
soundalias,#hash_11fdd307a70f4d7b
soundalias,#zmb_step_mann_crouch_walk_npc_foliage
soundalias,#vox_plr_8_exert_rad_end
soundalias,#hash_123b3d9124d7586b
soundalias,#vox_overkill_ready_plr_14_4
soundalias,#vox_overkill_ready_plr_14_1
soundalias,#vox_overkill_ready_plr_14_0
soundalias,#vox_overkill_ready_plr_14_3
soundalias,#vox_overkill_ready_plr_14_2
soundalias,#hash_1249e5360b23fc55
soundalias,#fly_war_machine_pull
soundalias,#vox_revive_uric_plr_7_0
soundalias,#vox_revive_uric_plr_7_1
soundalias,#vox_revive_uric_plr_7_2
soundalias,#hash_12595be2c1232c39
soundalias,#hash_125d05ac43db2928
soundalias,#vox_3_banter_udem_unik_plr_15_0
soundalias,#zmb_vocals_zombie_behind
soundalias,#fly_step_prone_zdog_bark
soundalias,#hash_1270454b1491e23f
soundalias,#hash_12729568c29be2f3
soundalias,#wpn_generic_wpn_bounce_sand
soundalias,#fly_mann_head_bounce_grass
soundalias,#fly_war_machine_push
soundalias,#vox_kill_raygun_mk2_plr_8_4
soundalias,#vox_kill_raygun_mk2_plr_8_2
soundalias,#vox_kill_raygun_mk2_plr_8_3
soundalias,#vox_kill_raygun_mk2_plr_8_0
soundalias,#vox_kill_raygun_mk2_plr_8_1
soundalias,#vox_revive_support_demp_plr_7_2
soundalias,#vox_revive_support_demp_plr_7_1
soundalias,#vox_revive_support_demp_plr_7_0
soundalias,#vox_path_sorrow_kill_mult_plr_14_4
soundalias,#vox_path_sorrow_kill_mult_plr_14_1
soundalias,#vox_path_sorrow_kill_mult_plr_14_0
soundalias,#vox_path_sorrow_kill_mult_plr_14_3
soundalias,#vox_path_sorrow_kill_mult_plr_14_2
soundalias,#hash_12a26ec279ceffc2
soundalias,#zmb_step_mann_walk_concrete
soundalias,#hash_12bce077468131cb
soundalias,#vox_boss_release_plr_15_1
soundalias,#vox_plr_7_exert_death_fall
soundalias,#hash_12cdd723e239043f
soundalias,#wpn_rgun_mk2_1straise
soundalias,#hash_12d662cbb0e02a5a
soundalias,#vox_1_banter_demp_uric_plr_13_1
soundalias,#fly_step_wood_pallet_plr
soundalias,#vox_bop3_exert_self_heal
soundalias,#fly_step_crouch_run_zdog_grass
soundalias,#vox_bop4_exert_stabbed
soundalias,#vox_perk_generic_plr_8_4
soundalias,#vox_perk_generic_plr_8_5
soundalias,#vox_perk_generic_plr_8_6
soundalias,#vox_perk_generic_plr_8_7
soundalias,#vox_perk_generic_plr_8_0
soundalias,#vox_perk_generic_plr_8_1
soundalias,#vox_perk_generic_plr_8_2
soundalias,#vox_perk_generic_plr_8_3
soundalias,#vox_perk_generic_plr_8_8
soundalias,#vox_perk_generic_plr_8_9
soundalias,#hash_131a6e25fe07d152
soundalias,#hash_131b4db5b684bc21
soundalias,#wpn_shotgun_dryfire_npc
soundalias,#fly_step_sprint_zdog_fruit
soundalias,#vox_bop1_exert_underwater_air_low
soundalias,#amb_outdoor_wind
soundalias,#evt_security_door
soundalias,#hash_134be5e3e28f52bc
soundalias,#hash_135736ea04a01c62
soundalias,#zmb_step_mann_crouch_walk_npc_ceramic
soundalias,#hash_136e08ecd1baf4cc
soundalias,#vox_box_pistol_plr_13_1
soundalias,#vox_box_pistol_plr_13_0
soundalias,#vox_box_pistol_plr_13_3
soundalias,#vox_box_pistol_plr_13_2
soundalias,#vox_box_pistol_plr_13_4
soundalias,#hash_13944ade049b7b82
soundalias,#hash_1396fbc04da9b20d
soundalias,#hash_13ad33e5efa17b55
soundalias,#hash_13b81e64460ea774
soundalias,#hash_13b81f64460ea927
soundalias,#hash_13b82064460eaada
soundalias,#hash_13b82164460eac8d
soundalias,#hash_13d1d09fd6697b3c
soundalias,#hash_13d1d19fd6697cef
soundalias,#hash_13d1d29fd6697ea2
soundalias,#hash_13d5624d9a73c5f0
soundalias,#hash_13d5634d9a73c7a3
soundalias,#hash_13d5644d9a73c956
soundalias,#hash_13d5654d9a73cb09
soundalias,#vox_tedd_exert_rad_dmg
soundalias,#vox_box_raygun_mk2_plr_16_4
soundalias,#vox_box_raygun_mk2_plr_16_0
soundalias,#vox_box_raygun_mk2_plr_16_1
soundalias,#vox_box_raygun_mk2_plr_16_2
soundalias,#vox_box_raygun_mk2_plr_16_3
soundalias,#vox_4_banter_take_uric_plr_8_0
soundalias,#hash_13db393ba2bb0c2c
soundalias,#vox_generator_defend_plr_6_2
soundalias,#vox_generator_defend_plr_6_0
soundalias,#vox_generator_defend_plr_6_1
soundalias,#hash_13ebaddf5ce08e73
soundalias,#fly_step_prone_zdog_fruit
soundalias,#amb_truck_radio
soundalias,#prj_crack_raygun_supersonic
soundalias,#vox_bop1_exert_gas_gag
soundalias,#fly_step_crouch_walk_zdog_carpet
soundalias,#fly_mann_limb_bounce_snow
soundalias,#vox_marlton_trapped_marl_9
soundalias,#vox_marlton_trapped_marl_8
soundalias,#vox_marlton_trapped_marl_5
soundalias,#vox_marlton_trapped_marl_4
soundalias,#vox_marlton_trapped_marl_7
soundalias,#vox_marlton_trapped_marl_6
soundalias,#vox_marlton_trapped_marl_1
soundalias,#vox_marlton_trapped_marl_0
soundalias,#vox_marlton_trapped_marl_3
soundalias,#vox_marlton_trapped_marl_2
soundalias,#hash_142a826454b8ee41
soundalias,#vox_s4_end_rush_0
soundalias,#vox_oh_shit_plr_13_8
soundalias,#vox_oh_shit_plr_13_9
soundalias,#vox_oh_shit_plr_13_4
soundalias,#vox_oh_shit_plr_13_5
soundalias,#vox_oh_shit_plr_13_6
soundalias,#vox_oh_shit_plr_13_7
soundalias,#vox_oh_shit_plr_13_0
soundalias,#vox_oh_shit_plr_13_1
soundalias,#vox_oh_shit_plr_13_2
soundalias,#vox_oh_shit_plr_13_3
soundalias,#zmb_step_mann_crouch_walk_npc_carpet
soundalias,#vox_revive_support_udem_plr_13_2
soundalias,#vox_revive_support_udem_plr_13_1
soundalias,#vox_revive_support_udem_plr_13_0
soundalias,#vox_plr_7_exert_breath_hurt
soundalias,#hash_1451be2e88441cde
soundalias,#wpn_generic_clip_bounce_foliage
soundalias,#hash_1454c3b0530d321e
soundalias,#wpn_generic_clip_bounce_metal
soundalias,#hash_145f04a07b43ce2c
soundalias,#wpn_flame_thrower_dryfire_plr
soundalias,#hash_146afcf9e755fb03
soundalias,#wpn_rifle_dryfire_plr
soundalias,#vox_tedd_exert_burn_dmg
soundalias,#fly_reload_servo
soundalias,#vox_blac_exert_sniper_hold
soundalias,#vox_uric_surrounded_oh_shit_plr_14_2
soundalias,#vox_uric_surrounded_oh_shit_plr_14_1
soundalias,#vox_uric_surrounded_oh_shit_plr_14_0
soundalias,#wpn_flame_thrower_hit_stop
soundalias,#zmb_hellhound_explode_lfe
soundalias,#hash_148bf1442de0307b
soundalias,#wpn_rgun_mk2_flux_l_plr
soundalias,#fly_step_foliage_plr
soundalias,#hash_1498b4516f37ed4c
soundalias,#hash_149e59dc321c23a0
soundalias,#hash_149e5adc321c2553
soundalias,#hash_149e5bdc321c2706
soundalias,#hash_149e5cdc321c28b9
soundalias,#hash_14a6b0529c8ecd16
soundalias,#vox_bom4_exert_rad_end
soundalias,#vox_2_banter_niko_udem_plr_7_0
soundalias,#vox_4_banter_rich_utak_plr_5_0
soundalias,#hash_14b9e61afd15ecb7
soundalias,#vox_bop5_exert_stabbed
soundalias,#hash_14bc03501b2e126f
soundalias,#wpn_dg4_melee_swing_npc
soundalias,#vox_revive_support_rich_plr_15_0
soundalias,#vox_revive_support_rich_plr_15_1
soundalias,#vox_revive_support_rich_plr_15_2
soundalias,#vox_revive_demp_plr_5_1
soundalias,#vox_revive_demp_plr_5_0
soundalias,#vox_revive_demp_plr_5_2
soundalias,#vox_special_round_kill_plr_15_3
soundalias,#vox_special_round_kill_plr_15_2
soundalias,#vox_special_round_kill_plr_15_1
soundalias,#vox_special_round_kill_plr_15_0
soundalias,#vox_special_round_kill_plr_15_4
soundalias,#hash_14ce37bafd29c420
soundalias,#hash_14cf26f9ee5a9962
soundalias,#vox_bop2_exert_underwater_pain
soundalias,#fly_step_run_zdog_plaster
soundalias,#wpn_flame_thrower_start_lfe_plr
soundalias,#vox_maxi_outro_igc_13_0
soundalias,#hash_14e3b8516f77df92
soundalias,#fly_step_run_zdog_plastic
soundalias,#vox_3_banter_udem_utak_plr_14_0
soundalias,#hash_14e968a7bf9f969e
soundalias,#hash_14f13a9a66281d9b
soundalias,#hash_14f13b9a66281f4e
soundalias,#hash_14f13c9a66282101
soundalias,#fly_step_run_zdog_sand
soundalias,#fly_scope_zoom
soundalias,#vox_adam_code_mccain_rush_2
soundalias,#vox_adam_code_mccain_rush_0
soundalias,#vox_adam_code_mccain_rush_1
soundalias,#zmb_step_mann_crouch_run_npc_metalcatwalk
soundalias,#fly_bump_container
soundalias,#hash_15269b1a0691d443
soundalias,#vox_mmtd_place_plr_15_0
soundalias,#vox_mmtd_place_plr_15_1
soundalias,#vox_mmtd_place_plr_15_2
soundalias,#vox_mmtd_place_plr_15_3
soundalias,#vox_mmtd_place_plr_15_4
soundalias,#zmb_box_weapon_spin
soundalias,#hash_153699eff35f40ab
soundalias,#hash_1549c84f7e0bdd0b
soundalias,#vox_nomoney_generic_plr_8_4
soundalias,#vox_nomoney_generic_plr_8_1
soundalias,#vox_nomoney_generic_plr_8_0
soundalias,#vox_nomoney_generic_plr_8_3
soundalias,#vox_nomoney_generic_plr_8_2
soundalias,#vox_s3_success_plr_13_2
soundalias,#hash_1554546796a78f9d
soundalias,#hash_155ce0ab8e4932f1
soundalias,#vox_kill_ballistic_plr_13_0
soundalias,#vox_kill_ballistic_plr_13_1
soundalias,#vox_kill_ballistic_plr_13_2
soundalias,#vox_kill_ballistic_plr_13_3
soundalias,#vox_kill_ballistic_plr_13_4
soundalias,#hash_157f06c984323da3
soundalias,#zmb_trap_acid_loop
soundalias,#hash_158a3cb40bd7d97f
soundalias,#vox_dg5_ready_plr_6_4
soundalias,#vox_dg5_ready_plr_6_2
soundalias,#vox_dg5_ready_plr_6_3
soundalias,#vox_dg5_ready_plr_6_0
soundalias,#vox_dg5_ready_plr_6_1
soundalias,#hash_1598f6998a206ef0
soundalias,#fly_step_sprint_zdog_wood
soundalias,#zmb_crafting_fail
soundalias,#hash_15beedcc2f56632a
soundalias,#hash_15d40c46633515be
soundalias,#hash_15d6f2c9847c917d
soundalias,#fly_melee_imp_galva_metal
soundalias,#hash_15db82eee934b2b8
soundalias,#hash_15ebff7555912e98
soundalias,#vox_plr_5_exert_death_veh_under
soundalias,#hash_15ee8e4d1d865bf9
soundalias,#hash_15f0d16ac534cceb
soundalias,#evt_power_restored
soundalias,#zmb_step_mann_walk_tallgrass
soundalias,#fly_step_paper_plr
soundalias,#hash_160e198eb79836e2
soundalias,#fly_gl_open
soundalias,#hash_16104d4bcdbde9c5
soundalias,#zmb_zombie_head_gib
soundalias,#hash_1616e6ab819edec0
soundalias,#hash_1616e7ab819ee073
soundalias,#hash_1616e8ab819ee226
soundalias,#hash_1616e9ab819ee3d9
soundalias,#vox_ammo_out_plr_5_0
soundalias,#vox_ammo_out_plr_5_1
soundalias,#vox_ammo_out_plr_5_2
soundalias,#vox_ammo_out_plr_5_3
soundalias,#vox_ammo_out_plr_5_4
soundalias,#hash_161dcf32b60bf836
soundalias,#fly_step_crouch_walk_zdog_metalcar
soundalias,#vox_1_banter_demp_unik_plr_15_1
soundalias,#vox_demp_kill_headshot_plr_8_0
soundalias,#vox_demp_kill_headshot_plr_8_1
soundalias,#vox_demp_kill_headshot_plr_8_2
soundalias,#vox_plr_5_exert_underwater_pain
soundalias,#hash_1643139299e4f185
soundalias,#hash_164524f657045498
soundalias,#wpn_generic_wpn_bounce_gravel
soundalias,#vox_nova_kill_plr_13_4
soundalias,#vox_nova_kill_plr_13_1
soundalias,#vox_nova_kill_plr_13_0
soundalias,#vox_nova_kill_plr_13_3
soundalias,#vox_nova_kill_plr_13_2
soundalias,#vox_plr_6_exert_gas_gasp
soundalias,#hash_1663079294f189b0
soundalias,#vox_1_banter_niko_utak_plr_16_1
soundalias,#hash_16804090e77a1368
soundalias,#fly_step_walk_zdog_dirt
soundalias,#vox_nomoney_generic_plr_15_4
soundalias,#vox_nomoney_generic_plr_15_3
soundalias,#vox_nomoney_generic_plr_15_2
soundalias,#vox_nomoney_generic_plr_15_1
soundalias,#vox_nomoney_generic_plr_15_0
soundalias,#fly_step_shells_plr
soundalias,#vox_3_banter_rich_utak_plr_5_0
soundalias,#wpn_generic_clip_bounce_mud
soundalias,#vox_roundstart_special_plr_13_4
soundalias,#vox_roundstart_special_plr_13_0
soundalias,#vox_roundstart_special_plr_13_1
soundalias,#vox_roundstart_special_plr_13_2
soundalias,#vox_roundstart_special_plr_13_3
soundalias,#fly_step_run_zdog_wood
soundalias,#vox_bop2_exert_underwater_air_low
soundalias,#wpn_generic_wpn_bounce_flesh
soundalias,#hash_16de7f592462ec4b
soundalias,#zmb_step_mann_sprint_mud
soundalias,#vox_blac_exert_punch_take
soundalias,#fly_step_run_zdog_glass
soundalias,#fly_step_prone_zdog_brick
soundalias,#fly_bump_weights
soundalias,#vox_maxi_outro_igc_6_0
soundalias,#fly_freezegun_spin_npc
soundalias,#hash_171965a444b25e2f
soundalias,#hash_172aa60779a37741
soundalias,#fly_step_run_zdog_metalhollow
soundalias,#amb_interior_wind
soundalias,#vox_2_banter_niko_udem_plr_14_1
soundalias,#vox_kill_melee_plr_14_8
soundalias,#vox_kill_melee_plr_14_9
soundalias,#vox_kill_melee_plr_14_0
soundalias,#vox_kill_melee_plr_14_1
soundalias,#vox_kill_melee_plr_14_2
soundalias,#vox_kill_melee_plr_14_3
soundalias,#vox_kill_melee_plr_14_4
soundalias,#vox_kill_melee_plr_14_5
soundalias,#vox_kill_melee_plr_14_6
soundalias,#vox_kill_melee_plr_14_7
soundalias,#zmb_weap_wall
soundalias,#hash_17539e82e697ae67
soundalias,#vox_bop3_exert_underwater_emerge_gasp
soundalias,#fly_golden_spork_first_raise
soundalias,#vox_utak_surrounded_oh_shit_plr_13_2
soundalias,#vox_utak_surrounded_oh_shit_plr_13_0
soundalias,#vox_utak_surrounded_oh_shit_plr_13_1
soundalias,#hash_17753a9d30a9718b
soundalias,#hash_17753c9d30a974f1
soundalias,#hash_1779ec91e1bf4423
soundalias,#wpn_electric_trap_loop
soundalias,#zmb_step_mann_sprint_dirt
soundalias,#hash_178c9a51459856b6
soundalias,#vox_2_banter_udem_unik_plr_15_0
soundalias,#vox_5_banter_demp_take_plr_6_0
soundalias,#wpn_rgun_mk2_fire_npc
soundalias,#zmb_vocals_mann_pain
soundalias,#vox_ammo_low_plr_5_4
soundalias,#vox_ammo_low_plr_5_2
soundalias,#vox_ammo_low_plr_5_3
soundalias,#vox_ammo_low_plr_5_0
soundalias,#vox_ammo_low_plr_5_1
soundalias,#wpn_generic_wpn_bounce_water
soundalias,#vox_trap_electric_activate_plr_14_2
soundalias,#vox_trap_electric_activate_plr_14_3
soundalias,#vox_trap_electric_activate_plr_14_0
soundalias,#vox_trap_electric_activate_plr_14_1
soundalias,#vox_trap_electric_activate_plr_14_4
soundalias,#vox_plr_8_exert_stabbed
soundalias,#hash_17c1e5b1ca5b903d
soundalias,#zmb_step_mann_crouch_run_npc_snow
soundalias,#zmb_blocker_door_purchase_swt
soundalias,#fly_step_glass_npc
soundalias,#hash_17c4fdd5f6c26341
soundalias,#hash_17c7895c4b5180ce
soundalias,#fly_step_grass_enter
soundalias,#vox_box_ar_plr_13_4
soundalias,#vox_box_ar_plr_13_1
soundalias,#vox_box_ar_plr_13_0
soundalias,#vox_box_ar_plr_13_3
soundalias,#vox_box_ar_plr_13_2
soundalias,#hash_17d1d4e632c60859
soundalias,#hash_17ed4851834730cc
soundalias,#zmb_avogadro_charge_start
soundalias,#hash_17f2fef698d5c07b
soundalias,#fly_step_crouch_walk_zdog_dirt
soundalias,#hash_17ff444caa60055c
soundalias,#vox_bop4_exert_breath_hurt
soundalias,#hash_180bb4e5eb85633e
soundalias,#hash_180d04515aa7aac6
soundalias,#vox_2_banter_niko_utak_plr_16_1
soundalias,#zmb_step_mann_sprint_metalcatwalk
soundalias,#vox_bop5_exert_death_veh_hit
soundalias,#vox_shard_recover_rush_0
soundalias,#vox_kill_galva_plr_13_4
soundalias,#vox_kill_galva_plr_13_2
soundalias,#vox_kill_galva_plr_13_3
soundalias,#vox_kill_galva_plr_13_0
soundalias,#vox_kill_galva_plr_13_1
soundalias,#vox_blac_exert_razor_wire
soundalias,#vox_box_launcher_plr_7_3
soundalias,#vox_box_launcher_plr_7_2
soundalias,#vox_box_launcher_plr_7_1
soundalias,#vox_box_launcher_plr_7_0
soundalias,#vox_box_launcher_plr_7_4
soundalias,#vox_bop3_exert_blind
soundalias,#vox_revive_niko_plr_6_1
soundalias,#vox_revive_niko_plr_6_0
soundalias,#vox_revive_niko_plr_6_2
soundalias,#vox_joke_two_rush_0
soundalias,#vox_plr_7_exert_electro
soundalias,#zmb_step_mann_walk_plastic
soundalias,#zmb_step_mannequin_walk
soundalias,#zmb_step_mann_walk_plaster
soundalias,#hash_18636cfaf9bc0418
soundalias,#hash_18636dfaf9bc05cb
soundalias,#hash_18636ffaf9bc0931
soundalias,#vox_revive_utak_plr_13_1
soundalias,#vox_revive_utak_plr_13_0
soundalias,#vox_revive_utak_plr_13_2
soundalias,#vox_plr_5_exert_underwater_emerge_gasp
soundalias,#vox_5_banter_rich_unik_plr_15_1
soundalias,#hash_186c808588ff2465
soundalias,#vox_dg5_kill_mult_plr_5_4
soundalias,#vox_dg5_kill_mult_plr_5_1
soundalias,#vox_dg5_kill_mult_plr_5_0
soundalias,#vox_dg5_kill_mult_plr_5_3
soundalias,#vox_dg5_kill_mult_plr_5_2
soundalias,#vox_plr_6_exert_self_heal
soundalias,#fly_bump_barrel_large
soundalias,#vox_boss_success_plr_16_3
soundalias,#hash_1891b3211ab36c94
soundalias,#hash_18a5515e3206c55c
soundalias,#wpn_katana_dash_lfe_plr
soundalias,#vox_plr_6_exert_death
soundalias,#vox_dg5_ready_plr_15_0
soundalias,#vox_dg5_ready_plr_15_1
soundalias,#vox_dg5_ready_plr_15_2
soundalias,#vox_dg5_ready_plr_15_3
soundalias,#vox_dg5_ready_plr_15_4
soundalias,#hash_18b9c1b30e385483
soundalias,#zmb_step_mann_crouch_run_npc_glass
soundalias,#vox_revive_utak_plr_6_2
soundalias,#vox_revive_utak_plr_6_1
soundalias,#vox_revive_utak_plr_6_0
soundalias,#hash_18c3ff3ac15baf9e
soundalias,#vox_generic_responses_negative_plr_15_8
soundalias,#vox_generic_responses_negative_plr_15_9
soundalias,#vox_generic_responses_negative_plr_15_2
soundalias,#vox_generic_responses_negative_plr_15_3
soundalias,#vox_generic_responses_negative_plr_15_0
soundalias,#vox_generic_responses_negative_plr_15_1
soundalias,#vox_generic_responses_negative_plr_15_6
soundalias,#vox_generic_responses_negative_plr_15_7
soundalias,#vox_generic_responses_negative_plr_15_4
soundalias,#vox_generic_responses_negative_plr_15_5
soundalias,#hash_18c9c7c52ca93a75
soundalias,#fly_step_wood_creak_npc
soundalias,#hash_18d264594f3e63b7
soundalias,#hash_18d60994d6238a6b
soundalias,#phy_impact_default
soundalias,#hash_18d7d2008250d771
soundalias,#vox_box_pistol_plr_5_4
soundalias,#vox_box_pistol_plr_5_0
soundalias,#vox_box_pistol_plr_5_1
soundalias,#vox_box_pistol_plr_5_2
soundalias,#vox_box_pistol_plr_5_3
soundalias,#vox_3_banter_unik_utak_plr_15_0
soundalias,#vox_pickup_rocketshield_plr_14_1
soundalias,#vox_pickup_rocketshield_plr_14_0
soundalias,#vox_pickup_rocketshield_plr_14_2
soundalias,#vox_plr_5_exert_suppressed
soundalias,#hash_1904eff346068267
soundalias,#zmb_step_mann_run_grass
soundalias,#hash_191e6cbbbe449f08
soundalias,#hash_19253e6fa2456b7c
soundalias,#vox_pickup_galva_plr_13_2
soundalias,#vox_pickup_galva_plr_13_0
soundalias,#vox_pickup_galva_plr_13_1
soundalias,#hash_1939343ff15aa89c
soundalias,#vox_bop3_exert_death_veh_fly
soundalias,#vox_plr_5_exert_punch_take
soundalias,#vox_bop3_exert_burn_dmg
soundalias,#fly_step_chain_door
soundalias,#hash_195408c720149ef9
soundalias,#hash_1958c65416aca66b
soundalias,#zmb_perks_packa_ticktock
soundalias,#wpn_rgun_mk2_exp_flux_l
soundalias,#wpn_rgun_mk2_exp_flux_r
soundalias,#fly_step_crouch_run_zdog_metalcatcrouch_run
soundalias,#vox_5_banter_take_unik_plr_15_0
soundalias,#hash_197e3beb232c520d
soundalias,#hash_198682b92e7d3b28
soundalias,#vox_udem_kill_headshot_plr_5_2
soundalias,#vox_udem_kill_headshot_plr_5_0
soundalias,#vox_udem_kill_headshot_plr_5_1
soundalias,#hash_198bb99647580caa
soundalias,#vox_overkill_ready_plr_15_4
soundalias,#vox_overkill_ready_plr_15_0
soundalias,#vox_overkill_ready_plr_15_1
soundalias,#vox_overkill_ready_plr_15_2
soundalias,#vox_overkill_ready_plr_15_3
soundalias,#fly_step_crouch_run_zdog_tallgrass
soundalias,#hash_199ada9e76c36f81
soundalias,#zmb_avogadro_projectile_lp
soundalias,#zmb_avogadro_teleport_in
soundalias,#vox_niko_surrounded_oh_shit_plr_16_1
soundalias,#vox_niko_surrounded_oh_shit_plr_16_0
soundalias,#vox_niko_surrounded_oh_shit_plr_16_2
soundalias,#wpn_vulcan_1straise_plr
soundalias,#hash_19bb0aeb0d835da6
soundalias,#zmb_electrocute_zombie
soundalias,#vox_plr_8_exert_rad_start
soundalias,#hash_19cf4d96bdc87afd
soundalias,#vox_bop3_exert_rad_end
soundalias,#hash_19daccf9c45199bf
soundalias,#hash_19dbdeeee13b5df7
soundalias,#vox_box_shotgun_plr_8_4
soundalias,#vox_box_shotgun_plr_8_0
soundalias,#vox_box_shotgun_plr_8_1
soundalias,#vox_box_shotgun_plr_8_2
soundalias,#vox_box_shotgun_plr_8_3
soundalias,#vox_bop1_exert_death_fall
soundalias,#vox_3_banter_take_unik_plr_15_1
soundalias,#hash_19ed62938d8ef1ae
soundalias,#vox_revive_demp_plr_15_0
soundalias,#vox_revive_demp_plr_15_1
soundalias,#vox_revive_demp_plr_15_2
soundalias,#zmb_step_mann_crouch_run_npc_bodyarmor
soundalias,#hash_1a1854072d6b2453
soundalias,#zmb_step_quad_default_close
soundalias,#hash_1a38fa856c8f0870
soundalias,#wpn_rgun_mk2z_fire_swt_npc
soundalias,#zmb_vocals_quad_spawn_flux_l
soundalias,#zmb_vocals_quad_spawn_flux_r
soundalias,#vox_bof1_exert_rad_start
soundalias,#vox_trap_electric_activate_plr_7_2
soundalias,#vox_trap_electric_activate_plr_7_3
soundalias,#vox_trap_electric_activate_plr_7_0
soundalias,#vox_trap_electric_activate_plr_7_1
soundalias,#vox_trap_electric_activate_plr_7_4
soundalias,#fly_mann_limb_bounce_water
soundalias,#dst_water_bottle
soundalias,#vox_tedd_exert_razor_wire
soundalias,#fly_step_crouch_run_zdog_carpet
soundalias,#vox_blac_exert_breath_hurt
soundalias,#vox_pap_wait_plr_5_4
soundalias,#vox_pap_wait_plr_5_2
soundalias,#vox_pap_wait_plr_5_3
soundalias,#vox_pap_wait_plr_5_0
soundalias,#vox_pap_wait_plr_5_1
soundalias,#amb_cloth_loop
soundalias,#fly_bump_wirefence
soundalias,#vox_blac_exert_death
soundalias,#vox_plr_7_exert_stabbed
soundalias,#hash_1ab7b554f41281c4
soundalias,#zmb_step_mann_run_tallgrass
soundalias,#hash_1ac882403c8ca5c4
soundalias,#zmb_step_mann_run_metalthin
soundalias,#hash_1ad15c7df960acf6
soundalias,#vox_boss_release_plr_14_1
soundalias,#vox_1_banter_unik_uric_plr_13_1
soundalias,#vox_box_lmg_plr_14_3
soundalias,#vox_box_lmg_plr_14_2
soundalias,#vox_box_lmg_plr_14_1
soundalias,#vox_box_lmg_plr_14_0
soundalias,#vox_box_lmg_plr_14_4
soundalias,#zmb_avogadro_charge_end
soundalias,#evt_insulator_hit_swt
soundalias,#fly_step_run_zdog_bodyarmor
soundalias,#zmb_step_mann_walk_fruit
soundalias,#fly_bump_wood
soundalias,#hash_1b28ca975224396b
soundalias,#hash_1b2d8ec2c483dc18
soundalias,#fly_step_walk_zdog_foliage
soundalias,#vox_kill_raygun_mk2_plr_6_4
soundalias,#vox_kill_raygun_mk2_plr_6_0
soundalias,#vox_kill_raygun_mk2_plr_6_1
soundalias,#vox_kill_raygun_mk2_plr_6_2
soundalias,#vox_kill_raygun_mk2_plr_6_3
soundalias,#vox_rushmore_upset_rush_0
soundalias,#vox_rich_kill_headshot_plr_6_2
soundalias,#vox_rich_kill_headshot_plr_6_0
soundalias,#vox_rich_kill_headshot_plr_6_1
soundalias,#vox_plr_5_outro_igc_20_0
soundalias,#fly_sniper_shell_in_plr
soundalias,#vox_revive_udem_plr_16_2
soundalias,#vox_revive_udem_plr_16_0
soundalias,#vox_revive_udem_plr_16_1
soundalias,#amb_sprinkler_broken
soundalias,#fly_step_walk_zdog_glasscar
soundalias,#hash_1b7919645879fdd6
soundalias,#wpn_generic_wpn_bounce_plaster
soundalias,#hash_1b8312696702abe6
soundalias,#vox_tedd_exert_rad_end
soundalias,#vox_bom4_exert_rad_dmg
soundalias,#fly_gl_gren_in
soundalias,#vox_mmtd_place_plr_16_4
soundalias,#vox_mmtd_place_plr_16_3
soundalias,#vox_mmtd_place_plr_16_2
soundalias,#vox_mmtd_place_plr_16_1
soundalias,#vox_mmtd_place_plr_16_0
soundalias,#wpn_rgun_fire_npc
soundalias,#wpn_generic_wpn_bounce_plastic
soundalias,#fly_step_glass_plr
soundalias,#hash_1bb1ebdfbfe172c9
soundalias,#zmb_lid_open
soundalias,#zmb_quad_attack_swing_second
soundalias,#zmb_perks_packa_ready
soundalias,#vox_quiz_three_rush_1
soundalias,#vox_quiz_three_rush_0
soundalias,#zmb_step_mann_crouch_run_npc_paintedmetal
soundalias,#vox_uric_surrounded_oh_shit_plr_7_1
soundalias,#vox_uric_surrounded_oh_shit_plr_7_0
soundalias,#vox_uric_surrounded_oh_shit_plr_7_2
soundalias,#zmb_vocals_quad_behind
soundalias,#vox_revive_support_rich_plr_16_2
soundalias,#vox_revive_support_rich_plr_16_1
soundalias,#vox_revive_support_rich_plr_16_0
soundalias,#vox_adam_kill_react_plr_14_1
soundalias,#vox_adam_kill_react_plr_14_0
soundalias,#vox_adam_kill_react_plr_14_2
soundalias,#vox_box_monkey_plr_13_4
soundalias,#vox_box_monkey_plr_13_3
soundalias,#vox_box_monkey_plr_13_2
soundalias,#vox_box_monkey_plr_13_1
soundalias,#vox_box_monkey_plr_13_0
soundalias,#fly_step_sprint_zdog_glassbulletproof
soundalias,#hash_1c3400cc325ea1b3
soundalias,#hash_1c3534ce92c118f7
soundalias,#hash_1c3e58e0b9110b37
soundalias,#vox_bop4_exert_burn_dmg
soundalias,#vox_power_switch_plr_8_0
soundalias,#vox_power_switch_plr_8_1
soundalias,#vox_power_switch_plr_8_2
soundalias,#hash_1c4acf7a1c9c1cda
soundalias,#hash_1c4e4e68c888648e
soundalias,#hash_1c6220a0003afe05
soundalias,#hash_1c6c2782c8705cd1
soundalias,#evt_mmtd_cooldown_end
soundalias,#fly_mann_limb_bounce_metal
soundalias,#hash_1c890cceda8f6bb4
soundalias,#hash_1c890dceda8f6d67
soundalias,#hash_1c890eceda8f6f1a
soundalias,#hash_1c890fceda8f70cd
soundalias,#hash_1c8dd30ad4577f23
soundalias,#vox_3_banter_demp_niko_plr_6_1
soundalias,#hash_1c96e2f217552a7f
soundalias,#vox_generator_defend_plr_8_0
soundalias,#vox_generator_defend_plr_8_1
soundalias,#vox_generator_defend_plr_8_2
soundalias,#vox_magic_box_share_plr_8_4
soundalias,#vox_magic_box_share_plr_8_3
soundalias,#vox_magic_box_share_plr_8_2
soundalias,#vox_magic_box_share_plr_8_1
soundalias,#vox_magic_box_share_plr_8_0
soundalias,#vox_boss_success_plr_8_3
soundalias,#fly_step_crouch_walk_zdog_metalcatcrouch_walk
soundalias,#vox_5_banter_niko_uric_plr_13_0
soundalias,#hash_1cc59bd671b94b13
soundalias,#vox_2_banter_rich_take_plr_8_1
soundalias,#vox_blac_exert_sniper_gasp
soundalias,#vox_2_banter_niko_take_plr_8_0
soundalias,#vox_box_raygun_mk2_plr_8_1
soundalias,#vox_box_raygun_mk2_plr_8_0
soundalias,#vox_box_raygun_mk2_plr_8_3
soundalias,#vox_box_raygun_mk2_plr_8_2
soundalias,#vox_box_raygun_mk2_plr_8_4
soundalias,#hash_1d1a67c1d6e7c7e2
soundalias,#zmb_spawn_walla
soundalias,#vox_bop3_exert_bludgeoned
soundalias,#hash_1d326fea0a8bc47d
soundalias,#hash_1d3f866ac8f60f7a
soundalias,#zmb_attack_underwater_whoosh
soundalias,#vox_plr_6_exert_sniper_exhale
soundalias,#vox_path_sorrow_kill_mult_plr_15_4
soundalias,#vox_path_sorrow_kill_mult_plr_15_0
soundalias,#vox_path_sorrow_kill_mult_plr_15_1
soundalias,#vox_path_sorrow_kill_mult_plr_15_2
soundalias,#vox_path_sorrow_kill_mult_plr_15_3
soundalias,#vox_bop2_exert_gas_gag
soundalias,#vox_box_ballistic_plr_15_4
soundalias,#vox_box_ballistic_plr_15_1
soundalias,#vox_box_ballistic_plr_15_0
soundalias,#vox_box_ballistic_plr_15_3
soundalias,#vox_box_ballistic_plr_15_2
soundalias,#hash_1d7210c053951cfc
soundalias,#vox_2_banter_rich_unik_plr_5_0
soundalias,#vox_5_banter_udem_utak_plr_16_0
soundalias,#wpn_flame_thrower_hit_loop
soundalias,#fly_pineapple_bolt_release
soundalias,#hash_1dbe8bcc3c51153a
soundalias,#zmb_goop_repair_success
soundalias,#vox_kill_raygun_plr_5_6
soundalias,#vox_kill_raygun_plr_5_7
soundalias,#vox_kill_raygun_plr_5_0
soundalias,#vox_kill_raygun_plr_5_8
soundalias,#vox_kill_raygun_plr_5_9
soundalias,#hash_1dd6f638abd3c636
soundalias,#hash_1de18dce8a27c19c
soundalias,#fly_step_gondola_exit
soundalias,#vox_ww_x_freeze_rush_0
soundalias,#zmb_step_mann_sprint_foliage
soundalias,#hash_1e0ccafc1372b4df
soundalias,#zmb_goop_pap_unlocked
soundalias,#fly_step_run_zdog_metalcatrun
soundalias,#mus_perk_machine_stinger
soundalias,#vox_trap_electric_activate_plr_13_1
soundalias,#vox_trap_electric_activate_plr_13_0
soundalias,#vox_trap_electric_activate_plr_13_3
soundalias,#vox_trap_electric_activate_plr_13_2
soundalias,#vox_trap_electric_activate_plr_13_4
soundalias,#zmb_blocker_powerdoor_purchase_swt
soundalias,#wpn_rgun_mk2z_fire_swt_plr
soundalias,#zmb_vocals_zombie_taunt
soundalias,#hash_1e329197dee1519d
soundalias,#hash_1e3312d30c58f0ba
soundalias,#vox_boss_release_plr_8_1
soundalias,#vox_nova_gas_encounter_plr_8_0
soundalias,#vox_nova_gas_encounter_plr_8_1
soundalias,#vox_nova_gas_encounter_plr_8_2
soundalias,#fly_step_tarp_npc
soundalias,#vox_ammo_out_plr_6_4
soundalias,#vox_ammo_out_plr_6_3
soundalias,#vox_ammo_out_plr_6_2
soundalias,#vox_ammo_out_plr_6_1
soundalias,#vox_ammo_out_plr_6_0
soundalias,#hash_1e663646915c259e
soundalias,#vox_nova_react_plr_14_4
soundalias,#vox_nova_react_plr_14_1
soundalias,#vox_nova_react_plr_14_0
soundalias,#vox_nova_react_plr_14_3
soundalias,#vox_nova_react_plr_14_2
soundalias,#fly_generic_first_raise_plr
soundalias,#hash_1e7e57ffaba118ab
soundalias,#hash_1e86859fdd0de6cb
soundalias,#hash_1e86869fdd0de87e
soundalias,#hash_1e86879fdd0dea31
soundalias,#vox_box_raygun_mk2_plr_15_3
soundalias,#vox_box_raygun_mk2_plr_15_2
soundalias,#vox_box_raygun_mk2_plr_15_1
soundalias,#vox_box_raygun_mk2_plr_15_0
soundalias,#vox_box_raygun_mk2_plr_15_4
soundalias,#vox_1_banter_rich_udem_plr_14_1
soundalias,#hash_1eafa5383a8ac60f
soundalias,#vox_bom2_exert_rad_start
soundalias,#vox_nomoney_generic_plr_14_4
soundalias,#vox_nomoney_generic_plr_14_2
soundalias,#vox_nomoney_generic_plr_14_3
soundalias,#vox_nomoney_generic_plr_14_0
soundalias,#vox_nomoney_generic_plr_14_1
soundalias,#vox_boss_intro_plr_13_3
soundalias,#hash_1ebe809d1e6bd99b
soundalias,#hash_1ebe839d1e6bdeb4
soundalias,#hash_1ebe849d1e6be067
soundalias,#hash_1ebe859d1e6be21a
soundalias,#hash_1ebe869d1e6be3cd
soundalias,#fly_step_tarp
soundalias,#zmb_vox_monkey_raise_plr
soundalias,#vox_bop1_exert_mant_light
soundalias,#evt_mann_platform
soundalias,#vox_2_banter_udem_unik_plr_14_1
soundalias,#hash_1ee5f337c6355dc1
soundalias,#vox_2_banter_demp_niko_plr_7_0
soundalias,#hash_1ef4e671a6a0705a
soundalias,#vox_4_banter_demp_utak_plr_16_1
soundalias,#vox_kill_monkey_plr_14_4
soundalias,#vox_kill_monkey_plr_14_1
soundalias,#vox_kill_monkey_plr_14_0
soundalias,#vox_kill_monkey_plr_14_3
soundalias,#vox_kill_monkey_plr_14_2
soundalias,#fly_step_walk_zdog_metalcar
soundalias,#vox_niko_kill_headshot_plr_16_2
soundalias,#vox_niko_kill_headshot_plr_16_0
soundalias,#vox_niko_kill_headshot_plr_16_1
soundalias,#vox_box_tactical_plr_16_4
soundalias,#vox_box_tactical_plr_16_2
soundalias,#vox_box_tactical_plr_16_3
soundalias,#vox_box_tactical_plr_16_0
soundalias,#vox_box_tactical_plr_16_1
soundalias,#evt_clock_correct
soundalias,#hash_1f218b7bd50caa9d
soundalias,#wpn_generic_wpn_bounce_grass
soundalias,#vox_plr_14_outro_igc_16_0
soundalias,#vox_s6_intro_rush_0
soundalias,#vox_uric_surrounded_oh_shit_plr_15_2
soundalias,#vox_uric_surrounded_oh_shit_plr_15_0
soundalias,#vox_uric_surrounded_oh_shit_plr_15_1
soundalias,#fly_step_run_zdog_snow
soundalias,#hash_1f37daf495fac037
soundalias,#hash_1f39cf85dba56934
soundalias,#amb_fire_med_nuke
soundalias,#fly_combat_knife_first_raise
soundalias,#vox_revive_support_unik_plr_14_0
soundalias,#vox_revive_support_unik_plr_14_1
soundalias,#vox_revive_support_unik_plr_14_2
soundalias,#hash_1f58939de54b1b59
soundalias,#wpn_vulcan_fire_start_plr
soundalias,#hash_1f5b9c2e94d5f82e
soundalias,#hash_1f5b9e2e94d5fb94
soundalias,#hash_1f5b9f2e94d5fd47
soundalias,#hash_1f5ba02e94d5fefa
soundalias,#hash_1f5ba12e94d600ad
soundalias,#wpn_dg4_melee_impact
soundalias,#vox_bop3_exert_electro
soundalias,#hash_1f5fc24563134758
soundalias,#fly_bump_car_int
soundalias,#vox_tedd_exert_electro
soundalias,#fly_mann_limb_bounce_ice
soundalias,#vox_box_launcher_plr_6_2
soundalias,#vox_box_launcher_plr_6_3
soundalias,#vox_box_launcher_plr_6_0
soundalias,#vox_box_launcher_plr_6_1
soundalias,#vox_box_launcher_plr_6_4
soundalias,#vox_blac_exert_blind
soundalias,#zmb_wisp_far_lp
soundalias,#vox_boss_intro_plr_7_3
soundalias,#hash_1f7edbf8f3a60766
soundalias,#vox_special_round_kill_plr_14_2
soundalias,#vox_special_round_kill_plr_14_3
soundalias,#vox_special_round_kill_plr_14_0
soundalias,#vox_special_round_kill_plr_14_1
soundalias,#vox_special_round_kill_plr_14_4
soundalias,#fly_step_puddle_plr
soundalias,#hash_1f915dd1636a1d4c
soundalias,#hash_1f93a3bbc14d1abd
soundalias,#dst_nitrogen_tank_leak
soundalias,#vox_ammo_low_plr_15_1
soundalias,#vox_ammo_low_plr_15_0
soundalias,#vox_ammo_low_plr_15_3
soundalias,#vox_ammo_low_plr_15_2
soundalias,#vox_ammo_low_plr_15_4
soundalias,#vox_revive_unik_plr_5_2
soundalias,#vox_revive_unik_plr_5_0
soundalias,#vox_revive_unik_plr_5_1
soundalias,#zmb_vocals_mann_ambient
soundalias,#hash_1fb284fafd7deee0
soundalias,#hash_1fb285fafd7df093
soundalias,#hash_1fb286fafd7df246
soundalias,#wpn_electric_trap_start
soundalias,#vox_1_banter_udem_utak_plr_14_0
soundalias,#hash_1fc058736573a9b5
soundalias,#hash_1fc67c7ad7445a0c
soundalias,#hash_1fc67d7ad7445bbf
soundalias,#hash_1fd218acf8959773
soundalias,#vox_uric_kill_headshot_plr_6_1
soundalias,#vox_uric_kill_headshot_plr_6_0
soundalias,#vox_uric_kill_headshot_plr_6_2
soundalias,#zmb_mann_head_lp
soundalias,#vox_plr_8_exert_razor_wire
soundalias,#hash_1fe6031e2801a842
soundalias,#vox_plr_8_exert_burn_dead
soundalias,#evt_mmtd_loop_close
soundalias,#evt_painting_fall
soundalias,#wpn_smg_thompson_ads_killcam_plr
soundalias,#wpn_generic_wpn_bounce_metal
soundalias,#zmb_crafting_start
soundalias,#zmb_step_mann_crouch_walk_npc_metalthin
soundalias,#vox_tedd_exert_death_veh_under
soundalias,#hash_2008eb679d4bc832
soundalias,#hash_2009bb68ca89752c
soundalias,#hash_2009bc68ca8976df
soundalias,#hash_2009bd68ca897892
soundalias,#hash_200e28bcd26bab77
soundalias,#hash_200e2ebcd26bb5a9
soundalias,#vox_bop4_exert_bludgeoned
soundalias,#fly_step_crouch_run_zdog_mud
soundalias,#hash_2024a8e05391aed0
soundalias,#vox_plr_6_exert_mant_heavy
soundalias,#fly_melee_imp_galva_npc_wood
soundalias,#zmb_mann_head_activate
soundalias,#fly_step_wood_board_exit
soundalias,#fly_step_prone_zdog_sand
soundalias,#vox_udem_surrounded_oh_shit_plr_16_1
soundalias,#vox_udem_surrounded_oh_shit_plr_16_0
soundalias,#vox_udem_surrounded_oh_shit_plr_16_2
soundalias,#hash_2052d8709436ffc5
soundalias,#vox_bop1_exert_death_veh_hit
soundalias,#vox_plr_6_outro_igc_10_0
soundalias,#vox_kill_headshot_plr_16_8
soundalias,#vox_kill_headshot_plr_16_9
soundalias,#vox_kill_headshot_plr_16_0
soundalias,#vox_kill_headshot_plr_16_1
soundalias,#vox_kill_headshot_plr_16_2
soundalias,#vox_kill_headshot_plr_16_3
soundalias,#vox_kill_headshot_plr_16_4
soundalias,#vox_kill_headshot_plr_16_5
soundalias,#vox_kill_headshot_plr_16_6
soundalias,#vox_kill_headshot_plr_16_7
soundalias,#hash_209c0d95ce6b4183
soundalias,#hash_209c0e95ce6b4336
soundalias,#hash_209c0f95ce6b44e9
soundalias,#hash_20c1543f706e55f9
soundalias,#wpn_rgun_mk2_fire_lfe_plr
soundalias,#vox_plr_8_exert_death_fall
soundalias,#vox_plr_6_exert_burn_dead
soundalias,#hash_20e189d5878bd027
soundalias,#hash_20e3e986fbf83f60
soundalias,#fly_step_stair_metal_exit
soundalias,#fly_mann_head_bounce_cloth
soundalias,#phy_plastic_bucket_bounce
soundalias,#vox_bop4_exert_underwater_pain
soundalias,#fly_melee_swipealt_player_knife
soundalias,#fly_step_prone_zdog_concrete
soundalias,#hash_210d21f3fd26cd10
soundalias,#hash_210d22f3fd26cec3
soundalias,#hash_210d23f3fd26d076
soundalias,#hash_210d24f3fd26d229
soundalias,#hash_210d28f3fd26d8f5
soundalias,#vox_pickup_rocketshield_plr_15_0
soundalias,#vox_pickup_rocketshield_plr_15_1
soundalias,#vox_pickup_rocketshield_plr_15_2
soundalias,#zmb_vocals_mann_electrocute
soundalias,#zmb_step_mann_sprint_metalhollow
soundalias,#hash_21301e44305d112d
soundalias,#hash_213acce06f0cb851
soundalias,#vox_5_banter_niko_udem_plr_14_1
soundalias,#hash_214eb0cf09013847
soundalias,#fly_step_crouch_run_zdog_ceramic
soundalias,#hash_215e1891b2952ace
soundalias,#amb_comp_tape
soundalias,#zmb_no_cha_ching
soundalias,#fly_step_gravel_oneshots_plr
soundalias,#phy_impact_hard_hard
soundalias,#fly_step_null
soundalias,#vox_revive_down_plr_13_0
soundalias,#vox_revive_down_plr_13_1
soundalias,#vox_revive_down_plr_13_2
soundalias,#vox_revive_down_plr_13_3
soundalias,#vox_revive_down_plr_13_4
soundalias,#zmb_avogadro_base_lp_2
soundalias,#vox_bop3_exert_rad_dmg
soundalias,#zmb_blocker_door_purchase
soundalias,#hash_21c46a04acd1be83
soundalias,#pfx_spark_bounce
soundalias,#hash_21d3ba9416cfd088
soundalias,#wpn_shotgun_dryfire_plr
soundalias,#wpn_flame_thrower_stop_lfe_plr
soundalias,#hash_21eccd1b9b7998e1
soundalias,#hash_21ecce1b9b799a94
soundalias,#hash_21eccf1b9b799c47
soundalias,#hash_21ecd01b9b799dfa
soundalias,#hash_21ecd11b9b799fad
soundalias,#hash_21fe576dee5bccb2
soundalias,#hash_22064e54f7d394bf
soundalias,#zmb_step_mann_run_metalcar
soundalias,#vox_plr_7_exert_death
soundalias,#hash_221d3fd8b4619d91
soundalias,#hash_222ea191e863afb2
soundalias,#hash_22381717002ffa5b
soundalias,#hash_223ae521b31be6c3
soundalias,#fly_mann_limb_bounce_dirt
soundalias,#hash_223c3071ea10c2cb
soundalias,#fly_step_twig_npc
soundalias,#hash_224704a7e6d97764
soundalias,#hash_224706a7e6d97aca
soundalias,#hash_224707a7e6d97c7d
soundalias,#fly_step_gravel_plr
soundalias,#hash_224e1c16bb6396c0
soundalias,#hash_225313cd2bddc0c5
soundalias,#vox_pap_wait_plr_16_4
soundalias,#vox_pap_wait_plr_16_2
soundalias,#vox_pap_wait_plr_16_3
soundalias,#vox_pap_wait_plr_16_0
soundalias,#vox_s4_success_plr_8_1
soundalias,#vox_pap_wait_plr_16_1
soundalias,#fly_step_run_zdog_glassbulletproof
soundalias,#zmb_step_quad_default_close_swt
soundalias,#hash_226da01373c24627
soundalias,#hash_226f19cc0bc9c8fc
soundalias,#hash_2276fab1d1009eec
soundalias,#vox_pickup_rocketshield_plr_8_0
soundalias,#vox_pickup_rocketshield_plr_8_1
soundalias,#vox_pickup_rocketshield_plr_8_2
soundalias,#hash_227ca7c2c845c893
soundalias,#zmb_step_mann_crouch_walk_npc_cloth
soundalias,#vox_s5_intro_rush_0
soundalias,#zmb_step_mann_sprint_flesh
soundalias,#vox_bof1_exert_rad_end
soundalias,#phy_impact_wood_flesh
soundalias,#hash_22c0cee5f22a7a6c
soundalias,#hash_22c1bb51614c19bb
soundalias,#vox_2_banter_demp_rich_plr_5_0
soundalias,#hash_22e4054b05c95b88
soundalias,#hash_22e45f12bb95d04e
soundalias,#hash_22f0275e647e01e8
soundalias,#zmb_gen_defend_start
soundalias,#vox_solo_end_round2_utak_plr_16_0
soundalias,#hash_22fb6c165aac9059
soundalias,#zmb_crafting_pickup_generic
soundalias,#vox_udem_surrounded_oh_shit_plr_8_2
soundalias,#vox_udem_surrounded_oh_shit_plr_8_0
soundalias,#vox_udem_surrounded_oh_shit_plr_8_1
soundalias,#vox_3_banter_demp_uric_plr_13_1
soundalias,#vox_box_lmg_plr_15_2
soundalias,#vox_box_lmg_plr_15_3
soundalias,#vox_box_lmg_plr_15_0
soundalias,#vox_box_lmg_plr_15_1
soundalias,#vox_box_lmg_plr_15_4
soundalias,#fly_generic_down_med_plr
soundalias,#zmb_step_mann_crouch_run_npc_rock
soundalias,#vox_uric_surrounded_oh_shit_plr_6_0
soundalias,#vox_uric_surrounded_oh_shit_plr_6_1
soundalias,#vox_uric_surrounded_oh_shit_plr_6_2
soundalias,#hash_23404428f33dad19
soundalias,#fly_step_prone_zdog_wood
soundalias,#wpn_vulcan_fire_start_npc
soundalias,#vox_boss_success_plr_15_3
soundalias,#vox_hellfire_kill_mult_plr_5_4
soundalias,#vox_hellfire_kill_mult_plr_5_2
soundalias,#vox_hellfire_kill_mult_plr_5_3
soundalias,#vox_hellfire_kill_mult_plr_5_0
soundalias,#vox_hellfire_kill_mult_plr_5_1
soundalias,#phy_impact_zombie_swt
soundalias,#hash_23503ada3c12e46b
soundalias,#hash_235383ca10623990
soundalias,#vox_solo_game_start_unik_plr_15_0
soundalias,#vox_adam_kill_react_plr_15_0
soundalias,#vox_adam_kill_react_plr_15_1
soundalias,#vox_adam_kill_react_plr_15_2
soundalias,#vox_dg5_ready_plr_16_4
soundalias,#vox_dg5_ready_plr_16_3
soundalias,#vox_dg5_ready_plr_16_2
soundalias,#vox_dg5_ready_plr_16_1
soundalias,#vox_dg5_ready_plr_16_0
soundalias,#vox_plr_6_exert_stabbed
soundalias,#vox_overkill_ready_plr_16_3
soundalias,#vox_overkill_ready_plr_16_2
soundalias,#vox_overkill_ready_plr_16_1
soundalias,#vox_overkill_ready_plr_16_0
soundalias,#vox_overkill_ready_plr_16_4
soundalias,#vox_kill_raygun_mk2_plr_5_3
soundalias,#vox_kill_raygun_mk2_plr_5_2
soundalias,#vox_kill_raygun_mk2_plr_5_1
soundalias,#vox_kill_raygun_mk2_plr_5_0
soundalias,#vox_kill_raygun_mk2_plr_5_4
soundalias,#fly_mann_limb_bounce_cloth
soundalias,#fly_mann_head_bounce_rock
soundalias,#amb_vehicle_fire_2
soundalias,#amb_vehicle_fire_3
soundalias,#vox_revive_utak_plr_7_2
soundalias,#vox_revive_utak_plr_7_0
soundalias,#vox_revive_utak_plr_7_1
soundalias,#vox_s4_success_plr_16_1
soundalias,#hash_237c309d8f3f2950
soundalias,#hash_237c329d8f3f2cb6
soundalias,#hash_237c339d8f3f2e69
soundalias,#hash_237c349d8f3f301c
soundalias,#hash_237c359d8f3f31cf
soundalias,#zmb_vocals_zombie_death
soundalias,#hash_2383a9e2cad0ba03
soundalias,#hash_23883c6b6c075330
soundalias,#hash_23883d6b6c0754e3
soundalias,#hash_2388406b6c0759fc
soundalias,#hash_2388426b6c075d62
soundalias,#hash_2388436b6c075f15
soundalias,#vox_ammo_out_plr_8_4
soundalias,#vox_ammo_out_plr_8_1
soundalias,#vox_ammo_out_plr_8_0
soundalias,#vox_ammo_out_plr_8_3
soundalias,#vox_ammo_out_plr_8_2
soundalias,#vox_box_pistol_plr_6_3
soundalias,#vox_box_pistol_plr_6_2
soundalias,#vox_box_pistol_plr_6_1
soundalias,#vox_box_pistol_plr_6_0
soundalias,#vox_box_pistol_plr_6_4
soundalias,#hash_239cea68cc497ca2
soundalias,#wpn_minigun_nuke_impact
soundalias,#fly_mann_head_bounce_bark
soundalias,#fly_step_sprint_zdog_glass
soundalias,#amb_metal_creak
soundalias,#hash_23b0d7a003fc43fa
soundalias,#fly_uw_move_reload_deep
soundalias,#vox_bop5_exert_burn_dmg
soundalias,#vox_path_sorrow_kill_mult_plr_16_3
soundalias,#vox_path_sorrow_kill_mult_plr_16_2
soundalias,#vox_path_sorrow_kill_mult_plr_16_1
soundalias,#vox_path_sorrow_kill_mult_plr_16_0
soundalias,#vox_path_sorrow_kill_mult_plr_16_4
soundalias,#hash_23ce190e20877d9a
soundalias,#zmb_step_mann_crouch_walk_npc_metalcatwalk
soundalias,#vox_tedd_exert_sniper_gasp
soundalias,#wpn_optic_zoom_out
soundalias,#vox_3_banter_demp_niko_plr_7_0
soundalias,#mus_nuked_roundstart_3_intro
soundalias,#hash_23e7483164955a17
soundalias,#fly_step_crouch_run_zdog_paintedmetal
soundalias,#vox_niko_surrounded_oh_shit_plr_8_2
soundalias,#vox_niko_surrounded_oh_shit_plr_8_0
soundalias,#vox_niko_surrounded_oh_shit_plr_8_1
soundalias,#hash_24067f2a91e41d3d
soundalias,#hash_240848b04512bc56
soundalias,#wpn_flame_thrower_stop_plr
soundalias,#vox_bop1_exert_self_heal
soundalias,#hash_2426faf5a7318736
soundalias,#evt_ee_goo_pickup
soundalias,#wpn_generic_dryfire_plr
soundalias,#hash_242d04592ac9c01b
soundalias,#hash_243f0b912f3db075
soundalias,#hash_2452403ff6a1c545
soundalias,#vox_udem_kill_headshot_plr_15_1
soundalias,#vox_udem_kill_headshot_plr_15_0
soundalias,#vox_udem_kill_headshot_plr_15_2
soundalias,#hash_245f4ced76577e30
soundalias,#hash_245f50ed765784fc
soundalias,#hash_245f51ed765786af
soundalias,#vox_s3_fail_marl_2
soundalias,#hash_245f53ed76578a15
soundalias,#vox_4_banter_demp_utak_plr_6_0
soundalias,#hash_24654c19f66a10b9
soundalias,#hash_247638e3ec3ce905
soundalias,#hash_248ea4b797c1bc2a
soundalias,#fly_step_wood_pallet_npc
soundalias,#fly_mag_empty_sweet
soundalias,#vox_bop4_exert_concuss
soundalias,#vox_revive_demp_plr_16_2
soundalias,#vox_revive_demp_plr_16_1
soundalias,#vox_revive_demp_plr_16_0
soundalias,#hash_24a83d379ea859e7
soundalias,#hash_24a83f379ea85d4d
soundalias,#vox_bop2_exert_gas_cough
soundalias,#vox_pickup_galva_plr_8_0
soundalias,#vox_pickup_galva_plr_8_1
soundalias,#vox_pickup_galva_plr_8_2
soundalias,#vox_rich_surrounded_oh_shit_plr_8_2
soundalias,#vox_rich_surrounded_oh_shit_plr_8_1
soundalias,#vox_rich_surrounded_oh_shit_plr_8_0
soundalias,#vox_box_ballistic_plr_14_4
soundalias,#vox_box_ballistic_plr_14_0
soundalias,#vox_box_ballistic_plr_14_1
soundalias,#vox_box_ballistic_plr_14_2
soundalias,#vox_box_ballistic_plr_14_3
soundalias,#fly_step_crouch_walk_zdog_flesh
soundalias,#vox_4_banter_unik_uric_plr_13_0
soundalias,#wpn_dg4_slam_impact_lfe
soundalias,#vox_5_banter_demp_utak_plr_16_1
soundalias,#hash_24cd06941f2cb47c
soundalias,#fly_step_crouch_walk_zdog_default
soundalias,#hash_24e6c0b7980c6194
soundalias,#fly_step_prone_zdog_metalhollow
soundalias,#hash_24eefd2f2e76d686
soundalias,#vox_5_banter_udem_uric_plr_13_1
soundalias,#vox_plr_5_exert_rad_end
soundalias,#fly_flamethrower_first_raise
soundalias,#zmb_vocals_zombie_teardown
soundalias,#evt_gen_terminal_interact
soundalias,#vox_dg5_ready_plr_8_4
soundalias,#vox_dg5_ready_plr_8_0
soundalias,#vox_dg5_ready_plr_8_1
soundalias,#vox_dg5_ready_plr_8_2
soundalias,#vox_dg5_ready_plr_8_3
soundalias,#vox_dg5_kill_mult_plr_13_4
soundalias,#vox_dg5_kill_mult_plr_13_2
soundalias,#vox_dg5_kill_mult_plr_13_3
soundalias,#vox_dg5_kill_mult_plr_13_0
soundalias,#vox_dg5_kill_mult_plr_13_1
soundalias,#vox_kill_raygun_plr_6_3
soundalias,#vox_kill_raygun_plr_6_2
soundalias,#vox_kill_raygun_plr_6_1
soundalias,#vox_kill_raygun_plr_6_0
soundalias,#vox_kill_raygun_plr_6_4
soundalias,#fly_mann_limb_bounce_gravel
soundalias,#hash_252fcf3fee0854d6
soundalias,#hash_253c5a7fdf483d06
soundalias,#hash_25498b279495cecd
soundalias,#vox_bop1_exert_underwater_emerge_breath
soundalias,#fly_step_wreckage_npc
soundalias,#fly_melee_imp_galva_npc_metal
soundalias,#hash_255529675764058c
soundalias,#vox_3_banter_niko_utak_plr_7_0
soundalias,#vox_destroy_rocketshield_plr_14_1
soundalias,#vox_destroy_rocketshield_plr_14_0
soundalias,#vox_destroy_rocketshield_plr_14_2
soundalias,#vox_bop4_exert_death
soundalias,#hash_25681f6acd70c635
soundalias,#hash_2569a1c966f143df
soundalias,#vox_1_banter_niko_take_plr_8_0
soundalias,#hash_2583fe3b4ff9fb1d
soundalias,#hash_258950a084f15890
soundalias,#vox_magic_box_share_plr_13_4
soundalias,#vox_magic_box_share_plr_13_3
soundalias,#vox_magic_box_share_plr_13_2
soundalias,#vox_magic_box_share_plr_13_1
soundalias,#vox_magic_box_share_plr_13_0
soundalias,#vox_ammo_out_plr_7_4
soundalias,#vox_ammo_out_plr_7_2
soundalias,#vox_ammo_out_plr_7_3
soundalias,#vox_ammo_out_plr_7_0
soundalias,#vox_ammo_out_plr_7_1
soundalias,#dst_server_glass
soundalias,#hash_25afe488e04ae938
soundalias,#hash_25b57891043eeb47
soundalias,#vox_plr_5_exert_blind
soundalias,#fly_step_run_zdog_bark
soundalias,#hash_25d9e2929f1b7eb0
soundalias,#vox_bop4_exert_sniper_exhale
soundalias,#vox_demp_surrounded_oh_shit_plr_16_2
soundalias,#vox_demp_surrounded_oh_shit_plr_16_0
soundalias,#vox_demp_surrounded_oh_shit_plr_16_1
soundalias,#hash_25eb2ecb06922b3e
soundalias,#zmb_step_mann_walk_foliage
soundalias,#hash_25f1c46a85f175d4
soundalias,#hash_25f8d45b53324a60
soundalias,#vox_bop5_exert_rad_start
soundalias,#hash_26007240b5186e39
soundalias,#wpn_generic_wpn_bounce_cushion
soundalias,#vox_generic_responses_positive_plr_8_8
soundalias,#vox_generic_responses_positive_plr_8_9
soundalias,#vox_generic_responses_positive_plr_8_6
soundalias,#vox_generic_responses_positive_plr_8_7
soundalias,#vox_generic_responses_positive_plr_8_4
soundalias,#vox_generic_responses_positive_plr_8_5
soundalias,#vox_generic_responses_positive_plr_8_2
soundalias,#vox_generic_responses_positive_plr_8_3
soundalias,#vox_generic_responses_positive_plr_8_0
soundalias,#vox_generic_responses_positive_plr_8_1
soundalias,#fly_step_sprint_zdog_cloth
soundalias,#hash_26437f71aa618355
soundalias,#vox_1_banter_udem_uric_plr_14_0
soundalias,#hash_268a7ee5fac09886
soundalias,#fly_step_stair_metal_enter
soundalias,#vox_box_sniper_plr_8_1
soundalias,#vox_box_sniper_plr_8_0
soundalias,#vox_box_sniper_plr_8_3
soundalias,#vox_box_sniper_plr_8_2
soundalias,#vox_box_sniper_plr_8_4
soundalias,#vox_bop2_exert_razor_wire
soundalias,#vox_box_raygun_mk2_plr_14_2
soundalias,#vox_box_raygun_mk2_plr_14_3
soundalias,#vox_box_raygun_mk2_plr_14_0
soundalias,#vox_box_raygun_mk2_plr_14_1
soundalias,#vox_box_raygun_mk2_plr_14_4
soundalias,#vox_kill_melee_plr_16_6
soundalias,#vox_kill_melee_plr_16_7
soundalias,#vox_kill_melee_plr_16_4
soundalias,#vox_kill_melee_plr_16_5
soundalias,#vox_kill_melee_plr_16_2
soundalias,#vox_kill_melee_plr_16_3
soundalias,#vox_kill_melee_plr_16_0
soundalias,#vox_kill_melee_plr_16_1
soundalias,#vox_kill_melee_plr_16_8
soundalias,#vox_kill_melee_plr_16_9
soundalias,#vox_revive_demp_plr_7_2
soundalias,#vox_revive_demp_plr_7_1
soundalias,#vox_revive_demp_plr_7_0
soundalias,#vox_special_round_kill_plr_13_1
soundalias,#vox_special_round_kill_plr_13_0
soundalias,#vox_special_round_kill_plr_13_3
soundalias,#vox_special_round_kill_plr_13_2
soundalias,#vox_special_round_kill_plr_13_4
soundalias,#fly_mann_head_bounce_default
soundalias,#hash_26e937cc3903ea28
soundalias,#hash_26f8717dbe9938fe
soundalias,#vox_demp_kill_headshot_plr_5_1
soundalias,#vox_demp_kill_headshot_plr_5_0
soundalias,#vox_demp_kill_headshot_plr_5_2
soundalias,#vox_2_banter_demp_niko_plr_6_1
soundalias,#fly_bump_alum_door
soundalias,#hash_27307cf6fa94ac1f
soundalias,#vox_kill_monkey_plr_15_4
soundalias,#vox_kill_monkey_plr_15_0
soundalias,#vox_kill_monkey_plr_15_1
soundalias,#vox_kill_monkey_plr_15_2
soundalias,#vox_kill_monkey_plr_15_3
soundalias,#zmb_switch_flip_trap_reset
soundalias,#fly_mann_limb_bounce_plastic
soundalias,#hash_2738678ec145c4ac
soundalias,#fly_bump_truck
soundalias,#vox_blac_exert_mant_heavy
soundalias,#fly_mann_limb_bounce_plaster
soundalias,#vox_pickup_generic_plr_5_1
soundalias,#vox_pickup_generic_plr_5_0
soundalias,#vox_pickup_generic_plr_5_3
soundalias,#vox_pickup_generic_plr_5_2
soundalias,#vox_pickup_generic_plr_5_5
soundalias,#vox_pickup_generic_plr_5_4
soundalias,#vox_pickup_generic_plr_5_7
soundalias,#vox_pickup_generic_plr_5_6
soundalias,#vox_pickup_generic_plr_5_9
soundalias,#vox_pickup_generic_plr_5_8
soundalias,#hash_274493fd61d94d73
soundalias,#hash_2744e20c904dcaf0
soundalias,#wpn_rgun_flux_l_plr
soundalias,#hash_274c1bf21dfa765a
soundalias,#hash_274d964f88723515
soundalias,#vox_bop1_exert_gas_cough
soundalias,#vox_adam_code_pernell_rush_1
soundalias,#vox_adam_code_pernell_rush_0
soundalias,#vox_adam_activate_plr_13_2
soundalias,#vox_adam_activate_plr_13_1
soundalias,#vox_adam_activate_plr_13_0
soundalias,#hash_277d298cf39a2119
soundalias,#hash_278ab548a57f7f9b
soundalias,#vox_tedd_exert_explo_dead
soundalias,#hash_27b6a39054ad63ec
soundalias,#hash_27c02185cabe2640
soundalias,#amb_projector
soundalias,#hash_27d8b2ee9c6b17ae
soundalias,#hash_27d8b3ee9c6b1961
soundalias,#fly_step_walk_zdog_paper
soundalias,#amb_thunder_strike
soundalias,#vox_boss_release_rush_2
soundalias,#vox_revive_support_udem_plr_8_2
soundalias,#vox_revive_support_udem_plr_8_1
soundalias,#vox_revive_support_udem_plr_8_0
soundalias,#vox_dg5_kill_mult_plr_7_3
soundalias,#vox_dg5_kill_mult_plr_7_2
soundalias,#vox_dg5_kill_mult_plr_7_1
soundalias,#vox_dg5_kill_mult_plr_7_0
soundalias,#vox_dg5_kill_mult_plr_7_4
soundalias,#zmb_step_mann_walk_rock
soundalias,#hash_27f12e7284f453c6
soundalias,#vox_1_banter_take_uric_plr_13_1
soundalias,#wpn_vulcan_fire_loop_plr
soundalias,#zmb_death_nohead_blood
soundalias,#vox_unik_surrounded_oh_shit_plr_16_1
soundalias,#vox_unik_surrounded_oh_shit_plr_16_0
soundalias,#vox_unik_surrounded_oh_shit_plr_16_2
soundalias,#vox_revive_udem_plr_8_2
soundalias,#vox_revive_udem_plr_8_1
soundalias,#vox_revive_udem_plr_8_0
soundalias,#hash_2831f068cf0381fb
soundalias,#hash_2831f168cf0383ae
soundalias,#hash_2831f268cf038561
soundalias,#hash_2848ed9419d84571
soundalias,#vox_plr_6_exert_gas_gag
soundalias,#hash_2851b65c33ed27e7
soundalias,#hash_285bd9f400e814b8
soundalias,#hash_285bdaf400e8166b
soundalias,#hash_285bdbf400e8181e
soundalias,#hash_285bdcf400e819d1
soundalias,#hash_285bdff400e81eea
soundalias,#zmb_step_mann_crouch_run_npc_paper
soundalias,#vox_pickup_rocketshield_plr_16_2
soundalias,#vox_pickup_rocketshield_plr_16_1
soundalias,#vox_pickup_rocketshield_plr_16_0
soundalias,#wpn_apd_shot
soundalias,#hash_28762a5a9e4b571f
soundalias,#zmb_step_mann_run_dirt
soundalias,#hash_288a6befcfe526f3
soundalias,#hash_288baf38b2783891
soundalias,#vox_niko_kill_headshot_plr_6_1
soundalias,#vox_niko_kill_headshot_plr_6_0
soundalias,#vox_niko_kill_headshot_plr_6_2
soundalias,#vox_kill_headshot_plr_5_8
soundalias,#vox_kill_headshot_plr_5_9
soundalias,#vox_kill_headshot_plr_5_0
soundalias,#vox_kill_headshot_plr_5_1
soundalias,#vox_kill_headshot_plr_5_2
soundalias,#vox_kill_headshot_plr_5_3
soundalias,#vox_kill_headshot_plr_5_4
soundalias,#vox_kill_headshot_plr_5_5
soundalias,#vox_kill_headshot_plr_5_6
soundalias,#vox_kill_headshot_plr_5_7
soundalias,#hash_28d19706c882d8c3
soundalias,#wpn_pineapple_mini_loop
soundalias,#vox_plr_7_exert_sniper_exhale
soundalias,#vox_bop2_exert_death_fall
soundalias,#hash_29099fd58c05a849
soundalias,#hash_291018d20bb10fb2
soundalias,#hash_2912eff49be62b26
soundalias,#zmb_step_mann_crouch_run_npc_watershallow
soundalias,#vox_nova_react_plr_15_4
soundalias,#vox_nova_react_plr_15_0
soundalias,#vox_nova_react_plr_15_1
soundalias,#vox_nova_react_plr_15_2
soundalias,#vox_nova_react_plr_15_3
soundalias,#hash_2929124cb40cb9a6
soundalias,#vox_revive_support_unik_plr_8_2
soundalias,#vox_revive_support_unik_plr_8_1
soundalias,#vox_revive_support_unik_plr_8_0
soundalias,#hash_2937525164553890
soundalias,#hash_29384db9beaafe20
soundalias,#hash_293851b9beab04ec
soundalias,#hash_293852b9beab069f
soundalias,#hash_293853b9beab0852
soundalias,#hash_293854b9beab0a05
soundalias,#vox_attacked_zombie_plr_5_5
soundalias,#vox_attacked_zombie_plr_5_4
soundalias,#vox_attacked_zombie_plr_5_7
soundalias,#vox_attacked_zombie_plr_5_6
soundalias,#vox_attacked_zombie_plr_5_1
soundalias,#vox_attacked_zombie_plr_5_0
soundalias,#vox_attacked_zombie_plr_5_3
soundalias,#vox_attacked_zombie_plr_5_2
soundalias,#vox_attacked_zombie_plr_5_9
soundalias,#vox_attacked_zombie_plr_5_8
soundalias,#vox_adam_code_pernell_plr_8_2
soundalias,#fly_melee_imp_galva_riot
soundalias,#vox_s2_return_rush_0
soundalias,#hash_296b9cb6858cd89f
soundalias,#hash_296bd4d8b822a9c0
soundalias,#hash_296f0108d52581c0
soundalias,#vox_oh_shit_plr_8_8
soundalias,#vox_oh_shit_plr_8_9
soundalias,#vox_oh_shit_plr_8_6
soundalias,#vox_oh_shit_plr_8_7
soundalias,#vox_oh_shit_plr_8_4
soundalias,#vox_oh_shit_plr_8_5
soundalias,#vox_oh_shit_plr_8_2
soundalias,#vox_oh_shit_plr_8_3
soundalias,#vox_oh_shit_plr_8_0
soundalias,#vox_oh_shit_plr_8_1
soundalias,#vox_bom2_exert_rad_end
soundalias,#hash_297dda91ec25d28d
soundalias,#evt_server_put
soundalias,#fly_zombie_jumpland_soft
soundalias,#vox_power_switch_plr_5_1
soundalias,#vox_power_switch_plr_5_0
soundalias,#vox_power_switch_plr_5_2
soundalias,#fly_mann_head_bounce_mud
soundalias,#vox_plr_7_exert_gas_cough
soundalias,#vox_3_banter_demp_unik_plr_15_1
soundalias,#phy_metal_pan_bounce
soundalias,#fly_generic_down_shrt_plr
soundalias,#fly_combat_knife_first_raise_npc
soundalias,#vox_plr_8_exert_blind
soundalias,#vox_rushmore_ugly_rush_0
soundalias,#hash_29f2a9f49833dfaf
soundalias,#zmb_vox_monkey_land
soundalias,#fly_step_run_zdog_gravel
soundalias,#fly_step_sprint_zdog_carpet
soundalias,#amb_paper_trash
soundalias,#fly_bump_metal_stall
soundalias,#hash_2a2a23a72475e869
soundalias,#vox_boss_intro_plr_6_3
soundalias,#hash_2a2ebdf34fb336b1
soundalias,#hash_2a31c7f5cca0ac12
soundalias,#vox_2_banter_demp_uric_plr_13_1
soundalias,#hash_2a4b30f5343f03da
soundalias,#fly_step_prone_zdog_paintedmetal
soundalias,#vox_ammo_low_plr_14_0
soundalias,#vox_ammo_low_plr_14_1
soundalias,#vox_ammo_low_plr_14_2
soundalias,#vox_ammo_low_plr_14_3
soundalias,#vox_ammo_low_plr_14_4
soundalias,#wpn_generic_wpn_bounce_dirt
soundalias,#evt_punch_card_pickup
soundalias,#hash_2a63023ffb075ce6
soundalias,#hash_2a634b0fdb20b912
soundalias,#vox_kill_headshot_plr_15_9
soundalias,#vox_kill_headshot_plr_15_8
soundalias,#vox_kill_headshot_plr_15_7
soundalias,#vox_kill_headshot_plr_15_6
soundalias,#vox_kill_headshot_plr_15_5
soundalias,#vox_kill_headshot_plr_15_4
soundalias,#vox_kill_headshot_plr_15_3
soundalias,#vox_kill_headshot_plr_15_2
soundalias,#vox_kill_headshot_plr_15_1
soundalias,#vox_kill_headshot_plr_15_0
soundalias,#hash_2a6739fb04225a6f
soundalias,#hash_2a673afb04225c22
soundalias,#hash_2a673bfb04225dd5
soundalias,#hash_2a6e793295de605f
soundalias,#hash_2a7df3c729c1848a
soundalias,#vox_revive_support_take_plr_13_2
soundalias,#vox_revive_support_take_plr_13_1
soundalias,#vox_revive_support_take_plr_13_0
soundalias,#vox_uric_kill_headshot_plr_7_0
soundalias,#vox_uric_kill_headshot_plr_7_1
soundalias,#vox_uric_kill_headshot_plr_7_2
soundalias,#vox_4_banter_rich_unik_plr_15_1
soundalias,#hash_2a927190f7ba0ce7
soundalias,#vox_boss_success_plr_14_3
soundalias,#vox_plr_5_exert_death
soundalias,#wpn_generic_clip_bounce_glass
soundalias,#wpn_minigun_sheathe_plr
soundalias,#vox_revive_niko_plr_14_0
soundalias,#vox_revive_niko_plr_14_1
soundalias,#vox_revive_niko_plr_14_2
soundalias,#hash_2abd46a74202478f
soundalias,#vox_1_banter_take_udem_plr_8_0
soundalias,#vox_1_banter_niko_uric_plr_13_1
soundalias,#vox_niko_surrounded_oh_shit_plr_14_2
soundalias,#vox_niko_surrounded_oh_shit_plr_14_1
soundalias,#vox_niko_surrounded_oh_shit_plr_14_0
soundalias,#zmb_step_mann_sprint_metalthin
soundalias,#vox_boss_nuke_count_four_ncom_0
soundalias,#hash_2aee85ce9a5bee52
soundalias,#mus_im_6_intro
soundalias,#hash_2afda44853d14a17
soundalias,#evt_server_door_start
soundalias,#fly_step_prone_zdog_metalcatprone
soundalias,#wpn_rgun_mk2v_start
soundalias,#vox_destroy_rocketshield_plr_8_0
soundalias,#vox_destroy_rocketshield_plr_8_1
soundalias,#vox_destroy_rocketshield_plr_8_2
soundalias,#vox_boss_nuke_count_eight_ncom_0
soundalias,#vox_bop5_exert_rad_end
soundalias,#hash_2b2ce304596c11cd
soundalias,#hash_2b4f03822bdc9869
soundalias,#hash_2b50c495d50fb078
soundalias,#hash_2b50c695d50fb3de
soundalias,#hash_2b50c795d50fb591
soundalias,#vox_solo_end_round1_rich_plr_5_0
soundalias,#zmb_step_mann_crouch_walk_npc_glasscar
soundalias,#vox_bom3_exert_rad_dmg
soundalias,#hash_2b760b3f7712c4ee
soundalias,#hash_2b8a908a24bb14a4
soundalias,#zmb_step_mann_walk_paintedmetal
soundalias,#vox_quiz_one_rush_1
soundalias,#vox_quiz_one_rush_0
soundalias,#hash_2b9b9ae27f099922
soundalias,#mus_fire_sale
soundalias,#vox_generic_responses_negative_plr_13_8
soundalias,#vox_generic_responses_negative_plr_13_9
soundalias,#vox_generic_responses_negative_plr_13_0
soundalias,#vox_generic_responses_negative_plr_13_1
soundalias,#vox_generic_responses_negative_plr_13_2
soundalias,#vox_generic_responses_negative_plr_13_3
soundalias,#vox_generic_responses_negative_plr_13_4
soundalias,#vox_generic_responses_negative_plr_13_5
soundalias,#vox_generic_responses_negative_plr_13_6
soundalias,#vox_generic_responses_negative_plr_13_7
soundalias,#vox_s6_end_rush_0
soundalias,#fly_step_brick
soundalias,#hash_2bbb499140aa132f
soundalias,#hash_2bc2ca4b22b9803e
soundalias,#vox_box_pistol_plr_7_2
soundalias,#vox_box_pistol_plr_7_3
soundalias,#vox_box_pistol_plr_7_0
soundalias,#vox_box_pistol_plr_7_1
soundalias,#vox_box_pistol_plr_7_4
soundalias,#phy_book_bounce
soundalias,#vox_plr_7_exert_razor_wire
soundalias,#vox_plr_7_exert_death_veh_under
soundalias,#hash_2be6ede02abf5cfc
soundalias,#vox_revive_support_demp_plr_8_0
soundalias,#vox_revive_support_demp_plr_8_1
soundalias,#vox_revive_support_demp_plr_8_2
soundalias,#hash_2bfff78ed4aefdbc
soundalias,#vox_boss_nuke_count_six_ncom_0
soundalias,#hash_2c0f657754a8cfca
soundalias,#vox_3_banter_niko_udem_plr_14_1
soundalias,#hash_2c1a2b29f89d9c1e
soundalias,#vox_5_banter_niko_udem_plr_7_0
soundalias,#fly_melee_lungealt_knife
soundalias,#hash_2c353a931f7b6186
soundalias,#zmb_quad_gas_attack_start
soundalias,#vox_4_banter_uric_utak_plr_13_1
soundalias,#phy_toy_car_bounce
soundalias,#vox_code_correct_rush_0
soundalias,#zmb_step_mann_sprint_glassbulletproof
soundalias,#vox_plr_7_exert_gas_gag
soundalias,#hash_2c67429133b7c0aa
soundalias,#vox_revive_support_niko_plr_13_2
soundalias,#vox_revive_support_niko_plr_13_1
soundalias,#vox_revive_support_niko_plr_13_0
soundalias,#vox_plr_5_exert_punch_give
soundalias,#hash_2c8b117fe30982fb
soundalias,#zmb_vocals_mann_death_nohead
soundalias,#hash_2c9e6de3f0b6f5d4
soundalias,#exp_transformer_flux_r
soundalias,#exp_transformer_flux_l
soundalias,#vox_oh_shit_plr_16_1
soundalias,#vox_oh_shit_plr_16_0
soundalias,#vox_oh_shit_plr_16_3
soundalias,#vox_oh_shit_plr_16_2
soundalias,#vox_oh_shit_plr_16_5
soundalias,#vox_oh_shit_plr_16_4
soundalias,#vox_oh_shit_plr_16_7
soundalias,#vox_oh_shit_plr_16_6
soundalias,#vox_oh_shit_plr_16_9
soundalias,#vox_oh_shit_plr_16_8
soundalias,#hash_2cb99908783105d8
soundalias,#wpn_ray_reload_battery_in
soundalias,#fly_step_wood_board_enter
soundalias,#vox_kill_raygun_plr_16_4
soundalias,#vox_kill_raygun_plr_16_0
soundalias,#vox_kill_raygun_plr_16_1
soundalias,#vox_kill_raygun_plr_16_2
soundalias,#vox_kill_raygun_plr_16_3
soundalias,#vox_3_banter_rich_unik_plr_5_0
soundalias,#vox_3_banter_uric_utak_plr_13_0
soundalias,#vox_plr_7_exert_sniper_hold
soundalias,#fly_step_sprint_zdog_ice
soundalias,#fly_bump_bottle
soundalias,#vox_plr_5_exert_bludgeoned
soundalias,#vox_boss_release_plr_16_1
soundalias,#vox_bof1_exert_rad_dmg
soundalias,#hash_2d14774ac016e8a3
soundalias,#wpn_flamethrower_sheathe_npc
soundalias,#hash_2d21d20d07304b64
soundalias,#zmb_step_mann_crouch_run_npc_ceramic
soundalias,#hash_2d315cc2ceea3422
soundalias,#evt_mmtd_loop
soundalias,#zmb_step_mann_walk_cloth
soundalias,#hash_2d39f22d7ca86adc
soundalias,#vox_adam_kill_react_plr_16_2
soundalias,#vox_adam_kill_react_plr_16_1
soundalias,#vox_adam_kill_react_plr_16_0
soundalias,#vox_revive_self_plr_5_1
soundalias,#vox_revive_self_plr_5_0
soundalias,#vox_revive_self_plr_5_3
soundalias,#vox_revive_self_plr_5_2
soundalias,#vox_revive_self_plr_5_4
soundalias,#vox_kill_raygun_plr_7_2
soundalias,#vox_kill_raygun_plr_7_3
soundalias,#vox_kill_raygun_plr_7_0
soundalias,#vox_kill_raygun_plr_7_1
soundalias,#vox_kill_raygun_plr_7_4
soundalias,#fly_mann_limb_bounce_paper
soundalias,#fly_step_crouch_walk_zdog_grass
soundalias,#wpn_dg4_electrocution_impact
soundalias,#hash_2d87822f312b7e39
soundalias,#fly_mann_limb_bounce_asphalt
soundalias,#wpn_rgun_fire_act_plr
soundalias,#hash_2d8f8d79d800431f
soundalias,#dst_dest_reel2reel_01_dp_d0
soundalias,#dst_dest_reel2reel_01_dp_d1
soundalias,#dst_dest_reel2reel_01_dp_d2
soundalias,#zmb_vocals_mann_taunt_v1
soundalias,#vox_2_banter_demp_rich_plr_6_1
soundalias,#fly_melee_imp_galva_cloth
soundalias,#vox_box_launcher_plr_14_4
soundalias,#vox_box_launcher_plr_14_1
soundalias,#vox_box_launcher_plr_14_0
soundalias,#vox_box_launcher_plr_14_3
soundalias,#vox_box_launcher_plr_14_2
soundalias,#hash_2db2a17a1cb454c1
soundalias,#vox_1_banter_rich_unik_plr_5_0
soundalias,#pfx_power_arc
soundalias,#vox_bop4_exert_sniper_hold
soundalias,#vox_magic_box_share_plr_6_4
soundalias,#vox_magic_box_share_plr_6_1
soundalias,#vox_magic_box_share_plr_6_0
soundalias,#vox_magic_box_share_plr_6_3
soundalias,#vox_magic_box_share_plr_6_2
soundalias,#hash_2dce1935bef81d4b
soundalias,#vox_operations_intro_plr_8_3
soundalias,#vox_operations_intro_plr_8_0
soundalias,#hash_2dd935e5fe81de7b
soundalias,#hash_2ddcd295a40a8458
soundalias,#vox_revive_support_take_plr_6_1
soundalias,#vox_revive_support_take_plr_6_0
soundalias,#vox_revive_support_take_plr_6_2
soundalias,#hash_2de8af9b51bbed3f
soundalias,#evt_switchbox_open
soundalias,#fly_step_crouch_run_zdog_bodyarmor
soundalias,#hash_2dfe7f7f7939c1a7
soundalias,#vox_box_raygun_mk2_plr_13_1
soundalias,#vox_box_raygun_mk2_plr_13_0
soundalias,#vox_box_raygun_mk2_plr_13_3
soundalias,#vox_box_raygun_mk2_plr_13_2
soundalias,#vox_box_raygun_mk2_plr_13_4
soundalias,#hash_2e083aca1706a885
soundalias,#hash_2e11722e3da9f0e0
soundalias,#hash_2e11762e3da9f7ac
soundalias,#hash_2e11782e3da9fb12
soundalias,#vox_hellfire_kill_mult_plr_13_3
soundalias,#vox_hellfire_kill_mult_plr_13_2
soundalias,#vox_hellfire_kill_mult_plr_13_1
soundalias,#vox_hellfire_kill_mult_plr_13_0
soundalias,#vox_hellfire_kill_mult_plr_13_4
soundalias,#hash_2e37d2cc3cc50089
soundalias,#hash_2e38d5b9c9382a71
soundalias,#hash_2e3ad86fbbde47ec
soundalias,#hash_2e3ef5cafd94335d
soundalias,#hash_2e4b3d95b5a51afa
soundalias,#vox_box_move_plr_6_1
soundalias,#vox_box_move_plr_6_0
soundalias,#vox_box_move_plr_6_3
soundalias,#vox_box_move_plr_6_2
soundalias,#vox_box_move_plr_6_4
soundalias,#fly_melee_imp_galva_npc_metalcar
soundalias,#vox_kill_monkey_plr_16_3
soundalias,#vox_kill_monkey_plr_16_2
soundalias,#vox_kill_monkey_plr_16_1
soundalias,#vox_kill_monkey_plr_16_0
soundalias,#vox_kill_monkey_plr_16_4
soundalias,#exp_mp_propane_tank_explo
soundalias,#fly_mann_head_bounce_ceramic
soundalias,#vox_boss_nuke_count_five_ncom_0
soundalias,#fly_step_roof_tile_plr
soundalias,#vox_3_banter_take_unik_plr_8_0
soundalias,#phy_milkcrate_bounce
soundalias,#vox_take_surrounded_oh_shit_plr_7_1
soundalias,#vox_take_surrounded_oh_shit_plr_7_0
soundalias,#vox_take_surrounded_oh_shit_plr_7_2
soundalias,#wpn_pineapple_explode_decay
soundalias,#dst_server_power
soundalias,#hash_2f14bfc6d077aa2c
soundalias,#hash_2f14c0c6d077abdf
soundalias,#hash_2f14c3c6d077b0f8
soundalias,#hash_2f14c4c6d077b2ab
soundalias,#hash_2f14c5c6d077b45e
soundalias,#hash_2f14c6c6d077b611
soundalias,#hash_2f14c7c6d077b7c4
soundalias,#hash_2f14c8c6d077b977
soundalias,#hash_2f14c9c6d077bb2a
soundalias,#hash_2f14cac6d077bcdd
soundalias,#vox_plr_8_exert_underwater_emerge_breath
soundalias,#hash_2f1a84d3f532fbb3
soundalias,#fly_step_crouch_run_zdog_default
soundalias,#wpn_rgun_mk2_flux_r_npc
soundalias,#zmb_clock_hand
soundalias,#vox_plr_5_exert_rad_dmg
soundalias,#vox_2_banter_demp_take_plr_8_1
soundalias,#vox_bof3_exert_rad_start
soundalias,#vox_take_surrounded_oh_shit_plr_14_2
soundalias,#vox_take_surrounded_oh_shit_plr_14_1
soundalias,#vox_take_surrounded_oh_shit_plr_14_0
soundalias,#wpn_smg_thompson_fire_npc
soundalias,#wpn_katana_sheathe_npc
soundalias,#hash_2f5b570f7b90ee62
soundalias,#hash_2f5cd11e303cc80c
soundalias,#hash_2f5f163b55e56b25
soundalias,#hash_2f60a08ec5bfd847
soundalias,#wpn_rgun_loop
soundalias,#wpn_katana_melee_plr
soundalias,#vox_boss_release_plr_6_1
soundalias,#vox_1_banter_rich_udem_plr_5_0
soundalias,#vox_3_banter_niko_utak_plr_16_1
soundalias,#hash_2f7445f222747078
soundalias,#hash_2f7447f2227473de
soundalias,#hash_2f7545c1f8945187
soundalias,#evt_rgun_frame_putback
soundalias,#vox_nova_effect_react_plr_8_2
soundalias,#vox_nova_effect_react_plr_8_0
soundalias,#vox_nova_effect_react_plr_8_1
soundalias,#hash_2f906af4529152ca
soundalias,#fly_step_crouch_run_zdog_gravel
soundalias,#fly_step_crouch_walk_zdog_fruit
soundalias,#vox_1_banter_demp_rich_plr_5_0
soundalias,#fly_bowie_impact_npc
soundalias,#fly_pineapple_tap
soundalias,#hash_2fdc4c8c7fea21ae
soundalias,#fly_step_prone_zdog_snow
soundalias,#hash_2fe7e8541559c3a3
soundalias,#vox_tedd_exert_burn_dead
soundalias,#hash_2ff52c4a18a903a8
soundalias,#hash_2ff5304a18a90a74
soundalias,#hash_2ff5314a18a90c27
soundalias,#hash_2ff5324a18a90dda
soundalias,#hash_2ff5334a18a90f8d
soundalias,#vox_roundstart_special_plr_16_1
soundalias,#vox_roundstart_special_plr_16_0
soundalias,#vox_roundstart_special_plr_16_3
soundalias,#vox_roundstart_special_plr_16_2
soundalias,#vox_roundstart_special_plr_16_4
soundalias,#zmb_vocals_mann_attack_melee
soundalias,#hash_3004bf524488d6c8
soundalias,#zmb_hellhound_loop_breath
soundalias,#zmb_step_mann_walk_glass
soundalias,#vox_kill_headshot_plr_6_9
soundalias,#vox_kill_headshot_plr_6_8
soundalias,#vox_kill_headshot_plr_6_7
soundalias,#vox_kill_headshot_plr_6_6
soundalias,#vox_kill_headshot_plr_6_5
soundalias,#vox_kill_headshot_plr_6_4
soundalias,#vox_kill_headshot_plr_6_3
soundalias,#vox_kill_headshot_plr_6_2
soundalias,#vox_kill_headshot_plr_6_1
soundalias,#vox_kill_headshot_plr_6_0
soundalias,#vox_destroy_rocketshield_plr_15_0
soundalias,#vox_destroy_rocketshield_plr_15_1
soundalias,#vox_destroy_rocketshield_plr_15_2
soundalias,#wpn_dg4_first_raise_lvl3_npc
soundalias,#wpn_katana_idle_lp
soundalias,#vox_solo_end_round2_unik_plr_15_0
soundalias,#fly_step_crouch_run_zdog_dirt
soundalias,#hash_3043ba385f024640
soundalias,#zmb_step_mann_walk_metalcatwalk
soundalias,#zmb_death_gibss
soundalias,#wpn_generic_wpn_bounce_asphalt
soundalias,#hash_30518fda3c1c5b2f
soundalias,#vox_bop4_exert_gas_gag
soundalias,#hash_306228f49fa84e01
soundalias,#phy_impact_fruit
soundalias,#vox_revive_support_utak_plr_5_0
soundalias,#vox_revive_support_utak_plr_5_1
soundalias,#vox_revive_support_utak_plr_5_2
soundalias,#hash_306789a32ec1b229
soundalias,#vox_plr_5_exert_breath_hurt
soundalias,#vox_revive_support_unik_plr_16_2
soundalias,#vox_revive_support_unik_plr_16_0
soundalias,#vox_revive_support_unik_plr_16_1
soundalias,#fly_step_sprint_zdog_paper
soundalias,#hash_3077e74840a6cab9
soundalias,#wpn_pineapple_loop
soundalias,#hash_308225ffb60770b5
soundalias,#zmb_step_mann_crouch_run_npc_tallgrass
soundalias,#vox_plr_8_exert_suppressed
soundalias,#zmb_step_mann_walk_mud
soundalias,#fly_step_water_enter
soundalias,#vox_bop5_exert_suppressed
soundalias,#fly_step_prone_zdog_glassbulletproof
soundalias,#vox_boss_intro_plr_5_3
soundalias,#fly_melee_lunge_knife
soundalias,#hash_30a620e7fa74f696
soundalias,#hash_30a621e7fa74f849
soundalias,#hash_30a626e7fa7500c8
soundalias,#hash_30a627e7fa75027b
soundalias,#hash_30a628e7fa75042e
soundalias,#hash_30a629e7fa7505e1
soundalias,#hash_30a62ae7fa750794
soundalias,#hash_30a62be7fa750947
soundalias,#hash_30a62ce7fa750afa
soundalias,#hash_30a62de7fa750cad
soundalias,#vox_oh_shit_plr_7_5
soundalias,#vox_oh_shit_plr_7_4
soundalias,#vox_oh_shit_plr_7_7
soundalias,#vox_oh_shit_plr_7_6
soundalias,#vox_oh_shit_plr_7_1
soundalias,#vox_oh_shit_plr_7_0
soundalias,#vox_oh_shit_plr_7_3
soundalias,#vox_oh_shit_plr_7_2
soundalias,#vox_oh_shit_plr_7_9
soundalias,#vox_oh_shit_plr_7_8
soundalias,#zmb_perks_packa_knuckle_0
soundalias,#zmb_perks_packa_knuckle_1
soundalias,#zmb_hellhound_loop_fire
soundalias,#vox_1_banter_udem_utak_plr_16_1
soundalias,#vox_generic_responses_positive_plr_7_5
soundalias,#vox_generic_responses_positive_plr_7_4
soundalias,#vox_generic_responses_positive_plr_7_7
soundalias,#vox_generic_responses_positive_plr_7_6
soundalias,#vox_generic_responses_positive_plr_7_1
soundalias,#vox_generic_responses_positive_plr_7_0
soundalias,#vox_generic_responses_positive_plr_7_3
soundalias,#vox_generic_responses_positive_plr_7_2
soundalias,#vox_generic_responses_positive_plr_7_9
soundalias,#vox_generic_responses_positive_plr_7_8
soundalias,#mus_mannequin_defend_exit
soundalias,#hash_30f7efc8bfbc2f51
soundalias,#evt_spare_change
soundalias,#vox_plr_8_exert_breath_hurt
soundalias,#vox_take_kill_headshot_plr_6_1
soundalias,#vox_take_kill_headshot_plr_6_0
soundalias,#vox_take_kill_headshot_plr_6_2
soundalias,#hash_31078a90fac255a2
soundalias,#vox_solo_game_start_utak_plr_16_0
soundalias,#fly_step_walk_zdog_water
soundalias,#zmb_vox_monkey_scream
soundalias,#hash_312343edef77b727
soundalias,#zmb_step_mann_sprint_water
soundalias,#hash_31264c6dae608841
soundalias,#hash_3128cd4f8e5dd9ca
soundalias,#phy_silverware_bounce
soundalias,#hash_3139fd5e6c68b98e
soundalias,#vox_nova_react_plr_16_3
soundalias,#vox_nova_react_plr_16_2
soundalias,#vox_nova_react_plr_16_1
soundalias,#vox_nova_react_plr_16_0
soundalias,#vox_nova_react_plr_16_4
soundalias,#hash_3150a609d055a88b
soundalias,#evt_switch_flip_trap
soundalias,#hash_315685483901984c
soundalias,#hash_3169ecf1a6bc829f
soundalias,#wpn_rgun_mk2_exp
soundalias,#evt_insulator_hit
soundalias,#fly_step_run_zdog_flesh
soundalias,#zmb_step_mann_crouch_run_npc_water
soundalias,#vox_kill_monkey_plr_8_0
soundalias,#vox_kill_monkey_plr_8_1
soundalias,#vox_kill_monkey_plr_8_2
soundalias,#vox_kill_monkey_plr_8_3
soundalias,#vox_kill_monkey_plr_8_4
soundalias,#wpn_dg4_melee_swing_plr
soundalias,#zmb_step_mann_crouch_walk_npc_paintedmetal
soundalias,#vox_kill_headshot_plr_14_6
soundalias,#vox_kill_headshot_plr_14_7
soundalias,#vox_kill_headshot_plr_14_4
soundalias,#vox_kill_headshot_plr_14_5
soundalias,#vox_kill_headshot_plr_14_2
soundalias,#vox_kill_headshot_plr_14_3
soundalias,#vox_kill_headshot_plr_14_0
soundalias,#vox_kill_headshot_plr_14_1
soundalias,#vox_kill_headshot_plr_14_8
soundalias,#vox_kill_headshot_plr_14_9
soundalias,#hash_31b89d515478bb8f
soundalias,#fly_step_walk_zdog_brick
soundalias,#vox_dg5_kill_mult_plr_6_2
soundalias,#vox_dg5_kill_mult_plr_6_3
soundalias,#vox_dg5_kill_mult_plr_6_0
soundalias,#vox_dg5_kill_mult_plr_6_1
soundalias,#vox_dg5_kill_mult_plr_6_4
soundalias,#vox_ammo_low_plr_8_3
soundalias,#vox_ammo_low_plr_8_2
soundalias,#vox_ammo_low_plr_8_1
soundalias,#vox_ammo_low_plr_8_0
soundalias,#vox_ammo_low_plr_8_4
soundalias,#vox_5_banter_niko_take_plr_7_0
soundalias,#amb_wind_gust_devil
soundalias,#vox_blac_exert_gas_gag
soundalias,#hash_31e3fd3c1feef6fd
soundalias,#hash_31e90a2e8f036327
soundalias,#hash_31f3b0479d450d5a
soundalias,#wpn_generic_wpn_bounce_glass
soundalias,#hash_320c65a44d0e94fd
soundalias,#vox_5_banter_demp_uric_plr_6_1
soundalias,#zmb_switch_flip
soundalias,#fly_uw_move_reload
soundalias,#vox_tedd_exert_death_veh_fly
soundalias,#fly_step_prone_zdog_metal
soundalias,#phy_impact_metal_cart
soundalias,#vox_bom3_exert_rad_end
soundalias,#vox_kill_ballistic_plr_7_1
soundalias,#vox_kill_ballistic_plr_7_0
soundalias,#vox_kill_ballistic_plr_7_3
soundalias,#vox_kill_ballistic_plr_7_2
soundalias,#vox_kill_ballistic_plr_7_4
soundalias,#hash_325754f3542dea06
soundalias,#vox_revive_niko_plr_5_2
soundalias,#vox_revive_niko_plr_5_0
soundalias,#vox_revive_niko_plr_5_1
soundalias,#fly_step_sprint_zdog_metal
soundalias,#fly_mann_head_bounce_brick
soundalias,#zmb_step_mann_crouch_walk_npc_rock
soundalias,#vox_hellfire_kill_mult_plr_8_3
soundalias,#vox_hellfire_kill_mult_plr_8_2
soundalias,#vox_hellfire_kill_mult_plr_8_1
soundalias,#vox_hellfire_kill_mult_plr_8_0
soundalias,#vox_hellfire_kill_mult_plr_8_4
soundalias,#hash_3274d5a6da05a801
soundalias,#zmb_perks_packa_upgrade
soundalias,#hash_328b30793f069bc0
soundalias,#hash_328b31793f069d73
soundalias,#hash_328b32793f069f26
soundalias,#hash_328b33793f06a0d9
soundalias,#hash_328b35793f06a43f
soundalias,#hash_3291424a797302ac
soundalias,#vox_pickup_bowie_plr_8_1
soundalias,#vox_pickup_bowie_plr_8_0
soundalias,#vox_pickup_bowie_plr_8_2
soundalias,#evt_spark_generator
soundalias,#vox_tedd_exert_punch_take
soundalias,#fly_zombie_ground_climbout
soundalias,#vox_4_banter_udem_utak_plr_14_1
soundalias,#wpn_flame_thrower_stop_npc
soundalias,#zmb_box_poof
soundalias,#hash_32dd1dc376c3c783
soundalias,#fly_melee_imp_katana_wood
soundalias,#zmb_fasttravel_teleport_end_plr
soundalias,#hash_32e2c6e9b7449114
soundalias,#hash_32e70768d5a89410
soundalias,#hash_32e70968d5a89776
soundalias,#hash_32e70a68d5a89929
soundalias,#vox_5_banter_niko_take_plr_8_1
soundalias,#hash_32fe0294207d5420
soundalias,#mus_im_2_intro
soundalias,#mus_fire_sale_end
soundalias,#hash_33309c5501812289
soundalias,#hash_33478fd8be0f2ec1
soundalias,#dst_spark_bounces
soundalias,#zmb_fasttravel_teleport_lp_plr
soundalias,#hash_337944dfc8d2f6a8
soundalias,#hash_337945dfc8d2f85b
soundalias,#hash_337947dfc8d2fbc1
soundalias,#vox_s4_success_plr_6_1
soundalias,#zmb_fasttravel_teleport_start_npc
soundalias,#fly_bump_irongate
soundalias,#hash_339f2a260c5ee800
soundalias,#fly_pineapple_mag_in
soundalias,#hash_33b6a998603c309d
soundalias,#vox_3_banter_demp_uric_plr_6_0
soundalias,#fly_pineapple_mag_out
soundalias,#vox_bop2_exert_self_heal
soundalias,#hash_33c5e3222e38a6ff
soundalias,#amb_fire_small
soundalias,#zmb_step_mann_crouch_walk_npc_asphalt
soundalias,#hash_33de302626950d78
soundalias,#vox_plr_7_exert_blind
soundalias,#fly_bump_dishes
soundalias,#hash_33ec09516af9a785
soundalias,#vox_revive_udem_plr_13_2
soundalias,#vox_revive_udem_plr_13_1
soundalias,#vox_revive_udem_plr_13_0
soundalias,#vox_3_banter_demp_rich_plr_6_1
soundalias,#hash_340b360b5417ae5e
soundalias,#zmb_television_static_lp
soundalias,#zmb_trap_acid_loop_plr
soundalias,#fly_step_walk_zdog_ice
soundalias,#hash_342a3db46674e67a
soundalias,#vox_bom2_exert_rad_dmg
soundalias,#fly_step_roof_tile_npc
soundalias,#zmb_tedd_power_on
soundalias,#vox_box_lmg_plr_13_0
soundalias,#vox_box_lmg_plr_13_1
soundalias,#vox_box_lmg_plr_13_2
soundalias,#vox_box_lmg_plr_13_3
soundalias,#vox_box_lmg_plr_13_4
soundalias,#hash_34421988161f468c
soundalias,#hash_34529a64e807ba09
soundalias,#vox_revive_support_take_plr_7_0
soundalias,#vox_revive_support_take_plr_7_1
soundalias,#vox_revive_support_take_plr_7_2
soundalias,#evt_spinner_trap_start
soundalias,#vox_tv_message_avog_14
soundalias,#vox_tv_message_avog_13
soundalias,#vox_tv_message_avog_12
soundalias,#vox_tv_message_avog_11
soundalias,#vox_tv_message_avog_10
soundalias,#hash_346509857b6f81ad
soundalias,#vox_boss_success_plr_13_3
soundalias,#hash_3473215c33b61fac
soundalias,#fly_step_wood_creak_plr
soundalias,#hash_347e81cc46ea14b7
soundalias,#vox_5_banter_rich_unik_plr_5_0
soundalias,#vox_plr_5_exert_sniper_gasp
soundalias,#vox_tedd_interact_tedd_17
soundalias,#vox_tedd_interact_tedd_16
soundalias,#vox_tedd_interact_tedd_15
soundalias,#vox_tedd_interact_tedd_14
soundalias,#vox_tedd_interact_tedd_13
soundalias,#vox_tedd_interact_tedd_12
soundalias,#vox_tedd_interact_tedd_11
soundalias,#vox_tedd_interact_tedd_10
soundalias,#vox_tedd_interact_tedd_19
soundalias,#vox_tedd_interact_tedd_18
soundalias,#hash_3496cdf418b626e5
soundalias,#vox_tedd_interact_tedd_22
soundalias,#vox_tedd_interact_tedd_23
soundalias,#vox_tedd_interact_tedd_20
soundalias,#vox_tedd_interact_tedd_21
soundalias,#vox_tedd_interact_tedd_24
soundalias,#vox_tedd_interact_tedd_25
soundalias,#zmb_vocals_zombie_buff_sprint
soundalias,#fly_step_walk_zdog_metalcatwalk
soundalias,#zmb_step_mann_crouch_walk_npc_fruit
soundalias,#vox_power_switch_plr_14_1
soundalias,#vox_power_switch_plr_14_0
soundalias,#vox_power_switch_plr_14_2
soundalias,#fly_step_run_zdog_glasscar
soundalias,#fly_generic_raise_npc
soundalias,#vox_rushmore_adam_rush_0
soundalias,#zmb_monkey_anim_cymb
soundalias,#hash_34e678f5d34510d5
soundalias,#phy_glass_bottle_bounce
soundalias,#zmb_step_mann_sprint_glasscar
soundalias,#wpn_vulcan_fire_lfe_ring_plr
soundalias,#hash_35183b4001aca8c1
soundalias,#fly_mann_limb_bounce_rubber
soundalias,#amb_wind_edge
soundalias,#vox_s2_return_plr_5_1
soundalias,#vox_niko_surrounded_oh_shit_plr_6_0
soundalias,#vox_niko_surrounded_oh_shit_plr_6_1
soundalias,#vox_niko_surrounded_oh_shit_plr_6_2
soundalias,#hash_35330ac73066969f
soundalias,#vox_take_surrounded_oh_shit_plr_6_0
soundalias,#vox_take_surrounded_oh_shit_plr_6_1
soundalias,#vox_take_surrounded_oh_shit_plr_6_2
soundalias,#hash_3534bffedfe1179e
soundalias,#evt_bunker_door_interior_open
soundalias,#zmb_hellhound_spawn
soundalias,#fly_step_broken_glass_plr
soundalias,#wpn_ray_reload_close
soundalias,#hash_3556f1ca1ac7ee7a
soundalias,#wpn_generic_clip_bounce_ceramic
soundalias,#wpn_pineapple_dryfire_plr
soundalias,#fly_step_crouch_walk_zdog_mud
soundalias,#wpn_vulcan_pickup_plr
soundalias,#vox_plr_6_exert_concuss
soundalias,#vox_bop5_exert_self_heal
soundalias,#hash_35a1aabee3daf918
soundalias,#hash_35a1abbee3dafacb
soundalias,#hash_35a1acbee3dafc7e
soundalias,#hash_35a1adbee3dafe31
soundalias,#hash_35a1aebee3daffe4
soundalias,#vox_box_ballistic_plr_16_2
soundalias,#vox_box_ballistic_plr_16_3
soundalias,#vox_box_ballistic_plr_16_0
soundalias,#vox_box_ballistic_plr_16_1
soundalias,#vox_box_ballistic_plr_16_4
soundalias,#vox_bop5_exert_rad_dmg
soundalias,#vox_pickup_generic_plr_13_8
soundalias,#vox_pickup_generic_plr_13_9
soundalias,#vox_pickup_generic_plr_13_2
soundalias,#vox_pickup_generic_plr_13_3
soundalias,#vox_pickup_generic_plr_13_0
soundalias,#vox_pickup_generic_plr_13_1
soundalias,#vox_pickup_generic_plr_13_6
soundalias,#vox_pickup_generic_plr_13_7
soundalias,#vox_pickup_generic_plr_13_4
soundalias,#vox_pickup_generic_plr_13_5
soundalias,#hash_35ec8a3a7004899a
soundalias,#vox_magic_box_share_plr_7_4
soundalias,#vox_magic_box_share_plr_7_0
soundalias,#vox_magic_box_share_plr_7_1
soundalias,#vox_magic_box_share_plr_7_2
soundalias,#vox_magic_box_share_plr_7_3
soundalias,#fly_step_sprint_zdog_tallgrass
soundalias,#vox_4_banter_demp_unik_plr_15_1
soundalias,#vox_bop1_exert_concuss
soundalias,#vox_tedd_exert_death
soundalias,#hash_35fe77df40567d45
soundalias,#wpn_generic_wpn_bounce_wood
soundalias,#fly_step_crouch_run_zdog_concrete
soundalias,#hash_362b60330ca78c34
soundalias,#hash_362b61330ca78de7
soundalias,#hash_362b62330ca78f9a
soundalias,#fly_wpn_handle_high
soundalias,#vox_1_banter_unik_utak_plr_15_0
soundalias,#hash_364c98e4ca3d5e9a
soundalias,#fly_step_turnstile_enter
soundalias,#vox_2_banter_take_unik_plr_8_0
soundalias,#hash_365525e6193d1f1e
soundalias,#zmb_hellhound_prespawn
soundalias,#hash_365fb08028f6852f
soundalias,#hash_365fb28028f68895
soundalias,#vox_pap_wait_plr_8_3
soundalias,#vox_pap_wait_plr_8_2
soundalias,#vox_pap_wait_plr_8_1
soundalias,#vox_pap_wait_plr_8_0
soundalias,#vox_pap_wait_plr_8_4
soundalias,#hash_3666a87fe8f5cad0
soundalias,#fly_step_crouch_walk_zdog_cloth
soundalias,#hash_366d20056fa38c07
soundalias,#fly_bump_tire
soundalias,#hash_367ba5ad46824151
soundalias,#hash_3680dacc9092e6f2
soundalias,#vox_bop5_exert_underwater_emerge_gasp
soundalias,#fly_bump_solid_metal
soundalias,#hash_368e25a00f1b6644
soundalias,#wpn_generic_clip_bounce_paper
soundalias,#vox_take_surrounded_oh_shit_plr_15_2
soundalias,#vox_take_surrounded_oh_shit_plr_15_0
soundalias,#vox_take_surrounded_oh_shit_plr_15_1
soundalias,#vox_kill_raygun_plr_15_3
soundalias,#hash_369f384c047c4a77
soundalias,#vox_kill_raygun_plr_15_2
soundalias,#vox_kill_raygun_plr_15_1
soundalias,#vox_kill_raygun_plr_15_0
soundalias,#vox_kill_raygun_plr_15_4
soundalias,#hash_36ae4b3b59a78734
soundalias,#zmb_vocals_quad_attack_melee
soundalias,#phy_impact_hard_foliage
soundalias,#hash_36d22e07c4d488dd
soundalias,#vox_nova_effect_react_plr_7_1
soundalias,#vox_nova_effect_react_plr_7_0
soundalias,#vox_nova_effect_react_plr_7_2
soundalias,#vox_bop5_exert_mant_light
soundalias,#hash_36f1aa9875a2e4e7
soundalias,#hash_36f26be80b88c413
soundalias,#wpn_vulcan_start_npc
soundalias,#wpn_fire_trap_start
soundalias,#zmb_trap_acid_sizzle_loop_plr
soundalias,#hash_37199fb46eb9201a
soundalias,#vox_2_banter_niko_take_plr_7_1
soundalias,#vox_revive_udem_plr_7_0
soundalias,#vox_revive_udem_plr_7_1
soundalias,#vox_revive_udem_plr_7_2
soundalias,#vox_generic_responses_positive_plr_6_8
soundalias,#vox_generic_responses_positive_plr_6_9
soundalias,#vox_generic_responses_positive_plr_6_4
soundalias,#vox_generic_responses_positive_plr_6_5
soundalias,#vox_generic_responses_positive_plr_6_6
soundalias,#vox_generic_responses_positive_plr_6_7
soundalias,#vox_generic_responses_positive_plr_6_0
soundalias,#vox_generic_responses_positive_plr_6_1
soundalias,#vox_generic_responses_positive_plr_6_2
soundalias,#vox_generic_responses_positive_plr_6_3
soundalias,#vox_bop5_exert_death_fall
soundalias,#hash_3781c08ea8f0cb20
soundalias,#hash_3781c18ea8f0ccd3
soundalias,#hash_3781c28ea8f0ce86
soundalias,#vox_boss_release_plr_7_1
soundalias,#vox_rich_surrounded_oh_shit_plr_6_1
soundalias,#vox_rich_surrounded_oh_shit_plr_6_0
soundalias,#vox_rich_surrounded_oh_shit_plr_6_2
soundalias,#hash_3790cb275ce0f11f
soundalias,#hash_3790cc275ce0f2d2
soundalias,#zmb_step_mann_sprint_ice
soundalias,#zmb_step_mann_run_asphalt
soundalias,#hash_37a044da3fdd9dbe
soundalias,#wpn_gren_1straise_plr
soundalias,#fly_zombie_mantle_fast
soundalias,#hash_37b2bf0b37157bf5
soundalias,#vox_revive_support_utak_plr_6_2
soundalias,#vox_revive_support_utak_plr_6_1
soundalias,#vox_revive_support_utak_plr_6_0
soundalias,#evt_boss_battle_start
soundalias,#hash_37b9c7d5b9ed0bac
soundalias,#fly_step_walk_zdog_cloth
soundalias,#fly_mann_limb_bounce_grass
soundalias,#hash_37e774daf0839d4f
soundalias,#amb_vehicle_fire
soundalias,#zmb_vocals_mann_taunt
soundalias,#hash_37f159d323155470
soundalias,#fly_step_run_zdog_asphalt
soundalias,#wpn_dg4_slam_activate_plr
soundalias,#fly_step_walk_zdog_rock
soundalias,#hash_3803812ae5337355
soundalias,#hash_380aa9e5b46e7fb8
soundalias,#hash_381306926fe6491f
soundalias,#zmb_step_mann_run_brick
soundalias,#wpn_electric_trap_stop
soundalias,#wpn_rgun_mk2_flux_r_plr
soundalias,#vox_4_banter_rich_take_plr_8_0
soundalias,#hash_382b409a835eba84
soundalias,#vox_demp_kill_headshot_plr_7_2
soundalias,#vox_demp_kill_headshot_plr_7_1
soundalias,#vox_demp_kill_headshot_plr_7_0
soundalias,#hash_38379721ee659f1e
soundalias,#hash_383adaa5033cae1b
soundalias,#vox_kill_headshot_plr_7_6
soundalias,#vox_kill_headshot_plr_7_7
soundalias,#vox_kill_headshot_plr_7_4
soundalias,#vox_kill_headshot_plr_7_5
soundalias,#vox_kill_headshot_plr_7_2
soundalias,#vox_kill_headshot_plr_7_3
soundalias,#vox_kill_headshot_plr_7_0
soundalias,#vox_kill_headshot_plr_7_1
soundalias,#vox_kill_headshot_plr_7_8
soundalias,#vox_kill_headshot_plr_7_9
soundalias,#vox_destroy_rocketshield_plr_16_2
soundalias,#vox_destroy_rocketshield_plr_16_1
soundalias,#vox_destroy_rocketshield_plr_16_0
soundalias,#fly_step_sprint_zdog_snow
soundalias,#vox_bop1_exert_sniper_hold
soundalias,#wpn_generic_clip_bounce_rock
soundalias,#hash_385ca758ec6a0019
soundalias,#vox_adam_activate_plr_6_1
soundalias,#vox_adam_activate_plr_6_0
soundalias,#vox_adam_activate_plr_6_2
soundalias,#vox_box_launcher_plr_15_4
soundalias,#vox_box_launcher_plr_15_0
soundalias,#vox_box_launcher_plr_15_1
soundalias,#vox_box_launcher_plr_15_2
soundalias,#vox_box_launcher_plr_15_3
soundalias,#vox_boss_success_rush_2
soundalias,#hash_3869ea82e182e7bb
soundalias,#vox_pickup_generic_plr_7_9
soundalias,#vox_pickup_generic_plr_7_8
soundalias,#vox_pickup_generic_plr_7_7
soundalias,#vox_pickup_generic_plr_7_6
soundalias,#vox_pickup_generic_plr_7_5
soundalias,#vox_pickup_generic_plr_7_4
soundalias,#vox_pickup_generic_plr_7_3
soundalias,#vox_pickup_generic_plr_7_2
soundalias,#vox_pickup_generic_plr_7_1
soundalias,#vox_pickup_generic_plr_7_0
soundalias,#hash_3875fec910bd2928
soundalias,#vox_bop4_exert_death_fall
soundalias,#wpn_generic_wpn_bounce_paintedmetal
soundalias,#fly_step_prone_zdog_cushion
soundalias,#hash_38aa5cffba8180ea
soundalias,#vox_attacked_zombie_plr_7_3
soundalias,#vox_attacked_zombie_plr_7_2
soundalias,#vox_attacked_zombie_plr_7_1
soundalias,#vox_attacked_zombie_plr_7_0
soundalias,#vox_attacked_zombie_plr_7_7
soundalias,#vox_attacked_zombie_plr_7_6
soundalias,#vox_attacked_zombie_plr_7_5
soundalias,#vox_attacked_zombie_plr_7_4
soundalias,#vox_attacked_zombie_plr_7_9
soundalias,#vox_attacked_zombie_plr_7_8
soundalias,#hash_38b89bf1aa7dbafc
soundalias,#vox_utak_surrounded_oh_shit_plr_5_1
soundalias,#vox_utak_surrounded_oh_shit_plr_5_0
soundalias,#vox_utak_surrounded_oh_shit_plr_5_2
soundalias,#vox_revive_support_udem_plr_7_0
soundalias,#vox_revive_support_udem_plr_7_1
soundalias,#vox_revive_support_udem_plr_7_2
soundalias,#vox_kill_headshot_plr_8_9
soundalias,#vox_kill_headshot_plr_8_8
soundalias,#vox_kill_headshot_plr_8_5
soundalias,#vox_kill_headshot_plr_8_4
soundalias,#vox_kill_headshot_plr_8_7
soundalias,#vox_kill_headshot_plr_8_6
soundalias,#vox_kill_headshot_plr_8_1
soundalias,#vox_kill_headshot_plr_8_0
soundalias,#vox_kill_headshot_plr_8_3
soundalias,#vox_kill_headshot_plr_8_2
soundalias,#hash_38dc6d54e0d2683b
soundalias,#hash_38de8a645975a10d
soundalias,#fly_step_run_zdog_water
soundalias,#fly_melee_imp_katana_npc_glass
soundalias,#vox_5_banter_take_uric_plr_8_0
soundalias,#fly_step_prone_zdog_glass
soundalias,#vox_blac_exert_rad_start
soundalias,#fly_step_crouch_run_zdog_cushion
soundalias,#fly_step_walk_zdog_sand
soundalias,#amb_rattle_metal_deep
soundalias,#hash_39204e32adbe7694
soundalias,#vox_tedd_exert_underwater_emerge_breath
soundalias,#vox_box_move_plr_7_0
soundalias,#vox_box_move_plr_7_1
soundalias,#vox_box_move_plr_7_2
soundalias,#vox_box_move_plr_7_3
soundalias,#vox_box_move_plr_7_4
soundalias,#fly_step_broken_glass_npc
soundalias,#hash_39388a1e362949a7
soundalias,#vox_revive_unik_plr_13_2
soundalias,#vox_revive_unik_plr_13_1
soundalias,#vox_revive_unik_plr_13_0
soundalias,#vox_utak_kill_headshot_plr_13_1
soundalias,#vox_utak_kill_headshot_plr_13_0
soundalias,#vox_utak_kill_headshot_plr_13_2
soundalias,#vox_adam_code_pernell_plr_5_2
soundalias,#hash_3956c3fe80b60246
soundalias,#fly_zombie_jumpland_hard_swt
soundalias,#fly_step_prone_zdog_paper
soundalias,#vox_adam_activate_plr_15_1
soundalias,#vox_adam_activate_plr_15_0
soundalias,#vox_adam_activate_plr_15_2
soundalias,#hash_397014717ca7373e
soundalias,#hash_398629f40a95a5e8
soundalias,#hash_39862af40a95a79b
soundalias,#hash_39862bf40a95a94e
soundalias,#hash_39862cf40a95ab01
soundalias,#hash_39862df40a95acb4
soundalias,#evt_teleporter_go_plr
soundalias,#vox_adam_activated_adam_3
soundalias,#vox_adam_activated_adam_2
soundalias,#vox_adam_activated_adam_1
soundalias,#vox_adam_activated_adam_0
soundalias,#vox_adam_activated_adam_4
soundalias,#hash_39b5fd38bc25c65b
soundalias,#vox_2_banter_demp_uric_plr_6_0
soundalias,#hash_39c432a507249fa8
soundalias,#hash_39d3969548550824
soundalias,#hash_39da687942c8bce8
soundalias,#hash_39da697942c8be9b
soundalias,#hash_39da6a7942c8c04e
soundalias,#hash_39da6b7942c8c201
soundalias,#hash_39da6c7942c8c3b4
soundalias,#hash_39dbedcb8aa865b7
soundalias,#wpn_dg4_plant_start
soundalias,#phy_impact_metal_metal
soundalias,#hash_39f17b728f579ac6
soundalias,#fly_melee_imp_katana_npc_metalcar
soundalias,#vox_bop4_exert_punch_give
soundalias,#hash_3a0afc95ef75fa33
soundalias,#zmb_vocals_hellhound_ambient_anim
soundalias,#hash_3a180f4c4f1a4d19
soundalias,#vox_plr_7_exert_death_veh_fly
soundalias,#evt_canister_hit
soundalias,#hash_3a421a848479b743
soundalias,#hash_3a48e583faad8e28
soundalias,#wpn_generic_wpn_bounce_brick
soundalias,#vox_3_banter_demp_rich_plr_5_0
soundalias,#hash_3a65f64df75aea1d
soundalias,#hash_3a6b6d5d8cabd470
soundalias,#hash_3a6b6e5d8cabd623
soundalias,#hash_3a6b6f5d8cabd7d6
soundalias,#hash_3a6b705d8cabd989
soundalias,#hash_3a6b715d8cabdb3c
soundalias,#hash_3a6b725d8cabdcef
soundalias,#hash_3a6b735d8cabdea2
soundalias,#hash_3a6b745d8cabe055
soundalias,#hash_3a6b7b5d8cabec3a
soundalias,#hash_3a6b7c5d8cabeded
soundalias,#zmb_step_mann_walk_brick
soundalias,#vox_kill_ballistic_plr_6_0
soundalias,#vox_kill_ballistic_plr_6_1
soundalias,#vox_kill_ballistic_plr_6_2
soundalias,#vox_kill_ballistic_plr_6_3
soundalias,#vox_kill_ballistic_plr_6_4
soundalias,#hash_3a9a7ade1b1e0ee1
soundalias,#zmb_vocals_zombie_death_nohead
soundalias,#vox_oh_shit_plr_6_8
soundalias,#vox_oh_shit_plr_6_9
soundalias,#vox_oh_shit_plr_6_4
soundalias,#vox_oh_shit_plr_6_5
soundalias,#vox_oh_shit_plr_6_6
soundalias,#vox_oh_shit_plr_6_7
soundalias,#vox_oh_shit_plr_6_0
soundalias,#vox_oh_shit_plr_6_1
soundalias,#vox_oh_shit_plr_6_2
soundalias,#vox_oh_shit_plr_6_3
soundalias,#vox_boss_electric_warn_plr_14_4
soundalias,#vox_boss_electric_warn_plr_14_1
soundalias,#vox_boss_electric_warn_plr_14_0
soundalias,#vox_boss_electric_warn_plr_14_3
soundalias,#vox_boss_electric_warn_plr_14_2
soundalias,#vox_s3_success_rush_1
soundalias,#hash_3ab6de9611c213c9
soundalias,#zmb_vocals_zombie_buff_teardown
soundalias,#hash_3abe63d3d32acaa4
soundalias,#hash_3ad71bacb4907c53
soundalias,#vox_take_kill_headshot_plr_7_0
soundalias,#vox_take_kill_headshot_plr_7_1
soundalias,#vox_take_kill_headshot_plr_7_2
soundalias,#zmb_perks_packa_deny
soundalias,#vox_power_switch_plr_7_2
soundalias,#vox_power_switch_plr_7_1
soundalias,#vox_power_switch_plr_7_0
soundalias,#fly_bump_wood_board
soundalias,#vox_rich_kill_headshot_plr_14_1
soundalias,#vox_rich_kill_headshot_plr_14_0
soundalias,#vox_rich_kill_headshot_plr_14_2
soundalias,#vox_solo_end_round1_uric_plr_13_0
soundalias,#vox_plr_6_exert_underwater_pain
soundalias,#zmb_step_mann_crouch_walk_npc_bark
soundalias,#vox_unik_surrounded_oh_shit_plr_14_2
soundalias,#vox_unik_surrounded_oh_shit_plr_14_1
soundalias,#vox_unik_surrounded_oh_shit_plr_14_0
soundalias,#hash_3b16bdf4a64c8330
soundalias,#hash_3b2996dd5aedfb50
soundalias,#fly_step_puddle_npc
soundalias,#hash_3b5aa2dcf774bacd
soundalias,#hash_3b5bacf5d64d8771
soundalias,#fly_step_crouch_run_zdog_sand
soundalias,#evt_apd_close
soundalias,#dst_solar_flux_l
soundalias,#dst_solar_flux_r
soundalias,#hash_3b6983b084cfef53
soundalias,#hash_3b6f6bb68ff3325c
soundalias,#vox_ammo_low_plr_16_4
soundalias,#vox_ammo_low_plr_16_2
soundalias,#vox_ammo_low_plr_16_3
soundalias,#vox_ammo_low_plr_16_0
soundalias,#vox_ammo_low_plr_16_1
soundalias,#fly_melee_imp_galva_rock
soundalias,#vox_path_sorrow_ready_plr_13_2
soundalias,#vox_path_sorrow_ready_plr_13_3
soundalias,#vox_path_sorrow_ready_plr_13_0
soundalias,#vox_path_sorrow_ready_plr_13_1
soundalias,#vox_path_sorrow_ready_plr_13_4
soundalias,#hash_3b844e48317c9e70
soundalias,#vox_revive_unik_plr_8_2
soundalias,#vox_revive_unik_plr_8_1
soundalias,#vox_revive_unik_plr_8_0
soundalias,#vox_plr_8_exert_punch_give
soundalias,#hash_3b86a435479f2bb5
soundalias,#vox_quiz_two_rush_1
soundalias,#vox_quiz_two_rush_0
soundalias,#vox_bop5_exert_sniper_exhale
soundalias,#vox_1_banter_udem_unik_plr_14_1
soundalias,#hash_3ba15cdfcd4cd230
soundalias,#hash_3ba15ddfcd4cd3e3
soundalias,#hash_3ba15edfcd4cd596
soundalias,#vox_s4_success_plr_7_1
soundalias,#fly_step_walk_zdog_asphalt
soundalias,#hash_3bbc3e910166bf7e
soundalias,#hash_3bbe142f4c17c756
soundalias,#fly_golden_knife_first_raise
soundalias,#vox_overkill_kill_mult_plr_5_1
soundalias,#vox_overkill_kill_mult_plr_5_0
soundalias,#vox_overkill_kill_mult_plr_5_3
soundalias,#vox_overkill_kill_mult_plr_5_2
soundalias,#vox_overkill_kill_mult_plr_5_4
soundalias,#zmb_blocker_debris_lp
soundalias,#vox_2_banter_udem_uric_plr_14_0
soundalias,#vox_blac_exert_pain
soundalias,#vox_revive_niko_plr_16_2
soundalias,#vox_revive_niko_plr_16_0
soundalias,#vox_revive_niko_plr_16_1
soundalias,#vox_adam_revive_react_plr_15_1
soundalias,#vox_adam_revive_react_plr_15_0
soundalias,#vox_adam_revive_react_plr_15_2
soundalias,#hash_3bf132350d607cc4
soundalias,#hash_3c0357e307d01e76
soundalias,#vox_power_switch_plr_15_0
soundalias,#vox_power_switch_plr_15_1
soundalias,#vox_power_switch_plr_15_2
soundalias,#hash_3c0e8c232d12bf02
soundalias,#hash_3c11c5cb7fafbbb2
soundalias,#mus_nuked_roundend_1_intro
soundalias,#hash_3c275acd4dac822c
soundalias,#vox_udem_surrounded_oh_shit_plr_15_2
soundalias,#vox_udem_surrounded_oh_shit_plr_15_0
soundalias,#vox_udem_surrounded_oh_shit_plr_15_1
soundalias,#vox_revive_take_plr_15_1
soundalias,#vox_revive_take_plr_15_0
soundalias,#vox_revive_take_plr_15_2
soundalias,#amb_exhaust_fan
soundalias,#hash_3c2c3e9442d79358
soundalias,#vox_boss_success_plr_5_3
soundalias,#hash_3c388fe926f0388f
soundalias,#pfx_steam_pipe
soundalias,#vox_4_banter_udem_unik_plr_15_0
soundalias,#zmb_step_mann_sprint_bark
soundalias,#hash_3c7b9b222c1518b3
soundalias,#zmb_step_mannequin_sprint
soundalias,#hash_3c8efffb52007668
soundalias,#hash_3c999cbaf95fc5d1
soundalias,#hash_3c9b5a5c38303347
soundalias,#vox_pickup_rocketshield_plr_5_1
soundalias,#vox_pickup_rocketshield_plr_5_0
soundalias,#vox_pickup_rocketshield_plr_5_2
soundalias,#wpn_vulcan_loop_npc
soundalias,#vox_revive_self_plr_7_4
soundalias,#vox_revive_self_plr_7_3
soundalias,#vox_revive_self_plr_7_2
soundalias,#vox_revive_self_plr_7_1
soundalias,#vox_revive_self_plr_7_0
soundalias,#fly_step_crouch_walk_zdog_rock
soundalias,#hash_3cc56f84d77bce80
soundalias,#hash_3cca3c060dacc7de
soundalias,#vox_s4_success_plr_13_1
soundalias,#hash_3cda7b64c5e43336
soundalias,#vox_plr_6_exert_underwater_emerge_breath
soundalias,#fly_step_tarp_plr
soundalias,#vox_plr_7_exert_gas_gasp
soundalias,#hash_3ce6fa67371415f0
soundalias,#hash_3ce9649f90bc8c6f
soundalias,#zmb_comp_keypad_action_fail
soundalias,#wpn_smg_thompson_lfe_npc
soundalias,#fly_bump_blinds
soundalias,#fly_step_crouch_walk_zdog_bark
soundalias,#hash_3d1a74aa3a1ce22f
soundalias,#hash_3d1fae334768ff0e
soundalias,#hash_3d22d6645eba37b4
soundalias,#vox_pickup_galva_plr_5_1
soundalias,#vox_pickup_galva_plr_5_0
soundalias,#vox_pickup_galva_plr_5_2
soundalias,#hash_3d4368050af51c1c
soundalias,#hash_3d4369050af51dcf
soundalias,#hash_3d436c050af522e8
soundalias,#hash_3d436d050af5249b
soundalias,#hash_3d436e050af5264e
soundalias,#hash_3d436f050af52801
soundalias,#hash_3d4370050af529b4
soundalias,#hash_3d4371050af52b67
soundalias,#hash_3d4372050af52d1a
soundalias,#hash_3d4373050af52ecd
soundalias,#zmb_vocals_mann_death
soundalias,#vox_niko_surrounded_oh_shit_plr_5_2
soundalias,#vox_niko_surrounded_oh_shit_plr_5_1
soundalias,#vox_niko_surrounded_oh_shit_plr_5_0
soundalias,#hash_3d661fe1a295c10c
soundalias,#vox_plr_5_exert_underwater_air_low
soundalias,#fly_bump_cabinet
soundalias,#vox_plr_8_exert_underwater_emerge_gasp
soundalias,#vox_1_banter_unik_utak_plr_16_1
soundalias,#vox_kill_galva_plr_8_0
soundalias,#vox_kill_galva_plr_8_1
soundalias,#vox_kill_galva_plr_8_2
soundalias,#vox_kill_galva_plr_8_3
soundalias,#vox_kill_galva_plr_8_4
soundalias,#fly_step_crouch_walk_zdog_tallgrass
soundalias,#hash_3d9190913d654e74
soundalias,#vox_5_banter_uric_utak_plr_16_0
soundalias,#hash_3d9bfa7ae8864947
soundalias,#fly_melee_imp_galva_plastic
soundalias,#fly_generic_ads_lower_plr
soundalias,#hash_3db55f7fecb710c5
soundalias,#fly_step_corr_metal_enter
soundalias,#hash_3dc6954b2d1fd32f
soundalias,#hash_3dd3d455ab107a1e
soundalias,#vox_kill_raygun_plr_14_2
soundalias,#vox_kill_raygun_plr_14_3
soundalias,#vox_kill_raygun_plr_14_0
soundalias,#vox_kill_raygun_plr_14_1
soundalias,#vox_kill_raygun_plr_14_4
soundalias,#hash_3df5396258847d29
soundalias,#zmb_step_mann_walk_gravel
soundalias,#hash_3df9fb8aa466bc00
soundalias,#vox_rich_surrounded_oh_shit_plr_7_0
soundalias,#vox_rich_surrounded_oh_shit_plr_7_1
soundalias,#vox_rich_surrounded_oh_shit_plr_7_2
soundalias,#fly_step_walk_zdog_ceramic
soundalias,#vox_revive_support_uric_plr_8_2
soundalias,#vox_revive_support_uric_plr_8_1
soundalias,#vox_revive_support_uric_plr_8_0
soundalias,#zmb_vocals_zombie_attack_melee
soundalias,#zmb_ann_vox_laugh_r
soundalias,#zmb_ann_vox_laugh_l
soundalias,#vox_blac_exert_underwater_air_low
soundalias,#hash_3e1dd2881c0bc827
soundalias,#vox_nova_effect_react_plr_13_0
soundalias,#vox_nova_effect_react_plr_13_1
soundalias,#vox_nova_effect_react_plr_13_2
soundalias,#hash_3e54901956e30c70
soundalias,#zmb_step_mann_run_watershallow
soundalias,#fly_step_branches_npc
soundalias,#vox_plr_7_exert_suppressed
soundalias,#hash_3e63c12d865520d9
soundalias,#fly_step_wood_stairs_npc
soundalias,#vox_adam_code_pernell_plr_14_2
soundalias,#vox_bop5_exert_punch_take
soundalias,#hash_3e82fac062d018e5
soundalias,#vox_demp_kill_headshot_plr_15_0
soundalias,#vox_demp_kill_headshot_plr_15_1
soundalias,#vox_demp_kill_headshot_plr_15_2
soundalias,#vox_udem_kill_headshot_plr_16_2
soundalias,#vox_udem_kill_headshot_plr_16_0
soundalias,#vox_udem_kill_headshot_plr_16_1
soundalias,#zmb_vox_monkey_raise_npc
soundalias,#vox_plr_5_exert_burn_dead
soundalias,#vox_2_banter_demp_unik_plr_15_1
soundalias,#hash_3ea23ce3fb1d4f91
soundalias,#zmb_step_mann_crouch_run_npc_dirt
soundalias,#hash_3ea4c30e74942c65
soundalias,#hash_3eab01eef538f70a
soundalias,#vox_4_banter_niko_uric_plr_13_1
soundalias,#vox_3_banter_demp_unik_plr_6_0
soundalias,#wpn_flamethrower_sheathe_plr
soundalias,#vox_bop2_exert_death_veh_under
soundalias,#vox_adam_activate_plr_7_0
soundalias,#vox_adam_activate_plr_7_1
soundalias,#vox_adam_activate_plr_7_2
soundalias,#hash_3ed67e3b5e21909d
soundalias,#amb_rushmore
soundalias,#fly_step_run_zdog_cloth
soundalias,#wpn_generic_wpn_bounce_cloth
soundalias,#vox_bop4_exert_burn_dead
soundalias,#vox_nova_effect_react_plr_6_0
soundalias,#vox_nova_effect_react_plr_6_1
soundalias,#vox_nova_effect_react_plr_6_2
soundalias,#hash_3f0942d9275607b9
soundalias,#vox_bop4_exert_sniper_gasp
soundalias,#zmb_vocals_quad_ambient_loud
soundalias,#vox_5_banter_take_udem_plr_8_0
soundalias,#vox_tedd_melee_tedd_8
soundalias,#vox_tedd_melee_tedd_0
soundalias,#vox_tedd_melee_tedd_1
soundalias,#vox_tedd_melee_tedd_2
soundalias,#vox_tedd_melee_tedd_3
soundalias,#vox_tedd_melee_tedd_4
soundalias,#vox_tedd_melee_tedd_5
soundalias,#vox_tedd_melee_tedd_6
soundalias,#vox_tedd_melee_tedd_7
soundalias,#hash_3f2febc0250ace29
soundalias,#wpn_generic_wpn_bounce_carpet
soundalias,#hash_3f3318cc4d8e4d4c
soundalias,#hash_3f359e0c90ea70ee
soundalias,#hash_3f38368aa7dc47ef
soundalias,#fly_step_sprint_zdog_gravel
soundalias,#fly_step_crouch_run_zdog_glassbulletproof
soundalias,#vox_attacked_zombie_plr_14_9
soundalias,#vox_attacked_zombie_plr_14_8
soundalias,#vox_attacked_zombie_plr_14_5
soundalias,#vox_attacked_zombie_plr_14_4
soundalias,#vox_attacked_zombie_plr_14_7
soundalias,#vox_attacked_zombie_plr_14_6
soundalias,#vox_attacked_zombie_plr_14_1
soundalias,#vox_attacked_zombie_plr_14_0
soundalias,#vox_attacked_zombie_plr_14_3
soundalias,#vox_attacked_zombie_plr_14_2
soundalias,#fly_melee_imp_katana_npc_plastic
soundalias,#vox_tedd_exert_gas_gasp
soundalias,#hash_3f80568084f0a9e3
soundalias,#hash_3f80598084f0aefc
soundalias,#hash_3f805a8084f0b0af
soundalias,#hash_3f805b8084f0b262
soundalias,#hash_3f805c8084f0b415
soundalias,#vox_bop5_exert_gas_gag
soundalias,#vox_oh_shit_plr_14_9
soundalias,#vox_oh_shit_plr_14_8
soundalias,#vox_oh_shit_plr_14_7
soundalias,#vox_oh_shit_plr_14_6
soundalias,#vox_oh_shit_plr_14_5
soundalias,#vox_oh_shit_plr_14_4
soundalias,#vox_oh_shit_plr_14_3
soundalias,#vox_oh_shit_plr_14_2
soundalias,#vox_oh_shit_plr_14_1
soundalias,#vox_oh_shit_plr_14_0
soundalias,#hash_3fa02403cbe89e77
soundalias,#phy_impact_wood_hard
soundalias,#zmb_white_wood_door
soundalias,#zmb_vocals_zombie_mutate
soundalias,#vox_pickup_generic_plr_14_1
soundalias,#vox_pickup_generic_plr_14_0
soundalias,#vox_pickup_generic_plr_14_3
soundalias,#vox_pickup_generic_plr_14_2
soundalias,#vox_pickup_generic_plr_14_5
soundalias,#vox_pickup_generic_plr_14_4
soundalias,#vox_pickup_generic_plr_14_7
soundalias,#vox_pickup_generic_plr_14_6
soundalias,#vox_pickup_generic_plr_14_9
soundalias,#vox_pickup_generic_plr_14_8
soundalias,#hash_3fc59a2ac3e3a5b9
soundalias,#hash_3fc8ddda44585479
soundalias,#vox_bop1_exert_razor_wire
soundalias,#hash_3fd4dd496ffa08b0
soundalias,#vox_adam_activate_plr_14_0
soundalias,#vox_adam_activate_plr_14_1
soundalias,#vox_adam_activate_plr_14_2
soundalias,#vox_take_surrounded_oh_shit_plr_5_2
soundalias,#vox_take_surrounded_oh_shit_plr_5_1
soundalias,#vox_take_surrounded_oh_shit_plr_5_0
soundalias,#hash_3ff761799f7829f2
soundalias,#fly_step_sprint_zdog_concrete
soundalias,#vox_overkill_kill_mult_plr_13_2
soundalias,#vox_overkill_kill_mult_plr_13_3
soundalias,#vox_overkill_kill_mult_plr_13_0
soundalias,#vox_overkill_kill_mult_plr_13_1
soundalias,#vox_overkill_kill_mult_plr_13_4
soundalias,#wpn_smg_thompson_act_killcam_npc
soundalias,#vox_revive_demp_plr_8_0
soundalias,#vox_revive_demp_plr_8_1
soundalias,#vox_revive_demp_plr_8_2
soundalias,#hash_403975f99dc44ca4
soundalias,#hash_403ba8c0b5d62e30
soundalias,#hash_405207468549341c
soundalias,#hash_4068e6edd93f6625
soundalias,#hash_4086389ce7de4a81
soundalias,#phy_impact_robot_gib
soundalias,#hash_408c249d1188012a
soundalias,#hash_408d03c3618bff24
soundalias,#vox_box_launcher_plr_16_3
soundalias,#vox_box_launcher_plr_16_2
soundalias,#vox_box_launcher_plr_16_1
soundalias,#vox_box_launcher_plr_16_0
soundalias,#vox_box_launcher_plr_16_4
soundalias,#zmb_step_mann_crouch_walk_npc_dirt
soundalias,#vox_plr_7_outro_igc_2_0
soundalias,#hash_409aacc54a1939d1
soundalias,#hash_409e21a8cc122b1f
soundalias,#zmb_vocals_zombie_buff_attack_melee
soundalias,#wpn_vulcan_dryfire_plr
soundalias,#vox_1_banter_udem_uric_plr_13_1
soundalias,#vox_1_banter_demp_unik_plr_6_0
soundalias,#vox_operations_intro_plr_6_0
soundalias,#vox_operations_intro_plr_6_3
soundalias,#zmb_whoosh
soundalias,#vox_3_banter_rich_unik_plr_15_1
soundalias,#hash_40da961341a9c230
soundalias,#hash_40da971341a9c3e3
soundalias,#hash_40da991341a9c749
soundalias,#hash_40da9c1341a9cc62
soundalias,#hash_40da9d1341a9ce15
soundalias,#hash_40dff533134bc163
soundalias,#hash_40dff633134bc316
soundalias,#hash_40dff733134bc4c9
soundalias,#hash_40e3c7e9bc9f68df
soundalias,#vox_5_banter_demp_take_plr_8_1
soundalias,#fly_generic_down_npc
soundalias,#vox_1_banter_take_udem_plr_14_1
soundalias,#vox_hellfire_kill_mult_plr_15_1
soundalias,#vox_hellfire_kill_mult_plr_15_0
soundalias,#vox_hellfire_kill_mult_plr_15_3
soundalias,#vox_hellfire_kill_mult_plr_15_2
soundalias,#vox_hellfire_kill_mult_plr_15_4
soundalias,#hash_40f93f81c44b9e40
soundalias,#wpn_smg_thompson_fire_plr
soundalias,#fly_zombie_jumpland_hard
soundalias,#fly_step_prone_zdog_plaster
soundalias,#vox_ww_z_craft_rush_1
soundalias,#zmb_avogadro_charge_jump
soundalias,#wpn_rgun_mk2_fire_plr
soundalias,#hash_4109d6d59593e8fe
soundalias,#vox_5_banter_demp_niko_plr_6_0
soundalias,#phy_impact_wood_wood
soundalias,#fly_dog_step_run_default
soundalias,#hash_4129cf9133e09d53
soundalias,#fly_step_prone_zdog_plastic
soundalias,#hash_41517b15c6c56e59
soundalias,#vox_rich_kill_headshot_plr_15_0
soundalias,#vox_rich_kill_headshot_plr_15_1
soundalias,#vox_rich_kill_headshot_plr_15_2
soundalias,#amb_generator
soundalias,#fly_mann_limb_bounce_foliage
soundalias,#hash_4164610d88a43d16
soundalias,#hash_41646e8ed0263051
soundalias,#vox_box_smg_plr_16_4
soundalias,#vox_box_smg_plr_16_0
soundalias,#vox_box_smg_plr_16_1
soundalias,#vox_box_smg_plr_16_2
soundalias,#vox_box_smg_plr_16_3
soundalias,#vox_tedd_exert_rad_start
soundalias,#vox_kill_monkey_plr_5_4
soundalias,#vox_kill_monkey_plr_5_1
soundalias,#vox_kill_monkey_plr_5_0
soundalias,#vox_kill_monkey_plr_5_3
soundalias,#vox_kill_monkey_plr_5_2
soundalias,#evt_bunker_door_entrance
soundalias,#wpn_minigun_nuke_riser
soundalias,#vox_nova_kill_plr_16_0
soundalias,#vox_nova_kill_plr_16_1
soundalias,#vox_nova_kill_plr_16_2
soundalias,#vox_nova_kill_plr_16_3
soundalias,#vox_nova_kill_plr_16_4
soundalias,#hash_41a8dafa577e5794
soundalias,#fly_gl_gren_out
soundalias,#fly_step_sprint_zdog_foliage
soundalias,#fly_step_crouch_run_zdog_fruit
soundalias,#vox_demp_surrounded_oh_shit_plr_13_2
soundalias,#vox_demp_surrounded_oh_shit_plr_13_1
soundalias,#vox_demp_surrounded_oh_shit_plr_13_0
soundalias,#zmb_comp_keypad_press_2
soundalias,#zmb_comp_keypad_press_3
soundalias,#zmb_comp_keypad_press_0
soundalias,#zmb_comp_keypad_press_1
soundalias,#zmb_comp_keypad_press_6
soundalias,#zmb_comp_keypad_press_7
soundalias,#zmb_comp_keypad_press_4
soundalias,#zmb_comp_keypad_press_5
soundalias,#zmb_comp_keypad_press_8
soundalias,#zmb_comp_keypad_press_9
soundalias,#mus_nuked_roundstart_2_intro
soundalias,#hash_41e49fb692fba8f8
soundalias,#evt_pap_door_end
soundalias,#vox_oh_shit_plr_5_3
soundalias,#vox_oh_shit_plr_5_2
soundalias,#vox_oh_shit_plr_5_1
soundalias,#vox_oh_shit_plr_5_0
soundalias,#vox_oh_shit_plr_5_7
soundalias,#vox_oh_shit_plr_5_6
soundalias,#vox_oh_shit_plr_5_5
soundalias,#vox_oh_shit_plr_5_4
soundalias,#vox_oh_shit_plr_5_9
soundalias,#vox_oh_shit_plr_5_8
soundalias,#vox_boss_electric_warn_plr_15_4
soundalias,#vox_boss_electric_warn_plr_15_0
soundalias,#vox_boss_electric_warn_plr_15_1
soundalias,#vox_boss_electric_warn_plr_15_2
soundalias,#vox_boss_electric_warn_plr_15_3
soundalias,#vox_roundstart_special_plr_14_4
soundalias,#vox_roundstart_special_plr_14_3
soundalias,#vox_roundstart_special_plr_14_2
soundalias,#vox_roundstart_special_plr_14_1
soundalias,#vox_roundstart_special_plr_14_0
soundalias,#hash_41fe70e9f247be41
soundalias,#vox_niko_kill_headshot_plr_5_2
soundalias,#vox_niko_kill_headshot_plr_5_0
soundalias,#vox_niko_kill_headshot_plr_5_1
soundalias,#hash_42029b794742c651
soundalias,#hash_42029c794742c804
soundalias,#hash_42029d794742c9b7
soundalias,#hash_42029e794742cb6a
soundalias,#hash_42029f794742cd1d
soundalias,#vox_generic_responses_positive_plr_5_3
soundalias,#vox_generic_responses_positive_plr_5_2
soundalias,#vox_generic_responses_positive_plr_5_1
soundalias,#vox_generic_responses_positive_plr_5_0
soundalias,#vox_generic_responses_positive_plr_5_7
soundalias,#vox_generic_responses_positive_plr_5_6
soundalias,#vox_generic_responses_positive_plr_5_5
soundalias,#vox_generic_responses_positive_plr_5_4
soundalias,#vox_generic_responses_positive_plr_5_9
soundalias,#vox_generic_responses_positive_plr_5_8
soundalias,#hash_4213974d6ffef540
soundalias,#zmb_crafting_success
soundalias,#wpn_smg_thompson_act_npc
soundalias,#fly_melee_imp_katana_npc_metal
soundalias,#vox_box_ar_plr_16_0
soundalias,#vox_box_ar_plr_16_1
soundalias,#vox_box_ar_plr_16_2
soundalias,#vox_box_ar_plr_16_3
soundalias,#vox_box_ar_plr_16_4
soundalias,#vox_adam_revive_react_plr_8_2
soundalias,#vox_adam_revive_react_plr_8_1
soundalias,#vox_adam_revive_react_plr_8_0
soundalias,#zmb_step_mann_walk_cushion
soundalias,#vox_revive_support_utak_plr_15_2
soundalias,#vox_revive_support_utak_plr_15_1
soundalias,#vox_revive_support_utak_plr_15_0
soundalias,#fly_step_prone_zdog_default
soundalias,#vox_revive_support_utak_plr_7_2
soundalias,#vox_revive_support_utak_plr_7_0
soundalias,#vox_revive_support_utak_plr_7_1
soundalias,#zmb_battery_insert
soundalias,#vox_1_banter_take_unik_plr_8_0
soundalias,#vox_2_banter_rich_udem_plr_14_1
soundalias,#hash_42924f60b7b4c07a
soundalias,#hash_4293d1f1b0695dfe
soundalias,#hash_429a6fac8aee57cf
soundalias,#hash_42a0e2c70dd50b92
soundalias,#fly_melee_imp_katana_npc_wood
soundalias,#vox_bop3_exert_death_veh_hit
soundalias,#zmb_step_mann_run_default
soundalias,#vox_bop5_exert_sniper_gasp
soundalias,#vox_1_banter_udem_unik_plr_15_0
soundalias,#hash_42e26d515e25733f
soundalias,#vox_blac_exert_gas_gasp
soundalias,#vox_2_banter_rich_utak_plr_16_1
soundalias,#hash_42f011dfd10e14bf
soundalias,#hash_42f012dfd10e1672
soundalias,#hash_42f013dfd10e1825
soundalias,#amb_wind_gust_flagpole
soundalias,#hash_42f74e6d013c6ebf
soundalias,#fly_step_sprint_zdog_bark
soundalias,#wpn_assault_dryfire_plr
soundalias,#zmb_step_mann_sprint_carpet
soundalias,#zmb_step_mann_crouch_run_npc_glasscar
soundalias,#vox_pickup_generic_plr_6_6
soundalias,#vox_pickup_generic_plr_6_7
soundalias,#vox_pickup_generic_plr_6_4
soundalias,#vox_pickup_generic_plr_6_5
soundalias,#vox_pickup_generic_plr_6_2
soundalias,#vox_pickup_generic_plr_6_3
soundalias,#vox_pickup_generic_plr_6_0
soundalias,#vox_pickup_generic_plr_6_1
soundalias,#vox_pickup_generic_plr_6_8
soundalias,#vox_pickup_generic_plr_6_9
soundalias,#vox_rushmore_toy_rush_0
soundalias,#hash_432b8450cf6132ce
soundalias,#hash_432b8650cf613634
soundalias,#hash_432b8750cf6137e7
soundalias,#hash_432b8850cf61399a
soundalias,#hash_432b8950cf613b4d
soundalias,#hash_4332772e0729f026
soundalias,#hash_4332782e0729f1d9
soundalias,#hash_433549ddd805d9bd
soundalias,#zmb_step_mann_crouch_run_npc_cloth
soundalias,#evt_clock_turn
soundalias,#vox_4_banter_demp_rich_plr_6_1
soundalias,#hash_4355174cc2ed21e5
soundalias,#zmb_vocals_mann_behind
soundalias,#hash_4359cbda82766edc
soundalias,#vox_boss_nuke_count_seven_ncom_0
soundalias,#vox_operations_intro_plr_15_0
soundalias,#vox_operations_intro_plr_15_3
soundalias,#vox_attacked_zombie_plr_6_8
soundalias,#vox_attacked_zombie_plr_6_9
soundalias,#vox_attacked_zombie_plr_6_2
soundalias,#vox_attacked_zombie_plr_6_3
soundalias,#vox_attacked_zombie_plr_6_0
soundalias,#vox_attacked_zombie_plr_6_1
soundalias,#vox_attacked_zombie_plr_6_6
soundalias,#vox_attacked_zombie_plr_6_7
soundalias,#vox_attacked_zombie_plr_6_4
soundalias,#vox_attacked_zombie_plr_6_5
soundalias,#dst_hydrant_end_loop
soundalias,#vox_blac_exert_suppressed
soundalias,#vox_revive_take_plr_6_1
soundalias,#vox_revive_take_plr_6_0
soundalias,#vox_revive_take_plr_6_2
soundalias,#fly_step_sprint_zdog_plastic
soundalias,#hash_4381a2f35ddb77d0
soundalias,#wpn_generic_clip_bounce_paintedmetal
soundalias,#fly_step_sprint_zdog_plaster
soundalias,#dst_gas_canister_open
soundalias,#exp_nitrogen_tank_lfe
soundalias,#wpn_generic_wpn_bounce_snow
soundalias,#hash_439b0608e405e9ff
soundalias,#zmb_box_spin
soundalias,#vox_path_sorrow_ready_plr_14_1
soundalias,#vox_path_sorrow_ready_plr_14_0
soundalias,#vox_path_sorrow_ready_plr_14_3
soundalias,#vox_path_sorrow_ready_plr_14_2
soundalias,#vox_path_sorrow_ready_plr_14_4
soundalias,#hash_43afa67fdd3d5468
soundalias,#vox_4_banter_udem_unik_plr_14_1
soundalias,#fly_step_glass
soundalias,#fly_mann_head_bounce_fruit
soundalias,#vox_bop2_exert_electro
soundalias,#zmb_step_mann_crouch_run_npc_fruit
soundalias,#hash_43cdf5ac74e6f6af
soundalias,#hash_43cfbbee98fb0071
soundalias,#zmb_avogadro_base_lp
soundalias,#hash_43e980c62f7c5168
soundalias,#hash_43e981c62f7c531b
soundalias,#hash_43e982c62f7c54ce
soundalias,#hash_43e983c62f7c5681
soundalias,#hash_43e984c62f7c5834
soundalias,#vox_plr_7_exert_mant_light
soundalias,#zmb_step_mann_crouch_walk_npc_grass
soundalias,#hash_4408c5d6997e0630
soundalias,#vox_revive_rich_plr_7_2
soundalias,#vox_revive_rich_plr_7_1
soundalias,#vox_revive_rich_plr_7_0
soundalias,#mus_nuked_roundstart_1_intro
soundalias,#vox_ammo_out_plr_13_4
soundalias,#vox_ammo_out_plr_13_1
soundalias,#vox_ammo_out_plr_13_0
soundalias,#vox_ammo_out_plr_13_3
soundalias,#vox_ammo_out_plr_13_2
soundalias,#vox_box_lmg_plr_7_1
soundalias,#vox_box_lmg_plr_7_0
soundalias,#vox_box_lmg_plr_7_3
soundalias,#vox_box_lmg_plr_7_2
soundalias,#vox_box_lmg_plr_7_4
soundalias,#vox_bop3_exert_burn_dead
soundalias,#vox_power_switch_plr_16_2
soundalias,#vox_power_switch_plr_16_1
soundalias,#vox_power_switch_plr_16_0
soundalias,#fly_step_crouch_run_zdog_ice
soundalias,#vox_tedd_exert_concuss
soundalias,#fly_step_walk_zdog_snow
soundalias,#vox_tedd_exert_death_veh_hit
soundalias,#hash_44400c488e1e8a8d
soundalias,#fly_step_sprint_zdog_rock
soundalias,#hash_444f93cd522695c7
soundalias,#hash_4450c12a6a4528df
soundalias,#vox_revive_take_plr_14_0
soundalias,#vox_revive_take_plr_14_1
soundalias,#vox_revive_take_plr_14_2
soundalias,#vox_4_banter_demp_uric_plr_6_1
soundalias,#vox_plr_6_exert_explo_dead
soundalias,#hash_4465d303d87007bf
soundalias,#zmb_step_mann_sprint_paintedmetal
soundalias,#fly_step_crouch_walk_zdog_brick
soundalias,#hash_44848af090dbba51
soundalias,#hash_4487a8cfa9a5a5da
soundalias,#zmb_step_mann_walk_metalcar
soundalias,#vox_bop2_exert_explo_dead
soundalias,#hash_44a988754655f73b
soundalias,#vox_plr_7_exert_bludgeoned
soundalias,#hash_44b705b5bfbbb4dc
soundalias,#hash_44b7cd6a759167a0
soundalias,#phy_impact_hard_soft
soundalias,#pfx_spark_generic
soundalias,#hash_44c65adb3b6f2576
soundalias,#vox_blac_exert_underwater_pain
soundalias,#hash_44d51c9753d17a7a
soundalias,#hash_44d91ed4d3903e3c
soundalias,#fly_step_gondola_enter
soundalias,#vox_adam_code_pernell_plr_15_2
soundalias,#mus_im_1_intro
soundalias,#vox_revive_support_niko_plr_14_0
soundalias,#vox_revive_support_niko_plr_14_1
soundalias,#vox_revive_support_niko_plr_14_2
soundalias,#vox_plr_5_exert_gas_cough
soundalias,#vox_tedd_exert_blind
soundalias,#wpn_rgun_mk2_loop
soundalias,#hash_44fb419c0ec4f639
soundalias,#vox_bop4_exert_electro
soundalias,#zmb_monkeybomb_song
soundalias,#wpn_pineapple_explode_close
soundalias,#hash_451155be4f9a7eaa
soundalias,#hash_452731c898165e8c
soundalias,#fly_mannequin_head_hit
soundalias,#vox_kill_ballistic_plr_5_4
soundalias,#vox_kill_ballistic_plr_5_3
soundalias,#vox_kill_ballistic_plr_5_2
soundalias,#vox_kill_ballistic_plr_5_1
soundalias,#vox_kill_ballistic_plr_5_0
soundalias,#wpn_generic_clip_bounce_flesh
soundalias,#fly_step_walk_zdog_default
soundalias,#fly_melee_imp_galva_npc_glass
soundalias,#hash_4548cc8cd02fa970
soundalias,#vox_destroy_rocketshield_plr_5_1
soundalias,#vox_destroy_rocketshield_plr_5_0
soundalias,#vox_destroy_rocketshield_plr_5_2
soundalias,#hash_45628cda9680aa93
soundalias,#hash_456af38afaef9d77
soundalias,#hash_456af98afaefa7a9
soundalias,#vox_mmtd_place_plr_5_1
soundalias,#vox_mmtd_place_plr_5_0
soundalias,#vox_mmtd_place_plr_5_3
soundalias,#vox_mmtd_place_plr_5_2
soundalias,#vox_mmtd_place_plr_5_4
soundalias,#zmb_vocals_quad_sprint
soundalias,#hash_458647ea6251e886
soundalias,#hash_458884a9a017b726
soundalias,#hash_458f4c85851cfcc6
soundalias,#hash_458f9052ae9b894d
soundalias,#fly_rgun_mk2_hum
soundalias,#vox_4_banter_udem_utak_plr_16_0
soundalias,#vox_power_switch_plr_6_2
soundalias,#vox_power_switch_plr_6_0
soundalias,#vox_power_switch_plr_6_1
soundalias,#fly_mann_limb_bounce_bark
soundalias,#vox_4_banter_rich_unik_plr_5_0
soundalias,#hash_45979019387072dc
soundalias,#fly_step_sprint_zdog_water
soundalias,#hash_459d4a08e77fb994
soundalias,#hash_459d4c08e77fbcfa
soundalias,#hash_459d4d08e77fbead
soundalias,#fly_step_puddle_move_npc
soundalias,#hash_45a87a32ed98445a
soundalias,#hash_45a8cfcc5097a281
soundalias,#hash_45b2fd2d8a1748cd
soundalias,#vox_4_banter_demp_take_plr_8_1
soundalias,#vox_attacked_zombie_plr_15_4
soundalias,#vox_attacked_zombie_plr_15_5
soundalias,#vox_attacked_zombie_plr_15_6
soundalias,#vox_attacked_zombie_plr_15_7
soundalias,#vox_attacked_zombie_plr_15_0
soundalias,#vox_attacked_zombie_plr_15_1
soundalias,#vox_attacked_zombie_plr_15_2
soundalias,#vox_attacked_zombie_plr_15_3
soundalias,#vox_attacked_zombie_plr_15_8
soundalias,#vox_attacked_zombie_plr_15_9
soundalias,#mus_im_9_intro
soundalias,#wpn_smg_thompson_fire_killcam_npc
soundalias,#vox_bop5_exert_punch_give
soundalias,#vox_oh_shit_plr_15_6
soundalias,#vox_oh_shit_plr_15_7
soundalias,#vox_oh_shit_plr_15_4
soundalias,#vox_oh_shit_plr_15_5
soundalias,#vox_oh_shit_plr_15_2
soundalias,#vox_oh_shit_plr_15_3
soundalias,#vox_oh_shit_plr_15_0
soundalias,#vox_oh_shit_plr_15_1
soundalias,#vox_oh_shit_plr_15_8
soundalias,#vox_oh_shit_plr_15_9
soundalias,#vox_boss_success_plr_6_3
soundalias,#vox_ww_v_elec_hint_rush_0
soundalias,#wpn_flame_thrower_loop_lfe_plr
soundalias,#hash_4610c5f5dcf29cec
soundalias,#wpn_pineapple_lfe_plr
soundalias,#hash_462556cbd2d38d08
soundalias,#hash_4626935765df7206
soundalias,#vox_boss_release_plr_13_1
soundalias,#hash_464cbcf19a391590
soundalias,#hash_464ce958923d1422
soundalias,#amb_fireplace
soundalias,#vox_revive_support_take_plr_5_2
soundalias,#vox_revive_support_take_plr_5_0
soundalias,#vox_revive_support_take_plr_5_1
soundalias,#fly_zombie_mantle_slow
soundalias,#hash_466a85378dfa085a
soundalias,#vox_joke_six_rush_0
soundalias,#hash_468cabb7402e170e
soundalias,#vox_revive_self_plr_6_4
soundalias,#vox_revive_self_plr_6_2
soundalias,#vox_revive_self_plr_6_3
soundalias,#vox_revive_self_plr_6_0
soundalias,#vox_revive_self_plr_6_1
soundalias,#vox_adam_revive_react_plr_14_0
soundalias,#vox_adam_revive_react_plr_14_1
soundalias,#vox_adam_revive_react_plr_14_2
soundalias,#zmb_vocals_quad_ambient
soundalias,#vox_demp_kill_headshot_plr_16_2
soundalias,#vox_demp_kill_headshot_plr_16_1
soundalias,#vox_demp_kill_headshot_plr_16_0
soundalias,#hash_46c2e70911f83b39
soundalias,#vox_5_banter_demp_unik_plr_15_1
soundalias,#vox_plr_5_exert_electro
soundalias,#wpn_vulcan_stop_npc
soundalias,#vox_kill_melee_plr_6_9
soundalias,#vox_kill_melee_plr_6_8
soundalias,#vox_kill_melee_plr_6_1
soundalias,#vox_kill_melee_plr_6_0
soundalias,#vox_kill_melee_plr_6_3
soundalias,#vox_kill_melee_plr_6_2
soundalias,#vox_kill_melee_plr_6_5
soundalias,#vox_kill_melee_plr_6_4
soundalias,#vox_kill_melee_plr_6_7
soundalias,#vox_kill_melee_plr_6_6
soundalias,#hash_46facb334d547795
soundalias,#hash_470012acfe6b9c96
soundalias,#vox_pickup_generic_plr_15_8
soundalias,#vox_pickup_generic_plr_15_9
soundalias,#vox_pickup_generic_plr_15_0
soundalias,#vox_pickup_generic_plr_15_1
soundalias,#vox_pickup_generic_plr_15_2
soundalias,#vox_pickup_generic_plr_15_3
soundalias,#vox_pickup_generic_plr_15_4
soundalias,#vox_pickup_generic_plr_15_5
soundalias,#vox_pickup_generic_plr_15_6
soundalias,#vox_pickup_generic_plr_15_7
soundalias,#hash_4711d7a910b2e601
soundalias,#hash_4717c666d8a921e2
soundalias,#vox_generic_responses_negative_plr_7_1
soundalias,#vox_generic_responses_negative_plr_7_0
soundalias,#vox_generic_responses_negative_plr_7_3
soundalias,#vox_generic_responses_negative_plr_7_2
soundalias,#vox_generic_responses_negative_plr_7_5
soundalias,#vox_generic_responses_negative_plr_7_4
soundalias,#vox_generic_responses_negative_plr_7_7
soundalias,#vox_generic_responses_negative_plr_7_6
soundalias,#vox_generic_responses_negative_plr_7_9
soundalias,#vox_generic_responses_negative_plr_7_8
soundalias,#vox_s2_return_plr_7_1
soundalias,#zmb_step_mann_crouch_run_npc_metal
soundalias,#exp_rocket_bow_dist
soundalias,#wpn_rifle_dryfire_npc
soundalias,#vox_bop3_exert_rad_start
soundalias,#vox_blac_exert_gas_cough
soundalias,#wpn_generic_clip_bounce_default
soundalias,#hash_47582f1f5f7e4779
soundalias,#vox_overkill_kill_mult_plr_14_1
soundalias,#vox_overkill_kill_mult_plr_14_0
soundalias,#vox_overkill_kill_mult_plr_14_3
soundalias,#vox_overkill_kill_mult_plr_14_2
soundalias,#vox_overkill_kill_mult_plr_14_4
soundalias,#vox_bop4_exert_pain
soundalias,#vox_plr_8_exert_death_veh_fly
soundalias,#fly_mann_limb_bounce_default
soundalias,#vox_adam_revive_react_plr_6_1
soundalias,#vox_adam_revive_react_plr_6_0
soundalias,#vox_adam_revive_react_plr_6_2
soundalias,#hash_479e1b9f9760fb64
soundalias,#hash_47a1ce4b330b7b4a
soundalias,#vox_4_banter_niko_udem_plr_7_0
soundalias,#dst_garbage_bag
soundalias,#fly_step_crouch_run_zdog_glasscar
soundalias,#hash_47aca0d306a8ffdc
soundalias,#hash_47b1d1906537993a
soundalias,#vox_take_surrounded_oh_shit_plr_13_0
soundalias,#vox_take_surrounded_oh_shit_plr_13_1
soundalias,#vox_take_surrounded_oh_shit_plr_13_2
soundalias,#wpn_reload_smg_clipout_npc
soundalias,#wpn_flame_thrower_cooldown
soundalias,#hash_47f9503151af5e71
soundalias,#vox_magic_box_share_plr_5_2
soundalias,#vox_magic_box_share_plr_5_3
soundalias,#vox_magic_box_share_plr_5_0
soundalias,#vox_magic_box_share_plr_5_1
soundalias,#vox_magic_box_share_plr_5_4
soundalias,#vox_operations_intro_plr_7_0
soundalias,#vox_operations_intro_plr_7_3
soundalias,#hash_480e1f7a5e8631cb
soundalias,#vox_s4_intro_rush_0
soundalias,#hash_482666b30981eef4
soundalias,#hash_4829b94921595ecc
soundalias,#hash_482eac33170d0758
soundalias,#hash_482eae33170d0abe
soundalias,#hash_482eaf33170d0c71
soundalias,#vox_1_banter_demp_rich_plr_6_1
soundalias,#zmb_step_mann_walk_bark
soundalias,#vox_hellfire_kill_mult_plr_14_0
soundalias,#vox_hellfire_kill_mult_plr_14_1
soundalias,#vox_hellfire_kill_mult_plr_14_2
soundalias,#vox_hellfire_kill_mult_plr_14_3
soundalias,#vox_hellfire_kill_mult_plr_14_4
soundalias,#fly_step_prone_zdog_carpet
soundalias,#vox_box_raygun_mk2_plr_5_4
soundalias,#vox_box_raygun_mk2_plr_5_0
soundalias,#vox_box_raygun_mk2_plr_5_1
soundalias,#vox_box_raygun_mk2_plr_5_2
soundalias,#vox_box_raygun_mk2_plr_5_3
soundalias,#fly_step_run_zdog_metalcar
soundalias,#hash_4857eadf6e394309
soundalias,#vox_tedd_exert_pain
soundalias,#vox_5_banter_demp_utak_plr_6_0
soundalias,#fly_step_crouch_run_zdog_watershallow
soundalias,#vox_pickup_generic_plr_8_4
soundalias,#vox_pickup_generic_plr_8_5
soundalias,#vox_pickup_generic_plr_8_6
soundalias,#vox_pickup_generic_plr_8_7
soundalias,#vox_pickup_generic_plr_8_0
soundalias,#vox_pickup_generic_plr_8_1
soundalias,#vox_pickup_generic_plr_8_2
soundalias,#vox_pickup_generic_plr_8_3
soundalias,#vox_pickup_generic_plr_8_8
soundalias,#vox_pickup_generic_plr_8_9
soundalias,#fly_step_paper_npc
soundalias,#zmb_clock_chime
soundalias,#fly_step_walk_zdog_watershallow
soundalias,#zmb_ee_key_pickup
soundalias,#fly_step_prone_zdog_metalthin
soundalias,#fly_step_walk_zdog_glassbulletproof
soundalias,#vox_kill_raygun_plr_13_1
soundalias,#vox_kill_raygun_plr_13_0
soundalias,#vox_kill_raygun_plr_13_3
soundalias,#vox_kill_raygun_plr_13_2
soundalias,#vox_kill_raygun_plr_13_4
soundalias,#fly_step_walk_zdog_metal
soundalias,#hash_48cebe2e9cc70ddc
soundalias,#hash_48e88bb579bf0f08
soundalias,#hash_48fba595fbad5271
soundalias,#vox_trap_generic_activate_plr_13_4
soundalias,#vox_trap_generic_activate_plr_13_1
soundalias,#vox_trap_generic_activate_plr_13_0
soundalias,#vox_trap_generic_activate_plr_13_3
soundalias,#vox_trap_generic_activate_plr_13_2
soundalias,#hash_490ee8818bb2ea64
soundalias,#vox_s4_transport_rush_0
soundalias,#zmb_step_mann_crouch_run_npc_gravel
soundalias,#vox_plr_6_exert_pain
soundalias,#hash_49326dd59a0e9c53
soundalias,#amb_fire_sml
soundalias,#vox_tedd_exert_stabbed
soundalias,#zmb_step_mann_crouch_walk_npc_paper
soundalias,#hash_494687d40413608c
soundalias,#wpn_katana_melee_impact_plr
soundalias,#zmb_step_mann_run_sand
soundalias,#fly_bump_vend_small
soundalias,#hash_496bb6ac2f4469ca
soundalias,#evt_raygun_printer_open
soundalias,#hash_497fe8b43d4bbcf7
soundalias,#hash_498d9db47f00d663
soundalias,#zmb_goop_repair_fail
soundalias,#vox_boss_release_plr_5_1
soundalias,#hash_4995d012e2df3193
soundalias,#vox_box_ar_plr_15_4
soundalias,#vox_box_ar_plr_15_3
soundalias,#vox_box_ar_plr_15_2
soundalias,#vox_box_ar_plr_15_1
soundalias,#vox_box_ar_plr_15_0
soundalias,#fly_melee_imp_galva_metalcar
soundalias,#vox_plr_7_exert_self_heal
soundalias,#hash_49a99f39007f7039
soundalias,#vox_nova_effect_react_plr_5_2
soundalias,#vox_nova_effect_react_plr_5_1
soundalias,#vox_nova_effect_react_plr_5_0
soundalias,#hash_49b8e9848cb4d8c0
soundalias,#vox_plr_5_exert_pain
soundalias,#hash_49c3da536100a9c8
soundalias,#hash_49c63b1bf78af2bc
soundalias,#hash_49c65e9234b3bdf0
soundalias,#hash_49d4aaffc42f0eb4
soundalias,#zmb_goop_valve_turn
soundalias,#hash_49dcd89ff59bdcd4
soundalias,#hash_49dcda9ff59be03a
soundalias,#hash_49dcdb9ff59be1ed
soundalias,#fly_step_crouch_walk_zdog_asphalt
soundalias,#vox_5_banter_demp_unik_plr_6_0
soundalias,#vox_revive_support_udem_plr_5_2
soundalias,#vox_revive_support_udem_plr_5_0
soundalias,#vox_revive_support_udem_plr_5_1
soundalias,#hash_49eced8aae80b6e4
soundalias,#hash_49f03e873590661f
soundalias,#hash_49f0408735906985
soundalias,#vox_revive_support_niko_plr_6_1
soundalias,#vox_revive_support_niko_plr_6_0
soundalias,#vox_revive_support_niko_plr_6_2
soundalias,#fly_step_crouch_walk_zdog_watershallow
soundalias,#fly_step_prone_zdog_flesh
soundalias,#vox_roundstart_special_plr_15_4
soundalias,#vox_roundstart_special_plr_15_2
soundalias,#vox_roundstart_special_plr_15_3
soundalias,#vox_roundstart_special_plr_15_0
soundalias,#vox_roundstart_special_plr_15_1
soundalias,#vox_plr_6_exert_death_veh_hit
soundalias,#vox_1_banter_take_unik_plr_15_1
soundalias,#vox_revive_udem_plr_5_2
soundalias,#vox_revive_udem_plr_5_0
soundalias,#vox_revive_udem_plr_5_1
soundalias,#hash_4a31a35161e79101
soundalias,#hash_4a35af42af4de3fa
soundalias,#zmb_counter_flip
soundalias,#hash_4a407dfa1463a1d5
soundalias,#zmb_vocals_hellhound_ambient_loud
soundalias,#vox_take_kill_headshot_plr_5_2
soundalias,#vox_take_kill_headshot_plr_5_0
soundalias,#vox_take_kill_headshot_plr_5_1
soundalias,#vox_tedd_exert_suppressed
soundalias,#vox_box_move_plr_5_4
soundalias,#vox_box_move_plr_5_2
soundalias,#vox_box_move_plr_5_3
soundalias,#vox_box_move_plr_5_0
soundalias,#zmb_step_mann_sprint_sand
soundalias,#fly_step_sprint_zdog_bodyarmor
soundalias,#hash_4a67e67e0a9d6df9
soundalias,#wpn_pineapple_lfe_npc
soundalias,#hash_4a6dbd82ebe94844
soundalias,#hash_4a75dfd44b715890
soundalias,#fly_step_wood_move_intermittent
soundalias,#vox_solo_end_round1_unik_plr_15_0
soundalias,#hash_4a831f91b901c90a
soundalias,#hash_4a8e31e03df0def0
soundalias,#phy_impact_hard_wood
soundalias,#fly_mann_head_bounce_gravel
soundalias,#dst_pipe_water
soundalias,#hash_4aa3d85925d52a67
soundalias,#vox_trap_generic_activate_plr_5_0
soundalias,#vox_trap_generic_activate_plr_5_1
soundalias,#vox_trap_generic_activate_plr_5_2
soundalias,#vox_trap_generic_activate_plr_5_3
soundalias,#vox_trap_generic_activate_plr_5_4
soundalias,#zmb_monkeybomb_cymbal_lp
soundalias,#fly_step_run_zdog_dirt
soundalias,#hash_4ac5d84d2cfa60b3
soundalias,#zmb_step_mann_run_plastic
soundalias,#wpn_rgun_mk2_fire_act_npc
soundalias,#fly_mann_head_bounce_ice
soundalias,#zmb_step_mann_walk_default
soundalias,#vox_rushmore_life_rush_0
soundalias,#vox_path_sorrow_ready_plr_15_0
soundalias,#vox_path_sorrow_ready_plr_15_1
soundalias,#vox_path_sorrow_ready_plr_15_2
soundalias,#vox_path_sorrow_ready_plr_15_3
soundalias,#vox_path_sorrow_ready_plr_15_4
soundalias,#zmb_step_mann_run_plaster
soundalias,#fly_step_diamond_plate
soundalias,#wpn_katana_sheathe_plr
soundalias,#vox_revive_down_plr_7_1
soundalias,#vox_revive_down_plr_7_0
soundalias,#vox_revive_down_plr_7_3
soundalias,#vox_revive_down_plr_7_2
soundalias,#vox_revive_down_plr_7_4
soundalias,#vox_ww_y_craft_rush_1
soundalias,#vox_1_banter_rich_unik_plr_15_1
soundalias,#vox_bop5_exert_death_veh_fly
soundalias,#vox_adam_kill_react_plr_8_0
soundalias,#vox_adam_kill_react_plr_8_1
soundalias,#vox_adam_kill_react_plr_8_2
soundalias,#hash_4b358bd3931ede8e
soundalias,#hash_4b3bd81e408ec831
soundalias,#fly_bump_desk
soundalias,#vox_revive_support_uric_plr_15_1
soundalias,#vox_revive_support_uric_plr_15_0
soundalias,#vox_revive_support_uric_plr_15_2
soundalias,#fly_melee_imp_katana_flesh
soundalias,#hash_4b624dad2a08a6cd
soundalias,#hash_4b65e35e7b48ed20
soundalias,#vox_box_lmg_plr_6_0
soundalias,#vox_box_lmg_plr_6_1
soundalias,#vox_box_lmg_plr_6_2
soundalias,#vox_box_lmg_plr_6_3
soundalias,#vox_box_lmg_plr_6_4
soundalias,#fly_step_prone_zdog_watershallow
soundalias,#fly_step_crouch_walk_zdog_sand
soundalias,#hash_4b8208cff119ba65
soundalias,#wpn_minigun_lvl3_throw
soundalias,#hash_4b8f5da922f38e16
soundalias,#vox_utak_surrounded_oh_shit_plr_7_2
soundalias,#vox_utak_surrounded_oh_shit_plr_7_1
soundalias,#vox_utak_surrounded_oh_shit_plr_7_0
soundalias,#vox_revive_take_plr_7_0
soundalias,#vox_revive_take_plr_7_1
soundalias,#vox_revive_take_plr_7_2
soundalias,#vox_hellfire_ready_plr_15_4
soundalias,#vox_hellfire_ready_plr_15_1
soundalias,#vox_hellfire_ready_plr_15_0
soundalias,#vox_hellfire_ready_plr_15_3
soundalias,#vox_hellfire_ready_plr_15_2
soundalias,#vox_udem_surrounded_oh_shit_plr_13_0
soundalias,#vox_udem_surrounded_oh_shit_plr_13_1
soundalias,#vox_udem_surrounded_oh_shit_plr_13_2
soundalias,#vox_revive_niko_plr_8_2
soundalias,#vox_revive_niko_plr_8_1
soundalias,#vox_revive_niko_plr_8_0
soundalias,#vox_2_banter_rich_unik_plr_15_1
soundalias,#hash_4bc2bad985ecbd3f
soundalias,#vox_5_banter_demp_niko_plr_7_1
soundalias,#zmb_step_mann_sprint_metalcar
soundalias,#vox_boss_electric_warn_plr_16_3
soundalias,#vox_boss_electric_warn_plr_16_2
soundalias,#vox_boss_electric_warn_plr_16_1
soundalias,#vox_boss_electric_warn_plr_16_0
soundalias,#vox_boss_electric_warn_plr_16_4
soundalias,#wpn_rgun_mk2v_end
soundalias,#vox_blac_exert_death_veh
soundalias,#zmb_blocker_debris_purchase
soundalias,#vox_revive_self_plr_8_4
soundalias,#vox_revive_self_plr_8_0
soundalias,#vox_revive_self_plr_8_1
soundalias,#vox_revive_self_plr_8_2
soundalias,#vox_revive_self_plr_8_3
soundalias,#wpn_pineapple_blend
soundalias,#fly_mann_head_bounce_asphalt
soundalias,#hash_4bee60b68c12edf1
soundalias,#hash_4c00064d849209ae
soundalias,#vox_plr_5_exert_razor_wire
soundalias,#vox_box_ballistic_plr_8_4
soundalias,#vox_box_ballistic_plr_8_3
soundalias,#vox_box_ballistic_plr_8_2
soundalias,#vox_box_ballistic_plr_8_1
soundalias,#vox_box_ballistic_plr_8_0
soundalias,#vox_rich_kill_headshot_plr_16_2
soundalias,#vox_rich_kill_headshot_plr_16_1
soundalias,#vox_rich_kill_headshot_plr_16_0
soundalias,#wpn_dg4_slam_impact_swt
soundalias,#vox_adam_code_pernell_plr_7_2
soundalias,#hash_4c2ca04dc5f5edf1
soundalias,#hash_4c33dd6270ac189a
soundalias,#wpn_katana_melee_npc
soundalias,#zmb_death_gibs
soundalias,#vox_box_smg_plr_15_3
soundalias,#vox_box_smg_plr_15_2
soundalias,#vox_box_smg_plr_15_1
soundalias,#vox_box_smg_plr_15_0
soundalias,#vox_box_smg_plr_15_4
soundalias,#hash_4c436c7624408266
soundalias,#hash_4c4486993264a055
soundalias,#exp_nitrogen_flux_r
soundalias,#exp_nitrogen_flux_l
soundalias,#vox_nova_gas_encounter_plr_13_2
soundalias,#vox_nova_gas_encounter_plr_13_0
soundalias,#vox_nova_gas_encounter_plr_13_1
soundalias,#vox_nova_kill_plr_15_4
soundalias,#vox_nova_kill_plr_15_3
soundalias,#vox_nova_kill_plr_15_2
soundalias,#vox_nova_kill_plr_15_1
soundalias,#vox_nova_kill_plr_15_0
soundalias,#fly_step_run_zdog_fruit
soundalias,#fly_gl_close
soundalias,#vox_uric_surrounded_oh_shit_plr_8_2
soundalias,#vox_uric_surrounded_oh_shit_plr_8_0
soundalias,#vox_uric_surrounded_oh_shit_plr_8_1
soundalias,#hash_4ca3d2aaa573f1c8
soundalias,#vox_bom1_exert_rad_start
soundalias,#hash_4ce0d89fd6f88682
soundalias,#hash_4cf18ee358ca7385
soundalias,#vox_joke_three_rush_0
soundalias,#fly_bump_cardboard_sm
soundalias,#vox_revive_support_utak_plr_14_2
soundalias,#vox_revive_support_utak_plr_14_0
soundalias,#vox_revive_support_utak_plr_14_1
soundalias,#dst_solar_panel_lrg
soundalias,#fly_pineapple_futz
soundalias,#zmb_step_mann_sprint_cushion
soundalias,#hash_4d38572336bf6e33
soundalias,#dst_solar_panel_lfe
soundalias,#zmb_step_mann_sprint_wood
soundalias,#vox_boss_success_plr_7_3
soundalias,#vox_bop3_exert_underwater_emerge_breath
soundalias,#hash_4d5c9f5510618762
soundalias,#fly_step_grate_move
soundalias,#hash_4d71f65dbeb4014c
soundalias,#vox_solo_end_round2_udem_plr_14_0
soundalias,#zmb_perks_packa_upgrade_crnch
soundalias,#zmb_avogadro_ranged_attack
soundalias,#fly_bump_shelf_scoot
soundalias,#hash_4d8c59e8434e13c0
soundalias,#vox_kill_galva_plr_5_4
soundalias,#vox_kill_galva_plr_5_1
soundalias,#vox_kill_galva_plr_5_0
soundalias,#vox_kill_galva_plr_5_3
soundalias,#vox_kill_galva_plr_5_2
soundalias,#mus_ee_song_main_intro
soundalias,#hash_4d972c4ea58ca9eb
soundalias,#zmb_trap_acid_end
soundalias,#vox_s4_success_plr_5_1
soundalias,#hash_4dba6b9ac80d1ec1
soundalias,#hash_4dbcfa5dbef3f392
soundalias,#fly_generic_ads_plr
soundalias,#vox_plr_8_exert_concuss
soundalias,#vox_overkill_kill_mult_plr_7_4
soundalias,#vox_overkill_kill_mult_plr_7_3
soundalias,#vox_overkill_kill_mult_plr_7_2
soundalias,#vox_overkill_kill_mult_plr_7_1
soundalias,#vox_overkill_kill_mult_plr_7_0
soundalias,#vox_pickup_rocketshield_plr_7_2
soundalias,#vox_pickup_rocketshield_plr_7_1
soundalias,#vox_pickup_rocketshield_plr_7_0
soundalias,#hash_4dd7e4d5320a2bc3
soundalias,#vox_demp_surrounded_oh_shit_plr_8_2
soundalias,#vox_demp_surrounded_oh_shit_plr_8_1
soundalias,#vox_demp_surrounded_oh_shit_plr_8_0
soundalias,#vox_bop4_exert_underwater_emerge_gasp
soundalias,#vox_unik_surrounded_oh_shit_plr_8_2
soundalias,#vox_unik_surrounded_oh_shit_plr_8_0
soundalias,#vox_unik_surrounded_oh_shit_plr_8_1
soundalias,#hash_4e06c2e31235ce47
soundalias,#hash_4e0aeb59bdd8e0a2
soundalias,#hash_4e0e55de1d256937
soundalias,#fly_bump_mannequin
soundalias,#fly_mann_head_bounce_rubber
soundalias,#vox_operations_intro_plr_14_0
soundalias,#vox_operations_intro_plr_14_3
soundalias,#fly_step_run_zdog_cushion
soundalias,#wpn_pineapple_explode
soundalias,#hash_4e2d16bd4ae0c8d1
soundalias,#vox_ww_v_craft_rush_1
soundalias,#fly_step_run_zdog_ceramic
soundalias,#zmb_step_mann_crouch_run_npc_asphalt
soundalias,#vox_kill_melee_plr_7_0
soundalias,#vox_kill_melee_plr_7_1
soundalias,#vox_kill_melee_plr_7_2
soundalias,#vox_kill_melee_plr_7_3
soundalias,#vox_kill_melee_plr_7_4
soundalias,#vox_kill_melee_plr_7_5
soundalias,#vox_kill_melee_plr_7_6
soundalias,#vox_kill_melee_plr_7_7
soundalias,#vox_kill_melee_plr_7_8
soundalias,#vox_kill_melee_plr_7_9
soundalias,#hash_4e4b47e07d379744
soundalias,#hash_4e536e37acccc1f6
soundalias,#vox_1_banter_unik_uric_plr_15_0
soundalias,#vox_tedd_exert_breath_hurt
soundalias,#vox_4_banter_demp_unik_plr_6_0
soundalias,#vox_bop3_exert_punch_take
soundalias,#phy_impact_wood_metal
soundalias,#wpn_smg_thompson_fire_killcam_plr
soundalias,#hash_4e9f285c42968b51
soundalias,#zmb_turn_on
soundalias,#vox_bop1_exert_blind
soundalias,#vox_plr_8_exert_punch_take
soundalias,#zmb_step_mann_crouch_run_npc_metalcar
soundalias,#wpn_fire_trap_loop
soundalias,#vox_overkill_ready_plr_13_4
soundalias,#vox_overkill_ready_plr_13_2
soundalias,#vox_overkill_ready_plr_13_3
soundalias,#vox_overkill_ready_plr_13_0
soundalias,#vox_overkill_ready_plr_13_1
soundalias,#vox_revive_rich_plr_6_2
soundalias,#vox_revive_rich_plr_6_0
soundalias,#vox_revive_rich_plr_6_1
soundalias,#vox_box_raygun_plr_13_4
soundalias,#vox_box_raygun_plr_13_0
soundalias,#vox_box_raygun_plr_13_1
soundalias,#vox_box_raygun_plr_13_2
soundalias,#vox_box_raygun_plr_13_3
soundalias,#dst_propane_tank_explo
soundalias,#fly_melee_imp_katana_plastic
soundalias,#zmb_step_mann_sprint_gravel
soundalias,#hash_4ee168f9dc300b3a
soundalias,#hash_4ee4ffe12c6dc572
soundalias,#evt_power_out
soundalias,#fly_step_corr_metal
soundalias,#hash_4f15b954359cc303
soundalias,#hash_4f1fbc4f981b2f88
soundalias,#vox_kill_streak_plr_13_9
soundalias,#vox_kill_streak_plr_13_8
soundalias,#vox_kill_streak_plr_13_5
soundalias,#vox_kill_streak_plr_13_4
soundalias,#vox_kill_streak_plr_13_7
soundalias,#vox_kill_streak_plr_13_6
soundalias,#vox_kill_streak_plr_13_1
soundalias,#vox_kill_streak_plr_13_0
soundalias,#vox_kill_streak_plr_13_3
soundalias,#vox_kill_streak_plr_13_2
soundalias,#vox_path_sorrow_kill_mult_plr_13_4
soundalias,#vox_path_sorrow_kill_mult_plr_13_2
soundalias,#vox_path_sorrow_kill_mult_plr_13_3
soundalias,#vox_path_sorrow_kill_mult_plr_13_0
soundalias,#vox_path_sorrow_kill_mult_plr_13_1
soundalias,#hash_4f2849ad02e5accb
soundalias,#vox_plr_6_exert_razor_wire
soundalias,#vox_revive_support_uric_plr_6_1
soundalias,#vox_revive_support_uric_plr_6_0
soundalias,#vox_revive_support_uric_plr_6_2
soundalias,#vox_pickup_generic_plr_16_9
soundalias,#vox_pickup_generic_plr_16_8
soundalias,#vox_pickup_generic_plr_16_7
soundalias,#vox_pickup_generic_plr_16_6
soundalias,#vox_pickup_generic_plr_16_5
soundalias,#vox_pickup_generic_plr_16_4
soundalias,#vox_pickup_generic_plr_16_3
soundalias,#vox_pickup_generic_plr_16_2
soundalias,#vox_pickup_generic_plr_16_1
soundalias,#vox_pickup_generic_plr_16_0
soundalias,#hash_4f378ff1bae02961
soundalias,#vox_blac_exert_underwater_emerge_breath
soundalias,#vox_generic_responses_negative_plr_6_8
soundalias,#vox_generic_responses_negative_plr_6_9
soundalias,#vox_generic_responses_negative_plr_6_0
soundalias,#vox_generic_responses_negative_plr_6_1
soundalias,#vox_generic_responses_negative_plr_6_2
soundalias,#vox_generic_responses_negative_plr_6_3
soundalias,#vox_generic_responses_negative_plr_6_4
soundalias,#vox_generic_responses_negative_plr_6_5
soundalias,#vox_generic_responses_negative_plr_6_6
soundalias,#vox_generic_responses_negative_plr_6_7
soundalias,#wpn_flame_thrower_loop_plr
soundalias,#vox_rich_surrounded_oh_shit_plr_15_1
soundalias,#vox_rich_surrounded_oh_shit_plr_15_0
soundalias,#vox_rich_surrounded_oh_shit_plr_15_2
soundalias,#zmb_step_mann_crouch_run_npc_flesh
soundalias,#vox_tedd_exert_mant_light
soundalias,#vox_3_banter_demp_take_plr_6_1
soundalias,#wpn_katana_rush_lp
soundalias,#zmb_step_mann_crouch_walk_npc_wood
soundalias,#zmb_wisp_move_stop
soundalias,#vox_4_banter_unik_utak_plr_15_0
soundalias,#dst_pipe_steam
soundalias,#vox_adam_code_pernell_plr_16_2
soundalias,#zmb_step_mann_walk_carpet
soundalias,#hash_4fa11f98ec24cf9c
soundalias,#vox_path_sorrow_kill_mult_plr_8_0
soundalias,#vox_path_sorrow_kill_mult_plr_8_1
soundalias,#vox_path_sorrow_kill_mult_plr_8_2
soundalias,#vox_path_sorrow_kill_mult_plr_8_3
soundalias,#vox_path_sorrow_kill_mult_plr_8_4
soundalias,#hash_4fc23aa7cb3ad783
soundalias,#fly_bump_glass_pane
soundalias,#hash_4fd5895c608af2db
soundalias,#hash_4fded09f9c972422
soundalias,#hash_4ff113a86ee855ac
soundalias,#fly_bump_cardboard
soundalias,#hash_4ffd858cd6d41bcb
soundalias,#hash_4ffd8ac85d3a7cbb
soundalias,#vox_pickup_galva_plr_7_2
soundalias,#vox_pickup_galva_plr_7_1
soundalias,#vox_pickup_galva_plr_7_0
soundalias,#vox_box_ballistic_plr_13_4
soundalias,#vox_box_ballistic_plr_13_3
soundalias,#vox_box_ballistic_plr_13_2
soundalias,#vox_box_ballistic_plr_13_1
soundalias,#vox_box_ballistic_plr_13_0
soundalias,#fly_step_crouch_walk_zdog_bodyarmor
soundalias,#fly_step_run_zdog_ice
soundalias,#hash_50212088267146b1
soundalias,#hash_502a0297a359206a
soundalias,#vox_plr_8_exert_death_veh_hit
soundalias,#vox_plr_8_exert_death_veh_under
soundalias,#hash_50355eacea481a5f
soundalias,#hash_50373780e60052ca
soundalias,#fly_rgun_mk2_sparks
soundalias,#vox_nova_react_plr_8_0
soundalias,#vox_nova_react_plr_8_1
soundalias,#vox_nova_react_plr_8_2
soundalias,#vox_nova_react_plr_8_3
soundalias,#vox_nova_react_plr_8_4
soundalias,#vox_5_banter_udem_uric_plr_14_0
soundalias,#vox_4_banter_niko_rich_plr_7_0
soundalias,#hash_505744331b87bc60
soundalias,#hash_505745331b87be13
soundalias,#hash_505747331b87c179
soundalias,#hash_5069ed8fdae493ce
soundalias,#zmb_electrocute_zombie_swt
soundalias,#fly_step_run_zdog_default
soundalias,#vox_box_raygun_mk2_plr_6_3
soundalias,#vox_box_raygun_mk2_plr_6_2
soundalias,#vox_box_raygun_mk2_plr_6_1
soundalias,#vox_box_raygun_mk2_plr_6_0
soundalias,#vox_box_raygun_mk2_plr_6_4
soundalias,#vox_box_tactical_plr_6_1
soundalias,#vox_box_tactical_plr_6_0
soundalias,#vox_box_tactical_plr_6_3
soundalias,#vox_box_tactical_plr_6_2
soundalias,#vox_box_tactical_plr_6_4
soundalias,#vox_attacked_zombie_plr_16_9
soundalias,#vox_attacked_zombie_plr_16_8
soundalias,#vox_attacked_zombie_plr_16_3
soundalias,#vox_attacked_zombie_plr_16_2
soundalias,#vox_attacked_zombie_plr_16_1
soundalias,#vox_attacked_zombie_plr_16_0
soundalias,#vox_attacked_zombie_plr_16_7
soundalias,#vox_attacked_zombie_plr_16_6
soundalias,#vox_attacked_zombie_plr_16_5
soundalias,#vox_attacked_zombie_plr_16_4
soundalias,#fly_melee_imp_galva_npc_rock
soundalias,#hash_508124d59dcfe248
soundalias,#wpn_gren_raise_plr
soundalias,#hash_509756d0fbd7b460
soundalias,#hash_509f6ff1ecde8016
soundalias,#hash_50a56f17fc412b92
soundalias,#vox_2_banter_demp_unik_plr_6_0
soundalias,#zmb_step_mann_crouch_walk_npc_ice
soundalias,#hash_50cae5e74f332b7c
soundalias,#fly_step_rock_rubble
soundalias,#vox_adam_activate_plr_5_2
soundalias,#vox_adam_activate_plr_5_0
soundalias,#vox_adam_activate_plr_5_1
soundalias,#vox_3_banter_niko_udem_plr_7_0
soundalias,#vox_tv_message_avog_4
soundalias,#vox_tv_message_avog_5
soundalias,#vox_tv_message_avog_6
soundalias,#vox_tv_message_avog_7
soundalias,#vox_tv_message_avog_0
soundalias,#vox_tv_message_avog_1
soundalias,#vox_tv_message_avog_2
soundalias,#vox_tv_message_avog_3
soundalias,#vox_tv_message_avog_8
soundalias,#vox_tv_message_avog_9
soundalias,#hash_5104b38a3483b42a
soundalias,#vox_s2_return_plr_6_1
soundalias,#fly_bump_fridge
soundalias,#hash_5113cf29318f95bc
soundalias,#vox_unik_kill_headshot_plr_13_2
soundalias,#vox_unik_kill_headshot_plr_13_1
soundalias,#vox_unik_kill_headshot_plr_13_0
soundalias,#hash_511b5598814b33a9
soundalias,#vox_plr_6_exert_bludgeoned
soundalias,#hash_511e79ef416368e2
soundalias,#vox_boss_nuke_count_two_ncom_0
soundalias,#vox_overkill_kill_mult_plr_15_0
soundalias,#vox_overkill_kill_mult_plr_15_1
soundalias,#vox_overkill_kill_mult_plr_15_2
soundalias,#vox_overkill_kill_mult_plr_15_3
soundalias,#vox_overkill_kill_mult_plr_15_4
soundalias,#hash_513b964d3003c1cd
soundalias,#hash_513c6e8765b676b4
soundalias,#hash_513ee987395197b0
soundalias,#hash_513eeb8739519b16
soundalias,#vox_4_banter_niko_take_plr_8_1
soundalias,#vox_2_banter_unik_utak_plr_16_1
soundalias,#hash_516083f9ceeab414
soundalias,#fly_step_container
soundalias,#fly_bump_car
soundalias,#fly_step_walk_zdog_grass
soundalias,#fly_mann_head_bounce_carpet
soundalias,#vox_bop3_exert_sniper_gasp
soundalias,#vox_adam_revive_react_plr_7_0
soundalias,#vox_adam_revive_react_plr_7_1
soundalias,#vox_adam_revive_react_plr_7_2
soundalias,#zmb_step_mann_crouch_walk_npc_snow
soundalias,#hash_51812161eb23c96f
soundalias,#wpn_electric_trap_hit
soundalias,#hash_518ca062a66c9b00
soundalias,#fly_step_sprint_zdog_glasscar
soundalias,#zmb_printer_print
soundalias,#hash_5199cd71c2ef70df
soundalias,#fly_bump_brick
soundalias,#vox_revive_unik_plr_14_0
soundalias,#vox_revive_unik_plr_14_1
soundalias,#vox_revive_unik_plr_14_2
soundalias,#wpn_smg_thompson_act_killcam_plr
soundalias,#wpn_rgun_mk2v_lp
soundalias,#vox_bof2_exert_rad_dmg
soundalias,#vox_plr_8_exert_electro
soundalias,#vox_box_sniper_plr_5_4
soundalias,#vox_box_sniper_plr_5_0
soundalias,#vox_box_sniper_plr_5_1
soundalias,#vox_box_sniper_plr_5_2
soundalias,#vox_box_sniper_plr_5_3
soundalias,#vox_niko_kill_headshot_plr_8_2
soundalias,#vox_niko_kill_headshot_plr_8_1
soundalias,#vox_niko_kill_headshot_plr_8_0
soundalias,#zmb_elemental_shard_loop
soundalias,#vox_utak_surrounded_oh_shit_plr_6_2
soundalias,#vox_utak_surrounded_oh_shit_plr_6_0
soundalias,#vox_utak_surrounded_oh_shit_plr_6_1
soundalias,#hash_5215848ab2fb6a39
soundalias,#vox_bop1_exert_underwater_emerge_gasp
soundalias,#hash_523b4556a0949f2c
soundalias,#hash_52407300ef648e59
soundalias,#vox_solo_game_start_rich_plr_5_0
soundalias,#fly_step_crouch_run_zdog_glass
soundalias,#zmb_step_mann_crouch_run_npc_default
soundalias,#vox_4_banter_rich_take_plr_5_1
soundalias,#amb_fire_med
soundalias,#hash_5260203a803c0f39
soundalias,#hash_5265e42288d5b3fa
soundalias,#hash_52680552f260f2e8
soundalias,#vox_1_banter_demp_utak_plr_6_1
soundalias,#vox_bom3_exert_rad_start
soundalias,#hash_527eea74ab1a923e
soundalias,#vox_adam_code_pernell_plr_6_2
soundalias,#vox_tedd_interact_tedd_8
soundalias,#vox_tedd_interact_tedd_9
soundalias,#vox_tedd_interact_tedd_4
soundalias,#vox_tedd_interact_tedd_5
soundalias,#vox_tedd_interact_tedd_6
soundalias,#vox_tedd_interact_tedd_7
soundalias,#vox_tedd_interact_tedd_0
soundalias,#vox_tedd_interact_tedd_1
soundalias,#vox_tedd_interact_tedd_2
soundalias,#vox_tedd_interact_tedd_3
soundalias,#vox_kill_streak_plr_5_0
soundalias,#vox_kill_streak_plr_5_1
soundalias,#vox_kill_streak_plr_5_2
soundalias,#vox_kill_streak_plr_5_3
soundalias,#vox_kill_streak_plr_5_4
soundalias,#vox_kill_streak_plr_5_5
soundalias,#vox_kill_streak_plr_5_6
soundalias,#vox_kill_streak_plr_5_7
soundalias,#vox_kill_streak_plr_5_8
soundalias,#vox_kill_streak_plr_5_9
soundalias,#vox_revive_support_uric_plr_14_0
soundalias,#vox_revive_support_uric_plr_14_1
soundalias,#vox_revive_support_uric_plr_14_2
soundalias,#zmb_fasttravel_teleport_end_npc
soundalias,#phy_impact_soft_flesh
soundalias,#zmb_step_mann_sprint_grass
soundalias,#vox_5_banter_rich_utak_plr_16_1
soundalias,#vox_3_banter_rich_utak_plr_16_1
soundalias,#vox_bop1_exert_burn_dmg
soundalias,#vox_box_smg_plr_14_2
soundalias,#vox_box_smg_plr_14_3
soundalias,#vox_box_smg_plr_14_0
soundalias,#vox_box_smg_plr_14_1
soundalias,#vox_box_smg_plr_14_4
soundalias,#vox_kill_monkey_plr_7_3
soundalias,#vox_kill_monkey_plr_7_2
soundalias,#vox_kill_monkey_plr_7_1
soundalias,#vox_kill_monkey_plr_7_0
soundalias,#vox_kill_monkey_plr_7_4
soundalias,#zmb_vocals_zombie_sprint
soundalias,#hash_52bb76830aaa9c37
soundalias,#vox_adam_activate_plr_16_2
soundalias,#vox_adam_activate_plr_16_0
soundalias,#vox_adam_activate_plr_16_1
soundalias,#hash_52bfc8aedfe0fbd4
soundalias,#hash_52bfc9aedfe0fd87
soundalias,#hash_52bfcaaedfe0ff3a
soundalias,#hash_52bfcbaedfe100ed
soundalias,#vox_4_banter_niko_utak_plr_7_1
soundalias,#hash_52c59b3641d465e8
soundalias,#vox_plr_5_exert_gas_gag
soundalias,#vox_bop1_exert_gas_gasp
soundalias,#hash_52d16ee81bdabd6c
soundalias,#fly_zombie_hand
soundalias,#phy_impact_metal_glass
soundalias,#hash_52d86f91b8b1d162
soundalias,#vox_s2_intro_rush_0
soundalias,#zmb_step_mann_crouch_run_npc_glassbulletproof
soundalias,#evt_rgun_frame_pickup
soundalias,#hash_5305194966f1030b
soundalias,#fly_reload_wpn_grab
soundalias,#hash_530bca9955807e90
soundalias,#wpn_generic_clip_bounce_gravel
soundalias,#wpn_katana_melee_impact_victim
soundalias,#fly_mann_head_bounce_glass
soundalias,#mus_im_12_intro
soundalias,#wpn_rgun_exp_flux_r
soundalias,#wpn_rgun_exp_flux_l
soundalias,#hash_537e868a4ec641a2
soundalias,#hash_537ece704782aa3f
soundalias,#dst_server
soundalias,#vox_boss_intro_plr_8_3
soundalias,#vox_nova_gas_encounter_plr_14_1
soundalias,#vox_nova_gas_encounter_plr_14_0
soundalias,#vox_nova_gas_encounter_plr_14_2
soundalias,#wpn_rgun_mk2_fire_lfe_npc
soundalias,#hash_53a88377af60a43b
soundalias,#vox_3_banter_udem_uric_plr_13_1
soundalias,#vox_pickup_rocketshield_plr_13_2
soundalias,#vox_pickup_rocketshield_plr_13_0
soundalias,#vox_pickup_rocketshield_plr_13_1
soundalias,#vox_hellfire_ready_plr_14_4
soundalias,#vox_hellfire_ready_plr_14_0
soundalias,#vox_hellfire_ready_plr_14_1
soundalias,#vox_hellfire_ready_plr_14_2
soundalias,#vox_hellfire_ready_plr_14_3
soundalias,#fly_step_shells_sweet_plr
soundalias,#hash_53ea8207208023e0
soundalias,#hash_53ea8507208028f9
soundalias,#vox_solo_end_round2_niko_plr_7_0
soundalias,#fly_mann_head_bounce_paper
soundalias,#vox_3_banter_niko_rich_plr_7_0
soundalias,#zmb_vocals_zombie_buff_electrocute
soundalias,#wpn_smg_thompson_ads_plr
soundalias,#fly_step_prone_zdog_gravel
soundalias,#mus_generator_defend_exit
soundalias,#vox_solo_game_start_demp_plr_6_0
soundalias,#zmb_hellhound_explode
soundalias,#hash_542da6f996484894
soundalias,#fly_step_brush_exit
soundalias,#vox_box_ar_plr_14_4
soundalias,#vox_box_ar_plr_14_2
soundalias,#vox_box_ar_plr_14_3
soundalias,#vox_box_ar_plr_14_0
soundalias,#vox_box_ar_plr_14_1
soundalias,#dst_pipe_steam_pop
soundalias,#fly_step_crouch_walk_zdog_metal
soundalias,#wpn_rgun_mk2y_lp
soundalias,#hash_545ff2d5a4939e52
soundalias,#fly_step_gravel_oneshots_npc
soundalias,#hash_546cbb9936dead24
soundalias,#evt_canister_throw
soundalias,#dst_garbage_bag_02
soundalias,#hash_54796ff5bdcb8cd0
soundalias,#hash_547a07e9f58597c5
soundalias,#vox_nova_kill_plr_14_4
soundalias,#vox_nova_kill_plr_14_2
soundalias,#vox_nova_kill_plr_14_3
soundalias,#vox_nova_kill_plr_14_0
soundalias,#vox_nova_kill_plr_14_1
soundalias,#vox_1_banter_niko_udem_plr_7_0
soundalias,#vox_plr_5_exert_concuss
soundalias,#zmb_step_mann_crouch_walk_npc_flesh
soundalias,#vox_bop4_exert_gas_cough
soundalias,#vox_1_banter_uric_utak_plr_13_0
soundalias,#wpn_vulcan_fire_stop_plr
soundalias,#zmb_step_mann_walk_ice
soundalias,#evt_server_alarm
soundalias,#zmb_step_mann_crouch_walk_npc_metalcar
soundalias,#wpn_rgun_mk2_exp_cl
soundalias,#hash_54c1eeb69e1accf5
soundalias,#hash_54c55408edb377c9
soundalias,#fly_step_twigs_plr
soundalias,#vox_path_sorrow_ready_plr_16_4
soundalias,#vox_path_sorrow_ready_plr_16_3
soundalias,#vox_path_sorrow_ready_plr_16_2
soundalias,#vox_path_sorrow_ready_plr_16_1
soundalias,#vox_path_sorrow_ready_plr_16_0
soundalias,#fly_step_crouch_run_zdog_cloth
soundalias,#vox_revive_down_plr_6_0
soundalias,#vox_revive_down_plr_6_1
soundalias,#vox_revive_down_plr_6_2
soundalias,#vox_revive_down_plr_6_3
soundalias,#vox_revive_down_plr_6_4
soundalias,#vox_plr_6_exert_rad_start
soundalias,#wpn_smg_thompson_lfe_killcam_plr
soundalias,#vox_plr_8_exert_mant_light
soundalias,#hash_54f3a1ff24f1ea91
soundalias,#fly_step_truck_off
soundalias,#evt_server_door_end
soundalias,#vox_special_round_kill_plr_8_1
soundalias,#vox_special_round_kill_plr_8_0
soundalias,#vox_special_round_kill_plr_8_3
soundalias,#vox_special_round_kill_plr_8_2
soundalias,#vox_special_round_kill_plr_8_4
soundalias,#vox_bop4_exert_blind
soundalias,#vox_box_smg_plr_8_1
soundalias,#vox_box_smg_plr_8_0
soundalias,#vox_box_smg_plr_8_3
soundalias,#vox_box_smg_plr_8_2
soundalias,#vox_box_smg_plr_8_4
soundalias,#vox_revive_support_utak_plr_13_1
soundalias,#vox_revive_support_utak_plr_13_0
soundalias,#vox_revive_support_utak_plr_13_2
soundalias,#fly_step_run_zdog_paintedmetal
soundalias,#hash_553c8042d558151c
soundalias,#vox_box_monkey_plr_8_4
soundalias,#vox_box_monkey_plr_8_3
soundalias,#vox_box_monkey_plr_8_2
soundalias,#vox_box_monkey_plr_8_1
soundalias,#vox_box_monkey_plr_8_0
soundalias,#vox_tedd_exert_punch_give
soundalias,#vox_trap_generic_activate_plr_6_4
soundalias,#vox_trap_generic_activate_plr_6_3
soundalias,#vox_trap_generic_activate_plr_6_2
soundalias,#vox_trap_generic_activate_plr_6_1
soundalias,#vox_trap_generic_activate_plr_6_0
soundalias,#vox_bop2_exert_rad_dmg
soundalias,#hash_5565d9e60e79b81d
soundalias,#hash_5566187d94eab0c0
soundalias,#zmb_step_mann_sprint_plaster
soundalias,#hash_5591174f42af9754
soundalias,#hash_55a25c8213accd44
soundalias,#vox_bop5_exert_explo_dead
soundalias,#wpn_vulcan_fire_loop_lfe_plr
soundalias,#fly_step_crouch_run_zdog_wood
soundalias,#wpn_pistol_dryfire_plr
soundalias,#zmb_step_mann_sprint_plastic
soundalias,#vox_1_banter_take_uric_plr_8_0
soundalias,#hash_55c7e5b4c32ca2e1
soundalias,#vox_plr_5_exert_sniper_exhale
soundalias,#vox_rich_surrounded_oh_shit_plr_14_0
soundalias,#vox_rich_surrounded_oh_shit_plr_14_1
soundalias,#vox_rich_surrounded_oh_shit_plr_14_2
soundalias,#zmb_vocals_zombie_buff_death
soundalias,#hash_55e75c3f4c75b1e5
soundalias,#vox_overkill_kill_mult_plr_6_4
soundalias,#vox_overkill_kill_mult_plr_6_2
soundalias,#vox_overkill_kill_mult_plr_6_3
soundalias,#vox_overkill_kill_mult_plr_6_0
soundalias,#vox_overkill_kill_mult_plr_6_1
soundalias,#hash_55f323ffd86c9888
soundalias,#vox_box_ar_plr_5_0
soundalias,#vox_box_ar_plr_5_1
soundalias,#vox_box_ar_plr_5_2
soundalias,#vox_box_ar_plr_5_3
soundalias,#vox_box_ar_plr_5_4
soundalias,#hash_5600b4bffa46c384
soundalias,#vox_adam_revive_react_plr_16_2
soundalias,#vox_adam_revive_react_plr_16_0
soundalias,#vox_adam_revive_react_plr_16_1
soundalias,#vox_2_banter_take_uric_plr_8_0
soundalias,#vox_box_lmg_plr_5_4
soundalias,#vox_box_lmg_plr_5_3
soundalias,#vox_box_lmg_plr_5_2
soundalias,#vox_box_lmg_plr_5_1
soundalias,#vox_box_lmg_plr_5_0
soundalias,#wpn_rgun_mk2_1straise_dial
soundalias,#hash_5636210f2e7fcb81
soundalias,#phy_impact_metal_foliage
soundalias,#vox_bom1_exert_rad_dmg
soundalias,#fly_mann_limb_bounce_sand
soundalias,#vox_5_banter_niko_rich_plr_5_1
soundalias,#hash_565361cd5c8cedd1
soundalias,#hash_5672143355906860
soundalias,#wpn_ray_1straise_dial
soundalias,#fly_step_walk_zdog_flesh
soundalias,#hash_567760ad06a795e0
soundalias,#vox_destroy_rocketshield_plr_7_2
soundalias,#vox_destroy_rocketshield_plr_7_1
soundalias,#vox_destroy_rocketshield_plr_7_0
soundalias,#fly_melee_imp_katana_metal
soundalias,#hash_56952caa95deab79
soundalias,#hash_56b462d663028e00
soundalias,#hash_56b9130746371144
soundalias,#hash_56cc6f665ed207f3
soundalias,#zmb_step_mann_sprint_default
soundalias,#zmb_vox_monkey_explode
soundalias,#hash_56e799668a42c797
soundalias,#wpn_melee_galva
soundalias,#vox_udem_kill_headshot_plr_13_2
soundalias,#vox_udem_kill_headshot_plr_13_1
soundalias,#vox_udem_kill_headshot_plr_13_0
soundalias,#fly_step_run_zdog_grass
soundalias,#fly_step_crouch_run_zdog_metalhollow
soundalias,#hash_5715699f9f9cf4ae
soundalias,#hash_571c990866faa511
soundalias,#vox_take_kill_headshot_plr_15_1
soundalias,#vox_take_kill_headshot_plr_15_0
soundalias,#vox_take_kill_headshot_plr_15_2
soundalias,#vox_s2_return_plr_13_1
soundalias,#vox_generic_responses_positive_plr_13_8
soundalias,#vox_generic_responses_positive_plr_13_9
soundalias,#vox_generic_responses_positive_plr_13_4
soundalias,#vox_generic_responses_positive_plr_13_5
soundalias,#vox_generic_responses_positive_plr_13_6
soundalias,#vox_generic_responses_positive_plr_13_7
soundalias,#vox_generic_responses_positive_plr_13_0
soundalias,#vox_generic_responses_positive_plr_13_1
soundalias,#vox_generic_responses_positive_plr_13_2
soundalias,#vox_generic_responses_positive_plr_13_3
soundalias,#wpn_generic_clip_bounce_cushion
soundalias,#fly_pineapple_bolt_back
soundalias,#hash_5749e3194291a2bd
soundalias,#hash_574e21f9759a6dc4
soundalias,#vox_pickup_galva_plr_6_2
soundalias,#vox_pickup_galva_plr_6_0
soundalias,#vox_pickup_galva_plr_6_1
soundalias,#fly_freezegun_mag_out
soundalias,#vox_4_banter_unik_uric_plr_15_1
soundalias,#vox_5_banter_demp_uric_plr_13_0
soundalias,#prj_whizby_raygun
soundalias,#pfx_water_drip_hit
soundalias,#evt_spinner_trap_loop
soundalias,#vox_plr_5_exert_death_fall
soundalias,#hash_578d03444fd54174
soundalias,#hash_579797ce6390ec3b
soundalias,#hash_5797afa332ae6f0b
soundalias,#hash_57b1878768bebf6f
soundalias,#vox_bop1_exert_bludgeoned
soundalias,#vox_box_raygun_mk2_plr_7_2
soundalias,#vox_box_raygun_mk2_plr_7_3
soundalias,#vox_box_raygun_mk2_plr_7_0
soundalias,#vox_box_raygun_mk2_plr_7_1
soundalias,#vox_box_raygun_mk2_plr_7_4
soundalias,#vox_revive_support_niko_plr_16_2
soundalias,#vox_revive_support_niko_plr_16_0
soundalias,#vox_revive_support_niko_plr_16_1
soundalias,#vox_box_tactical_plr_7_0
soundalias,#vox_box_tactical_plr_7_1
soundalias,#vox_box_tactical_plr_7_2
soundalias,#vox_box_tactical_plr_7_3
soundalias,#vox_box_tactical_plr_7_4
soundalias,#hash_57c7e3bc2df74195
soundalias,#hash_57d5758ae25e57e7
soundalias,#hash_57ed90233d64ba0e
soundalias,#zmb_vocals_zombie_taunt_v1
soundalias,#vox_2_banter_rich_udem_plr_5_0
soundalias,#hash_5805b657c71b12a6
soundalias,#vox_kill_raygun_mk2_plr_13_4
soundalias,#vox_kill_raygun_mk2_plr_13_0
soundalias,#vox_kill_raygun_mk2_plr_13_1
soundalias,#vox_kill_raygun_mk2_plr_13_2
soundalias,#vox_kill_raygun_mk2_plr_13_3
soundalias,#hash_58192bc650304beb
soundalias,#dst_steam_pipe_lp
soundalias,#vox_tedd_interact_first_tedd_0
soundalias,#evt_mann_explode
soundalias,#fly_step_walk_zdog_mud
soundalias,#wpn_katana_rush_toggle
soundalias,#fly_step_run_zdog_paper
soundalias,#hash_58410bde19a90fbe
soundalias,#hash_58410dde19a91324
soundalias,#hash_58410ede19a914d7
soundalias,#hash_58410fde19a9168a
soundalias,#hash_584110de19a9183d
soundalias,#vox_mmtd_place_plr_7_4
soundalias,#vox_mmtd_place_plr_7_3
soundalias,#vox_mmtd_place_plr_7_2
soundalias,#vox_mmtd_place_plr_7_1
soundalias,#vox_mmtd_place_plr_7_0
soundalias,#vox_maxi_outro_igc_14_0
soundalias,#vox_nova_effect_react_plr_16_1
soundalias,#vox_nova_effect_react_plr_16_0
soundalias,#vox_nova_effect_react_plr_16_2
soundalias,#vox_revive_uric_plr_15_1
soundalias,#vox_revive_uric_plr_15_0
soundalias,#vox_revive_uric_plr_15_2
soundalias,#hash_586a94254cfe5e61
soundalias,#hash_5871e3579b97dd8e
soundalias,#vox_plr_7_exert_underwater_pain
soundalias,#hash_5876763900b72110
soundalias,#zmb_step_mann_walk_paper
soundalias,#hash_588047eba8deb34e
soundalias,#vox_overkill_kill_mult_plr_16_4
soundalias,#vox_overkill_kill_mult_plr_16_3
soundalias,#vox_overkill_kill_mult_plr_16_2
soundalias,#vox_overkill_kill_mult_plr_16_1
soundalias,#vox_overkill_kill_mult_plr_16_0
soundalias,#fly_step_crouch_walk_zdog_foliage
soundalias,#vox_pickup_rocketshield_plr_6_2
soundalias,#vox_pickup_rocketshield_plr_6_0
soundalias,#vox_pickup_rocketshield_plr_6_1
soundalias,#hash_5887b1c2e7782d91
soundalias,#fly_step_prone_zdog_water
soundalias,#hash_588de361e4053f7d
soundalias,#hash_588fcc2d9535934a
soundalias,#vox_adam_kill_react_plr_13_2
soundalias,#vox_adam_kill_react_plr_13_0
soundalias,#vox_adam_kill_react_plr_13_1
soundalias,#hash_58990de8f8129d43
soundalias,#vox_plr_5_exert_mant_heavy
soundalias,#zmb_vocals_zombie_electrocute
soundalias,#zmb_step_mann_walk_metalthin
soundalias,#hash_58ad53e8e72ec5f0
soundalias,#hash_58b60c3d133f7e28
soundalias,#vox_bop1_exert_burn_dead
soundalias,#zmb_vocals_zombie_buff_mutate
soundalias,#hash_58c2ecde23c9a1cc
soundalias,#vox_s3_success_plr_14_2
soundalias,#hash_58ef400c43212578
soundalias,#fly_ar_bolt_release_sweet
soundalias,#hash_58f9de3cd25aaef0
soundalias,#zmb_step_mann_crouch_walk_npc_default
soundalias,#fly_step_brush_move
soundalias,#zmb_step_mann_crouch_walk_npc_glass
soundalias,#dst_hotdog_cart
soundalias,#hash_5918d64bdd6d2090
soundalias,#vox_operations_intro_plr_5_3
soundalias,#vox_operations_intro_plr_5_0
soundalias,#evt_mmtd_pickup
soundalias,#vox_boss_electric_warn_plr_8_0
soundalias,#vox_boss_electric_warn_plr_8_1
soundalias,#vox_boss_electric_warn_plr_8_2
soundalias,#vox_boss_electric_warn_plr_8_3
soundalias,#vox_boss_electric_warn_plr_8_4
soundalias,#zmb_step_mann_run_bodyarmor
soundalias,#zmb_step_mann_crouch_walk_npc_metalhollow
soundalias,#vox_5_banter_rich_udem_plr_14_0
soundalias,#zmb_step_mann_crouch_run_npc_rubber
soundalias,#fly_step_walk_zdog_concrete
soundalias,#vox_4_banter_take_unik_plr_8_0
soundalias,#vox_plr_6_exert_punch_give
soundalias,#hash_5967f4485be5bfd6
soundalias,#wpn_generic_clip_bounce_rubber
soundalias,#vox_hellfire_kill_mult_plr_16_4
soundalias,#vox_hellfire_kill_mult_plr_16_2
soundalias,#vox_hellfire_kill_mult_plr_16_3
soundalias,#vox_hellfire_kill_mult_plr_16_0
soundalias,#vox_hellfire_kill_mult_plr_16_1
soundalias,#wpn_smg_thompson_lfe_plr
soundalias,#vox_plr_8_exert_sniper_gasp
soundalias,#vox_s6_head_rush_0
soundalias,#hash_598faa4bab82628c
soundalias,#wpn_pistol_dryfire_npc
soundalias,#zmb_box_weapon_spin_short
soundalias,#vox_quiz_start_rush_0
soundalias,#amb_quad_gas_loop
soundalias,#vox_kill_monkey_plr_13_4
soundalias,#vox_kill_monkey_plr_13_2
soundalias,#vox_kill_monkey_plr_13_3
soundalias,#vox_kill_monkey_plr_13_0
soundalias,#vox_kill_monkey_plr_13_1
soundalias,#vox_2_banter_uric_utak_plr_16_1
soundalias,#vox_revive_support_uric_plr_7_0
soundalias,#vox_revive_support_uric_plr_7_1
soundalias,#vox_revive_support_uric_plr_7_2
soundalias,#hash_59eea5a91bd12ecb
soundalias,#hash_59f15c93815a0687
soundalias,#zmb_step_mann_sprint_snow
soundalias,#vox_generic_responses_negative_plr_5_9
soundalias,#vox_generic_responses_negative_plr_5_8
soundalias,#vox_generic_responses_negative_plr_5_7
soundalias,#vox_generic_responses_negative_plr_5_6
soundalias,#vox_generic_responses_negative_plr_5_5
soundalias,#vox_generic_responses_negative_plr_5_4
soundalias,#vox_generic_responses_negative_plr_5_3
soundalias,#vox_generic_responses_negative_plr_5_2
soundalias,#vox_generic_responses_negative_plr_5_1
soundalias,#vox_generic_responses_negative_plr_5_0
soundalias,#fly_step_crouch_walk_zdog_ice
soundalias,#fly_gl_raise_switch
soundalias,#hash_5a0f42ba113a1e1b
soundalias,#hash_5a139b90d7573188
soundalias,#hash_5a139c90d757333b
soundalias,#hash_5a139e90d75736a1
soundalias,#zmb_step_mann_walk_rubber
soundalias,#hash_5a1e1c77b269c676
soundalias,#vox_3_banter_udem_uric_plr_14_0
soundalias,#vox_s3_success_plr_8_2
soundalias,#evt_server_take
soundalias,#vox_adam_kill_react_plr_5_1
soundalias,#vox_adam_kill_react_plr_5_0
soundalias,#vox_adam_kill_react_plr_5_2
soundalias,#hash_5a5c5bd5a3bb86fd
soundalias,#wpn_generic_wpn_bounce_bark
soundalias,#fly_freezegun_mag_in_npc
soundalias,#vox_solo_end_round1_utak_plr_16_0
soundalias,#hash_5a70d5d40dc0ee56
soundalias,#hash_5a71ef96c17c8283
soundalias,#phy_impact_soft_metal
soundalias,#hash_5a8184d1f890f17c
soundalias,#hash_5a86c4934f5a85a6
soundalias,#hash_5a8cecb8b7256057
soundalias,#fly_mann_head_bounce_foliage
soundalias,#wpn_rgun_fire_plr
soundalias,#hash_5a92632d6728fb9c
soundalias,#zmb_step_mann_run_bark
soundalias,#fly_step_walk_zdog_plaster
soundalias,#vox_box_monkey_plr_6_4
soundalias,#vox_box_monkey_plr_6_1
soundalias,#vox_box_monkey_plr_6_0
soundalias,#vox_box_monkey_plr_6_3
soundalias,#vox_box_monkey_plr_6_2
soundalias,#vox_trap_generic_activate_plr_8_4
soundalias,#vox_trap_generic_activate_plr_8_1
soundalias,#vox_trap_generic_activate_plr_8_0
soundalias,#vox_trap_generic_activate_plr_8_3
soundalias,#vox_trap_generic_activate_plr_8_2
soundalias,#fly_step_walk_zdog_plastic
soundalias,#hash_5ab3f90f703eed52
soundalias,#hash_5ab96b664239250b
soundalias,#hash_5abf7b2f735b7c0d
soundalias,#fly_step_walk_zdog_fruit
soundalias,#vox_5_banter_udem_unik_plr_14_1
soundalias,#vox_kill_monkey_plr_6_2
soundalias,#vox_kill_monkey_plr_6_3
soundalias,#vox_kill_monkey_plr_6_0
soundalias,#vox_kill_monkey_plr_6_1
soundalias,#vox_kill_monkey_plr_6_4
soundalias,#wpn_smg_dryfire_npc
soundalias,#wpn_pineapple_act_plr
soundalias,#fly_bump_barrelcage
soundalias,#vox_utak_surrounded_oh_shit_plr_14_1
soundalias,#vox_utak_surrounded_oh_shit_plr_14_0
soundalias,#vox_utak_surrounded_oh_shit_plr_14_2
soundalias,#hash_5af5199d0e6ec738
soundalias,#hash_5af51b9d0e6eca9e
soundalias,#hash_5b18895703fba823
soundalias,#hash_5b1a22873f3d3fcb
soundalias,#hash_5b1a24873f3d4331
soundalias,#hash_5b48b1716bec17c4
soundalias,#hash_5b48b2716bec1977
soundalias,#hash_5b4c5a7ffa12b382
soundalias,#fly_mann_head_bounce_concrete
soundalias,#fly_step_crouch_walk_zdog_cushion
soundalias,#fly_step_grate_npc
soundalias,#vox_s5_end_rush_0
soundalias,#wpn_pineapple_1straise_npc
soundalias,#vox_nova_kill_plr_5_0
soundalias,#vox_nova_kill_plr_5_1
soundalias,#vox_nova_kill_plr_5_2
soundalias,#vox_nova_kill_plr_5_3
soundalias,#vox_nova_kill_plr_5_4
soundalias,#vox_3_banter_unik_uric_plr_15_0
soundalias,#hash_5b777737e89f32b0
soundalias,#fly_mann_limb_bounce_flesh
soundalias,#vox_box_ballistic_plr_6_4
soundalias,#vox_box_ballistic_plr_6_1
soundalias,#vox_box_ballistic_plr_6_0
soundalias,#vox_box_ballistic_plr_6_3
soundalias,#vox_box_ballistic_plr_6_2
soundalias,#vox_bop1_exert_stabbed
soundalias,#zmb_step_mann_crouch_walk_npc_brick
soundalias,#hash_5b8fe553d370a14b
soundalias,#hash_5b959c1af4616c3f
soundalias,#vox_kill_galva_plr_14_4
soundalias,#vox_kill_galva_plr_14_1
soundalias,#vox_kill_galva_plr_14_0
soundalias,#vox_kill_galva_plr_14_3
soundalias,#vox_kill_galva_plr_14_2
soundalias,#vox_bof2_exert_rad_start
soundalias,#fly_mann_head_bounce_sand
soundalias,#phy_impact_metal_wood
soundalias,#vox_box_move_plr_13_3
soundalias,#vox_box_move_plr_13_2
soundalias,#vox_box_move_plr_13_1
soundalias,#vox_box_move_plr_13_0
soundalias,#vox_box_move_plr_13_4
soundalias,#hash_5bc9e5ae154acfb0
soundalias,#vox_nova_gas_encounter_plr_15_0
soundalias,#vox_nova_gas_encounter_plr_15_1
soundalias,#vox_nova_gas_encounter_plr_15_2
soundalias,#vox_box_sniper_plr_6_3
soundalias,#vox_box_sniper_plr_6_2
soundalias,#vox_box_sniper_plr_6_1
soundalias,#vox_box_sniper_plr_6_0
soundalias,#vox_box_sniper_plr_6_4
soundalias,#fly_step_crouch_walk_zdog_snow
soundalias,#wpn_pineapple_ads_plr
soundalias,#hash_5bfd19fc09294153
soundalias,#vox_2_banter_unik_utak_plr_15_0
soundalias,#fly_bump_foliage
soundalias,#fly_step_wood_board_move
soundalias,#zmb_step_mann_walk_snow
soundalias,#hash_5c140b08f174bdbe
soundalias,#vox_blac_exert_explo_dead
soundalias,#fly_freezegun_spin
soundalias,#vox_revive_down_plr_5_4
soundalias,#vox_revive_down_plr_5_3
soundalias,#vox_revive_down_plr_5_2
soundalias,#vox_revive_down_plr_5_1
soundalias,#vox_revive_down_plr_5_0
soundalias,#vox_plr_6_exert_death_veh_fly
soundalias,#wpn_generic_wpn_bounce_mud
soundalias,#phy_impact_soft_glass
soundalias,#hash_5c54526d25535e04
soundalias,#hash_5c563ff99ac2ff4f
soundalias,#zmb_vocals_hellhound_attack_melee
soundalias,#vox_bop3_exert_pain
soundalias,#fly_sniper_shell_in_npc
soundalias,#hash_5c68b001a4e41ad3
soundalias,#fly_step_corr_metal_exit
soundalias,#hash_5c8fd25e84f5d97d
soundalias,#vox_bop4_exert_death_veh_under
soundalias,#vox_4_banter_demp_rich_plr_5_0
soundalias,#vox_nova_react_plr_13_4
soundalias,#vox_nova_react_plr_13_2
soundalias,#vox_nova_react_plr_13_3
soundalias,#vox_nova_react_plr_13_0
soundalias,#vox_nova_react_plr_13_1
soundalias,#dst_transformer_explo
soundalias,#vox_pickup_galva_plr_14_1
soundalias,#vox_pickup_galva_plr_14_0
soundalias,#vox_pickup_galva_plr_14_2
soundalias,#hash_5cac56cffac7482f
soundalias,#hash_5cb4860276e48640
soundalias,#fly_reload_cloth_lg
soundalias,#vox_bop2_exert_gas_gasp
soundalias,#fly_step_wood_move
soundalias,#vox_solo_end_round1_demp_plr_6_0
soundalias,#fly_reload_equip_grab
soundalias,#hash_5cf162eb6da0f84a
soundalias,#vox_bof2_exert_rad_end
soundalias,#hash_5cfdfc7bb8f0fda2
soundalias,#wpn_dg4_plant_end
soundalias,#vox_demp_surrounded_oh_shit_plr_7_0
soundalias,#vox_demp_surrounded_oh_shit_plr_7_1
soundalias,#vox_demp_surrounded_oh_shit_plr_7_2
soundalias,#hash_5d198ba69ef6a1e9
soundalias,#hash_5d1c29c4ee1a2cf4
soundalias,#vox_bop2_exert_rad_start
soundalias,#fly_reload_cloth_sm
soundalias,#vox_bom1_exert_rad_end
soundalias,#fly_wpn_handle_low
soundalias,#hash_5d3a176d632eb0da
soundalias,#mus_im_5_intro
soundalias,#vox_box_ar_plr_6_4
soundalias,#vox_box_ar_plr_6_3
soundalias,#vox_box_ar_plr_6_2
soundalias,#vox_box_ar_plr_6_1
soundalias,#vox_box_ar_plr_6_0
soundalias,#fly_bump_steelfence
soundalias,#hash_5d530f332a80c426
soundalias,#vox_kill_streak_plr_6_7
soundalias,#vox_kill_streak_plr_6_6
soundalias,#vox_kill_streak_plr_6_5
soundalias,#vox_kill_streak_plr_6_4
soundalias,#vox_kill_streak_plr_6_3
soundalias,#vox_kill_streak_plr_6_2
soundalias,#vox_kill_streak_plr_6_1
soundalias,#vox_kill_streak_plr_6_0
soundalias,#vox_kill_streak_plr_6_9
soundalias,#vox_kill_streak_plr_6_8
soundalias,#fly_tommy_mag_out
soundalias,#vox_tedd_melee_final_tedd_0
soundalias,#hash_5d5a85704d6f2874
soundalias,#fly_step_run_zdog_tallgrass
soundalias,#vox_box_smg_plr_13_1
soundalias,#vox_box_smg_plr_13_0
soundalias,#vox_box_smg_plr_13_3
soundalias,#vox_box_smg_plr_13_2
soundalias,#vox_box_smg_plr_13_4
soundalias,#fly_step_sprint_zdog_flesh
soundalias,#hash_5d7a73d4a214dd96
soundalias,#wpn_vulcan_dryfire_npc
soundalias,#vox_trap_generic_activate_plr_7_4
soundalias,#vox_trap_generic_activate_plr_7_2
soundalias,#vox_trap_generic_activate_plr_7_3
soundalias,#vox_trap_generic_activate_plr_7_0
soundalias,#vox_trap_generic_activate_plr_7_1
soundalias,#wpn_fire_trap_stop
soundalias,#vox_revive_take_plr_5_2
soundalias,#vox_revive_take_plr_5_0
soundalias,#vox_revive_take_plr_5_1
soundalias,#vox_plr_7_exert_underwater_emerge_breath
soundalias,#phy_impact_pool_ball
soundalias,#hash_5dad092f584503eb
soundalias,#hash_5dc4052f9b9557aa
soundalias,#wpn_smg_thompson_act_plr
soundalias,#zmb_blocker_powerdoor_purchase
soundalias,#wpn_dg4_shockwave_activate_plr
soundalias,#vox_bop3_exert_gas_cough
soundalias,#evt_nuke_incoming
soundalias,#zmb_step_mann_sprint_rubber
soundalias,#vox_pickup_bowie_plr_5_0
soundalias,#vox_pickup_bowie_plr_5_1
soundalias,#vox_pickup_bowie_plr_5_2
soundalias,#vox_bop1_exert_death_veh_under
soundalias,#fly_zombie_hand_swt
soundalias,#vox_revive_support_udem_plr_15_1
soundalias,#vox_revive_support_udem_plr_15_0
soundalias,#vox_revive_support_udem_plr_15_2
soundalias,#hash_5e36c7668e04d7c1
soundalias,#vox_revive_rich_plr_8_0
soundalias,#vox_revive_rich_plr_8_1
soundalias,#vox_revive_rich_plr_8_2
soundalias,#fly_step_prone_zdog_glasscar
soundalias,#zmb_avogadro_slam_zap
soundalias,#hash_5e49cb261929b4eb
soundalias,#fly_step_crouch_walk_zdog_gravel
soundalias,#exp_nitrogen_tank_explo
soundalias,#vox_s2_return_plr_14_1
soundalias,#vox_s3_success_marl_0
soundalias,#mus_boss_battle_stage_1_intro
soundalias,#hash_5e9d5fd8d69c4631
soundalias,#vox_plr_8_exert_gas_gag
soundalias,#fly_mann_head_bounce_wood
soundalias,#wpn_assault_dryfire_npc
soundalias,#wpn_pineapple_dryfire_npc
soundalias,#hash_5ecc4538dbdffa23
soundalias,#wpn_vulcan_pickup_npc
soundalias,#fly_bump_rebar_concrete
soundalias,#vox_3_banter_demp_take_plr_8_0
soundalias,#fly_step_twig
soundalias,#hash_5f09f34dd11518ba
soundalias,#hash_5f0db55240fc5fd2
soundalias,#vox_plr_8_exert_explo_dead
soundalias,#fly_step_crouch_run_zdog_paper
soundalias,#vox_unik_surrounded_oh_shit_plr_6_0
soundalias,#vox_unik_surrounded_oh_shit_plr_6_1
soundalias,#hash_5f25de3806fc35e1
soundalias,#hash_5f38a3de26d2f701
soundalias,#vox_plr_16_outro_igc_8_0
soundalias,#vox_operations_intro_plr_16_3
soundalias,#vox_operations_intro_plr_16_0
soundalias,#wpn_flame_thrower_start_plr
soundalias,#vox_rushmore_apd_rush_0
soundalias,#hash_5f5002686176097f
soundalias,#vox_s6_fail_rush_3
soundalias,#vox_s6_fail_rush_2
soundalias,#vox_s6_fail_rush_1
soundalias,#vox_s6_fail_rush_0
soundalias,#vox_s6_fail_rush_4
soundalias,#zmb_vocals_hellhound_bite
soundalias,#hash_5f67708651202218
soundalias,#hash_5f6b730c30da027d
soundalias,#hash_5f6fbe1585dd073c
soundalias,#hash_5f74d68cdf101a2e
soundalias,#zmb_step_mann_run_cloth
soundalias,#hash_5f9ae15c7da4b941
soundalias,#vox_bop1_exert_suppressed
soundalias,#vox_mmtd_place_plr_6_4
soundalias,#vox_mmtd_place_plr_6_2
soundalias,#vox_mmtd_place_plr_6_3
soundalias,#vox_mmtd_place_plr_6_0
soundalias,#vox_mmtd_place_plr_6_1
soundalias,#vox_maxi_outro_igc_15_0
soundalias,#vox_bop2_exert_rad_end
soundalias,#vox_plr_8_exert_underwater_air_low
soundalias,#vox_revive_uric_plr_14_0
soundalias,#vox_revive_uric_plr_14_1
soundalias,#vox_revive_uric_plr_14_2
soundalias,#fly_melee_imp_galva_glass
soundalias,#dst_hydrant_destroyed_loop
soundalias,#zmb_vocals_hellhound_death
soundalias,#vox_tedd_exert_underwater_emerge_gasp
soundalias,#fly_tommy_mag_in
soundalias,#hash_5ff26c3886a52a43
soundalias,#hash_6004c900b4b172fe
soundalias,#zmb_shed_door_open
soundalias,#vox_hellfire_ready_plr_8_4
soundalias,#vox_hellfire_ready_plr_8_3
soundalias,#vox_hellfire_ready_plr_8_2
soundalias,#vox_hellfire_ready_plr_8_1
soundalias,#vox_hellfire_ready_plr_8_0
soundalias,#fly_bump_trashcan
soundalias,#vox_bop5_exert_pain
soundalias,#hash_605069759e6c76b6
soundalias,#vox_bop3_exert_death_veh_under
soundalias,#vox_plr_8_exert_mant_heavy
soundalias,#vox_kill_galva_plr_7_3
soundalias,#vox_kill_galva_plr_7_2
soundalias,#vox_kill_galva_plr_7_1
soundalias,#vox_kill_galva_plr_7_0
soundalias,#vox_kill_galva_plr_7_4
soundalias,#hash_606d51fe21e749ac
soundalias,#fly_step_run_zdog_metalthin
soundalias,#zmb_step_mann_run_rubber
soundalias,#hash_60759f1c75049cd4
soundalias,#zmb_box_poof_land
soundalias,#vox_nomoney_generic_plr_13_4
soundalias,#vox_nomoney_generic_plr_13_1
soundalias,#vox_nomoney_generic_plr_13_0
soundalias,#vox_nomoney_generic_plr_13_3
soundalias,#vox_nomoney_generic_plr_13_2
soundalias,#hash_607e7c35ef8dc2aa
soundalias,#vox_s2_return_plr_8_1
soundalias,#phy_impact_soft_wood
soundalias,#hash_608a18e87885c925
soundalias,#vox_1_banter_rich_take_plr_8_1
soundalias,#fly_step_shells
soundalias,#fly_step_walk_zdog_paintedmetal
soundalias,#hash_60b24ce9e85116c4
soundalias,#amb_ww_tv_interact
soundalias,#vox_bop4_exert_self_heal
soundalias,#vox_unik_kill_headshot_plr_6_1
soundalias,#vox_unik_kill_headshot_plr_6_0
soundalias,#vox_unik_kill_headshot_plr_6_2
soundalias,#vox_5_banter_take_uric_plr_13_1
soundalias,#fly_mann_head_bounce_cushion
soundalias,#vox_joke_five_rush_0
soundalias,#vox_box_raygun_plr_7_4
soundalias,#vox_box_raygun_plr_7_1
soundalias,#vox_box_raygun_plr_7_0
soundalias,#vox_box_raygun_plr_7_3
soundalias,#vox_box_raygun_plr_7_2
soundalias,#vox_adam_revive_react_plr_5_2
soundalias,#vox_adam_revive_react_plr_5_0
soundalias,#vox_adam_revive_react_plr_5_1
soundalias,#mpl_hero_weap_lose
soundalias,#fly_step_crouch_run_zdog_metal
soundalias,#wpn_rgun_exp_cl
soundalias,#hash_6109e3586210d797
soundalias,#vox_kill_melee_plr_5_8
soundalias,#vox_kill_melee_plr_5_9
soundalias,#vox_kill_melee_plr_5_6
soundalias,#vox_kill_melee_plr_5_7
soundalias,#vox_kill_melee_plr_5_4
soundalias,#vox_kill_melee_plr_5_5
soundalias,#vox_kill_melee_plr_5_2
soundalias,#vox_kill_melee_plr_5_3
soundalias,#vox_kill_melee_plr_5_0
soundalias,#vox_kill_melee_plr_5_1
soundalias,#hash_6125d076a4bbd5a8
soundalias,#hash_612c17ad0d4c04d5
soundalias,#vox_pickup_bowie_plr_16_0
soundalias,#vox_pickup_bowie_plr_16_1
soundalias,#vox_pickup_bowie_plr_16_2
soundalias,#fly_step_prone_zdog_mud
soundalias,#vox_destroy_rocketshield_plr_6_2
soundalias,#vox_destroy_rocketshield_plr_6_0
soundalias,#vox_destroy_rocketshield_plr_6_1
soundalias,#vox_plr_5_exert_gas_gasp
soundalias,#hash_613dbca91f9317e0
soundalias,#zmb_step_mann_sprint_tallgrass
soundalias,#wpn_dg4_slam_activate_npc
soundalias,#phy_impact_soft_foliage
soundalias,#hash_6164e4e91a770924
soundalias,#vox_utak_surrounded_oh_shit_plr_15_0
soundalias,#vox_utak_surrounded_oh_shit_plr_15_1
soundalias,#vox_utak_surrounded_oh_shit_plr_15_2
soundalias,#vox_3_banter_demp_utak_plr_6_0
soundalias,#wpn_rgun_mk2_flux_l_npc
soundalias,#zmb_step_mann_crouch_walk_npc_water
soundalias,#vox_bop3_exert_death
soundalias,#hash_61ab5fc8df884b6c
soundalias,#fly_mann_limb_bounce_brick
soundalias,#zmb_step_mann_run_cushion
soundalias,#fly_step_sprint_zdog_brick
soundalias,#wpn_dg4_shockwave_activate_npc
soundalias,#hash_61c33ea60b6ca174
soundalias,#hash_61cf3e3c2bfe466c
soundalias,#vox_take_kill_headshot_plr_14_0
soundalias,#vox_take_kill_headshot_plr_14_1
soundalias,#vox_take_kill_headshot_plr_14_2
soundalias,#vox_overkill_ready_plr_8_0
soundalias,#vox_overkill_ready_plr_8_1
soundalias,#vox_overkill_ready_plr_8_2
soundalias,#vox_overkill_ready_plr_8_3
soundalias,#vox_overkill_ready_plr_8_4
soundalias,#phy_impact_metal_barrel
soundalias,#hash_61ea1c56d8b85109
soundalias,#fly_step_walk_zdog_carpet
soundalias,#vox_2_banter_demp_utak_plr_6_0
soundalias,#vox_bop2_exert_sniper_exhale
soundalias,#vox_bop2_exert_sniper_gasp
soundalias,#hash_62153eee25f7aeda
soundalias,#vox_kill_galva_plr_15_4
soundalias,#vox_kill_galva_plr_15_0
soundalias,#vox_kill_galva_plr_15_1
soundalias,#vox_kill_galva_plr_15_2
soundalias,#vox_kill_galva_plr_15_3
soundalias,#hash_621b2e6170b08109
soundalias,#vox_5_banter_udem_unik_plr_15_0
soundalias,#fly_step_crouch_run_zdog_rubber
soundalias,#p_dest_paper_stack02
soundalias,#p_dest_paper_stack01
soundalias,#wpn_generic_wpn_bounce_fruit
soundalias,#vox_plr_5_exert_explo_dead
soundalias,#hash_6243eaab71972861
soundalias,#hash_6248bce82416b6b6
soundalias,#vox_bop2_exert_death
soundalias,#vox_4_banter_niko_rich_plr_5_1
soundalias,#hash_62527c2c941c5f22
soundalias,#vox_1_banter_rich_utak_plr_5_0
soundalias,#hash_62663c876f632afe
soundalias,#hash_6269398742ff28e0
soundalias,#hash_62693b8742ff2c46
soundalias,#vox_revive_support_niko_plr_5_2
soundalias,#vox_revive_support_niko_plr_5_0
soundalias,#vox_revive_support_niko_plr_5_1
soundalias,#hash_627b8c3b335712e3
soundalias,#vox_blac_exert_sniper_exhale
soundalias,#vox_5_banter_unik_utak_plr_15_0
soundalias,#zmb_step_mann_sprint_cloth
soundalias,#wpn_katana_melee_single_npc
soundalias,#hash_62c26d0f2eb9a6ca
soundalias,#fly_melee_imp_katana_npc_riot
soundalias,#fly_dog_melee_victim
soundalias,#hash_62df0353d7329645
soundalias,#vox_box_raygun_plr_8_4
soundalias,#vox_box_raygun_plr_8_2
soundalias,#vox_box_raygun_plr_8_3
soundalias,#vox_box_raygun_plr_8_0
soundalias,#vox_box_raygun_plr_8_1
soundalias,#fly_step_run_zdog_brick
soundalias,#vox_plr_8_exert_gas_gasp
soundalias,#vox_bop1_exert_punch_take
soundalias,#hash_6307f5c481951f36
soundalias,#fly_melee_imp_galva_npc_cloth
soundalias,#fly_mann_head_bounce_metal
soundalias,#wpn_generic_dryfire_npc
soundalias,#fly_step_prone_zdog_rubber
soundalias,#evt_spinner_trap_stop
soundalias,#vox_box_sniper_plr_7_2
soundalias,#vox_box_sniper_plr_7_3
soundalias,#vox_box_sniper_plr_7_0
soundalias,#vox_box_sniper_plr_7_1
soundalias,#vox_box_sniper_plr_7_4
soundalias,#wpn_revolver_dryfire_npc
soundalias,#vox_tedd_exert_gas_gag
soundalias,#hash_632dc07911accd70
soundalias,#hash_632dc17911accf23
soundalias,#hash_632dc27911acd0d6
soundalias,#hash_632dc37911acd289
soundalias,#hash_632dc67911acd7a2
soundalias,#evt_teleporter_out
soundalias,#amb_flies
soundalias,#pfx_spark_lrg
soundalias,#fly_step_gravel_npc
soundalias,#amb_wind_gust_foliage
soundalias,#vox_plr_8_exert_burn_dmg
soundalias,#hash_63522abb29cacd49
soundalias,#fly_step_crouch_walk_zdog_glassbulletproof
soundalias,#zmb_monkeybomb_cym
soundalias,#vox_s3_success_plr_15_2
soundalias,#fly_mann_limb_bounce_ceramic
soundalias,#vox_plr_5_exert_mant_light
soundalias,#vox_destroy_rocketshield_plr_13_2
soundalias,#vox_destroy_rocketshield_plr_13_0
soundalias,#vox_destroy_rocketshield_plr_13_1
soundalias,#vox_nova_kill_plr_6_4
soundalias,#vox_nova_kill_plr_6_3
soundalias,#vox_nova_kill_plr_6_2
soundalias,#vox_nova_kill_plr_6_1
soundalias,#vox_nova_kill_plr_6_0
soundalias,#wpn_flame_thrower_start_npc
soundalias,#fly_step_tanker
soundalias,#vox_plr_7_exert_death_veh_hit
soundalias,#hash_63ad15fe85235a2d
soundalias,#hash_63bd968c7e332594
soundalias,#hash_63c03c82fa10dc11
soundalias,#zmb_step_mann_crouch_walk_npc_rubber
soundalias,#vox_kill_streak_plr_7_8
soundalias,#vox_kill_streak_plr_7_9
soundalias,#vox_kill_streak_plr_7_6
soundalias,#vox_kill_streak_plr_7_7
soundalias,#vox_kill_streak_plr_7_4
soundalias,#vox_kill_streak_plr_7_5
soundalias,#vox_kill_streak_plr_7_2
soundalias,#vox_kill_streak_plr_7_3
soundalias,#vox_kill_streak_plr_7_0
soundalias,#vox_kill_streak_plr_7_1
soundalias,#hash_63cd8d4be4118f85
soundalias,#wpn_rgun_fire_lfe_plr
soundalias,#hash_63dee65e88b7bd79
soundalias,#vox_box_shotgun_plr_13_2
soundalias,#vox_box_shotgun_plr_13_3
soundalias,#vox_box_shotgun_plr_13_0
soundalias,#vox_box_shotgun_plr_13_1
soundalias,#vox_box_shotgun_plr_13_4
soundalias,#vox_pickup_galva_plr_15_0
soundalias,#vox_pickup_galva_plr_15_2
soundalias,#hash_63fb0dcffe888e24
soundalias,#evt_punch_card_insert
soundalias,#fly_step_rocks
soundalias,#hash_6427ad4c71007e15
soundalias,#vox_plr_6_exert_underwater_air_low
soundalias,#vox_bop5_exert_breath_hurt
soundalias,#phy_impact_glass_wood
soundalias,#fly_step_sprint_zdog_grass
soundalias,#vox_plr_5_exert_self_heal
soundalias,#hash_646edc1c9bbfbc69
soundalias,#fly_step_crouch_walk_zdog_metalthin
soundalias,#wpn_dg4_melee_impact_victim
soundalias,#vox_box_monkey_plr_7_4
soundalias,#vox_box_monkey_plr_7_0
soundalias,#vox_box_monkey_plr_7_1
soundalias,#vox_box_monkey_plr_7_2
soundalias,#vox_box_monkey_plr_7_3
soundalias,#vox_box_move_plr_8_3
soundalias,#vox_box_move_plr_8_2
soundalias,#vox_box_move_plr_8_1
soundalias,#vox_box_move_plr_8_0
soundalias,#vox_revive_unik_plr_16_2
soundalias,#vox_revive_unik_plr_16_0
soundalias,#vox_revive_unik_plr_16_1
soundalias,#hash_64936ecbc9388ec9
soundalias,#wpn_rgun_mk2y_charge
soundalias,#hash_64a91c7051303809
soundalias,#zmb_blocker_powerdoor_lp
soundalias,#hash_64b6182fc9f46e44
soundalias,#hash_64b6192fc9f46ff7
soundalias,#hash_64b61b2fc9f4735d
soundalias,#fly_step_grass_exit
soundalias,#hash_64c7768a2f711d3f
soundalias,#phy_impact_wood_soft
soundalias,#vox_plr_8_exert_pain
soundalias,#vox_2_banter_niko_uric_plr_7_0
soundalias,#zmb_monkey_throw_npc
soundalias,#hash_64d2d077b90e3052
soundalias,#vox_plr_6_exert_punch_take
soundalias,#phy_impact_gib
soundalias,#hash_64dc8c3287b2f5f1
soundalias,#hash_64e47ed675709294
soundalias,#vox_hellfire_ready_plr_16_2
soundalias,#vox_hellfire_ready_plr_16_3
soundalias,#vox_hellfire_ready_plr_16_0
soundalias,#vox_hellfire_ready_plr_16_1
soundalias,#vox_hellfire_ready_plr_16_4
soundalias,#hash_64f4710fde506b2b
soundalias,#zmb_step_mann_walk_water
soundalias,#vox_joke_one_rush_0
soundalias,#hash_650f2ed33f111e4b
soundalias,#hash_651cad6fccbc0f19
soundalias,#mus_im_4_intro
soundalias,#hash_65258ed4146560b1
soundalias,#vox_3_banter_niko_rich_plr_5_1
soundalias,#vox_bop5_exert_blind
soundalias,#vox_pickup_bowie_plr_6_2
soundalias,#vox_pickup_bowie_plr_6_1
soundalias,#vox_pickup_bowie_plr_6_0
soundalias,#vox_rich_kill_headshot_plr_8_0
soundalias,#vox_rich_kill_headshot_plr_8_1
soundalias,#vox_rich_kill_headshot_plr_8_2
soundalias,#vox_hellfire_ready_plr_6_4
soundalias,#vox_hellfire_ready_plr_6_1
soundalias,#vox_hellfire_ready_plr_6_0
soundalias,#vox_hellfire_ready_plr_6_3
soundalias,#vox_hellfire_ready_plr_6_2
soundalias,#vox_bop2_exert_pain
soundalias,#fly_step_prone_zdog_rock
soundalias,#fly_step_shells_sweet_npc
soundalias,#vox_revive_support_uric_plr_16_2
soundalias,#vox_revive_support_uric_plr_16_0
soundalias,#vox_revive_support_uric_plr_16_1
soundalias,#vox_2_banter_rich_utak_plr_5_0
soundalias,#hash_65970299408c2f09
soundalias,#fly_melee_imp_katana_riot
soundalias,#hash_6597f7849d06e4ca
soundalias,#zmb_step_mann_sprint_watershallow
soundalias,#hash_659b263cd0dd4df5
soundalias,#zmb_step_mann_walk_asphalt
soundalias,#hash_659eb784133aa8fe
soundalias,#vox_tedd_exert_sniper_hold
soundalias,#vox_tedd_exert_death_fall
soundalias,#fly_mann_head_bounce_paintedmetal
soundalias,#vox_operations_intro_rush_1
soundalias,#vox_operations_intro_rush_2
soundalias,#vox_operations_intro_rush_4
soundalias,#hash_65ded5ce6edde563
soundalias,#zmb_comp_keypad_action_clear
soundalias,#hash_65e2684972102708
soundalias,#evt_spinner_trap_loop_sweet
soundalias,#vox_path_sorrow_ready_plr_5_1
soundalias,#vox_path_sorrow_ready_plr_5_0
soundalias,#vox_path_sorrow_ready_plr_5_3
soundalias,#vox_path_sorrow_ready_plr_5_2
soundalias,#vox_path_sorrow_ready_plr_5_4
soundalias,#vox_plr_5_exert_death_veh_fly
soundalias,#hash_660cbfb70ca315ab
soundalias,#vox_box_monkey_plr_15_4
soundalias,#vox_box_monkey_plr_15_1
soundalias,#vox_box_monkey_plr_15_0
soundalias,#vox_box_monkey_plr_15_3
soundalias,#vox_box_monkey_plr_15_2
soundalias,#wpn_rgun_mk2_1straise_npc
soundalias,#fly_sniper_shell_out_plr
soundalias,#hash_662ba0c16b482cec
soundalias,#fly_step_turnstile_exit
soundalias,#fly_step_sprint_zdog_asphalt
soundalias,#vox_box_ballistic_plr_7_4
soundalias,#vox_box_ballistic_plr_7_0
soundalias,#vox_box_ballistic_plr_7_1
soundalias,#vox_box_ballistic_plr_7_2
soundalias,#vox_box_ballistic_plr_7_3
soundalias,#vox_4_banter_niko_udem_plr_14_1
soundalias,#zmb_quad_explo_lfe
soundalias,#vox_2_banter_unik_uric_plr_13_1
soundalias,#vox_trap_electric_activate_plr_8_1
soundalias,#vox_trap_electric_activate_plr_8_0
soundalias,#vox_trap_electric_activate_plr_8_3
soundalias,#vox_trap_electric_activate_plr_8_2
soundalias,#vox_trap_electric_activate_plr_8_4
soundalias,#vox_s4_fail_rush_1
soundalias,#vox_s4_fail_rush_0
soundalias,#vox_s4_fail_rush_3
soundalias,#vox_s4_fail_rush_2
soundalias,#vox_s4_fail_rush_4
soundalias,#vox_unik_surrounded_oh_shit_plr_5_2
soundalias,#vox_unik_surrounded_oh_shit_plr_5_1
soundalias,#vox_unik_surrounded_oh_shit_plr_5_0
soundalias,#zmb_step_mann_walk_bodyarmor
soundalias,#vox_nova_gas_encounter_plr_16_2
soundalias,#vox_nova_gas_encounter_plr_16_1
soundalias,#vox_nova_gas_encounter_plr_16_0
soundalias,#vox_bop2_exert_mant_heavy
soundalias,#vox_solo_game_start_uric_plr_13_0
soundalias,#vox_s2_return_plr_15_1
soundalias,#hash_66a71fe1827e2c56
soundalias,#hash_66ac1a59a45915b8
soundalias,#hash_66c42ee08aa63809
soundalias,#vox_bop3_exert_sniper_exhale
soundalias,#hash_66d823f29bf8f0ce
soundalias,#hash_66da31bf83484e3b
soundalias,#fly_step_walk_zdog_wood
soundalias,#vox_kill_galva_plr_6_2
soundalias,#vox_kill_galva_plr_6_3
soundalias,#vox_kill_galva_plr_6_0
soundalias,#vox_kill_galva_plr_6_1
soundalias,#vox_kill_galva_plr_6_4
soundalias,#wpn_smg_thompson_lfe_killcam_npc
soundalias,#hash_66eb97e2bce2a423
soundalias,#hash_66edd342df7791fd
soundalias,#vox_uric_kill_headshot_plr_15_1
soundalias,#vox_uric_kill_headshot_plr_15_0
soundalias,#vox_uric_kill_headshot_plr_15_2
soundalias,#amb_chaos_ball
soundalias,#fly_step_walk_zdog_gravel
soundalias,#vox_bop4_exert_mant_light
soundalias,#phy_impact_glass_foliage
soundalias,#vox_overkill_kill_mult_plr_8_4
soundalias,#vox_overkill_kill_mult_plr_8_0
soundalias,#vox_overkill_kill_mult_plr_8_1
soundalias,#vox_overkill_kill_mult_plr_8_2
soundalias,#vox_overkill_kill_mult_plr_8_3
soundalias,#vox_2_banter_udem_uric_plr_13_1
soundalias,#amb_netting_flap
soundalias,#fly_bowie_impact_victim
soundalias,#vox_plr_6_exert_electro
soundalias,#vox_1_banter_niko_take_plr_7_1
soundalias,#hash_6740d58ccd4742e5
soundalias,#hash_67592ce3205d3e65
soundalias,#hash_67645f23459fdb8b
soundalias,#wpn_generic_clip_bounce_dirt
soundalias,#vox_5_banter_niko_rich_plr_7_0
soundalias,#zmb_step_mann_run_metalhollow
soundalias,#zmb_step_mann_walk_glasscar
soundalias,#fly_freezegun_mag_in
soundalias,#evt_pap_door_open
soundalias,#fly_step_walk_zdog_glass
soundalias,#vox_bof3_exert_rad_end
soundalias,#vox_generator_defend_plr_13_2
soundalias,#vox_generator_defend_plr_13_0
soundalias,#vox_generator_defend_plr_13_1
soundalias,#vox_4_banter_niko_utak_plr_16_0
soundalias,#fly_step_branches_plr
soundalias,#fly_step_walk_zdog_bodyarmor
soundalias,#fly_step_wood_stairs_plr
soundalias,#fly_step_run_zdog_rock
soundalias,#wpn_rgun_fire_lfe_npc
soundalias,#fly_step_sprint_zdog_paintedmetal
soundalias,#vox_bop2_exert_suppressed
soundalias,#vox_rich_surrounded_oh_shit_plr_16_2
soundalias,#vox_rich_surrounded_oh_shit_plr_16_0
soundalias,#vox_rich_surrounded_oh_shit_plr_16_1
soundalias,#vox_tedd_exert_underwater_pain
soundalias,#mus_im_10_intro
soundalias,#hash_67f1ab5c50be25ea
soundalias,#hash_67f1fcdfe32ea3f7
soundalias,#vox_adam_code_sawyer_rush_2
soundalias,#vox_adam_code_sawyer_rush_0
soundalias,#vox_adam_code_sawyer_rush_1
soundalias,#hash_67fe68eec41d210f
soundalias,#zmb_avogadro_base_arcs
soundalias,#vox_box_ar_plr_7_4
soundalias,#vox_box_ar_plr_7_2
soundalias,#vox_box_ar_plr_7_3
soundalias,#vox_box_ar_plr_7_0
soundalias,#vox_box_ar_plr_7_1
soundalias,#hash_6808fa38030fdd61
soundalias,#vox_box_raygun_plr_16_1
soundalias,#vox_box_raygun_plr_16_0
soundalias,#vox_box_raygun_plr_16_3
soundalias,#vox_box_raygun_plr_16_2
soundalias,#vox_box_raygun_plr_16_4
soundalias,#hash_681cecc46d140166
soundalias,#pfx_power_burst_small
soundalias,#amb_paper_rustle
soundalias,#zmb_vox_monkey_throw
soundalias,#fly_step_mattress_npc
soundalias,#wpn_dg4_electrocution_loop
soundalias,#zmb_vocals_zombie_crawler
soundalias,#vox_3_banter_niko_take_plr_7_1
soundalias,#wpn_rgun_flux_l_npc
soundalias,#vox_mmtd_place_plr_8_4
soundalias,#vox_mmtd_place_plr_8_0
soundalias,#vox_mmtd_place_plr_8_1
soundalias,#vox_mmtd_place_plr_8_2
soundalias,#vox_mmtd_place_plr_8_3
soundalias,#fly_spoon_first_raise
soundalias,#vox_boss_electric_warn_plr_5_4
soundalias,#vox_boss_electric_warn_plr_5_1
soundalias,#vox_boss_electric_warn_plr_5_0
soundalias,#vox_boss_electric_warn_plr_5_3
soundalias,#vox_boss_electric_warn_plr_5_2
soundalias,#vox_plr_5_exert_underwater_emerge_breath
soundalias,#vox_dg5_kill_mult_plr_14_4
soundalias,#vox_dg5_kill_mult_plr_14_1
soundalias,#vox_dg5_kill_mult_plr_14_0
soundalias,#vox_dg5_kill_mult_plr_14_3
soundalias,#vox_dg5_kill_mult_plr_14_2
soundalias,#hash_688ab65ff6c98303
soundalias,#vox_bop3_exert_suppressed
soundalias,#fly_generic_first_raise_npc
soundalias,#vox_tedd_exert_sniper_exhale
soundalias,#fly_fall_zombie
soundalias,#vox_bop2_exert_concuss
soundalias,#vox_bop1_exert_breath_hurt
soundalias,#wpn_generic_wpn_bounce_paper
soundalias,#fly_freezegun_mag_out_npc
soundalias,#vox_5_banter_uric_utak_plr_13_1
soundalias,#fly_melee_imp_katana_flesh_npc
soundalias,#vox_box_tactical_plr_5_4
soundalias,#vox_box_tactical_plr_5_2
soundalias,#vox_box_tactical_plr_5_3
soundalias,#vox_box_tactical_plr_5_0
soundalias,#vox_box_tactical_plr_5_1
soundalias,#zmb_trap_acid_start
soundalias,#hash_68ffd38a5e862cbe
soundalias,#vox_blac_exert_death_fall
soundalias,#zmb_blocker_debris_escape_purchase
soundalias,#wpn_vulcan_fire_loop_npc
soundalias,#wpn_generic_clip_bounce_concrete
soundalias,#hash_692a9ba8edde0027
soundalias,#wpn_pineapple_explode_dist
soundalias,#hash_69385db0c6a7218d
soundalias,#hash_6942fd3186464801
soundalias,#hash_69457ae60d28f923
soundalias,#vox_pickup_bowie_plr_15_2
soundalias,#vox_pickup_bowie_plr_15_1
soundalias,#vox_pickup_bowie_plr_15_0
soundalias,#zmb_fasttravel_teleport_start_plr
soundalias,#zmb_vocals_zombie_buff_behind
soundalias,#hash_6963d53a968e3f02
soundalias,#fly_dog_melee_npc
soundalias,#hash_6973a3883498e14a
soundalias,#fly_step_crouch_walk_zdog_paper
soundalias,#hash_6986c1ef63a8c733
soundalias,#zmb_ee_drawer_open
soundalias,#vox_nova_effect_react_plr_14_2
soundalias,#vox_nova_effect_react_plr_14_1
soundalias,#vox_nova_effect_react_plr_14_0
soundalias,#vox_s3_intro_rush_0
soundalias,#evt_canister_pickup
soundalias,#hash_6994ad38bce10d14
soundalias,#wpn_dg4_melee_impact_plr
soundalias,#vox_bop5_exert_underwater_emerge_breath
soundalias,#vox_plr_5_exert_sniper_hold
soundalias,#vox_5_banter_niko_utak_plr_7_0
soundalias,#hash_69c6cacdd6f7e9fd
soundalias,#mus_boss_battle_stage_1_exit
soundalias,#vox_adam_kill_react_plr_7_2
soundalias,#vox_adam_kill_react_plr_7_1
soundalias,#vox_adam_kill_react_plr_7_0
soundalias,#zmb_step_mann_walk_metal
soundalias,#fly_step_run_zdog_rubber
soundalias,#wpn_vulcan_start_plr
soundalias,#vox_s3_success_plr_16_2
soundalias,#fly_mann_limb_bounce_concrete
soundalias,#hash_69fe06afa9fef1bd
soundalias,#vox_tedd_exert_bludgeoned
soundalias,#vox_kill_ballistic_plr_16_4
soundalias,#vox_kill_ballistic_plr_16_1
soundalias,#vox_kill_ballistic_plr_16_0
soundalias,#vox_kill_ballistic_plr_16_3
soundalias,#vox_kill_ballistic_plr_16_2
soundalias,#vox_5_banter_unik_uric_plr_15_1
soundalias,#vox_adam_activate_plr_8_2
soundalias,#vox_adam_activate_plr_8_1
soundalias,#vox_adam_activate_plr_8_0
soundalias,#vox_3_banter_take_uric_plr_8_0
soundalias,#hash_6a3a7714a2c454fb
soundalias,#fly_gl_raise_rotate
soundalias,#vox_revive_support_demp_plr_13_2
soundalias,#vox_revive_support_demp_plr_13_0
soundalias,#vox_revive_support_demp_plr_13_1
soundalias,#hash_6a48fa9d116b7376
soundalias,#hash_6a4c0b5fff2011e3
soundalias,#vox_ww_v_pickup_rush_1
soundalias,#zmb_comp_keypad_action_full
soundalias,#vox_box_shotgun_plr_14_1
soundalias,#vox_box_shotgun_plr_14_0
soundalias,#vox_box_shotgun_plr_14_3
soundalias,#vox_box_shotgun_plr_14_2
soundalias,#vox_box_shotgun_plr_14_4
soundalias,#zmb_step_mann_run_water
soundalias,#vox_nova_react_plr_5_4
soundalias,#vox_nova_react_plr_5_1
soundalias,#vox_nova_react_plr_5_0
soundalias,#vox_nova_react_plr_5_3
soundalias,#vox_nova_react_plr_5_2
soundalias,#hash_6a6ff80e6b1370bd
soundalias,#fly_melee_imp_galva_wood
soundalias,#dst_luggage
soundalias,#wpn_generic_clip_bounce_grass
soundalias,#wpn_minigun_projectile_ignition_lp
soundalias,#phy_pocket_pool_ball
soundalias,#vox_3_banter_niko_uric_plr_7_0
soundalias,#hash_6aa35ab86c22666e
soundalias,#fly_step_crouch_walk_zdog_rubber
soundalias,#hash_6ad6ad809d7ea6b8
soundalias,#hash_6ad6ae809d7ea86b
soundalias,#hash_6ad6af809d7eaa1e
soundalias,#hash_6ad6b0809d7eabd1
soundalias,#hash_6ad6b1809d7ead84
soundalias,#vox_plr_8_exert_death
soundalias,#vox_solo_end_round2_uric_plr_13_0
soundalias,#hash_6af8d2df8b6b202a
soundalias,#hash_6afe331afabbae9d
soundalias,#zmb_vocals_zombie_buff_ambient
soundalias,#hash_6b073a53dbaca67a
soundalias,#hash_6b19f020c02c2bbc
soundalias,#zmb_step_mann_crouch_run_npc_mud
soundalias,#hash_6b1c444be7d2d57a
soundalias,#hash_6b2bc7fd74dd8d9b
soundalias,#hash_6b3de890e104bd9f
soundalias,#hash_6b3de990e104bf52
soundalias,#hash_6b3dea90e104c105
soundalias,#vox_blac_exert_burn_dmg
soundalias,#hash_6b45ce1c6599b410
soundalias,#hash_6b56372df0bdb444
soundalias,#vox_4_banter_unik_utak_plr_16_1
soundalias,#hash_6b72db9fe601ff1d
soundalias,#fly_step_catwalk_metal
soundalias,#wpn_electric_trap_sparks
soundalias,#vox_path_sorrow_kill_mult_plr_5_4
soundalias,#vox_path_sorrow_kill_mult_plr_5_1
soundalias,#vox_path_sorrow_kill_mult_plr_5_0
soundalias,#vox_path_sorrow_kill_mult_plr_5_3
soundalias,#vox_path_sorrow_kill_mult_plr_5_2
soundalias,#zmb_step_mann_crouch_walk_npc_plastic
soundalias,#hash_6b9d419a9742fb80
soundalias,#hash_6b9d429a9742fd33
soundalias,#hash_6b9d449a97430099
soundalias,#hash_6ba24bf23dc7f82d
soundalias,#wpn_pineapple_raise_plr
soundalias,#vox_box_raygun_plr_6_4
soundalias,#vox_box_raygun_plr_6_0
soundalias,#vox_box_raygun_plr_6_1
soundalias,#vox_box_raygun_plr_6_2
soundalias,#vox_box_raygun_plr_6_3
soundalias,#zmb_step_mann_sprint_bodyarmor
soundalias,#hash_6babd1aa74c1dca8
soundalias,#hash_6babd2aa74c1de5b
soundalias,#hash_6babd3aa74c1e00e
soundalias,#hash_6babd4aa74c1e1c1
soundalias,#hash_6babd5aa74c1e374
soundalias,#fly_reload_cloth_med
soundalias,#hash_6bbc312d70d5afe6
soundalias,#zmb_step_mann_run_snow
soundalias,#zmb_step_mann_crouch_walk_npc_plaster
soundalias,#hash_6bd74c3cdd7a079a
soundalias,#vox_box_launcher_plr_13_4
soundalias,#vox_box_launcher_plr_13_2
soundalias,#vox_box_launcher_plr_13_3
soundalias,#vox_box_launcher_plr_13_0
soundalias,#vox_box_launcher_plr_13_1
soundalias,#vox_1_banter_rich_utak_plr_16_1
soundalias,#fly_melee_imp_katana_glass
soundalias,#fly_step_crouch_run_zdog_foliage
soundalias,#fly_wpn_gear_rattle_low
soundalias,#zmb_step_mann_walk_watershallow
soundalias,#fly_mann_head_bounce_snow
soundalias,#hash_6c1d1fc6e7b95d8f
soundalias,#hash_6c226df4d604ed59
soundalias,#vox_tedd_exert_self_heal
soundalias,#vox_adam_revive_adam_4
soundalias,#vox_adam_revive_adam_3
soundalias,#vox_adam_revive_adam_2
soundalias,#vox_adam_revive_adam_1
soundalias,#vox_adam_revive_adam_0
soundalias,#zmb_switch_flip_trap
soundalias,#zmb_switch_flip_trap_alarm
soundalias,#vox_nova_kill_plr_8_4
soundalias,#vox_nova_kill_plr_8_1
soundalias,#vox_nova_kill_plr_8_0
soundalias,#vox_nova_kill_plr_8_3
soundalias,#vox_nova_kill_plr_8_2
soundalias,#hash_6c58034975194ca9
soundalias,#wpn_melee_foley_swt
soundalias,#hash_6c69949796b160cc
soundalias,#wpn_pineapple_grenade_explode_flesh_2d
soundalias,#amb_roach_skitter
soundalias,#zmb_step_mann_run_mud
soundalias,#fly_step_crouch_walk_zdog_paintedmetal
soundalias,#vox_bop5_exert_concuss
soundalias,#zmb_goop_pap_locked
soundalias,#vox_demp_surrounded_oh_shit_plr_5_2
soundalias,#vox_demp_surrounded_oh_shit_plr_5_0
soundalias,#vox_demp_surrounded_oh_shit_plr_5_1
soundalias,#wpn_pineapple_act_npc
soundalias,#zmb_step_mann_sprint_fruit
soundalias,#vox_bop5_exert_electro
soundalias,#vox_utak_kill_headshot_plr_15_2
soundalias,#vox_utak_kill_headshot_plr_15_1
soundalias,#vox_utak_kill_headshot_plr_15_0
soundalias,#zmb_step_quad_default
soundalias,#hash_6cbde1866d58f8a3
soundalias,#hash_6cc44ae436cdf249
soundalias,#vox_kill_galva_plr_16_3
soundalias,#vox_kill_galva_plr_16_2
soundalias,#vox_kill_galva_plr_16_1
soundalias,#vox_kill_galva_plr_16_0
soundalias,#vox_kill_galva_plr_16_4
soundalias,#zmb_fire_loop
soundalias,#hash_6cebe438b178d14f
soundalias,#fly_mann_limb_bounce_cushion
soundalias,#vox_unik_kill_headshot_plr_14_0
soundalias,#vox_unik_kill_headshot_plr_14_1
soundalias,#vox_unik_kill_headshot_plr_14_2
soundalias,#zmb_vocals_hellhound_ambient
soundalias,#hash_6cfd75e82abb2911
soundalias,#mus_round_start_special_intro
soundalias,#hash_6d0bcd77a8ec36fe
soundalias,#wpn_generic_clip_bounce_snow
soundalias,#vox_5_banter_unik_utak_plr_16_1
soundalias,#vox_3_banter_take_udem_plr_14_1
soundalias,#vox_bop1_exert_rad_end
soundalias,#zmb_step_mann_crouch_run_npc_bark
soundalias,#hash_6d6731a1c9da7371
soundalias,#fly_step_prone_zdog_dirt
soundalias,#vox_bop3_exert_death_fall
soundalias,#hash_6d800df9a46fb399
soundalias,#fly_bowie_impact_player
soundalias,#wpn_smg_thompson_ads_killcam_npc
soundalias,#fly_bump_pipe
soundalias,#vox_bop2_exert_bludgeoned
soundalias,#vox_ww_x_craft_rush_1
soundalias,#fly_step_crouch_run_zdog_plastic
soundalias,#fly_generic_raise_med_plr
soundalias,#fly_step_crouch_run_zdog_plaster
soundalias,#hash_6dc4b5e7374578b4
soundalias,#hash_6dc5fea475ce342a
soundalias,#hash_6dc7508417b55fb9
soundalias,#vox_1_banter_niko_udem_plr_14_1
soundalias,#fly_generic_pickup_npc
soundalias,#vox_pickup_galva_plr_16_2
soundalias,#vox_pickup_galva_plr_16_1
soundalias,#vox_pickup_galva_plr_16_0
soundalias,#zmb_step_mann_crouch_walk_npc_metal
soundalias,#vox_bop4_exert_punch_take
soundalias,#vox_solo_end_round1_niko_plr_7_0
soundalias,#vox_1_banter_uric_utak_plr_16_1
soundalias,#zmb_vocals_quad_spawn
soundalias,#fly_step_mattress_plr
soundalias,#hash_6dfa4854873e2e9e
soundalias,#fly_step_crouch_walk_zdog_glass
soundalias,#vox_generator_defend_plr_14_1
soundalias,#vox_generator_defend_plr_14_0
soundalias,#vox_generator_defend_plr_14_2
soundalias,#vox_1_banter_demp_uric_plr_6_0
soundalias,#hash_6e180e7b642c5e4d
soundalias,#vox_5_banter_rich_udem_plr_5_1
soundalias,#zmb_wisp_disappear
soundalias,#hash_6e2948bf870a3750
soundalias,#hash_6e2be27b643cbc93
soundalias,#vox_udem_kill_headshot_plr_8_2
soundalias,#vox_udem_kill_headshot_plr_8_1
soundalias,#vox_udem_kill_headshot_plr_8_0
soundalias,#wpn_pineapple_grenade_explode_flesh
soundalias,#hash_6e4664dfe99c0ac8
soundalias,#hash_6e4666dfe99c0e2e
soundalias,#hash_6e4667dfe99c0fe1
soundalias,#hash_6e4abd25d9e65c21
soundalias,#vox_uric_kill_headshot_plr_14_0
soundalias,#vox_uric_kill_headshot_plr_14_1
soundalias,#vox_uric_kill_headshot_plr_14_2
soundalias,#vox_nova_kill_plr_7_4
soundalias,#vox_nova_kill_plr_7_2
soundalias,#vox_nova_kill_plr_7_3
soundalias,#vox_nova_kill_plr_7_0
soundalias,#vox_nova_kill_plr_7_1
soundalias,#hash_6e5e51bfb3235e99
soundalias,#fly_step_crouch_run_zdog_metalthin
soundalias,#hash_6e6f0998af127ebe
soundalias,#hash_6e6f34dac427c4ee
soundalias,#vox_3_banter_niko_uric_plr_13_1
soundalias,#vox_revive_support_rich_plr_7_2
soundalias,#vox_revive_support_rich_plr_7_1
soundalias,#vox_revive_support_rich_plr_7_0
soundalias,#vox_kill_streak_plr_8_5
soundalias,#vox_kill_streak_plr_8_4
soundalias,#vox_kill_streak_plr_8_7
soundalias,#vox_kill_streak_plr_8_6
soundalias,#vox_kill_streak_plr_8_1
soundalias,#vox_kill_streak_plr_8_0
soundalias,#vox_kill_streak_plr_8_3
soundalias,#vox_kill_streak_plr_8_2
soundalias,#vox_kill_streak_plr_8_9
soundalias,#vox_kill_streak_plr_8_8
soundalias,#vox_5_banter_niko_uric_plr_7_1
soundalias,#hash_6e89d3c73edef586
soundalias,#vox_plr_7_exert_rad_start
soundalias,#hash_6e95e04ed0cb68b0
soundalias,#vox_blac_exert_burn_dead
soundalias,#vox_box_move_plr_15_1
soundalias,#vox_box_move_plr_15_0
soundalias,#vox_box_move_plr_15_3
soundalias,#vox_box_move_plr_15_2
soundalias,#vox_box_move_plr_15_4
soundalias,#hash_6ea460b6c9885c86
soundalias,#hash_6eb03791cb5bdfd4
soundalias,#vox_plr_6_exert_breath_hurt
soundalias,#hash_6ebc040ef6b9aaad
soundalias,#vox_plr_5_outro_igc_5_0
soundalias,#hash_6ec5c44ed0f45cde
soundalias,#fly_golden_knife_first_raise_npc
soundalias,#hash_6ecc12171d70a788
soundalias,#hash_6edda7357adf8cd9
soundalias,#vox_bop1_exert_pain
soundalias,#amb_sprinkler
soundalias,#vox_4_banter_demp_take_plr_6_0
soundalias,#wpn_flame_thrower_loop_npc
soundalias,#vox_bop1_exert_mant_heavy
soundalias,#hash_6f4aafb91ebfc7b1
soundalias,#vox_roundstart_special_plr_7_4
soundalias,#vox_roundstart_special_plr_7_1
soundalias,#vox_roundstart_special_plr_7_0
soundalias,#vox_roundstart_special_plr_7_3
soundalias,#vox_roundstart_special_plr_7_2
soundalias,#vox_bof3_exert_rad_dmg
soundalias,#wpn_katana_dash_lfe_npc
soundalias,#phy_impact_hard_flesh
soundalias,#vox_ammo_out_plr_16_0
soundalias,#vox_ammo_out_plr_16_1
soundalias,#vox_ammo_out_plr_16_2
soundalias,#vox_ammo_out_plr_16_3
soundalias,#vox_ammo_out_plr_16_4
soundalias,#vox_power_switch_plr_13_2
soundalias,#vox_power_switch_plr_13_0
soundalias,#vox_power_switch_plr_13_1
soundalias,#zmb_step_mann_sprint_brick
soundalias,#mus_bunker_underscore
soundalias,#vox_2_banter_take_udem_plr_8_0
soundalias,#hash_6f96bfb67a853528
soundalias,#hash_6f96c1b67a85388e
soundalias,#hash_6f96c2b67a853a41
soundalias,#hash_6f96c3b67a853bf4
soundalias,#hash_6f96c4b67a853da7
soundalias,#hash_6f9ebc5e2d9b39fd
soundalias,#hash_6fa5e4cd6ab4886a
soundalias,#vox_revive_take_plr_13_2
soundalias,#vox_revive_take_plr_13_1
soundalias,#vox_revive_take_plr_13_0
soundalias,#vox_bop5_exert_underwater_air_low
soundalias,#wpn_vulcan_loop_plr
soundalias,#zmb_monkey_anim_key
soundalias,#wpn_bowie_whoosh_npc
soundalias,#wpn_smg_thompson_ads_npc
soundalias,#vox_4_banter_take_uric_plr_13_1
soundalias,#hash_6fce75e5c4fe6210
soundalias,#vox_bop1_exert_sniper_exhale
soundalias,#hash_6fd7be04a416c8ad
soundalias,#vox_pickup_bowie_plr_7_2
soundalias,#vox_pickup_bowie_plr_7_0
soundalias,#vox_pickup_bowie_plr_7_1
soundalias,#fly_step_crouch_walk_zdog_glasscar
soundalias,#vox_bop3_exert_gas_gag
soundalias,#fly_melee_swipealt_knife
soundalias,#hash_6ff7cfa031436509
soundalias,#hash_700b52cad9e717a4
soundalias,#hash_7026c261624e7880
soundalias,#vox_hellfire_ready_plr_7_4
soundalias,#vox_hellfire_ready_plr_7_0
soundalias,#vox_hellfire_ready_plr_7_1
soundalias,#vox_hellfire_ready_plr_7_2
soundalias,#vox_hellfire_ready_plr_7_3
soundalias,#vox_box_ar_plr_8_4
soundalias,#vox_box_ar_plr_8_1
soundalias,#vox_box_ar_plr_8_0
soundalias,#vox_box_ar_plr_8_3
soundalias,#vox_box_ar_plr_8_2
soundalias,#hash_702b3fdee0a4dcfa
soundalias,#vox_bop1_exert_explo_dead
soundalias,#fly_step_sprint_zdog_dirt
soundalias,#zmb_step_mann_run_paintedmetal
soundalias,#wpn_vulcan_raise_npc
soundalias,#zmb_step_mann_run_wood
soundalias,#zmb_vocals_quad_death
soundalias,#zmb_step_mann_crouch_run_npc_cushion
soundalias,#vox_4_banter_udem_uric_plr_14_0
soundalias,#hash_7067b0eb3e9f49b8
soundalias,#hash_707a0e2ff93b63e5
soundalias,#vox_5_banter_demp_rich_plr_5_0
soundalias,#vox_kill_ballistic_plr_8_2
soundalias,#vox_kill_ballistic_plr_8_3
soundalias,#vox_kill_ballistic_plr_8_0
soundalias,#vox_kill_ballistic_plr_8_1
soundalias,#vox_kill_ballistic_plr_8_4
soundalias,#vox_blac_exert_bludgeoned
soundalias,#fly_mann_head_bounce_water
soundalias,#zmb_vocals_zombie_buff_pain
soundalias,#evt_power_pole_spark_swt
soundalias,#amb_rattle_corrugated
soundalias,#wpn_pineapple_pickup_npc
soundalias,#hash_70c11b6f27e8119e
soundalias,#vox_box_monkey_plr_14_4
soundalias,#vox_box_monkey_plr_14_0
soundalias,#vox_box_monkey_plr_14_1
soundalias,#vox_box_monkey_plr_14_2
soundalias,#vox_box_monkey_plr_14_3
soundalias,#hash_70cbedeca3e90f7f
soundalias,#fly_mag_pouch_pat
soundalias,#hash_70d7722a1c750245
soundalias,#hash_70debef2ec3977e9
soundalias,#vox_revive_uric_plr_16_2
soundalias,#vox_revive_uric_plr_16_0
soundalias,#vox_revive_uric_plr_16_1
soundalias,#fly_combat_knife_taunt_npc
soundalias,#phy_impact_soft_soft
soundalias,#vox_overkill_ready_plr_5_4
soundalias,#vox_overkill_ready_plr_5_1
soundalias,#vox_overkill_ready_plr_5_0
soundalias,#vox_overkill_ready_plr_5_3
soundalias,#vox_overkill_ready_plr_5_2
soundalias,#zmb_step_mann_walk_metalhollow
soundalias,#hash_7107f284f1253b19
soundalias,#hash_710ab23e75e258f4
soundalias,#hash_710ab33e75e25aa7
soundalias,#hash_710ab43e75e25c5a
soundalias,#hash_710ab53e75e25e0d
soundalias,#vox_bop2_exert_death_veh_hit
soundalias,#pfx_spark_pop
soundalias,#hash_7115d282afe26362
soundalias,#hash_711935baea27ed45
soundalias,#vox_plr_6_exert_suppressed
soundalias,#vox_bop4_exert_death_veh_fly
soundalias,#hash_713c76249f9c3c8d
soundalias,#zmb_step_mann_walk_grass
soundalias,#vox_s2_return_plr_16_1
soundalias,#fly_step_run_zdog_foliage
soundalias,#zmb_step_mann_run_metal
soundalias,#vox_roundstart_special_plr_8_4
soundalias,#vox_roundstart_special_plr_8_2
soundalias,#vox_roundstart_special_plr_8_3
soundalias,#vox_roundstart_special_plr_8_0
soundalias,#vox_roundstart_special_plr_8_1
soundalias,#vox_plr_7_exert_underwater_air_low
soundalias,#fly_melee_imp_katana_npc_rock
soundalias,#vox_blac_exert_electro
soundalias,#vox_kill_raygun_mk2_plr_16_1
soundalias,#vox_kill_raygun_mk2_plr_16_0
soundalias,#vox_kill_raygun_mk2_plr_16_3
soundalias,#vox_kill_raygun_mk2_plr_16_2
soundalias,#vox_kill_raygun_mk2_plr_16_4
soundalias,#zmb_step_mann_crouch_walk_npc_mud
soundalias,#zmb_step_mann_run_ceramic
soundalias,#fly_mann_limb_bounce_rock
soundalias,#exp_rocket_bow_flux_l
soundalias,#exp_rocket_bow_flux_r
soundalias,#vox_boss_nuke_count_ncom_0
soundalias,#fly_bump_generic_metal
soundalias,#pfx_power_burst_large
soundalias,#zmb_fire_blocker
soundalias,#fly_step_walk_zdog_bark
soundalias,#hash_719775c44cc7a0b2
soundalias,#fly_step_twigs_npc
soundalias,#vox_nova_effect_react_plr_15_2
soundalias,#vox_nova_effect_react_plr_15_0
soundalias,#vox_nova_effect_react_plr_15_1
soundalias,#hash_71b4f4a4b5319f41
soundalias,#hash_71b6579783254a73
soundalias,#wpn_generic_clip_bounce_water
soundalias,#wpn_generic_wpn_bounce_ceramic
soundalias,#fly_step_sprint_zdog_rubber
soundalias,#vox_plr_5_exert_burn_dmg
soundalias,#vox_revive_self_plr_13_2
soundalias,#vox_revive_self_plr_13_3
soundalias,#vox_revive_self_plr_13_0
soundalias,#vox_revive_self_plr_13_1
soundalias,#vox_revive_self_plr_13_4
soundalias,#vox_plr_13_outro_igc_18_0
soundalias,#hash_71fa2657f5fd0bfd
soundalias,#vox_adam_revive_react_plr_13_2
soundalias,#vox_adam_revive_react_plr_13_1
soundalias,#vox_adam_revive_react_plr_13_0
soundalias,#fly_step_grass_move
soundalias,#vox_plr_7_exert_underwater_emerge_gasp
soundalias,#vox_utak_kill_headshot_plr_5_0
soundalias,#vox_utak_kill_headshot_plr_5_1
soundalias,#vox_utak_kill_headshot_plr_5_2
soundalias,#vox_demp_kill_headshot_plr_13_2
soundalias,#vox_demp_kill_headshot_plr_13_0
soundalias,#vox_demp_kill_headshot_plr_13_1
soundalias,#hash_7204b092c976136b
soundalias,#hash_720c89fe1512c6ed
soundalias,#vox_bop3_exert_mant_heavy
soundalias,#vox_magic_box_share_plr_15_4
soundalias,#vox_magic_box_share_plr_15_1
soundalias,#vox_magic_box_share_plr_15_0
soundalias,#vox_magic_box_share_plr_15_3
soundalias,#vox_magic_box_share_plr_15_2
soundalias,#vox_2_banter_niko_utak_plr_7_0
soundalias,#hash_72256080a13fe5e1
soundalias,#hash_72256180a13fe794
soundalias,#hash_72256280a13fe947
soundalias,#hash_72256380a13feafa
soundalias,#hash_72256480a13fecad
soundalias,#hash_7225bf648995e9e8
soundalias,#fly_generic_pickup_plr
soundalias,#hash_724c653ce0825055
soundalias,#vox_dg5_kill_mult_plr_15_4
soundalias,#vox_dg5_kill_mult_plr_15_0
soundalias,#vox_dg5_kill_mult_plr_15_1
soundalias,#vox_dg5_kill_mult_plr_15_2
soundalias,#vox_dg5_kill_mult_plr_15_3
soundalias,#vox_udem_surrounded_oh_shit_plr_7_1
soundalias,#vox_udem_surrounded_oh_shit_plr_7_0
soundalias,#vox_udem_surrounded_oh_shit_plr_7_2
soundalias,#hash_7267aaa92940028a
soundalias,#fly_step_wreckage_plr
soundalias,#dst_trash_bag
soundalias,#hash_728c9f90e4c60394
soundalias,#hash_728ca190e4c606fa
soundalias,#hash_728ca290e4c608ad
soundalias,#hash_729ae56623f13415
soundalias,#hash_72be0f3809b4ec10
soundalias,#hash_72d55f9efed16b54
soundalias,#hash_72d5609efed16d07
soundalias,#amb_nuked_wind_gust
soundalias,#vox_nova_gas_encounter_plr_5_1
soundalias,#vox_nova_gas_encounter_plr_5_0
soundalias,#vox_nova_gas_encounter_plr_5_2
soundalias,#hash_72f46e9fafeef16d
soundalias,#hash_72f504f9cdb0f0a5
soundalias,#fly_generic_raise_shrt_plr
soundalias,#vox_generic_responses_positive_plr_16_1
soundalias,#vox_generic_responses_positive_plr_16_0
soundalias,#vox_generic_responses_positive_plr_16_3
soundalias,#vox_generic_responses_positive_plr_16_2
soundalias,#vox_generic_responses_positive_plr_16_5
soundalias,#vox_generic_responses_positive_plr_16_4
soundalias,#vox_generic_responses_positive_plr_16_7
soundalias,#vox_generic_responses_positive_plr_16_6
soundalias,#vox_generic_responses_positive_plr_16_9
soundalias,#vox_generic_responses_positive_plr_16_8
soundalias,#vox_4_banter_demp_uric_plr_13_0
soundalias,#hash_73098f0e9d840690
soundalias,#hash_7309930e9d840d5c
soundalias,#hash_7309950e9d8410c2
soundalias,#hash_73099c0e9d841ca7
soundalias,#zmb_step_mann_crouch_walk_npc_sand
soundalias,#amb_wood_creak
soundalias,#vox_bop2_exert_burn_dmg
soundalias,#hash_7344db4bec4d88cf
soundalias,#vox_bop2_exert_breath_hurt
soundalias,#fly_melee_swipe_knife
soundalias,#vox_boss_intro_plr_16_3
soundalias,#vox_bop4_exert_mant_heavy
soundalias,#fly_tommy_bolt_release
soundalias,#vox_bop2_exert_stabbed
soundalias,#vox_perk_generic_plr_5_1
soundalias,#vox_perk_generic_plr_5_0
soundalias,#vox_perk_generic_plr_5_3
soundalias,#vox_perk_generic_plr_5_2
soundalias,#vox_perk_generic_plr_5_5
soundalias,#vox_perk_generic_plr_5_4
soundalias,#vox_perk_generic_plr_5_7
soundalias,#vox_perk_generic_plr_5_6
soundalias,#vox_perk_generic_plr_5_9
soundalias,#vox_perk_generic_plr_5_8
soundalias,#hash_73a65d1c8cc69128
soundalias,#hash_73a65e1c8cc692db
soundalias,#hash_73a65f1c8cc6948e
soundalias,#hash_73a6601c8cc69641
soundalias,#zmb_step_mann_crouch_run_npc_foliage
soundalias,#vox_special_round_kill_plr_5_4
soundalias,#vox_special_round_kill_plr_5_0
soundalias,#vox_special_round_kill_plr_5_1
soundalias,#vox_special_round_kill_plr_5_2
soundalias,#vox_special_round_kill_plr_5_3
soundalias,#fly_step_run_zdog_mud
soundalias,#vox_niko_kill_headshot_plr_13_2
soundalias,#vox_niko_kill_headshot_plr_13_1
soundalias,#vox_niko_kill_headshot_plr_13_0
soundalias,#vox_box_tactical_plr_13_3
soundalias,#vox_box_tactical_plr_13_2
soundalias,#vox_box_tactical_plr_13_1
soundalias,#vox_box_tactical_plr_13_0
soundalias,#vox_box_tactical_plr_13_4
soundalias,#vox_box_raygun_plr_5_3
soundalias,#vox_box_raygun_plr_5_2
soundalias,#vox_box_raygun_plr_5_1
soundalias,#vox_box_raygun_plr_5_0
soundalias,#vox_box_raygun_plr_5_4
soundalias,#hash_73d404aa793be611
soundalias,#hash_73d405aa793be7c4
soundalias,#hash_73d406aa793be977
soundalias,#hash_73d407aa793beb2a
soundalias,#hash_73d408aa793becdd
soundalias,#hash_73dae3c5e1e26cb1
soundalias,#phy_impact_hard_glass
soundalias,#zmb_hellhound_bolt_lfe
soundalias,#vox_2_banter_niko_rich_plr_5_1
soundalias,#vox_box_monkey_plr_5_2
soundalias,#vox_box_monkey_plr_5_3
soundalias,#vox_box_monkey_plr_5_0
soundalias,#vox_box_monkey_plr_5_1
soundalias,#vox_box_monkey_plr_5_4
soundalias,#hash_7402a533a73978ee
soundalias,#wpn_minigun_projectile_alarm_lp
soundalias,#vox_adam_start_rush_2
soundalias,#vox_adam_start_rush_1
soundalias,#vox_adam_start_rush_0
soundalias,#hash_7409dcc0b01a2542
soundalias,#vox_pickup_bowie_plr_14_2
soundalias,#vox_pickup_bowie_plr_14_0
soundalias,#vox_pickup_bowie_plr_14_1
soundalias,#vox_2_banter_uric_utak_plr_13_0
soundalias,#zmb_step_mann_walk_wood
soundalias,#vox_plr_15_outro_igc_3_0
soundalias,#hash_743361ea0e37c80d
soundalias,#vox_bop4_exert_rad_dmg
soundalias,#fly_step_brush_enter
soundalias,#fly_step_crouch_run_zdog_water
soundalias,#zmb_step_mann_crouch_run_npc_wood
soundalias,#hash_744a0174f2cdc054
soundalias,#vox_plr_7_exert_burn_dead
soundalias,#vox_2_banter_take_uric_plr_13_1
soundalias,#fly_melee_imp_katana_rock
soundalias,#vox_trap_generic_activate_plr_16_0
soundalias,#vox_trap_generic_activate_plr_16_1
soundalias,#vox_trap_generic_activate_plr_16_2
soundalias,#vox_trap_generic_activate_plr_16_3
soundalias,#vox_trap_generic_activate_plr_16_4
soundalias,#vox_3_banter_rich_take_plr_5_1
soundalias,#hash_7475a64dfd22acd0
soundalias,#zmb_vocals_zombie_pain
soundalias,#vox_bof4_exert_rad_dmg
soundalias,#hash_74845f40e1b96d30
soundalias,#fly_step_sprint_zdog_metalhollow
soundalias,#vox_adam_kill_react_plr_6_2
soundalias,#vox_adam_kill_react_plr_6_0
soundalias,#vox_adam_kill_react_plr_6_1
soundalias,#evt_server_pickup
soundalias,#vox_code_incorrect_rush_0
soundalias,#wpn_pineapple_pickup_plr
soundalias,#phy_impact_plastic_barrel
soundalias,#vox_bop5_exert_gas_cough
soundalias,#hash_74a276e55713715e
soundalias,#wpn_rgun_mk2_1straise_rh
soundalias,#fly_step_foliage_npc
soundalias,#hash_74b31bafb0a4006c
soundalias,#wpn_generic_wpn_bounce_concrete
soundalias,#hash_74b94fb8c6066850
soundalias,#wpn_vulcan_raise_plr
soundalias,#vox_bop1_exert_punch_give
soundalias,#vox_1_banter_demp_niko_plr_6_1
soundalias,#vox_2_banter_udem_utak_plr_16_1
soundalias,#wpn_rgun_mk2_1straise_lh
soundalias,#wpn_rgun_flux_r_npc
soundalias,#wpn_katana_rush_activate
soundalias,#fly_step_prone_zdog_metalcar
soundalias,#vox_box_shotgun_plr_15_0
soundalias,#vox_box_shotgun_plr_15_1
soundalias,#vox_box_shotgun_plr_15_2
soundalias,#vox_box_shotgun_plr_15_3
soundalias,#vox_box_shotgun_plr_15_4
soundalias,#hash_750bc40787e0e29f
soundalias,#vox_bop1_exert_rad_dmg
soundalias,#hash_750f0551b76b6233
soundalias,#hash_75160c841b76ae2d
soundalias,#vox_4_banter_rich_udem_plr_5_1
soundalias,#vox_kill_headshot_plr_13_5
soundalias,#vox_kill_headshot_plr_13_4
soundalias,#vox_kill_headshot_plr_13_7
soundalias,#vox_kill_headshot_plr_13_6
soundalias,#vox_kill_headshot_plr_13_1
soundalias,#vox_kill_headshot_plr_13_0
soundalias,#vox_kill_headshot_plr_13_3
soundalias,#vox_kill_headshot_plr_13_2
soundalias,#vox_kill_headshot_plr_13_9
soundalias,#vox_kill_headshot_plr_13_8
soundalias,#vox_boss_nuke_count_three_ncom_0
soundalias,#evt_weapon_locker
soundalias,#hash_7545bc95b5dd4ee0
soundalias,#hash_7545bd95b5dd5093
soundalias,#hash_7545be95b5dd5246
soundalias,#hash_754dd2960a1fe624
soundalias,#fly_step_crouch_run_zdog_metalcar
soundalias,#zmb_monkey_anim_raise
soundalias,#vox_path_sorrow_ready_plr_7_4
soundalias,#vox_path_sorrow_ready_plr_7_3
soundalias,#vox_path_sorrow_ready_plr_7_2
soundalias,#vox_path_sorrow_ready_plr_7_1
soundalias,#vox_path_sorrow_ready_plr_7_0
soundalias,#hash_756b013f57e05ff0
soundalias,#vox_bop3_exert_gas_gasp
soundalias,#fly_bump_branch
soundalias,#vox_plr_6_exert_rad_dmg
soundalias,#hash_7597fa990148e071
soundalias,#hash_75b523ba694eea96
soundalias,#vox_blac_exert_rad_end
soundalias,#vox_bop3_exert_explo_dead
soundalias,#vox_revive_support_rich_plr_6_2
soundalias,#vox_revive_support_rich_plr_6_0
soundalias,#vox_revive_support_rich_plr_6_1
soundalias,#hash_75e0652fd3a1fa5b
soundalias,#hash_75e0662fd3a1fc0e
soundalias,#hash_75e0672fd3a1fdc1
soundalias,#zmb_shed_powerup_burst
soundalias,#zmb_step_mann_run_carpet
soundalias,#vox_box_move_plr_14_0
soundalias,#vox_box_move_plr_14_1
soundalias,#vox_box_move_plr_14_2
soundalias,#vox_box_move_plr_14_3
soundalias,#vox_box_move_plr_14_4
soundalias,#amb_metal_creak_large
soundalias,#hash_75efa5386eb96d6a
soundalias,#vox_quiz_four_rush_1
soundalias,#vox_quiz_four_rush_0
soundalias,#hash_760800881cd94dd1
soundalias,#hash_7609dda01d7579e0
soundalias,#vox_bop4_exert_underwater_air_low
soundalias,#hash_7618777b3e40dec6
soundalias,#vox_s3_success_plr_5_2
soundalias,#zmb_step_mann_run_paper
soundalias,#hash_761bdec9672ff336
soundalias,#vox_box_launcher_plr_8_0
soundalias,#vox_box_launcher_plr_8_1
soundalias,#vox_box_launcher_plr_8_2
soundalias,#vox_box_launcher_plr_8_3
soundalias,#vox_box_launcher_plr_8_4
soundalias,#hash_76295be6363b3b70
soundalias,#wpn_katana_melee_impact
soundalias,#wpn_generic_clip_bounce_ice
soundalias,#vox_revive_down_plr_16_4
soundalias,#vox_revive_down_plr_16_1
soundalias,#vox_revive_down_plr_16_0
soundalias,#vox_revive_down_plr_16_3
soundalias,#vox_revive_down_plr_16_2
soundalias,#vox_perk_generic_plr_13_8
soundalias,#vox_perk_generic_plr_13_9
soundalias,#vox_perk_generic_plr_13_2
soundalias,#vox_perk_generic_plr_13_3
soundalias,#vox_perk_generic_plr_13_0
soundalias,#vox_perk_generic_plr_13_1
soundalias,#vox_perk_generic_plr_13_6
soundalias,#vox_perk_generic_plr_13_7
soundalias,#vox_perk_generic_plr_13_4
soundalias,#vox_perk_generic_plr_13_5
soundalias,#hash_7652799a9de845a8
soundalias,#hash_76527a9a9de8475b
soundalias,#hash_76527b9a9de8490e
soundalias,#zmb_quad_gas_attack
soundalias,#vox_5_banter_rich_take_plr_5_0
soundalias,#hash_76716a2d777afbc1
soundalias,#vox_4_banter_take_unik_plr_15_1
soundalias,#vox_1_banter_demp_take_plr_8_1
soundalias,#hash_767d6293fe41d200
soundalias,#vox_revive_support_unik_plr_6_1
soundalias,#vox_revive_support_unik_plr_6_0
soundalias,#vox_revive_support_unik_plr_6_2
soundalias,#mus_boss_battle_stage_1_loop_0
soundalias,#wpn_smg_dryfire_plr
soundalias,#hash_769f75d14373cb9c
soundalias,#hash_76a52c32ed12af7d
soundalias,#vox_5_banter_rich_utak_plr_5_0
soundalias,#hash_76b1150b3123604b
soundalias,#vox_ammo_out_plr_15_4
soundalias,#vox_ammo_out_plr_15_3
soundalias,#vox_ammo_out_plr_15_2
soundalias,#vox_ammo_out_plr_15_1
soundalias,#vox_ammo_out_plr_15_0
soundalias,#fly_step_shells_npc
soundalias,#wpn_generic_wpn_bounce_default
soundalias,#vox_rushmore_prisoner_rush_0
soundalias,#mus_im_8_intro
soundalias,#vox_plr_8_exert_self_heal
soundalias,#hash_76d85bd009a7b06e
soundalias,#vox_s4_success_rush_0
soundalias,#hash_76dddc77362f36bf
soundalias,#zmb_hellhound_spawn_flux_l
soundalias,#zmb_hellhound_spawn_flux_r
soundalias,#wpn_katana_rush_deactivate
soundalias,#hash_76ef57825312c2e8
soundalias,#hash_76f131a7ce4c5adb
soundalias,#hash_76f132a7ce4c5c8e
soundalias,#hash_76f133a7ce4c5e41
soundalias,#fly_step_crouch_walk_zdog_plaster
soundalias,#vox_pap_wait_plr_13_3
soundalias,#vox_pap_wait_plr_13_2
soundalias,#vox_pap_wait_plr_13_1
soundalias,#vox_pap_wait_plr_13_0
soundalias,#vox_pap_wait_plr_13_4
soundalias,#fly_melee_lungealt_player_knife
soundalias,#amb_comp_mainframe
soundalias,#hash_7718c8cbf33bd659
soundalias,#fly_bump_cupboard
soundalias,#fly_step_crouch_walk_zdog_plastic
soundalias,#fly_step_sprint_zdog_ceramic
soundalias,#vox_boss_electric_warn_plr_13_4
soundalias,#vox_boss_electric_warn_plr_13_2
soundalias,#vox_boss_electric_warn_plr_13_3
soundalias,#vox_boss_electric_warn_plr_13_0
soundalias,#vox_boss_electric_warn_plr_13_1
soundalias,#evt_boss_sucked_in
soundalias,#dst_dest_reel2reel_02_dp_d0
soundalias,#wpn_rgun_fire_act_npc
soundalias,#fly_riotshield_zm_impact_zombies
soundalias,#fly_bump_phone_booth
soundalias,#vox_5_banter_take_udem_plr_14_1
soundalias,#vox_box_ballistic_plr_5_2
soundalias,#vox_box_ballistic_plr_5_3
soundalias,#vox_box_ballistic_plr_5_0
soundalias,#vox_box_ballistic_plr_5_1
soundalias,#vox_box_ballistic_plr_5_4
soundalias,#zmb_cha_ching_loud
soundalias,#vox_plr_5_outro_igc_24_0
soundalias,#hash_77675a71f617dbd1
soundalias,#vox_2_banter_unik_uric_plr_15_0
soundalias,#vox_utak_kill_headshot_plr_14_2
soundalias,#vox_utak_kill_headshot_plr_14_0
soundalias,#vox_utak_kill_headshot_plr_14_1
soundalias,#vox_blac_exert_punch_give
soundalias,#hash_7782d94dde83b7cc
soundalias,#vox_plr_7_exert_concuss
soundalias,#fly_step_metal
soundalias,#phy_impact_foliage_flesh
soundalias,#hash_7796518bf22663ff
soundalias,#wpn_generic_clip_bounce_brick
soundalias,#zmb_cha_ching
soundalias,#zmb_trap_ready
soundalias,#fly_bump_bike
soundalias,#vox_4_banter_udem_uric_plr_13_1
soundalias,#vox_plr_6_exert_death_veh_under
soundalias,#hash_77b8e93a4c577147
soundalias,#hash_77be2df5180465a2
soundalias,#zmb_step_mann_sprint_concrete
soundalias,#vox_4_banter_rich_utak_plr_16_1
soundalias,#vox_blac_exert_self_heal
soundalias,#hash_77dce2543b04e88e
soundalias,#fly_step_prone_zdog_ceramic
soundalias,#vox_boss_electric_warn_plr_7_3
soundalias,#vox_boss_electric_warn_plr_7_2
soundalias,#vox_boss_electric_warn_plr_7_1
soundalias,#vox_boss_electric_warn_plr_7_0
soundalias,#vox_boss_electric_warn_plr_7_4
soundalias,#vox_plr_5_exert_death_veh_hit
soundalias,#wpn_generic_wpn_bounce_rubber
soundalias,#fly_step_crouch_walk_zdog_wood
soundalias,#dst_wood_crate
soundalias,#wpn_smg_thompson_fire_dist_npc
soundalias,#fly_step_puddle_move_plr
soundalias,#zmb_television_on_lp
soundalias,#evt_nuke_hit
soundalias,#hash_7820bb2fb62d29fb
soundalias,#vox_revive_uric_plr_8_2
soundalias,#vox_revive_uric_plr_8_1
soundalias,#vox_revive_uric_plr_8_0
soundalias,#hash_7824b9a933e39474
soundalias,#hash_7825bc0d3ac037cc
soundalias,#hash_7825bd0d3ac0397f
soundalias,#hash_7825c00d3ac03e98
soundalias,#hash_7825c10d3ac0404b
soundalias,#hash_7825c20d3ac041fe
soundalias,#hash_7825c30d3ac043b1
soundalias,#hash_7825c40d3ac04564
soundalias,#hash_7825c50d3ac04717
soundalias,#hash_7825c60d3ac048ca
soundalias,#hash_7825c70d3ac04a7d
soundalias,#fly_step_walk_zdog_metalthin
soundalias,#vox_bop3_exert_concuss
soundalias,#vox_box_sniper_plr_16_4
soundalias,#vox_box_sniper_plr_16_0
soundalias,#vox_box_sniper_plr_16_1
soundalias,#vox_box_sniper_plr_16_2
soundalias,#vox_box_sniper_plr_16_3
soundalias,#vox_plr_8_exert_underwater_pain
soundalias,#wpn_bowie_whoosh_plr
soundalias,#fly_step_crouch_run_zdog_snow
soundalias,#vox_3_banter_niko_take_plr_8_0
soundalias,#fly_step_walk_zdog_cushion
soundalias,#hash_785c5e94f2e23b48
soundalias,#zmb_wisp_appear
soundalias,#vox_solo_game_start_take_plr_8_0
soundalias,#mus_im_11_intro
soundalias,#hash_788f7c89f5ab521f
soundalias,#phy_impact_metal_flesh
soundalias,#vox_generic_responses_negative_plr_8_2
soundalias,#vox_generic_responses_negative_plr_8_3
soundalias,#vox_generic_responses_negative_plr_8_0
soundalias,#vox_generic_responses_negative_plr_8_1
soundalias,#vox_generic_responses_negative_plr_8_6
soundalias,#vox_generic_responses_negative_plr_8_7
soundalias,#vox_generic_responses_negative_plr_8_4
soundalias,#vox_generic_responses_negative_plr_8_5
soundalias,#vox_generic_responses_negative_plr_8_8
soundalias,#vox_generic_responses_negative_plr_8_9
soundalias,#hash_789e8689103717ae
soundalias,#fly_gl_rotate
soundalias,#hash_78a2c457071d50f5
soundalias,#hash_78a2cf5f2fd959c2
soundalias,#fly_mann_limb_bounce_glass
soundalias,#vox_revive_support_take_plr_15_1
soundalias,#vox_revive_support_take_plr_15_0
soundalias,#vox_revive_support_take_plr_15_2
soundalias,#vox_plr_8_exert_gas_cough
soundalias,#vox_box_shotgun_plr_5_1
soundalias,#vox_box_shotgun_plr_5_0
soundalias,#vox_box_shotgun_plr_5_3
soundalias,#vox_box_shotgun_plr_5_2
soundalias,#phy_impact_plastic_small
soundalias,#vox_box_shotgun_plr_5_4
soundalias,#zmb_step_mann_crouch_walk_npc_cushion
soundalias,#vox_2_banter_take_unik_plr_15_1
soundalias,#vox_generator_defend_plr_15_0
soundalias,#vox_generator_defend_plr_15_1
soundalias,#vox_generator_defend_plr_15_2
soundalias,#vox_quiz_five_rush_1
soundalias,#vox_quiz_five_rush_0
soundalias,#zmb_step_mann_walk_dirt
soundalias,#wpn_generic_wpn_bounce_foliage
soundalias,#hash_78d6d0c9f88d4427
soundalias,#hash_78d895861865a5a4
soundalias,#hash_78d896861865a757
soundalias,#hash_78d898861865aabd
soundalias,#hash_78de06bf8daeb22a
soundalias,#hash_78e7381007c1b809
soundalias,#fly_step_twig_plr
soundalias,#hash_78f298ca575e5801
soundalias,#zmb_step_mann_crouch_walk_npc_concrete
soundalias,#amb_ceiling_fan
soundalias,#hash_7906f4e2b2fbc134
soundalias,#hash_7912c65473d82996
soundalias,#hash_792042aa3354236b
soundalias,#hash_792045aa33542884
soundalias,#hash_792046aa33542a37
soundalias,#hash_792047aa33542bea
soundalias,#hash_792048aa33542d9d
soundalias,#pfx_power_burst
soundalias,#hash_7926daaf052fa6b9
soundalias,#vox_rushmore_background_rush_0
soundalias,#hash_792d0d49a93ca1a3
soundalias,#hash_793348380cbd6b2b
soundalias,#vox_unik_kill_headshot_plr_5_2
soundalias,#vox_unik_kill_headshot_plr_5_0
soundalias,#vox_unik_kill_headshot_plr_5_1
soundalias,#vox_revive_self_plr_14_1
soundalias,#vox_revive_self_plr_14_0
soundalias,#vox_revive_self_plr_14_3
soundalias,#vox_revive_self_plr_14_2
soundalias,#vox_revive_self_plr_14_4
soundalias,#vox_1_banter_demp_utak_plr_16_0
soundalias,#vox_4_banter_demp_niko_plr_7_1
soundalias,#vox_utak_kill_headshot_plr_6_2
soundalias,#vox_utak_kill_headshot_plr_6_1
soundalias,#vox_utak_kill_headshot_plr_6_0
soundalias,#hash_7954f40b97475f72
soundalias,#vox_bop1_exert_death
soundalias,#vox_plr_7_exert_pain
soundalias,#zmb_step_mann_crouch_run_npc_concrete
soundalias,#zmb_vocals_quad_gas_attack
soundalias,#vox_operations_intro_plr_13_3
soundalias,#vox_operations_intro_plr_13_0
soundalias,#fly_spoon_first_raise_npc
soundalias,#wpn_ray_reload_battery_out
soundalias,#vox_kill_melee_plr_8_3
soundalias,#vox_kill_melee_plr_8_2
soundalias,#vox_kill_melee_plr_8_1
soundalias,#vox_kill_melee_plr_8_0
soundalias,#vox_kill_melee_plr_8_7
soundalias,#vox_kill_melee_plr_8_6
soundalias,#vox_kill_melee_plr_8_5
soundalias,#vox_kill_melee_plr_8_4
soundalias,#vox_kill_melee_plr_8_9
soundalias,#vox_kill_melee_plr_8_8
soundalias,#hash_79a199e095c58b9a
soundalias,#phy_floor_pool_ball
soundalias,#wpn_dg4_slam_impact
soundalias,#vox_dg5_ready_plr_5_1
soundalias,#vox_dg5_ready_plr_5_0
soundalias,#vox_dg5_ready_plr_5_3
soundalias,#vox_dg5_ready_plr_5_2
soundalias,#vox_dg5_ready_plr_5_4
soundalias,#vox_dg5_kill_mult_plr_16_3
soundalias,#vox_dg5_kill_mult_plr_16_2
soundalias,#vox_dg5_kill_mult_plr_16_1
soundalias,#vox_dg5_kill_mult_plr_16_0
soundalias,#vox_dg5_kill_mult_plr_16_4
soundalias,#vox_plr_7_exert_explo_dead
soundalias,#zmb_step_mann_crouch_run_npc_plastic
soundalias,#wpn_generic_clip_bounce_wood
soundalias,#zmb_hellhound_bolt
soundalias,#zmb_step_mann_crouch_run_npc_plaster
soundalias,#vox_box_tactical_plr_8_3
soundalias,#vox_box_tactical_plr_8_2
soundalias,#vox_box_tactical_plr_8_1
soundalias,#vox_box_tactical_plr_8_0
soundalias,#vox_box_tactical_plr_8_4
soundalias,#vox_plr_16_outro_igc_19_0
soundalias,#zmb_vocals_zombie_ambient
soundalias,#fly_bump_toolbox
soundalias,#evt_apd_loop
soundalias,#vox_roundstart_special_plr_6_4
soundalias,#vox_roundstart_special_plr_6_0
soundalias,#vox_roundstart_special_plr_6_1
soundalias,#vox_roundstart_special_plr_6_2
soundalias,#vox_roundstart_special_plr_6_3
soundalias,#vox_revive_support_udem_plr_16_2
soundalias,#vox_revive_support_udem_plr_16_0
soundalias,#vox_revive_support_udem_plr_16_1
soundalias,#fly_step_prone_zdog_grass
soundalias,#vox_box_raygun_plr_14_4
soundalias,#vox_box_raygun_plr_14_3
soundalias,#vox_box_raygun_plr_14_2
soundalias,#vox_box_raygun_plr_14_1
soundalias,#vox_box_raygun_plr_14_0
soundalias,#hash_7a1c9440f4db8515
soundalias,#hash_7a2817f94d5d24ad
soundalias,#vox_magic_box_share_plr_14_4
soundalias,#vox_magic_box_share_plr_14_0
soundalias,#vox_magic_box_share_plr_14_1
soundalias,#vox_magic_box_share_plr_14_2
soundalias,#vox_magic_box_share_plr_14_3
soundalias,#vox_boss_nuke_count_ten_ncom_0
soundalias,#vox_box_pistol_plr_8_1
soundalias,#vox_box_pistol_plr_8_0
soundalias,#vox_box_pistol_plr_8_3
soundalias,#vox_box_pistol_plr_8_2
soundalias,#vox_box_pistol_plr_8_4
soundalias,#hash_7a4df780a5ba9936
soundalias,#hash_7a4df980a5ba9c9c
soundalias,#hash_7a4dfa80a5ba9e4f
soundalias,#hash_7a4dfb80a5baa002
soundalias,#hash_7a4dfc80a5baa1b5
soundalias,#fly_step_truck_move
soundalias,#mus_mannequin_defend_loop_0
soundalias,#vox_kill_streak_plr_16_0
soundalias,#vox_kill_streak_plr_16_1
soundalias,#vox_kill_streak_plr_16_2
soundalias,#vox_kill_streak_plr_16_3
soundalias,#vox_kill_streak_plr_16_4
soundalias,#vox_kill_streak_plr_16_5
soundalias,#vox_kill_streak_plr_16_6
soundalias,#vox_kill_streak_plr_16_7
soundalias,#vox_kill_streak_plr_16_8
soundalias,#vox_kill_streak_plr_16_9
soundalias,#vox_pickup_bowie_plr_13_1
soundalias,#vox_pickup_bowie_plr_13_0
soundalias,#vox_pickup_bowie_plr_13_2
soundalias,#zmb_vocals_mann_teardown
soundalias,#hash_7aa05778ada10163
soundalias,#vox_revive_rich_plr_14_1
soundalias,#vox_revive_rich_plr_14_0
soundalias,#vox_revive_rich_plr_14_2
soundalias,#hash_7aace930793493ef
soundalias,#mus_generator_defend_loop_0
soundalias,#hash_7ac06bcae08c2d1f
soundalias,#vox_boss_intro_rush_1
soundalias,#vox_boss_intro_rush_0
soundalias,#hash_7ac5fa6568de2461
soundalias,#fly_mag_velcrp_rip
soundalias,#vox_boss_transfer_rush_2
soundalias,#vox_trap_generic_activate_plr_15_4
soundalias,#vox_trap_generic_activate_plr_15_3
soundalias,#vox_trap_generic_activate_plr_15_2
soundalias,#vox_trap_generic_activate_plr_15_1
soundalias,#vox_trap_generic_activate_plr_15_0
soundalias,#hash_7ad67735b85ceac1
soundalias,#hash_7ad67835b85cec74
soundalias,#hash_7ad67935b85cee27
soundalias,#hash_7ad67a35b85cefda
soundalias,#hash_7ad67b35b85cf18d
soundalias,#vox_bop3_exert_breath_hurt
soundalias,#vox_adam_code_pernell_plr_13_2
soundalias,#hash_7ae95cf38425ba82
soundalias,#vox_1_banter_niko_uric_plr_7_0
soundalias,#evt_ww_reveal
soundalias,#hash_7afea33c9d7db6af
soundalias,#wpn_generic_wpn_bounce_rock
soundalias,#hash_7b0c9fa06d1c668d
soundalias,#vox_path_sorrow_kill_mult_plr_7_3
soundalias,#vox_path_sorrow_kill_mult_plr_7_2
soundalias,#vox_path_sorrow_kill_mult_plr_7_1
soundalias,#vox_path_sorrow_kill_mult_plr_7_0
soundalias,#vox_path_sorrow_kill_mult_plr_7_4
soundalias,#vox_box_pistol_plr_16_4
soundalias,#vox_box_pistol_plr_16_0
soundalias,#vox_box_pistol_plr_16_1
soundalias,#vox_box_pistol_plr_16_2
soundalias,#vox_box_pistol_plr_16_3
soundalias,#vox_plr_6_exert_underwater_emerge_gasp
soundalias,#fly_step_prone_zdog_asphalt
soundalias,#vox_nomoney_generic_plr_5_0
soundalias,#vox_nomoney_generic_plr_5_1
soundalias,#vox_nomoney_generic_plr_5_2
soundalias,#vox_nomoney_generic_plr_5_3
soundalias,#vox_nomoney_generic_plr_5_4
soundalias,#hash_7b229baa7cfcf5a6
soundalias,#hash_7b229daa7cfcf90c
soundalias,#hash_7b229eaa7cfcfabf
soundalias,#hash_7b229faa7cfcfc72
soundalias,#hash_7b22a0aa7cfcfe25
soundalias,#hash_7b24bb7d56520c46
soundalias,#wpn_dg4_sheathe_npc
soundalias,#vox_boss_nuke_count_nine_ncom_0
soundalias,#vox_kill_ballistic_plr_14_3
soundalias,#vox_kill_ballistic_plr_14_2
soundalias,#vox_kill_ballistic_plr_14_1
soundalias,#vox_kill_ballistic_plr_14_0
soundalias,#vox_kill_ballistic_plr_14_4
soundalias,#fly_step_sprint_zdog_sand
soundalias,#fly_bump_tarp
soundalias,#vox_rushmore_transfusion_rush_0
soundalias,#zmb_step_mann_crouch_run_npc_brick
soundalias,#vox_kill_melee_plr_13_3
soundalias,#vox_kill_melee_plr_13_2
soundalias,#vox_kill_melee_plr_13_1
soundalias,#vox_kill_melee_plr_13_0
soundalias,#vox_kill_melee_plr_13_7
soundalias,#vox_kill_melee_plr_13_6
soundalias,#vox_kill_melee_plr_13_5
soundalias,#vox_kill_melee_plr_13_4
soundalias,#vox_kill_melee_plr_13_9
soundalias,#vox_kill_melee_plr_13_8
soundalias,#vox_generator_defend_plr_5_1
soundalias,#vox_generator_defend_plr_5_0
soundalias,#vox_generator_defend_plr_5_2
soundalias,#amb_ww_tv_static
soundalias,#hash_7b8ddcc3ac603349
soundalias,#vox_nova_react_plr_7_3
soundalias,#vox_nova_react_plr_7_2
soundalias,#vox_nova_react_plr_7_1
soundalias,#vox_nova_react_plr_7_0
soundalias,#vox_nova_react_plr_7_4
soundalias,#hash_7ba3efc9f7327ec4
soundalias,#hash_7ba6b613164a34f4
soundalias,#vox_2_banter_rich_take_plr_5_0
soundalias,#vox_2_banter_niko_uric_plr_13_1
soundalias,#hash_7bb9f96a13de9eba
soundalias,#vox_revive_support_niko_plr_8_2
soundalias,#vox_revive_support_niko_plr_8_1
soundalias,#vox_revive_support_niko_plr_8_0
soundalias,#hash_7bc20381f7011997
soundalias,#vox_kill_raygun_plr_8_1
soundalias,#vox_kill_raygun_plr_8_0
soundalias,#vox_kill_raygun_plr_8_3
soundalias,#vox_kill_raygun_plr_8_2
soundalias,#vox_kill_raygun_plr_8_4
soundalias,#fly_mann_limb_bounce_mud
soundalias,#vox_attacked_zombie_plr_13_8
soundalias,#vox_attacked_zombie_plr_13_9
soundalias,#vox_attacked_zombie_plr_13_6
soundalias,#vox_attacked_zombie_plr_13_7
soundalias,#vox_attacked_zombie_plr_13_4
soundalias,#vox_attacked_zombie_plr_13_5
soundalias,#vox_attacked_zombie_plr_13_2
soundalias,#vox_attacked_zombie_plr_13_3
soundalias,#vox_attacked_zombie_plr_13_0
soundalias,#vox_attacked_zombie_plr_13_1
soundalias,#vox_bop4_exert_rad_start
soundalias,#vox_bom4_exert_rad_start
soundalias,#fly_tommy_bolt_back
soundalias,#hash_7bf16a32a72aecd7
soundalias,#hash_7bf7434f6fe43f0c
soundalias,#vox_3_banter_demp_utak_plr_16_1
soundalias,#fly_step_truck_on
soundalias,#vox_1_banter_niko_rich_plr_5_1
soundalias,#vox_bof4_exert_rad_end
soundalias,#hash_7c5ae98a4d1178ec
soundalias,#wpn_optic_zoom_in
soundalias,#fly_mann_head_bounce_plaster
soundalias,#fly_mann_limb_bounce_paintedmetal
soundalias,#vox_unik_kill_headshot_plr_16_2
soundalias,#vox_unik_kill_headshot_plr_16_0
soundalias,#vox_unik_kill_headshot_plr_16_1
soundalias,#vox_plr_7_exert_burn_dmg
soundalias,#hash_7c7a276d99080b4a
soundalias,#wpn_dg4_shockwave_lp
soundalias,#fly_golden_spork_first_raise_npc
soundalias,#fly_mann_head_bounce_plastic
soundalias,#vox_solo_end_round2_take_plr_8_0
soundalias,#vox_blac_exert_rad_dmg
soundalias,#hash_7cac9840e63380cb
soundalias,#vox_plr_6_exert_death_fall
soundalias,#wpn_generic_clip_bounce_sand
soundalias,#wpn_katana_dash
soundalias,#evt_door_close
soundalias,#fly_bump_tarpcrate
soundalias,#fly_melee_imp_galva_npc_plastic
soundalias,#amb_tiki_torch
soundalias,#hash_7cdb54afb51e1407
soundalias,#vox_1_banter_demp_niko_plr_7_0
soundalias,#vox_5_banter_unik_uric_plr_13_0
soundalias,#hash_7d11219a263cf6b4
soundalias,#vox_3_banter_take_uric_plr_13_1
soundalias,#fly_mann_limb_bounce_fruit
soundalias,#vox_revive_support_demp_plr_15_0
soundalias,#vox_revive_support_demp_plr_15_1
soundalias,#vox_revive_support_demp_plr_15_2
soundalias,#hash_7d2efc2fd76309f0
soundalias,#hash_7d2efe2fd7630d56
soundalias,#hash_7d2eff2fd7630f09
soundalias,#zmb_vocals_hellhound_close
soundalias,#vox_box_shotgun_plr_16_4
soundalias,#vox_box_shotgun_plr_16_3
soundalias,#vox_box_shotgun_plr_16_2
soundalias,#vox_box_shotgun_plr_16_1
soundalias,#vox_box_shotgun_plr_16_0
soundalias,#wpn_generic_wpn_bounce_ice
soundalias,#vox_plr_6_exert_rad_end
soundalias,#vox_plr_5_exert_stabbed
soundalias,#hash_7d6bd78acb896042
soundalias,#hash_7d6c04dd5e1663ec
soundalias,#zmb_magicbox_leave_2d
soundalias,#wpn_generic_clip_bounce_cloth
soundalias,#hash_7da4f54a7e06208b
soundalias,#fly_step_crouch_walk_zdog_ceramic
soundalias,#hash_7db8ff002aae0958
soundalias,#vox_bop2_exert_underwater_emerge_gasp
soundalias,#hash_7dc21025e2225dea
soundalias,#pfx_spark_mannequin
soundalias,#hash_7dcd74ab32b0ffc9
soundalias,#hash_7de87ce9c480a14c
soundalias,#fly_step_crawler
soundalias,#zmb_step_mann_crouch_run_npc_sand
soundalias,#hash_7e002c0b34e54960
soundalias,#hash_7e0c088bf52fb934
soundalias,#hash_7e10e76438abae54
soundalias,#hash_7e123854b98405a4
soundalias,#amb_printer
soundalias,#vox_bop3_exert_sniper_hold
soundalias,#fly_step_walk_zdog_rubber
soundalias,#vox_bop2_exert_burn_dead
soundalias,#zmb_shed_door_close
soundalias,#vox_solo_end_round1_udem_plr_14_0
soundalias,#vox_special_round_kill_plr_6_3
soundalias,#vox_special_round_kill_plr_6_2
soundalias,#vox_special_round_kill_plr_6_1
soundalias,#vox_special_round_kill_plr_6_0
soundalias,#vox_special_round_kill_plr_6_4
soundalias,#vox_perk_generic_plr_14_1
soundalias,#vox_perk_generic_plr_14_0
soundalias,#vox_perk_generic_plr_14_3
soundalias,#vox_perk_generic_plr_14_2
soundalias,#vox_perk_generic_plr_14_5
soundalias,#vox_perk_generic_plr_14_4
soundalias,#vox_perk_generic_plr_14_7
soundalias,#vox_perk_generic_plr_14_6
soundalias,#vox_perk_generic_plr_14_9
soundalias,#vox_perk_generic_plr_14_8
soundalias,#zmb_hellhound_spirit
soundalias,#zmb_step_mann_crouch_walk_npc_bodyarmor
soundalias,#hash_7eab2f25cd2d5c0c
soundalias,#fly_mann_head_bounce_dirt
soundalias,#evt_fan_break
soundalias,#vox_plr_7_outro_igc_9_0
soundalias,#wpn_pineapple_explode_flux_l
soundalias,#wpn_pineapple_explode_flux_r
soundalias,#wpn_revolver_dryfire_plr
soundalias,#hash_7ed9d6bbddcec39a
soundalias,#vox_ammo_out_plr_14_4
soundalias,#vox_ammo_out_plr_14_2
soundalias,#vox_ammo_out_plr_14_3
soundalias,#vox_ammo_out_plr_14_0
soundalias,#vox_ammo_out_plr_14_1
soundalias,#hash_7ede7769001f3960
soundalias,#hash_7ede7869001f3b13
soundalias,#hash_7ede7a69001f3e79
soundalias,#vox_plr_7_exert_sniper_gasp
soundalias,#fly_bump_shelf
soundalias,#vox_tedd_exert_gas_cough
soundalias,#fly_step_prone_zdog_tallgrass
soundalias,#hash_7f0a968a38269141
soundalias,#hash_7f0d313fe27a43c3
soundalias,#hash_7f118ea3a4874268
soundalias,#vox_hellfire_ready_plr_13_4
soundalias,#vox_hellfire_ready_plr_13_3
soundalias,#vox_hellfire_ready_plr_13_2
soundalias,#vox_hellfire_ready_plr_13_1
soundalias,#vox_hellfire_ready_plr_13_0
soundalias,#vox_ammo_low_plr_6_1
soundalias,#vox_ammo_low_plr_6_0
soundalias,#vox_ammo_low_plr_6_3
soundalias,#vox_ammo_low_plr_6_2
soundalias,#vox_ammo_low_plr_6_4
soundalias,#vox_revive_support_take_plr_14_0
soundalias,#vox_revive_support_take_plr_14_1
soundalias,#vox_revive_support_take_plr_14_2
soundalias,#hash_7f2a614e03c72291
soundalias,#vox_1_banter_rich_take_plr_5_0
soundalias,#fly_step_sprint_zdog_metalcar
soundalias,#hash_7f3dfdce325747fd
soundalias,#fly_combat_knife_taunt
soundalias,#fly_bump_locker
soundalias,#vox_bop4_exert_rad_end
soundalias,#hash_7f5728e55db7d7d4
soundalias,#vox_blac_exert_concuss
soundalias,#vox_bop5_exert_death
soundalias,#vox_niko_surrounded_oh_shit_plr_13_0
soundalias,#vox_niko_surrounded_oh_shit_plr_13_1
soundalias,#vox_niko_surrounded_oh_shit_plr_13_2
soundalias,#vox_box_sniper_plr_15_3
soundalias,#vox_box_sniper_plr_15_2
soundalias,#vox_box_sniper_plr_15_1
soundalias,#vox_box_sniper_plr_15_0
soundalias,#vox_box_sniper_plr_15_4
soundalias,#vox_plr_8_exert_bludgeoned
soundalias,#vox_3_banter_unik_utak_plr_16_1
soundalias,#vox_hellfire_ready_plr_5_2
soundalias,#vox_hellfire_ready_plr_5_3
soundalias,#vox_hellfire_ready_plr_5_0
soundalias,#vox_hellfire_ready_plr_5_1
soundalias,#vox_hellfire_ready_plr_5_4
soundalias,#vox_bof4_exert_rad_start
soundalias,#fly_mann_limb_bounce_carpet
soundalias,#fly_step_run_zdog_watershallow
soundalias,#phy_impact_cardboard
soundalias,#fly_bump_cloth
soundalias,#zmb_vocals_zombie_buff_crawler
soundalias,#zmb_vocals_zombie_buff_death_nohead
soundalias,#hash_7fd0c2d94aed7612
soundalias,#hash_7fd1c9b8c5fd4b6d
soundalias,#hash_7fd2eb2e81212b19
soundalias,#hash_7fd2ec2e81212ccc
soundalias,#hash_7fd2ed2e81212e7f
soundalias,#hash_7fd2ee2e81213032
soundalias,#hash_7fd2ef2e812131e5
soundalias,#hash_7fe1803a50d2249c
soundalias,#hash_7ff41417f780afbd
client_fx,#zombie/fx_robot_helper_revive_player_zod_zmb
client_fx,#weapon/fx_trail_grenade
client_fx,#impacts/fx8_proj_impact_water_sm
client_fx,#zm_ai/fx8_avo_elec_aura_weakened
client_fx,#hash_26b8b17de68c16b
client_fx,#hash_2b135053e0f7140
client_fx,#zm_ai/fx8_cata_elec_aura
client_fx,#hash_2cafcfa899f12c0
client_fx,#explosions/fx8_exp_grenade_default
client_fx,#hash_312cfcc69b1c0b9
client_fx,#impacts/fx_bul_impact_heavy_head_nonfatal_exit
client_fx,#weapon/fx8_shellejects_rifle
client_fx,#impacts/fx8_bul_impact_blood_head_nonfatal
client_fx,#impacts/fx8_bul_impact_robot_limb_nonfatal
client_fx,#hash_443a4f41b97dd62
client_fx,#hash_4763d0764efa8db
client_fx,#hash_48d74d13d0c569c
client_fx,#hash_558beb0d06104af
client_fx,#weapon/fx_shellejects_minigun
client_fx,#zm_weapons/fx8_aat_elec_exp
client_fx,#zm_weapons/fx8_aat_elec_eye
client_fx,#hash_59b16f746392bb5
client_fx,#hash_5b4e0c241c75dae
client_fx,#hash_5e483d0e64c5d58
client_fx,#hash_62f074d527f46c0
client_fx,#impacts/fx8_bul_impact_default_lg
client_fx,#hash_74e56c28b177827
client_fx,#hash_763113f4d90226b
client_fx,#impacts/fx8_bul_impact_default_sm
client_fx,#fire/fx_fire_ai_human_torso_loop
client_fx,#hash_817de2c83583853
client_fx,#player/fx_plyr_jump_dust_dirt
client_fx,#zombie/fx_powerup_on_green_zmb
client_fx,#destruct/fx_dest_robot_body_sparks
client_fx,#hash_88dadfc0ec8d186
client_fx,#impacts/fx_bul_impact_pwr_armor_lg
client_fx,#hash_a4954ed961d6327
client_fx,#weapon/fx8_shellejects_pistol
client_fx,#maps/zm_white/fx8_quest_mannequin_charging
client_fx,#fire/fx_fire_ai_human_leg_right_loop
client_fx,#hash_b12af50d1a26758
client_fx,#hash_b51498f08fa938b
client_fx,#zm_ai/fx8_nova_crawler_explode
client_fx,#fire/fx_fire_ai_human_head_loop
client_fx,#zm_ai/fx8_cata_plasma_blast_tell_torso
client_fx,#weapon/fx8_hero_flamethrower_begin_3p_uw
client_fx,#hash_d2629ebd9cb2c7a
client_fx,#hash_d42f1006086e7c5
client_fx,#hash_d763bb85d068431
client_fx,#impacts/fx_bul_impact_boss_body_nonfatal_exit
client_fx,#hash_e3577c605255044
client_fx,#impacts/fx_bul_impact_boss_body_nonfatal
client_fx,#hash_ea58012779b62a6
client_fx,#hash_eb6eeb93b1998be
client_fx,#hash_ffe98ef7723c875
client_fx,#hash_1008bbbc9ba91883
client_fx,#explosions/fx8_exp_grenade_wood
client_fx,#hash_1056d49370f464b4
client_fx,#hash_108f821580c61bdc
client_fx,#hash_112d651de6c6d69e
client_fx,#hash_1143213424c72197
client_fx,#_t7/steam/fx_steam_lab_dry_ice
client_fx,#impacts/fx8_bul_impact_concrete_sm
client_fx,#impacts/fx8_bul_impact_concrete_lg
client_fx,#impacts/fx8_bul_impact_metal_sm
client_fx,#zm_weapons/fx8_raygun_world_ug_zmb
client_fx,#impacts/fx8_bul_impact_metal_lg
client_fx,#impacts/fx8_bul_impact_blood_head_nonfatal_exit
client_fx,#hash_12c020a9aaebd971
client_fx,#zm_ai/fx8_cata_cor_aura_locked
client_fx,#hash_133032a87e60f5e4
client_fx,#hash_137c5ba31b8e6395
client_fx,#hash_1434955656432bd4
client_fx,#weapon/fx8_muz_ar_dmg_1p
client_fx,#weapon/fx8_muz_ar_dmg_3p
client_fx,#zm_ai/fx8_cata_elec_blast
client_fx,#maps/zm_white/fx8_toxic_gas_lg
client_fx,#zombie/fx_powerup_grab_green_zmb
client_fx,#zm_ai/fx8_avo_elec_projectile
client_fx,#hash_154c2663026efcbb
client_fx,#zm_ai/fx8_dog_elec_tail_glow
client_fx,#hash_172532aa2914fe12
client_fx,#maps/zm_white/fx8_power_wisp_lg
client_fx,#hash_175dde33dcb60f21
client_fx,#hash_178d9e4ac566deb5
client_fx,#impacts/fx8_bul_impact_gravel_lg
client_fx,#impacts/fx8_bul_impact_gravel_sm
client_fx,#impacts/fx8_bul_impact_blood_limb_zm
client_fx,#tools/fx_null
client_fx,#fire/fx_fire_ai_human_hip_right_loop
client_fx,#hash_19301646fb93e04c
client_fx,#zombie/fx_tesla_shock_zmb
client_fx,#hash_19853317668e7ce8
client_fx,#hash_198c2d7e5790e4f1
client_fx,#hash_1993197e5796e1a3
client_fx,#impacts/fx8_bul_impact_robot_head_fatal_exit
client_fx,#zm_weapons/fx8_raygun_impact_zmb
client_fx,#hash_1a06427eff8dfe13
client_fx,#impacts/fx8_bul_impact_robot_body_fatal
client_fx,#hash_1a6b5072e162ccd4
client_fx,#hash_1a851c536e1fa878
client_fx,#zm_weapons/fx8_raygun2_ug_view
client_fx,#zm_ai/fx8_nova_crawler_gas_release
client_fx,#impacts/fx_bul_impact_boss_body_fatal
client_fx,#_t6/misc/fx_zombie_bloodspurt
client_fx,#hash_1b41a5e8ae3f4112
client_fx,#hash_1bb2804cee53800d
client_fx,#impacts/fx_bul_impact_heavy_head_fatal
client_fx,#hash_1bdd0dedebd76ddb
client_fx,#hash_1bfd30db8a1d22d8
client_fx,#hash_1bfd31db8a1d248b
client_fx,#hash_1bfd32db8a1d263e
client_fx,#hash_1c9cce56f037fd13
client_fx,#blood/fx8_blood_cam_gib_spray_zm
client_fx,#impacts/fx8_bul_impact_dirt_sm
client_fx,#impacts/fx_bul_impact_armor_head_nonfatal
client_fx,#impacts/fx8_bul_impact_dirt_lg
client_fx,#hash_1dfe7a2552890ddb
client_fx,#zm_weapons/fx8_raygun_geotrail_ug_zmb
client_fx,#impacts/fx_bul_impact_heavy_head_fatal_exit
client_fx,#hash_1e8cb303d3103833
client_fx,#hash_1ea133523dd8ae2d
client_fx,#zombie/fx_blood_torso_explo_zmb
client_fx,#impacts/fx_bul_impact_armor_head_fatal
client_fx,#hash_1f66229beff9787f
client_fx,#hash_1f7c9b39945dce24
client_fx,#hash_1f7c9c39945dcfd7
client_fx,#player/fx_plyr_land_dust_xlg
client_fx,#hash_1fde9b54abe32168
client_fx,#hash_1fe7b0ba967e52f6
client_fx,#hash_200de2be21c77806
client_fx,#hash_201378189651055d
client_fx,#hash_205d49f043463dd2
client_fx,#hash_206ff3cdaa6dbb81
client_fx,#zm_weapons/fx8_raygun2_ug_impact_flesh
client_fx,#hash_212a4a61f9e7ab9e
client_fx,#weapon/fx_hero_arm_blade_death_sparks
client_fx,#impacts/fx_bul_impact_blood_body_fatal
client_fx,#hash_22422ba79bd4eaaa
client_fx,#hash_22bdc8201af7b841
client_fx,#zombie/fx_tesla_shock_eyes_zmb
client_fx,#hash_23c866d50fb30876
client_fx,#maps/zm_white/fx8_robot_mannequin_head_sparks_burst
client_fx,#_t6/trail/fx_trail_blood_streak
client_fx,#hash_247c28b43c001b30
client_fx,#impacts/fx8_bul_impact_robot_body_nonfatal_exit
client_fx,#impacts/fx8_bul_impact_blood_limb_fatal_exit
client_fx,#zm_weapons/fx8_raygun2_view
client_fx,#zm_ai/fx8_nova_crawler_mq_explode
client_fx,#hash_24fb9f1cba33a365
client_fx,#hash_251307aa9b1c5042
client_fx,#hash_251b3417b0b3f2c8
client_fx,#fire/fx_fire_ai_human_arm_right_loop
client_fx,#impacts/fx_bul_impact_armor_body_fatal
client_fx,#impacts/fx_bul_impact_boss_head_nonfatal_exit
client_fx,#hash_26ac45625e745ea8
client_fx,#zm_ai/fx8_cata_water_aura
client_fx,#hash_2707d0694a69d6f8
client_fx,#hash_2714b949033af35d
client_fx,#impacts/fx8_bul_impact_metal_xsm
client_fx,#hash_28908b7bf0b56107
client_fx,#maps/zm_office/fx8_teleporter_ready
client_fx,#hash_28c629868adf79d6
client_fx,#hash_28fc28160d26395e
client_fx,#impacts/fx8_bul_impact_robot_body_nonfatal
client_fx,#hash_296775a6f8c86e10
client_fx,#hash_296e81a6f8cea122
client_fx,#impacts/fx_bul_impact_boss_head_nonfatal
client_fx,#hash_29ac72c5aa5398bc
client_fx,#hash_2a09c05622f43005
client_fx,#hash_2a3b8c34c3324630
client_fx,#explosions/fx8_exp_grenade_snow
client_fx,#hash_2b3a857498481375
client_fx,#zm_weapons/fx8_raygun2_ug_world
client_fx,#fire/fx_fire_ai_human_leg_left_loop
client_fx,#maps/zm_white/fx8_toxic_gas_venting_lg
client_fx,#impacts/fx8_bul_impact_robot_limb_fatal_exit
client_fx,#hash_2e23845e7c53a372
client_fx,#hash_2e23855e7c53a525
client_fx,#hash_2e27dbff115bc358
client_fx,#hash_2eb3d046c9e26e47
client_fx,#hash_2ec73246ddf52378
client_fx,#zm_weapons/fx8_flamethrower_tornado
client_fx,#impacts/fx_bul_impact_heavy_body_nonfatal_exit
client_fx,#hash_2f7533f7f5b59f7c
client_fx,#hash_30e4475ecc854c5d
client_fx,#hash_311a865a91014b22
client_fx,#zm_weapons/fx8_flamethrower_wind_blast
client_fx,#hash_31d142c6e5adc4c7
client_fx,#zm_ai/fx8_cata_water_purify
client_fx,#explosions/fx8_exp_grenade_glass
client_fx,#zm_weapons/fx8_raygun_world_zmb
client_fx,#impacts/fx8_bul_impact_blood_body_fatal_exit
client_fx,#hash_34131f34b0b6ba88
client_fx,#impacts/fx_bul_impact_heavy_body_nonfatal
client_fx,#maps/zm_office/fx8_teleporter_destination
client_fx,#hash_34fb31ef6c57f845
client_fx,#hash_3535b98abef63c04
client_fx,#hash_3535ba8abef63db7
client_fx,#hash_3535bb8abef63f6a
client_fx,#zm_ai/fx8_nova_crawler_gas_cloud_lg
client_fx,#impacts/fx8_bul_impact_thin_metal_sm
client_fx,#maps/zm_escape/fx8_spinning_trap_blood
client_fx,#impacts/fx8_bul_impact_thin_metal_lg
client_fx,#hash_35e2193ab697e2f1
client_fx,#hash_35e8a88a4a4563b4
client_fx,#weapon/fx_shellejects_pistol
client_fx,#hash_373e83fd0e778d5d
client_fx,#impacts/fx_bul_impact_snow_sm
client_fx,#destruct/fx_dest_robot_head_sparks
client_fx,#hash_39f792e9b01a7b72
client_fx,#hash_39fbf4ea1af51945
client_fx,#hash_3a3fc955623adaa0
client_fx,#hash_3a5776a6c23c9563
client_fx,#hash_3a8f6fe1917d7180
client_fx,#hash_3a996a47ebc43ae6
client_fx,#explosions/fx8_exp_grenade_water_surface_deep
client_fx,#impacts/fx8_bul_impact_blood_head_fatal
client_fx,#zm_ai/fx8_nova_crawler_zombie_buff
client_fx,#hash_3c501ea0c64b9112
client_fx,#hash_3c8de4d7e67d297c
client_fx,#hash_3c9948ab313a6483
client_fx,#zombie/fx_idgun_vortex_explo_zod_zmb
client_fx,#hash_3d01df5e364105b0
client_fx,#hash_3d4d6663770c0e14
client_fx,#hash_3da4857b4b1553dc
client_fx,#hash_3de16b7e3bd7e5ce
client_fx,#hash_3e35a1dc73a44e55
client_fx,#hash_3e3caddc73aa8167
client_fx,#impacts/fx8_bul_impact_blood_limb_nonfatal_exit
client_fx,#zm_weapons/fx8_aat_opposite_exp
client_fx,#impacts/fx_bul_impact_armor_body_fatal_exit
client_fx,#zm_ai/fx8_dog_elec_eye_glow
client_fx,#zm_ai/fx8_nova_crawler_gas_projectile
client_fx,#hash_40278bdd6f1bccd4
client_fx,#weapon/fx8_hero_flamethrower_begin_1p_uw
client_fx,#impacts/fx_bul_impact_armor_head_fatal_exit
client_fx,#hash_415b461b7420c6d2
client_fx,#hash_4235c8a93c8feae2
client_fx,#hash_424786ecbc7f5672
client_fx,#zm_ai/fx8_nova_crawler_mq_projectile_impact
client_fx,#hash_4310e1cb3f897c7c
client_fx,#hash_43160181273732c9
client_fx,#hash_432cd0cd340f2644
client_fx,#impacts/fx8_bul_impact_blood_body_fatal
client_fx,#hash_434ed0cd342c0caa
client_fx,#maps/zm_white/fx8_quest_mannequin_initial_sparks
client_fx,#hash_4592dd6248ca5a34
client_fx,#impacts/fx_bul_impact_armor_body_nonfatal
client_fx,#hash_4662965d7d3b5090
client_fx,#impacts/fx_bul_impact_heavy_body_fatal_exit
client_fx,#hash_4860741425dc1daa
client_fx,#zombie/fx_idgun_vortex_ug_zod_zmb
client_fx,#hash_48ee522bfc704d6e
client_fx,#hash_4973de04558acdb1
client_fx,#hash_4ad8388ae3a5e0f7
client_fx,#hash_4b01a67ca7670458
client_fx,#hash_4b0f5fb2f910fe94
client_fx,#hash_4b4aee8e54600f6e
client_fx,#explosions/fx8_exp_grenade_concrete
client_fx,#maps/zm_white/fx8_lgt_pap_console_red
client_fx,#hash_4b9c72e8053cbd1e
client_fx,#hash_4bfca9124b4b177e
client_fx,#impacts/fx8_bul_impact_blood_head_fatal_exit
client_fx,#hash_4c24e997afad36e0
client_fx,#hash_4c6db7c911290f94
client_fx,#impacts/fx_bul_impact_boss_head_fatal
client_fx,#impacts/fx_bul_impact_robot_body_nonfatal
client_fx,#zm_ai/fx8_avo_elec_aura_main
client_fx,#impacts/fx_bul_impact_heavy_head_nonfatal
client_fx,#hash_4d8940d92269efe3
client_fx,#hash_4d9c44530d151ef4
client_fx,#hash_4dcde9a03b654a7d
client_fx,#hash_4dfe5bc7d0d3b538
client_fx,#hash_4e34ae0504eb4cb6
client_fx,#hash_4e3dc7da8f681079
client_fx,#hash_4e40eada8f6a81c9
client_fx,#hash_4e55cdda8f7cac8c
client_fx,#hash_4e7dd6f6f41ead5f
client_fx,#impacts/fx_bul_impact_body_armor_lg
client_fx,#hash_4f1fd4a87c6562ec
client_fx,#impacts/fx_flesh_hit_knife_zmb
client_fx,#zm_weapons/fx8_raygun2_ug_bolt_emit
client_fx,#zm_ai/fx8_blightfather_vomit_object
client_fx,#hash_50060cdb19653936
client_fx,#hash_505391476800a162
client_fx,#hash_50599e96f376b4fa
client_fx,#hash_50655ac7dc942305
client_fx,#hash_5088b0c20d6a9452
client_fx,#impacts/fx8_bul_impact_blood_limb_nonfatal
client_fx,#impacts/fx_bul_impact_armor_body_nonfatal_exit
client_fx,#hash_51c50bab95b10eb4
client_fx,#hash_51cca4aa04103b43
client_fx,#hash_521b429a109daa06
client_fx,#impacts/fx8_bul_impact_blood_body_nonfatal_exit
client_fx,#zm_ai/fx8_zombie_eye_glow_red_trail
client_fx,#hash_52c22f3d0a38c679
client_fx,#zm_weapons/fx8_flamethrower_wind_blast_3p
client_fx,#player/fx_plyr_footstep_dust_dirt
client_fx,#hash_532e319b69427908
client_fx,#hash_53953c55bab35a43
client_fx,#impacts/fx8_bul_impact_robot_limb_fatal
client_fx,#hash_53e10878cd6a6eef
client_fx,#zm_weapons/fx8_raygun2_world
client_fx,#impacts/fx8_bul_impact_blood_limb_fatal
client_fx,#_t6/misc/fx_zombie_bloodsplat
client_fx,#impacts/fx8_bul_impact_blood_body_nonfatal_zm
client_fx,#impacts/fx8_knife_impact_bone
client_fx,#hash_55efa71212ad7d38
client_fx,#zm_ai/fx8_nova_crawler_elec_teleport_appear
client_fx,#explosions/fx8_exp_grenade_sand
client_fx,#hash_56bc7cb424f56060
client_fx,#hash_56d686428c6fbe1e
client_fx,#weapon/fx8_hero_flamethrower_tip_3p
client_fx,#weapon/fx8_hero_flamethrower_tip_1p
client_fx,#hash_57034716c105e41e
client_fx,#zm_weapons/fx8_raygun2_ug_impact
client_fx,#impacts/fx_bul_impact_heavy_body_fatal
client_fx,#hash_57fbb0201cb2c065
client_fx,#weapon/fx_muz_sm_pistol_3p
client_fx,#weapon/fx_muz_sm_pistol_1p
client_fx,#hash_58c25eabf156f81c
client_fx,#hash_58c3f4e29e8a3e5f
client_fx,#hash_58c964b815e4f69e
client_fx,#hash_58c96eb815e5079c
client_fx,#zm_ai/fx8_nova_crawler_elec_projectile
client_fx,#hash_59422cff58693587
client_fx,#hash_5959ee9eff7b2eac
client_fx,#hash_59977c4c851916e0
client_fx,#hash_5a0d3d80e5fadfe8
client_fx,#hash_5a9fa59a025cd89f
client_fx,#explosions/fx8_exp_grenade_mud
client_fx,#impacts/fx8_bul_impact_mud_lg
client_fx,#impacts/fx8_bul_impact_mud_sm
client_fx,#hash_5b9391c35d70815e
client_fx,#hash_5c1d405afbb88ee2
client_fx,#hash_5c34950b50177c19
client_fx,#hash_5c3f19c86e73864c
client_fx,#hash_5c4625c86e79b95e
client_fx,#zm_weapons/fx8_flamethrower_tornado_muz
client_fx,#hash_5ce9f224ee5c9c63
client_fx,#weapon/fx8_hero_flamethrower_end_3p
client_fx,#impacts/fx8_bul_impact_water_sm
client_fx,#hash_5dc98de3d0339855
client_fx,#hash_5de4a57cb2a33be7
client_fx,#impacts/fx8_bul_impact_water_lg
client_fx,#impacts/fx_bul_impact_armor_head_nonfatal_exit
client_fx,#hash_5fdb13b4843bc710
client_fx,#weapon/fx8_trail_grenade
client_fx,#hash_602f075818a2fb2e
client_fx,#impacts/fx8_bul_impact_robot_head_nonfatal_exit
client_fx,#_t6/impacts/fx_flesh_hit
client_fx,#hash_61b9b9ada5bb46b1
client_fx,#weapon/fx8_muz_sm_pistol_3p
client_fx,#weapon/fx8_muz_sm_pistol_1p
client_fx,#player/fx_plyr_jump_dust
client_fx,#fire/fx_fire_ai_human_hip_left_loop
client_fx,#hash_62cd02e76c0d3da0
client_fx,#impacts/fx8_bul_impact_glass_sm
client_fx,#hash_62d58a4d86948967
client_fx,#impacts/fx8_bul_impact_glass_lg
client_fx,#impacts/fx8_bul_impact_snow_lg
client_fx,#impacts/fx8_bul_impact_snow_sm
client_fx,#zm_ai/fx8_nova_crawler_mq_projectile
client_fx,#zm_ai/fx8_nova_crawler_elec_projectile_impact
client_fx,#impacts/fx8_bul_impact_blood_body_nonfatal
client_fx,#zm_ai/fx8_nova_crawler_elec_explode
client_fx,#zm_weapons/fx8_raygun_geotrail_zmb
client_fx,#zm_ai/fx8_dog_elec_torso_glow
client_fx,#zm_ai/fx8_dog_elec_head_glow
client_fx,#hash_64926fc53b8a66e6
client_fx,#impacts/fx_bul_impact_boss_body_fatal_exit
client_fx,#zm_weapons/fx8_raygun2_impact
client_fx,#maps/zm_white/fx8_quest_mannequin_explode_main
client_fx,#hash_657f265d329326a7
client_fx,#impacts/fx8_bul_impact_wood_sm
client_fx,#impacts/fx8_bul_impact_wood_lg
client_fx,#hash_65e952dd71f12095
client_fx,#hash_663ffaff4cb77cd5
client_fx,#zm_ai/fx8_dog_elec_death_exp
client_fx,#hash_67f59250cb33cc07
client_fx,#zm_ai/fx8_cata_cor_aura
client_fx,#hash_6910f1de979f539f
client_fx,#maps/zm_white/fx8_power_wisp
client_fx,#impacts/fx8_bul_impact_blood_corpse_nonfatal
client_fx,#impacts/fx_bul_impact_blood_head_fatal
client_fx,#hash_69af1783a31b44f7
client_fx,#hash_6a84f61b7271e098
client_fx,#zm_weapons/fx8_raygun_impact_ug_zmb
client_fx,#explosions/fx8_exp_grenade_dirt
client_fx,#hash_6b459e4a646f7bae
client_fx,#hash_6b577cb8373ca5b7
client_fx,#hash_6b79a8fd6c76e84c
client_fx,#zm_weapons/fx8_raygun_view_ug_zmb
client_fx,#weapon/fx8_hero_flamethrower_begin_3p
client_fx,#weapon/fx8_hero_flamethrower_begin_1p
client_fx,#hash_6c9cae16e1810cf2
client_fx,#hash_6d07b466bf8f6ecd
client_fx,#hash_6d1df188763b8ed2
client_fx,#hash_6d51d7c934576ac8
client_fx,#hash_6d6619bf0a8a8c20
client_fx,#weapon/fx8_muz_ar_acc_3p
client_fx,#weapon/fx8_muz_ar_acc_1p
client_fx,#hash_6e05ede771d9fb16
client_fx,#impacts/fx8_knife_impact_blood
client_fx,#hash_6e486947534fa228
client_fx,#hash_6e486a47534fa3db
client_fx,#zm_ai/fx8_dog_elec_belly_glow
client_fx,#hash_6ecef2377e01d48d
client_fx,#player/fx_plyr_land_dust_dirt_xlg
client_fx,#zm_weapons/fx8_raygun_view_zmb
client_fx,#impacts/fx8_bul_impact_robot_head_nonfatal
client_fx,#hash_709cca7d0048aa72
client_fx,#impacts/fx8_bul_impact_sand_lg
client_fx,#hash_70f0169b86a98ce1
client_fx,#impacts/fx8_bul_impact_sand_sm
client_fx,#hash_71750fc23a05acdb
client_fx,#hash_71e5e40c76a09b21
client_fx,#hash_72089b30d2222144
client_fx,#hash_72434c8ee049e010
client_fx,#zm_ai/fx8_cata_plasma_blast_tell_head
client_fx,#hash_7282363a66bd14e2
client_fx,#impacts/fx8_bul_impact_robot_limb_nonfatal_exit
client_fx,#impacts/fx8_bul_impact_blood_body_fatal_zm
client_fx,#zm_weapons/fx8_aat_elec_torso
client_fx,#fire/fx_fire_ai_human_arm_left_loop
client_fx,#impacts/fx_bul_impact_boss_head_fatal_exit
client_fx,#hash_73bf7604340dd645
client_fx,#player/fx_plyr_footstep_dust
client_fx,#maps/zm_white/fx8_lgt_pap_console_green
client_fx,#hash_745cd788c761f4ca
client_fx,#zombie/fx_idgun_vortex_zod_zmb
client_fx,#zombie/fx_idgun_vortex_explo_ug_zod_zmb
client_fx,#hash_74ea4245b0e1646d
client_fx,#hash_74f12e45b0e7611f
client_fx,#maps/zm_white/fx8_insanity_wisp
client_fx,#hash_751b9a4bf53bfb69
client_fx,#hash_758eeb6bda18f834
client_fx,#hash_7617d177b746e9bd
client_fx,#hash_7665ecbd288a84d7
client_fx,#maps/zm_office/fx8_teleporter_cooldown
client_fx,#hash_77964e1811bb9a67
client_fx,#hash_779eebf7aed3f4c0
client_fx,#explosions/fx8_exp_grenade_metal
client_fx,#zombie/fx_val_chest_burst
client_fx,#hash_7aa749f5bbcbbed8
client_fx,#hash_7ab3f7caf7bc6d91
client_fx,#zm_ai/fx8_cata_plasma_blast
client_fx,#hash_7af6b9564f0fbeca
client_fx,#explosions/fx8_exp_grenade_water
client_fx,#hash_7b951deec27b35c1
client_fx,#hash_7ba4c51d3e9f68e8
client_fx,#hash_7bd6bc3aea3ff42f
client_fx,#zm_weapons/fx8_raygun2_impact_flesh
client_fx,#impacts/fx8_bul_impact_robot_body_fatal_exit
client_fx,#hash_7cb4e6e4ffb7bc9c
client_fx,#weapon/fx8_hero_flamethrower_blocked
client_fx,#hash_7d5dc4d5626c1c97
client_fx,#hash_7d69ee9822b45157
client_fx,#zm_ai/fx8_nova_crawler_gas_projectile_impact
client_fx,#zombie/fx_fire_torso_purple_os_doa
client_fx,#hash_7df2dbfda69b0792
client_fx,#hash_7e81552f8ec00831
client_fx,#maps/zm_white/fx8_monkey_bomb_reveal
client_fx,#impacts/fx_bul_impact_robot_head_nonfatal
client_fx,#impacts/fx8_bul_impact_robot_head_fatal
client_fx,#maps/zm_towers/fx8_special_round_green_gas_md
client_fx,#hash_7fa2a7f9542d7774
client_fx,#hash_7fcc925775fa9101
client_tagfxset,#weapon_katana_smoke_3p
client_tagfxset,#weapon_katana_zmb_smoke_3p
client_lui_elem_uid,#full_screen_movie