type,name
vehicle,#misc_camera
model,#wpn_t8_zm_broadside_cannon_mag_world
model,#c_t8_zmb_2ndclass_female_body3_g_blegsoff
model,#c_t8_zmb_3rdclass_male_body4_split_skin3
model,#c_t8_zmb_3rdclass_male_body4_split_skin2
model,#c_t8_zmb_2ndclass_female_body1_g_lowclean
model,#p8_kit_zod_fir_01_door_22_left_painted_wood_01_grunge
model,#p8_zm_zod_door_watertight_deck
model,#p8_food_vegetable_carrot_cap_crate
model,#p8_zm_zod_safe_iron_door
model,#c_zom_der_zombie_body2_g_rarmoff
model,#p8_fxanim_zm_zod_boss_prom_icicles_02_mod
model,#c_t8_zmb_3rdclass_female_body3_g_lowclean
model,#c_t8_zmb_dlc0_zombie_female_body1_g_rlegoff
model,#p8_zm_zod_planets_venus_large
model,#hash_2462513105e847b
model,#p7_wood_plank_rustic01_2x16x48
model,#c_t8_zmb_3rdclass_male_hat1
model,#p8_food_fruit_kiwi
model,#p8_food_fruit_orange
model,#p7_zm_sta_newspaper_folded_stack
model,#p8_zm_zod_engine_pistons_crank_large
model,#p8_fxanim_zm_zod_boss_state_lft_hall_smod
model,#c_t8_zmb_hero_diego_head1_igc
model,#c_t8_zmb_1stclass_male_body3_g_rlegoff
model,#hash_487f4e7f1391bd2
model,#p8_zm_zod_box_latch_wood_sml
model,#hash_4e381a2d8dbbfcb
model,#c_t8_zmb_2ndclass_female_body3_g_lowclean
model,#p8_zm_zod_rigging_pullie_handle_03
model,#p8_zm_wall_buy_ar_stealth
model,#p8_zm_wall_buy_smg_mp9
model,#p8_fxanim_zm_zod_iceberg_forecastle_damage_ice_chunks_mod
model,#hash_576eef2e67f03dd
model,#c_t8_zmb_1stclass_female_head2
model,#c_t8_zmb_1stclass_female_head1
model,#hash_5940cf930e636fa
model,#hash_597bdc83a7c9e8c
model,#p8_fxanim_zm_zod_chaos_zombie_02_mod
model,#c_t8_zmb_3rdclass_male_body1_g_rlegoff
model,#wpn_t7_zmb_dlc2_shield_dmg02_world
model,#p8_zm_zod_lifeboat_equipment_rope_pile
model,#c_t8_zmb_1stclass_female_body1_g_behead
model,#p8_fxanim_zm_zod_sent_trail2_skylight_mod
model,#hash_6383626239fe2d8
model,#hash_6383defceb0f114
model,#c_t8_zmb_hero_stanton_head1_igc
model,#c_t8_zmb_2ndclass_female_hat2_skin2
model,#p8_zm_zod_hairbrush_vanity_closed
model,#c_t8_zmb_3rdclass_female_body1_g_rlegoff
model,#p8_zm_kraken_chest_cap
model,#hash_6db3dde314ca084
model,#c_t8_zmb_1stclass_female_body1_g_larmoff_skin3
model,#c_t8_zmb_1stclass_female_body1_g_larmoff_skin2
model,#c_t8_zmb_1stclass_female_body1_g_larmoff_skin6
model,#c_t8_zmb_1stclass_female_body1_g_larmoff_skin5
model,#c_t8_zmb_1stclass_female_body1_g_larmoff_skin4
model,#c_t8_zmb_dlc0_zombie_male_body1_g_blegsoff_skin3
model,#c_t8_zmb_dlc0_zombie_male_body1_g_blegsoff_skin2
model,#p7_chair_folding_wood_folded
model,#c_t8_zmb_2ndclass_female_body2_g_upclean
model,#hash_772bbdf65f4d44d
model,#p8_fxanim_zm_zod_boss_prom_icicles_01_mod
model,#p8_fxp_blightfather_tongue_tendril
model,#collision_player_wall_128x128x10
model,#p8_fxanim_zm_zod_iceberg_poop_deck_cranes_02_mod
model,#fx_char_gib_chunk_meat01
model,#fx_char_gib_chunk_meat03
model,#fx_char_gib_chunk_meat02
model,#p8_zm_zod_coal_cluster_single_warm
model,#p8_zm_wall_buy_smg_handling
model,#c_t8_zmb_1stclass_female_body1_g_lowclean_skin3
model,#c_t8_zmb_1stclass_female_body1_g_lowclean_skin2
model,#c_t8_zmb_1stclass_female_body1_g_lowclean_skin6
model,#c_t8_zmb_1stclass_female_body1_g_lowclean_skin5
model,#c_t8_zmb_1stclass_female_body1_g_lowclean_skin4
model,#c_t8_zmb_3rdclass_female_body1_g_rarmoff
model,#p8_fxanim_zm_zod_chaos_zombie_04_mod
model,#hash_8fc26fe2f1f5739
model,#p8_zm_chaos_ball_01
model,#c_t8_zmb_crew_head4_outro_igc
model,#p7_shr_weapon_bow_02
model,#p7_shr_suit_armor_helmet_horn
model,#p8_kit_zod_sta_05_door_28_left_painted_wood_01
model,#hash_9af0ce07aab606c
model,#c_t8_zmb_dlc0_zombie_female_body1_g_upclean_skin2
model,#veh_t8_zmb_1912_coupe_dest_attach
model,#p8_fxanim_zm_zod_sent_trail1_boat_mod
model,#c_t8_zmb_dlc0_zombie_female_body1
model,#c_t8_zmb_2ndclass_female_body1_g_rarmoff
model,#p7_dinnerware_01_knife
model,#hash_ac27a136b8eed80
model,#p8_zm_zod_lifeboat_steering_crutch
model,#hash_b292e73cb7c8b71
model,#p8_zm_zod_sea_walkers_beard
model,#p8_fxanim_zm_zod_table_icechunk_mod
model,#c_t8_zmb_3rdclass_female_body1_g_behead
model,#c_t8_zmb_dlc0_zombie_male_body1_g_rarmoff
model,#c_t8_zmb_catalyst_fire_body
model,#c_t8_zmb_3rdclass_male_body3_s_lleg
model,#p8_fxp_fluid_tendril_2_water
model,#c_t8_zmb_catalyst_water_body
model,#p7_fxp_debris_metal_scrap_01
model,#p7_fxp_debris_metal_scrap_02
model,#p7_zm_der_magic_box_fake
model,#c_t8_zmb_blightfather_head1
model,#c_t8_zmb_blightfather_tongue2
model,#c_t8_zmb_1stclass_female_body1_split_skin2
model,#c_t8_zmb_1stclass_female_body1_split_skin3
model,#c_t8_zmb_1stclass_female_body1_split_skin4
model,#c_t8_zmb_1stclass_female_body1_split_skin5
model,#c_t8_zmb_1stclass_female_body1_split_skin6
model,#hash_d0ddfc79bdd9154
model,#hash_d341b05631e9729
model,#wpn_t8_zm_broadside_cannon_prop_animate
model,#wpn_t8_zm_broadside_cannon_mag_view
model,#p8_fxanim_zm_zod_crate_wood_01_wet_burnt_sml
model,#hash_d630b4dab4824d6
model,#p8_crate_wood_01_open_lid
model,#c_t8_zmb_crew_sailor_body2_g_larmoff
model,#c_t8_zmb_dlc0_zombie_female_body1_g_larmoff
model,#p8_fxp_fluid_splash_mud
model,#p7_kitchen_knives_set_cleaver
model,#p8_zm_zod_pap_plinth_sequence_earth
model,#p8_zm_zod_coal_cluster_single_hot
model,#p7_wes_bank_books_leather_big_blue
model,#c_t8_zmb_2ndclass_female_body2_g_lowclean
model,#c_t8_zmb_1stclass_male_body3_split
model,#hash_e19552c6e4af3fb
model,#p8_zm_zod_rigging_hook
model,#p8_zm_zod_sea_walkers_crown
model,#p8_fxanim_zm_zod_iceberg_poop_deck_cranes_01_mod
model,#p8_zm_zod_coal_cluster_single_cool
model,#p8_zm_kraken_chest_open
model,#c_t8_zmb_crew_sailor_body1_g_lowclean
model,#wpn_t7_zmb_zod_rocket_shield_tank_parts
model,#c_t8_zmb_dlc0_zombie_female_body1_g_rarmoff
model,#hash_f615722a41875a1
model,#p8_kit_zod_din_05_door_42_left_stained_wood_01
model,#p8_kit_zod_din_05_door_42_left_stained_wood_02
model,#p7_zm_ctl_book_vintage_01
model,#p7_zm_ctl_book_vintage_02
model,#p7_zm_ctl_book_vintage_03
model,#p7_zm_ctl_book_vintage_04
model,#p7_zm_ctl_book_vintage_06
model,#p8_zm_zod_lifeboat_sign
model,#p8_food_meat_beef_side_01
model,#p8_zm_zod_water_pump
model,#p8_zm_zod_door_watertight_deck_orange
model,#fx_rifle_shell
model,#p7_zm_teddybear
model,#p8_food_fruit_mango
model,#p8_fxanim_zm_zod_wormhole_mod
model,#c_t8_zmb_3rdclass_female_body1_g_blegsoff
model,#p8_fxanim_zm_zod_sent_trail3_grate_mod
model,#c_t8_zmb_catalyst_decay_body_noreveal
model,#hash_10d96c6e67b7604d
model,#c_t8_zmb_1stclass_male_body2_g_rlegoff
model,#hash_110fbde65bb96b68
model,#p8_decal_graphics_number_0_charlamagne
model,#hash_11143d97a033da60
model,#hash_11143e97a033dc13
model,#hash_11143f97a033ddc6
model,#hash_11144097a033df79
model,#hash_11144297a033e2df
model,#hash_11144397a033e492
model,#hash_11144497a033e645
model,#hash_11144597a033e7f8
model,#hash_11144697a033e9ab
model,#hash_11144797a033eb5e
model,#hash_11144897a033ed11
model,#hash_11144997a033eec4
model,#hash_11144a97a033f077
model,#hash_11144b97a033f22a
model,#hash_11144c97a033f3dd
model,#hash_11144d97a033f590
model,#hash_11145197a033fc5c
model,#hash_11145297a033fe0f
model,#hash_11145397a033ffc2
model,#hash_11145497a0340175
model,#c_t8_zmb_1stclass_female_body1_g_rlegoff
model,#p7_crate_wood_03_short_lid_dark_wet
model,#p8_food_vegetable_carrot
model,#c_t8_zmb_1stclass_male_body1_g_larmoff_skin2
model,#c_t8_zmb_1stclass_male_body1_g_larmoff_skin3
model,#c_t8_zmb_1stclass_male_body1_g_larmoff_skin4
model,#c_t8_zmb_3rdclass_female_body3_split
model,#p8_zm_zod_cipher_painting_decal
model,#c_t8_zmb_3rdclass_male_body2_g_larmoff
model,#c_t8_zmb_2ndclass_female_body1_g_rlegoff
model,#p8_fxanim_zm_zod_pneumatic_tube_flare_mod
model,#p8_food_vegetable_corn
model,#p8_fxanim_zm_pap_mod
model,#hash_12eedcc89df28c41
model,#p8_zm_zod_ice_chunk_med_01
model,#p8_zm_zod_grand_staircase_skylight_glass_01_dmg
model,#p8_fxanim_zm_zod_smokestack_wire_snap_mod
model,#p8_zm_zod_toy_horse
model,#c_t8_zmb_3rdclass_male_body4_skin2
model,#c_t8_zmb_3rdclass_male_body4_skin3
model,#c_t8_zmb_catalyst_fire_lfoot_gib
model,#c_t8_zmb_dlc0_zombie_male_body1_g_rlegoff
model,#p8_zm_zod_door_provisions_left
model,#zombietron_gib_chunk_meat_01
model,#zombietron_gib_chunk_meat_02
model,#p8_zm_zod_telegraph_bridge_engine_indicator_silver
model,#p8_zm_wall_buy_ar_fastfire
model,#p8_fxanim_zm_zod_kraken_chest_mod
model,#c_t8_zmb_3rdclass_female_body3_g_rlegoff
model,#c_t8_zmb_3rdclass_female_body1_g_larmoff
model,#p8_fxanim_zm_zod_boss_prom_pipes_02_mod
model,#p8_decal_graphics_number_2_charlamagne
model,#c_t8_zmb_catalyst_fire_rarm_gib
model,#p8_zm_crafting_alchemy_dialpointer
model,#p8_zm_zod_teleport_symbol_dimmed
model,#p8_zm_zod_planets_uranus_large
model,#c_t8_zmb_3rdclass_male_body3_s_rleg
model,#c_t8_zmb_1stclass_female_body1_g_blegsoff_skin2
model,#c_t8_zmb_1stclass_female_body1_g_blegsoff_skin3
model,#c_t8_zmb_1stclass_female_body1_g_blegsoff_skin6
model,#c_t8_zmb_1stclass_female_body1_g_blegsoff_skin4
model,#c_t8_zmb_1stclass_female_body1_g_blegsoff_skin5
model,#p7_book_vintage_open_01_burn
model,#wpn_t8_zm_broadside_cannon_view
model,#p8_zm_crafting_alchemy_full_on
model,#p8_zm_wall_buy_smg_fastfire
model,#p8_fxanim_zm_zod_cargo_hold_net_07_smod
model,#p8_zm_zod_planetary_glyphs_neptunium
model,#hash_17f36df34ac7b40e
model,#p8_fxanim_zm_zod_pneumatic_tube_flare_green_mod
model,#p8_zm_zod_telegraph_bridge_controller_handle
model,#wpn_t7_zmb_dlc2_shield_dmg02_view
model,#hash_18ab29c8b5ed6a41
model,#hash_18dd5239dbba3c54
model,#p7_fxanim_zm_castle_tram_motor_gear_large_mod
model,#c_t8_zmb_3rdclass_male_body4_g_upclean
model,#c_t8_zmb_crew_sailor_hat1
model,#hash_1953f084c6b6fdac
model,#wpn_t7_spike_launcher_projectile
model,#viewmodel_hands_no_model
model,#c_t8_zmb_crew_head1_igc
model,#wpn_t8_zm_battle_shield_gun_view
model,#c_t8_zmb_1stclass_male_body3_g_rarmoff
model,#wpn_t8_zm_melee_staff_ra_lvl1_prop_animate
model,#p8_fxanim_zm_zod_boatside_ropes_half_boat_02_mod
model,#p8_fxanim_zm_zod_boss_state_rt_hall_smod
model,#c_t8_zmb_1stclass_male_body2_split
model,#p8_fxanim_zm_zod_iceberg_forecastle_deck_damage_mod
model,#p8_crate_wood_short_01
model,#p8_zm_zod_lifeboat_equipment_flare_container_lid
model,#c_t8_zmb_2ndclass_female_body1_g_larmoff
model,#p7_skulls_bones_head_01
model,#c_t8_zmb_blightfather_mouth_dmg1
model,#p8_zm_zod_planets_sun_large
model,#p7_can_metal_01
model,#p7_skulls_bones_arm_upper
model,#p8_fxanim_zm_zod_cargo_hold_debris_01_smod
model,#c_t8_zmb_titanic_stoker_rshoulder_cap1
model,#p7_cup_coffee_mug_01
model,#p8_zm_zod_lifeboat_equipment_oar
model,#hash_1d0b29ddc6783998
model,#p8_zm_zod_planets_saturn_large
model,#p8_zm_zod_music_sheet_paper
model,#p7_world_globe_vintage_globe_01
model,#hash_1d879b1f651d7b2e
model,#hash_1d879e1f651d8047
model,#hash_1d87a01f651d83ad
model,#p8_zm_wall_buy_lmg_titan
model,#p8_zm_zod_deck_crane_base_round_door
model,#p8_fxanim_zm_zod_iceberg_deck_a_cranes_mod
model,#p8_zm_chaos_portal_01_chunk_02
model,#p8_zm_chaos_portal_01_chunk_03
model,#p8_zm_chaos_portal_01_chunk_01
model,#p8_food_meat_beef_shoulder_01
model,#fx_char_gib_chunk_flesh02
model,#fx_char_gib_chunk_flesh03
model,#c_zom_der_zombie_body2_g_llegoff
model,#c_t8_zmb_titanic_stoker_shovel1
model,#c_t8_zmb_2ndclass_female_body1_g_behead
model,#tag_origin_animate
model,#hash_1f19e6515d7291a9
model,#hash_1f1d8acd17534c0d
model,#c_t8_zmb_dlc0_zombie_female_body1_g_llegoff_skin2
model,#p8_zm_zod_planetary_glyphs_venus
model,#p8_fxanim_zm_zod_smokestack_wire_snap_right_mod
model,#c_t8_zmb_3rdclass_female_body2_g_rlegoff
model,#hash_1f913ebf0487b081
model,#p8_zm_zod_alchemical_chart_room_air
model,#c_t8_zmb_3rdclass_female_body3_g_rarmoff
model,#c_zom_der_zombie_helmet1
model,#c_t8_zmb_3rdclass_male_body4_g_rarmoff_skin2
model,#c_t8_zmb_3rdclass_male_body4_g_rarmoff_skin3
model,#p8_zm_zod_clock_grand_01_hour_hand
model,#p8_fxanim_zm_zod_cargo_hold_net_05_smod
model,#c_t8_zmb_dlc0_zombie_female_body1_g_larmoff_skin2
model,#p8_fxanim_zm_zod_ship_wheel_idle_02_mod
model,#hash_208d87be6232d28a
model,#p8_zm_crafting_alchemy_pot
model,#hash_20f1a51a3af22d93
model,#c_t8_zmb_crew_officer_body1
model,#p8_fxanim_zm_vapor_altar_zeus_mod
model,#hash_21807bc4cc11e497
model,#c_t8_zmb_crew_officer_body1_split
model,#p8_zm_zod_music_sheet_03
model,#p8_zm_zod_music_sheet_01
model,#p8_zm_zod_music_sheet_04
model,#p8_zm_zod_light_bulb_02
model,#c_t8_zmb_catalyst_fire_head
model,#hash_22217418a6bdc9cf
model,#p8_fxanim_zm_zod_iceberg_forecastle_deck_rt_dmg_mod
model,#c_t8_zmb_hero_scarlett_head1_igc
model,#p8_spa_picture_frame_grand_square_01_c
model,#c_t8_zmb_3rdclass_male_body1_g_upclean
model,#wpn_t8_zm_battle_shield_buckler_world
model,#hash_22b548b9eace3dba
model,#hash_22bab7a3103b81e7
model,#p8_kit_zod_lou_05_window_02_broken_02
model,#p8_zm_zod_door_provisions_right
model,#p8_fxanim_zm_zod_staff_ra_mod
model,#c_t8_zmb_1stclass_female_body1
model,#p8_fxanim_zm_zod_boss_prom_pipes_01_mod
model,#c_zom_dlc1_skeleton_zombie_body_g_larmoff
model,#c_t8_zmb_3rdclass_male_head4
model,#c_t8_zmb_3rdclass_male_head1
model,#c_t8_zmb_3rdclass_male_head2
model,#c_t8_zmb_3rdclass_male_head3
model,#hash_241feee0d1d621dc
model,#p8_fxanim_zm_zod_safe_cracker_ee_mod
model,#c_zom_dlc1_skeleton_zombie_body_g_upclean
model,#hash_2457240e5410de24
model,#p8_fxp_fluid_splash_blood
model,#p8_fxanim_zm_zod_piano_vintage_mod
model,#hash_249386b68e19b345
model,#hash_24ebd108e9daf6fe
model,#c_t8_zmb_crew_officer_body1_g_upclean
model,#c_t8_zmb_catalyst_water_rhand_gib
model,#p8_food_jar_oil_olive_full
model,#p8_food_vegetable_carrot_cap_crate_dmg
model,#c_t8_zmb_1stclass_male_body1_g_larmoff
model,#p8_zm_zod_grand_staircase_skylight_glass_frame_01
model,#p8_zm_zod_lifeboat
model,#c_t8_zmb_1stclass_male_body2_g_rarmoff
model,#p8_fxanim_gp_debris_water_02_mod
model,#hash_26b6e46f315ae4b8
model,#c_t8_zmb_1stclass_female_hat1_skin2
model,#p8_zm_zod_lifeboat_thole_pin
model,#c_t8_zmb_dlc0_zombie_female_body1_g_lowclean_skin2
model,#wpn_t8_zm_knife_bowie_world
model,#c_t8_zmb_1stclass_male_body2_g_upclean
model,#p8_decal_graphics_number_5_charlamagne
model,#c_t8_zmb_3rdclass_male_body4_g_rarmoff
model,#c_t8_zmb_1stclass_male_body3_g_llegoff
model,#p8_zm_barricade_board_white_painted_03
model,#p8_zm_barricade_board_white_painted_02
model,#p8_zm_barricade_board_white_painted_01
model,#p8_zm_barricade_board_white_painted_06
model,#p8_zm_barricade_board_white_painted_05
model,#p8_zm_barricade_board_white_painted_04
model,#hash_289733c8fb5ef245
model,#c_t8_zmb_dlc0_zombie_male_head4_skin3
model,#c_t8_zmb_dlc0_zombie_male_head4_skin2
model,#c_zom_dlc1_skeleton_zombie_body_g_rarmoff
model,#c_t8_zmb_2ndclass_female_body2_g_llegoff
model,#c_t8_zmb_3rdclass_female_hat1
model,#p8_zm_zod_rigging_shackle_white_01
model,#c_t8_zmb_1stclass_female_body1_g_llegoff
model,#hash_299ef8e4250dc5d7
model,#p7_ban_bottle_glass_liquor_03
model,#c_t8_zmb_dlc0_zombie_male_body1_g_llegoff
model,#p8_fxanim_zm_zod_iceberg_bridge_chunk02_mod
model,#hash_2a119ccb38d9d207
model,#c_t8_zmb_1stclass_male_body2_g_lowclean
model,#c_t8_zmb_1stclass_female_body1_s_lleg
model,#c_t8_zmb_3rdclass_male_body3_s_larm
model,#c_t8_zmb_1stclass_male_body3_g_larmoff
model,#c_t8_zmb_1stclass_male_body3_g_blegsoff
model,#c_t8_zmb_dlc0_zombie_male_body1_g_upclean_skin3
model,#c_t8_zmb_dlc0_zombie_male_body1_g_upclean_skin2
model,#p8_zm_wall_buy_shotgun_trenchgun
model,#p8_zm_wall_buy_tr_longburst
model,#c_t8_zmb_catalyst_water_lfoot_gib
model,#c_zom_zod_zombie_fem_body1_g_rlegspawn
model,#p8_fxanim_zm_zod_grand_piano_mod
model,#p8_zm_zod_planetary_glyphs_sun
model,#c_t8_zmb_hero_scarlett_body1_igc
model,#hash_2b14d34cb1bc161a
model,#p7_shr_weapon_shield_04
model,#p7_shr_weapon_shield_02
model,#c_t8_zmb_titanic_stoker_clavicle1_gibbed
model,#p7_debris_rockychunks_small_01
model,#p7_debris_rockychunks_small_12
model,#c_t8_zmb_3rdclass_female_body1_split
model,#p8_fxanim_gp_raven_01_mod
model,#p8_zm_kraken_chest_coin_cap
model,#p8_kit_zod_fir_01_door_22_right_painted_wood_01_grunge
model,#p8_zm_zod_clock_wall_wheel_house_hand_minute
model,#c_t8_zmb_3rdclass_female_head1
model,#c_zom_der_zombie_body2_g_upclean
model,#p8_fxanim_zm_zod_iceberg_foredeck_ice_chunks_01_mod
model,#p8_kit_zod_sta_05_door_26_left_painted_wood_01
model,#hash_2c0078538e398b4f
model,#p8_zm_zod_rigging_pullie_03
model,#p7_zm_isl_barricade_wood_plank_01
model,#hash_2d0cb552b77d70ce
model,#fx_debris_stone_01
model,#p8_zm_zod_frozen_mist_base_01
model,#hash_2d39b8202e12dd9b
model,#p8_zm_zod_planets_neptune_large
model,#wpn_t8_zm_battle_shield_gun_world
model,#c_t8_zmb_2ndclass_female_body1
model,#c_t8_zmb_2ndclass_female_body2
model,#c_t8_zmb_2ndclass_female_body3
model,#c_t8_zmb_1stclass_male_body1_g_rarmoff_skin4
model,#c_t8_zmb_1stclass_male_body1_g_rarmoff_skin2
model,#c_t8_zmb_1stclass_male_body1_g_rarmoff_skin3
model,#c_t8_zmb_catalyst_electric_head
model,#p7_skulls_bones_hand
model,#c_t8_zmb_dlc0_zombie_female_body1_g_lowclean
model,#c_t8_zmb_1stclass_female_body1_skin3
model,#c_t8_zmb_1stclass_female_body1_skin2
model,#c_t8_zmb_1stclass_female_body1_skin5
model,#c_t8_zmb_1stclass_female_body1_skin4
model,#c_t8_zmb_1stclass_female_body1_skin6
model,#p7_wes_container_vintage_cup
model,#wpn_t7_zmb_dlc2_shield_dmg01_view
model,#hash_2e8226fdf9d70482
model,#p8_zm_zod_iceberg_vista_02
model,#p8_zm_zod_iceberg_vista_01
model,#p8_fxanim_zm_zod_iceberg_bridge_blockade_mod
model,#p8_zm_zod_alchemical_chart_room_fire
model,#test_orb
model,#fx_axis_createfx
model,#c_t8_zmb_2ndclass_female_body3_g_upclean
model,#c_t8_zmb_3rdclass_male_body3_g_rlegoff_skin3
model,#c_t8_zmb_3rdclass_male_body3_g_rlegoff_skin2
model,#c_t8_zmb_3rdclass_male_body3_g_rlegoff_skin6
model,#c_t8_zmb_3rdclass_male_body3_g_rlegoff_skin5
model,#c_t8_zmb_3rdclass_male_body3_g_rlegoff_skin4
model,#c_t8_zmb_2ndclass_female_body2_split
model,#p7_zm_sta_luggage_vintage_02_med
model,#p7_gib_chunk_fat
model,#hash_2fb55058063de264
model,#hash_2fc8640b8c29fac4
model,#c_t8_zmb_dlc0_zombie_male_body1
model,#c_t8_zmb_catalyst_water_head
model,#c_t8_zmb_crew_body4_outro_igc
model,#p8_zm_crafting_alchemy_wire
model,#p8_rock_vsq_med_01
model,#hash_301fa8143c721c7e
model,#p8_zm_barricade_board_collision
model,#p7_zm_ori_scope_vintage
model,#p7_decanter_glass_stopper
model,#p8_zm_wall_buy_shotgun_pump
model,#p8_fxanim_zm_zod_piano_victorian_mod
model,#c_t8_zmb_1stclass_male_body2_g_blegsoff
model,#hash_30a1a7e4c1c1f39b
model,#c_zom_dlc1_skeleton_zombie_body_g_blegsoff
model,#c_t8_zmb_1stclass_female_body1_g_blegsoff
model,#p8_food_fruit_apple
model,#p8_zm_zod_toy_monkey
model,#c_t8_zmb_3rdclass_male_body3_g_blegsoff_skin6
model,#c_t8_zmb_3rdclass_male_body3_g_blegsoff_skin4
model,#c_t8_zmb_3rdclass_male_body3_g_blegsoff_skin5
model,#c_t8_zmb_3rdclass_male_body3_g_larmoff_skin3
model,#c_t8_zmb_3rdclass_male_body3_g_larmoff_skin2
model,#p8_food_spice_storage_square_tin_sml
model,#c_t8_zmb_dlc0_zombie_female_body1_g_blegsoff_skin2
model,#hash_319992bd88b6bbb5
model,#c_t8_zmb_3rdclass_male_body1_g_blegsoff
model,#p8_food_dinnerware_cup_coffee
model,#p7_dinnerware_01_tea_cup
model,#hash_32a51dafb1c7344f
model,#c_t8_zmb_2ndclass_female_body1_g_blegsoff
model,#c_t8_zmb_crew_sailor_body1_g_blegsoff
model,#hash_32d3898f6fcca781
model,#p8_zm_zod_clock_mantel_hour_hand
model,#c_t8_zmb_1stclass_female_body1_split
model,#c_t8_zmb_3rdclass_male_body1_g_lowclean
model,#c_t8_zmb_concentrated_catalyst_heart
model,#c_t8_zmb_2ndclass_female_body2_g_larmoff
model,#p7_zm_sta_luggage_vintage_01_lrg
model,#hash_33e331057c1532aa
model,#p7_dinnerware_01_spoon
model,#c_zom_zod_zombie_fem_body1_g_rarmspawn
model,#c_t8_zmb_blightfather_elbow1_ri
model,#p8_zm_zod_water_ocean_vista_01a
model,#hash_3499873303be8304
model,#p8_zm_zod_ice_block_mq_dmg_03
model,#hash_34998a3303be881d
model,#c_t8_zmb_blightfather_elbow1_le
model,#p8_zm_deity_icon_audio_ra
model,#c_t8_zmb_catalyst_fire_larm_gib
model,#p7_shr_weapon_axe_03
model,#p7_shr_weapon_axe_04
model,#p8_zm_zod_planets_mercury_large
model,#c_t8_zmb_dlc0_zombie_male_head1_skin2
model,#c_t8_zmb_dlc0_zombie_male_head1_skin3
model,#p8_zm_zod_eninge_pistons_piston_rod_small
model,#c_t8_zmb_catalyst_decay_body
model,#c_t8_zmb_1stclass_male_body1_skin4
model,#c_t8_zmb_1stclass_male_body1_skin2
model,#c_t8_zmb_1stclass_male_body1_skin3
model,#c_t8_zmb_crew_sailor_body1_g_rlegoff
model,#p8_fxanim_zm_zod_iceberg_poop_deck_cranes_mod
model,#p8_decal_graphics_number_9_charlamagne
model,#c_t8_zmb_2ndclass_female_body3_g_larmoff
model,#c_t8_zmb_1stclass_male_body1_g_rarmoff
model,#p8_zm_zod_deck_crane_hook
model,#p8_zm_zod_engine_pistons_main_crank_large
model,#hash_36191e22beecd743
model,#c_t8_zmb_catalyst_water_rfoot_gib
model,#wpn_t8_zm_pistol_webly_world
model,#p8_zm_zod_forecastle_cargo_hatch_tarp_02
model,#c_t8_zmb_blightfather_mouth
model,#p7_food_sack_spice_a_full
model,#hash_36ac99f07feba2c5
model,#p8_fxanim_zm_zod_iceberg_forecastle_cranes_mod
model,#c_t8_zmb_1stclass_female_body1_s_rleg
model,#c_t8_zmb_crew_sailor_body1_g_upclean
model,#p8_zm_zod_telegraph_bridge_pointer
model,#p8_zm_zod_phonograph_opera_roll
model,#hash_3781d68c09ac8d0c
model,#p8_fxp_fluid_droplet_blood
model,#p8_food_spice_storage_square_tin_sml_white
model,#c_t8_zmb_3rdclass_male_body3_g_llegoff_skin3
model,#c_t8_zmb_3rdclass_male_body3_g_llegoff_skin2
model,#c_t8_zmb_3rdclass_male_body3_g_llegoff_skin5
model,#c_t8_zmb_3rdclass_male_body3_g_llegoff_skin4
model,#c_t8_zmb_3rdclass_male_body3_g_llegoff_skin6
model,#c_t8_zmb_catalyst_fire_rfoot_gib
model,#p8_zm_wall_buy_smg_accurate
model,#hash_3809cd50edc844dc
model,#c_t8_zmb_hero_diego_body1_igc
model,#c_t8_zmb_catalyst_decay_head_noreveal
model,#p8_zm_zod_palm_court_room_door_sliding_right
model,#hash_388c748d236aa9bb
model,#p8_fxanim_zm_zod_iceberg_mod
model,#c_t8_zmb_dlc0_zombie_female_body1_g_upclean
model,#c_t8_zmb_3rdclass_female_body3_g_llegoff
model,#p8_zm_power_door_symbol_01
model,#p7_zm_sta_luggage_vintage_02_lrg
model,#c_t8_zmb_3rdclass_female_body1
model,#c_t8_zmb_3rdclass_female_body3
model,#c_t8_zmb_3rdclass_female_body2
model,#c_t8_zmb_blightfather_eggsack1_ri
model,#hash_3a74c898774cdff2
model,#hash_3a8c87077c49b4b5
model,#c_t8_zmb_blightfather_eggsack1_le
model,#c_zom_dlc1_skeleton_zombie_head
model,#c_t8_zmb_blightfather_body1_gib
model,#wpn_t7_zmb_dlc2_shield_dmg01_world
model,#p8_fxanim_zm_zod_engine_propeller_shafts_02_mod
model,#p8_zm_zod_planetary_glyphs_jupiter
model,#p8_fish_hanging_dead_whole_med_zodt8
model,#c_t8_zmb_3rdclass_male_body3_skin3
model,#c_t8_zmb_3rdclass_male_body3_skin2
model,#hash_3c1b917eaa4c8e63
model,#p8_zm_kraken_chest
model,#p7_gib_chunk_flesh_01
model,#p7_gib_chunk_flesh_03
model,#p7_gib_chunk_flesh_02
model,#p8_zm_zod_lifeboat_equipment_flare_container
model,#hash_3cb1ea2836429795
model,#hash_3cdbd25e43a09930
model,#c_t8_zmb_1stclass_female_body1_g_upclean_skin2
model,#c_t8_zmb_1stclass_female_body1_g_upclean_skin3
model,#c_t8_zmb_1stclass_female_body1_g_upclean_skin4
model,#c_t8_zmb_1stclass_female_body1_g_upclean_skin5
model,#c_t8_zmb_1stclass_female_body1_g_upclean_skin6
model,#c_t8_zmb_3rdclass_male_body4
model,#c_t8_zmb_3rdclass_male_body2
model,#c_t8_zmb_3rdclass_male_body3
model,#c_t8_zmb_3rdclass_male_body1
model,#c_t8_zmb_1stclass_female_body1_g_upclean
model,#p7_toolbox_handheld_small_red
model,#hash_3d777038abd8ea6e
model,#p7_decanter_glass_bottle
model,#p8_food_spice_storage_cylindrical_tin_white
model,#c_zom_der_zombie_body2_g_larmoff
model,#c_t8_zmb_dlc0_zombie_male_body1_g_behead_skin2
model,#c_t8_zmb_dlc0_zombie_male_body1_g_behead_skin3
model,#p8_fxp_fluid_tendril_1_water
model,#wpn_t8_zm_lmg_mg08_world
model,#p8_food_jar_olives_closed_full
model,#wpn_t7_zmb_dlc2_shield_view
model,#c_t8_zmb_concentrated_catalyst_foot
model,#c_t8_zmb_3rdclass_male_body3_split
model,#c_t8_zmb_hero_bruno_body_igc
model,#p8_zm_zod_deck_crane_mast
model,#p8_food_vegetable_corn_cap_crate_dmg
model,#p8_fxanim_zm_towers_crowd_jar_01_mod
model,#p8_zm_zod_crafting_table_shield_parts_03
model,#p8_zm_zod_crafting_table_shield_parts_02
model,#p8_zm_zod_crafting_table_shield_parts_01
model,#wpn_t8_zm_lmg_mg08_mag_world
model,#p8_fxanim_zm_zod_engine_pistons_01_mod
model,#p8_zm_zod_palm_court_room_door_sliding_left
model,#p8_zm_zod_clock_wall_mail_room_hand_minute
model,#hash_408a97d6ca7f8050
model,#wpn_t8_zm_lmg_mg08_view
model,#p7_gib_chunk_bone_01
model,#p7_gib_chunk_bone_03
model,#p7_gib_chunk_bone_02
model,#c_t8_zmb_3rdclass_male_body3_s_rarm
model,#p8_kit_zod_sta_05_door_28_right_painted_wood_01
model,#p7_zm_vending_packapunch_weapon
model,#p7_compass_vintage
model,#c_t8_zmb_2ndclass_female_body1_g_llegoff
model,#c_t8_zmb_1stclass_female_body1_g_lowclean
model,#hash_4282390081d2d1c4
model,#p7_farm_tools_pliers_01
model,#p7_wes_box_cigar_01_open
model,#p8_fxanim_zm_zod_sentinel_chaos_mod
model,#c_t8_zmb_3rdclass_male_body3_skin2_split
model,#p8_zm_kraken_chest_close
model,#c_t8_zmb_2ndclass_female_body3_split
model,#c_zom_der_zombie_body2_g_behead
model,#p8_fxanim_zm_zod_boss_prom_pipes_03_mod
model,#hash_4458b3c865174731
model,#hash_44849cd4c5a00458
model,#p8_decal_graphics_number_3_charlamagne
model,#p8_zm_deity_icon_audio_odin
model,#p8_food_vegetable_corn_cap_crate
model,#p8_fxanim_zm_zod_chaos_zombie_03_mod
model,#c_t8_zmb_3rdclass_female_body2_g_lowclean
model,#p8_zm_zod_lifeboat_equipment_flare
model,#c_t8_zmb_catalyst_fire_lleg_gib
model,#p8_zm_zod_toy_cat
model,#p8_fxanim_zm_zod_cargo_hold_debris_02_smod
model,#c_t8_zmb_titanic_stoker_body1
model,#c_t8_zmb_crew_sailor_body1_g_larmoff
model,#c_t8_zmb_1stclass_male_body1_g_upclean_skin4
model,#c_t8_zmb_1stclass_male_body1_g_upclean_skin3
model,#c_t8_zmb_1stclass_male_body1_g_upclean_skin2
model,#p7_zm_vending_packapunch_sign_wait
model,#p8_zm_zod_engine_cylinder_support_columns_wheele_handle
model,#c_t8_zmb_dlc0_zombie_male_body1_g_rarmoff_skin2
model,#c_t8_zmb_dlc0_zombie_male_body1_g_rarmoff_skin3
model,#p8_kit_zod_mai_05_door_47_right_painted_metal_01
model,#p8_zm_zod_map_ship
model,#c_t8_zmb_3rdclass_male_body2_g_upclean
model,#hash_46aa8073bbd2e3d2
model,#hash_472c07eec6e91873
model,#p7_food_sack_spice_a_low
model,#p8_zm_zod_alchemical_chart_room_earth
model,#p7_shr_weapon_shield_02_dmg
model,#wpn_t8_zm_battle_shield_frost_buckler_view
model,#p8_sign_neon_wood_hook_02
model,#p7_food_jar_jam_sml_02
model,#p8_zm_wall_buy_ar_accurate
model,#c_t8_zmb_3rdclass_female_body1_g_upclean
model,#hash_498f0cd994898b43
model,#p8_fxanim_zm_zod_iceberg_bridge_boat_mod
model,#wpn_t8_shotgun_pump_world
model,#fx_pistol_shell_blur
model,#c_t8_zmb_1stclass_male_body3_g_lowclean
model,#c_t8_zmb_hero_stanton_body1_igc
model,#c_t8_zmb_1stclass_female_body1_g_rlegoff_skin3
model,#c_t8_zmb_1stclass_female_body1_g_rlegoff_skin2
model,#c_t8_zmb_1stclass_female_body1_g_rlegoff_skin6
model,#c_t8_zmb_1stclass_female_body1_g_rlegoff_skin5
model,#c_t8_zmb_1stclass_female_body1_g_rlegoff_skin4
model,#p8_food_spice_storage_square_tin_lrg
model,#hash_4aa1e3d7593a5081
model,#hash_4ac68b331086ba82
model,#p8_zm_kraken_chest_key
model,#hash_4b63e314f4e089f3
model,#hash_4b8f7dacc48d5c5e
model,#p8_zm_wall_buy_pistol_standard
model,#p7_fxp_debris_dirt_clod_01_brown
model,#c_zom_zod_zombie_fem_body1_g_larmspawn
model,#p7_shr_weapon_shield_05_dmg
model,#c_t8_zmb_catalyst_electric_lfoot_gib
model,#c_t8_zmb_1stclass_male_body3_g_upclean
model,#c_t8_zmb_catalyst_electric_rarm_gib
model,#hash_4c8ad20a222425e3
model,#p7_cup_coffee_mug_01_black
model,#p8_fxanim_zm_zod_chaos_zombie_01_mod
model,#hash_4cc896f2333e5f86
model,#c_t8_zmb_1stclass_female_body1_g_llegoff_skin3
model,#c_t8_zmb_1stclass_female_body1_g_llegoff_skin2
model,#c_t8_zmb_1stclass_female_body1_g_llegoff_skin5
model,#c_t8_zmb_1stclass_female_body1_g_llegoff_skin4
model,#c_t8_zmb_1stclass_female_body1_g_llegoff_skin6
model,#p8_zm_vapor_altar_zeus_lightning_bolt_03
model,#p8_zm_vapor_altar_zeus_lightning_bolt_02
model,#p8_zm_vapor_altar_zeus_lightning_bolt_01
model,#p8_zm_vapor_altar_zeus_lightning_bolt_04
model,#p8_zm_chaos_strands_blocker
model,#fx_char_gib_chunk_bone02
model,#fx_char_gib_chunk_bone03
model,#fx_char_gib_chunk_bone01
model,#c_t8_zmb_2ndclass_female_body3_g_rarmoff
model,#p7_shr_suit_armor_helmet_03
model,#c_t8_zmb_3rdclass_female_body2_split
model,#c_t8_zmb_crew_officer_body1_g_larmoff
model,#c_t8_zmb_crew_sailor_body1
model,#c_t8_zmb_crew_sailor_body2
model,#p8_zm_zod_clock_grand_01_minute_hand
model,#c_t8_zmb_3rdclass_male_body1_g_larmoff
model,#zombie_pickup_perk_bottle
model,#p8_zm_zod_paper_scrap_srt_01
model,#p8_zm_zod_paper_scrap_srt_03
model,#p8_zm_zod_paper_scrap_srt_02
model,#p8_zm_zod_paper_scrap_srt_04
model,#p8_fxp_zm_scepter_sun
model,#c_t8_zmb_dlc0_zombie_female_head2_skin2
model,#p7_cigar_lit
model,#p8_zm_zod_lifeboat_equipment_rope_messy
model,#p8_crate_wood_01_short_open_lid
model,#c_t8_zmb_crew_body1_igc
model,#p8_fxanim_zm_vapor_altar_danu_mod
model,#p8_fxanim_zm_zod_pneumatic_tube_flare_blue_mod
model,#p8_fxanim_zm_zod_iceberg_forecastle_avalanche_mod
model,#p7_wes_bank_books_leather_big_green
model,#c_t8_zmb_dancer_male_body1
model,#c_t8_zmb_dlc0_zombie_male_body1_g_lowclean_skin2
model,#c_t8_zmb_dlc0_zombie_male_body1_g_lowclean_skin3
model,#hash_504fdaec753c9016
model,#p8_zm_zod_clock_wall_wheel_house_hand_hour
model,#c_t8_zmb_dlc0_zombie_female_body1_g_rlegoff_skin2
model,#c_t8_zmb_3rdclass_male_body1_split
model,#c_t8_zmb_3rdclass_female_body2_g_rarmoff
model,#c_t8_zmb_3rdclass_female_body3_g_larmoff
model,#p7_book_vintage_02
model,#p7_book_vintage_03
model,#p7_book_vintage_01
model,#p7_book_vintage_04
model,#c_zom_der_zombie_body2_g_lowclean
model,#p8_crate_wood_milk_01
model,#c_t8_zmb_dlc0_zombie_male_body1_g_lowclean
model,#p8_fxanim_zm_vapor_altar_ra_mod
model,#c_t8_zmb_3rdclass_male_body3_g_lowclean_skin3
model,#c_t8_zmb_3rdclass_male_body3_g_lowclean_skin2
model,#c_t8_zmb_3rdclass_male_body3_g_lowclean_skin6
model,#c_t8_zmb_3rdclass_male_body3_g_lowclean_skin5
model,#c_t8_zmb_3rdclass_male_body3_g_lowclean_skin4
model,#c_t8_zmb_3rdclass_female_body2_g_llegoff
model,#p8_zm_zod_planetary_glyphs_saturn
model,#p8_trunk_small_worn_02
model,#p8_kit_zod_din_05_door_42_right_stained_wood_02
model,#p8_kit_zod_din_05_door_42_right_stained_wood_01
model,#wpn_t8_zm_battle_shield_frost_turret_world
model,#p8_decal_graphics_number_4_charlamagne
model,#c_t8_zmb_crew_sailor_body1_g_behead
model,#p8_zm_zod_starfield_srt_crate
model,#p8_food_cheese_wedge_swiss
model,#p7_fxp_debris_glass_bead_01
model,#p8_zm_zod_sea_walkers_trident
model,#p8_zm_zod_sofa_first_class_lounge_pillow
model,#c_t8_zmb_3rdclass_female_body3_g_upclean
model,#c_zom_der_zombie_body2_g_rlegoff
model,#test_orb_fallen
model,#p8_kit_zod_lou_05_door_left_painted_wood_01
model,#wpn_t8_zm_melee_dw_hand_cannon_lvl1_prop_animate
model,#p8_sun_hat_02
model,#c_t8_zmb_catalyst_electric_lleg_gib
model,#hash_53f590170deb4f70
model,#p7_zm_der_magic_box_fake_trunk
model,#c_t8_zmb_crew_officer_hat1
model,#veh_t8_zmb_1912_sedan
model,#p8_food_spice_storage_circular_tin
model,#p8_zm_zod_box_latch_wood_sml_decal_01
model,#p8_zm_zod_cipher_painting
model,#hash_54b6c03d51faa636
model,#c_t8_zmb_2ndclass_female_hat1
model,#c_t8_zmb_2ndclass_female_hat3
model,#p8_crate_wood_01_dmg
model,#c_t8_zmb_dlc0_zombie_male_body1_s_rleg
model,#c_t8_zmb_2ndclass_female_body1_g_upclean
model,#hash_5530e2dc791ec6e2
model,#p8_zm_zod_planetary_glyphs_mercury
model,#p8_fxanim_zm_zod_tentacle_mod
model,#p7_food_fruit_banana
model,#c_zom_dlc1_skeleton_zombie_body_g_rlegoff
model,#c_t8_zmb_dlc0_zombie_female_head1
model,#c_t8_zmb_dlc0_zombie_female_head2
model,#c_t8_zmb_dlc0_zombie_female_head3
model,#c_t8_zmb_3rdclass_female_body3_g_blegsoff
model,#p8_fxp_fluid_string_omni_blood
model,#c_t8_zmb_3rdclass_male_body1_g_llegoff
model,#p8_kit_zod_mai_05_door_47_left_painted_metal_01
model,#c_t8_zmb_dlc0_zombie_female_body1_g_llegoff
model,#p8_food_vegetable_cauliflower
model,#wpn_t8_zm_battle_shield_buckler_view
model,#c_t8_zmb_crew_sailor_body1_g_llegoff
model,#c_t8_zmb_dlc0_zombie_male_body1_g_rlegoff_skin2
model,#c_t8_zmb_dlc0_zombie_male_body1_g_rlegoff_skin3
model,#c_t8_zmb_dlc0_zombie_male_head4
model,#c_t8_zmb_dlc0_zombie_male_head1
model,#fx_bullet_chain
model,#p8_food_meat_beef_leg_front_01
model,#c_t8_zmb_catalyst_fire_head_gib
model,#p8_fxanim_zm_zod_debris_buy_02_mod
model,#p8_food_spice_storage_circular_tin_white
model,#p8_zm_zod_luggage_handbag_leather_01
model,#wpn_t8_zm_lmg_mg08_mag_view
model,#p8_fxanim_zm_zod_iceberg_forecastle_ladder_rt_mod
model,#p8_kit_zod_lou_05_window_01_broken_02
model,#p8_zm_chaos_portal_01
model,#p7_cigarette_carton_01
model,#c_t8_zmb_titanic_stoker_head_cap1
model,#p8_fxanim_zm_zod_iceberg_forecastle_ladder_mod
model,#p7_cup_coffee_mug
model,#wpn_t8_zm_melee_hammer_lvl1_prop_animate
model,#p8_zm_zod_rigging_single_chain_piece_01
model,#c_t8_zmb_3rdclass_male_body3_g_rarmoff_skin3
model,#c_t8_zmb_3rdclass_male_body3_g_rarmoff_skin2
model,#p8_fxanim_zm_zod_engine_propeller_shafts_01_mod
model,#veh_t8_destructible_glass_02_red
model,#c_t8_zmb_crew_sailor_body2_g_rarmoff
model,#wpn_t8_zm_knife_bowie_view
model,#c_t8_zmb_catalyst_electric_larm_gib
model,#c_zom_dlc1_skeleton_zombie_body_g_llegoff
model,#p8_zm_zod_ship_wheel_captain_stand
model,#c_t8_zmb_crew_officer_body1_g_rarmoff
model,#p8_zm_zod_water_ocean_whole_01
model,#p8_food_vegetable_cauliflower_pile_box_half
model,#p7_book_vintage_open_01
model,#p8_crate_wood_01_02
model,#c_t8_zmb_3rdclass_male_body4_g_larmoff_skin2
model,#c_t8_zmb_3rdclass_male_body4_g_larmoff_skin3
model,#c_t8_zmb_1stclass_male_body2_g_llegoff
model,#hash_5ace62dc6364b4ee
model,#hash_5aeaed077ff41f8a
model,#hash_5af2bec2a3aa53af
model,#hash_5b3bb5d2a007fb79
model,#c_zom_der_zombie_body2
model,#hash_5b45a93aa747e902
model,#p8_food_cheese_wedge_cheddar
model,#c_t8_zmb_titanic_stoker_larm1
model,#p8_wine_barrel_01_allstates
model,#p8_kit_zt8_exd_05_railing_06_basic_painted_metal_64_debris_02
model,#p8_zm_crafting_alchemy_coil
model,#c_t8_zmb_2ndclass_female_head1
model,#p8_zm_zod_engine_pistons_piston_connector
model,#p8_zm_zod_ice_chunk_lrg_01
model,#p8_zm_zod_planetary_glyphs_uranium
model,#c_t8_zmb_concentrated_catalyst_hand
model,#viewmodel_default
model,#hash_5cb4b66f5c4d8a30
model,#hash_5cb4b86f5c4d8d96
model,#hash_5cb4b96f5c4d8f49
model,#p8_zm_zod_planets_mars_large
model,#p8_zm_zod_engine_pistons_bearing_large_top
model,#p7_gib_chunk_meat_01
model,#p7_gib_chunk_meat_02
model,#p7_gib_chunk_meat_03
model,#hash_5cd7ebf0f7273b8e
model,#hash_5d304a67420d3dcc
model,#c_t8_zmb_3rdclass_male_body4_split
model,#p8_zm_zod_lifeboat_board_02
model,#hash_5db303ba593f2358
model,#p8_zm_chaos_portal_01_chunk_01_cheap
model,#p8_fxanim_zm_zod_sent_trail3_fan_mod
model,#p8_fxanim_zm_zod_sent_trail2_cargo_hatch_mod
model,#p7_crate_wood_01_short
model,#c_t8_zmb_catalyst_electric_body
model,#c_t8_zmb_2ndclass_female_body3_g_llegoff
model,#c_t8_zmb_titanic_stoker_body1_gibbed
model,#p8_food_jar_olives_open_half_full
model,#c_t8_zmb_3rdclass_male_body1_g_rarmoff
model,#c_t8_zmb_catalyst_water_rarm_gib
model,#p8_zm_zod_coal_cluster_ball
model,#c_t8_zmb_2ndclass_female_body2_g_rarmoff
model,#p8_kit_zt8_thi_01_door_10_left_painted_wood_01
model,#p8_fxanim_zm_zod_engine_pistons_03_mod
model,#p8_zm_zod_alchemical_chart_room_water
model,#c_t8_zmb_dlc0_zombie_female_head1_skin2
model,#hash_5feaa070ffbe7b02
model,#c_zom_zod_zombie_fem_body1_g_llegspawn
model,#c_t8_zmb_catalyst_fire_rleg_gib
model,#c_t8_zmb_titanic_stoker_boot1_gibbed
model,#p8_fxanim_zm_zod_cargo_hold_net_02_mod
model,#p8_fxp_fluid_droplet_mud
model,#p7_fxp_debris_rock_01
model,#p7_fxp_debris_rock_02
model,#p7_fxp_debris_rock_03
model,#c_t8_zmb_dlc0_zombie_male_body1_g_blegsoff
model,#p8_fxanim_zm_zod_cargo_hold_net_04_smod
model,#c_zom_dlc1_skeleton_zombie_body
model,#hash_610e699507e56268
model,#c_zom_dlc1_skeleton_zombie_body_g_lowclean
model,#p8_food_spice_storage_cylindrical_tin
model,#p7_fxp_debris_car_glass_shatter_02
model,#p7_fxp_debris_car_glass_shatter_03
model,#p7_fxp_debris_car_glass_shatter_01
model,#p8_zm_wall_buy_pistol_burst
model,#p7_fxp_debris_wood_splinter_05
model,#p7_fxp_debris_wood_splinter_02
model,#p7_fxp_debris_wood_splinter_03
model,#p7_fxp_debris_wood_splinter_01
model,#hash_6171eeb75fd1389a
model,#fx_pistol_shell
model,#c_t8_zmb_dlc0_zombie_female_body1_g_rarmoff_skin2
model,#c_t8_zmb_catalyst_water_lleg_gib
model,#c_t8_zmb_crew_sailor_body1_g_rarmoff
model,#p7_food_bread_baguette_sml
model,#wpn_t8_zm_battle_shield_turret_view
model,#p8_fxanim_zm_zod_iceberg_bridge_chunk01_mod
model,#veh_t8_zmb_1912_sedan_dest_attach
model,#hash_62c5fda17bfdac4d
model,#wpn_t7_shield_riot_world
model,#p8_zm_power_door_top
model,#veh_t8_destructible_glass_01
model,#veh_t8_destructible_glass_02
model,#veh_t8_destructible_glass_03
model,#c_t8_zmb_3rdclass_male_body2_g_rarmoff
model,#c_t8_zmb_crew_sailor_body2_split
model,#p8_kit_zod_sta_05_door_26_right_painted_wood_01
model,#c_t8_zmb_catalyst_water_rleg_gib
model,#c_t8_zmb_1stclass_male_body1_split
model,#c_t8_zmb_concentrated_catalyst_skull
model,#p8_fxanim_zm_pap_pedestal_mod
model,#p8_fxp_fluid_droplet_water
model,#p8_fxanim_zm_zod_engine_pistons_02_mod
model,#p8_zm_zod_pap_plinth_sequence_air
model,#hash_64021ce3214fd8c4
model,#p8_zm_zod_telegraph_bridge_controller_handle_silver
model,#c_t8_zmb_hero_bruno_head_igc
model,#hash_6481931322775754
model,#c_t8_zmb_3rdclass_female_body1_g_llegoff
model,#p8_zm_wall_buy_tr_powersemi
model,#c_t8_zmb_crew_sailor_body1_split
model,#p7_zm_zod_nitrous_tank
model,#p7_world_globe_vintage_01
model,#hash_64ed59590b6d2912
model,#wpn_t7_zmb_zod_rocket_shield_eagle
model,#c_t8_zmb_3rdclass_male_body3_g_upclean_skin2
model,#c_t8_zmb_3rdclass_male_body3_g_upclean_skin3
model,#c_t8_zmb_dlc0_zombie_male_body1_g_larmoff
model,#p7_crate_wood_03_lid_med_wet
model,#p8_zm_zod_deck_crane_jib
model,#p8_fxanim_zm_zod_sentinel_chaos_wheel_mod
model,#c_t8_zmb_titanic_stoker_lshoulder_cap1
model,#p8_zm_vapor_altar_danu_leaf_single_01
model,#p8_zm_vapor_altar_danu_leaf_single_02
model,#p8_zm_zod_door_watertight_deck_001
model,#c_t8_zmb_1stclass_male_body2_g_larmoff
model,#c_t8_zmb_dlc0_zombie_female_body1_g_blegsoff
model,#hash_668c798af445fe13
model,#c_t8_zmb_dlc0_zombie_male_body1_s_lleg
model,#p8_zm_zod_teleport_symbol
model,#c_t8_zmb_dlc0_zombie_male_body1_g_larmoff_skin2
model,#c_t8_zmb_dlc0_zombie_male_body1_g_larmoff_skin3
model,#p7_bottle_glass_wine_01
model,#p7_box_copy_paper_sheet
model,#c_t8_zmb_dancer_male_head2
model,#c_t8_zmb_dancer_male_head1
model,#c_t8_zmb_dancer_male_head4
model,#c_t8_zmb_dancer_male_head5
model,#p8_zm_zod_pap_plinth_sequence_fire
model,#p7_bartop_glass_wine
model,#hash_678aaf8e37498e9a
model,#wpn_t8_zm_battle_shield_frost_gun_world
model,#p8_zm_chaos_portal_01_chunk_02_cheap
model,#p8_zm_pap_pedestal
model,#c_t8_zmb_3rdclass_female_body2_g_larmoff
model,#c_t8_zmb_3rdclass_female_body2_g_upclean
model,#c_t8_zmb_catalyst_electric_head_gib
model,#p8_zm_wall_buy_smg_drum_pistol
model,#c_t8_zmb_2ndclass_female_body1_split
model,#hash_68fdd2f90fbc1063
model,#p8_zm_zod_iceberg_vista_01_lrg
model,#c_t8_zmb_3rdclass_female_body1_g_lowclean
model,#veh_t8_zmb_1912_coupe_dest
model,#p8_zm_barricade_board_bare_06
model,#p8_zm_barricade_board_bare_04
model,#p8_zm_barricade_board_bare_05
model,#p8_zm_barricade_board_bare_02
model,#p8_zm_barricade_board_bare_03
model,#p8_zm_barricade_board_bare_01
model,#p8_fxanim_zm_zod_debris_buy_01_mod
model,#hash_69e434132c90c691
model,#c_t8_zmb_1stclass_male_body3
model,#c_t8_zmb_1stclass_male_body2
model,#c_t8_zmb_1stclass_male_body1
model,#p8_zm_zod_cipher_book_once_you
model,#hash_6a0c5130c0bfd5bb
model,#c_t8_zmb_dlc0_zombie_male_body1_g_llegoff_skin2
model,#c_t8_zmb_dlc0_zombie_male_body1_g_llegoff_skin3
model,#p8_zm_deity_icon_audio_zeus
model,#c_t8_zmb_catalyst_electric_rhand_gib
model,#hash_6a905f227281a5c4
model,#p8_zm_power_door_triangles
model,#p8_zm_wall_buy_bowie_knife
model,#p8_col_waterfall_01
model,#defaultweapon
model,#p8_zm_crafting_table_backboard
model,#p8_fxanim_zm_zod_cargo_hold_rope_01_smod
model,#c_t8_zmb_3rdclass_male_body3_g_rarmoff
model,#p8_zm_zod_planetary_glyphs_moon
model,#p8_fxanim_zm_zod_cargo_hold_net_03_smod
model,#c_t8_zmb_3rdclass_male_body1_g_behead
model,#p8_fxp_zm_magicbox_glow_top
model,#p8_zm_zod_engine_pistons_rod_small
model,#hash_6da2ad01703e5a78
model,#hash_6db9e7654dd729c3
model,#p8_food_vegetable_cauliflower_pile_box_half_dmg
model,#tag_origin
model,#p8_food_fruit_apple_cap_crate
model,#p8_fxanim_zm_zod_magic_box_plinth_mod
model,#p8_fxanim_zm_zod_magic_box_mod
model,#c_t8_zmb_2ndclass_female_body2_g_blegsoff
model,#fx_char_gib_chunk_fat
model,#hash_6f854664ed010f1b
model,#c_t8_zmb_dlc0_zombie_male_body1_g_behead
model,#c_t8_zmb_dlc0_zombie_female_body1_skin2
model,#p8_zm_zod_lifeboat_nosub
model,#p8_fxanim_zm_zod_cargo_hold_net_06_mod
model,#c_t8_zmb_dlc0_zombie_male_body1_g_upclean
model,#p8_zm_zod_iceberg_vista_01_med
model,#hash_70d0aa42a093fd88
model,#p8_fxanim_zm_zod_iceberg_forecastle_cranes_no_cargo_mod
model,#c_t8_zmb_blightfather_body1
model,#c_t8_zmb_1stclass_female_body1_g_rarmoff
model,#p7_fxp_debris_newspaper_01
model,#p7_zm_ctl_book_vintage_row_03
model,#p8_fxanim_zm_zod_boatside_ropes_half_boat_mod
model,#c_t8_zmb_titanic_stoker_upperarm1_gibbed
model,#p7_bottle_glass_wine_broken_01
model,#p7_bottle_glass_wine_broken_02
model,#p8_zm_zod_davit_arm
model,#p8_zm_zod_planets_jupiter_large
model,#p8_zm_zod_crate_wood_pallet_rustic_burnt
model,#p8_fxanim_zm_zod_cargo_hold_net_01_mod
model,#hash_72dd49d6ea5e153d
model,#c_t8_zmb_1stclass_female_hat1
model,#p8_zm_crafting_alchemy_lid
model,#veh_t8_destructible_glass_01_red
model,#p8_food_fruit_apple_cap_crate_dmg
model,#hash_73e0648960ce8f40
model,#p8_zm_chaos_portal_01_chunk_03_cheap
model,#p8_fxanim_zm_vapor_altar_odin_mod
model,#p8_zm_zod_clock_mantel_minute_hand
model,#p7_zm_isl_gate_machine
model,#p8_fxanim_zm_zod_magic_box_skull_mod
model,#p8_fxanim_zm_zod_cargo_hold_net_06_smod
model,#wpn_t8_zm_battle_shield_frost_turret_view
model,#p8_zm_zod_engine_pistons_piston_rod_large
model,#c_t8_zmb_dlc0_zombie_female_head3_skin2
model,#c_t8_zmb_homunculus_fb1
model,#p8_zm_zod_planetary_glyphs_mars
model,#p7_ra2_tool_vintage_pincer_02
model,#c_t8_zmb_blightfather_eggsack1_both
model,#c_t8_zmb_2ndclass_female_body2_g_rlegoff
model,#hash_757ba975d7f33096
model,#p8_food_spice_storage_square_tin_lrg_white
model,#veh_t8_zmb_1912_sedan_dest
model,#p8_zm_zod_iceberg_vista_01_sml
model,#p8_zm_wall_buy_ar_modular
model,#wpn_t8_zm_battle_shield_turret_world
model,#p7_zm_der2_vending_packapunch_sign_wait
model,#p7_zm_tra_power_panel_hand
model,#c_t8_zmb_catalyst_fire_rhand_gib
model,#c_t8_zmb_3rdclass_male_body3_g_larmoff
model,#wpn_t8_zm_battle_shield_frost_gun_view
model,#c_t8_zmb_2ndclass_female_body3_g_rlegoff
model,#p8_fxanim_gp_rat_01_mod
model,#c_t8_zmb_3rdclass_male_body4_g_larmoff
model,#p8_fxanim_zm_zod_tentacle_drop_mod
model,#c_t8_zmb_3rdclass_male_body3_g_upclean
model,#p8_zm_wall_buy_tr_leveraction
model,#p8_zm_zod_pap_plinth_sequence_water
model,#p8_zm_deity_icon_audio_danu
model,#p8_zm_zod_alchemical_hourglass
model,#p8_food_dinnerware_cup_coffee_dmg
model,#p8_zm_esc_magic_lid_lock_hinge
model,#hash_78b3f9b1432f3818
model,#p8_food_jar_olives_contents_02
model,#c_zom_der_zombie_body2_g_blegsoff
model,#c_t8_zmb_1stclass_female_body1_g_rarmoff_skin5
model,#c_t8_zmb_1stclass_female_body1_g_rarmoff_skin4
model,#c_t8_zmb_1stclass_female_body1_g_rarmoff_skin6
model,#c_t8_zmb_1stclass_female_body1_g_rarmoff_skin3
model,#c_t8_zmb_1stclass_female_body1_g_rarmoff_skin2
model,#p8_zm_zod_lifeboat_flag
model,#p8_zm_ice_small_chunks_01
model,#p8_zm_ice_small_chunks_03
model,#p8_zm_ice_small_chunks_02
model,#hash_795167c79cd21bf3
model,#p8_zm_powerup_free_perk_02
model,#p8_food_meat_beef_leg_rear_01
model,#p8_zm_zod_door_watertight_deck_orange_001
model,#hash_79ad3d04131f59b3
model,#c_t8_zmb_3rdclass_male_body4_g_upclean_skin3
model,#c_t8_zmb_3rdclass_male_body4_g_upclean_skin2
model,#c_t8_zmb_1stclass_male_body1_g_upclean
model,#hash_79b6040ca3984a0b
model,#hash_79f31558cf137103
model,#p7_shr_weapon_spear_med
model,#c_zom_der_zombie_head1
model,#c_zom_der_zombie_head3
model,#c_zom_der_zombie_head2
model,#c_t8_zmb_3rdclass_female_body2_g_blegsoff
model,#p8_fxanim_zm_zod_ship_wheel_idle_mod
model,#wpn_t8_zm_broadside_cannon_world
model,#p8_fxanim_zm_zod_smokestack_02_mod
model,#p8_zm_wall_buy_sniper_quickscope
model,#c_t8_zmb_dlc0_zombie_male_body1_skin2
model,#c_t8_zmb_dlc0_zombie_male_body1_skin3
model,#p8_fxanim_zm_zod_iceberg_forecastle_damage_mod
model,#c_t8_zmb_crew_sailor_body2_g_upclean
model,#p8_zm_zod_table_settings_utensil_fork_lrg
model,#p8_zm_zod_tree_mq
model,#p8_zm_zod_lifeboat_equipment_flare_container_full
model,#p8_zm_zod_hat_crew_01
model,#p8_fxanim_zm_zod_iceberg_bridge_planks_mod
model,#hash_7c02eb29e369ceba
model,#p8_fxanim_zm_zod_cargo_hold_debris_03_smod
model,#p8_zm_zod_ship_wheel_captain
model,#p8_fxanim_zm_vapor_altar_zeus_bird_head_mod
model,#c_t8_zmb_catalyst_decay_head
model,#wpn_t7_zmb_zod_rocket_shield_window
model,#hash_7ca600aa518d9e65
model,#p8_zm_zod_clock_wall_mail_room_hand_hour
model,#c_t8_zmb_3rdclass_male_body3_skin3_split
model,#p8_decal_graphics_number_1_charlamagne
model,#p7_skulls_bones_foot
model,#p7_zm_vending_packapunch
model,#p7_office_paper_sheet_10
model,#p7_office_paper_sheet_12
model,#p7_office_paper_sheet_09
model,#p7_office_paper_sheet_08
model,#p7_office_paper_sheet_03
model,#p7_office_paper_sheet_02
model,#hash_7db0fe6b44d48431
model,#hash_7dc70fb668d9aee2
model,#p7_shr_weapon_spear_sml
model,#hash_7e63cc025aba156c
model,#c_t8_zmb_3rdclass_male_body2_split
model,#c_t8_zmb_catalyst_water_larm_gib
model,#p8_fxanim_zm_zod_smokestack_01_mod
model,#c_t8_zmb_1stclass_male_body1_split_skin3
model,#c_t8_zmb_1stclass_male_body1_split_skin2
model,#wpn_t8_zm_battle_shield_frost_buckler_world
model,#hash_7f37038577302ceb
model,#p7_hat_top_magician
model,#hash_7f4b2e2d2e56e249
model,#fx_wood_splinter01
model,#fx_wood_splinter02
model,#fx_rifle_shell_blur
model,#p8_fxanim_zm_zod_boss_prom_icicles_03_mod
model,#p8_zm_esc_wood_splintered
model,#veh_t8_destructible_glass_03_red
model,#c_t8_zmb_catalyst_electric_rleg_gib
model,#c_t8_zmb_1stclass_female_body1_g_larmoff
aitype,#spawner_zm_zombie_zod_3rd_class_female
aitype,#spawner_zm_zombie_zod_1st_class_male
aitype,#spawner_zm_zombie_zod_3rd_class_male
aitype,#spawner_zm_catalyst_plasma
aitype,#spawner_zm_catalyst_water
aitype,#spawner_zm_zombie_zod_water
aitype,#spawner_zm_stoker
aitype,#spawner_zm_catalyst_corrosive
aitype,#spawner_zm_blight_father
aitype,#spawner_zm_zombie_zod_1st_class_female_nohat
aitype,#spawner_zm_zombie
aitype,#spawner_zm_catalyst_electric
aitype,#spawner_zm_skeleton_zodt8
aitype,#spawner_zm_zombie_zod_2nd_class_female
aitype,#spawner_zm_zombie_zod_crew
aitype,#spawner_zm_zombie_zod_1st_class_female_hat
aitype,#spawner_zm_zombie_zod
character,#c_t8_zmb_crew_officer1_nohat
character,#c_t8_zmb_3rdclass_female1
character,#c_t8_zmb_3rdclass_female2
character,#c_t8_zmb_3rdclass_female3
character,#c_t8_zmb_crew_sailor2_nohat
character,#c_t8_zmb_2ndclass_female2_hat3
character,#c_t8_zmb_2ndclass_female2_hat2
character,#c_t8_zmb_catalyst_decay
character,#hash_cecf5a5c3d66868
character,#c_t8_zmb_blightfather1
character,#c_t8_zmb_catalyst_fire
character,#c_t8_zmb_1stclass_female1
character,#hash_14d8e61b488e0908
character,#hash_15762f5cc05a157e
character,#c_t8_zmb_3rdclass_male4_skin3
character,#c_t8_zmb_3rdclass_male4_skin2
character,#c_t8_zmb_1stclass_male2
character,#c_t8_zmb_1stclass_male3
character,#c_t8_zmb_1stclass_male1
character,#c_t8_zmb_1stclass_female1_nohat_skin6
character,#c_t8_zmb_1stclass_female1_nohat_skin5
character,#c_t8_zmb_1stclass_female1_nohat_skin4
character,#c_t8_zmb_1stclass_female1_nohat_skin3
character,#c_t8_zmb_1stclass_female1_nohat_skin2
character,#c_t8_zmb_2ndclass_female3_nohat
character,#c_t8_zmb_hero_diego1_igc
character,#c_t8_zmb_crew_sailor1_nohat
character,#c_t8_zmb_dlc0_zombie_female1
character,#hash_28ffb95cd05957d4
character,#hash_29a3043c4b370581
character,#c_t8_zmb_hero_stanton1_igc
character,#c_t8_zmb_crew1_igc
character,#hash_2cad280cbeceb26d
character,#c_t8_zmb_3rdclass_male1
character,#c_t8_zmb_3rdclass_male3
character,#c_t8_zmb_3rdclass_male2
character,#c_t8_zmb_3rdclass_male4
character,#hash_2f441451d3b56959
character,#c_t8_zmb_catalyst_electric
character,#c_t8_zmb_crew4_outro_igc
character,#hash_3b3fa695c7c9040b
character,#hash_3d29553685c4aca7
character,#hash_3d710962e0910a95
character,#c_t8_zmb_catalyst_water
character,#c_t8_zmb_dlc0_zombie_male1
character,#c_t8_zmb_3rdclass_male3_skin2
character,#c_t8_zmb_3rdclass_male3_skin3
character,#hash_51dd3f78e543c653
character,#hash_527359033a0fec16
character,#c_t8_zmb_crew_sailor1
character,#c_t8_zmb_crew_sailor2
character,#hash_59096e2670dcd00e
character,#c_t8_zmb_dlc0_zombie_male1_skin3
character,#c_t8_zmb_dlc0_zombie_male1_skin2
character,#hash_59f4a3e25679a7fa
character,#hash_5b8d1e30fe018f89
character,#c_t8_zmb_2ndclass_female1_nohat
character,#hash_5ce676306c724b10
character,#c_t8_zmb_1stclass_female1_skin6
character,#c_t8_zmb_1stclass_female1_skin4
character,#c_t8_zmb_1stclass_female1_skin5
character,#c_t8_zmb_1stclass_female1_skin2
character,#c_t8_zmb_1stclass_female1_skin3
character,#c_t8_zmb_1stclass_female1_nohat
character,#c_t8_zmb_2ndclass_female1
character,#hash_6608b178f5cb8e31
character,#c_t8_zmb_dlc0_zombie_female1_skin2
character,#c_zom_der_zombie2
character,#hash_6dc90b440c7d75ad
character,#hash_6fa88f6af4cb2d3a
character,#c_t8_zmb_crew_officer1
character,#c_t8_zmb_hero_bruno1_igc
character,#c_t8_zmb_dancer_male5
character,#c_t8_zmb_dancer_male4
character,#c_t8_zmb_dancer_male2
character,#c_t8_zmb_dancer_male1
character,#hash_7887f7fa61198709
character,#hash_78ff5812b6f44c9e
character,#hash_7a6f4c2a57c6d43e
character,#c_t8_zmb_2ndclass_female2_nohat
character,#hash_7befa3e8cd85887a
character,#hash_7c0d71ff3815e967
character,#hash_7c1c25fe4c81e4f6
character,#c_t8_zmb_1stclass_male1_skin3
character,#c_t8_zmb_1stclass_male1_skin2
character,#c_t8_zmb_titanic_stoker
character,#c_t8_zmb_2ndclass_female3_hat2
character,#c_t8_zmb_2ndclass_female3_hat3
xmodelalias,#c_zom_der_zombie_headalias
xmodelalias,#hash_11ea21d04670026b
xmodelalias,#hash_1dc9d37579de5fe4
xmodelalias,#hash_28ae66a52a027563
xmodelalias,#hash_2a9633190b2b12c6
xmodelalias,#hash_475528e39f16a91a
xmodelalias,#hash_593da0986e28fab2
xmodelalias,#hash_612e15b05a54b6c5
xmodelalias,#hash_683f1f1d5213b61d
weapon,#ww_tricannon_t8_upgraded_zm
weapon,#ww_tricannon_earth_t8_zm
weapon,#ww_tricannon_fire_t8_upgraded_zm
weapon,#ww_tricannon_air_t8_zm
weapon,#lmg_double_t8_zm
weapon,#ww_tricannon_air_t8_upgraded_zm
weapon,#zhield_frost_lh_zm
weapon,#zitem_tricannon_upgrade_part_2_zm
weapon,#ww_tricannon_earth_t8_upgraded_zm
weapon,#zhield_dw_zm
weapon,#zitem_rocketshield_part_2_zm
weapon,#ww_tricannon_t8_zm
weapon,#zhield_lh_zm
weapon,#zhield_frost_turret_zm
weapon,#zitem_tricannon_upgrade_part_3_zm
weapon,#ww_tricannon_water_t8_zm
weapon,#zitem_rocketshield_part_3_zm
weapon,#buildable_piece_zm
weapon,#ww_tricannon_fire_t8_zm
weapon,#hash_41a492d8cc5893f9
weapon,#zombie_ai_defaultmelee_zm
weapon,#riotshield_zm
weapon,#stoker_coal_bomb_cp
weapon,#stoker_coal_bomb_zm
weapon,#zhield_frost_dw_zm
weapon,#zitem_tricannon_upgrade_part_1_zm
weapon,#zombie_ai_defaultmelee
weapon,#zitem_rocketshield_part_1_zm
weapon,#ww_tricannon_water_t8_upgraded_zm
weapon,#blight_father_melee
weapon,#stoker_melee
weapon,#bowie_knife_vomit_zm
weapon,#zhield_turret_zm
gesture,#ges_prone_to_crouch
gesture,#ges_slide
gesture,#ges_slide_buckler
gesture,#ges_mantle_buckler
gesture,#ges_crouch_to_prone
gesture,#ges_swim_idle
gesture,#ges_mantle
zbarrier,#zm_zodt8_packapunch
zbarrier,#zodt8_magicbox
zbarrier,#zm_zod_debris_power_02
zbarrier,#zmcore_t8_basicwoodbarrier_white
zbarrier,#zm_zod_debris_power
zbarrier,#zm_zod_debris_02
zbarrier,#zmcore_t8_basicwoodbarrier
zbarrier,#zm_zod_debris
rumble,#defaultweapon_melee
rumble,#zm_castle_pap_tp
rumble,#zm_castle_pulsing_rumble
rumble,#hash_107ea3f0e402de58
rumble,#lmg_adsfire
rumble,#zm_shield_break
rumble,#zm_castle_interact_rumble
rumble,#hash_2173f1ea21cc618c
rumble,#hash_2b7d3fb529fbe027
rumble,#hash_2c759068c6a8567d
rumble,#zm_zodt8_planet_impact
rumble,#hash_322cc8a226215312
rumble,#lmg_fire
rumble,#zm_power_on_rumble
rumble,#pistol_fire
rumble,#zod_shield_juke
rumble,#hash_466de80ca824adcf
rumble,#hash_55b8ea7312be930e
rumble,#zm_fasttravel_vortex_rumble
rumble,#artillery_rumble
rumble,#defaultweapon_fire
rumble,#hash_65c33f14fe3f7a8d
rumble,#hash_676e72d4bae843ff
rumble,#hash_67ca45018833af1d
rumble,#hash_6cedc39167d5e664
rumble,#zm_shield_damage
rumble,#hash_743b325bf45e1c8c
rumble,#anim_med
rumble,#hash_7b580995b5562bfc
shellshock,#status_effect_tinnitus
shellshock,#status_effect_flash
statuseffect,#deaf_electricity_catalyst
statuseffect,#blind_zm_catalyst
statuseffect,#hash_528115ad9eebc84f
statuseffect,#chaos_missile_damage
statuseffect,#dot_corrosive_catalyst
xcam,#ui_cam_cac_equip_shockcharge
xcam,#ui_cam_cac_lmg_double
xcam,#c_zm_zod_outro_sh050_cam
xcam,#ui_cam_icon_lmg_cqb
xcam,#c_zm_zod_outro_sh120_cam
xcam,#c_zm_zod_outro_sh110_cam
xcam,#c_zm_zod_outro_sh080_cam
xcam,#c_zm_zod_outro_sh040_cam
xcam,#c_zm_zod_outro_sh070_cam
xcam,#c_zm_zod_outro_sh090_cam
xcam,#c_zm_zod_outro_sh060_cam
xcam,#c_zm_zod_outro_sh100_cam
xcam,#ui_cam_cac_shotgun_energy
xcam,#c_zm_zod_outro_sh010_cam
xcam,#ui_cam_icon_shotgun_energy
xcam,#c_zm_zod_outro_sh030_cam
xcam,#c_zm_zod_outro_sh020_cam
xcam,#c_zm_zod_outro_sh005_cam
destructible,#hash_39b34657e0d479fb
destructible,#hash_5a916d1c8247b83e
streamerhint,#cin_zm_zod_outro
xanim,#ai_zombie_base_walk_au_v10_pain_chest_f
xanim,#ai_zm_dlc1_zombie_crawl_climb_up_256_down_32
xanim,#vm_lmg_mg08_pullout
xanim,#hash_3b984857d9eb63
xanim,#hash_656cf620eeb046
xanim,#pt_battle_shield_male_stand_putaway
xanim,#ai_t8_zm_zombie_boardtear_aligned_l_6_pull
xanim,#ai_t8_zm_zod_stoker_run_f
xanim,#ai_zombie_base_walk_au_v5_pain_chest_f
xanim,#ai_t8_zm_zombie_base_walk_jump_up_catwlk_160
xanim,#ai_t8_zm_zombie_base_walk_jump_up_catwlk_128
xanim,#vm_battle_shield_ads_base_down
xanim,#ai_t8_zm_zombie_base_trv_jump_up_128_thru_sm_hole
xanim,#ai_zm_dlc1_zombie_walk_lowg_v4_pain_chest_f_alt
xanim,#ai_zombie_base_sprint_ad_sidestep_right_long_b
xanim,#ai_zombie_base_sprint_ad_sidestep_right_long_a
xanim,#vm_battle_shield_idle
xanim,#ai_t8_zm_zombie_base_crawl_boardtear_aligned_l_2_grab
xanim,#hash_203e9f6a1fd8c3d
xanim,#vm_lmg_mg08_fire_last
xanim,#ai_zombie_base_sprint_au_v25_pain_chest_f_alt
xanim,#ai_t8_zm_zombie_base_crawl_boardtear_aligned_l_6_hold
xanim,#hash_223efc65ede670f
xanim,#hash_27216dbe26ee2d0
xanim,#d_civcity_flat_tire_fr
xanim,#d_civcity_flat_tire_fl
xanim,#vm_battle_shield_hand_pose_l
xanim,#vm_battle_shield_hand_pose_r
xanim,#d_civcity_flat_tire_bl
xanim,#d_civcity_flat_tire_br
xanim,#ai_t8_zm_zod_catalyst_electric_spawn_01
xanim,#ai_zombie_base_run_ad_v21_pain_chest_f
xanim,#hash_2d44da3f4d07db9
xanim,#ai_zombie_zod_crawl_stunned_electrobolt_e
xanim,#ai_zombie_zod_crawl_stunned_electrobolt_d
xanim,#ai_zombie_zod_crawl_stunned_electrobolt_a
xanim,#ai_zombie_zod_crawl_stunned_electrobolt_c
xanim,#ai_zombie_zod_crawl_stunned_electrobolt_b
xanim,#pt_battle_shield_male_stand_fire
xanim,#hash_31435c8b8b26f00
xanim,#vm_battle_shield_sprint_putaway
xanim,#hash_32d2870da50963f
xanim,#ai_zm_dlc1_zombie_sprint_climb_up_gatehouse
xanim,#ai_t8_zm_zombie_boardtear_aligned_r_3_hold
xanim,#ai_zombie_base_walk_ad_v22_pain_chest_f_alt
xanim,#ai_zombie_base_walk_au_sidestep_right_b
xanim,#hash_3893d7476e33397
xanim,#ai_t8_zm_zombie_base_run_jump_up_128_quick
xanim,#hash_38b27576336531d
xanim,#ai_zombie_base_crawl_boardtear_aligned_r_3_hold
xanim,#hash_3c2713384c4c81a
xanim,#p8_fxanim_zm_zod_sent_trail1_boat_break_idle_anim
xanim,#ai_zombie_base_walk_ad_v23_pain_chest_f
xanim,#hash_3f4958b11e2f292
xanim,#ai_t8_zm_zod_stoker_sprint_jump_dn_36
xanim,#ai_t8_zm_zod_stoker_sprint_jump_dn_72
xanim,#ai_t8_zm_zod_stoker_sprint_jump_dn_48
xanim,#ai_t8_zm_zod_stoker_sprint_jump_dn_96
xanim,#ai_t8_zm_zombie_base_crawl_boardtear_aligned_r_1_hold
xanim,#p8_fxanim_zm_zod_magic_box_skull_drop_anim
xanim,#ai_t8_zm_zombie_boardtear_aligned_m_1_pull
xanim,#ai_zombie_base_sprint_ad_v22_pain_chest_f
xanim,#ai_zombie_base_crawl_boardtear_aligned_r_3_grab
xanim,#vm_lmg_mg08_first_raise
xanim,#p8_fxanim_gp_debris_water_02_anim
xanim,#hash_532417549af66d4
xanim,#ai_t8_zm_zod_bltfthr_trv_mantle_128
xanim,#ai_t8_zm_zombie_base_crawl_boardtear_aligned_r_2_hold
xanim,#hash_5bc607a34ba460d
xanim,#ai_zombie_base_run_au_v5_pain_chest_f
xanim,#hash_5d9710cc5d4d5a8
xanim,#ai_zombie_base_supersprint_ad_v2
xanim,#ai_zombie_base_supersprint_ad_v1
xanim,#ai_t8_zm_zod_stoker_walk_f_pain_chest_f_alt
xanim,#ai_zombie_base_crawl_boardtear_aligned_r_3_pull
xanim,#hash_628605ba35939e3
xanim,#ai_zombie_base_crawl_boardtear_aligned_m_2_pull
xanim,#ai_t8_zm_zombie_base_trv_entry_climb_64
xanim,#ai_t8_zombie_base_walk_au_win_trav_r_v1
xanim,#ai_zm_dlc1_zombie_run_lowg_v1_pain_chest_f
xanim,#ai_zombie_base_dth_f_chest_lt_00
xanim,#ai_zombie_base_dth_f_chest_lt_01
xanim,#ai_zombie_base_dth_f_chest_lt_02
xanim,#ai_zombie_base_dth_f_chest_lt_03
xanim,#p8_fxanim_zm_zod_magic_box_open_anim
xanim,#ai_zombie_base_boardtear_aligned_l_3_pull
xanim,#ai_t8_zm_zombie_boardtear_aligned_l_3_pull
xanim,#p8_fxanim_zm_zod_ship_wheel_idle_anim
xanim,#ai_zombie_base_walk_ad_v22_pain_chest_f
xanim,#ai_zombie_base_walk_ad_v1_pain_chest_f
xanim,#ai_t8_zm_zod_bltfthr_pain_stun_out
xanim,#ai_zombie_base_boardtear_aligned_m_2_pull
xanim,#vm_lmg_mg08_crawl_l
xanim,#vm_lmg_mg08_crawl_b
xanim,#vm_lmg_mg08_crawl_f
xanim,#vm_lmg_mg08_crawl_r
xanim,#p8_fxanim_zm_zod_tentacle_drop_anim
xanim,#ai_zm_dlc1_zombie_climb_up_256_down_40
xanim,#ai_zm_dlc1_zombie_climb_up_256_down_32
xanim,#ai_t8_zombie_base_sprint_au_v20_pain_chest_f
xanim,#ai_t8_zm_zod_bltfthr_trv_jump_dn_36
xanim,#hash_7ca16aeab3098ab
xanim,#hash_7ca17aeab309a5e
xanim,#ai_t8_zm_zod_bltfthr_trv_jump_dn_48
xanim,#ai_t8_zombie_base_cust_trv_jump_up_zm_mnsn_main_hall
xanim,#ai_t8_zm_zod_bltfthr_trv_jump_dn_72
xanim,#ai_t8_zm_zombie_base_crawl_boardtear_aligned_l_1_pull
xanim,#ai_t8_zm_zod_bltfthr_trv_jump_dn_96
xanim,#ai_zombie_zod_crawl_jump_down_256
xanim,#hash_7f8f3d243b7c02b
xanim,#hash_7f8f4d243b7c1de
xanim,#hash_7f8f5d243b7c391
xanim,#hash_80f100a3a90dd4d
xanim,#ai_zombie_base_sprint_ad_v5
xanim,#ai_zombie_base_sprint_ad_v1
xanim,#ai_zombie_base_sprint_ad_v2
xanim,#ai_t8_zm_zod_stoker_knockdown_r_01
xanim,#ai_zombie_base_sprint_au_v21_pain_chest_f
xanim,#ai_zombie_base_crawl_boardtear_aligned_r_5_grab
xanim,#ai_t8_zombie_base_run_au_win_trav_m_v1
xanim,#vm_battle_shield_sprint_loop
xanim,#hash_8d4fee18428f3f3
xanim,#ai_zombie_smash_react_getup
xanim,#hash_9160f11e39d7dbe
xanim,#ai_zombie_base_walk_ad_v19_pain_chest_f
xanim,#ai_zombie_base_crawl_boardtear_aligned_l_3_pull
xanim,#vm_ww_tricannon_swim_uw_putaway
xanim,#ai_t8_zm_zombie_crawl_undercroft_spawn_02
xanim,#p8_fxanim_zm_zod_kraken_chest_close_anim
xanim,#hash_9f6fb67842af932
xanim,#vm_battle_turret_pullout
xanim,#p8_fxanim_zm_vapor_altar_ra_off_anim
xanim,#vm_zom_bowie_knife_melee_stab
xanim,#vm_bare_hands_t8_swim_uw_sprint_loop
xanim,#ai_t8_zm_zod_catalyst_water_sprint_02
xanim,#ai_t8_zm_zod_catalyst_water_sprint_01
xanim,#p8_fxanim_zm_zod_water_pump_on_anim
xanim,#vm_lmg_mg08_inspect
xanim,#hash_a7e4ab34877f091
xanim,#hash_a8533f7635431a0
xanim,#hash_a8534f763543353
xanim,#hash_a8538f763543a1f
xanim,#hash_a8539f763543bd2
xanim,#hash_a853af763543d85
xanim,#ai_t8_zm_zod_bltfthr_pain_knockdown_f_01
xanim,#bo3_ai_zombie_taunts_4
xanim,#hash_ab767d4b17b1591
xanim,#ai_zombie_base_crawl_boardtear_aligned_m_2_hold
xanim,#ai_zm_dlc1_zombie_sprint_lowg_v3_pain_chest_f_alt
xanim,#ai_zombie_base_crawl_boardtear_aligned_r_6_hold
xanim,#ai_zombie_base_run_au_v11_pain_chest_f_alt
xanim,#ai_zombie_base_crawl_boardtear_aligned_m_3_grab
xanim,#ai_t8_zm_zod_stoker_sprint_jump_dn_160
xanim,#ai_t8_zm_zod_stoker_sprint_jump_dn_128
xanim,#ai_t8_zm_zombie_base_walk_attack_14
xanim,#ai_t8_zm_zombie_base_walk_attack_15
xanim,#ai_t8_zm_zombie_base_walk_attack_11
xanim,#ai_t8_zm_zombie_base_walk_attack_12
xanim,#ai_t8_zm_zombie_base_walk_attack_09
xanim,#ai_t8_zm_zombie_base_walk_attack_08
xanim,#ai_t8_zm_zombie_base_walk_attack_07
xanim,#ai_t8_zm_zombie_base_walk_attack_06
xanim,#ai_t8_zm_zombie_base_walk_attack_05
xanim,#ai_t8_zm_zombie_base_walk_attack_04
xanim,#ai_t8_zm_zombie_base_walk_attack_02
xanim,#ai_t8_zm_zombie_base_walk_attack_01
xanim,#ai_t8_zm_zod_bltfthr_melee_swipe_right
xanim,#hash_c2f8fd104cdce3e
xanim,#p8_fxanim_zm_zod_sentinel_chaos_anim
xanim,#ai_zombie_dr_jump_up_2_climb
xanim,#hash_c9a9042e09500c7
xanim,#hash_cd9a6cc82343e9c
xanim,#ai_t8_zm_zombie_boardtear_aligned_m_1_grab
xanim,#hash_ce5fd4775dfa41f
xanim,#hash_cee7f77d836aeb7
xanim,#pt_battle_shield_male_stand_fire_delay
xanim,#p8_fxanim_zm_zod_iceberg_poop_deck_cranes_idle_01_anim
xanim,#ai_zombie_base_boardtear_aligned_r_5_pull
xanim,#hash_d4ff40bbef9ea1f
xanim,#ai_base_rifle_stn_run_dth_f_head_lt_1
xanim,#vm_battle_shield_sprint_out
xanim,#hash_dc2760768a5a681
xanim,#ai_zombie_base_run_turn_45_l_v2
xanim,#vm_ww_tricannon_sprint_loop
xanim,#hash_e25ca01b216ef4f
xanim,#ai_t8_zm_zombie_base_crawl_trv_entry_window_414
xanim,#ai_zombie_base_sprint_turn_45_l_v2
xanim,#o_zombie_base_magic_box_teddy_rise
xanim,#ai_zombie_base_run_ad_v22_pain_chest_f
xanim,#hash_e64540eab4acebf
xanim,#p8_fxanim_zm_pap_disassemble_anim
xanim,#ai_zombie_base_walk_ad_v24_pain_chest_f
xanim,#ai_zombie_base_crawl_boardtear_aligned_r_5_hold
xanim,#ai_t8_zm_zod_bltfthr_stn_turn_r_135
xanim,#hash_eaa339792cd1389
xanim,#ai_zombie_base_crawl_sprint_v2
xanim,#ai_zombie_base_crawl_sprint_v3
xanim,#ai_zombie_base_crawl_sprint_v1
xanim,#ai_t8_zm_zod_bltfthr_stn_turn_r_180
xanim,#hash_f01d67602dc1c67
xanim,#hash_f1276ea4ddd65e9
xanim,#ai_zombie_base_crawl_boardtear_aligned_l_6_grab
xanim,#ai_zm_dlc1_zombie_jump_down_lower_courtyard
xanim,#p8_fxanim_zm_zod_magic_box_plinth_anim
xanim,#vm_t8_swim_out
xanim,#ai_zombie_base_fast_sprint_02_pain_chest_f_alt
xanim,#hash_fedc41ab10780fd
xanim,#hash_fedc61ab1078463
xanim,#ai_t8_zm_zombie_base_trv_entry_window_414
xanim,#ai_t8_zm_zombie_base_crawl_boardtear_aligned_m_6_pull
xanim,#ai_zombie_base_sprint_au_win_trav_l_v1
xanim,#p8_fxanim_zm_zod_chaos_zombie_03_anim
xanim,#ai_zombie_base_crawl_boardtear_aligned_m_1_grab
xanim,#ai_t8_zm_zod_bltfthr_trv_jump_up_36
xanim,#ai_t8_zm_zod_bltfthr_trv_jump_up_48
xanim,#ai_t8_zm_zod_bltfthr_trv_jump_up_72
xanim,#ai_t8_zm_zod_bltfthr_trv_jump_up_96
xanim,#ai_t8_zombie_base_sprint_au_v1_pain_chest_f_alt
xanim,#ai_zombie_base_dth_l_chest_hvy_00
xanim,#ai_zombie_base_dth_l_chest_hvy_03
xanim,#ai_zombie_base_dth_l_chest_hvy_02
xanim,#vm_t8_swim_out_additive
xanim,#ai_zombie_base_run_ad_v11_pain_chest_f_alt
xanim,#vm_lmg_mg08_ads_base_up
xanim,#ai_zombie_base_walk_au_v6_pain_chest_f
xanim,#ai_zombie_base_dth_l_torso_lt
xanim,#hash_11821b1094190265
xanim,#ai_zombie_base_run_au_v23_pain_chest_f_alt
xanim,#ai_zombie_base_boardtear_aligned_l_5_grab
xanim,#ai_t8_zm_zod_catalyst_plasma_death_01
xanim,#ai_t8_zm_zod_catalyst_plasma_death_03
xanim,#ai_t8_zm_zod_catalyst_plasma_death_02
xanim,#ai_zombie_base_jump_down_48
xanim,#ai_zombie_base_jump_down_72
xanim,#vm_battle_shield_fire
xanim,#ai_zombie_base_jump_down_36
xanim,#ai_zombie_base_walk_ad_v20_pain_chest_f_alt
xanim,#ai_zombie_base_jump_down_96
xanim,#ai_zombie_base_walk_ad_v1_pain_chest_f_alt
xanim,#ai_zombie_base_sprint_ad_v1_pain_chest_f_alt
xanim,#ai_zombie_base_walk_turn_45_r_v2
xanim,#ai_zombie_base_boardtear_aligned_l_3_grab
xanim,#ai_zombie_base_boardtear_aligned_m_2_grab
xanim,#ai_zombie_base_dth_b_chest_lt_02
xanim,#ai_zombie_base_dth_b_chest_lt_03
xanim,#ai_zombie_base_run_turn_90_l_v3
xanim,#ai_t8_zm_zod_bltfthr_vomit_crafting_table
xanim,#ai_zm_dlc1_zombie_run_lowg_v3_pain_chest_f
xanim,#ai_zombie_base_crawl_boardtear_aligned_r_6_pull
xanim,#hash_1290feedb3ee8d54
xanim,#ai_t8_zm_zombie_base_crawl_boardtear_aligned_l_5_grab
xanim,#vm_ww_tricannon_putaway_quick
xanim,#vm_lmg_mg08_gunbutt_swipe
xanim,#ai_t8_zm_zombie_base_crawl_boardtear_aligned_l_4_grab
xanim,#ai_zombie_base_crawl_jump_down_160
xanim,#hash_1349a3f7d09e882b
xanim,#hash_134b8090d1b4b580
xanim,#hash_134b8190d1b4b733
xanim,#hash_134b8390d1b4ba99
xanim,#hash_134b8490d1b4bc4c
xanim,#hash_134b8590d1b4bdff
xanim,#hash_134b8690d1b4bfb2
xanim,#hash_134b8790d1b4c165
xanim,#hash_134b8a90d1b4c67e
xanim,#hash_134b8b90d1b4c831
xanim,#hash_134f0390d1b7c9f0
xanim,#hash_134f0490d1b7cba3
xanim,#hash_134f0790d1b7d0bc
xanim,#hash_134f0890d1b7d26f
xanim,#hash_134f0990d1b7d422
xanim,#hash_134f0a90d1b7d5d5
xanim,#ai_zombie_base_crawl_jump_down_128
xanim,#vm_lmg_mg08_sprint_in
xanim,#ai_zombie_base_run_au_win_trav_r_v1
xanim,#ai_zombie_base_walk_au_v23_pain_chest_f_alt
xanim,#hash_1382526c87cd0396
xanim,#hash_1394d66d6f77aa6b
xanim,#hash_13c0c900aa1bd882
xanim,#ai_zombie_base_sprint_au_win_trav_r_v1
xanim,#ai_t8_zm_zod_bltfthr_pain_knockdown_l_01
xanim,#hash_140f141e5bcf9251
xanim,#ai_zombie_base_walk_au_v3_pain_chest_f_alt
xanim,#hash_143252d4ded6c53e
xanim,#hash_143253d4ded6c6f1
xanim,#hash_143254d4ded6c8a4
xanim,#hash_143255d4ded6ca57
xanim,#hash_143256d4ded6cc0a
xanim,#ai_zombie_base_crawl_boardtear_aligned_l_3_grab
xanim,#p8_fxanim_zm_zod_table_icechunk_anim
xanim,#ai_zm_dlc1_zombie_jump_up_lowg_v1
xanim,#ai_zombie_base_run_au_attack_v1
xanim,#ai_zombie_base_run_au_attack_v3
xanim,#ai_zombie_base_run_au_attack_v2
xanim,#ai_zombie_base_run_au_attack_v4
xanim,#ai_zombie_base_walk_au_sidestep_left_long
xanim,#o_zombie_base_packapunch_working_eject_gun
xanim,#hash_14dee561075d6ff1
xanim,#ai_zombie_base_run_ad_v8_pain_chest_f
xanim,#vm_battle_shield_walk_f
xanim,#ai_zombie_base_run_ad_v8
xanim,#ai_zombie_base_run_ad_v1
xanim,#ai_zombie_base_run_ad_v2
xanim,#ai_zombie_base_run_ad_v4
xanim,#ai_zombie_base_run_ad_v7
xanim,#hash_1544479ab0f4ac15
xanim,#ai_zombie_base_run_mantle_over_36
xanim,#ai_t8_zm_zod_catalyst_electric_idle_02
xanim,#ai_t8_zm_zod_catalyst_electric_idle_01
xanim,#ai_zombie_base_run_mantle_over_72
xanim,#ai_zombie_base_run_mantle_over_48
xanim,#vm_ww_tricannon_pullout_quick
xanim,#ai_zombie_base_run_mantle_over_96
xanim,#ai_t8_zm_zombie_boardtear_aligned_l_4_grab
xanim,#vm_lmg_mg08_ads_base_down
xanim,#p8_fxanim_zm_zod_cargo_hold_net_fall_02_anim
xanim,#hash_16460c6cc1ea3347
xanim,#hash_16680bfd781d9a47
xanim,#hash_16680cfd781d9bfa
xanim,#p8_fxanim_zm_zod_boss_prom_pipes_03_anim
xanim,#vm_lmg_mg08_fire_intro
xanim,#ai_zombie_base_walk_ad_v3
xanim,#ai_zombie_base_walk_ad_v2
xanim,#ai_zombie_base_walk_ad_v1
xanim,#ai_zombie_base_walk_ad_v7
xanim,#ai_zombie_base_walk_ad_v6
xanim,#ai_zombie_base_walk_ad_v5
xanim,#ai_zombie_base_walk_ad_v4
xanim,#ai_zombie_base_crawl_boardtear_aligned_r_4_grab
xanim,#ai_t8_zm_zombie_base_crawl_boardtear_aligned_m_5_pull
xanim,#ai_t8_zm_zombie_base_walk_jump_up_96
xanim,#ai_t8_zm_zombie_base_walk_jump_up_48
xanim,#ai_t8_zm_zombie_base_walk_jump_up_72
xanim,#ai_t8_zm_zombie_base_walk_jump_up_36
xanim,#ai_zombie_base_sprint_au_v2_pain_chest_f
xanim,#ai_zombie_base_walk_au_pain_head_v1
xanim,#p8_fxanim_zm_zod_iceberg_forecastle_ladder_impact_anim
xanim,#hash_1788e11e01d68954
xanim,#ai_t8_zm_zombie_base_attack_14
xanim,#ai_t8_zm_zombie_base_attack_15
xanim,#ai_t8_zm_zombie_base_attack_12
xanim,#ai_t8_zm_zombie_base_attack_13
xanim,#ai_t8_zm_zombie_base_attack_10
xanim,#ai_t8_zm_zombie_base_attack_11
xanim,#ai_t8_zm_zombie_base_attack_09
xanim,#ai_t8_zm_zombie_base_attack_08
xanim,#ai_t8_zm_zombie_base_attack_01
xanim,#ai_t8_zm_zombie_base_attack_03
xanim,#ai_t8_zm_zombie_base_attack_02
xanim,#ai_t8_zm_zombie_base_attack_05
xanim,#ai_t8_zm_zombie_base_attack_04
xanim,#ai_t8_zm_zombie_base_attack_07
xanim,#ai_t8_zm_zombie_base_attack_06
xanim,#ai_zombie_base_walk_ad_v23
xanim,#ai_zombie_base_walk_ad_v22
xanim,#ai_zombie_base_walk_ad_v21
xanim,#ai_zombie_base_walk_ad_v20
xanim,#ai_zombie_base_walk_ad_v25
xanim,#ai_zombie_base_walk_ad_v24
xanim,#ai_zombie_base_walk_ad_v19
xanim,#ai_t8_zm_zombie_base_run_jump_up_48
xanim,#ai_t8_zm_zombie_base_run_jump_up_72
xanim,#ai_zombie_base_dth_r_head_lt
xanim,#ai_t8_zm_zombie_base_run_jump_up_36
xanim,#vm_ww_tricannon_fall
xanim,#ai_t8_zm_zombie_base_run_jump_up_96
xanim,#ai_zm_dlc1_zombie_jump_up_36_down_180
xanim,#vm_lmg_mg08_sprint_raise
xanim,#ai_zm_dlc1_zombie_sprint_lowg_v4_pain_chest_f
xanim,#hash_17fefa6daf1211bc
xanim,#ai_t8_zm_zod_catalyst_water_arrival_7
xanim,#ai_t8_zm_zod_catalyst_water_arrival_6
xanim,#ai_t8_zm_zod_catalyst_water_arrival_4
xanim,#ai_t8_zm_zod_catalyst_water_arrival_3
xanim,#ai_t8_zm_zod_catalyst_water_arrival_2
xanim,#ai_t8_zm_zod_catalyst_water_arrival_1
xanim,#ai_t8_zm_zod_catalyst_water_arrival_9
xanim,#ai_t8_zm_zod_catalyst_water_arrival_8
xanim,#ai_zombie_base_crawl_boardtear_aligned_m_5_hold
xanim,#p8_fxanim_zm_zod_cargo_hold_net_idle_02_anim
xanim,#ai_zombie_base_walk_ad_v24_pain_chest_f_alt
xanim,#vm_lmg_mg08_fire
xanim,#hash_1838f27a1e618368
xanim,#ai_t8_zm_zod_stoker_walk_f
xanim,#ai_t8_zm_zombie_base_crawl_boardtear_aligned_r_6_grab
xanim,#hash_188cf779bae4879c
xanim,#hash_188cf879bae4894f
xanim,#hash_188cfa79bae48cb5
xanim,#ai_zombie_base_sprint_turn_180_r_v3
xanim,#ai_t8_zm_zod_bltfthr_stn_turn_r_45
xanim,#ai_zombie_smash_react_f_flatonback
xanim,#ai_t8_zm_zod_bltfthr_stn_turn_r_90
xanim,#hash_19454e023d34e0b0
xanim,#hash_194551023d34e5c9
xanim,#ai_t8_zombie_base_walk_au_win_trav_m_v1
xanim,#ai_t8_zombie_base_walk_au_win_trav_m_v2
xanim,#ai_t8_zombie_base_walk_au_win_trav_m_v3
xanim,#ai_t8_zm_zombie_boardtear_aligned_l_2_hold
xanim,#ai_zombie_base_crawl_jump_across_256
xanim,#ai_zombie_base_run_au_v2_pain_chest_f_alt
xanim,#ai_zm_dlc1_zombie_walk_lowg_v2_pain_chest_f
xanim,#ai_zombie_base_walk_au_win_trav_m_v1
xanim,#ai_zombie_base_walk_au_win_trav_m_v3
xanim,#ai_zombie_base_walk_au_win_trav_m_v2
xanim,#p8_fxanim_zm_vapor_altar_odin_anim
xanim,#ai_zombie_base_dth_f_head_hvy_02
xanim,#ai_zombie_base_dth_f_head_hvy_03
xanim,#ai_zombie_base_dth_f_head_hvy_01
xanim,#ai_zombie_base_walk_ad_v5_pain_chest_f_alt
xanim,#ai_zombie_base_sprint_turn_90_r_v2
xanim,#ai_t8_zm_zombie_base_run_jump_up_catwlk_160
xanim,#ai_t8_zombie_base_sprint_au_v22_pain_chest_f_alt
xanim,#ai_t8_zm_zombie_base_run_jump_up_catwlk_128
xanim,#hash_1a73a224407613cb
xanim,#hash_1aac8126dbc153d6
xanim,#ai_zombie_base_taunts_v3
xanim,#ai_zombie_base_taunts_v2
xanim,#ai_zombie_base_taunts_v1
xanim,#ai_zombie_base_taunts_v7
xanim,#ai_zombie_base_taunts_v6
xanim,#ai_zombie_base_taunts_v5
xanim,#ai_zombie_base_taunts_v4
xanim,#ai_zombie_base_taunts_v9
xanim,#ai_zombie_base_taunts_v8
xanim,#ai_t8_zm_zombie_boardtear_aligned_r_3_pull
xanim,#vm_lmg_mg08_swim_uw_pullout
xanim,#ai_zombie_base_crawl_boardtear_aligned_m_6_hold
xanim,#ai_zombie_base_sprint_au_v2
xanim,#ai_zombie_base_sprint_au_v1
xanim,#ai_t8_zombie_base_sprint_ad_win_trav_l_v1
xanim,#p8_fxanim_zm_zod_engine_pistons_02_idle_anim
xanim,#hash_1b5216b6e376e933
xanim,#ai_zombie_base_walk_ad_sidestep_right_long_b
xanim,#ai_zombie_base_walk_ad_sidestep_right_long_a
xanim,#ai_zombie_base_run_jump_down_128
xanim,#hash_1bdf20d3081401ed
xanim,#ai_t8_zombie_base_win_attack_arm_l_out
xanim,#ai_t8_zm_zombie_base_trv_entry_climb_496
xanim,#ai_t8_zm_zombie_base_crawl_boardtear_aligned_r_2_pull
xanim,#hash_1c1263a2171b29df
xanim,#hash_1c1264a2171b2b92
xanim,#hash_1c1265a2171b2d45
xanim,#ai_zombie_base_dth_r_torso_lt
xanim,#ai_zombie_base_run_ad_v4_pain_chest_f
xanim,#ai_t8_zombie_base_sprint_au_v1_pain_chest_f
xanim,#hash_1c50ba59da59576a
xanim,#ai_t8_zombie_base_crawl_run_win_trav_l_v1
xanim,#o_t8_zm_zombie_board_5_repair
xanim,#hash_1cff487ffa82a26b
xanim,#ai_zombie_base_sprint_ad_v21_pain_chest_f
xanim,#ai_t8_zm_zombie_base_crawl_boardtear_aligned_r_4_pull
xanim,#vm_bare_hands_t8_swim_tw_sprint_loop
xanim,#hash_1d561deb446798f5
xanim,#ai_zombie_base_crawl_boardtear_aligned_l_1_hold
xanim,#ai_zombie_base_walk_turn_180_r_v3
xanim,#ai_t8_zm_zombie_boardtear_aligned_l_3_hold
xanim,#ai_t8_zombie_base_crawl_run_win_trav_r_v1
xanim,#vm_t8_swim_in
xanim,#ai_zombie_base_walk_ad_sidestep_right_short
xanim,#ai_zombie_base_mantle_over_128
xanim,#ai_t8_zm_zombie_base_run_jump_down_72
xanim,#ai_t8_zm_zombie_base_run_jump_down_48
xanim,#ai_zombie_base_walk_ad_sidestep_left_short
xanim,#ai_zombie_base_dth_r_chest_hvy_03
xanim,#ai_zombie_base_dth_r_chest_hvy_02
xanim,#ai_zombie_base_dth_r_chest_hvy_01
xanim,#ai_t8_zm_zombie_base_run_jump_down_36
xanim,#vm_t8_swim_idle_static_additive
xanim,#ai_t8_zm_zombie_base_run_jump_down_96
xanim,#ai_zombie_base_walk_au_v13
xanim,#ai_zombie_base_walk_au_v12
xanim,#ai_zombie_base_walk_au_v11
xanim,#ai_zombie_base_walk_au_v10
xanim,#ai_zombie_base_walk_au_v15
xanim,#ai_zombie_base_walk_au_v23
xanim,#ai_zombie_base_walk_au_v20
xanim,#ai_zombie_base_walk_au_v21
xanim,#ai_t8_zm_zod_bltfthr_trv_jump_dn_128
xanim,#ai_t8_zm_zombie_boardtear_aligned_l_3_grab
xanim,#ai_zombie_base_run_jump_up_96
xanim,#ai_zombie_base_run_jump_up_48
xanim,#ai_zombie_base_run_jump_up_72
xanim,#ai_zombie_base_run_jump_up_36
xanim,#ai_t8_zm_zod_bltfthr_trv_mantle_96
xanim,#hash_1eb13a094b2a7ba0
xanim,#ai_t8_zm_zod_bltfthr_trv_mantle_72
xanim,#ai_t8_zm_zod_bltfthr_trv_mantle_40
xanim,#ai_t8_zm_zod_bltfthr_trv_mantle_48
xanim,#ai_t8_zm_zod_bltfthr_trv_mantle_36
xanim,#ai_t8_zm_zod_stoker_walk_jump_dn_160
xanim,#p8_fxanim_zm_zod_engine_pistons_03_idle_anim
xanim,#vm_shock_charge_idle
xanim,#ai_t8_zm_zod_stoker_walk_jump_dn_128
xanim,#ai_t8_zm_zod_bltfthr_melee_swipe_left
xanim,#ai_zm_dlc1_zombie_jump_up_36_down_244
xanim,#p8_fxanim_zm_zod_boss_prom_pipes_01_anim
xanim,#p8_fxanim_zm_zod_iceberg_forecastle_ladder_rt_idle_anim
xanim,#ai_t8_zombie_base_sprint_au_v2_pain_chest_f_alt
xanim,#ai_t8_zm_zombie_base_crawl_boardtear_aligned_m_6_grab
xanim,#ai_zombie_base_walk_au_v2_pain_chest_f_alt
xanim,#ai_t8_zm_zombie_base_crawl_boardtear_aligned_l_6_pull
xanim,#hash_1fb1c1badca9714c
xanim,#ai_zm_dlc1_zombie_run_lowg_v4_pain_chest_f_alt
xanim,#hash_1fca781bef77f9de
xanim,#ai_zombie_base_run_ad_v12_pain_chest_f_alt
xanim,#ai_zombie_base_sprint_ad_v5_pain_chest_f
xanim,#ai_t8_zm_zod_bltfthr_stn_turn_l_180
xanim,#ai_t8_zm_zombie_base_trv_entry_mantle_272
xanim,#ai_t8_zm_zod_bltfthr_stn_turn_l_135
xanim,#ai_zombie_base_walk_au_v12_pain_chest_f_alt
xanim,#vm_riotshield_zm_putaway
xanim,#ai_t8_zm_zombie_base_crawl_trv_entry_window_272
xanim,#ai_zombie_base_run_au_v20_pain_chest_f_alt
xanim,#hash_2044c117f5a71553
xanim,#ai_zombie_smash_react_f_upontoback
xanim,#ai_t8_zm_zombie_base_crawl_boardtear_aligned_l_3_grab
xanim,#ai_zombie_base_sprint_au_sidestep_right_long_b
xanim,#ai_zombie_base_sprint_au_sidestep_right_long_a
xanim,#ai_t8_zm_zod_bltfthr_pain_getup_l_01
xanim,#hash_20f29b835b2410ec
xanim,#ai_zm_dlc1_zombie_walk_lowg_v4_pain_chest_f
xanim,#hash_214e88dcf789e9ef
xanim,#ai_t8_zombie_base_win_attack_arm_r_out
xanim,#vm_ww_tricannon_reload
xanim,#ai_t8_zm_zombie_base_sprint_mantle_over_36
xanim,#p8_fxanim_zm_zod_iceberg_forecastle_damage_ice_chunks_anim
xanim,#ai_zm_dlc1_zombie_crawl_jump_up_180_down_36
xanim,#ai_zombie_base_sprint_ad_sidestep_right_short
xanim,#hash_21fe3c877ce5f067
xanim,#vm_battle_shield_putaway
xanim,#ai_t8_zm_zombie_boardtear_aligned_r_4_pull
xanim,#hash_22329fd68a880594
xanim,#hash_223def110bf8abfb
xanim,#ai_zm_dlc1_zombie_sprint_lowg_v2_pain_chest_f_alt
xanim,#ai_t8_zm_zombie_boardtear_aligned_m_5_pull
xanim,#ai_t8_zm_zod_bltfthr_tongue_attack_loop
xanim,#hash_22629d28057b9b0f
xanim,#o_t8_zm_zombie_board_6_pull
xanim,#p8_fxanim_zm_vapor_altar_odin_off_anim
xanim,#ai_zombie_base_crawl_boardtear_aligned_m_6_pull
xanim,#hash_2281a0a6b5100448
xanim,#vm_battle_turret_putaway_alt
xanim,#hash_231b5f6c9cbb8084
xanim,#hash_2356e5b46a0c7166
xanim,#ai_zombie_base_jump_up_128
xanim,#ai_zombie_base_jump_up_160
xanim,#ai_t8_zombie_base_crawl_win_trav_m_v1
xanim,#ai_t8_zombie_base_crawl_win_trav_m_v2
xanim,#hash_239294a39c028667
xanim,#ai_t8_zm_zombie_boardtear_aligned_m_6_grab
xanim,#hash_23f22f984ef7db59
xanim,#ai_t8_zm_zombie_base_run_jump_down_128
xanim,#p8_fxanim_zm_zod_pneumatic_tube_flare_stuck_anim
xanim,#hash_247bcb346271af43
xanim,#hash_248b89d79f2f75c7
xanim,#hash_249270f490ba7f6a
xanim,#ai_t8_zm_zombie_base_crawl_boardtear_aligned_m_2_hold
xanim,#hash_24a0a9f5044ba53e
xanim,#ai_t8_zm_zombie_base_crawl_jump_down_128
xanim,#ai_t8_zm_zod_stoker_sprint_f_pain_chest_f
xanim,#ai_t8_zm_zombie_base_crawl_jump_down_160
xanim,#ai_zombie_base_sprint_au_v22_pain_chest_f
xanim,#hash_24f221de31f87832
xanim,#hash_250de7e146f5b2e8
xanim,#p8_fxanim_zm_zod_sent_trail3_grate_anim
xanim,#hash_25240c48edab60f2
xanim,#hash_253074472ced6379
xanim,#ai_zombie_base_boardtear_aligned_r_4_hold
xanim,#pt_rifle_prone_bowie_swipe
xanim,#ai_t8_zm_zombie_base_crawl_boardtear_aligned_l_5_hold
xanim,#ai_zm_dlc1_zombie_climb_up_lower_courtyard
xanim,#p8_fxanim_zm_zod_iceberg_poop_deck_cranes_idle_anim
xanim,#p8_fxanim_zm_packapunch_worldguns_small_ejected
xanim,#vm_ww_tricannon_hand_pose_l
xanim,#vm_ww_tricannon_hand_pose_r
xanim,#hash_25cc2fbdc8634dbc
xanim,#hash_25cf04431b3e6a8c
xanim,#ai_t8_zm_zombie_base_crawl_boardtear_aligned_r_1_grab
xanim,#hash_260f4536a22d0d65
xanim,#p8_fxanim_zm_zod_engine_pistons_01_idle_anim
xanim,#ai_t8_zombie_base_sprint_au_v20_pain_chest_f_alt
xanim,#hash_2624e4bc9ba8b02e
xanim,#hash_2637b6e3aa6d4b56
xanim,#hash_2637ee203d1de8e8
xanim,#hash_26529e956f83b806
xanim,#hash_2653add61c4b3565
xanim,#p8_fxanim_zm_office_wormhole_anim
xanim,#ai_zombie_base_walk_ad_win_trav_r_v1
xanim,#hash_26d6434b5f5c8735
xanim,#vm_t8_base_slide
xanim,#ai_zombie_base_run_turn_180_r_v2
xanim,#hash_270357ea4bccd127
xanim,#hash_271b5d06dc96925d
xanim,#ai_zm_dlc1_zombie_climb_up_gatehouse
xanim,#ai_zombie_smash_react_b_faceplant
xanim,#hash_27a365406ef74575
xanim,#ai_t8_zm_zod_catalyst_corrosive_death_01_scale
xanim,#ai_zombie_base_crawl_mantle_over_128
xanim,#ai_zombie_base_dth_l_chest_lt_02
xanim,#ai_zombie_base_dth_l_chest_lt_03
xanim,#hash_27d3e26dedbcf31e
xanim,#ai_t8_zm_zombie_base_crawl_trv_mantle_window_50
xanim,#ai_t8_zm_zombie_base_crawl_trv_mantle_window_34
xanim,#ai_t8_zombie_base_walk_pain_10
xanim,#ai_t8_zombie_base_walk_pain_11
xanim,#ai_t8_zombie_base_walk_pain_12
xanim,#ai_t8_zombie_base_walk_pain_13
xanim,#ai_t8_zombie_base_walk_pain_14
xanim,#ai_t8_zm_zombie_boardtear_aligned_r_5_pull
xanim,#ai_t8_zombie_base_walk_pain_03
xanim,#ai_t8_zombie_base_walk_pain_02
xanim,#ai_t8_zombie_base_walk_pain_01
xanim,#ai_t8_zombie_base_walk_pain_07
xanim,#ai_t8_zombie_base_walk_pain_06
xanim,#ai_t8_zombie_base_walk_pain_05
xanim,#ai_t8_zombie_base_walk_pain_04
xanim,#ai_t8_zombie_base_walk_pain_09
xanim,#ai_t8_zombie_base_walk_pain_08
xanim,#vm_battle_shield_putaway_quick
xanim,#ai_t8_zm_zombie_base_crawl_boardtear_aligned_m_5_hold
xanim,#hash_285024c49550c36b
xanim,#hash_28598273020478bc
xanim,#ai_zombie_base_walk_au_pain_legs_v1
xanim,#o_t8_zm_zombie_board_2_repair
xanim,#ai_zombie_base_sprint_ad_v22
xanim,#ai_zombie_base_sprint_ad_v23
xanim,#ai_zombie_base_sprint_ad_v21
xanim,#ai_zombie_base_sprint_ad_v24
xanim,#ai_t8_zombie_base_walk_ad_win_trav_m_v1
xanim,#ai_t8_zombie_base_walk_ad_win_trav_m_v3
xanim,#ai_t8_zombie_base_walk_ad_win_trav_m_v2
xanim,#p8_fxanim_zm_vapor_altar_danu_off_anim
xanim,#ai_zombie_dr_crawl_jump_up_2_climb
xanim,#p8_fxanim_zm_zod_boss_prom_icicles_03_anim
xanim,#p8_fxanim_zm_zod_engine_propeller_shafts_02_idle_anim
xanim,#ai_t8_zm_zombie_base_crawl_mantle_up_80_dn_36
xanim,#hash_28e333fd3018fcf1
xanim,#ai_zombie_base_crawl_boardtear_aligned_r_2_pull
xanim,#vm_ww_tricannon_jump
xanim,#ai_zombie_base_boardtear_aligned_m_2_hold
xanim,#p8_fxanim_zm_zod_cargo_hold_net_fall_01_anim
xanim,#ai_t8_zm_zombie_base_trv_zipline_lighthouse
xanim,#ai_zombie_base_walk_ad_attack_v2
xanim,#ai_zombie_base_walk_ad_attack_v3
xanim,#ai_zombie_base_walk_ad_attack_v1
xanim,#ai_zombie_base_walk_ad_attack_v4
xanim,#ai_t8_zm_zombie_boardtear_aligned_r_4_hold
xanim,#ai_t8_zm_zombie_boardtear_aligned_m_4_pull
xanim,#ai_zombie_base_run_ad_v8_pain_chest_f_alt
xanim,#p8_fxanim_zm_zod_sent_trail2_skylight_anim
xanim,#ai_zombie_base_run_au_sidestep_left_long_c
xanim,#ai_zombie_base_run_au_sidestep_left_long_b
xanim,#ai_zombie_base_run_au_sidestep_left_long_a
xanim,#p8_fxanim_zm_zod_magic_box_open_idle_anim
xanim,#vm_lmg_mg08_swim_uw_putaway
xanim,#ai_t8_zombie_base_sprint_ad_v5_pain_chest_f_alt
xanim,#ai_t8_zm_zombie_base_crawl_boardtear_aligned_l_6_grab
xanim,#p8_fxanim_zm_zod_iceberg_bridge_planks_anim
xanim,#ai_zombie_base_boardtear_aligned_r_1_pull
xanim,#hash_2aa522437292029f
xanim,#ai_zombie_base_crawl_boardtear_aligned_m_6_grab
xanim,#ai_zombie_base_jump_down_160
xanim,#ai_zombie_base_jump_down_128
xanim,#hash_2ae79c7a8e9d44e6
xanim,#ai_t8_zm_zombie_base_walk_jump_down_96
xanim,#p8_fxanim_zm_zod_debris_buy_01_implode_anim
xanim,#ai_t8_zm_zombie_base_walk_jump_down_72
xanim,#ai_t8_zm_zombie_base_walk_jump_down_48
xanim,#ai_zombie_base_boardtear_aligned_l_6_pull
xanim,#ai_t8_zm_zombie_base_walk_jump_down_36
xanim,#ai_zombie_base_dth_f_l_arm_lt_00
xanim,#ai_zombie_base_dth_f_l_arm_lt_01
xanim,#hash_2b117de3e457bd72
xanim,#vm_lmg_mg08_idle
xanim,#ai_zombie_base_walk_au_pain_torso_v1
xanim,#ai_zombie_base_crawl_boardtear_aligned_l_3_hold
xanim,#hash_2b7a11e5d859baf3
xanim,#hash_2b7a18e5d859c6d8
xanim,#hash_2b7a1ae5d859ca3e
xanim,#hash_2b7a1ce5d859cda4
xanim,#hash_2b7a1de5d859cf57
xanim,#hash_2b7a1ee5d859d10a
xanim,#hash_2b7a1fe5d859d2bd
xanim,#ai_zombie_base_fast_sprint_01_pain_chest_f_alt
xanim,#hash_2bcffd6e563b8003
xanim,#vm_battle_turret_hand_pose_l
xanim,#vm_battle_turret_hand_pose_r
xanim,#ai_zombie_base_run_ad_v22_pain_chest_f_alt
xanim,#vm_ww_tricannon_ads_base_up
xanim,#ai_zombie_base_crawl_boardtear_aligned_r_4_hold
xanim,#ai_zombie_base_run_ad_v14_pain_chest_f
xanim,#p8_fxanim_zm_zod_chaos_zombie_02_anim
xanim,#hash_2ca4bec91e8b5652
xanim,#hash_2ca4d0c91e8b74e8
xanim,#hash_2ca8bf711016d093
xanim,#hash_2ca8c0711016d246
xanim,#hash_2ca8c1711016d3f9
xanim,#hash_2ca8c2711016d5ac
xanim,#hash_2ca8c3711016d75f
xanim,#hash_2ca8c4711016d912
xanim,#hash_2ca8c5711016dac5
xanim,#hash_2ca8c6711016dc78
xanim,#hash_2ca8c7711016de2b
xanim,#hash_2cb44af67b0cdc18
xanim,#vm_zom_bowie_knife_melee_swipe
xanim,#ai_zombie_base_crawl_sprint_win_trav_l_v1
xanim,#ai_zombie_base_walk_au_win_trav_r_v1
xanim,#ai_zombie_base_sprint_turn_135_l_v2
xanim,#ai_zombie_base_walk_au_sidestep_left_short
xanim,#ai_zm_dlc1_zombie_sprint_lowg_v1_pain_chest_f
xanim,#hash_2d0fa9b1cde2c3d0
xanim,#hash_2d0facb1cde2c8e9
xanim,#ai_zombie_base_walk_au_v1
xanim,#ai_zombie_base_walk_au_v2
xanim,#ai_zombie_base_walk_au_v3
xanim,#ai_zombie_base_walk_au_v4
xanim,#ai_zombie_base_walk_au_v5
xanim,#ai_zombie_base_walk_au_v6
xanim,#ai_zombie_base_walk_au_v7
xanim,#ai_zombie_base_walk_au_v8
xanim,#ai_zm_dlc1_zombie_sprint_lowg_v1
xanim,#ai_zm_dlc1_zombie_sprint_lowg_v3
xanim,#ai_zm_dlc1_zombie_sprint_lowg_v2
xanim,#ai_zm_dlc1_zombie_sprint_lowg_v4
xanim,#ai_t8_zm_zod_stoker_walk_f_pain_chest_f
xanim,#ai_zombie_base_walk_au_v2_pain_chest_f
xanim,#ai_t8_zm_zombie_base_crawl_jump_down_256
xanim,#vm_battle_turret_putaway
xanim,#ai_zombie_base_fast_sprint_01_pain_chest_f
xanim,#ai_zombie_base_sprint_turn_45_r_v2
xanim,#ai_zombie_base_run_turn_45_r_v2
xanim,#vm_riotshield_zm_sprint_loop
xanim,#ai_zombie_base_sprint_au_sidestep_left_long_b
xanim,#ai_zombie_base_sprint_au_sidestep_left_long_a
xanim,#ai_t8_zombie_base_crawl_sprint_win_trav_l_v1
xanim,#ai_t8_zm_zod_bltfthr_tongue_grab_stagger_incl_45
xanim,#ai_t8_zm_zod_stoker_walk_jump_up_128
xanim,#o_t8_zm_zombie_board_3_pull
xanim,#ai_t8_zm_zod_stoker_walk_jump_up_160
xanim,#p8_fxanim_zm_zod_kraken_chest_open_anim
xanim,#hash_2ef8937ce6811e40
xanim,#hash_2f14d434e643171d
xanim,#hash_2f39cde1b1ed2ddc
xanim,#hash_2f39cee1b1ed2f8f
xanim,#hash_2f43d6e1b1f591ac
xanim,#hash_2f43d7e1b1f5935f
xanim,#hash_2f43dae1b1f59878
xanim,#hash_2f43dbe1b1f59a2b
xanim,#hash_2f43dce1b1f59bde
xanim,#hash_2f43dde1b1f59d91
xanim,#hash_2f9103da99aa3b36
xanim,#ai_t8_zm_zombie_boardtear_aligned_r_2_grab
xanim,#hash_2fcee6aae4531a14
xanim,#ai_zombie_base_run_ad_v7_pain_chest_f_alt
xanim,#ai_zombie_base_run_ad_sidestep_left_long_a
xanim,#ai_zombie_base_run_ad_sidestep_left_long_b
xanim,#hash_302473fd2a33a037
xanim,#ai_zombie_base_boardtear_aligned_r_2_pull
xanim,#hash_306e627c5f4c9d1e
xanim,#ai_t8_zm_zombie_boardtear_aligned_l_5_grab
xanim,#ai_zombie_smash_react_b_forwardtoface
xanim,#ai_zombie_base_run_au_v20_pain_chest_f
xanim,#ai_zombie_base_run_ad_v1_pain_chest_f_alt
xanim,#ai_zombie_base_run_au_win_trav_m_v1
xanim,#hash_30c533fc5dfdcf25
xanim,#ai_t8_zm_zombie_boardtear_aligned_r_4_grab
xanim,#ai_zombie_base_walk_ad_v19_pain_chest_f_alt
xanim,#vm_t8_mantle_over_buckler
xanim,#hash_310549221e38f40a
xanim,#ai_t8_zm_zombie_base_crawl_boardtear_aligned_m_3_hold
xanim,#hash_311268ac2190b763
xanim,#vm_lmg_mg08_putaway
xanim,#ai_t8_zm_zombie_base_crawl_jump_up_96
xanim,#vm_ww_tricannon_first_raise
xanim,#ai_t8_zm_zombie_base_crawl_jump_up_36
xanim,#ai_t8_zm_zombie_base_crawl_jump_up_72
xanim,#void
xanim,#ai_t8_zm_zombie_base_crawl_jump_up_48
xanim,#ai_t8_zombie_base_run_pain_move_r_02
xanim,#ai_t8_zombie_base_run_pain_move_r_03
xanim,#ai_t8_zombie_base_run_pain_move_r_01
xanim,#ai_t8_zombie_base_run_pain_move_r_06
xanim,#ai_t8_zombie_base_run_pain_move_r_04
xanim,#ai_t8_zombie_base_run_pain_move_r_05
xanim,#ai_t8_zm_zod_stoker_mantle_over_128
xanim,#ai_zombie_base_dth_r_chest_lt_00
xanim,#ai_zombie_base_dth_r_chest_lt_01
xanim,#ai_zombie_base_dth_r_chest_lt_03
xanim,#pt_battle_turret_male_stand_first_raise
xanim,#ai_zm_dlc1_zombie_run_lowg_v4_pain_chest_f
xanim,#ai_zombie_cp_crawl_jump_up_128_down_32
xanim,#ai_t8_zm_zod_bltfthr_stn_turn_l_45
xanim,#ai_t8_zm_zod_bltfthr_stn_turn_l_90
xanim,#ai_t8_zm_zod_bltfthr_backsacs_add
xanim,#vm_ww_tricannon_pullout
xanim,#ai_t8_zm_zod_bltfthr_tongue_attack_hit_end
xanim,#hash_32bd4ec19e397e51
xanim,#ai_zombie_base_crawl_jump_up_36
xanim,#ai_zombie_base_crawl_jump_up_72
xanim,#ai_zombie_base_crawl_jump_up_48
xanim,#ai_zombie_base_crawl_jump_up_96
xanim,#ai_t8_zm_zombie_base_trv_mantle_window_34
xanim,#ai_t8_zm_zombie_base_trv_mantle_window_50
xanim,#ai_zombie_smash_react_f_doublebounce
xanim,#ai_zombie_base_boardtear_aligned_l_6_grab
xanim,#vm_prone_to_crouch_additive
xanim,#hash_336739423910a393
xanim,#ai_zombie_base_dth_f_chest_hvy_02
xanim,#ai_zombie_base_dth_f_chest_hvy_01
xanim,#ai_zombie_base_dth_f_chest_hvy_00
xanim,#ai_zombie_base_walk_au_v7_pain_chest_f_alt
xanim,#vm_shock_charge_ads_up
xanim,#hash_33894d4eec6f4e86
xanim,#hash_33b00baa6c238933
xanim,#ai_zombie_smash_react_getup_a
xanim,#ai_zombie_smash_react_getup_b
xanim,#ai_zombie_smash_react_getup_c
xanim,#vm_ww_tricannon_jump_land
xanim,#ai_t8_zm_zombie_boardtear_aligned_m_2_grab
xanim,#hash_346c76e841bb3677
xanim,#ai_zombie_base_crawl_jump_across_128
xanim,#hash_34869a83ed7c00c6
xanim,#ai_zombie_base_walk_ad_v21_pain_chest_f_alt
xanim,#ai_t8_zm_zod_catalyst_water_idle_01
xanim,#hash_34afbf66b301ba4c
xanim,#hash_34e13db227da2f8c
xanim,#hash_34e140b227da34a5
xanim,#hash_3506ea998fd8b5ca
xanim,#ai_zombie_base_walk_au_sidestep_right_short
xanim,#ai_t8_zm_zod_catalyst_plasma_sprint_01
xanim,#ai_t8_zm_zod_bltfthr_pain_stun_loop
xanim,#hash_351542355ff09424
xanim,#ai_t8_zombie_base_sprint_ad_v24_pain_chest_f_alt
xanim,#vm_riotshield_zm_sprint_out
xanim,#ai_t8_zm_zod_bltfthr_run_turn_l_180
xanim,#ai_t8_zm_zod_bltfthr_run_turn_l_135
xanim,#ai_zombie_base_run_ad_v12_pain_chest_f
xanim,#ai_zombie_base_crawl_boardtear_aligned_r_2_hold
xanim,#ai_zombie_base_boardtear_aligned_r_1_grab
xanim,#ai_zombie_base_dth_f_r_arm_hvy_00
xanim,#ai_zombie_base_walk_au_v10_pain_chest_f_alt
xanim,#ai_zombie_base_dth_b_v1
xanim,#ai_zombie_base_dth_b_v3
xanim,#ai_zombie_base_dth_b_v2
xanim,#ai_t8_zm_zod_bltfthr_trv_jump_up_128
xanim,#hash_368edca50489f10d
xanim,#ai_zombie_base_crawl_run_win_trav_r_v1
xanim,#vm_lmg_mg08_fire_ads_intro
xanim,#ai_zombie_base_sprint_turn_90_l_v2
xanim,#ai_zombie_base_boardtear_aligned_m_5_grab
xanim,#vm_battle_turret_ads_base_up
xanim,#ai_zombie_dr_jump_down_72
xanim,#hash_3770cecd779c7056
xanim,#ai_zombie_dr_jump_down_96
xanim,#ai_t8_zm_zod_bltfthr_spawn
xanim,#hash_37d76239a501382d
xanim,#o_t8_zm_zombie_board_2_pull
xanim,#ai_zombie_base_run_au_v9_pain_chest_f_alt
xanim,#ai_t8_zm_zombie_boardtear_aligned_l_1_pull
xanim,#ai_t8_zombie_base_crawl_win_trav_r_v1
xanim,#ai_t8_zm_zombie_boardtear_aligned_r_1_hold
xanim,#hash_38595550f6a66e50
xanim,#hash_386ffb6ce3db1ca1
xanim,#ai_t8_zombie_base_sprint_ad_v22_pain_chest_f_alt
xanim,#hash_389b1f9a543eeb4c
xanim,#ai_zombie_base_dth_f_r_arm_lt_00
xanim,#ai_t8_zm_zod_stoker_sprint_f
xanim,#ai_t8_zm_zod_catalyst_electric_walk_01
xanim,#ai_t8_zm_zod_catalyst_electric_walk_02
xanim,#hash_38ebc8c11f31054f
xanim,#hash_38fe6298ff32cdbb
xanim,#ai_zm_dlc1_zombie_run_lowg_v4
xanim,#ai_zm_dlc1_zombie_run_lowg_v2
xanim,#ai_zm_dlc1_zombie_run_lowg_v3
xanim,#ai_zm_dlc1_zombie_run_lowg_v1
xanim,#ai_base_rifle_stn_run_dth_r_arms_hvy_1
xanim,#ai_t8_zm_zombie_boardtear_aligned_l_2_pull
xanim,#ai_zombie_base_walk_turn_90_l_v2
xanim,#p8_fxanim_zm_zod_tentacle_anim
xanim,#vm_lmg_mg08_sprint_loop
xanim,#ai_zombie_base_boardtear_aligned_m_3_pull
xanim,#ai_zombie_base_crawl_boardtear_aligned_l_4_grab
xanim,#ai_zombie_base_death_v2
xanim,#ai_zombie_base_death_v3
xanim,#ai_zombie_base_death_v1
xanim,#p8_fxanim_zm_vapor_altar_ra_anim
xanim,#ai_t8_zm_zod_stoker_stun_in_01
xanim,#p8_fxanim_zm_packapunch_worldguns_small_taken
xanim,#ai_zombie_base_walk_ad_v5_pain_chest_f
xanim,#ai_zombie_base_walk_ad_v23_pain_chest_f_alt
xanim,#hash_39cf5081d0eceebf
xanim,#vm_t8_swim_in_additive
xanim,#p8_fxanim_zm_zod_boatside_ropes_half_boat_anim
xanim,#ai_zombie_base_win_attack_arm_l_out
xanim,#hash_3a6edfbcba83502d
xanim,#ai_zombie_base_run_au_v4_pain_chest_f_alt
xanim,#ai_zm_dlc1_zombie_crawl_climb_up_lower_courtyard
xanim,#ai_t8_zm_zombie_base_crawl_mantle_over_128
xanim,#ai_zm_dlc1_zombie_walk_lowg_v1_pain_chest_f_alt
xanim,#ai_zombie_base_sprint_au_v22_pain_chest_f_alt
xanim,#ai_t8_zm_zod_catalyst_water_run_01
xanim,#ai_zombie_base_walk_au_v20_pain_chest_f_alt
xanim,#hash_3acd0e674c814026
xanim,#ai_zombie_base_crawl_boardtear_aligned_m_3_hold
xanim,#ai_zombie_base_run_au_v24_pain_chest_f_alt
xanim,#ai_zombie_base_boardtear_aligned_m_6_pull
xanim,#vm_ww_tricannon_sprint_putaway
xanim,#ai_zombie_base_crawl_boardtear_aligned_l_2_pull
xanim,#hash_3b51d2a80de37381
xanim,#ai_zombie_base_sprint_au_v21_pain_chest_f_alt
xanim,#ai_zombie_base_sprint_ad_sidestep_left_short
xanim,#hash_3b8d7a571ec65411
xanim,#ai_t8_zombie_base_sprint_ad_win_trav_r_v1
xanim,#o_zombie_magic_box_weapon_rise
xanim,#ai_t8_zm_zombie_base_crawl_boardtear_aligned_m_3_pull
xanim,#ai_zm_dlc1_zombie_crawl_jump_up_244_down_36
xanim,#ai_t8_zm_zombie_base_crawl_boardtear_aligned_m_5_grab
xanim,#ai_zombie_base_sprint_ad_win_trav_m_v1
xanim,#ai_zombie_base_sprint_ad_win_trav_m_v2
xanim,#ai_zombie_base_crawl_boardtear_aligned_r_1_pull
xanim,#vm_riotshield_zm_idle
xanim,#ai_t8_zombie_base_cust_trv_jump_down_zm_mnsn_main_hall
xanim,#p8_fxanim_zm_zod_magic_box_arrive_anim
xanim,#hash_3ca33d71689e20ac
xanim,#hash_3cb37942fcb53600
xanim,#ai_zombie_base_crawl_death_v2
xanim,#ai_zombie_base_crawl_death_v1
xanim,#ai_zombie_dr_crawl_jump_down_190
xanim,#ai_zombie_dr_crawl_jump_down_184
xanim,#vm_battle_turret_walk_f
xanim,#ai_zombie_dr_crawl_jump_down_127
xanim,#hash_3d02b49bd11cc3f8
xanim,#ai_zombie_base_dth_b_chest_hvy_02
xanim,#ai_zombie_base_dth_b_chest_hvy_00
xanim,#ai_t8_zombie_base_sprint_ad_v23
xanim,#ai_t8_zombie_base_sprint_ad_v22
xanim,#ai_t8_zombie_base_sprint_ad_v21
xanim,#ai_t8_zombie_base_sprint_ad_v24
xanim,#vm_battle_turret_idle
xanim,#p8_fxanim_zm_zod_rats_provision_01_anim
xanim,#ai_t8_zm_zod_bltfthr_tongue_grab_release
xanim,#vm_crouch_to_prone
xanim,#hash_3ded7f829b51c32b
xanim,#hash_3e3435a5c4a60400
xanim,#ai_zombie_base_boardtear_aligned_m_4_grab
xanim,#ai_t8_zm_zod_bltfthr_dth_destroy_head_01_nofx
xanim,#hash_3e96651895e5b82d
xanim,#ai_zombie_base_run_dth_f_torso_hvy
xanim,#ai_t8_zm_zod_catalyst_corrosive_death_02_scale
xanim,#pt_rifle_stand_bowie_stick
xanim,#hash_3f11bb0774c17f31
xanim,#ai_zombie_base_run_au_v22_pain_chest_f
xanim,#ai_base_rifle_stn_run_dth_r_arms_lt_1
xanim,#ai_t8_zm_zombie_base_run_mantle_up_80_dn_36
xanim,#ai_zm_dlc1_zombie_run_lowg_v3_pain_chest_f_alt
xanim,#ai_zombie_base_boardtear_aligned_r_5_grab
xanim,#pt_battle_shield_male_stand_first_raise
xanim,#ai_t8_zm_zombie_base_crawl_trv_jump_up_128_thru_sm_hole
xanim,#hash_3ff67c126becd5fc
xanim,#hash_3ff67d126becd7af
xanim,#hash_3ff680126becdcc8
xanim,#hash_3ff681126becde7b
xanim,#hash_3ff682126bece02e
xanim,#hash_3ff683126bece1e1
xanim,#hash_3ff685126bece547
xanim,#hash_3ff686126bece6fa
xanim,#hash_3ff687126bece8ad
xanim,#hash_3ff812473ba05536
xanim,#hash_3ffa05126beff49e
xanim,#hash_3ffa06126beff651
xanim,#hash_3ffa07126beff804
xanim,#hash_3ffa08126beff9b7
xanim,#hash_3ffa09126beffb6a
xanim,#hash_3ffa0a126beffd1d
xanim,#hash_401725d85ea3be61
xanim,#ai_t8_zm_zombie_boardtear_aligned_r_1_pull
xanim,#ai_zombie_base_crawl_boardtear_aligned_l_5_grab
xanim,#ai_t8_zm_zod_bltfthr_vomit_perk
xanim,#p8_fxanim_zm_zod_skybox_impact_anim
xanim,#ai_zombie_base_sprint_ad_v2_pain_chest_f
xanim,#ai_t8_zm_zombie_base_crawl_boardtear_aligned_m_3_grab
xanim,#ai_zombie_base_sprint_au_v20_pain_chest_f
xanim,#ai_zombie_base_sprint_au_v2_pain_chest_f_alt
xanim,#ai_zombie_base_boardtear_aligned_m_3_hold
xanim,#ai_t8_zm_zombie_base_crawl_trv_entry_mantle_496
xanim,#vm_ww_tricannon_crawl_r
xanim,#vm_ww_tricannon_crawl_l
xanim,#vm_ww_tricannon_crawl_f
xanim,#vm_ww_tricannon_crawl_b
xanim,#ai_t8_zm_zombie_base_crawl_trv_entry_mantle_420
xanim,#ai_zm_dlc1_zombie_walk_lowg_v1_pain_chest_f
xanim,#ai_zombie_base_walk_au_v5_pain_chest_f_alt
xanim,#hash_41892f6eb986bc22
xanim,#ai_zm_dlc1_zombie_walk_lowg_v3_pain_chest_f_alt
xanim,#ai_t8_zm_zod_catalyst_water_walk_01
xanim,#ai_zombie_base_walk_turn_135_l_v3
xanim,#ai_t8_zm_zombie_base_walk_mantle_over_128
xanim,#hash_42167166fbb2007e
xanim,#ai_zm_dlc1_zombie_jump_up_180_down_36
xanim,#ai_zm_dlc1_zombie_crawl_climb_up_192_down_40
xanim,#p8_fxanim_zm_zod_debris_buy_02_idle_anim
xanim,#p8_fxanim_zm_zod_engine_propeller_shafts_01_idle_anim
xanim,#hash_426d113a05299da5
xanim,#ai_zombie_base_walk_ad_sidestep_left_long_b
xanim,#ai_t8_zm_zod_catalyst_electric_attack_01
xanim,#ai_t8_zm_zod_catalyst_electric_attack_02
xanim,#hash_42ccb2cb69d6ecc8
xanim,#hash_42fa7fc1877be7f0
xanim,#ai_zombie_base_crawl_boardtear_aligned_l_2_hold
xanim,#ai_t8_zombie_base_sprint_ad_v24_pain_chest_f
xanim,#ai_zombie_base_walk_au_v13_pain_chest_f
xanim,#hash_430f0e5417ab871a
xanim,#ai_t8_zm_zombie_boardtear_aligned_m_1_hold
xanim,#ai_zombie_base_boardtear_aligned_r_3_hold
xanim,#ai_zombie_base_sprint_ad_sidestep_right_short_a
xanim,#ai_t8_zm_zombie_boardtear_aligned_l_1_hold
xanim,#ai_zombie_base_crawl_run_win_trav_l_v1
xanim,#ai_t8_zm_zombie_base_walk_jump_up_128
xanim,#ai_t8_zm_zombie_base_walk_mantle_up_36_dn_80
xanim,#p8_fxanim_zm_zod_iceberg_forecastle_cranes_idle_anim
xanim,#ai_zombie_base_walk_au_v21_pain_chest_f
xanim,#hash_43a4009f0a2b6378
xanim,#ai_zombie_base_sprint_ad_sidestep_left_long_a
xanim,#ai_zombie_base_sprint_ad_sidestep_left_long_b
xanim,#ai_t8_zm_zombie_base_run_mantle_over_96
xanim,#vm_prone_to_crouch
xanim,#vm_riotshield_zm_sprint_in
xanim,#ai_t8_zm_zombie_base_run_mantle_over_72
xanim,#ai_t8_zm_zombie_base_run_mantle_over_48
xanim,#ai_t8_zm_zombie_base_run_mantle_over_36
xanim,#ai_zombie_base_run_ad_v20_pain_chest_f_alt
xanim,#ai_t8_zm_zombie_boardtear_aligned_r_5_grab
xanim,#ai_zombie_base_walk_ad_win_trav_m_v1
xanim,#ai_zombie_base_walk_ad_win_trav_m_v2
xanim,#ai_zombie_base_walk_ad_win_trav_m_v3
xanim,#ai_t8_zm_zombie_base_crawl_trv_entry_climb_272
xanim,#ai_t8_zm_zod_homunculus_idle_01
xanim,#ai_t8_zombie_base_sprint_au_v21_pain_chest_f_alt
xanim,#hash_4473544a8b6b64c3
xanim,#ai_zombie_base_crawl_boardtear_aligned_r_1_grab
xanim,#ai_t8_zm_zod_bltfthr_exit_9
xanim,#ai_t8_zm_zod_bltfthr_exit_8
xanim,#ai_t8_zm_zod_bltfthr_exit_4
xanim,#ai_t8_zm_zod_bltfthr_exit_7
xanim,#ai_t8_zm_zod_bltfthr_exit_6
xanim,#ai_t8_zm_zod_bltfthr_exit_2
xanim,#hash_44e2bed11833d753
xanim,#hash_44ff54488d2fc1d5
xanim,#hash_4512a6e8bf115d4e
xanim,#ai_zombie_base_boardtear_aligned_m_5_pull
xanim,#ai_t8_zm_zod_catalyst_plasma_walk_02
xanim,#ai_t8_zm_zod_catalyst_plasma_walk_03
xanim,#ai_t8_zm_zod_catalyst_plasma_walk_01
xanim,#ai_t8_zm_zombie_base_run_mantle_up_36_dn_80
xanim,#vm_riotshield_zm_ads_down
xanim,#p8_fxanim_zm_zod_debris_power_01_idle_anim
xanim,#ai_zombie_base_run_turn_135_l_v2
xanim,#ai_zombie_base_run_ad_v2_pain_chest_f_alt
xanim,#ai_zombie_base_run_au_v2_pain_chest_f
xanim,#ai_zombie_base_run_ad_win_trav_m_v1
xanim,#ai_t8_zombie_base_sprint_ad_win_trav_m_v1
xanim,#ai_t8_zombie_base_sprint_ad_win_trav_m_v2
xanim,#hash_45d4746e9d677506
xanim,#hash_45e693dae49afc30
xanim,#ai_t8_zombie_base_run_pain_10
xanim,#ai_t8_zombie_base_run_pain_11
xanim,#ai_t8_zombie_base_run_pain_12
xanim,#ai_t8_zombie_base_run_pain_13
xanim,#ai_t8_zombie_base_run_pain_14
xanim,#ai_t8_zombie_base_run_pain_15
xanim,#ai_t8_zombie_base_run_pain_16
xanim,#ai_t8_zombie_base_run_pain_09
xanim,#ai_t8_zombie_base_run_pain_03
xanim,#ai_t8_zombie_base_run_pain_02
xanim,#ai_t8_zombie_base_run_pain_01
xanim,#ai_t8_zombie_base_run_pain_07
xanim,#ai_t8_zombie_base_run_pain_06
xanim,#ai_t8_zombie_base_run_pain_05
xanim,#ai_t8_zombie_base_run_pain_04
xanim,#ai_zombie_base_sprint_ad_win_trav_r_v1
xanim,#ai_t8_zm_zombie_base_crawl_boardtear_aligned_m_2_pull
xanim,#hash_46331200ee05f641
xanim,#ai_zombie_base_walk_au_v4_pain_chest_f_alt
xanim,#p8_fxanim_zm_zod_iceberg_forecastle_cranes_no_cargo_anim
xanim,#ai_t8_zombie_base_walk_ad_win_trav_r_v1
xanim,#p8_fxanim_zm_zod_iceberg_forecastle_cranes_anim
xanim,#ai_zombie_base_jump_across_256
xanim,#p8_fxanim_zm_zod_ship_wheel_idle_02_anim
xanim,#hash_468d982e755c55fe
xanim,#hash_46c5e44d40b217e2
xanim,#vm_ww_tricannon_rechamber
xanim,#ai_zombie_base_run_ad_v4_pain_chest_f_alt
xanim,#ai_zombie_base_boardtear_aligned_m_5_hold
xanim,#ai_zombie_base_crawl_boardtear_aligned_l_4_pull
xanim,#hash_4711c1ed84d227ae
xanim,#ai_zombie_base_walk_ad_v3_pain_chest_f_alt
xanim,#ai_t8_zombie_base_sprint_ad_v21_pain_chest_f_alt
xanim,#hash_47214f0bad95310a
xanim,#ai_zombie_base_boardtear_aligned_r_2_hold
xanim,#ai_t8_zm_zombie_base_crawl_boardtear_aligned_m_1_pull
xanim,#ai_zombie_smash_react_r_jackiespinleft
xanim,#ai_zombie_base_run_dth_b_head_lt
xanim,#ai_zombie_base_run_turn_180_l_v2
xanim,#ai_zombie_base_run_au_v24_pain_chest_f
xanim,#vm_battle_turret_ads_base_down
xanim,#ai_t8_zm_zod_catalyst_corrosive_spawn_01
xanim,#ai_zombie_base_crawl_win_trav_r_v1
xanim,#ai_zombie_base_boardtear_aligned_r_2_grab
xanim,#vm_lmg_mg08_sprint_out
xanim,#p8_fxanim_zm_zod_iceberg_forecastle_avalanche_anim
xanim,#ai_zombie_base_boardtear_aligned_l_3_hold
xanim,#p8_fxanim_zm_zod_boss_prom_icicles_02_anim
xanim,#ai_t8_zombie_base_sprint_au_v25_pain_chest_f
xanim,#ai_t8_zm_zod_bltfthr_pain_destroy_leg_right_01
xanim,#p8_fxanim_zm_zod_debris_buy_01_idle_anim
xanim,#ai_zombie_base_crawl_jump_down_96
xanim,#ai_zombie_base_crawl_jump_down_48
xanim,#ai_zombie_base_walk_au_v8_pain_chest_f_alt
xanim,#ai_zombie_base_crawl_jump_down_72
xanim,#ai_t8_zm_zod_stoker_stun_loop_01
xanim,#ai_zombie_base_crawl_jump_down_36
xanim,#ai_t8_zm_zod_stoker_knockdown_b_01
xanim,#ai_zombie_base_boardtear_aligned_l_6_hold
xanim,#ai_zombie_base_run_au_v1_pain_chest_f
xanim,#hash_48d5c80eaea882c2
xanim,#vm_battle_shield_jump
xanim,#hash_48ed04abd22d59c9
xanim,#ai_zombie_base_crawl_boardtear_aligned_l_4_hold
xanim,#ai_zombie_base_crawl_jump_up_128
xanim,#ai_zombie_base_run_au_v11_pain_chest_f
xanim,#ai_zombie_base_crawl_jump_up_160
xanim,#vm_battle_turret_melee
xanim,#hash_493cdfb7c852b2ad
xanim,#ai_t8_zombie_base_super_sprint_attack_01
xanim,#ai_t8_zombie_base_super_sprint_attack_02
xanim,#ai_t8_zombie_base_super_sprint_attack_03
xanim,#ai_t8_zombie_base_super_sprint_attack_04
xanim,#ai_t8_zombie_base_super_sprint_attack_05
xanim,#ai_t8_zombie_base_run_ad_win_trav_m_v1
xanim,#ai_zombie_base_sprint_ad_v22_pain_chest_f_alt
xanim,#p8_fxanim_zm_zod_sent_trail2_skylight_idle_anim
xanim,#hash_499e13e6232ab6bc
xanim,#ai_zombie_base_dth_r_v1
xanim,#ai_zombie_base_dth_r_v2
xanim,#ai_t8_zombie_base_sprint_au_v22_pain_chest_f
xanim,#hash_49e8250cd32e06ea
xanim,#vm_ww_tricannon_idle
xanim,#vm_battle_shield_jump_land
xanim,#vm_lmg_mg08_sprint_drop
xanim,#ai_zombie_base_walk_au_attack_v3
xanim,#ai_zombie_base_walk_au_attack_v2
xanim,#ai_zombie_base_walk_au_attack_v1
xanim,#ai_zombie_base_walk_au_attack_v4
xanim,#ai_t8_zm_zombie_base_crawl_boardtear_aligned_l_4_hold
xanim,#hash_4a8de3d5a789d338
xanim,#ai_t8_zm_zombie_base_crawl_mantle_up_36_dn_80
xanim,#ai_t8_zombie_base_run_ad_win_trav_l_v1
xanim,#ai_t8_zm_zod_bltfthr_tongue_grab_idle_incl_45
xanim,#ai_t8_zm_zombie_base_trv_zipline_ship
xanim,#ai_zombie_base_boardtear_aligned_l_2_hold
xanim,#ai_t8_zombie_base_run_attack_17
xanim,#ai_t8_zombie_base_run_attack_10
xanim,#ai_t8_zombie_base_run_attack_12
xanim,#ai_t8_zombie_base_run_attack_13
xanim,#ai_t8_zombie_base_run_attack_18
xanim,#ai_t8_zombie_base_run_attack_19
xanim,#ai_t8_zombie_base_run_attack_06
xanim,#ai_t8_zombie_base_run_attack_04
xanim,#ai_t8_zombie_base_run_attack_03
xanim,#ai_t8_zombie_base_run_attack_02
xanim,#ai_t8_zombie_base_run_attack_08
xanim,#ai_t8_zombie_base_run_attack_30
xanim,#ai_t8_zombie_base_run_attack_29
xanim,#ai_t8_zombie_base_run_attack_28
xanim,#ai_t8_zombie_base_run_attack_25
xanim,#ai_t8_zombie_base_run_attack_24
xanim,#ai_t8_zombie_base_run_attack_26
xanim,#ai_t8_zombie_base_run_attack_21
xanim,#ai_t8_zombie_base_run_attack_20
xanim,#ai_t8_zombie_base_run_attack_23
xanim,#ai_t8_zombie_base_run_attack_22
xanim,#ai_zombie_base_walk_au_sidestep_left_long_d
xanim,#ai_zombie_smash_react_f
xanim,#ai_t8_zm_zod_catalyst_plasma_idle_04
xanim,#ai_t8_zm_zod_catalyst_plasma_idle_01
xanim,#ai_t8_zm_zod_catalyst_plasma_idle_03
xanim,#ai_t8_zm_zod_catalyst_plasma_idle_02
xanim,#ai_t8_zm_zombie_base_crawl_boardtear_aligned_r_6_hold
xanim,#ai_t8_zm_zombie_boardtear_aligned_m_3_hold
xanim,#hash_4c18c261b6ca75a1
xanim,#hash_4c1a015dbb083c4f
xanim,#hash_4c1a045dbb084168
xanim,#hash_4c1a055dbb08431b
xanim,#hash_4c1a065dbb0844ce
xanim,#hash_4c1a075dbb084681
xanim,#hash_4c1a0a5dbb084b9a
xanim,#hash_4c1a0b5dbb084d4d
xanim,#ai_zombie_base_crawl_v3
xanim,#ai_zombie_base_crawl_v2
xanim,#ai_zombie_base_crawl_v1
xanim,#ai_zombie_base_crawl_v5
xanim,#ai_zombie_base_crawl_v4
xanim,#ai_zombie_base_sprint_ad_v21_pain_chest_f_alt
xanim,#ai_t8_zm_zombie_base_crawl_boardtear_aligned_r_5_hold
xanim,#ai_t8_zm_zod_bltfthr_vomit_mystery_box
xanim,#ai_t8_zm_zod_catalyst_water_death_01
xanim,#ai_zombie_base_run_ad_v14_pain_chest_f_alt
xanim,#ai_zombie_base_walk_au_v20_pain_chest_f
xanim,#ai_zombie_base_boardtear_aligned_r_1_hold
xanim,#vm_battle_shield_fall
xanim,#p8_fxanim_zm_zod_iceberg_forecastle_deck_rt_dmg_anim
xanim,#ai_zombie_base_walk_turn_45_l_v2
xanim,#ai_t8_zm_zombie_base_crawl_boardtear_aligned_r_3_hold
xanim,#ai_t8_zm_zod_bltfthr_vomit_pap
xanim,#ai_t8_zm_zombie_base_crawl_mantle_over_36
xanim,#ai_t8_zm_zombie_base_crawl_mantle_over_48
xanim,#ai_t8_zm_zombie_base_crawl_mantle_over_72
xanim,#ai_t8_zm_zombie_boardtear_aligned_m_3_grab
xanim,#ai_t8_zm_zombie_boardtear_aligned_l_2_grab
xanim,#ai_t8_zm_zombie_base_crawl_mantle_over_96
xanim,#p8_fxanim_zm_pap_pedestal_static_anim
xanim,#ai_zombie_base_run_au_sidestep_left_short_b
xanim,#ai_zombie_base_run_au_sidestep_left_short_a
xanim,#vm_zom_bowie_knife_ads_base_down
xanim,#p8_fxanim_zm_zod_skybox_idle_anim
xanim,#hash_4dc450b49570c27d
xanim,#ai_zombie_base_walk_ad_v2_pain_chest_f_alt
xanim,#p8_fxanim_zm_zod_iceberg_foredeck_ice_chunks_01_anim
xanim,#ai_zombie_base_walk_au_v12_pain_chest_f
xanim,#o_t8_zm_zombie_board_3_repair
xanim,#ai_zm_dlc1_zombie_walk_lowg_v3_pain_chest_f
xanim,#ai_t8_zm_zombie_boardtear_aligned_m_3_pull
xanim,#vm_t8_mantle_over_additive
xanim,#ai_t8_zm_zombie_boardtear_aligned_r_2_pull
xanim,#ai_zombie_base_mantle_over_48
xanim,#ai_zombie_base_mantle_over_72
xanim,#vm_t8_swim_l_additive
xanim,#ai_zombie_base_mantle_over_36
xanim,#ai_t8_zm_zod_bltfthr_pain_destroy_sac_left_01
xanim,#ai_zombie_base_mantle_over_96
xanim,#ai_t8_zombie_base_sprint_ad_v23_pain_chest_f_alt
xanim,#hash_4ef79f5f161f58aa
xanim,#ai_zombie_base_crawl_idle_v1
xanim,#o_t8_zm_zombie_board_4_pull
xanim,#ai_t8_zm_zombie_base_crawl_boardtear_aligned_m_6_hold
xanim,#ai_zombie_base_walk_ad_v25_pain_chest_f
xanim,#hash_4f5007e282a05200
xanim,#ai_t8_zm_zombie_base_crawl_boardtear_aligned_m_1_hold
xanim,#ai_t8_zm_zombie_base_crawl_boardtear_aligned_l_5_pull
xanim,#hash_4f60abf3f38a8f38
xanim,#hash_4f6549be7aa5dd39
xanim,#ai_t8_zm_zod_stoker_walk_mantle_48
xanim,#ai_t8_zm_zod_stoker_walk_mantle_72
xanim,#ai_t8_zm_zombie_boardtear_aligned_l_4_hold
xanim,#ai_t8_zm_zod_stoker_walk_mantle_96
xanim,#o_t8_zm_zombie_board_6_repair
xanim,#ai_t8_zm_zombie_base_walk_mantle_up_80_dn_36
xanim,#hash_506ca3a9449e1a40
xanim,#hash_506ca4a9449e1bf3
xanim,#hash_506ca6a9449e1f59
xanim,#hash_506ca9a9449e2472
xanim,#hash_506caaa9449e2625
xanim,#ai_t8_zm_zombie_base_crawl_boardtear_aligned_r_5_grab
xanim,#ai_t8_zm_zombie_base_trv_entry_climb_272
xanim,#ai_t8_zm_zombie_boardtear_aligned_l_5_pull
xanim,#hash_508f98d3f5d30383
xanim,#ai_zm_dlc1_zombie_run_climb_up_gatehouse
xanim,#ai_t8_zombie_base_sprint_ad_v5_pain_chest_f
xanim,#vm_zom_bowie_knife_idle
xanim,#ai_t8_zm_zod_bltfthr_pain_knockdown_r_01
xanim,#ai_t8_zm_zod_bltfthr_tongue_grab_idle_decl_45
xanim,#ai_t8_zm_zombie_boardtear_aligned_m_5_grab
xanim,#ai_zombie_base_boardtear_aligned_m_6_hold
xanim,#ai_zm_dlc1_zombie_crawl_lowg_v1
xanim,#ai_zm_dlc1_zombie_crawl_lowg_v2
xanim,#ai_zm_dlc1_zombie_crawl_lowg_v3
xanim,#vm_battle_turret_fire
xanim,#ai_t8_zm_zod_bltfthr_tongue_attack_hit_loop
xanim,#ai_t8_zm_zod_bltfthr_vomit_wallbuy
xanim,#hash_51854d08c1a4cc50
xanim,#hash_51854e08c1a4ce03
xanim,#hash_51855008c1a4d169
xanim,#hash_51855308c1a4d682
xanim,#ai_zombie_base_dth_f_v10
xanim,#ai_zombie_base_dth_f_v11
xanim,#ai_zombie_base_dth_f_v12
xanim,#ai_zombie_base_dth_f_v13
xanim,#ai_t8_zombie_base_run_ad_win_trav_r_v1
xanim,#ai_zombie_base_crawl_win_trav_m_v1
xanim,#ai_zombie_base_crawl_win_trav_m_v2
xanim,#hash_51faae9e40d3aafc
xanim,#hash_51faaf9e40d3acaf
xanim,#hash_51fab19e40d3b015
xanim,#hash_52041fcbb75b4cea
xanim,#hash_520561bd5449c5f5
xanim,#ai_t8_zm_zod_stoker_stun_out_01
xanim,#vm_ww_tricannon_crawl_out
xanim,#ai_t8_zombie_base_super_sprint_25
xanim,#ai_t8_zombie_base_super_sprint_24
xanim,#ai_t8_zombie_base_super_sprint_23
xanim,#ai_t8_zombie_base_super_sprint_22
xanim,#ai_t8_zombie_base_super_sprint_21
xanim,#ai_t8_zombie_base_super_sprint_20
xanim,#ai_t8_zombie_base_super_sprint_18
xanim,#ai_t8_zombie_base_super_sprint_19
xanim,#ai_t8_zombie_base_super_sprint_12
xanim,#ai_t8_zombie_base_super_sprint_13
xanim,#ai_t8_zombie_base_super_sprint_10
xanim,#ai_t8_zombie_base_super_sprint_11
xanim,#ai_t8_zombie_base_super_sprint_16
xanim,#ai_t8_zombie_base_super_sprint_17
xanim,#ai_t8_zombie_base_super_sprint_14
xanim,#ai_t8_zombie_base_super_sprint_15
xanim,#ai_t8_zombie_base_super_sprint_09
xanim,#ai_t8_zombie_base_super_sprint_08
xanim,#ai_t8_zombie_base_super_sprint_05
xanim,#ai_t8_zombie_base_super_sprint_04
xanim,#ai_t8_zombie_base_super_sprint_07
xanim,#ai_t8_zombie_base_super_sprint_06
xanim,#ai_t8_zombie_base_super_sprint_01
xanim,#ai_t8_zombie_base_super_sprint_03
xanim,#ai_t8_zombie_base_super_sprint_02
xanim,#o_zombie_base_magic_box_fake_idle_twitch_a
xanim,#o_zombie_base_magic_box_fake_idle_twitch_b
xanim,#ai_t8_zm_zod_stoker_walk_jump_dn_96
xanim,#o_t8_zm_zombie_board_4_repair
xanim,#ai_t8_zm_zod_stoker_walk_jump_dn_48
xanim,#vm_battle_shield_pullout
xanim,#ai_t8_zm_zod_stoker_walk_jump_dn_36
xanim,#ai_t8_zm_zod_stoker_walk_jump_dn_32
xanim,#ai_zombie_base_crawl_boardtear_aligned_m_3_pull
xanim,#ai_zombie_base_sprint_ad_v23_pain_chest_f
xanim,#ai_zombie_base_boardtear_aligned_l_4_grab
xanim,#ai_zombie_base_walk_au_v7_pain_chest_f
xanim,#ai_t8_zm_zombie_base_walk_jump_down_128
xanim,#ai_zombie_base_run_ad_v24_pain_chest_f
xanim,#ai_zombie_base_run_ad_v23_pain_chest_f_alt
xanim,#vm_battle_turret_pullout_alt
xanim,#vm_ww_tricannon_fire
xanim,#ai_t8_zm_zombie_base_crawl_trv_entry_mantle_272
xanim,#ai_zombie_base_walk_ad_v20_pain_chest_f
xanim,#ai_zombie_smash_react_l_legsoutright
xanim,#ai_t8_zm_zombie_boardtear_aligned_r_2_hold
xanim,#ai_t8_zombie_base_sprint_au_v21_pain_chest_f
xanim,#ai_t8_zm_zombie_boardtear_aligned_m_6_hold
xanim,#ai_zm_dlc1_zombie_run_lowg_v2_pain_chest_f
xanim,#ai_zombie_base_dth_l_v2
xanim,#ai_zombie_base_dth_l_v1
xanim,#ai_t8_zm_zombie_base_crawl_boardtear_aligned_r_3_grab
xanim,#ai_t8_zm_zombie_base_crawl_boardtear_aligned_r_2_grab
xanim,#ai_zombie_base_walk_ad_sidestep_right_a
xanim,#hash_53aba2b7c90243a0
xanim,#ai_t8_zm_zombie_boardtear_aligned_r_3_grab
xanim,#hash_53c351735451a9a5
xanim,#ai_t8_zm_zombie_base_crawl_dth_freeze_02
xanim,#ai_t8_zm_zombie_base_crawl_dth_freeze_01
xanim,#ai_zombie_base_run_turn_90_r_v2
xanim,#ai_t8_zm_zombie_base_run_jump_up_128
xanim,#ai_t8_zm_quad_crawl_spawn_02
xanim,#ai_t8_zm_zombie_base_trv_entry_mantle_496
xanim,#ai_zombie_base_walk_ad_v6_pain_chest_f_alt
xanim,#ai_t8_zm_zombie_base_trv_entry_mantle_420
xanim,#hash_5453e4c6ed4bd8cf
xanim,#ai_zombie_base_run_ad_v11_pain_chest_f
xanim,#ai_zombie_base_crawl_boardtear_aligned_l_1_grab
xanim,#hash_54fb8a6268fcd5a9
xanim,#ai_t8_zombie_base_sprint_au_win_trav_r_v1
xanim,#ai_zombie_base_boardtear_aligned_l_4_hold
xanim,#hash_555aac7a4206edfa
xanim,#ai_t8_zm_zod_stoker_sprint_jump_up_160
xanim,#hash_557fe5975c729a83
xanim,#hash_557fe6975c729c36
xanim,#hash_55884597e6f9d148
xanim,#ai_t8_zm_zod_stoker_sprint_jump_up_128
xanim,#vm_ww_tricannon_walk_f
xanim,#ai_zombie_base_jump_up_96
xanim,#ai_zombie_base_fast_sprint_02_pain_chest_f
xanim,#ai_zombie_base_jump_up_36
xanim,#ai_t8_zm_zombie_base_crawl_boardtear_aligned_l_2_hold
xanim,#ai_t8_zm_zombie_base_crawl_boardtear_aligned_r_5_pull
xanim,#ai_zombie_base_jump_up_72
xanim,#ai_zombie_base_jump_up_48
xanim,#pt_battle_shield_male_stand_melee
xanim,#ai_t8_zombie_base_sprint_au_v25
xanim,#ai_t8_zombie_base_sprint_au_v22
xanim,#ai_t8_zombie_base_sprint_au_v20
xanim,#ai_t8_zombie_base_sprint_au_v21
xanim,#ai_zombie_base_walk_ad_v4_pain_chest_f_alt
xanim,#ai_zombie_cp_jump_up_128_down_32
xanim,#ai_t8_zm_zombie_base_crawl_boardtear_aligned_m_1_grab
xanim,#ai_t8_zm_zod_bltfthr_tongue_attack_hit_end_decl_45
xanim,#ai_t8_zm_zod_bltfthr_tongue_grab_stagger_decl_45
xanim,#ai_t8_zombie_base_sprint_au_win_trav_l_v1
xanim,#ai_zombie_base_sprint_ad_v1_pain_chest_f
xanim,#ai_t8_zm_zod_catalyst_electric_run_01
xanim,#ai_t8_zm_zombie_base_crawl_trv_entry_climb_496
xanim,#hash_56783de8e5648a87
xanim,#ai_zombie_base_sprint_au_sidestep_left_short_a
xanim,#ai_zombie_base_sprint_au_sidestep_left_short_b
xanim,#ai_zm_dlc1_zombie_walk_lowg_v2_pain_chest_f_alt
xanim,#ai_t8_zm_zod_bltfthr_tongue_grab_release_incl_45
xanim,#p8_fxanim_zm_zod_iceberg_forecastle_deck_damage_anim
xanim,#ai_zombie_base_crawl_boardtear_aligned_l_6_hold
xanim,#ai_zombie_base_boardtear_aligned_l_5_pull
xanim,#ai_zombie_base_dth_f_head_lt_02
xanim,#ai_zombie_base_dth_f_head_lt_01
xanim,#ai_zombie_base_dth_f_head_lt_00
xanim,#ai_t8_zm_zombie_boardtear_aligned_m_5_hold
xanim,#ai_t8_zm_zombie_undercroft_spawn_02
xanim,#vm_lmg_mg08_reload_empty
xanim,#ai_zombie_smash_react_getup_quick_b
xanim,#ai_zombie_smash_react_getup_quick_c
xanim,#hash_57474dcafd765dbf
xanim,#p8_fxanim_zm_zod_cargo_hold_net_idle_01_anim
xanim,#hash_5764bcda95af22b8
xanim,#ai_t8_zombie_base_sprint_ad_v2_pain_chest_f_alt
xanim,#hash_577d43c0dfe3cc98
xanim,#ai_zm_dlc1_zombie_sprint_lowg_v4_pain_chest_f_alt
xanim,#hash_57a2d6861277bc4a
xanim,#hash_57bc69dfa16ab4cc
xanim,#ai_t8_zm_zod_stoker_run_f_pain_chest_f
xanim,#pt_rifle_stand_bowie_swipe
xanim,#ai_t8_zm_zombie_base_crawl_boardtear_aligned_l_4_pull
xanim,#ai_zombie_base_sprint_au_sidestep_right_short
xanim,#ai_zombie_base_boardtear_aligned_m_4_hold
xanim,#vm_t8_swim_idle_static
xanim,#hash_580726d677102fa2
xanim,#ai_base_rifle_stn_run_dth_b_head_lt_1
xanim,#hash_581245f564ada2a1
xanim,#ai_t8_zombie_base_sprint_ad_v21_pain_chest_f
xanim,#hash_5817e5cb0c082cbd
xanim,#ai_t8_zm_zombie_base_crawl_boardtear_aligned_m_4_hold
xanim,#hash_584022c133fb29fa
xanim,#vm_lmg_mg08_putaway_quick
xanim,#hash_5849184e50198d77
xanim,#ai_t8_zm_zombie_boardtear_aligned_r_1_grab
xanim,#ai_zombie_base_run_ad_attack_v1
xanim,#ai_zombie_base_run_ad_attack_v2
xanim,#ai_zombie_base_run_ad_attack_v3
xanim,#ai_zombie_base_run_ad_attack_v4
xanim,#vm_battle_shield_pullout_quick
xanim,#ai_zombie_base_crawl_boardtear_aligned_l_6_pull
xanim,#ai_zombie_base_boardtear_aligned_m_4_pull
xanim,#ai_zombie_base_walk_ad_v2_pain_chest_f
xanim,#p8_fxanim_zm_zod_debris_power_02_implode_anim
xanim,#hash_5924c340357b9774
xanim,#hash_59265e5bd23725b8
xanim,#hash_5926605bd237291e
xanim,#hash_5926615bd2372ad1
xanim,#hash_5926635bd2372e37
xanim,#ai_t8_zm_zombie_base_crawl_boardtear_aligned_l_3_hold
xanim,#hash_593fd25d2ea74ea6
xanim,#ai_zombie_base_crawl_mantle_over_96
xanim,#ai_zombie_base_crawl_mantle_over_48
xanim,#ai_zombie_base_crawl_mantle_over_72
xanim,#ai_zombie_base_crawl_mantle_over_36
xanim,#p8_fxanim_zm_towers_crowd_jar_01_anim
xanim,#hash_599d695219fe6f83
xanim,#ai_t8_zm_zombie_base_crawl_boardtear_aligned_r_6_pull
xanim,#ai_zombie_base_run_ad_sidestep_right_long_a
xanim,#ai_zombie_base_crawl_boardtear_aligned_m_4_pull
xanim,#ai_t8_zm_zombie_base_crawl_jump_up_160
xanim,#ai_t8_zm_zombie_base_crawl_jump_up_128
xanim,#ai_zombie_smash_react_b_deadfallknee
xanim,#ai_zombie_base_crawl_boardtear_aligned_r_5_pull
xanim,#ai_zm_dlc1_zombie_climb_up_192_down_40
xanim,#ai_zombie_base_crawl_boardtear_aligned_l_5_hold
xanim,#ai_zombie_crawl_dr_jump_down_96
xanim,#ai_zombie_crawl_dr_jump_down_72
xanim,#ai_zombie_base_dth_f_v9
xanim,#ai_zombie_base_dth_f_v8
xanim,#ai_zombie_base_dth_f_v1
xanim,#ai_zombie_base_dth_f_v3
xanim,#ai_zombie_base_dth_f_v2
xanim,#ai_zombie_base_dth_f_v5
xanim,#ai_zombie_base_dth_f_v4
xanim,#ai_zombie_base_dth_f_v7
xanim,#ai_zombie_base_dth_f_v6
xanim,#vm_battle_shield_fire_hold
xanim,#ai_zombie_base_boardtear_aligned_r_4_grab
xanim,#hash_5a3d56a3f5ee1d29
xanim,#ai_zombie_base_walk_au_v6_pain_chest_f_alt
xanim,#ai_zombie_base_run_ad_v21_pain_chest_f_alt
xanim,#o_t8_zm_zombie_board_1_repair
xanim,#hash_5a832b96a649c9d8
xanim,#hash_5a8733eea1464185
xanim,#ai_t8_zombie_base_sprint_au_v1
xanim,#ai_t8_zombie_base_sprint_au_v2
xanim,#ai_t8_zm_zombie_boardtear_aligned_m_6_pull
xanim,#p8_fxanim_zm_zod_rats_provision_04_anim
xanim,#ai_zombie_base_crawl_boardtear_aligned_l_5_pull
xanim,#ai_zombie_base_run_au_win_trav_l_v1
xanim,#ai_t8_zombie_base_run_au_win_trav_l_v1
xanim,#ai_zombie_base_walk_au_v4_pain_chest_f
xanim,#hash_5b4b57c2f2008548
xanim,#ai_t8_zm_zod_stoker_attack_shovel_02
xanim,#ai_t8_zm_zod_stoker_attack_shovel_01
xanim,#ai_zombie_base_crawl_boardtear_aligned_r_6_grab
xanim,#ai_t8_zm_zombie_base_trv_entry_window_272
xanim,#vm_lmg_mg08_fire_ads
xanim,#vm_crouch_to_prone_additive
xanim,#ai_zombie_base_run_au_v21_pain_chest_f
xanim,#vm_battle_shield_ads_base_up
xanim,#ai_zombie_base_boardtear_aligned_m_3_grab
xanim,#hash_5c6b89c8357a36f1
xanim,#ai_zombie_base_dth_f_legs_lt_2
xanim,#ai_zm_dlc1_zombie_crawl_jump_down_lower_courtyard
xanim,#vm_shock_charge_throw
xanim,#p8_fxanim_zm_zod_boss_prom_icicles_01_anim
xanim,#hash_5cbbbe1e7b021ef1
xanim,#hash_5cc33882544339ea
xanim,#hash_5ce05168906559af
xanim,#hash_5cee2fb50551cc2e
xanim,#hash_5cee30b50551cde1
xanim,#hash_5cee31b50551cf94
xanim,#hash_5cee32b50551d147
xanim,#hash_5cee33b50551d2fa
xanim,#ai_t8_zm_zombie_base_dth_freeze_03
xanim,#ai_t8_zm_zombie_base_dth_freeze_02
xanim,#ai_t8_zm_zombie_base_dth_freeze_01
xanim,#ai_t8_zm_zombie_base_dth_freeze_05
xanim,#ai_t8_zm_zombie_base_dth_freeze_04
xanim,#ai_t8_zombie_traverse_ground_dugup
xanim,#ai_zombie_base_boardtear_aligned_l_2_grab
xanim,#ai_zombie_base_walk_au_v21_pain_chest_f_alt
xanim,#hash_5d50b5d42ef185c7
xanim,#ai_t8_zm_zod_catalyst_corrosive_idle_02
xanim,#ai_t8_zm_zod_catalyst_corrosive_idle_01
xanim,#hash_5d780cf0594c4975
xanim,#hash_5d95389145f939b2
xanim,#ai_t8_zm_zod_catalyst_water_exit_8
xanim,#ai_t8_zm_zod_catalyst_water_exit_9
xanim,#ai_t8_zm_zod_catalyst_water_exit_6
xanim,#ai_t8_zm_zod_catalyst_water_exit_7
xanim,#ai_t8_zm_zod_catalyst_water_exit_4
xanim,#ai_t8_zm_zod_catalyst_water_exit_2
xanim,#ai_t8_zm_zod_catalyst_water_exit_3
xanim,#ai_t8_zm_zod_catalyst_water_exit_1
xanim,#hash_5dae3ae60ff50a7d
xanim,#p8_fxanim_zm_zod_staff_ra_float_anim
xanim,#ai_zombie_base_crawl_boardtear_aligned_l_2_grab
xanim,#ai_t8_zombie_base_run_au_win_trav_r_v1
xanim,#hash_5e09d3b67fc393cd
xanim,#o_t8_zm_zombie_board_5_pull
xanim,#hash_5e59f2af0204fad1
xanim,#ai_t8_zm_zombie_boardtear_aligned_l_1_grab
xanim,#vm_battle_shield_gunbutt
xanim,#ai_zombie_base_dth_f_l_arm_hvy_01
xanim,#ai_zombie_base_dth_f_l_arm_hvy_00
xanim,#ai_zombie_base_sprint_au_sidestep_right_short_b
xanim,#ai_zombie_base_sprint_au_sidestep_right_short_a
xanim,#p8_fxanim_zm_zod_chaos_zombie_04_anim
xanim,#ai_zombie_base_walk_turn_135_r_v2
xanim,#ai_zombie_base_walk_au_v15_pain_chest_f_alt
xanim,#ai_zombie_base_boardtear_aligned_m_1_pull
xanim,#hash_5f2636b48c3d20c5
xanim,#hash_5f4889c341912ec1
xanim,#vm_battle_shield_sprint_pullout
xanim,#ai_t8_zm_zombie_boardtear_aligned_m_4_grab
xanim,#ai_zombie_base_idle_ad_v1
xanim,#ai_zombie_base_crawl_boardtear_aligned_m_5_pull
xanim,#vm_lmg_mg08_fall
xanim,#ai_t8_zm_zod_bltfthr_idle
xanim,#hash_600da8ceb37fe406
xanim,#ai_zombie_base_boardtear_aligned_l_4_pull
xanim,#p8_fxanim_zm_zod_boss_prom_pipes_02_anim
xanim,#vm_riotshield_zm_raise
xanim,#ai_zombie_base_walk_au_v1_pain_chest_f
xanim,#ai_zombie_base_jump_across_128
xanim,#vm_lmg_mg08_jump_land
xanim,#vm_riotshield_zm_ads_up
xanim,#vm_riotshield_zm_melee
xanim,#p8_fxanim_zm_zod_debris_power_01_implode_anim
xanim,#ai_t8_zombie_base_sprint_au_v25_pain_chest_f_alt
xanim,#ai_t8_zm_zombie_boardtear_aligned_r_5_hold
xanim,#ai_t8_zm_zod_catalyst_electric_death_01
xanim,#ai_zombie_smash_react_l_jackiespinright
xanim,#ai_t8_zm_zombie_base_crawl_boardtear_aligned_r_3_pull
xanim,#hash_6135b87e07fcb21d
xanim,#p8_fxanim_zm_zod_iceberg_bridge_chunk01_anim
xanim,#vm_lmg_mg08_jump
xanim,#hash_61510d74ef1b5423
xanim,#ai_t8_zm_zod_catalyst_electric_sprint_01
xanim,#ai_zombie_base_crawl_boardtear_aligned_m_4_hold
xanim,#ai_zombie_base_crawl_boardtear_aligned_r_4_pull
xanim,#ai_t8_zm_zod_bltfthr_fire_projectile_sngl_r
xanim,#ai_t8_zm_zod_bltfthr_fire_projectile_sngl_l
xanim,#ai_zombie_base_walk_turn_90_r_v2
xanim,#ai_zombie_base_run_au_sidestep_right_short_b
xanim,#ai_zombie_base_run_au_sidestep_right_short_c
xanim,#ai_zombie_base_run_au_sidestep_right_short_a
xanim,#ai_zombie_base_run_au_sidestep_right_short_d
xanim,#hash_6292a8071efc4d66
xanim,#ai_zombie_base_boardtear_aligned_r_3_pull
xanim,#hash_62fe517c6ac42f44
xanim,#o_zombie_magic_box_weapon_dual_rise
xanim,#vm_t8_swim_b_additive
xanim,#ai_t8_zm_zombie_boardtear_aligned_r_6_hold
xanim,#ai_zombie_base_boardtear_aligned_r_6_grab
xanim,#ai_t8_zm_zombie_base_crawl_boardtear_aligned_m_4_pull
xanim,#ai_t8_zm_zombie_boardtear_aligned_l_4_pull
xanim,#hash_639388f4c0f75ff4
xanim,#hash_639499bfe0dc3b16
xanim,#p8_fxanim_zm_zod_iceberg_forecastle_ladder_rt_impact_anim
xanim,#ai_zm_dlc1_zombie_walk_lowg_v4
xanim,#ai_zm_dlc1_zombie_walk_lowg_v2
xanim,#ai_zm_dlc1_zombie_walk_lowg_v3
xanim,#ai_zm_dlc1_zombie_walk_lowg_v1
xanim,#hash_63ee7867a4a1382d
xanim,#ai_zombie_base_run_au_v21_pain_chest_f_alt
xanim,#hash_640cdaf1ff67a0fb
xanim,#hash_645f4d64b576e6da
xanim,#p8_fxanim_zm_zod_sent_trail2_cargo_tarp_anim
xanim,#ai_zombie_base_run_au_v22_pain_chest_f_alt
xanim,#hash_64ac92a9e7e06d26
xanim,#hash_64b537a7e5d2f347
xanim,#hash_64ba63f274cbb658
xanim,#ai_t8_zm_zod_bltfthr_run_02
xanim,#ai_t8_zm_zod_bltfthr_run_01
xanim,#o_veh_t7_civ_sedan_midsize_police_explode
xanim,#hash_64dc68852a2013d4
xanim,#ai_zombie_base_walk_ad_v6_pain_chest_f
xanim,#ai_zombie_base_crawl_sprint_win_trav_r_v1
xanim,#ai_t8_zombie_base_sprint_ad_v22_pain_chest_f
xanim,#ai_t8_zm_zod_stoker_knockdown_l_01
xanim,#ai_zombie_base_run_au_v4_pain_chest_f
xanim,#hash_65c966f2248178c6
xanim,#ai_t8_zm_zod_bltfthr_dth_destroy_head_01
xanim,#ai_t8_zm_zombie_boardtear_aligned_l_6_grab
xanim,#ai_t8_zombie_base_sprint_ad_v1_pain_chest_f_alt
xanim,#p8_fxanim_zm_zod_magic_box_idle_anim
xanim,#hash_667268ccbc9da342
xanim,#ai_zombie_base_walk_ad_v7_pain_chest_f
xanim,#ai_t8_zm_zod_bltfthr_pain_knockdown_b_01
xanim,#ai_t8_zm_zod_bltfthr_tongue_attack_hit_end_incl_45
xanim,#p8_fxanim_zm_packapunch_worldguns_ejected
xanim,#hash_672115f5ef6e41f8
xanim,#ai_zombie_base_crawl_boardtear_aligned_m_2_grab
xanim,#hash_679eb4fc0c01baef
xanim,#ai_zombie_base_run_ad_sidestep_left_short_a
xanim,#ai_zombie_base_walk_au_v13_pain_chest_f_alt
xanim,#vm_t8_mantle_over
xanim,#ai_base_rifle_stn_run_dth_f_chest_hvy_1
xanim,#ai_zombie_base_run_turn_135_r_v2
xanim,#vm_battle_shield_sprint_in
xanim,#p8_fxanim_zm_zod_iceberg_forecastle_cranes_no_cargo_idle_anim
xanim,#ai_zombie_base_sprint_au_v20_pain_chest_f_alt
xanim,#ai_t8_zm_zod_bltfthr_run_turn_r_135
xanim,#ai_zombie_base_crawl_boardtear_aligned_m_4_grab
xanim,#ai_t8_zm_zod_bltfthr_run_turn_r_180
xanim,#ai_t8_zm_zod_stoker_sprint_f_pain_head_f
xanim,#vm_t8_swim_r_additive
xanim,#p8_fxanim_zm_zod_rats_provision_02_anim
xanim,#vm_ww_tricannon_ads_base_down
xanim,#ai_zm_dlc1_zombie_sprint_lowg_v1_pain_chest_f_alt
xanim,#ai_t8_zm_zod_stoker_mantle_over_36
xanim,#ai_zombie_base_run_au_v13_pain_chest_f
xanim,#ai_t8_zm_zod_stoker_mantle_over_48
xanim,#ai_t8_zm_zod_stoker_mantle_over_72
xanim,#ai_t8_zm_zod_stoker_mantle_over_96
xanim,#p8_fxanim_zm_zod_cargo_hold_net_rise_02_anim
xanim,#ai_zombie_base_run_au_v5_pain_chest_f_alt
xanim,#ai_zombie_base_sprint_ad_sidestep_right_long
xanim,#hash_694eb27d0c2aa601
xanim,#ai_zombie_base_win_attack_arm_r_out
xanim,#vm_shotgun_energy_gunbutt_swipe
xanim,#ai_zombie_base_sprint_au_win_trav_m_v1
xanim,#ai_zombie_base_sprint_au_win_trav_m_v2
xanim,#hash_6976e193c66bacce
xanim,#p8_fxanim_zm_zod_cargo_hold_net_rise_01_anim
xanim,#ai_t8_zm_zod_catalyst_corrosive_run_01
xanim,#hash_699b185e88259d20
xanim,#p8_fxanim_zm_zod_iceberg_anim
xanim,#hash_69b430eda214515f
xanim,#ai_zombie_base_boardtear_aligned_m_6_grab
xanim,#ai_zombie_base_traverse_ground_climbout_fast
xanim,#ai_zombie_base_crawl_boardtear_aligned_l_1_pull
xanim,#ai_zombie_base_sprint_ad_win_trav_l_v1
xanim,#hash_6a0125bfdfff9f65
xanim,#ai_zombie_base_walk_ad_v4_pain_chest_f
xanim,#hash_6a28afdad4a0e00b
xanim,#o_zombie_base_packapunch_flag_up
xanim,#ai_zombie_smash_react_r_legsoutleft
xanim,#hash_6a75c26877f3e5e6
xanim,#ai_t8_zm_zod_bltfthr_tongue_grab_stagger
xanim,#ai_zm_dlc1_zombie_crawl_jump_down_190
xanim,#ai_t8_zm_zombie_boardtear_aligned_r_6_pull
xanim,#o_zombie_base_packapunch_flag_down
xanim,#hash_6af848a81e1e2760
xanim,#ai_zombie_base_walk_au_v11_pain_chest_f_alt
xanim,#vm_battle_shield_first_raise
xanim,#ai_t8_zombie_base_sprint_ad_v1_pain_chest_f
xanim,#vm_t8_swim_f_additive
xanim,#ai_zombie_base_run_ad_v2_pain_chest_f
xanim,#ai_t8_zm_zod_bltfthr_pain_destroy_sac_right_01
xanim,#ai_zombie_base_run_ad_v24_pain_chest_f_alt
xanim,#hash_6b95ad279921327a
xanim,#ai_t8_zm_zod_catalyst_corrosive_walk_01
xanim,#ai_zm_dlc1_zombie_crawl_jump_up_36_down_180
xanim,#ai_zombie_base_crawl_boardtear_aligned_r_2_grab
xanim,#p8_fxanim_zm_zod_water_pump_end_anim
xanim,#vm_lmg_mg08_walk_f
xanim,#vm_ww_tricannon_sprint_out
xanim,#hash_6c2d4006bd7fb401
xanim,#p8_fxanim_zm_zod_wormhole_anim
xanim,#p8_fxanim_zm_zod_debris_buy_02_implode_anim
xanim,#ai_t8_zm_zod_bltfthr_pain_getup_r_01
xanim,#ai_t8_zombie_base_sprint_ad_v23_pain_chest_f
xanim,#ai_zombie_base_sprint_ad_v24_pain_chest_f_alt
xanim,#vm_bare_hands_idle
xanim,#hash_6cff2015e5f2a5de
xanim,#ai_zombie_base_walk_ad_win_trav_l_v1
xanim,#ai_t8_zm_zod_bltfthr_pain_destroy_head_01
xanim,#hash_6d3dbcb186f9f54b
xanim,#ai_t8_zm_zod_stoker_knockdown_f_01
xanim,#vm_ww_tricannon_swim_uw_pullout
xanim,#ai_t8_base_rifle_stn_run_dth_r_arms_lt_1
xanim,#pt_battle_shield_male_stand_pullout
xanim,#p8_fxanim_zm_zod_chaos_zombie_01_anim
xanim,#ai_zombie_base_sprint_au_v25_pain_chest_f
xanim,#ai_zombie_base_run_ad_win_trav_l_v1
xanim,#ai_t8_zombie_base_walk_au_win_trav_l_v1
xanim,#ai_zombie_base_run_ad_v23_pain_chest_f
xanim,#vm_ww_tricannon_crawl_in
xanim,#p8_fxanim_zm_zod_rats_provision_03_anim
xanim,#vm_ww_tricannon_sprint_pullout
xanim,#hash_6e9508b39b3c209d
xanim,#hash_6ea1827cf051685b
xanim,#hash_6ea1837cf0516a0e
xanim,#ai_zombie_base_run_au_v9_pain_chest_f
xanim,#ai_t8_zm_zombie_base_crawl_boardtear_aligned_l_3_pull
xanim,#hash_6eeafc7dbcbcde96
xanim,#p8_fxanim_zm_zod_iceberg_forecastle_ladder_idle_anim
xanim,#p8_fxanim_zm_zod_iceberg_bridge_blockade_anim
xanim,#p8_fxanim_zm_zod_smokestack_wire_snap_anim
xanim,#ai_t8_zombie_base_sprint_ad_v2
xanim,#ai_t8_zombie_base_sprint_ad_v1
xanim,#ai_t8_zombie_base_sprint_ad_v5
xanim,#ai_t8_zm_zod_bltfthr_run_turn_r_45
xanim,#ai_t8_zm_zod_bltfthr_run_turn_r_90
xanim,#hash_6f578e3a8d77858e
xanim,#p8_fxanim_zm_zod_magic_box_close_anim
xanim,#ai_zombie_base_run_au_sidestep_left_short
xanim,#ai_t8_zm_zod_bltfthr_tongue_attack_in
xanim,#ai_zombie_base_boardtear_aligned_r_6_hold
xanim,#p8_fxanim_zm_zod_sentinel_chaos_wheel_anim
xanim,#ai_t8_zm_zod_bltfthr_pain_stun_in
xanim,#ai_zombie_base_crawl_boardtear_aligned_m_1_hold
xanim,#hash_701b9f59b497e70f
xanim,#vm_lmg_mg08_reload
xanim,#ai_zombie_base_walk_ad_sidestep_right_short_a
xanim,#hash_707e34d8df702aee
xanim,#ai_t8_zm_zombie_base_crawl_boardtear_aligned_r_1_pull
xanim,#vm_lmg_mg08_pullout_quick
xanim,#hash_70d1aefae26bf363
xanim,#hash_70d39bd86217eec9
xanim,#ai_zombie_base_walk_ad_v7_pain_chest_f_alt
xanim,#ai_zombie_base_walk_au_win_trav_l_v1
xanim,#ai_t8_zm_zod_bltfthr_pain_destroy_leg_left_01
xanim,#hash_70f4c6486b558759
xanim,#ai_zombie_base_fwd_ad_attack_v1
xanim,#ai_zombie_base_fwd_ad_attack_v2
xanim,#ai_zm_dlc1_zombie_undercroft_spawn_1
xanim,#ai_zm_dlc1_zombie_undercroft_spawn_3
xanim,#ai_zm_dlc1_zombie_undercroft_spawn_2
xanim,#ai_t8_zm_zod_bltfthr_tongue_grab_release_decl_45
xanim,#ai_zombie_base_boardtear_aligned_r_6_pull
xanim,#ai_zm_dlc1_zombie_sprint_lowg_v3_pain_chest_f
xanim,#vm_brm_grip_reload_empty_quick_ext
xanim,#ai_t8_zm_zombie_boardtear_aligned_m_2_pull
xanim,#ai_t8_zm_zombie_base_crawl_jump_down_36
xanim,#ai_t8_zm_zombie_base_crawl_jump_down_48
xanim,#ai_zombie_base_run_jump_down_36
xanim,#ai_t8_zm_zombie_base_crawl_jump_down_72
xanim,#ai_t8_zm_zombie_base_crawl_jump_down_96
xanim,#ai_zombie_base_run_jump_down_72
xanim,#ai_zombie_base_run_jump_down_48
xanim,#ai_zombie_base_run_jump_down_96
xanim,#hash_7199b8cee4987cf5
xanim,#ai_zm_dlc1_zombie_sprint_lowg_v2_pain_chest_f
xanim,#ai_zombie_base_supersprint_au_v1
xanim,#ai_zombie_base_supersprint_au_v2
xanim,#ai_t8_zombie_base_crawl_sprint_win_trav_r_v1
xanim,#hash_7217633c369a4455
xanim,#ai_zombie_base_ad_attack_v2
xanim,#ai_zombie_base_ad_attack_v3
xanim,#ai_zombie_base_ad_attack_v1
xanim,#ai_zombie_base_ad_attack_v4
xanim,#vm_t8_swim_l
xanim,#vm_t8_swim_f
xanim,#vm_t8_swim_b
xanim,#vm_t8_swim_r
xanim,#hash_724d756d0653f952
xanim,#ai_t8_zm_zod_bltfthr_fire_projectile_triple
xanim,#hash_725f9e43580e7e6b
xanim,#p8_fxanim_zm_zod_iceberg_deck_a_cranes_s3_anim
xanim,#ai_t8_zm_zod_bltfthr_tongue_grab_idle
xanim,#ai_zombie_base_sprint_ad_sidestep_left_short_a
xanim,#hash_72d799cc95c040f6
xanim,#ai_zombie_base_idle_au_v1
xanim,#ai_zombie_base_walk_ad_v21_pain_chest_f
xanim,#hash_730583e9530d65fd
xanim,#ai_t8_zm_zombie_boardtear_aligned_r_6_grab
xanim,#hash_73285628f5de1bd8
xanim,#p8_fxanim_zm_zod_sent_trail2_cargo_hatch_anim
xanim,#pt_battle_turret_male_stand_putaway
xanim,#ai_t8_zombie_base_run_pain_move_l_04
xanim,#ai_t8_zombie_base_run_pain_move_l_05
xanim,#ai_t8_zombie_base_run_pain_move_l_06
xanim,#ai_t8_zombie_base_run_pain_move_l_01
xanim,#ai_t8_zombie_base_run_pain_move_l_02
xanim,#ai_t8_zombie_base_run_pain_move_l_03
xanim,#ai_t8_zm_zombie_base_run_mantle_over_128
xanim,#ai_zombie_base_sprint_ad_v24_pain_chest_f
xanim,#ai_zm_dlc1_zombie_jump_up_244_down_36
xanim,#hash_7388a72cdc7c5a0c
xanim,#ai_zombie_base_sprint_ad_v2_pain_chest_f_alt
xanim,#ai_zombie_base_walk_ad_v25_pain_chest_f_alt
xanim,#ai_zombie_base_run_dth_f_torso_lt
xanim,#ai_t8_zm_zombie_base_crawl_boardtear_aligned_l_1_hold
xanim,#ai_t8_zm_zombie_base_walk_mantle_over_72
xanim,#ai_t8_zm_zombie_base_walk_mantle_over_48
xanim,#ai_t8_zm_zombie_base_walk_mantle_over_40
xanim,#ai_t8_zm_zombie_base_walk_mantle_over_36
xanim,#p8_fxanim_zm_zod_magic_box_leave_anim
xanim,#ai_t8_zm_zombie_base_walk_mantle_over_96
xanim,#ai_zm_dlc1_zombie_crawl_jump_up_36_down_244
xanim,#ai_t8_zm_zombie_boardtear_aligned_m_4_hold
xanim,#hash_74d5f6da806490a0
xanim,#ai_zombie_base_boardtear_aligned_l_5_hold
xanim,#ai_t8_zm_zod_stoker_sprint_f_pain_chest_f_alt
xanim,#vm_lmg_mg08_crawl_out
xanim,#hash_75ade09654de98af
xanim,#hash_75e304d593de369b
xanim,#ai_zombie_base_dth_tesla_d
xanim,#ai_zombie_base_dth_tesla_b
xanim,#ai_zombie_base_dth_tesla_c
xanim,#ai_zombie_base_dth_tesla_a
xanim,#ai_zombie_base_boardtear_aligned_m_1_hold
xanim,#p8_fxanim_zm_zod_iceberg_bridge_chunk02_anim
xanim,#hash_762055de9c14242a
xanim,#ai_zombie_base_run_ad_v1_pain_chest_f
xanim,#hash_76567d886dd3c7fa
xanim,#ai_zombie_base_crawl_attack_v2
xanim,#ai_zombie_base_crawl_attack_v1
xanim,#ai_zombie_base_run_ad_v11
xanim,#ai_zombie_base_run_ad_v12
xanim,#ai_zombie_base_run_ad_v14
xanim,#ai_zombie_base_sprint_ad_v23_pain_chest_f_alt
xanim,#ai_zombie_base_run_ad_v21
xanim,#ai_zombie_base_run_ad_v20
xanim,#ai_zombie_base_run_ad_v23
xanim,#ai_zombie_base_run_ad_v22
xanim,#ai_zombie_base_run_ad_v24
xanim,#hash_7669c41c7e869b72
xanim,#hash_767bee16cb4aa5a8
xanim,#o_t8_zm_zombie_board_1_pull
xanim,#ai_zombie_base_boardtear_aligned_m_1_grab
xanim,#ai_zombie_base_walk_au_v8_pain_chest_f
xanim,#ai_zombie_base_run_ad_win_trav_r_v1
xanim,#p8_fxanim_zm_zod_iceberg_forecastle_damage_anim
xanim,#ai_t8_zm_zod_stoker_sprint_jump_up_96
xanim,#ai_t8_zm_zod_stoker_sprint_jump_up_72
xanim,#ai_t8_zm_zod_stoker_sprint_jump_up_48
xanim,#ai_zombie_base_boardtear_aligned_r_3_grab
xanim,#ai_t8_zm_zod_bltfthr_run_turn_l_90
xanim,#hash_76ff2550e154f93c
xanim,#ai_t8_zm_zod_stoker_sprint_jump_up_36
xanim,#ai_t8_zm_zod_stoker_sprint_jump_up_32
xanim,#ai_zombie_base_fast_sprint_01
xanim,#ai_zombie_base_fast_sprint_02
xanim,#ai_t8_zm_zod_bltfthr_run_turn_l_45
xanim,#ai_zombie_base_boardtear_aligned_l_2_pull
xanim,#vm_zom_bowie_knife_ads_base_up
xanim,#vm_ww_tricannon_sprint_in
xanim,#ai_zombie_base_walk_turn_180_l_v3
xanim,#hash_77a7b381b1c03de2
xanim,#ai_zombie_base_boardtear_aligned_l_1_grab
xanim,#ai_zombie_base_crawl_boardtear_aligned_m_1_pull
xanim,#pt_battle_turret_male_stand_fire
xanim,#ai_zombie_base_run_au_v23_pain_chest_f
xanim,#p8_fxanim_zm_zod_water_pump_start_anim
xanim,#hash_77fc5e1381c65d0d
xanim,#hash_78164b380e9a5523
xanim,#hash_781dbb29833b1e09
xanim,#ai_zombie_base_sprint_au_v1_pain_chest_f
xanim,#p8_fxanim_zm_zod_sent_trail3_fan_anim
xanim,#ai_zm_dlc1_zombie_jump_down_190
xanim,#vm_ww_tricannon_putaway
xanim,#hash_787a8ea17ad12ff3
xanim,#ai_t8_zm_zombie_base_crawl_boardtear_aligned_m_4_grab
xanim,#ai_zombie_zod_jump_down_256
xanim,#ai_t8_zombie_base_sprint_ad_v2_pain_chest_f
xanim,#ai_zm_dlc1_zombie_run_lowg_v1_pain_chest_f_alt
xanim,#ai_zm_dlc1_zombie_run_lowg_v2_pain_chest_f_alt
xanim,#hash_78af2c525bee0ac0
xanim,#hash_78af2e525bee0e26
xanim,#hash_78af2f525bee0fd9
xanim,#hash_78af30525bee118c
xanim,#hash_78af31525bee133f
xanim,#hash_78af32525bee14f2
xanim,#hash_78af33525bee16a5
xanim,#hash_78af35525bee1a0b
xanim,#ai_zombie_base_boardtear_aligned_l_1_pull
xanim,#ai_zombie_base_walk_au_v1_pain_chest_f_alt
xanim,#ai_zombie_base_run_au_v24
xanim,#ai_zombie_base_run_au_v20
xanim,#ai_zombie_base_run_au_v21
xanim,#ai_zombie_base_run_au_v22
xanim,#ai_zombie_base_run_au_v23
xanim,#ai_zombie_base_run_au_v11
xanim,#ai_zombie_base_run_au_v13
xanim,#hash_79330756bfa744a0
xanim,#p8_fxanim_gp_raven_idle_standing_anim
xanim,#p8_fxanim_zm_vapor_altar_zeus_off_anim
xanim,#hash_794da7b5eb9daa96
xanim,#ai_t8_zm_zod_catalyst_plasma_spawn_01
xanim,#hash_7969b183e8516ad0
xanim,#hash_7969b283e8516c83
xanim,#hash_7969b483e8516fe9
xanim,#hash_7969b783e8517502
xanim,#ai_zombie_base_boardtear_aligned_r_5_hold
xanim,#ai_base_rifle_stn_run_dth_r_hips_lt_1
xanim,#ai_t8_zm_zod_catalyst_water_spawn_01
xanim,#ai_t8_zm_zod_stoker_idle
xanim,#ai_zombie_base_boardtear_aligned_l_1_hold
xanim,#ai_zombie_base_walk_au_v11_pain_chest_f
xanim,#ai_t8_zombie_base_crawl_win_trav_l_v1
xanim,#hash_7a09819b5abf1612
xanim,#hash_7a1973eaf5b191b3
xanim,#hash_7a2013cf9357d6ce
xanim,#hash_7a34635d8cc7ee2c
xanim,#ai_zombie_base_boardtear_aligned_r_4_pull
xanim,#ai_t8_zm_zombie_base_crawl_boardtear_aligned_l_1_grab
xanim,#ai_zombie_base_sprint_au_sidestep_left_short
xanim,#p8_fxanim_zm_packapunch_worldguns_taken
xanim,#p8_fxanim_zm_zod_sent_trail1_boat_idle_anim
xanim,#ai_zombie_base_walk_au_v3_pain_chest_f
xanim,#ai_zombie_base_crawl_boardtear_aligned_r_1_hold
xanim,#hash_7acccd544b87b237
xanim,#ai_t8_zm_zod_bltfthr_tongue_attack_miss_end
xanim,#p8_fxanim_zm_zod_boatside_ropes_half_boat_02_anim
xanim,#hash_7b265c6a3c74c4c1
xanim,#ai_t8_zm_zombie_boardtear_aligned_l_5_hold
xanim,#ai_zombie_base_run_ad_v20_pain_chest_f
xanim,#ai_zombie_base_run_ad_sidestep_right_long
xanim,#ai_t8_zm_zod_stoker_run_f_pain_head_f
xanim,#ai_zombie_base_crawl_win_trav_l_v1
xanim,#ai_zombie_base_crawl_boardtear_aligned_m_5_grab
xanim,#ai_t8_zm_zod_catalyst_plasma_run_02
xanim,#ai_t8_zm_zod_catalyst_plasma_run_03
xanim,#ai_t8_zm_zod_catalyst_plasma_run_01
xanim,#ai_zombie_base_crawl_dth_tesla_b
xanim,#ai_zombie_base_crawl_dth_tesla_a
xanim,#ai_zombie_base_sprint_turn_180_l_v2
xanim,#ai_zombie_dr_jump_down_190
xanim,#ai_zombie_dr_jump_down_184
xanim,#p8_fxanim_zm_zod_debris_power_02_idle_anim
xanim,#ai_zombie_dr_jump_down_127
xanim,#ai_t8_zm_zombie_base_crawl_boardtear_aligned_m_2_grab
xanim,#ai_zombie_base_run_ad_sidestep_right_short
xanim,#ai_zombie_zod_stunned_electrobolt_e
xanim,#ai_zombie_zod_stunned_electrobolt_d
xanim,#ai_zombie_zod_stunned_electrobolt_a
xanim,#ai_zombie_zod_stunned_electrobolt_c
xanim,#ai_zombie_zod_stunned_electrobolt_b
xanim,#ai_zombie_base_sprint_au_v25
xanim,#ai_zombie_base_sprint_au_v22
xanim,#ai_zombie_base_sprint_au_v21
xanim,#ai_zombie_base_sprint_au_v20
xanim,#p8_fxanim_zm_vapor_altar_zeus_anim
xanim,#hash_7ce2f3501a78ff8f
xanim,#ai_t8_zm_zod_stoker_run_f_pain_chest_f_alt
xanim,#ai_zombie_base_walk_ad_v3_pain_chest_f
xanim,#ai_zombie_base_run_ad_v7_pain_chest_f
xanim,#ai_zombie_base_sprint_ad_v5_pain_chest_f_alt
xanim,#ai_t8_zm_zod_catalyst_corrosive_death_02
xanim,#ai_t8_zm_zod_catalyst_corrosive_death_01
xanim,#ai_t8_zombie_base_sprint_au_v2_pain_chest_f
xanim,#ai_zombie_base_sprint_au_v1_pain_chest_f_alt
xanim,#vm_lmg_mg08_crawl_in
xanim,#ai_t8_zm_zombie_base_crawl_boardtear_aligned_l_2_pull
xanim,#vm_shock_charge_ads_down
xanim,#ai_t8_zombie_base_sprint_attack_02
xanim,#ai_t8_zombie_base_sprint_attack_04
xanim,#ai_t8_zombie_base_sprint_attack_06
xanim,#ai_t8_zombie_base_sprint_attack_08
xanim,#ai_t8_zombie_base_sprint_attack_13
xanim,#ai_t8_zombie_base_sprint_attack_12
xanim,#ai_t8_zombie_base_sprint_attack_10
xanim,#ai_t8_zombie_base_sprint_attack_17
xanim,#ai_t8_zombie_base_sprint_attack_19
xanim,#ai_t8_zombie_base_sprint_attack_18
xanim,#ai_t8_zombie_base_sprint_attack_24
xanim,#ai_t8_zombie_base_sprint_attack_25
xanim,#ai_t8_zombie_base_sprint_attack_22
xanim,#ai_t8_zombie_base_sprint_attack_23
xanim,#ai_t8_zombie_base_sprint_attack_20
xanim,#ai_t8_zombie_base_sprint_attack_21
xanim,#ai_t8_zombie_base_sprint_attack_28
xanim,#ai_t8_zombie_base_sprint_attack_29
xanim,#ai_t8_zm_zombie_base_crawl_trv_entry_climb_64
xanim,#ai_t8_zombie_base_sprint_attack_30
xanim,#ai_zombie_base_au_attack_v3
xanim,#ai_zombie_base_au_attack_v2
xanim,#ai_zombie_base_au_attack_v1
xanim,#ai_zombie_base_au_attack_v4
xanim,#ai_t8_zm_zombie_boardtear_aligned_m_2_hold
xanim,#p8_fxanim_zm_base_packapunch_working_take_gun_anim
xanim,#ai_zombie_base_walk_ad_sidestep_left_short_b
xanim,#ai_t8_zm_zombie_base_crawl_boardtear_aligned_r_4_grab
xanim,#ai_zombie_base_walk_au_v15_pain_chest_f
xanim,#ai_zombie_base_run_au_v1_pain_chest_f_alt
xanim,#ai_zombie_base_run_au_sidestep_right_long_a
xanim,#ai_zombie_base_run_au_sidestep_right_long_b
xanim,#ai_zombie_base_run_au_sidestep_right_long_c
xanim,#ai_t8_zombie_base_walk_ad_win_trav_l_v1
xanim,#ai_zombie_base_walk_au_v23_pain_chest_f
xanim,#ai_zombie_base_sprint_turn_135_r_v2
xanim,#ai_zombie_base_run_au_v9
xanim,#ai_zombie_base_run_au_v4
xanim,#ai_zombie_base_run_au_v5
xanim,#ai_zombie_base_run_au_v2
xanim,#ai_zombie_base_run_au_v1
xanim,#ai_t8_zm_zod_stoker_walk_jump_up_96
xanim,#p8_fxanim_zm_vapor_altar_danu_anim
xanim,#ai_t8_zm_zod_stoker_walk_jump_up_36
xanim,#ai_t8_zm_zod_stoker_walk_jump_up_32
xanim,#ai_t8_zm_zod_stoker_walk_jump_up_48
xanim,#ai_t8_zm_zod_stoker_walk_jump_up_72
xanim,#ai_t8_zombie_base_sprint_au_win_trav_m_v1
xanim,#ai_t8_zombie_base_sprint_au_win_trav_m_v2
xanim,#ai_t8_zm_zombie_base_crawl_boardtear_aligned_r_4_hold
xanim,#ai_t8_zm_zombie_boardtear_aligned_l_6_hold
xanim,#hash_7f81b1d305943729
xanim,#vm_t8_base_slide_additive
sanim,#p8_fxanim_zm_zod_boss_state_rt_hall_sanim
sanim,#p8_fxanim_zm_zod_cargo_hold_net_idle_07_sanim
sanim,#p8_fxanim_zm_zod_cargo_hold_debris_idle_03_sanim
sanim,#p8_fxanim_zm_zod_cargo_hold_net_fall_03_smod
sanim,#p8_fxanim_zm_zod_boss_state_lft_hall_sanim
sanim,#p8_fxanim_zm_zod_cargo_hold_rope_rise_01_sanim
sanim,#p8_fxanim_zm_zod_cargo_hold_net_fall_05_sanim
sanim,#p8_fxanim_zm_zod_cargo_hold_debris_idle_02_sanim
sanim,#p8_fxanim_zm_zod_cargo_hold_rope_idle_01_sanim
sanim,#p8_fxanim_zm_zod_cargo_hold_net_fall_06_sanim
sanim,#p8_fxanim_zm_zod_cargo_hold_rope_fall_01_sanim
sanim,#p8_fxanim_zm_zod_cargo_hold_net_rise_06_sanim
sanim,#p8_fxanim_zm_zod_cargo_hold_debris_fall_02_sanim
sanim,#p8_fxanim_zm_zod_cargo_hold_net_rise_05_sanim
sanim,#p8_fxanim_zm_zod_cargo_hold_debris_rise_02_sanim
sanim,#p8_fxanim_zm_zod_cargo_hold_debris_rise_01_sanim
sanim,#p8_fxanim_zm_zod_cargo_hold_debris_fall_01_sanim
sanim,#p8_fxanim_zm_zod_cargo_hold_net_idle_06_sanim
sanim,#p8_fxanim_zm_zod_cargo_hold_debris_idle_01_sanim
sanim,#p8_fxanim_zm_zod_cargo_hold_debris_fall_03_sanim
sanim,#p8_fxanim_zm_zod_cargo_hold_net_fall_04_sanim
sanim,#p8_fxanim_zm_zod_cargo_hold_net_fall_07_sanim
sanim,#p8_fxanim_zm_zod_cargo_hold_net_rise_07_sanim
sanim,#p8_fxanim_zm_zod_cargo_hold_net_rise_03_smod
sanim,#p8_fxanim_zm_zod_cargo_hold_net_idle_04_sanim
sanim,#p8_fxanim_zm_zod_cargo_hold_net_idle_05_sanim
sanim,#p8_fxanim_zm_zod_cargo_hold_net_rise_04_sanim
sanim,#p8_fxanim_zm_zod_cargo_hold_debris_rise_03_sanim
sanim,#p8_fxanim_zm_zod_cargo_hold_net_idle_03_sanim
scriptbundle,#ztable_tricannon_upgrade
scriptbundle,#activecamoinfo_t8_sig_lmg_heavy_seventies_van
scriptbundle,#activecamoinfo_t8_sig_ar_accurate_postapocalyptic
scriptbundle,#activecamoinfo_t8_sig_shotgun_pump_police
scriptbundle,#c_t8_zmb_3rdclass_female_dst_def
scriptbundle,#cin_t8_zm_zombie_base_trv_entry_climb_496
scriptbundle,#aib_vign_zm_zod_base_drvr_01
scriptbundle,#activecamoinfo_t8_kill_counter_zm
scriptbundle,#activecamoinfo_t8_kill_counter_wz
scriptbundle,#p8_fxanim_zm_zod_pneumatic_tube_flare_bundle
scriptbundle,#p8_fxanim_zm_zod_engine_propeller_shafts_01_fullspeed_bundle
scriptbundle,#activecamoinfo_t8_fast_direct_action_kills
scriptbundle,#fxb8_zm_char_cata_water
scriptbundle,#activecamoinfo_t8_kill_counter
scriptbundle,#activecamoinfo_t8_sig_lmg_spray_venom_wz
scriptbundle,#activecamoinfo_t8_sig_lmg_spray_venom_zm
scriptbundle,#activecamoinfo_t8_ar_fastfire
scriptbundle,#activecamoinfo_t8_sig_smg_capacity_spaceshuttle_wz
scriptbundle,#activecamoinfo_t8_sig_smg_capacity_spaceshuttle_zm
scriptbundle,#aib_vign_zm_zod_catalyst_corrosive_spawn_post_split
scriptbundle,#aib_vign_zm_zod_bltfthr_spawn_post_split
scriptbundle,#activecamoinfo_t8_smg_standard_wz
scriptbundle,#activecamoinfo_t8_smg_standard_zm
scriptbundle,#p8_fxanim_zm_zod_iceberg_bundle
scriptbundle,#p8_fxanim_zm_zod_boatside_ropes_half_boat_02_bundle
scriptbundle,#p8_fxanim_zm_zod_skybox_bundle
scriptbundle,#p8_fxanim_zm_zod_engine_propeller_shafts_01_idle_bundle
scriptbundle,#aib_t8_zm_zombie_base_trv_entry_mantle_272
scriptbundle,#activecamoinfo_t8_fast_direct_action_kills_symbiosis
scriptbundle,#activecamoinfo_t8_sig_smg_fastfire_voyage_zm
scriptbundle,#activecamoinfo_t8_sig_smg_fastfire_voyage_wz
scriptbundle,#activecamoinfo_t8_direct_action_kills_solarflare
scriptbundle,#p8_fxanim_zm_zod_rats_provision_01_bundle
scriptbundle,#c_t8_zmb_crew_officer_dst_def
scriptbundle,#p8_fxanim_zm_vapor_altar_odin_bundle
scriptbundle,#fxd8_zm_char_cata_water_body
scriptbundle,#fxb8_zm_char_cata_elec
scriptbundle,#activecamoinfo_t8_direct_action_kills_zombie_flick
scriptbundle,#ztable_shield_dual_wield
scriptbundle,#activecamoinfo_t8_darkmatter_wz
scriptbundle,#activecamoinfo_t8_darkmatter_zm
scriptbundle,#c_t8_zmb_crew_sailor_dst_def
scriptbundle,#p8_fxanim_zm_zod_wormhole_bundle
scriptbundle,#aib_vign_zm_zod_catalyst_plasma_spawn_post_split_tutorial
scriptbundle,#p8_fxanim_zm_zod_iceberg_poop_deck_cranes_01_bundle
scriptbundle,#activecamoinfo_t8_smg_accurate_wz
scriptbundle,#activecamoinfo_t8_smg_accurate_zm
scriptbundle,#p8_fxanim_zm_zod_engine_pistons_full_speed_02_bundle
scriptbundle,#activecamoinfo_t8_direct_action_kills_alt_zm
scriptbundle,#activecamoinfo_t8_direct_action_kills_alt_wz
scriptbundle,#activecamoinfo_t8_sig_pistol_fullauto_arcade
scriptbundle,#activecamoinfo_t8_direct_action_kills_wz
scriptbundle,#activecamoinfo_t8_direct_action_kills_zm
scriptbundle,#cin_t8_zm_zombie_base_trv_entry_climb_272
scriptbundle,#p8_fxanim_zm_zod_sent_trail1_boat_bundle
scriptbundle,#p8_fxanim_zm_zod_chaos_zombie_02_bundle
scriptbundle,#activecamoinfo_t8_sig_sniper_powerbolt_viking
scriptbundle,#activecamoinfo_t8_kills_without_dying_retro_vegas_neon
scriptbundle,#fxb8_zm_char_cata_plasma
scriptbundle,#activecamoinfo_t8_ar_accurate
scriptbundle,#p8_fxanim_zm_zod_rats_provision_03_bundle
scriptbundle,#activecamoinfo_t8_take_it_personally
scriptbundle,#c_t8_zmb_blightfather1_dst_def
scriptbundle,#activecamoinfo_t8_sig_shotgun_pump_police_zm
scriptbundle,#activecamoinfo_t8_sig_shotgun_pump_police_wz
scriptbundle,#activecamoinfo_t8_sig_lmg_heavy_seventies_van_wz
scriptbundle,#activecamoinfo_t8_sig_lmg_heavy_seventies_van_zm
scriptbundle,#activecamoinfo_t8_sig_tr_longburst_scrimshaw_zm
scriptbundle,#activecamoinfo_t8_sig_tr_longburst_scrimshaw_wz
scriptbundle,#activecamoinfo_t8_sig_ar_accurate_postapocalyptic_zm
scriptbundle,#p8_fxanim_zm_zod_magic_box_plinth_bundle
scriptbundle,#activecamoinfo_t8_sig_ar_accurate_postapocalyptic_wz
scriptbundle,#activecamoinfo_t8_fast_direct_action_kills_spinal
scriptbundle,#aib_vign_zm_zod_catalyst_electric_spawn_post_split
scriptbundle,#activecamoinfo_t8_pistol_standard
scriptbundle,#p8_fxanim_zm_zod_engine_pistons_idle_01_bundle
scriptbundle,#p8_fxanim_zm_zod_cargo_hold_net_bundle
scriptbundle,#zblueprint_shield_dual_wield
scriptbundle,#aib_vign_zm_zod_catalyst_water_spawn_post_split
scriptbundle,#activecamoinfo_t8_shotgun_semiauto_zm
scriptbundle,#activecamoinfo_t8_shotgun_semiauto_wz
scriptbundle,#activecamoinfo_t8_sig_smg_fastfire_voyage
scriptbundle,#aib_vign_zm_zod_catalyst_water_spawn_pre_split
scriptbundle,#activecamoinfo_t8_sig_tr_flechette_rivermonster_wz
scriptbundle,#activecamoinfo_t8_sig_tr_flechette_rivermonster_zm
scriptbundle,#activecamoinfo_t8_smg_accurate
scriptbundle,#activecamoinfo_t8_kills_without_dying_alt
scriptbundle,#activecamoinfo_t8_gold_zm
scriptbundle,#activecamoinfo_t8_gold_wz
scriptbundle,#activecamoinfo_t8_sig_sniper_powerbolt_viking_zm
scriptbundle,#activecamoinfo_t8_shotgun_semiauto
scriptbundle,#activecamoinfo_t8_sig_sniper_powerbolt_viking_wz
scriptbundle,#c_zom_der_zombie_hat_gib_def
scriptbundle,#p8_fxanim_zm_zod_magic_box_skull_drop_bundle
scriptbundle,#c_t8_zmb_3rdclass_female_gib_def
scriptbundle,#p8_fxanim_zm_zod_iceberg_poop_deck_cranes_bundle
scriptbundle,#activecamoinfo_t8_sig_tr_powersemi_rustymech_zm
scriptbundle,#activecamoinfo_t8_sig_tr_powersemi_rustymech_wz
scriptbundle,#activecamoinfo_t8_kills_without_dying
scriptbundle,#c_t8_zmb_1stclass_male1_dst_def
scriptbundle,#activecamoinfo_t8_direct_action_kills_shattered_wz
scriptbundle,#activecamoinfo_t8_direct_action_kills_shattered_zm
scriptbundle,#zm_blight_father_settings
scriptbundle,#activecamoinfo_t8_sig_shotgun_fullauto_construction
scriptbundle,#fxd8_zm_char_cata_cor_body
scriptbundle,#activecamoinfo_t8_sig_tr_flechette_rivermonster
scriptbundle,#activecamoinfo_t8_objective_kills_zm
scriptbundle,#fxb8_zm_char_blightfather
scriptbundle,#activecamoinfo_t8_objective_kills_wz
scriptbundle,#activecamoinfo_t8_kill_counter_party_rock_wz
scriptbundle,#activecamoinfo_t8_kill_counter_party_rock_zm
scriptbundle,#cin_zm_dlc1_zombie_undercroft_spawn_3
scriptbundle,#cin_zm_dlc1_zombie_undercroft_spawn_2
scriptbundle,#cin_zm_dlc1_zombie_undercroft_spawn_1
scriptbundle,#p8_fxanim_zm_zod_prom_icicles_02_bundle
scriptbundle,#activecamoinfo_t8_fast_direct_action_kills_treasure_wz
scriptbundle,#activecamoinfo_t8_fast_direct_action_kills_treasure_zm
scriptbundle,#activecamoinfo_t8_ar_accurate_wz
scriptbundle,#activecamoinfo_t8_ar_accurate_zm
scriptbundle,#c_t8_zmb_dlc0_zombie_female_gib_def
scriptbundle,#p8_fxanim_zm_zod_engine_pistons_full_speed_01_bundle
scriptbundle,#activecamoinfo_t8_darkmatter_classic_dark
scriptbundle,#activecamoinfo_t8_diamond_zm
scriptbundle,#activecamoinfo_t8_diamond_wz
scriptbundle,#p8_fxanim_zm_towers_crowd_jar_01_bundle
scriptbundle,#activecamoinfo_t8_fast_direct_action_kills_phased_zm
scriptbundle,#activecamoinfo_t8_fast_direct_action_kills_phased_wz
scriptbundle,#activecamoinfo_t8_sig_sniper_quickscope_zombies
scriptbundle,#c_t8_zmb_1stclass_female_gib_def
scriptbundle,#activecamoinfo_t8_sig_tr_midburst_bomber_wz
scriptbundle,#activecamoinfo_t8_sig_tr_midburst_bomber
scriptbundle,#activecamoinfo_t8_sig_tr_midburst_bomber_zm
scriptbundle,#zblueprint_fhield_dual_wield
scriptbundle,#p8_fxanim_zm_zod_state_lft_hall_bundle
scriptbundle,#activecamoinfo_t8_fast_direct_action_kills_circle_slice_zm
scriptbundle,#activecamoinfo_t8_fast_direct_action_kills_circle_slice_wz
scriptbundle,#p8_fxanim_gp_debris_water_02_bundle
scriptbundle,#activecamoinfo_t8_sig_tr_longburst_scrimshaw
scriptbundle,#activecamoinfo_t8_rapid_kills_zm
scriptbundle,#activecamoinfo_t8_rapid_kills_wz
scriptbundle,#p8_fxanim_gp_raven_idle_standing_bundle
scriptbundle,#activecamoinfo_t8_fast_direct_action_kills_mystic_wz
scriptbundle,#zm_zod_zombie_settings
scriptbundle,#activecamoinfo_t8_fast_direct_action_kills_mystic_zm
scriptbundle,#activecamoinfo_t8_direct_action_kills_115
scriptbundle,#activecamoinfo_t8_fast_direct_action_kills_spinal_wz
scriptbundle,#activecamoinfo_t8_fast_direct_action_kills_spinal_zm
scriptbundle,#activecamoinfo_t8_sig_ar_damage_fighter_plane_zm
scriptbundle,#activecamoinfo_t8_sig_ar_damage_fighter_plane_wz
scriptbundle,#activecamoinfo_t8_darkmatter
scriptbundle,#p8_fxanim_zm_office_wormhole_bundle
scriptbundle,#activecamoinfo_t8_sig_smg_accurate_darkunicorn
scriptbundle,#p8_fxanim_zm_zod_safe_cracker_ee_bundle
scriptbundle,#c_t8_zmb_1stclass_male2_dst_def
scriptbundle,#aib_vign_zm_zod_catalyst_corrosive_spawn_pre_split
scriptbundle,#p8_fxanim_zm_zod_chaos_zombie_04_bundle
scriptbundle,#aib_t8_zm_zod_homunculus_idle_01
scriptbundle,#c_t8_zmb_stoker_weakpoint_def
scriptbundle,#activecamoinfo_t8_direct_action_kills_solarflare_wz
scriptbundle,#activecamoinfo_t8_direct_action_kills_solarflare_zm
scriptbundle,#activecamoinfo_t8_sig_ar_damage_fighter_plane
scriptbundle,#p8_fxanim_zm_zod_smokestack_01_bundle
scriptbundle,#activecamoinfo_t8_gold_classic
scriptbundle,#activecamoinfo_t8_sig_ar_modular_faberge_wz
scriptbundle,#activecamoinfo_t8_sig_ar_modular_faberge_zm
scriptbundle,#default_traversal_extents_zm
scriptbundle,#c_t8_zmb_blightfather_weakpoint_def
scriptbundle,#aib_t8_zm_zombie_base_trv_entry_mantle_496
scriptbundle,#activecamoinfo_t8_sig_sniper_powersemi_vietnam_zm
scriptbundle,#activecamoinfo_t8_sig_sniper_powersemi_vietnam_wz
scriptbundle,#cin_t8_zm_zombie_base_trv_entry_mantle_420
scriptbundle,#activecamoinfo_t8_kills_without_dying_retro_vegas_neon_wz
scriptbundle,#activecamoinfo_t8_kills_without_dying_retro_vegas_neon_zm
scriptbundle,#activecamoinfo_t8_direct_action_kills_brains_zm
scriptbundle,#activecamoinfo_t8_direct_action_kills_brains_wz
scriptbundle,#activecamoinfo_t8_showstopper
scriptbundle,#p8_fxanim_zm_zod_cargo_hold_net_02_bundle
scriptbundle,#p8_fxanim_zm_zod_engine_pistons_idle_02_bundle
scriptbundle,#activecamoinfo_t8_sig_pistol_burst_raven_zm
scriptbundle,#activecamoinfo_t8_sig_pistol_burst_raven_wz
scriptbundle,#p8_fxanim_zm_zod_sentinel_chaos_bundle
scriptbundle,#p8_fxanim_zm_zod_tentacle_bundle
scriptbundle,#c_t8_zmb_2ndclass_female2_hat3_dst_def
scriptbundle,#activecamoinfo_t8_lmg_standard
scriptbundle,#aib_vign_zm_zod_catalyst_plasma_spawn_pre_split
scriptbundle,#activecamoinfo_t8_rapid_kills
scriptbundle,#p8_fxanim_zm_zod_eye_01_bundle
scriptbundle,#activecamoinfo_t8_sig_ar_stealth_vampire
scriptbundle,#fxd8_zm_char_cata_elec_body
scriptbundle,#activecamoinfo_t8_sig_smg_fastburst_diy
scriptbundle,#activecamoinfo_t8_pistol_standard_zm
scriptbundle,#activecamoinfo_t8_pistol_standard_wz
scriptbundle,#activecamoinfo_t8_headshot
scriptbundle,#blightfather_footstep_notetrack_bones
scriptbundle,#activecamoinfo_t8_sig_smg_accurate_darkunicorn_wz
scriptbundle,#activecamoinfo_t8_sig_smg_accurate_darkunicorn_zm
scriptbundle,#fxd8_zm_char_stoker_body
scriptbundle,#activecamoinfo_t8_gold
scriptbundle,#activecamoinfo_t8_sig_smg_capacity_spaceshuttle
scriptbundle,#p8_fxanim_zm_zod_staff_ra_bundle
scriptbundle,#activecamoinfo_t8_sig_smg_handling_hunter_wz
scriptbundle,#activecamoinfo_t8_sig_smg_handling_hunter_zm
scriptbundle,#activecamoinfo_t8_sig_tr_powersemi_rustymech
scriptbundle,#activecamoinfo_t8_sig_ar_standard_adventure_zm
scriptbundle,#activecamoinfo_t8_sig_ar_standard_adventure_wz
scriptbundle,#p8_fxanim_zm_zod_sent_trail2_skylight_bundle
scriptbundle,#p8_fxanim_zm_zod_grand_piano_bundle
scriptbundle,#p8_fxanim_zm_zod_smokestack_wire_snap_bundle
scriptbundle,#activecamoinfo_t8_direct_action_kills_zombie_flick_zm
scriptbundle,#activecamoinfo_t8_direct_action_kills_zombie_flick_wz
scriptbundle,#p8_fxanim_zm_zod_smokestack_02_bundle
scriptbundle,#activecamoinfo_t8_sig_pistol_revolver_cyberpunk
scriptbundle,#activecamoinfo_t8_fast_direct_action_kills_apb
scriptbundle,#p8_fxanim_zm_zod_water_pump_bundle
scriptbundle,#activecamoinfo_t8_direct_action_kills_fractalflames_wz
scriptbundle,#aib_t8_zm_zombie_undercroft_spawn_02
scriptbundle,#activecamoinfo_t8_direct_action_kills_fractalflames_zm
scriptbundle,#damageeffecttype_fire
scriptbundle,#cin_t8_zm_zombie_base_trv_entry_window_272
scriptbundle,#p8_fxanim_zm_zod_sent_trail2_cargo_hatch_bundle
scriptbundle,#activecamoinfo_t8_diamond
scriptbundle,#p8_fxanim_zm_zod_rats_provision_04_bundle
scriptbundle,#activecamoinfo_t8_sig_pistol_fullauto_arcade_zm
scriptbundle,#activecamoinfo_t8_sig_pistol_fullauto_arcade_wz
scriptbundle,#activecamoinfo_t8_direct_action_kills_celestial
scriptbundle,#c_t8_zmb_2ndclass_female3_hat1_dst_def
scriptbundle,#c_t8_zmb_2ndclass_female1_dst_def
scriptbundle,#p8_fxanim_zm_zod_piano_vintage_bundle
scriptbundle,#p8_fxanim_zm_zod_table_icechunk_bundle
scriptbundle,#c_t8_zmb_1stclass_female_dst_def
scriptbundle,#c_default_annhilate_gib_def
scriptbundle,#p8_fxanim_zm_zod_prom_icicles_01_bundle
scriptbundle,#activecamoinfo_t8_kill_counter_party_rock
scriptbundle,#p8_fxanim_zm_zod_engine_propeller_shafts_02_idle_bundle
scriptbundle,#activecamoinfo_t8_direct_action_kills_fractalflames
scriptbundle,#activecamoinfo_t8_showstopper_wz
scriptbundle,#activecamoinfo_t8_showstopper_zm
scriptbundle,#activecamoinfo_t8_sig_ar_standard_adventure
scriptbundle,#activecamoinfo_t8_lmg_standard_wz
scriptbundle,#activecamoinfo_t8_lmg_standard_zm
scriptbundle,#activecamoinfo_t8_direct_action_kills_brains
scriptbundle,#activecamoinfo_t8_objective_kills
scriptbundle,#c_t8_zmb_2ndclass_female2_hat2_dst_def
scriptbundle,#activecamoinfo_t8_sig_smg_handling_hunter
scriptbundle,#zm_zombie_settings
scriptbundle,#activecamoinfo_t8_direct_action_kills_115_zm
scriptbundle,#activecamoinfo_t8_direct_action_kills_115_wz
scriptbundle,#activecamoinfo_t8_sig_pistol_burst_raven
scriptbundle,#activecamoinfo_t8_kills_without_dying_wz
scriptbundle,#activecamoinfo_t8_kills_without_dying_zm
scriptbundle,#p8_fxanim_zm_zod_prom_icicles_03_bundle
scriptbundle,#activecamoinfo_t8_ar_fastfire_zm
scriptbundle,#activecamoinfo_t8_sig_pistol_revolver_cyberpunk_wz
scriptbundle,#aib_vign_zm_zod_catalyst_plasma_spawn_post_split
scriptbundle,#activecamoinfo_t8_sig_pistol_revolver_cyberpunk_zm
scriptbundle,#activecamoinfo_t8_ar_fastfire_wz
scriptbundle,#activecamoinfo_t8_sig_shotgun_fullauto_construction_zm
scriptbundle,#activecamoinfo_t8_sig_shotgun_fullauto_construction_wz
scriptbundle,#c_t8_zmb_titanic_stoker_dst_def
scriptbundle,#activecamoinfo_t8_direct_action_kills_celestial_zm
scriptbundle,#p8_fxanim_zm_zod_state_rt_hall_bundle
scriptbundle,#activecamoinfo_t8_fast_direct_action_kills_circle_slice
scriptbundle,#activecamoinfo_t8_direct_action_kills_celestial_wz
scriptbundle,#activecamoinfo_t8_sig_sniper_fastrechamber_western
scriptbundle,#cin_t8_zm_zombie_base_trv_entry_window_414
scriptbundle,#fxd8_zm_char_zombie_base_body
scriptbundle,#activecamoinfo_t8_fast_direct_action_kills_phased
scriptbundle,#p8_fxanim_zm_vapor_altar_zeus_bundle
scriptbundle,#activecamoinfo_t8_sig_ar_modular_porcelain_wz
scriptbundle,#activecamoinfo_t8_sig_ar_modular_porcelain_zm
scriptbundle,#activecamoinfo_t8_fast_direct_action_kills_apb_wz
scriptbundle,#activecamoinfo_t8_fast_direct_action_kills_apb_zm
scriptbundle,#activecamoinfo_t8_darkmatter_classic_red
scriptbundle,#c_t8_zmb_crew_sailor_gib_def
scriptbundle,#activecamoinfo_t8_diamond_classic
scriptbundle,#p8_fxanim_zm_zod_kraken_chest_bundle
scriptbundle,#aib_vign_zm_zod_catalyst_electric_spawn_pre_split
scriptbundle,#aib_vign_zm_zod_catalyst_plasma_spawn_pre_split_tutorial
scriptbundle,#c_t8_zmb_dlc0_zombie_male1_gib_def
scriptbundle,#activecamoinfo_t8_sig_lmg_spray_venom
scriptbundle,#activecamoinfo_t8_sig_smg_fastburst_diy_wz
scriptbundle,#activecamoinfo_t8_sig_smg_fastburst_diy_zm
scriptbundle,#activecamoinfo_t8_direct_action_kills_alt
scriptbundle,#activecamoinfo_t8_smg_standard
scriptbundle,#activecamoinfo_t8_direct_action_kills
scriptbundle,#activecamoinfo_t8_fast_direct_action_kills_treasure
scriptbundle,#p8_fxanim_zm_zod_chaos_zombie_03_bundle
scriptbundle,#activecamoinfo_t8_sig_sniper_fastrechamber_western_zm
scriptbundle,#activecamoinfo_t8_sig_sniper_fastrechamber_western_wz
scriptbundle,#c_t8_zmb_crew_officer_gib_def
scriptbundle,#activecamoinfo_t8_cyberpunk
scriptbundle,#activecamoinfo_t8_headshot_alt
scriptbundle,#p8_fxanim_zm_vapor_altar_ra_bundle
scriptbundle,#cin_t8_zm_zombie_base_trv_entry_climb_64
scriptbundle,#zblueprint_zod_tricannon_upgrade
scriptbundle,#activecamoinfo_t8_sig_sniper_quickscope_zombies_zm
scriptbundle,#activecamoinfo_t8_sig_sniper_quickscope_zombies_wz
scriptbundle,#activecamoinfo_t8_sig_ar_stealth_vampire_zm
scriptbundle,#activecamoinfo_t8_sig_ar_stealth_vampire_wz
scriptbundle,#p8_fxanim_zm_zod_sent_trail3_fan_bundle
scriptbundle,#activecamoinfo_t8_headshot_zm
scriptbundle,#activecamoinfo_t8_sig_ar_modular_porcelain
scriptbundle,#cin_zm_zod_outro
scriptbundle,#activecamoinfo_t8_headshot_wz
scriptbundle,#aib_vign_zm_zod_bltfthr_spawn_pre_split
scriptbundle,#p8_fxanim_zm_vapor_altar_danu_bundle
scriptbundle,#c_t8_zmb_2ndclass_female1_gib_def
scriptbundle,#p8_fxanim_zm_zod_sent_trail3_grate_bundle
scriptbundle,#p8_fxanim_zm_zod_chaos_zombie_01_bundle
scriptbundle,#p8_fxanim_zm_zod_engine_propeller_shafts_02_fullspeed_bundle
scriptbundle,#activecamoinfo_t8_take_it_personally_wz
scriptbundle,#activecamoinfo_t8_take_it_personally_zm
scriptbundle,#activecamoinfo_t8_sig_ar_modular_faberge
scriptbundle,#activecamoinfo_t8_fast_direct_action_kills_mystic
scriptbundle,#activecamoinfo_t8_fast_direct_action_kills_zm
scriptbundle,#activecamoinfo_t8_fast_direct_action_kills_wz
scriptbundle,#zm_stoker_settings
scriptbundle,#activecamoinfo_t8_sig_sniper_powersemi_vietnam
scriptbundle,#p8_fxanim_zm_zod_eye_03_bundle
scriptbundle,#p8_fxanim_zm_zod_eye_02_bundle
scriptbundle,#activecamoinfo_t8_fast_direct_action_kills_symbiosis_zm
scriptbundle,#activecamoinfo_t8_fast_direct_action_kills_symbiosis_wz
scriptbundle,#fxb8_zm_char_cata_cor
scriptbundle,#activecamoinfo_t8_kills_without_dying_alt_zm
scriptbundle,#activecamoinfo_t8_kills_without_dying_alt_wz
scriptbundle,#fxd8_zm_char_cata_plasma_body
scriptbundle,#zm_catalyst_settings
scriptbundle,#p8_fxanim_zm_zod_piano_victorian_bundle
scriptbundle,#activecamoinfo_t8_headshot_alt_wz
scriptbundle,#activecamoinfo_t8_headshot_alt_zm
scriptbundle,#p8_fxanim_zm_zod_rats_provision_02_bundle
scriptbundle,#activecamoinfo_t8_direct_action_kills_shattered
scriptbundle,#p8_fxanim_zm_zod_iceberg_deck_a_cranes_bundle
scriptbundle,#p8_fxanim_zm_zod_ship_wheel_idle_bundle
scriptbundle,#p8_fxanim_zm_zod_boatside_ropes_half_boat_bundle
scriptbundle,#c_54i_grunt_fx_table
scriptbundle,#c_t8_zmb_3rdclass_male_gib_def
scriptbundle,#activecamoinfo_t8_cyberpunk_wz
scriptbundle,#activecamoinfo_t8_cyberpunk_zm
material,#riotshield_zm_icon
string,#mpui/stalker
string,#hash_95c5021b448b56
string,#mpui/extclip_desc
string,#mpui/fmj_desc
string,#zmweapon/ww_tricannon_t8
string,#hash_1164f7d8857e245
string,#mpui/supply_desc
string,#hash_1fa0254afe1fa66
string,#mpui/dualoptic
string,#hash_23a9baa5b7fb1b8
string,#mpui/fastreload2_desc
string,#zmui/fmj_desc
string,#zmweapon/ww_tricannon_t8_upgraded
string,#menu/camo_loot_zombie_maitai
string,#hash_38c04b840a758d4
string,#zmweapon/riotshield
string,#hash_40c47b72c083914
string,#mpui/camo_active_take_it_personally
string,#hash_4722942539bdd37
string,#mpui/camo_flectarn
string,#zmweapon/fhield
string,#mpui/extclip2
string,#hash_51f6634f54cd9d8
string,#zmweapon/ww_tricannon_earth_t8
string,#hash_5be026b2781b8c9
string,#hash_5d7eb1442a4f213
string,#hash_5f80d9ba2fc090a
string,#hash_641a4f757e565e1
string,#menu/camo_loot_scratchnsniff
string,#mpui/quickdraw2_desc
string,#mpui/stalker2_desc
string,#weapon/sig_buckler_dw
string,#hash_7593a2ebe8fc0b3
string,#zm_zodt8/location_poop_deck
string,#hash_8235259468a1297
string,#mpui/extclip
string,#hash_870732dcf823d00
string,#hash_87c8f2dc2aee648
string,#hash_8a9d3480015e78b
string,#menu/camo_loot_roadhouse
string,#menu/camo_loot_trifecta
string,#hash_9d7c35cc8011fe4
string,#hash_9ddd3cf7cbddf5b
string,#hash_a3060fdfbbfdadb
string,#hash_a8d366608b42172
string,#hash_ac52d58f0973396
string,#hash_aea2910160f712a
string,#hash_b7646fef6461730
string,#mpui/fastreload2
string,#hash_c0c2aecab7c9830
string,#mpui/damage2_desc
string,#hash_c360659fdde1ca7
string,#hash_d2cd93392e5a52e
string,#hash_d405270b6b750c6
string,#hash_d7db45a21cdc530
string,#hash_d8622d38b0078a8
string,#hash_e2971bbfafcfe66
string,#hash_e3d1690d7d7f44e
string,#mpui/fastlockon_desc
string,#hash_eb05b70f6927e88
string,#hash_ee567911dd1ce83
string,#menu/camo_loot_circuitboard
string,#zombie/item_meat
string,#hash_fc714290197baba
string,#mpui/vzoom
string,#hash_11416e3dffba8d50
string,#mpui/mk
string,#menu/camo_loot_fractalized
string,#mpui/ir
string,#mpui/is
string,#mpui/gl
string,#mpui/dw
string,#mpui/camo_dante
string,#zm_zodt8/location_engine
string,#mpui/sf
string,#mpui/rf
string,#hash_11cfa6d5f521dede
string,#mpui/no_attachment
string,#hash_126fd9abaad51c74
string,#hash_12a32751e97a4bb3
string,#hash_12b10b6908407b3d
string,#mpui/uber
string,#hash_12fc562d9ab4bf38
string,#hash_133d9515d811aa75
string,#hash_1349c5305046946d
string,#mpui/barrelchoke_desc
string,#hash_13f64b913a8510ce
string,#hash_14651a427e1b9f98
string,#hash_14754dac7b0290c6
string,#hash_14941d3a753c4a6f
string,#menu/camo_active_treasure
string,#zombie/grab_shield
string,#hash_1544925c6fc2b561
string,#hash_15494c7927282ad6
string,#hash_15783325b3eeefd5
string,#mpui/camo_redhex
string,#hash_15cf0d46af70291b
string,#mpui/null
string,#mpui/grip
string,#hash_166b7f0f8f0d22fc
string,#mpui/suppressed_desc
string,#hash_17783814d047454c
string,#hash_1796d85a4ee770b1
string,#hash_17a4ddf01113ff18
string,#menu/camo_loot_fullsuite
string,#mpui/no_attachment_desc
string,#menu/camo_loot_goosebumps
string,#mpui/uber_desc
string,#mpui/camo_active_rapid_kills
string,#hash_1960a6223dd21d1a
string,#hash_1970bc2b9acd5bf5
string,#mpui/barrelchoke
string,#hash_1b1948d30c6b8ec9
string,#hash_1b69eefaf50c1bde
string,#zm_zodt8/location_galley
string,#hash_1b7e2d2bbc1de36a
string,#hash_1c07c87a45375aaf
string,#hash_1c085e4db0b218f9
string,#mpui/camo_integer
string,#hash_1d35ea46da22acaa
string,#hash_1da4ec6fc5b6b9e6
string,#hash_1dc8421f2e165fc4
string,#hash_1deb745365a6cfdd
string,#zmui/mms_desc
string,#mpui/steadyaim2
string,#zm_zodt8/location_berths
string,#hash_1f86bdff7abc4240
string,#hash_1fe854f6441b337e
string,#hash_200f613f8001b6b9
string,#zmarcade/fasttravel
string,#menu/camo_loot_benjamins
string,#menu/camo_loot_fearhaze
string,#zm_zodt8/location_lounge
string,#zm_zodt8/location_boiler
string,#hash_224468183fc02d71
string,#menu/camo_loot_seaflake
string,#hash_229521ee4f96b6db
string,#hash_229651b097292334
string,#menu/camo_loot_astronomy
string,#hash_23184906a849ac54
string,#hash_23375fb65c0b9e2d
string,#mpui/camo_jungle
string,#mpui/dualoptic_desc
string,#mpui/camo_huntsman
string,#hash_246c7d9118b22299
string,#hash_24a3e0f402bfd000
string,#menu/camo_loot_masks
string,#hash_250613266b9a4223
string,#menu/camo_loot_shimmer
string,#hash_25811ef8abc80b1f
string,#hash_25929136eae0e6ae
string,#mpui/elo_desc
string,#hash_25d3f454e864bb4a
string,#menu/camo_loot_picnic_royale
string,#hash_25fc6c872fa95f5e
string,#hash_2622693c3b2cf6df
string,#hash_2628f8facd7d3398
string,#mpui/pistolscope
string,#hash_26adc6b84f143b29
string,#hash_27ad030950415bce
string,#mpui/fmj2_desc
string,#hash_28f8d698fe4d79d2
string,#zmui/high_caliber_2_desc
string,#mpui/holdbreath_desc
string,#hash_29b72f36c8ee8557
string,#mpui/camo_active_kill_counter
string,#hash_2a634db8501d93aa
string,#hash_2aa6fa1848766679
string,#hash_2aaa58d195779a1c
string,#hash_2b0a7eea7d5837b2
string,#hash_2b0fae1c09a3d8a9
string,#hash_2b27d20d2cfc1069
string,#hash_2b3bb217a51771eb
string,#hash_2b3d791eb05ec296
string,#mpui/camo_ardent
string,#hash_2b4ea12debb30fda
string,#mpui/acog_desc
string,#hash_2bc3fbaefaa3b764
string,#hash_2bdcee65a214c377
string,#hash_2bed1c6d7afa4192
string,#mpui/stabilizer_desc
string,#mpui/holdbreath
string,#menu/camo_active_mystic
string,#zmweapon/ww_tricannon_fire_t8_upgraded
string,#hash_2cf50844ee21f73c
string,#hash_2d003d6a1240093c
string,#hash_2d85a60f366822d1
string,#hash_2e816a34f4c828df
string,#mpui/reflex
string,#hash_2ea09148e2b8bef7
string,#hash_2eb14d935f8e39c2
string,#hash_2f6eb9c102b831ad
string,#mpui/camo_burnt
string,#mpui/fmj2
string,#hash_301dd750af5c65eb
string,#zm_zodt8/location_millionaire
string,#hash_3041bf105b58c16a
string,#mpui/ir_desc
string,#hash_30a5377271b52fa1
string,#hash_30f532e9051a3691
string,#hash_319a657e16bbd595
string,#zombie/equip_riotshield_pickup_hint_string
string,#hash_31e9d057a03398bf
string,#hash_3279150dc6bd1b3b
string,#mpui/camo_snowjob
string,#menu/camo_active_brains
string,#zm_zodt8/location_dining
string,#hash_334ff5daed081f31
string,#hash_33c5a3d6ed967788
string,#hash_33f013eacb53964c
string,#hash_3427b86de4fb527b
string,#weapon/proximity_grenade
string,#hash_34b52b88e2ff0049
string,#zmweapon/ww_tricannon_fire_t8
string,#hash_34dfed25a796d563
string,#mpui/holo_desc
string,#zm_zodt8/location_cargo
string,#hash_353f3ec1f4fa0109
string,#hash_3576a4d9b2baf4b8
string,#mpui/quickdraw2
string,#hash_360742434808cf8e
string,#hash_3640fdfd426ba4b4
string,#hash_366888e106b2bbb3
string,#menu/camo_active_115
string,#hash_36ba40b9e876f572
string,#hash_36be4a2f9e325b50
string,#mpui/fmj
string,#hash_3713cffae8b48f55
string,#hash_380fd44f5294766c
string,#zombie/repair_shield
string,#hash_3824d76b4a721017
string,#hash_38698d6863661eb6
string,#menu/camo_loot_dinoglyphs
string,#zmui/fmj2_desc
string,#zm_zodt8/location_sun_deck
string,#menu/camo_loot_streetrace
string,#mpui/killcounter
string,#mpui/extbarrel2
string,#mpui/grip_desc
string,#mpui/reticle_color_1
string,#mpui/camo_active_showstopper
string,#hash_3a6ddc441fd92406
string,#hash_3a812772e47fb401
string,#hash_3a81aa36cd6dd5cd
string,#hash_3aa47b7b8258ebd2
string,#mpui/reddot_desc
string,#hash_3ae42f7d6eabab5a
string,#mpui/camo_darkmatter
string,#hash_3ca968dee9e5dc02
string,#zmweapon/ww_tricannon_air_t8
string,#menu/camo_active_spinal
string,#hash_3d26eb8dafae98e9
string,#hash_3d6f9490b9f55db5
string,#zmui/suppressor_desc
string,#mpui/tacknife
string,#menu/camo_loot_chrysalis
string,#menu/camo_loot_cherryblossom
string,#hash_3e42591da1c1538f
string,#mpui/steadyaim_desc
string,#hash_3e6da11174f09627
string,#mpui/camo_chameleon
string,#mpui/gl_desc
string,#menu/camo_loot_jellymaw
string,#mpui/is_desc
string,#hash_3f33b51b5bbb2128
string,#zombie/powerup_shield_charge
string,#hash_3f66eedf08d403bb
string,#hash_40ba277929e49516
string,#hash_40db3f8450c1cdd1
string,#mpui/fastlockon
string,#hash_4101f1034b6bb306
string,#mpui/extbarrel
string,#hash_414ce3af89eedef1
string,#mpui/mixclip_desc
string,#hash_419e018f0a0f07fe
string,#mpui/elo
string,#menu/camo_loot_datamine
string,#mpui/damage_desc
string,#hash_420861c64b6e9e7c
string,#hash_42258c918b04d5f2
string,#hash_4253963241ceddbb
string,#hash_4254e25038a56598
string,#mpui/supply
string,#menu/camo_loot_blueup
string,#mpui/camo_jungletek
string,#hash_43b0cfc850dbcc04
string,#hash_43dec5d78cfbe549
string,#hash_43f817fb61bda3c8
string,#mpui/camo_bliss
string,#hash_448bba92cdb05ab3
string,#zmweapon/ww_tricannon_water_t8
string,#mpui/suppressed
string,#hash_452fd06faf792671
string,#hash_4574336eada006f0
string,#hash_4574346eada008a3
string,#hash_4574356eada00a56
string,#hash_4574366eada00c09
string,#hash_4574376eada00dbc
string,#hash_4574386eada00f6f
string,#hash_4574396eada01122
string,#hash_4574416eada01eba
string,#hash_4574426eada0206d
string,#mpui/hipgrip_desc
string,#mpui/holo
string,#mpui/quickdraw_desc
string,#hash_46ac72784c5bf3f8
string,#hash_46d9122da1e5c931
string,#zm_zodt8/location_forecastle
string,#mpui/adsreload_desc
string,#hash_49608704d6c3dc17
string,#hash_4973da5ba484b2ae
string,#hash_49df76352370f4a6
string,#hash_49e88c8053d4f73e
string,#hash_49f3092df33c779c
string,#mpui/camo_heatstroke
string,#hash_4a584bc8c443f246
string,#menu/camo_loot_dogfight
string,#hash_4ab3571c0c7854bc
string,#hash_4b105b524a93b53d
string,#hash_4b2858f776c52ccd
string,#hash_4b2d803f03300036
string,#hash_4b7df23eb95b68f4
string,#hash_4c2bbe6f91c1ca94
string,#hash_4c5f8e23d8258199
string,#hash_4d048d939c70cad9
string,#hash_4d2905316e1e4044
string,#mpui/quickdraw
string,#hash_4d68f71cebb352a8
string,#zmweapon/bowie
string,#hash_4dff11036295b59f
string,#zm_zodt8/location_provisions
string,#hash_4e6660ce01be0ca8
string,#menu/camo_loot_afterglow
string,#mpui/extclip2_desc
string,#hash_4ed6f1ab0cbc899b
string,#mpui/sf_desc
string,#hash_4f0d8ebb363015e0
string,#hash_4f23c6ecb321fa19
string,#mpui/camo_fear
string,#hash_506621193b404166
string,#mpui/vzoom_desc
string,#menu/camo_loot_smokeblast
string,#mpui/camo_gold
string,#hash_51b7577e1fe8e0da
string,#mpui/none
string,#hash_523a7a63472e8204
string,#mpui/camo_diamond
string,#hash_52ed5bafc1e1a62c
string,#hash_537338a5d8fb2aea
string,#mpui/speedreloader_desc
string,#zm_zodt8/location_turbine
string,#mpui/extrapellets
string,#menu/camo_loot_megalodon
string,#hash_54eb3433c7a64784
string,#weapon/lmg_double_t8
string,#zmui/extrapellets_desc
string,#hash_556fbdaebf02d158
string,#hash_55d25caf8f7bbb2f
string,#zmui/high_caliber_desc
string,#hash_560d002c6e40e5df
string,#menu/camo_loot_vice
string,#hash_562ff3387984d58f
string,#hash_566ff1da2a135d32
string,#hash_577acc33401ccf26
string,#mpui/steadyaim2_desc
string,#menu/camo_loot_bacon
string,#hash_5898b81572f90c84
string,#hash_58b7aeee47f428da
string,#mpui/reflex_desc
string,#hash_59f561a519beb2f8
string,#mpui/grip2
string,#mpui/hipgrip
string,#mpui/camo_arctic
string,#hash_5acae5f224c146a9
string,#mpui/adsreload
string,#hash_5b6a4c36df9369b6
string,#mpui/camo_battle
string,#hash_5c28147c226eb600
string,#zm_zodt8/location_fore_deck
string,#mpui/mixclip
string,#mpui/mms_desc
string,#hash_5dc620aa9640e528
string,#hash_5de9dee0c0a470e5
string,#hash_5e2686030984da5d
string,#hash_5e2c81adb5a5264a
string,#hash_5e6ae4119dda43e0
string,#mpui/camo_contagious
string,#hash_5ef6d21d81a0250b
string,#hash_5f150c9714252dd9
string,#hash_5f17105e484faba8
string,#mpui/extrapellets_desc
string,#mpui/fastreload_desc
string,#hash_6063cd6ae0f6ce28
string,#hash_607993fb651c3014
string,#hash_609587f477ef819e
string,#mpui/camo_interpol
string,#mpui/extbarrel2_desc
string,#hash_60cb7078f7d454a5
string,#hash_6134f96bfd8584b9
string,#zmui/barrelchoke_desc
string,#hash_6208942bcbbe4e11
string,#mpui/steadyaim
string,#hash_62503932e1d53a87
string,#mpui/reddot
string,#hash_627f640830ae263b
string,#menu/camo_loot_america
string,#hash_629d187300caa85d
string,#hash_62ae1c4f8ac4e714
string,#feature/gun_tag
string,#mpui/camo_6speed
string,#zmweapon/ww_tricannon_earth_t8_upgraded
string,#mpui/clantag
string,#hash_64096a5a5d944158
string,#mpui/burst2_desc
string,#hash_644ab7ffec4f69b0
string,#zm_zodt8/location_aft_deck
string,#mpui/pistolscope_desc
string,#hash_652798c8c39df5b0
string,#hash_655f56d5efd95945
string,#zombie/grab_shield_free
string,#menu/camo_loot_ww2
string,#hash_665fcaf288735f26
string,#hash_669c0c5deaada19f
string,#hash_66d33b296eb64fbc
string,#hash_6734cd1a9daa86ee
string,#mpui/stalker2
string,#hash_674fd03e212ed707
string,#hash_688a1b241ffb922e
string,#hash_6895c9bbfcd8ff94
string,#hash_68aa6bf5db640dde
string,#mpui/extbarrel_desc
string,#mpui/fastreload
string,#hash_694b66b1b888e2a8
string,#zm_zodt8/location_state_rooms
string,#hash_6a4930978aef6c45
string,#mpui/burst2
string,#hash_6ad026339f075034
string,#hash_6aee422878d572b9
string,#hash_6b3d148fe21d6acd
string,#hash_6b53132afa3ea5ef
string,#hash_6b86bf43a35e502b
string,#hash_6bdaac7090cd4985
string,#menu/camo_loot_donuts
string,#hash_6c8d7834e1591a50
string,#hash_6ccb25e6c862372d
string,#hash_6d663dca450595ef
string,#mpui/camo_wmd
string,#zm_zodt8/location_bridge
string,#menu/camo_loot_smooch
string,#hash_6e1d873c28de9fc2
string,#mpui/camo_active_objective_kills
string,#hash_6e86b49d6d5196af
string,#hash_6ee35e51741fd209
string,#mpui/rangefinder
string,#hash_700c960774ba5e4a
string,#mpui/stabilizer
string,#hash_7028ec2236ab3e73
string,#hash_705b2c8817bf3775
string,#mpui/reticle_default
string,#hash_709fb6b7fdde6aa8
string,#zmweapon/ww_tricannon_water_t8_upgraded
string,#hash_714cce81de873f11
string,#mpui/acog
string,#mpui/damage2
string,#zmweapon/ww_tricannon_air_t8_upgraded
string,#menu/camo_loot_connected
string,#hash_7217a104b05f83df
string,#zm_zodt8/location_mid_deck
string,#hash_739ddf7e1e7126a3
string,#hash_73bbee9df5d3c2b1
string,#hash_73c79353123c37c7
string,#hash_74978fc95bfb2bfd
string,#mpui/stalker_desc
string,#hash_7564cce16f4274f6
string,#hash_7573295a792d2292
string,#mpui/damage
string,#hash_758d93baadbc199d
string,#mpui/camo_active_kills_without_dying
string,#hash_76208e521ab783c1
string,#mpui/camo_ash
string,#hash_768c5aeecc2d7cc4
string,#mpui/grip2_desc
string,#hash_7725a43a5e8755ad
string,#menu/camo_loot_cyberpunk
string,#hash_77e4f27eadd05e61
string,#menu/camo_active_celestial
string,#hash_781dafec4ac0550f
string,#menu/camo_loot_citrus
string,#mpui/rf_desc
string,#mpui/mk_desc
string,#hash_78b448d799b46550
string,#hash_78d753143b405d88
string,#zm_zodt8/location_mail
string,#hash_7a287075190064ab
string,#mpui/speedreloader
string,#mpui/dw_desc
string,#menu/camo_loot_disavowed
string,#mpui/camo_active_headshots
string,#hash_7a93670a32eaa8cf
string,#hash_7ad135e043cefb4b
string,#mpui/rangefinder_desc
string,#zombie/craft_shield
string,#hash_7b8e9ff889f16cb0
string,#feature/gun_emblem
string,#hash_7bf8bcf55e2bd26e
string,#mpui/mms
string,#hash_7d3e69af1a992cec
string,#menu/camo_loot_greengradient
string,#mpui/camo_woodlums
string,#hash_7e2ebfe7b5099a2e
string,#hash_7e31505384e0837a
string,#mpui/tacknife_desc
string,#menu/camo_loot_paradise
string,#hash_7ed3d98c25f1502a
string,#hash_7ee0d1946efa3d21
string,#hash_7f12bb33e3e10d68
string,#hash_7f462ab50be41252
string,#menu/camo_loot_plasmadrive
eventstring,#tutorial_complete
fx,#hash_2a8233f8a1d00e7
fx,#zm_ai/fx8_cata_elec_aura
fx,#hash_6ce60bc4b64e793
fx,#hash_70354557d03ed27
fx,#hash_7379a044e62d65f
fx,#zm_ai/fx8_stoker_dest_weak_point_exp_generic
fx,#hash_b182c132d2321d0
fx,#blood/fx_blood_impact_exp_body_lg
fx,#hash_108cfc8cc7b79388
fx,#hash_1093d48cc7bd6e3e
fx,#zm_ai/fx8_stoker_amb_shovel
fx,#zm_ai/fx8_cata_plasma_aura_head
fx,#zombie/fx_bul_flesh_head_nochunks_zmb
fx,#blood/fx8_blood_cam_gib_spray_zm
fx,#zombie/fx_blood_torso_explo_zmb
fx,#zombie/fx_bul_flesh_neck_spurt_zmb
fx,#hash_22aac55b4e3e4c42
fx,#hash_22decafaaa11e437
fx,#hash_2543453edaf343d4
fx,#hash_259b253edb3d834a
fx,#impacts/fx_bul_impact_blood_head_fatal_exit
fx,#zm_ai/fx8_cata_water_aura
fx,#zm_ai/fx8_cata_plasma_aura
fx,#hash_28479dabebe445ee
fx,#hash_28ad85abec3ad058
fx,#hash_29138c752c86a486
fx,#hash_311a865a91014b22
fx,#zm_ai/fx8_cata_cor_mouth
fx,#maps/zm_office/fx8_teleporter_destination
fx,#zombie/fx_bul_flesh_head_fatal_zmb
fx,#electric/fx8_sparks_burst_dir_sm_orange_os
fx,#hash_3c9948ab313a6483
fx,#hash_431dfa76576eb899
fx,#hash_43cec289a09441e9
fx,#hash_4587acdb7cd704b6
fx,#hash_495fc19edc59bb4e
fx,#zm_ai/fx8_stoker_dest_weak_point_dynent_arm
fx,#impacts/fx8_bul_impact_blood_head_fatal_exit
fx,#hash_4c24e997afad36e0
fx,#hash_4d91ce766ebeda81
fx,#hash_4db3c6766edbb34f
fx,#hash_4e3dc7da8f681079
fx,#hash_4e40eada8f6a81c9
fx,#hash_4e55cdda8f7cac8c
fx,#zm_ai/fx8_cata_elec_elbow_ri
fx,#zm_ai/fx8_cata_elec_elbow_le
fx,#hash_5400356a313e2ec3
fx,#hash_57034716c105e41e
fx,#zm_ai/fx8_zombie_eye_glow_red
fx,#hash_59422cff58693587
fx,#zm_ai/fx8_blightfather_weakspot_jaw_exp
fx,#zm_ai/fx8_cata_water_aura_head
fx,#hash_63074eb9d1a1e00c
fx,#hash_636c8abf0f7d5df9
fx,#zm_ai/fx8_stoker_amb_torso
fx,#zm_ai/fx8_stoker_dest_weak_point_exp_arm
fx,#hash_65320106e9ad659c
fx,#blood/fx_blood_gib_limb_trail
fx,#hash_6931b098cb2b2086
fx,#hash_6960c898cb52ba10
fx,#hash_6b7912c3c5da87e2
fx,#hash_6c0eb029adb5f6c6
fx,#hash_6ce02086fc656138
fx,#hash_6d900123df67f4ce
fx,#water/fx_water_impact_object_sm
fx,#hash_71ed4f412b17e19e
fx,#hash_74f01ad183c69a5c
fx,#hash_74f6f2d183cc7512
fx,#hash_7b0d80c48289dd0b
fx,#hash_7b951deec27b35c1
fx,#hash_7d69ee9822b45157
lui_elem_uid,#heldconcentratetext
lui_elem_uid,#zm_tut_hint_text
radiant_exploder,#exp_lgt_sos
radiant_exploder,#exp_lgt_crafting_alt
radiant_exploder,#fxexp_be_f_a
radiant_exploder,#fxexp_be_f_b
radiant_exploder,#fxexp_be_f_c
radiant_exploder,#fxexp_power_artifact_burst
radiant_exploder,#exp_lgt_smg_accurate_t8_2
radiant_exploder,#exp_lgt_ar_stealth_t8
radiant_exploder,#exp_lgt_start_iceberg_spotlights
radiant_exploder,#hash_5c940b298f255e3
radiant_exploder,#hash_61d74353e9aedfb
radiant_exploder,#hash_914c4716095eed6
radiant_exploder,#fxexp_power_trail_burst_skylight
radiant_exploder,#hash_a4c380f746b1d8c
radiant_exploder,#hash_a5d20ece0b9ec35
radiant_exploder,#hash_b3a2a6d19a3a696
radiant_exploder,#fxexp_power_trail_burst_midship
radiant_exploder,#exp_lgt_smg_standard_t8
radiant_exploder,#exp_eye_glow
radiant_exploder,#exp_lgt_forecastle_gamplay
radiant_exploder,#exp_lgt_skylight_gameplay
radiant_exploder,#exp_engine_warning_light_12
radiant_exploder,#exp_engine_warning_light_11
radiant_exploder,#exp_engine_warning_light_10
radiant_exploder,#hash_10c6e3b7d5ada1c1
radiant_exploder,#hash_11b9c099bcd88840
radiant_exploder,#hash_11b9c299bcd88ba6
radiant_exploder,#hash_11b9c399bcd88d59
radiant_exploder,#hash_11b9c499bcd88f0c
radiant_exploder,#hash_11b9c599bcd890bf
radiant_exploder,#fxexp_power_trail_burst_iceberg
radiant_exploder,#hash_11e27362d578ca81
radiant_exploder,#hash_12a69b3295ad1950
radiant_exploder,#hash_12a69c3295ad1b03
radiant_exploder,#hash_13538c4cc147c713
radiant_exploder,#hash_135e8170f00f2a23
radiant_exploder,#exp_lgt_switchboard_gameplay
radiant_exploder,#hash_173c0740a5a46e74
radiant_exploder,#hash_173c0a40a5a4738d
radiant_exploder,#exp_lgt_ar_fastfire_t8
radiant_exploder,#exp_lgt_underwater_engine
radiant_exploder,#hash_1bd15584903ff735
radiant_exploder,#hash_1efbdb2ec24868ac
radiant_exploder,#hash_205650b900b2fad8
radiant_exploder,#exp_lgt_ar_modular_t8
radiant_exploder,#exp_lgt_forecastle_pre_clean
radiant_exploder,#exp_lgt_switchboard_warning_redflash
radiant_exploder,#hash_23ff1693241b779c
radiant_exploder,#fxexp_ambient_drain_cargo2
radiant_exploder,#hash_25bda9de9b02efd8
radiant_exploder,#hash_25bdabde9b02f33e
radiant_exploder,#hash_25bdacde9b02f4f1
radiant_exploder,#hash_25f0a3410942a667
radiant_exploder,#hash_276c9ed820d6746e
radiant_exploder,#hash_27c9ba120675cb7e
radiant_exploder,#exp_lgt_ar_accurate_t8
radiant_exploder,#hash_29905f3ea96b12dd
radiant_exploder,#hash_29c84c635f4b4260
radiant_exploder,#fxexp_be_f_ovf_b
radiant_exploder,#hash_2c407654207c9b02
radiant_exploder,#hash_2dba4e4d86405ff2
radiant_exploder,#hash_2de01dc24279ca3b
radiant_exploder,#hash_2ebdb0e67336d11f
radiant_exploder,#exp_lgt_pistol_burst_t8
radiant_exploder,#exp_engine_warning_light_8
radiant_exploder,#exp_engine_warning_light_9
radiant_exploder,#exp_engine_warning_light_1
radiant_exploder,#exp_engine_warning_light_2
radiant_exploder,#exp_engine_warning_light_3
radiant_exploder,#exp_engine_warning_light_4
radiant_exploder,#exp_engine_warning_light_5
radiant_exploder,#exp_engine_warning_light_6
radiant_exploder,#exp_engine_warning_light_7
radiant_exploder,#fx_exp_flare_vista_red_white_blue
radiant_exploder,#hash_3132ac9d5e5fec1e
radiant_exploder,#exp_lgt_smg_handling_t8
radiant_exploder,#hash_333e97fc6f0f0e4b
radiant_exploder,#hash_3566c1eecdd98b8b
radiant_exploder,#exp_lgt_smg_drum_pistol_t8
radiant_exploder,#hash_38274eb3f7991cdc
radiant_exploder,#exp_lgt_engine_warning_redflash
radiant_exploder,#hash_39da6552c715062c
radiant_exploder,#exp_lgt_shotgun_pump_t8
radiant_exploder,#hash_3d28bcf7b8a8613e
radiant_exploder,#hash_3d28bdf7b8a862f1
radiant_exploder,#hash_3d28bef7b8a864a4
radiant_exploder,#exp_lgt_ar_stealth_t8_2
radiant_exploder,#exp_lgt_tr_longburst_t8
radiant_exploder,#fxexp_s_p_bf_w
radiant_exploder,#exp_lgt_boiler_overheat
radiant_exploder,#exp_lgt_underwater_cargo
radiant_exploder,#hash_4238df7a4392d310
radiant_exploder,#hash_4238e17a4392d676
radiant_exploder,#hash_4238e27a4392d829
radiant_exploder,#hash_4238e37a4392d9dc
radiant_exploder,#hash_4238e47a4392db8f
radiant_exploder,#hash_4238e67a4392def5
radiant_exploder,#hash_43c5f1d88d13cef8
radiant_exploder,#hash_445adbee561ae650
radiant_exploder,#hash_457ad547f804c28a
radiant_exploder,#hash_474ebf79e3c7d070
radiant_exploder,#hash_474ec579e3c7daa2
radiant_exploder,#hash_474ec679e3c7dc55
radiant_exploder,#hash_482301fb2cfa5db5
radiant_exploder,#fxexp_ambient_drain_boilers
radiant_exploder,#hash_48b3a637313641b2
radiant_exploder,#exp_lgt_tr_leveraction_t8
radiant_exploder,#hash_49f423b5ad112a3e
radiant_exploder,#hash_49f424b5ad112bf1
radiant_exploder,#fxexp_ambient_drain_boilers2
radiant_exploder,#fxexp_ambient_drain_cargo
radiant_exploder,#fxexp_er_bf_w_1
radiant_exploder,#fxexp_er_bf_w_2
radiant_exploder,#hash_5095b145f708c8c6
radiant_exploder,#hash_5095b345f708cc2c
radiant_exploder,#hash_5095b445f708cddf
radiant_exploder,#hash_5095b645f708d145
radiant_exploder,#hash_517f450e627b26d9
radiant_exploder,#fx_exp_flare_vista_white
radiant_exploder,#exp_lgt_smg_fastfire_t8
radiant_exploder,#hash_51f096f25dfde006
radiant_exploder,#fxexp_sh060
radiant_exploder,#fxexp_sh070
radiant_exploder,#hash_52fe73cdd3d12c6b
radiant_exploder,#exp_lgt_pistol_standard_t8
radiant_exploder,#exp_lgt_bowie
radiant_exploder,#hash_547d2ea98160e5c0
radiant_exploder,#exp_bubbles_sink
radiant_exploder,#hash_55e29f50e1a349a2
radiant_exploder,#hash_55fecbaab85545c6
radiant_exploder,#exp_crate_blast
radiant_exploder,#hash_57568296788c3111
radiant_exploder,#hash_57861416cd2b2a68
radiant_exploder,#hash_589335d88cca3f0e
radiant_exploder,#hash_58af7b03c0454efb
radiant_exploder,#hash_592aa3583ad84e56
radiant_exploder,#hash_594c60248509a51f
radiant_exploder,#exp_lgt_ice_rise
radiant_exploder,#hash_59a59db47fbcf598
radiant_exploder,#hash_59a5a0b47fbcfab1
radiant_exploder,#exp_lgt_sniper_quickscope_t8
radiant_exploder,#hash_5a3398b9e71e4247
radiant_exploder,#hash_5a6ddaa04c71c507
radiant_exploder,#exp_lgt_bowie_2
radiant_exploder,#hash_5c13c88b6f1fd016
radiant_exploder,#fxexp_pd_bf_w
radiant_exploder,#hash_5de1adf09a35d0e0
radiant_exploder,#hash_5de1aef09a35d293
radiant_exploder,#exp_lgt_lmg_standard_t8
radiant_exploder,#hash_633bc4d57ea531c7
radiant_exploder,#hash_63c9252f7307542b
radiant_exploder,#mp_draft_lights_allies
radiant_exploder,#hash_65969a8780b1026e
radiant_exploder,#hash_65baa394360b8c0d
radiant_exploder,#exp_boiler_overheat
radiant_exploder,#exp_lgt_shotgun_trenchgun_t8
radiant_exploder,#hash_69b871d56ca292d9
radiant_exploder,#fxexp_fast_travel_orbs
radiant_exploder,#hash_6a6c12d1913a0ced
radiant_exploder,#hash_6bafcbc6dac0d872
radiant_exploder,#exp_lgt_xd_sh100
radiant_exploder,#exp_lgt_xd_sh110
radiant_exploder,#exp_lgt_xd_sh120
radiant_exploder,#exp_lgt_fakemoon_c_deck
radiant_exploder,#hash_6d069eecd380ebfe
radiant_exploder,#hash_70d7b0544722af5d
radiant_exploder,#hash_70e057068354daa8
radiant_exploder,#hash_70e058068354dc5b
radiant_exploder,#hash_70e059068354de0e
radiant_exploder,#hash_711a91fb41adbb93
radiant_exploder,#hash_71b30a400a75b88f
radiant_exploder,#exp_iceberg_splashes
radiant_exploder,#hash_725ba61e0c4d20f2
radiant_exploder,#exp_lgt_tr_powersemi_t8
radiant_exploder,#hash_73a5e21c54a24f40
radiant_exploder,#hash_74850c331114ab65
radiant_exploder,#exp_lgt_xd_sh090
radiant_exploder,#exp_lgt_xd_sh080
radiant_exploder,#hash_7555ab761e6961f8
radiant_exploder,#exp_lgt_xd_sh030
radiant_exploder,#exp_lgt_xd_sh020
radiant_exploder,#exp_lgt_xd_sh010
radiant_exploder,#exp_lgt_xd_sh005
radiant_exploder,#exp_lgt_xd_sh070
radiant_exploder,#exp_lgt_xd_sh060
radiant_exploder,#exp_lgt_xd_sh050
radiant_exploder,#exp_lgt_xd_sh040
radiant_exploder,#hash_76891b5dc78b1d1b
radiant_exploder,#exp_lgt_cqd
radiant_exploder,#exp_lgt_smg_accurate_t8
radiant_exploder,#hash_7cc1d9b9607c68d5
radiant_exploder,#hash_7cdf2b001176619b
radiant_exploder,#hash_7cfe414f0d4ebb28
radiant_exploder,#hash_7cfe424f0d4ebcdb
radiant_exploder,#hash_7cfe434f0d4ebe8e
radiant_exploder,#hash_7d175399a072bbfe
radiant_exploder,#hash_7d4d9a180c865e88
radiant_exploder,#hash_7d98347901381ce3
radiant_exploder,#hash_7f198acb3786d1e9
radiant_exploder,#hash_7f198fcb3786da68
radiant_exploder,#hash_7f1990cb3786dc1b
radiant_exploder,#hash_7f1991cb3786ddce
radiant_exploder,#hash_7f1993cb3786e134
radiant_exploder,#hash_7f1994cb3786e2e7
radiant_exploder,#hash_7f1995cb3786e49a
radiant_exploder,#hash_7f1996cb3786e64d
radiant_exploder,#hash_7fe46b566a989c37
soundalias,#vox_box_shotgun_plr_4_0
soundalias,#vox_box_shotgun_plr_4_1
soundalias,#vox_box_shotgun_plr_4_2
soundalias,#vox_box_shotgun_plr_4_3
soundalias,#vox_box_shotgun_plr_4_4
soundalias,#amb_sink_loop
soundalias,#vox_5_banter_dieg_scar_plr_1_0
soundalias,#hash_63c7b574f0996f
soundalias,#hash_73169d47085b2d
soundalias,#fly_step_crouch_walk_zdog_concrete
soundalias,#hash_a3c43ac28782fd
soundalias,#vox_plr_4_exert_concuss
soundalias,#hash_d52d82c6414349
soundalias,#vox_bop2_exert_mant_light
soundalias,#zmb_waterdrain_quad_lp_fore
soundalias,#vox_powerup_double_plr_4_2
soundalias,#vox_powerup_double_plr_4_3
soundalias,#vox_powerup_double_plr_4_0
soundalias,#vox_powerup_double_plr_4_1
soundalias,#vox_powerup_double_plr_4_4
soundalias,#vox_blightfather_react_first_plr_1_0
soundalias,#hash_10b3b428b4c5f44
soundalias,#vox_chakram_activate_plr_3_4
soundalias,#vox_chakram_activate_plr_3_0
soundalias,#vox_chakram_activate_plr_3_1
soundalias,#vox_chakram_activate_plr_3_2
soundalias,#vox_chakram_activate_plr_3_3
soundalias,#vox_pickup_bowie_plr_1_0
soundalias,#vox_plr_3_exert_gas_gasp
soundalias,#fly_wpn_grab_rattle
soundalias,#vox_kill_revenge_plr_2_7
soundalias,#vox_kill_revenge_plr_2_6
soundalias,#vox_kill_revenge_plr_2_5
soundalias,#vox_kill_revenge_plr_2_4
soundalias,#vox_kill_revenge_plr_2_3
soundalias,#vox_kill_revenge_plr_2_2
soundalias,#vox_kill_revenge_plr_2_1
soundalias,#vox_kill_revenge_plr_2_0
soundalias,#vox_kill_revenge_plr_2_9
soundalias,#vox_kill_revenge_plr_2_8
soundalias,#hash_132e60d6a8113de
soundalias,#vox_bop2_exert_punch_give
soundalias,#hash_16112269c47b71c
soundalias,#hash_1736a7699e21414
soundalias,#zmb_waterdrain_quad_start_aft
soundalias,#hash_186bc5f17583a80
soundalias,#hash_196ceb820d519b0
soundalias,#vox_plr_3_exert_gas_cough
soundalias,#vox_4_banter_dieg_shaw_plr_4_1
soundalias,#fly_sniper_shell_out_npc
soundalias,#vox_bop2_exert_sniper_hold
soundalias,#vox_plr_1_exert_explo_dead
soundalias,#vox_destroy_rocketshield_plr_2_2
soundalias,#vox_destroy_rocketshield_plr_2_0
soundalias,#vox_destroy_rocketshield_plr_2_1
soundalias,#zmb_distill_drop
soundalias,#fly_step_prone_zdog_ice
soundalias,#vox_bop1_exert_sniper_gasp
soundalias,#vox_ee_sent_trial_alis_0
soundalias,#vox_ee_sent_trial_alis_1
soundalias,#hash_21c376fa208dc2c
soundalias,#hash_21e9e0a70f607e8
soundalias,#hash_232b3b5b7f5d86d
soundalias,#vox_brun_kill_headshot_plr_1_2
soundalias,#vox_brun_kill_headshot_plr_1_3
soundalias,#vox_brun_kill_headshot_plr_1_0
soundalias,#vox_brun_kill_headshot_plr_1_1
soundalias,#vox_shaw_kill_streak_plr_3_0
soundalias,#vox_shaw_kill_streak_plr_3_1
soundalias,#vox_shaw_kill_streak_plr_3_2
soundalias,#vox_shaw_kill_streak_plr_3_3
soundalias,#vox_shaw_kill_streak_plr_3_4
soundalias,#hash_25db697922ee278
soundalias,#hash_267b015a23e5e46
soundalias,#wpn_hammer_melee_impact_victim
soundalias,#wpn_scepter_revive
soundalias,#hash_29e82dd4a445c8a
soundalias,#fly_melee_imp_galva_npc_riot
soundalias,#hash_2bb4a8b02a0d697
soundalias,#fly_step_sprint_zdog_metalcatwalk
soundalias,#fly_step_crouch_run_zdog_bark
soundalias,#vox_vomit_knife_attack_plr_3_3
soundalias,#vox_vomit_knife_attack_plr_3_2
soundalias,#vox_vomit_knife_attack_plr_3_1
soundalias,#vox_vomit_knife_attack_plr_3_0
soundalias,#vox_vomit_knife_attack_plr_3_4
soundalias,#vox_cargo_hold_enter_plr_1_0
soundalias,#vox_bop2_exert_death_veh_fly
soundalias,#vox_crawler_los_plr_1_4
soundalias,#vox_crawler_los_plr_1_5
soundalias,#vox_crawler_los_plr_1_2
soundalias,#vox_crawler_los_plr_1_3
soundalias,#vox_crawler_los_plr_1_0
soundalias,#vox_crawler_los_plr_1_1
soundalias,#wpn_dragon_fire_lvl1_npc_lfe
soundalias,#zmb_hellhound_prespawn_lfe
soundalias,#vox_bop4_exert_death_veh_hit
soundalias,#vox_decay_gas_react_plr_2_4
soundalias,#vox_decay_gas_react_plr_2_2
soundalias,#vox_decay_gas_react_plr_2_3
soundalias,#vox_decay_gas_react_plr_2_0
soundalias,#vox_decay_gas_react_plr_2_1
soundalias,#hash_33cc1fdd528ed8a
soundalias,#hash_33dead69d2e8d3b
soundalias,#hash_35ee152d044a5ae
soundalias,#hash_36c85a4ee28dd7a
soundalias,#hash_370acd15c1a6faf
soundalias,#vox_revive_dieg_plr_4_4
soundalias,#vox_revive_dieg_plr_4_3
soundalias,#vox_revive_dieg_plr_4_2
soundalias,#vox_revive_dieg_plr_4_1
soundalias,#vox_revive_dieg_plr_4_0
soundalias,#vox_blightfather_kill_plr_1_4
soundalias,#vox_blightfather_kill_plr_1_2
soundalias,#vox_blightfather_kill_plr_1_3
soundalias,#vox_blightfather_kill_plr_1_0
soundalias,#vox_blightfather_kill_plr_1_1
soundalias,#vox_box_interact_first_plr_2_0
soundalias,#hash_3b8275186f62d3a
soundalias,#wpn_chakram_melee_impact_swt
soundalias,#zmb_turbine_switch
soundalias,#vox_surrounded_oh_shit_plr_4_8
soundalias,#vox_surrounded_oh_shit_plr_4_9
soundalias,#vox_surrounded_oh_shit_plr_4_4
soundalias,#vox_surrounded_oh_shit_plr_4_5
soundalias,#vox_surrounded_oh_shit_plr_4_6
soundalias,#vox_surrounded_oh_shit_plr_4_7
soundalias,#vox_surrounded_oh_shit_plr_4_0
soundalias,#vox_surrounded_oh_shit_plr_4_1
soundalias,#vox_surrounded_oh_shit_plr_4_2
soundalias,#vox_surrounded_oh_shit_plr_4_3
soundalias,#vox_fast_travel_end_plr_1_4
soundalias,#vox_fast_travel_end_plr_1_2
soundalias,#vox_fast_travel_end_plr_1_3
soundalias,#vox_fast_travel_end_plr_1_0
soundalias,#vox_fast_travel_end_plr_1_1
soundalias,#zmb_eyeball_swrath_burst
soundalias,#hash_3fe1ae5fd3002be
soundalias,#mus_boss_3_intro
soundalias,#vox_scar_surrounded_oh_shit_plr_2_4
soundalias,#vox_scar_surrounded_oh_shit_plr_2_2
soundalias,#vox_scar_surrounded_oh_shit_plr_2_3
soundalias,#vox_scar_surrounded_oh_shit_plr_2_0
soundalias,#vox_scar_surrounded_oh_shit_plr_2_1
soundalias,#hash_429a3727fe6df41
soundalias,#vox_chakram_ready_plr_3_0
soundalias,#vox_chakram_ready_plr_3_1
soundalias,#vox_chakram_ready_plr_3_2
soundalias,#hash_43eca068008afe4
soundalias,#fly_melee_swipe_player_knife
soundalias,#vox_pap_pickup_plr_3_5
soundalias,#vox_pap_pickup_plr_3_4
soundalias,#vox_pap_pickup_plr_3_3
soundalias,#vox_pap_pickup_plr_3_2
soundalias,#vox_pap_pickup_plr_3_1
soundalias,#vox_pap_pickup_plr_3_0
soundalias,#fly_step_crouch_run_zdog_rock
soundalias,#hash_4570b02abda4a10
soundalias,#vox_bop5_exert_razor_wire
soundalias,#fly_melee_imp_hammer_wood
soundalias,#vox_solo_game_start_plr_4_0
soundalias,#fly_melee_imp_chakram_npc_plastic
soundalias,#vox_door_open_first_plr_3_0
soundalias,#zmb_monkey_throw_plr
soundalias,#vox_kill_headshot_plr_1_4
soundalias,#vox_kill_headshot_plr_1_5
soundalias,#vox_kill_headshot_plr_1_6
soundalias,#vox_kill_headshot_plr_1_0
soundalias,#vox_kill_headshot_plr_1_1
soundalias,#vox_kill_headshot_plr_1_2
soundalias,#vox_kill_headshot_plr_1_3
soundalias,#vox_powerup_ammo_plr_4_3
soundalias,#vox_powerup_ammo_plr_4_2
soundalias,#vox_powerup_ammo_plr_4_1
soundalias,#vox_powerup_ammo_plr_4_0
soundalias,#vox_powerup_ammo_plr_4_4
soundalias,#fly_step_sprint_zdog_default
soundalias,#vox_ammo_out_plr_3_2
soundalias,#vox_ammo_out_plr_3_3
soundalias,#vox_ammo_out_plr_3_0
soundalias,#vox_ammo_out_plr_3_1
soundalias,#vox_ammo_out_plr_3_4
soundalias,#hash_502c50791bae7fa
soundalias,#vox_plr_3_exert_death
soundalias,#hash_505459d5e2f4540
soundalias,#hash_505469d5e2f46f3
soundalias,#hash_505479d5e2f48a6
soundalias,#hash_505489d5e2f4a59
soundalias,#hash_505499d5e2f4c0c
soundalias,#hash_5054a9d5e2f4dbf
soundalias,#hash_5054b9d5e2f4f72
soundalias,#hash_5054c9d5e2f5125
soundalias,#hash_5054f9d5e2f563e
soundalias,#hash_505509d5e2f57f1
soundalias,#vox_radiant_react_plr_1_0
soundalias,#fly_melee_imp_hammer_npc_rock
soundalias,#hash_50f1313faf1255f
soundalias,#hash_53113b53b8aaa02
soundalias,#vox_tedd_exert_mant_heavy
soundalias,#wpn_chakram_sheathe_plr
soundalias,#zmb_perks_packa_upgrade_short
soundalias,#hash_55a486f1e58be6f
soundalias,#zmb_switch_flip_trap_alarm_reset
soundalias,#hash_572cd62fe2cb3aa
soundalias,#vox_4_banter_brun_dieg_plr_3_0
soundalias,#fly_melee_imp_chakram_glass
soundalias,#vox_bop4_exert_suppressed
soundalias,#hash_5a43f9a67288b60
soundalias,#zmb_frost_table_loop
soundalias,#zmb_skeleton_car_horn
soundalias,#hash_5af24daf516325b
soundalias,#mus_homunculus_dance
soundalias,#vox_viper_dragon_activate_plr_1_4
soundalias,#vox_viper_dragon_activate_plr_1_3
soundalias,#vox_viper_dragon_activate_plr_1_2
soundalias,#vox_viper_dragon_activate_plr_1_1
soundalias,#vox_viper_dragon_activate_plr_1_0
soundalias,#vox_powerup_firesale_plr_4_4
soundalias,#vox_powerup_firesale_plr_4_5
soundalias,#vox_powerup_firesale_plr_4_0
soundalias,#vox_powerup_firesale_plr_4_1
soundalias,#vox_powerup_firesale_plr_4_2
soundalias,#vox_powerup_firesale_plr_4_3
soundalias,#zmb_bone_drop
soundalias,#fly_step_crouch_walk_zdog_water
soundalias,#vox_bop3_exert_stabbed
soundalias,#vox_bop2_exert_blind
soundalias,#hash_636505e80a9c999
soundalias,#zmb_cracker_loop
soundalias,#vox_generic_wall_buy_plr_1_0
soundalias,#vox_generic_wall_buy_plr_1_1
soundalias,#vox_generic_wall_buy_plr_1_2
soundalias,#vox_generic_wall_buy_plr_1_3
soundalias,#vox_generic_wall_buy_plr_1_4
soundalias,#vox_generic_wall_buy_plr_1_5
soundalias,#vox_generic_wall_buy_plr_1_6
soundalias,#vox_generic_wall_buy_plr_1_7
soundalias,#vox_generic_wall_buy_plr_1_8
soundalias,#vox_generic_wall_buy_plr_1_9
soundalias,#vox_bop3_exert_mant_light
soundalias,#zmb_blocker_door_lp
soundalias,#vox_treasure_chest_activate_3_plr_3_0
soundalias,#fly_melee_imp_scepter_metal
soundalias,#vox_1_banter_brun_scar_plr_2_0
soundalias,#hash_689cd0f833eeb7f
soundalias,#hash_69b4b8f53967333
soundalias,#vox_pickup_generic_plr_1_5
soundalias,#vox_pickup_generic_plr_1_4
soundalias,#vox_pickup_generic_plr_1_7
soundalias,#vox_pickup_generic_plr_1_6
soundalias,#vox_pickup_generic_plr_1_1
soundalias,#vox_pickup_generic_plr_1_0
soundalias,#vox_pickup_generic_plr_1_3
soundalias,#vox_pickup_generic_plr_1_2
soundalias,#vox_pickup_generic_plr_1_9
soundalias,#vox_pickup_generic_plr_1_8
soundalias,#wpn_rgun_flux_r_plr
soundalias,#vox_viper_dragon_ready_plr_2_2
soundalias,#vox_viper_dragon_ready_plr_2_0
soundalias,#vox_viper_dragon_ready_plr_2_1
soundalias,#hash_6b98920a69fd329
soundalias,#vox_stoker_react_first_plr_3_0
soundalias,#vox_revive_support_dieg_plr_4_4
soundalias,#vox_revive_support_dieg_plr_4_3
soundalias,#vox_revive_support_dieg_plr_4_2
soundalias,#vox_revive_support_dieg_plr_4_1
soundalias,#vox_revive_support_dieg_plr_4_0
soundalias,#hash_6d2cd6389ef6d62
soundalias,#mus_boss_1_intro
soundalias,#vox_plr_1_exert_burn_dead
soundalias,#zmb_cracker_drop
soundalias,#vox_bop1_exert_underwater_pain
soundalias,#vox_blac_exert_underwater_emerge_gasp
soundalias,#vox_kill_arnie_plr_2_2
soundalias,#vox_kill_arnie_plr_2_3
soundalias,#vox_kill_arnie_plr_2_0
soundalias,#vox_kill_arnie_plr_2_1
soundalias,#vox_kill_arnie_plr_2_4
soundalias,#vox_m_quest_ambient_change_plr_3_1
soundalias,#zmb_eyeball_idle_loop
soundalias,#vox_decay_react_plr_3_0
soundalias,#hash_711ae3ab73a8323
soundalias,#hash_7241e6a65a1219a
soundalias,#vox_box_sniper_plr_3_4
soundalias,#vox_box_sniper_plr_3_2
soundalias,#vox_box_sniper_plr_3_3
soundalias,#vox_box_sniper_plr_3_0
soundalias,#vox_box_sniper_plr_3_1
soundalias,#fly_melee_lunge_player_knife
soundalias,#vox_bop2_exert_punch_take
soundalias,#fly_tricannon_charge
soundalias,#vox_brun_surrounded_oh_shit_plr_4_2
soundalias,#vox_brun_surrounded_oh_shit_plr_4_3
soundalias,#vox_brun_surrounded_oh_shit_plr_4_0
soundalias,#vox_brun_surrounded_oh_shit_plr_4_1
soundalias,#vox_brun_surrounded_oh_shit_plr_4_4
soundalias,#hash_76df1da773d332a
soundalias,#hash_7799f8b5d78f5f3
soundalias,#vox_powerup_double_plr_3_1
soundalias,#vox_powerup_double_plr_3_0
soundalias,#vox_powerup_double_plr_3_3
soundalias,#vox_powerup_double_plr_3_2
soundalias,#vox_powerup_double_plr_3_4
soundalias,#fly_step_walk_zdog_metalhollow
soundalias,#amb_ocean_splash
soundalias,#vox_bop5_exert_bludgeoned
soundalias,#vox_bop4_exert_razor_wire
soundalias,#vox_plasma_react_plr_1_0
soundalias,#pfx_water_drip
soundalias,#zmb_engineer_alarm
soundalias,#vox_hammer_ready_plr_2_2
soundalias,#vox_hammer_ready_plr_2_0
soundalias,#vox_hammer_ready_plr_2_1
soundalias,#vox_kill_wonder_plr_3_1
soundalias,#vox_kill_wonder_plr_3_0
soundalias,#vox_kill_wonder_plr_3_3
soundalias,#vox_kill_wonder_plr_3_2
soundalias,#vox_kill_wonder_plr_3_5
soundalias,#vox_kill_wonder_plr_3_4
soundalias,#vox_kill_wonder_plr_3_7
soundalias,#vox_kill_wonder_plr_3_6
soundalias,#hash_8121e0d6de42d4f
soundalias,#vox_plr_4_exert_electro
soundalias,#vox_tedd_exert_underwater_air_low
soundalias,#vox_bop4_exert_underwater_emerge_breath
soundalias,#fly_step_run_zdog_concrete
soundalias,#vox_powerup_insta_plr_3_3
soundalias,#vox_powerup_insta_plr_3_2
soundalias,#vox_powerup_insta_plr_3_1
soundalias,#vox_powerup_insta_plr_3_0
soundalias,#vox_powerup_insta_plr_3_5
soundalias,#vox_powerup_insta_plr_3_4
soundalias,#hash_873d995e49d9eb5
soundalias,#zmb_ai_stoker_shovel_impact_plr_swt
soundalias,#vox_water_exit_plr_4_0
soundalias,#vox_water_exit_plr_4_1
soundalias,#hash_8ab7a5e00241cf5
soundalias,#fly_step_sprint_zdog_mud
soundalias,#hash_8d79f498f24b99f
soundalias,#vox_1_banter_dieg_scar_plr_3_0
soundalias,#hash_8f6c06d102f2d00
soundalias,#hash_8fa380c4a61b7c2
soundalias,#hash_8fceaff9b57f692
soundalias,#vox_bop4_exert_explo_dead
soundalias,#exp_tricannon_fire_lfe
soundalias,#hash_93ad4d9fee7c43e
soundalias,#vox_pickup_bowie_plr_2_0
soundalias,#vox_bop5_exert_underwater_pain
soundalias,#fly_step_prone_zdog_bodyarmor
soundalias,#fly_step_walk_zdog_tallgrass
soundalias,#hash_972cde79431053e
soundalias,#fly_step_prone_zdog_foliage
soundalias,#vox_distillation_kit_build_plr_1_0
soundalias,#hash_9b946d695a3c920
soundalias,#vox_bop1_exert_rad_start
soundalias,#zmb_vocals_stoker_pain
soundalias,#hash_9d5687b005625fc
soundalias,#vox_bop1_exert_electro
soundalias,#vox_bop3_exert_underwater_air_low
soundalias,#vox_zombie_react_first_plr_2_0
soundalias,#hash_9fd84825dfde1ed
soundalias,#fly_step_prone_zdog_cloth
soundalias,#mus_boss_3_loop_0
soundalias,#hash_a06cf9bab0e59a3
soundalias,#hash_a1197a45b387cff
soundalias,#hash_a159349dae67566
soundalias,#vox_revive_self_plr_1_1
soundalias,#vox_revive_self_plr_1_0
soundalias,#vox_revive_self_plr_1_2
soundalias,#vox_2_banter_dieg_scar_plr_3_1
soundalias,#zmb_ai_stoker_death_explo_lfe
soundalias,#hash_a47b554f6f905b1
soundalias,#fly_melee_imp_scepter_flesh_npc
soundalias,#vox_vomit_knife_attack_plr_2_2
soundalias,#vox_vomit_knife_attack_plr_2_3
soundalias,#vox_vomit_knife_attack_plr_2_0
soundalias,#vox_vomit_knife_attack_plr_2_1
soundalias,#vox_vomit_knife_attack_plr_2_4
soundalias,#hash_a60c9533e476dd1
soundalias,#vox_cargo_hold_enter_plr_2_0
soundalias,#vox_fish_retrieve_first_plr_2_0
soundalias,#vox_blac_exert_stabbed
soundalias,#fly_thermal_scope
soundalias,#vox_bop4_exert_gas_gasp
soundalias,#vox_bop5_exert_mant_heavy
soundalias,#fly_step_sprint_zdog_metalthin
soundalias,#hash_ac96f054beb832c
soundalias,#hash_ad50b59ee592ac4
soundalias,#zmb_eyeball_vox_outro_s5
soundalias,#zmb_eyeball_vox_outro_s4
soundalias,#zmb_eyeball_vox_outro_s1
soundalias,#zmb_eyeball_vox_outro_s3
soundalias,#zmb_eyeball_vox_outro_s2
soundalias,#wpn_viper_bite_end
soundalias,#wpn_hammer_storm_thunder
soundalias,#vox_bop3_exert_punch_give
soundalias,#hash_b5f19e691cc0f0f
soundalias,#vox_ammo_out_plr_4_1
soundalias,#vox_ammo_out_plr_4_0
soundalias,#vox_ammo_out_plr_4_3
soundalias,#vox_ammo_out_plr_4_2
soundalias,#vox_ammo_out_plr_4_4
soundalias,#hash_b73b2f07dead44c
soundalias,#vox_radiant_react_plr_2_0
soundalias,#vox_pap_pickup_plr_2_4
soundalias,#vox_pap_pickup_plr_2_2
soundalias,#vox_pap_pickup_plr_2_3
soundalias,#vox_pap_pickup_plr_2_0
soundalias,#vox_pap_pickup_plr_2_1
soundalias,#hash_b9e5c0f0c4b51ec
soundalias,#vox_blightfather_react_first_plr_2_0
soundalias,#vox_bop3_exert_underwater_pain
soundalias,#hash_bc551f958b18108
soundalias,#vox_bop5_exert_death_veh_under
soundalias,#vox_dining_hall_enter_plr_4_0
soundalias,#hash_bdb30092e9dc406
soundalias,#vox_kill_revenge_plr_3_8
soundalias,#vox_kill_revenge_plr_3_9
soundalias,#vox_kill_revenge_plr_3_6
soundalias,#vox_kill_revenge_plr_3_7
soundalias,#vox_kill_revenge_plr_3_4
soundalias,#vox_kill_revenge_plr_3_5
soundalias,#vox_kill_revenge_plr_3_2
soundalias,#vox_kill_revenge_plr_3_3
soundalias,#vox_kill_revenge_plr_3_0
soundalias,#vox_kill_revenge_plr_3_1
soundalias,#hash_bed745bc0187b9d
soundalias,#zmb_flare_pickup
soundalias,#hash_c0b282721028b7f
soundalias,#fly_step_crouch_run_zdog_flesh
soundalias,#vox_dieg_kill_headshot_plr_2_4
soundalias,#vox_dieg_kill_headshot_plr_2_1
soundalias,#vox_dieg_kill_headshot_plr_2_0
soundalias,#vox_dieg_kill_headshot_plr_2_3
soundalias,#vox_dieg_kill_headshot_plr_2_2
soundalias,#fly_step_sprint_zdog_watershallow
soundalias,#hash_c5737dedcdad3a8
soundalias,#vox_plr_1_exert_gas_gasp
soundalias,#vox_altar_interact_first_plr_3_0
soundalias,#wpn_dragon_flux_npc_r
soundalias,#wpn_dragon_flux_npc_l
soundalias,#fly_step_crouch_walk_zdog_metalhollow
soundalias,#hash_c7661887ac55b9c
soundalias,#vox_bop5_exert_burn_dead
soundalias,#hash_c9ac443532e923d
soundalias,#hash_cb0dc750cf3d9c9
soundalias,#hash_cbff0b64fa402d7
soundalias,#vox_kill_headshot_plr_2_3
soundalias,#vox_kill_headshot_plr_2_2
soundalias,#vox_kill_headshot_plr_2_1
soundalias,#vox_kill_headshot_plr_2_0
soundalias,#vox_kill_headshot_plr_2_7
soundalias,#vox_kill_headshot_plr_2_6
soundalias,#vox_kill_headshot_plr_2_5
soundalias,#vox_kill_headshot_plr_2_4
soundalias,#vox_kill_headshot_plr_2_9
soundalias,#vox_kill_headshot_plr_2_8
soundalias,#hash_d046d2ada9a25a7
soundalias,#vox_5_banter_scar_shaw_plr_1_0
soundalias,#vox_plr_3_exert_razor_wire
soundalias,#hash_d1511aa7c8f96b4
soundalias,#hash_d1ae3bf08f6cfa7
soundalias,#vox_plr_2_exert_punch_take
soundalias,#wpn_scepter_first_raise_lvl3_npc
soundalias,#zmb_cracker_open
soundalias,#wpn_viper_melee_retract_double_plr
soundalias,#hash_d5dd6efff968f2c
soundalias,#hash_d7858da53c9180e
soundalias,#vox_decay_react_plr_2_0
soundalias,#hash_d9a98fc554f1a7b
soundalias,#vox_generic_wall_buy_plr_2_7
soundalias,#vox_generic_wall_buy_plr_2_6
soundalias,#vox_generic_wall_buy_plr_2_5
soundalias,#vox_generic_wall_buy_plr_2_4
soundalias,#vox_generic_wall_buy_plr_2_3
soundalias,#vox_generic_wall_buy_plr_2_2
soundalias,#vox_generic_wall_buy_plr_2_1
soundalias,#vox_generic_wall_buy_plr_2_0
soundalias,#vox_generic_wall_buy_plr_2_8
soundalias,#vox_bop3_exert_razor_wire
soundalias,#vox_plr_3_exert_death_veh_under
soundalias,#hash_db2cf7bdaa97a7c
soundalias,#hash_dc234a0880dd59b
soundalias,#hash_dc5a87ff79146e2
soundalias,#vox_box_move_plr_2_4
soundalias,#vox_box_move_plr_2_1
soundalias,#vox_box_move_plr_2_0
soundalias,#vox_box_move_plr_2_3
soundalias,#vox_box_move_plr_2_2
soundalias,#hash_de73182f138b62c
soundalias,#zmb_blocker_debris_escape_lp
soundalias,#hash_e03bc8ebb29e3a6
soundalias,#hash_e0f3075083dd79c
soundalias,#hash_e0f3475083dde68
soundalias,#hash_e0f3575083de01b
soundalias,#hash_e0f3675083de1ce
soundalias,#hash_e0f3775083de381
soundalias,#hash_e0f3a75083de89a
soundalias,#hash_e0f3b75083dea4d
soundalias,#zmb_eyeball_leave
soundalias,#zmb_sentinel_artifact_charged_lp
soundalias,#hash_e3c1c918ebb703d
soundalias,#vox_box_launcher_plr_4_4
soundalias,#vox_box_launcher_plr_4_0
soundalias,#vox_box_launcher_plr_4_1
soundalias,#vox_box_launcher_plr_4_2
soundalias,#vox_box_launcher_plr_4_3
soundalias,#vox_m_quest_ambient_change_plr_2_2
soundalias,#hash_e5d1a437e61654e
soundalias,#hash_e5d51e5ce3b0e0d
soundalias,#vox_box_interact_first_plr_3_0
soundalias,#fly_wpn_gear_rattle_ads
soundalias,#hash_e78b254cdfde6dd
soundalias,#vox_kill_wonder_plr_2_8
soundalias,#vox_kill_wonder_plr_2_0
soundalias,#vox_kill_wonder_plr_2_1
soundalias,#vox_kill_wonder_plr_2_2
soundalias,#vox_kill_wonder_plr_2_3
soundalias,#vox_kill_wonder_plr_2_4
soundalias,#vox_kill_wonder_plr_2_5
soundalias,#vox_kill_wonder_plr_2_6
soundalias,#vox_kill_wonder_plr_2_7
soundalias,#vox_blac_exert_mant_light
soundalias,#vox_bop5_exert_gas_gasp
soundalias,#wpn_chakram_projectile_throw_plr
soundalias,#hash_ec7ae88a4150a0c
soundalias,#fly_step_sprint_zdog_cushion
soundalias,#hash_efebad6d51dae78
soundalias,#hash_f005a406d53a391
soundalias,#hash_f2ae6581a9a552c
soundalias,#hash_f32d9de6827bf7d
soundalias,#hash_f47b764e5cee01c
soundalias,#hash_f60ea6a38acfe1e
soundalias,#vox_plr_1_exert_suppressed
soundalias,#vox_door_open_first_plr_2_0
soundalias,#zmb_ai_stoker_shovel_impact_victim_swt
soundalias,#hash_f7993813b9abd08
soundalias,#vox_brun_surrounded_oh_shit_plr_3_1
soundalias,#vox_brun_surrounded_oh_shit_plr_3_0
soundalias,#vox_brun_surrounded_oh_shit_plr_3_2
soundalias,#vox_brun_surrounded_oh_shit_plr_3_5
soundalias,#vox_brun_surrounded_oh_shit_plr_3_4
soundalias,#wpn_ray_reload_open
soundalias,#vox_5_banter_dieg_scar_plr_3_1
soundalias,#vox_powerup_insta_plr_2_2
soundalias,#vox_powerup_insta_plr_2_3
soundalias,#vox_powerup_insta_plr_2_0
soundalias,#vox_powerup_insta_plr_2_1
soundalias,#vox_powerup_insta_plr_2_4
soundalias,#vox_powerup_insta_plr_2_5
soundalias,#hash_fc3cb1401959607
soundalias,#fly_step_run_zdog_carpet
soundalias,#fly_step_run_zdog_metal
soundalias,#vox_2_banter_scar_shaw_plr_4_0
soundalias,#fly_wpn_gear_rattle
soundalias,#vox_1_banter_brun_dieg_plr_3_0
soundalias,#pfx_water_runoff
soundalias,#hash_102b39edce79ef69
soundalias,#hash_10320501215e405b
soundalias,#zmb_monkey_bounce_default
soundalias,#fly_step_crouch_run_zdog_brick
soundalias,#hash_10618087c1629ba7
soundalias,#fly_step_crouch_run_zdog_asphalt
soundalias,#wpn_ray_1straise
soundalias,#vox_chakram_activate_plr_1_2
soundalias,#vox_chakram_activate_plr_1_3
soundalias,#vox_chakram_activate_plr_1_0
soundalias,#vox_chakram_activate_plr_1_1
soundalias,#vox_chakram_activate_plr_1_4
soundalias,#vox_pickup_bowie_plr_3_0
soundalias,#hash_10a119e9606a6988
soundalias,#zmb_perks_packa_loop
soundalias,#hash_10ab4113bd828143
soundalias,#wpn_dragon_fire_npc_decay
soundalias,#vox_water_exit_plr_3_1
soundalias,#vox_water_exit_plr_3_0
soundalias,#hash_10c1592e20803fc0
soundalias,#hash_10ca256bd3dd4228
soundalias,#hash_10ca266bd3dd43db
soundalias,#hash_10ca276bd3dd458e
soundalias,#hash_10cdee9634de107f
soundalias,#vox_fish_retrieve_first_plr_1_0
soundalias,#hash_10e209e9e8ea4734
soundalias,#hash_10fca2f4c8c19081
soundalias,#fly_melee_imp_hammer_npc
soundalias,#hash_1109299fba72dc62
soundalias,#wpn_hammer_first_raise_lvl3_npc
soundalias,#hash_1124e72f6a9cbf9c
soundalias,#vox_ammo_low_plr_4_4
soundalias,#vox_ammo_low_plr_4_3
soundalias,#vox_ammo_low_plr_4_2
soundalias,#vox_ammo_low_plr_4_1
soundalias,#vox_ammo_low_plr_4_0
soundalias,#vox_bop5_exert_sniper_hold
soundalias,#hash_1169f161390a9847
soundalias,#wpn_viper_bite_lp
soundalias,#hash_1180478fc140ce49
soundalias,#hash_11855496f2ae0456
soundalias,#zmb_safe_open_loop
soundalias,#hash_11a7f1d08f9789a1
soundalias,#vox_bop2_exert_underwater_emerge_breath
soundalias,#hash_11c00751543070b6
soundalias,#vox_shaw_kill_streak_plr_1_4
soundalias,#vox_shaw_kill_streak_plr_1_5
soundalias,#vox_shaw_kill_streak_plr_1_2
soundalias,#vox_shaw_kill_streak_plr_1_3
soundalias,#vox_shaw_kill_streak_plr_1_0
soundalias,#vox_shaw_kill_streak_plr_1_1
soundalias,#hash_11ce690134238db7
soundalias,#vox_bop1_exert_death_veh_fly
soundalias,#wpn_rgun_exp
soundalias,#hash_11f6efb8bc952af8
soundalias,#hash_11f6f0b8bc952cab
soundalias,#hash_11f6f1b8bc952e5e
soundalias,#hash_11f6f2b8bc953011
soundalias,#hash_11f6f6b8bc9536dd
soundalias,#wpn_chakram_melee_impact_victim
soundalias,#vox_powerup_double_plr_2_0
soundalias,#vox_powerup_double_plr_2_1
soundalias,#vox_powerup_double_plr_2_2
soundalias,#vox_powerup_double_plr_2_3
soundalias,#vox_powerup_double_plr_2_4
soundalias,#vox_powerup_double_plr_2_5
soundalias,#vox_blightfather_react_first_plr_3_0
soundalias,#hash_123df27d58070a48
soundalias,#hash_1242b922246a776b
soundalias,#vox_pap_wait_plr_4_4
soundalias,#vox_pap_wait_plr_4_3
soundalias,#vox_pap_wait_plr_4_2
soundalias,#vox_pap_wait_plr_4_1
soundalias,#vox_pap_wait_plr_4_0
soundalias,#zmb_vocals_zombie_behind
soundalias,#fly_step_prone_zdog_bark
soundalias,#wpn_chakram_projectile_catch_npc
soundalias,#mus_location_stairwell_intro
soundalias,#vox_box_pistol_plr_4_4
soundalias,#vox_box_pistol_plr_4_1
soundalias,#vox_box_pistol_plr_4_0
soundalias,#vox_box_pistol_plr_4_3
soundalias,#vox_box_pistol_plr_4_2
soundalias,#hash_1280df27240be0b4
soundalias,#vox_revive_support_shaw_plr_2_4
soundalias,#vox_revive_support_shaw_plr_2_1
soundalias,#vox_revive_support_shaw_plr_2_0
soundalias,#vox_revive_support_shaw_plr_2_3
soundalias,#vox_revive_support_shaw_plr_2_2
soundalias,#fly_rattle_dishes
soundalias,#mus_boss_2_loop_0
soundalias,#hash_12add0e6958d5504
soundalias,#hash_12b84642bfd9083b
soundalias,#wpn_scepter_first_raise_lvl3_plr
soundalias,#hash_12d662cbb0e02a5a
soundalias,#hash_12dc4515e217ec24
soundalias,#hash_12dc4615e217edd7
soundalias,#vox_bop3_exert_self_heal
soundalias,#fly_step_crouch_run_zdog_grass
soundalias,#vox_perk_generic_plr_1_10
soundalias,#vox_perk_generic_plr_1_11
soundalias,#vox_bop4_exert_stabbed
soundalias,#vox_plr_1_exert_mant_heavy
soundalias,#hash_131a6e25fe07d152
soundalias,#hash_131b4db5b684bc21
soundalias,#wpn_shotgun_dryfire_npc
soundalias,#hash_1321699865d55fc2
soundalias,#fly_step_sprint_zdog_fruit
soundalias,#vox_bop1_exert_underwater_air_low
soundalias,#zmb_planet_pickup
soundalias,#amb_water_spray_wood
soundalias,#hash_1388396573f07918
soundalias,#hash_13883a6573f07acb
soundalias,#hash_13883b6573f07c7e
soundalias,#hash_13883c6573f07e31
soundalias,#hash_13883e6573f08197
soundalias,#hash_138925201f30b1d4
soundalias,#zmb_triquest_key_drop
soundalias,#hash_1391fe15abebec10
soundalias,#hash_13944ade049b7b82
soundalias,#hash_139abcb82b3ba81a
soundalias,#vox_altar_interact_first_plr_2_0
soundalias,#hash_13c6910f10c55ebb
soundalias,#vox_zombie_react_first_plr_3_0
soundalias,#vox_tedd_exert_rad_dmg
soundalias,#hash_13db393ba2bb0c2c
soundalias,#hash_13ebaddf5ce08e73
soundalias,#fly_step_prone_zdog_fruit
soundalias,#prj_crack_raygun_supersonic
soundalias,#vox_bop1_exert_gas_gag
soundalias,#fly_step_crouch_walk_zdog_carpet
soundalias,#hash_1451be2e88441cde
soundalias,#hash_1454c3b0530d321e
soundalias,#vox_3_banter_dieg_scar_plr_3_0
soundalias,#hash_146afcf9e755fb03
soundalias,#wpn_rifle_dryfire_plr
soundalias,#vox_tedd_exert_burn_dmg
soundalias,#fly_reload_servo
soundalias,#vox_engine_room_alarm_plr_3_0
soundalias,#vox_blac_exert_sniper_hold
soundalias,#hash_14858e9333a853da
soundalias,#zmb_hellhound_explode_lfe
soundalias,#hash_1487a5bd55340fb7
soundalias,#hash_148814932d9c1702
soundalias,#hash_148bf1442de0307b
soundalias,#vox_plr_3_exert_bludgeoned
soundalias,#fly_step_foliage_plr
soundalias,#hash_14a6b0529c8ecd16
soundalias,#vox_bom4_exert_rad_end
soundalias,#vox_bop5_exert_stabbed
soundalias,#hash_14bc03501b2e126f
soundalias,#vox_stoker_kill_plr_1_4
soundalias,#vox_stoker_kill_plr_1_0
soundalias,#vox_stoker_kill_plr_1_1
soundalias,#vox_stoker_kill_plr_1_2
soundalias,#vox_stoker_kill_plr_1_3
soundalias,#vox_bop2_exert_underwater_pain
soundalias,#fly_step_run_zdog_plaster
soundalias,#fly_step_run_zdog_plastic
soundalias,#fly_step_run_zdog_sand
soundalias,#fly_scope_zoom
soundalias,#vox_cargo_hold_enter_plr_3_0
soundalias,#amb_outdoor_blend
soundalias,#zmb_vocals_stoker_death
soundalias,#vox_box_move_plr_3_4
soundalias,#vox_box_move_plr_3_5
soundalias,#vox_box_move_plr_3_0
soundalias,#vox_box_move_plr_3_1
soundalias,#vox_box_move_plr_3_2
soundalias,#hash_15269b1a0691d443
soundalias,#wpn_hammer_bolt_lp
soundalias,#zmb_box_weapon_spin
soundalias,#hash_153699eff35f40ab
soundalias,#vox_chakram_ready_plr_1_2
soundalias,#vox_chakram_ready_plr_1_0
soundalias,#vox_chakram_ready_plr_1_1
soundalias,#zmb_triquest_key_pickup
soundalias,#wpn_hammer_storm_end
soundalias,#vox_3_banter_dieg_shaw_plr_4_1
soundalias,#hash_15885990e4979b31
soundalias,#hash_158a3cb40bd7d97f
soundalias,#hash_1598f6998a206ef0
soundalias,#fly_step_sprint_zdog_wood
soundalias,#fly_step_wood_door_debris_plr
soundalias,#zmb_crafting_fail
soundalias,#hash_15c88e0431390b60
soundalias,#zmb_eyeball_laser_stop
soundalias,#hash_15d40c46633515be
soundalias,#fly_melee_imp_galva_metal
soundalias,#hash_15ebff7555912e98
soundalias,#fly_melee_imp_chakram_npc
soundalias,#vox_elixir_drink_plr_4_8
soundalias,#vox_elixir_drink_plr_4_9
soundalias,#vox_elixir_drink_plr_4_4
soundalias,#vox_elixir_drink_plr_4_5
soundalias,#vox_elixir_drink_plr_4_6
soundalias,#vox_elixir_drink_plr_4_7
soundalias,#vox_elixir_drink_plr_4_0
soundalias,#vox_elixir_drink_plr_4_1
soundalias,#vox_elixir_drink_plr_4_2
soundalias,#vox_elixir_drink_plr_4_3
soundalias,#vox_plr_2_exert_sniper_exhale
soundalias,#fly_step_crouch_walk_zdog_metalcar
soundalias,#vox_radiant_react_plr_3_0
soundalias,#vox_blightfather_weak_points_plr_4_1
soundalias,#vox_blightfather_weak_points_plr_4_0
soundalias,#vox_blightfather_weak_points_plr_4_2
soundalias,#hash_1644d20be9e19c9f
soundalias,#hash_164524f657045498
soundalias,#vox_revive_scar_plr_2_4
soundalias,#vox_revive_scar_plr_2_3
soundalias,#vox_revive_scar_plr_2_2
soundalias,#vox_revive_scar_plr_2_1
soundalias,#vox_revive_scar_plr_2_0
soundalias,#hash_165a8e8934d64af5
soundalias,#hash_165f79e16f9425b0
soundalias,#fly_melee_imp_hammer_zm
soundalias,#hash_1663079294f189b0
soundalias,#wpn_chakram_melee_impact_swt_plr
soundalias,#vox_altar_activate_generic_plr_4_0
soundalias,#vox_altar_activate_generic_plr_4_1
soundalias,#vox_altar_activate_generic_plr_4_2
soundalias,#hash_16804090e77a1368
soundalias,#vox_pap_activate_plr_2_0
soundalias,#fly_step_walk_zdog_dirt
soundalias,#fly_step_run_zdog_wood
soundalias,#vox_bop2_exert_underwater_air_low
soundalias,#hash_16b131f253cef04e
soundalias,#vox_scar_kill_headshot_plr_2_3
soundalias,#vox_scar_kill_headshot_plr_2_2
soundalias,#vox_scar_kill_headshot_plr_2_1
soundalias,#vox_scar_kill_headshot_plr_2_0
soundalias,#vox_scar_kill_headshot_plr_2_4
soundalias,#hash_16c30790b38cd2c5
soundalias,#hash_16de7f592462ec4b
soundalias,#vox_blac_exert_punch_take
soundalias,#fly_step_run_zdog_glass
soundalias,#fly_step_prone_zdog_brick
soundalias,#vox_plasma_detonation_react_plr_4_2
soundalias,#vox_plasma_detonation_react_plr_4_3
soundalias,#vox_plasma_detonation_react_plr_4_0
soundalias,#vox_plasma_detonation_react_plr_4_1
soundalias,#vox_plasma_detonation_react_plr_4_4
soundalias,#hash_170aa1970243fc4a
soundalias,#fly_step_run_zdog_metalhollow
soundalias,#vox_1_banter_brun_dieg_plr_2_1
soundalias,#vox_box_wonder_plr_1_0
soundalias,#vox_box_wonder_plr_1_1
soundalias,#vox_box_wonder_plr_1_2
soundalias,#vox_plasma_react_plr_3_0
soundalias,#zmb_weap_wall
soundalias,#vox_hammer_ready_plr_4_0
soundalias,#vox_hammer_ready_plr_4_1
soundalias,#vox_hammer_ready_plr_4_2
soundalias,#vox_hammer_ready_plr_4_3
soundalias,#vox_hammer_ready_plr_4_4
soundalias,#vox_bop3_exert_underwater_emerge_gasp
soundalias,#fly_golden_spork_first_raise
soundalias,#vox_generic_wall_buy_plr_3_8
soundalias,#vox_generic_wall_buy_plr_3_9
soundalias,#vox_generic_wall_buy_plr_3_6
soundalias,#vox_generic_wall_buy_plr_3_7
soundalias,#vox_generic_wall_buy_plr_3_4
soundalias,#vox_generic_wall_buy_plr_3_5
soundalias,#vox_generic_wall_buy_plr_3_2
soundalias,#vox_generic_wall_buy_plr_3_3
soundalias,#vox_generic_wall_buy_plr_3_0
soundalias,#vox_generic_wall_buy_plr_3_1
soundalias,#wpn_scepter_plant_activate_npc
soundalias,#hash_17938e93ac083194
soundalias,#vox_plr_1_outro_igc_0_0
soundalias,#wpn_chakram_projectile_catch_plr
soundalias,#mus_location_tree_intro
soundalias,#vox_kill_headshot_plr_3_8
soundalias,#vox_kill_headshot_plr_3_9
soundalias,#vox_kill_headshot_plr_3_2
soundalias,#vox_kill_headshot_plr_3_3
soundalias,#vox_kill_headshot_plr_3_0
soundalias,#vox_kill_headshot_plr_3_1
soundalias,#vox_kill_headshot_plr_3_6
soundalias,#vox_kill_headshot_plr_3_7
soundalias,#vox_kill_headshot_plr_3_4
soundalias,#vox_kill_headshot_plr_3_5
soundalias,#vox_beginner_end_narr_0
soundalias,#vox_beginner_end_narr_1
soundalias,#vox_powerup_ammo_plr_2_1
soundalias,#vox_powerup_ammo_plr_2_0
soundalias,#vox_powerup_ammo_plr_2_3
soundalias,#vox_powerup_ammo_plr_2_2
soundalias,#vox_powerup_ammo_plr_2_4
soundalias,#zmb_blocker_door_purchase_swt
soundalias,#fly_step_glass_npc
soundalias,#hash_17c7895c4b5180ce
soundalias,#vox_pickup_generic_plr_3_3
soundalias,#vox_pickup_generic_plr_3_2
soundalias,#vox_pickup_generic_plr_3_1
soundalias,#vox_pickup_generic_plr_3_0
soundalias,#vox_pickup_generic_plr_3_7
soundalias,#vox_pickup_generic_plr_3_6
soundalias,#vox_pickup_generic_plr_3_5
soundalias,#vox_pickup_generic_plr_3_4
soundalias,#vox_pickup_generic_plr_3_9
soundalias,#vox_pickup_generic_plr_3_8
soundalias,#hash_17f2fef698d5c07b
soundalias,#fly_step_crouch_walk_zdog_dirt
soundalias,#vox_plr_2_exert_stabbed
soundalias,#vox_bop4_exert_breath_hurt
soundalias,#hash_18142763381d7f0d
soundalias,#vox_bop5_exert_death_veh_hit
soundalias,#vox_kill_arnie_plr_4_0
soundalias,#vox_kill_arnie_plr_4_1
soundalias,#vox_kill_arnie_plr_4_2
soundalias,#vox_kill_arnie_plr_4_3
soundalias,#vox_kill_arnie_plr_4_4
soundalias,#vox_blac_exert_razor_wire
soundalias,#vox_bop3_exert_blind
soundalias,#vox_hammer_level_3_plr_1_0
soundalias,#vox_hammer_level_3_plr_1_1
soundalias,#vox_hammer_level_3_plr_1_2
soundalias,#vox_decay_react_plr_1_0
soundalias,#wpn_viper_melee_impact_victim
soundalias,#hash_186c808588ff2465
soundalias,#vox_plr_2_exert_death_veh_under
soundalias,#hash_18742403080a6578
soundalias,#vox_plr_4_exert_underwater_pain
soundalias,#hash_188d7d9f6b62346f
soundalias,#hash_1891b3211ab36c94
soundalias,#hash_1892310a436314b2
soundalias,#hash_18a36588aa018841
soundalias,#hash_18a5515e3206c55c
soundalias,#wpn_homunculus_throw_npc
soundalias,#vox_safe_unlock_plr_4_0
soundalias,#hash_18b9c1b30e385483
soundalias,#fly_melee_imp_chakram_metal
soundalias,#hash_18c3ff3ac15baf9e
soundalias,#hash_18d264594f3e63b7
soundalias,#hash_18d60994d6238a6b
soundalias,#hash_18e1a0516d2f6c18
soundalias,#vox_m_quest_sentinel_artifact_plr_3_0
soundalias,#hash_18f50be3a4e3af84
soundalias,#vox_dragon_kill_plr_1_1
soundalias,#vox_dragon_kill_plr_1_0
soundalias,#vox_dragon_kill_plr_1_3
soundalias,#vox_dragon_kill_plr_1_2
soundalias,#vox_dragon_kill_plr_1_4
soundalias,#vox_kill_wonder_plr_1_8
soundalias,#vox_kill_wonder_plr_1_7
soundalias,#vox_kill_wonder_plr_1_6
soundalias,#vox_kill_wonder_plr_1_5
soundalias,#vox_kill_wonder_plr_1_4
soundalias,#vox_kill_wonder_plr_1_3
soundalias,#vox_kill_wonder_plr_1_2
soundalias,#vox_kill_wonder_plr_1_1
soundalias,#vox_kill_wonder_plr_1_0
soundalias,#wpn_viper_melee_retract_npc
soundalias,#vox_bop3_exert_death_veh_fly
soundalias,#vox_bop3_exert_burn_dmg
soundalias,#hash_1958c65416aca66b
soundalias,#zmb_perks_packa_ticktock
soundalias,#fly_step_crouch_run_zdog_metalcatcrouch_run
soundalias,#vox_scepter_ready_plr_4_2
soundalias,#vox_scepter_ready_plr_4_0
soundalias,#vox_scepter_ready_plr_4_1
soundalias,#vox_powerup_double_plr_1_4
soundalias,#vox_powerup_double_plr_1_3
soundalias,#vox_powerup_double_plr_1_2
soundalias,#vox_powerup_double_plr_1_1
soundalias,#vox_powerup_double_plr_1_0
soundalias,#hash_198682b92e7d3b28
soundalias,#wpn_hammer_slam_npc
soundalias,#hash_1988d42c4f4e3682
soundalias,#fly_step_crouch_run_zdog_tallgrass
soundalias,#hash_199ada9e76c36f81
soundalias,#vox_stoker_react_first_plr_1_0
soundalias,#zmb_electrocute_zombie
soundalias,#hash_19cf4d96bdc87afd
soundalias,#hash_19d5b0b0d8399dd8
soundalias,#hash_19d5b1b0d8399f8b
soundalias,#hash_19d5b2b0d839a13e
soundalias,#hash_19d5b3b0d839a2f1
soundalias,#hash_19d5b4b0d839a4a4
soundalias,#vox_bop3_exert_rad_end
soundalias,#hash_19dbdeeee13b5df7
soundalias,#vox_purity_react_plr_1_0
soundalias,#vox_bop1_exert_death_fall
soundalias,#hash_19ed62938d8ef1ae
soundalias,#hash_19f5dd3aa8491df1
soundalias,#vox_plr_4_exert_burn_dead
soundalias,#vox_ee_diary_scar_shaw_plr_1_13
soundalias,#vox_ee_diary_scar_shaw_plr_1_11
soundalias,#vox_ee_diary_scar_shaw_plr_1_17
soundalias,#vox_ee_diary_scar_shaw_plr_1_15
soundalias,#vox_plr_3_exert_sniper_gasp
soundalias,#hash_1a4bf7b9ba40e2cc
soundalias,#vox_bof1_exert_rad_start
soundalias,#hash_1a6436fc53efe56f
soundalias,#vox_tedd_exert_razor_wire
soundalias,#fly_step_crouch_run_zdog_carpet
soundalias,#zmb_safe_close
soundalias,#vox_blac_exert_breath_hurt
soundalias,#hash_1a78c32ce00170c7
soundalias,#vox_fireworks_react_plr_3_0
soundalias,#hash_1a9f5c7b1d51d62a
soundalias,#vox_blac_exert_death
soundalias,#vox_solo_end_round1_plr_2_0
soundalias,#hash_1ad15c7df960acf6
soundalias,#hash_1ad83b2022f29936
soundalias,#hash_1ae92639674c0896
soundalias,#hash_1afb036d1a964bd9
soundalias,#zmb_eyeball_warp_in
soundalias,#hash_1b15ab0f14874ce9
soundalias,#fly_step_run_zdog_bodyarmor
soundalias,#hash_1b28ca975224396b
soundalias,#fly_step_walk_zdog_foliage
soundalias,#vox_revive_self_plr_3_2
soundalias,#vox_revive_self_plr_3_1
soundalias,#vox_revive_self_plr_3_0
soundalias,#vox_plr_4_exert_mant_heavy
soundalias,#vox_water_exit_plr_2_0
soundalias,#vox_water_exit_plr_2_1
soundalias,#fly_sniper_shell_in_plr
soundalias,#fly_step_walk_zdog_glasscar
soundalias,#hash_1b8312696702abe6
soundalias,#vox_vomit_knife_attack_plr_4_0
soundalias,#vox_vomit_knife_attack_plr_4_1
soundalias,#vox_vomit_knife_attack_plr_4_2
soundalias,#vox_vomit_knife_attack_plr_4_3
soundalias,#vox_vomit_knife_attack_plr_4_4
soundalias,#vox_tedd_exert_rad_end
soundalias,#vox_bom4_exert_rad_dmg
soundalias,#vox_brun_kill_headshot_plr_4_4
soundalias,#vox_brun_kill_headshot_plr_4_3
soundalias,#vox_brun_kill_headshot_plr_4_2
soundalias,#vox_brun_kill_headshot_plr_4_1
soundalias,#vox_brun_kill_headshot_plr_4_0
soundalias,#wpn_scepter_melee_npc
soundalias,#wpn_rgun_fire_npc
soundalias,#fly_step_glass_plr
soundalias,#wpn_hammer_bolt_fire
soundalias,#zmb_perks_packa_ready
soundalias,#hash_1bf5fe37a1f1ddf8
soundalias,#fly_melee_imp_chakram_npc_rock
soundalias,#hash_1c16f5a0e1da502d
soundalias,#vox_stoker_kill_plr_2_3
soundalias,#vox_stoker_kill_plr_2_2
soundalias,#vox_stoker_kill_plr_2_1
soundalias,#vox_stoker_kill_plr_2_0
soundalias,#vox_stoker_kill_plr_2_4
soundalias,#hash_1c196449e54cd289
soundalias,#fly_step_sprint_zdog_glassbulletproof
soundalias,#hash_1c282a75152fd313
soundalias,#hash_1c3e58e0b9110b37
soundalias,#vox_bop4_exert_burn_dmg
soundalias,#hash_1c4acf7a1c9c1cda
soundalias,#fly_melee_imp_scepter_npc_riot
soundalias,#vox_revive_support_shaw_plr_3_4
soundalias,#vox_revive_support_shaw_plr_3_0
soundalias,#vox_revive_support_shaw_plr_3_1
soundalias,#vox_revive_support_shaw_plr_3_2
soundalias,#vox_revive_support_shaw_plr_3_3
soundalias,#hash_1c8300013ac7c64c
soundalias,#hash_1c8dd30ad4577f23
soundalias,#hash_1c8e29676d0dc5f3
soundalias,#vox_scepter_kill_plr_2_4
soundalias,#vox_scepter_kill_plr_2_1
soundalias,#vox_scepter_kill_plr_2_0
soundalias,#vox_scepter_kill_plr_2_3
soundalias,#vox_scepter_kill_plr_2_2
soundalias,#hash_1ca40222207eef19
soundalias,#fly_step_crouch_walk_zdog_metalcatcrouch_walk
soundalias,#hash_1cc59bd671b94b13
soundalias,#vox_advance_hammer_nag_narr_0
soundalias,#zmb_tentacle_drop
soundalias,#vox_blac_exert_sniper_gasp
soundalias,#hash_1ce63db5622dcaf5
soundalias,#zmb_flare_drop
soundalias,#vox_plr_4_exert_death_veh_hit
soundalias,#zmb_spawn_walla
soundalias,#vox_bop3_exert_bludgeoned
soundalias,#zmb_attack_underwater_whoosh
soundalias,#hash_1d4b0119c9f1d519
soundalias,#wpn_grenade_explode_ice
soundalias,#vox_bop2_exert_gas_gag
soundalias,#vox_radiant_react_plr_4_0
soundalias,#vox_ee_diary_brun_dieg_plr_3_20
soundalias,#vox_ee_diary_brun_dieg_plr_3_18
soundalias,#vox_ee_diary_brun_dieg_plr_3_12
soundalias,#vox_ee_diary_brun_dieg_plr_3_10
soundalias,#vox_ee_diary_brun_dieg_plr_3_16
soundalias,#vox_ee_diary_brun_dieg_plr_3_14
soundalias,#vox_2_banter_dieg_shaw_plr_4_1
soundalias,#vox_revive_scar_plr_3_4
soundalias,#vox_revive_scar_plr_3_2
soundalias,#vox_revive_scar_plr_3_3
soundalias,#vox_revive_scar_plr_3_0
soundalias,#vox_revive_scar_plr_3_1
soundalias,#hash_1dbe8bcc3c51153a
soundalias,#hash_1de18dce8a27c19c
soundalias,#vox_plr_4_exert_gas_cough
soundalias,#hash_1e0ccafc1372b4df
soundalias,#fly_step_run_zdog_metalcatrun
soundalias,#zmb_blocker_powerdoor_purchase_swt
soundalias,#zmb_vocals_zombie_taunt
soundalias,#hash_1e329197dee1519d
soundalias,#hash_1e3312d30c58f0ba
soundalias,#zmb_planet_timer
soundalias,#vox_engine_room_alarm_plr_2_0
soundalias,#fly_generic_first_raise_plr
soundalias,#vox_pap_activate_plr_3_0
soundalias,#vox_bom2_exert_rad_start
soundalias,#wpn_viper_melee_swing_plr
soundalias,#vox_barrier_rebuild_plr_1_4
soundalias,#vox_barrier_rebuild_plr_1_0
soundalias,#vox_barrier_rebuild_plr_1_1
soundalias,#vox_barrier_rebuild_plr_1_2
soundalias,#vox_barrier_rebuild_plr_1_3
soundalias,#zmb_vox_monkey_raise_plr
soundalias,#vox_ee_diary_brun_dieg_plr_2_21
soundalias,#vox_bop1_exert_mant_light
soundalias,#hash_1ecef41176c39335
soundalias,#vox_ee_diary_brun_dieg_plr_2_15
soundalias,#vox_ee_diary_brun_dieg_plr_2_17
soundalias,#vox_ee_diary_brun_dieg_plr_2_11
soundalias,#vox_ee_diary_brun_dieg_plr_2_13
soundalias,#vox_ee_diary_brun_dieg_plr_2_19
soundalias,#hash_1ee5f337c6355dc1
soundalias,#vox_kill_headshot_plr_4_1
soundalias,#vox_kill_headshot_plr_4_0
soundalias,#vox_kill_headshot_plr_4_3
soundalias,#vox_kill_headshot_plr_4_2
soundalias,#vox_kill_headshot_plr_4_5
soundalias,#vox_kill_headshot_plr_4_4
soundalias,#vox_kill_headshot_plr_4_7
soundalias,#vox_kill_headshot_plr_4_6
soundalias,#vox_kill_headshot_plr_4_9
soundalias,#vox_kill_headshot_plr_4_8
soundalias,#hash_1ef8592ba7cf5db4
soundalias,#hash_1ef85a2ba7cf5f67
soundalias,#hash_1ef85c2ba7cf62cd
soundalias,#vox_powerup_ammo_plr_3_0
soundalias,#vox_powerup_ammo_plr_3_1
soundalias,#vox_powerup_ammo_plr_3_2
soundalias,#vox_powerup_ammo_plr_3_3
soundalias,#vox_powerup_ammo_plr_3_4
soundalias,#fly_step_walk_zdog_metalcar
soundalias,#hash_1f1b30ec998e15a1
soundalias,#vox_pickup_generic_plr_2_8
soundalias,#vox_pickup_generic_plr_2_9
soundalias,#vox_pickup_generic_plr_2_2
soundalias,#vox_pickup_generic_plr_2_3
soundalias,#vox_pickup_generic_plr_2_0
soundalias,#vox_pickup_generic_plr_2_1
soundalias,#vox_pickup_generic_plr_2_6
soundalias,#vox_pickup_generic_plr_2_7
soundalias,#vox_pickup_generic_plr_2_4
soundalias,#vox_pickup_generic_plr_2_5
soundalias,#fly_step_run_zdog_snow
soundalias,#hash_1f39cf85dba56934
soundalias,#fly_combat_knife_first_raise
soundalias,#zmb_triquest_key_loop
soundalias,#hash_1f58939de54b1b59
soundalias,#vox_bop3_exert_electro
soundalias,#vox_tedd_exert_electro
soundalias,#vox_box_wonder_plr_2_2
soundalias,#vox_box_wonder_plr_2_1
soundalias,#vox_box_wonder_plr_2_0
soundalias,#vox_1_banter_dieg_shaw_plr_3_1
soundalias,#vox_blac_exert_blind
soundalias,#vox_generic_wall_buy_plr_4_10
soundalias,#fly_step_puddle_plr
soundalias,#hash_1f915dd1636a1d4c
soundalias,#wpn_chakram_melee_impact
soundalias,#vox_plr_2_exert_gas_gasp
soundalias,#vox_surrounded_oh_shit_plr_1_1
soundalias,#vox_surrounded_oh_shit_plr_1_0
soundalias,#vox_surrounded_oh_shit_plr_1_3
soundalias,#vox_surrounded_oh_shit_plr_1_4
soundalias,#vox_surrounded_oh_shit_plr_1_7
soundalias,#vox_surrounded_oh_shit_plr_1_6
soundalias,#vox_surrounded_oh_shit_plr_1_9
soundalias,#vox_surrounded_oh_shit_plr_1_8
soundalias,#vox_solo_end_round2_plr_1_0
soundalias,#hash_1fc058736573a9b5
soundalias,#hash_1fc479499a911511
soundalias,#wpn_hammer_storm_lp
soundalias,#hash_1fcea61fb6e9f5e0
soundalias,#hash_1fcea71fb6e9f793
soundalias,#hash_1fcea81fb6e9f946
soundalias,#hash_1fcea91fb6e9faf9
soundalias,#hash_1fceaa1fb6e9fcac
soundalias,#hash_1fceab1fb6e9fe5f
soundalias,#hash_1fceac1fb6ea0012
soundalias,#hash_1fcead1fb6ea01c5
soundalias,#hash_1fceb21fb6ea0a44
soundalias,#hash_1fceb31fb6ea0bf7
soundalias,#hash_1fd218acf8959773
soundalias,#vox_plr_2_exert_burn_dead
soundalias,#vox_scepter_ready_plr_3_1
soundalias,#vox_scepter_ready_plr_3_0
soundalias,#vox_scepter_ready_plr_3_2
soundalias,#hash_1ff1fc88adc297d6
soundalias,#fly_melee_imp_hammer_metalcar
soundalias,#vox_plr_1_exert_sniper_exhale
soundalias,#zmb_crafting_start
soundalias,#vox_powerup_firesale_plr_1_1
soundalias,#vox_powerup_firesale_plr_1_0
soundalias,#vox_powerup_firesale_plr_1_3
soundalias,#vox_powerup_firesale_plr_1_2
soundalias,#vox_powerup_firesale_plr_1_5
soundalias,#vox_powerup_firesale_plr_1_4
soundalias,#vox_tedd_exert_death_veh_under
soundalias,#vox_box_lmg_plr_3_4
soundalias,#vox_box_lmg_plr_3_1
soundalias,#vox_box_lmg_plr_3_0
soundalias,#vox_box_lmg_plr_3_3
soundalias,#vox_box_lmg_plr_3_2
soundalias,#vox_bop4_exert_bludgeoned
soundalias,#fly_step_crouch_run_zdog_mud
soundalias,#fly_melee_imp_galva_npc_wood
soundalias,#vox_m_quest_sentinel_artifact_plr_2_0
soundalias,#fly_step_prone_zdog_sand
soundalias,#hash_2052d8709436ffc5
soundalias,#vox_bop1_exert_death_veh_hit
soundalias,#vox_scepter_activate_plr_1_4
soundalias,#vox_scepter_activate_plr_1_1
soundalias,#vox_scepter_activate_plr_1_0
soundalias,#vox_scepter_activate_plr_1_3
soundalias,#vox_scepter_activate_plr_1_2
soundalias,#hash_206cfa577d048c90
soundalias,#hash_20bee66279fad547
soundalias,#vox_brun_surrounded_oh_shit_plr_1_4
soundalias,#vox_brun_surrounded_oh_shit_plr_1_3
soundalias,#vox_brun_surrounded_oh_shit_plr_1_2
soundalias,#vox_brun_surrounded_oh_shit_plr_1_1
soundalias,#vox_brun_surrounded_oh_shit_plr_1_0
soundalias,#vox_powerup_insta_plr_4_0
soundalias,#vox_powerup_insta_plr_4_1
soundalias,#vox_powerup_insta_plr_4_2
soundalias,#vox_powerup_insta_plr_4_3
soundalias,#vox_powerup_insta_plr_4_4
soundalias,#vox_powerup_insta_plr_4_5
soundalias,#vox_bop4_exert_underwater_pain
soundalias,#vox_fireworks_react_plr_2_0
soundalias,#fly_melee_swipealt_player_knife
soundalias,#fly_step_prone_zdog_concrete
soundalias,#hash_21206f1b7fb27f81
soundalias,#vox_box_smg_plr_1_0
soundalias,#vox_box_smg_plr_1_1
soundalias,#vox_box_smg_plr_1_2
soundalias,#vox_box_smg_plr_1_3
soundalias,#vox_box_smg_plr_1_4
soundalias,#vox_purity_react_plr_2_0
soundalias,#hash_212ed6f23e15aabf
soundalias,#vox_solo_end_round1_plr_3_0
soundalias,#wpn_chakram_projectile_impact
soundalias,#vox_plr_1_exert_gas_cough
soundalias,#zmb_safe_open
soundalias,#hash_214eb0cf09013847
soundalias,#fly_step_crouch_run_zdog_ceramic
soundalias,#hash_215e1891b2952ace
soundalias,#vox_blightfather_react_plr_4_4
soundalias,#vox_blightfather_react_plr_4_2
soundalias,#vox_blightfather_react_plr_4_3
soundalias,#vox_blightfather_react_plr_4_0
soundalias,#vox_blightfather_react_plr_4_1
soundalias,#vox_scar_kill_headshot_plr_3_2
soundalias,#vox_scar_kill_headshot_plr_3_3
soundalias,#vox_scar_kill_headshot_plr_3_0
soundalias,#vox_scar_kill_headshot_plr_3_1
soundalias,#vox_scar_kill_headshot_plr_3_4
soundalias,#wpn_hammer_jab_plr
soundalias,#hash_217f76284a9f2922
soundalias,#zmb_no_cha_ching
soundalias,#vox_crawler_kill_plr_1_4
soundalias,#vox_crawler_kill_plr_1_0
soundalias,#vox_crawler_kill_plr_1_1
soundalias,#vox_crawler_kill_plr_1_2
soundalias,#vox_crawler_kill_plr_1_3
soundalias,#vox_bop3_exert_rad_dmg
soundalias,#vox_plasma_detonation_react_plr_3_1
soundalias,#vox_plasma_detonation_react_plr_3_0
soundalias,#vox_plasma_detonation_react_plr_3_3
soundalias,#vox_plasma_detonation_react_plr_3_2
soundalias,#vox_plasma_detonation_react_plr_3_4
soundalias,#zmb_blocker_door_purchase
soundalias,#amb_toilet_run
soundalias,#wpn_shotgun_dryfire_plr
soundalias,#vox_water_exit_plr_1_1
soundalias,#vox_water_exit_plr_1_0
soundalias,#vox_hammer_activate_plr_3_4
soundalias,#vox_hammer_activate_plr_3_1
soundalias,#vox_hammer_activate_plr_3_0
soundalias,#vox_hammer_activate_plr_3_3
soundalias,#vox_hammer_activate_plr_3_2
soundalias,#fly_melee_imp_chakram_riot
soundalias,#vox_plasma_react_plr_2_0
soundalias,#wpn_viper_melee_extend_npc
soundalias,#hash_223703d87588d1ee
soundalias,#hash_223704d87588d3a1
soundalias,#hash_22381717002ffa5b
soundalias,#hash_223ae521b31be6c3
soundalias,#hash_223c3071ea10c2cb
soundalias,#fly_step_gravel_plr
soundalias,#vox_plr_1_outro_igc_1_1
soundalias,#hash_224e1c16bb6396c0
soundalias,#hash_225725e66143097e
soundalias,#vox_beginner_carp_narr_0
soundalias,#fly_step_run_zdog_glassbulletproof
soundalias,#pfx_blood_drip_oneshot
soundalias,#fly_melee_imp_hammer
soundalias,#hash_226da01373c24627
soundalias,#vox_revive_self_plr_2_2
soundalias,#vox_revive_self_plr_2_0
soundalias,#vox_revive_self_plr_2_1
soundalias,#hash_22a9c5a0eed67aea
soundalias,#vox_bof1_exert_rad_end
soundalias,#hash_22e4054b05c95b88
soundalias,#hash_22e45f12bb95d04e
soundalias,#vox_hammer_level_3_plr_2_2
soundalias,#vox_hammer_level_3_plr_2_1
soundalias,#vox_hammer_level_3_plr_2_0
soundalias,#hash_22f0275e647e01e8
soundalias,#vox_kill_melee_plr_2_9
soundalias,#vox_kill_melee_plr_2_8
soundalias,#vox_kill_melee_plr_2_5
soundalias,#vox_kill_melee_plr_2_4
soundalias,#vox_kill_melee_plr_2_7
soundalias,#vox_kill_melee_plr_2_6
soundalias,#vox_kill_melee_plr_2_1
soundalias,#vox_kill_melee_plr_2_0
soundalias,#vox_kill_melee_plr_2_3
soundalias,#vox_kill_melee_plr_2_2
soundalias,#hash_22f8b7013dd11b81
soundalias,#wpn_chakram_first_raise_lvl3_npc
soundalias,#hash_22fb6c165aac9059
soundalias,#zmb_crafting_pickup_generic
soundalias,#vox_scepter_kill_plr_3_4
soundalias,#vox_scepter_kill_plr_3_0
soundalias,#vox_scepter_kill_plr_3_1
soundalias,#vox_scepter_kill_plr_3_2
soundalias,#vox_scepter_kill_plr_3_3
soundalias,#hash_23213fb8c642bc28
soundalias,#hash_232140b8c642bddb
soundalias,#hash_232141b8c642bf8e
soundalias,#hash_232142b8c642c141
soundalias,#hash_232144b8c642c4a7
soundalias,#fly_generic_down_med_plr
soundalias,#hash_2333d58ae8bcec49
soundalias,#hash_23404428f33dad19
soundalias,#fly_step_prone_zdog_wood
soundalias,#vox_zombie_react_first_plr_1_0
soundalias,#hash_2367dae4a69a4294
soundalias,#hash_236d09222e18089b
soundalias,#amb_chaos_gore
soundalias,#hash_2380c4a79ebb093c
soundalias,#zmb_vocals_zombie_death
soundalias,#fly_step_sprint_zdog_glass
soundalias,#vox_ammo_buy_plr_4_1
soundalias,#vox_ammo_buy_plr_4_0
soundalias,#vox_ammo_buy_plr_4_2
soundalias,#fly_uw_move_reload_deep
soundalias,#vox_bop5_exert_burn_dmg
soundalias,#hash_23bf110a1db4fda4
soundalias,#hash_23bf130a1db5010a
soundalias,#hash_23bf140a1db502bd
soundalias,#vox_tedd_exert_sniper_gasp
soundalias,#wpn_optic_zoom_out
soundalias,#hash_23d81ee69f3ae2ce
soundalias,#hash_23e7483164955a17
soundalias,#vox_generic_responses_negative_plr_3_5
soundalias,#vox_generic_responses_negative_plr_3_4
soundalias,#vox_generic_responses_negative_plr_3_7
soundalias,#vox_generic_responses_negative_plr_3_6
soundalias,#vox_generic_responses_negative_plr_3_1
soundalias,#vox_generic_responses_negative_plr_3_0
soundalias,#vox_generic_responses_negative_plr_3_3
soundalias,#vox_generic_responses_negative_plr_3_2
soundalias,#vox_generic_responses_negative_plr_3_9
soundalias,#vox_generic_responses_negative_plr_3_8
soundalias,#fly_step_crouch_run_zdog_paintedmetal
soundalias,#vox_box_arnie_plr_1_0
soundalias,#vox_box_arnie_plr_1_1
soundalias,#vox_box_arnie_plr_1_2
soundalias,#vox_box_arnie_plr_1_3
soundalias,#vox_box_arnie_plr_1_4
soundalias,#hash_24016d7b0f368e3b
soundalias,#hash_24067f2a91e41d3d
soundalias,#hash_240bd47da4c03d5f
soundalias,#zmb_eyeball_warp_out
soundalias,#hash_241e115701b99ace
soundalias,#vox_bop1_exert_self_heal
soundalias,#hash_2426faf5a7318736
soundalias,#wpn_generic_dryfire_plr
soundalias,#hash_242d04592ac9c01b
soundalias,#vox_5_banter_brun_dieg_plr_3_0
soundalias,#hash_24419c49e9c6e471
soundalias,#hash_2452403ff6a1c545
soundalias,#hash_24654c19f66a10b9
soundalias,#hash_24842d272e715f3e
soundalias,#fly_melee_imp_chakram_npc_metalcar
soundalias,#hash_248ae3b0dededf81
soundalias,#hash_248ae4b0dedee134
soundalias,#hash_248ae5b0dedee2e7
soundalias,#hash_248ae6b0dedee49a
soundalias,#hash_248ae7b0dedee64d
soundalias,#fly_mag_empty_sweet
soundalias,#hash_249594524d702857
soundalias,#vox_bop4_exert_concuss
soundalias,#fly_melee_imp_hammer_flesh
soundalias,#vox_safecracker_pick_up_plr_4_0
soundalias,#vox_plr_3_exert_underwater_emerge_gasp
soundalias,#vox_bop2_exert_gas_cough
soundalias,#mus_zodt8_roundstart_first_1_intro
soundalias,#exp_tricannon_water_lfe
soundalias,#fly_step_crouch_walk_zdog_flesh
soundalias,#hash_24be0c5511ca20c6
soundalias,#hash_24c84b4dd959785a
soundalias,#fly_step_crouch_walk_zdog_default
soundalias,#vox_altar_interact_first_plr_4_0
soundalias,#fly_step_prone_zdog_metalhollow
soundalias,#hash_24eefd2f2e76d686
soundalias,#hash_24f0e20f1a72f19e
soundalias,#zmb_vocals_zombie_teardown
soundalias,#fly_melee_imp_scepter_flesh
soundalias,#vox_barrier_rebuild_plr_2_3
soundalias,#vox_barrier_rebuild_plr_2_2
soundalias,#vox_barrier_rebuild_plr_2_1
soundalias,#vox_barrier_rebuild_plr_2_0
soundalias,#vox_barrier_rebuild_plr_2_4
soundalias,#vox_viper_level_3_plr_1_0
soundalias,#vox_viper_level_3_plr_1_1
soundalias,#vox_viper_level_3_plr_1_2
soundalias,#vox_bop1_exert_underwater_emerge_breath
soundalias,#fly_step_wreckage_npc
soundalias,#fly_melee_imp_galva_npc_metal
soundalias,#wpn_hammer_bolt_explo_swt
soundalias,#vox_plr_4_exert_stabbed
soundalias,#vox_bop4_exert_death
soundalias,#vox_plr_3_exert_explo_dead
soundalias,#hash_258c04657e56cc09
soundalias,#hash_258c05657e56cdbc
soundalias,#hash_258c06657e56cf6f
soundalias,#hash_258c07657e56d122
soundalias,#hash_258c08657e56d2d5
soundalias,#hash_258cf12029970678
soundalias,#vox_engine_room_alarm_plr_1_0
soundalias,#hash_25afe488e04ae938
soundalias,#hash_25b57891043eeb47
soundalias,#fly_step_run_zdog_bark
soundalias,#hash_25d9e2929f1b7eb0
soundalias,#vox_bop4_exert_sniper_exhale
soundalias,#vox_plr_3_exert_blind
soundalias,#hash_25eb2ecb06922b3e
soundalias,#vox_bop5_exert_rad_start
soundalias,#vox_revive_support_scar_plr_4_4
soundalias,#vox_revive_support_scar_plr_4_1
soundalias,#vox_revive_support_scar_plr_4_0
soundalias,#vox_revive_support_scar_plr_4_3
soundalias,#vox_revive_support_scar_plr_4_2
soundalias,#fly_step_sprint_zdog_cloth
soundalias,#hash_26441e44d0b0dd81
soundalias,#vox_dieg_kill_headshot_plr_1_2
soundalias,#vox_dieg_kill_headshot_plr_1_3
soundalias,#vox_dieg_kill_headshot_plr_1_0
soundalias,#vox_dieg_kill_headshot_plr_1_1
soundalias,#vox_dieg_kill_headshot_plr_1_4
soundalias,#vox_scepter_level_3_plr_2_1
soundalias,#vox_scepter_level_3_plr_2_0
soundalias,#vox_scepter_level_3_plr_2_2
soundalias,#vox_box_move_plr_1_2
soundalias,#vox_box_move_plr_1_3
soundalias,#vox_box_move_plr_1_0
soundalias,#vox_box_move_plr_1_1
soundalias,#vox_box_move_plr_1_4
soundalias,#vox_gib_zombie_plr_1_0
soundalias,#vox_gib_zombie_plr_1_1
soundalias,#vox_gib_zombie_plr_1_2
soundalias,#vox_gib_zombie_plr_1_3
soundalias,#vox_gib_zombie_plr_1_4
soundalias,#mus_zodt8_ee_song_intro
soundalias,#vox_bop2_exert_razor_wire
soundalias,#vox_box_wonder_plr_3_2
soundalias,#vox_box_wonder_plr_3_0
soundalias,#vox_box_wonder_plr_3_1
soundalias,#vox_plr_2_exert_death_fall
soundalias,#vox_stoker_kill_plr_3_2
soundalias,#vox_stoker_kill_plr_3_3
soundalias,#vox_stoker_kill_plr_3_0
soundalias,#vox_stoker_kill_plr_3_1
soundalias,#vox_stoker_kill_plr_3_4
soundalias,#vox_ee_artifact_alis_0
soundalias,#hash_26dce1751bd44208
soundalias,#hash_26f8717dbe9938fe
soundalias,#hash_27307cf6fa94ac1f
soundalias,#vox_3_banter_dieg_scar_plr_1_1
soundalias,#zmb_switch_flip_trap_reset
soundalias,#vox_blac_exert_mant_heavy
soundalias,#hash_2744e20c904dcaf0
soundalias,#wpn_rgun_flux_l_plr
soundalias,#vox_bop1_exert_gas_cough
soundalias,#fly_melee_imp_scepter_npc_plastic
soundalias,#fly_step_wood_door_debris_npc
soundalias,#hash_277d298cf39a2119
soundalias,#amb_flag
soundalias,#vox_tedd_exert_explo_dead
soundalias,#amb_chain_loop
soundalias,#vox_box_launcher_plr_1_1
soundalias,#vox_box_launcher_plr_1_0
soundalias,#vox_box_launcher_plr_1_3
soundalias,#vox_box_launcher_plr_1_2
soundalias,#vox_box_launcher_plr_1_4
soundalias,#hash_27a4629b68e4d58f
soundalias,#vox_5_banter_dieg_shaw_plr_4_0
soundalias,#vox_assemble_rocketshield_plr_4_0
soundalias,#vox_assemble_rocketshield_plr_4_1
soundalias,#vox_assemble_rocketshield_plr_4_2
soundalias,#hash_27c02185cabe2640
soundalias,#hash_27c1e5d7dbff24c1
soundalias,#fly_step_walk_zdog_paper
soundalias,#hash_27da86769d39288b
soundalias,#hash_27f12e7284f453c6
soundalias,#hash_2807a625092d9fef
soundalias,#hash_281a3388b23ca80b
soundalias,#zmb_death_nohead_blood
soundalias,#vox_plasma_detonation_react_plr_2_0
soundalias,#vox_plasma_detonation_react_plr_2_1
soundalias,#vox_plasma_detonation_react_plr_2_2
soundalias,#vox_plasma_detonation_react_plr_2_3
soundalias,#vox_plasma_detonation_react_plr_2_4
soundalias,#hash_282d97c7a651af5a
soundalias,#vox_plr_4_exert_breath_hurt
soundalias,#wpn_chakram_melee_fx_npc
soundalias,#hash_2851b65c33ed27e7
soundalias,#hash_286c32a151d527cf
soundalias,#hash_286f3a87ba73662c
soundalias,#hash_286f3b87ba7367df
soundalias,#hash_286f3d87ba736b45
soundalias,#vox_ee_obsession_alis_0
soundalias,#hash_28762a5a9e4b571f
soundalias,#fly_step_water_wade_plr
soundalias,#hash_288a6befcfe526f3
soundalias,#fly_step_wood_debris_npc
soundalias,#vox_4_banter_scar_shaw_plr_4_1
soundalias,#hash_28d19706c882d8c3
soundalias,#hash_28d76e47e3d57bf6
soundalias,#vox_crawler_kill_plr_2_3
soundalias,#vox_crawler_kill_plr_2_2
soundalias,#vox_crawler_kill_plr_2_1
soundalias,#vox_crawler_kill_plr_2_0
soundalias,#vox_crawler_kill_plr_2_4
soundalias,#vox_bop2_exert_death_fall
soundalias,#hash_290dd6c99ca7fd68
soundalias,#hash_290dd8c99ca800ce
soundalias,#hash_290dd9c99ca80281
soundalias,#hash_291018d20bb10fb2
soundalias,#zmb_pap_plinth_light_on
soundalias,#vox_treasure_chest_activate_2_plr_4_0
soundalias,#fly_melee_imp_galva_riot
soundalias,#hash_296309eda90d4c82
soundalias,#vox_plr_2_exert_self_heal
soundalias,#vox_bom2_exert_rad_end
soundalias,#mus_frozen_exit
soundalias,#vox_scar_kill_headshot_plr_4_1
soundalias,#vox_scar_kill_headshot_plr_4_0
soundalias,#vox_scar_kill_headshot_plr_4_3
soundalias,#vox_scar_kill_headshot_plr_4_2
soundalias,#vox_scar_kill_headshot_plr_4_4
soundalias,#fly_zombie_jumpland_soft
soundalias,#fly_generic_down_shrt_plr
soundalias,#vox_treasure_chest_activate_1_plr_4_0
soundalias,#fly_combat_knife_first_raise_npc
soundalias,#hash_29e5626bb274d8ce
soundalias,#hash_29e8c77b4394c4ba
soundalias,#hash_29f2a9f49833dfaf
soundalias,#zmb_vox_monkey_land
soundalias,#vox_hammer_activate_plr_2_4
soundalias,#vox_hammer_activate_plr_2_0
soundalias,#vox_hammer_activate_plr_2_1
soundalias,#vox_hammer_activate_plr_2_2
soundalias,#vox_hammer_activate_plr_2_3
soundalias,#fly_step_run_zdog_gravel
soundalias,#fly_step_sprint_zdog_carpet
soundalias,#fly_tricannon_mag_out
soundalias,#vox_m_quest_sentinel_artifact_plr_1_0
soundalias,#hash_2a2a23a72475e869
soundalias,#vox_plr_2_exert_blind
soundalias,#vox_hammer_level_3_plr_3_2
soundalias,#vox_hammer_level_3_plr_3_0
soundalias,#vox_hammer_level_3_plr_3_1
soundalias,#vox_powerup_bonus_plr_4_4
soundalias,#vox_powerup_bonus_plr_4_0
soundalias,#vox_powerup_bonus_plr_4_1
soundalias,#vox_powerup_bonus_plr_4_2
soundalias,#vox_powerup_bonus_plr_4_3
soundalias,#hash_2a4b30f5343f03da
soundalias,#fly_step_prone_zdog_paintedmetal
soundalias,#vox_revive_down_plr_3_1
soundalias,#vox_revive_down_plr_3_0
soundalias,#vox_revive_down_plr_3_3
soundalias,#vox_revive_down_plr_3_2
soundalias,#hash_2a6e793295de605f
soundalias,#hash_2a7fbce665bdbcd3
soundalias,#vox_scepter_ready_plr_2_0
soundalias,#vox_scepter_ready_plr_2_1
soundalias,#vox_scepter_ready_plr_2_2
soundalias,#vox_plr_3_exert_burn_dmg
soundalias,#hash_2ac2bbbfef2face4
soundalias,#vox_box_lmg_plr_2_4
soundalias,#vox_box_lmg_plr_2_0
soundalias,#vox_box_lmg_plr_2_1
soundalias,#vox_box_lmg_plr_2_2
soundalias,#vox_box_lmg_plr_2_3
soundalias,#zmb_vocals_stoker_attack_melee
soundalias,#hash_2adaf8f6db603527
soundalias,#fly_bump_door_scare
soundalias,#hash_2af120dbf3e870e8
soundalias,#hash_2afffab0e1e724d6
soundalias,#hash_2afffcb0e1e7283c
soundalias,#hash_2afffdb0e1e729ef
soundalias,#hash_2afffeb0e1e72ba2
soundalias,#hash_2affffb0e1e72d55
soundalias,#vox_purity_react_plr_3_0
soundalias,#amb_engine_piston_small
soundalias,#fly_step_prone_zdog_metalcatprone
soundalias,#vox_plr_3_exert_self_heal
soundalias,#hash_2b26be64f620e041
soundalias,#vox_bop5_exert_rad_end
soundalias,#hash_2b2ce304596c11cd
soundalias,#vox_dragon_kill_plr_3_4
soundalias,#vox_dragon_kill_plr_3_3
soundalias,#vox_dragon_kill_plr_3_2
soundalias,#vox_dragon_kill_plr_3_1
soundalias,#vox_dragon_kill_plr_3_0
soundalias,#vox_stoker_key_pick_up_plr_1_0
soundalias,#hash_2b436347f157eca9
soundalias,#hash_2b4957b8cabc97b0
soundalias,#hash_2b4958b8cabc9963
soundalias,#hash_2b4959b8cabc9b16
soundalias,#hash_2b495ab8cabc9cc9
soundalias,#hash_2b495bb8cabc9e7c
soundalias,#hash_2b4f03822bdc9869
soundalias,#hash_2b5c72ef4441ab0b
soundalias,#vox_bom3_exert_rad_dmg
soundalias,#hash_2b9523223291e789
soundalias,#hash_2b9b9ae27f099922
soundalias,#mus_fire_sale
soundalias,#vox_fireworks_react_plr_1_0
soundalias,#vox_box_smg_plr_2_4
soundalias,#vox_box_smg_plr_2_3
soundalias,#vox_box_smg_plr_2_2
soundalias,#vox_box_smg_plr_2_1
soundalias,#vox_box_smg_plr_2_0
soundalias,#hash_2be6ede02abf5cfc
soundalias,#vox_safecracker_pick_up_plr_3_0
soundalias,#hash_2bf1e9dd1928868f
soundalias,#hash_2bfff78ed4aefdbc
soundalias,#hash_2c013b65815f47be
soundalias,#hash_2c013d65815f4b24
soundalias,#hash_2c013e65815f4cd7
soundalias,#hash_2c013f65815f4e8a
soundalias,#hash_2c014065815f503d
soundalias,#hash_2c020b202c9f50e6
soundalias,#hash_2c1a2b29f89d9c1e
soundalias,#fly_melee_lungealt_knife
soundalias,#vox_box_arnie_plr_2_4
soundalias,#vox_box_arnie_plr_2_3
soundalias,#vox_box_arnie_plr_2_2
soundalias,#vox_box_arnie_plr_2_1
soundalias,#vox_box_arnie_plr_2_0
soundalias,#hash_2c2902a363c22954
soundalias,#hash_2c2903a363c22b07
soundalias,#hash_2c353a931f7b6186
soundalias,#vox_5_banter_brun_dieg_plr_2_1
soundalias,#vox_box_react_first_plr_1_0
soundalias,#vox_chakram_activate_plr_4_4
soundalias,#vox_chakram_activate_plr_4_3
soundalias,#vox_chakram_activate_plr_4_2
soundalias,#vox_chakram_activate_plr_4_1
soundalias,#vox_chakram_activate_plr_4_0
soundalias,#vox_box_tactical_plr_2_4
soundalias,#vox_box_tactical_plr_2_1
soundalias,#vox_box_tactical_plr_2_0
soundalias,#vox_box_tactical_plr_2_3
soundalias,#vox_box_tactical_plr_2_2
soundalias,#hash_2c71df73b17cd28a
soundalias,#vox_plr_3_exert_rad_end
soundalias,#hash_2c9dea78cbd5fca8
soundalias,#hash_2cb99908783105d8
soundalias,#wpn_ray_reload_battery_in
soundalias,#hash_2cbd8c81bf83d8bc
soundalias,#hash_2cc81971ae1adef9
soundalias,#fly_step_sprint_zdog_ice
soundalias,#hash_2cf59d6222de4f6f
soundalias,#vox_bof1_exert_rad_dmg
soundalias,#zmb_sentinel_artifact_pap
soundalias,#hash_2d1b8ed1a16ecfb1
soundalias,#fly_melee_imp_scepter_rock
soundalias,#vox_stoker_kill_plr_4_1
soundalias,#vox_stoker_kill_plr_4_0
soundalias,#vox_stoker_kill_plr_4_3
soundalias,#vox_stoker_kill_plr_4_2
soundalias,#vox_stoker_kill_plr_4_4
soundalias,#fly_step_crouch_walk_zdog_grass
soundalias,#vox_plr_3_exert_mant_heavy
soundalias,#hash_2d6e6c147db9a32a
soundalias,#hash_2d87822f312b7e39
soundalias,#zmb_ai_stoker_step_sprint
soundalias,#wpn_rgun_fire_act_plr
soundalias,#hash_2d8f8d79d800431f
soundalias,#fly_melee_imp_galva_cloth
soundalias,#vox_plr_2_exert_breath_hurt
soundalias,#vox_kill_melee_plr_3_4
soundalias,#vox_kill_melee_plr_3_5
soundalias,#vox_kill_melee_plr_3_6
soundalias,#vox_kill_melee_plr_3_7
soundalias,#vox_kill_melee_plr_3_0
soundalias,#vox_kill_melee_plr_3_1
soundalias,#vox_kill_melee_plr_3_2
soundalias,#vox_kill_melee_plr_3_3
soundalias,#vox_kill_melee_plr_3_8
soundalias,#vox_kill_melee_plr_3_9
soundalias,#mus_frozen_loop_0
soundalias,#vox_4_banter_brun_shaw_plr_4_1
soundalias,#hash_2dbe3a174b1c934c
soundalias,#vox_bop4_exert_sniper_hold
soundalias,#zmb_ai_stoker_damage
soundalias,#hash_2dcae1487f158766
soundalias,#vox_gib_zombie_plr_2_4
soundalias,#vox_gib_zombie_plr_2_3
soundalias,#vox_gib_zombie_plr_2_2
soundalias,#vox_gib_zombie_plr_2_1
soundalias,#vox_gib_zombie_plr_2_0
soundalias,#hash_2ddcd295a40a8458
soundalias,#hash_2ddfa665da39f449
soundalias,#fly_step_crouch_run_zdog_bodyarmor
soundalias,#hash_2df833bfb7ef3c1c
soundalias,#hash_2dfe7f7f7939c1a7
soundalias,#fly_step_water_wade_npc
soundalias,#hash_2e0db4c834d8111c
soundalias,#hash_2e0db5c834d812cf
soundalias,#wpn_chakram_projectile_lp_swt
soundalias,#vox_plr_2_exert_rad_dmg
soundalias,#hash_2e33e4c0b7ff2b55
soundalias,#hash_2e38d5b9c9382a71
soundalias,#hash_2e3ad86fbbde47ec
soundalias,#hash_2e3c5ee40be1ff4c
soundalias,#fly_step_wood_debris_plr
soundalias,#vox_revive_support_shaw_plr_1_2
soundalias,#vox_revive_support_shaw_plr_1_3
soundalias,#vox_revive_support_shaw_plr_1_0
soundalias,#vox_revive_support_shaw_plr_1_1
soundalias,#vox_revive_support_shaw_plr_1_4
soundalias,#vox_elixir_drink_plr_1_1
soundalias,#vox_elixir_drink_plr_1_0
soundalias,#vox_elixir_drink_plr_1_3
soundalias,#vox_elixir_drink_plr_1_2
soundalias,#vox_elixir_drink_plr_1_5
soundalias,#vox_elixir_drink_plr_1_4
soundalias,#vox_elixir_drink_plr_1_7
soundalias,#vox_elixir_drink_plr_1_6
soundalias,#vox_elixir_drink_plr_1_9
soundalias,#vox_elixir_drink_plr_1_8
soundalias,#vox_scepter_level_3_plr_3_0
soundalias,#vox_scepter_level_3_plr_3_1
soundalias,#vox_scepter_level_3_plr_3_2
soundalias,#fly_melee_imp_galva_npc_metalcar
soundalias,#wpn_hammer_jab_elec_plr
soundalias,#hash_2e96fdea97c99d58
soundalias,#vox_generic_responses_negative_plr_2_8
soundalias,#vox_generic_responses_negative_plr_2_9
soundalias,#vox_generic_responses_negative_plr_2_4
soundalias,#vox_generic_responses_negative_plr_2_5
soundalias,#vox_generic_responses_negative_plr_2_6
soundalias,#vox_generic_responses_negative_plr_2_7
soundalias,#vox_generic_responses_negative_plr_2_0
soundalias,#vox_generic_responses_negative_plr_2_1
soundalias,#vox_generic_responses_negative_plr_2_2
soundalias,#vox_generic_responses_negative_plr_2_3
soundalias,#vox_plr_4_exert_punch_give
soundalias,#vox_brun_kill_streak_plr_4_3
soundalias,#vox_brun_kill_streak_plr_4_2
soundalias,#vox_brun_kill_streak_plr_4_1
soundalias,#vox_brun_kill_streak_plr_4_0
soundalias,#vox_brun_kill_streak_plr_4_4
soundalias,#amb_engine_piston_squeak
soundalias,#wpn_scepter_melee_impact
soundalias,#fly_step_crouch_run_zdog_default
soundalias,#vox_surrounded_oh_shit_plr_3_9
soundalias,#vox_surrounded_oh_shit_plr_3_8
soundalias,#vox_surrounded_oh_shit_plr_3_7
soundalias,#vox_surrounded_oh_shit_plr_3_6
soundalias,#vox_surrounded_oh_shit_plr_3_5
soundalias,#vox_surrounded_oh_shit_plr_3_4
soundalias,#vox_surrounded_oh_shit_plr_3_3
soundalias,#vox_surrounded_oh_shit_plr_3_2
soundalias,#vox_surrounded_oh_shit_plr_3_1
soundalias,#vox_surrounded_oh_shit_plr_3_0
soundalias,#hash_2f2d6d08b47e6395
soundalias,#hash_2f32917a81f90ba0
soundalias,#vox_bof3_exert_rad_start
soundalias,#vox_plr_3_exert_rad_start
soundalias,#hash_2f4a4dfc204a517c
soundalias,#hash_2f4a4efc204a532f
soundalias,#hash_2f4a4ffc204a54e2
soundalias,#hash_2f4aab5254153a6c
soundalias,#hash_2f5b570f7b90ee62
soundalias,#wpn_rgun_loop
soundalias,#pfx_water_trickle
soundalias,#hash_2f906af4529152ca
soundalias,#fly_step_crouch_run_zdog_gravel
soundalias,#vox_plr_2_exert_underwater_pain
soundalias,#fly_tricannon_mag_in
soundalias,#fly_step_crouch_walk_zdog_fruit
soundalias,#fly_bowie_impact_npc
soundalias,#vox_plr_1_exert_electro
soundalias,#vox_plr_4_exert_burn_dmg
soundalias,#vox_pap_activate_plr_1_0
soundalias,#fly_step_prone_zdog_snow
soundalias,#vox_barrier_rebuild_plr_3_2
soundalias,#vox_barrier_rebuild_plr_3_3
soundalias,#vox_barrier_rebuild_plr_3_0
soundalias,#vox_barrier_rebuild_plr_3_1
soundalias,#vox_barrier_rebuild_plr_3_4
soundalias,#vox_viper_level_3_plr_2_2
soundalias,#vox_viper_level_3_plr_2_1
soundalias,#vox_viper_level_3_plr_2_0
soundalias,#exp_tricannon_standard
soundalias,#vox_tedd_exert_burn_dead
soundalias,#zmb_hellhound_loop_breath
soundalias,#vox_powerup_ammo_plr_1_4
soundalias,#vox_powerup_ammo_plr_1_2
soundalias,#vox_powerup_ammo_plr_1_3
soundalias,#vox_powerup_ammo_plr_1_0
soundalias,#vox_powerup_ammo_plr_1_1
soundalias,#fly_step_crouch_run_zdog_dirt
soundalias,#vox_bop4_exert_gas_gag
soundalias,#vox_stoker_react_plr_4_4
soundalias,#vox_stoker_react_plr_4_0
soundalias,#vox_stoker_react_plr_4_1
soundalias,#vox_stoker_react_plr_4_2
soundalias,#vox_stoker_react_plr_4_3
soundalias,#fly_step_sprint_zdog_paper
soundalias,#zmb_turbine_switch_success
soundalias,#hash_308d13eefe4215e6
soundalias,#hash_30977287beed7814
soundalias,#hash_30977387beed79c7
soundalias,#hash_30977487beed7b7a
soundalias,#wpn_viper_bite_impact
soundalias,#vox_bop5_exert_suppressed
soundalias,#fly_step_prone_zdog_glassbulletproof
soundalias,#zmb_flare_launch_firework
soundalias,#fly_melee_lunge_knife
soundalias,#hash_30c158da46215d2f
soundalias,#zmb_perks_packa_knuckle_0
soundalias,#zmb_perks_packa_knuckle_1
soundalias,#zmb_hellhound_loop_fire
soundalias,#vox_revive_down_plr_2_4
soundalias,#vox_revive_down_plr_2_0
soundalias,#vox_revive_down_plr_2_1
soundalias,#vox_revive_down_plr_2_2
soundalias,#vox_revive_down_plr_2_3
soundalias,#hash_30e00e9ec91a7461
soundalias,#evt_spare_change
soundalias,#vox_3_banter_brun_shaw_plr_2_1
soundalias,#vox_crawler_kill_plr_3_2
soundalias,#vox_crawler_kill_plr_3_0
soundalias,#vox_crawler_kill_plr_3_1
soundalias,#vox_crawler_kill_plr_3_4
soundalias,#vox_vomit_knife_mod_react_plr_4_0
soundalias,#fly_step_walk_zdog_water
soundalias,#zmb_vox_monkey_scream
soundalias,#hash_312343edef77b727
soundalias,#hash_3125041eb90074ac
soundalias,#hash_3126b098b980b5a3
soundalias,#vox_kill_explo_plr_1_4
soundalias,#vox_kill_explo_plr_1_0
soundalias,#vox_kill_explo_plr_1_1
soundalias,#vox_kill_explo_plr_1_2
soundalias,#vox_kill_explo_plr_1_3
soundalias,#vox_powerup_firesale_plr_3_4
soundalias,#vox_powerup_firesale_plr_3_3
soundalias,#vox_powerup_firesale_plr_3_2
soundalias,#vox_powerup_firesale_plr_3_1
soundalias,#vox_powerup_firesale_plr_3_0
soundalias,#vox_box_lmg_plr_1_3
soundalias,#vox_box_lmg_plr_1_2
soundalias,#vox_box_lmg_plr_1_1
soundalias,#vox_box_lmg_plr_1_0
soundalias,#vox_box_lmg_plr_1_5
soundalias,#vox_box_lmg_plr_1_4
soundalias,#hash_3150a609d055a88b
soundalias,#vox_plr_4_exert_self_heal
soundalias,#hash_315685483901984c
soundalias,#vox_attacked_zombie_plr_4_8
soundalias,#vox_attacked_zombie_plr_4_9
soundalias,#vox_attacked_zombie_plr_4_4
soundalias,#vox_attacked_zombie_plr_4_5
soundalias,#vox_attacked_zombie_plr_4_6
soundalias,#vox_attacked_zombie_plr_4_7
soundalias,#vox_attacked_zombie_plr_4_0
soundalias,#vox_attacked_zombie_plr_4_1
soundalias,#vox_attacked_zombie_plr_4_2
soundalias,#vox_attacked_zombie_plr_4_3
soundalias,#hash_3166ad457b358dfb
soundalias,#vox_box_wonder_plr_4_1
soundalias,#vox_box_wonder_plr_4_0
soundalias,#vox_box_wonder_plr_4_2
soundalias,#hash_316ebf182aa3396b
soundalias,#fly_step_run_zdog_flesh
soundalias,#mus_boss_3_exit
soundalias,#vox_scepter_activate_plr_3_3
soundalias,#vox_scepter_activate_plr_3_2
soundalias,#vox_scepter_activate_plr_3_1
soundalias,#vox_scepter_activate_plr_3_0
soundalias,#vox_scepter_activate_plr_3_4
soundalias,#amb_fire_fireplace
soundalias,#zmb_pap_plinth_symbol_lp
soundalias,#hash_31b14ca1baedfeb7
soundalias,#mus_boss_1_loop_0
soundalias,#fly_step_walk_zdog_brick
soundalias,#hash_31ce73e6697f02c8
soundalias,#vox_blac_exert_gas_gag
soundalias,#amb_engine_uw_lp
soundalias,#hash_31e3fd3c1feef6fd
soundalias,#hash_31e90a2e8f036327
soundalias,#hash_31f3b0479d450d5a
soundalias,#vox_box_ar_plr_1_0
soundalias,#vox_box_ar_plr_1_1
soundalias,#vox_box_ar_plr_1_2
soundalias,#vox_box_ar_plr_1_3
soundalias,#vox_pickup_generic_plr_4_8
soundalias,#vox_pickup_generic_plr_4_9
soundalias,#vox_pickup_generic_plr_4_0
soundalias,#vox_pickup_generic_plr_4_1
soundalias,#vox_pickup_generic_plr_4_2
soundalias,#vox_pickup_generic_plr_4_3
soundalias,#vox_pickup_generic_plr_4_4
soundalias,#vox_pickup_generic_plr_4_5
soundalias,#vox_pickup_generic_plr_4_6
soundalias,#vox_pickup_generic_plr_4_7
soundalias,#vox_kill_streak_plr_1_4
soundalias,#vox_kill_streak_plr_1_5
soundalias,#vox_kill_streak_plr_1_6
soundalias,#vox_kill_streak_plr_1_0
soundalias,#vox_kill_streak_plr_1_1
soundalias,#vox_kill_streak_plr_1_2
soundalias,#vox_kill_streak_plr_1_3
soundalias,#zmb_switch_flip
soundalias,#fly_uw_move_reload
soundalias,#vox_tedd_exert_death_veh_fly
soundalias,#fly_step_prone_zdog_metal
soundalias,#vox_bom3_exert_rad_end
soundalias,#vox_box_smg_plr_3_4
soundalias,#vox_box_smg_plr_3_5
soundalias,#vox_box_smg_plr_3_2
soundalias,#vox_box_smg_plr_3_3
soundalias,#vox_box_smg_plr_3_0
soundalias,#vox_box_smg_plr_3_1
soundalias,#hash_325263666dea3050
soundalias,#vox_altar_activate_generic_plr_1_1
soundalias,#vox_altar_activate_generic_plr_1_0
soundalias,#vox_altar_activate_generic_plr_1_2
soundalias,#vox_5_banter_dieg_shaw_plr_3_1
soundalias,#fly_step_sprint_zdog_metal
soundalias,#vox_plr_1_exert_bludgeoned
soundalias,#zmb_triquest_chest_loop
soundalias,#hash_3274d5a6da05a801
soundalias,#vox_plr_1_exert_death_veh_hit
soundalias,#zmb_perks_packa_upgrade
soundalias,#hash_329003fa3cbc92be
soundalias,#vox_solo_end_round2_plr_3_0
soundalias,#vox_tedd_exert_punch_take
soundalias,#fly_zombie_ground_climbout
soundalias,#wpn_scepter_plant_lp
soundalias,#hash_32b7c0304e62ed41
soundalias,#vox_scepter_ready_plr_1_2
soundalias,#vox_scepter_ready_plr_1_1
soundalias,#vox_scepter_ready_plr_1_0
soundalias,#vox_plr_4_exert_underwater_air_low
soundalias,#vox_plasma_detonation_react_plr_1_4
soundalias,#vox_plasma_detonation_react_plr_1_3
soundalias,#vox_plasma_detonation_react_plr_1_2
soundalias,#vox_plasma_detonation_react_plr_1_1
soundalias,#vox_plasma_detonation_react_plr_1_0
soundalias,#zmb_fasttravel_teleport_end_plr
soundalias,#hash_32e2c6e9b7449114
soundalias,#zmb_statue_completed
soundalias,#zmb_eyeball_swrath_charge
soundalias,#mus_fire_sale_end
soundalias,#wpn_hammer_storm_activate
soundalias,#vox_dragon_kill_plr_2_4
soundalias,#vox_dragon_kill_plr_2_2
soundalias,#vox_dragon_kill_plr_2_3
soundalias,#vox_dragon_kill_plr_2_0
soundalias,#vox_dragon_kill_plr_2_1
soundalias,#vox_revive_shaw_plr_2_4
soundalias,#vox_revive_shaw_plr_2_1
soundalias,#vox_revive_shaw_plr_2_0
soundalias,#vox_revive_shaw_plr_2_3
soundalias,#vox_revive_shaw_plr_2_2
soundalias,#hash_3366b1b903dc96bf
soundalias,#zmb_fasttravel_teleport_lp_plr
soundalias,#fly_melee_imp_chakram_rock
soundalias,#zmb_fasttravel_teleport_start_npc
soundalias,#hash_339d57441a1a74f1
soundalias,#hash_33b6a998603c309d
soundalias,#vox_bop2_exert_self_heal
soundalias,#hash_33c26ec9a34c37b0
soundalias,#hash_33c26fc9a34c3963
soundalias,#hash_33c271c9a34c3cc9
soundalias,#hash_33c5e3222e38a6ff
soundalias,#amb_fire_small
soundalias,#hash_33de302626950d78
soundalias,#wpn_homunculus_throw_plr
soundalias,#hash_33edd8a549157eed
soundalias,#vox_dieg_kill_streak_plr_4_3
soundalias,#vox_dieg_kill_streak_plr_4_2
soundalias,#vox_dieg_kill_streak_plr_4_1
soundalias,#vox_dieg_kill_streak_plr_4_0
soundalias,#vox_dieg_kill_streak_plr_4_5
soundalias,#vox_dieg_kill_streak_plr_4_4
soundalias,#zmb_flare_leave
soundalias,#vox_solo_end_round1_plr_1_0
soundalias,#hash_3419f8b83fae65ac
soundalias,#hash_3422706f7d7bcc36
soundalias,#hash_3422726f7d7bcf9c
soundalias,#hash_3422736f7d7bd14f
soundalias,#hash_3422756f7d7bd4b5
soundalias,#hash_342718d459dcece9
soundalias,#fly_step_walk_zdog_ice
soundalias,#hash_342a3db46674e67a
soundalias,#vox_bom2_exert_rad_dmg
soundalias,#hash_343bf66b64f5830e
soundalias,#vox_plr_3_exert_rad_dmg
soundalias,#vox_plr_2_exert_burn_dmg
soundalias,#amb_engine_piston_large
soundalias,#vox_5_banter_brun_shaw_plr_2_0
soundalias,#fly_step_walk_zdog_metalcatwalk
soundalias,#fly_step_run_zdog_glasscar
soundalias,#fly_generic_raise_npc
soundalias,#vox_hammer_activate_plr_1_3
soundalias,#vox_hammer_activate_plr_1_2
soundalias,#vox_hammer_activate_plr_1_1
soundalias,#vox_hammer_activate_plr_1_0
soundalias,#vox_plr_1_exert_rad_start
soundalias,#zmb_monkey_anim_cymb
soundalias,#hash_34f21429e16734f4
soundalias,#vox_generic_responses_negative_plr_1_3
soundalias,#vox_generic_responses_negative_plr_1_2
soundalias,#vox_generic_responses_negative_plr_1_1
soundalias,#vox_generic_responses_negative_plr_1_0
soundalias,#vox_generic_responses_negative_plr_1_7
soundalias,#vox_generic_responses_negative_plr_1_6
soundalias,#vox_generic_responses_negative_plr_1_5
soundalias,#vox_generic_responses_negative_plr_1_4
soundalias,#hash_352bbb7b18e41c05
soundalias,#zmb_hellhound_spawn
soundalias,#hash_354b6354d4383ece
soundalias,#hash_3551c9daf9fc1732
soundalias,#wpn_ray_reload_close
soundalias,#vox_revive_self_plr_4_0
soundalias,#vox_revive_self_plr_4_1
soundalias,#vox_revive_self_plr_4_2
soundalias,#hash_356be749f3746d22
soundalias,#fly_step_crouch_walk_zdog_mud
soundalias,#vox_bop5_exert_self_heal
soundalias,#hash_359f5cbf71da5b9b
soundalias,#hash_359f5fbf71da60b4
soundalias,#hash_359f60bf71da6267
soundalias,#hash_359f61bf71da641a
soundalias,#hash_359f62bf71da65cd
soundalias,#fly_splash_plr
soundalias,#zmb_step8_artifact_explode
soundalias,#vox_safecracker_pick_up_plr_2_0
soundalias,#vox_plr_4_exert_death_fall
soundalias,#vox_bop5_exert_rad_dmg
soundalias,#vox_3_banter_brun_scar_plr_2_0
soundalias,#vox_scepter_kill_plr_1_2
soundalias,#vox_scepter_kill_plr_1_3
soundalias,#vox_scepter_kill_plr_1_0
soundalias,#vox_scepter_kill_plr_1_1
soundalias,#vox_scepter_kill_plr_1_4
soundalias,#fly_step_sprint_zdog_tallgrass
soundalias,#vox_bop1_exert_concuss
soundalias,#vox_tedd_exert_death
soundalias,#vox_plr_1_exert_death_fall
soundalias,#hash_35fe77df40567d45
soundalias,#fly_step_crouch_run_zdog_concrete
soundalias,#fly_wpn_handle_high
soundalias,#vox_box_tactical_plr_3_4
soundalias,#vox_box_tactical_plr_3_0
soundalias,#vox_box_tactical_plr_3_1
soundalias,#vox_box_tactical_plr_3_2
soundalias,#vox_box_tactical_plr_3_3
soundalias,#hash_364c98e4ca3d5e9a
soundalias,#hash_364cd5cdbbc66749
soundalias,#hash_365525e6193d1f1e
soundalias,#zmb_hellhound_prespawn
soundalias,#vox_viper_level_3_plr_3_2
soundalias,#vox_viper_level_3_plr_3_0
soundalias,#vox_viper_level_3_plr_3_1
soundalias,#fly_step_crouch_walk_zdog_cloth
soundalias,#vox_bop5_exert_underwater_emerge_gasp
soundalias,#vox_plr_4_exert_blind
soundalias,#hash_369902fc240b940b
soundalias,#hash_369903fc240b95be
soundalias,#hash_369904fc240b9771
soundalias,#vox_plr_2_exert_razor_wire
soundalias,#hash_36a95d08ed4998f6
soundalias,#amb_clock_tick_loop
soundalias,#vox_box_arnie_plr_3_4
soundalias,#vox_box_arnie_plr_3_2
soundalias,#vox_box_arnie_plr_3_3
soundalias,#vox_box_arnie_plr_3_0
soundalias,#vox_box_arnie_plr_3_1
soundalias,#vox_bop5_exert_mant_light
soundalias,#prj_earth_impact_goop
soundalias,#fly_melee_imp_hammer_zm_flesh
soundalias,#hash_3744cc670a5b706b
soundalias,#hash_3749463f3dab5c50
soundalias,#wpn_scepter_melee_impact_swt_plr
soundalias,#vox_bop5_exert_death_fall
soundalias,#hash_376422c69209cc37
soundalias,#hash_376423c69209cdea
soundalias,#hash_3765e25049981166
soundalias,#hash_37667351c7b56331
soundalias,#hash_376eaa517cd09530
soundalias,#wpn_scepter_sheathe_plr
soundalias,#zmb_ai_stoker_land
soundalias,#wpn_scepter_plant_kill
soundalias,#fly_zombie_mantle_fast
soundalias,#hash_37b2309d9c8e0ea5
soundalias,#hash_37b2bf0b37157bf5
soundalias,#fly_step_walk_zdog_cloth
soundalias,#fly_melee_imp_hammer_flesh_npc
soundalias,#vox_kill_revenge_plr_3_10
soundalias,#vox_plr_2_exert_bludgeoned
soundalias,#fly_step_run_zdog_asphalt
soundalias,#fly_step_walk_zdog_rock
soundalias,#pfx_water_splash
soundalias,#hash_38072f752581cfd2
soundalias,#vox_barrier_rebuild_plr_4_1
soundalias,#vox_barrier_rebuild_plr_4_0
soundalias,#vox_barrier_rebuild_plr_4_3
soundalias,#vox_barrier_rebuild_plr_4_2
soundalias,#vox_barrier_rebuild_plr_4_4
soundalias,#hash_381306926fe6491f
soundalias,#hash_382b409a835eba84
soundalias,#hash_38379721ee659f1e
soundalias,#zmb_bone_move
soundalias,#fly_step_sprint_zdog_snow
soundalias,#vox_bop1_exert_sniper_hold
soundalias,#vox_m_quest_circle_appears_plr_1_0
soundalias,#vox_5_banter_scar_shaw_plr_4_1
soundalias,#vox_kill_streak_plr_2_9
soundalias,#vox_kill_streak_plr_2_8
soundalias,#vox_kill_streak_plr_2_3
soundalias,#vox_kill_streak_plr_2_2
soundalias,#vox_kill_streak_plr_2_1
soundalias,#vox_kill_streak_plr_2_0
soundalias,#vox_kill_streak_plr_2_7
soundalias,#vox_kill_streak_plr_2_6
soundalias,#vox_kill_streak_plr_2_5
soundalias,#vox_kill_streak_plr_2_4
soundalias,#wpn_viper_melee_swing_double_plr
soundalias,#hash_3875fec910bd2928
soundalias,#vox_engine_room_enter_plr_2_0
soundalias,#vox_plr_2_exert_rad_end
soundalias,#vox_gib_zombie_plr_3_4
soundalias,#vox_gib_zombie_plr_3_5
soundalias,#vox_gib_zombie_plr_3_2
soundalias,#vox_gib_zombie_plr_3_3
soundalias,#vox_gib_zombie_plr_3_0
soundalias,#vox_gib_zombie_plr_3_1
soundalias,#vox_bop4_exert_death_fall
soundalias,#hash_38a0dbfce6714429
soundalias,#fly_step_prone_zdog_cushion
soundalias,#wpn_scepter_plant_stop
soundalias,#fly_step_run_zdog_water
soundalias,#vox_scepter_activate_plr_2_2
soundalias,#vox_scepter_activate_plr_2_3
soundalias,#vox_scepter_activate_plr_2_0
soundalias,#vox_scepter_activate_plr_2_1
soundalias,#vox_scepter_activate_plr_2_4
soundalias,#fly_step_prone_zdog_glass
soundalias,#vox_blac_exert_rad_start
soundalias,#fly_step_crouch_run_zdog_cushion
soundalias,#fly_step_walk_zdog_sand
soundalias,#vox_revive_support_brun_plr_3_4
soundalias,#vox_revive_support_brun_plr_3_0
soundalias,#vox_revive_support_brun_plr_3_1
soundalias,#vox_revive_support_brun_plr_3_2
soundalias,#vox_revive_support_brun_plr_3_3
soundalias,#vox_tedd_exert_underwater_emerge_breath
soundalias,#vox_powerup_firesale_plr_2_4
soundalias,#vox_powerup_firesale_plr_2_5
soundalias,#vox_powerup_firesale_plr_2_2
soundalias,#vox_powerup_firesale_plr_2_3
soundalias,#vox_powerup_firesale_plr_2_0
soundalias,#vox_powerup_firesale_plr_2_1
soundalias,#fly_zombie_jumpland_hard_swt
soundalias,#fly_step_prone_zdog_paper
soundalias,#hash_397014717ca7373e
soundalias,#zmb_skeleton_pain
soundalias,#vox_box_launcher_plr_3_5
soundalias,#vox_box_launcher_plr_3_4
soundalias,#vox_box_launcher_plr_3_3
soundalias,#vox_box_launcher_plr_3_2
soundalias,#vox_box_launcher_plr_3_1
soundalias,#vox_box_launcher_plr_3_0
soundalias,#hash_39a21e24f8eef282
soundalias,#hash_39ac0584c78a756f
soundalias,#fly_rattle_piano
soundalias,#fly_melee_imp_chakram_metalcar
soundalias,#wpn_viper_melee_impact_swt_plr
soundalias,#hash_39d3969548550824
soundalias,#hash_39d728b999c0f020
soundalias,#vox_surrounded_oh_shit_plr_2_6
soundalias,#vox_surrounded_oh_shit_plr_2_7
soundalias,#vox_surrounded_oh_shit_plr_2_4
soundalias,#vox_surrounded_oh_shit_plr_2_5
soundalias,#vox_surrounded_oh_shit_plr_2_2
soundalias,#vox_surrounded_oh_shit_plr_2_3
soundalias,#vox_surrounded_oh_shit_plr_2_0
soundalias,#vox_surrounded_oh_shit_plr_2_1
soundalias,#vox_surrounded_oh_shit_plr_2_8
soundalias,#vox_surrounded_oh_shit_plr_2_9
soundalias,#wpn_hammer_slam_elec_npc
soundalias,#vox_solo_end_round2_plr_2_0
soundalias,#hash_39f17b728f579ac6
soundalias,#hash_3a01a420a619a8a2
soundalias,#vox_bop4_exert_punch_give
soundalias,#zmb_vocals_hellhound_ambient_anim
soundalias,#hash_3a180f4c4f1a4d19
soundalias,#vox_plr_1_exert_mant_light
soundalias,#hash_3a99f739009a77fa
soundalias,#hash_3a9a7ade1b1e0ee1
soundalias,#hash_3a9d8964fe5bfaf2
soundalias,#zmb_vocals_zombie_death_nohead
soundalias,#zmb_flare_explo
soundalias,#hash_3abe63d3d32acaa4
soundalias,#zmb_perks_packa_deny
soundalias,#vox_treasure_chest_activate_1_plr_2_0
soundalias,#vox_plr_4_exert_death
soundalias,#hash_3af16170dcb577e5
soundalias,#vox_vomit_knife_mod_react_plr_3_0
soundalias,#vox_plr_1_exert_sniper_gasp
soundalias,#vox_plr_1_exert_self_heal
soundalias,#amb_indoor_blend
soundalias,#hash_3b2996dd5aedfb50
soundalias,#fly_step_puddle_npc
soundalias,#hash_3b2c49194741ffda
soundalias,#vox_2_banter_scar_shaw_plr_1_1
soundalias,#wpn_viper_melee_impact_swt_victim
soundalias,#fly_melee_imp_scepter_plastic
soundalias,#fly_step_crouch_run_zdog_sand
soundalias,#zmb_ai_stoker_step_close
soundalias,#vox_4_banter_dieg_scar_plr_3_0
soundalias,#fly_melee_imp_galva_rock
soundalias,#vox_revive_shaw_plr_3_4
soundalias,#vox_revive_shaw_plr_3_5
soundalias,#vox_revive_shaw_plr_3_0
soundalias,#vox_revive_shaw_plr_3_1
soundalias,#vox_revive_shaw_plr_3_2
soundalias,#vox_revive_shaw_plr_3_3
soundalias,#hash_3b86a435479f2bb5
soundalias,#vox_bop5_exert_sniper_exhale
soundalias,#vox_revive_down_plr_1_3
soundalias,#vox_revive_down_plr_1_2
soundalias,#vox_revive_down_plr_1_1
soundalias,#vox_revive_down_plr_1_0
soundalias,#vox_plr_2_exert_underwater_air_low
soundalias,#vox_revive_down_plr_1_5
soundalias,#vox_revive_down_plr_1_4
soundalias,#vox_plr_3_exert_electro
soundalias,#vox_car_crash_plr_4_0
soundalias,#zmb_ai_stoker_weight
soundalias,#hash_3ba9aae66f6aa77d
soundalias,#fly_step_walk_zdog_asphalt
soundalias,#fly_golden_knife_first_raise
soundalias,#hash_3bc6c3bd34bf91b8
soundalias,#zmb_blocker_debris_lp
soundalias,#vox_crawler_kill_plr_4_1
soundalias,#vox_crawler_kill_plr_4_0
soundalias,#vox_crawler_kill_plr_4_3
soundalias,#vox_crawler_kill_plr_4_2
soundalias,#vox_crawler_kill_plr_4_4
soundalias,#wpn_scepter_melee_plr
soundalias,#vox_blac_exert_pain
soundalias,#vox_kill_explo_plr_2_3
soundalias,#vox_kill_explo_plr_2_2
soundalias,#vox_kill_explo_plr_2_1
soundalias,#vox_kill_explo_plr_2_0
soundalias,#vox_kill_explo_plr_2_4
soundalias,#hash_3beaa6c9a7c64998
soundalias,#hash_3beaa7c9a7c64b4b
soundalias,#hash_3beaa8c9a7c64cfe
soundalias,#hash_3c11c5cb7fafbbb2
soundalias,#hash_3c1473bf74e2a0f0
soundalias,#hash_3c1477bf74e2a7bc
soundalias,#hash_3c1478bf74e2a96f
soundalias,#hash_3c1479bf74e2ab22
soundalias,#hash_3c147abf74e2acd5
soundalias,#zmb_bone_grab
soundalias,#hash_3c2c3e9442d79358
soundalias,#vox_revive_brun_plr_3_4
soundalias,#vox_revive_brun_plr_3_0
soundalias,#vox_revive_brun_plr_3_1
soundalias,#vox_revive_brun_plr_3_2
soundalias,#vox_revive_brun_plr_3_3
soundalias,#vox_fish_retrieve_first_plr_4_0
soundalias,#fly_metal_plank_npc
soundalias,#hash_3c388fe926f0388f
soundalias,#hash_3c4934dafbb5efee
soundalias,#hash_3c5d15448b5aa428
soundalias,#hash_3c5d16448b5aa5db
soundalias,#hash_3c61bf4e7b20bd38
soundalias,#vox_stoker_key_pick_up_plr_3_0
soundalias,#vox_sentinel_key_plr_4_0
soundalias,#hash_3c7a727b1ca561fa
soundalias,#hash_3c7b9b222c1518b3
soundalias,#vox_1_banter_brun_shaw_plr_4_0
soundalias,#hash_3c8efffb52007668
soundalias,#hash_3c931e0d0d2b6e4a
soundalias,#vox_4_banter_dieg_shaw_plr_3_0
soundalias,#hash_3ca0e5c3b3bcda60
soundalias,#vox_box_ar_plr_2_3
soundalias,#vox_box_ar_plr_2_2
soundalias,#vox_box_ar_plr_2_1
soundalias,#vox_box_ar_plr_2_0
soundalias,#vox_box_ar_plr_2_4
soundalias,#hash_3cbc98e7ddc86b43
soundalias,#fly_melee_imp_scepter_metalcar
soundalias,#fly_step_crouch_walk_zdog_rock
soundalias,#wpn_viper_melee_swing_double_npc
soundalias,#wpn_chakram_projectile_lp
soundalias,#hash_3cda7b64c5e43336
soundalias,#hash_3ce2144650e1e3ac
soundalias,#hash_3ce2164650e1e712
soundalias,#hash_3ce2174650e1e8c5
soundalias,#hash_3ce6fa67371415f0
soundalias,#zmb_eyeball_laser_charge_swt
soundalias,#vox_box_pistol_plr_1_0
soundalias,#vox_box_pistol_plr_1_1
soundalias,#vox_box_pistol_plr_1_2
soundalias,#fly_step_crouch_walk_zdog_bark
soundalias,#hash_3d14ed72726a475a
soundalias,#vox_safecracker_pick_up_plr_1_0
soundalias,#hash_3d1a74aa3a1ce22f
soundalias,#vox_kill_melee_plr_1_2
soundalias,#vox_kill_melee_plr_1_3
soundalias,#vox_kill_melee_plr_1_0
soundalias,#vox_kill_melee_plr_1_1
soundalias,#vox_kill_melee_plr_1_6
soundalias,#vox_kill_melee_plr_1_7
soundalias,#vox_kill_melee_plr_1_4
soundalias,#vox_kill_melee_plr_1_5
soundalias,#hash_3d2e3c2f451c8e2a
soundalias,#vox_powerup_carpenter_plr_4_1
soundalias,#vox_powerup_carpenter_plr_4_0
soundalias,#vox_powerup_carpenter_plr_4_3
soundalias,#vox_powerup_carpenter_plr_4_2
soundalias,#vox_magic_box_share_plr_4_3
soundalias,#vox_magic_box_share_plr_4_2
soundalias,#vox_magic_box_share_plr_4_1
soundalias,#vox_magic_box_share_plr_4_0
soundalias,#vox_magic_box_share_plr_4_4
soundalias,#hash_3d4be542e32f2144
soundalias,#hash_3d4d41b8d5231f4e
soundalias,#hash_3d4d43b8d52322b4
soundalias,#hash_3d4d44b8d5232467
soundalias,#hash_3d4d45b8d523261a
soundalias,#hash_3d4d46b8d52327cd
soundalias,#hash_3d52d57aceee74ce
soundalias,#zmb_eyeball_laser_loop
soundalias,#hash_3d661fe1a295c10c
soundalias,#vox_plr_2_exert_rad_start
soundalias,#hash_3d6c81289918e3df
soundalias,#vox_plr_3_exert_punch_take
soundalias,#hash_3d7ba193a917b881
soundalias,#hash_3d879b8999812127
soundalias,#fly_step_crouch_walk_zdog_tallgrass
soundalias,#hash_3d8fef5997663b17
soundalias,#vox_box_react_first_plr_3_0
soundalias,#prj_air_impact_loop
soundalias,#hash_3d990f223cf8728d
soundalias,#hash_3d9dcef3d979480b
soundalias,#vox_plr_1_exert_underwater_emerge_gasp
soundalias,#fly_melee_imp_galva_plastic
soundalias,#fly_generic_ads_lower_plr
soundalias,#hash_3db4b762bc70655b
soundalias,#vox_plr_4_exert_gas_gag
soundalias,#hash_3dd3d455ab107a1e
soundalias,#hash_3dd6b2273c98fd3d
soundalias,#wpn_hammer_melee_impact_swt_victim
soundalias,#hash_3df5396258847d29
soundalias,#hash_3e0250d45fc89351
soundalias,#hash_3e0423e6ae1b4b0d
soundalias,#fly_step_walk_zdog_ceramic
soundalias,#zmb_vocals_zombie_attack_melee
soundalias,#vox_blac_exert_underwater_air_low
soundalias,#zmb_pap_plinth_light_off
soundalias,#hash_3e54901956e30c70
soundalias,#hash_3e62626113c18af9
soundalias,#vox_bop5_exert_punch_take
soundalias,#zmb_waterdrain_quad_end_fore
soundalias,#zmb_vox_monkey_raise_npc
soundalias,#hash_3e9d8c755fa909a5
soundalias,#hash_3ea4c30e74942c65
soundalias,#hash_3eab01eef538f70a
soundalias,#hash_3eac3c3c341e4070
soundalias,#vox_dieg_kill_headshot_plr_4_4
soundalias,#vox_dieg_kill_headshot_plr_4_3
soundalias,#vox_dieg_kill_headshot_plr_4_2
soundalias,#vox_dieg_kill_headshot_plr_4_1
soundalias,#vox_dieg_kill_headshot_plr_4_0
soundalias,#hash_3ec199fc28864760
soundalias,#hash_3ec19bfc28864ac6
soundalias,#hash_3ec19cfc28864c79
soundalias,#hash_3ec1f9525c5133b6
soundalias,#hash_3ecc7d1af829f0d0
soundalias,#hash_3ecc7e1af829f283
soundalias,#hash_3ecc851af829fe68
soundalias,#hash_3ecc861af82a001b
soundalias,#hash_3ecc871af82a01ce
soundalias,#hash_3ecc881af82a0381
soundalias,#hash_3ecc891af82a0534
soundalias,#hash_3ecc8a1af82a06e7
soundalias,#hash_3ecc8b1af82a089a
soundalias,#hash_3ecc8c1af82a0a4d
soundalias,#vox_bop2_exert_death_veh_under
soundalias,#fly_step_run_zdog_cloth
soundalias,#vox_bop4_exert_burn_dead
soundalias,#zmb_eyeball_laser_charge
soundalias,#vox_blightfather_weak_points_plr_1_0
soundalias,#vox_blightfather_weak_points_plr_1_1
soundalias,#vox_blightfather_weak_points_plr_1_2
soundalias,#hash_3f083cd717314926
soundalias,#vox_bop4_exert_sniper_gasp
soundalias,#hash_3f1e36ef63d6b3d5
soundalias,#wpn_hammer_bolt_explo
soundalias,#zmb_vomit_loop
soundalias,#hash_3f2febc0250ace29
soundalias,#hash_3f359e0c90ea70ee
soundalias,#fly_step_sprint_zdog_gravel
soundalias,#fly_melee_imp_scepter_riot
soundalias,#fly_step_crouch_run_zdog_glassbulletproof
soundalias,#amb_ship_groan
soundalias,#vox_tedd_exert_gas_gasp
soundalias,#hash_3f813ade2fa87e97
soundalias,#vox_berths_enter_plr_2_0
soundalias,#vox_bop5_exert_gas_gag
soundalias,#zmb_vocals_zombie_mutate
soundalias,#zmb_altar_danu_palm_lp
soundalias,#hash_3fc92ff726e73879
soundalias,#vox_bop1_exert_razor_wire
soundalias,#hash_3ff33253e6ac1ae8
soundalias,#fly_step_sprint_zdog_concrete
soundalias,#hash_40317c908287dc4c
soundalias,#vox_perk_generic_plr_3_14
soundalias,#vox_perk_generic_plr_3_12
soundalias,#vox_perk_generic_plr_3_13
soundalias,#vox_perk_generic_plr_3_10
soundalias,#vox_perk_generic_plr_3_11
soundalias,#hash_403975f99dc44ca4
soundalias,#hash_403ba8c0b5d62e30
soundalias,#vox_plr_4_exert_underwater_emerge_breath
soundalias,#hash_405207468549341c
soundalias,#vox_chakram_kill_mult_plr_2_4
soundalias,#vox_chakram_kill_mult_plr_2_1
soundalias,#vox_chakram_kill_mult_plr_2_0
soundalias,#vox_chakram_kill_mult_plr_2_3
soundalias,#vox_chakram_kill_mult_plr_2_2
soundalias,#vox_scepter_level_3_plr_1_2
soundalias,#vox_scepter_level_3_plr_1_0
soundalias,#vox_scepter_level_3_plr_1_1
soundalias,#vox_box_move_plr_4_3
soundalias,#vox_box_move_plr_4_2
soundalias,#vox_box_move_plr_4_1
soundalias,#vox_box_move_plr_4_0
soundalias,#hash_4086389ce7de4a81
soundalias,#hash_408c249d1188012a
soundalias,#hash_408d03c3618bff24
soundalias,#hash_409aacc54a1939d1
soundalias,#hash_409bd11382c2e617
soundalias,#vox_3_banter_brun_scar_plr_1_1
soundalias,#vox_plr_1_exert_burn_dmg
soundalias,#fly_melee_imp_chakram_npc_glass
soundalias,#vox_3_banter_dieg_shaw_plr_3_0
soundalias,#hash_40d3baad4b103e04
soundalias,#vox_4_banter_brun_scar_plr_2_0
soundalias,#hash_40e3c7e9bc9f68df
soundalias,#vox_plr_2_exert_pain
soundalias,#fly_generic_down_npc
soundalias,#vox_ee_diary_scar_shaw_plr_4_10
soundalias,#vox_ee_diary_scar_shaw_plr_4_12
soundalias,#vox_ee_diary_scar_shaw_plr_4_14
soundalias,#vox_ee_diary_scar_shaw_plr_4_16
soundalias,#hash_40f93f81c44b9e40
soundalias,#zmb_eyeball_arrive_lfe
soundalias,#exp_tricannon_fire_swt
soundalias,#fly_zombie_jumpland_hard
soundalias,#fly_step_prone_zdog_plaster
soundalias,#hash_411130c0c31e4a39
soundalias,#fly_dog_step_run_default
soundalias,#hash_4129cf9133e09d53
soundalias,#vox_plr_1_exert_underwater_emerge_breath
soundalias,#fly_step_prone_zdog_plastic
soundalias,#vox_plr_3_exert_mant_light
soundalias,#vox_hammer_kill_plr_1_0
soundalias,#vox_hammer_kill_plr_1_1
soundalias,#vox_hammer_kill_plr_1_2
soundalias,#vox_hammer_kill_plr_1_3
soundalias,#vox_elixir_drink_plr_3_9
soundalias,#vox_elixir_drink_plr_3_8
soundalias,#vox_elixir_drink_plr_3_7
soundalias,#vox_elixir_drink_plr_3_6
soundalias,#vox_elixir_drink_plr_3_5
soundalias,#vox_elixir_drink_plr_3_4
soundalias,#vox_elixir_drink_plr_3_3
soundalias,#vox_elixir_drink_plr_3_2
soundalias,#vox_elixir_drink_plr_3_1
soundalias,#vox_elixir_drink_plr_3_0
soundalias,#hash_41517b15c6c56e59
soundalias,#zmb_eyeball_swrath_burst_lfe
soundalias,#vox_tedd_exert_rad_start
soundalias,#vox_treasure_chest_activate_2_plr_1_0
soundalias,#fly_step_sprint_zdog_foliage
soundalias,#fly_step_crouch_run_zdog_fruit
soundalias,#vox_altar_activate_generic_plr_3_2
soundalias,#vox_altar_activate_generic_plr_3_1
soundalias,#vox_altar_activate_generic_plr_3_0
soundalias,#hash_41fe70e9f247be41
soundalias,#zmb_crafting_success
soundalias,#hash_422e8e30569e0d0b
soundalias,#vox_treasure_chest_activate_1_plr_3_0
soundalias,#vox_vomit_knife_mod_react_plr_2_0
soundalias,#fly_step_prone_zdog_default
soundalias,#hash_42672ecc69a0efb1
soundalias,#zmb_vomit_splash
soundalias,#hash_429b3e87c953ccb8
soundalias,#hash_429b4087c953d01e
soundalias,#hash_429b4187c953d1d1
soundalias,#hash_42a0e2c70dd50b92
soundalias,#vox_bop3_exert_death_veh_hit
soundalias,#hash_42c83d8917292d22
soundalias,#vox_bop5_exert_sniper_gasp
soundalias,#vox_ee_order_alis_0
soundalias,#vox_blac_exert_gas_gasp
soundalias,#vox_plr_1_outro_igc_5_5
soundalias,#vox_2_banter_brun_shaw_plr_2_0
soundalias,#hash_42efef53d17e020f
soundalias,#zmb_fish_drop
soundalias,#fly_step_sprint_zdog_bark
soundalias,#wpn_assault_dryfire_plr
soundalias,#vox_plr_4_exert_punch_take
soundalias,#amb_blood_splatter
soundalias,#vox_kill_streak_plr_3_2
soundalias,#vox_kill_streak_plr_3_3
soundalias,#vox_kill_streak_plr_3_0
soundalias,#vox_kill_streak_plr_3_1
soundalias,#vox_kill_streak_plr_3_6
soundalias,#vox_kill_streak_plr_3_7
soundalias,#vox_kill_streak_plr_3_4
soundalias,#vox_kill_streak_plr_3_5
soundalias,#vox_kill_streak_plr_3_8
soundalias,#vox_kill_streak_plr_3_9
soundalias,#hash_4332e54b12b06564
soundalias,#vox_engine_room_enter_plr_3_0
soundalias,#hash_433549ddd805d9bd
soundalias,#hash_4339dbc9ab8865a7
soundalias,#hash_4339dcc9ab88675a
soundalias,#hash_4339ddc9ab88690d
soundalias,#fly_melee_imp_hammer_glass
soundalias,#hash_4359cbda82766edc
soundalias,#wpn_scepter_melee_impact_victim
soundalias,#vox_blac_exert_suppressed
soundalias,#fly_step_sprint_zdog_plastic
soundalias,#vox_box_launcher_plr_2_4
soundalias,#vox_box_launcher_plr_2_2
soundalias,#vox_box_launcher_plr_2_3
soundalias,#vox_box_launcher_plr_2_0
soundalias,#vox_box_launcher_plr_2_1
soundalias,#fly_step_sprint_zdog_plaster
soundalias,#vox_ee_prima_materia_alis_0
soundalias,#vox_ee_prima_materia_alis_1
soundalias,#vox_assemble_rocketshield_plr_1_1
soundalias,#vox_assemble_rocketshield_plr_1_0
soundalias,#vox_assemble_rocketshield_plr_1_2
soundalias,#hash_438f2d5ae988ac37
soundalias,#vox_decay_react_plr_4_0
soundalias,#hash_43afa67fdd3d5468
soundalias,#vox_stoker_key_pick_up_plr_2_0
soundalias,#zmb_flare_arrive
soundalias,#vox_bop2_exert_electro
soundalias,#hash_43cfbbee98fb0071
soundalias,#vox_3_banter_brun_shaw_plr_4_0
soundalias,#vox_kill_explo_plr_3_2
soundalias,#vox_kill_explo_plr_3_3
soundalias,#vox_kill_explo_plr_3_0
soundalias,#vox_kill_explo_plr_3_1
soundalias,#vox_kill_explo_plr_3_4
soundalias,#hash_4408c5d6997e0630
soundalias,#vox_bop3_exert_burn_dead
soundalias,#fly_step_crouch_run_zdog_ice
soundalias,#vox_tedd_exert_concuss
soundalias,#fly_step_walk_zdog_snow
soundalias,#vox_box_pistol_plr_2_4
soundalias,#vox_box_pistol_plr_2_3
soundalias,#vox_box_pistol_plr_2_2
soundalias,#vox_box_pistol_plr_2_1
soundalias,#vox_box_pistol_plr_2_0
soundalias,#vox_tedd_exert_death_veh_hit
soundalias,#hash_443f13b1949f33b8
soundalias,#hash_44400c488e1e8a8d
soundalias,#fly_step_sprint_zdog_rock
soundalias,#hash_4450c12a6a4528df
soundalias,#vox_powerup_bonus_plr_1_1
soundalias,#vox_powerup_bonus_plr_1_0
soundalias,#vox_powerup_bonus_plr_1_3
soundalias,#vox_powerup_bonus_plr_1_2
soundalias,#vox_powerup_bonus_plr_1_4
soundalias,#fly_step_crouch_walk_zdog_brick
soundalias,#hash_44848af090dbba51
soundalias,#hash_4487a8cfa9a5a5da
soundalias,#vox_bop2_exert_explo_dead
soundalias,#vox_perk_generic_plr_4_13
soundalias,#vox_perk_generic_plr_4_12
soundalias,#vox_perk_generic_plr_4_11
soundalias,#vox_perk_generic_plr_4_10
soundalias,#vox_perk_generic_plr_4_16
soundalias,#vox_perk_generic_plr_4_15
soundalias,#vox_perk_generic_plr_4_14
soundalias,#hash_44b705b5bfbbb4dc
soundalias,#hash_44c65adb3b6f2576
soundalias,#wpn_dragon_close_decay
soundalias,#vox_box_ar_plr_3_2
soundalias,#vox_box_ar_plr_3_3
soundalias,#vox_box_ar_plr_3_0
soundalias,#vox_box_ar_plr_3_1
soundalias,#vox_box_ar_plr_3_4
soundalias,#vox_blac_exert_underwater_pain
soundalias,#hash_44d51c9753d17a7a
soundalias,#hash_44f26391e2da9d7f
soundalias,#vox_plr_3_exert_suppressed
soundalias,#vox_tedd_exert_blind
soundalias,#hash_44fb419c0ec4f639
soundalias,#wpn_hammer_melee_impact_plr
soundalias,#vox_bop4_exert_electro
soundalias,#zmb_monkeybomb_song
soundalias,#hash_45110e3b69c3282e
soundalias,#hash_451155be4f9a7eaa
soundalias,#hash_453bd80432d8f383
soundalias,#fly_step_walk_zdog_default
soundalias,#fly_melee_imp_galva_npc_glass
soundalias,#prj_air_impact
soundalias,#hash_4550e8d46389a499
soundalias,#hash_4552c06505014367
soundalias,#hash_455548304f7d8165
soundalias,#wpn_hammer_melee_elec_plr
soundalias,#hash_458647ea6251e886
soundalias,#vox_dieg_surrounded_oh_shit_plr_4_2
soundalias,#vox_dieg_surrounded_oh_shit_plr_4_3
soundalias,#vox_dieg_surrounded_oh_shit_plr_4_0
soundalias,#vox_dieg_surrounded_oh_shit_plr_4_1
soundalias,#vox_dieg_surrounded_oh_shit_plr_4_4
soundalias,#hash_458f9052ae9b894d
soundalias,#hash_4594b9289d92f5c7
soundalias,#hash_45979019387072dc
soundalias,#fly_step_sprint_zdog_water
soundalias,#hash_45a859394a1f455f
soundalias,#hash_45a87a32ed98445a
soundalias,#vox_shield_upgrade_pick_up_plr_4_0
soundalias,#vox_dieg_kill_streak_plr_2_1
soundalias,#vox_dieg_kill_streak_plr_2_0
soundalias,#vox_dieg_kill_streak_plr_2_3
soundalias,#vox_dieg_kill_streak_plr_2_2
soundalias,#vox_dieg_kill_streak_plr_2_5
soundalias,#vox_dieg_kill_streak_plr_2_4
soundalias,#vox_bop5_exert_punch_give
soundalias,#vox_plr_3_exert_pain
soundalias,#hash_4623f6e22392d35f
soundalias,#hash_462556cbd2d38d08
soundalias,#hash_4626935765df7206
soundalias,#vox_plr_4_exert_death_veh_fly
soundalias,#vox_car_crash_plr_3_0
soundalias,#vox_sentinel_key_plr_3_0
soundalias,#hash_466131d939b1f70d
soundalias,#fly_zombie_mantle_slow
soundalias,#vox_pickup_rocketshield_plr_4_0
soundalias,#vox_pickup_rocketshield_plr_4_1
soundalias,#vox_pickup_rocketshield_plr_4_2
soundalias,#vox_chakram_kill_mult_plr_3_4
soundalias,#vox_chakram_kill_mult_plr_3_0
soundalias,#vox_chakram_kill_mult_plr_3_1
soundalias,#vox_chakram_kill_mult_plr_3_2
soundalias,#vox_chakram_kill_mult_plr_3_3
soundalias,#vox_plr_1_exert_breath_hurt
soundalias,#prj_tricannon_fire_lp
soundalias,#vox_plr_1_exert_punch_take
soundalias,#hash_46ffb5d9f0cc93bf
soundalias,#hash_4717c666d8a921e2
soundalias,#wpn_rifle_dryfire_npc
soundalias,#vox_bop3_exert_rad_start
soundalias,#hash_474e149664b1d903
soundalias,#vox_brun_kill_streak_plr_3_0
soundalias,#vox_brun_kill_streak_plr_3_1
soundalias,#vox_brun_kill_streak_plr_3_2
soundalias,#vox_brun_kill_streak_plr_3_3
soundalias,#vox_brun_kill_streak_plr_3_4
soundalias,#vox_blac_exert_gas_cough
soundalias,#hash_475625a06fafce14
soundalias,#hash_47582f1f5f7e4779
soundalias,#vox_bop4_exert_pain
soundalias,#wpn_hammer_first_raise_lvl3_plr
soundalias,#hash_47a38a46f81d867c
soundalias,#hash_47aa0fa4a084903b
soundalias,#fly_step_crouch_run_zdog_glasscar
soundalias,#hash_47aca0d306a8ffdc
soundalias,#hash_47b1d1906537993a
soundalias,#vox_elixir_drink_plr_2_6
soundalias,#vox_elixir_drink_plr_2_7
soundalias,#vox_elixir_drink_plr_2_4
soundalias,#vox_elixir_drink_plr_2_5
soundalias,#vox_elixir_drink_plr_2_2
soundalias,#vox_elixir_drink_plr_2_3
soundalias,#vox_elixir_drink_plr_2_0
soundalias,#vox_elixir_drink_plr_2_1
soundalias,#vox_elixir_drink_plr_2_8
soundalias,#vox_elixir_drink_plr_2_9
soundalias,#hash_47e99cb032e717ed
soundalias,#vox_plr_3_exert_underwater_pain
soundalias,#vox_plr_1_exert_pain
soundalias,#hash_47f9503151af5e71
soundalias,#hash_480e1f7a5e8631cb
soundalias,#vox_fish_reward_comp_plr_4_0
soundalias,#hash_4829b94921595ecc
soundalias,#vox_treasure_chest_activate_3_plr_4_0
soundalias,#vox_box_react_first_plr_2_0
soundalias,#fly_step_prone_zdog_carpet
soundalias,#vox_box_tactical_plr_1_2
soundalias,#vox_box_tactical_plr_1_3
soundalias,#vox_box_tactical_plr_1_0
soundalias,#vox_box_tactical_plr_1_1
soundalias,#vox_box_tactical_plr_1_4
soundalias,#fly_step_run_zdog_metalcar
soundalias,#hash_4857eadf6e394309
soundalias,#vox_tedd_exert_pain
soundalias,#hash_485fe6c0c6df8e7b
soundalias,#fly_step_crouch_run_zdog_watershallow
soundalias,#vox_plr_4_exert_sniper_hold
soundalias,#fly_step_walk_zdog_watershallow
soundalias,#vox_hammer_kill_plr_2_3
soundalias,#vox_hammer_kill_plr_2_2
soundalias,#vox_hammer_kill_plr_2_1
soundalias,#vox_hammer_kill_plr_2_0
soundalias,#vox_hammer_kill_plr_2_4
soundalias,#fly_step_prone_zdog_metalthin
soundalias,#fly_step_walk_zdog_glassbulletproof
soundalias,#fly_step_walk_zdog_metal
soundalias,#hash_48af8239068e44f2
soundalias,#wpn_hammer_melee_plr
soundalias,#hash_48e05ff4b42fd00f
soundalias,#hash_48e173bc57606823
soundalias,#zmb_vocals_stoker_ambient
soundalias,#hash_48fba595fbad5271
soundalias,#hash_48fe2a22d51f87ea
soundalias,#hash_490ee8818bb2ea64
soundalias,#amb_fire_sml
soundalias,#vox_tedd_exert_stabbed
soundalias,#hash_4947f04b2d92c698
soundalias,#vox_generic_responses_positive_plr_4_8
soundalias,#vox_generic_responses_positive_plr_4_9
soundalias,#vox_generic_responses_positive_plr_4_2
soundalias,#vox_generic_responses_positive_plr_4_3
soundalias,#vox_generic_responses_positive_plr_4_0
soundalias,#vox_generic_responses_positive_plr_4_1
soundalias,#vox_generic_responses_positive_plr_4_6
soundalias,#vox_generic_responses_positive_plr_4_7
soundalias,#vox_generic_responses_positive_plr_4_4
soundalias,#vox_generic_responses_positive_plr_4_5
soundalias,#hash_49743a35f38f71c6
soundalias,#hash_49743b35f38f7379
soundalias,#hash_49744035f38f7bf8
soundalias,#hash_49744135f38f7dab
soundalias,#hash_49744235f38f7f5e
soundalias,#hash_49744335f38f8111
soundalias,#hash_49744435f38f82c4
soundalias,#hash_49744535f38f8477
soundalias,#hash_49744635f38f862a
soundalias,#hash_49744735f38f87dd
soundalias,#vox_hammer_level_2_plr_4_0
soundalias,#vox_hammer_level_2_plr_4_1
soundalias,#vox_hammer_level_2_plr_4_2
soundalias,#hash_49750d2bbfa454d0
soundalias,#hash_49750e2bbfa45683
soundalias,#hash_49750f2bbfa45836
soundalias,#vox_1_banter_scar_shaw_plr_4_1
soundalias,#hash_497651fc2f2ab808
soundalias,#hash_497652fc2f2ab9bb
soundalias,#hash_497654fc2f2abd21
soundalias,#vox_m_quest_circle_appears_plr_3_1
soundalias,#hash_497fe8b43d4bbcf7
soundalias,#hash_498d9db47f00d663
soundalias,#hash_4995d012e2df3193
soundalias,#fly_melee_imp_galva_metalcar
soundalias,#hash_49a7a1d40cf917e8
soundalias,#hash_49a99f39007f7039
soundalias,#zmb_vocals_stoker_enrage
soundalias,#vox_blightfather_weak_points_plr_2_2
soundalias,#vox_blightfather_weak_points_plr_2_1
soundalias,#vox_blightfather_weak_points_plr_2_0
soundalias,#fly_step_loose_tile_npc
soundalias,#hash_49c3da536100a9c8
soundalias,#hash_49c63b1bf78af2bc
soundalias,#hash_49c65e9234b3bdf0
soundalias,#hash_49d2ecef6a7b2117
soundalias,#vox_attacked_zombie_plr_1_1
soundalias,#vox_attacked_zombie_plr_1_0
soundalias,#vox_attacked_zombie_plr_1_3
soundalias,#vox_attacked_zombie_plr_1_2
soundalias,#vox_attacked_zombie_plr_1_5
soundalias,#vox_attacked_zombie_plr_1_4
soundalias,#vox_attacked_zombie_plr_1_7
soundalias,#vox_attacked_zombie_plr_1_6
soundalias,#vox_attacked_zombie_plr_1_8
soundalias,#fly_step_crouch_walk_zdog_asphalt
soundalias,#vox_plr_4_exert_explo_dead
soundalias,#fly_step_crouch_walk_zdog_watershallow
soundalias,#fly_step_prone_zdog_flesh
soundalias,#vox_pap_activate_plr_4_0
soundalias,#hash_4a35af42af4de3fa
soundalias,#vox_berths_enter_plr_3_0
soundalias,#zmb_vocals_hellhound_ambient_loud
soundalias,#vox_revive_support_brun_plr_1_2
soundalias,#vox_revive_support_brun_plr_1_3
soundalias,#vox_revive_support_brun_plr_1_0
soundalias,#vox_revive_support_brun_plr_1_1
soundalias,#vox_revive_support_brun_plr_1_4
soundalias,#vox_plr_3_exert_underwater_emerge_breath
soundalias,#hash_4a4aded9cceccb4c
soundalias,#vox_tedd_exert_suppressed
soundalias,#fly_step_sprint_zdog_bodyarmor
soundalias,#zmb_box_song
soundalias,#vox_vomit_knife_mod_react_plr_1_0
soundalias,#hash_4a75dfd44b715890
soundalias,#wpn_scepter_melee_impact_swt_victim
soundalias,#fly_melee_imp_hammer_riot
soundalias,#vox_box_sniper_plr_4_4
soundalias,#vox_box_sniper_plr_4_1
soundalias,#vox_box_sniper_plr_4_0
soundalias,#vox_box_sniper_plr_4_3
soundalias,#vox_box_sniper_plr_4_2
soundalias,#zmb_monkeybomb_cymbal_lp
soundalias,#fly_step_run_zdog_dirt
soundalias,#hash_4ad1825ba9f616c4
soundalias,#zmb_eyeball_vox_intro_s1
soundalias,#zmb_eyeball_vox_intro_s2
soundalias,#zmb_eyeball_vox_intro_s3
soundalias,#zmb_eyeball_vox_intro_s4
soundalias,#zmb_eyeball_vox_intro_s5
soundalias,#amb_dyn_light_lp
soundalias,#hash_4b0b0c6354b28654
soundalias,#vox_solo_end_round2_plr_4_0
soundalias,#prj_earth_impact
soundalias,#vox_bop5_exert_death_veh_fly
soundalias,#hash_4b358bd3931ede8e
soundalias,#hash_4b3c8234832c799e
soundalias,#fly_melee_imp_chakram
soundalias,#vox_kill_streak_plr_4_9
soundalias,#vox_kill_streak_plr_4_8
soundalias,#vox_kill_streak_plr_4_1
soundalias,#vox_kill_streak_plr_4_0
soundalias,#vox_kill_streak_plr_4_3
soundalias,#vox_kill_streak_plr_4_2
soundalias,#vox_kill_streak_plr_4_5
soundalias,#vox_kill_streak_plr_4_4
soundalias,#vox_kill_streak_plr_4_7
soundalias,#vox_kill_streak_plr_4_6
soundalias,#vox_kill_explo_plr_4_1
soundalias,#vox_kill_explo_plr_4_0
soundalias,#vox_kill_explo_plr_4_3
soundalias,#vox_kill_explo_plr_4_2
soundalias,#vox_kill_explo_plr_4_4
soundalias,#hash_4b624dad2a08a6cd
soundalias,#hash_4b681a91e5e3f2b4
soundalias,#hash_4b7900412fb580e4
soundalias,#hash_4b7901412fb58297
soundalias,#hash_4b7902412fb5844a
soundalias,#fly_step_prone_zdog_watershallow
soundalias,#fly_step_crouch_walk_zdog_sand
soundalias,#hash_4b8f5da922f38e16
soundalias,#zmb_hit_piano
soundalias,#vox_altar_activate_generic_plr_2_2
soundalias,#vox_altar_activate_generic_plr_2_0
soundalias,#vox_altar_activate_generic_plr_2_1
soundalias,#hash_4bb125f7277d838a
soundalias,#vox_scepter_activate_plr_4_0
soundalias,#vox_scepter_activate_plr_4_1
soundalias,#vox_scepter_activate_plr_4_2
soundalias,#vox_scepter_activate_plr_4_3
soundalias,#vox_scepter_activate_plr_4_4
soundalias,#hash_4bc2bad985ecbd3f
soundalias,#vox_plr_3_exert_sniper_exhale
soundalias,#vox_blac_exert_death_veh
soundalias,#zmb_blocker_debris_purchase
soundalias,#hash_4bee60b68c12edf1
soundalias,#hash_4c00064d849209ae
soundalias,#vox_box_ar_plr_4_1
soundalias,#vox_box_ar_plr_4_0
soundalias,#vox_box_ar_plr_4_3
soundalias,#vox_box_ar_plr_4_2
soundalias,#vox_box_ar_plr_4_4
soundalias,#vox_plr_4_exert_mant_light
soundalias,#hash_4c33dd6270ac189a
soundalias,#hash_4c436c7624408266
soundalias,#vox_stoker_react_plr_1_1
soundalias,#vox_stoker_react_plr_1_0
soundalias,#vox_stoker_react_plr_1_3
soundalias,#vox_stoker_react_plr_1_2
soundalias,#vox_stoker_react_plr_1_4
soundalias,#hash_4c73701cb213ceed
soundalias,#fly_step_run_zdog_fruit
soundalias,#vox_solo_end_round1_plr_4_0
soundalias,#vox_bom1_exert_rad_start
soundalias,#vox_4_banter_dieg_scar_plr_1_1
soundalias,#vox_car_crash_plr_2_0
soundalias,#hash_4ce0d89fd6f88682
soundalias,#hash_4ce3a5305d431f20
soundalias,#hash_4cf18ee358ca7385
soundalias,#vox_decay_gas_react_plr_4_4
soundalias,#vox_decay_gas_react_plr_4_0
soundalias,#vox_decay_gas_react_plr_4_1
soundalias,#vox_decay_gas_react_plr_4_2
soundalias,#vox_decay_gas_react_plr_4_3
soundalias,#vox_plr_3_exert_gas_gag
soundalias,#vox_bop3_exert_underwater_emerge_breath
soundalias,#vox_revive_shaw_plr_1_2
soundalias,#vox_revive_shaw_plr_1_3
soundalias,#vox_revive_shaw_plr_1_0
soundalias,#vox_revive_shaw_plr_1_1
soundalias,#vox_revive_shaw_plr_1_4
soundalias,#vox_plr_4_outro_igc_4_4
soundalias,#zmb_vomit_loop_vox
soundalias,#hash_4d8c59e8434e13c0
soundalias,#hash_4d8d4582477aca1b
soundalias,#vox_plr_4_exert_sniper_gasp
soundalias,#hash_4d972c4ea58ca9eb
soundalias,#vox_sentinel_key_plr_2_0
soundalias,#vox_1_banter_brun_shaw_plr_2_1
soundalias,#vox_kill_revenge_plr_4_9
soundalias,#vox_kill_revenge_plr_4_8
soundalias,#vox_kill_revenge_plr_4_5
soundalias,#vox_kill_revenge_plr_4_4
soundalias,#vox_kill_revenge_plr_4_7
soundalias,#vox_kill_revenge_plr_4_6
soundalias,#vox_kill_revenge_plr_4_1
soundalias,#vox_kill_revenge_plr_4_0
soundalias,#vox_kill_revenge_plr_4_3
soundalias,#vox_kill_revenge_plr_4_2
soundalias,#hash_4dba6b9ac80d1ec1
soundalias,#fly_generic_ads_plr
soundalias,#hash_4dd7e4d5320a2bc3
soundalias,#vox_bop4_exert_underwater_emerge_gasp
soundalias,#fly_step_run_zdog_cushion
soundalias,#hash_4e2d16bd4ae0c8d1
soundalias,#fly_step_run_zdog_ceramic
soundalias,#hash_4e4e8a01565e380a
soundalias,#wpn_viper_melee_retract_double_npc
soundalias,#vox_scepter_kill_plr_4_4
soundalias,#vox_scepter_kill_plr_4_3
soundalias,#vox_scepter_kill_plr_4_2
soundalias,#vox_scepter_kill_plr_4_1
soundalias,#vox_scepter_kill_plr_4_0
soundalias,#vox_magic_box_share_plr_2_1
soundalias,#vox_magic_box_share_plr_2_0
soundalias,#vox_magic_box_share_plr_2_3
soundalias,#vox_magic_box_share_plr_2_2
soundalias,#vox_magic_box_share_plr_2_4
soundalias,#vox_tedd_exert_breath_hurt
soundalias,#vox_bop3_exert_punch_take
soundalias,#zmb_shield_land
soundalias,#hash_4e8805c7d4d809c1
soundalias,#vox_bop1_exert_blind
soundalias,#vox_plr_1_exert_underwater_pain
soundalias,#fly_melee_imp_scepter_npc_rock
soundalias,#vox_lounge_enter_plr_4_0
soundalias,#hash_4ee4ffe12c6dc572
soundalias,#fly_melee_imp_chakram_flesh
soundalias,#vox_box_pistol_plr_3_4
soundalias,#vox_box_pistol_plr_3_5
soundalias,#vox_box_pistol_plr_3_2
soundalias,#vox_box_pistol_plr_3_3
soundalias,#vox_box_pistol_plr_3_0
soundalias,#vox_box_pistol_plr_3_1
soundalias,#hash_4ef1c3bf8001c6a0
soundalias,#hash_4ef1c4bf8001c853
soundalias,#hash_4ef1c5bf8001ca06
soundalias,#hash_4ef1c6bf8001cbb9
soundalias,#hash_4ef1c9bf8001d0d2
soundalias,#vox_scar_surrounded_oh_shit_plr_4_4
soundalias,#vox_scar_surrounded_oh_shit_plr_4_5
soundalias,#vox_scar_surrounded_oh_shit_plr_4_0
soundalias,#vox_scar_surrounded_oh_shit_plr_4_1
soundalias,#vox_scar_surrounded_oh_shit_plr_4_2
soundalias,#vox_scar_surrounded_oh_shit_plr_4_3
soundalias,#vox_ammo_buy_plr_1_0
soundalias,#vox_ammo_buy_plr_1_1
soundalias,#vox_ammo_buy_plr_1_2
soundalias,#vox_revive_brun_plr_1_2
soundalias,#vox_revive_brun_plr_1_3
soundalias,#vox_revive_brun_plr_1_0
soundalias,#vox_revive_brun_plr_1_1
soundalias,#vox_revive_brun_plr_1_4
soundalias,#vox_revive_brun_plr_1_5
soundalias,#hash_4f15b954359cc303
soundalias,#vox_plr_4_exert_suppressed
soundalias,#hash_4f378ff1bae02961
soundalias,#vox_blac_exert_underwater_emerge_breath
soundalias,#vox_tedd_exert_mant_light
soundalias,#vox_plr_1_exert_underwater_air_low
soundalias,#hash_4f78bd85d9a43e3c
soundalias,#pfx_blood_drip
soundalias,#wpn_chakram_melee_plr
soundalias,#vox_perk_generic_plr_1_5
soundalias,#vox_perk_generic_plr_1_4
soundalias,#vox_perk_generic_plr_1_7
soundalias,#vox_perk_generic_plr_1_6
soundalias,#vox_perk_generic_plr_1_1
soundalias,#vox_perk_generic_plr_1_0
soundalias,#vox_perk_generic_plr_1_3
soundalias,#vox_perk_generic_plr_1_2
soundalias,#vox_perk_generic_plr_1_9
soundalias,#vox_perk_generic_plr_1_8
soundalias,#hash_4f966eea00afff58
soundalias,#hash_4fa11f98ec24cf9c
soundalias,#hash_4fa6f12a2247af99
soundalias,#fly_melee_imp_scepter_npc_glass
soundalias,#hash_4fb3ffd4bbb1a55c
soundalias,#hash_4fb402d4bbb1aa75
soundalias,#vox_revive_dieg_plr_2_4
soundalias,#vox_revive_dieg_plr_2_1
soundalias,#vox_revive_dieg_plr_2_0
soundalias,#vox_revive_dieg_plr_2_3
soundalias,#vox_revive_dieg_plr_2_2
soundalias,#hash_4ffd8ac85d3a7cbb
soundalias,#hash_50061cd46a2ee7f5
soundalias,#vox_destroy_rocketshield_plr_4_0
soundalias,#vox_destroy_rocketshield_plr_4_1
soundalias,#vox_destroy_rocketshield_plr_4_2
soundalias,#fly_step_crouch_walk_zdog_bodyarmor
soundalias,#fly_step_run_zdog_ice
soundalias,#hash_502a0297a359206a
soundalias,#hash_50373780e60052ca
soundalias,#hash_5040525e8af4917d
soundalias,#vox_plr_2_exert_sniper_gasp
soundalias,#hash_5049cc28a4380110
soundalias,#fly_melee_imp_hammer_npc_metal
soundalias,#hash_505e3186f7b0cfcb
soundalias,#vox_ee_diary_first_disc_1
soundalias,#vox_ee_diary_first_disc_0
soundalias,#vox_ee_diary_first_disc_2
soundalias,#hash_5069ed8fdae493ce
soundalias,#zmb_electrocute_zombie_swt
soundalias,#fly_step_run_zdog_default
soundalias,#fly_melee_imp_galva_npc_rock
soundalias,#amb_engine_lp
soundalias,#hash_509756d0fbd7b460
soundalias,#hash_509abffc8a3afd07
soundalias,#hash_50c3c22bc365975f
soundalias,#hash_50c3c32bc3659912
soundalias,#hash_50c3c42bc3659ac5
soundalias,#vox_plr_1_exert_punch_give
soundalias,#hash_50dc77fec1759941
soundalias,#vox_engine_room_alarm_plr_4_0
soundalias,#vox_blightfather_weak_points_plr_3_2
soundalias,#vox_blightfather_weak_points_plr_3_0
soundalias,#vox_blightfather_weak_points_plr_3_1
soundalias,#hash_512fb761a53cd3c8
soundalias,#wpn_viper_bite_activate_npc
soundalias,#hash_5159cbaea0605f74
soundalias,#hash_516083f9ceeab414
soundalias,#fly_step_walk_zdog_grass
soundalias,#vox_bop3_exert_sniper_gasp
soundalias,#hash_5178a45df9ddf60d
soundalias,#vox_generic_responses_positive_plr_3_1
soundalias,#vox_generic_responses_positive_plr_3_0
soundalias,#vox_generic_responses_positive_plr_3_3
soundalias,#vox_generic_responses_positive_plr_3_2
soundalias,#vox_generic_responses_positive_plr_3_5
soundalias,#vox_generic_responses_positive_plr_3_4
soundalias,#vox_generic_responses_positive_plr_3_7
soundalias,#vox_generic_responses_positive_plr_3_6
soundalias,#vox_generic_responses_positive_plr_3_9
soundalias,#vox_generic_responses_positive_plr_3_8
soundalias,#fly_step_sprint_zdog_glasscar
soundalias,#fly_melee_imp_chakram_npc_riot
soundalias,#vox_plr_1_exert_blind
soundalias,#vox_bof2_exert_rad_dmg
soundalias,#hash_51de8795c89de25a
soundalias,#vox_box_interact_first_plr_4_0
soundalias,#vox_solo_game_start_plr_2_0
soundalias,#vox_plr_3_exert_punch_give
soundalias,#vox_m_quest_cat_sentinel_plr_1_0
soundalias,#hash_51f56d21fa70d946
soundalias,#fly_melee_imp_hammer_metal
soundalias,#vox_plr_2_exert_gas_cough
soundalias,#vox_shaw_kill_headshot_plr_2_4
soundalias,#vox_shaw_kill_headshot_plr_2_1
soundalias,#vox_shaw_kill_headshot_plr_2_0
soundalias,#vox_shaw_kill_headshot_plr_2_3
soundalias,#vox_shaw_kill_headshot_plr_2_2
soundalias,#vox_bop1_exert_underwater_emerge_gasp
soundalias,#wpn_hammer_sheathe_npc
soundalias,#hash_52407300ef648e59
soundalias,#fly_step_crouch_run_zdog_glass
soundalias,#hash_5265e42288d5b3fa
soundalias,#vox_hammer_kill_plr_3_2
soundalias,#vox_hammer_kill_plr_3_3
soundalias,#vox_hammer_kill_plr_3_0
soundalias,#vox_hammer_kill_plr_3_1
soundalias,#vox_hammer_kill_plr_3_4
soundalias,#zmb_valve_turn
soundalias,#vox_bom3_exert_rad_start
soundalias,#hash_527eea74ab1a923e
soundalias,#hash_52a476d8dd990a18
soundalias,#zmb_fasttravel_teleport_end_npc
soundalias,#vox_bop1_exert_burn_dmg
soundalias,#zmb_vocals_zombie_sprint
soundalias,#hash_52bb76830aaa9c37
soundalias,#vox_bop1_exert_gas_gasp
soundalias,#fly_zombie_hand
soundalias,#hash_52e2d9956279a529
soundalias,#hash_52f63f432fef8ffc
soundalias,#vox_assemble_rocketshield_plr_3_2
soundalias,#vox_assemble_rocketshield_plr_3_1
soundalias,#vox_assemble_rocketshield_plr_3_0
soundalias,#fly_reload_wpn_grab
soundalias,#hash_530bca9955807e90
soundalias,#vox_plr_4_exert_underwater_emerge_gasp
soundalias,#hash_5327e1cb9f6de8ca
soundalias,#vox_viper_dragon_ready_plr_4_0
soundalias,#vox_viper_dragon_ready_plr_4_1
soundalias,#vox_viper_dragon_ready_plr_4_2
soundalias,#wpn_hammer_electrocution_loop
soundalias,#wpn_rgun_exp_flux_r
soundalias,#wpn_rgun_exp_flux_l
soundalias,#vox_radiant_scream_react_plr_1_4
soundalias,#vox_radiant_scream_react_plr_1_0
soundalias,#vox_radiant_scream_react_plr_1_1
soundalias,#vox_radiant_scream_react_plr_1_2
soundalias,#vox_radiant_scream_react_plr_1_3
soundalias,#mus_location_underwater_intro
soundalias,#hash_53d43a46bc0ebcd8
soundalias,#amb_phonograph
soundalias,#hash_53ea8207208023e0
soundalias,#hash_53ea8507208028f9
soundalias,#hash_53f8a70357ec0da8
soundalias,#vox_plr_4_exert_pain
soundalias,#fly_step_prone_zdog_gravel
soundalias,#vox_4_banter_scar_shaw_plr_1_0
soundalias,#zmb_hellhound_explode
soundalias,#vox_m_quest_circle_appears_plr_2_2
soundalias,#zmb_waterdrain_quad_start_fore
soundalias,#vox_engine_room_enter_plr_1_0
soundalias,#fly_step_crouch_walk_zdog_metal
soundalias,#vox_treasure_chest_activate_2_plr_3_0
soundalias,#zmb_eyeball_swrath_burst_flux_l
soundalias,#zmb_eyeball_swrath_burst_flux_r
soundalias,#vox_plr_3_exert_death_fall
soundalias,#vox_bop4_exert_gas_cough
soundalias,#vox_plr_3_exert_concuss
soundalias,#vox_box_shotgun_plr_1_1
soundalias,#vox_box_shotgun_plr_1_0
soundalias,#vox_box_shotgun_plr_1_2
soundalias,#zmb_cracker_pickup
soundalias,#fly_step_crouch_run_zdog_cloth
soundalias,#hash_54de0801cf92a8c5
soundalias,#hash_54f3a1ff24f1ea91
soundalias,#hash_54fc1ee5be2ddd61
soundalias,#vox_revive_support_dieg_plr_2_4
soundalias,#vox_revive_support_dieg_plr_2_1
soundalias,#vox_revive_support_dieg_plr_2_0
soundalias,#vox_revive_support_dieg_plr_2_3
soundalias,#vox_revive_support_dieg_plr_2_2
soundalias,#zmb_skeleton_car_crash
soundalias,#hash_5518d837f78963fc
soundalias,#vox_treasure_chest_activate_1_plr_1_0
soundalias,#vox_bop4_exert_blind
soundalias,#wpn_viper_melee_extend_plr
soundalias,#wpn_hammer_slam_plr
soundalias,#fly_step_run_zdog_paintedmetal
soundalias,#hash_553c8042d558151c
soundalias,#hash_5557e7b7271b8aff
soundalias,#vox_tedd_exert_punch_give
soundalias,#vox_bop2_exert_rad_dmg
soundalias,#hash_5562515e8d18ca4c
soundalias,#wpn_chakram_first_raise_lvl3_plr
soundalias,#vox_m_quest_sentinel_artifact_plr_4_0
soundalias,#vox_powerup_bonus_plr_3_3
soundalias,#vox_powerup_bonus_plr_3_2
soundalias,#vox_powerup_bonus_plr_3_1
soundalias,#vox_powerup_bonus_plr_3_0
soundalias,#vox_bop5_exert_explo_dead
soundalias,#fly_step_crouch_run_zdog_wood
soundalias,#wpn_pistol_dryfire_plr
soundalias,#vox_blightfather_react_first_plr_4_0
soundalias,#vox_plr_2_exert_underwater_emerge_breath
soundalias,#vox_pickup_bowie_plr_4_0
soundalias,#vox_sentinel_key_plr_1_0
soundalias,#hash_55f323ffd86c9888
soundalias,#hash_55fbb0328f3f782f
soundalias,#hash_5600b4bffa46c384
soundalias,#hash_563599b1fb21ff43
soundalias,#vox_bom1_exert_rad_dmg
soundalias,#fly_melee_imp_chakram_npc_wood
soundalias,#vox_ammo_buy_plr_2_2
soundalias,#vox_ammo_buy_plr_2_1
soundalias,#vox_ammo_buy_plr_2_0
soundalias,#mus_location_tree_loop_0
soundalias,#hash_565a94625021a254
soundalias,#vox_plr_2_exert_death_veh_fly
soundalias,#wpn_ray_1straise_dial
soundalias,#fly_step_walk_zdog_flesh
soundalias,#vox_stoker_key_pick_up_plr_4_0
soundalias,#hash_56a05b30f7dab873
soundalias,#vox_dieg_surrounded_oh_shit_plr_2_0
soundalias,#vox_dieg_surrounded_oh_shit_plr_2_1
soundalias,#vox_dieg_surrounded_oh_shit_plr_2_2
soundalias,#vox_dieg_surrounded_oh_shit_plr_2_3
soundalias,#vox_dieg_surrounded_oh_shit_plr_2_4
soundalias,#vox_dieg_surrounded_oh_shit_plr_2_5
soundalias,#zmb_vox_monkey_explode
soundalias,#wpn_melee_galva
soundalias,#vox_viper_kill_plr_1_4
soundalias,#vox_viper_kill_plr_1_0
soundalias,#vox_viper_kill_plr_1_1
soundalias,#vox_viper_kill_plr_1_2
soundalias,#vox_viper_kill_plr_1_3
soundalias,#fly_step_run_zdog_grass
soundalias,#vox_fireworks_react_plr_4_0
soundalias,#fly_step_crouch_run_zdog_metalhollow
soundalias,#vox_plr_3_exert_stabbed
soundalias,#hash_57114f2e8a5b2699
soundalias,#hash_57134271b6d5eb2d
soundalias,#vox_nomoney_generic_plr_1_4
soundalias,#vox_nomoney_generic_plr_1_0
soundalias,#vox_nomoney_generic_plr_1_1
soundalias,#vox_nomoney_generic_plr_1_2
soundalias,#vox_nomoney_generic_plr_1_3
soundalias,#hash_571b87f34de4f473
soundalias,#hash_571f48484dfb646b
soundalias,#mus_zodt8_roundstart_2_intro
soundalias,#hash_5749e3194291a2bd
soundalias,#zmb_state_freeze_rt
soundalias,#prj_whizby_raygun
soundalias,#vox_car_crash_plr_1_0
soundalias,#hash_578a02c5ffa2126b
soundalias,#hash_579797ce6390ec3b
soundalias,#hash_5797afa332ae6f0b
soundalias,#hash_57989a591694c70b
soundalias,#vox_bop1_exert_bludgeoned
soundalias,#vox_box_react_first_plr_4_0
soundalias,#vox_crawler_los_plr_4_3
soundalias,#vox_crawler_los_plr_4_2
soundalias,#vox_crawler_los_plr_4_1
soundalias,#vox_crawler_los_plr_4_0
soundalias,#vox_crawler_los_plr_4_4
soundalias,#hash_57c7e3bc2df74195
soundalias,#hash_57cd1575eed9ab25
soundalias,#wpn_hammer_jab_elec_npc
soundalias,#zmb_vocals_zombie_taunt_v1
soundalias,#vox_3_banter_brun_dieg_plr_3_0
soundalias,#hash_58192bc650304beb
soundalias,#hash_581cce02962580b7
soundalias,#wpn_viper_melee_retract_plr
soundalias,#fly_step_walk_zdog_mud
soundalias,#hash_58399595f5bdc42a
soundalias,#fly_step_run_zdog_paper
soundalias,#vox_blightfather_kill_plr_4_3
soundalias,#vox_blightfather_kill_plr_4_2
soundalias,#vox_blightfather_kill_plr_4_1
soundalias,#vox_blightfather_kill_plr_4_0
soundalias,#vox_blightfather_kill_plr_4_4
soundalias,#exp_tricannon_water_swt
soundalias,#fly_melee_imp_hammer_npc_metalcar
soundalias,#exp_tricannon_fire
soundalias,#hash_5876763900b72110
soundalias,#hash_588047eba8deb34e
soundalias,#fly_step_crouch_walk_zdog_foliage
soundalias,#fly_step_prone_zdog_water
soundalias,#vox_cargo_hold_enter_plr_4_0
soundalias,#vox_fast_travel_end_plr_4_3
soundalias,#vox_fast_travel_end_plr_4_2
soundalias,#vox_fast_travel_end_plr_4_1
soundalias,#vox_fast_travel_end_plr_4_0
soundalias,#vox_fast_travel_end_plr_4_4
soundalias,#zmb_vocals_zombie_electrocute
soundalias,#hash_58b60c3d133f7e28
soundalias,#vox_bop1_exert_burn_dead
soundalias,#zmb_sentinel_artifact_pickup
soundalias,#vox_chakram_kill_mult_plr_1_2
soundalias,#vox_chakram_kill_mult_plr_1_3
soundalias,#vox_chakram_kill_mult_plr_1_0
soundalias,#vox_chakram_kill_mult_plr_1_1
soundalias,#vox_chakram_kill_mult_plr_1_4
soundalias,#mus_zodt8_roundend_1_intro
soundalias,#hash_58eb809a42974bb0
soundalias,#vox_pap_pickup_plr_4_4
soundalias,#vox_pap_pickup_plr_4_5
soundalias,#vox_pap_pickup_plr_4_0
soundalias,#vox_pap_pickup_plr_4_1
soundalias,#vox_pap_pickup_plr_4_2
soundalias,#vox_pap_pickup_plr_4_3
soundalias,#hash_58ef400c43212578
soundalias,#fly_ar_bolt_release_sweet
soundalias,#vox_kill_melee_plr_4_7
soundalias,#vox_kill_melee_plr_4_6
soundalias,#vox_kill_melee_plr_4_5
soundalias,#vox_kill_melee_plr_4_4
soundalias,#vox_kill_melee_plr_4_3
soundalias,#vox_kill_melee_plr_4_2
soundalias,#vox_kill_melee_plr_4_1
soundalias,#vox_kill_melee_plr_4_0
soundalias,#vox_kill_melee_plr_4_9
soundalias,#vox_kill_melee_plr_4_8
soundalias,#amb_deck_torture
soundalias,#vox_kill_revenge_plr_4_10
soundalias,#vox_magic_box_share_plr_3_0
soundalias,#vox_magic_box_share_plr_3_1
soundalias,#vox_magic_box_share_plr_3_2
soundalias,#vox_magic_box_share_plr_3_3
soundalias,#vox_magic_box_share_plr_3_4
soundalias,#vox_solo_game_start_plr_3_0
soundalias,#zmb_pap_leave
soundalias,#hash_594a38ef72b716fb
soundalias,#fly_melee_imp_hammer_npc_plastic
soundalias,#hash_59580cf69ba61108
soundalias,#vox_door_open_first_plr_4_0
soundalias,#fly_step_walk_zdog_concrete
soundalias,#hash_5967f4485be5bfd6
soundalias,#hash_598a36c0d08d1fab
soundalias,#wpn_pistol_dryfire_npc
soundalias,#vox_revive_support_scar_plr_2_4
soundalias,#vox_revive_support_scar_plr_2_3
soundalias,#vox_revive_support_scar_plr_2_2
soundalias,#vox_revive_support_scar_plr_2_1
soundalias,#vox_revive_support_scar_plr_2_0
soundalias,#zmb_box_weapon_spin_short
soundalias,#vox_plr_4_exert_bludgeoned
soundalias,#hash_59ae8addc105282c
soundalias,#hash_59b8c313e263346f
soundalias,#vox_hammer_kill_plr_4_1
soundalias,#vox_hammer_kill_plr_4_0
soundalias,#vox_hammer_kill_plr_4_3
soundalias,#vox_hammer_kill_plr_4_2
soundalias,#vox_hammer_kill_plr_4_4
soundalias,#vox_scepter_level_3_plr_4_2
soundalias,#vox_scepter_level_3_plr_4_1
soundalias,#vox_scepter_level_3_plr_4_0
soundalias,#hash_59dbb3cfebc60a89
soundalias,#hash_59f15c93815a0687
soundalias,#vox_radiant_scream_react_plr_2_3
soundalias,#vox_radiant_scream_react_plr_2_2
soundalias,#vox_radiant_scream_react_plr_2_1
soundalias,#vox_radiant_scream_react_plr_2_0
soundalias,#vox_radiant_scream_react_plr_2_4
soundalias,#fly_step_crouch_walk_zdog_ice
soundalias,#hash_5a0f42ba113a1e1b
soundalias,#vox_chakram_level_3_plr_4_2
soundalias,#vox_chakram_level_3_plr_4_0
soundalias,#vox_chakram_level_3_plr_4_1
soundalias,#zmb_ai_stoker_shovel_impact_npc_swt
soundalias,#vox_4_banter_brun_scar_plr_1_1
soundalias,#hash_5a2daa895f64b2e2
soundalias,#vox_brun_kill_streak_plr_1_4
soundalias,#vox_brun_kill_streak_plr_1_2
soundalias,#vox_brun_kill_streak_plr_1_3
soundalias,#vox_brun_kill_streak_plr_1_0
soundalias,#vox_brun_kill_streak_plr_1_1
soundalias,#vox_3_banter_scar_shaw_plr_4_0
soundalias,#wpn_hammer_storm_bolt
soundalias,#hash_5a4997dc84f6d680
soundalias,#hash_5a6611e952ae9cf1
soundalias,#vox_5_banter_brun_scar_plr_1_1
soundalias,#hash_5a71ef96c17c8283
soundalias,#hash_5a8158d766d5258b
soundalias,#hash_5a8184d1f890f17c
soundalias,#wpn_rgun_fire_plr
soundalias,#fly_step_walk_zdog_plaster
soundalias,#hash_5aa0fe526ca33075
soundalias,#fly_step_walk_zdog_plastic
soundalias,#hash_5ab3f90f703eed52
soundalias,#hash_5ab96b664239250b
soundalias,#fly_step_walk_zdog_fruit
soundalias,#wpn_smg_dryfire_npc
soundalias,#vox_treasure_chest_activate_2_plr_2_0
soundalias,#hash_5af63888fba2594b
soundalias,#vox_generic_wall_buy_plr_4_9
soundalias,#vox_generic_wall_buy_plr_4_8
soundalias,#vox_generic_wall_buy_plr_4_5
soundalias,#vox_generic_wall_buy_plr_4_4
soundalias,#vox_generic_wall_buy_plr_4_7
soundalias,#vox_generic_wall_buy_plr_4_6
soundalias,#vox_generic_wall_buy_plr_4_1
soundalias,#vox_generic_wall_buy_plr_4_0
soundalias,#vox_generic_wall_buy_plr_4_3
soundalias,#vox_generic_wall_buy_plr_4_2
soundalias,#hash_5afdef724a12726c
soundalias,#vox_ammo_low_plr_2_4
soundalias,#vox_ammo_low_plr_2_1
soundalias,#vox_ammo_low_plr_2_0
soundalias,#vox_ammo_low_plr_2_3
soundalias,#vox_ammo_low_plr_2_2
soundalias,#zmb_ai_stoker_step_run
soundalias,#fly_bump_table
soundalias,#hash_5b492b8c8a8bb4d8
soundalias,#fly_step_crouch_walk_zdog_cushion
soundalias,#vox_berths_enter_plr_1_0
soundalias,#hash_5b78792bca0a0654
soundalias,#hash_5b787b2bca0a09ba
soundalias,#hash_5b787c2bca0a0b6d
soundalias,#vox_bop1_exert_stabbed
soundalias,#hash_5b84a753cb771ae0
soundalias,#hash_5b959c1af4616c3f
soundalias,#hash_5b997132499ceb4a
soundalias,#vox_m_quest_ambient_change_plr_4_0
soundalias,#vox_bof2_exert_rad_start
soundalias,#amb_fire_medium
soundalias,#vox_stoker_react_plr_3_4
soundalias,#vox_stoker_react_plr_3_3
soundalias,#vox_stoker_react_plr_3_2
soundalias,#vox_stoker_react_plr_3_1
soundalias,#vox_stoker_react_plr_3_0
soundalias,#wpn_scepter_plant_kill_swt
soundalias,#vox_sentinel_los_first_plr_4_0
soundalias,#zmb_ai_stoker_step_walk
soundalias,#hash_5bc9e5ae154acfb0
soundalias,#hash_5be8978544c6ae75
soundalias,#vox_shaw_kill_headshot_plr_3_4
soundalias,#vox_shaw_kill_headshot_plr_3_0
soundalias,#vox_shaw_kill_headshot_plr_3_1
soundalias,#vox_shaw_kill_headshot_plr_3_2
soundalias,#vox_shaw_kill_headshot_plr_3_3
soundalias,#hash_5bedc387d77b6ab7
soundalias,#hash_5bedc487d77b6c6a
soundalias,#hash_5bedc587d77b6e1d
soundalias,#vox_1_banter_dieg_shaw_plr_4_0
soundalias,#fly_step_crouch_walk_zdog_snow
soundalias,#hash_5bf1b2b5ce868b9c
soundalias,#hash_5bfd19fc09294153
soundalias,#vox_blac_exert_explo_dead
soundalias,#hash_5c3c35d4b961c962
soundalias,#vox_generic_responses_positive_plr_2_8
soundalias,#vox_generic_responses_positive_plr_2_9
soundalias,#vox_generic_responses_positive_plr_2_0
soundalias,#vox_generic_responses_positive_plr_2_1
soundalias,#vox_generic_responses_positive_plr_2_2
soundalias,#vox_generic_responses_positive_plr_2_3
soundalias,#vox_generic_responses_positive_plr_2_4
soundalias,#vox_generic_responses_positive_plr_2_5
soundalias,#vox_generic_responses_positive_plr_2_6
soundalias,#vox_generic_responses_positive_plr_2_7
soundalias,#zmb_ai_stoker_death_explo
soundalias,#hash_5c54526d25535e04
soundalias,#zmb_vocals_hellhound_attack_melee
soundalias,#vox_bop3_exert_pain
soundalias,#fly_sniper_shell_in_npc
soundalias,#zmb_sentinel_artifact_lp
soundalias,#fly_melee_imp_hammer_rock
soundalias,#vox_box_lmg_plr_4_4
soundalias,#vox_box_lmg_plr_4_2
soundalias,#vox_box_lmg_plr_4_3
soundalias,#vox_box_lmg_plr_4_0
soundalias,#vox_box_lmg_plr_4_1
soundalias,#vox_bop4_exert_death_veh_under
soundalias,#hash_5caf3fd084d30b3e
soundalias,#vox_attacked_zombie_plr_3_9
soundalias,#vox_attacked_zombie_plr_3_8
soundalias,#vox_attacked_zombie_plr_3_7
soundalias,#vox_attacked_zombie_plr_3_6
soundalias,#vox_attacked_zombie_plr_3_5
soundalias,#vox_attacked_zombie_plr_3_4
soundalias,#vox_attacked_zombie_plr_3_3
soundalias,#vox_attacked_zombie_plr_3_2
soundalias,#vox_attacked_zombie_plr_3_1
soundalias,#vox_attacked_zombie_plr_3_0
soundalias,#fly_reload_cloth_lg
soundalias,#vox_assemble_rocketshield_plr_2_2
soundalias,#vox_assemble_rocketshield_plr_2_0
soundalias,#vox_assemble_rocketshield_plr_2_1
soundalias,#vox_bop2_exert_gas_gasp
soundalias,#fly_reload_equip_grab
soundalias,#vox_bof2_exert_rad_end
soundalias,#hash_5cfdfc7bb8f0fda2
soundalias,#hash_5d198ba69ef6a1e9
soundalias,#vox_bop2_exert_rad_start
soundalias,#fly_reload_cloth_sm
soundalias,#vox_plr_1_exert_concuss
soundalias,#vox_bom1_exert_rad_end
soundalias,#fly_wpn_handle_low
soundalias,#hash_5d3a176d632eb0da
soundalias,#vox_plr_1_exert_gas_gag
soundalias,#hash_5d530f332a80c426
soundalias,#fly_step_run_zdog_tallgrass
soundalias,#hash_5d6b6891f049713e
soundalias,#vox_viper_kill_plr_2_3
soundalias,#vox_viper_kill_plr_2_2
soundalias,#vox_viper_kill_plr_2_1
soundalias,#vox_viper_kill_plr_2_0
soundalias,#vox_viper_kill_plr_2_4
soundalias,#fly_step_sprint_zdog_flesh
soundalias,#hash_5d7a73d4a214dd96
soundalias,#hash_5dad092f584503eb
soundalias,#vox_powerup_bonus_plr_2_4
soundalias,#vox_powerup_bonus_plr_2_2
soundalias,#vox_powerup_bonus_plr_2_3
soundalias,#vox_powerup_bonus_plr_2_0
soundalias,#vox_powerup_bonus_plr_2_1
soundalias,#hash_5dc4052f9b9557aa
soundalias,#zmb_blocker_powerdoor_purchase
soundalias,#vox_bop3_exert_gas_cough
soundalias,#hash_5dd96d26b2d36c14
soundalias,#zmb_sentinel_artifact_explode
soundalias,#vox_safe_unlock_plr_3_0
soundalias,#hash_5dea4034a9243dbc
soundalias,#vox_plr_2_exert_sniper_hold
soundalias,#vox_bop1_exert_death_veh_under
soundalias,#vox_dieg_surrounded_oh_shit_plr_1_3
soundalias,#vox_dieg_surrounded_oh_shit_plr_1_2
soundalias,#vox_dieg_surrounded_oh_shit_plr_1_1
soundalias,#vox_dieg_surrounded_oh_shit_plr_1_0
soundalias,#hash_5e0d933066f009ca
soundalias,#wpn_hammer_melee_impact_swt
soundalias,#fly_zombie_hand_swt
soundalias,#fly_step_prone_zdog_glasscar
soundalias,#vox_shield_upgrade_pick_up_plr_1_0
soundalias,#fly_step_crouch_walk_zdog_gravel
soundalias,#hash_5e5fc609282c18d2
soundalias,#wpn_assault_dryfire_npc
soundalias,#exp_tricannon_water
soundalias,#vox_plr_2_exert_suppressed
soundalias,#hash_5edf218d3c3f4760
soundalias,#hash_5edf228d3c3f4913
soundalias,#hash_5edf238d3c3f4ac6
soundalias,#hash_5edf248d3c3f4c79
soundalias,#hash_5edf258d3c3f4e2c
soundalias,#hash_5edf268d3c3f4fdf
soundalias,#hash_5edf278d3c3f5192
soundalias,#hash_5edf288d3c3f5345
soundalias,#hash_5edf2f8d3c3f5f2a
soundalias,#hash_5edf308d3c3f60dd
soundalias,#vox_2_banter_brun_dieg_plr_2_1
soundalias,#hash_5ef8e030b84ace08
soundalias,#vox_powerup_nuke_plr_4_2
soundalias,#vox_powerup_nuke_plr_4_3
soundalias,#vox_powerup_nuke_plr_4_0
soundalias,#vox_powerup_nuke_plr_4_1
soundalias,#vox_powerup_nuke_plr_4_4
soundalias,#vox_powerup_nuke_plr_4_5
soundalias,#hash_5f11cf35c7a26267
soundalias,#fly_step_crouch_run_zdog_paper
soundalias,#hash_5f1c2aeb92331d60
soundalias,#hash_5f25de3806fc35e1
soundalias,#wpn_viper_bite_activate_plr_lfe
soundalias,#vox_nomoney_generic_plr_2_3
soundalias,#vox_nomoney_generic_plr_2_2
soundalias,#vox_nomoney_generic_plr_2_1
soundalias,#vox_nomoney_generic_plr_2_0
soundalias,#vox_nomoney_generic_plr_2_4
soundalias,#vox_dieg_kill_streak_plr_1_2
soundalias,#vox_dieg_kill_streak_plr_1_3
soundalias,#vox_dieg_kill_streak_plr_1_0
soundalias,#vox_dieg_kill_streak_plr_1_1
soundalias,#hash_5f5002686176097f
soundalias,#zmb_vocals_hellhound_bite
soundalias,#vox_3_banter_brun_dieg_plr_2_1
soundalias,#hash_5f6b730c30da027d
soundalias,#hash_5f880ad3af5e4911
soundalias,#vox_bop1_exert_suppressed
soundalias,#amb_rope_creak
soundalias,#vox_bop2_exert_rad_end
soundalias,#vox_pap_wait_plr_2_4
soundalias,#vox_pap_wait_plr_2_1
soundalias,#vox_pap_wait_plr_2_0
soundalias,#vox_pap_wait_plr_2_3
soundalias,#vox_pap_wait_plr_2_2
soundalias,#fly_melee_imp_galva_glass
soundalias,#vox_plr_3_exert_death_veh_hit
soundalias,#vox_blightfather_vomit_plr_4_2
soundalias,#vox_blightfather_vomit_plr_4_0
soundalias,#vox_blightfather_vomit_plr_4_1
soundalias,#zmb_vocals_hellhound_death
soundalias,#vox_tedd_exert_underwater_emerge_gasp
soundalias,#hash_5fed0c8cb27e5156
soundalias,#hash_5ff26c3886a52a43
soundalias,#vox_hammer_activate_plr_4_4
soundalias,#vox_hammer_activate_plr_4_2
soundalias,#vox_hammer_activate_plr_4_3
soundalias,#vox_hammer_activate_plr_4_0
soundalias,#vox_hammer_activate_plr_4_1
soundalias,#zmb_pap_plinth_symbol_explode
soundalias,#mus_zodt8_roundend_3_intro
soundalias,#vox_ammo_buy_plr_3_2
soundalias,#vox_ammo_buy_plr_3_0
soundalias,#vox_ammo_buy_plr_3_1
soundalias,#vox_bop5_exert_pain
soundalias,#zmb_eyeball_vox_pain
soundalias,#hash_6043c078f3675169
soundalias,#zmb_distill_pickup
soundalias,#vox_bop3_exert_death_veh_under
soundalias,#vox_4_banter_brun_shaw_plr_2_0
soundalias,#vox_plr_4_outro_igc_2_2
soundalias,#hash_606d51fe21e749ac
soundalias,#fly_step_run_zdog_metalthin
soundalias,#vox_generic_responses_negative_plr_4_6
soundalias,#vox_generic_responses_negative_plr_4_7
soundalias,#vox_generic_responses_negative_plr_4_4
soundalias,#vox_generic_responses_negative_plr_4_5
soundalias,#vox_generic_responses_negative_plr_4_2
soundalias,#vox_generic_responses_negative_plr_4_3
soundalias,#vox_generic_responses_negative_plr_4_0
soundalias,#vox_generic_responses_negative_plr_4_1
soundalias,#vox_generic_responses_negative_plr_4_8
soundalias,#vox_generic_responses_negative_plr_4_9
soundalias,#hash_60710ce8cbdd2711
soundalias,#vox_plr_1_exert_sniper_hold
soundalias,#hash_6084a1879c8732cc
soundalias,#hash_6087350e73488a7f
soundalias,#vox_pickup_rocketshield_plr_1_1
soundalias,#vox_pickup_rocketshield_plr_1_0
soundalias,#vox_pickup_rocketshield_plr_1_2
soundalias,#fly_step_walk_zdog_paintedmetal
soundalias,#vox_kill_revenge_plr_2_10
soundalias,#vox_bop4_exert_self_heal
soundalias,#hash_60c2bcbfecd64847
soundalias,#hash_60e25a39a1d9295a
soundalias,#fly_step_crouch_run_zdog_metal
soundalias,#wpn_rgun_exp_cl
soundalias,#vox_revive_scar_plr_4_4
soundalias,#vox_revive_scar_plr_4_1
soundalias,#vox_revive_scar_plr_4_0
soundalias,#vox_revive_scar_plr_4_3
soundalias,#vox_revive_scar_plr_4_2
soundalias,#fly_step_prone_zdog_mud
soundalias,#hash_61486fb02b77eed8
soundalias,#vox_plr_3_exert_sniper_hold
soundalias,#hash_615afa057cf079a5
soundalias,#vox_ee_diary_scar_shaw_plr_4_2
soundalias,#vox_ee_diary_scar_shaw_plr_4_0
soundalias,#vox_ee_diary_scar_shaw_plr_4_6
soundalias,#vox_ee_diary_scar_shaw_plr_4_4
soundalias,#vox_ee_diary_scar_shaw_plr_4_8
soundalias,#zmb_flare_launch_swt
soundalias,#vox_box_tactical_plr_4_4
soundalias,#vox_box_tactical_plr_4_3
soundalias,#vox_box_tactical_plr_4_2
soundalias,#vox_box_tactical_plr_4_1
soundalias,#vox_box_tactical_plr_4_0
soundalias,#vox_lounge_enter_plr_2_0
soundalias,#vox_bop3_exert_death
soundalias,#wpn_viper_melee_impact_plr
soundalias,#hash_61ab5fc8df884b6c
soundalias,#fly_step_sprint_zdog_brick
soundalias,#vox_2_banter_brun_scar_plr_1_1
soundalias,#fly_step_walk_zdog_carpet
soundalias,#vox_bop2_exert_sniper_exhale
soundalias,#hash_62053df0aeefcac5
soundalias,#vox_bop2_exert_sniper_gasp
soundalias,#hash_621b2e6170b08109
soundalias,#fly_step_crouch_run_zdog_rubber
soundalias,#vox_plr_2_exert_death
soundalias,#hash_624177e0146fb072
soundalias,#vox_bop2_exert_death
soundalias,#hash_62527c2c941c5f22
soundalias,#vox_fish_reward_comp_plr_1_0
soundalias,#vox_perk_generic_plr_3_3
soundalias,#vox_perk_generic_plr_3_2
soundalias,#vox_perk_generic_plr_3_1
soundalias,#vox_perk_generic_plr_3_0
soundalias,#vox_perk_generic_plr_3_7
soundalias,#vox_perk_generic_plr_3_6
soundalias,#vox_perk_generic_plr_3_5
soundalias,#vox_perk_generic_plr_3_4
soundalias,#vox_perk_generic_plr_3_9
soundalias,#vox_perk_generic_plr_3_8
soundalias,#hash_627b8c3b335712e3
soundalias,#vox_blac_exert_sniper_exhale
soundalias,#wpn_hammer_melee_impact_swt_plr
soundalias,#hash_628ea8e957295046
soundalias,#vox_generic_responses_positive_plr_1_7
soundalias,#vox_generic_responses_positive_plr_1_5
soundalias,#vox_generic_responses_positive_plr_1_4
soundalias,#vox_generic_responses_positive_plr_1_3
soundalias,#vox_generic_responses_positive_plr_1_2
soundalias,#vox_generic_responses_positive_plr_1_1
soundalias,#vox_generic_responses_positive_plr_1_0
soundalias,#hash_62bb524c32872dab
soundalias,#hash_62bb554c328732c4
soundalias,#hash_62bb574c3287362a
soundalias,#hash_62bb584c328737dd
soundalias,#hash_62c26d0f2eb9a6ca
soundalias,#vox_hammer_level_2_plr_1_1
soundalias,#vox_hammer_level_2_plr_1_0
soundalias,#vox_hammer_level_2_plr_1_2
soundalias,#zmb_fish_pickup
soundalias,#fly_dog_melee_victim
soundalias,#fly_step_run_zdog_brick
soundalias,#zmb_altar_zeus_bird_oneshot
soundalias,#vox_bop1_exert_punch_take
soundalias,#vox_dining_hall_enter_plr_1_0
soundalias,#fly_melee_imp_galva_npc_cloth
soundalias,#hash_630e468a8a9acbca
soundalias,#vox_sentinel_los_first_plr_3_0
soundalias,#vox_m_quest_cat_sentinel_plr_3_1
soundalias,#vox_plr_1_exert_razor_wire
soundalias,#wpn_generic_dryfire_npc
soundalias,#fly_step_prone_zdog_rubber
soundalias,#zmb_ai_stoker_spawn
soundalias,#wpn_revolver_dryfire_npc
soundalias,#vox_tedd_exert_gas_gag
soundalias,#amb_flies
soundalias,#fly_step_gravel_npc
soundalias,#vox_scar_kill_streak_plr_2_3
soundalias,#vox_scar_kill_streak_plr_2_2
soundalias,#vox_scar_kill_streak_plr_2_1
soundalias,#vox_scar_kill_streak_plr_2_0
soundalias,#vox_scar_kill_streak_plr_2_4
soundalias,#amb_fire_large
soundalias,#fly_step_crouch_walk_zdog_glassbulletproof
soundalias,#zmb_monkeybomb_cym
soundalias,#vox_plr_3_outro_igc_3_3
soundalias,#wpn_scepter_melee_impact_swt
soundalias,#vox_1_banter_scar_shaw_plr_1_0
soundalias,#vox_m_quest_circle_appears_plr_4_3
soundalias,#hash_63a9147fdc583023
soundalias,#hash_63ad15fe85235a2d
soundalias,#hash_63adc036414279c8
soundalias,#wpn_hammer_electrocution_impact
soundalias,#wpn_rgun_fire_lfe_plr
soundalias,#wpn_hammer_sheathe_plr
soundalias,#hash_63f05b474191cc66
soundalias,#vox_attacked_zombie_plr_2_6
soundalias,#vox_attacked_zombie_plr_2_7
soundalias,#vox_attacked_zombie_plr_2_4
soundalias,#vox_attacked_zombie_plr_2_5
soundalias,#vox_attacked_zombie_plr_2_2
soundalias,#vox_attacked_zombie_plr_2_3
soundalias,#vox_attacked_zombie_plr_2_0
soundalias,#vox_attacked_zombie_plr_2_1
soundalias,#vox_attacked_zombie_plr_2_8
soundalias,#vox_attacked_zombie_plr_2_9
soundalias,#hash_6427ad4c71007e15
soundalias,#vox_bop5_exert_breath_hurt
soundalias,#hash_6448985393417e0c
soundalias,#vox_revive_support_scar_plr_3_4
soundalias,#vox_revive_support_scar_plr_3_2
soundalias,#vox_revive_support_scar_plr_3_3
soundalias,#vox_revive_support_scar_plr_3_0
soundalias,#vox_revive_support_scar_plr_3_1
soundalias,#fly_step_sprint_zdog_grass
soundalias,#zmb_ai_stoker_step_underwater
soundalias,#fly_step_crouch_walk_zdog_metalthin
soundalias,#vox_revive_support_brun_plr_4_4
soundalias,#vox_revive_support_brun_plr_4_3
soundalias,#vox_revive_support_brun_plr_4_2
soundalias,#vox_revive_support_brun_plr_4_1
soundalias,#vox_revive_support_brun_plr_4_0
soundalias,#fly_melee_imp_scepter_npc_metal
soundalias,#hash_6479c2bd319012b3
soundalias,#wpn_dragon_fire_lvl1_plr_lfe
soundalias,#vox_radiant_scream_react_plr_3_2
soundalias,#vox_radiant_scream_react_plr_3_3
soundalias,#vox_radiant_scream_react_plr_3_0
soundalias,#vox_radiant_scream_react_plr_3_1
soundalias,#vox_radiant_scream_react_plr_3_4
soundalias,#zmb_blocker_powerdoor_lp
soundalias,#vox_plr_1_exert_death_veh_fly
soundalias,#hash_64b57d798715da70
soundalias,#zmb_monkey_throw_npc
soundalias,#vox_chakram_level_3_plr_3_1
soundalias,#vox_chakram_level_3_plr_3_0
soundalias,#vox_chakram_level_3_plr_3_2
soundalias,#hash_64dc8c3287b2f5f1
soundalias,#hash_64de3477d85cad95
soundalias,#vox_blightfather_react_plr_3_4
soundalias,#vox_blightfather_react_plr_3_1
soundalias,#vox_blightfather_react_plr_3_0
soundalias,#vox_blightfather_react_plr_3_3
soundalias,#vox_blightfather_react_plr_3_2
soundalias,#hash_64e47ed675709294
soundalias,#hash_64f4710fde506b2b
soundalias,#hash_64f6f5acc5927a0f
soundalias,#hash_64ff552828647ecf
soundalias,#vox_plr_3_exert_death_veh_fly
soundalias,#vox_safe_unlock_plr_2_0
soundalias,#vox_bop5_exert_blind
soundalias,#vox_2_banter_brun_dieg_plr_3_0
soundalias,#vox_bop2_exert_pain
soundalias,#fly_step_prone_zdog_rock
soundalias,#hash_658ae19813699419
soundalias,#vox_stoker_react_plr_2_4
soundalias,#vox_stoker_react_plr_2_2
soundalias,#vox_stoker_react_plr_2_3
soundalias,#vox_stoker_react_plr_2_0
soundalias,#vox_stoker_react_plr_2_1
soundalias,#hash_659b263cd0dd4df5
soundalias,#fly_metal_plank_plr
soundalias,#vox_tedd_exert_sniper_hold
soundalias,#vox_tedd_exert_death_fall
soundalias,#vox_ammo_low_plr_3_4
soundalias,#vox_ammo_low_plr_3_0
soundalias,#vox_ammo_low_plr_3_1
soundalias,#vox_ammo_low_plr_3_2
soundalias,#vox_ammo_low_plr_3_3
soundalias,#hash_65d5471969b3c977
soundalias,#vox_box_shotgun_plr_3_3
soundalias,#vox_box_shotgun_plr_3_2
soundalias,#vox_box_shotgun_plr_3_1
soundalias,#vox_box_shotgun_plr_3_0
soundalias,#vox_box_shotgun_plr_3_4
soundalias,#zmb_eyeball_laser_start
soundalias,#zmb_eyeball_swrath_start
soundalias,#fly_sniper_shell_out_plr
soundalias,#hash_662ba0c16b482cec
soundalias,#fly_step_sprint_zdog_asphalt
soundalias,#hash_6643caefeffff6f1
soundalias,#vox_5_banter_brun_shaw_plr_4_1
soundalias,#vox_powerup_nuke_plr_3_1
soundalias,#vox_powerup_nuke_plr_3_0
soundalias,#vox_powerup_nuke_plr_3_3
soundalias,#vox_powerup_nuke_plr_3_2
soundalias,#vox_powerup_nuke_plr_3_5
soundalias,#vox_powerup_nuke_plr_3_4
soundalias,#hash_6662c407371ddaff
soundalias,#zmb_ai_stoker_enrage
soundalias,#vox_plr_1_exert_stabbed
soundalias,#vox_bop2_exert_mant_heavy
soundalias,#hash_6698f454bf7a934e
soundalias,#hash_6698f554bf7a9501
soundalias,#hash_66a9e9a056f5aa26
soundalias,#hash_66ac1a59a45915b8
soundalias,#vox_bop3_exert_sniper_exhale
soundalias,#fly_step_walk_zdog_wood
soundalias,#hash_66df9cab2c64f968
soundalias,#vox_revive_down_plr_4_4
soundalias,#vox_revive_down_plr_4_5
soundalias,#vox_revive_down_plr_4_2
soundalias,#vox_revive_down_plr_4_3
soundalias,#vox_revive_down_plr_4_0
soundalias,#vox_revive_down_plr_4_1
soundalias,#hash_66eb97e2bce2a423
soundalias,#hash_66edd342df7791fd
soundalias,#hash_66f9b077af59a2b4
soundalias,#vox_pap_wait_plr_3_4
soundalias,#vox_pap_wait_plr_3_0
soundalias,#vox_pap_wait_plr_3_1
soundalias,#vox_pap_wait_plr_3_2
soundalias,#vox_pap_wait_plr_3_3
soundalias,#amb_chaos_ball
soundalias,#fly_step_walk_zdog_gravel
soundalias,#vox_bop4_exert_mant_light
soundalias,#fly_melee_imp_scepter
soundalias,#fly_bowie_impact_victim
soundalias,#vox_plr_1_exert_death_veh_under
soundalias,#vox_crawler_los_plr_2_1
soundalias,#vox_crawler_los_plr_2_0
soundalias,#vox_crawler_los_plr_2_3
soundalias,#vox_crawler_los_plr_2_2
soundalias,#vox_crawler_los_plr_2_4
soundalias,#hash_673ef109fb7a5504
soundalias,#hash_673ef209fb7a56b7
soundalias,#hash_673ef409fb7a5a1d
soundalias,#hash_6740d58ccd4742e5
soundalias,#zmb_cracker_plant
soundalias,#hash_676ac6bf8d7096f9
soundalias,#hash_676ac7bf8d7098ac
soundalias,#hash_676ac8bf8d709a5f
soundalias,#hash_676ac9bf8d709c12
soundalias,#hash_676acabf8d709dc5
soundalias,#zmb_zod_gate_open
soundalias,#hash_676e555ab4377285
soundalias,#vox_revive_brun_plr_4_4
soundalias,#vox_revive_brun_plr_4_3
soundalias,#vox_revive_brun_plr_4_2
soundalias,#vox_revive_brun_plr_4_1
soundalias,#vox_revive_brun_plr_4_0
soundalias,#fly_step_walk_zdog_glass
soundalias,#vox_bof3_exert_rad_end
soundalias,#hash_67ade88bdc2d836e
soundalias,#fly_step_walk_zdog_bodyarmor
soundalias,#zmb_state_freeze_lft
soundalias,#fly_step_run_zdog_rock
soundalias,#wpn_rgun_fire_lfe_npc
soundalias,#fly_step_sprint_zdog_paintedmetal
soundalias,#vox_bop2_exert_suppressed
soundalias,#vox_tedd_exert_underwater_pain
soundalias,#hash_67e7eab205432bbe
soundalias,#hash_67f1fcdfe32ea3f7
soundalias,#hash_67fe68eec41d210f
soundalias,#vox_viper_kill_plr_3_2
soundalias,#vox_viper_kill_plr_3_3
soundalias,#vox_viper_kill_plr_3_0
soundalias,#vox_viper_kill_plr_3_1
soundalias,#vox_viper_kill_plr_3_4
soundalias,#fly_melee_imp_chakram_plastic
soundalias,#zmb_vox_monkey_throw
soundalias,#hash_684469b812adb211
soundalias,#fly_step_mattress_npc
soundalias,#zmb_vocals_zombie_crawler
soundalias,#wpn_rgun_flux_l_npc
soundalias,#fly_spoon_first_raise
soundalias,#hash_6875e2ab9b8e11d7
soundalias,#hash_687f519b0bed9408
soundalias,#vox_destroy_rocketshield_plr_1_1
soundalias,#vox_destroy_rocketshield_plr_1_0
soundalias,#vox_destroy_rocketshield_plr_1_2
soundalias,#hash_688ab65ff6c98303
soundalias,#vox_powerup_carpenter_plr_1_0
soundalias,#vox_powerup_carpenter_plr_1_1
soundalias,#vox_powerup_carpenter_plr_1_2
soundalias,#vox_magic_box_share_plr_1_4
soundalias,#vox_magic_box_share_plr_1_2
soundalias,#vox_magic_box_share_plr_1_3
soundalias,#vox_magic_box_share_plr_1_0
soundalias,#vox_magic_box_share_plr_1_1
soundalias,#vox_bop3_exert_suppressed
soundalias,#fly_generic_first_raise_npc
soundalias,#vox_tedd_exert_sniper_exhale
soundalias,#wpn_chakram_sheathe_npc
soundalias,#vox_bop2_exert_concuss
soundalias,#vox_bop1_exert_breath_hurt
soundalias,#prj_viper_bite_impact
soundalias,#vox_lounge_enter_plr_3_0
soundalias,#hash_68f60cc0248fcc9b
soundalias,#hash_68ffd38a5e862cbe
soundalias,#vox_decay_gas_react_plr_1_1
soundalias,#vox_decay_gas_react_plr_1_0
soundalias,#vox_decay_gas_react_plr_1_3
soundalias,#vox_decay_gas_react_plr_1_2
soundalias,#vox_decay_gas_react_plr_1_4
soundalias,#vox_blac_exert_death_fall
soundalias,#hash_69154b159416f6a7
soundalias,#zmb_blocker_debris_escape_purchase
soundalias,#wpn_viper_melee_impact
soundalias,#vox_revive_dieg_plr_1_2
soundalias,#vox_revive_dieg_plr_1_0
soundalias,#vox_revive_dieg_plr_1_1
soundalias,#hash_6948aef963212fb0
soundalias,#zmb_fasttravel_teleport_start_plr
soundalias,#vox_plr_1_exert_rad_end
soundalias,#fly_dog_melee_npc
soundalias,#fly_step_crouch_walk_zdog_paper
soundalias,#hash_6986c1ef63a8c733
soundalias,#hash_6994ad38bce10d14
soundalias,#vox_plr_2_exert_mant_light
soundalias,#fly_step_loose_tile_plr
soundalias,#vox_bop5_exert_underwater_emerge_breath
soundalias,#hash_69a61f074e359f95
soundalias,#zmb_altar_danu_staff_lp
soundalias,#vox_perk_generic_plr_2_8
soundalias,#vox_perk_generic_plr_2_9
soundalias,#vox_perk_generic_plr_2_2
soundalias,#vox_perk_generic_plr_2_3
soundalias,#vox_perk_generic_plr_2_0
soundalias,#vox_perk_generic_plr_2_1
soundalias,#vox_perk_generic_plr_2_6
soundalias,#vox_perk_generic_plr_2_7
soundalias,#vox_perk_generic_plr_2_4
soundalias,#vox_perk_generic_plr_2_5
soundalias,#hash_69c687b4733b5712
soundalias,#hash_69c6cacdd6f7e9fd
soundalias,#vox_viper_dragon_activate_plr_4_2
soundalias,#vox_viper_dragon_activate_plr_4_3
soundalias,#vox_viper_dragon_activate_plr_4_0
soundalias,#vox_viper_dragon_activate_plr_4_1
soundalias,#vox_viper_dragon_activate_plr_4_4
soundalias,#fly_step_run_zdog_rubber
soundalias,#vox_nomoney_generic_plr_3_2
soundalias,#vox_nomoney_generic_plr_3_3
soundalias,#vox_nomoney_generic_plr_3_0
soundalias,#vox_nomoney_generic_plr_3_1
soundalias,#vox_nomoney_generic_plr_3_4
soundalias,#vox_nomoney_generic_plr_3_5
soundalias,#vox_chakram_ready_plr_4_2
soundalias,#vox_chakram_ready_plr_4_1
soundalias,#vox_chakram_ready_plr_4_0
soundalias,#vox_tedd_exert_bludgeoned
soundalias,#hash_6a3a7714a2c454fb
soundalias,#vox_blightfather_kill_plr_2_1
soundalias,#vox_blightfather_kill_plr_2_0
soundalias,#vox_blightfather_kill_plr_2_3
soundalias,#vox_blightfather_kill_plr_2_2
soundalias,#vox_blightfather_kill_plr_2_4
soundalias,#hash_6a48fa9d116b7376
soundalias,#hash_6a4c0b5fff2011e3
soundalias,#hash_6a5e0d24e28a2c01
soundalias,#fly_melee_imp_galva_wood
soundalias,#hash_6a836a005e00b6d3
soundalias,#vox_blightfather_vomit_plr_3_1
soundalias,#vox_blightfather_vomit_plr_3_0
soundalias,#vox_blightfather_vomit_plr_3_2
soundalias,#hash_6a976c322ecb5d02
soundalias,#vox_fast_travel_end_plr_2_1
soundalias,#vox_fast_travel_end_plr_2_0
soundalias,#vox_fast_travel_end_plr_2_3
soundalias,#vox_fast_travel_end_plr_2_2
soundalias,#vox_fast_travel_end_plr_2_4
soundalias,#vox_1_banter_brun_scar_plr_1_1
soundalias,#hash_6aa35ab86c22666e
soundalias,#hash_6aa9daf93f721590
soundalias,#fly_step_crouch_walk_zdog_rubber
soundalias,#hash_6ab30aa83cfad114
soundalias,#hash_6acc3329b5183f13
soundalias,#zmb_ai_stoker_step_heavy
soundalias,#vox_shaw_surrounded_oh_shit_plr_3_1
soundalias,#vox_shaw_surrounded_oh_shit_plr_3_0
soundalias,#vox_shaw_surrounded_oh_shit_plr_3_3
soundalias,#vox_shaw_surrounded_oh_shit_plr_3_2
soundalias,#vox_shaw_surrounded_oh_shit_plr_3_4
soundalias,#hash_6af8d2df8b6b202a
soundalias,#hash_6afe331afabbae9d
soundalias,#hash_6b1e4ed04ac39ec3
soundalias,#vox_sentinel_los_first_plr_2_0
soundalias,#vox_m_quest_cat_sentinel_plr_2_2
soundalias,#vox_blac_exert_burn_dmg
soundalias,#wpn_scepter_melee_impact_plr
soundalias,#hash_6b45ce1c6599b410
soundalias,#vox_chakram_level_3_plr_2_0
soundalias,#vox_chakram_level_3_plr_2_1
soundalias,#vox_chakram_level_3_plr_2_2
soundalias,#hash_6b56372df0bdb444
soundalias,#vox_blightfather_react_plr_2_4
soundalias,#vox_blightfather_react_plr_2_0
soundalias,#vox_blightfather_react_plr_2_1
soundalias,#vox_blightfather_react_plr_2_2
soundalias,#vox_blightfather_react_plr_2_3
soundalias,#vox_scar_kill_streak_plr_3_2
soundalias,#vox_scar_kill_streak_plr_3_3
soundalias,#vox_scar_kill_streak_plr_3_1
soundalias,#vox_scar_kill_streak_plr_3_4
soundalias,#fly_splash_npc
soundalias,#fly_reload_cloth_med
soundalias,#hash_6bae336584399f4d
soundalias,#wpn_viper_melee_swing_npc
soundalias,#fly_melee_imp_scepter_npc_wood
soundalias,#hash_6be095a90990e0ee
soundalias,#hash_6be991aa330022ca
soundalias,#vox_plasma_react_plr_4_0
soundalias,#vox_radiant_scream_react_plr_4_1
soundalias,#vox_radiant_scream_react_plr_4_0
soundalias,#vox_radiant_scream_react_plr_4_3
soundalias,#vox_radiant_scream_react_plr_4_2
soundalias,#vox_radiant_scream_react_plr_4_4
soundalias,#fly_step_crouch_run_zdog_foliage
soundalias,#fly_wpn_gear_rattle_low
soundalias,#hash_6c070e9cd866f23a
soundalias,#vox_hammer_ready_plr_1_1
soundalias,#vox_hammer_ready_plr_1_0
soundalias,#vox_hammer_ready_plr_1_2
soundalias,#vox_solo_game_start_plr_1_0
soundalias,#fly_melee_imp_scepter_npc_metalcar
soundalias,#hash_6c226df4d604ed59
soundalias,#zmb_eyeball_idle_loop_close
soundalias,#vox_tedd_exert_self_heal
soundalias,#vox_plr_4_exert_sniper_exhale
soundalias,#fly_melee_imp_hammer_npc_wood
soundalias,#vox_perk_generic_plr_2_11
soundalias,#vox_perk_generic_plr_2_10
soundalias,#vox_perk_generic_plr_2_13
soundalias,#vox_perk_generic_plr_2_12
soundalias,#vox_perk_generic_plr_2_15
soundalias,#vox_perk_generic_plr_2_14
soundalias,#zmb_switch_flip_trap
soundalias,#zmb_switch_flip_trap_alarm
soundalias,#wpn_melee_foley_swt
soundalias,#hash_6c691e2e2cedcde8
soundalias,#hash_6c69202e2cedd14e
soundalias,#hash_6c69212e2cedd301
soundalias,#amb_roach_skitter
soundalias,#fly_step_crouch_walk_zdog_paintedmetal
soundalias,#vox_bop5_exert_concuss
soundalias,#hash_6c9192b5b34e83a7
soundalias,#vox_2_banter_brun_scar_plr_2_0
soundalias,#vox_bop5_exert_electro
soundalias,#hash_6cb84427412463d9
soundalias,#hash_6cea60c7eda4bc0a
soundalias,#zmb_vocals_stoker_spawn
soundalias,#zmb_vocals_hellhound_ambient
soundalias,#hash_6d0bcd77a8ec36fe
soundalias,#fly_bump_piano
soundalias,#hash_6d435ee95dcdbd88
soundalias,#vox_bop1_exert_rad_end
soundalias,#vox_safe_unlock_plr_1_0
soundalias,#vox_viper_dragon_ready_plr_1_1
soundalias,#vox_viper_dragon_ready_plr_1_0
soundalias,#vox_viper_dragon_ready_plr_1_2
soundalias,#hash_6d66dabb2eb19908
soundalias,#hash_6d6731a1c9da7371
soundalias,#hash_6d68a67b215a1a67
soundalias,#fly_step_prone_zdog_dirt
soundalias,#vox_bop3_exert_death_fall
soundalias,#hash_6d7662469653fa3a
soundalias,#fly_bowie_impact_player
soundalias,#vox_bop2_exert_bludgeoned
soundalias,#vox_plr_4_exert_rad_start
soundalias,#hash_6da145d367ec64b2
soundalias,#vox_kill_arnie_plr_1_4
soundalias,#vox_kill_arnie_plr_1_1
soundalias,#vox_kill_arnie_plr_1_0
soundalias,#vox_kill_arnie_plr_1_3
soundalias,#vox_kill_arnie_plr_1_2
soundalias,#fly_step_crouch_run_zdog_plastic
soundalias,#fly_generic_raise_med_plr
soundalias,#vox_distillation_kit_build_plr_4_0
soundalias,#fly_step_crouch_run_zdog_plaster
soundalias,#fly_generic_pickup_npc
soundalias,#vox_bop4_exert_punch_take
soundalias,#fly_step_mattress_plr
soundalias,#vox_shaw_kill_headshot_plr_1_2
soundalias,#vox_shaw_kill_headshot_plr_1_3
soundalias,#vox_shaw_kill_headshot_plr_1_0
soundalias,#vox_shaw_kill_headshot_plr_1_1
soundalias,#vox_shaw_kill_headshot_plr_1_4
soundalias,#hash_6dfa4854873e2e9e
soundalias,#hash_6dfc68e5f7739824
soundalias,#fly_step_crouch_walk_zdog_glass
soundalias,#wpn_chakram_melee_npc
soundalias,#vox_stoker_react_first_plr_4_0
soundalias,#vox_revive_support_dieg_plr_1_2
soundalias,#vox_revive_support_dieg_plr_1_3
soundalias,#vox_revive_support_dieg_plr_1_0
soundalias,#vox_revive_support_dieg_plr_1_1
soundalias,#vox_revive_support_dieg_plr_1_4
soundalias,#fly_step_crouch_run_zdog_metalthin
soundalias,#hash_6e67e59759b21e8e
soundalias,#hash_6e6f0998af127ebe
soundalias,#hash_6e6f34dac427c4ee
soundalias,#amb_iceberg_cracking_loop
soundalias,#hash_6e7fd9b0bfac7a83
soundalias,#hash_6e7fdcb0bfac7f9c
soundalias,#hash_6e7fddb0bfac814f
soundalias,#hash_6e7fdeb0bfac8302
soundalias,#hash_6e7fdfb0bfac84b5
soundalias,#hash_6e82d29731eccdca
soundalias,#vox_purity_react_plr_4_0
soundalias,#vox_engine_room_enter_plr_4_0
soundalias,#vox_blac_exert_burn_dead
soundalias,#fly_golden_knife_first_raise_npc
soundalias,#hash_6ecc12171d70a788
soundalias,#vox_bop1_exert_pain
soundalias,#zmb_eyeball_death_flux_l
soundalias,#zmb_eyeball_death_flux_r
soundalias,#fly_melee_imp_chakram_npc_metal
soundalias,#hash_6f3539d2ca988304
soundalias,#vox_bop1_exert_mant_heavy
soundalias,#hash_6f4aafb91ebfc7b1
soundalias,#vox_bof3_exert_rad_dmg
soundalias,#vox_plr_2_exert_electro
soundalias,#vox_hammer_level_3_plr_4_1
soundalias,#vox_hammer_level_3_plr_4_0
soundalias,#vox_hammer_level_3_plr_4_2
soundalias,#vox_plr_4_exert_rad_dmg
soundalias,#vox_viper_kill_plr_4_1
soundalias,#vox_viper_kill_plr_4_0
soundalias,#vox_viper_kill_plr_4_3
soundalias,#vox_viper_kill_plr_4_2
soundalias,#vox_viper_kill_plr_4_4
soundalias,#hash_6f996fab1ab57b28
soundalias,#hash_6fa6fc673cdcf645
soundalias,#vox_bop5_exert_underwater_air_low
soundalias,#zmb_monkey_anim_key
soundalias,#wpn_bowie_whoosh_npc
soundalias,#hash_6fb40c282f08edc4
soundalias,#vox_bop1_exert_sniper_exhale
soundalias,#hash_6fd0739f355c5220
soundalias,#hash_6fd9a2d043b80b4c
soundalias,#fly_step_crouch_walk_zdog_glasscar
soundalias,#vox_bop3_exert_gas_gag
soundalias,#fly_melee_swipealt_knife
soundalias,#hash_7007602a9c1e2b84
soundalias,#hash_7026c261624e7880
soundalias,#vox_bop1_exert_explo_dead
soundalias,#fly_step_sprint_zdog_dirt
soundalias,#vox_vomit_knife_attack_plr_1_4
soundalias,#vox_vomit_knife_attack_plr_1_1
soundalias,#vox_vomit_knife_attack_plr_1_0
soundalias,#vox_vomit_knife_attack_plr_1_3
soundalias,#vox_vomit_knife_attack_plr_1_2
soundalias,#vox_powerup_nuke_plr_2_0
soundalias,#vox_powerup_nuke_plr_2_1
soundalias,#vox_powerup_nuke_plr_2_2
soundalias,#vox_powerup_nuke_plr_2_3
soundalias,#vox_powerup_nuke_plr_2_4
soundalias,#vox_brun_kill_headshot_plr_3_4
soundalias,#vox_brun_kill_headshot_plr_3_0
soundalias,#vox_brun_kill_headshot_plr_3_1
soundalias,#vox_brun_kill_headshot_plr_3_2
soundalias,#vox_brun_kill_headshot_plr_3_3
soundalias,#hash_704a9f09fe3a48c2
soundalias,#hash_704d2194aebad26f
soundalias,#vox_nomoney_generic_plr_4_1
soundalias,#vox_nomoney_generic_plr_4_0
soundalias,#vox_nomoney_generic_plr_4_3
soundalias,#vox_nomoney_generic_plr_4_2
soundalias,#vox_nomoney_generic_plr_4_4
soundalias,#hash_707a0e2ff93b63e5
soundalias,#vox_box_shotgun_plr_2_2
soundalias,#vox_box_shotgun_plr_2_3
soundalias,#vox_box_shotgun_plr_2_0
soundalias,#vox_box_shotgun_plr_2_1
soundalias,#vox_box_shotgun_plr_2_4
soundalias,#vox_blac_exert_bludgeoned
soundalias,#fly_melee_imp_scepter_glass
soundalias,#hash_70a9f8e3356769f8
soundalias,#amb_front_torture
soundalias,#mus_frozen_intro
soundalias,#vox_powerup_carpenter_plr_2_4
soundalias,#vox_powerup_carpenter_plr_2_3
soundalias,#vox_powerup_carpenter_plr_2_2
soundalias,#vox_powerup_carpenter_plr_2_1
soundalias,#vox_powerup_carpenter_plr_2_0
soundalias,#hash_70cbedeca3e90f7f
soundalias,#fly_mag_pouch_pat
soundalias,#hash_70d7722a1c750245
soundalias,#hash_70debef2ec3977e9
soundalias,#fly_combat_knife_taunt_npc
soundalias,#hash_70efc268d0becb47
soundalias,#vox_plr_1_exert_death
soundalias,#hash_7107f284f1253b19
soundalias,#vox_bop2_exert_death_veh_hit
soundalias,#vox_fast_travel_end_plr_3_0
soundalias,#vox_fast_travel_end_plr_3_1
soundalias,#vox_fast_travel_end_plr_3_2
soundalias,#vox_fast_travel_end_plr_3_3
soundalias,#vox_fast_travel_end_plr_3_4
soundalias,#vox_crawler_los_plr_3_0
soundalias,#vox_crawler_los_plr_3_1
soundalias,#vox_crawler_los_plr_3_2
soundalias,#vox_crawler_los_plr_3_3
soundalias,#vox_crawler_los_plr_3_4
soundalias,#vox_bop4_exert_death_veh_fly
soundalias,#vox_shield_upgrade_pick_up_plr_3_0
soundalias,#hash_713c76249f9c3c8d
soundalias,#fly_step_run_zdog_foliage
soundalias,#vox_blac_exert_electro
soundalias,#vox_pap_pickup_plr_1_1
soundalias,#vox_pap_pickup_plr_1_0
soundalias,#vox_pap_pickup_plr_1_3
soundalias,#vox_pap_pickup_plr_1_2
soundalias,#vox_pap_pickup_plr_1_5
soundalias,#vox_pap_pickup_plr_1_4
soundalias,#vox_plr_2_exert_underwater_emerge_gasp
soundalias,#fly_step_walk_zdog_bark
soundalias,#hash_719775c44cc7a0b2
soundalias,#hash_71b1fc8d67ee8cea
soundalias,#hash_71b1fd8d67ee8e9d
soundalias,#hash_71b4f4a4b5319f41
soundalias,#hash_71b6579783254a73
soundalias,#vox_plr_2_exert_concuss
soundalias,#hash_71ce79fa273d0933
soundalias,#vox_pickup_rocketshield_plr_3_2
soundalias,#vox_pickup_rocketshield_plr_3_1
soundalias,#vox_pickup_rocketshield_plr_3_0
soundalias,#fly_step_sprint_zdog_rubber
soundalias,#hash_71f3890a021e8f4c
soundalias,#hash_71f38a0a021e90ff
soundalias,#hash_71f38b0a021e92b2
soundalias,#zmb_eyeball_leave_lfe
soundalias,#hash_71fa2657f5fd0bfd
soundalias,#hash_7204b092c976136b
soundalias,#vox_bop3_exert_mant_heavy
soundalias,#wpn_hammer_melee_npc
soundalias,#vox_chakram_kill_mult_plr_4_4
soundalias,#vox_chakram_kill_mult_plr_4_3
soundalias,#vox_chakram_kill_mult_plr_4_2
soundalias,#vox_chakram_kill_mult_plr_4_1
soundalias,#vox_chakram_kill_mult_plr_4_0
soundalias,#vox_shaw_surrounded_oh_shit_plr_2_0
soundalias,#vox_shaw_surrounded_oh_shit_plr_2_1
soundalias,#vox_shaw_surrounded_oh_shit_plr_2_2
soundalias,#vox_shaw_surrounded_oh_shit_plr_2_3
soundalias,#vox_shaw_surrounded_oh_shit_plr_2_4
soundalias,#fly_generic_pickup_plr
soundalias,#vox_2_banter_dieg_shaw_plr_3_0
soundalias,#wpn_dragon_fire_plr_decay
soundalias,#fly_step_wreckage_plr
soundalias,#wpn_dragon_npc_impact
soundalias,#vox_dining_hall_enter_plr_3_0
soundalias,#hash_729ae56623f13415
soundalias,#wpn_chakram_projectile_bounce
soundalias,#hash_72a60692d8da733e
soundalias,#wpn_homunculus_bounce_default
soundalias,#vox_blightfather_vomit_plr_2_0
soundalias,#vox_blightfather_vomit_plr_2_1
soundalias,#vox_blightfather_vomit_plr_2_2
soundalias,#hash_72d55f9efed16b54
soundalias,#hash_72d5609efed16d07
soundalias,#fly_melee_imp_hammer_npc_riot
soundalias,#vox_ammo_out_plr_1_4
soundalias,#vox_ammo_out_plr_1_0
soundalias,#vox_ammo_out_plr_1_1
soundalias,#vox_ammo_out_plr_1_2
soundalias,#vox_ammo_out_plr_1_3
soundalias,#vox_kill_melee_plr_4_10
soundalias,#fly_generic_raise_shrt_plr
soundalias,#zmb_eyeball_arrive
soundalias,#vox_bop2_exert_burn_dmg
soundalias,#hash_733ab9b8fda8f02b
soundalias,#zmb_pap_arrive
soundalias,#vox_bop2_exert_breath_hurt
soundalias,#fly_melee_swipe_knife
soundalias,#vox_bop4_exert_mant_heavy
soundalias,#vox_fish_reward_comp_plr_3_0
soundalias,#vox_treasure_chest_activate_3_plr_1_0
soundalias,#vox_bop2_exert_stabbed
soundalias,#fly_step_run_zdog_mud
soundalias,#hash_73b893e960d635d7
soundalias,#hash_73dae3c5e1e26cb1
soundalias,#hash_73ddbd7b24625fbc
soundalias,#zmb_hellhound_bolt_lfe
soundalias,#zmb_step8_artifact_lp
soundalias,#hash_73e4c713f1439afb
soundalias,#hash_73ec6520c4125b7b
soundalias,#hash_7402a533a73978ee
soundalias,#hash_7407398a881b41f8
soundalias,#hash_7409dcc0b01a2542
soundalias,#fly_melee_imp_chakram_flesh_npc
soundalias,#vox_plr_1_exert_rad_dmg
soundalias,#vox_m_quest_ambient_change_plr_1_3
soundalias,#vox_blightfather_kill_plr_3_0
soundalias,#vox_blightfather_kill_plr_3_1
soundalias,#vox_blightfather_kill_plr_3_2
soundalias,#vox_blightfather_kill_plr_3_3
soundalias,#vox_blightfather_kill_plr_3_4
soundalias,#hash_743361ea0e37c80d
soundalias,#vox_bop4_exert_rad_dmg
soundalias,#fly_step_crouch_run_zdog_water
soundalias,#zmb_waterdrain_quad_lp_aft
soundalias,#hash_744a0174f2cdc054
soundalias,#vox_3_banter_scar_shaw_plr_1_1
soundalias,#hash_746d160ac4edff81
soundalias,#zmb_vocals_zombie_pain
soundalias,#vox_bof4_exert_rad_dmg
soundalias,#hash_74855cfd5f9acfcf
soundalias,#fly_step_sprint_zdog_metalhollow
soundalias,#vox_viper_dragon_activate_plr_3_1
soundalias,#vox_viper_dragon_activate_plr_3_0
soundalias,#vox_viper_dragon_activate_plr_3_3
soundalias,#vox_viper_dragon_activate_plr_3_2
soundalias,#vox_viper_dragon_activate_plr_3_4
soundalias,#exp_tricannon_standard_lfe
soundalias,#vox_bop5_exert_gas_cough
soundalias,#fly_step_foliage_npc
soundalias,#vox_plr_2_exert_gas_gag
soundalias,#vox_bop1_exert_punch_give
soundalias,#vox_hammer_level_2_plr_3_2
soundalias,#vox_hammer_level_2_plr_3_1
soundalias,#vox_hammer_level_2_plr_3_0
soundalias,#wpn_rgun_flux_r_npc
soundalias,#fly_step_prone_zdog_metalcar
soundalias,#vox_bop1_exert_rad_dmg
soundalias,#hash_7519aa807bfee90f
soundalias,#hash_75293eef8309156d
soundalias,#hash_752c91f0ab47d7eb
soundalias,#vox_door_open_first_plr_1_0
soundalias,#fly_step_crouch_run_zdog_metalcar
soundalias,#zmb_monkey_anim_raise
soundalias,#vox_bop3_exert_gas_gasp
soundalias,#vox_powerup_insta_plr_1_4
soundalias,#vox_powerup_insta_plr_1_1
soundalias,#vox_powerup_insta_plr_1_0
soundalias,#vox_powerup_insta_plr_1_3
soundalias,#vox_powerup_insta_plr_1_2
soundalias,#vox_berths_enter_plr_4_0
soundalias,#vox_2_banter_brun_shaw_plr_4_1
soundalias,#pfx_water_on_metal
soundalias,#hash_75b523ba694eea96
soundalias,#zmb_sentinel_artifact_activate
soundalias,#vox_plr_4_exert_death_veh_under
soundalias,#vox_blac_exert_rad_end
soundalias,#vox_bop3_exert_explo_dead
soundalias,#vox_box_smg_plr_4_4
soundalias,#vox_box_smg_plr_4_1
soundalias,#vox_box_smg_plr_4_0
soundalias,#vox_box_smg_plr_4_3
soundalias,#vox_box_smg_plr_4_2
soundalias,#vox_plr_2_exert_mant_heavy
soundalias,#hash_75e91bf08cd631e8
soundalias,#vox_sentinel_los_first_plr_1_0
soundalias,#vox_chakram_level_3_plr_1_2
soundalias,#vox_chakram_level_3_plr_1_1
soundalias,#vox_chakram_level_3_plr_1_0
soundalias,#vox_box_sniper_plr_1_0
soundalias,#vox_box_sniper_plr_1_1
soundalias,#vox_box_sniper_plr_1_2
soundalias,#vox_box_sniper_plr_1_3
soundalias,#vox_box_sniper_plr_1_4
soundalias,#vox_bop4_exert_underwater_air_low
soundalias,#vox_blightfather_react_plr_1_3
soundalias,#vox_blightfather_react_plr_1_2
soundalias,#vox_blightfather_react_plr_1_1
soundalias,#vox_blightfather_react_plr_1_0
soundalias,#vox_blightfather_react_plr_1_4
soundalias,#vox_scar_kill_streak_plr_4_1
soundalias,#vox_scar_kill_streak_plr_4_0
soundalias,#vox_scar_kill_streak_plr_4_3
soundalias,#vox_scar_kill_streak_plr_4_2
soundalias,#vox_scar_kill_streak_plr_4_4
soundalias,#vox_plr_2_exert_explo_dead
soundalias,#hash_7629232832113319
soundalias,#vox_5_banter_brun_scar_plr_2_0
soundalias,#wpn_scepter_plant_lp_center
soundalias,#wpn_smg_dryfire_plr
soundalias,#hash_769f75d14373cb9c
soundalias,#vox_ee_diary_brun_dieg_plr_3_8
soundalias,#vox_ee_diary_brun_dieg_plr_3_6
soundalias,#vox_ee_diary_brun_dieg_plr_3_4
soundalias,#vox_ee_diary_brun_dieg_plr_3_2
soundalias,#vox_ee_diary_brun_dieg_plr_3_0
soundalias,#hash_76bded91fe710f3d
soundalias,#zmb_waterdrain_quad_end_aft
soundalias,#vox_1_banter_dieg_scar_plr_1_1
soundalias,#zmb_hellhound_spawn_flux_l
soundalias,#zmb_hellhound_spawn_flux_r
soundalias,#fly_step_crouch_walk_zdog_plaster
soundalias,#vox_ammo_low_plr_1_2
soundalias,#vox_ammo_low_plr_1_3
soundalias,#vox_ammo_low_plr_1_0
soundalias,#vox_ammo_low_plr_1_1
soundalias,#vox_ammo_low_plr_1_4
soundalias,#wpn_viper_bite_start
soundalias,#fly_melee_lungealt_player_knife
soundalias,#fly_step_crouch_walk_zdog_plastic
soundalias,#fly_step_sprint_zdog_ceramic
soundalias,#wpn_rgun_fire_act_npc
soundalias,#vox_chakram_activate_plr_2_4
soundalias,#vox_chakram_activate_plr_2_1
soundalias,#vox_chakram_activate_plr_2_0
soundalias,#vox_chakram_activate_plr_2_3
soundalias,#vox_chakram_activate_plr_2_2
soundalias,#wpn_hammer_melee_impact
soundalias,#fly_riotshield_zm_impact_zombies
soundalias,#zmb_cha_ching_loud
soundalias,#hash_7765d1851dbc8108
soundalias,#hash_77675a71f617dbd1
soundalias,#vox_plr_2_exert_punch_give
soundalias,#vox_blac_exert_punch_give
soundalias,#vox_powerup_nuke_plr_1_3
soundalias,#vox_powerup_nuke_plr_1_2
soundalias,#vox_powerup_nuke_plr_1_1
soundalias,#vox_powerup_nuke_plr_1_0
soundalias,#vox_shaw_kill_streak_plr_2_1
soundalias,#vox_shaw_kill_streak_plr_2_0
soundalias,#vox_shaw_kill_streak_plr_2_3
soundalias,#vox_shaw_kill_streak_plr_2_2
soundalias,#vox_shaw_kill_streak_plr_2_4
soundalias,#vox_distillation_kit_build_plr_3_0
soundalias,#zmb_cha_ching
soundalias,#vox_shield_upgrade_pick_up_plr_2_0
soundalias,#vox_plr_3_exert_burn_dead
soundalias,#hash_77be2df5180465a2
soundalias,#vox_blac_exert_self_heal
soundalias,#fly_step_prone_zdog_ceramic
soundalias,#zmb_flare_launch_firework_swt
soundalias,#fly_step_crouch_walk_zdog_wood
soundalias,#vox_zombie_react_first_plr_4_0
soundalias,#fly_melee_imp_hammer_plastic
soundalias,#wpn_hammer_jab_npc
soundalias,#vox_2_banter_dieg_scar_plr_1_0
soundalias,#fly_step_walk_zdog_metalthin
soundalias,#zmb_eyeball_swrath_charge_lfe
soundalias,#hash_782ad42c87c1e6a8
soundalias,#vox_bop3_exert_concuss
soundalias,#wpn_bowie_whoosh_plr
soundalias,#fly_melee_imp_chakram_wood
soundalias,#fly_step_crouch_run_zdog_snow
soundalias,#hash_785ac4e15d8585c4
soundalias,#fly_step_walk_zdog_cushion
soundalias,#hash_785c5e94f2e23b48
soundalias,#vox_ee_diary_order_leader_dlea_0
soundalias,#hash_78693e0a0527e11b
soundalias,#hash_78693f0a0527e2ce
soundalias,#hash_7869400a0527e481
soundalias,#vox_decay_gas_react_plr_3_4
soundalias,#vox_decay_gas_react_plr_3_3
soundalias,#vox_decay_gas_react_plr_3_2
soundalias,#vox_decay_gas_react_plr_3_1
soundalias,#vox_decay_gas_react_plr_3_0
soundalias,#hash_788242aad7df6e21
soundalias,#hash_788f7c89f5ab521f
soundalias,#wpn_scepter_sheathe_npc
soundalias,#mus_tutorial_gameover_intro
soundalias,#hash_78a2cf5f2fd959c2
soundalias,#vox_box_arnie_plr_4_5
soundalias,#vox_box_arnie_plr_4_4
soundalias,#vox_box_arnie_plr_4_1
soundalias,#vox_box_arnie_plr_4_0
soundalias,#vox_box_arnie_plr_4_3
soundalias,#vox_box_arnie_plr_4_2
soundalias,#mus_boss_2_intro
soundalias,#hash_790cf44c557ebd96
soundalias,#hash_790e26e42381271d
soundalias,#hash_791cd998c9d4782b
soundalias,#hash_7926daaf052fa6b9
soundalias,#vox_pickup_rocketshield_plr_2_2
soundalias,#vox_pickup_rocketshield_plr_2_0
soundalias,#vox_pickup_rocketshield_plr_2_1
soundalias,#hash_792d0d49a93ca1a3
soundalias,#hash_792f64fc5493af58
soundalias,#wpn_chakram_melee_impact_swt_victim
soundalias,#vox_bop1_exert_death
soundalias,#hash_7959a94c336f0b27
soundalias,#hash_796eb7b81c5b3fdb
soundalias,#hash_797bb8ac11645016
soundalias,#fly_spoon_first_raise_npc
soundalias,#vox_altar_interact_first_plr_1_0
soundalias,#wpn_ray_reload_battery_out
soundalias,#zmb_hellhound_bolt
soundalias,#zmb_vocals_zombie_ambient
soundalias,#vox_viper_level_3_plr_4_1
soundalias,#vox_viper_level_3_plr_4_0
soundalias,#vox_viper_level_3_plr_4_2
soundalias,#vox_kill_revenge_plr_1_0
soundalias,#vox_kill_revenge_plr_1_1
soundalias,#vox_kill_revenge_plr_1_2
soundalias,#vox_kill_revenge_plr_1_3
soundalias,#vox_kill_revenge_plr_1_4
soundalias,#vox_kill_revenge_plr_1_5
soundalias,#vox_kill_revenge_plr_1_6
soundalias,#vox_kill_revenge_plr_1_7
soundalias,#vox_kill_revenge_plr_1_8
soundalias,#vox_kill_revenge_plr_1_9
soundalias,#vox_pap_wait_plr_1_2
soundalias,#vox_pap_wait_plr_1_3
soundalias,#vox_pap_wait_plr_1_0
soundalias,#vox_pap_wait_plr_1_1
soundalias,#vox_pap_wait_plr_1_4
soundalias,#vox_blightfather_vomit_plr_1_2
soundalias,#vox_blightfather_vomit_plr_1_1
soundalias,#vox_blightfather_vomit_plr_1_0
soundalias,#fly_step_prone_zdog_grass
soundalias,#fly_melee_imp_scepter_npc
soundalias,#vox_lounge_enter_plr_1_0
soundalias,#wpn_hammer_slam_elec_plr
soundalias,#hash_7a35b16565c8d600
soundalias,#hash_7a35b56565c8dccc
soundalias,#hash_7a35b66565c8de7f
soundalias,#hash_7a35b76565c8e032
soundalias,#hash_7a35b86565c8e1e5
soundalias,#vox_ammo_out_plr_2_3
soundalias,#vox_ammo_out_plr_2_2
soundalias,#vox_ammo_out_plr_2_1
soundalias,#vox_ammo_out_plr_2_0
soundalias,#vox_ammo_out_plr_2_4
soundalias,#hash_7a3f19159dc3aaf1
soundalias,#vox_scar_surrounded_oh_shit_plr_3_4
soundalias,#vox_scar_surrounded_oh_shit_plr_3_3
soundalias,#vox_scar_surrounded_oh_shit_plr_3_2
soundalias,#vox_scar_surrounded_oh_shit_plr_3_1
soundalias,#vox_scar_surrounded_oh_shit_plr_3_0
soundalias,#wpn_viper_bite_activate_plr
soundalias,#vox_plr_4_exert_rad_end
soundalias,#hash_7a9ff8dcf14fb758
soundalias,#hash_7a9ff9dcf14fb90b
soundalias,#hash_7a9ffadcf14fbabe
soundalias,#hash_7a9ffbdcf14fbc71
soundalias,#hash_7aa05778ada10163
soundalias,#hash_7aace930793493ef
soundalias,#wpn_viper_melee_impact_swt
soundalias,#fly_mag_velcrp_rip
soundalias,#vox_bop3_exert_breath_hurt
soundalias,#hash_7ae95cf38425ba82
soundalias,#vox_perk_generic_plr_4_8
soundalias,#vox_perk_generic_plr_4_9
soundalias,#vox_perk_generic_plr_4_0
soundalias,#vox_perk_generic_plr_4_1
soundalias,#vox_perk_generic_plr_4_2
soundalias,#vox_perk_generic_plr_4_3
soundalias,#vox_perk_generic_plr_4_4
soundalias,#vox_perk_generic_plr_4_5
soundalias,#vox_perk_generic_plr_4_6
soundalias,#vox_perk_generic_plr_4_7
soundalias,#vox_viper_dragon_activate_plr_2_0
soundalias,#vox_viper_dragon_activate_plr_2_1
soundalias,#vox_viper_dragon_activate_plr_2_2
soundalias,#vox_viper_dragon_activate_plr_2_3
soundalias,#vox_viper_dragon_activate_plr_2_4
soundalias,#fly_step_prone_zdog_asphalt
soundalias,#wpn_hammer_melee_elec_npc
soundalias,#fly_step_sprint_zdog_sand
soundalias,#hash_7b569d241e9c29aa
soundalias,#fly_melee_imp_hammer_npc_glass
soundalias,#vox_destroy_rocketshield_plr_3_2
soundalias,#vox_destroy_rocketshield_plr_3_1
soundalias,#vox_destroy_rocketshield_plr_3_0
soundalias,#vox_powerup_carpenter_plr_3_2
soundalias,#vox_powerup_carpenter_plr_3_3
soundalias,#vox_powerup_carpenter_plr_3_0
soundalias,#vox_powerup_carpenter_plr_3_1
soundalias,#hash_7b8ddcc3ac603349
soundalias,#vox_ee_diary_scar_shaw_plr_1_7
soundalias,#vox_ee_diary_scar_shaw_plr_1_5
soundalias,#vox_ee_diary_scar_shaw_plr_1_3
soundalias,#vox_ee_diary_scar_shaw_plr_1_1
soundalias,#vox_ee_diary_scar_shaw_plr_1_9
soundalias,#hash_7b9fa028bcc51f4c
soundalias,#hash_7b9fec388654f2b5
soundalias,#hash_7ba3efc9f7327ec4
soundalias,#hash_7ba6b613164a34f4
soundalias,#hash_7bb3349ac11750e5
soundalias,#vox_plr_3_exert_underwater_air_low
soundalias,#vox_treasure_chest_activate_3_plr_2_0
soundalias,#hash_7bb9f96a13de9eba
soundalias,#hash_7bc20381f7011997
soundalias,#hash_7bc6c78f3cf8d7da
soundalias,#vox_bop4_exert_rad_start
soundalias,#mus_zodt8_roundstart_1_intro
soundalias,#zmb_iceberg_explo
soundalias,#vox_bom4_exert_rad_start
soundalias,#wpn_homunculus_raise_plr
soundalias,#vox_gib_zombie_plr_4_5
soundalias,#vox_gib_zombie_plr_4_4
soundalias,#vox_gib_zombie_plr_4_1
soundalias,#vox_gib_zombie_plr_4_0
soundalias,#vox_gib_zombie_plr_4_3
soundalias,#vox_gib_zombie_plr_4_2
soundalias,#vox_shaw_surrounded_oh_shit_plr_1_2
soundalias,#vox_shaw_surrounded_oh_shit_plr_1_1
soundalias,#vox_shaw_surrounded_oh_shit_plr_1_0
soundalias,#wpn_chakram_melee_impact_plr
soundalias,#zmb_fish_fall
soundalias,#vox_bof4_exert_rad_end
soundalias,#zmb_eyeball_death_lfe
soundalias,#hash_7c4e89429c24b4bd
soundalias,#vox_dining_hall_enter_plr_2_0
soundalias,#wpn_optic_zoom_in
soundalias,#vox_m_quest_cat_sentinel_plr_4_3
soundalias,#wpn_scepter_plant_activate_plr
soundalias,#hash_7c6b06941557e340
soundalias,#hash_7c7a276d99080b4a
soundalias,#fly_golden_spork_first_raise_npc
soundalias,#wpn_chakram_projectile_throw_npc
soundalias,#hash_7c91fa775c8a0134
soundalias,#zmb_eyeball_death
soundalias,#hash_7ca5eeb8da95b2af
soundalias,#vox_blac_exert_rad_dmg
soundalias,#zmb_flare_launch
soundalias,#fly_melee_imp_galva_npc_plastic
soundalias,#vox_chakram_ready_plr_2_1
soundalias,#vox_chakram_ready_plr_2_0
soundalias,#vox_chakram_ready_plr_2_2
soundalias,#hash_7ce448667e05b481
soundalias,#vox_hammer_level_2_plr_2_2
soundalias,#vox_hammer_level_2_plr_2_0
soundalias,#vox_hammer_level_2_plr_2_1
soundalias,#hash_7d11219a263cf6b4
soundalias,#hash_7d19d9182d33787a
soundalias,#hash_7d2285e610794ffa
soundalias,#hash_7d2527b8d4294bec
soundalias,#hash_7d298f01978af1c5
soundalias,#vox_ee_diary_brun_dieg_plr_2_7
soundalias,#vox_ee_diary_brun_dieg_plr_2_5
soundalias,#vox_ee_diary_brun_dieg_plr_2_3
soundalias,#vox_ee_diary_brun_dieg_plr_2_1
soundalias,#vox_ee_diary_brun_dieg_plr_2_9
soundalias,#zmb_vocals_hellhound_close
soundalias,#vox_hammer_ready_plr_3_2
soundalias,#vox_hammer_ready_plr_3_1
soundalias,#vox_hammer_ready_plr_3_0
soundalias,#vox_box_interact_first_plr_1_0
soundalias,#vox_box_sniper_plr_2_4
soundalias,#vox_box_sniper_plr_2_3
soundalias,#vox_box_sniper_plr_2_2
soundalias,#vox_box_sniper_plr_2_1
soundalias,#vox_box_sniper_plr_2_0
soundalias,#vox_kill_wonder_plr_4_8
soundalias,#vox_kill_wonder_plr_4_2
soundalias,#vox_kill_wonder_plr_4_3
soundalias,#vox_kill_wonder_plr_4_0
soundalias,#vox_kill_wonder_plr_4_1
soundalias,#vox_kill_wonder_plr_4_6
soundalias,#vox_kill_wonder_plr_4_7
soundalias,#vox_kill_wonder_plr_4_4
soundalias,#vox_kill_wonder_plr_4_5
soundalias,#vox_plr_4_exert_gas_gasp
soundalias,#hash_7d57e8643f403794
soundalias,#zmb_magicbox_leave_2d
soundalias,#wpn_viper_bite_activate_npc_lfe
soundalias,#vox_plr_3_exert_breath_hurt
soundalias,#hash_7da4f54a7e06208b
soundalias,#fly_step_crouch_walk_zdog_ceramic
soundalias,#vox_bop2_exert_underwater_emerge_gasp
soundalias,#hash_7dbe54dbc8709530
soundalias,#amb_exterior_creak
soundalias,#vox_plr_4_exert_razor_wire
soundalias,#mus_zodt8_roundend_2_intro
soundalias,#hash_7e0bcff9cf221f89
soundalias,#hash_7e0e4a1fb470d18f
soundalias,#hash_7e123854b98405a4
soundalias,#vox_bop3_exert_sniper_hold
soundalias,#vox_fish_reward_comp_plr_2_0
soundalias,#vox_4_banter_brun_dieg_plr_2_1
soundalias,#hash_7e3f37003051a94c
soundalias,#hash_7e4a7312ab58161e
soundalias,#fly_step_walk_zdog_rubber
soundalias,#vox_bop2_exert_burn_dead
soundalias,#vox_viper_dragon_ready_plr_3_2
soundalias,#vox_viper_dragon_ready_plr_3_1
soundalias,#vox_viper_dragon_ready_plr_3_0
soundalias,#zmb_hellhound_spirit
soundalias,#hash_7e92747b2b06ceb1
soundalias,#zmb_step8_artifact_activate
soundalias,#hash_7eab2f25cd2d5c0c
soundalias,#mus_location_dining_room_intro
soundalias,#vox_kill_arnie_plr_3_3
soundalias,#vox_kill_arnie_plr_3_2
soundalias,#vox_kill_arnie_plr_3_1
soundalias,#vox_kill_arnie_plr_3_0
soundalias,#vox_kill_arnie_plr_3_4
soundalias,#wpn_revolver_dryfire_plr
soundalias,#hash_7ed9d6bbddcec39a
soundalias,#vox_distillation_kit_build_plr_2_0
soundalias,#wpn_chakram_melee_fx_plr
soundalias,#vox_tedd_exert_gas_cough
soundalias,#fly_step_prone_zdog_tallgrass
soundalias,#fly_melee_imp_scepter_wood
soundalias,#fly_step_sprint_zdog_metalcar
soundalias,#fly_combat_knife_taunt
soundalias,#vox_bop4_exert_rad_end
soundalias,#vox_blac_exert_concuss
soundalias,#vox_bop5_exert_death
soundalias,#vox_stoker_react_first_plr_2_0
soundalias,#hash_7f88771dfcc1a6ad
soundalias,#vox_plr_2_exert_death_veh_hit
soundalias,#vox_bof4_exert_rad_start
soundalias,#hash_7fb087d4eda7e845
soundalias,#vox_fish_retrieve_first_plr_3_0
soundalias,#fly_step_run_zdog_watershallow
soundalias,#hash_7fce3a84b4e750f5
soundalias,#hash_7fd0c2d94aed7612
soundalias,#hash_7fd1c9b8c5fd4b6d
soundalias,#vox_dragon_kill_plr_4_4
soundalias,#vox_dragon_kill_plr_4_0
soundalias,#vox_dragon_kill_plr_4_1
soundalias,#vox_dragon_kill_plr_4_2
soundalias,#vox_dragon_kill_plr_4_3
soundalias,#hash_7ff41417f780afbd
client_fx,#hash_1c763e2ab2eae2d
client_fx,#hash_1d9fd55ec74837c
client_fx,#hash_255bae38528d46b
client_fx,#hash_2a8233f8a1d00e7
client_fx,#zm_ai/fx8_cata_elec_aura
client_fx,#explosions/fx8_exp_grenade_default
client_fx,#hash_33771e94b2c2583
client_fx,#impacts/fx_bul_impact_heavy_head_nonfatal_exit
client_fx,#hash_36845dc0bcec60f
client_fx,#impacts/fx8_bul_impact_default_xlg
client_fx,#impacts/fx8_bul_impact_blood_head_nonfatal
client_fx,#impacts/fx8_bul_impact_robot_limb_nonfatal
client_fx,#impacts/fx8_bul_impact_water_xlg
client_fx,#hash_51099a252cae240
client_fx,#hash_513bca252cd5390
client_fx,#hash_543c3ef76359aee
client_fx,#zm_ai/fx8_stoker_dmg_weak_point
client_fx,#hash_69afd734b3a42e4
client_fx,#hash_6ce60bc4b64e793
client_fx,#hash_70354557d03ed27
client_fx,#impacts/fx8_bul_impact_default_lg
client_fx,#hash_76f4dd1c8162438
client_fx,#hash_76f4ed1c81625eb
client_fx,#hash_76f4fd1c816279e
client_fx,#impacts/fx8_bul_impact_default_sm
client_fx,#fire/fx_fire_ai_human_torso_loop
client_fx,#hash_858ccf87056e9f3
client_fx,#player/fx_plyr_jump_dust_dirt
client_fx,#zm_ai/fx8_stoker_dest_weak_point_exp_generic
client_fx,#hash_90d6010d0fb8a5c
client_fx,#impacts/fx_bul_impact_pwr_armor_lg
client_fx,#weapon/fx8_shellejects_pistol
client_fx,#hash_ae75b80f4484d6a
client_fx,#fire/fx_fire_ai_human_leg_right_loop
client_fx,#hash_b182c132d2321d0
client_fx,#hash_c02fd55105bf590
client_fx,#fire/fx_fire_ai_human_head_loop
client_fx,#zm_ai/fx8_cata_plasma_blast_tell_torso
client_fx,#hash_cc7196a44e2fbe3
client_fx,#hash_cf3c06e4368bbb1
client_fx,#hash_d289c9bdde69fc0
client_fx,#hash_d289d9bdde6a173
client_fx,#hash_d289f9bdde6a4d9
client_fx,#hash_d4cf8fd55a8b48a
client_fx,#hash_d778729ca762c5a
client_fx,#impacts/fx_bul_impact_boss_body_nonfatal_exit
client_fx,#impacts/fx_bul_impact_boss_body_nonfatal
client_fx,#hash_ec6dc3f4ab5794e
client_fx,#hash_f55d5e756744a3c
client_fx,#blood/fx_blood_impact_exp_body_lg
client_fx,#hash_ffe98ef7723c875
client_fx,#explosions/fx8_exp_grenade_wood
client_fx,#hash_108cfc8cc7b79388
client_fx,#hash_1093d48cc7bd6e3e
client_fx,#hash_10adb60a503dfc8d
client_fx,#hash_10cab6f6345be4d8
client_fx,#hash_10fc174d8f84f900
client_fx,#hash_115e70cdac264c7a
client_fx,#explosions/fx_exp_grenade_water_shllw
client_fx,#impacts/fx8_bul_impact_concrete_sm
client_fx,#impacts/fx8_bul_impact_concrete_lg
client_fx,#impacts/fx8_bul_impact_metal_sm
client_fx,#impacts/fx8_bul_impact_metal_lg
client_fx,#impacts/fx8_bul_impact_blood_head_nonfatal_exit
client_fx,#zm_ai/fx8_cata_cor_aura_locked
client_fx,#hash_13b3ca38b1f1aa80
client_fx,#hash_13c3cecd3d059c90
client_fx,#hash_140d0b129306d6bf
client_fx,#zm_ai/fx8_cata_elec_blast
client_fx,#hash_14a03ad75e4665f2
client_fx,#hash_14e5a4fba806168d
client_fx,#hash_1521ce53ec399273
client_fx,#player/fx8_plyr_breath_steam_1p
client_fx,#player/fx8_plyr_breath_steam_3p
client_fx,#hash_15dc4292340f0f1c
client_fx,#hash_166f79b494f2a340
client_fx,#impacts/fx8_bul_impact_gravel_lg
client_fx,#impacts/fx8_bul_impact_gravel_sm
client_fx,#zm_ai/fx8_cata_water_death
client_fx,#impacts/fx8_bul_impact_blood_limb_zm
client_fx,#zm_ai/fx8_stoker_amb_shovel
client_fx,#hash_1899ecdfcd7daa00
client_fx,#tools/fx_null
client_fx,#fire/fx_fire_ai_human_hip_right_loop
client_fx,#impacts/fx8_bul_impact_robot_head_fatal_exit
client_fx,#impacts/fx8_bul_impact_thin_metal_xlg
client_fx,#hash_19e3c1e8ee8e110f
client_fx,#hash_19f390eac78920bb
client_fx,#hash_1a14ad689ef08a0d
client_fx,#hash_1a3f1102ecab4c66
client_fx,#hash_1a3fcc6c808e55eb
client_fx,#impacts/fx8_bul_impact_robot_body_fatal
client_fx,#zm_ai/fx8_stoker_charge_shovel
client_fx,#impacts/fx_bul_impact_boss_body_fatal
client_fx,#hash_1b5b754131008f70
client_fx,#zm_ai/fx8_cata_plasma_aura_head
client_fx,#impacts/fx_bul_impact_heavy_head_fatal
client_fx,#hash_1bdd0dedebd76ddb
client_fx,#weapon/fx8_shellejects_saw
client_fx,#zombie/fx_bul_flesh_head_nochunks_zmb
client_fx,#blood/fx8_blood_cam_gib_spray_zm
client_fx,#hash_1ce1df7fcb3b498d
client_fx,#hash_1d3e1f62e4fd56aa
client_fx,#impacts/fx8_bul_impact_dirt_sm
client_fx,#impacts/fx_bul_impact_armor_head_nonfatal
client_fx,#impacts/fx8_bul_impact_dirt_lg
client_fx,#hash_1e14398c74af3568
client_fx,#hash_1e1a458c74b3b57a
client_fx,#hash_1e3fc11990603f72
client_fx,#impacts/fx_bul_impact_heavy_head_fatal_exit
client_fx,#impacts/fx8_bul_impact_glass_xlg
client_fx,#impacts/fx_bul_impact_armor_head_fatal
client_fx,#player/fx_plyr_land_dust_xlg
client_fx,#weapon/fx_trail_energy_pistol_knockback_emitter
client_fx,#hash_201378189651055d
client_fx,#hash_203548b984de70a4
client_fx,#zm_ai/fx8_blightfather_weakspot_elbow_amb
client_fx,#hash_213b84f5f5775699
client_fx,#weapon/fx_hero_arm_blade_death_sparks
client_fx,#zombie/fx_bul_flesh_neck_spurt_zmb
client_fx,#impacts/fx_bul_impact_blood_body_fatal
client_fx,#hash_21fa3d29a7726119
client_fx,#hash_22014929a778942b
client_fx,#hash_22922c09fc971250
client_fx,#hash_22aac55b4e3e4c42
client_fx,#zombie/fx_ritual_glow_relic_zod_zmb
client_fx,#hash_22f75cff6fc8279b
client_fx,#hash_22f995964a88d0e0
client_fx,#hash_231dd4d8a69cc3b2
client_fx,#hash_237076fa4c20bfe5
client_fx,#hash_237782fa4c26f2f7
client_fx,#impacts/fx8_bul_impact_robot_body_nonfatal_exit
client_fx,#impacts/fx8_bul_impact_blood_limb_fatal_exit
client_fx,#hash_24fc9882ede4f23c
client_fx,#zm_ai/fx8_blightfather_chaos_missle
client_fx,#hash_2543453edaf343d4
client_fx,#hash_259b253edb3d834a
client_fx,#fire/fx_fire_ai_human_arm_right_loop
client_fx,#impacts/fx_bul_impact_blood_head_fatal_exit
client_fx,#zm_ai/fx8_blightfather_vomit_statue_purchase
client_fx,#explosions/fx_exp_grenade_water_surface_deep
client_fx,#impacts/fx_bul_impact_armor_body_fatal
client_fx,#impacts/fx_bul_impact_boss_head_nonfatal_exit
client_fx,#zm_ai/fx8_cata_water_aura
client_fx,#impacts/fx8_bul_impact_metal_xsm
client_fx,#impacts/fx8_bul_impact_metal_xlg
client_fx,#zm_ai/fx8_cata_plasma_aura
client_fx,#hash_28479dabebe445ee
client_fx,#hash_28ad85abec3ad058
client_fx,#hash_28b4c41121ecff3c
client_fx,#hash_28b92cc776e22757
client_fx,#hash_2909be1122353509
client_fx,#impacts/fx8_bul_impact_robot_body_nonfatal
client_fx,#impacts/fx_bul_impact_boss_head_nonfatal
client_fx,#hash_2995f7f9d859901c
client_fx,#hash_2995f9f9d8599382
client_fx,#hash_2995faf9d8599535
client_fx,#destruct/fx_dest_paper
client_fx,#hash_2aabc11b07ad74d8
client_fx,#hash_2aac2efa85bfb786
client_fx,#hash_2add7286bc5c783f
client_fx,#explosions/fx8_exp_grenade_snow
client_fx,#hash_2b2be81e66f5e3ea
client_fx,#hash_2b3411bb90d7ccec
client_fx,#fire/fx_fire_ai_human_leg_left_loop
client_fx,#zm_ai/fx8_blightfather_maggot_death_exp
client_fx,#impacts/fx8_bul_impact_robot_limb_fatal_exit
client_fx,#hash_2e5fd596924c0868
client_fx,#hash_2e65e1969250887a
client_fx,#hash_2ec73246ddf52378
client_fx,#hash_2f27882b95a820fd
client_fx,#impacts/fx_bul_impact_heavy_body_nonfatal_exit
client_fx,#zm_ai/fx8_cata_plasma_transform
client_fx,#hash_3063115f97c18abf
client_fx,#hash_311a865a91014b22
client_fx,#hash_31d142c6e5adc4c7
client_fx,#hash_31dc43b5cf4c60f2
client_fx,#zm_ai/fx8_cata_water_purify
client_fx,#hash_32f753ce767010e4
client_fx,#hash_335feb1d213c22f6
client_fx,#explosions/fx8_exp_grenade_glass
client_fx,#player/fx8_plyr_pstfx_vomit_loop
client_fx,#hash_33ceccba600822bb
client_fx,#hash_33d1bbba600a3baf
client_fx,#hash_33da19858ee59385
client_fx,#impacts/fx8_bul_impact_blood_body_fatal_exit
client_fx,#hash_3432bfde3dbb9593
client_fx,#zm_ai/fx8_cata_cor_mouth
client_fx,#impacts/fx_bul_impact_heavy_body_nonfatal
client_fx,#hash_35345b470c26af97
client_fx,#impacts/fx8_bul_impact_thin_metal_sm
client_fx,#impacts/fx8_bul_impact_thin_metal_lg
client_fx,#hash_35c763bf141fa7c7
client_fx,#hash_366330d81a1a6280
client_fx,#hash_369788360ca4879d
client_fx,#impacts/fx_bul_impact_snow_sm
client_fx,#hash_38cfbdfd6e5ca734
client_fx,#zombie/fx_bul_flesh_head_fatal_zmb
client_fx,#hash_39b325729fc733ae
client_fx,#hash_39d7ae4b883e7e75
client_fx,#zm_ai/fx8_stoker_eye_glow
client_fx,#hash_3a791d490f01f5c7
client_fx,#zm_ai/fx8_blightfather_weakspot_jaw_amb
client_fx,#hash_3becf07fabc7c5ea
client_fx,#impacts/fx8_bul_impact_blood_head_fatal
client_fx,#hash_3c6c231cdb7a2985
client_fx,#hash_3c9948ab313a6483
client_fx,#zm_ai/fx8_stoker_projectile_coal_charge_forearm
client_fx,#zm_ai/fx8_blightfather_vomit
client_fx,#hash_3dc39e433754dac7
client_fx,#hash_3def678deb7f4078
client_fx,#impacts/fx8_bul_impact_blood_limb_nonfatal_exit
client_fx,#zm_weapons/fx8_aat_opposite_exp
client_fx,#hash_3f6350484ab2986b
client_fx,#impacts/fx_bul_impact_armor_body_fatal_exit
client_fx,#impacts/fx8_bul_impact_concrete_xlg
client_fx,#impacts/fx_bul_impact_armor_head_fatal_exit
client_fx,#hash_4144490ff4773f4b
client_fx,#hash_4174a5c725649d80
client_fx,#hash_41b2c270f26faabc
client_fx,#hash_41eac18dc72dac23
client_fx,#hash_43160181273732c9
client_fx,#hash_431dfa76576eb899
client_fx,#zm_ai/fx8_stoker_projectile_coal_charge_bicep
client_fx,#impacts/fx8_bul_impact_blood_body_fatal
client_fx,#impacts/fx8_bul_impact_sand_xlg
client_fx,#hash_43c1ef660bc7d000
client_fx,#hash_43cec289a09441e9
client_fx,#zm_ai/fx8_blightfather_vomit_craft_purchase
client_fx,#hash_454a052cba35b654
client_fx,#impacts/fx_bul_impact_armor_body_nonfatal
client_fx,#hash_464f27bfbf0ce7bf
client_fx,#hash_46ca485ac88b24f7
client_fx,#impacts/fx_bul_impact_heavy_body_fatal_exit
client_fx,#zombie/fx_ritual_barrier_defend_door_wide_zod_zmb
client_fx,#hash_49589e7a69145c44
client_fx,#hash_49589f7a69145df7
client_fx,#hash_4958a07a69145faa
client_fx,#hash_4960d9278d639297
client_fx,#fire/fx8_line_md
client_fx,#hash_4a625ac213d22499
client_fx,#hash_4a9c1296a695eb99
client_fx,#hash_4b047008007a4310
client_fx,#zm_ai/fx8_stoker_dest_weak_point_dynent_arm
client_fx,#hash_4b2ca31f081f59b2
client_fx,#hash_4b4a315f77dd312c
client_fx,#explosions/fx8_exp_grenade_concrete
client_fx,#hash_4b6b503d842bc415
client_fx,#hash_4bf40208439d50d6
client_fx,#impacts/fx8_bul_impact_blood_head_fatal_exit
client_fx,#hash_4c24e997afad36e0
client_fx,#impacts/fx_bul_impact_boss_head_fatal
client_fx,#impacts/fx_bul_impact_robot_body_nonfatal
client_fx,#impacts/fx_bul_impact_heavy_head_nonfatal
client_fx,#hash_4d7b9b72e10c3737
client_fx,#hash_4d91ce766ebeda81
client_fx,#hash_4db3c6766edbb34f
client_fx,#hash_4e1f778a00090080
client_fx,#hash_4e3dc7da8f681079
client_fx,#hash_4e40eada8f6a81c9
client_fx,#hash_4e55cdda8f7cac8c
client_fx,#hash_4e7218bfa9566ef0
client_fx,#impacts/fx_bul_impact_body_armor_lg
client_fx,#impacts/fx_flesh_hit_knife_zmb
client_fx,#hash_4fdb4d96df507bb0
client_fx,#zm_ai/fx8_blightfather_vomit_object
client_fx,#hash_50060cdb19653936
client_fx,#zm_ai/fx8_stoker_projectile_coal_charge_hand
client_fx,#hash_50b3c0e6e329fec0
client_fx,#zm_ai/fx8_cata_elec_elbow_ri
client_fx,#zm_ai/fx8_cata_elec_elbow_le
client_fx,#impacts/fx8_bul_impact_blood_limb_nonfatal
client_fx,#impacts/fx_bul_impact_armor_body_nonfatal_exit
client_fx,#hash_51b8b327522f5495
client_fx,#hash_51ca82e6f2c21354
client_fx,#hash_51d16ee6f2c81006
client_fx,#impacts/fx8_bul_impact_snow_xlg
client_fx,#impacts/fx8_bul_impact_blood_body_nonfatal_exit
client_fx,#hash_53011431a4abc4d0
client_fx,#player/fx_plyr_footstep_dust_dirt
client_fx,#impacts/fx8_bul_impact_robot_limb_fatal
client_fx,#hash_5400356a313e2ec3
client_fx,#hash_547e16d7efb50c04
client_fx,#hash_547e19d7efb5111d
client_fx,#zm_ai/fx8_blightfather_vomit_purchase
client_fx,#hash_5499b7335e68f19c
client_fx,#impacts/fx8_bul_impact_blood_limb_fatal
client_fx,#hash_5508b1d8864ee2d2
client_fx,#impacts/fx8_bul_impact_blood_body_nonfatal_zm
client_fx,#hash_5518be03ef1238bc
client_fx,#impacts/fx8_knife_impact_bone
client_fx,#impacts/fx8_bul_impact_wood_xlg
client_fx,#hash_55a1d3ce6c554a7a
client_fx,#hash_55ea6f0ddba66d44
client_fx,#explosions/fx8_exp_grenade_sand
client_fx,#hash_56e16e07d428fead
client_fx,#hash_57034716c105e41e
client_fx,#impacts/fx_bul_impact_heavy_body_fatal
client_fx,#hash_586445f2c9a8db89
client_fx,#hash_59422cff58693587
client_fx,#hash_59e8f46ce39259a3
client_fx,#explosions/fx8_exp_grenade_mud
client_fx,#impacts/fx8_bul_impact_mud_lg
client_fx,#impacts/fx8_bul_impact_mud_sm
client_fx,#zombie/fx8_power_door_amb_quest
client_fx,#hash_5b964fcf13d4bfe2
client_fx,#hash_5bb00ca9ee658721
client_fx,#hash_5bb2efa9ee678bb1
client_fx,#impacts/fx8_bul_impact_gravel_xlg
client_fx,#zm_ai/fx8_cata_water_footstep
client_fx,#hash_5ce9f224ee5c9c63
client_fx,#impacts/fx8_bul_impact_water_sm
client_fx,#impacts/fx8_bul_impact_water_lg
client_fx,#zm_ai/fx8_blightfather_weakspot_jaw_exp
client_fx,#hash_5e9dff5fcbf30022
client_fx,#hash_5ea23f26c1bebf34
client_fx,#zm_ai/fx8_cata_water_aura_head
client_fx,#hash_5ecea7e9e70fbdb8
client_fx,#explosions/fx_exp_grenade_water
client_fx,#hash_5f247e5ee77f7108
client_fx,#impacts/fx_bul_impact_armor_head_nonfatal_exit
client_fx,#hash_6009053e911b946a
client_fx,#impacts/fx8_bul_impact_robot_head_nonfatal_exit
client_fx,#hash_60a002353670befc
client_fx,#hash_618183433edd91e7
client_fx,#hash_618dd5f64c043c98
client_fx,#zm_ai/fx8_cata_elec_death
client_fx,#weapon/fx8_muz_sm_pistol_3p
client_fx,#weapon/fx8_muz_sm_pistol_1p
client_fx,#impacts/fx8_bul_impact_mud_xlg
client_fx,#player/fx_plyr_jump_dust
client_fx,#fire/fx_fire_ai_human_hip_left_loop
client_fx,#impacts/fx8_bul_impact_glass_sm
client_fx,#zm_ai/fx8_cata_cor_death
client_fx,#impacts/fx8_bul_impact_glass_lg
client_fx,#impacts/fx8_bul_impact_snow_lg
client_fx,#impacts/fx8_bul_impact_snow_sm
client_fx,#impacts/fx8_bul_impact_dirt_xlg
client_fx,#hash_63074eb9d1a1e00c
client_fx,#hash_636c8abf0f7d5df9
client_fx,#zm_ai/fx8_stoker_amb_torso
client_fx,#impacts/fx8_bul_impact_blood_body_nonfatal
client_fx,#hash_641c2257723638c2
client_fx,#hash_643bd3983b610945
client_fx,#zm_ai/fx8_stoker_dest_weak_point_exp_arm
client_fx,#impacts/fx_bul_impact_boss_body_fatal_exit
client_fx,#impacts/fx8_bul_impact_wood_sm
client_fx,#impacts/fx8_bul_impact_wood_lg
client_fx,#zm_ai/fx8_cata_water_purify_trail
client_fx,#hash_6776cc88134ba740
client_fx,#blood/fx_blood_gib_limb_trail
client_fx,#hash_682ef6e33412958e
client_fx,#hash_68cc20f5cb8f2474
client_fx,#zm_ai/fx8_cata_cor_aura
client_fx,#hash_6931b098cb2b2086
client_fx,#impacts/fx8_bul_impact_blood_corpse_nonfatal
client_fx,#hash_6960c898cb52ba10
client_fx,#impacts/fx_bul_impact_blood_head_fatal
client_fx,#hash_6a4aab1f07743349
client_fx,#hash_6a4db7ffc84cf7fc
client_fx,#explosions/fx8_exp_grenade_dirt
client_fx,#hash_6b7912c3c5da87e2
client_fx,#hash_6bb32223711e216c
client_fx,#hash_6c0eb029adb5f6c6
client_fx,#hash_6ce02086fc656138
client_fx,#hash_6d900123df67f4ce
client_fx,#hash_6da8e3354673a4c0
client_fx,#hash_6e1c5dff4d833846
client_fx,#impacts/fx8_knife_impact_blood
client_fx,#zm_ai/fx8_blightfather_weakspot_sack_amb
client_fx,#hash_6e9457d0315fa754
client_fx,#player/fx_plyr_land_dust_dirt_xlg
client_fx,#hash_6f3476832d6aeeff
client_fx,#hash_6f58b2e09fa5be59
client_fx,#hash_706103079a2bdb6d
client_fx,#impacts/fx8_bul_impact_robot_head_nonfatal
client_fx,#impacts/fx8_bul_impact_sand_lg
client_fx,#hash_7111a6031de7ead2
client_fx,#impacts/fx8_bul_impact_sand_sm
client_fx,#hash_71bb15b2425754c2
client_fx,#hash_71fc8c15d53b5fe2
client_fx,#hash_7240c9c35d80dab2
client_fx,#zm_ai/fx8_cata_plasma_blast_tell_head
client_fx,#hash_728126700110e700
client_fx,#hash_7282363a66bd14e2
client_fx,#impacts/fx8_bul_impact_robot_limb_nonfatal_exit
client_fx,#impacts/fx8_bul_impact_blood_body_fatal_zm
client_fx,#fire/fx_fire_ai_human_arm_left_loop
client_fx,#impacts/fx_bul_impact_boss_head_fatal_exit
client_fx,#hash_73a1b4258b95cb4a
client_fx,#player/fx_plyr_footstep_dust
client_fx,#zm_ai/fx8_cata_elec_footstep
client_fx,#hash_74f01ad183c69a5c
client_fx,#hash_74f6f2d183cc7512
client_fx,#hash_74fd337197b421f8
client_fx,#zm_ai/fx8_blightfather_vomit_box_purchase
client_fx,#hash_760ec499ded806ae
client_fx,#hash_762bfc3142f1039c
client_fx,#hash_7665ecbd288a84d7
client_fx,#smoke/fx_smk_explode_md
client_fx,#hash_770af2dde4a0938c
client_fx,#hash_7744a6942b4f8591
client_fx,#hash_7881fc0381feec68
client_fx,#hash_78e1ff082a2b13dc
client_fx,#hash_78e90b082a3146ee
client_fx,#hash_792c9bdd6ccaf244
client_fx,#explosions/fx8_exp_grenade_metal
client_fx,#hash_79e6a5b17f37a908
client_fx,#hash_79ffa4a673f5793b
client_fx,#hash_79ffa5a673f57aee
client_fx,#hash_79ffa6a673f57ca1
client_fx,#zombie/fx_val_chest_burst
client_fx,#hash_7a9f46bccb2a624a
client_fx,#zm_ai/fx8_cata_water_footstep_right
client_fx,#zm_ai/fx8_cata_plasma_blast
client_fx,#hash_7b0086164829ac0f
client_fx,#hash_7b0d80c48289dd0b
client_fx,#hash_7b951deec27b35c1
client_fx,#impacts/fx8_bul_impact_robot_body_fatal_exit
client_fx,#hash_7cced41e0b367ca6
client_fx,#hash_7cd27b4467a7b6f0
client_fx,#hash_7d600aa6483d645b
client_fx,#hash_7d69ee9822b45157
client_fx,#hash_7f0ec9b1b2e75c04
client_fx,#impacts/fx_bul_impact_robot_head_nonfatal
client_fx,#impacts/fx8_bul_impact_robot_head_fatal
client_fx,#hash_7f3bd1e736bb4859
client_fx,#hash_7fb7de4ea65f1b9d
client_fx,#zm_ai/fx8_blightfather_maggot_spawn_burst
client_fx,#hash_7ff11c8ee1217d6f